model_family,gate_type,predictor,gate_sigma,temperature,lambda_sparse,lambda_sample_smooth,seed,run_id,test_cindex,best_val_cindex,best_epoch,mean_Khard,manifold_alignment,gene_union_count,gene_freq_ge_threshold_count,effective_gene_count
LSPIN,lspin_tf,mlp,0.1,0.5,0.0035,0.0,10123,0,0.6511056511056511,0.8322368421052632,10,477.6623840332031,0.9826019519296224,6397.0,1784.0,1884.9301324300125
LSPIN,lspin_tf,mlp,0.1,0.5,0.0035,0.0,10124,1,0.6745290745290745,0.8618421052631579,10,420.1543273925781,0.982463310876892,6351.0,1517.0,1706.930337593798
LSPIN,lspin_tf,mlp,0.1,0.5,0.0035,0.0,10125,2,0.6140868140868141,0.8486842105263158,24,308.151123046875,0.973617548455984,5132.0,1141.0,1347.3536127388318
LSPIN,lspin_tf,mlp,0.1,0.5,0.0035,0.0,10126,3,0.6643734643734643,0.8256578947368421,10,478.7073974609375,0.9839275864113176,5838.0,1817.0,1880.2150000906104
LSPIN,lspin_tf,mlp,0.1,0.5,0.0035,0.0,10127,4,0.6453726453726454,0.8470394736842105,9,438.321533203125,0.9862545078059856,5269.0,1664.0,1689.4278647652905
LSPIN,lspin_tf,mlp,0.1,0.5,0.00525,0.0,20123,0,0.6045864045864046,0.8108552631578947,9,374.6398620605469,0.9793601800389168,4091.0,1360.0,1321.3189179068536
LSPIN,lspin_tf,mlp,0.1,0.5,0.00525,0.0,20124,1,0.6642096642096642,0.8536184210526315,14,249.1093292236328,0.973543062318762,4035.0,912.0,1041.5038710642268
LSPIN,lspin_tf,mlp,0.1,0.5,0.00525,0.0,20125,2,0.625061425061425,0.868421052631579,10,357.1414794921875,0.979687736120488,4429.0,1240.0,1248.155467717508
LSPIN,lspin_tf,mlp,0.1,0.5,0.00525,0.0,20126,3,0.6727272727272727,0.8157894736842105,21,244.53054809570312,0.9711126986197084,4084.0,842.0,984.6415179977243
LSPIN,lspin_tf,mlp,0.1,0.5,0.00525,0.0,20127,4,0.6321048321048321,0.8256578947368421,14,291.60772705078125,0.970196325567394,4808.0,1023.0,1145.3144605916327
LSPIN,lspin_tf,mlp,0.1,0.5,0.007,0.0,30123,0,0.5516789516789516,0.8141447368421053,10,296.8456726074219,0.9730362665659256,3788.0,868.0,871.4503899283803
LSPIN,lspin_tf,mlp,0.1,0.5,0.007,0.0,30124,1,0.6307944307944308,0.8338815789473685,10,275.7716979980469,0.9696719744078314,4409.0,988.0,1074.7586241864974
LSPIN,lspin_tf,mlp,0.1,0.5,0.007,0.0,30125,2,0.6144144144144145,0.8157894736842105,10,268.89068603515625,0.9748014634503024,3896.0,938.0,992.4061007376588
LSPIN,lspin_tf,mlp,0.1,0.5,0.007,0.0,30126,3,0.6216216216216216,0.8486842105263158,11,258.0321655273437,0.9675052520201288,3789.0,862.0,912.960575576292
LSPIN,lspin_tf,mlp,0.1,0.5,0.007,0.0,30127,4,0.6242424242424243,0.8601973684210527,9,310.09967041015625,0.9739214267464604,4442.0,962.0,993.0794455927156
LSPIN,lspin_tf,mlp,0.1,0.5,0.00875,0.0,40123,0,0.5575757575757576,0.8634868421052632,13,202.4019317626953,0.9568020664879172,3984.0,594.0,731.08924628806
LSPIN,lspin_tf,mlp,0.1,0.5,0.00875,0.0,40124,1,0.5952497952497953,0.8421052631578947,23,184.90353393554688,0.9547303562561964,3093.0,530.0,590.6637146651428
LSPIN,lspin_tf,mlp,0.1,0.5,0.00875,0.0,40125,2,0.6052416052416052,0.8832236842105263,19,183.20257568359372,0.9574464525944943,3291.0,554.0,625.7862275900405
LSPIN,lspin_tf,mlp,0.1,0.5,0.00875,0.0,40126,3,0.6204750204750205,0.8338815789473685,10,216.0032196044922,0.9638749393649648,3688.0,724.0,817.3450742819451
LSPIN,lspin_tf,mlp,0.1,0.5,0.00875,0.0,40127,4,0.6607698607698608,0.8552631578947368,8,285.7620544433594,0.9748329300106652,4749.0,1010.0,1148.662214244584
LSPIN,lspin_tf,mlp,0.1,0.5,0.0105,0.0,50123,0,0.5605241605241605,0.912828947368421,20,174.79742431640625,0.9458316921275846,3830.0,452.0,594.018399393313
LSPIN,lspin_tf,mlp,0.1,0.5,0.0105,0.0,50124,1,0.6237510237510238,0.8585526315789473,8,230.69775390625,0.966220529082441,3982.0,821.0,944.6681402825036
LSPIN,lspin_tf,mlp,0.1,0.5,0.0105,0.0,50125,2,0.5628173628173628,0.8585526315789473,9,195.5948486328125,0.9622068034907484,3077.0,607.0,659.7845976910589
LSPIN,lspin_tf,mlp,0.1,0.5,0.0105,0.0,50126,3,0.5818181818181818,0.8338815789473685,19,157.50482177734375,0.9327083384071714,3530.0,441.0,565.4497570075179
LSPIN,lspin_tf,mlp,0.1,0.5,0.0105,0.0,50127,4,0.6068796068796068,0.8026315789473685,12,199.66558837890625,0.965443463773767,3593.0,601.0,720.0239873343257
LSPIN,lspin_tf,mlp,0.1,0.5,0.014,0.0,60123,0,0.5662571662571663,0.868421052631579,30,123.76527404785156,0.9396290205606672,2890.0,319.0,408.23903504683983
LSPIN,lspin_tf,mlp,0.1,0.5,0.014,0.0,60124,1,0.6003276003276004,0.8700657894736842,22,143.64630126953125,0.9389463028470711,3154.0,394.0,508.9099249900079
LSPIN,lspin_tf,mlp,0.1,0.5,0.014,0.0,60125,2,0.6696150696150697,0.8700657894736842,13,164.8681640625,0.9462177217008226,2597.0,382.0,421.3031509344461
LSPIN,lspin_tf,mlp,0.1,0.5,0.014,0.0,60126,3,0.5975429975429976,0.8881578947368421,13,150.453369140625,0.940403217692304,2711.0,473.0,521.193881531721
LSPIN,lspin_tf,mlp,0.1,0.5,0.014,0.0,60127,4,0.5754299754299754,0.819078947368421,13,165.0417938232422,0.9417557631442957,3100.0,397.0,474.7412344684378
LSPIN,lspin_tf,mlp,0.1,0.5,0.021,0.0,70123,0,0.6265356265356266,0.875,15,119.3376235961914,0.925199004121973,2536.0,289.0,344.2404807961903
LSPIN,lspin_tf,mlp,0.1,0.5,0.021,0.0,70124,1,0.5248157248157248,0.8388157894736842,12,137.1221923828125,0.9316294704996676,2912.0,322.0,404.9849142915608
LSPIN,lspin_tf,mlp,0.1,0.5,0.021,0.0,70125,2,0.6453726453726454,0.875,10,143.76849365234375,0.9488436102459834,3147.0,444.0,538.4163041597668
LSPIN,lspin_tf,mlp,0.1,0.5,0.021,0.0,70126,3,0.5805077805077805,0.8865131578947368,10,124.99356842041016,0.9289819873074971,2532.0,347.0,420.2985071813122
LSPIN,lspin_tf,mlp,0.1,0.5,0.021,0.0,70127,4,0.5364455364455365,0.850328947368421,9,144.10610961914062,0.9476794023770124,2550.0,368.0,435.3446335747266
LSPIN,lspin_tf,mlp,0.1,0.5,0.028,0.0,80123,0,0.6086814086814086,0.8174342105263158,29,91.54984283447266,0.9154529187728164,1963.0,243.0,291.57411832739746
LSPIN,lspin_tf,mlp,0.1,0.5,0.028,0.0,80124,1,0.5718263718263719,0.8536184210526315,13,89.81671905517578,0.8811711930918985,2060.0,195.0,259.09466202962244
LSPIN,lspin_tf,mlp,0.1,0.5,0.028,0.0,80125,2,0.4956592956592957,0.8174342105263158,17,103.99356842041016,0.9040486816028152,2473.0,209.0,295.0169050822979
LSPIN,lspin_tf,mlp,0.1,0.5,0.028,0.0,80126,3,0.5700245700245701,0.8141447368421053,10,128.81350708007812,0.9300275703039296,2213.0,313.0,344.41706378820555
LSPIN,lspin_tf,mlp,0.1,0.5,0.028,0.0,80127,4,0.4995904995904996,0.8700657894736842,14,105.80707550048828,0.9311925324096908,2613.0,245.0,334.69770718231723
LSPIN,lspin_tf,mlp,0.1,0.5,0.0035,0.1,90123,0,0.6022932022932023,0.8667763157894737,17,813.0225219726562,0.9854445967977348,3992.0,1607.0,1443.1755808787134
LSPIN,lspin_tf,mlp,0.1,0.5,0.0035,0.1,90124,1,0.6134316134316135,0.7763157894736842,23,754.8778076171875,0.9831451522338336,3587.0,1417.0,1242.303776215358
LSPIN,lspin_tf,mlp,0.1,0.5,0.0035,0.1,90125,2,0.6307944307944308,0.8585526315789473,12,854.1671752929688,0.9888718533605276,4453.0,1963.0,1675.186122369811
LSPIN,lspin_tf,mlp,0.1,0.5,0.0035,0.1,90126,3,0.5860769860769861,0.8486842105263158,15,983.7588500976562,0.9879974810861334,5657.0,1794.0,1720.5902128581115
LSPIN,lspin_tf,mlp,0.1,0.5,0.0035,0.1,90127,4,0.6648648648648648,0.8980263157894737,35,723.321533203125,0.9782671812658856,3131.0,1159.0,1088.8084043756585
LSPIN,lspin_tf,mlp,0.1,0.5,0.00525,0.1,100123,0,0.6234234234234234,0.8766447368421053,15,553.4212036132812,0.9767766716391124,3024.0,1042.0,930.2412562118404
LSPIN,lspin_tf,mlp,0.1,0.5,0.00525,0.1,100124,1,0.6235872235872236,0.8634868421052632,10,626.5626831054688,0.9847747668727764,3966.0,1425.0,1251.6443108918968
LSPIN,lspin_tf,mlp,0.1,0.5,0.00525,0.1,100125,2,0.6386568386568386,0.7993421052631579,14,559.4822998046875,0.9734442606684344,3220.0,1186.0,1037.769912199877
LSPIN,lspin_tf,mlp,0.1,0.5,0.00525,0.1,100126,3,0.6355446355446356,0.8963815789473685,14,598.0032348632812,0.9797580639242442,3011.0,1188.0,1039.3869443702652
LSPIN,lspin_tf,mlp,0.1,0.5,0.00525,0.1,100127,4,0.6376740376740376,0.850328947368421,8,757.9003295898438,0.9893203948950078,4372.0,1874.0,1619.0068054392057
LSPIN,lspin_tf,mlp,0.1,0.5,0.007,0.1,110123,0,0.647993447993448,0.8552631578947368,17,472.2057800292969,0.9717538296302732,2564.0,865.0,770.5588348236662
LSPIN,lspin_tf,mlp,0.1,0.5,0.007,0.1,110124,1,0.6519246519246519,0.8305921052631579,12,425.7845764160156,0.9750081196137824,2633.0,908.0,807.363501421733
LSPIN,lspin_tf,mlp,0.1,0.5,0.007,0.1,110125,2,0.5796887796887797,0.8289473684210527,19,427.9453430175781,0.971290199257032,2402.0,797.0,708.4530454900835
LSPIN,lspin_tf,mlp,0.1,0.5,0.007,0.1,110126,3,0.6656838656838657,0.8766447368421053,21,373.4051513671875,0.9647912127929152,1793.0,675.0,585.3566928639735
LSPIN,lspin_tf,mlp,0.1,0.5,0.007,0.1,110127,4,0.6067158067158067,0.8125,9,510.9356994628906,0.9820669587629915,3359.0,1203.0,1059.2099943903297
LSPIN,lspin_tf,mlp,0.1,0.5,0.00875,0.1,120123,0,0.634889434889435,0.8799342105263158,18,346.112548828125,0.9669665236254724,2327.0,609.0,569.7719962994227
LSPIN,lspin_tf,mlp,0.1,0.5,0.00875,0.1,120124,1,0.6237510237510238,0.8470394736842105,24,310.0257263183594,0.9577562684144392,2210.0,529.0,496.5645022204875
LSPIN,lspin_tf,mlp,0.1,0.5,0.00875,0.1,120125,2,0.5660933660933661,0.8026315789473685,17,376.8231506347656,0.9617259557000872,2169.0,649.0,597.9667018007402
LSPIN,lspin_tf,mlp,0.1,0.5,0.00875,0.1,120126,3,0.6648648648648648,0.881578947368421,14,386.1157531738281,0.9751085082551788,2637.0,750.0,686.3069446045838
LSPIN,lspin_tf,mlp,0.1,0.5,0.00875,0.1,120127,4,0.634889434889435,0.8585526315789473,11,417.2122192382813,0.9753205343344352,2722.0,881.0,768.3026718809706
LSPIN,lspin_tf,mlp,0.1,0.5,0.0105,0.1,130123,0,0.5854217854217855,0.8700657894736842,20,338.3344116210937,0.9618749365645838,2538.0,535.0,529.3046679928168
LSPIN,lspin_tf,mlp,0.1,0.5,0.0105,0.1,130124,1,0.5977067977067977,0.8289473684210527,12,364.9839172363281,0.9714137747299324,2495.0,709.0,639.0916539798969
LSPIN,lspin_tf,mlp,0.1,0.5,0.0105,0.1,130125,2,0.6211302211302211,0.8453947368421053,13,346.151123046875,0.9609272402806924,2520.0,603.0,578.2106678513433
LSPIN,lspin_tf,mlp,0.1,0.5,0.0105,0.1,130126,3,0.6457002457002456,0.84375,12,373.9485473632813,0.9668259814110052,2499.0,671.0,637.5290085644888
LSPIN,lspin_tf,mlp,0.1,0.5,0.0105,0.1,130127,4,0.5965601965601965,0.8930921052631579,13,338.3183288574219,0.9695183198433204,2822.0,715.0,648.0286858318372
LSPIN,lspin_tf,mlp,0.1,0.5,0.014,0.1,140123,0,0.5734643734643735,0.8470394736842105,26,271.4919738769531,0.945585436291502,1955.0,401.0,393.9748934134081
LSPIN,lspin_tf,mlp,0.1,0.5,0.014,0.1,140124,1,0.6152334152334152,0.7730263157894737,18,302.0675354003906,0.9469794904192788,2112.0,467.0,456.6123978883707
LSPIN,lspin_tf,mlp,0.1,0.5,0.014,0.1,140125,2,0.5829647829647829,0.8338815789473685,27,243.43408203125,0.951639615294016,2105.0,386.0,386.8196326170208
LSPIN,lspin_tf,mlp,0.1,0.5,0.014,0.1,140126,3,0.5203931203931204,0.8898026315789473,20,267.53375244140625,0.9478401983642014,2035.0,443.0,434.0205014541619
LSPIN,lspin_tf,mlp,0.1,0.5,0.014,0.1,140127,4,0.5579033579033579,0.8552631578947368,17,314.40191650390625,0.9598617910624434,2508.0,528.0,517.0419509718972
LSPIN,lspin_tf,mlp,0.1,0.5,0.021,0.1,150123,0,0.6188370188370188,0.84375,23,248.7202606201172,0.9348804792353812,2130.0,337.0,352.3248849221316
LSPIN,lspin_tf,mlp,0.1,0.5,0.021,0.1,150124,1,0.5975429975429976,0.8240131578947368,25,241.66238403320312,0.9432988719259174,1791.0,332.0,337.3141644211693
LSPIN,lspin_tf,mlp,0.1,0.5,0.021,0.1,150125,2,0.6212940212940213,0.8388157894736842,18,265.4823303222656,0.9414920008822274,2072.0,378.0,386.7641010455398
LSPIN,lspin_tf,mlp,0.1,0.5,0.021,0.1,150126,3,0.6113022113022113,0.8733552631578947,11,257.4179992675781,0.953534422472432,2162.0,443.0,425.00356060859417
LSPIN,lspin_tf,mlp,0.1,0.5,0.021,0.1,150127,4,0.563963963963964,0.8421052631578947,12,254.97105407714844,0.9576284278584604,1703.0,421.0,391.82429295897794
LSPIN,lspin_tf,mlp,0.1,0.5,0.028,0.1,160123,0,0.5985257985257986,0.8585526315789473,17,216.1286163330078,0.9352551195728882,1944.0,323.0,334.2564054138524
LSPIN,lspin_tf,mlp,0.1,0.5,0.028,0.1,160124,1,0.6083538083538084,0.8486842105263158,14,219.3601226806641,0.9417672243676865,1835.0,335.0,335.01937416852235
LSPIN,lspin_tf,mlp,0.1,0.5,0.028,0.1,160125,2,0.5703521703521703,0.8157894736842105,17,212.3054656982422,0.9416978796042582,1739.0,296.0,299.5059207531935
LSPIN,lspin_tf,mlp,0.1,0.5,0.028,0.1,160126,3,0.5333333333333333,0.8881578947368421,17,223.63665771484372,0.9327835151580884,2021.0,297.0,327.4534342141097
LSPIN,lspin_tf,mlp,0.1,0.5,0.028,0.1,160127,4,0.6266994266994267,0.8486842105263158,13,217.8874664306641,0.9399986538473,1676.0,336.0,326.45687446089295
LSPIN,lspin_tf,mlp,0.1,0.5,0.0035,0.2,170123,0,0.5714987714987715,0.8256578947368421,15,875.208984375,0.986837610885912,4008.0,1889.0,1631.056893562935
LSPIN,lspin_tf,mlp,0.1,0.5,0.0035,0.2,170124,1,0.6222768222768222,0.8766447368421053,15,915.9228515625,0.9895554037061642,5129.0,1895.0,1687.7160851691838
LSPIN,lspin_tf,mlp,0.1,0.5,0.0035,0.2,170125,2,0.634889434889435,0.8585526315789473,18,805.7330932617188,0.9849302666545142,4233.0,1570.0,1420.0876474617191
LSPIN,lspin_tf,mlp,0.1,0.5,0.0035,0.2,170126,3,0.6262080262080262,0.8322368421052632,9,935.9356689453124,0.991474900030574,4662.0,2381.0,1985.7517958246904
LSPIN,lspin_tf,mlp,0.1,0.5,0.0035,0.2,170127,4,0.6416052416052416,0.7993421052631579,17,708.8521118164062,0.9823500517356012,3422.0,1488.0,1278.991031213747
LSPIN,lspin_tf,mlp,0.1,0.5,0.00525,0.2,180123,0,0.6396396396396397,0.8125,16,580.4308471679688,0.9776411772011656,2787.0,1140.0,987.6107535261772
LSPIN,lspin_tf,mlp,0.1,0.5,0.00525,0.2,180124,1,0.5837837837837838,0.8634868421052632,17,566.321533203125,0.9763297947971212,3622.0,1058.0,984.1154718261248
LSPIN,lspin_tf,mlp,0.1,0.5,0.00525,0.2,180125,2,0.591973791973792,0.837171052631579,16,538.9228515625,0.9812344550831066,3136.0,1120.0,972.2628113977404
LSPIN,lspin_tf,mlp,0.1,0.5,0.00525,0.2,180126,3,0.6440622440622441,0.8898026315789473,12,659.6077270507812,0.985230596027826,3506.0,1411.0,1240.1479472287806
LSPIN,lspin_tf,mlp,0.1,0.5,0.00525,0.2,180127,4,0.6137592137592137,0.805921052631579,15,600.9646606445312,0.9806306884042618,4190.0,1209.0,1116.3671096428125
LSPIN,lspin_tf,mlp,0.1,0.5,0.007,0.2,190123,0,0.6234234234234234,0.8125,13,494.07073974609375,0.9773614654825372,3024.0,1015.0,902.5627408880964
LSPIN,lspin_tf,mlp,0.1,0.5,0.007,0.2,190124,1,0.6371826371826372,0.8585526315789473,15,472.6559448242188,0.9729408507020704,3043.0,871.0,797.1361855750371
LSPIN,lspin_tf,mlp,0.1,0.5,0.007,0.2,190125,2,0.5606879606879607,0.8486842105263158,21,449.7298889160156,0.9654481583083152,3090.0,756.0,730.408868470619
LSPIN,lspin_tf,mlp,0.1,0.5,0.007,0.2,190126,3,0.6224406224406225,0.8700657894736842,18,443.33441162109375,0.9708249018643264,2388.0,745.0,689.2325293384961
LSPIN,lspin_tf,mlp,0.1,0.5,0.007,0.2,190127,4,0.6298116298116299,0.8799342105263158,10,481.4276428222656,0.9767743454363584,3027.0,1083.0,940.3463674035212
LSPIN,lspin_tf,mlp,0.1,0.5,0.00875,0.2,200123,0,0.5975429975429976,0.8601973684210527,10,446.8617248535156,0.9765028936231348,3486.0,952.0,875.8762197889479
LSPIN,lspin_tf,mlp,0.1,0.5,0.00875,0.2,200124,1,0.60999180999181,0.8519736842105263,27,322.980712890625,0.9631750663866712,1918.0,574.0,515.6561525562977
LSPIN,lspin_tf,mlp,0.1,0.5,0.00875,0.2,200125,2,0.6743652743652744,0.8421052631578947,18,382.8424377441406,0.9644131997157186,2162.0,642.0,587.2151214897303
LSPIN,lspin_tf,mlp,0.1,0.5,0.00875,0.2,200126,3,0.5752661752661753,0.8207236842105263,9,477.6109313964844,0.9796615516809896,3697.0,1079.0,997.6245030133036
LSPIN,lspin_tf,mlp,0.1,0.5,0.00875,0.2,200127,4,0.6448812448812449,0.8519736842105263,21,337.9742736816406,0.9565412164246916,1844.0,592.0,536.2141887495636
LSPIN,lspin_tf,mlp,0.1,0.5,0.0105,0.2,210123,0,0.6642096642096642,0.8486842105263158,26,340.38262939453125,0.9639145206645756,2634.0,533.0,547.4450879931425
LSPIN,lspin_tf,mlp,0.1,0.5,0.0105,0.2,210124,1,0.579033579033579,0.8486842105263158,17,337.82635498046875,0.954823986100399,2633.0,543.0,540.8534763351765
LSPIN,lspin_tf,mlp,0.1,0.5,0.0105,0.2,210125,2,0.6044226044226044,0.868421052631579,16,291.1253967285156,0.96418460610452,2929.0,538.0,549.2690498820184
LSPIN,lspin_tf,mlp,0.1,0.5,0.0105,0.2,210126,3,0.5428337428337429,0.8536184210526315,18,363.0160827636719,0.9670381507905236,2796.0,599.0,598.9675717676172
LSPIN,lspin_tf,mlp,0.1,0.5,0.0105,0.2,210127,4,0.5775593775593776,0.8569078947368421,17,321.89068603515625,0.9622206147988112,2163.0,553.0,510.27829499734
LSPIN,lspin_tf,mlp,0.1,0.5,0.014,0.2,220123,0,0.6193284193284193,0.875,12,347.4919738769531,0.9637754386029947,2604.0,604.0,564.6083719249514
LSPIN,lspin_tf,mlp,0.1,0.5,0.014,0.2,220124,1,0.6001638001638001,0.8421052631578947,13,297.623779296875,0.9505410351603736,2166.0,529.0,493.4371503594844
LSPIN,lspin_tf,mlp,0.1,0.5,0.014,0.2,220125,2,0.5713349713349714,0.8470394736842105,13,332.19293212890625,0.9668854435603824,2595.0,607.0,559.424766691147
LSPIN,lspin_tf,mlp,0.1,0.5,0.014,0.2,220126,3,0.6263718263718264,0.8453947368421053,14,314.7459716796875,0.958307897115232,2147.0,527.0,500.9581221527184
LSPIN,lspin_tf,mlp,0.1,0.5,0.014,0.2,220127,4,0.5844389844389845,0.8289473684210527,17,293.39227294921875,0.9529779009516272,2091.0,489.0,459.5849701144974
LSPIN,lspin_tf,mlp,0.1,0.5,0.021,0.2,230123,0,0.6001638001638001,0.8026315789473685,12,256.2893981933594,0.9406118722424952,2150.0,409.0,414.8371609219784
LSPIN,lspin_tf,mlp,0.1,0.5,0.021,0.2,230124,1,0.605896805896806,0.8585526315789473,13,277.2025756835937,0.9489806809552254,1624.0,457.0,415.8142463733875
LSPIN,lspin_tf,mlp,0.1,0.5,0.021,0.2,230125,2,0.5598689598689599,0.8256578947368421,17,250.75241088867188,0.9251312397006242,1837.0,352.0,353.02032547547964
LSPIN,lspin_tf,mlp,0.1,0.5,0.021,0.2,230126,3,0.5755937755937756,0.8207236842105263,20,235.2797393798828,0.940411716071238,1275.0,348.0,326.6002831034409
LSPIN,lspin_tf,mlp,0.1,0.5,0.021,0.2,230127,4,0.6271908271908272,0.8355263157894737,13,240.2250823974609,0.946160368615172,2100.0,405.0,385.641690895138
LSPIN,lspin_tf,mlp,0.1,0.5,0.028,0.2,240123,0,0.6193284193284193,0.84375,12,241.151123046875,0.9505077531277208,1763.0,403.0,371.1524778035049
LSPIN,lspin_tf,mlp,0.1,0.5,0.028,0.2,240124,1,0.5685503685503686,0.8634868421052632,30,203.10610961914065,0.9291383321162384,1305.0,245.0,251.59564526337
LSPIN,lspin_tf,mlp,0.1,0.5,0.028,0.2,240125,2,0.6109746109746109,0.8519736842105263,19,185.1318359375,0.9286260176468878,1721.0,261.0,274.745067740211
LSPIN,lspin_tf,mlp,0.1,0.5,0.028,0.2,240126,3,0.5683865683865684,0.8486842105263158,17,196.7138214111328,0.9320587881787624,1703.0,280.0,286.556716301408
LSPIN,lspin_tf,mlp,0.1,0.5,0.028,0.2,240127,4,0.5795249795249795,0.8207236842105263,21,195.70095825195312,0.935128526191873,2053.0,285.0,302.10512313465745
LSPIN,lspin_tf,mlp,0.1,0.5,0.0035,0.4,250123,0,0.6163800163800164,0.8552631578947368,18,748.64306640625,0.9836612286378308,3671.0,1516.0,1313.706050613385
LSPIN,lspin_tf,mlp,0.1,0.5,0.0035,0.4,250124,1,0.6476658476658477,0.875,14,802.8070678710938,0.9839005286705436,4283.0,1759.0,1514.470909528225
LSPIN,lspin_tf,mlp,0.1,0.5,0.0035,0.4,250125,2,0.6381654381654381,0.8305921052631579,20,764.3151245117188,0.9843979113836572,3583.0,1485.0,1305.0893272619612
LSPIN,lspin_tf,mlp,0.1,0.5,0.0035,0.4,250126,3,0.6515970515970516,0.8092105263157895,14,760.9871215820312,0.9873886399526968,4130.0,1655.0,1427.9691202668728
LSPIN,lspin_tf,mlp,0.1,0.5,0.0035,0.4,250127,4,0.6237510237510238,0.8207236842105263,14,841.5498657226562,0.9876853476283474,4536.0,1793.0,1567.5132391480672
LSPIN,lspin_tf,mlp,0.1,0.5,0.00525,0.4,260123,0,0.605896805896806,0.8930921052631579,17,551.1382446289062,0.977923690678323,3270.0,1020.0,936.8929462089264
LSPIN,lspin_tf,mlp,0.1,0.5,0.00525,0.4,260124,1,0.5868959868959869,0.8914473684210527,30,484.30224609375,0.972647699968736,3200.0,801.0,750.1156009564138
LSPIN,lspin_tf,mlp,0.1,0.5,0.00525,0.4,260125,2,0.6016380016380016,0.8848684210526315,15,534.77490234375,0.972776413838701,3100.0,1070.0,954.3064454819628
LSPIN,lspin_tf,mlp,0.1,0.5,0.00525,0.4,260126,3,0.6712530712530712,0.8865131578947368,29,482.5241088867188,0.9746020689796926,2640.0,826.0,767.4110104103664
LSPIN,lspin_tf,mlp,0.1,0.5,0.00525,0.4,260127,4,0.6402948402948403,0.837171052631579,19,546.22509765625,0.9763412093703296,2951.0,1005.0,900.0053208848925
LSPIN,lspin_tf,mlp,0.1,0.5,0.007,0.4,270123,0,0.6145782145782146,0.8832236842105263,15,433.8810424804688,0.9703103331859304,2867.0,796.0,737.9005418345756
LSPIN,lspin_tf,mlp,0.1,0.5,0.007,0.4,270124,1,0.5808353808353809,0.8174342105263158,13,456.1286315917969,0.9794843518097764,2854.0,938.0,815.9675457333292
LSPIN,lspin_tf,mlp,0.1,0.5,0.007,0.4,270125,2,0.6085176085176085,0.8536184210526315,19,430.67523193359375,0.9706680235138762,2444.0,792.0,694.1903363776355
LSPIN,lspin_tf,mlp,0.1,0.5,0.007,0.4,270126,3,0.6666666666666666,0.8569078947368421,16,404.1189575195313,0.971043931510804,2592.0,790.0,707.1564945609651
LSPIN,lspin_tf,mlp,0.1,0.5,0.007,0.4,270127,4,0.5523341523341523,0.8980263157894737,22,414.63665771484375,0.9612386229821328,2351.0,693.0,633.8243324827026
LSPIN,lspin_tf,mlp,0.1,0.5,0.00875,0.4,280123,0,0.5814905814905815,0.8717105263157895,11,378.4630126953125,0.9699398509125156,2368.0,796.0,706.2023086162295
LSPIN,lspin_tf,mlp,0.1,0.5,0.00875,0.4,280124,1,0.6109746109746109,0.7483552631578947,12,400.7009582519531,0.9734724794985644,3436.0,806.0,766.5972244208173
LSPIN,lspin_tf,mlp,0.1,0.5,0.00875,0.4,280125,2,0.5947583947583948,0.868421052631579,11,384.1318359375,0.9734595955914976,2692.0,810.0,711.5976308497678
LSPIN,lspin_tf,mlp,0.1,0.5,0.00875,0.4,280126,3,0.6196560196560197,0.8601973684210527,17,392.89068603515625,0.9659049491270832,2431.0,667.0,617.5950666843911
LSPIN,lspin_tf,mlp,0.1,0.5,0.00875,0.4,280127,4,0.571007371007371,0.868421052631579,18,345.0675354003906,0.9592099725120432,2008.0,584.0,531.7992758191986
LSPIN,lspin_tf,mlp,0.1,0.5,0.0105,0.4,290123,0,0.5991809991809992,0.8388157894736842,18,329.32476806640625,0.9631461171719696,2687.0,558.0,542.8395517890566
LSPIN,lspin_tf,mlp,0.1,0.5,0.0105,0.4,290124,1,0.5611793611793612,0.8207236842105263,22,347.8842468261719,0.9637505954058784,2237.0,544.0,522.3622886204397
LSPIN,lspin_tf,mlp,0.1,0.5,0.0105,0.4,290125,2,0.5624897624897625,0.868421052631579,15,321.5209045410156,0.9617804870512252,2401.0,606.0,554.2346202147269
LSPIN,lspin_tf,mlp,0.1,0.5,0.0105,0.4,290126,3,0.6065520065520066,0.8486842105263158,12,368.1029052734375,0.96850878410631,2694.0,690.0,648.8340948458853
LSPIN,lspin_tf,mlp,0.1,0.5,0.0105,0.4,290127,4,0.5855855855855856,0.8536184210526315,11,385.6945190429688,0.9694219040272392,2919.0,788.0,712.6561720539052
LSPIN,lspin_tf,mlp,0.1,0.5,0.014,0.4,300123,0,0.6417690417690418,0.8898026315789473,22,282.282958984375,0.9462047422957526,2144.0,428.0,425.9210531761733
LSPIN,lspin_tf,mlp,0.1,0.5,0.014,0.4,300124,1,0.5642915642915642,0.8453947368421053,19,259.11895751953125,0.9469310150431888,1635.0,418.0,386.9713330964177
LSPIN,lspin_tf,mlp,0.1,0.5,0.014,0.4,300125,2,0.5788697788697789,0.868421052631579,12,297.22186279296875,0.9596186524212142,2551.0,564.0,536.8531358815841
LSPIN,lspin_tf,mlp,0.1,0.5,0.014,0.4,300126,3,0.6078624078624079,0.8240131578947368,11,325.678466796875,0.968531882568908,2129.0,638.0,554.5214497692266
LSPIN,lspin_tf,mlp,0.1,0.5,0.014,0.4,300127,4,0.5972153972153972,0.875,12,291.04180908203125,0.9594781265352078,2533.0,579.0,538.1150333884287
LSPIN,lspin_tf,mlp,0.1,0.5,0.021,0.4,310123,0,0.5508599508599509,0.8717105263157895,14,250.54019165039065,0.9495092126014194,1910.0,420.0,399.6467946893469
LSPIN,lspin_tf,mlp,0.1,0.5,0.021,0.4,310124,1,0.5521703521703522,0.8388157894736842,14,242.40835571289065,0.9464271914247124,2131.0,377.0,374.1333355932297
LSPIN,lspin_tf,mlp,0.1,0.5,0.021,0.4,310125,2,0.69009009009009,0.8536184210526315,12,250.46945190429688,0.9584384314372904,2725.0,412.0,444.58547494813865
LSPIN,lspin_tf,mlp,0.1,0.5,0.021,0.4,310126,3,0.5660933660933661,0.8634868421052632,10,320.2733154296875,0.9662584307946614,2517.0,593.0,546.0715667132652
LSPIN,lspin_tf,mlp,0.1,0.5,0.021,0.4,310127,4,0.56003276003276,0.8486842105263158,16,280.47589111328125,0.9437501019278296,1891.0,409.0,408.55706705004224
LSPIN,lspin_tf,mlp,0.1,0.5,0.028,0.4,320123,0,0.6096642096642096,0.8519736842105263,31,215.9678497314453,0.9269024810893172,1998.0,273.0,305.56859784082025
LSPIN,lspin_tf,mlp,0.1,0.5,0.028,0.4,320124,1,0.5949221949221949,0.868421052631579,16,207.1607666015625,0.9284852398485816,2279.0,310.0,328.59565650183674
LSPIN,lspin_tf,mlp,0.1,0.5,0.028,0.4,320125,2,0.6276822276822277,0.8601973684210527,19,215.07073974609372,0.9403672077885318,2326.0,287.0,335.91379821252787
LSPIN,lspin_tf,mlp,0.1,0.5,0.028,0.4,320126,3,0.5601965601965602,0.8634868421052632,14,229.1318359375,0.9447797763483028,2111.0,359.0,362.62480098816457
LSPIN,lspin_tf,mlp,0.1,0.5,0.028,0.4,320127,4,0.5565929565929566,0.8355263157894737,26,189.19293212890625,0.9263820841600612,1549.0,276.0,268.0388767499199
LSPIN,lspin_tf,mlp,0.2,0.5,0.0035,0.0,330123,0,0.6291564291564291,0.8322368421052632,7,331.9421081542969,0.9800826604433628,4550.0,1290.0,1430.9467759424126
LSPIN,lspin_tf,mlp,0.2,0.5,0.0035,0.0,330124,1,0.6171990171990172,0.8355263157894737,9,295.9710693359375,0.9782440220278984,3890.0,1082.0,1095.5256595203618
LSPIN,lspin_tf,mlp,0.2,0.5,0.0035,0.0,330125,2,0.6845208845208846,0.8848684210526315,10,261.0257263183594,0.9758547184263516,3593.0,1111.0,1196.6033128079484
LSPIN,lspin_tf,mlp,0.2,0.5,0.0035,0.0,330126,3,0.6070434070434071,0.8519736842105263,7,348.48553466796875,0.9820470235667728,5139.0,1418.0,1636.9734440569102
LSPIN,lspin_tf,mlp,0.2,0.5,0.0035,0.0,330127,4,0.6248976248976249,0.8799342105263158,8,289.8617248535156,0.9791139332770482,4336.0,1148.0,1261.9884745820614
LSPIN,lspin_tf,mlp,0.2,0.5,0.00525,0.0,340123,0,0.542014742014742,0.8667763157894737,9,199.83279418945312,0.954716449841213,3214.0,729.0,827.2344185933039
LSPIN,lspin_tf,mlp,0.2,0.5,0.00525,0.0,340124,1,0.6142506142506142,0.8125,8,179.18649291992188,0.9685588106223884,3238.0,753.0,858.1743816488233
LSPIN,lspin_tf,mlp,0.2,0.5,0.00525,0.0,340125,2,0.633087633087633,0.875,16,179.4212188720703,0.9573827842455988,3162.0,723.0,887.1106842357999
LSPIN,lspin_tf,mlp,0.2,0.5,0.00525,0.0,340126,3,0.6076986076986077,0.8601973684210527,8,245.64308166503903,0.9702138453670076,3609.0,952.0,1075.290050373222
LSPIN,lspin_tf,mlp,0.2,0.5,0.00525,0.0,340127,4,0.6150696150696151,0.8865131578947368,7,236.4919586181641,0.9690730964944484,4019.0,985.0,1170.66276387544
LSPIN,lspin_tf,mlp,0.2,0.5,0.007,0.0,350123,0,0.6247338247338248,0.8930921052631579,22,126.3376235961914,0.9439885530505714,2784.0,476.0,632.8296668536684
LSPIN,lspin_tf,mlp,0.2,0.5,0.007,0.0,350124,1,0.5921375921375921,0.7763157894736842,7,199.4244384765625,0.9678872638880264,3577.0,863.0,974.1723594533958
LSPIN,lspin_tf,mlp,0.2,0.5,0.007,0.0,350125,2,0.5857493857493857,0.8108552631578947,8,156.9935760498047,0.9538969438230804,2531.0,587.0,664.2647274107006
LSPIN,lspin_tf,mlp,0.2,0.5,0.007,0.0,350126,3,0.5904995904995906,0.8453947368421053,16,125.59485626220705,0.9491477174002182,2197.0,445.0,504.2497410981608
LSPIN,lspin_tf,mlp,0.2,0.5,0.007,0.0,350127,4,0.5857493857493857,0.8486842105263158,7,151.67845153808594,0.9531050337321452,2465.0,548.0,611.1329366531818
LSPIN,lspin_tf,mlp,0.2,0.5,0.00875,0.0,360123,0,0.6203112203112203,0.8388157894736842,11,129.90675354003906,0.940491497455092,2143.0,405.0,430.0659975641077
LSPIN,lspin_tf,mlp,0.2,0.5,0.00875,0.0,360124,1,0.6224406224406225,0.8799342105263158,12,119.45980834960938,0.9349504096470554,1996.0,422.0,456.88886610102446
LSPIN,lspin_tf,mlp,0.2,0.5,0.00875,0.0,360125,2,0.6163800163800164,0.8700657894736842,11,89.03215789794922,0.9507921982400518,1614.0,374.0,434.85297263412434
LSPIN,lspin_tf,mlp,0.2,0.5,0.00875,0.0,360126,3,0.616052416052416,0.8601973684210527,9,106.7202606201172,0.9334762421925858,2106.0,374.0,455.9456725900574
LSPIN,lspin_tf,mlp,0.2,0.5,0.00875,0.0,360127,4,0.5883701883701884,0.8569078947368421,7,143.76849365234375,0.955531532025964,2268.0,537.0,598.3979996821474
LSPIN,lspin_tf,mlp,0.2,0.5,0.0105,0.0,370123,0,0.630958230958231,0.8404605263157895,10,100.60128784179688,0.9318797772320832,1849.0,349.0,390.1428120299961
LSPIN,lspin_tf,mlp,0.2,0.5,0.0105,0.0,370124,1,0.6117936117936118,0.8305921052631579,10,97.55948638916016,0.9260399351474408,1649.0,308.0,351.9106676904114
LSPIN,lspin_tf,mlp,0.2,0.5,0.0105,0.0,370125,2,0.6812448812448813,0.8667763157894737,7,127.7266845703125,0.9489450574155732,2510.0,457.0,577.2647469744774
LSPIN,lspin_tf,mlp,0.2,0.5,0.0105,0.0,370126,3,0.6203112203112203,0.8733552631578947,9,94.58521270751952,0.9455956926905148,1831.0,358.0,429.6106834768825
LSPIN,lspin_tf,mlp,0.2,0.5,0.0105,0.0,370127,4,0.5552825552825553,0.8618421052631579,14,88.6205825805664,0.9239396732468984,1906.0,299.0,377.5950962993904
LSPIN,lspin_tf,mlp,0.2,0.5,0.014,0.0,380123,0,0.5867321867321867,0.8125,9,70.151123046875,0.8926889571890765,1578.0,244.0,288.22290036808243
LSPIN,lspin_tf,mlp,0.2,0.5,0.014,0.0,380124,1,0.6216216216216216,0.8569078947368421,7,87.282958984375,0.926715118250173,1987.0,322.0,427.4431906543504
LSPIN,lspin_tf,mlp,0.2,0.5,0.014,0.0,380125,2,0.6081900081900082,0.8421052631578947,9,86.64952087402344,0.9087670858029444,1345.0,287.0,302.50900053305094
LSPIN,lspin_tf,mlp,0.2,0.5,0.014,0.0,380126,3,0.5110565110565111,0.8733552631578947,9,71.09324645996094,0.8813349571463491,1548.0,204.0,254.9205251741514
LSPIN,lspin_tf,mlp,0.2,0.5,0.014,0.0,380127,4,0.5891891891891892,0.8256578947368421,7,96.86174011230467,0.937011851103171,2207.0,324.0,398.1402755736759
LSPIN,lspin_tf,mlp,0.2,0.5,0.021,0.0,390123,0,0.5644553644553645,0.8322368421052632,7,58.09967803955078,0.8920736777391981,1628.0,209.0,309.8678303568444
LSPIN,lspin_tf,mlp,0.2,0.5,0.021,0.0,390124,1,0.6383292383292384,0.8338815789473685,8,52.03215408325195,0.8505885911768657,1547.0,133.0,224.9064466736872
LSPIN,lspin_tf,mlp,0.2,0.5,0.021,0.0,390125,2,0.4990990990990991,0.8717105263157895,12,41.27652740478516,0.875159449333723,1064.0,133.0,174.84430550553202
LSPIN,lspin_tf,mlp,0.2,0.5,0.021,0.0,390126,3,0.5056511056511056,0.8207236842105263,11,41.292606353759766,0.8708702084801483,1057.0,130.0,155.0512229960876
LSPIN,lspin_tf,mlp,0.2,0.5,0.021,0.0,390127,4,0.5536445536445537,0.8634868421052632,10,36.04823303222656,0.808721884008445,900.0,101.0,122.00803867125263
LSPIN,lspin_tf,mlp,0.2,0.5,0.028,0.0,400123,0,0.5993447993447993,0.8108552631578947,8,40.97106170654297,0.8405552900314305,1179.0,98.0,154.8749362115344
LSPIN,lspin_tf,mlp,0.2,0.5,0.028,0.0,400124,1,0.5562653562653562,0.8421052631578947,18,34.61736297607422,0.7832463927979811,1083.0,75.0,119.20935438328924
LSPIN,lspin_tf,mlp,0.2,0.5,0.028,0.0,400125,2,0.6201474201474202,0.8240131578947368,8,47.556270599365234,0.8770738821137539,1054.0,150.0,191.27037845529605
LSPIN,lspin_tf,mlp,0.2,0.5,0.028,0.0,400126,3,0.5488943488943488,0.875,10,41.019290924072266,0.8187639309734842,823.0,99.0,111.84885479926422
LSPIN,lspin_tf,mlp,0.2,0.5,0.028,0.0,400127,4,0.6135954135954136,0.8042763157894737,10,33.27974319458008,0.8040092503436354,747.0,95.0,114.90500101239842
LSPIN,lspin_tf,mlp,0.2,0.5,0.0035,0.1,410123,0,0.6751842751842752,0.8782894736842105,11,718.7138061523438,0.9798810717375648,3129.0,1450.0,1250.7306678504094
LSPIN,lspin_tf,mlp,0.2,0.5,0.0035,0.1,410124,1,0.6288288288288288,0.8963815789473685,10,719.2507934570312,0.982635814570712,3272.0,1585.0,1353.6771627826845
LSPIN,lspin_tf,mlp,0.2,0.5,0.0035,0.1,410125,2,0.5904995904995906,0.8963815789473685,14,597.1736450195312,0.9818952601317256,2721.0,1185.0,1017.1583745438332
LSPIN,lspin_tf,mlp,0.2,0.5,0.0035,0.1,410126,3,0.648976248976249,0.8618421052631579,10,957.7877807617188,0.9888081077335188,3488.0,2044.0,1726.9323833758424
LSPIN,lspin_tf,mlp,0.2,0.5,0.0035,0.1,410127,4,0.6021294021294021,0.868421052631579,8,817.8585205078125,0.989683005961375,3811.0,1984.0,1662.0121333617092
LSPIN,lspin_tf,mlp,0.2,0.5,0.00525,0.1,420123,0,0.638001638001638,0.7911184210526315,11,428.4598083496094,0.9780088149637032,2086.0,898.0,774.8374015751206
LSPIN,lspin_tf,mlp,0.2,0.5,0.00525,0.1,420124,1,0.6054054054054054,0.8404605263157895,10,428.2283020019531,0.9763987469251192,2358.0,895.0,777.7276211139006
LSPIN,lspin_tf,mlp,0.2,0.5,0.00525,0.1,420125,2,0.5867321867321867,0.8717105263157895,15,345.1543273925781,0.9651012262097176,1490.0,623.0,539.2947841896763
LSPIN,lspin_tf,mlp,0.2,0.5,0.00525,0.1,420126,3,0.6145782145782146,0.8075657894736842,8,526.8585205078125,0.9827333396981583,2866.0,1266.0,1060.6816429781156
LSPIN,lspin_tf,mlp,0.2,0.5,0.00525,0.1,420127,4,0.5708435708435708,0.7960526315789473,11,371.5498352050781,0.9727701291552132,2042.0,809.0,694.9518253778135
LSPIN,lspin_tf,mlp,0.2,0.5,0.007,0.1,430123,0,0.6704340704340704,0.8700657894736842,6,478.3569030761719,0.9846075354778604,3008.0,1257.0,1079.1810280754887
LSPIN,lspin_tf,mlp,0.2,0.5,0.007,0.1,430124,1,0.6088452088452089,0.881578947368421,6,478.3826293945313,0.9756639900089328,3348.0,1261.0,1106.936616847784
LSPIN,lspin_tf,mlp,0.2,0.5,0.007,0.1,430125,2,0.6276822276822277,0.8404605263157895,15,268.6141357421875,0.9582635530771504,1801.0,495.0,460.3815213994833
LSPIN,lspin_tf,mlp,0.2,0.5,0.007,0.1,430126,3,0.6039312039312039,0.7927631578947368,9,314.89068603515625,0.9685144683988484,2072.0,650.0,579.5109775670489
LSPIN,lspin_tf,mlp,0.2,0.5,0.007,0.1,430127,4,0.5886977886977887,0.8388157894736842,12,295.3569030761719,0.9589808598225122,2092.0,550.0,510.41506896852127
LSPIN,lspin_tf,mlp,0.2,0.5,0.00875,0.1,440123,0,0.6036036036036037,0.8585526315789473,10,213.5980682373047,0.9500335546818264,1478.0,446.0,395.0782045526387
LSPIN,lspin_tf,mlp,0.2,0.5,0.00875,0.1,440124,1,0.6266994266994267,0.819078947368421,9,217.2797393798828,0.956816146989318,1340.0,499.0,416.4692578827335
LSPIN,lspin_tf,mlp,0.2,0.5,0.00875,0.1,440125,2,0.589025389025389,0.8240131578947368,8,266.03857421875,0.961788245713505,1996.0,640.0,562.1738539327371
LSPIN,lspin_tf,mlp,0.2,0.5,0.00875,0.1,440126,3,0.5721539721539721,0.787828947368421,12,210.59164428710935,0.949588481650142,1729.0,414.0,385.681333804946
LSPIN,lspin_tf,mlp,0.2,0.5,0.00875,0.1,440127,4,0.5179361179361179,0.8404605263157895,14,243.2508087158203,0.9394705293355692,1245.0,449.0,393.0465153697086
LSPIN,lspin_tf,mlp,0.2,0.5,0.0105,0.1,450123,0,0.6096642096642096,0.8519736842105263,12,185.37942504882807,0.9407071881159224,1222.0,330.0,301.7284528986536
LSPIN,lspin_tf,mlp,0.2,0.5,0.0105,0.1,450124,1,0.5941031941031941,0.8470394736842105,11,189.34083557128903,0.9479559630978828,1126.0,364.0,315.60314067286083
LSPIN,lspin_tf,mlp,0.2,0.5,0.0105,0.1,450125,2,0.6555282555282556,0.8601973684210527,17,214.6237945556641,0.9450508217753862,1424.0,352.0,335.73076026073954
LSPIN,lspin_tf,mlp,0.2,0.5,0.0105,0.1,450126,3,0.5651105651105651,0.850328947368421,7,223.8585205078125,0.9591837072332706,1524.0,552.0,479.2541996405318
LSPIN,lspin_tf,mlp,0.2,0.5,0.0105,0.1,450127,4,0.5818181818181818,0.8355263157894737,8,225.18649291992188,0.9541843712862952,1691.0,511.0,433.4810738731003
LSPIN,lspin_tf,mlp,0.2,0.5,0.014,0.1,460123,0,0.5981981981981982,0.8421052631578947,17,151.36656188964844,0.923679249849258,1006.0,257.0,236.1621576344585
LSPIN,lspin_tf,mlp,0.2,0.5,0.014,0.1,460124,1,0.5882063882063882,0.8256578947368421,10,166.19935607910156,0.9378146723481048,1398.0,332.0,304.6944291574127
LSPIN,lspin_tf,mlp,0.2,0.5,0.014,0.1,460125,2,0.572972972972973,0.8634868421052632,8,173.88424682617188,0.9484165275636708,1421.0,403.0,354.70453463294695
LSPIN,lspin_tf,mlp,0.2,0.5,0.014,0.1,460126,3,0.5434889434889435,0.8404605263157895,8,184.26687622070312,0.9375030679455144,1398.0,379.0,344.4890925888518
LSPIN,lspin_tf,mlp,0.2,0.5,0.014,0.1,460127,4,0.5451269451269452,0.8651315789473685,13,139.78135681152344,0.9178244131851466,1006.0,231.0,218.34828849967437
LSPIN,lspin_tf,mlp,0.2,0.5,0.021,0.1,470123,0,0.6132678132678133,0.8026315789473685,9,135.5723419189453,0.9187076524662754,1503.0,274.0,262.74164668527635
LSPIN,lspin_tf,mlp,0.2,0.5,0.021,0.1,470124,1,0.5285831285831286,0.8848684210526315,10,119.1961441040039,0.9049996334511518,1791.0,207.0,228.36612110924804
LSPIN,lspin_tf,mlp,0.2,0.5,0.021,0.1,470125,2,0.5862407862407862,0.84375,12,141.65916442871094,0.9146217476217884,1589.0,238.0,242.70388675514135
LSPIN,lspin_tf,mlp,0.2,0.5,0.021,0.1,470126,3,0.5931203931203931,0.7763157894736842,10,97.9131851196289,0.9048535431834324,1105.0,169.0,172.02110530381867
LSPIN,lspin_tf,mlp,0.2,0.5,0.021,0.1,470127,4,0.5398853398853399,0.8157894736842105,8,139.5626983642578,0.9247441953853114,1865.0,271.0,279.08442917283605
LSPIN,lspin_tf,mlp,0.2,0.5,0.028,0.1,480123,0,0.6568386568386568,0.9013157894736842,10,89.71382904052734,0.8753285472326028,1197.0,155.0,168.09781912759854
LSPIN,lspin_tf,mlp,0.2,0.5,0.028,0.1,480124,1,0.551023751023751,0.8388157894736842,15,89.31510925292969,0.8589566094390397,1184.0,146.0,152.15643574707886
LSPIN,lspin_tf,mlp,0.2,0.5,0.028,0.1,480125,2,0.5434889434889435,0.8980263157894737,14,79.13825988769531,0.8706305489392598,855.0,111.0,119.34332530854442
LSPIN,lspin_tf,mlp,0.2,0.5,0.028,0.1,480126,3,0.6245700245700245,0.8404605263157895,9,132.04501342773438,0.9067241493930992,1190.0,211.0,207.75322328165325
LSPIN,lspin_tf,mlp,0.2,0.5,0.028,0.1,480127,4,0.590990990990991,0.8141447368421053,8,101.40836334228516,0.8798083362429959,816.0,173.0,169.0780070432488
LSPIN,lspin_tf,mlp,0.2,0.5,0.0035,0.2,490123,0,0.6391482391482392,0.8536184210526315,7,836.7588500976562,0.9896114001759684,4428.0,1945.0,1692.7023130217697
LSPIN,lspin_tf,mlp,0.2,0.5,0.0035,0.2,490124,1,0.6,0.8519736842105263,18,638.90673828125,0.980414765344731,2323.0,1233.0,1042.4270280544183
LSPIN,lspin_tf,mlp,0.2,0.5,0.0035,0.2,490125,2,0.6101556101556102,0.8832236842105263,9,768.7041625976562,0.9855197742027,3762.0,1731.0,1490.3918924392317
LSPIN,lspin_tf,mlp,0.2,0.5,0.0035,0.2,490126,3,0.5967239967239967,0.8569078947368421,11,744.3633422851562,0.9845048844058344,3063.0,1598.0,1358.080664824471
LSPIN,lspin_tf,mlp,0.2,0.5,0.0035,0.2,490127,4,0.6642096642096642,0.8782894736842105,12,714.3536987304688,0.9845408996408828,2655.0,1407.0,1206.0295017035585
LSPIN,lspin_tf,mlp,0.2,0.5,0.00525,0.2,500123,0,0.6221130221130221,0.8651315789473685,10,581.453369140625,0.9810642362712332,3286.0,1274.0,1111.2541122815633
LSPIN,lspin_tf,mlp,0.2,0.5,0.00525,0.2,500124,1,0.6167076167076168,0.8585526315789473,13,405.2347412109375,0.973645690335768,1782.0,872.0,705.7039112144049
LSPIN,lspin_tf,mlp,0.2,0.5,0.00525,0.2,500125,2,0.5705159705159705,0.8240131578947368,9,455.8970947265625,0.9766005819451964,2854.0,1016.0,903.3837993094252
LSPIN,lspin_tf,mlp,0.2,0.5,0.00525,0.2,500126,3,0.5986895986895987,0.8223684210526315,10,447.0643005371094,0.9762592297443008,2835.0,955.0,842.7997674857999
LSPIN,lspin_tf,mlp,0.2,0.5,0.00525,0.2,500127,4,0.605896805896806,0.8865131578947368,16,364.7395629882813,0.9659448327653304,1610.0,687.0,597.8174946433776
LSPIN,lspin_tf,mlp,0.2,0.5,0.007,0.2,510123,0,0.5403767403767403,0.8256578947368421,9,305.1768493652344,0.9644383258578496,1704.0,663.0,564.2825547591848
LSPIN,lspin_tf,mlp,0.2,0.5,0.007,0.2,510124,1,0.596068796068796,0.8930921052631579,12,260.2186584472656,0.957014745769382,1326.0,535.0,452.0435431591188
LSPIN,lspin_tf,mlp,0.2,0.5,0.007,0.2,510125,2,0.5690417690417691,0.8536184210526315,18,252.4115753173828,0.94967225918566,1582.0,440.0,404.7476951404366
LSPIN,lspin_tf,mlp,0.2,0.5,0.007,0.2,510126,3,0.5854217854217855,0.8125,22,332.3311767578125,0.9587943958458228,2106.0,533.0,522.3773442162114
LSPIN,lspin_tf,mlp,0.2,0.5,0.007,0.2,510127,4,0.5914823914823915,0.8782894736842105,13,297.8938903808594,0.9627709912156172,1463.0,571.0,487.3051913811804
LSPIN,lspin_tf,mlp,0.2,0.5,0.00875,0.2,520123,0,0.6311220311220311,0.8930921052631579,7,262.9871520996094,0.971222570774552,1677.0,628.0,534.4415169135412
LSPIN,lspin_tf,mlp,0.2,0.5,0.00875,0.2,520124,1,0.6062244062244062,0.8355263157894737,8,262.9453430175781,0.958846794425978,1903.0,621.0,541.5700165646073
LSPIN,lspin_tf,mlp,0.2,0.5,0.00875,0.2,520125,2,0.5906633906633907,0.8552631578947368,7,274.8970947265625,0.9685267580299496,1721.0,680.0,567.5145026255185
LSPIN,lspin_tf,mlp,0.2,0.5,0.00875,0.2,520126,3,0.6008190008190009,0.8453947368421053,8,290.7073974609375,0.9669827160590524,2186.0,598.0,553.7728282184406
LSPIN,lspin_tf,mlp,0.2,0.5,0.00875,0.2,520127,4,0.5642915642915642,0.8766447368421053,7,286.9935607910156,0.9686121609014208,1980.0,706.0,608.9430941382956
LSPIN,lspin_tf,mlp,0.2,0.5,0.0105,0.2,530123,0,0.5981981981981982,0.819078947368421,9,237.5273284912109,0.95073933099182,1506.0,485.0,424.4048410812102
LSPIN,lspin_tf,mlp,0.2,0.5,0.0105,0.2,530124,1,0.5703521703521703,0.7993421052631579,8,261.0096435546875,0.9604837269436952,1819.0,576.0,502.0420489010434
LSPIN,lspin_tf,mlp,0.2,0.5,0.0105,0.2,530125,2,0.5770679770679771,0.8240131578947368,16,217.4051513671875,0.9494870179063502,1964.0,399.0,373.3585975857897
LSPIN,lspin_tf,mlp,0.2,0.5,0.0105,0.2,530126,3,0.5950859950859951,0.8355263157894737,7,190.94212341308597,0.9443457002289716,1587.0,436.0,401.94313946753937
LSPIN,lspin_tf,mlp,0.2,0.5,0.0105,0.2,530127,4,0.5683865683865684,0.8289473684210527,8,160.22830200195312,0.9405938813019128,1164.0,342.0,299.90565762307915
LSPIN,lspin_tf,mlp,0.2,0.5,0.014,0.2,540123,0,0.6101556101556102,0.7598684210526315,9,177.91639709472656,0.931337612974453,1209.0,371.0,324.74378076705324
LSPIN,lspin_tf,mlp,0.2,0.5,0.014,0.2,540124,1,0.6186732186732187,0.8601973684210527,10,156.9871368408203,0.9285950477956296,1243.0,292.0,274.2541543273607
LSPIN,lspin_tf,mlp,0.2,0.5,0.014,0.2,540125,2,0.6350532350532351,0.8717105263157895,10,200.4308624267578,0.9376290989999836,1964.0,333.0,339.4914662948085
LSPIN,lspin_tf,mlp,0.2,0.5,0.014,0.2,540126,3,0.5859131859131859,0.8733552631578947,11,168.52090454101562,0.9281668508851424,1483.0,304.0,286.1448742367018
LSPIN,lspin_tf,mlp,0.2,0.5,0.014,0.2,540127,4,0.5638001638001638,0.8601973684210527,13,149.7588348388672,0.9111059921902384,1532.0,242.0,249.452455656264
LSPIN,lspin_tf,mlp,0.2,0.5,0.021,0.2,550123,0,0.6422604422604422,0.875,7,137.12539672851562,0.9382322963364784,1240.0,306.0,277.8643157829537
LSPIN,lspin_tf,mlp,0.2,0.5,0.021,0.2,550124,1,0.608026208026208,0.8322368421052632,9,131.21864318847656,0.9169660398429328,970.0,229.0,209.4416145433641
LSPIN,lspin_tf,mlp,0.2,0.5,0.021,0.2,550125,2,0.6298116298116299,0.8552631578947368,10,113.1286163330078,0.8872461839164315,1398.0,187.0,199.66781368247328
LSPIN,lspin_tf,mlp,0.2,0.5,0.021,0.2,550126,3,0.5801801801801801,0.805921052631579,7,152.63343811035156,0.941239152419417,1762.0,342.0,326.880537421387
LSPIN,lspin_tf,mlp,0.2,0.5,0.021,0.2,550127,4,0.5579033579033579,0.8453947368421053,11,119.3472671508789,0.8896725598857711,1121.0,198.0,192.74787707779024
LSPIN,lspin_tf,mlp,0.2,0.5,0.028,0.2,560123,0,0.5932841932841932,0.8125,15,102.02572631835938,0.884903020341912,920.0,155.0,154.86887036018064
LSPIN,lspin_tf,mlp,0.2,0.5,0.028,0.2,560124,1,0.4976248976248976,0.8766447368421053,21,92.67845916748048,0.8576954034865124,754.0,125.0,127.28003782967969
LSPIN,lspin_tf,mlp,0.2,0.5,0.028,0.2,560125,2,0.5570843570843571,0.8733552631578947,19,79.7813491821289,0.8652274553188116,830.0,123.0,129.32757522675283
LSPIN,lspin_tf,mlp,0.2,0.5,0.028,0.2,560126,3,0.5660933660933661,0.8322368421052632,13,105.23151397705078,0.8618584929747297,906.0,146.0,150.3872138173116
LSPIN,lspin_tf,mlp,0.2,0.5,0.028,0.2,560127,4,0.6032760032760033,0.8273026315789473,9,107.04823303222656,0.8878969705349576,1510.0,173.0,193.34558593628267
LSPIN,lspin_tf,mlp,0.2,0.5,0.0035,0.4,570123,0,0.5983619983619983,0.8733552631578947,7,859.0096435546875,0.9904318688882828,4282.0,2040.0,1747.9008479912525
LSPIN,lspin_tf,mlp,0.2,0.5,0.0035,0.4,570124,1,0.6044226044226044,0.8174342105263158,10,761.491943359375,0.9866867287487816,3535.0,1539.0,1362.3373867837645
LSPIN,lspin_tf,mlp,0.2,0.5,0.0035,0.4,570125,2,0.6345618345618346,0.8667763157894737,8,894.0675048828125,0.9891812381889576,3705.0,2153.0,1765.5859399194553
LSPIN,lspin_tf,mlp,0.2,0.5,0.0035,0.4,570126,3,0.6032760032760033,0.8733552631578947,13,818.3826293945312,0.9863592531413912,2944.0,1561.0,1343.405983998826
LSPIN,lspin_tf,mlp,0.2,0.5,0.0035,0.4,570127,4,0.5741195741195741,0.8552631578947368,7,862.5241088867188,0.9893886363050888,4133.0,2039.0,1723.2905410643466
LSPIN,lspin_tf,mlp,0.2,0.5,0.00525,0.4,580123,0,0.6155610155610156,0.8733552631578947,10,464.9646301269531,0.9786239045295304,3093.0,1046.0,913.3153990513904
LSPIN,lspin_tf,mlp,0.2,0.5,0.00525,0.4,580124,1,0.62997542997543,0.875,7,495.6205749511719,0.9806695025429228,3878.0,1218.0,1101.297198631761
LSPIN,lspin_tf,mlp,0.2,0.5,0.00525,0.4,580125,2,0.6208026208026208,0.8536184210526315,8,447.4179992675781,0.9784116051306438,3266.0,1026.0,934.45444469347
LSPIN,lspin_tf,mlp,0.2,0.5,0.00525,0.4,580126,3,0.6091728091728091,0.8421052631578947,8,493.1672058105469,0.9796352442817906,2670.0,1136.0,978.407610477653
LSPIN,lspin_tf,mlp,0.2,0.5,0.00525,0.4,580127,4,0.5696969696969697,0.8421052631578947,9,470.0482177734375,0.9780281505822506,2594.0,1077.0,918.7406999372682
LSPIN,lspin_tf,mlp,0.2,0.5,0.007,0.4,590123,0,0.601965601965602,0.8585526315789473,9,338.0739440917969,0.9730471937926584,2013.0,723.0,618.5204162370856
LSPIN,lspin_tf,mlp,0.2,0.5,0.007,0.4,590124,1,0.5723177723177724,0.8618421052631579,8,336.7845764160156,0.965899227732856,2021.0,759.0,658.1190053179624
LSPIN,lspin_tf,mlp,0.2,0.5,0.007,0.4,590125,2,0.5223587223587224,0.84375,11,311.5433959960937,0.9634073453083264,1433.0,615.0,510.3555298286284
LSPIN,lspin_tf,mlp,0.2,0.5,0.007,0.4,590126,3,0.6095004095004095,0.84375,8,319.5948486328125,0.9702749717725444,1858.0,771.0,644.9535278739518
LSPIN,lspin_tf,mlp,0.2,0.5,0.007,0.4,590127,4,0.6044226044226044,0.881578947368421,10,353.2765197753906,0.9703188280670758,2019.0,736.0,644.7873620162671
LSPIN,lspin_tf,mlp,0.2,0.5,0.00875,0.4,600123,0,0.5733005733005733,0.8305921052631579,9,247.76849365234372,0.961348681584659,1659.0,507.0,444.25581590341807
LSPIN,lspin_tf,mlp,0.2,0.5,0.00875,0.4,600124,1,0.5524979524979525,0.8536184210526315,9,247.6591644287109,0.9528329268815692,1540.0,502.0,437.1684409603308
LSPIN,lspin_tf,mlp,0.2,0.5,0.00875,0.4,600125,2,0.5557739557739557,0.850328947368421,11,251.91639709472656,0.9463567965378,1590.0,510.0,449.9750337824924
LSPIN,lspin_tf,mlp,0.2,0.5,0.00875,0.4,600126,3,0.5837837837837838,0.8388157894736842,7,268.3665466308594,0.9658045879508456,1941.0,623.0,552.39014935557
LSPIN,lspin_tf,mlp,0.2,0.5,0.00875,0.4,600127,4,0.6212940212940213,0.9095394736842104,8,264.5369873046875,0.9623990769235556,2032.0,599.0,527.6319593936593
LSPIN,lspin_tf,mlp,0.2,0.5,0.0105,0.4,610123,0,0.5913185913185913,0.8174342105263158,18,192.78456115722656,0.9391066256321416,1252.0,337.0,313.4935316791169
LSPIN,lspin_tf,mlp,0.2,0.5,0.0105,0.4,610124,1,0.62997542997543,0.8305921052631579,8,277.09326171875,0.9655427952899832,2083.0,608.0,549.5019886650496
LSPIN,lspin_tf,mlp,0.2,0.5,0.0105,0.4,610125,2,0.597051597051597,0.8174342105263158,7,262.546630859375,0.9609686996069372,1774.0,574.0,503.561954826919
LSPIN,lspin_tf,mlp,0.2,0.5,0.0105,0.4,610126,3,0.5742833742833743,0.8256578947368421,7,231.4469451904297,0.9647790507468244,1807.0,581.0,506.7797386226848
LSPIN,lspin_tf,mlp,0.2,0.5,0.0105,0.4,610127,4,0.6144144144144145,0.7894736842105263,9,216.9003143310547,0.9548853621170792,1443.0,458.0,399.8688300664777
LSPIN,lspin_tf,mlp,0.2,0.5,0.014,0.4,620123,0,0.5701883701883702,0.8634868421052632,8,204.40835571289065,0.9461561388315533,1934.0,412.0,388.87640990726646
LSPIN,lspin_tf,mlp,0.2,0.5,0.014,0.4,620124,1,0.5595413595413595,0.8585526315789473,9,167.06109619140625,0.93254132915635,1196.0,294.0,265.59722996636447
LSPIN,lspin_tf,mlp,0.2,0.5,0.014,0.4,620125,2,0.5638001638001638,0.84375,10,170.73312377929688,0.9316524045780504,1766.0,314.0,308.24794081087225
LSPIN,lspin_tf,mlp,0.2,0.5,0.014,0.4,620126,3,0.5261261261261261,0.8717105263157895,10,164.33761596679688,0.9382268217898364,1515.0,296.0,293.2225725544526
LSPIN,lspin_tf,mlp,0.2,0.5,0.014,0.4,620127,4,0.6057330057330057,0.8519736842105263,11,160.34083557128906,0.931196660012715,1146.0,289.0,259.0410112302483
LSPIN,lspin_tf,mlp,0.2,0.5,0.021,0.4,630123,0,0.4848484848484848,0.868421052631579,10,145.8585205078125,0.9099496595145484,1714.0,239.0,262.5519050149639
LSPIN,lspin_tf,mlp,0.2,0.5,0.021,0.4,630124,1,0.5028665028665029,0.837171052631579,13,122.42765045166016,0.8753021370393553,1107.0,175.0,181.01923313408452
LSPIN,lspin_tf,mlp,0.2,0.5,0.021,0.4,630125,2,0.5253071253071253,0.8421052631578947,10,114.64952087402344,0.9031217486813088,876.0,197.0,181.47619442220952
LSPIN,lspin_tf,mlp,0.2,0.5,0.021,0.4,630126,3,0.5642915642915642,0.9161184210526316,9,120.94855499267578,0.9126781394839232,1242.0,225.0,219.69355311432537
LSPIN,lspin_tf,mlp,0.2,0.5,0.021,0.4,630127,4,0.6072072072072072,0.8667763157894737,9,124.54662322998048,0.9183902276880856,1169.0,227.0,220.028862144176
LSPIN,lspin_tf,mlp,0.2,0.5,0.028,0.4,640123,0,0.5169533169533169,0.8141447368421053,10,123.24436950683594,0.8845557460836285,1985.0,203.0,239.81987754195063
LSPIN,lspin_tf,mlp,0.2,0.5,0.028,0.4,640124,1,0.4851760851760852,0.8404605263157895,8,108.4373016357422,0.9041693631526728,1143.0,203.0,191.5408934481815
LSPIN,lspin_tf,mlp,0.2,0.5,0.028,0.4,640125,2,0.503030303030303,0.8651315789473685,9,110.9260482788086,0.8904150443363157,911.0,179.0,172.96603249471377
LSPIN,lspin_tf,mlp,0.2,0.5,0.028,0.4,640126,3,0.6147420147420147,0.8552631578947368,9,109.24758911132812,0.9079838849814196,1739.0,201.0,216.9900063194337
LSPIN,lspin_tf,mlp,0.2,0.5,0.028,0.4,640127,4,0.5780507780507781,0.8634868421052632,16,86.45980834960938,0.8649997517872313,1225.0,125.0,143.67813756673942
Concrete,concrete,mlp,0.15,0.2,0.0011,0.0,650123,0,0.6185094185094185,0.8585526315789473,9,789.7588500976562,0.9854309586417064,14206.0,3744.0,5463.211247557053
Concrete,concrete,mlp,0.15,0.2,0.0011,0.0,650124,1,0.6248976248976249,0.8848684210526315,13,562.678466796875,0.982846173121332,12125.0,2746.0,4572.338550584753
Concrete,concrete,mlp,0.15,0.2,0.0011,0.0,650125,2,0.6363636363636364,0.8667763157894737,13,657.282958984375,0.9857378744178948,13896.0,3287.0,5370.23063643786
Concrete,concrete,mlp,0.15,0.2,0.0011,0.0,650126,3,0.6434070434070434,0.8717105263157895,9,740.491943359375,0.9870263252974338,13428.0,3532.0,5111.401684795833
Concrete,concrete,mlp,0.15,0.2,0.0011,0.0,650127,4,0.6332514332514333,0.8240131578947368,8,937.52734375,0.9937683440221546,14934.0,4856.0,6389.596649598095
Concrete,concrete,mlp,0.15,0.2,0.00165,0.0,660123,0,0.6524160524160524,0.8552631578947368,14,492.8970947265625,0.9844427174551098,11989.0,2388.0,4315.486329593898
Concrete,concrete,mlp,0.15,0.2,0.00165,0.0,660124,1,0.5993447993447993,0.8536184210526315,8,563.7106323242188,0.9897909448586998,12778.0,2782.0,4694.963096155119
Concrete,concrete,mlp,0.15,0.2,0.00165,0.0,660125,2,0.6537264537264538,0.8667763157894737,10,547.942138671875,0.9862510506672926,12397.0,2572.0,4368.279557600423
Concrete,concrete,mlp,0.15,0.2,0.00165,0.0,660126,3,0.6026208026208026,0.8388157894736842,12,524.8906860351562,0.9837194980695242,11999.0,2641.0,4526.250996794953
Concrete,concrete,mlp,0.15,0.2,0.00165,0.0,660127,4,0.6245700245700245,0.875,8,603.77490234375,0.989045706290076,12302.0,3048.0,4762.347010672147
Concrete,concrete,mlp,0.15,0.2,0.0022,0.0,670123,0,0.6481572481572482,0.9013157894736842,21,276.5884094238281,0.9694674107699084,8278.0,1206.0,2434.006800491535
Concrete,concrete,mlp,0.15,0.2,0.0022,0.0,670124,1,0.6533988533988534,0.8832236842105263,11,300.9903564453125,0.9724988637544646,9669.0,1317.0,2928.7422628394206
Concrete,concrete,mlp,0.15,0.2,0.0022,0.0,670125,2,0.5932841932841932,0.8569078947368421,10,294.5048217773437,0.9838535117383472,9875.0,1582.0,3716.696622553287
Concrete,concrete,mlp,0.15,0.2,0.0022,0.0,670126,3,0.6343980343980344,0.8700657894736842,14,329.1318359375,0.9714713440622904,9461.0,1570.0,3141.127976101806
Concrete,concrete,mlp,0.15,0.2,0.0022,0.0,670127,4,0.6343980343980344,0.8388157894736842,9,367.9935607910156,0.9841650500351562,10492.0,1864.0,3721.942473425757
Concrete,concrete,mlp,0.15,0.2,0.00275,0.0,680123,0,0.6424242424242425,0.8585526315789473,9,262.9871520996094,0.9686135678669258,8472.0,1290.0,2800.429706214746
Concrete,concrete,mlp,0.15,0.2,0.00275,0.0,680124,1,0.5841113841113841,0.8075657894736842,20,248.414794921875,0.9672900991504254,7922.0,1079.0,2371.7550919493438
Concrete,concrete,mlp,0.15,0.2,0.00275,0.0,680125,2,0.5995085995085995,0.8881578947368421,12,229.69775390625,0.9622307586191426,8474.0,1005.0,2650.402439005404
Concrete,concrete,mlp,0.15,0.2,0.00275,0.0,680126,3,0.5973791973791974,0.8552631578947368,8,316.8424377441406,0.9768314614183596,9587.0,1544.0,3386.433804502052
Concrete,concrete,mlp,0.15,0.2,0.00275,0.0,680127,4,0.6103194103194103,0.8305921052631579,8,310.2025756835937,0.9800887557202193,9862.0,1596.0,3666.9483875895166
Concrete,concrete,mlp,0.15,0.2,0.0033,0.0,690123,0,0.601965601965602,0.9095394736842104,16,203.93890380859372,0.954462548610174,7721.0,937.0,2369.3446679817816
Concrete,concrete,mlp,0.15,0.2,0.0033,0.0,690124,1,0.6676494676494676,0.8569078947368421,9,240.5209045410156,0.972208852276032,8419.0,1103.0,2757.228787541586
Concrete,concrete,mlp,0.15,0.2,0.0033,0.0,690125,2,0.6501228501228501,0.8355263157894737,11,162.1479034423828,0.9545221021904796,6793.0,751.0,2210.506215042548
Concrete,concrete,mlp,0.15,0.2,0.0033,0.0,690126,3,0.6633906633906634,0.8733552631578947,9,249.36978149414065,0.9630811858625056,7977.0,1090.0,2436.682755992883
Concrete,concrete,mlp,0.15,0.2,0.0033,0.0,690127,4,0.5682227682227682,0.8421052631578947,11,220.4212188720703,0.964140938342978,8507.0,947.0,2658.018420525535
Concrete,concrete,mlp,0.15,0.2,0.0044,0.0,700123,0,0.5633087633087633,0.919407894736842,32,134.58200073242188,0.9589709977683152,5852.0,587.0,1718.56358571743
Concrete,concrete,mlp,0.15,0.2,0.0044,0.0,700124,1,0.5805077805077805,0.8536184210526315,11,158.0064239501953,0.952648730257952,6328.0,749.0,1861.563260325113
Concrete,concrete,mlp,0.15,0.2,0.0044,0.0,700125,2,0.59000819000819,0.8585526315789473,20,147.019287109375,0.9526742243343204,6418.0,690.0,2043.5076947032771
Concrete,concrete,mlp,0.15,0.2,0.0044,0.0,700126,3,0.591973791973792,0.8470394736842105,15,149.76205444335938,0.9553904001688064,7304.0,632.0,2116.84742136772
Concrete,concrete,mlp,0.15,0.2,0.0044,0.0,700127,4,0.5926289926289926,0.8782894736842105,13,152.717041015625,0.9505609937192744,7103.0,646.0,2313.296949863772
Concrete,concrete,mlp,0.15,0.2,0.0055,0.0,710123,0,0.5773955773955773,0.9013157894736842,10,94.32797241210938,0.9296379594301348,5682.0,383.0,1873.43020671629
Concrete,concrete,mlp,0.15,0.2,0.0055,0.0,710124,1,0.6078624078624079,0.8207236842105263,29,100.27652740478516,0.9209574481458074,5329.0,385.0,1340.8688690909005
Concrete,concrete,mlp,0.15,0.2,0.0055,0.0,710125,2,0.5562653562653562,0.8289473684210527,12,105.98070526123048,0.9368867029492236,5497.0,443.0,1616.4799313650494
Concrete,concrete,mlp,0.15,0.2,0.0055,0.0,710126,3,0.6113022113022113,0.8486842105263158,16,106.04501342773438,0.9050517578457,5947.0,434.0,1870.4748818350895
Concrete,concrete,mlp,0.15,0.2,0.0055,0.0,710127,4,0.5760851760851761,0.8421052631578947,12,100.44051361083984,0.918611525233015,5942.0,386.0,1860.7993518425344
Concrete,concrete,mlp,0.15,0.2,0.0066,0.0,720123,0,0.6095004095004095,0.8273026315789473,9,112.00321197509766,0.933371357844906,6682.0,393.0,2149.4194101790417
Concrete,concrete,mlp,0.15,0.2,0.0066,0.0,720124,1,0.5764127764127764,0.8355263157894737,9,108.7813491821289,0.9352193104453628,6212.0,452.0,1937.4306182775936
Concrete,concrete,mlp,0.15,0.2,0.0066,0.0,720125,2,0.6188370188370188,0.84375,10,96.6945343017578,0.9326215576830232,6197.0,380.0,2088.121112202645
Concrete,concrete,mlp,0.15,0.2,0.0066,0.0,720126,3,0.575102375102375,0.868421052631579,13,87.23472595214844,0.9203492153069562,5283.0,349.0,1482.0078719267856
Concrete,concrete,mlp,0.15,0.2,0.0066,0.0,720127,4,0.5931203931203931,0.8717105263157895,18,75.33119201660156,0.9103815368293356,5072.0,273.0,1523.411799560727
Concrete,concrete,mlp,0.15,0.2,0.0011,0.1,730123,0,0.6175266175266175,0.8519736842105263,11,956.2572631835938,0.9765988989156676,6347.0,1344.0,1375.1586865754095
Concrete,concrete,mlp,0.15,0.2,0.0011,0.1,730124,1,0.634889434889435,0.8667763157894737,9,903.0256958007812,0.9835242837911466,4249.0,1477.0,1317.5830429815026
Concrete,concrete,mlp,0.15,0.2,0.0011,0.1,730125,2,0.5452907452907453,0.875,8,1087.7652587890625,0.9851576208181098,8791.0,2027.0,1964.1270266059057
Concrete,concrete,mlp,0.15,0.2,0.0011,0.1,730126,3,0.6263718263718264,0.8404605263157895,8,1043.48876953125,0.9849035655804376,4738.0,1849.0,1651.9364037729513
Concrete,concrete,mlp,0.15,0.2,0.0011,0.1,730127,4,0.6357084357084357,0.8569078947368421,10,996.8939208984376,0.9837304735791574,4799.0,1515.0,1406.3066952538084
Concrete,concrete,mlp,0.15,0.2,0.00165,0.1,740123,0,0.6176904176904177,0.84375,8,632.887451171875,0.977972991051706,5795.0,1130.0,1123.3568404058926
Concrete,concrete,mlp,0.15,0.2,0.00165,0.1,740124,1,0.6411138411138411,0.8125,11,634.1189575195312,0.9714471762669956,4969.0,906.0,944.4810272681588
Concrete,concrete,mlp,0.15,0.2,0.00165,0.1,740125,2,0.6412776412776413,0.8898026315789473,8,590.7202758789062,0.973004390220587,5398.0,1069.0,1061.6976124169057
Concrete,concrete,mlp,0.15,0.2,0.00165,0.1,740126,3,0.6578214578214578,0.8536184210526315,12,582.4951782226562,0.9677867209190456,3803.0,820.0,834.0377968796624
Concrete,concrete,mlp,0.15,0.2,0.00165,0.1,740127,4,0.5413595413595413,0.8914473684210527,9,644.4244384765625,0.9757959921673838,4286.0,1038.0,983.9525685827824
Concrete,concrete,mlp,0.15,0.2,0.0022,0.1,750123,0,0.5814905814905815,0.8601973684210527,11,407.47265625,0.9521678952958896,4835.0,644.0,704.8631900451201
Concrete,concrete,mlp,0.15,0.2,0.0022,0.1,750124,1,0.6109746109746109,0.875,8,468.4437255859375,0.9647693280374956,3809.0,917.0,888.037630536858
Concrete,concrete,mlp,0.15,0.2,0.0022,0.1,750125,2,0.6147420147420147,0.8914473684210527,8,470.4437255859375,0.9630869217519012,5989.0,901.0,970.6667865170808
Concrete,concrete,mlp,0.15,0.2,0.0022,0.1,750126,3,0.6335790335790336,0.8651315789473685,13,403.2090148925781,0.951624162994536,4148.0,598.0,653.3031253766807
Concrete,concrete,mlp,0.15,0.2,0.0022,0.1,750127,4,0.618018018018018,0.8009868421052632,9,467.678466796875,0.9649233355732336,8191.0,768.0,981.9198472248592
Concrete,concrete,mlp,0.15,0.2,0.00275,0.1,760123,0,0.5487305487305487,0.8766447368421053,20,282.2893981933594,0.9300665982786736,3735.0,408.0,487.2517706489381
Concrete,concrete,mlp,0.15,0.2,0.00275,0.1,760124,1,0.6212940212940213,0.8569078947368421,9,341.7138366699219,0.9548038965404988,3835.0,663.0,677.0360772964359
Concrete,concrete,mlp,0.15,0.2,0.00275,0.1,760125,2,0.6021294021294021,0.8667763157894737,9,303.4051513671875,0.9481695754135258,3973.0,555.0,604.9659005221012
Concrete,concrete,mlp,0.15,0.2,0.00275,0.1,760126,3,0.6222768222768222,0.8651315789473685,11,308.0032043457031,0.9458127161875798,3622.0,534.0,585.2730110379563
Concrete,concrete,mlp,0.15,0.2,0.00275,0.1,760127,4,0.6042588042588043,0.9029605263157896,11,343.7652587890625,0.9530426639708316,3809.0,600.0,620.6963743944904
Concrete,concrete,mlp,0.15,0.2,0.0033,0.1,770123,0,0.6848484848484848,0.8618421052631579,9,284.0546569824219,0.9442588924449482,5659.0,463.0,669.3550088020869
Concrete,concrete,mlp,0.15,0.2,0.0033,0.1,770124,1,0.6398034398034398,0.8700657894736842,8,273.9774780273437,0.9512140140790264,4058.0,548.0,618.1913275001876
Concrete,concrete,mlp,0.15,0.2,0.0033,0.1,770125,2,0.5682227682227682,0.8519736842105263,13,240.8746032714844,0.9409174811925272,4788.0,386.0,528.7631844672821
Concrete,concrete,mlp,0.15,0.2,0.0033,0.1,770126,3,0.6176904176904177,0.8273026315789473,8,237.9549865722656,0.949713599421128,4541.0,486.0,616.7153739936377
Concrete,concrete,mlp,0.15,0.2,0.0033,0.1,770127,4,0.6212940212940213,0.8486842105263158,9,249.83279418945312,0.9445616164471275,4266.0,433.0,538.2339341351029
Concrete,concrete,mlp,0.15,0.2,0.0044,0.1,780123,0,0.6393120393120393,0.881578947368421,16,140.3922882080078,0.8955290556061296,6017.0,213.0,583.7985122263699
Concrete,concrete,mlp,0.15,0.2,0.0044,0.1,780124,1,0.6332514332514333,0.912828947368421,18,174.45980834960938,0.9232203157983796,3316.0,292.0,392.9794638681799
Concrete,concrete,mlp,0.15,0.2,0.0044,0.1,780125,2,0.6368550368550369,0.8601973684210527,10,181.6334381103516,0.9248870417482074,7360.0,301.0,753.5890552140481
Concrete,concrete,mlp,0.15,0.2,0.0044,0.1,780126,3,0.5814905814905815,0.9029605263157896,12,185.3086853027344,0.914715174351802,6526.0,291.0,681.1267762943254
Concrete,concrete,mlp,0.15,0.2,0.0044,0.1,780127,4,0.6306306306306306,0.8618421052631579,12,182.90353393554688,0.9237534208263928,7860.0,288.0,760.0203343076205
Concrete,concrete,mlp,0.15,0.2,0.0055,0.1,790123,0,0.5659295659295659,0.8618421052631579,7,147.9935760498047,0.925895579653116,5631.0,350.0,792.5766853023547
Concrete,concrete,mlp,0.15,0.2,0.0055,0.1,790124,1,0.6037674037674038,0.8782894736842105,10,160.08682250976562,0.9103810845539048,5028.0,251.0,559.117149752125
Concrete,concrete,mlp,0.15,0.2,0.0055,0.1,790125,2,0.6471744471744472,0.8618421052631579,15,122.45980834960938,0.9063821512361612,3451.0,235.0,378.4224527313448
Concrete,concrete,mlp,0.15,0.2,0.0055,0.1,790126,3,0.618018018018018,0.8256578947368421,11,138.38262939453125,0.8906157769405594,3587.0,258.0,388.0316890590406
Concrete,concrete,mlp,0.15,0.2,0.0055,0.1,790127,4,0.5608517608517608,0.881578947368421,14,103.17041778564452,0.8811634582257185,3721.0,203.0,400.3666700094416
Concrete,concrete,mlp,0.15,0.2,0.0066,0.1,800123,0,0.5402129402129402,0.868421052631579,25,88.3376235961914,0.8349281120783257,4319.0,123.0,377.9348279878415
Concrete,concrete,mlp,0.15,0.2,0.0066,0.1,800124,1,0.5775593775593776,0.8700657894736842,13,97.1543426513672,0.8632475026125896,5255.0,151.0,515.6545472907707
Concrete,concrete,mlp,0.15,0.2,0.0066,0.1,800125,2,0.6067158067158067,0.8207236842105263,12,138.65916442871094,0.8851337827618427,6109.0,184.0,588.7798384176306
Concrete,concrete,mlp,0.15,0.2,0.0066,0.1,800126,3,0.5597051597051597,0.8305921052631579,13,109.16398620605467,0.8506021664276577,6315.0,133.0,657.1402718327853
Concrete,concrete,mlp,0.15,0.2,0.0066,0.1,800127,4,0.5302211302211303,0.881578947368421,24,75.6205825805664,0.8434155173312201,2596.0,142.0,253.5064711983672
Concrete,concrete,mlp,0.15,0.2,0.0011,0.2,810123,0,0.6414414414414414,0.881578947368421,10,951.4984130859376,0.9799903483242572,4037.0,1474.0,1336.551056169387
Concrete,concrete,mlp,0.15,0.2,0.0011,0.2,810124,1,0.5942669942669943,0.8569078947368421,10,917.4373168945312,0.9805352999509462,5011.0,1366.0,1278.9269325904295
Concrete,concrete,mlp,0.15,0.2,0.0011,0.2,810125,2,0.6212940212940213,0.8766447368421053,7,1158.7587890625,0.9811832836748674,6639.0,2321.0,2062.757371413631
Concrete,concrete,mlp,0.15,0.2,0.0011,0.2,810126,3,0.62997542997543,0.8717105263157895,9,965.3182983398438,0.9825745578765924,4860.0,1842.0,1576.0917354852668
Concrete,concrete,mlp,0.15,0.2,0.0011,0.2,810127,4,0.6108108108108108,0.8421052631578947,10,981.5048217773438,0.9808781382581596,4535.0,1450.0,1355.434011090817
Concrete,concrete,mlp,0.15,0.2,0.00165,0.2,820123,0,0.6552006552006552,0.8404605263157895,10,618.1607666015625,0.9719197529641028,4084.0,849.0,850.0562576554833
Concrete,concrete,mlp,0.15,0.2,0.00165,0.2,820124,1,0.6275184275184276,0.8552631578947368,8,660.9678344726562,0.9739389274088912,4709.0,1126.0,1099.1260002064218
Concrete,concrete,mlp,0.15,0.2,0.00165,0.2,820125,2,0.55004095004095,0.8240131578947368,8,660.09326171875,0.9753485605221618,4618.0,1123.0,1098.2718331935157
Concrete,concrete,mlp,0.15,0.2,0.00165,0.2,820126,3,0.6486486486486487,0.8667763157894737,10,642.0321655273438,0.9678187638797856,5002.0,1020.0,993.626816161568
Concrete,concrete,mlp,0.15,0.2,0.00165,0.2,820127,4,0.6361998361998362,0.9078947368421052,10,585.69775390625,0.9705691300070076,4278.0,843.0,855.9690767050809
Concrete,concrete,mlp,0.15,0.2,0.0022,0.2,830123,0,0.5493857493857494,0.8355263157894737,10,425.2861633300781,0.9646572379622408,5693.0,654.0,752.6121979784141
Concrete,concrete,mlp,0.15,0.2,0.0022,0.2,830124,1,0.6376740376740376,0.8601973684210527,12,353.0578918457031,0.951398189912781,4308.0,464.0,568.5108752329699
Concrete,concrete,mlp,0.15,0.2,0.0022,0.2,830125,2,0.5877149877149878,0.8157894736842105,9,462.7877807617188,0.9666643244679926,3599.0,718.0,727.7708020457902
Concrete,concrete,mlp,0.15,0.2,0.0022,0.2,830126,3,0.6206388206388206,0.8355263157894737,9,451.6945190429688,0.9645961837175604,3014.0,878.0,785.8374806112146
Concrete,concrete,mlp,0.15,0.2,0.0022,0.2,830127,4,0.5823095823095823,0.8651315789473685,10,460.43408203125,0.9637945455912348,4499.0,672.0,717.6981562623581
Concrete,concrete,mlp,0.15,0.2,0.00275,0.2,840123,0,0.6301392301392301,0.8700657894736842,22,255.0064239501953,0.9331808744753513,3231.0,336.0,386.6874332292991
Concrete,concrete,mlp,0.15,0.2,0.00275,0.2,840124,1,0.5674037674037674,0.84375,8,361.24114990234375,0.9597679746457012,3165.0,654.0,641.9226167685199
Concrete,concrete,mlp,0.15,0.2,0.00275,0.2,840125,2,0.6512694512694512,0.84375,12,292.5916442871094,0.9433051918575488,2847.0,454.0,469.5601753839108
Concrete,concrete,mlp,0.15,0.2,0.00275,0.2,840126,3,0.5834561834561834,0.8404605263157895,8,319.5691223144531,0.9501273265533944,3535.0,610.0,629.239620432786
Concrete,concrete,mlp,0.15,0.2,0.00275,0.2,840127,4,0.5977067977067977,0.8207236842105263,12,277.36334228515625,0.9449915042214744,4084.0,395.0,487.3552264002456
Concrete,concrete,mlp,0.15,0.2,0.0033,0.2,850123,0,0.6473382473382473,0.8207236842105263,8,285.4694519042969,0.9497063920556974,4630.0,562.0,705.3478292506782
Concrete,concrete,mlp,0.15,0.2,0.0033,0.2,850124,1,0.6384930384930385,0.8536184210526315,11,226.4276580810547,0.9288038207719354,3628.0,375.0,463.3927920908656
Concrete,concrete,mlp,0.15,0.2,0.0033,0.2,850125,2,0.5528255528255528,0.8667763157894737,13,239.1639862060547,0.923003596868054,4439.0,334.0,453.6863858353349
Concrete,concrete,mlp,0.15,0.2,0.0033,0.2,850126,3,0.5808353808353809,0.8667763157894737,12,266.3794250488281,0.9390277697534184,3834.0,359.0,445.70985129166473
Concrete,concrete,mlp,0.15,0.2,0.0033,0.2,850127,4,0.5932841932841932,0.8832236842105263,12,227.77813720703125,0.9210988753227348,2830.0,323.0,369.90794553129615
Concrete,concrete,mlp,0.15,0.2,0.0044,0.2,860123,0,0.6006552006552006,0.7861842105263158,9,216.9871368408203,0.9284403394974112,7741.0,334.0,728.7395810942289
Concrete,concrete,mlp,0.15,0.2,0.0044,0.2,860124,1,0.5973791973791974,0.8322368421052632,12,140.24758911132812,0.8737613126568369,5461.0,172.0,485.72761300848026
Concrete,concrete,mlp,0.15,0.2,0.0044,0.2,860125,2,0.5518427518427519,0.8338815789473685,9,173.7106170654297,0.9091646834855452,8127.0,253.0,863.5682950712129
Concrete,concrete,mlp,0.15,0.2,0.0044,0.2,860126,3,0.6216216216216216,0.7927631578947368,9,185.0032196044922,0.9230515245243808,4789.0,309.0,504.25811312666383
Concrete,concrete,mlp,0.15,0.2,0.0044,0.2,860127,4,0.5608517608517608,0.8733552631578947,16,157.8713836669922,0.8937143611427022,5223.0,211.0,450.1748659813027
Concrete,concrete,mlp,0.15,0.2,0.0055,0.2,870123,0,0.5895167895167895,0.8618421052631579,13,150.1414794921875,0.8900958741511285,8027.0,182.0,687.4827376060368
Concrete,concrete,mlp,0.15,0.2,0.0055,0.2,870124,1,0.5936117936117936,0.8947368421052632,14,117.99356842041016,0.8788436215021276,2098.0,184.0,236.2834158791004
Concrete,concrete,mlp,0.15,0.2,0.0055,0.2,870125,2,0.584930384930385,0.881578947368421,10,130.47589111328125,0.9069391605451804,4882.0,200.0,530.3443168097707
Concrete,concrete,mlp,0.15,0.2,0.0055,0.2,870126,3,0.6448812448812449,0.8125,12,110.1414794921875,0.8871798453708049,2103.0,177.0,228.05886900156491
Concrete,concrete,mlp,0.15,0.2,0.0055,0.2,870127,4,0.5636363636363636,0.868421052631579,14,131.52732849121094,0.8896195490602906,4735.0,186.0,447.0281073905874
Concrete,concrete,mlp,0.15,0.2,0.0066,0.2,880123,0,0.5493857493857494,0.8865131578947368,11,110.03536987304688,0.8786260128940642,2995.0,162.0,288.0169089045139
Concrete,concrete,mlp,0.15,0.2,0.0066,0.2,880124,1,0.5937755937755937,0.7911184210526315,13,98.19935607910156,0.8300329937286132,5565.0,140.0,598.0062010725202
Concrete,concrete,mlp,0.15,0.2,0.0066,0.2,880125,2,0.5505323505323505,0.8470394736842105,13,95.51768493652344,0.8613039246740399,3395.0,162.0,314.32565533719657
Concrete,concrete,mlp,0.15,0.2,0.0066,0.2,880126,3,0.6244062244062244,0.837171052631579,13,114.04823303222656,0.846111656251131,5438.0,151.0,476.8675666572301
Concrete,concrete,mlp,0.15,0.2,0.0066,0.2,880127,4,0.5674037674037674,0.8305921052631579,12,115.09003448486328,0.8839441646883499,2917.0,165.0,283.19250432492555
Concrete,concrete,mlp,0.15,0.2,0.0011,0.4,890123,0,0.5963963963963964,0.8536184210526315,10,990.1029052734376,0.9779319571155972,4970.0,1451.0,1356.5245783057846
Concrete,concrete,mlp,0.15,0.2,0.0011,0.4,890124,1,0.6127764127764128,0.8865131578947368,8,958.7106323242188,0.9827603026964484,6083.0,1652.0,1516.385409031613
Concrete,concrete,mlp,0.15,0.2,0.0011,0.4,890125,2,0.6294840294840295,0.84375,10,941.2990112304688,0.9767181670923027,4960.0,1550.0,1402.79463150982
Concrete,concrete,mlp,0.15,0.2,0.0011,0.4,890126,3,0.6343980343980344,0.8733552631578947,8,1029.41796875,0.9840650601931508,6041.0,1962.0,1747.7042835673217
Concrete,concrete,mlp,0.15,0.2,0.0011,0.4,890127,4,0.6853398853398853,0.8832236842105263,11,1077.0128173828125,0.979343340454448,4473.0,1785.0,1568.9948641669228
Concrete,concrete,mlp,0.15,0.2,0.00165,0.4,900123,0,0.5698607698607698,0.8601973684210527,10,569.3633422851562,0.9642357881392164,3509.0,863.0,845.9941597033666
Concrete,concrete,mlp,0.15,0.2,0.00165,0.4,900124,1,0.5873873873873874,0.875,8,683.491943359375,0.97762911636162,7080.0,1155.0,1179.7976444355554
Concrete,concrete,mlp,0.15,0.2,0.00165,0.4,900125,2,0.6022932022932023,0.8536184210526315,9,662.6688232421875,0.973192269294015,5253.0,1040.0,1043.4353478522069
Concrete,concrete,mlp,0.15,0.2,0.00165,0.4,900126,3,0.6322686322686323,0.8519736842105263,9,612.337646484375,0.9761693931026368,4348.0,1036.0,983.5602219478036
Concrete,concrete,mlp,0.15,0.2,0.00165,0.4,900127,4,0.6681408681408681,0.850328947368421,9,584.90673828125,0.9722582167277208,3247.0,1085.0,944.4950669135518
Concrete,concrete,mlp,0.15,0.2,0.0022,0.4,910123,0,0.64995904995905,0.8305921052631579,8,511.93890380859375,0.9617751844067144,6742.0,867.0,1008.8874896872652
Concrete,concrete,mlp,0.15,0.2,0.0022,0.4,910124,1,0.6147420147420147,0.8470394736842105,8,427.4469604492188,0.9653107713576048,5481.0,710.0,830.7378382417911
Concrete,concrete,mlp,0.15,0.2,0.0022,0.4,910125,2,0.5977067977067977,0.8634868421052632,11,405.0450134277344,0.9526843041185954,2528.0,619.0,589.337268055592
Concrete,concrete,mlp,0.15,0.2,0.0022,0.4,910126,3,0.6388206388206388,0.8667763157894737,10,401.0450134277344,0.9597238338392756,3358.0,621.0,621.3131706075372
Concrete,concrete,mlp,0.15,0.2,0.0022,0.4,910127,4,0.5891891891891892,0.8634868421052632,8,482.6077270507813,0.9725694351106596,6873.0,858.0,969.024091386138
Concrete,concrete,mlp,0.15,0.2,0.00275,0.4,920123,0,0.5693693693693693,0.8914473684210527,8,365.2990417480469,0.9580600306959318,3751.0,708.0,726.5987086680548
Concrete,concrete,mlp,0.15,0.2,0.00275,0.4,920124,1,0.6086814086814086,0.8865131578947368,9,282.8746032714844,0.947484323769108,2875.0,473.0,508.9313801149765
Concrete,concrete,mlp,0.15,0.2,0.00275,0.4,920125,2,0.6443898443898444,0.8470394736842105,9,331.9742736816406,0.9596070221061962,5854.0,548.0,733.3011022923117
Concrete,concrete,mlp,0.15,0.2,0.00275,0.4,920126,3,0.6458640458640459,0.8651315789473685,9,377.4694519042969,0.9622662269599594,7181.0,602.0,771.5978947891573
Concrete,concrete,mlp,0.15,0.2,0.00275,0.4,920127,4,0.6204750204750205,0.8388157894736842,8,385.36334228515625,0.9649113463084176,7562.0,623.0,856.1019422012637
Concrete,concrete,mlp,0.15,0.2,0.0033,0.4,930123,0,0.6276822276822277,0.84375,13,233.1479034423828,0.9228876743980334,2504.0,315.0,351.93561184257305
Concrete,concrete,mlp,0.15,0.2,0.0033,0.4,930124,1,0.5685503685503686,0.837171052631579,10,229.2700958251953,0.9276843438026676,3586.0,337.0,421.0597135033792
Concrete,concrete,mlp,0.15,0.2,0.0033,0.4,930125,2,0.6417690417690418,0.868421052631579,11,292.8424377441406,0.9371628415941832,2444.0,383.0,403.7394723553854
Concrete,concrete,mlp,0.15,0.2,0.0033,0.4,930126,3,0.5816543816543817,0.8618421052631579,9,249.24758911132807,0.9398203693892736,5555.0,395.0,567.1606563005645
Concrete,concrete,mlp,0.15,0.2,0.0033,0.4,930127,4,0.5705159705159705,0.8782894736842105,16,220.4790954589844,0.920494035175658,5180.0,291.0,433.7976538266309
Concrete,concrete,mlp,0.15,0.2,0.0044,0.4,940123,0,0.6039312039312039,0.8947368421052632,11,167.8392333984375,0.9109696376055336,2726.0,275.0,328.8198519827883
Concrete,concrete,mlp,0.15,0.2,0.0044,0.4,940124,1,0.559049959049959,0.8273026315789473,14,166.95498657226562,0.8904547256409875,3338.0,222.0,315.37474419282665
Concrete,concrete,mlp,0.15,0.2,0.0044,0.4,940125,2,0.5854217854217855,0.8766447368421053,10,167.7041778564453,0.9186409625276404,4319.0,247.0,409.7242212037073
Concrete,concrete,mlp,0.15,0.2,0.0044,0.4,940126,3,0.646027846027846,0.837171052631579,11,161.7138214111328,0.920399671343571,3255.0,240.0,334.7445400047108
Concrete,concrete,mlp,0.15,0.2,0.0044,0.4,940127,4,0.5696969696969697,0.8634868421052632,9,187.94212341308597,0.93078665360971,4383.0,335.0,483.65821780870886
Concrete,concrete,mlp,0.15,0.2,0.0055,0.4,950123,0,0.6440622440622441,0.8240131578947368,18,124.46945190429688,0.8619123285813615,3166.0,153.0,269.1983256109688
Concrete,concrete,mlp,0.15,0.2,0.0055,0.4,950124,1,0.6093366093366094,0.805921052631579,9,185.585205078125,0.9129783216129528,6375.0,286.0,544.4046219096838
Concrete,concrete,mlp,0.15,0.2,0.0055,0.4,950125,2,0.514004914004914,0.8404605263157895,11,142.25401306152344,0.8939852944280443,4559.0,186.0,369.6954099155813
Concrete,concrete,mlp,0.15,0.2,0.0055,0.4,950126,3,0.6158886158886159,0.837171052631579,11,124.41478729248048,0.9092281824850064,3051.0,202.0,312.625330075073
Concrete,concrete,mlp,0.15,0.2,0.0055,0.4,950127,4,0.6088452088452089,0.8782894736842105,11,101.0643081665039,0.8519311091805164,2555.0,173.0,253.79294914076868
Concrete,concrete,mlp,0.15,0.2,0.0066,0.4,960123,0,0.6343980343980344,0.8782894736842105,18,91.9260482788086,0.839293996769344,1687.0,123.0,169.95720584452658
Concrete,concrete,mlp,0.15,0.2,0.0066,0.4,960124,1,0.5664209664209664,0.9046052631578948,12,87.42121887207031,0.8204929255037267,3993.0,113.0,383.46534982073865
Concrete,concrete,mlp,0.15,0.2,0.0066,0.4,960125,2,0.5813267813267813,0.8322368421052632,10,107.7813491821289,0.8762053668757435,4445.0,164.0,454.78803652566967
Concrete,concrete,mlp,0.15,0.2,0.0066,0.4,960126,3,0.5226863226863226,0.837171052631579,15,88.151123046875,0.8617764149886638,2043.0,127.0,194.4713539484356
Concrete,concrete,mlp,0.15,0.2,0.0066,0.4,960127,4,0.6258804258804259,0.8470394736842105,12,93.7395477294922,0.8542914736449277,3406.0,126.0,290.5616193008949
Concrete,concrete,mlp,0.15,0.5,0.0011,0.0,970123,0,0.6507780507780507,0.850328947368421,13,485.6913146972656,0.9812216301166627,11522.0,2471.0,4233.815684687882
Concrete,concrete,mlp,0.15,0.5,0.0011,0.0,970124,1,0.6361998361998362,0.8453947368421053,10,527.8521118164062,0.9843355063381825,12741.0,2600.0,4693.61146635797
Concrete,concrete,mlp,0.15,0.5,0.0011,0.0,970125,2,0.6558558558558558,0.8700657894736842,16,530.2540283203125,0.979683683202122,11723.0,2447.0,4033.365075650495
Concrete,concrete,mlp,0.15,0.5,0.0011,0.0,970126,3,0.6185094185094185,0.8618421052631579,15,509.4983825683594,0.9813639097096988,11644.0,2348.0,3933.840779790632
Concrete,concrete,mlp,0.15,0.5,0.0011,0.0,970127,4,0.613923013923014,0.8536184210526315,7,681.2990112304688,0.9909474164622708,14507.0,3332.0,5545.55345149674
Concrete,concrete,mlp,0.15,0.5,0.00165,0.0,980123,0,0.6696150696150697,0.8881578947368421,18,311.0578918457031,0.9680649956333004,9215.0,1453.0,3014.639752652706
Concrete,concrete,mlp,0.15,0.5,0.00165,0.0,980124,1,0.6248976248976249,0.8667763157894737,7,480.5820007324219,0.9849750913294336,11483.0,2436.0,4130.120024390514
Concrete,concrete,mlp,0.15,0.5,0.00165,0.0,980125,2,0.6321048321048321,0.8207236842105263,8,400.019287109375,0.9757924353192842,10601.0,2001.0,3713.6829174276177
Concrete,concrete,mlp,0.15,0.5,0.00165,0.0,980126,3,0.6113022113022113,0.8963815789473685,14,327.26043701171875,0.9740261786637804,9740.0,1509.0,3126.732184017727
Concrete,concrete,mlp,0.15,0.5,0.00165,0.0,980127,4,0.6,0.8404605263157895,10,394.1575622558594,0.96189746604299,11282.0,1768.0,3738.859569592787
Concrete,concrete,mlp,0.15,0.5,0.0022,0.0,990123,0,0.5932841932841932,0.8470394736842105,17,268.0257263183594,0.9697349876088764,8186.0,1366.0,3019.83460559227
Concrete,concrete,mlp,0.15,0.5,0.0022,0.0,990124,1,0.6083538083538084,0.8552631578947368,8,300.0675354003906,0.966634737301328,9945.0,1356.0,3182.225471802157
Concrete,concrete,mlp,0.15,0.5,0.0022,0.0,990125,2,0.6047502047502048,0.8651315789473685,25,207.61737060546875,0.9670170204307024,7191.0,1058.0,2535.0200901080984
Concrete,concrete,mlp,0.15,0.5,0.0022,0.0,990126,3,0.6039312039312039,0.8421052631578947,8,320.18328857421875,0.9735567023512928,9410.0,1476.0,3059.8270575954016
Concrete,concrete,mlp,0.15,0.5,0.0022,0.0,990127,4,0.5896805896805897,0.8881578947368421,18,215.7588348388672,0.9581547617861412,7881.0,933.0,2264.51077257331
Concrete,concrete,mlp,0.15,0.5,0.00275,0.0,1000123,0,0.6276822276822277,0.8355263157894737,11,169.1832733154297,0.9399083636628974,7446.0,752.0,2307.5387249169385
Concrete,concrete,mlp,0.15,0.5,0.00275,0.0,1000124,1,0.6520884520884521,0.837171052631579,13,169.92604064941406,0.9457168973028652,6887.0,678.0,1922.8334110602943
Concrete,concrete,mlp,0.15,0.5,0.00275,0.0,1000125,2,0.641932841932842,0.8963815789473685,25,175.50804138183594,0.9488312541375776,6728.0,764.0,1882.8269654076744
Concrete,concrete,mlp,0.15,0.5,0.00275,0.0,1000126,3,0.6327600327600328,0.8733552631578947,11,200.81028747558597,0.9471150568884934,7239.0,964.0,2424.158759187051
Concrete,concrete,mlp,0.15,0.5,0.00275,0.0,1000127,4,0.5977067977067977,0.8453947368421053,12,200.4276580810547,0.9529950412117826,7820.0,819.0,2122.2492284814984
Concrete,concrete,mlp,0.15,0.5,0.0033,0.0,1010123,0,0.5608517608517608,0.8519736842105263,11,193.84243774414065,0.9451418762610748,8243.0,786.0,2362.8761562247128
Concrete,concrete,mlp,0.15,0.5,0.0033,0.0,1010124,1,0.6352170352170352,0.8569078947368421,13,193.66558837890625,0.9516699448850758,7485.0,891.0,2258.808352251238
Concrete,concrete,mlp,0.15,0.5,0.0033,0.0,1010125,2,0.6452088452088452,0.8289473684210527,9,158.88424682617188,0.9432301850697627,6998.0,722.0,2174.582297307076
Concrete,concrete,mlp,0.15,0.5,0.0033,0.0,1010126,3,0.6640458640458641,0.8256578947368421,12,165.06109619140625,0.9453962572211716,6775.0,705.0,1955.6475329814511
Concrete,concrete,mlp,0.15,0.5,0.0033,0.0,1010127,4,0.593939393939394,0.8733552631578947,10,174.63987731933594,0.9526148006087783,7121.0,881.0,2401.3586942024813
Concrete,concrete,mlp,0.15,0.5,0.0044,0.0,1020123,0,0.6039312039312039,0.8388157894736842,14,93.40836334228516,0.9243950204083402,5491.0,408.0,1620.1031204993603
Concrete,concrete,mlp,0.15,0.5,0.0044,0.0,1020124,1,0.5924651924651925,0.8322368421052632,11,90.14469146728516,0.9153798918111464,4845.0,399.0,1537.6804153341775
Concrete,concrete,mlp,0.15,0.5,0.0044,0.0,1020125,2,0.6257166257166257,0.8634868421052632,11,106.92926025390624,0.9148214676187952,6090.0,416.0,1720.2512473264046
Concrete,concrete,mlp,0.15,0.5,0.0044,0.0,1020126,3,0.6262080262080262,0.8421052631578947,16,103.6623764038086,0.9289112875711688,5285.0,480.0,1664.8291043015831
Concrete,concrete,mlp,0.15,0.5,0.0044,0.0,1020127,4,0.6104832104832105,0.8453947368421053,19,103.66559600830078,0.938605076112718,5716.0,487.0,1896.100218590806
Concrete,concrete,mlp,0.15,0.5,0.0055,0.0,1030123,0,0.5570843570843571,0.8963815789473685,11,100.40514373779295,0.9271619895818164,5433.0,424.0,1586.2356536427706
Concrete,concrete,mlp,0.15,0.5,0.0055,0.0,1030124,1,0.58001638001638,0.8914473684210527,16,71.81350708007812,0.912025013904737,4222.0,294.0,1167.6572461361968
Concrete,concrete,mlp,0.15,0.5,0.0055,0.0,1030125,2,0.5759213759213759,0.84375,11,102.16398620605467,0.9075086268327892,7007.0,293.0,1884.600361156899
Concrete,concrete,mlp,0.15,0.5,0.0055,0.0,1030126,3,0.5723177723177724,0.868421052631579,10,90.5626983642578,0.906098952780798,6955.0,304.0,2159.049632943739
Concrete,concrete,mlp,0.15,0.5,0.0055,0.0,1030127,4,0.6311220311220311,0.8766447368421053,22,95.08038330078124,0.9363533060557429,5167.0,462.0,1665.3018239887388
Concrete,concrete,mlp,0.15,0.5,0.0066,0.0,1040123,0,0.5593775593775594,0.8453947368421053,13,51.990352630615234,0.8438963511502066,3731.0,198.0,1101.6521197428983
Concrete,concrete,mlp,0.15,0.5,0.0066,0.0,1040124,1,0.5695331695331696,0.8273026315789473,12,76.48231506347656,0.9185064113373556,4837.0,327.0,1573.6053762559145
Concrete,concrete,mlp,0.15,0.5,0.0066,0.0,1040125,2,0.5428337428337429,0.8240131578947368,11,66.11254119873047,0.8997930082304507,4731.0,274.0,1484.8412355483613
Concrete,concrete,mlp,0.15,0.5,0.0066,0.0,1040126,3,0.568058968058968,0.8421052631578947,12,71.22186279296875,0.9032226725254292,4353.0,283.0,1193.4037830067643
Concrete,concrete,mlp,0.15,0.5,0.0066,0.0,1040127,4,0.5079443079443079,0.8421052631578947,16,68.42765045166016,0.9047419414739172,3861.0,291.0,984.0461992075474
Concrete,concrete,mlp,0.15,0.5,0.0011,0.1,1050123,0,0.638984438984439,0.8207236842105263,6,1179.299072265625,0.9886217620971118,8448.0,2220.0,2191.306282425508
Concrete,concrete,mlp,0.15,0.5,0.0011,0.1,1050124,1,0.6153972153972154,0.8717105263157895,7,1063.266845703125,0.985752608533612,6771.0,1979.0,1835.913561873889
Concrete,concrete,mlp,0.15,0.5,0.0011,0.1,1050125,2,0.6163800163800164,0.868421052631579,12,924.7138061523438,0.979286057156096,4958.0,1235.0,1202.0542727669294
Concrete,concrete,mlp,0.15,0.5,0.0011,0.1,1050126,3,0.6437346437346437,0.8569078947368421,9,880.2572631835938,0.9729846204999444,4429.0,1352.0,1262.5302308566302
Concrete,concrete,mlp,0.15,0.5,0.0011,0.1,1050127,4,0.6104832104832105,0.8782894736842105,12,928.360107421875,0.9758629372396816,3006.0,1251.0,1152.7750367047583
Concrete,concrete,mlp,0.15,0.5,0.00165,0.1,1060123,0,0.5831285831285832,0.8536184210526315,11,678.8199462890625,0.9736967570182103,4821.0,943.0,955.6238339891962
Concrete,concrete,mlp,0.15,0.5,0.00165,0.1,1060124,1,0.5877149877149878,0.8174342105263158,10,548.0867919921875,0.9692717720572768,7553.0,869.0,989.690122853576
Concrete,concrete,mlp,0.15,0.5,0.00165,0.1,1060125,2,0.5983619983619983,0.8223684210526315,7,712.9743041992188,0.9775941989729318,5711.0,1239.0,1225.3664179635912
Concrete,concrete,mlp,0.15,0.5,0.00165,0.1,1060126,3,0.6188370188370188,0.8634868421052632,9,510.2861633300781,0.9664827164487978,5065.0,756.0,806.948783719086
Concrete,concrete,mlp,0.15,0.5,0.00165,0.1,1060127,4,0.62997542997543,0.875,9,544.4566040039062,0.9642320015608856,3534.0,833.0,797.5919568055383
Concrete,concrete,mlp,0.15,0.5,0.0022,0.1,1070123,0,0.6602784602784603,0.8338815789473685,10,404.9903564453125,0.9536613237893165,4083.0,631.0,670.0116138265985
Concrete,concrete,mlp,0.15,0.5,0.0022,0.1,1070124,1,0.6376740376740376,0.8552631578947368,9,408.1189575195313,0.9605139519984492,4599.0,614.0,680.228844367576
Concrete,concrete,mlp,0.15,0.5,0.0022,0.1,1070125,2,0.6248976248976249,0.8552631578947368,14,371.5562744140625,0.945315963232316,6714.0,541.0,785.601684663819
Concrete,concrete,mlp,0.15,0.5,0.0022,0.1,1070126,3,0.6075348075348075,0.868421052631579,8,438.0835876464844,0.96834787304168,7372.0,717.0,915.6988736667068
Concrete,concrete,mlp,0.15,0.5,0.0022,0.1,1070127,4,0.6271908271908272,0.8700657894736842,11,381.5337524414063,0.9557995653400726,5353.0,592.0,696.3563170312375
Concrete,concrete,mlp,0.15,0.5,0.00275,0.1,1080123,0,0.6319410319410319,0.819078947368421,10,241.61737060546875,0.9314693260760716,3236.0,413.0,476.655678182442
Concrete,concrete,mlp,0.15,0.5,0.00275,0.1,1080124,1,0.5737919737919738,0.8355263157894737,11,318.5884094238281,0.9466831361181604,2362.0,511.0,506.533169431402
Concrete,concrete,mlp,0.15,0.5,0.00275,0.1,1080125,2,0.6193284193284193,0.8470394736842105,11,272.8649597167969,0.9391623682345506,5527.0,401.0,572.138353117886
Concrete,concrete,mlp,0.15,0.5,0.00275,0.1,1080126,3,0.5626535626535627,0.8125,11,271.6495056152344,0.9208446861368612,3295.0,430.0,480.1687684045591
Concrete,concrete,mlp,0.15,0.5,0.00275,0.1,1080127,4,0.5901719901719902,0.84375,13,262.5594787597656,0.9259756210042706,2763.0,427.0,446.3721700739621
Concrete,concrete,mlp,0.15,0.5,0.0033,0.1,1090123,0,0.5828009828009828,0.8766447368421053,12,238.7299041748047,0.92253852259047,9765.0,325.0,822.7702967497189
Concrete,concrete,mlp,0.15,0.5,0.0033,0.1,1090124,1,0.60999180999181,0.8157894736842105,10,223.2508087158203,0.9407309801713044,3947.0,332.0,445.1899300641256
Concrete,concrete,mlp,0.15,0.5,0.0033,0.1,1090125,2,0.5575757575757576,0.8848684210526315,10,255.36334228515625,0.940972827249178,4088.0,403.0,503.45081694027823
Concrete,concrete,mlp,0.15,0.5,0.0033,0.1,1090126,3,0.5608517608517608,0.9078947368421052,16,211.0578765869141,0.9215309101158804,3463.0,314.0,394.0178344405746
Concrete,concrete,mlp,0.15,0.5,0.0033,0.1,1090127,4,0.6455364455364455,0.8914473684210527,12,217.6848907470703,0.9119959506062266,3142.0,365.0,415.8727866449949
Concrete,concrete,mlp,0.15,0.5,0.0044,0.1,1100123,0,0.6163800163800164,0.8947368421052632,25,157.34725952148438,0.9118554746150797,4332.0,223.0,396.05831287351424
Concrete,concrete,mlp,0.15,0.5,0.0044,0.1,1100124,1,0.5898443898443898,0.8947368421052632,8,187.4469451904297,0.9200273165102996,4830.0,302.0,532.0154836272749
Concrete,concrete,mlp,0.15,0.5,0.0044,0.1,1100125,2,0.5765765765765766,0.8881578947368421,23,139.1318359375,0.873525838615493,3829.0,212.0,391.2579904640621
Concrete,concrete,mlp,0.15,0.5,0.0044,0.1,1100126,3,0.5705159705159705,0.8667763157894737,9,179.23794555664062,0.928557150050099,4974.0,276.0,518.8540119519939
Concrete,concrete,mlp,0.15,0.5,0.0044,0.1,1100127,4,0.6103194103194103,0.8486842105263158,12,152.33761596679688,0.8903154369966926,4594.0,231.0,433.8790971751778
Concrete,concrete,mlp,0.15,0.5,0.0055,0.1,1110123,0,0.5656019656019656,0.8486842105263158,13,94.0643081665039,0.8773744442772868,2779.0,171.0,275.159849180425
Concrete,concrete,mlp,0.15,0.5,0.0055,0.1,1110124,1,0.5700245700245701,0.8569078947368421,15,123.80064392089844,0.8881216937775516,4034.0,202.0,400.0727267493379
Concrete,concrete,mlp,0.15,0.5,0.0055,0.1,1110125,2,0.5895167895167895,0.9111842105263158,12,123.65916442871094,0.8709233657625937,6591.0,180.0,733.3180286524297
Concrete,concrete,mlp,0.15,0.5,0.0055,0.1,1110126,3,0.539066339066339,0.819078947368421,15,97.68810272216795,0.8732953912168828,3734.0,175.0,432.4647106513107
Concrete,concrete,mlp,0.15,0.5,0.0055,0.1,1110127,4,0.5733005733005733,0.8552631578947368,12,115.44051361083984,0.8871136628831486,4709.0,192.0,457.6953606877065
Concrete,concrete,mlp,0.15,0.5,0.0066,0.1,1120123,0,0.6645372645372646,0.8865131578947368,14,87.28939056396484,0.8323965596420498,3915.0,116.0,355.92877264820726
Concrete,concrete,mlp,0.15,0.5,0.0066,0.1,1120124,1,0.6332514332514333,0.8108552631578947,10,92.51447296142578,0.8728109976177181,3544.0,143.0,345.8470117658684
Concrete,concrete,mlp,0.15,0.5,0.0066,0.1,1120125,2,0.6506142506142506,0.8453947368421053,14,88.58842468261719,0.8697949822820265,3323.0,162.0,332.62682275202945
Concrete,concrete,mlp,0.15,0.5,0.0066,0.1,1120126,3,0.5167895167895168,0.8404605263157895,15,82.57234954833984,0.8232960351688153,5020.0,116.0,519.2593559029661
Concrete,concrete,mlp,0.15,0.5,0.0066,0.1,1120127,4,0.58001638001638,0.8519736842105263,10,81.79742431640625,0.8428695816775118,4263.0,128.0,461.3530419864077
Concrete,concrete,mlp,0.15,0.5,0.0011,0.2,1130123,0,0.6258804258804259,0.8470394736842105,6,1176.8167724609375,0.987978915463559,8603.0,2326.0,2197.425935069139
Concrete,concrete,mlp,0.15,0.5,0.0011,0.2,1130124,1,0.6275184275184276,0.8486842105263158,9,932.491943359375,0.9773357612616032,3953.0,1377.0,1280.394247919551
Concrete,concrete,mlp,0.15,0.5,0.0011,0.2,1130125,2,0.6340704340704341,0.8421052631578947,7,1020.9356689453124,0.9856345223679928,6636.0,1816.0,1721.4508350105243
Concrete,concrete,mlp,0.15,0.5,0.0011,0.2,1130126,3,0.5831285831285832,0.8157894736842105,11,843.1447143554688,0.9709797957025934,8900.0,1093.0,1245.947264189144
Concrete,concrete,mlp,0.15,0.5,0.0011,0.2,1130127,4,0.5996723996723997,0.8289473684210527,7,978.6655883789062,0.9866809703990927,7712.0,1699.0,1637.3512104784757
Concrete,concrete,mlp,0.15,0.5,0.00165,0.2,1140123,0,0.5988533988533988,0.8881578947368421,8,604.6591796875,0.9686561492028678,5281.0,1076.0,1069.4216169754102
Concrete,concrete,mlp,0.15,0.5,0.00165,0.2,1140124,1,0.5927927927927928,0.7697368421052632,9,555.0321655273438,0.968399109186949,7098.0,766.0,893.8588872470742
Concrete,concrete,mlp,0.15,0.5,0.00165,0.2,1140125,2,0.6230958230958231,0.8733552631578947,9,556.9292602539062,0.958710979571659,4836.0,863.0,878.8091403800072
Concrete,concrete,mlp,0.15,0.5,0.00165,0.2,1140126,3,0.6016380016380016,0.8601973684210527,10,622.9839477539062,0.9704466578404172,3862.0,778.0,800.0457465814852
Concrete,concrete,mlp,0.15,0.5,0.00165,0.2,1140127,4,0.5846027846027846,0.8914473684210527,11,558.5819702148438,0.9595307670092276,3657.0,732.0,766.3310057039267
Concrete,concrete,mlp,0.15,0.5,0.0022,0.2,1150123,0,0.5934479934479935,0.8388157894736842,8,380.3955078125,0.9621041368303904,4455.0,642.0,700.3818510781408
Concrete,concrete,mlp,0.15,0.5,0.0022,0.2,1150124,1,0.6442260442260442,0.8782894736842105,14,383.3858642578125,0.9535429463749066,6013.0,492.0,638.6810565072134
Concrete,concrete,mlp,0.15,0.5,0.0022,0.2,1150125,2,0.5850941850941851,0.8865131578947368,9,413.9581909179688,0.9542068413722712,6267.0,602.0,780.1513110519286
Concrete,concrete,mlp,0.15,0.5,0.0022,0.2,1150126,3,0.5667485667485668,0.8667763157894737,9,378.282958984375,0.9594547375450464,3863.0,520.0,575.70723711591
Concrete,concrete,mlp,0.15,0.5,0.0022,0.2,1150127,4,0.6116298116298117,0.8766447368421053,9,377.9292602539063,0.9605078433639714,3696.0,559.0,602.9441709874842
Concrete,concrete,mlp,0.15,0.5,0.00275,0.2,1160123,0,0.5605241605241605,0.8470394736842105,10,265.1029052734375,0.9367846920231584,4925.0,376.0,536.8167528433913
Concrete,concrete,mlp,0.15,0.5,0.00275,0.2,1160124,1,0.6055692055692056,0.8125,11,296.1800537109375,0.9467214595334068,4659.0,427.0,538.3548578323645
Concrete,concrete,mlp,0.15,0.5,0.00275,0.2,1160125,2,0.6217854217854217,0.8651315789473685,9,303.7138366699219,0.960375836521706,4014.0,491.0,563.3149568329902
Concrete,concrete,mlp,0.15,0.5,0.00275,0.2,1160126,3,0.5865683865683866,0.8536184210526315,7,373.5691223144531,0.967074196596574,4952.0,666.0,751.54272922412
Concrete,concrete,mlp,0.15,0.5,0.00275,0.2,1160127,4,0.6665028665028665,0.8733552631578947,9,311.3665466308594,0.9413982997170296,3979.0,454.0,523.9662587573928
Concrete,concrete,mlp,0.15,0.5,0.0033,0.2,1170123,0,0.5446355446355446,0.8519736842105263,8,244.0417938232422,0.9387075525221464,4840.0,397.0,559.1375318729137
Concrete,concrete,mlp,0.15,0.5,0.0033,0.2,1170124,1,0.6178542178542179,0.8618421052631579,12,240.33761596679688,0.9392080008494352,3232.0,339.0,390.6507545309293
Concrete,concrete,mlp,0.15,0.5,0.0033,0.2,1170125,2,0.6335790335790336,0.8832236842105263,12,226.4437255859375,0.9181056012227392,3598.0,324.0,425.8115054152791
Concrete,concrete,mlp,0.15,0.5,0.0033,0.2,1170126,3,0.6132678132678133,0.8865131578947368,10,253.4469451904297,0.9448727438995128,5491.0,357.0,566.8018421288134
Concrete,concrete,mlp,0.15,0.5,0.0033,0.2,1170127,4,0.5552825552825553,0.8832236842105263,22,228.94854736328125,0.9140989266290984,3227.0,280.0,358.87631794510844
Concrete,concrete,mlp,0.15,0.5,0.0044,0.2,1180123,0,0.6306306306306306,0.8667763157894737,12,135.2926025390625,0.8869357473642178,3441.0,194.0,333.0633788974616
Concrete,concrete,mlp,0.15,0.5,0.0044,0.2,1180124,1,0.5176085176085176,0.850328947368421,8,204.21543884277344,0.9316231237319612,5920.0,331.0,708.0425871563099
Concrete,concrete,mlp,0.15,0.5,0.0044,0.2,1180125,2,0.6255528255528255,0.8651315789473685,12,173.65274047851562,0.903743990941305,4088.0,220.0,381.3230103951341
Concrete,concrete,mlp,0.15,0.5,0.0044,0.2,1180126,3,0.6054054054054054,0.8717105263157895,20,144.82315063476562,0.8807769042485457,3812.0,182.0,323.122030660505
Concrete,concrete,mlp,0.15,0.5,0.0044,0.2,1180127,4,0.6126126126126126,0.805921052631579,11,146.8392333984375,0.9047734880888582,2391.0,217.0,273.6497207316269
Concrete,concrete,mlp,0.15,0.5,0.0055,0.2,1190123,0,0.5621621621621622,0.8404605263157895,14,114.45015716552734,0.8739755929855816,3826.0,144.0,300.0594445144272
Concrete,concrete,mlp,0.15,0.5,0.0055,0.2,1190124,1,0.5795249795249795,0.8667763157894737,14,93.31189727783205,0.8649120539195906,1539.0,158.0,186.934002524484
Concrete,concrete,mlp,0.15,0.5,0.0055,0.2,1190125,2,0.599017199017199,0.8569078947368421,13,150.52090454101562,0.900733976078405,5048.0,212.0,433.93422501701394
Concrete,concrete,mlp,0.15,0.5,0.0055,0.2,1190126,3,0.5398853398853399,0.837171052631579,11,145.717041015625,0.8959008479011031,5155.0,194.0,447.10829241053113
Concrete,concrete,mlp,0.15,0.5,0.0055,0.2,1190127,4,0.5336609336609337,0.819078947368421,13,87.28617095947266,0.8364634172611402,2557.0,123.0,218.89628515653223
Concrete,concrete,mlp,0.15,0.5,0.0066,0.2,1200123,0,0.5860769860769861,0.850328947368421,11,87.10610961914062,0.8416815393445591,3200.0,133.0,354.5022808973168
Concrete,concrete,mlp,0.15,0.5,0.0066,0.2,1200124,1,0.5428337428337429,0.875,10,111.56591796875,0.884706871914713,4568.0,155.0,433.13491109239135
Concrete,concrete,mlp,0.15,0.5,0.0066,0.2,1200125,2,0.5636363636363636,0.8322368421052632,10,107.54019165039062,0.8689808186658224,5581.0,145.0,555.0576212705794
Concrete,concrete,mlp,0.15,0.5,0.0066,0.2,1200126,3,0.521048321048321,0.8569078947368421,10,145.7395477294922,0.8702026070962149,6217.0,177.0,584.4797090201673
Concrete,concrete,mlp,0.15,0.5,0.0066,0.2,1200127,4,0.6483210483210483,0.8601973684210527,12,108.54662322998048,0.8540053498430311,4947.0,147.0,431.4440879242788
Concrete,concrete,mlp,0.15,0.5,0.0011,0.4,1210123,0,0.6173628173628174,0.8453947368421053,7,1055.4501953125,0.9831918884098207,5957.0,1860.0,1719.8432094996815
Concrete,concrete,mlp,0.15,0.5,0.0011,0.4,1210124,1,0.6258804258804259,0.84375,7,1018.7492065429688,0.9818356029293206,6223.0,1789.0,1684.2943198296698
Concrete,concrete,mlp,0.15,0.5,0.0011,0.4,1210125,2,0.6237510237510238,0.8174342105263158,8,899.073974609375,0.9820433343737948,5807.0,1323.0,1325.780368176641
Concrete,concrete,mlp,0.15,0.5,0.0011,0.4,1210126,3,0.6098280098280098,0.9078947368421052,14,832.096435546875,0.9702756730844454,5097.0,872.0,979.2744241722488
Concrete,concrete,mlp,0.15,0.5,0.0011,0.4,1210127,4,0.6452088452088452,0.8766447368421053,9,948.9549560546876,0.983245305583904,4076.0,1460.0,1320.8778336289122
Concrete,concrete,mlp,0.15,0.5,0.00165,0.4,1220123,0,0.6198198198198198,0.8881578947368421,11,515.321533203125,0.9620342412373922,4018.0,623.0,663.7745798088134
Concrete,concrete,mlp,0.15,0.5,0.00165,0.4,1220124,1,0.6671580671580671,0.8536184210526315,9,622.228271484375,0.9745460165691134,4235.0,933.0,918.7153141676852
Concrete,concrete,mlp,0.15,0.5,0.00165,0.4,1220125,2,0.6022932022932023,0.8947368421052632,9,571.2765502929688,0.9640153840868192,2885.0,788.0,754.9232697110446
Concrete,concrete,mlp,0.15,0.5,0.00165,0.4,1220126,3,0.6122850122850123,0.8404605263157895,7,677.2186279296875,0.9779264873664256,5363.0,1199.0,1177.950895634549
Concrete,concrete,mlp,0.15,0.5,0.00165,0.4,1220127,4,0.6117936117936118,0.8388157894736842,11,571.5241088867188,0.9615914898348992,4911.0,748.0,802.4438492985505
Concrete,concrete,mlp,0.15,0.5,0.0022,0.4,1230123,0,0.6396396396396397,0.8717105263157895,9,402.09967041015625,0.9423009345132256,4552.0,551.0,625.1651026634305
Concrete,concrete,mlp,0.15,0.5,0.0022,0.4,1230124,1,0.6296478296478296,0.8585526315789473,9,367.8006286621094,0.952774381901602,3422.0,608.0,631.1630692772019
Concrete,concrete,mlp,0.15,0.5,0.0022,0.4,1230125,2,0.5846027846027846,0.8651315789473685,10,373.2668762207031,0.9458179901503054,4573.0,494.0,593.9573792998048
Concrete,concrete,mlp,0.15,0.5,0.0022,0.4,1230126,3,0.6176904176904177,0.8832236842105263,9,366.1446838378906,0.9535894391862122,2373.0,461.0,487.01227763418
Concrete,concrete,mlp,0.15,0.5,0.0022,0.4,1230127,4,0.6553644553644553,0.8355263157894737,11,350.56591796875,0.9419838216934732,2878.0,473.0,497.6484726753444
Concrete,concrete,mlp,0.15,0.5,0.00275,0.4,1240123,0,0.5893529893529893,0.8733552631578947,14,275.7202453613281,0.9380103144816369,2271.0,353.0,377.5857750810632
Concrete,concrete,mlp,0.15,0.5,0.00275,0.4,1240124,1,0.6244062244062244,0.8898026315789473,8,302.8038635253906,0.9547957820224516,4023.0,534.0,591.1737611697351
Concrete,concrete,mlp,0.15,0.5,0.00275,0.4,1240125,2,0.6088452088452089,0.8601973684210527,9,358.717041015625,0.9569740039676692,4447.0,536.0,622.8747511232633
Concrete,concrete,mlp,0.15,0.5,0.00275,0.4,1240126,3,0.5714987714987715,0.8618421052631579,8,294.8617248535156,0.957491729338596,5706.0,496.0,682.4841755232377
Concrete,concrete,mlp,0.15,0.5,0.00275,0.4,1240127,4,0.6062244062244062,0.8519736842105263,8,362.2186584472656,0.9552336913465292,3251.0,606.0,607.5380271367234
Concrete,concrete,mlp,0.15,0.5,0.0033,0.4,1250123,0,0.6522522522522523,0.8536184210526315,9,223.4373016357422,0.9367169382681008,3251.0,324.0,398.17894651132434
Concrete,concrete,mlp,0.15,0.5,0.0033,0.4,1250124,1,0.5975429975429976,0.8569078947368421,8,290.6205749511719,0.9518146534706216,5397.0,472.0,689.1832749220597
Concrete,concrete,mlp,0.15,0.5,0.0033,0.4,1250125,2,0.5667485667485668,0.8256578947368421,8,237.63021850585935,0.9418149876656124,3888.0,377.0,494.7135954565334
Concrete,concrete,mlp,0.15,0.5,0.0033,0.4,1250126,3,0.5723177723177724,0.8733552631578947,9,266.5433959960937,0.9438216485397252,3720.0,397.0,455.453806690512
Concrete,concrete,mlp,0.15,0.5,0.0033,0.4,1250127,4,0.6248976248976249,0.8256578947368421,11,265.3601379394531,0.9325654479726204,4995.0,351.0,487.8900375786629
Concrete,concrete,mlp,0.15,0.5,0.0044,0.4,1260123,0,0.5747747747747748,0.8733552631578947,14,127.09646606445312,0.8784384275440204,3759.0,148.0,297.65754476871183
Concrete,concrete,mlp,0.15,0.5,0.0044,0.4,1260124,1,0.5978705978705978,0.8865131578947368,13,206.83279418945312,0.91478948160715,4990.0,234.0,405.5418467984008
Concrete,concrete,mlp,0.15,0.5,0.0044,0.4,1260125,2,0.5642915642915642,0.8470394736842105,9,160.0096435546875,0.9141578074406574,5594.0,253.0,529.8297468897651
Concrete,concrete,mlp,0.15,0.5,0.0044,0.4,1260126,3,0.5959049959049959,0.84375,11,185.263671875,0.9065823193921,5524.0,231.0,447.2879995087036
Concrete,concrete,mlp,0.15,0.5,0.0044,0.4,1260127,4,0.5464373464373464,0.8717105263157895,14,143.87460327148438,0.8843156862028987,2743.0,193.0,270.1939639992698
Concrete,concrete,mlp,0.15,0.5,0.0055,0.4,1270123,0,0.4945126945126945,0.868421052631579,15,125.43408203125,0.8943145008191921,4303.0,147.0,323.9012613845692
Concrete,concrete,mlp,0.15,0.5,0.0055,0.4,1270124,1,0.6253890253890254,0.8421052631578947,12,120.61093139648438,0.901102203668786,2897.0,154.0,283.5648444828453
Concrete,concrete,mlp,0.15,0.5,0.0055,0.4,1270125,2,0.6006552006552006,0.8618421052631579,13,139.848876953125,0.8749932439524016,3588.0,183.0,306.85815036639576
Concrete,concrete,mlp,0.15,0.5,0.0055,0.4,1270126,3,0.5665847665847665,0.8865131578947368,11,124.55626678466795,0.8859491047475506,4607.0,179.0,389.0541794174784
Concrete,concrete,mlp,0.15,0.5,0.0055,0.4,1270127,4,0.5503685503685504,0.8700657894736842,14,134.76205444335938,0.8840866843855271,3842.0,159.0,290.20916421393446
Concrete,concrete,mlp,0.15,0.5,0.0066,0.4,1280123,0,0.6427518427518427,0.8898026315789473,14,116.75241088867188,0.8876713774313199,3236.0,157.0,280.1574368000638
Concrete,concrete,mlp,0.15,0.5,0.0066,0.4,1280124,1,0.5931203931203931,0.8930921052631579,11,115.46302032470705,0.8747580724629898,4319.0,147.0,325.25773410982976
Concrete,concrete,mlp,0.15,0.5,0.0066,0.4,1280125,2,0.6088452088452089,0.8108552631578947,12,116.43087005615234,0.8497450344981351,6761.0,115.0,617.8195924656815
Concrete,concrete,mlp,0.15,0.5,0.0066,0.4,1280126,3,0.5913185913185913,0.8651315789473685,9,97.62700653076172,0.8562894003959335,3878.0,131.0,372.3081308685037
Concrete,concrete,mlp,0.15,0.5,0.0066,0.4,1280127,4,0.5644553644553645,0.8305921052631579,10,97.20257568359376,0.8617790444972552,4012.0,137.0,365.8836158918952
L-LSPIN,lspin_tf,linear,0.1,0.5,0.0035,0.0,1290123,0,0.6858312858312858,0.9177631578947368,68,245.0128631591797,0.9611372557495352,4009.0,901.0,1056.5172976179886
L-LSPIN,lspin_tf,linear,0.1,0.5,0.0035,0.0,1290124,1,0.6203112203112203,0.8717105263157895,54,267.38262939453125,0.9540493338033011,3935.0,925.0,1036.347141279053
L-LSPIN,lspin_tf,linear,0.1,0.5,0.0035,0.0,1290125,2,0.6273546273546273,0.8667763157894737,65,264.1093139648437,0.9466232100769264,3826.0,906.0,1012.5012339774364
L-LSPIN,lspin_tf,linear,0.1,0.5,0.0035,0.0,1290126,3,0.6504504504504505,0.8338815789473685,22,404.0546569824219,0.9738505193651762,6244.0,1433.0,1655.6610793986931
L-LSPIN,lspin_tf,linear,0.1,0.5,0.0035,0.0,1290127,4,0.7146601146601147,0.8717105263157895,53,278.5691223144531,0.9594329257318592,4361.0,996.0,1138.690200063495
L-LSPIN,lspin_tf,linear,0.1,0.5,0.00525,0.0,1300123,0,0.628009828009828,0.8536184210526315,65,173.81993103027344,0.946568850942398,3019.0,579.0,703.8379256036425
L-LSPIN,lspin_tf,linear,0.1,0.5,0.00525,0.0,1300124,1,0.6003276003276004,0.8700657894736842,92,159.04823303222656,0.9464045133270064,2553.0,539.0,627.1675601998433
L-LSPIN,lspin_tf,linear,0.1,0.5,0.00525,0.0,1300125,2,0.6407862407862408,0.8733552631578947,46,195.6527404785156,0.9491529374698852,3384.0,667.0,780.8351248798139
L-LSPIN,lspin_tf,linear,0.1,0.5,0.00525,0.0,1300126,3,0.6052416052416052,0.8207236842105263,43,193.1479034423828,0.9551842154432596,3905.0,702.0,890.2850896458306
L-LSPIN,lspin_tf,linear,0.1,0.5,0.00525,0.0,1300127,4,0.6142506142506142,0.9095394736842104,69,182.8456573486328,0.9516797476902792,2897.0,665.0,749.164341971255
L-LSPIN,lspin_tf,linear,0.1,0.5,0.007,0.0,1310123,0,0.6597870597870598,0.8766447368421053,47,163.4244384765625,0.9427814837670664,3243.0,544.0,663.6665667862438
L-LSPIN,lspin_tf,linear,0.1,0.5,0.007,0.0,1310124,1,0.5618345618345618,0.8453947368421053,39,183.1446990966797,0.9453492267281745,3343.0,579.0,680.2176245249972
L-LSPIN,lspin_tf,linear,0.1,0.5,0.007,0.0,1310125,2,0.6183456183456183,0.8947368421052632,61,164.38584899902344,0.9347651860132228,2995.0,514.0,590.7820336334865
L-LSPIN,lspin_tf,linear,0.1,0.5,0.007,0.0,1310126,3,0.5723177723177724,0.8223684210526315,62,132.05465698242188,0.9404544610350496,2806.0,452.0,600.3396933085319
L-LSPIN,lspin_tf,linear,0.1,0.5,0.007,0.0,1310127,4,0.6365274365274365,0.8125,91,136.20257568359375,0.9430702219230738,2443.0,473.0,549.272989348503
L-LSPIN,lspin_tf,linear,0.1,0.5,0.00875,0.0,1320123,0,0.6242424242424243,0.8700657894736842,71,120.77813720703124,0.9205484384088276,2581.0,396.0,524.3483789722209
L-LSPIN,lspin_tf,linear,0.1,0.5,0.00875,0.0,1320124,1,0.6442260442260442,0.8404605263157895,37,132.38262939453125,0.933510278249326,3061.0,454.0,610.4689716454731
L-LSPIN,lspin_tf,linear,0.1,0.5,0.00875,0.0,1320125,2,0.6733824733824734,0.8388157894736842,29,172.26687622070312,0.9290330991430824,3628.0,501.0,622.8982220876795
L-LSPIN,lspin_tf,linear,0.1,0.5,0.00875,0.0,1320126,3,0.6111384111384112,0.8865131578947368,78,122.65916442871094,0.9401802928538192,2167.0,384.0,439.1612680603417
L-LSPIN,lspin_tf,linear,0.1,0.5,0.00875,0.0,1320127,4,0.6366912366912367,0.8355263157894737,58,127.43408203125,0.9315088425248196,2863.0,420.0,535.3368455073613
L-LSPIN,lspin_tf,linear,0.1,0.5,0.0105,0.0,1330123,0,0.6601146601146601,0.8486842105263158,65,110.3376235961914,0.9083610205841064,2270.0,331.0,393.4053691785516
L-LSPIN,lspin_tf,linear,0.1,0.5,0.0105,0.0,1330124,1,0.604095004095004,0.8963815789473685,65,96.40836334228516,0.9168948994822944,2680.0,311.0,473.05559747160254
L-LSPIN,lspin_tf,linear,0.1,0.5,0.0105,0.0,1330125,2,0.5993447993447993,0.9046052631578948,60,103.6945343017578,0.9123239246911136,2489.0,326.0,462.5897830653458
L-LSPIN,lspin_tf,linear,0.1,0.5,0.0105,0.0,1330126,3,0.5333333333333333,0.8289473684210527,40,140.06431579589844,0.9262271152945912,3202.0,389.0,513.373256895583
L-LSPIN,lspin_tf,linear,0.1,0.5,0.0105,0.0,1330127,4,0.604095004095004,0.868421052631579,45,121.5755615234375,0.9327720380344744,2925.0,382.0,529.7778628948937
L-LSPIN,lspin_tf,linear,0.1,0.5,0.014,0.0,1340123,0,0.5238329238329238,0.9029605263157896,96,81.69774627685547,0.8920011158824234,1953.0,257.0,345.0067412639971
L-LSPIN,lspin_tf,linear,0.1,0.5,0.014,0.0,1340124,1,0.5613431613431613,0.8733552631578947,44,92.0675277709961,0.9019028114387064,2379.0,276.0,380.4037992491488
L-LSPIN,lspin_tf,linear,0.1,0.5,0.014,0.0,1340125,2,0.5556101556101556,0.8453947368421053,84,84.72347259521484,0.910178740344677,2051.0,274.0,359.8561054970287
L-LSPIN,lspin_tf,linear,0.1,0.5,0.014,0.0,1340126,3,0.5334971334971335,0.8207236842105263,55,97.86495208740234,0.8894854913439583,2744.0,264.0,384.5891935494882
L-LSPIN,lspin_tf,linear,0.1,0.5,0.014,0.0,1340127,4,0.6142506142506142,0.8157894736842105,72,105.80707550048828,0.9176806130128932,2297.0,269.0,356.7392003000166
L-LSPIN,lspin_tf,linear,0.1,0.5,0.021,0.0,1350123,0,0.6214578214578215,0.8256578947368421,31,83.46623992919922,0.8790154662210691,2298.0,215.0,287.29259809656884
L-LSPIN,lspin_tf,linear,0.1,0.5,0.021,0.0,1350124,1,0.6206388206388206,0.8240131578947368,50,93.55948638916016,0.9040916723040876,2278.0,217.0,270.0935007010023
L-LSPIN,lspin_tf,linear,0.1,0.5,0.021,0.0,1350125,2,0.5187551187551187,0.8717105263157895,44,98.4373016357422,0.8973677001364772,2409.0,210.0,276.0624518318111
L-LSPIN,lspin_tf,linear,0.1,0.5,0.021,0.0,1350126,3,0.5405405405405406,0.8766447368421053,56,90.31832885742188,0.892908348315119,2081.0,195.0,256.073054645292
L-LSPIN,lspin_tf,linear,0.1,0.5,0.021,0.0,1350127,4,0.6081900081900082,0.8026315789473685,84,91.60449981689452,0.9141874197170662,1566.0,220.0,235.2761070691566
L-LSPIN,lspin_tf,linear,0.1,0.5,0.028,0.0,1360123,0,0.5484029484029485,0.8634868421052632,93,72.90996551513672,0.8851170519465439,1432.0,153.0,175.5923225485066
L-LSPIN,lspin_tf,linear,0.1,0.5,0.028,0.0,1360124,1,0.5977067977067977,0.8404605263157895,70,73.01286315917969,0.8702947874931595,1622.0,160.0,195.4756229809068
L-LSPIN,lspin_tf,linear,0.1,0.5,0.028,0.0,1360125,2,0.6291564291564291,0.819078947368421,63,86.71060943603516,0.8731322811397847,1875.0,158.0,202.87248472230087
L-LSPIN,lspin_tf,linear,0.1,0.5,0.028,0.0,1360126,3,0.4972972972972973,0.8075657894736842,57,66.01286315917969,0.8541800253321774,1602.0,156.0,197.40727167576327
L-LSPIN,lspin_tf,linear,0.1,0.5,0.028,0.0,1360127,4,0.5749385749385749,0.8832236842105263,116,63.26688003540039,0.8597597589957563,1756.0,150.0,210.44161579870985
L-LSPIN,lspin_tf,linear,0.1,0.5,0.0035,0.1,1370123,0,0.6678132678132678,0.8141447368421053,33,3484.06103515625,0.9972770429637556,7003.0,6229.0,5138.348619990388
L-LSPIN,lspin_tf,linear,0.1,0.5,0.0035,0.1,1370124,1,0.6627354627354627,0.8305921052631579,29,4389.064453125,0.997764124269842,8166.0,7621.0,6456.812688754905
L-LSPIN,lspin_tf,linear,0.1,0.5,0.0035,0.1,1370125,2,0.7045045045045045,0.8585526315789473,30,3687.64306640625,0.9970206875701436,7014.0,6356.0,5358.2407695018
L-LSPIN,lspin_tf,linear,0.1,0.5,0.0035,0.1,1370126,3,0.6632268632268632,0.805921052631579,43,3353.594970703125,0.9965362229017796,6858.0,6104.0,4985.263854589366
L-LSPIN,lspin_tf,linear,0.1,0.5,0.0035,0.1,1370127,4,0.6681408681408681,0.8207236842105263,63,3276.6142578125,0.9962857569767216,6646.0,5830.0,4711.477684612916
L-LSPIN,lspin_tf,linear,0.1,0.5,0.00525,0.1,1380123,0,0.6049140049140049,0.7993421052631579,53,1327.7105712890625,0.9877912369335168,3739.0,2035.0,1794.3655347247825
L-LSPIN,lspin_tf,linear,0.1,0.5,0.00525,0.1,1380124,1,0.6406224406224407,0.8634868421052632,50,1525.3826904296875,0.9898558495767106,4212.0,2250.0,2028.180316535373
L-LSPIN,lspin_tf,linear,0.1,0.5,0.00525,0.1,1380125,2,0.6417690417690418,0.8009868421052632,43,1572.9293212890625,0.9894313213690268,4252.0,2493.0,2177.316177231181
L-LSPIN,lspin_tf,linear,0.1,0.5,0.00525,0.1,1380126,3,0.6191646191646192,0.8207236842105263,40,1698.678466796875,0.9915354018864876,4334.0,2777.0,2415.6466697599963
L-LSPIN,lspin_tf,linear,0.1,0.5,0.00525,0.1,1380127,4,0.6355446355446356,0.8141447368421053,64,1626.8424072265625,0.9913979174414989,3482.0,2457.0,2180.9090707354526
L-LSPIN,lspin_tf,linear,0.1,0.5,0.007,0.1,1390123,0,0.5638001638001638,0.7976973684210527,36,858.6109619140625,0.9786401074618248,3013.0,1290.0,1142.379307943537
L-LSPIN,lspin_tf,linear,0.1,0.5,0.007,0.1,1390124,1,0.6778050778050778,0.8618421052631579,102,847.96142578125,0.9774649950497556,2560.0,1211.0,1073.75553445986
L-LSPIN,lspin_tf,linear,0.1,0.5,0.007,0.1,1390125,2,0.6586404586404586,0.8256578947368421,58,731.52734375,0.979720655982653,3344.0,1075.0,968.4006445592008
L-LSPIN,lspin_tf,linear,0.1,0.5,0.007,0.1,1390126,3,0.6075348075348075,0.8322368421052632,67,809.3118896484375,0.9792296908652576,2845.0,1157.0,1064.5442590793382
L-LSPIN,lspin_tf,linear,0.1,0.5,0.007,0.1,1390127,4,0.6416052416052416,0.7944078947368421,55,828.8231811523438,0.9722555554988024,2959.0,1187.0,1078.0601056919645
L-LSPIN,lspin_tf,linear,0.1,0.5,0.00875,0.1,1400123,0,0.6366912366912367,0.8223684210526315,125,506.7877807617188,0.966422583929521,1752.0,715.0,648.127343451006
L-LSPIN,lspin_tf,linear,0.1,0.5,0.00875,0.1,1400124,1,0.6437346437346437,0.8108552631578947,99,576.6109619140625,0.971318472022173,2230.0,814.0,742.0005853225288
L-LSPIN,lspin_tf,linear,0.1,0.5,0.00875,0.1,1400125,2,0.6556920556920557,0.8305921052631579,74,522.848876953125,0.9654964818767772,2528.0,723.0,675.3764383677903
L-LSPIN,lspin_tf,linear,0.1,0.5,0.00875,0.1,1400126,3,0.5733005733005733,0.7763157894736842,40,579.9324951171875,0.9680191359126514,3153.0,875.0,810.2761852018193
L-LSPIN,lspin_tf,linear,0.1,0.5,0.00875,0.1,1400127,4,0.6535626535626535,0.8552631578947368,48,632.1254272460938,0.9709384733817212,2650.0,862.0,811.3979303254
L-LSPIN,lspin_tf,linear,0.1,0.5,0.0105,0.1,1410123,0,0.6732186732186732,0.7861842105263158,55,451.2186584472656,0.9619994646830108,2513.0,638.0,601.2940857916011
L-LSPIN,lspin_tf,linear,0.1,0.5,0.0105,0.1,1410124,1,0.5931203931203931,0.8108552631578947,89,360.0032043457031,0.93832937069046,2510.0,474.0,473.7099944782331
L-LSPIN,lspin_tf,linear,0.1,0.5,0.0105,0.1,1410125,2,0.5898443898443898,0.8536184210526315,91,411.46624755859375,0.9502493411166892,1547.0,552.0,507.39264876023
L-LSPIN,lspin_tf,linear,0.1,0.5,0.0105,0.1,1410126,3,0.6188370188370188,0.8733552631578947,60,478.9646301269531,0.9533755974813548,1536.0,616.0,576.621468107579
L-LSPIN,lspin_tf,linear,0.1,0.5,0.0105,0.1,1410127,4,0.5502047502047502,0.8980263157894737,44,469.09967041015625,0.9641810974855662,2725.0,675.0,638.589635740493
L-LSPIN,lspin_tf,linear,0.1,0.5,0.014,0.1,1420123,0,0.5564291564291565,0.7680921052631579,55,286.755615234375,0.9465771381761656,1216.0,392.0,363.1588705590607
L-LSPIN,lspin_tf,linear,0.1,0.5,0.014,0.1,1420124,1,0.6535626535626535,0.8601973684210527,66,324.7909851074219,0.9404459176675276,1634.0,412.0,403.6598343702796
L-LSPIN,lspin_tf,linear,0.1,0.5,0.014,0.1,1420125,2,0.6091728091728091,0.8536184210526315,34,382.03216552734375,0.9476726895440174,2303.0,517.0,509.91096012394354
L-LSPIN,lspin_tf,linear,0.1,0.5,0.014,0.1,1420126,3,0.6615888615888615,0.8519736842105263,61,367.62701416015625,0.9543260137661894,3102.0,479.0,493.4554211392998
L-LSPIN,lspin_tf,linear,0.1,0.5,0.014,0.1,1420127,4,0.6095004095004095,0.8223684210526315,50,310.0771789550781,0.9353021654362332,1922.0,399.0,404.5094186880611
L-LSPIN,lspin_tf,linear,0.1,0.5,0.021,0.1,1430123,0,0.6643734643734643,0.8881578947368421,90,224.8649444580078,0.9373586115152244,1057.0,285.0,275.6781168408605
L-LSPIN,lspin_tf,linear,0.1,0.5,0.021,0.1,1430124,1,0.542997542997543,0.8404605263157895,68,220.7652740478516,0.9252941677209712,1149.0,289.0,273.6354611875268
L-LSPIN,lspin_tf,linear,0.1,0.5,0.021,0.1,1430125,2,0.626044226044226,0.8782894736842105,50,242.4405212402344,0.9372145604562612,1095.0,308.0,294.4737284488423
L-LSPIN,lspin_tf,linear,0.1,0.5,0.021,0.1,1430126,3,0.5803439803439804,0.8634868421052632,137,206.3151092529297,0.9199512197449364,1249.0,254.0,257.0136033607606
L-LSPIN,lspin_tf,linear,0.1,0.5,0.021,0.1,1430127,4,0.638984438984439,0.8552631578947368,57,248.7491912841797,0.9289383491260834,2008.0,295.0,322.3054735009161
L-LSPIN,lspin_tf,linear,0.1,0.5,0.028,0.1,1440123,0,0.6147420147420147,0.8157894736842105,52,219.263671875,0.8929900278353275,1085.0,267.0,262.9901770349539
L-LSPIN,lspin_tf,linear,0.1,0.5,0.028,0.1,1440124,1,0.6055692055692056,0.8207236842105263,46,209.4919586181641,0.9328553012763268,1376.0,256.0,259.8078206830628
L-LSPIN,lspin_tf,linear,0.1,0.5,0.028,0.1,1440125,2,0.6653562653562654,0.819078947368421,65,214.2861785888672,0.9084489530947732,1214.0,251.0,257.85490988085525
L-LSPIN,lspin_tf,linear,0.1,0.5,0.028,0.1,1440126,3,0.6746928746928746,0.868421052631579,64,243.80064392089844,0.9189452490636356,1610.0,281.0,297.4155056960413
L-LSPIN,lspin_tf,linear,0.1,0.5,0.028,0.1,1440127,4,0.6132678132678133,0.8914473684210527,64,199.7942047119141,0.918007497685294,1122.0,238.0,243.12741128774223
L-LSPIN,lspin_tf,linear,0.1,0.5,0.0035,0.2,1450123,0,0.702047502047502,0.819078947368421,44,3583.694580078125,0.9969101181882276,6660.0,6166.0,5092.631785537003
L-LSPIN,lspin_tf,linear,0.1,0.5,0.0035,0.2,1450124,1,0.6361998361998362,0.7582236842105263,17,4252.8359375,0.9977161693141986,8604.0,7907.0,6651.076877162202
L-LSPIN,lspin_tf,linear,0.1,0.5,0.0035,0.2,1450125,2,0.682063882063882,0.8453947368421053,45,3354.98388671875,0.9966150082036102,6468.0,5893.0,4760.263655796596
L-LSPIN,lspin_tf,linear,0.1,0.5,0.0035,0.2,1450126,3,0.6761670761670762,0.8388157894736842,27,3506.102783203125,0.9971990216996338,7559.0,6143.0,5205.6294882076345
L-LSPIN,lspin_tf,linear,0.1,0.5,0.0035,0.2,1450127,4,0.6635544635544636,0.8174342105263158,61,3215.30859375,0.9966595343155784,6428.0,5518.0,4630.690178329449
L-LSPIN,lspin_tf,linear,0.1,0.5,0.00525,0.2,1460123,0,0.6673218673218673,0.7927631578947368,51,1578.0,0.9897294338783482,3885.0,2452.0,2121.472349065056
L-LSPIN,lspin_tf,linear,0.1,0.5,0.00525,0.2,1460124,1,0.6561834561834562,0.819078947368421,64,1324.4661865234375,0.9891936211984363,3212.0,2174.0,1805.5796491886351
L-LSPIN,lspin_tf,linear,0.1,0.5,0.00525,0.2,1460125,2,0.6527436527436528,0.8322368421052632,64,1426.826416015625,0.989262210769546,3325.0,2250.0,1938.0818342822677
L-LSPIN,lspin_tf,linear,0.1,0.5,0.00525,0.2,1460126,3,0.638984438984439,0.8223684210526315,29,1734.2186279296875,0.9933248757458653,5150.0,3153.0,2571.020554286623
L-LSPIN,lspin_tf,linear,0.1,0.5,0.00525,0.2,1460127,4,0.6407862407862408,0.8519736842105263,41,1602.639892578125,0.9908730470515054,5184.0,2434.0,2170.5074889896728
L-LSPIN,lspin_tf,linear,0.1,0.5,0.007,0.2,1470123,0,0.6838656838656839,0.7648026315789473,71,774.469482421875,0.975949467373394,3183.0,1069.0,988.1953600361236
L-LSPIN,lspin_tf,linear,0.1,0.5,0.007,0.2,1470124,1,0.6412776412776413,0.8552631578947368,70,807.926025390625,0.981422437514412,3109.0,1160.0,1041.0038590478484
L-LSPIN,lspin_tf,linear,0.1,0.5,0.007,0.2,1470125,2,0.6327600327600328,0.8157894736842105,74,845.2990112304688,0.9769828263930144,2591.0,1192.0,1057.7265747512258
L-LSPIN,lspin_tf,linear,0.1,0.5,0.007,0.2,1470126,3,0.62997542997543,0.819078947368421,53,910.9935913085938,0.9768622625388272,3439.0,1366.0,1218.3580702583583
L-LSPIN,lspin_tf,linear,0.1,0.5,0.007,0.2,1470127,4,0.6473382473382473,0.8404605263157895,55,935.0707397460938,0.979220518752673,2767.0,1364.0,1220.7785780603767
L-LSPIN,lspin_tf,linear,0.1,0.5,0.00875,0.2,1480123,0,0.6171990171990172,0.8338815789473685,58,500.0739440917969,0.96543916986715,2543.0,675.0,653.5387288067501
L-LSPIN,lspin_tf,linear,0.1,0.5,0.00875,0.2,1480124,1,0.600982800982801,0.8585526315789473,67,593.6688232421875,0.9698627914543104,2516.0,809.0,765.3233962650609
L-LSPIN,lspin_tf,linear,0.1,0.5,0.00875,0.2,1480125,2,0.6696150696150697,0.7960526315789473,73,545.4630126953125,0.9717289532368436,1857.0,771.0,698.2226509332477
L-LSPIN,lspin_tf,linear,0.1,0.5,0.00875,0.2,1480126,3,0.6144144144144145,0.8042763157894737,58,563.4758911132812,0.9695256886228886,2428.0,785.0,736.2572443949506
L-LSPIN,lspin_tf,linear,0.1,0.5,0.00875,0.2,1480127,4,0.620966420966421,0.8108552631578947,109,469.0257263183594,0.9499048443030907,1913.0,626.0,586.2901609744097
L-LSPIN,lspin_tf,linear,0.1,0.5,0.0105,0.2,1490123,0,0.6574938574938575,0.850328947368421,28,636.3858642578125,0.972743065250779,2889.0,914.0,852.1828446294231
L-LSPIN,lspin_tf,linear,0.1,0.5,0.0105,0.2,1490124,1,0.5741195741195741,0.8289473684210527,59,484.4244384765625,0.9559362357672452,2798.0,692.0,657.6046969614722
L-LSPIN,lspin_tf,linear,0.1,0.5,0.0105,0.2,1490125,2,0.5495495495495496,0.7993421052631579,70,400.0835876464844,0.964084366810834,1762.0,588.0,527.4729082109128
L-LSPIN,lspin_tf,linear,0.1,0.5,0.0105,0.2,1490126,3,0.6244062244062244,0.8569078947368421,74,434.9421081542969,0.9594962096482994,1430.0,579.0,529.8081521891424
L-LSPIN,lspin_tf,linear,0.1,0.5,0.0105,0.2,1490127,4,0.6466830466830467,0.8305921052631579,48,510.4598083496094,0.962187965333452,2384.0,670.0,643.0976586911235
L-LSPIN,lspin_tf,linear,0.1,0.5,0.014,0.2,1500123,0,0.6126126126126126,0.8355263157894737,52,343.2701110839844,0.951934291845048,2208.0,470.0,455.87582109557246
L-LSPIN,lspin_tf,linear,0.1,0.5,0.014,0.2,1500124,1,0.6113022113022113,0.8947368421052632,115,280.7620544433594,0.9381163536451856,1394.0,372.0,356.5077846881438
L-LSPIN,lspin_tf,linear,0.1,0.5,0.014,0.2,1500125,2,0.5998361998361998,0.805921052631579,38,316.5691223144531,0.9412849914819028,1946.0,437.0,429.1111665897921
L-LSPIN,lspin_tf,linear,0.1,0.5,0.014,0.2,1500126,3,0.5564291564291565,0.8273026315789473,33,383.9935607910156,0.95755560600298,2880.0,514.0,529.9839947709212
L-LSPIN,lspin_tf,linear,0.1,0.5,0.014,0.2,1500127,4,0.6376740376740376,0.8223684210526315,40,311.68487548828125,0.9442623389479532,2117.0,456.0,437.3920883595199
L-LSPIN,lspin_tf,linear,0.1,0.5,0.021,0.2,1510123,0,0.6132678132678133,0.8766447368421053,55,228.54019165039065,0.9160937262900568,1864.0,287.0,300.0575203725808
L-LSPIN,lspin_tf,linear,0.1,0.5,0.021,0.2,1510124,1,0.4846846846846847,0.805921052631579,61,251.8617401123047,0.939396146398166,1261.0,298.0,301.65537572468463
L-LSPIN,lspin_tf,linear,0.1,0.5,0.021,0.2,1510125,2,0.593939393939394,0.7582236842105263,52,276.1640014648437,0.9414424353461917,1367.0,347.0,339.5642957012224
L-LSPIN,lspin_tf,linear,0.1,0.5,0.021,0.2,1510126,3,0.6404586404586404,0.8289473684210527,45,232.27651977539065,0.9248359320177008,1565.0,288.0,297.68087924812374
L-LSPIN,lspin_tf,linear,0.1,0.5,0.021,0.2,1510127,4,0.6525798525798526,0.8733552631578947,71,198.1350555419922,0.9268050442656848,1388.0,262.0,263.2326090912337
L-LSPIN,lspin_tf,linear,0.1,0.5,0.028,0.2,1520123,0,0.5138411138411139,0.837171052631579,86,213.7202606201172,0.9136552491786764,1331.0,237.0,254.92276241639567
L-LSPIN,lspin_tf,linear,0.1,0.5,0.028,0.2,1520124,1,0.5102375102375102,0.787828947368421,50,207.84243774414065,0.9080586886038022,1486.0,241.0,259.1758707818293
L-LSPIN,lspin_tf,linear,0.1,0.5,0.028,0.2,1520125,2,0.5945945945945946,0.7993421052631579,39,219.7299041748047,0.9324533089491316,1618.0,271.0,283.14641412739377
L-LSPIN,lspin_tf,linear,0.1,0.5,0.028,0.2,1520126,3,0.5962325962325963,0.8421052631578947,55,240.84243774414065,0.9346946374782524,1139.0,285.0,284.48451051001587
L-LSPIN,lspin_tf,linear,0.1,0.5,0.028,0.2,1520127,4,0.5464373464373464,0.8552631578947368,59,191.62701416015625,0.9102214312121502,1160.0,242.0,239.3643727723207
L-LSPIN,lspin_tf,linear,0.1,0.5,0.0035,0.4,1530123,0,0.6398034398034398,0.8486842105263158,38,3979.469482421875,0.9971788548875355,7732.0,6993.0,5763.976859051468
L-LSPIN,lspin_tf,linear,0.1,0.5,0.0035,0.4,1530124,1,0.6769860769860769,0.8174342105263158,28,3720.327880859375,0.9974880007285852,7243.0,6441.0,5461.226121292201
L-LSPIN,lspin_tf,linear,0.1,0.5,0.0035,0.4,1530125,2,0.6804258804258805,0.7730263157894737,28,4025.46630859375,0.9974858334662092,7799.0,6985.0,5865.149716089842
L-LSPIN,lspin_tf,linear,0.1,0.5,0.0035,0.4,1530126,3,0.6936936936936937,0.8552631578947368,39,3603.57568359375,0.997402920453452,7495.0,6688.0,5443.106027531701
L-LSPIN,lspin_tf,linear,0.1,0.5,0.0035,0.4,1530127,4,0.6774774774774774,0.805921052631579,109,2680.964599609375,0.995442716617705,4866.0,4291.0,3520.174882573311
L-LSPIN,lspin_tf,linear,0.1,0.5,0.00525,0.4,1540123,0,0.6746928746928746,0.805921052631579,33,1437.090087890625,0.9911497302169624,4862.0,2487.0,2098.800096661463
L-LSPIN,lspin_tf,linear,0.1,0.5,0.00525,0.4,1540124,1,0.6266994266994267,0.8223684210526315,44,1467.810302734375,0.9909293641983534,3858.0,2379.0,2023.6992676729424
L-LSPIN,lspin_tf,linear,0.1,0.5,0.00525,0.4,1540125,2,0.6647010647010647,0.8404605263157895,36,1825.1575927734373,0.9906400394069794,4482.0,2855.0,2472.0971432153483
L-LSPIN,lspin_tf,linear,0.1,0.5,0.00525,0.4,1540126,3,0.641932841932842,0.8388157894736842,54,1584.1029052734375,0.9924356780759944,3452.0,2731.0,2227.5239181868124
L-LSPIN,lspin_tf,linear,0.1,0.5,0.00525,0.4,1540127,4,0.6360360360360361,0.8569078947368421,36,1728.3150634765625,0.9920334121228744,4828.0,2834.0,2439.7028460537763
L-LSPIN,lspin_tf,linear,0.1,0.5,0.007,0.4,1550123,0,0.6614250614250614,0.8569078947368421,110,922.2572631835938,0.9813522223329668,2829.0,1219.0,1167.813153018422
L-LSPIN,lspin_tf,linear,0.1,0.5,0.007,0.4,1550124,1,0.6301392301392301,0.8157894736842105,75,724.3247680664062,0.9793597124929508,1936.0,1099.0,937.145445201035
L-LSPIN,lspin_tf,linear,0.1,0.5,0.007,0.4,1550125,2,0.647993447993448,0.8338815789473685,42,857.8585205078125,0.974226128271265,2700.0,1270.0,1123.9135471052111
L-LSPIN,lspin_tf,linear,0.1,0.5,0.007,0.4,1550126,3,0.6689598689598689,0.8634868421052632,90,770.1318359375,0.977181042510316,2228.0,1055.0,959.7786427312568
L-LSPIN,lspin_tf,linear,0.1,0.5,0.007,0.4,1550127,4,0.6258804258804259,0.8338815789473685,88,758.5948486328125,0.9758315328439412,2522.0,1045.0,951.0663387600164
L-LSPIN,lspin_tf,linear,0.1,0.5,0.00875,0.4,1560123,0,0.5703521703521703,0.84375,68,551.1607666015625,0.9676411072620636,1869.0,739.0,682.4027875791312
L-LSPIN,lspin_tf,linear,0.1,0.5,0.00875,0.4,1560124,1,0.6153972153972154,0.8174342105263158,84,497.4501647949219,0.964591967375999,1830.0,675.0,626.9592503712519
L-LSPIN,lspin_tf,linear,0.1,0.5,0.00875,0.4,1560125,2,0.6124488124488124,0.8108552631578947,43,599.263671875,0.969670482115459,2931.0,858.0,796.0546726635289
L-LSPIN,lspin_tf,linear,0.1,0.5,0.00875,0.4,1560126,3,0.6244062244062244,0.7911184210526315,61,567.6366577148438,0.9662490350778066,1950.0,752.0,694.3578984393266
L-LSPIN,lspin_tf,linear,0.1,0.5,0.00875,0.4,1560127,4,0.5911547911547912,0.8601973684210527,60,587.0643310546875,0.9653553141632144,1876.0,802.0,727.3712621930366
L-LSPIN,lspin_tf,linear,0.1,0.5,0.0105,0.4,1570123,0,0.608026208026208,0.8075657894736842,33,464.4083557128906,0.9621566499891008,2622.0,681.0,647.7316264808923
L-LSPIN,lspin_tf,linear,0.1,0.5,0.0105,0.4,1570124,1,0.5818181818181818,0.805921052631579,38,527.1768188476562,0.9682741331140202,3591.0,729.0,724.8143225981859
L-LSPIN,lspin_tf,linear,0.1,0.5,0.0105,0.4,1570125,2,0.5818181818181818,0.8421052631578947,71,428.7749328613281,0.9590573100570188,1608.0,597.0,541.7374958380766
L-LSPIN,lspin_tf,linear,0.1,0.5,0.0105,0.4,1570126,3,0.6167076167076168,0.7927631578947368,58,486.1929321289063,0.9540940654576364,1864.0,630.0,598.3017530803924
L-LSPIN,lspin_tf,linear,0.1,0.5,0.0105,0.4,1570127,4,0.6022932022932023,0.8947368421052632,41,471.980712890625,0.967506443817276,2423.0,654.0,620.6771559687766
L-LSPIN,lspin_tf,linear,0.1,0.5,0.014,0.4,1580123,0,0.600982800982801,0.8486842105263158,31,363.6173706054688,0.9500024758427794,1730.0,520.0,481.4837961531742
L-LSPIN,lspin_tf,linear,0.1,0.5,0.014,0.4,1580124,1,0.6011466011466011,0.7911184210526315,61,383.5916442871094,0.9542715085831448,2128.0,492.0,489.5892857328368
L-LSPIN,lspin_tf,linear,0.1,0.5,0.014,0.4,1580125,2,0.6095004095004095,0.787828947368421,34,369.2154235839844,0.9450725875143968,1790.0,508.0,477.5208782950712
L-LSPIN,lspin_tf,linear,0.1,0.5,0.014,0.4,1580126,3,0.5236691236691237,0.8388157894736842,63,322.53375244140625,0.9522844981359472,2165.0,420.0,427.7456583040391
L-LSPIN,lspin_tf,linear,0.1,0.5,0.014,0.4,1580127,4,0.5796887796887797,0.8075657894736842,67,326.1640014648437,0.9520427823574814,1916.0,439.0,428.2467766286934
L-LSPIN,lspin_tf,linear,0.1,0.5,0.021,0.4,1590123,0,0.6206388206388206,0.8700657894736842,70,231.585205078125,0.9190999393605256,1174.0,292.0,283.3220960636654
L-LSPIN,lspin_tf,linear,0.1,0.5,0.021,0.4,1590124,1,0.4945126945126945,0.899671052631579,72,230.3151092529297,0.9351272530490384,1265.0,281.0,280.8642572152553
L-LSPIN,lspin_tf,linear,0.1,0.5,0.021,0.4,1590125,2,0.5518427518427519,0.725328947368421,77,212.60128784179688,0.9187742146205924,1100.0,261.0,260.4770995736793
L-LSPIN,lspin_tf,linear,0.1,0.5,0.021,0.4,1590126,3,0.6694512694512694,0.8848684210526315,53,227.3054656982422,0.9143737474389112,1203.0,284.0,283.4844055343745
L-LSPIN,lspin_tf,linear,0.1,0.5,0.021,0.4,1590127,4,0.5823095823095823,0.805921052631579,76,233.61737060546875,0.9303228257053684,1296.0,289.0,290.44942575039846
L-LSPIN,lspin_tf,linear,0.1,0.5,0.028,0.4,1600123,0,0.6553644553644553,0.8601973684210527,43,208.6752471923828,0.9100630227457184,2058.0,259.0,292.412106367193
L-LSPIN,lspin_tf,linear,0.1,0.5,0.028,0.4,1600124,1,0.5456183456183457,0.7861842105263158,88,181.24758911132807,0.914007195727614,1266.0,232.0,233.66465600481564
L-LSPIN,lspin_tf,linear,0.1,0.5,0.028,0.4,1600125,2,0.5518427518427519,0.8519736842105263,97,208.5723419189453,0.9105023459435658,1088.0,253.0,252.08498404707967
L-LSPIN,lspin_tf,linear,0.1,0.5,0.028,0.4,1600126,3,0.6576576576576577,0.8601973684210527,54,203.2861785888672,0.915289639952602,1357.0,238.0,250.85778756814844
L-LSPIN,lspin_tf,linear,0.1,0.5,0.028,0.4,1600127,4,0.58001638001638,0.8305921052631579,50,174.6752471923828,0.9023483834147964,1184.0,224.0,226.9146177156619
L-LSPIN,lspin_tf,linear,0.2,0.5,0.0035,0.0,1610123,0,0.613923013923014,0.8585526315789473,43,240.4276580810547,0.947352928369485,3683.0,879.0,1007.8176586233644
L-LSPIN,lspin_tf,linear,0.2,0.5,0.0035,0.0,1610124,1,0.6737100737100737,0.7944078947368421,70,217.73312377929688,0.9553748679788422,3266.0,812.0,907.1139034472384
L-LSPIN,lspin_tf,linear,0.2,0.5,0.0035,0.0,1610125,2,0.6452088452088452,0.8256578947368421,44,231.56591796875,0.9608840999018464,3823.0,838.0,1004.8820507481704
L-LSPIN,lspin_tf,linear,0.2,0.5,0.0035,0.0,1610126,3,0.6365274365274365,0.899671052631579,119,168.7588348388672,0.9502749033898206,2323.0,644.0,708.6319883142573
L-LSPIN,lspin_tf,linear,0.2,0.5,0.0035,0.0,1610127,4,0.6119574119574119,0.8536184210526315,43,247.06109619140625,0.9523287842376048,3852.0,908.0,1032.5938220814712
L-LSPIN,lspin_tf,linear,0.2,0.5,0.00525,0.0,1620123,0,0.6083538083538084,0.8388157894736842,26,165.19613647460938,0.9381816188685228,3720.0,648.0,931.518895294088
L-LSPIN,lspin_tf,linear,0.2,0.5,0.00525,0.0,1620124,1,0.6245700245700245,0.881578947368421,35,163.5337677001953,0.9370850022207812,3189.0,600.0,765.2087500458832
L-LSPIN,lspin_tf,linear,0.2,0.5,0.00525,0.0,1620125,2,0.5764127764127764,0.8421052631578947,74,135.5691375732422,0.9381163183542932,2455.0,519.0,628.404531294112
L-LSPIN,lspin_tf,linear,0.2,0.5,0.00525,0.0,1620126,3,0.6155610155610156,0.9013157894736842,42,162.08360290527344,0.939845473095966,2934.0,583.0,718.9434006417551
L-LSPIN,lspin_tf,linear,0.2,0.5,0.00525,0.0,1620127,4,0.6511056511056511,0.8009868421052632,36,153.25723266601562,0.925806839034431,3235.0,566.0,772.4465236988682
L-LSPIN,lspin_tf,linear,0.2,0.5,0.007,0.0,1630123,0,0.6158886158886159,0.7944078947368421,51,130.33761596679688,0.9353875501846104,2670.0,445.0,570.7832523595822
L-LSPIN,lspin_tf,linear,0.2,0.5,0.007,0.0,1630124,1,0.5947583947583948,0.881578947368421,59,105.5208969116211,0.9130262462874564,2596.0,389.0,572.4455651790312
L-LSPIN,lspin_tf,linear,0.2,0.5,0.007,0.0,1630125,2,0.6304668304668305,0.8388157894736842,27,129.1093292236328,0.9199726887962012,2921.0,447.0,613.9485033047896
L-LSPIN,lspin_tf,linear,0.2,0.5,0.007,0.0,1630126,3,0.5698607698607698,0.8486842105263158,27,136.79420471191406,0.9232279094720286,2804.0,483.0,611.0919228344527
L-LSPIN,lspin_tf,linear,0.2,0.5,0.007,0.0,1630127,4,0.5957411957411958,0.8569078947368421,31,132.82957458496094,0.9363812287190176,2989.0,460.0,629.3882364106805
L-LSPIN,lspin_tf,linear,0.2,0.5,0.00875,0.0,1640123,0,0.6165438165438165,0.787828947368421,45,101.81993865966795,0.9143646122633474,2135.0,354.0,461.0391757884501
L-LSPIN,lspin_tf,linear,0.2,0.5,0.00875,0.0,1640124,1,0.5713349713349714,0.8289473684210527,49,89.58842468261719,0.9005858391147615,1935.0,351.0,471.2396537649815
L-LSPIN,lspin_tf,linear,0.2,0.5,0.00875,0.0,1640125,2,0.6088452088452089,0.9177631578947368,45,93.1961441040039,0.9117725206555296,2391.0,314.0,477.65389628528806
L-LSPIN,lspin_tf,linear,0.2,0.5,0.00875,0.0,1640126,3,0.6737100737100737,0.8766447368421053,24,113.65916442871094,0.9251435893548547,2664.0,390.0,538.6339117138992
L-LSPIN,lspin_tf,linear,0.2,0.5,0.00875,0.0,1640127,4,0.62997542997543,0.8601973684210527,28,112.57878112792967,0.9265132219392984,2624.0,389.0,528.5708248588545
L-LSPIN,lspin_tf,linear,0.2,0.5,0.0105,0.0,1650123,0,0.6396396396396397,0.8782894736842105,11,137.2411651611328,0.9270309400063464,2706.0,532.0,621.4608602006368
L-LSPIN,lspin_tf,linear,0.2,0.5,0.0105,0.0,1650124,1,0.6116298116298117,0.8240131578947368,21,102.8585205078125,0.9100493267225324,2449.0,328.0,452.1457215675108
L-LSPIN,lspin_tf,linear,0.2,0.5,0.0105,0.0,1650125,2,0.6430794430794431,0.8881578947368421,71,77.31510925292969,0.9144746593590408,2142.0,272.0,451.9070609804288
L-LSPIN,lspin_tf,linear,0.2,0.5,0.0105,0.0,1650126,3,0.6113022113022113,0.8634868421052632,40,69.00643157958984,0.8893110397102894,2002.0,260.0,430.7221299926701
L-LSPIN,lspin_tf,linear,0.2,0.5,0.0105,0.0,1650127,4,0.5844389844389845,0.8322368421052632,39,86.73954772949219,0.9195635556253546,2110.0,290.0,411.7784984034682
L-LSPIN,lspin_tf,linear,0.2,0.5,0.014,0.0,1660123,0,0.5148239148239149,0.9144736842105264,59,62.610931396484375,0.8803156277739953,1512.0,192.0,272.4035109337383
L-LSPIN,lspin_tf,linear,0.2,0.5,0.014,0.0,1660124,1,0.5862407862407862,0.8486842105263158,59,64.85530853271484,0.8539413500220185,1723.0,196.0,273.7634109534312
L-LSPIN,lspin_tf,linear,0.2,0.5,0.014,0.0,1660125,2,0.5805077805077805,0.8075657894736842,37,64.36656188964844,0.8557818684956365,2046.0,187.0,309.7446070513496
L-LSPIN,lspin_tf,linear,0.2,0.5,0.014,0.0,1660126,3,0.5518427518427519,0.8618421052631579,44,60.45337677001953,0.8644862006173415,1529.0,200.0,274.8774179571299
L-LSPIN,lspin_tf,linear,0.2,0.5,0.014,0.0,1660127,4,0.6253890253890254,0.8486842105263158,75,52.20900344848633,0.877386569637364,1679.0,166.0,282.2623630898773
L-LSPIN,lspin_tf,linear,0.2,0.5,0.021,0.0,1670123,0,0.6619164619164619,0.8963815789473685,37,43.63022613525391,0.8136689498387568,1375.0,114.0,184.520439782105
L-LSPIN,lspin_tf,linear,0.2,0.5,0.021,0.0,1670124,1,0.5955773955773955,0.8519736842105263,27,44.59164047241211,0.793216144435329,1582.0,117.0,205.5972530479739
L-LSPIN,lspin_tf,linear,0.2,0.5,0.021,0.0,1670125,2,0.6430794430794431,0.8519736842105263,75,40.147911071777344,0.855832277990127,1435.0,130.0,219.51876999117576
L-LSPIN,lspin_tf,linear,0.2,0.5,0.021,0.0,1670126,3,0.6016380016380016,0.8273026315789473,81,39.38263702392578,0.8301520335979256,1131.0,119.0,167.93606213382716
L-LSPIN,lspin_tf,linear,0.2,0.5,0.021,0.0,1670127,4,0.534971334971335,0.8026315789473685,61,41.131832122802734,0.8325036327855606,1456.0,121.0,229.106886528378
L-LSPIN,lspin_tf,linear,0.2,0.5,0.028,0.0,1680123,0,0.584930384930385,0.8552631578947368,140,28.88424491882324,0.8300391573515367,1187.0,102.0,180.74724670140304
L-LSPIN,lspin_tf,linear,0.2,0.5,0.028,0.0,1680124,1,0.6018018018018018,0.8914473684210527,98,26.054662704467773,0.7592271162573959,940.0,87.0,150.61517921293807
L-LSPIN,lspin_tf,linear,0.2,0.5,0.028,0.0,1680125,2,0.6191646191646192,0.8240131578947368,66,25.50160789489746,0.7515542972669045,1219.0,89.0,204.67898180410253
L-LSPIN,lspin_tf,linear,0.2,0.5,0.028,0.0,1680126,3,0.5983619983619983,0.7845394736842105,52,35.91639709472656,0.8106800760765163,1296.0,90.0,153.26039091275385
L-LSPIN,lspin_tf,linear,0.2,0.5,0.028,0.0,1680127,4,0.4869778869778869,0.8865131578947368,56,30.14790916442871,0.8019480740931593,1101.0,92.0,154.01738246340798
L-LSPIN,lspin_tf,linear,0.2,0.5,0.0035,0.1,1690123,0,0.6501228501228501,0.7894736842105263,14,4623.1318359375,0.9981847107648328,9707.0,8947.0,7385.511956144325
L-LSPIN,lspin_tf,linear,0.2,0.5,0.0035,0.1,1690124,1,0.6684684684684684,0.8536184210526315,17,4342.48876953125,0.9979019331195936,8394.0,7521.0,6318.273547538091
L-LSPIN,lspin_tf,linear,0.2,0.5,0.0035,0.1,1690125,2,0.6656838656838657,0.8700657894736842,30,3636.144775390625,0.997373031796559,6769.0,6501.0,5260.542767802496
L-LSPIN,lspin_tf,linear,0.2,0.5,0.0035,0.1,1690126,3,0.6717444717444717,0.8223684210526315,22,3622.36328125,0.9979305047572988,8062.0,7320.0,5817.247084972863
L-LSPIN,lspin_tf,linear,0.2,0.5,0.0035,0.1,1690127,4,0.6704340704340704,0.8092105263157895,20,3866.437255859375,0.9976314521131808,8036.0,7350.0,5905.770630039654
L-LSPIN,lspin_tf,linear,0.2,0.5,0.00525,0.1,1700123,0,0.7107289107289108,0.8782894736842105,77,2340.517578125,0.9943419574696998,4118.0,3740.0,3226.376520847625
L-LSPIN,lspin_tf,linear,0.2,0.5,0.00525,0.1,1700124,1,0.6800982800982801,0.8075657894736842,47,2117.881103515625,0.9947747449259678,4256.0,3641.0,2934.632547372983
L-LSPIN,lspin_tf,linear,0.2,0.5,0.00525,0.1,1700125,2,0.6524160524160524,0.8601973684210527,30,1911.4791259765625,0.9937488017212494,4526.0,3506.0,2748.441337970024
L-LSPIN,lspin_tf,linear,0.2,0.5,0.00525,0.1,1700126,3,0.6895986895986896,0.8125,63,2601.74609375,0.9942970780840646,4935.0,4026.0,3633.419704108854
L-LSPIN,lspin_tf,linear,0.2,0.5,0.00525,0.1,1700127,4,0.6778050778050778,0.84375,24,2584.408447265625,0.9955147227712828,5254.0,4408.0,3760.4309210173424
L-LSPIN,lspin_tf,linear,0.2,0.5,0.007,0.1,1710123,0,0.6547092547092547,0.8601973684210527,35,1102.266845703125,0.987762467374114,3562.0,1627.0,1470.1725054574558
L-LSPIN,lspin_tf,linear,0.2,0.5,0.007,0.1,1710124,1,0.6617526617526618,0.8207236842105263,40,1131.0804443359375,0.9847563340747376,3145.0,1582.0,1433.2867640968873
L-LSPIN,lspin_tf,linear,0.2,0.5,0.007,0.1,1710125,2,0.684029484029484,0.8322368421052632,39,1198.678466796875,0.9845022969537776,3216.0,1739.0,1586.8477587200716
L-LSPIN,lspin_tf,linear,0.2,0.5,0.007,0.1,1710126,3,0.657002457002457,0.8404605263157895,36,881.0836181640625,0.9810081078854892,2358.0,1316.0,1142.889410735571
L-LSPIN,lspin_tf,linear,0.2,0.5,0.007,0.1,1710127,4,0.6111384111384112,0.8634868421052632,38,861.8424682617188,0.9787318174082372,2462.0,1270.0,1124.6977000222869
L-LSPIN,lspin_tf,linear,0.2,0.5,0.00875,0.1,1720123,0,0.6150696150696151,0.8305921052631579,28,655.0514526367188,0.974647875593822,3072.0,1061.0,937.3182557780234
L-LSPIN,lspin_tf,linear,0.2,0.5,0.00875,0.1,1720124,1,0.5975429975429976,0.8322368421052632,125,580.0546875,0.9658689642324711,1420.0,738.0,680.5966989437075
L-LSPIN,lspin_tf,linear,0.2,0.5,0.00875,0.1,1720125,2,0.645045045045045,0.8273026315789473,32,648.2154541015625,0.976482173289861,1884.0,941.0,829.1520205003715
L-LSPIN,lspin_tf,linear,0.2,0.5,0.00875,0.1,1720126,3,0.6263718263718264,0.8338815789473685,54,577.3729858398438,0.968091403230655,1797.0,770.0,711.1489928574682
L-LSPIN,lspin_tf,linear,0.2,0.5,0.00875,0.1,1720127,4,0.6542178542178542,0.8980263157894737,40,552.717041015625,0.9672641875701228,1706.0,757.0,690.2668215336473
L-LSPIN,lspin_tf,linear,0.2,0.5,0.0105,0.1,1730123,0,0.6212940212940213,0.8223684210526315,37,481.8135070800781,0.9613805012085032,1681.0,651.0,608.2709302663426
L-LSPIN,lspin_tf,linear,0.2,0.5,0.0105,0.1,1730124,1,0.6240786240786241,0.8667763157894737,34,569.3440551757812,0.9661409450090428,2089.0,780.0,740.7349478994868
L-LSPIN,lspin_tf,linear,0.2,0.5,0.0105,0.1,1730125,2,0.5638001638001638,0.8421052631578947,31,464.4630126953125,0.9585703477603368,2045.0,678.0,617.7771959462644
L-LSPIN,lspin_tf,linear,0.2,0.5,0.0105,0.1,1730126,3,0.6625716625716626,0.8486842105263158,28,472.8327941894531,0.9648994458032636,1568.0,631.0,584.7341781853723
L-LSPIN,lspin_tf,linear,0.2,0.5,0.0105,0.1,1730127,4,0.6266994266994267,0.8273026315789473,39,467.2347412109375,0.9693604713686274,1776.0,639.0,595.5235622311006
L-LSPIN,lspin_tf,linear,0.2,0.5,0.014,0.1,1740123,0,0.6258804258804259,0.8404605263157895,39,329.5562744140625,0.9335195738302264,2303.0,424.0,435.6640652818418
L-LSPIN,lspin_tf,linear,0.2,0.5,0.014,0.1,1740124,1,0.587059787059787,0.8651315789473685,38,321.73956298828125,0.9424991198081266,1514.0,406.0,401.2483261915571
L-LSPIN,lspin_tf,linear,0.2,0.5,0.014,0.1,1740125,2,0.5813267813267813,0.7763157894736842,37,333.2250671386719,0.9521927492056615,2063.0,443.0,439.2625262559063
L-LSPIN,lspin_tf,linear,0.2,0.5,0.014,0.1,1740126,3,0.6327600327600328,0.8865131578947368,38,323.9967956542969,0.9491337323576656,1307.0,422.0,403.9324104483687
L-LSPIN,lspin_tf,linear,0.2,0.5,0.014,0.1,1740127,4,0.590990990990991,0.8470394736842105,40,331.4983825683594,0.9425356650609806,1453.0,432.0,414.73941186840864
L-LSPIN,lspin_tf,linear,0.2,0.5,0.021,0.1,1750123,0,0.581981981981982,0.8552631578947368,64,178.6848907470703,0.8997938495638421,894.0,212.0,214.3992265879124
L-LSPIN,lspin_tf,linear,0.2,0.5,0.021,0.1,1750124,1,0.6113022113022113,0.8832236842105263,105,145.15756225585938,0.9119120835346138,925.0,190.0,186.09372821054268
L-LSPIN,lspin_tf,linear,0.2,0.5,0.021,0.1,1750125,2,0.5913185913185913,0.8634868421052632,78,189.0128631591797,0.9126841443101328,1215.0,221.0,231.0613116565862
L-LSPIN,lspin_tf,linear,0.2,0.5,0.021,0.1,1750126,3,0.6078624078624079,0.8338815789473685,49,214.60128784179688,0.9182726796272204,1387.0,264.0,271.16516175367195
L-LSPIN,lspin_tf,linear,0.2,0.5,0.021,0.1,1750127,4,0.5795249795249795,0.8009868421052632,54,160.1639862060547,0.916659533060504,1083.0,202.0,205.9696569606276
L-LSPIN,lspin_tf,linear,0.2,0.5,0.028,0.1,1760123,0,0.5616707616707617,0.8388157894736842,96,92.41478729248048,0.8459236712185121,1102.0,112.0,131.71147945162397
L-LSPIN,lspin_tf,linear,0.2,0.5,0.028,0.1,1760124,1,0.6060606060606061,0.805921052631579,40,126.43087005615234,0.8650086451347438,749.0,146.0,153.05682673193166
L-LSPIN,lspin_tf,linear,0.2,0.5,0.028,0.1,1760125,2,0.6427518427518427,0.8421052631578947,82,118.9260482788086,0.8799227508824798,1007.0,142.0,152.82673957480105
L-LSPIN,lspin_tf,linear,0.2,0.5,0.028,0.1,1760126,3,0.667977067977068,0.8256578947368421,122,99.40193176269533,0.8411008409848142,663.0,121.0,123.5104473079501
L-LSPIN,lspin_tf,linear,0.2,0.5,0.028,0.1,1760127,4,0.5313677313677314,0.8273026315789473,62,131.49517822265625,0.8971018679384039,976.0,157.0,165.64444461989726
L-LSPIN,lspin_tf,linear,0.2,0.5,0.0035,0.2,1770123,0,0.6899262899262899,0.8717105263157895,32,3746.99365234375,0.9970872407451526,6960.0,6427.0,5282.990005870272
L-LSPIN,lspin_tf,linear,0.2,0.5,0.0035,0.2,1770124,1,0.6601146601146601,0.8075657894736842,26,3857.90673828125,0.997953308292852,7906.0,7444.0,5882.552889711207
L-LSPIN,lspin_tf,linear,0.2,0.5,0.0035,0.2,1770125,2,0.6946764946764947,0.8207236842105263,31,4010.118896484375,0.9975451808114588,7387.0,7185.0,5818.354348289616
L-LSPIN,lspin_tf,linear,0.2,0.5,0.0035,0.2,1770126,3,0.638001638001638,0.819078947368421,20,3809.11572265625,0.9974989583316484,7429.0,6895.0,5681.448921584727
L-LSPIN,lspin_tf,linear,0.2,0.5,0.0035,0.2,1770127,4,0.6368550368550369,0.8667763157894737,24,3750.32470703125,0.997374996372764,7866.0,6728.0,5517.1846311531135
L-LSPIN,lspin_tf,linear,0.2,0.5,0.00525,0.2,1780123,0,0.6773136773136773,0.7648026315789473,28,2215.524169921875,0.9930257327879988,4561.0,3683.0,3219.0645941089588
L-LSPIN,lspin_tf,linear,0.2,0.5,0.00525,0.2,1780124,1,0.6786240786240786,0.8240131578947368,26,2251.3955078125,0.9952257132716846,5129.0,4009.0,3300.025168294587
L-LSPIN,lspin_tf,linear,0.2,0.5,0.00525,0.2,1780125,2,0.6722358722358722,0.8223684210526315,47,1931.5723876953125,0.9934607002880292,3763.0,3055.0,2600.5928720308725
L-LSPIN,lspin_tf,linear,0.2,0.5,0.00525,0.2,1780126,3,0.6235872235872236,0.7664473684210527,22,2587.305419921875,0.9959911461101456,6350.0,4575.0,3851.787605739694
L-LSPIN,lspin_tf,linear,0.2,0.5,0.00525,0.2,1780127,4,0.6497952497952498,0.8355263157894737,31,2293.77490234375,0.9949420402222896,4610.0,3983.0,3274.355754224791
L-LSPIN,lspin_tf,linear,0.2,0.5,0.007,0.2,1790123,0,0.6317772317772318,0.8026315789473685,59,981.1350708007812,0.9837279509347052,2269.0,1368.0,1233.7012789142286
L-LSPIN,lspin_tf,linear,0.2,0.5,0.007,0.2,1790124,1,0.6727272727272727,0.8322368421052632,31,867.43408203125,0.979767554694959,3147.0,1298.0,1187.4398454569432
L-LSPIN,lspin_tf,linear,0.2,0.5,0.007,0.2,1790125,2,0.6732186732186732,0.8174342105263158,49,1079.019287109375,0.9858769894496734,2842.0,1489.0,1354.313622891298
L-LSPIN,lspin_tf,linear,0.2,0.5,0.007,0.2,1790126,3,0.6496314496314496,0.8042763157894737,32,922.4212036132812,0.9794495991890176,2959.0,1394.0,1245.2360837072454
L-LSPIN,lspin_tf,linear,0.2,0.5,0.007,0.2,1790127,4,0.6663390663390664,0.7993421052631579,34,1387.266845703125,0.99083299718881,3735.0,2100.0,1881.691125539404
L-LSPIN,lspin_tf,linear,0.2,0.5,0.00875,0.2,1800123,0,0.6004914004914005,0.8881578947368421,25,684.6077270507812,0.9733609779764976,3068.0,951.0,909.028939258503
L-LSPIN,lspin_tf,linear,0.2,0.5,0.00875,0.2,1800124,1,0.6907452907452908,0.7960526315789473,59,588.8070678710938,0.9692595456117504,1930.0,786.0,729.882525547116
L-LSPIN,lspin_tf,linear,0.2,0.5,0.00875,0.2,1800125,2,0.5906633906633907,0.8256578947368421,37,789.8521118164062,0.9777979965117712,2239.0,1073.0,975.1977087383505
L-LSPIN,lspin_tf,linear,0.2,0.5,0.00875,0.2,1800126,3,0.5906633906633907,0.8223684210526315,31,715.1157836914062,0.9770018044927676,2637.0,1066.0,961.6138572667592
L-LSPIN,lspin_tf,linear,0.2,0.5,0.00875,0.2,1800127,4,0.5973791973791974,0.8519736842105263,29,690.1736450195312,0.9716040647826684,2175.0,982.0,892.0779021331007
L-LSPIN,lspin_tf,linear,0.2,0.5,0.0105,0.2,1810123,0,0.6122850122850123,0.9046052631578948,108,356.7716979980469,0.9439318756195616,1667.0,446.0,435.3692399194396
L-LSPIN,lspin_tf,linear,0.2,0.5,0.0105,0.2,1810124,1,0.5944307944307944,0.8651315789473685,43,432.6430969238281,0.9589874685802172,1411.0,588.0,534.5662749660768
L-LSPIN,lspin_tf,linear,0.2,0.5,0.0105,0.2,1810125,2,0.6283374283374283,0.8240131578947368,28,492.6077270507813,0.9613899787998034,2915.0,664.0,657.109385476888
L-LSPIN,lspin_tf,linear,0.2,0.5,0.0105,0.2,1810126,3,0.6658476658476659,0.837171052631579,42,500.8938903808594,0.9647805816122508,2631.0,665.0,643.6485277368279
L-LSPIN,lspin_tf,linear,0.2,0.5,0.0105,0.2,1810127,4,0.59000819000819,0.819078947368421,26,488.5723571777344,0.9655078195233716,1816.0,663.0,620.5730743156583
L-LSPIN,lspin_tf,linear,0.2,0.5,0.014,0.2,1820123,0,0.5669123669123669,0.8799342105263158,62,297.74920654296875,0.934306319021979,1638.0,379.0,372.5571698089233
L-LSPIN,lspin_tf,linear,0.2,0.5,0.014,0.2,1820124,1,0.6078624078624079,0.881578947368421,65,317.7202453613281,0.9462866957189874,1110.0,401.0,380.47852241396015
L-LSPIN,lspin_tf,linear,0.2,0.5,0.014,0.2,1820125,2,0.6168714168714169,0.8141447368421053,34,292.2572326660156,0.9419394174982098,1631.0,391.0,376.52306636771135
L-LSPIN,lspin_tf,linear,0.2,0.5,0.014,0.2,1820126,3,0.6316134316134316,0.7976973684210527,44,298.5916442871094,0.9502358366899726,1364.0,379.0,372.7396146264392
L-LSPIN,lspin_tf,linear,0.2,0.5,0.014,0.2,1820127,4,0.5846027846027846,0.8552631578947368,65,301.40191650390625,0.9439142385573828,1343.0,366.0,363.1970951803897
L-LSPIN,lspin_tf,linear,0.2,0.5,0.021,0.2,1830123,0,0.5875511875511875,0.7845394736842105,118,186.1736297607422,0.8940181387469526,996.0,221.0,222.6835402166027
L-LSPIN,lspin_tf,linear,0.2,0.5,0.021,0.2,1830124,1,0.5893529893529893,0.787828947368421,38,157.53054809570312,0.9004325876413667,944.0,198.0,198.3035018414575
L-LSPIN,lspin_tf,linear,0.2,0.5,0.021,0.2,1830125,2,0.5303849303849304,0.8273026315789473,83,165.6945343017578,0.8986257745871797,790.0,194.0,195.94399216899225
L-LSPIN,lspin_tf,linear,0.2,0.5,0.021,0.2,1830126,3,0.6217854217854217,0.774671052631579,25,194.83279418945312,0.9184984029872206,1217.0,245.0,249.40170008946004
L-LSPIN,lspin_tf,linear,0.2,0.5,0.021,0.2,1830127,4,0.5828009828009828,0.7927631578947368,29,219.47267150878903,0.9148887142863,1418.0,259.0,269.70733505798256
L-LSPIN,lspin_tf,linear,0.2,0.5,0.028,0.2,1840123,0,0.6052416052416052,0.7927631578947368,54,130.1736297607422,0.8784683989307641,644.0,153.0,153.24896433239047
L-LSPIN,lspin_tf,linear,0.2,0.5,0.028,0.2,1840124,1,0.580999180999181,0.850328947368421,44,120.2186508178711,0.860366066454193,752.0,143.0,150.66947985048594
L-LSPIN,lspin_tf,linear,0.2,0.5,0.028,0.2,1840125,2,0.5461097461097462,0.7993421052631579,114,125.88745880126952,0.8667586666865786,650.0,147.0,148.90575896523868
L-LSPIN,lspin_tf,linear,0.2,0.5,0.028,0.2,1840126,3,0.5447993447993448,0.875,116,120.16398620605467,0.8702032009701164,677.0,148.0,146.63966079921906
L-LSPIN,lspin_tf,linear,0.2,0.5,0.028,0.2,1840127,4,0.5685503685503686,0.850328947368421,35,151.8617401123047,0.8800997871436872,996.0,185.0,190.99360454368
L-LSPIN,lspin_tf,linear,0.2,0.5,0.0035,0.4,1850123,0,0.6817362817362818,0.837171052631579,18,4183.52392578125,0.997889698052926,8324.0,7741.0,6418.0993037372255
L-LSPIN,lspin_tf,linear,0.2,0.5,0.0035,0.4,1850124,1,0.6628992628992629,0.805921052631579,15,4471.7490234375,0.9979800044838572,9404.0,8689.0,7017.510614586135
L-LSPIN,lspin_tf,linear,0.2,0.5,0.0035,0.4,1850125,2,0.6538902538902539,0.8585526315789473,29,3989.135009765625,0.9977667029456416,7729.0,7364.0,5846.592727842378
L-LSPIN,lspin_tf,linear,0.2,0.5,0.0035,0.4,1850126,3,0.6339066339066339,0.8947368421052632,22,4512.3759765625,0.9974299567412164,8362.0,7378.0,6450.553471048962
L-LSPIN,lspin_tf,linear,0.2,0.5,0.0035,0.4,1850127,4,0.6891072891072891,0.7993421052631579,27,4066.56591796875,0.997642457865179,7486.0,7051.0,5799.6003406949685
L-LSPIN,lspin_tf,linear,0.2,0.5,0.00525,0.4,1860123,0,0.6732186732186732,0.8092105263157895,40,1962.7620849609373,0.994394277801484,3877.0,3076.0,2734.9112885681184
L-LSPIN,lspin_tf,linear,0.2,0.5,0.00525,0.4,1860124,1,0.6566748566748567,0.8240131578947368,37,1806.6912841796875,0.9924111629508852,3954.0,3011.0,2472.891277826631
L-LSPIN,lspin_tf,linear,0.2,0.5,0.00525,0.4,1860125,2,0.686977886977887,0.8273026315789473,30,1955.508056640625,0.9931818115996336,4192.0,3351.0,2766.8630110788067
L-LSPIN,lspin_tf,linear,0.2,0.5,0.00525,0.4,1860126,3,0.6696150696150697,0.7697368421052632,32,2068.205810546875,0.9931291006404022,4468.0,3449.0,2876.903100135322
L-LSPIN,lspin_tf,linear,0.2,0.5,0.00525,0.4,1860127,4,0.6496314496314496,0.7828947368421053,21,1834.9775390625,0.9913316140906048,4709.0,3088.0,2646.394706927222
L-LSPIN,lspin_tf,linear,0.2,0.5,0.007,0.4,1870123,0,0.6638820638820638,0.8601973684210527,43,1280.9935302734375,0.9889057854135008,2860.0,1974.0,1695.3715992702976
L-LSPIN,lspin_tf,linear,0.2,0.5,0.007,0.4,1870124,1,0.6519246519246519,0.8108552631578947,36,1106.8424072265625,0.987270855724091,2441.0,1637.0,1453.9384347062194
L-LSPIN,lspin_tf,linear,0.2,0.5,0.007,0.4,1870125,2,0.6165438165438165,0.8174342105263158,24,955.2990112304688,0.979312771241146,2993.0,1420.0,1286.4641680367845
L-LSPIN,lspin_tf,linear,0.2,0.5,0.007,0.4,1870126,3,0.5991809991809992,0.8207236842105263,51,871.8199462890625,0.9807776212654526,2074.0,1191.0,1088.0922021814729
L-LSPIN,lspin_tf,linear,0.2,0.5,0.007,0.4,1870127,4,0.6663390663390664,0.8256578947368421,31,1072.1768798828125,0.9854255462228176,2886.0,1561.0,1403.7167269886772
L-LSPIN,lspin_tf,linear,0.2,0.5,0.00875,0.4,1880123,0,0.6013104013104014,0.8026315789473685,39,708.6559448242188,0.9743357774674782,2518.0,911.0,873.5201075809161
L-LSPIN,lspin_tf,linear,0.2,0.5,0.00875,0.4,1880124,1,0.6448812448812449,0.8223684210526315,25,812.6559448242188,0.9799454936968192,2689.0,1156.0,1066.9899594956323
L-LSPIN,lspin_tf,linear,0.2,0.5,0.00875,0.4,1880125,2,0.5656019656019656,0.8305921052631579,68,596.4083862304688,0.9671384023111114,1725.0,731.0,696.1265685895436
L-LSPIN,lspin_tf,linear,0.2,0.5,0.00875,0.4,1880126,3,0.6638820638820638,0.8585526315789473,33,676.9324951171875,0.9768184285370268,2548.0,961.0,897.1363998589364
L-LSPIN,lspin_tf,linear,0.2,0.5,0.00875,0.4,1880127,4,0.6522522522522523,0.8338815789473685,34,720.7813720703125,0.9753984628678772,3234.0,982.0,944.8273249451432
L-LSPIN,lspin_tf,linear,0.2,0.5,0.0105,0.4,1890123,0,0.6283374283374283,0.8026315789473685,40,484.5498352050781,0.965919299516628,2246.0,641.0,609.9734807237554
L-LSPIN,lspin_tf,linear,0.2,0.5,0.0105,0.4,1890124,1,0.62997542997543,0.7845394736842105,42,438.6463012695313,0.9590406835927244,1571.0,581.0,550.7949535914306
L-LSPIN,lspin_tf,linear,0.2,0.5,0.0105,0.4,1890125,2,0.6096642096642096,0.7944078947368421,58,505.1253967285156,0.965987692334836,1443.0,651.0,611.3844135759967
L-LSPIN,lspin_tf,linear,0.2,0.5,0.0105,0.4,1890126,3,0.5755937755937756,0.8075657894736842,30,517.7459716796875,0.9689208232113996,2014.0,757.0,683.007294662745
L-LSPIN,lspin_tf,linear,0.2,0.5,0.0105,0.4,1890127,4,0.5901719901719902,0.8618421052631579,32,518.1543579101562,0.970083164478116,1686.0,716.0,650.5835301379731
L-LSPIN,lspin_tf,linear,0.2,0.5,0.014,0.4,1900123,0,0.6086814086814086,0.8470394736842105,31,280.69451904296875,0.9402466159901888,1225.0,389.0,366.82411676501454
L-LSPIN,lspin_tf,linear,0.2,0.5,0.014,0.4,1900124,1,0.5544635544635544,0.8388157894736842,45,281.08038330078125,0.9390866196421502,1364.0,354.0,348.629350718025
L-LSPIN,lspin_tf,linear,0.2,0.5,0.014,0.4,1900125,2,0.5877149877149878,0.8585526315789473,37,301.9035339355469,0.9367396386914184,1362.0,402.0,379.1489024922522
L-LSPIN,lspin_tf,linear,0.2,0.5,0.014,0.4,1900126,3,0.6635544635544636,0.8552631578947368,27,310.736328125,0.9346572537421172,1190.0,403.0,382.6019799267352
L-LSPIN,lspin_tf,linear,0.2,0.5,0.014,0.4,1900127,4,0.5618345618345618,0.8585526315789473,37,297.8970947265625,0.9449344301406182,1235.0,391.0,370.83300185696135
L-LSPIN,lspin_tf,linear,0.2,0.5,0.021,0.4,1910123,0,0.5832923832923833,0.837171052631579,50,175.4437255859375,0.929469038926204,976.0,216.0,216.2334952902128
L-LSPIN,lspin_tf,linear,0.2,0.5,0.021,0.4,1910124,1,0.5546273546273546,0.8947368421052632,93,203.16720581054688,0.91807267671107,803.0,237.0,233.15170840890508
L-LSPIN,lspin_tf,linear,0.2,0.5,0.021,0.4,1910125,2,0.596068796068796,0.8552631578947368,38,185.15756225585935,0.915618803871651,1076.0,229.0,228.8854705381342
L-LSPIN,lspin_tf,linear,0.2,0.5,0.021,0.4,1910126,3,0.5821457821457822,0.819078947368421,30,203.5723419189453,0.9077355182725788,1489.0,246.0,261.69041429507416
L-LSPIN,lspin_tf,linear,0.2,0.5,0.021,0.4,1910127,4,0.5757575757575758,0.8700657894736842,58,204.6591644287109,0.9057425852230624,1019.0,248.0,248.2076434897426
L-LSPIN,lspin_tf,linear,0.2,0.5,0.028,0.4,1920123,0,0.6457002457002456,0.8585526315789473,27,159.92283630371094,0.8976588636708032,1307.0,187.0,204.6528226900807
L-LSPIN,lspin_tf,linear,0.2,0.5,0.028,0.4,1920124,1,0.5837837837837838,0.7401315789473685,66,114.43408203125,0.8645265349472142,881.0,134.0,144.9066051462856
L-LSPIN,lspin_tf,linear,0.2,0.5,0.028,0.4,1920125,2,0.5410319410319411,0.9046052631578948,114,103.92926025390624,0.8513584987887279,588.0,129.0,127.6679350736764
L-LSPIN,lspin_tf,linear,0.2,0.5,0.028,0.4,1920126,3,0.64995904995905,0.8009868421052632,35,154.6945343017578,0.8984607704190527,1130.0,181.0,193.3373055232108
L-LSPIN,lspin_tf,linear,0.2,0.5,0.028,0.4,1920127,4,0.609009009009009,0.8421052631578947,23,147.9003143310547,0.8837607347711793,998.0,175.0,183.48133972200705
L-Concrete,concrete,linear,0.15,0.2,0.0011,0.0,1930123,0,0.633087633087633,0.8930921052631579,44,677.469482421875,0.9826429550196416,9986.0,2751.0,3335.976459277198
L-Concrete,concrete,linear,0.15,0.2,0.0011,0.0,1930124,1,0.6206388206388206,0.8980263157894737,82,490.96142578125,0.9683476122848894,7606.0,1872.0,2317.342082581194
L-Concrete,concrete,linear,0.15,0.2,0.0011,0.0,1930125,2,0.648976248976249,0.8552631578947368,26,947.4308471679688,0.9901131160572412,11507.0,3815.0,4250.343597820831
L-Concrete,concrete,linear,0.15,0.2,0.0011,0.0,1930126,3,0.5955773955773955,0.8355263157894737,78,513.4115600585938,0.9769214746876697,7861.0,2003.0,2515.2119172550388
L-Concrete,concrete,linear,0.15,0.2,0.0011,0.0,1930127,4,0.641932841932842,0.8865131578947368,42,725.0867919921875,0.9807669614995824,10049.0,2922.0,3443.8077205994264
L-Concrete,concrete,linear,0.15,0.2,0.00165,0.0,1940123,0,0.6329238329238329,0.837171052631579,22,578.9163818359375,0.9775475305699362,10302.0,2523.0,3434.5924040072705
L-Concrete,concrete,linear,0.15,0.2,0.00165,0.0,1940124,1,0.6366912366912367,0.8848684210526315,34,423.9164123535156,0.9683049702546228,8711.0,1785.0,2740.122266045296
L-Concrete,concrete,linear,0.15,0.2,0.00165,0.0,1940125,2,0.5846027846027846,0.875,42,389.7138366699219,0.9697696118313646,8039.0,1660.0,2542.6139605970297
L-Concrete,concrete,linear,0.15,0.2,0.00165,0.0,1940126,3,0.6004914004914005,0.8552631578947368,48,350.4694519042969,0.9769498159200256,8237.0,1472.0,2412.740136835301
L-Concrete,concrete,linear,0.15,0.2,0.00165,0.0,1940127,4,0.6230958230958231,0.8453947368421053,44,371.2218627929688,0.9704443834390952,7927.0,1572.0,2372.157436255613
L-Concrete,concrete,linear,0.15,0.2,0.0022,0.0,1950123,0,0.6252252252252253,0.881578947368421,58,223.88424682617188,0.9592073413991504,6270.0,1054.0,2092.871750383126
L-Concrete,concrete,linear,0.15,0.2,0.0022,0.0,1950124,1,0.6342342342342342,0.8618421052631579,86,185.60450744628903,0.946339463172279,5028.0,847.0,1612.7434793981352
L-Concrete,concrete,linear,0.15,0.2,0.0022,0.0,1950125,2,0.6222768222768222,0.8536184210526315,63,200.29904174804688,0.9593583173752712,6011.0,921.0,1923.5319926088496
L-Concrete,concrete,linear,0.15,0.2,0.0022,0.0,1950126,3,0.6504504504504505,0.8782894736842105,42,246.24436950683597,0.952325050756368,6471.0,1106.0,2017.7801937960824
L-Concrete,concrete,linear,0.15,0.2,0.0022,0.0,1950127,4,0.621949221949222,0.8947368421052632,51,226.77491760253903,0.9629813710619832,5986.0,1031.0,1921.6177948663849
L-Concrete,concrete,linear,0.15,0.2,0.00275,0.0,1960123,0,0.6175266175266175,0.8914473684210527,31,228.88424682617188,0.960408168314766,6766.0,1061.0,2214.9393365732776
L-Concrete,concrete,linear,0.15,0.2,0.00275,0.0,1960124,1,0.6108108108108108,0.8453947368421053,20,274.623779296875,0.968733277004128,7574.0,1376.0,2611.160691639243
L-Concrete,concrete,linear,0.15,0.2,0.00275,0.0,1960125,2,0.6075348075348075,0.8832236842105263,29,258.4598083496094,0.9563841960307194,8165.0,1163.0,2687.42811627321
L-Concrete,concrete,linear,0.15,0.2,0.00275,0.0,1960126,3,0.6157248157248157,0.84375,38,201.36334228515625,0.9543738441035232,6932.0,968.0,2376.661193934136
L-Concrete,concrete,linear,0.15,0.2,0.00275,0.0,1960127,4,0.6443898443898444,0.805921052631579,34,224.0675201416016,0.9468702597659044,7065.0,1014.0,2181.81018812462
L-Concrete,concrete,linear,0.15,0.2,0.0033,0.0,1970123,0,0.6273546273546273,0.8322368421052632,39,156.8167266845703,0.9429788362693946,5800.0,742.0,1920.1898863939225
L-Concrete,concrete,linear,0.15,0.2,0.0033,0.0,1970124,1,0.59000819000819,0.8042763157894737,38,161.4437255859375,0.9422794964653032,5867.0,698.0,1780.9343130097443
L-Concrete,concrete,linear,0.15,0.2,0.0033,0.0,1970125,2,0.5972153972153972,0.8881578947368421,30,168.94212341308594,0.9482430923962264,5676.0,776.0,1910.2283235411037
L-Concrete,concrete,linear,0.15,0.2,0.0033,0.0,1970126,3,0.6343980343980344,0.8486842105263158,48,150.5530548095703,0.945446913681985,5520.0,692.0,1875.9411075411135
L-Concrete,concrete,linear,0.15,0.2,0.0033,0.0,1970127,4,0.6288288288288288,0.8782894736842105,75,114.59806823730467,0.926535508104431,4741.0,514.0,1528.83617672691
L-Concrete,concrete,linear,0.15,0.2,0.0044,0.0,1980123,0,0.5616707616707617,0.8026315789473685,18,160.5691375732422,0.94100724926583,6184.0,734.0,2062.250544433064
L-Concrete,concrete,linear,0.15,0.2,0.0044,0.0,1980124,1,0.6440622440622441,0.8141447368421053,34,118.94212341308594,0.9458269731337168,4682.0,578.0,1686.2825630724328
L-Concrete,concrete,linear,0.15,0.2,0.0044,0.0,1980125,2,0.5952497952497953,0.8470394736842105,46,109.11254119873048,0.924457082310846,4420.0,482.0,1394.9643866257925
L-Concrete,concrete,linear,0.15,0.2,0.0044,0.0,1980126,3,0.5924651924651925,0.8601973684210527,34,114.02572631835938,0.9359956565188012,5191.0,494.0,1793.6743584501864
L-Concrete,concrete,linear,0.15,0.2,0.0044,0.0,1980127,4,0.6303030303030303,0.8700657894736842,34,115.5208969116211,0.9350671121485238,4991.0,556.0,1732.276493749417
L-Concrete,concrete,linear,0.15,0.2,0.0055,0.0,1990123,0,0.6117936117936118,0.8421052631578947,32,90.89067840576172,0.9161086706235684,4973.0,409.0,1736.3626513491338
L-Concrete,concrete,linear,0.15,0.2,0.0055,0.0,1990124,1,0.6044226044226044,0.8125,22,105.09003448486328,0.9403208850736824,4925.0,480.0,1735.4217205411271
L-Concrete,concrete,linear,0.15,0.2,0.0055,0.0,1990125,2,0.5985257985257986,0.8733552631578947,37,83.73311614990234,0.9065627369536028,4082.0,362.0,1343.7551785245128
L-Concrete,concrete,linear,0.15,0.2,0.0055,0.0,1990126,3,0.5923013923013923,0.875,30,96.75884246826172,0.918201643175506,4878.0,460.0,1757.2357149395682
L-Concrete,concrete,linear,0.15,0.2,0.0055,0.0,1990127,4,0.6458640458640459,0.8618421052631579,12,179.5434112548828,0.9561466901848028,6446.0,852.0,2067.0394162184134
L-Concrete,concrete,linear,0.15,0.2,0.0066,0.0,2000123,0,0.5806715806715806,0.8470394736842105,15,122.89067840576172,0.9326924314680608,5582.0,578.0,1817.2138727200895
L-Concrete,concrete,linear,0.15,0.2,0.0066,0.0,2000124,1,0.5595413595413595,0.8585526315789473,32,72.54019165039062,0.9098411936685828,4379.0,318.0,1639.1665087695512
L-Concrete,concrete,linear,0.15,0.2,0.0066,0.0,2000125,2,0.6031122031122031,0.8486842105263158,46,65.45015716552734,0.8942426527150423,4444.0,250.0,1519.3103613471296
L-Concrete,concrete,linear,0.15,0.2,0.0066,0.0,2000126,3,0.6024570024570025,0.7927631578947368,27,76.88745880126953,0.9003251036458932,3976.0,357.0,1504.2944753362567
L-Concrete,concrete,linear,0.15,0.2,0.0066,0.0,2000127,4,0.5927927927927928,0.8453947368421053,22,86.11897277832031,0.8983698052741016,4759.0,391.0,1655.1056276332758
L-Concrete,concrete,linear,0.15,0.2,0.0011,0.1,2010123,0,0.6312858312858313,0.8322368421052632,21,2997.315185546875,0.9904713243173772,4121.0,3418.0,3243.478909784092
L-Concrete,concrete,linear,0.15,0.2,0.0011,0.1,2010124,1,0.6560196560196561,0.8486842105263158,17,3946.157470703125,0.9942453767551452,5319.0,4444.0,4237.303670662876
L-Concrete,concrete,linear,0.15,0.2,0.0011,0.1,2010125,2,0.6391482391482392,0.8404605263157895,16,3540.33447265625,0.994132638370476,5095.0,4274.0,3948.013748697231
L-Concrete,concrete,linear,0.15,0.2,0.0011,0.1,2010126,3,0.6558558558558558,0.8157894736842105,17,3462.5048828125,0.9900038262792912,5190.0,4203.0,3881.7134284566296
L-Concrete,concrete,linear,0.15,0.2,0.0011,0.1,2010127,4,0.6298116298116299,0.8388157894736842,16,3959.7138671875,0.994970606829736,5812.0,4874.0,4488.944154034454
L-Concrete,concrete,linear,0.15,0.2,0.00165,0.1,2020123,0,0.6787878787878788,0.8092105263157895,23,2088.958251953125,0.9890481285699338,3142.0,2459.0,2315.2765553510058
L-Concrete,concrete,linear,0.15,0.2,0.00165,0.1,2020124,1,0.6427518427518427,0.8536184210526315,23,2083.0224609375,0.9877100775219628,3863.0,2389.0,2297.218481388651
L-Concrete,concrete,linear,0.15,0.2,0.00165,0.1,2020125,2,0.670925470925471,0.8223684210526315,20,2093.199462890625,0.9863903857662072,3629.0,2422.0,2309.3722595201825
L-Concrete,concrete,linear,0.15,0.2,0.00165,0.1,2020126,3,0.6532350532350533,0.805921052631579,15,2413.987060546875,0.990013135388912,4157.0,2970.0,2758.419118861118
L-Concrete,concrete,linear,0.15,0.2,0.00165,0.1,2020127,4,0.6091728091728091,0.8519736842105263,32,1942.980712890625,0.985045996992563,3548.0,2131.0,2082.439722635084
L-Concrete,concrete,linear,0.15,0.2,0.0022,0.1,2030123,0,0.6484848484848484,0.881578947368421,24,1226.9195556640625,0.9826207381898358,3172.0,1484.0,1419.2544014932214
L-Concrete,concrete,linear,0.15,0.2,0.0022,0.1,2030124,1,0.6705978705978706,0.8305921052631579,20,1248.299072265625,0.9848747821976106,3390.0,1533.0,1460.206500549587
L-Concrete,concrete,linear,0.15,0.2,0.0022,0.1,2030125,2,0.5926289926289926,0.8092105263157895,15,1325.2154541015625,0.981364607156305,3845.0,1743.0,1612.3711906216645
L-Concrete,concrete,linear,0.15,0.2,0.0022,0.1,2030126,3,0.6817362817362818,0.8569078947368421,22,1425.7845458984375,0.9856590004559812,3030.0,1665.0,1613.6417432174164
L-Concrete,concrete,linear,0.15,0.2,0.0022,0.1,2030127,4,0.6981162981162982,0.850328947368421,30,1438.9710693359375,0.9846666560555996,3847.0,1618.0,1599.0921791461506
L-Concrete,concrete,linear,0.15,0.2,0.00275,0.1,2040123,0,0.6255528255528255,0.8207236842105263,20,1031.7845458984375,0.978030263081136,3019.0,1276.0,1230.787713383274
L-Concrete,concrete,linear,0.15,0.2,0.00275,0.1,2040124,1,0.6488124488124488,0.84375,16,903.453369140625,0.9732848324404086,2708.0,1207.0,1130.1761456134382
L-Concrete,concrete,linear,0.15,0.2,0.00275,0.1,2040125,2,0.6566748566748567,0.8157894736842105,33,939.228271484375,0.9741001618571838,3397.0,1108.0,1093.0892514969992
L-Concrete,concrete,linear,0.15,0.2,0.00275,0.1,2040126,3,0.6581490581490581,0.819078947368421,22,918.073974609375,0.972384772774037,3576.0,1103.0,1098.4256535120064
L-Concrete,concrete,linear,0.15,0.2,0.00275,0.1,2040127,4,0.6068796068796068,0.8338815789473685,23,904.48876953125,0.9761358501424848,3996.0,1082.0,1084.9093944160686
L-Concrete,concrete,linear,0.15,0.2,0.0033,0.1,2050123,0,0.6340704340704341,0.8305921052631579,25,741.2893676757812,0.968221964580016,2338.0,943.0,902.8369578543504
L-Concrete,concrete,linear,0.15,0.2,0.0033,0.1,2050124,1,0.6430794430794431,0.8536184210526315,29,836.717041015625,0.9698698277228264,2875.0,1002.0,988.3136532123495
L-Concrete,concrete,linear,0.15,0.2,0.0033,0.1,2050125,2,0.6011466011466011,0.8322368421052632,28,757.6077270507812,0.9646317385112162,4114.0,897.0,928.7608737313176
L-Concrete,concrete,linear,0.15,0.2,0.0033,0.1,2050126,3,0.6414414414414414,0.8388157894736842,22,727.4115600585938,0.9716461097152028,3392.0,923.0,920.0454863587528
L-Concrete,concrete,linear,0.15,0.2,0.0033,0.1,2050127,4,0.6895986895986896,0.8305921052631579,44,678.6334228515625,0.96843388117419,3324.0,795.0,815.5319981337715
L-Concrete,concrete,linear,0.15,0.2,0.0044,0.1,2060123,0,0.583947583947584,0.899671052631579,24,409.151123046875,0.9467504146728144,4659.0,532.0,639.9554670404889
L-Concrete,concrete,linear,0.15,0.2,0.0044,0.1,2060124,1,0.678951678951679,0.8980263157894737,40,379.9292602539063,0.9425890008562288,2345.0,500.0,502.494400259729
L-Concrete,concrete,linear,0.15,0.2,0.0044,0.1,2060125,2,0.5773955773955773,0.8223684210526315,20,437.1414794921875,0.950184028706664,3083.0,585.0,604.1718127769731
L-Concrete,concrete,linear,0.15,0.2,0.0044,0.1,2060126,3,0.6196560196560197,0.819078947368421,36,418.7877807617188,0.9502315840172588,3218.0,528.0,565.0761451291213
L-Concrete,concrete,linear,0.15,0.2,0.0044,0.1,2060127,4,0.6144144144144145,0.8585526315789473,28,462.4469604492188,0.9569860482347198,3517.0,585.0,623.8871566600492
L-Concrete,concrete,linear,0.15,0.2,0.0055,0.1,2070123,0,0.5937755937755937,0.8289473684210527,45,286.1253967285156,0.9277779191949854,3543.0,373.0,438.5209573318097
L-Concrete,concrete,linear,0.15,0.2,0.0055,0.1,2070124,1,0.6763308763308763,0.8799342105263158,48,243.16720581054688,0.9137306588060704,3016.0,331.0,388.29294272536737
L-Concrete,concrete,linear,0.15,0.2,0.0055,0.1,2070125,2,0.638001638001638,0.9144736842105264,40,243.80064392089844,0.9167134854919744,2114.0,346.0,362.3361402661288
L-Concrete,concrete,linear,0.15,0.2,0.0055,0.1,2070126,3,0.6823914823914824,0.8486842105263158,27,249.5787811279297,0.9361796638905964,2403.0,354.0,375.4651475846644
L-Concrete,concrete,linear,0.15,0.2,0.0055,0.1,2070127,4,0.6357084357084357,0.8470394736842105,57,253.8231506347656,0.9300336715751304,2335.0,344.0,368.7504077725045
L-Concrete,concrete,linear,0.15,0.2,0.0066,0.1,2080123,0,0.6417690417690418,0.8536184210526315,38,157.3054656982422,0.8951190179820874,2181.0,241.0,278.35756514224465
L-Concrete,concrete,linear,0.15,0.2,0.0066,0.1,2080124,1,0.5986895986895987,0.8717105263157895,38,165.92926025390625,0.8943457672167684,3023.0,245.0,315.5610215586378
L-Concrete,concrete,linear,0.15,0.2,0.0066,0.1,2080125,2,0.620966420966421,0.837171052631579,28,217.62701416015625,0.9148609494827444,4946.0,283.0,445.5655019124723
L-Concrete,concrete,linear,0.15,0.2,0.0066,0.1,2080126,3,0.6355446355446356,0.8470394736842105,67,188.61737060546875,0.8947918421737348,3833.0,257.0,353.4422392274344
L-Concrete,concrete,linear,0.15,0.2,0.0066,0.1,2080127,4,0.6186732186732187,0.9029605263157896,77,161.8681640625,0.8939084793881824,2042.0,240.0,265.7484160675182
L-Concrete,concrete,linear,0.15,0.2,0.0011,0.2,2090123,0,0.6519246519246519,0.8388157894736842,20,3455.672119140625,0.9944839564925722,4773.0,3973.0,3744.928885619012
L-Concrete,concrete,linear,0.15,0.2,0.0011,0.2,2090124,1,0.6525798525798526,0.7976973684210527,19,3566.24755859375,0.995166183315424,5090.0,4122.0,3888.131750596782
L-Concrete,concrete,linear,0.15,0.2,0.0011,0.2,2090125,2,0.6466830466830467,0.8585526315789473,19,3119.289306640625,0.9915220056880636,4776.0,3621.0,3398.6029630462017
L-Concrete,concrete,linear,0.15,0.2,0.0011,0.2,2090126,3,0.6673218673218673,0.837171052631579,21,3666.59814453125,0.9946901975189004,4365.0,4054.0,3874.271480322898
L-Concrete,concrete,linear,0.15,0.2,0.0011,0.2,2090127,4,0.6573300573300573,0.7927631578947368,18,3725.09326171875,0.9955177891186224,5032.0,4371.0,4093.16644476404
L-Concrete,concrete,linear,0.15,0.2,0.00165,0.2,2100123,0,0.6447174447174447,0.8404605263157895,14,2340.987060546875,0.99118583765491,4148.0,2822.0,2649.1481507775698
L-Concrete,concrete,linear,0.15,0.2,0.00165,0.2,2100124,1,0.6807534807534807,0.8700657894736842,15,2001.5594482421875,0.9870145319119245,3697.0,2497.0,2308.8647013225373
L-Concrete,concrete,linear,0.15,0.2,0.00165,0.2,2100125,2,0.6319410319410319,0.7779605263157895,14,2078.970947265625,0.9918567562195004,4154.0,2524.0,2377.1480053426603
L-Concrete,concrete,linear,0.15,0.2,0.00165,0.2,2100126,3,0.6507780507780507,0.8042763157894737,14,2222.430908203125,0.9913390214716702,4085.0,2659.0,2501.631616645687
L-Concrete,concrete,linear,0.15,0.2,0.00165,0.2,2100127,4,0.6730548730548731,0.8486842105263158,15,2022.3408203125,0.9890984594769624,3667.0,2501.0,2310.877353345619
L-Concrete,concrete,linear,0.15,0.2,0.0022,0.2,2110123,0,0.6193284193284193,0.8404605263157895,22,1272.926025390625,0.9815058923568712,3091.0,1401.0,1391.5925262650264
L-Concrete,concrete,linear,0.15,0.2,0.0022,0.2,2110124,1,0.64995904995905,0.8667763157894737,12,1548.4437255859375,0.986265740570934,4009.0,2062.0,1905.1515270014895
L-Concrete,concrete,linear,0.15,0.2,0.0022,0.2,2110125,2,0.6324324324324324,0.8355263157894737,18,1334.6044921875,0.982767889497118,2189.0,1674.0,1533.9577952830366
L-Concrete,concrete,linear,0.15,0.2,0.0022,0.2,2110126,3,0.6165438165438165,0.8700657894736842,18,1337.2572021484375,0.9832135947686498,3040.0,1577.0,1509.829626379904
L-Concrete,concrete,linear,0.15,0.2,0.0022,0.2,2110127,4,0.6746928746928746,0.8207236842105263,15,1504.4822998046875,0.9831675042432204,2872.0,1810.0,1697.1377724210186
L-Concrete,concrete,linear,0.15,0.2,0.00275,0.2,2120123,0,0.6476658476658477,0.8223684210526315,18,1183.3665771484375,0.9810616153138794,2848.0,1379.0,1339.7660752934985
L-Concrete,concrete,linear,0.15,0.2,0.00275,0.2,2120124,1,0.6314496314496314,0.8585526315789473,25,1084.3890380859375,0.979133252401069,2885.0,1233.0,1217.2185231363446
L-Concrete,concrete,linear,0.15,0.2,0.00275,0.2,2120125,2,0.6316134316134316,0.7697368421052632,13,1080.845703125,0.9825509915524382,3336.0,1429.0,1338.8636073692758
L-Concrete,concrete,linear,0.15,0.2,0.00275,0.2,2120126,3,0.6438984438984439,0.8470394736842105,24,893.6591796875,0.9709209300679388,2921.0,1068.0,1042.6852007034986
L-Concrete,concrete,linear,0.15,0.2,0.00275,0.2,2120127,4,0.6381654381654381,0.8322368421052632,15,949.5369873046876,0.9747927699307624,2583.0,1161.0,1104.712299391162
L-Concrete,concrete,linear,0.15,0.2,0.0033,0.2,2130123,0,0.6234234234234234,0.8223684210526315,15,816.7427368164062,0.9729458371061688,3721.0,978.0,990.539447871254
L-Concrete,concrete,linear,0.15,0.2,0.0033,0.2,2130124,1,0.6407862407862408,0.8569078947368421,38,792.2540283203125,0.9661915950649524,4239.0,863.0,923.8675414442492
L-Concrete,concrete,linear,0.15,0.2,0.0033,0.2,2130125,2,0.6941850941850942,0.8519736842105263,38,776.5144653320312,0.966888365814127,4580.0,860.0,917.5698606242792
L-Concrete,concrete,linear,0.15,0.2,0.0033,0.2,2130126,3,0.6447174447174447,0.8470394736842105,35,719.414794921875,0.9683261015149396,3140.0,812.0,842.0800700509444
L-Concrete,concrete,linear,0.15,0.2,0.0033,0.2,2130127,4,0.6255528255528255,0.8569078947368421,21,867.5048217773438,0.9771739089153336,2950.0,1002.0,998.7680881044532
L-Concrete,concrete,linear,0.15,0.2,0.0044,0.2,2140123,0,0.5867321867321867,0.7845394736842105,14,502.0675354003906,0.9569074226583713,4875.0,663.0,737.3680920997423
L-Concrete,concrete,linear,0.15,0.2,0.0044,0.2,2140124,1,0.6689598689598689,0.8552631578947368,32,474.0,0.9406052803677426,8411.0,532.0,749.2129416904211
L-Concrete,concrete,linear,0.15,0.2,0.0044,0.2,2140125,2,0.6407862407862408,0.8700657894736842,19,526.9163818359375,0.9668191549450588,4425.0,625.0,683.4600663208217
L-Concrete,concrete,linear,0.15,0.2,0.0044,0.2,2140126,3,0.642915642915643,0.8651315789473685,32,463.9292602539063,0.9455199180383363,3199.0,561.0,592.5877983596023
L-Concrete,concrete,linear,0.15,0.2,0.0044,0.2,2140127,4,0.6497952497952498,0.8799342105263158,19,500.8424377441406,0.95408037072294,3118.0,618.0,638.2452121810131
L-Concrete,concrete,linear,0.15,0.2,0.0055,0.2,2150123,0,0.638984438984439,0.8634868421052632,35,263.6688232421875,0.9307298398907016,1775.0,347.0,359.4260853690082
L-Concrete,concrete,linear,0.15,0.2,0.0055,0.2,2150124,1,0.6293202293202294,0.837171052631579,19,319.5723571777344,0.939599544798174,3532.0,404.0,471.171078607466
L-Concrete,concrete,linear,0.15,0.2,0.0055,0.2,2150125,2,0.592956592956593,0.8338815789473685,23,301.189697265625,0.9392061116928287,2490.0,397.0,420.9119305657519
L-Concrete,concrete,linear,0.15,0.2,0.0055,0.2,2150126,3,0.646027846027846,0.850328947368421,24,272.5369873046875,0.9209473781626122,2246.0,366.0,387.33866214872734
L-Concrete,concrete,linear,0.15,0.2,0.0055,0.2,2150127,4,0.6283374283374283,0.8634868421052632,25,406.7106018066406,0.941494188042394,2647.0,521.0,537.6642629450607
L-Concrete,concrete,linear,0.15,0.2,0.0066,0.2,2160123,0,0.6768222768222768,0.8848684210526315,40,274.30224609375,0.930757046057226,3417.0,337.0,414.40312853254926
L-Concrete,concrete,linear,0.15,0.2,0.0066,0.2,2160124,1,0.6034398034398034,0.8733552631578947,49,267.8746032714844,0.9267343860348862,2256.0,320.0,353.13697342607844
L-Concrete,concrete,linear,0.15,0.2,0.0066,0.2,2160125,2,0.5783783783783784,0.8240131578947368,30,267.6623840332031,0.9247597290339148,2790.0,331.0,377.39288445030365
L-Concrete,concrete,linear,0.15,0.2,0.0066,0.2,2160126,3,0.6453726453726454,0.8240131578947368,27,215.25401306152344,0.9067919955824312,2286.0,297.0,329.35549895979824
L-Concrete,concrete,linear,0.15,0.2,0.0066,0.2,2160127,4,0.6188370188370188,0.837171052631579,23,189.21864318847656,0.914882787298238,2291.0,254.0,294.27010111207574
L-Concrete,concrete,linear,0.15,0.2,0.0011,0.4,2170123,0,0.650941850941851,0.8174342105263158,12,4036.1318359375,0.996709282325552,7686.0,5985.0,5164.599080554764
L-Concrete,concrete,linear,0.15,0.2,0.0011,0.4,2170124,1,0.6689598689598689,0.8601973684210527,13,4496.95166015625,0.9954347282695272,7232.0,5742.0,5239.140094869167
L-Concrete,concrete,linear,0.15,0.2,0.0011,0.4,2170125,2,0.6692874692874693,0.8207236842105263,19,3708.2958984375,0.9942813843480228,4915.0,4169.0,3977.093782412485
L-Concrete,concrete,linear,0.15,0.2,0.0011,0.4,2170126,3,0.6471744471744472,0.84375,17,3224.871337890625,0.993117558932844,5094.0,4013.0,3656.7312794220993
L-Concrete,concrete,linear,0.15,0.2,0.0011,0.4,2170127,4,0.6642096642096642,0.8157894736842105,16,3315.77490234375,0.9927786597208956,5812.0,4285.0,3856.109308195045
L-Concrete,concrete,linear,0.15,0.2,0.00165,0.4,2180123,0,0.6353808353808353,0.819078947368421,16,2098.55615234375,0.9890773988813268,3538.0,2517.0,2359.6494186466334
L-Concrete,concrete,linear,0.15,0.2,0.00165,0.4,2180124,1,0.618018018018018,0.8569078947368421,14,2140.009765625,0.9905444165716292,4643.0,2785.0,2546.7348658556325
L-Concrete,concrete,linear,0.15,0.2,0.00165,0.4,2180125,2,0.6253890253890254,0.8355263157894737,19,2237.20263671875,0.9895731457769884,5658.0,2493.0,2460.127364703032
L-Concrete,concrete,linear,0.15,0.2,0.00165,0.4,2180126,3,0.65995085995086,0.8207236842105263,17,2074.552978515625,0.9904819714213702,3471.0,2438.0,2298.7435974810337
L-Concrete,concrete,linear,0.15,0.2,0.00165,0.4,2180127,4,0.6617526617526618,0.8240131578947368,15,2046.321533203125,0.9903334690687654,4329.0,2437.0,2316.180316325158
L-Concrete,concrete,linear,0.15,0.2,0.0022,0.4,2190123,0,0.6714168714168715,0.8569078947368421,23,1631.9710693359375,0.9864403157832632,2588.0,1701.0,1691.4753514999177
L-Concrete,concrete,linear,0.15,0.2,0.0022,0.4,2190124,1,0.6119574119574119,0.8667763157894737,15,1286.1575927734375,0.9853398845766524,3286.0,1615.0,1513.434571223502
L-Concrete,concrete,linear,0.15,0.2,0.0022,0.4,2190125,2,0.6465192465192465,0.805921052631579,13,1390.0096435546875,0.9841582070087956,3652.0,1703.0,1616.2660149188346
L-Concrete,concrete,linear,0.15,0.2,0.0022,0.4,2190126,3,0.6417690417690418,0.8174342105263158,15,1363.4437255859375,0.983995208737518,3974.0,1669.0,1594.572043225421
L-Concrete,concrete,linear,0.15,0.2,0.0022,0.4,2190127,4,0.6512694512694512,0.8223684210526315,16,1445.546630859375,0.9853139747029026,3884.0,1673.0,1630.0581392379192
L-Concrete,concrete,linear,0.15,0.2,0.00275,0.4,2200123,0,0.6332514332514333,0.8207236842105263,14,1161.1029052734375,0.9794915454775706,3055.0,1468.0,1378.4729605087143
L-Concrete,concrete,linear,0.15,0.2,0.00275,0.4,2200124,1,0.6240786240786241,0.8223684210526315,18,854.1414794921875,0.9735539772521452,4125.0,1015.0,1020.720493935214
L-Concrete,concrete,linear,0.15,0.2,0.00275,0.4,2200125,2,0.6206388206388206,0.8092105263157895,13,1149.47265625,0.9833126599422026,3214.0,1554.0,1430.7306787448974
L-Concrete,concrete,linear,0.15,0.2,0.00275,0.4,2200126,3,0.6126126126126126,0.8980263157894737,18,1137.700927734375,0.9789918299415976,2611.0,1264.0,1237.2323741623602
L-Concrete,concrete,linear,0.15,0.2,0.00275,0.4,2200127,4,0.6694512694512694,0.8552631578947368,21,1027.019287109375,0.9784738239458588,1912.0,1177.0,1126.399511695167
L-Concrete,concrete,linear,0.15,0.2,0.0033,0.4,2210123,0,0.6416052416052416,0.8207236842105263,17,753.0900268554688,0.973854273868182,2686.0,873.0,871.8465144093677
L-Concrete,concrete,linear,0.15,0.2,0.0033,0.4,2210124,1,0.6361998361998362,0.8240131578947368,13,768.546630859375,0.9687281076423292,2522.0,1022.0,956.0477652945
L-Concrete,concrete,linear,0.15,0.2,0.0033,0.4,2210125,2,0.6145782145782146,0.8305921052631579,15,764.6688232421875,0.9704932613664872,2889.0,935.0,912.8681669678512
L-Concrete,concrete,linear,0.15,0.2,0.0033,0.4,2210126,3,0.6167076167076168,0.8305921052631579,14,907.0514526367188,0.9765123702847388,2851.0,1074.0,1044.1947637056746
L-Concrete,concrete,linear,0.15,0.2,0.0033,0.4,2210127,4,0.6316134316134316,0.8075657894736842,17,748.8424682617188,0.9689036776244386,2593.0,851.0,862.931504234478
L-Concrete,concrete,linear,0.15,0.2,0.0044,0.4,2220123,0,0.6497952497952498,0.868421052631579,32,459.9485473632813,0.954049592780648,1952.0,521.0,529.854248704472
L-Concrete,concrete,linear,0.15,0.2,0.0044,0.4,2220124,1,0.628009828009828,0.8848684210526315,13,505.8167114257813,0.959137472996787,2991.0,616.0,638.5914587156514
L-Concrete,concrete,linear,0.15,0.2,0.0044,0.4,2220125,2,0.6173628173628174,0.8536184210526315,15,535.6591796875,0.96458053843503,1992.0,675.0,655.1746924299609
L-Concrete,concrete,linear,0.15,0.2,0.0044,0.4,2220126,3,0.6848484848484848,0.8618421052631579,20,518.3182983398438,0.956567255436405,2255.0,614.0,619.6071987126611
L-Concrete,concrete,linear,0.15,0.2,0.0044,0.4,2220127,4,0.6253890253890254,0.8585526315789473,16,551.6591796875,0.955360605972514,1824.0,665.0,646.6529502920367
L-Concrete,concrete,linear,0.15,0.2,0.0055,0.4,2230123,0,0.6358722358722358,0.8470394736842105,41,353.6430969238281,0.9455174564384108,1976.0,412.0,434.1318676927326
L-Concrete,concrete,linear,0.15,0.2,0.0055,0.4,2230124,1,0.6612612612612613,0.8026315789473685,20,376.6012878417969,0.943144243201357,1982.0,437.0,452.4642752670636
L-Concrete,concrete,linear,0.15,0.2,0.0055,0.4,2230125,2,0.6792792792792792,0.8667763157894737,78,312.0353698730469,0.9303341711238916,2168.0,336.0,376.1839234975232
L-Concrete,concrete,linear,0.15,0.2,0.0055,0.4,2230126,3,0.6036036036036037,0.8601973684210527,29,362.7106018066406,0.953285988457086,3431.0,419.0,489.5128667259758
L-Concrete,concrete,linear,0.15,0.2,0.0055,0.4,2230127,4,0.6804258804258805,0.8519736842105263,21,350.96142578125,0.9444385217908507,2150.0,419.0,438.3865898417543
L-Concrete,concrete,linear,0.15,0.2,0.0066,0.4,2240123,0,0.6165438165438165,0.8832236842105263,33,226.7138214111328,0.8971933600259726,2898.0,276.0,334.3470503525383
L-Concrete,concrete,linear,0.15,0.2,0.0066,0.4,2240124,1,0.6661752661752661,0.8273026315789473,15,325.5627136230469,0.9467259987526788,3283.0,411.0,469.57550762208297
L-Concrete,concrete,linear,0.15,0.2,0.0066,0.4,2240125,2,0.6375102375102375,0.8486842105263158,14,237.07073974609372,0.920267202085236,1611.0,317.0,325.71064559463593
L-Concrete,concrete,linear,0.15,0.2,0.0066,0.4,2240126,3,0.6268632268632268,0.8782894736842105,47,237.35047912597656,0.8998902166747194,2374.0,264.0,314.6939843179577
L-Concrete,concrete,linear,0.15,0.2,0.0066,0.4,2240127,4,0.6427518427518427,0.8519736842105263,48,286.1029052734375,0.9331724275746828,1835.0,329.0,356.2714171519173
L-Concrete,concrete,linear,0.15,0.5,0.0011,0.0,2250123,0,0.6298116298116299,0.8289473684210527,36,564.6817016601562,0.9803453811454228,9378.0,2225.0,2876.4056210796152
L-Concrete,concrete,linear,0.15,0.5,0.0011,0.0,2250124,1,0.6697788697788698,0.8634868421052632,52,455.9742736816406,0.9590356382241816,8093.0,1860.0,2459.6852395497604
L-Concrete,concrete,linear,0.15,0.5,0.0011,0.0,2250125,2,0.6345618345618346,0.8733552631578947,57,438.7620544433594,0.9713396646408712,7873.0,1686.0,2269.5500201263785
L-Concrete,concrete,linear,0.15,0.5,0.0011,0.0,2250126,3,0.6638820638820638,0.875,45,477.151123046875,0.9724364690993008,8652.0,1906.0,2643.778664886528
L-Concrete,concrete,linear,0.15,0.5,0.0011,0.0,2250127,4,0.6076986076986077,0.8667763157894737,51,436.6109313964844,0.9679096189791844,7896.0,1691.0,2295.994225796492
L-Concrete,concrete,linear,0.15,0.5,0.00165,0.0,2260123,0,0.628992628992629,0.8552631578947368,56,220.3247528076172,0.9591500073770864,6040.0,945.0,1755.3858858873807
L-Concrete,concrete,linear,0.15,0.5,0.00165,0.0,2260124,1,0.6027846027846028,0.8700657894736842,54,265.3729858398437,0.9600917075254808,6236.0,1179.0,1945.6513459686207
L-Concrete,concrete,linear,0.15,0.5,0.00165,0.0,2260125,2,0.6242424242424243,0.8519736842105263,18,486.0900268554688,0.9753214726116916,9261.0,2076.0,2948.5700358968206
L-Concrete,concrete,linear,0.15,0.5,0.00165,0.0,2260126,3,0.6248976248976249,0.805921052631579,76,201.0064239501953,0.946820098391244,5825.0,847.0,1688.7783316786902
L-Concrete,concrete,linear,0.15,0.5,0.00165,0.0,2260127,4,0.6501228501228501,0.8470394736842105,24,416.5369873046875,0.9715868492798952,8908.0,1886.0,2917.139327992396
L-Concrete,concrete,linear,0.15,0.5,0.0022,0.0,2270123,0,0.6463554463554464,0.8980263157894737,32,217.54983520507807,0.9503602923767644,6512.0,1015.0,2142.7796908930677
L-Concrete,concrete,linear,0.15,0.5,0.0022,0.0,2270124,1,0.6155610155610156,0.8404605263157895,58,154.68167114257812,0.9451390327975868,6202.0,667.0,1955.036533518784
L-Concrete,concrete,linear,0.15,0.5,0.0022,0.0,2270125,2,0.6237510237510238,0.8700657894736842,27,244.2893829345703,0.9576903464246104,6481.0,1064.0,1945.2374241228367
L-Concrete,concrete,linear,0.15,0.5,0.0022,0.0,2270126,3,0.628009828009828,0.8832236842105263,18,329.4823303222656,0.9649994870998418,8540.0,1453.0,2648.098022242445
L-Concrete,concrete,linear,0.15,0.5,0.0022,0.0,2270127,4,0.5873873873873874,0.8552631578947368,24,262.282958984375,0.9543475368741056,7234.0,1210.0,2291.5088381924675
L-Concrete,concrete,linear,0.15,0.5,0.00275,0.0,2280123,0,0.5916461916461917,0.8601973684210527,37,162.17042541503906,0.946902109045006,6438.0,718.0,2149.354661589256
L-Concrete,concrete,linear,0.15,0.5,0.00275,0.0,2280124,1,0.6506142506142506,0.8552631578947368,48,136.02894592285156,0.919152856647142,5625.0,618.0,2003.9659864717876
L-Concrete,concrete,linear,0.15,0.5,0.00275,0.0,2280125,2,0.6442260442260442,0.8700657894736842,25,192.1318359375,0.9553678383351027,6013.0,904.0,1934.3127278782151
L-Concrete,concrete,linear,0.15,0.5,0.00275,0.0,2280126,3,0.653071253071253,0.8782894736842105,43,152.49517822265625,0.9410363001609996,5619.0,713.0,1868.9826354178915
L-Concrete,concrete,linear,0.15,0.5,0.00275,0.0,2280127,4,0.6493038493038493,0.8552631578947368,41,146.02894592285156,0.9372111252847184,5579.0,653.0,1829.091081999841
L-Concrete,concrete,linear,0.15,0.5,0.0033,0.0,2290123,0,0.5801801801801801,0.850328947368421,46,102.28617095947266,0.9168149781182005,4677.0,447.0,1605.6679871902056
L-Concrete,concrete,linear,0.15,0.5,0.0033,0.0,2290124,1,0.5443079443079443,0.8223684210526315,51,96.50804138183594,0.9209029297292478,4733.0,447.0,1786.3992170256945
L-Concrete,concrete,linear,0.15,0.5,0.0033,0.0,2290125,2,0.6198198198198198,0.8799342105263158,29,147.54019165039062,0.9252131362852613,6542.0,599.0,1836.1754093191505
L-Concrete,concrete,linear,0.15,0.5,0.0033,0.0,2290126,3,0.600982800982801,0.8355263157894737,27,150.263671875,0.9382539040548248,5700.0,672.0,1795.8202154794983
L-Concrete,concrete,linear,0.15,0.5,0.0033,0.0,2290127,4,0.6584766584766585,0.837171052631579,17,210.2893829345703,0.951163517222466,7101.0,986.0,2306.6770268984355
L-Concrete,concrete,linear,0.15,0.5,0.0044,0.0,2300123,0,0.6229320229320229,0.8486842105263158,45,81.34405517578125,0.9229414567161842,4524.0,397.0,1947.561843410747
L-Concrete,concrete,linear,0.15,0.5,0.0044,0.0,2300124,1,0.5837837837837838,0.850328947368421,55,71.14469146728516,0.9066819836744616,3899.0,332.0,1610.212249970048
L-Concrete,concrete,linear,0.15,0.5,0.0044,0.0,2300125,2,0.6021294021294021,0.8733552631578947,31,100.16398620605467,0.9277249916229804,4667.0,551.0,1939.9396019884728
L-Concrete,concrete,linear,0.15,0.5,0.0044,0.0,2300126,3,0.6147420147420147,0.837171052631579,23,114.42121887207033,0.931360483175504,5035.0,522.0,1832.8748622136493
L-Concrete,concrete,linear,0.15,0.5,0.0044,0.0,2300127,4,0.6014742014742015,0.8305921052631579,14,168.82957458496094,0.9403426759230096,6667.0,746.0,2128.31565271007
L-Concrete,concrete,linear,0.15,0.5,0.0055,0.0,2310123,0,0.5873873873873874,0.8338815789473685,29,80.0868148803711,0.8965143855077176,4491.0,362.0,1658.5822171428422
L-Concrete,concrete,linear,0.15,0.5,0.0055,0.0,2310124,1,0.5934479934479935,0.819078947368421,20,96.31510925292967,0.9050257699338814,5014.0,390.0,1595.2097288034563
L-Concrete,concrete,linear,0.15,0.5,0.0055,0.0,2310125,2,0.5791973791973792,0.8273026315789473,34,75.29582214355469,0.9079335404378106,4191.0,336.0,1543.3634918406756
L-Concrete,concrete,linear,0.15,0.5,0.0055,0.0,2310126,3,0.5624897624897625,0.8453947368421053,58,54.49517822265625,0.8876007230128902,3855.0,232.0,1724.1959960504726
L-Concrete,concrete,linear,0.15,0.5,0.0055,0.0,2310127,4,0.59000819000819,0.8667763157894737,45,66.90996551513672,0.904969709089378,3688.0,299.0,1389.862886568256
L-Concrete,concrete,linear,0.15,0.5,0.0066,0.0,2320123,0,0.5885339885339885,0.8634868421052632,23,72.9260482788086,0.9041407064353724,5070.0,285.0,2050.184168275895
L-Concrete,concrete,linear,0.15,0.5,0.0066,0.0,2320124,1,0.5746109746109747,0.84375,28,63.21865081787109,0.88141883740133,3730.0,284.0,1512.5987903559665
L-Concrete,concrete,linear,0.15,0.5,0.0066,0.0,2320125,2,0.6091728091728091,0.850328947368421,34,63.40514373779297,0.8744154605858939,4147.0,279.0,1763.2239586397147
L-Concrete,concrete,linear,0.15,0.5,0.0066,0.0,2320126,3,0.6244062244062244,0.9325657894736842,16,80.53376007080078,0.8760934331576556,4421.0,353.0,1644.300139996295
L-Concrete,concrete,linear,0.15,0.5,0.0066,0.0,2320127,4,0.6098280098280098,0.8486842105263158,35,58.27974319458008,0.8859112535148036,3594.0,237.0,1390.8665386118923
L-Concrete,concrete,linear,0.15,0.5,0.0011,0.1,2330123,0,0.6691236691236692,0.84375,17,2811.858642578125,0.9905335021784027,4649.0,3182.0,3048.894499850725
L-Concrete,concrete,linear,0.15,0.5,0.0011,0.1,2330124,1,0.6458640458640459,0.805921052631579,17,3274.858642578125,0.9931873073861852,5824.0,3628.0,3514.149871073404
L-Concrete,concrete,linear,0.15,0.5,0.0011,0.1,2330125,2,0.6412776412776413,0.8569078947368421,14,3239.9775390625,0.9931272037689414,4608.0,3924.0,3622.920464436352
L-Concrete,concrete,linear,0.15,0.5,0.0011,0.1,2330126,3,0.6936936936936937,0.8240131578947368,19,3212.360107421875,0.9929144514116628,4979.0,3437.0,3374.525045152613
L-Concrete,concrete,linear,0.15,0.5,0.0011,0.1,2330127,4,0.6576576576576577,0.8322368421052632,15,2971.0771484375,0.9913862815779738,5302.0,3525.0,3311.7598767943664
L-Concrete,concrete,linear,0.15,0.5,0.00165,0.1,2340123,0,0.6217854217854217,0.8733552631578947,12,1958.3408203125,0.988437863917222,4775.0,2416.0,2289.573321476845
L-Concrete,concrete,linear,0.15,0.5,0.00165,0.1,2340124,1,0.6809172809172809,0.8585526315789473,24,1859.45654296875,0.9881033949501872,2880.0,2110.0,2032.869613352815
L-Concrete,concrete,linear,0.15,0.5,0.00165,0.1,2340125,2,0.628992628992629,0.8388157894736842,22,1987.3955078125,0.9876381706677844,2705.0,2253.0,2158.869978158338
L-Concrete,concrete,linear,0.15,0.5,0.00165,0.1,2340126,3,0.657002457002457,0.8388157894736842,18,1967.321533203125,0.9889373738475904,3251.0,2273.0,2175.061802303146
L-Concrete,concrete,linear,0.15,0.5,0.00165,0.1,2340127,4,0.6371826371826372,0.819078947368421,21,1892.205810546875,0.989123570625698,2887.0,2150.0,2056.601978407477
L-Concrete,concrete,linear,0.15,0.5,0.0022,0.1,2350123,0,0.6358722358722358,0.8552631578947368,23,1104.8360595703125,0.9796070661768131,2320.0,1348.0,1259.9343878231796
L-Concrete,concrete,linear,0.15,0.5,0.0022,0.1,2350124,1,0.6232596232596233,0.8585526315789473,20,1052.7298583984375,0.9782213640272058,2350.0,1289.0,1212.030066399295
L-Concrete,concrete,linear,0.15,0.5,0.0022,0.1,2350125,2,0.6293202293202294,0.8273026315789473,21,1177.794189453125,0.9815162928451314,3045.0,1372.0,1338.3905889666714
L-Concrete,concrete,linear,0.15,0.5,0.0022,0.1,2350126,3,0.6656838656838657,0.8453947368421053,23,1254.4984130859375,0.9806901601300833,2506.0,1471.0,1419.39996336259
L-Concrete,concrete,linear,0.15,0.5,0.0022,0.1,2350127,4,0.6576576576576577,0.8519736842105263,17,1471.9163818359375,0.9837479945898604,2852.0,1622.0,1591.2602472506865
L-Concrete,concrete,linear,0.15,0.5,0.00275,0.1,2360123,0,0.682063882063882,0.8980263157894737,31,828.8424682617188,0.9709445227575152,3923.0,960.0,977.59136140153
L-Concrete,concrete,linear,0.15,0.5,0.00275,0.1,2360124,1,0.6247338247338248,0.7828947368421053,17,985.5530395507812,0.9807629543895376,2892.0,1205.0,1158.8662213376774
L-Concrete,concrete,linear,0.15,0.5,0.00275,0.1,2360125,2,0.6171990171990172,0.8667763157894737,29,822.3987426757812,0.9719412201289878,2810.0,954.0,946.1268017499082
L-Concrete,concrete,linear,0.15,0.5,0.00275,0.1,2360126,3,0.6837018837018837,0.8552631578947368,34,815.1060791015625,0.9692220887474056,2699.0,967.0,949.7479361065722
L-Concrete,concrete,linear,0.15,0.5,0.00275,0.1,2360127,4,0.6596232596232596,0.8421052631578947,20,900.7492065429688,0.975979676317466,2681.0,1119.0,1070.0572141872226
L-Concrete,concrete,linear,0.15,0.5,0.0033,0.1,2370123,0,0.6255528255528255,0.8980263157894737,41,556.52734375,0.9593459806989328,3595.0,658.0,698.4353200681683
L-Concrete,concrete,linear,0.15,0.5,0.0033,0.1,2370124,1,0.6266994266994267,0.8404605263157895,22,582.7877807617188,0.9650641215424832,2605.0,743.0,729.8651988644161
L-Concrete,concrete,linear,0.15,0.5,0.0033,0.1,2370125,2,0.6132678132678133,0.8601973684210527,24,697.019287109375,0.9714441059673272,2934.0,872.0,853.923386357118
L-Concrete,concrete,linear,0.15,0.5,0.0033,0.1,2370126,3,0.6027846027846028,0.8667763157894737,47,659.1993408203125,0.9664386801748784,3152.0,777.0,792.4429501451498
L-Concrete,concrete,linear,0.15,0.5,0.0033,0.1,2370127,4,0.658968058968059,0.8305921052631579,33,600.9678344726562,0.9635611532258612,3445.0,718.0,747.5462261139819
L-Concrete,concrete,linear,0.15,0.5,0.0044,0.1,2380123,0,0.6050778050778051,0.8453947368421053,33,308.6881103515625,0.9284748545213746,3932.0,405.0,485.2374758352845
L-Concrete,concrete,linear,0.15,0.5,0.0044,0.1,2380124,1,0.5513513513513514,0.8766447368421053,26,302.83599853515625,0.9298850363284882,3907.0,422.0,494.5940925327449
L-Concrete,concrete,linear,0.15,0.5,0.0044,0.1,2380125,2,0.5575757575757576,0.8388157894736842,22,335.0771789550781,0.9330169429300328,3305.0,433.0,483.01187690333694
L-Concrete,concrete,linear,0.15,0.5,0.0044,0.1,2380126,3,0.5551187551187551,0.8651315789473685,32,294.112548828125,0.9279484860474558,2888.0,387.0,435.33890121671305
L-Concrete,concrete,linear,0.15,0.5,0.0044,0.1,2380127,4,0.59000819000819,0.9013157894736842,38,306.4179992675781,0.9323854646935954,3027.0,388.0,444.8960276591293
L-Concrete,concrete,linear,0.15,0.5,0.0055,0.1,2390123,0,0.6208026208026208,0.8799342105263158,33,229.61415100097656,0.9163790175804638,2953.0,313.0,363.1975342368319
L-Concrete,concrete,linear,0.15,0.5,0.0055,0.1,2390124,1,0.6183456183456183,0.8634868421052632,26,223.0,0.912362173325434,2935.0,300.0,357.33641493197683
L-Concrete,concrete,linear,0.15,0.5,0.0055,0.1,2390125,2,0.6095004095004095,0.8700657894736842,34,197.07395935058597,0.900610681422854,3274.0,270.0,343.5164279976136
L-Concrete,concrete,linear,0.15,0.5,0.0055,0.1,2390126,3,0.5675675675675675,0.8930921052631579,45,230.08360290527344,0.9095951880077996,3350.0,285.0,371.44552645679664
L-Concrete,concrete,linear,0.15,0.5,0.0055,0.1,2390127,4,0.608026208026208,0.8322368421052632,30,210.8167266845703,0.9125526262254922,3291.0,285.0,367.2107537029728
L-Concrete,concrete,linear,0.15,0.5,0.0066,0.1,2400123,0,0.6434070434070434,0.8848684210526315,59,98.69131469726562,0.863691497858898,2570.0,146.0,227.83819192700557
L-Concrete,concrete,linear,0.15,0.5,0.0066,0.1,2400124,1,0.6473382473382473,0.8717105263157895,41,118.71382904052734,0.868177469337537,3515.0,177.0,316.7319237567411
L-Concrete,concrete,linear,0.15,0.5,0.0066,0.1,2400125,2,0.6057330057330057,0.8519736842105263,28,122.1736297607422,0.8708160280075873,2836.0,211.0,289.7089368595679
L-Concrete,concrete,linear,0.15,0.5,0.0066,0.1,2400126,3,0.6131040131040131,0.8651315789473685,20,179.09002685546875,0.8907261812382911,3196.0,261.0,355.2722149621266
L-Concrete,concrete,linear,0.15,0.5,0.0066,0.1,2400127,4,0.5746109746109747,0.8453947368421053,42,110.89710235595705,0.856400800827834,1652.0,187.0,218.11168979716123
L-Concrete,concrete,linear,0.15,0.5,0.0011,0.2,2410123,0,0.6566748566748567,0.8322368421052632,15,3182.044921875,0.993043356792824,5128.0,3503.0,3402.61043093153
L-Concrete,concrete,linear,0.15,0.5,0.0011,0.2,2410124,1,0.6365274365274365,0.9013157894736842,15,2806.95166015625,0.992438119159682,3958.0,3332.0,3107.063156053089
L-Concrete,concrete,linear,0.15,0.5,0.0011,0.2,2410125,2,0.6735462735462735,0.8322368421052632,11,3794.482421875,0.9954714089347524,6799.0,5119.0,4588.208032920316
L-Concrete,concrete,linear,0.15,0.5,0.0011,0.2,2410126,3,0.6412776412776413,0.8223684210526315,17,3026.95166015625,0.9917169792280252,3928.0,3389.0,3233.5154745001787
L-Concrete,concrete,linear,0.15,0.5,0.0011,0.2,2410127,4,0.6573300573300573,0.8075657894736842,16,3239.109375,0.9933229224329476,4232.0,3706.0,3506.912404613749
L-Concrete,concrete,linear,0.15,0.5,0.00165,0.2,2420123,0,0.6506142506142506,0.8207236842105263,19,1891.17041015625,0.9859395109720996,3153.0,2058.0,2012.4645570996208
L-Concrete,concrete,linear,0.15,0.5,0.00165,0.2,2420124,1,0.6542178542178542,0.8470394736842105,15,1936.3472900390625,0.987322584249095,3401.0,2184.0,2104.5436134750694
L-Concrete,concrete,linear,0.15,0.5,0.00165,0.2,2420125,2,0.6458640458640459,0.8141447368421053,18,2138.74609375,0.9905063881713538,3019.0,2243.0,2218.072595805854
L-Concrete,concrete,linear,0.15,0.5,0.00165,0.2,2420126,3,0.62997542997543,0.8404605263157895,22,1860.0257568359373,0.9864997902788376,2717.0,1951.0,1927.2674605431596
L-Concrete,concrete,linear,0.15,0.5,0.00165,0.2,2420127,4,0.6412776412776413,0.850328947368421,17,2019.3826904296875,0.9896683194447016,3182.0,2257.0,2170.154988398546
L-Concrete,concrete,linear,0.15,0.5,0.0022,0.2,2430123,0,0.6235872235872236,0.8256578947368421,11,1283.9163818359375,0.9818842954054074,3503.0,1641.0,1540.2287082919977
L-Concrete,concrete,linear,0.15,0.5,0.0022,0.2,2430124,1,0.6612612612612613,0.8651315789473685,19,1444.7298583984375,0.9845903846792604,3125.0,1592.0,1565.6565159806812
L-Concrete,concrete,linear,0.15,0.5,0.0022,0.2,2430125,2,0.6366912366912367,0.8404605263157895,11,1361.47265625,0.9858313052931896,2853.0,1689.0,1583.6509199798988
L-Concrete,concrete,linear,0.15,0.5,0.0022,0.2,2430126,3,0.6571662571662572,0.8174342105263158,21,1272.3697509765625,0.985280993933042,2464.0,1390.0,1369.6668644528766
L-Concrete,concrete,linear,0.15,0.5,0.0022,0.2,2430127,4,0.6329238329238329,0.8486842105263158,16,1251.996826171875,0.9797035645650188,2779.0,1435.0,1390.423407943187
L-Concrete,concrete,linear,0.15,0.5,0.00275,0.2,2440123,0,0.6173628173628174,0.8305921052631579,13,828.8649291992188,0.9760040622782364,3078.0,1046.0,1011.3030518203348
L-Concrete,concrete,linear,0.15,0.5,0.00275,0.2,2440124,1,0.641932841932842,0.8799342105263158,31,964.8070678710938,0.9778459423662752,3530.0,1059.0,1091.2615389408932
L-Concrete,concrete,linear,0.15,0.5,0.00275,0.2,2440125,2,0.6524160524160524,0.84375,19,878.1286010742188,0.9754491063039316,2571.0,1018.0,1001.8716408356008
L-Concrete,concrete,linear,0.15,0.5,0.00275,0.2,2440126,3,0.6227682227682227,0.8486842105263158,16,1054.3280029296875,0.9783818970763576,2179.0,1204.0,1173.0565167453583
L-Concrete,concrete,linear,0.15,0.5,0.00275,0.2,2440127,4,0.6229320229320229,0.8421052631578947,37,875.508056640625,0.971721450174243,3443.0,939.0,979.965851454577
L-Concrete,concrete,linear,0.15,0.5,0.0033,0.2,2450123,0,0.6427518427518427,0.8223684210526315,22,571.0064086914062,0.9606644032068148,3259.0,679.0,704.2542334023132
L-Concrete,concrete,linear,0.15,0.5,0.0033,0.2,2450124,1,0.6273546273546273,0.8273026315789473,32,767.9485473632812,0.9757140339897116,1990.0,844.0,839.7274240920582
L-Concrete,concrete,linear,0.15,0.5,0.0033,0.2,2450125,2,0.5913185913185913,0.8782894736842105,28,753.43408203125,0.9725933678114692,2452.0,825.0,838.4635051261128
L-Concrete,concrete,linear,0.15,0.5,0.0033,0.2,2450126,3,0.6584766584766585,0.8108552631578947,12,749.5337524414062,0.974493192772706,2462.0,912.0,891.1294723274933
L-Concrete,concrete,linear,0.15,0.5,0.0033,0.2,2450127,4,0.5739557739557739,0.8108552631578947,11,836.4758911132812,0.9731019904804772,3305.0,1037.0,1015.9098642171036
L-Concrete,concrete,linear,0.15,0.5,0.0044,0.2,2460123,0,0.6316134316134316,0.8322368421052632,32,469.0450134277344,0.9592276333871846,1654.0,569.0,562.1964240264617
L-Concrete,concrete,linear,0.15,0.5,0.0044,0.2,2460124,1,0.667977067977068,0.8930921052631579,32,485.1832885742188,0.9611319887047066,2202.0,576.0,583.2117507293012
L-Concrete,concrete,linear,0.15,0.5,0.0044,0.2,2460125,2,0.6253890253890254,0.8799342105263158,30,412.0482177734375,0.9474617186438266,3458.0,475.0,534.3150370440512
L-Concrete,concrete,linear,0.15,0.5,0.0044,0.2,2460126,3,0.5434889434889435,0.8273026315789473,20,393.4598083496094,0.9431886311473352,2284.0,490.0,507.1692033735118
L-Concrete,concrete,linear,0.15,0.5,0.0044,0.2,2460127,4,0.6712530712530712,0.850328947368421,31,426.9517822265625,0.9433043740345456,2337.0,496.0,514.1139533045048
L-Concrete,concrete,linear,0.15,0.5,0.0055,0.2,2470123,0,0.5941031941031941,0.8421052631578947,26,256.77813720703125,0.9205854242438362,4679.0,295.0,437.3781096725895
L-Concrete,concrete,linear,0.15,0.5,0.0055,0.2,2470124,1,0.596068796068796,0.8519736842105263,56,238.38584899902344,0.9185530233655136,2409.0,284.0,332.3258716769394
L-Concrete,concrete,linear,0.15,0.5,0.0055,0.2,2470125,2,0.6039312039312039,0.8125,29,265.9003295898437,0.9298453946670848,2813.0,314.0,375.9089279860217
L-Concrete,concrete,linear,0.15,0.5,0.0055,0.2,2470126,3,0.5867321867321867,0.819078947368421,49,247.4919586181641,0.9137498546771096,4011.0,278.0,380.0511775808705
L-Concrete,concrete,linear,0.15,0.5,0.0055,0.2,2470127,4,0.6350532350532351,0.8700657894736842,37,279.88104248046875,0.9237275619917128,1871.0,353.0,367.3280605215575
L-Concrete,concrete,linear,0.15,0.5,0.0066,0.2,2480123,0,0.6093366093366094,0.850328947368421,57,202.76205444335935,0.9065477423576804,2135.0,235.0,280.57436020935
L-Concrete,concrete,linear,0.15,0.5,0.0066,0.2,2480124,1,0.6245700245700245,0.8914473684210527,36,190.93890380859372,0.9109346134573294,2863.0,244.0,316.1555788704304
L-Concrete,concrete,linear,0.15,0.5,0.0066,0.2,2480125,2,0.6013104013104014,0.9292763157894736,50,163.2893829345703,0.8922013253532542,2244.0,211.0,257.28793845696373
L-Concrete,concrete,linear,0.15,0.5,0.0066,0.2,2480126,3,0.6278460278460278,0.8552631578947368,19,229.9549865722656,0.91282998110935,4131.0,289.0,410.8310681095055
L-Concrete,concrete,linear,0.15,0.5,0.0066,0.2,2480127,4,0.6425880425880426,0.8634868421052632,31,198.9131774902344,0.9130026768660654,3758.0,230.0,340.1031075573113
L-Concrete,concrete,linear,0.15,0.5,0.0011,0.4,2490123,0,0.6751842751842752,0.7779605263157895,22,3274.74609375,0.9936435027500872,3554.0,3332.0,3307.203503461136
L-Concrete,concrete,linear,0.15,0.5,0.0011,0.4,2490124,1,0.6604422604422604,0.8388157894736842,17,3150.19287109375,0.9926209541535372,4329.0,3420.0,3321.7468746144573
L-Concrete,concrete,linear,0.15,0.5,0.0011,0.4,2490125,2,0.6461916461916462,0.8782894736842105,12,3706.276611328125,0.9947876445233106,7147.0,4733.0,4347.688686632604
L-Concrete,concrete,linear,0.15,0.5,0.0011,0.4,2490126,3,0.6517608517608517,0.8092105263157895,14,3117.948486328125,0.9939607340807473,4918.0,3956.0,3583.106740136497
L-Concrete,concrete,linear,0.15,0.5,0.0011,0.4,2490127,4,0.6511056511056511,0.8421052631578947,19,3077.9453125,0.989973479227342,4865.0,3188.0,3171.6509990939658
L-Concrete,concrete,linear,0.15,0.5,0.00165,0.4,2500123,0,0.6483210483210483,0.8256578947368421,12,2167.00634765625,0.991819976060736,4335.0,2805.0,2574.485104011715
L-Concrete,concrete,linear,0.15,0.5,0.00165,0.4,2500124,1,0.6733824733824734,0.8207236842105263,13,1825.27978515625,0.9877410374233344,4261.0,2095.0,2028.5542334271515
L-Concrete,concrete,linear,0.15,0.5,0.00165,0.4,2500125,2,0.6497952497952498,0.8766447368421053,13,1789.373046875,0.9882422923505108,3313.0,2334.0,2110.3131517290985
L-Concrete,concrete,linear,0.15,0.5,0.00165,0.4,2500126,3,0.6522522522522523,0.8042763157894737,15,2118.842529296875,0.9903693450916606,3302.0,2454.0,2326.884306295871
L-Concrete,concrete,linear,0.15,0.5,0.00165,0.4,2500127,4,0.6244062244062244,0.8026315789473685,18,2035.6591796875,0.989729047596201,2527.0,2253.0,2168.1464449283285
L-Concrete,concrete,linear,0.15,0.5,0.0022,0.4,2510123,0,0.613923013923014,0.7960526315789473,11,1445.6688232421875,0.9880742253790792,3244.0,1888.0,1740.852029015436
L-Concrete,concrete,linear,0.15,0.5,0.0022,0.4,2510124,1,0.6565110565110565,0.8421052631578947,12,1208.98388671875,0.9836425883841938,3604.0,1484.0,1426.8741143753846
L-Concrete,concrete,linear,0.15,0.5,0.0022,0.4,2510125,2,0.6561834561834562,0.8832236842105263,12,1426.228271484375,0.9831744198904954,2877.0,1723.0,1637.190643062979
L-Concrete,concrete,linear,0.15,0.5,0.0022,0.4,2510126,3,0.6126126126126126,0.8322368421052632,14,1218.305419921875,0.9788825911834568,3059.0,1482.0,1407.6725133096586
L-Concrete,concrete,linear,0.15,0.5,0.0022,0.4,2510127,4,0.6319410319410319,0.8125,15,1208.9132080078125,0.9761341308727232,2164.0,1458.0,1365.5082518353836
L-Concrete,concrete,linear,0.15,0.5,0.00275,0.4,2520123,0,0.6212940212940213,0.8125,18,1036.221923828125,0.9763438635248538,3273.0,1086.0,1117.295455601101
L-Concrete,concrete,linear,0.15,0.5,0.00275,0.4,2520124,1,0.6062244062244062,0.8421052631578947,11,1022.1961669921876,0.9782118382863604,2876.0,1337.0,1247.7287038840118
L-Concrete,concrete,linear,0.15,0.5,0.00275,0.4,2520125,2,0.6814086814086814,0.8733552631578947,14,790.717041015625,0.9743904028630878,2685.0,946.0,925.5800778947306
L-Concrete,concrete,linear,0.15,0.5,0.00275,0.4,2520126,3,0.6571662571662572,0.7993421052631579,13,974.8906860351562,0.974172427399922,2994.0,1108.0,1098.1960518508993
L-Concrete,concrete,linear,0.15,0.5,0.00275,0.4,2520127,4,0.6555282555282556,0.8042763157894737,14,888.6945190429688,0.9726851914476482,2722.0,1026.0,1011.6362495042292
L-Concrete,concrete,linear,0.15,0.5,0.0033,0.4,2530123,0,0.6343980343980344,0.875,13,698.5916137695312,0.9670762068034308,2866.0,837.0,831.5885449518403
L-Concrete,concrete,linear,0.15,0.5,0.0033,0.4,2530124,1,0.6147420147420147,0.8634868421052632,12,726.2990112304688,0.971122507619362,3225.0,943.0,917.9312566086288
L-Concrete,concrete,linear,0.15,0.5,0.0033,0.4,2530125,2,0.6307944307944308,0.8470394736842105,14,755.9292602539062,0.9653251580941792,2740.0,866.0,866.6117117293887
L-Concrete,concrete,linear,0.15,0.5,0.0033,0.4,2530126,3,0.6096642096642096,0.8552631578947368,14,721.8649291992188,0.9659468863352576,4118.0,855.0,889.1511685489952
L-Concrete,concrete,linear,0.15,0.5,0.0033,0.4,2530127,4,0.6116298116298117,0.84375,11,705.0321655273438,0.965423842280109,2762.0,898.0,866.804925260529
L-Concrete,concrete,linear,0.15,0.5,0.0044,0.4,2540123,0,0.6552006552006552,0.8914473684210527,30,455.4405212402344,0.939867055161652,1973.0,514.0,523.9167599306255
L-Concrete,concrete,linear,0.15,0.5,0.0044,0.4,2540124,1,0.6764946764946765,0.8092105263157895,13,485.6012878417969,0.9508247075282236,3341.0,564.0,614.0770063252763
L-Concrete,concrete,linear,0.15,0.5,0.0044,0.4,2540125,2,0.6157248157248157,0.8601973684210527,37,385.9517822265625,0.9453729605235716,1907.0,428.0,453.4527167427855
L-Concrete,concrete,linear,0.15,0.5,0.0044,0.4,2540126,3,0.6042588042588043,0.8618421052631579,26,414.414794921875,0.9496500911032554,3020.0,469.0,520.7590584836993
L-Concrete,concrete,linear,0.15,0.5,0.0044,0.4,2540127,4,0.677968877968878,0.8963815789473685,15,454.0546569824219,0.9524073671728224,1460.0,531.0,523.9900473378924
L-Concrete,concrete,linear,0.15,0.5,0.0055,0.4,2550123,0,0.6478296478296478,0.8700657894736842,19,284.1253967285156,0.9299435724971205,2586.0,322.0,372.5291563550083
L-Concrete,concrete,linear,0.15,0.5,0.0055,0.4,2550124,1,0.6730548730548731,0.8782894736842105,26,330.3955078125,0.9264728958383605,1785.0,374.0,389.67814869537216
L-Concrete,concrete,linear,0.15,0.5,0.0055,0.4,2550125,2,0.6561834561834562,0.8256578947368421,47,235.98391723632807,0.906766573363885,2468.0,274.0,321.78757532098587
L-Concrete,concrete,linear,0.15,0.5,0.0055,0.4,2550126,3,0.5580671580671581,0.78125,31,341.3697814941406,0.9437680547142868,1838.0,399.0,412.245716770684
L-Concrete,concrete,linear,0.15,0.5,0.0055,0.4,2550127,4,0.6475020475020475,0.8404605263157895,45,288.9710693359375,0.929950622527382,2986.0,332.0,397.3070347179374
L-Concrete,concrete,linear,0.15,0.5,0.0066,0.4,2560123,0,0.6222768222768222,0.8223684210526315,52,219.98391723632807,0.8632555908519345,1826.0,245.0,280.2413589139614
L-Concrete,concrete,linear,0.15,0.5,0.0066,0.4,2560124,1,0.6568386568386568,0.8552631578947368,16,224.6881103515625,0.9203089753420683,1993.0,275.0,310.19457365867294
L-Concrete,concrete,linear,0.15,0.5,0.0066,0.4,2560125,2,0.5674037674037674,0.837171052631579,28,230.21864318847656,0.9008131284837532,3727.0,253.0,354.5553423998944
L-Concrete,concrete,linear,0.15,0.5,0.0066,0.4,2560126,3,0.5646191646191646,0.9029605263157896,17,205.1318359375,0.895054759302638,1281.0,259.0,265.69589740704475
L-Concrete,concrete,linear,0.15,0.5,0.0066,0.4,2560127,4,0.5950859950859951,0.8799342105263158,56,265.9967956542969,0.9326142739686978,2408.0,297.0,348.77325714996624
