model_family,gate_type,predictor,lambda_sparse,lambda_sample_smooth,run_i,run_j,affinity_corr
LSPIN,lspin_tf,mlp,0.0035,0.0,0,1,0.9290190793180904
LSPIN,lspin_tf,mlp,0.0035,0.0,0,2,0.876932420727473
LSPIN,lspin_tf,mlp,0.0035,0.0,0,3,0.9112208970308692
LSPIN,lspin_tf,mlp,0.0035,0.0,0,4,0.9278596125526348
LSPIN,lspin_tf,mlp,0.0035,0.0,1,2,0.8888182991633148
LSPIN,lspin_tf,mlp,0.0035,0.0,1,3,0.935586373274348
LSPIN,lspin_tf,mlp,0.0035,0.0,1,4,0.9040565892373268
LSPIN,lspin_tf,mlp,0.0035,0.0,2,3,0.9328166101706604
LSPIN,lspin_tf,mlp,0.0035,0.0,2,4,0.8986954679581177
LSPIN,lspin_tf,mlp,0.0035,0.0,3,4,0.927199546613003
LSPIN,lspin_tf,mlp,0.00525,0.0,0,1,0.8734080955920126
LSPIN,lspin_tf,mlp,0.00525,0.0,0,2,0.8951881095701145
LSPIN,lspin_tf,mlp,0.00525,0.0,0,3,0.7876011508282342
LSPIN,lspin_tf,mlp,0.00525,0.0,0,4,0.8180308262341198
LSPIN,lspin_tf,mlp,0.00525,0.0,1,2,0.9111112281732202
LSPIN,lspin_tf,mlp,0.00525,0.0,1,3,0.8394230929953894
LSPIN,lspin_tf,mlp,0.00525,0.0,1,4,0.8893186540383798
LSPIN,lspin_tf,mlp,0.00525,0.0,2,3,0.850651357294727
LSPIN,lspin_tf,mlp,0.00525,0.0,2,4,0.909797534703643
LSPIN,lspin_tf,mlp,0.00525,0.0,3,4,0.9156032097967284
LSPIN,lspin_tf,mlp,0.007,0.0,0,1,0.8919144985157805
LSPIN,lspin_tf,mlp,0.007,0.0,0,2,0.8970242064204287
LSPIN,lspin_tf,mlp,0.007,0.0,0,3,0.867803364633049
LSPIN,lspin_tf,mlp,0.007,0.0,0,4,0.8349738624897511
LSPIN,lspin_tf,mlp,0.007,0.0,1,2,0.9254445829231333
LSPIN,lspin_tf,mlp,0.007,0.0,1,3,0.9128813753361152
LSPIN,lspin_tf,mlp,0.007,0.0,1,4,0.8874188771121563
LSPIN,lspin_tf,mlp,0.007,0.0,2,3,0.9488876982265004
LSPIN,lspin_tf,mlp,0.007,0.0,2,4,0.9275032387275052
LSPIN,lspin_tf,mlp,0.007,0.0,3,4,0.9303843676793774
LSPIN,lspin_tf,mlp,0.00875,0.0,0,1,0.857510834950987
LSPIN,lspin_tf,mlp,0.00875,0.0,0,2,0.8209338046702394
LSPIN,lspin_tf,mlp,0.00875,0.0,0,3,0.9043330810423836
LSPIN,lspin_tf,mlp,0.00875,0.0,0,4,0.9024734787335296
LSPIN,lspin_tf,mlp,0.00875,0.0,1,2,0.7978426574129509
LSPIN,lspin_tf,mlp,0.00875,0.0,1,3,0.907159120637415
LSPIN,lspin_tf,mlp,0.00875,0.0,1,4,0.8748137344016934
LSPIN,lspin_tf,mlp,0.00875,0.0,2,3,0.8204392850370126
LSPIN,lspin_tf,mlp,0.00875,0.0,2,4,0.8818775949377823
LSPIN,lspin_tf,mlp,0.00875,0.0,3,4,0.902904113382742
LSPIN,lspin_tf,mlp,0.0105,0.0,0,1,0.8426296638754267
LSPIN,lspin_tf,mlp,0.0105,0.0,0,2,0.904489278674357
LSPIN,lspin_tf,mlp,0.0105,0.0,0,3,0.9045417408485924
LSPIN,lspin_tf,mlp,0.0105,0.0,0,4,0.880245051973843
LSPIN,lspin_tf,mlp,0.0105,0.0,1,2,0.8921815015749632
LSPIN,lspin_tf,mlp,0.0105,0.0,1,3,0.8463973266336441
LSPIN,lspin_tf,mlp,0.0105,0.0,1,4,0.8996188802248348
LSPIN,lspin_tf,mlp,0.0105,0.0,2,3,0.9159649752610892
LSPIN,lspin_tf,mlp,0.0105,0.0,2,4,0.9109136305956028
LSPIN,lspin_tf,mlp,0.0105,0.0,3,4,0.874774786994079
LSPIN,lspin_tf,mlp,0.014,0.0,0,1,0.8487746992134073
LSPIN,lspin_tf,mlp,0.014,0.0,0,2,0.8371940297113776
LSPIN,lspin_tf,mlp,0.014,0.0,0,3,0.858170645543055
LSPIN,lspin_tf,mlp,0.014,0.0,0,4,0.8378913358532304
LSPIN,lspin_tf,mlp,0.014,0.0,1,2,0.7724792597864073
LSPIN,lspin_tf,mlp,0.014,0.0,1,3,0.840022087895683
LSPIN,lspin_tf,mlp,0.014,0.0,1,4,0.8609910182611529
LSPIN,lspin_tf,mlp,0.014,0.0,2,3,0.7398078205785825
LSPIN,lspin_tf,mlp,0.014,0.0,2,4,0.8000328212051759
LSPIN,lspin_tf,mlp,0.014,0.0,3,4,0.7744332414720845
LSPIN,lspin_tf,mlp,0.021,0.0,0,1,0.8463325056691806
LSPIN,lspin_tf,mlp,0.021,0.0,0,2,0.7766034621437433
LSPIN,lspin_tf,mlp,0.021,0.0,0,3,0.7856082366253672
LSPIN,lspin_tf,mlp,0.021,0.0,0,4,0.8743190048526888
LSPIN,lspin_tf,mlp,0.021,0.0,1,2,0.7060427042830153
LSPIN,lspin_tf,mlp,0.021,0.0,1,3,0.7558494542405685
LSPIN,lspin_tf,mlp,0.021,0.0,1,4,0.8887811437536945
LSPIN,lspin_tf,mlp,0.021,0.0,2,3,0.820919944637897
LSPIN,lspin_tf,mlp,0.021,0.0,2,4,0.7896564813190105
LSPIN,lspin_tf,mlp,0.021,0.0,3,4,0.7776927211863056
LSPIN,lspin_tf,mlp,0.028,0.0,0,1,0.7815915296805818
LSPIN,lspin_tf,mlp,0.028,0.0,0,2,0.7828208888372501
LSPIN,lspin_tf,mlp,0.028,0.0,0,3,0.7980120753472472
LSPIN,lspin_tf,mlp,0.028,0.0,0,4,0.7486564030640458
LSPIN,lspin_tf,mlp,0.028,0.0,1,2,0.7705521712449538
LSPIN,lspin_tf,mlp,0.028,0.0,1,3,0.8233097356994866
LSPIN,lspin_tf,mlp,0.028,0.0,1,4,0.7988828284494012
LSPIN,lspin_tf,mlp,0.028,0.0,2,3,0.8321728952291331
LSPIN,lspin_tf,mlp,0.028,0.0,2,4,0.8251527558802403
LSPIN,lspin_tf,mlp,0.028,0.0,3,4,0.7818156708573216
LSPIN,lspin_tf,mlp,0.0035,0.1,0,1,0.908310336995674
LSPIN,lspin_tf,mlp,0.0035,0.1,0,2,0.9030850641066998
LSPIN,lspin_tf,mlp,0.0035,0.1,0,3,0.9577295599457616
LSPIN,lspin_tf,mlp,0.0035,0.1,0,4,0.9523681748133724
LSPIN,lspin_tf,mlp,0.0035,0.1,1,2,0.940113423183526
LSPIN,lspin_tf,mlp,0.0035,0.1,1,3,0.8761973913684182
LSPIN,lspin_tf,mlp,0.0035,0.1,1,4,0.8472284115189781
LSPIN,lspin_tf,mlp,0.0035,0.1,2,3,0.8471318766491753
LSPIN,lspin_tf,mlp,0.0035,0.1,2,4,0.7971757122043043
LSPIN,lspin_tf,mlp,0.0035,0.1,3,4,0.9630546341471956
LSPIN,lspin_tf,mlp,0.00525,0.1,0,1,0.8989393911224529
LSPIN,lspin_tf,mlp,0.00525,0.1,0,2,0.9250338683428992
LSPIN,lspin_tf,mlp,0.00525,0.1,0,3,0.9004736567289371
LSPIN,lspin_tf,mlp,0.00525,0.1,0,4,0.8595732790502402
LSPIN,lspin_tf,mlp,0.00525,0.1,1,2,0.9189380667964744
LSPIN,lspin_tf,mlp,0.00525,0.1,1,3,0.959103277068794
LSPIN,lspin_tf,mlp,0.00525,0.1,1,4,0.9411046960183704
LSPIN,lspin_tf,mlp,0.00525,0.1,2,3,0.93781838187904
LSPIN,lspin_tf,mlp,0.00525,0.1,2,4,0.9359800023366974
LSPIN,lspin_tf,mlp,0.00525,0.1,3,4,0.9391524524753948
LSPIN,lspin_tf,mlp,0.007,0.1,0,1,0.918387185754772
LSPIN,lspin_tf,mlp,0.007,0.1,0,2,0.91154915532504
LSPIN,lspin_tf,mlp,0.007,0.1,0,3,0.8650673972393741
LSPIN,lspin_tf,mlp,0.007,0.1,0,4,0.9297749584664706
LSPIN,lspin_tf,mlp,0.007,0.1,1,2,0.9211694834619484
LSPIN,lspin_tf,mlp,0.007,0.1,1,3,0.8608776088253243
LSPIN,lspin_tf,mlp,0.007,0.1,1,4,0.927668588924021
LSPIN,lspin_tf,mlp,0.007,0.1,2,3,0.9337494238110632
LSPIN,lspin_tf,mlp,0.007,0.1,2,4,0.9326048863375904
LSPIN,lspin_tf,mlp,0.007,0.1,3,4,0.9116000321160456
LSPIN,lspin_tf,mlp,0.00875,0.1,0,1,0.8959094023732178
LSPIN,lspin_tf,mlp,0.00875,0.1,0,2,0.9382225954520874
LSPIN,lspin_tf,mlp,0.00875,0.1,0,3,0.9369627174700228
LSPIN,lspin_tf,mlp,0.00875,0.1,0,4,0.876046619123427
LSPIN,lspin_tf,mlp,0.00875,0.1,1,2,0.8950929832421868
LSPIN,lspin_tf,mlp,0.00875,0.1,1,3,0.9125243874516084
LSPIN,lspin_tf,mlp,0.00875,0.1,1,4,0.8803890442647769
LSPIN,lspin_tf,mlp,0.00875,0.1,2,3,0.9349402131864594
LSPIN,lspin_tf,mlp,0.00875,0.1,2,4,0.90263163047812
LSPIN,lspin_tf,mlp,0.00875,0.1,3,4,0.8562798312471618
LSPIN,lspin_tf,mlp,0.0105,0.1,0,1,0.8770003243806038
LSPIN,lspin_tf,mlp,0.0105,0.1,0,2,0.9578191192856468
LSPIN,lspin_tf,mlp,0.0105,0.1,0,3,0.919315069583147
LSPIN,lspin_tf,mlp,0.0105,0.1,0,4,0.8367474839823169
LSPIN,lspin_tf,mlp,0.0105,0.1,1,2,0.8648997902594934
LSPIN,lspin_tf,mlp,0.0105,0.1,1,3,0.8755064857367211
LSPIN,lspin_tf,mlp,0.0105,0.1,1,4,0.945449047120779
LSPIN,lspin_tf,mlp,0.0105,0.1,2,3,0.9319238654532668
LSPIN,lspin_tf,mlp,0.0105,0.1,2,4,0.8360591414199332
LSPIN,lspin_tf,mlp,0.0105,0.1,3,4,0.8520204595915383
LSPIN,lspin_tf,mlp,0.014,0.1,0,1,0.9015332228575904
LSPIN,lspin_tf,mlp,0.014,0.1,0,2,0.9388783073202558
LSPIN,lspin_tf,mlp,0.014,0.1,0,3,0.9015291211460338
LSPIN,lspin_tf,mlp,0.014,0.1,0,4,0.8933814626991416
LSPIN,lspin_tf,mlp,0.014,0.1,1,2,0.8793787154792164
LSPIN,lspin_tf,mlp,0.014,0.1,1,3,0.8981075216975364
LSPIN,lspin_tf,mlp,0.014,0.1,1,4,0.9443403147083672
LSPIN,lspin_tf,mlp,0.014,0.1,2,3,0.9326036363757654
LSPIN,lspin_tf,mlp,0.014,0.1,2,4,0.856944890406282
LSPIN,lspin_tf,mlp,0.014,0.1,3,4,0.8908239622984153
LSPIN,lspin_tf,mlp,0.021,0.1,0,1,0.8467809839732344
LSPIN,lspin_tf,mlp,0.021,0.1,0,2,0.8292877029506309
LSPIN,lspin_tf,mlp,0.021,0.1,0,3,0.7672111591365937
LSPIN,lspin_tf,mlp,0.021,0.1,0,4,0.7818475246968212
LSPIN,lspin_tf,mlp,0.021,0.1,1,2,0.9143190198122606
LSPIN,lspin_tf,mlp,0.021,0.1,1,3,0.8608189577471885
LSPIN,lspin_tf,mlp,0.021,0.1,1,4,0.8011761596473216
LSPIN,lspin_tf,mlp,0.021,0.1,2,3,0.8587022474785176
LSPIN,lspin_tf,mlp,0.021,0.1,2,4,0.8036367253952589
LSPIN,lspin_tf,mlp,0.021,0.1,3,4,0.7859224538859593
LSPIN,lspin_tf,mlp,0.028,0.1,0,1,0.8618127649573909
LSPIN,lspin_tf,mlp,0.028,0.1,0,2,0.7863775471284713
LSPIN,lspin_tf,mlp,0.028,0.1,0,3,0.8589406270305254
LSPIN,lspin_tf,mlp,0.028,0.1,0,4,0.9007872935849628
LSPIN,lspin_tf,mlp,0.028,0.1,1,2,0.8337299005080863
LSPIN,lspin_tf,mlp,0.028,0.1,1,3,0.8199271987885215
LSPIN,lspin_tf,mlp,0.028,0.1,1,4,0.8820080740521108
LSPIN,lspin_tf,mlp,0.028,0.1,2,3,0.8507475975253889
LSPIN,lspin_tf,mlp,0.028,0.1,2,4,0.8225486441293856
LSPIN,lspin_tf,mlp,0.028,0.1,3,4,0.8356036281934468
LSPIN,lspin_tf,mlp,0.0035,0.2,0,1,0.968855095388486
LSPIN,lspin_tf,mlp,0.0035,0.2,0,2,0.9441650760631513
LSPIN,lspin_tf,mlp,0.0035,0.2,0,3,0.9244967156538298
LSPIN,lspin_tf,mlp,0.0035,0.2,0,4,0.9000683339881896
LSPIN,lspin_tf,mlp,0.0035,0.2,1,2,0.9406242729927128
LSPIN,lspin_tf,mlp,0.0035,0.2,1,3,0.9236878923772414
LSPIN,lspin_tf,mlp,0.0035,0.2,1,4,0.8578382990285025
LSPIN,lspin_tf,mlp,0.0035,0.2,2,3,0.8797663526051192
LSPIN,lspin_tf,mlp,0.0035,0.2,2,4,0.8673430918148574
LSPIN,lspin_tf,mlp,0.0035,0.2,3,4,0.8757987113954683
LSPIN,lspin_tf,mlp,0.00525,0.2,0,1,0.9287703786659468
LSPIN,lspin_tf,mlp,0.00525,0.2,0,2,0.9004370312450132
LSPIN,lspin_tf,mlp,0.00525,0.2,0,3,0.934633382643986
LSPIN,lspin_tf,mlp,0.00525,0.2,0,4,0.8861981601031507
LSPIN,lspin_tf,mlp,0.00525,0.2,1,2,0.9573188911147028
LSPIN,lspin_tf,mlp,0.00525,0.2,1,3,0.9705789623117728
LSPIN,lspin_tf,mlp,0.00525,0.2,1,4,0.96123823326337
LSPIN,lspin_tf,mlp,0.00525,0.2,2,3,0.96130919163955
LSPIN,lspin_tf,mlp,0.00525,0.2,2,4,0.9625726458017344
LSPIN,lspin_tf,mlp,0.00525,0.2,3,4,0.9655229007351812
LSPIN,lspin_tf,mlp,0.007,0.2,0,1,0.9380129408248006
LSPIN,lspin_tf,mlp,0.007,0.2,0,2,0.944674226370036
LSPIN,lspin_tf,mlp,0.007,0.2,0,3,0.9052079648608848
LSPIN,lspin_tf,mlp,0.007,0.2,0,4,0.9337677640907928
LSPIN,lspin_tf,mlp,0.007,0.2,1,2,0.9442180783095137
LSPIN,lspin_tf,mlp,0.007,0.2,1,3,0.8572198003094446
LSPIN,lspin_tf,mlp,0.007,0.2,1,4,0.8842075948599245
LSPIN,lspin_tf,mlp,0.007,0.2,2,3,0.8519265968632189
LSPIN,lspin_tf,mlp,0.007,0.2,2,4,0.8610627981865923
LSPIN,lspin_tf,mlp,0.007,0.2,3,4,0.9190484950550531
LSPIN,lspin_tf,mlp,0.00875,0.2,0,1,0.9259005111638936
LSPIN,lspin_tf,mlp,0.00875,0.2,0,2,0.9492163520161512
LSPIN,lspin_tf,mlp,0.00875,0.2,0,3,0.8805923332089568
LSPIN,lspin_tf,mlp,0.00875,0.2,0,4,0.9413710886683248
LSPIN,lspin_tf,mlp,0.00875,0.2,1,2,0.9404206856347213
LSPIN,lspin_tf,mlp,0.00875,0.2,1,3,0.8564208292416267
LSPIN,lspin_tf,mlp,0.00875,0.2,1,4,0.8963421540221195
LSPIN,lspin_tf,mlp,0.00875,0.2,2,3,0.8941202371722101
LSPIN,lspin_tf,mlp,0.00875,0.2,2,4,0.9299412271315888
LSPIN,lspin_tf,mlp,0.00875,0.2,3,4,0.874666328955345
LSPIN,lspin_tf,mlp,0.0105,0.2,0,1,0.7701797663213263
LSPIN,lspin_tf,mlp,0.0105,0.2,0,2,0.8895964543027662
LSPIN,lspin_tf,mlp,0.0105,0.2,0,3,0.890735983966599
LSPIN,lspin_tf,mlp,0.0105,0.2,0,4,0.7913872106614778
LSPIN,lspin_tf,mlp,0.0105,0.2,1,2,0.9125542229576366
LSPIN,lspin_tf,mlp,0.0105,0.2,1,3,0.870668259554712
LSPIN,lspin_tf,mlp,0.0105,0.2,1,4,0.8906004226648337
LSPIN,lspin_tf,mlp,0.0105,0.2,2,3,0.9471269373677332
LSPIN,lspin_tf,mlp,0.0105,0.2,2,4,0.9161482195334868
LSPIN,lspin_tf,mlp,0.0105,0.2,3,4,0.9150941293367784
LSPIN,lspin_tf,mlp,0.014,0.2,0,1,0.8518150669595365
LSPIN,lspin_tf,mlp,0.014,0.2,0,2,0.9114297233091851
LSPIN,lspin_tf,mlp,0.014,0.2,0,3,0.8860974263620894
LSPIN,lspin_tf,mlp,0.014,0.2,0,4,0.8830682157116602
LSPIN,lspin_tf,mlp,0.014,0.2,1,2,0.841580117923396
LSPIN,lspin_tf,mlp,0.014,0.2,1,3,0.8256427842437165
LSPIN,lspin_tf,mlp,0.014,0.2,1,4,0.8760646501507208
LSPIN,lspin_tf,mlp,0.014,0.2,2,3,0.930388956396626
LSPIN,lspin_tf,mlp,0.014,0.2,2,4,0.9468894925826938
LSPIN,lspin_tf,mlp,0.014,0.2,3,4,0.931005215954474
LSPIN,lspin_tf,mlp,0.021,0.2,0,1,0.9090581675099072
LSPIN,lspin_tf,mlp,0.021,0.2,0,2,0.8713462312081337
LSPIN,lspin_tf,mlp,0.021,0.2,0,3,0.8738824917776759
LSPIN,lspin_tf,mlp,0.021,0.2,0,4,0.8658227050426677
LSPIN,lspin_tf,mlp,0.021,0.2,1,2,0.889179618154638
LSPIN,lspin_tf,mlp,0.021,0.2,1,3,0.9165875772668172
LSPIN,lspin_tf,mlp,0.021,0.2,1,4,0.8991170478010788
LSPIN,lspin_tf,mlp,0.021,0.2,2,3,0.8633018948611395
LSPIN,lspin_tf,mlp,0.021,0.2,2,4,0.8677952819800335
LSPIN,lspin_tf,mlp,0.021,0.2,3,4,0.8689816925697662
LSPIN,lspin_tf,mlp,0.028,0.2,0,1,0.7002292115173857
LSPIN,lspin_tf,mlp,0.028,0.2,0,2,0.8389898542521873
LSPIN,lspin_tf,mlp,0.028,0.2,0,3,0.7648455382925808
LSPIN,lspin_tf,mlp,0.028,0.2,0,4,0.866131678957183
LSPIN,lspin_tf,mlp,0.028,0.2,1,2,0.7147120160090631
LSPIN,lspin_tf,mlp,0.028,0.2,1,3,0.7489706226114634
LSPIN,lspin_tf,mlp,0.028,0.2,1,4,0.7673636203500785
LSPIN,lspin_tf,mlp,0.028,0.2,2,3,0.7157194103535178
LSPIN,lspin_tf,mlp,0.028,0.2,2,4,0.8748569378294835
LSPIN,lspin_tf,mlp,0.028,0.2,3,4,0.7524321935380378
LSPIN,lspin_tf,mlp,0.0035,0.4,0,1,0.9138227088044312
LSPIN,lspin_tf,mlp,0.0035,0.4,0,2,0.9510995035678566
LSPIN,lspin_tf,mlp,0.0035,0.4,0,3,0.9695662896306791
LSPIN,lspin_tf,mlp,0.0035,0.4,0,4,0.9409811292207416
LSPIN,lspin_tf,mlp,0.0035,0.4,1,2,0.9138139382795388
LSPIN,lspin_tf,mlp,0.0035,0.4,1,3,0.9210962758887798
LSPIN,lspin_tf,mlp,0.0035,0.4,1,4,0.8657159978034769
LSPIN,lspin_tf,mlp,0.0035,0.4,2,3,0.952011168335584
LSPIN,lspin_tf,mlp,0.0035,0.4,2,4,0.9425154982935088
LSPIN,lspin_tf,mlp,0.0035,0.4,3,4,0.939825077072212
LSPIN,lspin_tf,mlp,0.00525,0.4,0,1,0.8031364578856585
LSPIN,lspin_tf,mlp,0.00525,0.4,0,2,0.945405190514866
LSPIN,lspin_tf,mlp,0.00525,0.4,0,3,0.9299802543421262
LSPIN,lspin_tf,mlp,0.00525,0.4,0,4,0.8891255602254579
LSPIN,lspin_tf,mlp,0.00525,0.4,1,2,0.8279968464368604
LSPIN,lspin_tf,mlp,0.00525,0.4,1,3,0.8743334228238451
LSPIN,lspin_tf,mlp,0.00525,0.4,1,4,0.9362531057662604
LSPIN,lspin_tf,mlp,0.00525,0.4,2,3,0.8931551540480936
LSPIN,lspin_tf,mlp,0.00525,0.4,2,4,0.8732256443798001
LSPIN,lspin_tf,mlp,0.00525,0.4,3,4,0.9451320809130318
LSPIN,lspin_tf,mlp,0.007,0.4,0,1,0.922300232005162
LSPIN,lspin_tf,mlp,0.007,0.4,0,2,0.860899171946194
LSPIN,lspin_tf,mlp,0.007,0.4,0,3,0.9178526496401964
LSPIN,lspin_tf,mlp,0.007,0.4,0,4,0.9124936283052164
LSPIN,lspin_tf,mlp,0.007,0.4,1,2,0.9273592821933656
LSPIN,lspin_tf,mlp,0.007,0.4,1,3,0.9240758086232984
LSPIN,lspin_tf,mlp,0.007,0.4,1,4,0.9137590881176824
LSPIN,lspin_tf,mlp,0.007,0.4,2,3,0.8691796127694736
LSPIN,lspin_tf,mlp,0.007,0.4,2,4,0.9318074959696392
LSPIN,lspin_tf,mlp,0.007,0.4,3,4,0.8633172037862425
LSPIN,lspin_tf,mlp,0.00875,0.4,0,1,0.9459141645867768
LSPIN,lspin_tf,mlp,0.00875,0.4,0,2,0.8838885839489107
LSPIN,lspin_tf,mlp,0.00875,0.4,0,3,0.7948869864722827
LSPIN,lspin_tf,mlp,0.00875,0.4,0,4,0.9211494241689688
LSPIN,lspin_tf,mlp,0.00875,0.4,1,2,0.8934733459962774
LSPIN,lspin_tf,mlp,0.00875,0.4,1,3,0.8684392954788407
LSPIN,lspin_tf,mlp,0.00875,0.4,1,4,0.9172545783061368
LSPIN,lspin_tf,mlp,0.00875,0.4,2,3,0.8900622276575977
LSPIN,lspin_tf,mlp,0.00875,0.4,2,4,0.9042085456899612
LSPIN,lspin_tf,mlp,0.00875,0.4,3,4,0.8824062620193015
LSPIN,lspin_tf,mlp,0.0105,0.4,0,1,0.9291456503163
LSPIN,lspin_tf,mlp,0.0105,0.4,0,2,0.911926408968595
LSPIN,lspin_tf,mlp,0.0105,0.4,0,3,0.927510230781614
LSPIN,lspin_tf,mlp,0.0105,0.4,0,4,0.923777030156668
LSPIN,lspin_tf,mlp,0.0105,0.4,1,2,0.8818056869031681
LSPIN,lspin_tf,mlp,0.0105,0.4,1,3,0.8939832203089314
LSPIN,lspin_tf,mlp,0.0105,0.4,1,4,0.8734151739812377
LSPIN,lspin_tf,mlp,0.0105,0.4,2,3,0.9113996320678942
LSPIN,lspin_tf,mlp,0.0105,0.4,2,4,0.934361660254674
LSPIN,lspin_tf,mlp,0.0105,0.4,3,4,0.926238861419527
LSPIN,lspin_tf,mlp,0.014,0.4,0,1,0.8499727464938457
LSPIN,lspin_tf,mlp,0.014,0.4,0,2,0.8688496267513516
LSPIN,lspin_tf,mlp,0.014,0.4,0,3,0.8498659965626935
LSPIN,lspin_tf,mlp,0.014,0.4,0,4,0.9085376183756138
LSPIN,lspin_tf,mlp,0.014,0.4,1,2,0.8776214515210448
LSPIN,lspin_tf,mlp,0.014,0.4,1,3,0.9095265682444892
LSPIN,lspin_tf,mlp,0.014,0.4,1,4,0.8975025000282582
LSPIN,lspin_tf,mlp,0.014,0.4,2,3,0.9199351075157236
LSPIN,lspin_tf,mlp,0.014,0.4,2,4,0.8960607183812206
LSPIN,lspin_tf,mlp,0.014,0.4,3,4,0.9030826927141884
LSPIN,lspin_tf,mlp,0.021,0.4,0,1,0.8043884340353573
LSPIN,lspin_tf,mlp,0.021,0.4,0,2,0.8480440137085543
LSPIN,lspin_tf,mlp,0.021,0.4,0,3,0.9054185095148294
LSPIN,lspin_tf,mlp,0.021,0.4,0,4,0.799795869497699
LSPIN,lspin_tf,mlp,0.021,0.4,1,2,0.8960336678589796
LSPIN,lspin_tf,mlp,0.021,0.4,1,3,0.830445345992519
LSPIN,lspin_tf,mlp,0.021,0.4,1,4,0.8047040506702967
LSPIN,lspin_tf,mlp,0.021,0.4,2,3,0.8531698561953529
LSPIN,lspin_tf,mlp,0.021,0.4,2,4,0.8538893215345171
LSPIN,lspin_tf,mlp,0.021,0.4,3,4,0.8965862621779495
LSPIN,lspin_tf,mlp,0.028,0.4,0,1,0.8308401923768555
LSPIN,lspin_tf,mlp,0.028,0.4,0,2,0.8823715650158201
LSPIN,lspin_tf,mlp,0.028,0.4,0,3,0.8550047191027158
LSPIN,lspin_tf,mlp,0.028,0.4,0,4,0.8167379835214915
LSPIN,lspin_tf,mlp,0.028,0.4,1,2,0.8159776612744047
LSPIN,lspin_tf,mlp,0.028,0.4,1,3,0.8030326255061789
LSPIN,lspin_tf,mlp,0.028,0.4,1,4,0.8753249889417333
LSPIN,lspin_tf,mlp,0.028,0.4,2,3,0.8255441531500648
LSPIN,lspin_tf,mlp,0.028,0.4,2,4,0.7401025785728427
LSPIN,lspin_tf,mlp,0.028,0.4,3,4,0.7995108319172766
LSPIN,lspin_tf,mlp,0.0035,0.0,0,1,0.949929197061842
LSPIN,lspin_tf,mlp,0.0035,0.0,0,2,0.9053059630266698
LSPIN,lspin_tf,mlp,0.0035,0.0,0,3,0.8561006750027176
LSPIN,lspin_tf,mlp,0.0035,0.0,0,4,0.954428580281516
LSPIN,lspin_tf,mlp,0.0035,0.0,1,2,0.9197242753091808
LSPIN,lspin_tf,mlp,0.0035,0.0,1,3,0.8556829978074668
LSPIN,lspin_tf,mlp,0.0035,0.0,1,4,0.9359522815868204
LSPIN,lspin_tf,mlp,0.0035,0.0,2,3,0.9185145955462702
LSPIN,lspin_tf,mlp,0.0035,0.0,2,4,0.9105250008110226
LSPIN,lspin_tf,mlp,0.0035,0.0,3,4,0.881154415937667
LSPIN,lspin_tf,mlp,0.00525,0.0,0,1,0.8388113489194226
LSPIN,lspin_tf,mlp,0.00525,0.0,0,2,0.9092962007420246
LSPIN,lspin_tf,mlp,0.00525,0.0,0,3,0.7943865673264566
LSPIN,lspin_tf,mlp,0.00525,0.0,0,4,0.8489059293733675
LSPIN,lspin_tf,mlp,0.00525,0.0,1,2,0.8798801739538007
LSPIN,lspin_tf,mlp,0.00525,0.0,1,3,0.8671317787273389
LSPIN,lspin_tf,mlp,0.00525,0.0,1,4,0.9135644714166672
LSPIN,lspin_tf,mlp,0.00525,0.0,2,3,0.8704213417238966
LSPIN,lspin_tf,mlp,0.00525,0.0,2,4,0.8914721974296904
LSPIN,lspin_tf,mlp,0.00525,0.0,3,4,0.9296944167188176
LSPIN,lspin_tf,mlp,0.007,0.0,0,1,0.8603124693456288
LSPIN,lspin_tf,mlp,0.007,0.0,0,2,0.833263312565677
LSPIN,lspin_tf,mlp,0.007,0.0,0,3,0.8033378901101961
LSPIN,lspin_tf,mlp,0.007,0.0,0,4,0.7974867476028378
LSPIN,lspin_tf,mlp,0.007,0.0,1,2,0.8520951386650312
LSPIN,lspin_tf,mlp,0.007,0.0,1,3,0.8238246337343594
LSPIN,lspin_tf,mlp,0.007,0.0,1,4,0.846447738992887
LSPIN,lspin_tf,mlp,0.007,0.0,2,3,0.8819451973022656
LSPIN,lspin_tf,mlp,0.007,0.0,2,4,0.8610983092642235
LSPIN,lspin_tf,mlp,0.007,0.0,3,4,0.8893285638299173
LSPIN,lspin_tf,mlp,0.00875,0.0,0,1,0.9168399395762656
LSPIN,lspin_tf,mlp,0.00875,0.0,0,2,0.7630099995774002
LSPIN,lspin_tf,mlp,0.00875,0.0,0,3,0.9134778344150164
LSPIN,lspin_tf,mlp,0.00875,0.0,0,4,0.9004102475161166
LSPIN,lspin_tf,mlp,0.00875,0.0,1,2,0.8330019804548313
LSPIN,lspin_tf,mlp,0.00875,0.0,1,3,0.8818646510705541
LSPIN,lspin_tf,mlp,0.00875,0.0,1,4,0.911599015160558
LSPIN,lspin_tf,mlp,0.00875,0.0,2,3,0.791307055215053
LSPIN,lspin_tf,mlp,0.00875,0.0,2,4,0.8404018154380488
LSPIN,lspin_tf,mlp,0.00875,0.0,3,4,0.8864619965732563
LSPIN,lspin_tf,mlp,0.0105,0.0,0,1,0.8204973726112886
LSPIN,lspin_tf,mlp,0.0105,0.0,0,2,0.9319411611306953
LSPIN,lspin_tf,mlp,0.0105,0.0,0,3,0.8931695834618377
LSPIN,lspin_tf,mlp,0.0105,0.0,0,4,0.92433861309594
LSPIN,lspin_tf,mlp,0.0105,0.0,1,2,0.7560526920489741
LSPIN,lspin_tf,mlp,0.0105,0.0,1,3,0.7737453908713052
LSPIN,lspin_tf,mlp,0.0105,0.0,1,4,0.8314678143924567
LSPIN,lspin_tf,mlp,0.0105,0.0,2,3,0.9043541831091896
LSPIN,lspin_tf,mlp,0.0105,0.0,2,4,0.8919540973356671
LSPIN,lspin_tf,mlp,0.0105,0.0,3,4,0.8766687791920442
LSPIN,lspin_tf,mlp,0.014,0.0,0,1,0.847857900046218
LSPIN,lspin_tf,mlp,0.014,0.0,0,2,0.8183770195649255
LSPIN,lspin_tf,mlp,0.014,0.0,0,3,0.8833058868807822
LSPIN,lspin_tf,mlp,0.014,0.0,0,4,0.8068447444443954
LSPIN,lspin_tf,mlp,0.014,0.0,1,2,0.9063204540533504
LSPIN,lspin_tf,mlp,0.014,0.0,1,3,0.9004316198914546
LSPIN,lspin_tf,mlp,0.014,0.0,1,4,0.9063593704337404
LSPIN,lspin_tf,mlp,0.014,0.0,2,3,0.8806308091856605
LSPIN,lspin_tf,mlp,0.014,0.0,2,4,0.9130680959098458
LSPIN,lspin_tf,mlp,0.014,0.0,3,4,0.8843236578825805
LSPIN,lspin_tf,mlp,0.021,0.0,0,1,0.8429266736758978
LSPIN,lspin_tf,mlp,0.021,0.0,0,2,0.8531407295501474
LSPIN,lspin_tf,mlp,0.021,0.0,0,3,0.8787300564525137
LSPIN,lspin_tf,mlp,0.021,0.0,0,4,0.8548695498812692
LSPIN,lspin_tf,mlp,0.021,0.0,1,2,0.7797699269461157
LSPIN,lspin_tf,mlp,0.021,0.0,1,3,0.8119624431641663
LSPIN,lspin_tf,mlp,0.021,0.0,1,4,0.795271570242649
LSPIN,lspin_tf,mlp,0.021,0.0,2,3,0.8528390757880653
LSPIN,lspin_tf,mlp,0.021,0.0,2,4,0.7785461676315533
LSPIN,lspin_tf,mlp,0.021,0.0,3,4,0.8209410623455963
LSPIN,lspin_tf,mlp,0.028,0.0,0,1,0.800994259814474
LSPIN,lspin_tf,mlp,0.028,0.0,0,2,0.8098780768262829
LSPIN,lspin_tf,mlp,0.028,0.0,0,3,0.7266312854611587
LSPIN,lspin_tf,mlp,0.028,0.0,0,4,0.8137498829005417
LSPIN,lspin_tf,mlp,0.028,0.0,1,2,0.6919419577141497
LSPIN,lspin_tf,mlp,0.028,0.0,1,3,0.6586367830009071
LSPIN,lspin_tf,mlp,0.028,0.0,1,4,0.7467185675538478
LSPIN,lspin_tf,mlp,0.028,0.0,2,3,0.7272229404193276
LSPIN,lspin_tf,mlp,0.028,0.0,2,4,0.8243343072547916
LSPIN,lspin_tf,mlp,0.028,0.0,3,4,0.7628911786961655
LSPIN,lspin_tf,mlp,0.0035,0.1,0,1,0.9758565725544668
LSPIN,lspin_tf,mlp,0.0035,0.1,0,2,0.9465954906306976
LSPIN,lspin_tf,mlp,0.0035,0.1,0,3,0.9828591769926354
LSPIN,lspin_tf,mlp,0.0035,0.1,0,4,0.9583164552759484
LSPIN,lspin_tf,mlp,0.0035,0.1,1,2,0.9403763408594088
LSPIN,lspin_tf,mlp,0.0035,0.1,1,3,0.9754482089483388
LSPIN,lspin_tf,mlp,0.0035,0.1,1,4,0.9485351310860584
LSPIN,lspin_tf,mlp,0.0035,0.1,2,3,0.9560830789527864
LSPIN,lspin_tf,mlp,0.0035,0.1,2,4,0.9649230263905174
LSPIN,lspin_tf,mlp,0.0035,0.1,3,4,0.959224505425233
LSPIN,lspin_tf,mlp,0.00525,0.1,0,1,0.9279821111329962
LSPIN,lspin_tf,mlp,0.00525,0.1,0,2,0.9277550857547816
LSPIN,lspin_tf,mlp,0.00525,0.1,0,3,0.969898292486604
LSPIN,lspin_tf,mlp,0.00525,0.1,0,4,0.9664306949443752
LSPIN,lspin_tf,mlp,0.00525,0.1,1,2,0.9581319835265388
LSPIN,lspin_tf,mlp,0.00525,0.1,1,3,0.947765439592539
LSPIN,lspin_tf,mlp,0.00525,0.1,1,4,0.9478408256551454
LSPIN,lspin_tf,mlp,0.00525,0.1,2,3,0.9404164838846304
LSPIN,lspin_tf,mlp,0.00525,0.1,2,4,0.9567084290369005
LSPIN,lspin_tf,mlp,0.00525,0.1,3,4,0.9573998198972076
LSPIN,lspin_tf,mlp,0.007,0.1,0,1,0.9372422072120828
LSPIN,lspin_tf,mlp,0.007,0.1,0,2,0.8808966321877191
LSPIN,lspin_tf,mlp,0.007,0.1,0,3,0.8730442690167306
LSPIN,lspin_tf,mlp,0.007,0.1,0,4,0.9097093153809052
LSPIN,lspin_tf,mlp,0.007,0.1,1,2,0.9205897024827752
LSPIN,lspin_tf,mlp,0.007,0.1,1,3,0.9048637731091964
LSPIN,lspin_tf,mlp,0.007,0.1,1,4,0.9357480778382437
LSPIN,lspin_tf,mlp,0.007,0.1,2,3,0.9426227526360228
LSPIN,lspin_tf,mlp,0.007,0.1,2,4,0.9354893130969154
LSPIN,lspin_tf,mlp,0.007,0.1,3,4,0.9440190436111012
LSPIN,lspin_tf,mlp,0.00875,0.1,0,1,0.9447145109372476
LSPIN,lspin_tf,mlp,0.00875,0.1,0,2,0.9246898149520102
LSPIN,lspin_tf,mlp,0.00875,0.1,0,3,0.966009174398188
LSPIN,lspin_tf,mlp,0.00875,0.1,0,4,0.8649123854184231
LSPIN,lspin_tf,mlp,0.00875,0.1,1,2,0.935236189568074
LSPIN,lspin_tf,mlp,0.00875,0.1,1,3,0.931493411621714
LSPIN,lspin_tf,mlp,0.00875,0.1,1,4,0.8887555340900274
LSPIN,lspin_tf,mlp,0.00875,0.1,2,3,0.9350550532187194
LSPIN,lspin_tf,mlp,0.00875,0.1,2,4,0.9402325356111696
LSPIN,lspin_tf,mlp,0.00875,0.1,3,4,0.8746386496693159
LSPIN,lspin_tf,mlp,0.0105,0.1,0,1,0.8445623504138833
LSPIN,lspin_tf,mlp,0.0105,0.1,0,2,0.9066633745846396
LSPIN,lspin_tf,mlp,0.0105,0.1,0,3,0.8851096812733863
LSPIN,lspin_tf,mlp,0.0105,0.1,0,4,0.8665329900142843
LSPIN,lspin_tf,mlp,0.0105,0.1,1,2,0.8128246264459524
LSPIN,lspin_tf,mlp,0.0105,0.1,1,3,0.9236684665304226
LSPIN,lspin_tf,mlp,0.0105,0.1,1,4,0.8998264112275753
LSPIN,lspin_tf,mlp,0.0105,0.1,2,3,0.8351887046049266
LSPIN,lspin_tf,mlp,0.0105,0.1,2,4,0.847792139915452
LSPIN,lspin_tf,mlp,0.0105,0.1,3,4,0.8861901129460824
LSPIN,lspin_tf,mlp,0.014,0.1,0,1,0.8608069114526634
LSPIN,lspin_tf,mlp,0.014,0.1,0,2,0.8536012340981722
LSPIN,lspin_tf,mlp,0.014,0.1,0,3,0.8667552541501197
LSPIN,lspin_tf,mlp,0.014,0.1,0,4,0.8775249137325579
LSPIN,lspin_tf,mlp,0.014,0.1,1,2,0.8875248660911204
LSPIN,lspin_tf,mlp,0.014,0.1,1,3,0.9289916766480923
LSPIN,lspin_tf,mlp,0.014,0.1,1,4,0.9109549420244176
LSPIN,lspin_tf,mlp,0.014,0.1,2,3,0.8963218935366785
LSPIN,lspin_tf,mlp,0.014,0.1,2,4,0.9005809291265463
LSPIN,lspin_tf,mlp,0.014,0.1,3,4,0.8985013308039157
LSPIN,lspin_tf,mlp,0.021,0.1,0,1,0.8924258662931897
LSPIN,lspin_tf,mlp,0.021,0.1,0,2,0.86726154628946
LSPIN,lspin_tf,mlp,0.021,0.1,0,3,0.8907485176106823
LSPIN,lspin_tf,mlp,0.021,0.1,0,4,0.92249174990071
LSPIN,lspin_tf,mlp,0.021,0.1,1,2,0.8925176728599853
LSPIN,lspin_tf,mlp,0.021,0.1,1,3,0.813721563414007
LSPIN,lspin_tf,mlp,0.021,0.1,1,4,0.8716526531387817
LSPIN,lspin_tf,mlp,0.021,0.1,2,3,0.7802630889895382
LSPIN,lspin_tf,mlp,0.021,0.1,2,4,0.8456124501754273
LSPIN,lspin_tf,mlp,0.021,0.1,3,4,0.8496142927620153
LSPIN,lspin_tf,mlp,0.028,0.1,0,1,0.8150238018388205
LSPIN,lspin_tf,mlp,0.028,0.1,0,2,0.7567004295867876
LSPIN,lspin_tf,mlp,0.028,0.1,0,3,0.8765423814604575
LSPIN,lspin_tf,mlp,0.028,0.1,0,4,0.8837378358051945
LSPIN,lspin_tf,mlp,0.028,0.1,1,2,0.8973404460431157
LSPIN,lspin_tf,mlp,0.028,0.1,1,3,0.8928510174706196
LSPIN,lspin_tf,mlp,0.028,0.1,1,4,0.8127063640512373
LSPIN,lspin_tf,mlp,0.028,0.1,2,3,0.8531114906932423
LSPIN,lspin_tf,mlp,0.028,0.1,2,4,0.7933998318820625
LSPIN,lspin_tf,mlp,0.028,0.1,3,4,0.8970941040137599
LSPIN,lspin_tf,mlp,0.0035,0.2,0,1,0.8744330898560142
LSPIN,lspin_tf,mlp,0.0035,0.2,0,2,0.8312904996113124
LSPIN,lspin_tf,mlp,0.0035,0.2,0,3,0.9087783519260012
LSPIN,lspin_tf,mlp,0.0035,0.2,0,4,0.9154408618170334
LSPIN,lspin_tf,mlp,0.0035,0.2,1,2,0.8647783565675243
LSPIN,lspin_tf,mlp,0.0035,0.2,1,3,0.8926979978587338
LSPIN,lspin_tf,mlp,0.0035,0.2,1,4,0.960740856025844
LSPIN,lspin_tf,mlp,0.0035,0.2,2,3,0.9069586489344584
LSPIN,lspin_tf,mlp,0.0035,0.2,2,4,0.9397703086503152
LSPIN,lspin_tf,mlp,0.0035,0.2,3,4,0.9300521309795928
LSPIN,lspin_tf,mlp,0.00525,0.2,0,1,0.8596933844105922
LSPIN,lspin_tf,mlp,0.00525,0.2,0,2,0.9392448973080234
LSPIN,lspin_tf,mlp,0.00525,0.2,0,3,0.9346310379840252
LSPIN,lspin_tf,mlp,0.00525,0.2,0,4,0.9613215358328392
LSPIN,lspin_tf,mlp,0.00525,0.2,1,2,0.8578309672734094
LSPIN,lspin_tf,mlp,0.00525,0.2,1,3,0.9232966378357632
LSPIN,lspin_tf,mlp,0.00525,0.2,1,4,0.8881706918188268
LSPIN,lspin_tf,mlp,0.00525,0.2,2,3,0.9595171197255088
LSPIN,lspin_tf,mlp,0.00525,0.2,2,4,0.9389550961641314
LSPIN,lspin_tf,mlp,0.00525,0.2,3,4,0.9437391997905356
LSPIN,lspin_tf,mlp,0.007,0.2,0,1,0.8866384377792272
LSPIN,lspin_tf,mlp,0.007,0.2,0,2,0.9436767822691272
LSPIN,lspin_tf,mlp,0.007,0.2,0,3,0.9328805434303412
LSPIN,lspin_tf,mlp,0.007,0.2,0,4,0.9598974990788978
LSPIN,lspin_tf,mlp,0.007,0.2,1,2,0.7978300939691673
LSPIN,lspin_tf,mlp,0.007,0.2,1,3,0.7818138006243853
LSPIN,lspin_tf,mlp,0.007,0.2,1,4,0.9037012989370636
LSPIN,lspin_tf,mlp,0.007,0.2,2,3,0.9410202598610916
LSPIN,lspin_tf,mlp,0.007,0.2,2,4,0.9084988273742411
LSPIN,lspin_tf,mlp,0.007,0.2,3,4,0.898388877857543
LSPIN,lspin_tf,mlp,0.00875,0.2,0,1,0.9217319722940616
LSPIN,lspin_tf,mlp,0.00875,0.2,0,2,0.9470418836144422
LSPIN,lspin_tf,mlp,0.00875,0.2,0,3,0.9178207751997056
LSPIN,lspin_tf,mlp,0.00875,0.2,0,4,0.9096171328985172
LSPIN,lspin_tf,mlp,0.00875,0.2,1,2,0.928875476798162
LSPIN,lspin_tf,mlp,0.00875,0.2,1,3,0.9453621451111658
LSPIN,lspin_tf,mlp,0.00875,0.2,1,4,0.9437040994395716
LSPIN,lspin_tf,mlp,0.00875,0.2,2,3,0.9150667009757572
LSPIN,lspin_tf,mlp,0.00875,0.2,2,4,0.9258218625289136
LSPIN,lspin_tf,mlp,0.00875,0.2,3,4,0.9442598466405772
LSPIN,lspin_tf,mlp,0.0105,0.2,0,1,0.9538635258155856
LSPIN,lspin_tf,mlp,0.0105,0.2,0,2,0.920718550193972
LSPIN,lspin_tf,mlp,0.0105,0.2,0,3,0.9353533464760488
LSPIN,lspin_tf,mlp,0.0105,0.2,0,4,0.9324128111906752
LSPIN,lspin_tf,mlp,0.0105,0.2,1,2,0.8970827477190942
LSPIN,lspin_tf,mlp,0.0105,0.2,1,3,0.9496077122005032
LSPIN,lspin_tf,mlp,0.0105,0.2,1,4,0.9466859476241296
LSPIN,lspin_tf,mlp,0.0105,0.2,2,3,0.8661684090416142
LSPIN,lspin_tf,mlp,0.0105,0.2,2,4,0.8588448114161972
LSPIN,lspin_tf,mlp,0.0105,0.2,3,4,0.9306063525468083
LSPIN,lspin_tf,mlp,0.014,0.2,0,1,0.7122714618613513
LSPIN,lspin_tf,mlp,0.014,0.2,0,2,0.6539523340512025
LSPIN,lspin_tf,mlp,0.014,0.2,0,3,0.7075350557525785
LSPIN,lspin_tf,mlp,0.014,0.2,0,4,0.7318935849186142
LSPIN,lspin_tf,mlp,0.014,0.2,1,2,0.9515941524170564
LSPIN,lspin_tf,mlp,0.014,0.2,1,3,0.952730154509843
LSPIN,lspin_tf,mlp,0.014,0.2,1,4,0.8698891017473729
LSPIN,lspin_tf,mlp,0.014,0.2,2,3,0.94394351756775
LSPIN,lspin_tf,mlp,0.014,0.2,2,4,0.8212636724042928
LSPIN,lspin_tf,mlp,0.014,0.2,3,4,0.8756122235063125
LSPIN,lspin_tf,mlp,0.021,0.2,0,1,0.8877293724066875
LSPIN,lspin_tf,mlp,0.021,0.2,0,2,0.8806712106799649
LSPIN,lspin_tf,mlp,0.021,0.2,0,3,0.8790966605739772
LSPIN,lspin_tf,mlp,0.021,0.2,0,4,0.8757853322867574
LSPIN,lspin_tf,mlp,0.021,0.2,1,2,0.8738488989643258
LSPIN,lspin_tf,mlp,0.021,0.2,1,3,0.8923263887779839
LSPIN,lspin_tf,mlp,0.021,0.2,1,4,0.8921632541624432
LSPIN,lspin_tf,mlp,0.021,0.2,2,3,0.9028993458034478
LSPIN,lspin_tf,mlp,0.021,0.2,2,4,0.8807327936725518
LSPIN,lspin_tf,mlp,0.021,0.2,3,4,0.8818571947440491
LSPIN,lspin_tf,mlp,0.028,0.2,0,1,0.8334510436371828
LSPIN,lspin_tf,mlp,0.028,0.2,0,2,0.8017834426626222
LSPIN,lspin_tf,mlp,0.028,0.2,0,3,0.8059919933858909
LSPIN,lspin_tf,mlp,0.028,0.2,0,4,0.8083637499187237
LSPIN,lspin_tf,mlp,0.028,0.2,1,2,0.7507865620740105
LSPIN,lspin_tf,mlp,0.028,0.2,1,3,0.7753904631164263
LSPIN,lspin_tf,mlp,0.028,0.2,1,4,0.7604608754970117
LSPIN,lspin_tf,mlp,0.028,0.2,2,3,0.7366861514079805
LSPIN,lspin_tf,mlp,0.028,0.2,2,4,0.6740436613018707
LSPIN,lspin_tf,mlp,0.028,0.2,3,4,0.7609282996103092
LSPIN,lspin_tf,mlp,0.0035,0.4,0,1,0.9670008109735326
LSPIN,lspin_tf,mlp,0.0035,0.4,0,2,0.9504695088856424
LSPIN,lspin_tf,mlp,0.0035,0.4,0,3,0.9512099063302912
LSPIN,lspin_tf,mlp,0.0035,0.4,0,4,0.9657720158202948
LSPIN,lspin_tf,mlp,0.0035,0.4,1,2,0.9074436905077418
LSPIN,lspin_tf,mlp,0.0035,0.4,1,3,0.9372481512511772
LSPIN,lspin_tf,mlp,0.0035,0.4,1,4,0.940962199222964
LSPIN,lspin_tf,mlp,0.0035,0.4,2,3,0.9336707675846468
LSPIN,lspin_tf,mlp,0.0035,0.4,2,4,0.9333746004816506
LSPIN,lspin_tf,mlp,0.0035,0.4,3,4,0.9217050191760632
LSPIN,lspin_tf,mlp,0.00525,0.4,0,1,0.90838192230131
LSPIN,lspin_tf,mlp,0.00525,0.4,0,2,0.9244831161008966
LSPIN,lspin_tf,mlp,0.00525,0.4,0,3,0.9347650583367424
LSPIN,lspin_tf,mlp,0.00525,0.4,0,4,0.868290790493771
LSPIN,lspin_tf,mlp,0.00525,0.4,1,2,0.950863618257752
LSPIN,lspin_tf,mlp,0.00525,0.4,1,3,0.9661000375914048
LSPIN,lspin_tf,mlp,0.00525,0.4,1,4,0.9176113948731748
LSPIN,lspin_tf,mlp,0.00525,0.4,2,3,0.9647686439469468
LSPIN,lspin_tf,mlp,0.00525,0.4,2,4,0.8798927912237496
LSPIN,lspin_tf,mlp,0.00525,0.4,3,4,0.9238868734013952
LSPIN,lspin_tf,mlp,0.007,0.4,0,1,0.910248402329792
LSPIN,lspin_tf,mlp,0.007,0.4,0,2,0.9386588965600464
LSPIN,lspin_tf,mlp,0.007,0.4,0,3,0.9175996575594144
LSPIN,lspin_tf,mlp,0.007,0.4,0,4,0.9607115437800804
LSPIN,lspin_tf,mlp,0.007,0.4,1,2,0.9442036251590264
LSPIN,lspin_tf,mlp,0.007,0.4,1,3,0.956412146228588
LSPIN,lspin_tf,mlp,0.007,0.4,1,4,0.9358350607099192
LSPIN,lspin_tf,mlp,0.007,0.4,2,3,0.9491652680976912
LSPIN,lspin_tf,mlp,0.007,0.4,2,4,0.9503127130903848
LSPIN,lspin_tf,mlp,0.007,0.4,3,4,0.9287833186568194
LSPIN,lspin_tf,mlp,0.00875,0.4,0,1,0.9338581539472546
LSPIN,lspin_tf,mlp,0.00875,0.4,0,2,0.9444287055345324
LSPIN,lspin_tf,mlp,0.00875,0.4,0,3,0.9372458726154288
LSPIN,lspin_tf,mlp,0.00875,0.4,0,4,0.9249758657111662
LSPIN,lspin_tf,mlp,0.00875,0.4,1,2,0.9404173950503872
LSPIN,lspin_tf,mlp,0.00875,0.4,1,3,0.9582749242259164
LSPIN,lspin_tf,mlp,0.00875,0.4,1,4,0.9253811794275202
LSPIN,lspin_tf,mlp,0.00875,0.4,2,3,0.9439492226482984
LSPIN,lspin_tf,mlp,0.00875,0.4,2,4,0.8944678914299281
LSPIN,lspin_tf,mlp,0.00875,0.4,3,4,0.9184999501431752
LSPIN,lspin_tf,mlp,0.0105,0.4,0,1,0.917808414414952
LSPIN,lspin_tf,mlp,0.0105,0.4,0,2,0.9362900371375202
LSPIN,lspin_tf,mlp,0.0105,0.4,0,3,0.904400057691472
LSPIN,lspin_tf,mlp,0.0105,0.4,0,4,0.922384519755418
LSPIN,lspin_tf,mlp,0.0105,0.4,1,2,0.9223741234604156
LSPIN,lspin_tf,mlp,0.0105,0.4,1,3,0.8885907329049645
LSPIN,lspin_tf,mlp,0.0105,0.4,1,4,0.8892362141302295
LSPIN,lspin_tf,mlp,0.0105,0.4,2,3,0.9214797464016484
LSPIN,lspin_tf,mlp,0.0105,0.4,2,4,0.933402439783422
LSPIN,lspin_tf,mlp,0.0105,0.4,3,4,0.9571784145403568
LSPIN,lspin_tf,mlp,0.014,0.4,0,1,0.8970469906851106
LSPIN,lspin_tf,mlp,0.014,0.4,0,2,0.886945976019768
LSPIN,lspin_tf,mlp,0.014,0.4,0,3,0.8861768664289911
LSPIN,lspin_tf,mlp,0.014,0.4,0,4,0.9207809826470597
LSPIN,lspin_tf,mlp,0.014,0.4,1,2,0.864590238472522
LSPIN,lspin_tf,mlp,0.014,0.4,1,3,0.8684149049104108
LSPIN,lspin_tf,mlp,0.014,0.4,1,4,0.9004386929999316
LSPIN,lspin_tf,mlp,0.014,0.4,2,3,0.9203604067582258
LSPIN,lspin_tf,mlp,0.014,0.4,2,4,0.9236461931039208
LSPIN,lspin_tf,mlp,0.014,0.4,3,4,0.9166227843852194
LSPIN,lspin_tf,mlp,0.021,0.4,0,1,0.7529749455659357
LSPIN,lspin_tf,mlp,0.021,0.4,0,2,0.7159681291920418
LSPIN,lspin_tf,mlp,0.021,0.4,0,3,0.8089605618376258
LSPIN,lspin_tf,mlp,0.021,0.4,0,4,0.8171599663576858
LSPIN,lspin_tf,mlp,0.021,0.4,1,2,0.8606002853673539
LSPIN,lspin_tf,mlp,0.021,0.4,1,3,0.8475562017796046
LSPIN,lspin_tf,mlp,0.021,0.4,1,4,0.8416703501047018
LSPIN,lspin_tf,mlp,0.021,0.4,2,3,0.8957961023793709
LSPIN,lspin_tf,mlp,0.021,0.4,2,4,0.8323728244244116
LSPIN,lspin_tf,mlp,0.021,0.4,3,4,0.8942988873563897
LSPIN,lspin_tf,mlp,0.028,0.4,0,1,0.805636559878915
LSPIN,lspin_tf,mlp,0.028,0.4,0,2,0.9037960960476752
LSPIN,lspin_tf,mlp,0.028,0.4,0,3,0.7653905269011179
LSPIN,lspin_tf,mlp,0.028,0.4,0,4,0.8444653965455776
LSPIN,lspin_tf,mlp,0.028,0.4,1,2,0.8459693352511537
LSPIN,lspin_tf,mlp,0.028,0.4,1,3,0.7810552562903352
LSPIN,lspin_tf,mlp,0.028,0.4,1,4,0.7958268350439895
LSPIN,lspin_tf,mlp,0.028,0.4,2,3,0.8723839643600072
LSPIN,lspin_tf,mlp,0.028,0.4,2,4,0.8474365052694971
LSPIN,lspin_tf,mlp,0.028,0.4,3,4,0.8196956899490846
Concrete,concrete,mlp,0.0011,0.0,0,1,0.9135611256461028
Concrete,concrete,mlp,0.0011,0.0,0,2,0.8668037460988953
Concrete,concrete,mlp,0.0011,0.0,0,3,0.9350632427545144
Concrete,concrete,mlp,0.0011,0.0,0,4,0.8884333442261942
Concrete,concrete,mlp,0.0011,0.0,1,2,0.9039916654000612
Concrete,concrete,mlp,0.0011,0.0,1,3,0.9161814313558896
Concrete,concrete,mlp,0.0011,0.0,1,4,0.923058272888778
Concrete,concrete,mlp,0.0011,0.0,2,3,0.8837980737880662
Concrete,concrete,mlp,0.0011,0.0,2,4,0.9381126888865856
Concrete,concrete,mlp,0.0011,0.0,3,4,0.9056323467063552
Concrete,concrete,mlp,0.00165,0.0,0,1,0.920211275840801
Concrete,concrete,mlp,0.00165,0.0,0,2,0.9150921956838812
Concrete,concrete,mlp,0.00165,0.0,0,3,0.8925157665374523
Concrete,concrete,mlp,0.00165,0.0,0,4,0.9244525015794672
Concrete,concrete,mlp,0.00165,0.0,1,2,0.8741173768399716
Concrete,concrete,mlp,0.00165,0.0,1,3,0.9010090668621628
Concrete,concrete,mlp,0.00165,0.0,1,4,0.9345438649964076
Concrete,concrete,mlp,0.00165,0.0,2,3,0.8581183361407094
Concrete,concrete,mlp,0.00165,0.0,2,4,0.899989878559848
Concrete,concrete,mlp,0.00165,0.0,3,4,0.9343967579035656
Concrete,concrete,mlp,0.0022,0.0,0,1,0.891617241472086
Concrete,concrete,mlp,0.0022,0.0,0,2,0.7639798629006738
Concrete,concrete,mlp,0.0022,0.0,0,3,0.9082023787355478
Concrete,concrete,mlp,0.0022,0.0,0,4,0.8848648572649771
Concrete,concrete,mlp,0.0022,0.0,1,2,0.7865904032929253
Concrete,concrete,mlp,0.0022,0.0,1,3,0.8393432168780061
Concrete,concrete,mlp,0.0022,0.0,1,4,0.8706449074871674
Concrete,concrete,mlp,0.0022,0.0,2,3,0.8269030260444502
Concrete,concrete,mlp,0.0022,0.0,2,4,0.8520532496911963
Concrete,concrete,mlp,0.0022,0.0,3,4,0.9319203058379422
Concrete,concrete,mlp,0.00275,0.0,0,1,0.9139042463640676
Concrete,concrete,mlp,0.00275,0.0,0,2,0.9098681799014052
Concrete,concrete,mlp,0.00275,0.0,0,3,0.9237486086757168
Concrete,concrete,mlp,0.00275,0.0,0,4,0.8496526087453208
Concrete,concrete,mlp,0.00275,0.0,1,2,0.953874051476049
Concrete,concrete,mlp,0.00275,0.0,1,3,0.9066102531437984
Concrete,concrete,mlp,0.00275,0.0,1,4,0.8980390826245739
Concrete,concrete,mlp,0.00275,0.0,2,3,0.8880546331588162
Concrete,concrete,mlp,0.00275,0.0,2,4,0.8854520427066683
Concrete,concrete,mlp,0.00275,0.0,3,4,0.8431230635111875
Concrete,concrete,mlp,0.0033,0.0,0,1,0.9091293444866708
Concrete,concrete,mlp,0.0033,0.0,0,2,0.8449963905718341
Concrete,concrete,mlp,0.0033,0.0,0,3,0.8770880118520199
Concrete,concrete,mlp,0.0033,0.0,0,4,0.8653821798048766
Concrete,concrete,mlp,0.0033,0.0,1,2,0.8882446101478432
Concrete,concrete,mlp,0.0033,0.0,1,3,0.9389901895831054
Concrete,concrete,mlp,0.0033,0.0,1,4,0.9326558851821948
Concrete,concrete,mlp,0.0033,0.0,2,3,0.8879236791291927
Concrete,concrete,mlp,0.0033,0.0,2,4,0.9074542259342177
Concrete,concrete,mlp,0.0033,0.0,3,4,0.9510225036521432
Concrete,concrete,mlp,0.0044,0.0,0,1,0.8772889573869059
Concrete,concrete,mlp,0.0044,0.0,0,2,0.8885345815031348
Concrete,concrete,mlp,0.0044,0.0,0,3,0.8896210681152678
Concrete,concrete,mlp,0.0044,0.0,0,4,0.9134439653384276
Concrete,concrete,mlp,0.0044,0.0,1,2,0.9025757449755012
Concrete,concrete,mlp,0.0044,0.0,1,3,0.8961394060881874
Concrete,concrete,mlp,0.0044,0.0,1,4,0.9096667087531812
Concrete,concrete,mlp,0.0044,0.0,2,3,0.9021055819160172
Concrete,concrete,mlp,0.0044,0.0,2,4,0.922333232817642
Concrete,concrete,mlp,0.0044,0.0,3,4,0.922196624321196
Concrete,concrete,mlp,0.0055,0.0,0,1,0.8765506562435305
Concrete,concrete,mlp,0.0055,0.0,0,2,0.8710879428800885
Concrete,concrete,mlp,0.0055,0.0,0,3,0.8118961009238024
Concrete,concrete,mlp,0.0055,0.0,0,4,0.9008311929838968
Concrete,concrete,mlp,0.0055,0.0,1,2,0.8938239585956774
Concrete,concrete,mlp,0.0055,0.0,1,3,0.8621506103263147
Concrete,concrete,mlp,0.0055,0.0,1,4,0.9106560924169732
Concrete,concrete,mlp,0.0055,0.0,2,3,0.8623289298140855
Concrete,concrete,mlp,0.0055,0.0,2,4,0.8887211944803002
Concrete,concrete,mlp,0.0055,0.0,3,4,0.8617941872530237
Concrete,concrete,mlp,0.0066,0.0,0,1,0.8826924694503239
Concrete,concrete,mlp,0.0066,0.0,0,2,0.8860432438447594
Concrete,concrete,mlp,0.0066,0.0,0,3,0.902967029860145
Concrete,concrete,mlp,0.0066,0.0,0,4,0.8111404724090869
Concrete,concrete,mlp,0.0066,0.0,1,2,0.900717743921955
Concrete,concrete,mlp,0.0066,0.0,1,3,0.8923862241243466
Concrete,concrete,mlp,0.0066,0.0,1,4,0.8567522175680243
Concrete,concrete,mlp,0.0066,0.0,2,3,0.8929303189046516
Concrete,concrete,mlp,0.0066,0.0,2,4,0.8603778835038909
Concrete,concrete,mlp,0.0066,0.0,3,4,0.8401140072848574
Concrete,concrete,mlp,0.0011,0.1,0,1,0.8711565048317815
Concrete,concrete,mlp,0.0011,0.1,0,2,0.9557118254232152
Concrete,concrete,mlp,0.0011,0.1,0,3,0.9289854570675492
Concrete,concrete,mlp,0.0011,0.1,0,4,0.8941880863696613
Concrete,concrete,mlp,0.0011,0.1,1,2,0.9491167490149088
Concrete,concrete,mlp,0.0011,0.1,1,3,0.9337203693746148
Concrete,concrete,mlp,0.0011,0.1,1,4,0.9859138886813376
Concrete,concrete,mlp,0.0011,0.1,2,3,0.9632309712861928
Concrete,concrete,mlp,0.0011,0.1,2,4,0.9586622142283242
Concrete,concrete,mlp,0.0011,0.1,3,4,0.9312092422738402
Concrete,concrete,mlp,0.00165,0.1,0,1,0.956959883168502
Concrete,concrete,mlp,0.00165,0.1,0,2,0.9689771122699568
Concrete,concrete,mlp,0.00165,0.1,0,3,0.9370664687745508
Concrete,concrete,mlp,0.00165,0.1,0,4,0.9432665416950736
Concrete,concrete,mlp,0.00165,0.1,1,2,0.9778759896706009
Concrete,concrete,mlp,0.00165,0.1,1,3,0.8867034017918694
Concrete,concrete,mlp,0.00165,0.1,1,4,0.971593995212086
Concrete,concrete,mlp,0.00165,0.1,2,3,0.8930445904504366
Concrete,concrete,mlp,0.00165,0.1,2,4,0.9816542023360564
Concrete,concrete,mlp,0.00165,0.1,3,4,0.8725231197129799
Concrete,concrete,mlp,0.0022,0.1,0,1,0.9546044771302612
Concrete,concrete,mlp,0.0022,0.1,0,2,0.9626665395333154
Concrete,concrete,mlp,0.0022,0.1,0,3,0.9363936028183826
Concrete,concrete,mlp,0.0022,0.1,0,4,0.9678918985696614
Concrete,concrete,mlp,0.0022,0.1,1,2,0.9734247887585702
Concrete,concrete,mlp,0.0022,0.1,1,3,0.9531620431906824
Concrete,concrete,mlp,0.0022,0.1,1,4,0.942357883936534
Concrete,concrete,mlp,0.0022,0.1,2,3,0.9544626841035144
Concrete,concrete,mlp,0.0022,0.1,2,4,0.9636077829811008
Concrete,concrete,mlp,0.0022,0.1,3,4,0.9150401828227996
Concrete,concrete,mlp,0.00275,0.1,0,1,0.86005776886587
Concrete,concrete,mlp,0.00275,0.1,0,2,0.8746614934975698
Concrete,concrete,mlp,0.00275,0.1,0,3,0.8881472269727346
Concrete,concrete,mlp,0.00275,0.1,0,4,0.8820842011074216
Concrete,concrete,mlp,0.00275,0.1,1,2,0.976033879882545
Concrete,concrete,mlp,0.00275,0.1,1,3,0.9495682050106988
Concrete,concrete,mlp,0.00275,0.1,1,4,0.9817392266121054
Concrete,concrete,mlp,0.00275,0.1,2,3,0.9524249870015244
Concrete,concrete,mlp,0.00275,0.1,2,4,0.9710096296866176
Concrete,concrete,mlp,0.00275,0.1,3,4,0.9581618160301362
Concrete,concrete,mlp,0.0033,0.1,0,1,0.9708531573425544
Concrete,concrete,mlp,0.0033,0.1,0,2,0.8986150409387728
Concrete,concrete,mlp,0.0033,0.1,0,3,0.9529175414593108
Concrete,concrete,mlp,0.0033,0.1,0,4,0.9122710742338416
Concrete,concrete,mlp,0.0033,0.1,1,2,0.910291718096614
Concrete,concrete,mlp,0.0033,0.1,1,3,0.960511736435664
Concrete,concrete,mlp,0.0033,0.1,1,4,0.9210370400068963
Concrete,concrete,mlp,0.0033,0.1,2,3,0.9316467699305186
Concrete,concrete,mlp,0.0033,0.1,2,4,0.9296668845941396
Concrete,concrete,mlp,0.0033,0.1,3,4,0.9313739528969776
Concrete,concrete,mlp,0.0044,0.1,0,1,0.8613758416877935
Concrete,concrete,mlp,0.0044,0.1,0,2,0.9452741233859628
Concrete,concrete,mlp,0.0044,0.1,0,3,0.9172687325371512
Concrete,concrete,mlp,0.0044,0.1,0,4,0.8748601938868809
Concrete,concrete,mlp,0.0044,0.1,1,2,0.8763485981729732
Concrete,concrete,mlp,0.0044,0.1,1,3,0.8257607028952634
Concrete,concrete,mlp,0.0044,0.1,1,4,0.9488746351879498
Concrete,concrete,mlp,0.0044,0.1,2,3,0.8892882705869388
Concrete,concrete,mlp,0.0044,0.1,2,4,0.8964969415816877
Concrete,concrete,mlp,0.0044,0.1,3,4,0.8603361652005556
Concrete,concrete,mlp,0.0055,0.1,0,1,0.9221271521439004
Concrete,concrete,mlp,0.0055,0.1,0,2,0.92980306430182
Concrete,concrete,mlp,0.0055,0.1,0,3,0.9091722576446748
Concrete,concrete,mlp,0.0055,0.1,0,4,0.9416291729767337
Concrete,concrete,mlp,0.0055,0.1,1,2,0.9278830078617664
Concrete,concrete,mlp,0.0055,0.1,1,3,0.940255648917129
Concrete,concrete,mlp,0.0055,0.1,1,4,0.916210106354174
Concrete,concrete,mlp,0.0055,0.1,2,3,0.9428248257679768
Concrete,concrete,mlp,0.0055,0.1,2,4,0.944963408403024
Concrete,concrete,mlp,0.0055,0.1,3,4,0.8879876686652171
Concrete,concrete,mlp,0.0066,0.1,0,1,0.8762252028933767
Concrete,concrete,mlp,0.0066,0.1,0,2,0.8326292168536814
Concrete,concrete,mlp,0.0066,0.1,0,3,0.6533906891913903
Concrete,concrete,mlp,0.0066,0.1,0,4,0.889938675343354
Concrete,concrete,mlp,0.0066,0.1,1,2,0.9599357921388532
Concrete,concrete,mlp,0.0066,0.1,1,3,0.7832657780584401
Concrete,concrete,mlp,0.0066,0.1,1,4,0.85317091883376
Concrete,concrete,mlp,0.0066,0.1,2,3,0.7759540264537511
Concrete,concrete,mlp,0.0066,0.1,2,4,0.8034417944596135
Concrete,concrete,mlp,0.0066,0.1,3,4,0.6409537669252483
Concrete,concrete,mlp,0.0011,0.2,0,1,0.9351832510824142
Concrete,concrete,mlp,0.0011,0.2,0,2,0.9662200529655208
Concrete,concrete,mlp,0.0011,0.2,0,3,0.9669895922920974
Concrete,concrete,mlp,0.0011,0.2,0,4,0.9668715930534306
Concrete,concrete,mlp,0.0011,0.2,1,2,0.9336234273909234
Concrete,concrete,mlp,0.0011,0.2,1,3,0.9439494799614466
Concrete,concrete,mlp,0.0011,0.2,1,4,0.9703170333703076
Concrete,concrete,mlp,0.0011,0.2,2,3,0.966127844763484
Concrete,concrete,mlp,0.0011,0.2,2,4,0.9573928167148152
Concrete,concrete,mlp,0.0011,0.2,3,4,0.9557736537615962
Concrete,concrete,mlp,0.00165,0.2,0,1,0.9491520018356548
Concrete,concrete,mlp,0.00165,0.2,0,2,0.8907561022413776
Concrete,concrete,mlp,0.00165,0.2,0,3,0.9623897178495536
Concrete,concrete,mlp,0.00165,0.2,0,4,0.9173486421969792
Concrete,concrete,mlp,0.00165,0.2,1,2,0.9460533511141676
Concrete,concrete,mlp,0.00165,0.2,1,3,0.953507691517366
Concrete,concrete,mlp,0.00165,0.2,1,4,0.9463366298303414
Concrete,concrete,mlp,0.00165,0.2,2,3,0.8894559041524066
Concrete,concrete,mlp,0.00165,0.2,2,4,0.9249168187605332
Concrete,concrete,mlp,0.00165,0.2,3,4,0.9271444849514954
Concrete,concrete,mlp,0.0022,0.2,0,1,0.82533867236923
Concrete,concrete,mlp,0.0022,0.2,0,2,0.955352591370786
Concrete,concrete,mlp,0.0022,0.2,0,3,0.9186335665817548
Concrete,concrete,mlp,0.0022,0.2,0,4,0.9158978862236644
Concrete,concrete,mlp,0.0022,0.2,1,2,0.7939756359046967
Concrete,concrete,mlp,0.0022,0.2,1,3,0.8270412579884714
Concrete,concrete,mlp,0.0022,0.2,1,4,0.7196302832867274
Concrete,concrete,mlp,0.0022,0.2,2,3,0.9419886387380793
Concrete,concrete,mlp,0.0022,0.2,2,4,0.9613256462596962
Concrete,concrete,mlp,0.0022,0.2,3,4,0.8910143940152178
Concrete,concrete,mlp,0.00275,0.2,0,1,0.8501105049772923
Concrete,concrete,mlp,0.00275,0.2,0,2,0.8951345006218018
Concrete,concrete,mlp,0.00275,0.2,0,3,0.8804506639574866
Concrete,concrete,mlp,0.00275,0.2,0,4,0.9107895176285862
Concrete,concrete,mlp,0.00275,0.2,1,2,0.9443668724043012
Concrete,concrete,mlp,0.00275,0.2,1,3,0.9205644293779226
Concrete,concrete,mlp,0.00275,0.2,1,4,0.8452143804662832
Concrete,concrete,mlp,0.00275,0.2,2,3,0.9470925442968328
Concrete,concrete,mlp,0.00275,0.2,2,4,0.8881667512148227
Concrete,concrete,mlp,0.00275,0.2,3,4,0.9167938776218222
Concrete,concrete,mlp,0.0033,0.2,0,1,0.8783833934737915
Concrete,concrete,mlp,0.0033,0.2,0,2,0.6936505032560896
Concrete,concrete,mlp,0.0033,0.2,0,3,0.6980423281424704
Concrete,concrete,mlp,0.0033,0.2,0,4,0.6879553682288949
Concrete,concrete,mlp,0.0033,0.2,1,2,0.8597737623962762
Concrete,concrete,mlp,0.0033,0.2,1,3,0.8773595340383319
Concrete,concrete,mlp,0.0033,0.2,1,4,0.8547073321020898
Concrete,concrete,mlp,0.0033,0.2,2,3,0.9791955740252896
Concrete,concrete,mlp,0.0033,0.2,2,4,0.9566867848795084
Concrete,concrete,mlp,0.0033,0.2,3,4,0.9731822982708918
Concrete,concrete,mlp,0.0044,0.2,0,1,0.7322065392929997
Concrete,concrete,mlp,0.0044,0.2,0,2,0.941141606611968
Concrete,concrete,mlp,0.0044,0.2,0,3,0.957530089202216
Concrete,concrete,mlp,0.0044,0.2,0,4,0.950486712067914
Concrete,concrete,mlp,0.0044,0.2,1,2,0.8223961289924754
Concrete,concrete,mlp,0.0044,0.2,1,3,0.7298122011586352
Concrete,concrete,mlp,0.0044,0.2,1,4,0.7761828537797466
Concrete,concrete,mlp,0.0044,0.2,2,3,0.953613652159478
Concrete,concrete,mlp,0.0044,0.2,2,4,0.924838013595416
Concrete,concrete,mlp,0.0044,0.2,3,4,0.9454588629191168
Concrete,concrete,mlp,0.0055,0.2,0,1,0.9313997765727292
Concrete,concrete,mlp,0.0055,0.2,0,2,0.867526374142707
Concrete,concrete,mlp,0.0055,0.2,0,3,0.9183517397772768
Concrete,concrete,mlp,0.0055,0.2,0,4,0.7255266350813582
Concrete,concrete,mlp,0.0055,0.2,1,2,0.8763879682301187
Concrete,concrete,mlp,0.0055,0.2,1,3,0.9656760130657516
Concrete,concrete,mlp,0.0055,0.2,1,4,0.7330414421265787
Concrete,concrete,mlp,0.0055,0.2,2,3,0.8963686025761403
Concrete,concrete,mlp,0.0055,0.2,2,4,0.8704226474530493
Concrete,concrete,mlp,0.0055,0.2,3,4,0.7580556649533794
Concrete,concrete,mlp,0.0066,0.2,0,1,0.8959320510092674
Concrete,concrete,mlp,0.0066,0.2,0,2,0.9173867238604712
Concrete,concrete,mlp,0.0066,0.2,0,3,0.9318410021427984
Concrete,concrete,mlp,0.0066,0.2,0,4,0.9552046496025538
Concrete,concrete,mlp,0.0066,0.2,1,2,0.9514038138588206
Concrete,concrete,mlp,0.0066,0.2,1,3,0.94238922726533
Concrete,concrete,mlp,0.0066,0.2,1,4,0.9225592852901646
Concrete,concrete,mlp,0.0066,0.2,2,3,0.9423222176657908
Concrete,concrete,mlp,0.0066,0.2,2,4,0.9399182466024546
Concrete,concrete,mlp,0.0066,0.2,3,4,0.9396590756611451
Concrete,concrete,mlp,0.0011,0.4,0,1,0.9753739126984294
Concrete,concrete,mlp,0.0011,0.4,0,2,0.9626314383767642
Concrete,concrete,mlp,0.0011,0.4,0,3,0.9442137440061996
Concrete,concrete,mlp,0.0011,0.4,0,4,0.9594525378263852
Concrete,concrete,mlp,0.0011,0.4,1,2,0.9354806023631208
Concrete,concrete,mlp,0.0011,0.4,1,3,0.934557816562892
Concrete,concrete,mlp,0.0011,0.4,1,4,0.9227092922770994
Concrete,concrete,mlp,0.0011,0.4,2,3,0.9824135054775568
Concrete,concrete,mlp,0.0011,0.4,2,4,0.9760130116672692
Concrete,concrete,mlp,0.0011,0.4,3,4,0.9632738783515356
Concrete,concrete,mlp,0.00165,0.4,0,1,0.7802120259884314
Concrete,concrete,mlp,0.00165,0.4,0,2,0.8114607253657214
Concrete,concrete,mlp,0.00165,0.4,0,3,0.8367971274619145
Concrete,concrete,mlp,0.00165,0.4,0,4,0.8220307711831555
Concrete,concrete,mlp,0.00165,0.4,1,2,0.9813746346501376
Concrete,concrete,mlp,0.00165,0.4,1,3,0.9761756882659504
Concrete,concrete,mlp,0.00165,0.4,1,4,0.9581593056424108
Concrete,concrete,mlp,0.00165,0.4,2,3,0.9779324187541868
Concrete,concrete,mlp,0.00165,0.4,2,4,0.9660719791097714
Concrete,concrete,mlp,0.00165,0.4,3,4,0.9703956997096964
Concrete,concrete,mlp,0.0022,0.4,0,1,0.6766084751382877
Concrete,concrete,mlp,0.0022,0.4,0,2,0.9311525954205392
Concrete,concrete,mlp,0.0022,0.4,0,3,0.8770577051641653
Concrete,concrete,mlp,0.0022,0.4,0,4,0.9686288223534544
Concrete,concrete,mlp,0.0022,0.4,1,2,0.7510013575204902
Concrete,concrete,mlp,0.0022,0.4,1,3,0.8040063258026975
Concrete,concrete,mlp,0.0022,0.4,1,4,0.7083102160279136
Concrete,concrete,mlp,0.0022,0.4,2,3,0.9422807725763396
Concrete,concrete,mlp,0.0022,0.4,2,4,0.9533733738480044
Concrete,concrete,mlp,0.0022,0.4,3,4,0.89569177131924
Concrete,concrete,mlp,0.00275,0.4,0,1,0.9458826736588264
Concrete,concrete,mlp,0.00275,0.4,0,2,0.7655129918838706
Concrete,concrete,mlp,0.00275,0.4,0,3,0.9479331265168238
Concrete,concrete,mlp,0.00275,0.4,0,4,0.9336547298913664
Concrete,concrete,mlp,0.00275,0.4,1,2,0.8591954308860589
Concrete,concrete,mlp,0.00275,0.4,1,3,0.9213095779677722
Concrete,concrete,mlp,0.00275,0.4,1,4,0.8978720512841698
Concrete,concrete,mlp,0.00275,0.4,2,3,0.6747700044650452
Concrete,concrete,mlp,0.00275,0.4,2,4,0.660183234741741
Concrete,concrete,mlp,0.00275,0.4,3,4,0.9825335847804598
Concrete,concrete,mlp,0.0033,0.4,0,1,0.9133943583831368
Concrete,concrete,mlp,0.0033,0.4,0,2,0.8987775617444446
Concrete,concrete,mlp,0.0033,0.4,0,3,0.9326702340286674
Concrete,concrete,mlp,0.0033,0.4,0,4,0.8953335512088583
Concrete,concrete,mlp,0.0033,0.4,1,2,0.9743958087705556
Concrete,concrete,mlp,0.0033,0.4,1,3,0.962793960606723
Concrete,concrete,mlp,0.0033,0.4,1,4,0.8297279147057532
Concrete,concrete,mlp,0.0033,0.4,2,3,0.9622201730515176
Concrete,concrete,mlp,0.0033,0.4,2,4,0.82064211804066
Concrete,concrete,mlp,0.0033,0.4,3,4,0.8612454400076025
Concrete,concrete,mlp,0.0044,0.4,0,1,0.9415331739784653
Concrete,concrete,mlp,0.0044,0.4,0,2,0.9715149070397135
Concrete,concrete,mlp,0.0044,0.4,0,3,0.956860453953686
Concrete,concrete,mlp,0.0044,0.4,0,4,0.9436094748803788
Concrete,concrete,mlp,0.0044,0.4,1,2,0.9412978155470454
Concrete,concrete,mlp,0.0044,0.4,1,3,0.9473294025398432
Concrete,concrete,mlp,0.0044,0.4,1,4,0.941709949694294
Concrete,concrete,mlp,0.0044,0.4,2,3,0.9635889877382792
Concrete,concrete,mlp,0.0044,0.4,2,4,0.9448086916603652
Concrete,concrete,mlp,0.0044,0.4,3,4,0.9520495748019266
Concrete,concrete,mlp,0.0055,0.4,0,1,0.8946650913055952
Concrete,concrete,mlp,0.0055,0.4,0,2,0.9159948214051068
Concrete,concrete,mlp,0.0055,0.4,0,3,0.929977535480324
Concrete,concrete,mlp,0.0055,0.4,0,4,0.9010912980349562
Concrete,concrete,mlp,0.0055,0.4,1,2,0.9763875773545676
Concrete,concrete,mlp,0.0055,0.4,1,3,0.9506520203250104
Concrete,concrete,mlp,0.0055,0.4,1,4,0.9223827028608372
Concrete,concrete,mlp,0.0055,0.4,2,3,0.9466696076604416
Concrete,concrete,mlp,0.0055,0.4,2,4,0.9374852298694156
Concrete,concrete,mlp,0.0055,0.4,3,4,0.9620425265916936
Concrete,concrete,mlp,0.0066,0.4,0,1,0.8498863497794603
Concrete,concrete,mlp,0.0066,0.4,0,2,0.8283236471815237
Concrete,concrete,mlp,0.0066,0.4,0,3,0.8730153294284975
Concrete,concrete,mlp,0.0066,0.4,0,4,0.8548242196325759
Concrete,concrete,mlp,0.0066,0.4,1,2,0.9212084711887732
Concrete,concrete,mlp,0.0066,0.4,1,3,0.8650153082553961
Concrete,concrete,mlp,0.0066,0.4,1,4,0.9205744545259684
Concrete,concrete,mlp,0.0066,0.4,2,3,0.8164040102381201
Concrete,concrete,mlp,0.0066,0.4,2,4,0.8745818220108946
Concrete,concrete,mlp,0.0066,0.4,3,4,0.943335398014606
Concrete,concrete,mlp,0.0011,0.0,0,1,0.8641401878354444
Concrete,concrete,mlp,0.0011,0.0,0,2,0.9214866318694972
Concrete,concrete,mlp,0.0011,0.0,0,3,0.9379861907717904
Concrete,concrete,mlp,0.0011,0.0,0,4,0.8984947185340847
Concrete,concrete,mlp,0.0011,0.0,1,2,0.9104853456414354
Concrete,concrete,mlp,0.0011,0.0,1,3,0.8424092670991379
Concrete,concrete,mlp,0.0011,0.0,1,4,0.879835079219588
Concrete,concrete,mlp,0.0011,0.0,2,3,0.908460123760896
Concrete,concrete,mlp,0.0011,0.0,2,4,0.9366225339061124
Concrete,concrete,mlp,0.0011,0.0,3,4,0.912282188017718
Concrete,concrete,mlp,0.00165,0.0,0,1,0.8732671858644542
Concrete,concrete,mlp,0.00165,0.0,0,2,0.8873087552016657
Concrete,concrete,mlp,0.00165,0.0,0,3,0.9236973044015516
Concrete,concrete,mlp,0.00165,0.0,0,4,0.9434041378736192
Concrete,concrete,mlp,0.00165,0.0,1,2,0.9223674216426112
Concrete,concrete,mlp,0.00165,0.0,1,3,0.9115887372003796
Concrete,concrete,mlp,0.00165,0.0,1,4,0.8332463025601548
Concrete,concrete,mlp,0.00165,0.0,2,3,0.9091612123077868
Concrete,concrete,mlp,0.00165,0.0,2,4,0.8675301439375126
Concrete,concrete,mlp,0.00165,0.0,3,4,0.9047443194277728
Concrete,concrete,mlp,0.0022,0.0,0,1,0.8587724947591624
Concrete,concrete,mlp,0.0022,0.0,0,2,0.90171646855661
Concrete,concrete,mlp,0.0022,0.0,0,3,0.8814421866152506
Concrete,concrete,mlp,0.0022,0.0,0,4,0.8739045686973379
Concrete,concrete,mlp,0.0022,0.0,1,2,0.8479044345864551
Concrete,concrete,mlp,0.0022,0.0,1,3,0.9314922828268128
Concrete,concrete,mlp,0.0022,0.0,1,4,0.9349543907462676
Concrete,concrete,mlp,0.0022,0.0,2,3,0.8460194949488994
Concrete,concrete,mlp,0.0022,0.0,2,4,0.8315567521319758
Concrete,concrete,mlp,0.0022,0.0,3,4,0.9350408959482132
Concrete,concrete,mlp,0.00275,0.0,0,1,0.905539383653414
Concrete,concrete,mlp,0.00275,0.0,0,2,0.93333545122485
Concrete,concrete,mlp,0.00275,0.0,0,3,0.8761481491650503
Concrete,concrete,mlp,0.00275,0.0,0,4,0.9237800952018816
Concrete,concrete,mlp,0.00275,0.0,1,2,0.8942455010974679
Concrete,concrete,mlp,0.00275,0.0,1,3,0.8034736374265992
Concrete,concrete,mlp,0.00275,0.0,1,4,0.91833499634628
Concrete,concrete,mlp,0.00275,0.0,2,3,0.8948538681778629
Concrete,concrete,mlp,0.00275,0.0,2,4,0.9366622940516692
Concrete,concrete,mlp,0.00275,0.0,3,4,0.8754998107118285
Concrete,concrete,mlp,0.0033,0.0,0,1,0.8928997391611184
Concrete,concrete,mlp,0.0033,0.0,0,2,0.881439714158083
Concrete,concrete,mlp,0.0033,0.0,0,3,0.924731191392209
Concrete,concrete,mlp,0.0033,0.0,0,4,0.8077763041930969
Concrete,concrete,mlp,0.0033,0.0,1,2,0.8510119048860094
Concrete,concrete,mlp,0.0033,0.0,1,3,0.8644551356243659
Concrete,concrete,mlp,0.0033,0.0,1,4,0.8679460752041178
Concrete,concrete,mlp,0.0033,0.0,2,3,0.936869575742255
Concrete,concrete,mlp,0.0033,0.0,2,4,0.795839757101962
Concrete,concrete,mlp,0.0033,0.0,3,4,0.8116783805702524
Concrete,concrete,mlp,0.0044,0.0,0,1,0.8828941591373644
Concrete,concrete,mlp,0.0044,0.0,0,2,0.8001589726062937
Concrete,concrete,mlp,0.0044,0.0,0,3,0.8604726319065809
Concrete,concrete,mlp,0.0044,0.0,0,4,0.8795196172414728
Concrete,concrete,mlp,0.0044,0.0,1,2,0.8583588142049794
Concrete,concrete,mlp,0.0044,0.0,1,3,0.8907089138741305
Concrete,concrete,mlp,0.0044,0.0,1,4,0.859312959894276
Concrete,concrete,mlp,0.0044,0.0,2,3,0.8650670334933186
Concrete,concrete,mlp,0.0044,0.0,2,4,0.7873491087441445
Concrete,concrete,mlp,0.0044,0.0,3,4,0.8672724127948183
Concrete,concrete,mlp,0.0055,0.0,0,1,0.7325076368828651
Concrete,concrete,mlp,0.0055,0.0,0,2,0.7987189019699656
Concrete,concrete,mlp,0.0055,0.0,0,3,0.8679793334831228
Concrete,concrete,mlp,0.0055,0.0,0,4,0.8485674235865084
Concrete,concrete,mlp,0.0055,0.0,1,2,0.84843677890935
Concrete,concrete,mlp,0.0055,0.0,1,3,0.8295443488326872
Concrete,concrete,mlp,0.0055,0.0,1,4,0.7381137218707982
Concrete,concrete,mlp,0.0055,0.0,2,3,0.8983403096935063
Concrete,concrete,mlp,0.0055,0.0,2,4,0.7185991881798559
Concrete,concrete,mlp,0.0055,0.0,3,4,0.7921269938544369
Concrete,concrete,mlp,0.0066,0.0,0,1,0.7948315448183643
Concrete,concrete,mlp,0.0066,0.0,0,2,0.8343737099822223
Concrete,concrete,mlp,0.0066,0.0,0,3,0.8669456603888159
Concrete,concrete,mlp,0.0066,0.0,0,4,0.8459962463358157
Concrete,concrete,mlp,0.0066,0.0,1,2,0.8573344579542456
Concrete,concrete,mlp,0.0066,0.0,1,3,0.8098351257709883
Concrete,concrete,mlp,0.0066,0.0,1,4,0.8551887589121306
Concrete,concrete,mlp,0.0066,0.0,2,3,0.8490264322068934
Concrete,concrete,mlp,0.0066,0.0,2,4,0.8792703118551379
Concrete,concrete,mlp,0.0066,0.0,3,4,0.8425809007839129
Concrete,concrete,mlp,0.0011,0.1,0,1,0.8450294298001836
Concrete,concrete,mlp,0.0011,0.1,0,2,0.666911976950881
Concrete,concrete,mlp,0.0011,0.1,0,3,0.7938648814693564
Concrete,concrete,mlp,0.0011,0.1,0,4,0.6874869973760187
Concrete,concrete,mlp,0.0011,0.1,1,2,0.8998538736080365
Concrete,concrete,mlp,0.0011,0.1,1,3,0.9599970232006696
Concrete,concrete,mlp,0.0011,0.1,1,4,0.8967059365028466
Concrete,concrete,mlp,0.0011,0.1,2,3,0.9229217855415144
Concrete,concrete,mlp,0.0011,0.1,2,4,0.9457838664697104
Concrete,concrete,mlp,0.0011,0.1,3,4,0.9364409496783924
Concrete,concrete,mlp,0.00165,0.1,0,1,0.9236485684705876
Concrete,concrete,mlp,0.00165,0.1,0,2,0.8950033751232297
Concrete,concrete,mlp,0.00165,0.1,0,3,0.7229250432186674
Concrete,concrete,mlp,0.00165,0.1,0,4,0.9573581200300768
Concrete,concrete,mlp,0.00165,0.1,1,2,0.8164659538697436
Concrete,concrete,mlp,0.00165,0.1,1,3,0.6610414483057101
Concrete,concrete,mlp,0.00165,0.1,1,4,0.9022385990909022
Concrete,concrete,mlp,0.00165,0.1,2,3,0.7765261852931883
Concrete,concrete,mlp,0.00165,0.1,2,4,0.9339248711194036
Concrete,concrete,mlp,0.00165,0.1,3,4,0.7579590916091978
Concrete,concrete,mlp,0.0022,0.1,0,1,0.9409177066159616
Concrete,concrete,mlp,0.0022,0.1,0,2,0.570566164938607
Concrete,concrete,mlp,0.0022,0.1,0,3,0.9606753894018836
Concrete,concrete,mlp,0.0022,0.1,0,4,0.9347428808902096
Concrete,concrete,mlp,0.0022,0.1,1,2,0.6075416183896195
Concrete,concrete,mlp,0.0022,0.1,1,3,0.9719464707931308
Concrete,concrete,mlp,0.0022,0.1,1,4,0.938498205441484
Concrete,concrete,mlp,0.0022,0.1,2,3,0.5540019213658985
Concrete,concrete,mlp,0.0022,0.1,2,4,0.6526227680013635
Concrete,concrete,mlp,0.0022,0.1,3,4,0.9457212847701706
Concrete,concrete,mlp,0.00275,0.1,0,1,0.9049610449043216
Concrete,concrete,mlp,0.00275,0.1,0,2,0.9262407533818724
Concrete,concrete,mlp,0.00275,0.1,0,3,0.9454368786881164
Concrete,concrete,mlp,0.00275,0.1,0,4,0.966625016704968
Concrete,concrete,mlp,0.00275,0.1,1,2,0.9480986430620242
Concrete,concrete,mlp,0.00275,0.1,1,3,0.9316994468887662
Concrete,concrete,mlp,0.00275,0.1,1,4,0.939245637519714
Concrete,concrete,mlp,0.00275,0.1,2,3,0.933549667819496
Concrete,concrete,mlp,0.00275,0.1,2,4,0.9411959019645773
Concrete,concrete,mlp,0.00275,0.1,3,4,0.9652787743537344
Concrete,concrete,mlp,0.0033,0.1,0,1,0.7958017363658765
Concrete,concrete,mlp,0.0033,0.1,0,2,0.7547264238468525
Concrete,concrete,mlp,0.0033,0.1,0,3,0.793144896081329
Concrete,concrete,mlp,0.0033,0.1,0,4,0.7300888516340152
Concrete,concrete,mlp,0.0033,0.1,1,2,0.9754614467442628
Concrete,concrete,mlp,0.0033,0.1,1,3,0.9540145191384772
Concrete,concrete,mlp,0.0033,0.1,1,4,0.9319586060730848
Concrete,concrete,mlp,0.0033,0.1,2,3,0.966343286408324
Concrete,concrete,mlp,0.0033,0.1,2,4,0.96186090539452
Concrete,concrete,mlp,0.0033,0.1,3,4,0.9619879898396204
Concrete,concrete,mlp,0.0044,0.1,0,1,0.891114750063295
Concrete,concrete,mlp,0.0044,0.1,0,2,0.8415370276036082
Concrete,concrete,mlp,0.0044,0.1,0,3,0.9102493370688448
Concrete,concrete,mlp,0.0044,0.1,0,4,0.873075215444139
Concrete,concrete,mlp,0.0044,0.1,1,2,0.8536851135503061
Concrete,concrete,mlp,0.0044,0.1,1,3,0.9006481295869585
Concrete,concrete,mlp,0.0044,0.1,1,4,0.8980104676506345
Concrete,concrete,mlp,0.0044,0.1,2,3,0.7391098174299466
Concrete,concrete,mlp,0.0044,0.1,2,4,0.8281438466814475
Concrete,concrete,mlp,0.0044,0.1,3,4,0.8527798530117859
Concrete,concrete,mlp,0.0055,0.1,0,1,0.9142499481411976
Concrete,concrete,mlp,0.0055,0.1,0,2,0.8665993536915767
Concrete,concrete,mlp,0.0055,0.1,0,3,0.7037212711893465
Concrete,concrete,mlp,0.0055,0.1,0,4,0.8797829794874862
Concrete,concrete,mlp,0.0055,0.1,1,2,0.943145092247184
Concrete,concrete,mlp,0.0055,0.1,1,3,0.7655141817853217
Concrete,concrete,mlp,0.0055,0.1,1,4,0.9368295360468936
Concrete,concrete,mlp,0.0055,0.1,2,3,0.664520823411189
Concrete,concrete,mlp,0.0055,0.1,2,4,0.9496819267294296
Concrete,concrete,mlp,0.0055,0.1,3,4,0.7127303033439013
Concrete,concrete,mlp,0.0066,0.1,0,1,0.9366431000839892
Concrete,concrete,mlp,0.0066,0.1,0,2,0.904937949159724
Concrete,concrete,mlp,0.0066,0.1,0,3,0.8394654090812922
Concrete,concrete,mlp,0.0066,0.1,0,4,0.900077978982805
Concrete,concrete,mlp,0.0066,0.1,1,2,0.9630026561535084
Concrete,concrete,mlp,0.0066,0.1,1,3,0.8267470569987079
Concrete,concrete,mlp,0.0066,0.1,1,4,0.9244965822968472
Concrete,concrete,mlp,0.0066,0.1,2,3,0.8214474492175486
Concrete,concrete,mlp,0.0066,0.1,2,4,0.902316307616324
Concrete,concrete,mlp,0.0066,0.1,3,4,0.90689147097583
Concrete,concrete,mlp,0.0011,0.2,0,1,0.9715227847891652
Concrete,concrete,mlp,0.0011,0.2,0,2,0.9766106221506344
Concrete,concrete,mlp,0.0011,0.2,0,3,0.8763464199733132
Concrete,concrete,mlp,0.0011,0.2,0,4,0.959866725520395
Concrete,concrete,mlp,0.0011,0.2,1,2,0.944871372829688
Concrete,concrete,mlp,0.0011,0.2,1,3,0.905983654191388
Concrete,concrete,mlp,0.0011,0.2,1,4,0.9643145293727724
Concrete,concrete,mlp,0.0011,0.2,2,3,0.8582454119992328
Concrete,concrete,mlp,0.0011,0.2,2,4,0.920082612214732
Concrete,concrete,mlp,0.0011,0.2,3,4,0.8854841835810764
Concrete,concrete,mlp,0.00165,0.2,0,1,0.8911676589906152
Concrete,concrete,mlp,0.00165,0.2,0,2,0.965645530121316
Concrete,concrete,mlp,0.00165,0.2,0,3,0.8607083878594795
Concrete,concrete,mlp,0.00165,0.2,0,4,0.9459089350493904
Concrete,concrete,mlp,0.00165,0.2,1,2,0.9424948242973716
Concrete,concrete,mlp,0.00165,0.2,1,3,0.8833581516563357
Concrete,concrete,mlp,0.00165,0.2,1,4,0.9099609623500884
Concrete,concrete,mlp,0.00165,0.2,2,3,0.8557134973699961
Concrete,concrete,mlp,0.00165,0.2,2,4,0.9559672595887556
Concrete,concrete,mlp,0.00165,0.2,3,4,0.8944155114909609
Concrete,concrete,mlp,0.0022,0.2,0,1,0.9007364809545774
Concrete,concrete,mlp,0.0022,0.2,0,2,0.9147171524388636
Concrete,concrete,mlp,0.0022,0.2,0,3,0.954519114861764
Concrete,concrete,mlp,0.0022,0.2,0,4,0.9592636328061324
Concrete,concrete,mlp,0.0022,0.2,1,2,0.9214519202954184
Concrete,concrete,mlp,0.0022,0.2,1,3,0.9441518061368752
Concrete,concrete,mlp,0.0022,0.2,1,4,0.9438655543891892
Concrete,concrete,mlp,0.0022,0.2,2,3,0.9352865732067168
Concrete,concrete,mlp,0.0022,0.2,2,4,0.9314040721974864
Concrete,concrete,mlp,0.0022,0.2,3,4,0.9702423854728418
Concrete,concrete,mlp,0.00275,0.2,0,1,0.7674775494884789
Concrete,concrete,mlp,0.00275,0.2,0,2,0.8243735926748468
Concrete,concrete,mlp,0.00275,0.2,0,3,0.7715727694563655
Concrete,concrete,mlp,0.00275,0.2,0,4,0.8165869784429737
Concrete,concrete,mlp,0.00275,0.2,1,2,0.9570846531060916
Concrete,concrete,mlp,0.00275,0.2,1,3,0.9289315826969105
Concrete,concrete,mlp,0.00275,0.2,1,4,0.930032841646098
Concrete,concrete,mlp,0.00275,0.2,2,3,0.9458393707876994
Concrete,concrete,mlp,0.00275,0.2,2,4,0.9536571891931652
Concrete,concrete,mlp,0.00275,0.2,3,4,0.9649488248727116
Concrete,concrete,mlp,0.0033,0.2,0,1,0.9273626076041726
Concrete,concrete,mlp,0.0033,0.2,0,2,0.9049309165445796
Concrete,concrete,mlp,0.0033,0.2,0,3,0.901020383299383
Concrete,concrete,mlp,0.0033,0.2,0,4,0.8505101969981879
Concrete,concrete,mlp,0.0033,0.2,1,2,0.8956613390848476
Concrete,concrete,mlp,0.0033,0.2,1,3,0.955343903566022
Concrete,concrete,mlp,0.0033,0.2,1,4,0.9140500650511476
Concrete,concrete,mlp,0.0033,0.2,2,3,0.8920339178379738
Concrete,concrete,mlp,0.0033,0.2,2,4,0.8789485891747636
Concrete,concrete,mlp,0.0033,0.2,3,4,0.8964274441613233
Concrete,concrete,mlp,0.0044,0.2,0,1,0.8895377183795639
Concrete,concrete,mlp,0.0044,0.2,0,2,0.9131724177117816
Concrete,concrete,mlp,0.0044,0.2,0,3,0.8475827909346704
Concrete,concrete,mlp,0.0044,0.2,0,4,0.8099800534315076
Concrete,concrete,mlp,0.0044,0.2,1,2,0.9571064536387154
Concrete,concrete,mlp,0.0044,0.2,1,3,0.7618284525018816
Concrete,concrete,mlp,0.0044,0.2,1,4,0.8964196919347448
Concrete,concrete,mlp,0.0044,0.2,2,3,0.8400521556476842
Concrete,concrete,mlp,0.0044,0.2,2,4,0.8913997228326761
Concrete,concrete,mlp,0.0044,0.2,3,4,0.7256552069151736
Concrete,concrete,mlp,0.0055,0.2,0,1,0.8516918862495326
Concrete,concrete,mlp,0.0055,0.2,0,2,0.9365567890850331
Concrete,concrete,mlp,0.0055,0.2,0,3,0.9293697510209272
Concrete,concrete,mlp,0.0055,0.2,0,4,0.8593237091199901
Concrete,concrete,mlp,0.0055,0.2,1,2,0.8899093693949086
Concrete,concrete,mlp,0.0055,0.2,1,3,0.7889174268822684
Concrete,concrete,mlp,0.0055,0.2,1,4,0.7911965448589364
Concrete,concrete,mlp,0.0055,0.2,2,3,0.8919252038153358
Concrete,concrete,mlp,0.0055,0.2,2,4,0.7994716031963515
Concrete,concrete,mlp,0.0055,0.2,3,4,0.8850133676675105
Concrete,concrete,mlp,0.0066,0.2,0,1,0.9501683244520872
Concrete,concrete,mlp,0.0066,0.2,0,2,0.8706220206560438
Concrete,concrete,mlp,0.0066,0.2,0,3,0.9257208819561066
Concrete,concrete,mlp,0.0066,0.2,0,4,0.9559547665418848
Concrete,concrete,mlp,0.0066,0.2,1,2,0.8582886815588088
Concrete,concrete,mlp,0.0066,0.2,1,3,0.9718491307080992
Concrete,concrete,mlp,0.0066,0.2,1,4,0.9576185524800072
Concrete,concrete,mlp,0.0066,0.2,2,3,0.8349211782582387
Concrete,concrete,mlp,0.0066,0.2,2,4,0.8830269707197199
Concrete,concrete,mlp,0.0066,0.2,3,4,0.9458696520640906
Concrete,concrete,mlp,0.0011,0.4,0,1,0.9543486274444356
Concrete,concrete,mlp,0.0011,0.4,0,2,0.8801315034697286
Concrete,concrete,mlp,0.0011,0.4,0,3,0.4884170522879124
Concrete,concrete,mlp,0.0011,0.4,0,4,0.8600949850122015
Concrete,concrete,mlp,0.0011,0.4,1,2,0.8119934155635486
Concrete,concrete,mlp,0.0011,0.4,1,3,0.5335915793794417
Concrete,concrete,mlp,0.0011,0.4,1,4,0.879604542101112
Concrete,concrete,mlp,0.0011,0.4,2,3,0.4621080544889485
Concrete,concrete,mlp,0.0011,0.4,2,4,0.6785144427289845
Concrete,concrete,mlp,0.0011,0.4,3,4,0.4623307755918279
Concrete,concrete,mlp,0.00165,0.4,0,1,0.8670267241360083
Concrete,concrete,mlp,0.00165,0.4,0,2,0.773000402035022
Concrete,concrete,mlp,0.00165,0.4,0,3,0.8508466325223631
Concrete,concrete,mlp,0.00165,0.4,0,4,0.909499178712754
Concrete,concrete,mlp,0.00165,0.4,1,2,0.9422099481965592
Concrete,concrete,mlp,0.00165,0.4,1,3,0.9521202965660612
Concrete,concrete,mlp,0.00165,0.4,1,4,0.9396649862432324
Concrete,concrete,mlp,0.00165,0.4,2,3,0.9213429366912096
Concrete,concrete,mlp,0.00165,0.4,2,4,0.8810577428417655
Concrete,concrete,mlp,0.00165,0.4,3,4,0.8845277050352661
Concrete,concrete,mlp,0.0022,0.4,0,1,0.7800601048054532
Concrete,concrete,mlp,0.0022,0.4,0,2,0.8386338922793378
Concrete,concrete,mlp,0.0022,0.4,0,3,0.8921427314021589
Concrete,concrete,mlp,0.0022,0.4,0,4,0.7815608271258913
Concrete,concrete,mlp,0.0022,0.4,1,2,0.8437845714541194
Concrete,concrete,mlp,0.0022,0.4,1,3,0.8157187503859055
Concrete,concrete,mlp,0.0022,0.4,1,4,0.8383857190898962
Concrete,concrete,mlp,0.0022,0.4,2,3,0.9069057095762332
Concrete,concrete,mlp,0.0022,0.4,2,4,0.8518508460851615
Concrete,concrete,mlp,0.0022,0.4,3,4,0.928466404025673
Concrete,concrete,mlp,0.00275,0.4,0,1,0.879468754991361
Concrete,concrete,mlp,0.00275,0.4,0,2,0.9090267065755266
Concrete,concrete,mlp,0.00275,0.4,0,3,0.920060158418566
Concrete,concrete,mlp,0.00275,0.4,0,4,0.9201098494023596
Concrete,concrete,mlp,0.00275,0.4,1,2,0.852484713307326
Concrete,concrete,mlp,0.00275,0.4,1,3,0.9295193084846928
Concrete,concrete,mlp,0.00275,0.4,1,4,0.888138207516987
Concrete,concrete,mlp,0.00275,0.4,2,3,0.8887793110063017
Concrete,concrete,mlp,0.00275,0.4,2,4,0.977518285569514
Concrete,concrete,mlp,0.00275,0.4,3,4,0.9249942298882656
Concrete,concrete,mlp,0.0033,0.4,0,1,0.9456802224056384
Concrete,concrete,mlp,0.0033,0.4,0,2,0.9325128105798176
Concrete,concrete,mlp,0.0033,0.4,0,3,0.8875529647629011
Concrete,concrete,mlp,0.0033,0.4,0,4,0.914360753488476
Concrete,concrete,mlp,0.0033,0.4,1,2,0.9500466722164116
Concrete,concrete,mlp,0.0033,0.4,1,3,0.8843296646803284
Concrete,concrete,mlp,0.0033,0.4,1,4,0.9438198022865022
Concrete,concrete,mlp,0.0033,0.4,2,3,0.9160770116105676
Concrete,concrete,mlp,0.0033,0.4,2,4,0.9148261879875932
Concrete,concrete,mlp,0.0033,0.4,3,4,0.8963421587101416
Concrete,concrete,mlp,0.0044,0.4,0,1,0.9529988046363064
Concrete,concrete,mlp,0.0044,0.4,0,2,0.7025092005327763
Concrete,concrete,mlp,0.0044,0.4,0,3,0.9480986099464588
Concrete,concrete,mlp,0.0044,0.4,0,4,0.934267152379034
Concrete,concrete,mlp,0.0044,0.4,1,2,0.7291715020638241
Concrete,concrete,mlp,0.0044,0.4,1,3,0.9283883015898436
Concrete,concrete,mlp,0.0044,0.4,1,4,0.9338973504002578
Concrete,concrete,mlp,0.0044,0.4,2,3,0.7806250437324646
Concrete,concrete,mlp,0.0044,0.4,2,4,0.8257327974680447
Concrete,concrete,mlp,0.0044,0.4,3,4,0.9693046122263532
Concrete,concrete,mlp,0.0055,0.4,0,1,0.947459005966372
Concrete,concrete,mlp,0.0055,0.4,0,2,0.9265854469718136
Concrete,concrete,mlp,0.0055,0.4,0,3,0.9401876439273764
Concrete,concrete,mlp,0.0055,0.4,0,4,0.9324924038069248
Concrete,concrete,mlp,0.0055,0.4,1,2,0.9482262343177356
Concrete,concrete,mlp,0.0055,0.4,1,3,0.9359463839962808
Concrete,concrete,mlp,0.0055,0.4,1,4,0.9568731385201122
Concrete,concrete,mlp,0.0055,0.4,2,3,0.9320377018043864
Concrete,concrete,mlp,0.0055,0.4,2,4,0.9493185447435049
Concrete,concrete,mlp,0.0055,0.4,3,4,0.9198474778866004
Concrete,concrete,mlp,0.0066,0.4,0,1,0.9544965977260776
Concrete,concrete,mlp,0.0066,0.4,0,2,0.97215715122424
Concrete,concrete,mlp,0.0066,0.4,0,3,0.8966631195277919
Concrete,concrete,mlp,0.0066,0.4,0,4,0.9741071255617338
Concrete,concrete,mlp,0.0066,0.4,1,2,0.9236391753878156
Concrete,concrete,mlp,0.0066,0.4,1,3,0.8351021954799404
Concrete,concrete,mlp,0.0066,0.4,1,4,0.960818575841864
Concrete,concrete,mlp,0.0066,0.4,2,3,0.8729200422399925
Concrete,concrete,mlp,0.0066,0.4,2,4,0.9397478126706884
Concrete,concrete,mlp,0.0066,0.4,3,4,0.8805306292939372
L-LSPIN,lspin_tf,linear,0.0035,0.0,0,1,0.8644971585911457
L-LSPIN,lspin_tf,linear,0.0035,0.0,0,2,0.8349363681031094
L-LSPIN,lspin_tf,linear,0.0035,0.0,0,3,0.8595779645420552
L-LSPIN,lspin_tf,linear,0.0035,0.0,0,4,0.8223997963441585
L-LSPIN,lspin_tf,linear,0.0035,0.0,1,2,0.8565000284786428
L-LSPIN,lspin_tf,linear,0.0035,0.0,1,3,0.8717663337407794
L-LSPIN,lspin_tf,linear,0.0035,0.0,1,4,0.8225964487574963
L-LSPIN,lspin_tf,linear,0.0035,0.0,2,3,0.8848634758751516
L-LSPIN,lspin_tf,linear,0.0035,0.0,2,4,0.7944126865395472
L-LSPIN,lspin_tf,linear,0.0035,0.0,3,4,0.8180867701843259
L-LSPIN,lspin_tf,linear,0.00525,0.0,0,1,0.7700892236942762
L-LSPIN,lspin_tf,linear,0.00525,0.0,0,2,0.8561277643149859
L-LSPIN,lspin_tf,linear,0.00525,0.0,0,3,0.8810569905347831
L-LSPIN,lspin_tf,linear,0.00525,0.0,0,4,0.8283378138499113
L-LSPIN,lspin_tf,linear,0.00525,0.0,1,2,0.796937485092359
L-LSPIN,lspin_tf,linear,0.00525,0.0,1,3,0.8262493640631331
L-LSPIN,lspin_tf,linear,0.00525,0.0,1,4,0.8564207703681405
L-LSPIN,lspin_tf,linear,0.00525,0.0,2,3,0.8590872507304818
L-LSPIN,lspin_tf,linear,0.00525,0.0,2,4,0.8297344349985777
L-LSPIN,lspin_tf,linear,0.00525,0.0,3,4,0.8653128797299128
L-LSPIN,lspin_tf,linear,0.007,0.0,0,1,0.8671744859497994
L-LSPIN,lspin_tf,linear,0.007,0.0,0,2,0.8717071153422637
L-LSPIN,lspin_tf,linear,0.007,0.0,0,3,0.8486934470508094
L-LSPIN,lspin_tf,linear,0.007,0.0,0,4,0.8809151887376074
L-LSPIN,lspin_tf,linear,0.007,0.0,1,2,0.8222392658227272
L-LSPIN,lspin_tf,linear,0.007,0.0,1,3,0.8485960485891622
L-LSPIN,lspin_tf,linear,0.007,0.0,1,4,0.8363564362239629
L-LSPIN,lspin_tf,linear,0.007,0.0,2,3,0.8621112459292517
L-LSPIN,lspin_tf,linear,0.007,0.0,2,4,0.8510968625419046
L-LSPIN,lspin_tf,linear,0.007,0.0,3,4,0.851841181234169
L-LSPIN,lspin_tf,linear,0.00875,0.0,0,1,0.7686525143530383
L-LSPIN,lspin_tf,linear,0.00875,0.0,0,2,0.8310020153038193
L-LSPIN,lspin_tf,linear,0.00875,0.0,0,3,0.8488568561468882
L-LSPIN,lspin_tf,linear,0.00875,0.0,0,4,0.8175700853405065
L-LSPIN,lspin_tf,linear,0.00875,0.0,1,2,0.8249295258144922
L-LSPIN,lspin_tf,linear,0.00875,0.0,1,3,0.7780530492000918
L-LSPIN,lspin_tf,linear,0.00875,0.0,1,4,0.8037035983658531
L-LSPIN,lspin_tf,linear,0.00875,0.0,2,3,0.8181904426971698
L-LSPIN,lspin_tf,linear,0.00875,0.0,2,4,0.7909705693712408
L-LSPIN,lspin_tf,linear,0.00875,0.0,3,4,0.8114877278695359
L-LSPIN,lspin_tf,linear,0.0105,0.0,0,1,0.8052293000659397
L-LSPIN,lspin_tf,linear,0.0105,0.0,0,2,0.8510727965917138
L-LSPIN,lspin_tf,linear,0.0105,0.0,0,3,0.832847754319729
L-LSPIN,lspin_tf,linear,0.0105,0.0,0,4,0.8034023131803033
L-LSPIN,lspin_tf,linear,0.0105,0.0,1,2,0.8348002734318003
L-LSPIN,lspin_tf,linear,0.0105,0.0,1,3,0.8013624736090567
L-LSPIN,lspin_tf,linear,0.0105,0.0,1,4,0.8117875837089151
L-LSPIN,lspin_tf,linear,0.0105,0.0,2,3,0.8483525384150187
L-LSPIN,lspin_tf,linear,0.0105,0.0,2,4,0.8500024813036692
L-LSPIN,lspin_tf,linear,0.0105,0.0,3,4,0.8307069716374726
L-LSPIN,lspin_tf,linear,0.014,0.0,0,1,0.8092050720971639
L-LSPIN,lspin_tf,linear,0.014,0.0,0,2,0.7253431063008474
L-LSPIN,lspin_tf,linear,0.014,0.0,0,3,0.8166022125013193
L-LSPIN,lspin_tf,linear,0.014,0.0,0,4,0.8486947428706542
L-LSPIN,lspin_tf,linear,0.014,0.0,1,2,0.731529575276614
L-LSPIN,lspin_tf,linear,0.014,0.0,1,3,0.7511068783100758
L-LSPIN,lspin_tf,linear,0.014,0.0,1,4,0.782690253006761
L-LSPIN,lspin_tf,linear,0.014,0.0,2,3,0.7139586845287494
L-LSPIN,lspin_tf,linear,0.014,0.0,2,4,0.728063718458852
L-LSPIN,lspin_tf,linear,0.014,0.0,3,4,0.8217530312300767
L-LSPIN,lspin_tf,linear,0.021,0.0,0,1,0.7185760643617507
L-LSPIN,lspin_tf,linear,0.021,0.0,0,2,0.6506207852389259
L-LSPIN,lspin_tf,linear,0.021,0.0,0,3,0.7220597391224105
L-LSPIN,lspin_tf,linear,0.021,0.0,0,4,0.7232036246059932
L-LSPIN,lspin_tf,linear,0.021,0.0,1,2,0.6769340347578205
L-LSPIN,lspin_tf,linear,0.021,0.0,1,3,0.7756392333366061
L-LSPIN,lspin_tf,linear,0.021,0.0,1,4,0.7453043778289817
L-LSPIN,lspin_tf,linear,0.021,0.0,2,3,0.7582244750047403
L-LSPIN,lspin_tf,linear,0.021,0.0,2,4,0.7043060124136428
L-LSPIN,lspin_tf,linear,0.021,0.0,3,4,0.783077408646028
L-LSPIN,lspin_tf,linear,0.028,0.0,0,1,0.7010087783933964
L-LSPIN,lspin_tf,linear,0.028,0.0,0,2,0.6765916901318345
L-LSPIN,lspin_tf,linear,0.028,0.0,0,3,0.6976218574130288
L-LSPIN,lspin_tf,linear,0.028,0.0,0,4,0.7404739995074363
L-LSPIN,lspin_tf,linear,0.028,0.0,1,2,0.7036397268259097
L-LSPIN,lspin_tf,linear,0.028,0.0,1,3,0.7686125622817412
L-LSPIN,lspin_tf,linear,0.028,0.0,1,4,0.7133745966117202
L-LSPIN,lspin_tf,linear,0.028,0.0,2,3,0.6914899321308122
L-LSPIN,lspin_tf,linear,0.028,0.0,2,4,0.695789604203159
L-LSPIN,lspin_tf,linear,0.028,0.0,3,4,0.7246686212850281
L-LSPIN,lspin_tf,linear,0.0035,0.1,0,1,0.9767675116947888
L-LSPIN,lspin_tf,linear,0.0035,0.1,0,2,0.9802563810918292
L-LSPIN,lspin_tf,linear,0.0035,0.1,0,3,0.9861691743048178
L-LSPIN,lspin_tf,linear,0.0035,0.1,0,4,0.9811765670858136
L-LSPIN,lspin_tf,linear,0.0035,0.1,1,2,0.9924249508139136
L-LSPIN,lspin_tf,linear,0.0035,0.1,1,3,0.957150001968732
L-LSPIN,lspin_tf,linear,0.0035,0.1,1,4,0.9413293467021396
L-LSPIN,lspin_tf,linear,0.0035,0.1,2,3,0.9568583529308982
L-LSPIN,lspin_tf,linear,0.0035,0.1,2,4,0.9436258301141
L-LSPIN,lspin_tf,linear,0.0035,0.1,3,4,0.9844114032183636
L-LSPIN,lspin_tf,linear,0.00525,0.1,0,1,0.9761271324961346
L-LSPIN,lspin_tf,linear,0.00525,0.1,0,2,0.9762334926045596
L-LSPIN,lspin_tf,linear,0.00525,0.1,0,3,0.9599381163311412
L-LSPIN,lspin_tf,linear,0.00525,0.1,0,4,0.9652998879920116
L-LSPIN,lspin_tf,linear,0.00525,0.1,1,2,0.983250344604016
L-LSPIN,lspin_tf,linear,0.00525,0.1,1,3,0.9753491434586278
L-LSPIN,lspin_tf,linear,0.00525,0.1,1,4,0.9815493479904482
L-LSPIN,lspin_tf,linear,0.00525,0.1,2,3,0.9649673471887882
L-LSPIN,lspin_tf,linear,0.00525,0.1,2,4,0.9739911267939791
L-LSPIN,lspin_tf,linear,0.00525,0.1,3,4,0.98882726911332
L-LSPIN,lspin_tf,linear,0.007,0.1,0,1,0.9357128370839956
L-LSPIN,lspin_tf,linear,0.007,0.1,0,2,0.9538167709260084
L-LSPIN,lspin_tf,linear,0.007,0.1,0,3,0.8681966123929746
L-LSPIN,lspin_tf,linear,0.007,0.1,0,4,0.9451164349156692
L-LSPIN,lspin_tf,linear,0.007,0.1,1,2,0.9388875438578772
L-LSPIN,lspin_tf,linear,0.007,0.1,1,3,0.8808483511939097
L-LSPIN,lspin_tf,linear,0.007,0.1,1,4,0.9278735089270944
L-LSPIN,lspin_tf,linear,0.007,0.1,2,3,0.8679372258412476
L-LSPIN,lspin_tf,linear,0.007,0.1,2,4,0.9311807867993844
L-LSPIN,lspin_tf,linear,0.007,0.1,3,4,0.9553121337112744
L-LSPIN,lspin_tf,linear,0.00875,0.1,0,1,0.960663266594828
L-LSPIN,lspin_tf,linear,0.00875,0.1,0,2,0.9165011673693167
L-LSPIN,lspin_tf,linear,0.00875,0.1,0,3,0.944346090954708
L-LSPIN,lspin_tf,linear,0.00875,0.1,0,4,0.951267921866196
L-LSPIN,lspin_tf,linear,0.00875,0.1,1,2,0.8945177010099986
L-LSPIN,lspin_tf,linear,0.00875,0.1,1,3,0.931679862679054
L-LSPIN,lspin_tf,linear,0.00875,0.1,1,4,0.9486432333386972
L-LSPIN,lspin_tf,linear,0.00875,0.1,2,3,0.9373528475783772
L-LSPIN,lspin_tf,linear,0.00875,0.1,2,4,0.8993217745934636
L-LSPIN,lspin_tf,linear,0.00875,0.1,3,4,0.9506685094541326
L-LSPIN,lspin_tf,linear,0.0105,0.1,0,1,0.9464539539087784
L-LSPIN,lspin_tf,linear,0.0105,0.1,0,2,0.9372397920368388
L-LSPIN,lspin_tf,linear,0.0105,0.1,0,3,0.8917517540501714
L-LSPIN,lspin_tf,linear,0.0105,0.1,0,4,0.9644221331104272
L-LSPIN,lspin_tf,linear,0.0105,0.1,1,2,0.9341966843195452
L-LSPIN,lspin_tf,linear,0.0105,0.1,1,3,0.8755056249161075
L-LSPIN,lspin_tf,linear,0.0105,0.1,1,4,0.9447352669368106
L-LSPIN,lspin_tf,linear,0.0105,0.1,2,3,0.929712293258946
L-LSPIN,lspin_tf,linear,0.0105,0.1,2,4,0.9572917676976376
L-LSPIN,lspin_tf,linear,0.0105,0.1,3,4,0.9270516997610712
L-LSPIN,lspin_tf,linear,0.014,0.1,0,1,0.8493704560553273
L-LSPIN,lspin_tf,linear,0.014,0.1,0,2,0.9156206337722552
L-LSPIN,lspin_tf,linear,0.014,0.1,0,3,0.8018066264547521
L-LSPIN,lspin_tf,linear,0.014,0.1,0,4,0.8539591198605869
L-LSPIN,lspin_tf,linear,0.014,0.1,1,2,0.9008380822930708
L-LSPIN,lspin_tf,linear,0.014,0.1,1,3,0.8929767759151991
L-LSPIN,lspin_tf,linear,0.014,0.1,1,4,0.8897447704245127
L-LSPIN,lspin_tf,linear,0.014,0.1,2,3,0.879237219256646
L-LSPIN,lspin_tf,linear,0.014,0.1,2,4,0.903019667351998
L-LSPIN,lspin_tf,linear,0.014,0.1,3,4,0.8860426049377501
L-LSPIN,lspin_tf,linear,0.021,0.1,0,1,0.8647403595667653
L-LSPIN,lspin_tf,linear,0.021,0.1,0,2,0.8759875491209446
L-LSPIN,lspin_tf,linear,0.021,0.1,0,3,0.8743912804386178
L-LSPIN,lspin_tf,linear,0.021,0.1,0,4,0.8051299213576245
L-LSPIN,lspin_tf,linear,0.021,0.1,1,2,0.8544163734611073
L-LSPIN,lspin_tf,linear,0.021,0.1,1,3,0.8181657279904705
L-LSPIN,lspin_tf,linear,0.021,0.1,1,4,0.7544808547453858
L-LSPIN,lspin_tf,linear,0.021,0.1,2,3,0.836126308400985
L-LSPIN,lspin_tf,linear,0.021,0.1,2,4,0.7537537444483527
L-LSPIN,lspin_tf,linear,0.021,0.1,3,4,0.8806358093084649
L-LSPIN,lspin_tf,linear,0.028,0.1,0,1,0.6586380115810488
L-LSPIN,lspin_tf,linear,0.028,0.1,0,2,0.7648919989501762
L-LSPIN,lspin_tf,linear,0.028,0.1,0,3,0.6661567421934609
L-LSPIN,lspin_tf,linear,0.028,0.1,0,4,0.689636559360365
L-LSPIN,lspin_tf,linear,0.028,0.1,1,2,0.5399024009486895
L-LSPIN,lspin_tf,linear,0.028,0.1,1,3,0.8481092106987237
L-LSPIN,lspin_tf,linear,0.028,0.1,1,4,0.6346603877654663
L-LSPIN,lspin_tf,linear,0.028,0.1,2,3,0.6009498918565656
L-LSPIN,lspin_tf,linear,0.028,0.1,2,4,0.6743633482659767
L-LSPIN,lspin_tf,linear,0.028,0.1,3,4,0.670071518021884
L-LSPIN,lspin_tf,linear,0.0035,0.2,0,1,0.9487824678509046
L-LSPIN,lspin_tf,linear,0.0035,0.2,0,2,0.9504133482766848
L-LSPIN,lspin_tf,linear,0.0035,0.2,0,3,0.9799170142801714
L-LSPIN,lspin_tf,linear,0.0035,0.2,0,4,0.9735076892157318
L-LSPIN,lspin_tf,linear,0.0035,0.2,1,2,0.8444567387414706
L-LSPIN,lspin_tf,linear,0.0035,0.2,1,3,0.9796755942965356
L-LSPIN,lspin_tf,linear,0.0035,0.2,1,4,0.9392291506912348
L-LSPIN,lspin_tf,linear,0.0035,0.2,2,3,0.9094660036604344
L-LSPIN,lspin_tf,linear,0.0035,0.2,2,4,0.9391334022267332
L-LSPIN,lspin_tf,linear,0.0035,0.2,3,4,0.9712625966618436
L-LSPIN,lspin_tf,linear,0.00525,0.2,0,1,0.9572726412130382
L-LSPIN,lspin_tf,linear,0.00525,0.2,0,2,0.9920208843244416
L-LSPIN,lspin_tf,linear,0.00525,0.2,0,3,0.9519061200668664
L-LSPIN,lspin_tf,linear,0.00525,0.2,0,4,0.9800879384861944
L-LSPIN,lspin_tf,linear,0.00525,0.2,1,2,0.9639407047640012
L-LSPIN,lspin_tf,linear,0.00525,0.2,1,3,0.9860652856476276
L-LSPIN,lspin_tf,linear,0.00525,0.2,1,4,0.9712091371593708
L-LSPIN,lspin_tf,linear,0.00525,0.2,2,3,0.9536150935901796
L-LSPIN,lspin_tf,linear,0.00525,0.2,2,4,0.9757827627999648
L-LSPIN,lspin_tf,linear,0.00525,0.2,3,4,0.9725388550044488
L-LSPIN,lspin_tf,linear,0.007,0.2,0,1,0.978554940371544
L-LSPIN,lspin_tf,linear,0.007,0.2,0,2,0.9541433976691924
L-LSPIN,lspin_tf,linear,0.007,0.2,0,3,0.9427859250127826
L-LSPIN,lspin_tf,linear,0.007,0.2,0,4,0.903219039247264
L-LSPIN,lspin_tf,linear,0.007,0.2,1,2,0.971642864839667
L-LSPIN,lspin_tf,linear,0.007,0.2,1,3,0.9597200131478042
L-LSPIN,lspin_tf,linear,0.007,0.2,1,4,0.9278319001112308
L-LSPIN,lspin_tf,linear,0.007,0.2,2,3,0.9558352400698464
L-LSPIN,lspin_tf,linear,0.007,0.2,2,4,0.9135667672795492
L-LSPIN,lspin_tf,linear,0.007,0.2,3,4,0.962906873118042
L-LSPIN,lspin_tf,linear,0.00875,0.2,0,1,0.9154302118275124
L-LSPIN,lspin_tf,linear,0.00875,0.2,0,2,0.8812762466903948
L-LSPIN,lspin_tf,linear,0.00875,0.2,0,3,0.8997045380740528
L-LSPIN,lspin_tf,linear,0.00875,0.2,0,4,0.9543567885874018
L-LSPIN,lspin_tf,linear,0.00875,0.2,1,2,0.9645074921159796
L-LSPIN,lspin_tf,linear,0.00875,0.2,1,3,0.9611772374766396
L-LSPIN,lspin_tf,linear,0.00875,0.2,1,4,0.9544397729090764
L-LSPIN,lspin_tf,linear,0.00875,0.2,2,3,0.944255907439192
L-LSPIN,lspin_tf,linear,0.00875,0.2,2,4,0.9372915350041956
L-LSPIN,lspin_tf,linear,0.00875,0.2,3,4,0.9202715779767912
L-LSPIN,lspin_tf,linear,0.0105,0.2,0,1,0.9152601861086532
L-LSPIN,lspin_tf,linear,0.0105,0.2,0,2,0.8977989323142272
L-LSPIN,lspin_tf,linear,0.0105,0.2,0,3,0.8720196481112972
L-LSPIN,lspin_tf,linear,0.0105,0.2,0,4,0.9270392426935696
L-LSPIN,lspin_tf,linear,0.0105,0.2,1,2,0.956810149566825
L-LSPIN,lspin_tf,linear,0.0105,0.2,1,3,0.9034052477569332
L-LSPIN,lspin_tf,linear,0.0105,0.2,1,4,0.9479440408003972
L-LSPIN,lspin_tf,linear,0.0105,0.2,2,3,0.9115825010397444
L-LSPIN,lspin_tf,linear,0.0105,0.2,2,4,0.922735299689016
L-LSPIN,lspin_tf,linear,0.0105,0.2,3,4,0.875583202528962
L-LSPIN,lspin_tf,linear,0.014,0.2,0,1,0.8878411423781184
L-LSPIN,lspin_tf,linear,0.014,0.2,0,2,0.8938458762455234
L-LSPIN,lspin_tf,linear,0.014,0.2,0,3,0.9208700351856652
L-LSPIN,lspin_tf,linear,0.014,0.2,0,4,0.9142554001738868
L-LSPIN,lspin_tf,linear,0.014,0.2,1,2,0.9095541904106544
L-LSPIN,lspin_tf,linear,0.014,0.2,1,3,0.9138824218932692
L-LSPIN,lspin_tf,linear,0.014,0.2,1,4,0.9226137800392727
L-LSPIN,lspin_tf,linear,0.014,0.2,2,3,0.9241002036437423
L-LSPIN,lspin_tf,linear,0.014,0.2,2,4,0.946396146115405
L-LSPIN,lspin_tf,linear,0.014,0.2,3,4,0.9520531629411808
L-LSPIN,lspin_tf,linear,0.021,0.2,0,1,0.8314379075222693
L-LSPIN,lspin_tf,linear,0.021,0.2,0,2,0.7515675450849453
L-LSPIN,lspin_tf,linear,0.021,0.2,0,3,0.8582729871542099
L-LSPIN,lspin_tf,linear,0.021,0.2,0,4,0.66049235566292
L-LSPIN,lspin_tf,linear,0.021,0.2,1,2,0.8020505467190263
L-LSPIN,lspin_tf,linear,0.021,0.2,1,3,0.7809650570173944
L-LSPIN,lspin_tf,linear,0.021,0.2,1,4,0.6863461258383234
L-LSPIN,lspin_tf,linear,0.021,0.2,2,3,0.7933734147049374
L-LSPIN,lspin_tf,linear,0.021,0.2,2,4,0.773681658787444
L-LSPIN,lspin_tf,linear,0.021,0.2,3,4,0.6869896409258032
L-LSPIN,lspin_tf,linear,0.028,0.2,0,1,0.7713553629167781
L-LSPIN,lspin_tf,linear,0.028,0.2,0,2,0.7243636414035153
L-LSPIN,lspin_tf,linear,0.028,0.2,0,3,0.7654568752118518
L-LSPIN,lspin_tf,linear,0.028,0.2,0,4,0.8351729146076309
L-LSPIN,lspin_tf,linear,0.028,0.2,1,2,0.7508878365244912
L-LSPIN,lspin_tf,linear,0.028,0.2,1,3,0.732875767724593
L-LSPIN,lspin_tf,linear,0.028,0.2,1,4,0.6950819130129589
L-LSPIN,lspin_tf,linear,0.028,0.2,2,3,0.7581981653009711
L-LSPIN,lspin_tf,linear,0.028,0.2,2,4,0.7937167907715529
L-LSPIN,lspin_tf,linear,0.028,0.2,3,4,0.8049859673382858
L-LSPIN,lspin_tf,linear,0.0035,0.4,0,1,0.926601812850281
L-LSPIN,lspin_tf,linear,0.0035,0.4,0,2,0.979039980693625
L-LSPIN,lspin_tf,linear,0.0035,0.4,0,3,0.9929470873847522
L-LSPIN,lspin_tf,linear,0.0035,0.4,0,4,0.9554756385066292
L-LSPIN,lspin_tf,linear,0.0035,0.4,1,2,0.9724492469091256
L-LSPIN,lspin_tf,linear,0.0035,0.4,1,3,0.9499188027706662
L-LSPIN,lspin_tf,linear,0.0035,0.4,1,4,0.7926226323474537
L-LSPIN,lspin_tf,linear,0.0035,0.4,2,3,0.9838152691194936
L-LSPIN,lspin_tf,linear,0.0035,0.4,2,4,0.899201847969794
L-LSPIN,lspin_tf,linear,0.0035,0.4,3,4,0.928311994391571
L-LSPIN,lspin_tf,linear,0.00525,0.4,0,1,0.9789631912398488
L-LSPIN,lspin_tf,linear,0.00525,0.4,0,2,0.9802176070251954
L-LSPIN,lspin_tf,linear,0.00525,0.4,0,3,0.9733465889126408
L-LSPIN,lspin_tf,linear,0.00525,0.4,0,4,0.9789705208724292
L-LSPIN,lspin_tf,linear,0.00525,0.4,1,2,0.98360460827294
L-LSPIN,lspin_tf,linear,0.00525,0.4,1,3,0.9668388634547253
L-LSPIN,lspin_tf,linear,0.00525,0.4,1,4,0.987566976273799
L-LSPIN,lspin_tf,linear,0.00525,0.4,2,3,0.9500808639038252
L-LSPIN,lspin_tf,linear,0.00525,0.4,2,4,0.9910515137025148
L-LSPIN,lspin_tf,linear,0.00525,0.4,3,4,0.9578982205527018
L-LSPIN,lspin_tf,linear,0.007,0.4,0,1,0.7533909720121256
L-LSPIN,lspin_tf,linear,0.007,0.4,0,2,0.8475065017027641
L-LSPIN,lspin_tf,linear,0.007,0.4,0,3,0.9103604039135114
L-LSPIN,lspin_tf,linear,0.007,0.4,0,4,0.8508166929491628
L-LSPIN,lspin_tf,linear,0.007,0.4,1,2,0.941718018099698
L-LSPIN,lspin_tf,linear,0.007,0.4,1,3,0.913477745378176
L-LSPIN,lspin_tf,linear,0.007,0.4,1,4,0.9624226036754042
L-LSPIN,lspin_tf,linear,0.007,0.4,2,3,0.9566776870183802
L-LSPIN,lspin_tf,linear,0.007,0.4,2,4,0.9552144701841676
L-LSPIN,lspin_tf,linear,0.007,0.4,3,4,0.9500971665410456
L-LSPIN,lspin_tf,linear,0.00875,0.4,0,1,0.9287056293147298
L-LSPIN,lspin_tf,linear,0.00875,0.4,0,2,0.9257090820300636
L-LSPIN,lspin_tf,linear,0.00875,0.4,0,3,0.9458917390293298
L-LSPIN,lspin_tf,linear,0.00875,0.4,0,4,0.907648976647304
L-LSPIN,lspin_tf,linear,0.00875,0.4,1,2,0.8950685425062767
L-LSPIN,lspin_tf,linear,0.00875,0.4,1,3,0.9367743822289678
L-LSPIN,lspin_tf,linear,0.00875,0.4,1,4,0.921501023137384
L-LSPIN,lspin_tf,linear,0.00875,0.4,2,3,0.9444297898758816
L-LSPIN,lspin_tf,linear,0.00875,0.4,2,4,0.910144368186146
L-LSPIN,lspin_tf,linear,0.00875,0.4,3,4,0.9237532622463712
L-LSPIN,lspin_tf,linear,0.0105,0.4,0,1,0.8946325147967883
L-LSPIN,lspin_tf,linear,0.0105,0.4,0,2,0.8909573468512796
L-LSPIN,lspin_tf,linear,0.0105,0.4,0,3,0.9199790685613574
L-LSPIN,lspin_tf,linear,0.0105,0.4,0,4,0.9403125460702572
L-LSPIN,lspin_tf,linear,0.0105,0.4,1,2,0.8599872305046536
L-LSPIN,lspin_tf,linear,0.0105,0.4,1,3,0.9000465962145013
L-LSPIN,lspin_tf,linear,0.0105,0.4,1,4,0.9311121203275546
L-LSPIN,lspin_tf,linear,0.0105,0.4,2,3,0.8981936479070968
L-LSPIN,lspin_tf,linear,0.0105,0.4,2,4,0.8723576214616606
L-LSPIN,lspin_tf,linear,0.0105,0.4,3,4,0.9094334597914894
L-LSPIN,lspin_tf,linear,0.014,0.4,0,1,0.8135906748266086
L-LSPIN,lspin_tf,linear,0.014,0.4,0,2,0.887817727980611
L-LSPIN,lspin_tf,linear,0.014,0.4,0,3,0.8508440431489674
L-LSPIN,lspin_tf,linear,0.014,0.4,0,4,0.8786524307755786
L-LSPIN,lspin_tf,linear,0.014,0.4,1,2,0.7560155115351473
L-LSPIN,lspin_tf,linear,0.014,0.4,1,3,0.76602908833236
L-LSPIN,lspin_tf,linear,0.014,0.4,1,4,0.8183917457016257
L-LSPIN,lspin_tf,linear,0.014,0.4,2,3,0.8613733172322496
L-LSPIN,lspin_tf,linear,0.014,0.4,2,4,0.869248090551353
L-LSPIN,lspin_tf,linear,0.014,0.4,3,4,0.915578221545322
L-LSPIN,lspin_tf,linear,0.021,0.4,0,1,0.8785180584833928
L-LSPIN,lspin_tf,linear,0.021,0.4,0,2,0.8714518328180829
L-LSPIN,lspin_tf,linear,0.021,0.4,0,3,0.8768950329447115
L-LSPIN,lspin_tf,linear,0.021,0.4,0,4,0.883555332860336
L-LSPIN,lspin_tf,linear,0.021,0.4,1,2,0.868019094159304
L-LSPIN,lspin_tf,linear,0.021,0.4,1,3,0.8636179153375605
L-LSPIN,lspin_tf,linear,0.021,0.4,1,4,0.8583315462778158
L-LSPIN,lspin_tf,linear,0.021,0.4,2,3,0.8771644925968085
L-LSPIN,lspin_tf,linear,0.021,0.4,2,4,0.8429335680119293
L-LSPIN,lspin_tf,linear,0.021,0.4,3,4,0.8639036824107318
L-LSPIN,lspin_tf,linear,0.028,0.4,0,1,0.8290850220309677
L-LSPIN,lspin_tf,linear,0.028,0.4,0,2,0.6991318878468489
L-LSPIN,lspin_tf,linear,0.028,0.4,0,3,0.8004897783209644
L-LSPIN,lspin_tf,linear,0.028,0.4,0,4,0.6959574527300526
L-LSPIN,lspin_tf,linear,0.028,0.4,1,2,0.7028535011496694
L-LSPIN,lspin_tf,linear,0.028,0.4,1,3,0.8599621991699772
L-LSPIN,lspin_tf,linear,0.028,0.4,1,4,0.7642221658966277
L-LSPIN,lspin_tf,linear,0.028,0.4,2,3,0.6640016534658724
L-LSPIN,lspin_tf,linear,0.028,0.4,2,4,0.7216986551640717
L-LSPIN,lspin_tf,linear,0.028,0.4,3,4,0.6461462928776743
L-LSPIN,lspin_tf,linear,0.0035,0.0,0,1,0.8184614430564822
L-LSPIN,lspin_tf,linear,0.0035,0.0,0,2,0.8791716161810061
L-LSPIN,lspin_tf,linear,0.0035,0.0,0,3,0.831173901366105
L-LSPIN,lspin_tf,linear,0.0035,0.0,0,4,0.8693413912089674
L-LSPIN,lspin_tf,linear,0.0035,0.0,1,2,0.8256827247181204
L-LSPIN,lspin_tf,linear,0.0035,0.0,1,3,0.8366777936017674
L-LSPIN,lspin_tf,linear,0.0035,0.0,1,4,0.8113437842133564
L-LSPIN,lspin_tf,linear,0.0035,0.0,2,3,0.8476832308273259
L-LSPIN,lspin_tf,linear,0.0035,0.0,2,4,0.8978638919003679
L-LSPIN,lspin_tf,linear,0.0035,0.0,3,4,0.8303344401791987
L-LSPIN,lspin_tf,linear,0.00525,0.0,0,1,0.8522874378379233
L-LSPIN,lspin_tf,linear,0.00525,0.0,0,2,0.778679970160427
L-LSPIN,lspin_tf,linear,0.00525,0.0,0,3,0.8737171674269749
L-LSPIN,lspin_tf,linear,0.00525,0.0,0,4,0.8595760761864529
L-LSPIN,lspin_tf,linear,0.00525,0.0,1,2,0.847273054089304
L-LSPIN,lspin_tf,linear,0.00525,0.0,1,3,0.8731734717519141
L-LSPIN,lspin_tf,linear,0.00525,0.0,1,4,0.8337997898322891
L-LSPIN,lspin_tf,linear,0.00525,0.0,2,3,0.8178292143544965
L-LSPIN,lspin_tf,linear,0.00525,0.0,2,4,0.7482776902346905
L-LSPIN,lspin_tf,linear,0.00525,0.0,3,4,0.841698072504487
L-LSPIN,lspin_tf,linear,0.007,0.0,0,1,0.8051537296884402
L-LSPIN,lspin_tf,linear,0.007,0.0,0,2,0.8311978460770482
L-LSPIN,lspin_tf,linear,0.007,0.0,0,3,0.8386790557991017
L-LSPIN,lspin_tf,linear,0.007,0.0,0,4,0.839976568374888
L-LSPIN,lspin_tf,linear,0.007,0.0,1,2,0.8329513726032836
L-LSPIN,lspin_tf,linear,0.007,0.0,1,3,0.8363741598766623
L-LSPIN,lspin_tf,linear,0.007,0.0,1,4,0.8457813377255807
L-LSPIN,lspin_tf,linear,0.007,0.0,2,3,0.8420017250096696
L-LSPIN,lspin_tf,linear,0.007,0.0,2,4,0.8583995625527238
L-LSPIN,lspin_tf,linear,0.007,0.0,3,4,0.8336165776026574
L-LSPIN,lspin_tf,linear,0.00875,0.0,0,1,0.8477086682747296
L-LSPIN,lspin_tf,linear,0.00875,0.0,0,2,0.8105914889277933
L-LSPIN,lspin_tf,linear,0.00875,0.0,0,3,0.8576056803364553
L-LSPIN,lspin_tf,linear,0.00875,0.0,0,4,0.7641807619211687
L-LSPIN,lspin_tf,linear,0.00875,0.0,1,2,0.8145043147062664
L-LSPIN,lspin_tf,linear,0.00875,0.0,1,3,0.8561161793072465
L-LSPIN,lspin_tf,linear,0.00875,0.0,1,4,0.757168682814703
L-LSPIN,lspin_tf,linear,0.00875,0.0,2,3,0.8546878531597827
L-LSPIN,lspin_tf,linear,0.00875,0.0,2,4,0.7880039961386006
L-LSPIN,lspin_tf,linear,0.00875,0.0,3,4,0.8010978521396401
L-LSPIN,lspin_tf,linear,0.0105,0.0,0,1,0.8807444065704103
L-LSPIN,lspin_tf,linear,0.0105,0.0,0,2,0.8317521906112262
L-LSPIN,lspin_tf,linear,0.0105,0.0,0,3,0.8394200660728366
L-LSPIN,lspin_tf,linear,0.0105,0.0,0,4,0.8691545282424705
L-LSPIN,lspin_tf,linear,0.0105,0.0,1,2,0.8408881234556277
L-LSPIN,lspin_tf,linear,0.0105,0.0,1,3,0.7637574438444356
L-LSPIN,lspin_tf,linear,0.0105,0.0,1,4,0.8445097881527824
L-LSPIN,lspin_tf,linear,0.0105,0.0,2,3,0.7942486632150553
L-LSPIN,lspin_tf,linear,0.0105,0.0,2,4,0.8444590236046459
L-LSPIN,lspin_tf,linear,0.0105,0.0,3,4,0.7940753755246189
L-LSPIN,lspin_tf,linear,0.014,0.0,0,1,0.7742325614635286
L-LSPIN,lspin_tf,linear,0.014,0.0,0,2,0.7944581693199787
L-LSPIN,lspin_tf,linear,0.014,0.0,0,3,0.8168156558073679
L-LSPIN,lspin_tf,linear,0.014,0.0,0,4,0.7485334081857764
L-LSPIN,lspin_tf,linear,0.014,0.0,1,2,0.8100252345773812
L-LSPIN,lspin_tf,linear,0.014,0.0,1,3,0.7662845899043778
L-LSPIN,lspin_tf,linear,0.014,0.0,1,4,0.7350408192755762
L-LSPIN,lspin_tf,linear,0.014,0.0,2,3,0.7727968240884014
L-LSPIN,lspin_tf,linear,0.014,0.0,2,4,0.6924716049357321
L-LSPIN,lspin_tf,linear,0.014,0.0,3,4,0.70620874723127
L-LSPIN,lspin_tf,linear,0.021,0.0,0,1,0.7344577796236494
L-LSPIN,lspin_tf,linear,0.021,0.0,0,2,0.7105647620066057
L-LSPIN,lspin_tf,linear,0.021,0.0,0,3,0.7608631377103685
L-LSPIN,lspin_tf,linear,0.021,0.0,0,4,0.7139479131480856
L-LSPIN,lspin_tf,linear,0.021,0.0,1,2,0.7272836830130265
L-LSPIN,lspin_tf,linear,0.021,0.0,1,3,0.7679231020128039
L-LSPIN,lspin_tf,linear,0.021,0.0,1,4,0.730695678144879
L-LSPIN,lspin_tf,linear,0.021,0.0,2,3,0.7383816154349048
L-LSPIN,lspin_tf,linear,0.021,0.0,2,4,0.7046913904947012
L-LSPIN,lspin_tf,linear,0.021,0.0,3,4,0.776821207503388
L-LSPIN,lspin_tf,linear,0.028,0.0,0,1,0.6617916555139942
L-LSPIN,lspin_tf,linear,0.028,0.0,0,2,0.7010341962291955
L-LSPIN,lspin_tf,linear,0.028,0.0,0,3,0.5707819131333935
L-LSPIN,lspin_tf,linear,0.028,0.0,0,4,0.6720486066194905
L-LSPIN,lspin_tf,linear,0.028,0.0,1,2,0.6277678159633491
L-LSPIN,lspin_tf,linear,0.028,0.0,1,3,0.6308715456371728
L-LSPIN,lspin_tf,linear,0.028,0.0,1,4,0.6402575888608896
L-LSPIN,lspin_tf,linear,0.028,0.0,2,3,0.6130585104839996
L-LSPIN,lspin_tf,linear,0.028,0.0,2,4,0.6304863311913685
L-LSPIN,lspin_tf,linear,0.028,0.0,3,4,0.6255955014265389
L-LSPIN,lspin_tf,linear,0.0035,0.1,0,1,0.9784477817563574
L-LSPIN,lspin_tf,linear,0.0035,0.1,0,2,0.9291947120794852
L-LSPIN,lspin_tf,linear,0.0035,0.1,0,3,0.9075769677407292
L-LSPIN,lspin_tf,linear,0.0035,0.1,0,4,0.9522964370069636
L-LSPIN,lspin_tf,linear,0.0035,0.1,1,2,0.9470715708838994
L-LSPIN,lspin_tf,linear,0.0035,0.1,1,3,0.9192846896606176
L-LSPIN,lspin_tf,linear,0.0035,0.1,1,4,0.9689259049206898
L-LSPIN,lspin_tf,linear,0.0035,0.1,2,3,0.9598582260717315
L-LSPIN,lspin_tf,linear,0.0035,0.1,2,4,0.9840775568562508
L-LSPIN,lspin_tf,linear,0.0035,0.1,3,4,0.9762991404339316
L-LSPIN,lspin_tf,linear,0.00525,0.1,0,1,0.9320611014452552
L-LSPIN,lspin_tf,linear,0.00525,0.1,0,2,0.868152303410216
L-LSPIN,lspin_tf,linear,0.00525,0.1,0,3,0.9492208408917264
L-LSPIN,lspin_tf,linear,0.00525,0.1,0,4,0.9861564751912372
L-LSPIN,lspin_tf,linear,0.00525,0.1,1,2,0.9765142994662284
L-LSPIN,lspin_tf,linear,0.00525,0.1,1,3,0.8032792438529545
L-LSPIN,lspin_tf,linear,0.00525,0.1,1,4,0.9186333157455284
L-LSPIN,lspin_tf,linear,0.00525,0.1,2,3,0.7205016396317929
L-LSPIN,lspin_tf,linear,0.00525,0.1,2,4,0.8587308357716004
L-LSPIN,lspin_tf,linear,0.00525,0.1,3,4,0.9579080849601732
L-LSPIN,lspin_tf,linear,0.007,0.1,0,1,0.9685960443029844
L-LSPIN,lspin_tf,linear,0.007,0.1,0,2,0.9391182799865324
L-LSPIN,lspin_tf,linear,0.007,0.1,0,3,0.9117239460127368
L-LSPIN,lspin_tf,linear,0.007,0.1,0,4,0.9763657255399548
L-LSPIN,lspin_tf,linear,0.007,0.1,1,2,0.925704313360321
L-LSPIN,lspin_tf,linear,0.007,0.1,1,3,0.9103992726210586
L-LSPIN,lspin_tf,linear,0.007,0.1,1,4,0.9745710771213868
L-LSPIN,lspin_tf,linear,0.007,0.1,2,3,0.7618361318168475
L-LSPIN,lspin_tf,linear,0.007,0.1,2,4,0.8907309443342902
L-LSPIN,lspin_tf,linear,0.007,0.1,3,4,0.9557120388718384
L-LSPIN,lspin_tf,linear,0.00875,0.1,0,1,0.964065862747548
L-LSPIN,lspin_tf,linear,0.00875,0.1,0,2,0.9642890837438928
L-LSPIN,lspin_tf,linear,0.00875,0.1,0,3,0.9728663067720814
L-LSPIN,lspin_tf,linear,0.00875,0.1,0,4,0.9403077601619444
L-LSPIN,lspin_tf,linear,0.00875,0.1,1,2,0.961156349139424
L-LSPIN,lspin_tf,linear,0.00875,0.1,1,3,0.939182185680218
L-LSPIN,lspin_tf,linear,0.00875,0.1,1,4,0.9446439310429688
L-LSPIN,lspin_tf,linear,0.00875,0.1,2,3,0.9532804237755704
L-LSPIN,lspin_tf,linear,0.00875,0.1,2,4,0.9626612980411
L-LSPIN,lspin_tf,linear,0.00875,0.1,3,4,0.9295013909938072
L-LSPIN,lspin_tf,linear,0.0105,0.1,0,1,0.9483972554044918
L-LSPIN,lspin_tf,linear,0.0105,0.1,0,2,0.9397357203317748
L-LSPIN,lspin_tf,linear,0.0105,0.1,0,3,0.9054277723856688
L-LSPIN,lspin_tf,linear,0.0105,0.1,0,4,0.9453426263347264
L-LSPIN,lspin_tf,linear,0.0105,0.1,1,2,0.9035679642294931
L-LSPIN,lspin_tf,linear,0.0105,0.1,1,3,0.8743786916672817
L-LSPIN,lspin_tf,linear,0.0105,0.1,1,4,0.9056833678288592
L-LSPIN,lspin_tf,linear,0.0105,0.1,2,3,0.9392319949136726
L-LSPIN,lspin_tf,linear,0.0105,0.1,2,4,0.975314650471202
L-LSPIN,lspin_tf,linear,0.0105,0.1,3,4,0.9522074018296868
L-LSPIN,lspin_tf,linear,0.014,0.1,0,1,0.9235296148054566
L-LSPIN,lspin_tf,linear,0.014,0.1,0,2,0.8680431585392507
L-LSPIN,lspin_tf,linear,0.014,0.1,0,3,0.8398399515350399
L-LSPIN,lspin_tf,linear,0.014,0.1,0,4,0.9204984126340352
L-LSPIN,lspin_tf,linear,0.014,0.1,1,2,0.8486264541372831
L-LSPIN,lspin_tf,linear,0.014,0.1,1,3,0.8504418261813185
L-LSPIN,lspin_tf,linear,0.014,0.1,1,4,0.901434712216844
L-LSPIN,lspin_tf,linear,0.014,0.1,2,3,0.917967492496414
L-LSPIN,lspin_tf,linear,0.014,0.1,2,4,0.9128494146698696
L-LSPIN,lspin_tf,linear,0.014,0.1,3,4,0.896177419111047
L-LSPIN,lspin_tf,linear,0.021,0.1,0,1,0.713598366883864
L-LSPIN,lspin_tf,linear,0.021,0.1,0,2,0.69880036409559
L-LSPIN,lspin_tf,linear,0.021,0.1,0,3,0.7004532493102446
L-LSPIN,lspin_tf,linear,0.021,0.1,0,4,0.7485496787209491
L-LSPIN,lspin_tf,linear,0.021,0.1,1,2,0.7638461091904498
L-LSPIN,lspin_tf,linear,0.021,0.1,1,3,0.7611318264707967
L-LSPIN,lspin_tf,linear,0.021,0.1,1,4,0.8468630357580447
L-LSPIN,lspin_tf,linear,0.021,0.1,2,3,0.8221703531835327
L-LSPIN,lspin_tf,linear,0.021,0.1,2,4,0.7817197272093042
L-LSPIN,lspin_tf,linear,0.021,0.1,3,4,0.8282138472888421
L-LSPIN,lspin_tf,linear,0.028,0.1,0,1,0.6905831770832879
L-LSPIN,lspin_tf,linear,0.028,0.1,0,2,0.7607379833543066
L-LSPIN,lspin_tf,linear,0.028,0.1,0,3,0.6450214123424162
L-LSPIN,lspin_tf,linear,0.028,0.1,0,4,0.7611227254985222
L-LSPIN,lspin_tf,linear,0.028,0.1,1,2,0.7032704772462084
L-LSPIN,lspin_tf,linear,0.028,0.1,1,3,0.6500636113720102
L-LSPIN,lspin_tf,linear,0.028,0.1,1,4,0.8038875187247249
L-LSPIN,lspin_tf,linear,0.028,0.1,2,3,0.7325254874322714
L-LSPIN,lspin_tf,linear,0.028,0.1,2,4,0.6598170317487162
L-LSPIN,lspin_tf,linear,0.028,0.1,3,4,0.5802702180944366
L-LSPIN,lspin_tf,linear,0.0035,0.2,0,1,0.9871584725277294
L-LSPIN,lspin_tf,linear,0.0035,0.2,0,2,0.9822975538072272
L-LSPIN,lspin_tf,linear,0.0035,0.2,0,3,0.9571640792316028
L-LSPIN,lspin_tf,linear,0.0035,0.2,0,4,0.9762793530119332
L-LSPIN,lspin_tf,linear,0.0035,0.2,1,2,0.9791988168418094
L-LSPIN,lspin_tf,linear,0.0035,0.2,1,3,0.9499988506633243
L-LSPIN,lspin_tf,linear,0.0035,0.2,1,4,0.9765402677140416
L-LSPIN,lspin_tf,linear,0.0035,0.2,2,3,0.9777111834941216
L-LSPIN,lspin_tf,linear,0.0035,0.2,2,4,0.9461946071796388
L-LSPIN,lspin_tf,linear,0.0035,0.2,3,4,0.926257651802179
L-LSPIN,lspin_tf,linear,0.00525,0.2,0,1,0.962618136563306
L-LSPIN,lspin_tf,linear,0.00525,0.2,0,2,0.9574076730349396
L-LSPIN,lspin_tf,linear,0.00525,0.2,0,3,0.9767129602116018
L-LSPIN,lspin_tf,linear,0.00525,0.2,0,4,0.9350473314866108
L-LSPIN,lspin_tf,linear,0.00525,0.2,1,2,0.989947231097648
L-LSPIN,lspin_tf,linear,0.00525,0.2,1,3,0.988821335155862
L-LSPIN,lspin_tf,linear,0.00525,0.2,1,4,0.9873471898496566
L-LSPIN,lspin_tf,linear,0.00525,0.2,2,3,0.9837798095873934
L-LSPIN,lspin_tf,linear,0.00525,0.2,2,4,0.9881329264153932
L-LSPIN,lspin_tf,linear,0.00525,0.2,3,4,0.974605441954454
L-LSPIN,lspin_tf,linear,0.007,0.2,0,1,0.9352927640526704
L-LSPIN,lspin_tf,linear,0.007,0.2,0,2,0.9837570880018164
L-LSPIN,lspin_tf,linear,0.007,0.2,0,3,0.9631921152629432
L-LSPIN,lspin_tf,linear,0.007,0.2,0,4,0.975650743091642
L-LSPIN,lspin_tf,linear,0.007,0.2,1,2,0.9605363185343436
L-LSPIN,lspin_tf,linear,0.007,0.2,1,3,0.9653099707382984
L-LSPIN,lspin_tf,linear,0.007,0.2,1,4,0.9611757295278353
L-LSPIN,lspin_tf,linear,0.007,0.2,2,3,0.9674437280843804
L-LSPIN,lspin_tf,linear,0.007,0.2,2,4,0.9822973358235154
L-LSPIN,lspin_tf,linear,0.007,0.2,3,4,0.978464281007821
L-LSPIN,lspin_tf,linear,0.00875,0.2,0,1,0.9351410017270648
L-LSPIN,lspin_tf,linear,0.00875,0.2,0,2,0.8891075197402275
L-LSPIN,lspin_tf,linear,0.00875,0.2,0,3,0.9163434360891178
L-LSPIN,lspin_tf,linear,0.00875,0.2,0,4,0.9133898655781852
L-LSPIN,lspin_tf,linear,0.00875,0.2,1,2,0.9542920506038384
L-LSPIN,lspin_tf,linear,0.00875,0.2,1,3,0.9675081011841172
L-LSPIN,lspin_tf,linear,0.00875,0.2,1,4,0.9374143360876918
L-LSPIN,lspin_tf,linear,0.00875,0.2,2,3,0.9768972356380892
L-LSPIN,lspin_tf,linear,0.00875,0.2,2,4,0.9297943368049182
L-LSPIN,lspin_tf,linear,0.00875,0.2,3,4,0.9509298726137302
L-LSPIN,lspin_tf,linear,0.0105,0.2,0,1,0.8590536374489967
L-LSPIN,lspin_tf,linear,0.0105,0.2,0,2,0.881299868771506
L-LSPIN,lspin_tf,linear,0.0105,0.2,0,3,0.9174851305629164
L-LSPIN,lspin_tf,linear,0.0105,0.2,0,4,0.8195778741399453
L-LSPIN,lspin_tf,linear,0.0105,0.2,1,2,0.9138893625599716
L-LSPIN,lspin_tf,linear,0.0105,0.2,1,3,0.9567383548772724
L-LSPIN,lspin_tf,linear,0.0105,0.2,1,4,0.9071214145541376
L-LSPIN,lspin_tf,linear,0.0105,0.2,2,3,0.9555684193444094
L-LSPIN,lspin_tf,linear,0.0105,0.2,2,4,0.9411834996559054
L-LSPIN,lspin_tf,linear,0.0105,0.2,3,4,0.9081091206915622
L-LSPIN,lspin_tf,linear,0.014,0.2,0,1,0.8826629882613622
L-LSPIN,lspin_tf,linear,0.014,0.2,0,2,0.9123530331796372
L-LSPIN,lspin_tf,linear,0.014,0.2,0,3,0.8816576495266428
L-LSPIN,lspin_tf,linear,0.014,0.2,0,4,0.8955057608788677
L-LSPIN,lspin_tf,linear,0.014,0.2,1,2,0.9162212960467694
L-LSPIN,lspin_tf,linear,0.014,0.2,1,3,0.882923104340049
L-LSPIN,lspin_tf,linear,0.014,0.2,1,4,0.8416774202514192
L-LSPIN,lspin_tf,linear,0.014,0.2,2,3,0.9148544965127432
L-LSPIN,lspin_tf,linear,0.014,0.2,2,4,0.8670061733223767
L-LSPIN,lspin_tf,linear,0.014,0.2,3,4,0.8945255471526199
L-LSPIN,lspin_tf,linear,0.021,0.2,0,1,0.7570438042598447
L-LSPIN,lspin_tf,linear,0.021,0.2,0,2,0.6997833829991871
L-LSPIN,lspin_tf,linear,0.021,0.2,0,3,0.6271915767963788
L-LSPIN,lspin_tf,linear,0.021,0.2,0,4,0.5982889907907302
L-LSPIN,lspin_tf,linear,0.021,0.2,1,2,0.7476296378766772
L-LSPIN,lspin_tf,linear,0.021,0.2,1,3,0.7948593113507715
L-LSPIN,lspin_tf,linear,0.021,0.2,1,4,0.6404439800536618
L-LSPIN,lspin_tf,linear,0.021,0.2,2,3,0.6811402000102424
L-LSPIN,lspin_tf,linear,0.021,0.2,2,4,0.5914160127740091
L-LSPIN,lspin_tf,linear,0.021,0.2,3,4,0.756310119488035
L-LSPIN,lspin_tf,linear,0.028,0.2,0,1,0.6460184627059327
L-LSPIN,lspin_tf,linear,0.028,0.2,0,2,0.5530022049968225
L-LSPIN,lspin_tf,linear,0.028,0.2,0,3,0.678467337457406
L-LSPIN,lspin_tf,linear,0.028,0.2,0,4,0.6510056219331412
L-LSPIN,lspin_tf,linear,0.028,0.2,1,2,0.7619730365946765
L-LSPIN,lspin_tf,linear,0.028,0.2,1,3,0.8343335628345133
L-LSPIN,lspin_tf,linear,0.028,0.2,1,4,0.8948345886109157
L-LSPIN,lspin_tf,linear,0.028,0.2,2,3,0.6770230631740836
L-LSPIN,lspin_tf,linear,0.028,0.2,2,4,0.7184007328532205
L-LSPIN,lspin_tf,linear,0.028,0.2,3,4,0.8317246537148731
L-LSPIN,lspin_tf,linear,0.0035,0.4,0,1,0.965774079393904
L-LSPIN,lspin_tf,linear,0.0035,0.4,0,2,0.8819927330432041
L-LSPIN,lspin_tf,linear,0.0035,0.4,0,3,0.9716390211387816
L-LSPIN,lspin_tf,linear,0.0035,0.4,0,4,0.9514444203777984
L-LSPIN,lspin_tf,linear,0.0035,0.4,1,2,0.966370731122255
L-LSPIN,lspin_tf,linear,0.0035,0.4,1,3,0.9357081391122504
L-LSPIN,lspin_tf,linear,0.0035,0.4,1,4,0.992079538079948
L-LSPIN,lspin_tf,linear,0.0035,0.4,2,3,0.8394375343208864
L-LSPIN,lspin_tf,linear,0.0035,0.4,2,4,0.9760472736890872
L-LSPIN,lspin_tf,linear,0.0035,0.4,3,4,0.9241451711997104
L-LSPIN,lspin_tf,linear,0.00525,0.4,0,1,0.7782614594416662
L-LSPIN,lspin_tf,linear,0.00525,0.4,0,2,0.8666830006878062
L-LSPIN,lspin_tf,linear,0.00525,0.4,0,3,0.8784409200874199
L-LSPIN,lspin_tf,linear,0.00525,0.4,0,4,0.9090327634895052
L-LSPIN,lspin_tf,linear,0.00525,0.4,1,2,0.97929561424695
L-LSPIN,lspin_tf,linear,0.00525,0.4,1,3,0.9736366358370476
L-LSPIN,lspin_tf,linear,0.00525,0.4,1,4,0.9216259394018744
L-LSPIN,lspin_tf,linear,0.00525,0.4,2,3,0.9958439416963472
L-LSPIN,lspin_tf,linear,0.00525,0.4,2,4,0.9585011120508332
L-LSPIN,lspin_tf,linear,0.00525,0.4,3,4,0.9664258925838234
L-LSPIN,lspin_tf,linear,0.007,0.4,0,1,0.9669326014233064
L-LSPIN,lspin_tf,linear,0.007,0.4,0,2,0.93046174965492
L-LSPIN,lspin_tf,linear,0.007,0.4,0,3,0.9688518533286432
L-LSPIN,lspin_tf,linear,0.007,0.4,0,4,0.9590171917689566
L-LSPIN,lspin_tf,linear,0.007,0.4,1,2,0.965575796787316
L-LSPIN,lspin_tf,linear,0.007,0.4,1,3,0.9756308040950684
L-LSPIN,lspin_tf,linear,0.007,0.4,1,4,0.9733800567678628
L-LSPIN,lspin_tf,linear,0.007,0.4,2,3,0.964066285339677
L-LSPIN,lspin_tf,linear,0.007,0.4,2,4,0.9693622728335116
L-LSPIN,lspin_tf,linear,0.007,0.4,3,4,0.9837340121557622
L-LSPIN,lspin_tf,linear,0.00875,0.4,0,1,0.9544695707017152
L-LSPIN,lspin_tf,linear,0.00875,0.4,0,2,0.9024303104301054
L-LSPIN,lspin_tf,linear,0.00875,0.4,0,3,0.9599454899903956
L-LSPIN,lspin_tf,linear,0.00875,0.4,0,4,0.9738772834285562
L-LSPIN,lspin_tf,linear,0.00875,0.4,1,2,0.8846880066987519
L-LSPIN,lspin_tf,linear,0.00875,0.4,1,3,0.9662338256921406
L-LSPIN,lspin_tf,linear,0.00875,0.4,1,4,0.9698859664954648
L-LSPIN,lspin_tf,linear,0.00875,0.4,2,3,0.9229235724208342
L-LSPIN,lspin_tf,linear,0.00875,0.4,2,4,0.916544130760636
L-LSPIN,lspin_tf,linear,0.00875,0.4,3,4,0.9754114417004868
L-LSPIN,lspin_tf,linear,0.0105,0.4,0,1,0.8768039732889649
L-LSPIN,lspin_tf,linear,0.0105,0.4,0,2,0.8647509641633762
L-LSPIN,lspin_tf,linear,0.0105,0.4,0,3,0.9503736875407418
L-LSPIN,lspin_tf,linear,0.0105,0.4,0,4,0.9379116103906784
L-LSPIN,lspin_tf,linear,0.0105,0.4,1,2,0.9246760515047336
L-LSPIN,lspin_tf,linear,0.0105,0.4,1,3,0.949760794449656
L-LSPIN,lspin_tf,linear,0.0105,0.4,1,4,0.925616099264036
L-LSPIN,lspin_tf,linear,0.0105,0.4,2,3,0.9189112229098866
L-LSPIN,lspin_tf,linear,0.0105,0.4,2,4,0.9295307148476816
L-LSPIN,lspin_tf,linear,0.0105,0.4,3,4,0.969143646236584
L-LSPIN,lspin_tf,linear,0.014,0.4,0,1,0.9414394822258304
L-LSPIN,lspin_tf,linear,0.014,0.4,0,2,0.8912191481962344
L-LSPIN,lspin_tf,linear,0.014,0.4,0,3,0.9009749065858622
L-LSPIN,lspin_tf,linear,0.014,0.4,0,4,0.904969274249002
L-LSPIN,lspin_tf,linear,0.014,0.4,1,2,0.8904500338409366
L-LSPIN,lspin_tf,linear,0.014,0.4,1,3,0.8850655188271728
L-LSPIN,lspin_tf,linear,0.014,0.4,1,4,0.9089437592430942
L-LSPIN,lspin_tf,linear,0.014,0.4,2,3,0.8957232157122191
L-LSPIN,lspin_tf,linear,0.014,0.4,2,4,0.927527287515906
L-LSPIN,lspin_tf,linear,0.014,0.4,3,4,0.9163925912198064
L-LSPIN,lspin_tf,linear,0.021,0.4,0,1,0.8962501634911874
L-LSPIN,lspin_tf,linear,0.021,0.4,0,2,0.838238401019682
L-LSPIN,lspin_tf,linear,0.021,0.4,0,3,0.6738186965477823
L-LSPIN,lspin_tf,linear,0.021,0.4,0,4,0.88577344256445
L-LSPIN,lspin_tf,linear,0.021,0.4,1,2,0.8065343429170557
L-LSPIN,lspin_tf,linear,0.021,0.4,1,3,0.6762319816369607
L-LSPIN,lspin_tf,linear,0.021,0.4,1,4,0.8362756444080843
L-LSPIN,lspin_tf,linear,0.021,0.4,2,3,0.7948371618021645
L-LSPIN,lspin_tf,linear,0.021,0.4,2,4,0.8638298476215781
L-LSPIN,lspin_tf,linear,0.021,0.4,3,4,0.6980637615091321
L-LSPIN,lspin_tf,linear,0.028,0.4,0,1,0.6009862004915197
L-LSPIN,lspin_tf,linear,0.028,0.4,0,2,0.7514503585076847
L-LSPIN,lspin_tf,linear,0.028,0.4,0,3,0.8131040005561581
L-LSPIN,lspin_tf,linear,0.028,0.4,0,4,0.7907039046135939
L-LSPIN,lspin_tf,linear,0.028,0.4,1,2,0.6195794881441125
L-LSPIN,lspin_tf,linear,0.028,0.4,1,3,0.5180367530827021
L-LSPIN,lspin_tf,linear,0.028,0.4,1,4,0.6726466645317356
L-LSPIN,lspin_tf,linear,0.028,0.4,2,3,0.6843267554240264
L-LSPIN,lspin_tf,linear,0.028,0.4,2,4,0.7694573753040489
L-LSPIN,lspin_tf,linear,0.028,0.4,3,4,0.7517536178609252
L-Concrete,concrete,linear,0.0011,0.0,0,1,0.8891443890524624
L-Concrete,concrete,linear,0.0011,0.0,0,2,0.9258025141498598
L-Concrete,concrete,linear,0.0011,0.0,0,3,0.9010914561964112
L-Concrete,concrete,linear,0.0011,0.0,0,4,0.8820860782763532
L-Concrete,concrete,linear,0.0011,0.0,1,2,0.8686371604385353
L-Concrete,concrete,linear,0.0011,0.0,1,3,0.8735717284590051
L-Concrete,concrete,linear,0.0011,0.0,1,4,0.9360495612089164
L-Concrete,concrete,linear,0.0011,0.0,2,3,0.8842480224703199
L-Concrete,concrete,linear,0.0011,0.0,2,4,0.8717669555904959
L-Concrete,concrete,linear,0.0011,0.0,3,4,0.8478383294643089
L-Concrete,concrete,linear,0.00165,0.0,0,1,0.9348444578518922
L-Concrete,concrete,linear,0.00165,0.0,0,2,0.8891807562959599
L-Concrete,concrete,linear,0.00165,0.0,0,3,0.937538404335852
L-Concrete,concrete,linear,0.00165,0.0,0,4,0.9319931961536004
L-Concrete,concrete,linear,0.00165,0.0,1,2,0.8619701506386356
L-Concrete,concrete,linear,0.00165,0.0,1,3,0.924766302247156
L-Concrete,concrete,linear,0.00165,0.0,1,4,0.8940812008729582
L-Concrete,concrete,linear,0.00165,0.0,2,3,0.9069882684236888
L-Concrete,concrete,linear,0.00165,0.0,2,4,0.8943385358278194
L-Concrete,concrete,linear,0.00165,0.0,3,4,0.9330158453960312
L-Concrete,concrete,linear,0.0022,0.0,0,1,0.7980557157679001
L-Concrete,concrete,linear,0.0022,0.0,0,2,0.8840230698169583
L-Concrete,concrete,linear,0.0022,0.0,0,3,0.8958214224067099
L-Concrete,concrete,linear,0.0022,0.0,0,4,0.831483174142998
L-Concrete,concrete,linear,0.0022,0.0,1,2,0.7708311838371327
L-Concrete,concrete,linear,0.0022,0.0,1,3,0.8726304198536097
L-Concrete,concrete,linear,0.0022,0.0,1,4,0.8552042104556085
L-Concrete,concrete,linear,0.0022,0.0,2,3,0.8607470374393672
L-Concrete,concrete,linear,0.0022,0.0,2,4,0.8037541591742983
L-Concrete,concrete,linear,0.0022,0.0,3,4,0.9039107700885292
L-Concrete,concrete,linear,0.00275,0.0,0,1,0.8169092028970014
L-Concrete,concrete,linear,0.00275,0.0,0,2,0.8754435210466398
L-Concrete,concrete,linear,0.00275,0.0,0,3,0.9164443400103088
L-Concrete,concrete,linear,0.00275,0.0,0,4,0.9199761828852402
L-Concrete,concrete,linear,0.00275,0.0,1,2,0.6891108709140765
L-Concrete,concrete,linear,0.00275,0.0,1,3,0.7695488790701239
L-Concrete,concrete,linear,0.00275,0.0,1,4,0.8233464684972224
L-Concrete,concrete,linear,0.00275,0.0,2,3,0.8831020996408705
L-Concrete,concrete,linear,0.00275,0.0,2,4,0.8009784138164809
L-Concrete,concrete,linear,0.00275,0.0,3,4,0.8705616451367895
L-Concrete,concrete,linear,0.0033,0.0,0,1,0.8607200462460192
L-Concrete,concrete,linear,0.0033,0.0,0,2,0.8936943049058043
L-Concrete,concrete,linear,0.0033,0.0,0,3,0.8399607850299489
L-Concrete,concrete,linear,0.0033,0.0,0,4,0.8654670769618832
L-Concrete,concrete,linear,0.0033,0.0,1,2,0.9041740110390976
L-Concrete,concrete,linear,0.0033,0.0,1,3,0.8905654255708335
L-Concrete,concrete,linear,0.0033,0.0,1,4,0.912054324686322
L-Concrete,concrete,linear,0.0033,0.0,2,3,0.8791058143215985
L-Concrete,concrete,linear,0.0033,0.0,2,4,0.9006623698991373
L-Concrete,concrete,linear,0.0033,0.0,3,4,0.873354304809356
L-Concrete,concrete,linear,0.0044,0.0,0,1,0.872740978782756
L-Concrete,concrete,linear,0.0044,0.0,0,2,0.8717704499558059
L-Concrete,concrete,linear,0.0044,0.0,0,3,0.8512606023043578
L-Concrete,concrete,linear,0.0044,0.0,0,4,0.8854415016430345
L-Concrete,concrete,linear,0.0044,0.0,1,2,0.8369366273528122
L-Concrete,concrete,linear,0.0044,0.0,1,3,0.8373957302386686
L-Concrete,concrete,linear,0.0044,0.0,1,4,0.8786832071670351
L-Concrete,concrete,linear,0.0044,0.0,2,3,0.830632263054413
L-Concrete,concrete,linear,0.0044,0.0,2,4,0.8297214806306924
L-Concrete,concrete,linear,0.0044,0.0,3,4,0.8205194415692927
L-Concrete,concrete,linear,0.0055,0.0,0,1,0.8895983149893559
L-Concrete,concrete,linear,0.0055,0.0,0,2,0.8461683536384048
L-Concrete,concrete,linear,0.0055,0.0,0,3,0.880438045553984
L-Concrete,concrete,linear,0.0055,0.0,0,4,0.843006913996744
L-Concrete,concrete,linear,0.0055,0.0,1,2,0.8401018807349709
L-Concrete,concrete,linear,0.0055,0.0,1,3,0.8695930712833992
L-Concrete,concrete,linear,0.0055,0.0,1,4,0.8531697610007658
L-Concrete,concrete,linear,0.0055,0.0,2,3,0.8143242385860858
L-Concrete,concrete,linear,0.0055,0.0,2,4,0.7959043446994796
L-Concrete,concrete,linear,0.0055,0.0,3,4,0.8777905774010203
L-Concrete,concrete,linear,0.0066,0.0,0,1,0.835075078463785
L-Concrete,concrete,linear,0.0066,0.0,0,2,0.8030839739315738
L-Concrete,concrete,linear,0.0066,0.0,0,3,0.8742063455519157
L-Concrete,concrete,linear,0.0066,0.0,0,4,0.8656904908556329
L-Concrete,concrete,linear,0.0066,0.0,1,2,0.757490978908884
L-Concrete,concrete,linear,0.0066,0.0,1,3,0.8273721348253983
L-Concrete,concrete,linear,0.0066,0.0,1,4,0.8304552919612723
L-Concrete,concrete,linear,0.0066,0.0,2,3,0.8183479066726059
L-Concrete,concrete,linear,0.0066,0.0,2,4,0.8254010045122938
L-Concrete,concrete,linear,0.0066,0.0,3,4,0.8512143937864507
L-Concrete,concrete,linear,0.0011,0.1,0,1,0.9888528729848786
L-Concrete,concrete,linear,0.0011,0.1,0,2,0.9863558522708192
L-Concrete,concrete,linear,0.0011,0.1,0,3,0.9924342440778986
L-Concrete,concrete,linear,0.0011,0.1,0,4,0.9929100170704288
L-Concrete,concrete,linear,0.0011,0.1,1,2,0.9849799933646252
L-Concrete,concrete,linear,0.0011,0.1,1,3,0.9845243879028986
L-Concrete,concrete,linear,0.0011,0.1,1,4,0.9928767279404788
L-Concrete,concrete,linear,0.0011,0.1,2,3,0.9750292020929596
L-Concrete,concrete,linear,0.0011,0.1,2,4,0.9895122139324516
L-Concrete,concrete,linear,0.0011,0.1,3,4,0.988353376826504
L-Concrete,concrete,linear,0.00165,0.1,0,1,0.9812205564205873
L-Concrete,concrete,linear,0.00165,0.1,0,2,0.9839624347074236
L-Concrete,concrete,linear,0.00165,0.1,0,3,0.9934957037833267
L-Concrete,concrete,linear,0.00165,0.1,0,4,0.9754283688547531
L-Concrete,concrete,linear,0.00165,0.1,1,2,0.9735802501643884
L-Concrete,concrete,linear,0.00165,0.1,1,3,0.9794705139951884
L-Concrete,concrete,linear,0.00165,0.1,1,4,0.9782297681521112
L-Concrete,concrete,linear,0.00165,0.1,2,3,0.9797591742788224
L-Concrete,concrete,linear,0.00165,0.1,2,4,0.9639127232045293
L-Concrete,concrete,linear,0.00165,0.1,3,4,0.9786924288804962
L-Concrete,concrete,linear,0.0022,0.1,0,1,0.9743152816999348
L-Concrete,concrete,linear,0.0022,0.1,0,2,0.9734704573417764
L-Concrete,concrete,linear,0.0022,0.1,0,3,0.9890073592959788
L-Concrete,concrete,linear,0.0022,0.1,0,4,0.958171458120258
L-Concrete,concrete,linear,0.0022,0.1,1,2,0.9539813305754272
L-Concrete,concrete,linear,0.0022,0.1,1,3,0.9748919218635002
L-Concrete,concrete,linear,0.0022,0.1,1,4,0.943291660952542
L-Concrete,concrete,linear,0.0022,0.1,2,3,0.97546855432193
L-Concrete,concrete,linear,0.0022,0.1,2,4,0.9841169550989846
L-Concrete,concrete,linear,0.0022,0.1,3,4,0.9543746401015976
L-Concrete,concrete,linear,0.00275,0.1,0,1,0.9673052920880688
L-Concrete,concrete,linear,0.00275,0.1,0,2,0.9489005781107974
L-Concrete,concrete,linear,0.00275,0.1,0,3,0.9439513045695044
L-Concrete,concrete,linear,0.00275,0.1,0,4,0.8915648739487684
L-Concrete,concrete,linear,0.00275,0.1,1,2,0.922197340207728
L-Concrete,concrete,linear,0.00275,0.1,1,3,0.9373143164500974
L-Concrete,concrete,linear,0.00275,0.1,1,4,0.8907066531389644
L-Concrete,concrete,linear,0.00275,0.1,2,3,0.9381709269140156
L-Concrete,concrete,linear,0.00275,0.1,2,4,0.894840250159555
L-Concrete,concrete,linear,0.00275,0.1,3,4,0.946576719692458
L-Concrete,concrete,linear,0.0033,0.1,0,1,0.938918089565014
L-Concrete,concrete,linear,0.0033,0.1,0,2,0.770256139972804
L-Concrete,concrete,linear,0.0033,0.1,0,3,0.9571838662632614
L-Concrete,concrete,linear,0.0033,0.1,0,4,0.875139382717364
L-Concrete,concrete,linear,0.0033,0.1,1,2,0.845106086043851
L-Concrete,concrete,linear,0.0033,0.1,1,3,0.9688133047513402
L-Concrete,concrete,linear,0.0033,0.1,1,4,0.9119747283253772
L-Concrete,concrete,linear,0.0033,0.1,2,3,0.8472209805399589
L-Concrete,concrete,linear,0.0033,0.1,2,4,0.8725487753030077
L-Concrete,concrete,linear,0.0033,0.1,3,4,0.8936820635005456
L-Concrete,concrete,linear,0.0044,0.1,0,1,0.7655224774622954
L-Concrete,concrete,linear,0.0044,0.1,0,2,0.8391897446487347
L-Concrete,concrete,linear,0.0044,0.1,0,3,0.8208095550728652
L-Concrete,concrete,linear,0.0044,0.1,0,4,0.7116319872000392
L-Concrete,concrete,linear,0.0044,0.1,1,2,0.9192737955686936
L-Concrete,concrete,linear,0.0044,0.1,1,3,0.937392077705374
L-Concrete,concrete,linear,0.0044,0.1,1,4,0.932658463100867
L-Concrete,concrete,linear,0.0044,0.1,2,3,0.8945332096785176
L-Concrete,concrete,linear,0.0044,0.1,2,4,0.8856336705530146
L-Concrete,concrete,linear,0.0044,0.1,3,4,0.927114360720167
L-Concrete,concrete,linear,0.0055,0.1,0,1,0.9385634671803456
L-Concrete,concrete,linear,0.0055,0.1,0,2,0.9037728666557988
L-Concrete,concrete,linear,0.0055,0.1,0,3,0.9097029940995603
L-Concrete,concrete,linear,0.0055,0.1,0,4,0.9234982569806668
L-Concrete,concrete,linear,0.0055,0.1,1,2,0.9365388532942472
L-Concrete,concrete,linear,0.0055,0.1,1,3,0.9460535905943104
L-Concrete,concrete,linear,0.0055,0.1,1,4,0.9748456248613796
L-Concrete,concrete,linear,0.0055,0.1,2,3,0.939547699870638
L-Concrete,concrete,linear,0.0055,0.1,2,4,0.9459585600224696
L-Concrete,concrete,linear,0.0055,0.1,3,4,0.9488832448735324
L-Concrete,concrete,linear,0.0066,0.1,0,1,0.9493524882855444
L-Concrete,concrete,linear,0.0066,0.1,0,2,0.9064814393922104
L-Concrete,concrete,linear,0.0066,0.1,0,3,0.8968745957628657
L-Concrete,concrete,linear,0.0066,0.1,0,4,0.9536314171740704
L-Concrete,concrete,linear,0.0066,0.1,1,2,0.8901900664683607
L-Concrete,concrete,linear,0.0066,0.1,1,3,0.8756274893290297
L-Concrete,concrete,linear,0.0066,0.1,1,4,0.944905763168024
L-Concrete,concrete,linear,0.0066,0.1,2,3,0.9068581212079344
L-Concrete,concrete,linear,0.0066,0.1,2,4,0.8764998670871368
L-Concrete,concrete,linear,0.0066,0.1,3,4,0.8939784269032663
L-Concrete,concrete,linear,0.0011,0.2,0,1,0.9910716010912216
L-Concrete,concrete,linear,0.0011,0.2,0,2,0.9812081284735474
L-Concrete,concrete,linear,0.0011,0.2,0,3,0.9939183559697664
L-Concrete,concrete,linear,0.0011,0.2,0,4,0.9949899885629496
L-Concrete,concrete,linear,0.0011,0.2,1,2,0.9911048950284592
L-Concrete,concrete,linear,0.0011,0.2,1,3,0.9860443549963804
L-Concrete,concrete,linear,0.0011,0.2,1,4,0.9903103044362924
L-Concrete,concrete,linear,0.0011,0.2,2,3,0.9742415586699248
L-Concrete,concrete,linear,0.0011,0.2,2,4,0.9830345408826144
L-Concrete,concrete,linear,0.0011,0.2,3,4,0.9960030276207054
L-Concrete,concrete,linear,0.00165,0.2,0,1,0.9882687441788112
L-Concrete,concrete,linear,0.00165,0.2,0,2,0.9854464625342828
L-Concrete,concrete,linear,0.00165,0.2,0,3,0.9775946467536843
L-Concrete,concrete,linear,0.00165,0.2,0,4,0.9817216754770084
L-Concrete,concrete,linear,0.00165,0.2,1,2,0.9757242331402982
L-Concrete,concrete,linear,0.00165,0.2,1,3,0.9645908555122332
L-Concrete,concrete,linear,0.00165,0.2,1,4,0.9918801330807274
L-Concrete,concrete,linear,0.00165,0.2,2,3,0.9764930630347672
L-Concrete,concrete,linear,0.00165,0.2,2,4,0.9719296324287472
L-Concrete,concrete,linear,0.00165,0.2,3,4,0.9691222670781164
L-Concrete,concrete,linear,0.0022,0.2,0,1,0.9159938374608648
L-Concrete,concrete,linear,0.0022,0.2,0,2,0.8869200256385107
L-Concrete,concrete,linear,0.0022,0.2,0,3,0.9145095786114374
L-Concrete,concrete,linear,0.0022,0.2,0,4,0.9329828705493756
L-Concrete,concrete,linear,0.0022,0.2,1,2,0.9194309079054066
L-Concrete,concrete,linear,0.0022,0.2,1,3,0.8998544152353729
L-Concrete,concrete,linear,0.0022,0.2,1,4,0.9435889525911124
L-Concrete,concrete,linear,0.0022,0.2,2,3,0.9560163074706478
L-Concrete,concrete,linear,0.0022,0.2,2,4,0.9811847666060828
L-Concrete,concrete,linear,0.0022,0.2,3,4,0.9634310293395772
L-Concrete,concrete,linear,0.00275,0.2,0,1,0.9720102427946544
L-Concrete,concrete,linear,0.00275,0.2,0,2,0.9804374661543176
L-Concrete,concrete,linear,0.00275,0.2,0,3,0.9462962293225932
L-Concrete,concrete,linear,0.00275,0.2,0,4,0.9884163845673256
L-Concrete,concrete,linear,0.00275,0.2,1,2,0.9679709078431922
L-Concrete,concrete,linear,0.00275,0.2,1,3,0.9348665819658142
L-Concrete,concrete,linear,0.00275,0.2,1,4,0.9779517453344748
L-Concrete,concrete,linear,0.00275,0.2,2,3,0.9320723867310896
L-Concrete,concrete,linear,0.00275,0.2,2,4,0.98206246493682
L-Concrete,concrete,linear,0.00275,0.2,3,4,0.950972725703126
L-Concrete,concrete,linear,0.0033,0.2,0,1,0.8829616210565857
L-Concrete,concrete,linear,0.0033,0.2,0,2,0.8743098503948913
L-Concrete,concrete,linear,0.0033,0.2,0,3,0.8206454683871063
L-Concrete,concrete,linear,0.0033,0.2,0,4,0.9484143140812122
L-Concrete,concrete,linear,0.0033,0.2,1,2,0.9140391900034446
L-Concrete,concrete,linear,0.0033,0.2,1,3,0.7320195346686722
L-Concrete,concrete,linear,0.0033,0.2,1,4,0.8472522422623301
L-Concrete,concrete,linear,0.0033,0.2,2,3,0.8151965673991872
L-Concrete,concrete,linear,0.0033,0.2,2,4,0.8921828548676791
L-Concrete,concrete,linear,0.0033,0.2,3,4,0.8900958585961941
L-Concrete,concrete,linear,0.0044,0.2,0,1,0.8737223230710383
L-Concrete,concrete,linear,0.0044,0.2,0,2,0.9366551032532664
L-Concrete,concrete,linear,0.0044,0.2,0,3,0.9593458515997914
L-Concrete,concrete,linear,0.0044,0.2,0,4,0.9719286880097056
L-Concrete,concrete,linear,0.0044,0.2,1,2,0.9569361982145108
L-Concrete,concrete,linear,0.0044,0.2,1,3,0.92538039193614
L-Concrete,concrete,linear,0.0044,0.2,1,4,0.9016682619722072
L-Concrete,concrete,linear,0.0044,0.2,2,3,0.9487074691423634
L-Concrete,concrete,linear,0.0044,0.2,2,4,0.9386716685025572
L-Concrete,concrete,linear,0.0044,0.2,3,4,0.9783718917254012
L-Concrete,concrete,linear,0.0055,0.2,0,1,0.8671327394256775
L-Concrete,concrete,linear,0.0055,0.2,0,2,0.8953124052684337
L-Concrete,concrete,linear,0.0055,0.2,0,3,0.9135259231055888
L-Concrete,concrete,linear,0.0055,0.2,0,4,0.9263992313919652
L-Concrete,concrete,linear,0.0055,0.2,1,2,0.9055188308646756
L-Concrete,concrete,linear,0.0055,0.2,1,3,0.9406992908525657
L-Concrete,concrete,linear,0.0055,0.2,1,4,0.9211366717737732
L-Concrete,concrete,linear,0.0055,0.2,2,3,0.933497994267129
L-Concrete,concrete,linear,0.0055,0.2,2,4,0.9271427570867355
L-Concrete,concrete,linear,0.0055,0.2,3,4,0.9442380665277142
L-Concrete,concrete,linear,0.0066,0.2,0,1,0.8932450053405862
L-Concrete,concrete,linear,0.0066,0.2,0,2,0.921770365099365
L-Concrete,concrete,linear,0.0066,0.2,0,3,0.936109056562178
L-Concrete,concrete,linear,0.0066,0.2,0,4,0.833819582707351
L-Concrete,concrete,linear,0.0066,0.2,1,2,0.9369793650239836
L-Concrete,concrete,linear,0.0066,0.2,1,3,0.9439182971318364
L-Concrete,concrete,linear,0.0066,0.2,1,4,0.9479738161043512
L-Concrete,concrete,linear,0.0066,0.2,2,3,0.9289511474096612
L-Concrete,concrete,linear,0.0066,0.2,2,4,0.9102699151823124
L-Concrete,concrete,linear,0.0066,0.2,3,4,0.910508316828847
L-Concrete,concrete,linear,0.0011,0.4,0,1,0.9847271192085028
L-Concrete,concrete,linear,0.0011,0.4,0,2,0.9715513134744916
L-Concrete,concrete,linear,0.0011,0.4,0,3,0.9766342594744823
L-Concrete,concrete,linear,0.0011,0.4,0,4,0.9782610098933406
L-Concrete,concrete,linear,0.0011,0.4,1,2,0.9745948502742018
L-Concrete,concrete,linear,0.0011,0.4,1,3,0.979801023117638
L-Concrete,concrete,linear,0.0011,0.4,1,4,0.9860589982482488
L-Concrete,concrete,linear,0.0011,0.4,2,3,0.9906007452055392
L-Concrete,concrete,linear,0.0011,0.4,2,4,0.9880259791507784
L-Concrete,concrete,linear,0.0011,0.4,3,4,0.9909536762959548
L-Concrete,concrete,linear,0.00165,0.4,0,1,0.9859761139541088
L-Concrete,concrete,linear,0.00165,0.4,0,2,0.8830516539154134
L-Concrete,concrete,linear,0.00165,0.4,0,3,0.9815138620179902
L-Concrete,concrete,linear,0.00165,0.4,0,4,0.9758569598859684
L-Concrete,concrete,linear,0.00165,0.4,1,2,0.8913011493056993
L-Concrete,concrete,linear,0.00165,0.4,1,3,0.972045991697884
L-Concrete,concrete,linear,0.00165,0.4,1,4,0.9846874976511836
L-Concrete,concrete,linear,0.00165,0.4,2,3,0.8988501991256829
L-Concrete,concrete,linear,0.00165,0.4,2,4,0.9385085328759049
L-Concrete,concrete,linear,0.00165,0.4,3,4,0.9683789570265516
L-Concrete,concrete,linear,0.0022,0.4,0,1,0.9085056416363676
L-Concrete,concrete,linear,0.0022,0.4,0,2,0.9064536747929234
L-Concrete,concrete,linear,0.0022,0.4,0,3,0.9506529812938928
L-Concrete,concrete,linear,0.0022,0.4,0,4,0.9411268041434192
L-Concrete,concrete,linear,0.0022,0.4,1,2,0.9685552501859048
L-Concrete,concrete,linear,0.0022,0.4,1,3,0.977138343923638
L-Concrete,concrete,linear,0.0022,0.4,1,4,0.924058591876833
L-Concrete,concrete,linear,0.0022,0.4,2,3,0.9669461674225776
L-Concrete,concrete,linear,0.0022,0.4,2,4,0.9364008128651982
L-Concrete,concrete,linear,0.0022,0.4,3,4,0.9547455520835838
L-Concrete,concrete,linear,0.00275,0.4,0,1,0.8595209034438848
L-Concrete,concrete,linear,0.00275,0.4,0,2,0.9917494600345288
L-Concrete,concrete,linear,0.00275,0.4,0,3,0.9547409266125368
L-Concrete,concrete,linear,0.00275,0.4,0,4,0.9889453886449612
L-Concrete,concrete,linear,0.00275,0.4,1,2,0.8513418889418412
L-Concrete,concrete,linear,0.00275,0.4,1,3,0.8907785195748896
L-Concrete,concrete,linear,0.00275,0.4,1,4,0.8610601587158845
L-Concrete,concrete,linear,0.00275,0.4,2,3,0.9538918836106424
L-Concrete,concrete,linear,0.00275,0.4,2,4,0.9844100476631542
L-Concrete,concrete,linear,0.00275,0.4,3,4,0.9470602702294476
L-Concrete,concrete,linear,0.0033,0.4,0,1,0.8392600275871737
L-Concrete,concrete,linear,0.0033,0.4,0,2,0.832771692614921
L-Concrete,concrete,linear,0.0033,0.4,0,3,0.840802102913206
L-Concrete,concrete,linear,0.0033,0.4,0,4,0.952498445500573
L-Concrete,concrete,linear,0.0033,0.4,1,2,0.9708950021363276
L-Concrete,concrete,linear,0.0033,0.4,1,3,0.9484852351725952
L-Concrete,concrete,linear,0.0033,0.4,1,4,0.8176142395752299
L-Concrete,concrete,linear,0.0033,0.4,2,3,0.9764837587684704
L-Concrete,concrete,linear,0.0033,0.4,2,4,0.8046929620617018
L-Concrete,concrete,linear,0.0033,0.4,3,4,0.8302667814580702
L-Concrete,concrete,linear,0.0044,0.4,0,1,0.7418950375086013
L-Concrete,concrete,linear,0.0044,0.4,0,2,0.907364534649554
L-Concrete,concrete,linear,0.0044,0.4,0,3,0.9323394307409882
L-Concrete,concrete,linear,0.0044,0.4,0,4,0.9112540263516442
L-Concrete,concrete,linear,0.0044,0.4,1,2,0.8325598852138306
L-Concrete,concrete,linear,0.0044,0.4,1,3,0.8562588328756554
L-Concrete,concrete,linear,0.0044,0.4,1,4,0.8742555699464611
L-Concrete,concrete,linear,0.0044,0.4,2,3,0.973109583808783
L-Concrete,concrete,linear,0.0044,0.4,2,4,0.9761150707709628
L-Concrete,concrete,linear,0.0044,0.4,3,4,0.9804246695859468
L-Concrete,concrete,linear,0.0055,0.4,0,1,0.9186877162112692
L-Concrete,concrete,linear,0.0055,0.4,0,2,0.7859234266840844
L-Concrete,concrete,linear,0.0055,0.4,0,3,0.8579298007029393
L-Concrete,concrete,linear,0.0055,0.4,0,4,0.9384572588836304
L-Concrete,concrete,linear,0.0055,0.4,1,2,0.8663980962615738
L-Concrete,concrete,linear,0.0055,0.4,1,3,0.9177061185287902
L-Concrete,concrete,linear,0.0055,0.4,1,4,0.9227979712251202
L-Concrete,concrete,linear,0.0055,0.4,2,3,0.8816487207349009
L-Concrete,concrete,linear,0.0055,0.4,2,4,0.7811381545494255
L-Concrete,concrete,linear,0.0055,0.4,3,4,0.8640743925609083
L-Concrete,concrete,linear,0.0066,0.4,0,1,0.8753391383495563
L-Concrete,concrete,linear,0.0066,0.4,0,2,0.912841164717188
L-Concrete,concrete,linear,0.0066,0.4,0,3,0.8289164233826778
L-Concrete,concrete,linear,0.0066,0.4,0,4,0.8860626008170412
L-Concrete,concrete,linear,0.0066,0.4,1,2,0.9359791456090928
L-Concrete,concrete,linear,0.0066,0.4,1,3,0.7112370474031724
L-Concrete,concrete,linear,0.0066,0.4,1,4,0.9100787727891494
L-Concrete,concrete,linear,0.0066,0.4,2,3,0.7181579837278763
L-Concrete,concrete,linear,0.0066,0.4,2,4,0.94610654990321
L-Concrete,concrete,linear,0.0066,0.4,3,4,0.7090562104352538
L-Concrete,concrete,linear,0.0011,0.0,0,1,0.8904127590587881
L-Concrete,concrete,linear,0.0011,0.0,0,2,0.9060111623620786
L-Concrete,concrete,linear,0.0011,0.0,0,3,0.9407777829815932
L-Concrete,concrete,linear,0.0011,0.0,0,4,0.9258009553234826
L-Concrete,concrete,linear,0.0011,0.0,1,2,0.8185099325714182
L-Concrete,concrete,linear,0.0011,0.0,1,3,0.8849896157470608
L-Concrete,concrete,linear,0.0011,0.0,1,4,0.8579416684646243
L-Concrete,concrete,linear,0.0011,0.0,2,3,0.916878070937278
L-Concrete,concrete,linear,0.0011,0.0,2,4,0.9391819852284344
L-Concrete,concrete,linear,0.0011,0.0,3,4,0.9503708217446436
L-Concrete,concrete,linear,0.00165,0.0,0,1,0.8628416015570718
L-Concrete,concrete,linear,0.00165,0.0,0,2,0.910944704924746
L-Concrete,concrete,linear,0.00165,0.0,0,3,0.9019040221937482
L-Concrete,concrete,linear,0.00165,0.0,0,4,0.917518598669114
L-Concrete,concrete,linear,0.00165,0.0,1,2,0.9165659992307332
L-Concrete,concrete,linear,0.00165,0.0,1,3,0.8851650450474081
L-Concrete,concrete,linear,0.00165,0.0,1,4,0.8911102330864554
L-Concrete,concrete,linear,0.00165,0.0,2,3,0.8954631265715552
L-Concrete,concrete,linear,0.00165,0.0,2,4,0.9257783070403404
L-Concrete,concrete,linear,0.00165,0.0,3,4,0.9060640149657756
L-Concrete,concrete,linear,0.0022,0.0,0,1,0.8674074010834972
L-Concrete,concrete,linear,0.0022,0.0,0,2,0.9135742506568908
L-Concrete,concrete,linear,0.0022,0.0,0,3,0.8934590324024356
L-Concrete,concrete,linear,0.0022,0.0,0,4,0.8711402141077044
L-Concrete,concrete,linear,0.0022,0.0,1,2,0.8790431491969383
L-Concrete,concrete,linear,0.0022,0.0,1,3,0.9067630466821855
L-Concrete,concrete,linear,0.0022,0.0,1,4,0.8441914480643071
L-Concrete,concrete,linear,0.0022,0.0,2,3,0.9067619935237748
L-Concrete,concrete,linear,0.0022,0.0,2,4,0.893837157191025
L-Concrete,concrete,linear,0.0022,0.0,3,4,0.906064868528624
L-Concrete,concrete,linear,0.00275,0.0,0,1,0.8659946534274295
L-Concrete,concrete,linear,0.00275,0.0,0,2,0.9144741460899986
L-Concrete,concrete,linear,0.00275,0.0,0,3,0.8955810321085246
L-Concrete,concrete,linear,0.00275,0.0,0,4,0.8508755609206488
L-Concrete,concrete,linear,0.00275,0.0,1,2,0.8929361694340235
L-Concrete,concrete,linear,0.00275,0.0,1,3,0.879176502112062
L-Concrete,concrete,linear,0.00275,0.0,1,4,0.8925917453253452
L-Concrete,concrete,linear,0.00275,0.0,2,3,0.9102436285705572
L-Concrete,concrete,linear,0.00275,0.0,2,4,0.883427105696211
L-Concrete,concrete,linear,0.00275,0.0,3,4,0.8743376089635126
L-Concrete,concrete,linear,0.0033,0.0,0,1,0.8374429694026254
L-Concrete,concrete,linear,0.0033,0.0,0,2,0.8221801962743246
L-Concrete,concrete,linear,0.0033,0.0,0,3,0.8538401467241111
L-Concrete,concrete,linear,0.0033,0.0,0,4,0.7899405742105229
L-Concrete,concrete,linear,0.0033,0.0,1,2,0.8157333559152095
L-Concrete,concrete,linear,0.0033,0.0,1,3,0.8283335981656855
L-Concrete,concrete,linear,0.0033,0.0,1,4,0.8140142655779663
L-Concrete,concrete,linear,0.0033,0.0,2,3,0.8734144771698356
L-Concrete,concrete,linear,0.0033,0.0,2,4,0.8855314487365964
L-Concrete,concrete,linear,0.0033,0.0,3,4,0.8279034775562525
L-Concrete,concrete,linear,0.0044,0.0,0,1,0.8080392603486442
L-Concrete,concrete,linear,0.0044,0.0,0,2,0.783642138242099
L-Concrete,concrete,linear,0.0044,0.0,0,3,0.7478336816917155
L-Concrete,concrete,linear,0.0044,0.0,0,4,0.6787698884177114
L-Concrete,concrete,linear,0.0044,0.0,1,2,0.7698535365469007
L-Concrete,concrete,linear,0.0044,0.0,1,3,0.8144424415578234
L-Concrete,concrete,linear,0.0044,0.0,1,4,0.7156567754346992
L-Concrete,concrete,linear,0.0044,0.0,2,3,0.7841265627054954
L-Concrete,concrete,linear,0.0044,0.0,2,4,0.7681493764412426
L-Concrete,concrete,linear,0.0044,0.0,3,4,0.8334013830353574
L-Concrete,concrete,linear,0.0055,0.0,0,1,0.8594983603993593
L-Concrete,concrete,linear,0.0055,0.0,0,2,0.8434271880095717
L-Concrete,concrete,linear,0.0055,0.0,0,3,0.6757908737585416
L-Concrete,concrete,linear,0.0055,0.0,0,4,0.8668769399333822
L-Concrete,concrete,linear,0.0055,0.0,1,2,0.8449683970607659
L-Concrete,concrete,linear,0.0055,0.0,1,3,0.6474639241103193
L-Concrete,concrete,linear,0.0055,0.0,1,4,0.857487061822449
L-Concrete,concrete,linear,0.0055,0.0,2,3,0.6856577652874896
L-Concrete,concrete,linear,0.0055,0.0,2,4,0.8412209457504173
L-Concrete,concrete,linear,0.0055,0.0,3,4,0.7051209730662238
L-Concrete,concrete,linear,0.0066,0.0,0,1,0.7790495351537909
L-Concrete,concrete,linear,0.0066,0.0,0,2,0.7835846661154614
L-Concrete,concrete,linear,0.0066,0.0,0,3,0.8073268947530677
L-Concrete,concrete,linear,0.0066,0.0,0,4,0.7841858945349552
L-Concrete,concrete,linear,0.0066,0.0,1,2,0.7907627278496915
L-Concrete,concrete,linear,0.0066,0.0,1,3,0.8259705586991037
L-Concrete,concrete,linear,0.0066,0.0,1,4,0.768234074290238
L-Concrete,concrete,linear,0.0066,0.0,2,3,0.7658187032955205
L-Concrete,concrete,linear,0.0066,0.0,2,4,0.7579711571895856
L-Concrete,concrete,linear,0.0066,0.0,3,4,0.8295148731303231
L-Concrete,concrete,linear,0.0011,0.1,0,1,0.9648057941899372
L-Concrete,concrete,linear,0.0011,0.1,0,2,0.9637670715883114
L-Concrete,concrete,linear,0.0011,0.1,0,3,0.95329401198255
L-Concrete,concrete,linear,0.0011,0.1,0,4,0.9819238945998332
L-Concrete,concrete,linear,0.0011,0.1,1,2,0.9044493715420824
L-Concrete,concrete,linear,0.0011,0.1,1,3,0.9898713192837804
L-Concrete,concrete,linear,0.0011,0.1,1,4,0.977644953981378
L-Concrete,concrete,linear,0.0011,0.1,2,3,0.8739786637119822
L-Concrete,concrete,linear,0.0011,0.1,2,4,0.9470767135538668
L-Concrete,concrete,linear,0.0011,0.1,3,4,0.9653462108294624
L-Concrete,concrete,linear,0.00165,0.1,0,1,0.8861226971066107
L-Concrete,concrete,linear,0.00165,0.1,0,2,0.915568858566913
L-Concrete,concrete,linear,0.00165,0.1,0,3,0.9353167310733028
L-Concrete,concrete,linear,0.00165,0.1,0,4,0.8876299351518427
L-Concrete,concrete,linear,0.00165,0.1,1,2,0.980102919728074
L-Concrete,concrete,linear,0.00165,0.1,1,3,0.9790205116317424
L-Concrete,concrete,linear,0.00165,0.1,1,4,0.9801597930897764
L-Concrete,concrete,linear,0.00165,0.1,2,3,0.984439478259984
L-Concrete,concrete,linear,0.00165,0.1,2,4,0.9659514455133094
L-Concrete,concrete,linear,0.00165,0.1,3,4,0.9680611645272984
L-Concrete,concrete,linear,0.0022,0.1,0,1,0.9349100330742888
L-Concrete,concrete,linear,0.0022,0.1,0,2,0.966451339074376
L-Concrete,concrete,linear,0.0022,0.1,0,3,0.9663988383000108
L-Concrete,concrete,linear,0.0022,0.1,0,4,0.9099123671462886
L-Concrete,concrete,linear,0.0022,0.1,1,2,0.9329726187303246
L-Concrete,concrete,linear,0.0022,0.1,1,3,0.9571493260593928
L-Concrete,concrete,linear,0.0022,0.1,1,4,0.8664346459283081
L-Concrete,concrete,linear,0.0022,0.1,2,3,0.969504335191403
L-Concrete,concrete,linear,0.0022,0.1,2,4,0.9159196419741226
L-Concrete,concrete,linear,0.0022,0.1,3,4,0.8851411056191961
L-Concrete,concrete,linear,0.00275,0.1,0,1,0.8765461257600883
L-Concrete,concrete,linear,0.00275,0.1,0,2,0.8429276147719633
L-Concrete,concrete,linear,0.00275,0.1,0,3,0.942813857355278
L-Concrete,concrete,linear,0.00275,0.1,0,4,0.8282609644747652
L-Concrete,concrete,linear,0.00275,0.1,1,2,0.91391290557365
L-Concrete,concrete,linear,0.00275,0.1,1,3,0.9634914181728732
L-Concrete,concrete,linear,0.00275,0.1,1,4,0.9573542385120216
L-Concrete,concrete,linear,0.00275,0.1,2,3,0.9005343211268274
L-Concrete,concrete,linear,0.00275,0.1,2,4,0.8871503018678427
L-Concrete,concrete,linear,0.00275,0.1,3,4,0.9305419009189098
L-Concrete,concrete,linear,0.0033,0.1,0,1,0.7630404726038978
L-Concrete,concrete,linear,0.0033,0.1,0,2,0.751805628192089
L-Concrete,concrete,linear,0.0033,0.1,0,3,0.8046405501530225
L-Concrete,concrete,linear,0.0033,0.1,0,4,0.904876406704852
L-Concrete,concrete,linear,0.0033,0.1,1,2,0.9288590890706452
L-Concrete,concrete,linear,0.0033,0.1,1,3,0.9375448147704936
L-Concrete,concrete,linear,0.0033,0.1,1,4,0.791220950355197
L-Concrete,concrete,linear,0.0033,0.1,2,3,0.9339676707542552
L-Concrete,concrete,linear,0.0033,0.1,2,4,0.7830868801509985
L-Concrete,concrete,linear,0.0033,0.1,3,4,0.7986998890492717
L-Concrete,concrete,linear,0.0044,0.1,0,1,0.9379093267199564
L-Concrete,concrete,linear,0.0044,0.1,0,2,0.9477234870847078
L-Concrete,concrete,linear,0.0044,0.1,0,3,0.8787993904833937
L-Concrete,concrete,linear,0.0044,0.1,0,4,0.8643294284254256
L-Concrete,concrete,linear,0.0044,0.1,1,2,0.882402807545255
L-Concrete,concrete,linear,0.0044,0.1,1,3,0.8352877053906327
L-Concrete,concrete,linear,0.0044,0.1,1,4,0.8223645878966316
L-Concrete,concrete,linear,0.0044,0.1,2,3,0.9280404017346664
L-Concrete,concrete,linear,0.0044,0.1,2,4,0.8735013916534419
L-Concrete,concrete,linear,0.0044,0.1,3,4,0.9140080912080828
L-Concrete,concrete,linear,0.0055,0.1,0,1,0.9247607717013578
L-Concrete,concrete,linear,0.0055,0.1,0,2,0.9333826315966663
L-Concrete,concrete,linear,0.0055,0.1,0,3,0.8434126520286045
L-Concrete,concrete,linear,0.0055,0.1,0,4,0.9450718153109282
L-Concrete,concrete,linear,0.0055,0.1,1,2,0.931100497282039
L-Concrete,concrete,linear,0.0055,0.1,1,3,0.8711596707923288
L-Concrete,concrete,linear,0.0055,0.1,1,4,0.9336292351098044
L-Concrete,concrete,linear,0.0055,0.1,2,3,0.8849382331881382
L-Concrete,concrete,linear,0.0055,0.1,2,4,0.9689848505521212
L-Concrete,concrete,linear,0.0055,0.1,3,4,0.8781254185619624
L-Concrete,concrete,linear,0.0066,0.1,0,1,0.9058938080069706
L-Concrete,concrete,linear,0.0066,0.1,0,2,0.910309761951838
L-Concrete,concrete,linear,0.0066,0.1,0,3,0.9042458133272484
L-Concrete,concrete,linear,0.0066,0.1,0,4,0.8802955647630474
L-Concrete,concrete,linear,0.0066,0.1,1,2,0.8904867475853976
L-Concrete,concrete,linear,0.0066,0.1,1,3,0.8595066313508912
L-Concrete,concrete,linear,0.0066,0.1,1,4,0.9113278627920944
L-Concrete,concrete,linear,0.0066,0.1,2,3,0.9203369382656464
L-Concrete,concrete,linear,0.0066,0.1,2,4,0.9244096613248904
L-Concrete,concrete,linear,0.0066,0.1,3,4,0.8712409438857082
L-Concrete,concrete,linear,0.0011,0.2,0,1,0.962680963691124
L-Concrete,concrete,linear,0.0011,0.2,0,2,0.9562980299194888
L-Concrete,concrete,linear,0.0011,0.2,0,3,0.9456961230549616
L-Concrete,concrete,linear,0.0011,0.2,0,4,0.9405319531105084
L-Concrete,concrete,linear,0.0011,0.2,1,2,0.9871582335623694
L-Concrete,concrete,linear,0.0011,0.2,1,3,0.9802332011656016
L-Concrete,concrete,linear,0.0011,0.2,1,4,0.9835669743200022
L-Concrete,concrete,linear,0.0011,0.2,2,3,0.9569749515478696
L-Concrete,concrete,linear,0.0011,0.2,2,4,0.9645777379281884
L-Concrete,concrete,linear,0.0011,0.2,3,4,0.982586324536228
L-Concrete,concrete,linear,0.00165,0.2,0,1,0.961244239166218
L-Concrete,concrete,linear,0.00165,0.2,0,2,0.9703219963499672
L-Concrete,concrete,linear,0.00165,0.2,0,3,0.9592342599950804
L-Concrete,concrete,linear,0.00165,0.2,0,4,0.984703249908366
L-Concrete,concrete,linear,0.00165,0.2,1,2,0.9436380978132892
L-Concrete,concrete,linear,0.00165,0.2,1,3,0.9514647684573094
L-Concrete,concrete,linear,0.00165,0.2,1,4,0.974049763232714
L-Concrete,concrete,linear,0.00165,0.2,2,3,0.9663201270091636
L-Concrete,concrete,linear,0.00165,0.2,2,4,0.9573714137818012
L-Concrete,concrete,linear,0.00165,0.2,3,4,0.9527830516695084
L-Concrete,concrete,linear,0.0022,0.2,0,1,0.8724705597346989
L-Concrete,concrete,linear,0.0022,0.2,0,2,0.978250799962716
L-Concrete,concrete,linear,0.0022,0.2,0,3,0.9565824050318066
L-Concrete,concrete,linear,0.0022,0.2,0,4,0.9718267921202148
L-Concrete,concrete,linear,0.0022,0.2,1,2,0.8876563360126992
L-Concrete,concrete,linear,0.0022,0.2,1,3,0.9096462764674572
L-Concrete,concrete,linear,0.0022,0.2,1,4,0.8907556236924392
L-Concrete,concrete,linear,0.0022,0.2,2,3,0.9451671113336398
L-Concrete,concrete,linear,0.0022,0.2,2,4,0.9416321365076378
L-Concrete,concrete,linear,0.0022,0.2,3,4,0.9726175398222257
L-Concrete,concrete,linear,0.00275,0.2,0,1,0.8829096915383821
L-Concrete,concrete,linear,0.00275,0.2,0,2,0.9609823731263856
L-Concrete,concrete,linear,0.00275,0.2,0,3,0.9343204470976856
L-Concrete,concrete,linear,0.00275,0.2,0,4,0.7171570512353658
L-Concrete,concrete,linear,0.00275,0.2,1,2,0.9345354112151146
L-Concrete,concrete,linear,0.00275,0.2,1,3,0.9085606530517067
L-Concrete,concrete,linear,0.00275,0.2,1,4,0.8625937363391478
L-Concrete,concrete,linear,0.00275,0.2,2,3,0.963297225770508
L-Concrete,concrete,linear,0.00275,0.2,2,4,0.7976215887487978
L-Concrete,concrete,linear,0.00275,0.2,3,4,0.7535775204958718
L-Concrete,concrete,linear,0.0033,0.2,0,1,0.7788600202250668
L-Concrete,concrete,linear,0.0033,0.2,0,2,0.8651165723172536
L-Concrete,concrete,linear,0.0033,0.2,0,3,0.7676295645630328
L-Concrete,concrete,linear,0.0033,0.2,0,4,0.8146725111748593
L-Concrete,concrete,linear,0.0033,0.2,1,2,0.9148916999950888
L-Concrete,concrete,linear,0.0033,0.2,1,3,0.8962443463259872
L-Concrete,concrete,linear,0.0033,0.2,1,4,0.9483331912508174
L-Concrete,concrete,linear,0.0033,0.2,2,3,0.8867003136653945
L-Concrete,concrete,linear,0.0033,0.2,2,4,0.8850027016788243
L-Concrete,concrete,linear,0.0033,0.2,3,4,0.8807763258556093
L-Concrete,concrete,linear,0.0044,0.2,0,1,0.9628521175459996
L-Concrete,concrete,linear,0.0044,0.2,0,2,0.7781295544265837
L-Concrete,concrete,linear,0.0044,0.2,0,3,0.8901077164512151
L-Concrete,concrete,linear,0.0044,0.2,0,4,0.8648110858925254
L-Concrete,concrete,linear,0.0044,0.2,1,2,0.8157493601187777
L-Concrete,concrete,linear,0.0044,0.2,1,3,0.8892950562427648
L-Concrete,concrete,linear,0.0044,0.2,1,4,0.8850377309853551
L-Concrete,concrete,linear,0.0044,0.2,2,3,0.9119031751749408
L-Concrete,concrete,linear,0.0044,0.2,2,4,0.9009309723037096
L-Concrete,concrete,linear,0.0044,0.2,3,4,0.918240816698012
L-Concrete,concrete,linear,0.0055,0.2,0,1,0.7056070998953176
L-Concrete,concrete,linear,0.0055,0.2,0,2,0.8533289615106997
L-Concrete,concrete,linear,0.0055,0.2,0,3,0.8010347707334778
L-Concrete,concrete,linear,0.0055,0.2,0,4,0.470046284288251
L-Concrete,concrete,linear,0.0055,0.2,1,2,0.888164808885689
L-Concrete,concrete,linear,0.0055,0.2,1,3,0.811302899345672
L-Concrete,concrete,linear,0.0055,0.2,1,4,0.7882133208121094
L-Concrete,concrete,linear,0.0055,0.2,2,3,0.8419276878419196
L-Concrete,concrete,linear,0.0055,0.2,2,4,0.6971437968225168
L-Concrete,concrete,linear,0.0055,0.2,3,4,0.5355639263355715
L-Concrete,concrete,linear,0.0066,0.2,0,1,0.9278359525404812
L-Concrete,concrete,linear,0.0066,0.2,0,2,0.9012062875499632
L-Concrete,concrete,linear,0.0066,0.2,0,3,0.9324109244646548
L-Concrete,concrete,linear,0.0066,0.2,0,4,0.8105491055679247
L-Concrete,concrete,linear,0.0066,0.2,1,2,0.9238672954744414
L-Concrete,concrete,linear,0.0066,0.2,1,3,0.9522001371120552
L-Concrete,concrete,linear,0.0066,0.2,1,4,0.7916122946316381
L-Concrete,concrete,linear,0.0066,0.2,2,3,0.9258582638612742
L-Concrete,concrete,linear,0.0066,0.2,2,4,0.8182899699876276
L-Concrete,concrete,linear,0.0066,0.2,3,4,0.7690755999220834
L-Concrete,concrete,linear,0.0011,0.4,0,1,0.9389207635947526
L-Concrete,concrete,linear,0.0011,0.4,0,2,0.9522596853982054
L-Concrete,concrete,linear,0.0011,0.4,0,3,0.9247176310246312
L-Concrete,concrete,linear,0.0011,0.4,0,4,0.8902732358340617
L-Concrete,concrete,linear,0.0011,0.4,1,2,0.9686185723509018
L-Concrete,concrete,linear,0.0011,0.4,1,3,0.9802485120555956
L-Concrete,concrete,linear,0.0011,0.4,1,4,0.7178400828348241
L-Concrete,concrete,linear,0.0011,0.4,2,3,0.983625165624016
L-Concrete,concrete,linear,0.0011,0.4,2,4,0.7467894969884066
L-Concrete,concrete,linear,0.0011,0.4,3,4,0.6722432190872131
L-Concrete,concrete,linear,0.00165,0.4,0,1,0.8950155889123371
L-Concrete,concrete,linear,0.00165,0.4,0,2,0.9708796645456234
L-Concrete,concrete,linear,0.00165,0.4,0,3,0.9686895135026916
L-Concrete,concrete,linear,0.00165,0.4,0,4,0.9641613833049492
L-Concrete,concrete,linear,0.00165,0.4,1,2,0.9092931990748632
L-Concrete,concrete,linear,0.00165,0.4,1,3,0.9260215167394622
L-Concrete,concrete,linear,0.00165,0.4,1,4,0.8663747823485609
L-Concrete,concrete,linear,0.00165,0.4,2,3,0.9722079442667644
L-Concrete,concrete,linear,0.00165,0.4,2,4,0.97882219211209
L-Concrete,concrete,linear,0.00165,0.4,3,4,0.9731785520870652
L-Concrete,concrete,linear,0.0022,0.4,0,1,0.9491223858736691
L-Concrete,concrete,linear,0.0022,0.4,0,2,0.973369194162788
L-Concrete,concrete,linear,0.0022,0.4,0,3,0.942401757574693
L-Concrete,concrete,linear,0.0022,0.4,0,4,0.9655564373215026
L-Concrete,concrete,linear,0.0022,0.4,1,2,0.971978588100038
L-Concrete,concrete,linear,0.0022,0.4,1,3,0.9444771513306076
L-Concrete,concrete,linear,0.0022,0.4,1,4,0.9350618985838084
L-Concrete,concrete,linear,0.0022,0.4,2,3,0.9474142229891624
L-Concrete,concrete,linear,0.0022,0.4,2,4,0.9657512493613616
L-Concrete,concrete,linear,0.0022,0.4,3,4,0.974198755171008
L-Concrete,concrete,linear,0.00275,0.4,0,1,0.5362688410766729
L-Concrete,concrete,linear,0.00275,0.4,0,2,0.7059393618387549
L-Concrete,concrete,linear,0.00275,0.4,0,3,0.7019136339720998
L-Concrete,concrete,linear,0.00275,0.4,0,4,0.7295452368636705
L-Concrete,concrete,linear,0.00275,0.4,1,2,0.9487859056120828
L-Concrete,concrete,linear,0.00275,0.4,1,3,0.8561574725289826
L-Concrete,concrete,linear,0.00275,0.4,1,4,0.8982553519196299
L-Concrete,concrete,linear,0.00275,0.4,2,3,0.8758016618956787
L-Concrete,concrete,linear,0.00275,0.4,2,4,0.974043377593786
L-Concrete,concrete,linear,0.00275,0.4,3,4,0.842294785499338
L-Concrete,concrete,linear,0.0033,0.4,0,1,0.9382895598264552
L-Concrete,concrete,linear,0.0033,0.4,0,2,0.9562371776649046
L-Concrete,concrete,linear,0.0033,0.4,0,3,0.9129120139629606
L-Concrete,concrete,linear,0.0033,0.4,0,4,0.9522112608762572
L-Concrete,concrete,linear,0.0033,0.4,1,2,0.8854639933862603
L-Concrete,concrete,linear,0.0033,0.4,1,3,0.817770504407467
L-Concrete,concrete,linear,0.0033,0.4,1,4,0.9371096986921356
L-Concrete,concrete,linear,0.0033,0.4,2,3,0.8675185353144892
L-Concrete,concrete,linear,0.0033,0.4,2,4,0.8961986109440094
L-Concrete,concrete,linear,0.0033,0.4,3,4,0.931068050683348
L-Concrete,concrete,linear,0.0044,0.4,0,1,0.7846635542613568
L-Concrete,concrete,linear,0.0044,0.4,0,2,0.909077073727444
L-Concrete,concrete,linear,0.0044,0.4,0,3,0.7908865937861954
L-Concrete,concrete,linear,0.0044,0.4,0,4,0.915458919747848
L-Concrete,concrete,linear,0.0044,0.4,1,2,0.8269725601226705
L-Concrete,concrete,linear,0.0044,0.4,1,3,0.7731373719996124
L-Concrete,concrete,linear,0.0044,0.4,1,4,0.8608169508022696
L-Concrete,concrete,linear,0.0044,0.4,2,3,0.7883570900365635
L-Concrete,concrete,linear,0.0044,0.4,2,4,0.9108668791479232
L-Concrete,concrete,linear,0.0044,0.4,3,4,0.7700607583936794
L-Concrete,concrete,linear,0.0055,0.4,0,1,0.8995507661780734
L-Concrete,concrete,linear,0.0055,0.4,0,2,0.8231644334039924
L-Concrete,concrete,linear,0.0055,0.4,0,3,0.8727611488798388
L-Concrete,concrete,linear,0.0055,0.4,0,4,0.8566097196128315
L-Concrete,concrete,linear,0.0055,0.4,1,2,0.882789291232419
L-Concrete,concrete,linear,0.0055,0.4,1,3,0.8922012502397635
L-Concrete,concrete,linear,0.0055,0.4,1,4,0.8599032751912069
L-Concrete,concrete,linear,0.0055,0.4,2,3,0.8258611724704993
L-Concrete,concrete,linear,0.0055,0.4,2,4,0.7963384085256503
L-Concrete,concrete,linear,0.0055,0.4,3,4,0.8810101483950387
L-Concrete,concrete,linear,0.0066,0.4,0,1,0.8745351871094706
L-Concrete,concrete,linear,0.0066,0.4,0,2,0.7819235706942044
L-Concrete,concrete,linear,0.0066,0.4,0,3,0.8623319523028972
L-Concrete,concrete,linear,0.0066,0.4,0,4,0.918115385568407
L-Concrete,concrete,linear,0.0066,0.4,1,2,0.6278424111393791
L-Concrete,concrete,linear,0.0066,0.4,1,3,0.9287050877198202
L-Concrete,concrete,linear,0.0066,0.4,1,4,0.9037665836672056
L-Concrete,concrete,linear,0.0066,0.4,2,3,0.6211905677914018
L-Concrete,concrete,linear,0.0066,0.4,2,4,0.6928706475282157
L-Concrete,concrete,linear,0.0066,0.4,3,4,0.8923045865708926
