histology,n_test,cindex,model_family,predictor,lambda_sparse,lambda_sample_smooth,seed
infiltratingductalcarcinoma,220,0.6415711947626841,LSPIN,mlp,0.0035,0.0,10123
infiltratinglobularcarcinoma,60,0.6349206349206349,LSPIN,mlp,0.0035,0.0,10123
other,23,0.6216216216216216,LSPIN,mlp,0.0035,0.0,10123
infiltratingductalcarcinoma,220,0.6749590834697218,LSPIN,mlp,0.0035,0.0,10124
infiltratinglobularcarcinoma,60,0.6402116402116402,LSPIN,mlp,0.0035,0.0,10124
other,23,0.5675675675675675,LSPIN,mlp,0.0035,0.0,10124
infiltratingductalcarcinoma,220,0.5898527004909984,LSPIN,mlp,0.0035,0.0,10125
infiltratinglobularcarcinoma,60,0.6931216931216931,LSPIN,mlp,0.0035,0.0,10125
other,23,0.5135135135135135,LSPIN,mlp,0.0035,0.0,10125
infiltratingductalcarcinoma,220,0.6821603927986907,LSPIN,mlp,0.0035,0.0,10126
infiltratinglobularcarcinoma,60,0.5767195767195767,LSPIN,mlp,0.0035,0.0,10126
other,23,0.7297297297297297,LSPIN,mlp,0.0035,0.0,10126
infiltratingductalcarcinoma,220,0.6543371522094926,LSPIN,mlp,0.0035,0.0,10127
infiltratinglobularcarcinoma,60,0.6402116402116402,LSPIN,mlp,0.0035,0.0,10127
other,23,0.4864864864864865,LSPIN,mlp,0.0035,0.0,10127
infiltratingductalcarcinoma,220,0.6058919803600654,LSPIN,mlp,0.00525,0.0,20123
infiltratinglobularcarcinoma,60,0.5873015873015873,LSPIN,mlp,0.00525,0.0,20123
other,23,0.5405405405405406,LSPIN,mlp,0.00525,0.0,20123
infiltratingductalcarcinoma,220,0.6824877250409165,LSPIN,mlp,0.00525,0.0,20124
infiltratinglobularcarcinoma,60,0.656084656084656,LSPIN,mlp,0.00525,0.0,20124
other,23,0.4594594594594595,LSPIN,mlp,0.00525,0.0,20124
infiltratingductalcarcinoma,220,0.67430441898527,LSPIN,mlp,0.00525,0.0,20125
infiltratinglobularcarcinoma,60,0.5555555555555556,LSPIN,mlp,0.00525,0.0,20125
other,23,0.6216216216216216,LSPIN,mlp,0.00525,0.0,20125
infiltratingductalcarcinoma,220,0.6942716857610475,LSPIN,mlp,0.00525,0.0,20126
infiltratinglobularcarcinoma,60,0.5608465608465608,LSPIN,mlp,0.00525,0.0,20126
other,23,0.5675675675675675,LSPIN,mlp,0.00525,0.0,20126
infiltratingductalcarcinoma,220,0.6458265139116203,LSPIN,mlp,0.00525,0.0,20127
infiltratinglobularcarcinoma,60,0.5767195767195767,LSPIN,mlp,0.00525,0.0,20127
other,23,0.5675675675675675,LSPIN,mlp,0.00525,0.0,20127
infiltratingductalcarcinoma,220,0.555810147299509,LSPIN,mlp,0.007,0.0,30123
infiltratinglobularcarcinoma,60,0.4444444444444444,LSPIN,mlp,0.007,0.0,30123
other,23,0.5945945945945946,LSPIN,mlp,0.007,0.0,30123
infiltratingductalcarcinoma,220,0.6297872340425532,LSPIN,mlp,0.007,0.0,30124
infiltratinglobularcarcinoma,60,0.6084656084656085,LSPIN,mlp,0.007,0.0,30124
other,23,0.5405405405405406,LSPIN,mlp,0.007,0.0,30124
infiltratingductalcarcinoma,220,0.6490998363338789,LSPIN,mlp,0.007,0.0,30125
infiltratinglobularcarcinoma,60,0.5978835978835979,LSPIN,mlp,0.007,0.0,30125
other,23,0.5135135135135135,LSPIN,mlp,0.007,0.0,30125
infiltratingductalcarcinoma,220,0.6058919803600654,LSPIN,mlp,0.007,0.0,30126
infiltratinglobularcarcinoma,60,0.6084656084656085,LSPIN,mlp,0.007,0.0,30126
other,23,0.6216216216216216,LSPIN,mlp,0.007,0.0,30126
infiltratingductalcarcinoma,220,0.6703764320785598,LSPIN,mlp,0.007,0.0,30127
infiltratinglobularcarcinoma,60,0.4656084656084656,LSPIN,mlp,0.007,0.0,30127
other,23,0.6216216216216216,LSPIN,mlp,0.007,0.0,30127
infiltratingductalcarcinoma,220,0.5885433715220949,LSPIN,mlp,0.00875,0.0,40123
infiltratinglobularcarcinoma,60,0.3809523809523809,LSPIN,mlp,0.00875,0.0,40123
other,23,0.4324324324324324,LSPIN,mlp,0.00875,0.0,40123
infiltratingductalcarcinoma,220,0.6317512274959084,LSPIN,mlp,0.00875,0.0,40124
infiltratinglobularcarcinoma,60,0.455026455026455,LSPIN,mlp,0.00875,0.0,40124
other,23,0.3783783783783784,LSPIN,mlp,0.00875,0.0,40124
infiltratingductalcarcinoma,220,0.6078559738134206,LSPIN,mlp,0.00875,0.0,40125
infiltratinglobularcarcinoma,60,0.6296296296296297,LSPIN,mlp,0.00875,0.0,40125
other,23,0.4324324324324324,LSPIN,mlp,0.00875,0.0,40125
infiltratingductalcarcinoma,220,0.6327332242225859,LSPIN,mlp,0.00875,0.0,40126
infiltratinglobularcarcinoma,60,0.6243386243386243,LSPIN,mlp,0.00875,0.0,40126
other,23,0.3783783783783784,LSPIN,mlp,0.00875,0.0,40126
infiltratingductalcarcinoma,220,0.6510638297872341,LSPIN,mlp,0.00875,0.0,40127
infiltratinglobularcarcinoma,60,0.6402116402116402,LSPIN,mlp,0.00875,0.0,40127
other,23,0.7567567567567568,LSPIN,mlp,0.00875,0.0,40127
infiltratingductalcarcinoma,220,0.6173486088379705,LSPIN,mlp,0.0105,0.0,50123
infiltratinglobularcarcinoma,60,0.3915343915343915,LSPIN,mlp,0.0105,0.0,50123
other,23,0.6216216216216216,LSPIN,mlp,0.0105,0.0,50123
infiltratingductalcarcinoma,220,0.6363338788870704,LSPIN,mlp,0.0105,0.0,50124
infiltratinglobularcarcinoma,60,0.5661375661375662,LSPIN,mlp,0.0105,0.0,50124
other,23,0.5675675675675675,LSPIN,mlp,0.0105,0.0,50124
infiltratingductalcarcinoma,220,0.5888707037643208,LSPIN,mlp,0.0105,0.0,50125
infiltratinglobularcarcinoma,60,0.4708994708994709,LSPIN,mlp,0.0105,0.0,50125
other,23,0.4864864864864865,LSPIN,mlp,0.0105,0.0,50125
infiltratingductalcarcinoma,220,0.611783960720131,LSPIN,mlp,0.0105,0.0,50126
infiltratinglobularcarcinoma,60,0.5873015873015873,LSPIN,mlp,0.0105,0.0,50126
other,23,0.6486486486486487,LSPIN,mlp,0.0105,0.0,50126
infiltratingductalcarcinoma,220,0.6566284779050736,LSPIN,mlp,0.0105,0.0,50127
infiltratinglobularcarcinoma,60,0.5714285714285714,LSPIN,mlp,0.0105,0.0,50127
other,23,0.4594594594594595,LSPIN,mlp,0.0105,0.0,50127
infiltratingductalcarcinoma,220,0.6045826513911621,LSPIN,mlp,0.014,0.0,60123
infiltratinglobularcarcinoma,60,0.4708994708994709,LSPIN,mlp,0.014,0.0,60123
other,23,0.5945945945945946,LSPIN,mlp,0.014,0.0,60123
infiltratingductalcarcinoma,220,0.6180032733224222,LSPIN,mlp,0.014,0.0,60124
infiltratinglobularcarcinoma,60,0.4285714285714285,LSPIN,mlp,0.014,0.0,60124
other,23,0.6756756756756757,LSPIN,mlp,0.014,0.0,60124
infiltratingductalcarcinoma,220,0.6962356792144027,LSPIN,mlp,0.014,0.0,60125
infiltratinglobularcarcinoma,60,0.6243386243386243,LSPIN,mlp,0.014,0.0,60125
other,23,0.6756756756756757,LSPIN,mlp,0.014,0.0,60125
infiltratingductalcarcinoma,220,0.6369885433715221,LSPIN,mlp,0.014,0.0,60126
infiltratinglobularcarcinoma,60,0.328042328042328,LSPIN,mlp,0.014,0.0,60126
other,23,0.4864864864864865,LSPIN,mlp,0.014,0.0,60126
infiltratingductalcarcinoma,220,0.6432078559738135,LSPIN,mlp,0.014,0.0,60127
infiltratinglobularcarcinoma,60,0.3333333333333333,LSPIN,mlp,0.014,0.0,60127
other,23,0.5135135135135135,LSPIN,mlp,0.014,0.0,60127
infiltratingductalcarcinoma,220,0.6494271685761047,LSPIN,mlp,0.021,0.0,70123
infiltratinglobularcarcinoma,60,0.5608465608465608,LSPIN,mlp,0.021,0.0,70123
other,23,0.5675675675675675,LSPIN,mlp,0.021,0.0,70123
infiltratingductalcarcinoma,220,0.5335515548281505,LSPIN,mlp,0.021,0.0,70124
infiltratinglobularcarcinoma,60,0.5767195767195767,LSPIN,mlp,0.021,0.0,70124
other,23,0.4594594594594595,LSPIN,mlp,0.021,0.0,70124
infiltratingductalcarcinoma,220,0.6222585924713584,LSPIN,mlp,0.021,0.0,70125
infiltratinglobularcarcinoma,60,0.6931216931216931,LSPIN,mlp,0.021,0.0,70125
other,23,0.5135135135135135,LSPIN,mlp,0.021,0.0,70125
infiltratingductalcarcinoma,220,0.5797054009819967,LSPIN,mlp,0.021,0.0,70126
infiltratinglobularcarcinoma,60,0.6190476190476191,LSPIN,mlp,0.021,0.0,70126
other,23,0.5405405405405406,LSPIN,mlp,0.021,0.0,70126
infiltratingductalcarcinoma,220,0.5833060556464812,LSPIN,mlp,0.021,0.0,70127
infiltratinglobularcarcinoma,60,0.291005291005291,LSPIN,mlp,0.021,0.0,70127
other,23,0.4594594594594595,LSPIN,mlp,0.021,0.0,70127
infiltratingductalcarcinoma,220,0.6013093289689034,LSPIN,mlp,0.028,0.0,80123
infiltratinglobularcarcinoma,60,0.582010582010582,LSPIN,mlp,0.028,0.0,80123
other,23,0.4864864864864865,LSPIN,mlp,0.028,0.0,80123
infiltratingductalcarcinoma,220,0.6343698854337152,LSPIN,mlp,0.028,0.0,80124
infiltratinglobularcarcinoma,60,0.3492063492063492,LSPIN,mlp,0.028,0.0,80124
other,23,0.5675675675675675,LSPIN,mlp,0.028,0.0,80124
infiltratingductalcarcinoma,220,0.5355155482815057,LSPIN,mlp,0.028,0.0,80125
infiltratinglobularcarcinoma,60,0.2857142857142857,LSPIN,mlp,0.028,0.0,80125
other,23,0.5405405405405406,LSPIN,mlp,0.028,0.0,80125
infiltratingductalcarcinoma,220,0.5829787234042553,LSPIN,mlp,0.028,0.0,80126
infiltratinglobularcarcinoma,60,0.5978835978835979,LSPIN,mlp,0.028,0.0,80126
other,23,0.6486486486486487,LSPIN,mlp,0.028,0.0,80126
infiltratingductalcarcinoma,220,0.5273322422258593,LSPIN,mlp,0.028,0.0,80127
infiltratinglobularcarcinoma,60,0.4074074074074074,LSPIN,mlp,0.028,0.0,80127
other,23,0.4324324324324324,LSPIN,mlp,0.028,0.0,80127
infiltratingductalcarcinoma,220,0.602291325695581,LSPIN,mlp,0.0035,0.1,90123
infiltratinglobularcarcinoma,60,0.5555555555555556,LSPIN,mlp,0.0035,0.1,90123
other,23,0.5135135135135135,LSPIN,mlp,0.0035,0.1,90123
infiltratingductalcarcinoma,220,0.6075286415711948,LSPIN,mlp,0.0035,0.1,90124
infiltratinglobularcarcinoma,60,0.582010582010582,LSPIN,mlp,0.0035,0.1,90124
other,23,0.5405405405405406,LSPIN,mlp,0.0035,0.1,90124
infiltratingductalcarcinoma,220,0.6294599018003273,LSPIN,mlp,0.0035,0.1,90125
infiltratinglobularcarcinoma,60,0.5873015873015873,LSPIN,mlp,0.0035,0.1,90125
other,23,0.6216216216216216,LSPIN,mlp,0.0035,0.1,90125
infiltratingductalcarcinoma,220,0.6104746317512275,LSPIN,mlp,0.0035,0.1,90126
infiltratinglobularcarcinoma,60,0.544973544973545,LSPIN,mlp,0.0035,0.1,90126
other,23,0.5675675675675675,LSPIN,mlp,0.0035,0.1,90126
infiltratingductalcarcinoma,220,0.6631751227495908,LSPIN,mlp,0.0035,0.1,90127
infiltratinglobularcarcinoma,60,0.7037037037037037,LSPIN,mlp,0.0035,0.1,90127
other,23,0.5675675675675675,LSPIN,mlp,0.0035,0.1,90127
infiltratingductalcarcinoma,220,0.6504091653027824,LSPIN,mlp,0.00525,0.1,100123
infiltratinglobularcarcinoma,60,0.5661375661375662,LSPIN,mlp,0.00525,0.1,100123
other,23,0.6216216216216216,LSPIN,mlp,0.00525,0.1,100123
infiltratingductalcarcinoma,220,0.6346972176759411,LSPIN,mlp,0.00525,0.1,100124
infiltratinglobularcarcinoma,60,0.492063492063492,LSPIN,mlp,0.00525,0.1,100124
other,23,0.5135135135135135,LSPIN,mlp,0.00525,0.1,100124
infiltratingductalcarcinoma,220,0.6481178396072013,LSPIN,mlp,0.00525,0.1,100125
infiltratinglobularcarcinoma,60,0.582010582010582,LSPIN,mlp,0.00525,0.1,100125
other,23,0.5135135135135135,LSPIN,mlp,0.00525,0.1,100125
infiltratingductalcarcinoma,220,0.6569558101472995,LSPIN,mlp,0.00525,0.1,100126
infiltratinglobularcarcinoma,60,0.5291005291005291,LSPIN,mlp,0.00525,0.1,100126
other,23,0.6486486486486487,LSPIN,mlp,0.00525,0.1,100126
infiltratingductalcarcinoma,220,0.6572831423895253,LSPIN,mlp,0.00525,0.1,100127
infiltratinglobularcarcinoma,60,0.656084656084656,LSPIN,mlp,0.00525,0.1,100127
other,23,0.5405405405405406,LSPIN,mlp,0.00525,0.1,100127
infiltratingductalcarcinoma,220,0.6726677577741408,LSPIN,mlp,0.007,0.1,110123
infiltratinglobularcarcinoma,60,0.4761904761904761,LSPIN,mlp,0.007,0.1,110123
other,23,0.5675675675675675,LSPIN,mlp,0.007,0.1,110123
infiltratingductalcarcinoma,220,0.6428805237315875,LSPIN,mlp,0.007,0.1,110124
infiltratinglobularcarcinoma,60,0.6455026455026455,LSPIN,mlp,0.007,0.1,110124
other,23,0.7027027027027027,LSPIN,mlp,0.007,0.1,110124
infiltratingductalcarcinoma,220,0.6258592471358428,LSPIN,mlp,0.007,0.1,110125
infiltratinglobularcarcinoma,60,0.3227513227513227,LSPIN,mlp,0.007,0.1,110125
other,23,0.5135135135135135,LSPIN,mlp,0.007,0.1,110125
infiltratingductalcarcinoma,220,0.6749590834697218,LSPIN,mlp,0.007,0.1,110126
infiltratinglobularcarcinoma,60,0.6613756613756614,LSPIN,mlp,0.007,0.1,110126
other,23,0.6486486486486487,LSPIN,mlp,0.007,0.1,110126
infiltratingductalcarcinoma,220,0.6202945990180033,LSPIN,mlp,0.007,0.1,110127
infiltratinglobularcarcinoma,60,0.5396825396825397,LSPIN,mlp,0.007,0.1,110127
other,23,0.4864864864864865,LSPIN,mlp,0.007,0.1,110127
infiltratingductalcarcinoma,220,0.6363338788870704,LSPIN,mlp,0.00875,0.1,120123
infiltratinglobularcarcinoma,60,0.6613756613756614,LSPIN,mlp,0.00875,0.1,120123
other,23,0.6486486486486487,LSPIN,mlp,0.00875,0.1,120123
infiltratingductalcarcinoma,220,0.6297872340425532,LSPIN,mlp,0.00875,0.1,120124
infiltratinglobularcarcinoma,60,0.5502645502645502,LSPIN,mlp,0.00875,0.1,120124
other,23,0.6216216216216216,LSPIN,mlp,0.00875,0.1,120124
infiltratingductalcarcinoma,220,0.5414075286415712,LSPIN,mlp,0.00875,0.1,120125
infiltratinglobularcarcinoma,60,0.5132275132275133,LSPIN,mlp,0.00875,0.1,120125
other,23,0.6486486486486487,LSPIN,mlp,0.00875,0.1,120125
infiltratingductalcarcinoma,220,0.6448445171849427,LSPIN,mlp,0.00875,0.1,120126
infiltratinglobularcarcinoma,60,0.6666666666666666,LSPIN,mlp,0.00875,0.1,120126
other,23,0.8108108108108109,LSPIN,mlp,0.00875,0.1,120126
infiltratingductalcarcinoma,220,0.6445171849427168,LSPIN,mlp,0.00875,0.1,120127
infiltratinglobularcarcinoma,60,0.5396825396825397,LSPIN,mlp,0.00875,0.1,120127
other,23,0.5945945945945946,LSPIN,mlp,0.00875,0.1,120127
infiltratingductalcarcinoma,220,0.5993453355155482,LSPIN,mlp,0.0105,0.1,130123
infiltratinglobularcarcinoma,60,0.671957671957672,LSPIN,mlp,0.0105,0.1,130123
other,23,0.5135135135135135,LSPIN,mlp,0.0105,0.1,130123
infiltratingductalcarcinoma,220,0.5914893617021276,LSPIN,mlp,0.0105,0.1,130124
infiltratinglobularcarcinoma,60,0.6296296296296297,LSPIN,mlp,0.0105,0.1,130124
other,23,0.6216216216216216,LSPIN,mlp,0.0105,0.1,130124
infiltratingductalcarcinoma,220,0.613747954173486,LSPIN,mlp,0.0105,0.1,130125
infiltratinglobularcarcinoma,60,0.7619047619047619,LSPIN,mlp,0.0105,0.1,130125
other,23,0.7027027027027027,LSPIN,mlp,0.0105,0.1,130125
infiltratingductalcarcinoma,220,0.6225859247135843,LSPIN,mlp,0.0105,0.1,130126
infiltratinglobularcarcinoma,60,0.7777777777777778,LSPIN,mlp,0.0105,0.1,130126
other,23,0.5945945945945946,LSPIN,mlp,0.0105,0.1,130126
infiltratingductalcarcinoma,220,0.597708674304419,LSPIN,mlp,0.0105,0.1,130127
infiltratinglobularcarcinoma,60,0.5873015873015873,LSPIN,mlp,0.0105,0.1,130127
other,23,0.6216216216216216,LSPIN,mlp,0.0105,0.1,130127
infiltratingductalcarcinoma,220,0.5548281505728314,LSPIN,mlp,0.014,0.1,140123
infiltratinglobularcarcinoma,60,0.5608465608465608,LSPIN,mlp,0.014,0.1,140123
other,23,0.5135135135135135,LSPIN,mlp,0.014,0.1,140123
infiltratingductalcarcinoma,220,0.6026186579378069,LSPIN,mlp,0.014,0.1,140124
infiltratinglobularcarcinoma,60,0.5343915343915344,LSPIN,mlp,0.014,0.1,140124
other,23,0.8648648648648649,LSPIN,mlp,0.014,0.1,140124
infiltratingductalcarcinoma,220,0.6556464811783961,LSPIN,mlp,0.014,0.1,140125
infiltratinglobularcarcinoma,60,0.5238095238095238,LSPIN,mlp,0.014,0.1,140125
other,23,0.3243243243243243,LSPIN,mlp,0.014,0.1,140125
infiltratingductalcarcinoma,220,0.4968903436988543,LSPIN,mlp,0.014,0.1,140126
infiltratinglobularcarcinoma,60,0.4444444444444444,LSPIN,mlp,0.014,0.1,140126
other,23,0.6216216216216216,LSPIN,mlp,0.014,0.1,140126
infiltratingductalcarcinoma,220,0.5564648117839607,LSPIN,mlp,0.014,0.1,140127
infiltratinglobularcarcinoma,60,0.5925925925925926,LSPIN,mlp,0.014,0.1,140127
other,23,0.4864864864864865,LSPIN,mlp,0.014,0.1,140127
infiltratingductalcarcinoma,220,0.6625204582651392,LSPIN,mlp,0.021,0.1,150123
infiltratinglobularcarcinoma,60,0.4973544973544973,LSPIN,mlp,0.021,0.1,150123
other,23,0.4864864864864865,LSPIN,mlp,0.021,0.1,150123
infiltratingductalcarcinoma,220,0.6543371522094926,LSPIN,mlp,0.021,0.1,150124
infiltratinglobularcarcinoma,60,0.4708994708994709,LSPIN,mlp,0.021,0.1,150124
other,23,0.5405405405405406,LSPIN,mlp,0.021,0.1,150124
infiltratingductalcarcinoma,220,0.5918166939443535,LSPIN,mlp,0.021,0.1,150125
infiltratinglobularcarcinoma,60,0.7724867724867724,LSPIN,mlp,0.021,0.1,150125
other,23,0.5945945945945946,LSPIN,mlp,0.021,0.1,150125
infiltratingductalcarcinoma,220,0.6471358428805237,LSPIN,mlp,0.021,0.1,150126
infiltratinglobularcarcinoma,60,0.582010582010582,LSPIN,mlp,0.021,0.1,150126
other,23,0.4324324324324324,LSPIN,mlp,0.021,0.1,150126
infiltratingductalcarcinoma,220,0.5777414075286416,LSPIN,mlp,0.021,0.1,150127
infiltratinglobularcarcinoma,60,0.4973544973544973,LSPIN,mlp,0.021,0.1,150127
other,23,0.4864864864864865,LSPIN,mlp,0.021,0.1,150127
infiltratingductalcarcinoma,220,0.5793780687397708,LSPIN,mlp,0.028,0.1,160123
infiltratinglobularcarcinoma,60,0.5925925925925926,LSPIN,mlp,0.028,0.1,160123
other,23,0.6216216216216216,LSPIN,mlp,0.028,0.1,160123
infiltratingductalcarcinoma,220,0.6494271685761047,LSPIN,mlp,0.028,0.1,160124
infiltratinglobularcarcinoma,60,0.5767195767195767,LSPIN,mlp,0.028,0.1,160124
other,23,0.4324324324324324,LSPIN,mlp,0.028,0.1,160124
infiltratingductalcarcinoma,220,0.6088379705400983,LSPIN,mlp,0.028,0.1,160125
infiltratinglobularcarcinoma,60,0.4285714285714285,LSPIN,mlp,0.028,0.1,160125
other,23,0.4864864864864865,LSPIN,mlp,0.028,0.1,160125
infiltratingductalcarcinoma,220,0.5011456628477905,LSPIN,mlp,0.028,0.1,160126
infiltratinglobularcarcinoma,60,0.4814814814814814,LSPIN,mlp,0.028,0.1,160126
other,23,0.5675675675675675,LSPIN,mlp,0.028,0.1,160126
infiltratingductalcarcinoma,220,0.6343698854337152,LSPIN,mlp,0.028,0.1,160127
infiltratinglobularcarcinoma,60,0.6666666666666666,LSPIN,mlp,0.028,0.1,160127
other,23,0.4594594594594595,LSPIN,mlp,0.028,0.1,160127
infiltratingductalcarcinoma,220,0.5967266775777414,LSPIN,mlp,0.0035,0.2,170123
infiltratinglobularcarcinoma,60,0.5079365079365079,LSPIN,mlp,0.0035,0.2,170123
other,23,0.5135135135135135,LSPIN,mlp,0.0035,0.2,170123
infiltratingductalcarcinoma,220,0.6,LSPIN,mlp,0.0035,0.2,170124
infiltratinglobularcarcinoma,60,0.7248677248677249,LSPIN,mlp,0.0035,0.2,170124
other,23,0.5405405405405406,LSPIN,mlp,0.0035,0.2,170124
infiltratingductalcarcinoma,220,0.6432078559738135,LSPIN,mlp,0.0035,0.2,170125
infiltratinglobularcarcinoma,60,0.6666666666666666,LSPIN,mlp,0.0035,0.2,170125
other,23,0.5405405405405406,LSPIN,mlp,0.0035,0.2,170125
infiltratingductalcarcinoma,220,0.6405891980360066,LSPIN,mlp,0.0035,0.2,170126
infiltratinglobularcarcinoma,60,0.5661375661375662,LSPIN,mlp,0.0035,0.2,170126
other,23,0.5675675675675675,LSPIN,mlp,0.0035,0.2,170126
infiltratingductalcarcinoma,220,0.6654664484451719,LSPIN,mlp,0.0035,0.2,170127
infiltratinglobularcarcinoma,60,0.5555555555555556,LSPIN,mlp,0.0035,0.2,170127
other,23,0.5135135135135135,LSPIN,mlp,0.0035,0.2,170127
infiltratingductalcarcinoma,220,0.6540098199672668,LSPIN,mlp,0.00525,0.2,180123
infiltratinglobularcarcinoma,60,0.6455026455026455,LSPIN,mlp,0.00525,0.2,180123
other,23,0.5945945945945946,LSPIN,mlp,0.00525,0.2,180123
infiltratingductalcarcinoma,220,0.5698854337152209,LSPIN,mlp,0.00525,0.2,180124
infiltratinglobularcarcinoma,60,0.656084656084656,LSPIN,mlp,0.00525,0.2,180124
other,23,0.5675675675675675,LSPIN,mlp,0.00525,0.2,180124
infiltratingductalcarcinoma,220,0.5659574468085107,LSPIN,mlp,0.00525,0.2,180125
infiltratinglobularcarcinoma,60,0.6031746031746031,LSPIN,mlp,0.00525,0.2,180125
other,23,0.6216216216216216,LSPIN,mlp,0.00525,0.2,180125
infiltratingductalcarcinoma,220,0.6513911620294599,LSPIN,mlp,0.00525,0.2,180126
infiltratinglobularcarcinoma,60,0.6084656084656085,LSPIN,mlp,0.00525,0.2,180126
other,23,0.5675675675675675,LSPIN,mlp,0.00525,0.2,180126
infiltratingductalcarcinoma,220,0.6147299509001637,LSPIN,mlp,0.00525,0.2,180127
infiltratinglobularcarcinoma,60,0.5661375661375662,LSPIN,mlp,0.00525,0.2,180127
other,23,0.5945945945945946,LSPIN,mlp,0.00525,0.2,180127
infiltratingductalcarcinoma,220,0.6068739770867431,LSPIN,mlp,0.007,0.2,190123
infiltratinglobularcarcinoma,60,0.6455026455026455,LSPIN,mlp,0.007,0.2,190123
other,23,0.5675675675675675,LSPIN,mlp,0.007,0.2,190123
infiltratingductalcarcinoma,220,0.6585924713584288,LSPIN,mlp,0.007,0.2,190124
infiltratinglobularcarcinoma,60,0.5608465608465608,LSPIN,mlp,0.007,0.2,190124
other,23,0.5135135135135135,LSPIN,mlp,0.007,0.2,190124
infiltratingductalcarcinoma,220,0.5545008183306056,LSPIN,mlp,0.007,0.2,190125
infiltratinglobularcarcinoma,60,0.544973544973545,LSPIN,mlp,0.007,0.2,190125
other,23,0.5405405405405406,LSPIN,mlp,0.007,0.2,190125
infiltratingductalcarcinoma,220,0.6618657937806874,LSPIN,mlp,0.007,0.2,190126
infiltratinglobularcarcinoma,60,0.4973544973544973,LSPIN,mlp,0.007,0.2,190126
other,23,0.7297297297297297,LSPIN,mlp,0.007,0.2,190126
infiltratingductalcarcinoma,220,0.639607201309329,LSPIN,mlp,0.007,0.2,190127
infiltratinglobularcarcinoma,60,0.5661375661375662,LSPIN,mlp,0.007,0.2,190127
other,23,0.6216216216216216,LSPIN,mlp,0.007,0.2,190127
infiltratingductalcarcinoma,220,0.5764320785597381,LSPIN,mlp,0.00875,0.2,200123
infiltratinglobularcarcinoma,60,0.6772486772486772,LSPIN,mlp,0.00875,0.2,200123
other,23,0.4594594594594595,LSPIN,mlp,0.00875,0.2,200123
infiltratingductalcarcinoma,220,0.6265139116202946,LSPIN,mlp,0.00875,0.2,200124
infiltratinglobularcarcinoma,60,0.4708994708994709,LSPIN,mlp,0.00875,0.2,200124
other,23,0.5945945945945946,LSPIN,mlp,0.00875,0.2,200124
infiltratingductalcarcinoma,220,0.676595744680851,LSPIN,mlp,0.00875,0.2,200125
infiltratinglobularcarcinoma,60,0.5978835978835979,LSPIN,mlp,0.00875,0.2,200125
other,23,0.8378378378378378,LSPIN,mlp,0.00875,0.2,200125
infiltratingductalcarcinoma,220,0.563011456628478,LSPIN,mlp,0.00875,0.2,200126
infiltratinglobularcarcinoma,60,0.4973544973544973,LSPIN,mlp,0.00875,0.2,200126
other,23,0.5945945945945946,LSPIN,mlp,0.00875,0.2,200126
infiltratingductalcarcinoma,220,0.6477905073649755,LSPIN,mlp,0.00875,0.2,200127
infiltratinglobularcarcinoma,60,0.5132275132275133,LSPIN,mlp,0.00875,0.2,200127
other,23,0.5675675675675675,LSPIN,mlp,0.00875,0.2,200127
infiltratingductalcarcinoma,220,0.676923076923077,LSPIN,mlp,0.0105,0.2,210123
infiltratinglobularcarcinoma,60,0.6507936507936508,LSPIN,mlp,0.0105,0.2,210123
other,23,0.5135135135135135,LSPIN,mlp,0.0105,0.2,210123
infiltratingductalcarcinoma,220,0.6062193126022913,LSPIN,mlp,0.0105,0.2,210124
infiltratinglobularcarcinoma,60,0.4761904761904761,LSPIN,mlp,0.0105,0.2,210124
other,23,0.5135135135135135,LSPIN,mlp,0.0105,0.2,210124
infiltratingductalcarcinoma,220,0.6058919803600654,LSPIN,mlp,0.0105,0.2,210125
infiltratinglobularcarcinoma,60,0.5396825396825397,LSPIN,mlp,0.0105,0.2,210125
other,23,0.5945945945945946,LSPIN,mlp,0.0105,0.2,210125
infiltratingductalcarcinoma,220,0.5414075286415712,LSPIN,mlp,0.0105,0.2,210126
infiltratinglobularcarcinoma,60,0.5925925925925926,LSPIN,mlp,0.0105,0.2,210126
other,23,0.5135135135135135,LSPIN,mlp,0.0105,0.2,210126
infiltratingductalcarcinoma,220,0.5774140752864158,LSPIN,mlp,0.0105,0.2,210127
infiltratinglobularcarcinoma,60,0.5291005291005291,LSPIN,mlp,0.0105,0.2,210127
other,23,0.5675675675675675,LSPIN,mlp,0.0105,0.2,210127
infiltratingductalcarcinoma,220,0.630114566284779,LSPIN,mlp,0.014,0.2,220123
infiltratinglobularcarcinoma,60,0.5555555555555556,LSPIN,mlp,0.014,0.2,220123
other,23,0.6216216216216216,LSPIN,mlp,0.014,0.2,220123
infiltratingductalcarcinoma,220,0.630114566284779,LSPIN,mlp,0.014,0.2,220124
infiltratinglobularcarcinoma,60,0.5079365079365079,LSPIN,mlp,0.014,0.2,220124
other,23,0.5405405405405406,LSPIN,mlp,0.014,0.2,220124
infiltratingductalcarcinoma,220,0.5698854337152209,LSPIN,mlp,0.014,0.2,220125
infiltratinglobularcarcinoma,60,0.4074074074074074,LSPIN,mlp,0.014,0.2,220125
other,23,0.6216216216216216,LSPIN,mlp,0.014,0.2,220125
infiltratingductalcarcinoma,220,0.6327332242225859,LSPIN,mlp,0.014,0.2,220126
infiltratinglobularcarcinoma,60,0.5608465608465608,LSPIN,mlp,0.014,0.2,220126
other,23,0.6756756756756757,LSPIN,mlp,0.014,0.2,220126
infiltratingductalcarcinoma,220,0.5679214402618658,LSPIN,mlp,0.014,0.2,220127
infiltratinglobularcarcinoma,60,0.6137566137566137,LSPIN,mlp,0.014,0.2,220127
other,23,0.6486486486486487,LSPIN,mlp,0.014,0.2,220127
infiltratingductalcarcinoma,220,0.6124386252045827,LSPIN,mlp,0.021,0.2,230123
infiltratinglobularcarcinoma,60,0.5291005291005291,LSPIN,mlp,0.021,0.2,230123
other,23,0.5135135135135135,LSPIN,mlp,0.021,0.2,230123
infiltratingductalcarcinoma,220,0.5826513911620295,LSPIN,mlp,0.021,0.2,230124
infiltratinglobularcarcinoma,60,0.6190476190476191,LSPIN,mlp,0.021,0.2,230124
other,23,0.5945945945945946,LSPIN,mlp,0.021,0.2,230124
infiltratingductalcarcinoma,220,0.5620294599018003,LSPIN,mlp,0.021,0.2,230125
infiltratinglobularcarcinoma,60,0.5555555555555556,LSPIN,mlp,0.021,0.2,230125
other,23,0.5405405405405406,LSPIN,mlp,0.021,0.2,230125
infiltratingductalcarcinoma,220,0.6016366612111292,LSPIN,mlp,0.021,0.2,230126
infiltratinglobularcarcinoma,60,0.365079365079365,LSPIN,mlp,0.021,0.2,230126
other,23,0.4594594594594595,LSPIN,mlp,0.021,0.2,230126
infiltratingductalcarcinoma,220,0.6360065466448446,LSPIN,mlp,0.021,0.2,230127
infiltratinglobularcarcinoma,60,0.5978835978835979,LSPIN,mlp,0.021,0.2,230127
other,23,0.4864864864864865,LSPIN,mlp,0.021,0.2,230127
infiltratingductalcarcinoma,220,0.6389525368248773,LSPIN,mlp,0.028,0.2,240123
infiltratinglobularcarcinoma,60,0.6296296296296297,LSPIN,mlp,0.028,0.2,240123
other,23,0.5675675675675675,LSPIN,mlp,0.028,0.2,240123
infiltratingductalcarcinoma,220,0.628150572831424,LSPIN,mlp,0.028,0.2,240124
infiltratinglobularcarcinoma,60,0.3386243386243386,LSPIN,mlp,0.028,0.2,240124
other,23,0.3243243243243243,LSPIN,mlp,0.028,0.2,240124
infiltratingductalcarcinoma,220,0.6356792144026187,LSPIN,mlp,0.028,0.2,240125
infiltratinglobularcarcinoma,60,0.5185185185185185,LSPIN,mlp,0.028,0.2,240125
other,23,0.6756756756756757,LSPIN,mlp,0.028,0.2,240125
infiltratingductalcarcinoma,220,0.6304418985270049,LSPIN,mlp,0.028,0.2,240126
infiltratinglobularcarcinoma,60,0.5714285714285714,LSPIN,mlp,0.028,0.2,240126
other,23,0.3513513513513513,LSPIN,mlp,0.028,0.2,240126
infiltratingductalcarcinoma,220,0.5947626841243863,LSPIN,mlp,0.028,0.2,240127
infiltratinglobularcarcinoma,60,0.6243386243386243,LSPIN,mlp,0.028,0.2,240127
other,23,0.6486486486486487,LSPIN,mlp,0.028,0.2,240127
infiltratingductalcarcinoma,220,0.6599018003273323,LSPIN,mlp,0.0035,0.4,250123
infiltratinglobularcarcinoma,60,0.582010582010582,LSPIN,mlp,0.0035,0.4,250123
other,23,0.4324324324324324,LSPIN,mlp,0.0035,0.4,250123
infiltratingductalcarcinoma,220,0.6700490998363339,LSPIN,mlp,0.0035,0.4,250124
infiltratinglobularcarcinoma,60,0.5185185185185185,LSPIN,mlp,0.0035,0.4,250124
other,23,0.5405405405405406,LSPIN,mlp,0.0035,0.4,250124
infiltratingductalcarcinoma,220,0.6775777414075287,LSPIN,mlp,0.0035,0.4,250125
infiltratinglobularcarcinoma,60,0.4814814814814814,LSPIN,mlp,0.0035,0.4,250125
other,23,0.6486486486486487,LSPIN,mlp,0.0035,0.4,250125
infiltratingductalcarcinoma,220,0.6680851063829787,LSPIN,mlp,0.0035,0.4,250126
infiltratinglobularcarcinoma,60,0.544973544973545,LSPIN,mlp,0.0035,0.4,250126
other,23,0.6216216216216216,LSPIN,mlp,0.0035,0.4,250126
infiltratingductalcarcinoma,220,0.6189852700490999,LSPIN,mlp,0.0035,0.4,250127
infiltratinglobularcarcinoma,60,0.5502645502645502,LSPIN,mlp,0.0035,0.4,250127
other,23,0.5135135135135135,LSPIN,mlp,0.0035,0.4,250127
infiltratingductalcarcinoma,220,0.6091653027823241,LSPIN,mlp,0.00525,0.4,260123
infiltratinglobularcarcinoma,60,0.4814814814814814,LSPIN,mlp,0.00525,0.4,260123
other,23,0.5675675675675675,LSPIN,mlp,0.00525,0.4,260123
infiltratingductalcarcinoma,220,0.6252045826513911,LSPIN,mlp,0.00525,0.4,260124
infiltratinglobularcarcinoma,60,0.5185185185185185,LSPIN,mlp,0.00525,0.4,260124
other,23,0.5945945945945946,LSPIN,mlp,0.00525,0.4,260124
infiltratingductalcarcinoma,220,0.6088379705400983,LSPIN,mlp,0.00525,0.4,260125
infiltratinglobularcarcinoma,60,0.5608465608465608,LSPIN,mlp,0.00525,0.4,260125
other,23,0.5675675675675675,LSPIN,mlp,0.00525,0.4,260125
infiltratingductalcarcinoma,220,0.6451718494271685,LSPIN,mlp,0.00525,0.4,260126
infiltratinglobularcarcinoma,60,0.8095238095238095,LSPIN,mlp,0.00525,0.4,260126
other,23,0.5135135135135135,LSPIN,mlp,0.00525,0.4,260126
infiltratingductalcarcinoma,220,0.6690671031096563,LSPIN,mlp,0.00525,0.4,260127
infiltratinglobularcarcinoma,60,0.544973544973545,LSPIN,mlp,0.00525,0.4,260127
other,23,0.6756756756756757,LSPIN,mlp,0.00525,0.4,260127
infiltratingductalcarcinoma,220,0.6013093289689034,LSPIN,mlp,0.007,0.4,270123
infiltratinglobularcarcinoma,60,0.6878306878306878,LSPIN,mlp,0.007,0.4,270123
other,23,0.5675675675675675,LSPIN,mlp,0.007,0.4,270123
infiltratingductalcarcinoma,220,0.5659574468085107,LSPIN,mlp,0.007,0.4,270124
infiltratinglobularcarcinoma,60,0.5978835978835979,LSPIN,mlp,0.007,0.4,270124
other,23,0.6216216216216216,LSPIN,mlp,0.007,0.4,270124
infiltratingductalcarcinoma,220,0.6206219312602291,LSPIN,mlp,0.007,0.4,270125
infiltratinglobularcarcinoma,60,0.5608465608465608,LSPIN,mlp,0.007,0.4,270125
other,23,0.6486486486486487,LSPIN,mlp,0.007,0.4,270125
infiltratingductalcarcinoma,220,0.6828150572831424,LSPIN,mlp,0.007,0.4,270126
infiltratinglobularcarcinoma,60,0.5978835978835979,LSPIN,mlp,0.007,0.4,270126
other,23,0.5405405405405406,LSPIN,mlp,0.007,0.4,270126
infiltratingductalcarcinoma,220,0.5338788870703765,LSPIN,mlp,0.007,0.4,270127
infiltratinglobularcarcinoma,60,0.5714285714285714,LSPIN,mlp,0.007,0.4,270127
other,23,0.6486486486486487,LSPIN,mlp,0.007,0.4,270127
infiltratingductalcarcinoma,220,0.5855973813420622,LSPIN,mlp,0.00875,0.4,280123
infiltratinglobularcarcinoma,60,0.5608465608465608,LSPIN,mlp,0.00875,0.4,280123
other,23,0.5405405405405406,LSPIN,mlp,0.00875,0.4,280123
infiltratingductalcarcinoma,220,0.6258592471358428,LSPIN,mlp,0.00875,0.4,280124
infiltratinglobularcarcinoma,60,0.5925925925925926,LSPIN,mlp,0.00875,0.4,280124
other,23,0.6216216216216216,LSPIN,mlp,0.00875,0.4,280124
infiltratingductalcarcinoma,220,0.5839607201309329,LSPIN,mlp,0.00875,0.4,280125
infiltratinglobularcarcinoma,60,0.6772486772486772,LSPIN,mlp,0.00875,0.4,280125
other,23,0.4864864864864865,LSPIN,mlp,0.00875,0.4,280125
infiltratingductalcarcinoma,220,0.6733224222585925,LSPIN,mlp,0.00875,0.4,280126
infiltratinglobularcarcinoma,60,0.455026455026455,LSPIN,mlp,0.00875,0.4,280126
other,23,0.5135135135135135,LSPIN,mlp,0.00875,0.4,280126
infiltratingductalcarcinoma,220,0.6045826513911621,LSPIN,mlp,0.00875,0.4,280127
infiltratinglobularcarcinoma,60,0.5661375661375662,LSPIN,mlp,0.00875,0.4,280127
other,23,0.5405405405405406,LSPIN,mlp,0.00875,0.4,280127
infiltratingductalcarcinoma,220,0.6415711947626841,LSPIN,mlp,0.0105,0.4,290123
infiltratinglobularcarcinoma,60,0.544973544973545,LSPIN,mlp,0.0105,0.4,290123
other,23,0.5405405405405406,LSPIN,mlp,0.0105,0.4,290123
infiltratingductalcarcinoma,220,0.5656301145662848,LSPIN,mlp,0.0105,0.4,290124
infiltratinglobularcarcinoma,60,0.4761904761904761,LSPIN,mlp,0.0105,0.4,290124
other,23,0.5405405405405406,LSPIN,mlp,0.0105,0.4,290124
infiltratingductalcarcinoma,220,0.5770867430441898,LSPIN,mlp,0.0105,0.4,290125
infiltratinglobularcarcinoma,60,0.4761904761904761,LSPIN,mlp,0.0105,0.4,290125
other,23,0.5135135135135135,LSPIN,mlp,0.0105,0.4,290125
infiltratingductalcarcinoma,220,0.6062193126022913,LSPIN,mlp,0.0105,0.4,290126
infiltratinglobularcarcinoma,60,0.5714285714285714,LSPIN,mlp,0.0105,0.4,290126
other,23,0.5945945945945946,LSPIN,mlp,0.0105,0.4,290126
infiltratingductalcarcinoma,220,0.5689034369885434,LSPIN,mlp,0.0105,0.4,290127
infiltratinglobularcarcinoma,60,0.5343915343915344,LSPIN,mlp,0.0105,0.4,290127
other,23,0.5675675675675675,LSPIN,mlp,0.0105,0.4,290127
infiltratingductalcarcinoma,220,0.6379705400981996,LSPIN,mlp,0.014,0.4,300123
infiltratinglobularcarcinoma,60,0.7883597883597884,LSPIN,mlp,0.014,0.4,300123
other,23,0.4594594594594595,LSPIN,mlp,0.014,0.4,300123
infiltratingductalcarcinoma,220,0.563011456628478,LSPIN,mlp,0.014,0.4,300124
infiltratinglobularcarcinoma,60,0.4603174603174603,LSPIN,mlp,0.014,0.4,300124
other,23,0.6216216216216216,LSPIN,mlp,0.014,0.4,300124
infiltratingductalcarcinoma,220,0.5666121112929624,LSPIN,mlp,0.014,0.4,300125
infiltratinglobularcarcinoma,60,0.544973544973545,LSPIN,mlp,0.014,0.4,300125
other,23,0.5405405405405406,LSPIN,mlp,0.014,0.4,300125
infiltratingductalcarcinoma,220,0.6284779050736498,LSPIN,mlp,0.014,0.4,300126
infiltratinglobularcarcinoma,60,0.5555555555555556,LSPIN,mlp,0.014,0.4,300126
other,23,0.4864864864864865,LSPIN,mlp,0.014,0.4,300126
infiltratingductalcarcinoma,220,0.6288052373158756,LSPIN,mlp,0.014,0.4,300127
infiltratinglobularcarcinoma,60,0.5502645502645502,LSPIN,mlp,0.014,0.4,300127
other,23,0.5135135135135135,LSPIN,mlp,0.014,0.4,300127
infiltratingductalcarcinoma,220,0.5378068739770867,LSPIN,mlp,0.021,0.4,310123
infiltratinglobularcarcinoma,60,0.5396825396825397,LSPIN,mlp,0.021,0.4,310123
other,23,0.5405405405405406,LSPIN,mlp,0.021,0.4,310123
infiltratingductalcarcinoma,220,0.6042553191489362,LSPIN,mlp,0.021,0.4,310124
infiltratinglobularcarcinoma,60,0.365079365079365,LSPIN,mlp,0.021,0.4,310124
other,23,0.6216216216216216,LSPIN,mlp,0.021,0.4,310124
infiltratingductalcarcinoma,220,0.6998363338788871,LSPIN,mlp,0.021,0.4,310125
infiltratinglobularcarcinoma,60,0.6666666666666666,LSPIN,mlp,0.021,0.4,310125
other,23,0.6756756756756757,LSPIN,mlp,0.021,0.4,310125
infiltratingductalcarcinoma,220,0.5839607201309329,LSPIN,mlp,0.021,0.4,310126
infiltratinglobularcarcinoma,60,0.6084656084656085,LSPIN,mlp,0.021,0.4,310126
other,23,0.5135135135135135,LSPIN,mlp,0.021,0.4,310126
infiltratingductalcarcinoma,220,0.5662847790507365,LSPIN,mlp,0.021,0.4,310127
infiltratinglobularcarcinoma,60,0.5132275132275133,LSPIN,mlp,0.021,0.4,310127
other,23,0.4054054054054054,LSPIN,mlp,0.021,0.4,310127
infiltratingductalcarcinoma,220,0.5872340425531914,LSPIN,mlp,0.028,0.4,320123
infiltratinglobularcarcinoma,60,0.6349206349206349,LSPIN,mlp,0.028,0.4,320123
other,23,0.5675675675675675,LSPIN,mlp,0.028,0.4,320123
infiltratingductalcarcinoma,220,0.5869067103109656,LSPIN,mlp,0.028,0.4,320124
infiltratinglobularcarcinoma,60,0.6243386243386243,LSPIN,mlp,0.028,0.4,320124
other,23,0.5945945945945946,LSPIN,mlp,0.028,0.4,320124
infiltratingductalcarcinoma,220,0.6304418985270049,LSPIN,mlp,0.028,0.4,320125
infiltratinglobularcarcinoma,60,0.6772486772486772,LSPIN,mlp,0.028,0.4,320125
other,23,0.5405405405405406,LSPIN,mlp,0.028,0.4,320125
infiltratingductalcarcinoma,220,0.5662847790507365,LSPIN,mlp,0.028,0.4,320126
infiltratinglobularcarcinoma,60,0.4391534391534391,LSPIN,mlp,0.028,0.4,320126
other,23,0.5945945945945946,LSPIN,mlp,0.028,0.4,320126
infiltratingductalcarcinoma,220,0.6052373158756138,LSPIN,mlp,0.028,0.4,320127
infiltratinglobularcarcinoma,60,0.5026455026455027,LSPIN,mlp,0.028,0.4,320127
other,23,0.3783783783783784,LSPIN,mlp,0.028,0.4,320127
infiltratingductalcarcinoma,220,0.6310965630114567,LSPIN,mlp,0.0035,0.0,330123
infiltratinglobularcarcinoma,60,0.5555555555555556,LSPIN,mlp,0.0035,0.0,330123
other,23,0.3783783783783784,LSPIN,mlp,0.0035,0.0,330123
infiltratingductalcarcinoma,220,0.6527004909983634,LSPIN,mlp,0.0035,0.0,330124
infiltratinglobularcarcinoma,60,0.4338624338624338,LSPIN,mlp,0.0035,0.0,330124
other,23,0.5135135135135135,LSPIN,mlp,0.0035,0.0,330124
infiltratingductalcarcinoma,220,0.7063829787234043,LSPIN,mlp,0.0035,0.0,330125
infiltratinglobularcarcinoma,60,0.5873015873015873,LSPIN,mlp,0.0035,0.0,330125
other,23,0.5675675675675675,LSPIN,mlp,0.0035,0.0,330125
infiltratingductalcarcinoma,220,0.6461538461538462,LSPIN,mlp,0.0035,0.0,330126
infiltratinglobularcarcinoma,60,0.5608465608465608,LSPIN,mlp,0.0035,0.0,330126
other,23,0.5405405405405406,LSPIN,mlp,0.0035,0.0,330126
infiltratingductalcarcinoma,220,0.6314238952536825,LSPIN,mlp,0.0035,0.0,330127
infiltratinglobularcarcinoma,60,0.5714285714285714,LSPIN,mlp,0.0035,0.0,330127
other,23,0.5405405405405406,LSPIN,mlp,0.0035,0.0,330127
infiltratingductalcarcinoma,220,0.5387888707037644,LSPIN,mlp,0.00525,0.0,340123
infiltratinglobularcarcinoma,60,0.4867724867724867,LSPIN,mlp,0.00525,0.0,340123
other,23,0.3513513513513513,LSPIN,mlp,0.00525,0.0,340123
infiltratingductalcarcinoma,220,0.6327332242225859,LSPIN,mlp,0.00525,0.0,340124
infiltratinglobularcarcinoma,60,0.4708994708994709,LSPIN,mlp,0.00525,0.0,340124
other,23,0.5675675675675675,LSPIN,mlp,0.00525,0.0,340124
infiltratingductalcarcinoma,220,0.6759410801963993,LSPIN,mlp,0.00525,0.0,340125
infiltratinglobularcarcinoma,60,0.4338624338624338,LSPIN,mlp,0.00525,0.0,340125
other,23,0.5945945945945946,LSPIN,mlp,0.00525,0.0,340125
infiltratingductalcarcinoma,220,0.6058919803600654,LSPIN,mlp,0.00525,0.0,340126
infiltratinglobularcarcinoma,60,0.492063492063492,LSPIN,mlp,0.00525,0.0,340126
other,23,0.7027027027027027,LSPIN,mlp,0.00525,0.0,340126
infiltratingductalcarcinoma,220,0.6307692307692307,LSPIN,mlp,0.00525,0.0,340127
infiltratinglobularcarcinoma,60,0.5661375661375662,LSPIN,mlp,0.00525,0.0,340127
other,23,0.5405405405405406,LSPIN,mlp,0.00525,0.0,340127
infiltratingductalcarcinoma,220,0.639607201309329,LSPIN,mlp,0.007,0.0,350123
infiltratinglobularcarcinoma,60,0.5767195767195767,LSPIN,mlp,0.007,0.0,350123
other,23,0.5945945945945946,LSPIN,mlp,0.007,0.0,350123
infiltratingductalcarcinoma,220,0.6166939443535189,LSPIN,mlp,0.007,0.0,350124
infiltratinglobularcarcinoma,60,0.4761904761904761,LSPIN,mlp,0.007,0.0,350124
other,23,0.6216216216216216,LSPIN,mlp,0.007,0.0,350124
infiltratingductalcarcinoma,220,0.5963993453355155,LSPIN,mlp,0.007,0.0,350125
infiltratinglobularcarcinoma,60,0.6137566137566137,LSPIN,mlp,0.007,0.0,350125
other,23,0.6216216216216216,LSPIN,mlp,0.007,0.0,350125
infiltratingductalcarcinoma,220,0.5636661211129296,LSPIN,mlp,0.007,0.0,350126
infiltratinglobularcarcinoma,60,0.656084656084656,LSPIN,mlp,0.007,0.0,350126
other,23,0.6216216216216216,LSPIN,mlp,0.007,0.0,350126
infiltratingductalcarcinoma,220,0.613747954173486,LSPIN,mlp,0.007,0.0,350127
infiltratinglobularcarcinoma,60,0.582010582010582,LSPIN,mlp,0.007,0.0,350127
other,23,0.2702702702702703,LSPIN,mlp,0.007,0.0,350127
infiltratingductalcarcinoma,220,0.6052373158756138,LSPIN,mlp,0.00875,0.0,360123
infiltratinglobularcarcinoma,60,0.6190476190476191,LSPIN,mlp,0.00875,0.0,360123
other,23,0.5405405405405406,LSPIN,mlp,0.00875,0.0,360123
infiltratingductalcarcinoma,220,0.6212765957446809,LSPIN,mlp,0.00875,0.0,360124
infiltratinglobularcarcinoma,60,0.5873015873015873,LSPIN,mlp,0.00875,0.0,360124
other,23,0.5675675675675675,LSPIN,mlp,0.00875,0.0,360124
infiltratingductalcarcinoma,220,0.6579378068739771,LSPIN,mlp,0.00875,0.0,360125
infiltratinglobularcarcinoma,60,0.4814814814814814,LSPIN,mlp,0.00875,0.0,360125
other,23,0.4594594594594595,LSPIN,mlp,0.00875,0.0,360125
infiltratingductalcarcinoma,220,0.5924713584288053,LSPIN,mlp,0.00875,0.0,360126
infiltratinglobularcarcinoma,60,0.6349206349206349,LSPIN,mlp,0.00875,0.0,360126
other,23,0.5675675675675675,LSPIN,mlp,0.00875,0.0,360126
infiltratingductalcarcinoma,220,0.6225859247135843,LSPIN,mlp,0.00875,0.0,360127
infiltratinglobularcarcinoma,60,0.5925925925925926,LSPIN,mlp,0.00875,0.0,360127
other,23,0.4324324324324324,LSPIN,mlp,0.00875,0.0,360127
infiltratingductalcarcinoma,220,0.6350245499181669,LSPIN,mlp,0.0105,0.0,370123
infiltratinglobularcarcinoma,60,0.6031746031746031,LSPIN,mlp,0.0105,0.0,370123
other,23,0.4864864864864865,LSPIN,mlp,0.0105,0.0,370123
infiltratingductalcarcinoma,220,0.6085106382978723,LSPIN,mlp,0.0105,0.0,370124
infiltratinglobularcarcinoma,60,0.6455026455026455,LSPIN,mlp,0.0105,0.0,370124
other,23,0.4864864864864865,LSPIN,mlp,0.0105,0.0,370124
infiltratingductalcarcinoma,220,0.7031096563011456,LSPIN,mlp,0.0105,0.0,370125
infiltratinglobularcarcinoma,60,0.6825396825396826,LSPIN,mlp,0.0105,0.0,370125
other,23,0.5675675675675675,LSPIN,mlp,0.0105,0.0,370125
infiltratingductalcarcinoma,220,0.597708674304419,LSPIN,mlp,0.0105,0.0,370126
infiltratinglobularcarcinoma,60,0.5873015873015873,LSPIN,mlp,0.0105,0.0,370126
other,23,0.8918918918918919,LSPIN,mlp,0.0105,0.0,370126
infiltratingductalcarcinoma,220,0.5623567921440262,LSPIN,mlp,0.0105,0.0,370127
infiltratinglobularcarcinoma,60,0.5396825396825397,LSPIN,mlp,0.0105,0.0,370127
other,23,0.7837837837837838,LSPIN,mlp,0.0105,0.0,370127
infiltratingductalcarcinoma,220,0.6176759410801964,LSPIN,mlp,0.014,0.0,380123
infiltratinglobularcarcinoma,60,0.4444444444444444,LSPIN,mlp,0.014,0.0,380123
other,23,0.5135135135135135,LSPIN,mlp,0.014,0.0,380123
infiltratingductalcarcinoma,220,0.627823240589198,LSPIN,mlp,0.014,0.0,380124
infiltratinglobularcarcinoma,60,0.5396825396825397,LSPIN,mlp,0.014,0.0,380124
other,23,0.5135135135135135,LSPIN,mlp,0.014,0.0,380124
infiltratingductalcarcinoma,220,0.6386252045826514,LSPIN,mlp,0.014,0.0,380125
infiltratinglobularcarcinoma,60,0.7354497354497355,LSPIN,mlp,0.014,0.0,380125
other,23,0.4594594594594595,LSPIN,mlp,0.014,0.0,380125
infiltratingductalcarcinoma,220,0.4991816693944353,LSPIN,mlp,0.014,0.0,380126
infiltratinglobularcarcinoma,60,0.5238095238095238,LSPIN,mlp,0.014,0.0,380126
other,23,0.5675675675675675,LSPIN,mlp,0.014,0.0,380126
infiltratingductalcarcinoma,220,0.5702127659574469,LSPIN,mlp,0.014,0.0,380127
infiltratinglobularcarcinoma,60,0.6613756613756614,LSPIN,mlp,0.014,0.0,380127
other,23,0.4864864864864865,LSPIN,mlp,0.014,0.0,380127
infiltratingductalcarcinoma,220,0.5725040916530278,LSPIN,mlp,0.021,0.0,390123
infiltratinglobularcarcinoma,60,0.3756613756613756,LSPIN,mlp,0.021,0.0,390123
other,23,0.4864864864864865,LSPIN,mlp,0.021,0.0,390123
infiltratingductalcarcinoma,220,0.6733224222585925,LSPIN,mlp,0.021,0.0,390124
infiltratinglobularcarcinoma,60,0.6666666666666666,LSPIN,mlp,0.021,0.0,390124
other,23,0.3783783783783784,LSPIN,mlp,0.021,0.0,390124
infiltratingductalcarcinoma,220,0.4824877250409165,LSPIN,mlp,0.021,0.0,390125
infiltratinglobularcarcinoma,60,0.5555555555555556,LSPIN,mlp,0.021,0.0,390125
other,23,0.3783783783783784,LSPIN,mlp,0.021,0.0,390125
infiltratingductalcarcinoma,220,0.5175122749590835,LSPIN,mlp,0.021,0.0,390126
infiltratinglobularcarcinoma,60,0.365079365079365,LSPIN,mlp,0.021,0.0,390126
other,23,0.2702702702702703,LSPIN,mlp,0.021,0.0,390126
infiltratingductalcarcinoma,220,0.565302782324059,LSPIN,mlp,0.021,0.0,390127
infiltratinglobularcarcinoma,60,0.5978835978835979,LSPIN,mlp,0.021,0.0,390127
other,23,0.4054054054054054,LSPIN,mlp,0.021,0.0,390127
infiltratingductalcarcinoma,220,0.6471358428805237,LSPIN,mlp,0.028,0.0,400123
infiltratinglobularcarcinoma,60,0.4391534391534391,LSPIN,mlp,0.028,0.0,400123
other,23,0.2702702702702703,LSPIN,mlp,0.028,0.0,400123
infiltratingductalcarcinoma,220,0.5960720130932897,LSPIN,mlp,0.028,0.0,400124
infiltratinglobularcarcinoma,60,0.5026455026455027,LSPIN,mlp,0.028,0.0,400124
other,23,0.2972972972972973,LSPIN,mlp,0.028,0.0,400124
infiltratingductalcarcinoma,220,0.6572831423895253,LSPIN,mlp,0.028,0.0,400125
infiltratinglobularcarcinoma,60,0.544973544973545,LSPIN,mlp,0.028,0.0,400125
other,23,0.3783783783783784,LSPIN,mlp,0.028,0.0,400125
infiltratingductalcarcinoma,220,0.5322422258592472,LSPIN,mlp,0.028,0.0,400126
infiltratinglobularcarcinoma,60,0.5714285714285714,LSPIN,mlp,0.028,0.0,400126
other,23,0.3243243243243243,LSPIN,mlp,0.028,0.0,400126
infiltratingductalcarcinoma,220,0.662847790507365,LSPIN,mlp,0.028,0.0,400127
infiltratinglobularcarcinoma,60,0.5925925925925926,LSPIN,mlp,0.028,0.0,400127
other,23,0.3243243243243243,LSPIN,mlp,0.028,0.0,400127
infiltratingductalcarcinoma,220,0.6782324058919803,LSPIN,mlp,0.0035,0.1,410123
infiltratinglobularcarcinoma,60,0.7936507936507936,LSPIN,mlp,0.0035,0.1,410123
other,23,0.6756756756756757,LSPIN,mlp,0.0035,0.1,410123
infiltratingductalcarcinoma,220,0.6376432078559738,LSPIN,mlp,0.0035,0.1,410124
infiltratinglobularcarcinoma,60,0.582010582010582,LSPIN,mlp,0.0035,0.1,410124
other,23,0.6756756756756757,LSPIN,mlp,0.0035,0.1,410124
infiltratingductalcarcinoma,220,0.5764320785597381,LSPIN,mlp,0.0035,0.1,410125
infiltratinglobularcarcinoma,60,0.6296296296296297,LSPIN,mlp,0.0035,0.1,410125
other,23,0.5675675675675675,LSPIN,mlp,0.0035,0.1,410125
infiltratingductalcarcinoma,220,0.6785597381342062,LSPIN,mlp,0.0035,0.1,410126
infiltratinglobularcarcinoma,60,0.5661375661375662,LSPIN,mlp,0.0035,0.1,410126
other,23,0.5945945945945946,LSPIN,mlp,0.0035,0.1,410126
infiltratingductalcarcinoma,220,0.6229132569558101,LSPIN,mlp,0.0035,0.1,410127
infiltratinglobularcarcinoma,60,0.4708994708994709,LSPIN,mlp,0.0035,0.1,410127
other,23,0.6216216216216216,LSPIN,mlp,0.0035,0.1,410127
infiltratingductalcarcinoma,220,0.6615384615384615,LSPIN,mlp,0.00525,0.1,420123
infiltratinglobularcarcinoma,60,0.6296296296296297,LSPIN,mlp,0.00525,0.1,420123
other,23,0.4864864864864865,LSPIN,mlp,0.00525,0.1,420123
infiltratingductalcarcinoma,220,0.6782324058919803,LSPIN,mlp,0.00525,0.1,420124
infiltratinglobularcarcinoma,60,0.3121693121693121,LSPIN,mlp,0.00525,0.1,420124
other,23,0.5135135135135135,LSPIN,mlp,0.00525,0.1,420124
infiltratingductalcarcinoma,220,0.6075286415711948,LSPIN,mlp,0.00525,0.1,420125
infiltratinglobularcarcinoma,60,0.6296296296296297,LSPIN,mlp,0.00525,0.1,420125
other,23,0.5675675675675675,LSPIN,mlp,0.00525,0.1,420125
infiltratingductalcarcinoma,220,0.6248772504091653,LSPIN,mlp,0.00525,0.1,420126
infiltratinglobularcarcinoma,60,0.6507936507936508,LSPIN,mlp,0.00525,0.1,420126
other,23,0.5135135135135135,LSPIN,mlp,0.00525,0.1,420126
infiltratingductalcarcinoma,220,0.567266775777414,LSPIN,mlp,0.00525,0.1,420127
infiltratinglobularcarcinoma,60,0.5396825396825397,LSPIN,mlp,0.00525,0.1,420127
other,23,0.5675675675675675,LSPIN,mlp,0.00525,0.1,420127
infiltratingductalcarcinoma,220,0.7080196399345335,LSPIN,mlp,0.007,0.1,430123
infiltratinglobularcarcinoma,60,0.5291005291005291,LSPIN,mlp,0.007,0.1,430123
other,23,0.4594594594594595,LSPIN,mlp,0.007,0.1,430123
infiltratingductalcarcinoma,220,0.6448445171849427,LSPIN,mlp,0.007,0.1,430124
infiltratinglobularcarcinoma,60,0.5661375661375662,LSPIN,mlp,0.007,0.1,430124
other,23,0.5675675675675675,LSPIN,mlp,0.007,0.1,430124
infiltratingductalcarcinoma,220,0.5963993453355155,LSPIN,mlp,0.007,0.1,430125
infiltratinglobularcarcinoma,60,0.6402116402116402,LSPIN,mlp,0.007,0.1,430125
other,23,0.5675675675675675,LSPIN,mlp,0.007,0.1,430125
infiltratingductalcarcinoma,220,0.611783960720131,LSPIN,mlp,0.007,0.1,430126
infiltratinglobularcarcinoma,60,0.5608465608465608,LSPIN,mlp,0.007,0.1,430126
other,23,0.4324324324324324,LSPIN,mlp,0.007,0.1,430126
infiltratingductalcarcinoma,220,0.5937806873977087,LSPIN,mlp,0.007,0.1,430127
infiltratinglobularcarcinoma,60,0.5873015873015873,LSPIN,mlp,0.007,0.1,430127
other,23,0.5945945945945946,LSPIN,mlp,0.007,0.1,430127
infiltratingductalcarcinoma,220,0.5947626841243863,LSPIN,mlp,0.00875,0.1,440123
infiltratinglobularcarcinoma,60,0.671957671957672,LSPIN,mlp,0.00875,0.1,440123
other,23,0.4594594594594595,LSPIN,mlp,0.00875,0.1,440123
infiltratingductalcarcinoma,220,0.6150572831423895,LSPIN,mlp,0.00875,0.1,440124
infiltratinglobularcarcinoma,60,0.5873015873015873,LSPIN,mlp,0.00875,0.1,440124
other,23,0.4864864864864865,LSPIN,mlp,0.00875,0.1,440124
infiltratingductalcarcinoma,220,0.5859247135842881,LSPIN,mlp,0.00875,0.1,440125
infiltratinglobularcarcinoma,60,0.6190476190476191,LSPIN,mlp,0.00875,0.1,440125
other,23,0.5405405405405406,LSPIN,mlp,0.00875,0.1,440125
infiltratingductalcarcinoma,220,0.5846153846153846,LSPIN,mlp,0.00875,0.1,440126
infiltratinglobularcarcinoma,60,0.4232804232804232,LSPIN,mlp,0.00875,0.1,440126
other,23,0.4054054054054054,LSPIN,mlp,0.00875,0.1,440126
infiltratingductalcarcinoma,220,0.4919803600654664,LSPIN,mlp,0.00875,0.1,440127
infiltratinglobularcarcinoma,60,0.8201058201058201,LSPIN,mlp,0.00875,0.1,440127
other,23,0.4054054054054054,LSPIN,mlp,0.00875,0.1,440127
infiltratingductalcarcinoma,220,0.6049099836333879,LSPIN,mlp,0.0105,0.1,450123
infiltratinglobularcarcinoma,60,0.6243386243386243,LSPIN,mlp,0.0105,0.1,450123
other,23,0.5945945945945946,LSPIN,mlp,0.0105,0.1,450123
infiltratingductalcarcinoma,220,0.6235679214402619,LSPIN,mlp,0.0105,0.1,450124
infiltratinglobularcarcinoma,60,0.6084656084656085,LSPIN,mlp,0.0105,0.1,450124
other,23,0.5945945945945946,LSPIN,mlp,0.0105,0.1,450124
infiltratingductalcarcinoma,220,0.6854337152209493,LSPIN,mlp,0.0105,0.1,450125
infiltratinglobularcarcinoma,60,0.4656084656084656,LSPIN,mlp,0.0105,0.1,450125
other,23,0.6216216216216216,LSPIN,mlp,0.0105,0.1,450125
infiltratingductalcarcinoma,220,0.6065466448445171,LSPIN,mlp,0.0105,0.1,450126
infiltratinglobularcarcinoma,60,0.3915343915343915,LSPIN,mlp,0.0105,0.1,450126
other,23,0.5945945945945946,LSPIN,mlp,0.0105,0.1,450126
infiltratingductalcarcinoma,220,0.6039279869067103,LSPIN,mlp,0.0105,0.1,450127
infiltratinglobularcarcinoma,60,0.4126984126984127,LSPIN,mlp,0.0105,0.1,450127
other,23,0.4324324324324324,LSPIN,mlp,0.0105,0.1,450127
infiltratingductalcarcinoma,220,0.6170212765957447,LSPIN,mlp,0.014,0.1,460123
infiltratinglobularcarcinoma,60,0.5661375661375662,LSPIN,mlp,0.014,0.1,460123
other,23,0.2702702702702703,LSPIN,mlp,0.014,0.1,460123
infiltratingductalcarcinoma,220,0.5823240589198037,LSPIN,mlp,0.014,0.1,460124
infiltratinglobularcarcinoma,60,0.5925925925925926,LSPIN,mlp,0.014,0.1,460124
other,23,0.5135135135135135,LSPIN,mlp,0.014,0.1,460124
infiltratingductalcarcinoma,220,0.6150572831423895,LSPIN,mlp,0.014,0.1,460125
infiltratinglobularcarcinoma,60,0.5079365079365079,LSPIN,mlp,0.014,0.1,460125
other,23,0.4864864864864865,LSPIN,mlp,0.014,0.1,460125
infiltratingductalcarcinoma,220,0.5505728314238952,LSPIN,mlp,0.014,0.1,460126
infiltratinglobularcarcinoma,60,0.6296296296296297,LSPIN,mlp,0.014,0.1,460126
other,23,0.4054054054054054,LSPIN,mlp,0.014,0.1,460126
infiltratingductalcarcinoma,220,0.5361702127659574,LSPIN,mlp,0.014,0.1,460127
infiltratinglobularcarcinoma,60,0.4444444444444444,LSPIN,mlp,0.014,0.1,460127
other,23,0.6486486486486487,LSPIN,mlp,0.014,0.1,460127
infiltratingductalcarcinoma,220,0.6432078559738135,LSPIN,mlp,0.021,0.1,470123
infiltratinglobularcarcinoma,60,0.5026455026455027,LSPIN,mlp,0.021,0.1,470123
other,23,0.1891891891891892,LSPIN,mlp,0.021,0.1,470123
infiltratingductalcarcinoma,220,0.5770867430441898,LSPIN,mlp,0.021,0.1,470124
infiltratinglobularcarcinoma,60,0.3597883597883597,LSPIN,mlp,0.021,0.1,470124
other,23,0.4594594594594595,LSPIN,mlp,0.021,0.1,470124
infiltratingductalcarcinoma,220,0.6108019639934533,LSPIN,mlp,0.021,0.1,470125
infiltratinglobularcarcinoma,60,0.4338624338624338,LSPIN,mlp,0.021,0.1,470125
other,23,0.7297297297297297,LSPIN,mlp,0.021,0.1,470125
infiltratingductalcarcinoma,220,0.5882160392798691,LSPIN,mlp,0.021,0.1,470126
infiltratinglobularcarcinoma,60,0.708994708994709,LSPIN,mlp,0.021,0.1,470126
other,23,0.2972972972972973,LSPIN,mlp,0.021,0.1,470126
infiltratingductalcarcinoma,220,0.5806873977086743,LSPIN,mlp,0.021,0.1,470127
infiltratinglobularcarcinoma,60,0.4391534391534391,LSPIN,mlp,0.021,0.1,470127
other,23,0.5675675675675675,LSPIN,mlp,0.021,0.1,470127
infiltratingductalcarcinoma,220,0.6625204582651392,LSPIN,mlp,0.028,0.1,480123
infiltratinglobularcarcinoma,60,0.5185185185185185,LSPIN,mlp,0.028,0.1,480123
other,23,0.7297297297297297,LSPIN,mlp,0.028,0.1,480123
infiltratingductalcarcinoma,220,0.5250409165302782,LSPIN,mlp,0.028,0.1,480124
infiltratinglobularcarcinoma,60,0.6084656084656085,LSPIN,mlp,0.028,0.1,480124
other,23,0.6216216216216216,LSPIN,mlp,0.028,0.1,480124
infiltratingductalcarcinoma,220,0.5476268412438625,LSPIN,mlp,0.028,0.1,480125
infiltratinglobularcarcinoma,60,0.5079365079365079,LSPIN,mlp,0.028,0.1,480125
other,23,0.5675675675675675,LSPIN,mlp,0.028,0.1,480125
infiltratingductalcarcinoma,220,0.6193126022913257,LSPIN,mlp,0.028,0.1,480126
infiltratinglobularcarcinoma,60,0.6507936507936508,LSPIN,mlp,0.028,0.1,480126
other,23,0.5405405405405406,LSPIN,mlp,0.028,0.1,480126
infiltratingductalcarcinoma,220,0.593126022913257,LSPIN,mlp,0.028,0.1,480127
infiltratinglobularcarcinoma,60,0.4444444444444444,LSPIN,mlp,0.028,0.1,480127
other,23,0.7297297297297297,LSPIN,mlp,0.028,0.1,480127
infiltratingductalcarcinoma,220,0.6490998363338789,LSPIN,mlp,0.0035,0.2,490123
infiltratinglobularcarcinoma,60,0.5291005291005291,LSPIN,mlp,0.0035,0.2,490123
other,23,0.5945945945945946,LSPIN,mlp,0.0035,0.2,490123
infiltratingductalcarcinoma,220,0.6291325695581015,LSPIN,mlp,0.0035,0.2,490124
infiltratinglobularcarcinoma,60,0.5185185185185185,LSPIN,mlp,0.0035,0.2,490124
other,23,0.5135135135135135,LSPIN,mlp,0.0035,0.2,490124
infiltratingductalcarcinoma,220,0.6176759410801964,LSPIN,mlp,0.0035,0.2,490125
infiltratinglobularcarcinoma,60,0.5608465608465608,LSPIN,mlp,0.0035,0.2,490125
other,23,0.5135135135135135,LSPIN,mlp,0.0035,0.2,490125
infiltratingductalcarcinoma,220,0.6144026186579378,LSPIN,mlp,0.0035,0.2,490126
infiltratinglobularcarcinoma,60,0.582010582010582,LSPIN,mlp,0.0035,0.2,490126
other,23,0.5135135135135135,LSPIN,mlp,0.0035,0.2,490126
infiltratingductalcarcinoma,220,0.6936170212765957,LSPIN,mlp,0.0035,0.2,490127
infiltratinglobularcarcinoma,60,0.4814814814814814,LSPIN,mlp,0.0035,0.2,490127
other,23,0.6216216216216216,LSPIN,mlp,0.0035,0.2,490127
infiltratingductalcarcinoma,220,0.6235679214402619,LSPIN,mlp,0.00525,0.2,500123
infiltratinglobularcarcinoma,60,0.582010582010582,LSPIN,mlp,0.00525,0.2,500123
other,23,0.5405405405405406,LSPIN,mlp,0.00525,0.2,500123
infiltratingductalcarcinoma,220,0.5986906710310965,LSPIN,mlp,0.00525,0.2,500124
infiltratinglobularcarcinoma,60,0.671957671957672,LSPIN,mlp,0.00525,0.2,500124
other,23,0.6216216216216216,LSPIN,mlp,0.00525,0.2,500124
infiltratingductalcarcinoma,220,0.5587561374795418,LSPIN,mlp,0.00525,0.2,500125
infiltratinglobularcarcinoma,60,0.6243386243386243,LSPIN,mlp,0.00525,0.2,500125
other,23,0.5135135135135135,LSPIN,mlp,0.00525,0.2,500125
infiltratingductalcarcinoma,220,0.5973813420621932,LSPIN,mlp,0.00525,0.2,500126
infiltratinglobularcarcinoma,60,0.4867724867724867,LSPIN,mlp,0.00525,0.2,500126
other,23,0.5945945945945946,LSPIN,mlp,0.00525,0.2,500126
infiltratingductalcarcinoma,220,0.6252045826513911,LSPIN,mlp,0.00525,0.2,500127
infiltratinglobularcarcinoma,60,0.5873015873015873,LSPIN,mlp,0.00525,0.2,500127
other,23,0.5945945945945946,LSPIN,mlp,0.00525,0.2,500127
infiltratingductalcarcinoma,220,0.5217675941080197,LSPIN,mlp,0.007,0.2,510123
infiltratinglobularcarcinoma,60,0.5714285714285714,LSPIN,mlp,0.007,0.2,510123
other,23,0.5675675675675675,LSPIN,mlp,0.007,0.2,510123
infiltratingductalcarcinoma,220,0.639607201309329,LSPIN,mlp,0.007,0.2,510124
infiltratinglobularcarcinoma,60,0.5185185185185185,LSPIN,mlp,0.007,0.2,510124
other,23,0.4054054054054054,LSPIN,mlp,0.007,0.2,510124
infiltratingductalcarcinoma,220,0.5960720130932897,LSPIN,mlp,0.007,0.2,510125
infiltratinglobularcarcinoma,60,0.5608465608465608,LSPIN,mlp,0.007,0.2,510125
other,23,0.5945945945945946,LSPIN,mlp,0.007,0.2,510125
infiltratingductalcarcinoma,220,0.5666121112929624,LSPIN,mlp,0.007,0.2,510126
infiltratinglobularcarcinoma,60,0.671957671957672,LSPIN,mlp,0.007,0.2,510126
other,23,0.6486486486486487,LSPIN,mlp,0.007,0.2,510126
infiltratingductalcarcinoma,220,0.5859247135842881,LSPIN,mlp,0.007,0.2,510127
infiltratinglobularcarcinoma,60,0.6402116402116402,LSPIN,mlp,0.007,0.2,510127
other,23,0.6756756756756757,LSPIN,mlp,0.007,0.2,510127
infiltratingductalcarcinoma,220,0.6428805237315875,LSPIN,mlp,0.00875,0.2,520123
infiltratinglobularcarcinoma,60,0.5873015873015873,LSPIN,mlp,0.00875,0.2,520123
other,23,0.6486486486486487,LSPIN,mlp,0.00875,0.2,520123
infiltratingductalcarcinoma,220,0.6291325695581015,LSPIN,mlp,0.00875,0.2,520124
infiltratinglobularcarcinoma,60,0.4285714285714285,LSPIN,mlp,0.00875,0.2,520124
other,23,0.6216216216216216,LSPIN,mlp,0.00875,0.2,520124
infiltratingductalcarcinoma,220,0.6104746317512275,LSPIN,mlp,0.00875,0.2,520125
infiltratinglobularcarcinoma,60,0.4708994708994709,LSPIN,mlp,0.00875,0.2,520125
other,23,0.4054054054054054,LSPIN,mlp,0.00875,0.2,520125
infiltratingductalcarcinoma,220,0.6006546644844517,LSPIN,mlp,0.00875,0.2,520126
infiltratinglobularcarcinoma,60,0.5502645502645502,LSPIN,mlp,0.00875,0.2,520126
other,23,0.6756756756756757,LSPIN,mlp,0.00875,0.2,520126
infiltratingductalcarcinoma,220,0.5761047463175123,LSPIN,mlp,0.00875,0.2,520127
infiltratinglobularcarcinoma,60,0.4761904761904761,LSPIN,mlp,0.00875,0.2,520127
other,23,0.4864864864864865,LSPIN,mlp,0.00875,0.2,520127
infiltratingductalcarcinoma,220,0.6013093289689034,LSPIN,mlp,0.0105,0.2,530123
infiltratinglobularcarcinoma,60,0.6084656084656085,LSPIN,mlp,0.0105,0.2,530123
other,23,0.5405405405405406,LSPIN,mlp,0.0105,0.2,530123
infiltratingductalcarcinoma,220,0.5711947626841244,LSPIN,mlp,0.0105,0.2,530124
infiltratinglobularcarcinoma,60,0.5873015873015873,LSPIN,mlp,0.0105,0.2,530124
other,23,0.4594594594594595,LSPIN,mlp,0.0105,0.2,530124
infiltratingductalcarcinoma,220,0.5823240589198037,LSPIN,mlp,0.0105,0.2,530125
infiltratinglobularcarcinoma,60,0.5608465608465608,LSPIN,mlp,0.0105,0.2,530125
other,23,0.6216216216216216,LSPIN,mlp,0.0105,0.2,530125
infiltratingductalcarcinoma,220,0.5787234042553191,LSPIN,mlp,0.0105,0.2,530126
infiltratinglobularcarcinoma,60,0.746031746031746,LSPIN,mlp,0.0105,0.2,530126
other,23,0.4864864864864865,LSPIN,mlp,0.0105,0.2,530126
infiltratingductalcarcinoma,220,0.5708674304418986,LSPIN,mlp,0.0105,0.2,530127
infiltratinglobularcarcinoma,60,0.4867724867724867,LSPIN,mlp,0.0105,0.2,530127
other,23,0.5135135135135135,LSPIN,mlp,0.0105,0.2,530127
infiltratingductalcarcinoma,220,0.6304418985270049,LSPIN,mlp,0.014,0.2,540123
infiltratinglobularcarcinoma,60,0.4708994708994709,LSPIN,mlp,0.014,0.2,540123
other,23,0.4054054054054054,LSPIN,mlp,0.014,0.2,540123
infiltratingductalcarcinoma,220,0.616366612111293,LSPIN,mlp,0.014,0.2,540124
infiltratinglobularcarcinoma,60,0.5555555555555556,LSPIN,mlp,0.014,0.2,540124
other,23,0.6486486486486487,LSPIN,mlp,0.014,0.2,540124
infiltratingductalcarcinoma,220,0.6684124386252046,LSPIN,mlp,0.014,0.2,540125
infiltratinglobularcarcinoma,60,0.4761904761904761,LSPIN,mlp,0.014,0.2,540125
other,23,0.4594594594594595,LSPIN,mlp,0.014,0.2,540125
infiltratingductalcarcinoma,220,0.5888707037643208,LSPIN,mlp,0.014,0.2,540126
infiltratinglobularcarcinoma,60,0.544973544973545,LSPIN,mlp,0.014,0.2,540126
other,23,0.4864864864864865,LSPIN,mlp,0.014,0.2,540126
infiltratingductalcarcinoma,220,0.5355155482815057,LSPIN,mlp,0.014,0.2,540127
infiltratinglobularcarcinoma,60,0.671957671957672,LSPIN,mlp,0.014,0.2,540127
other,23,0.6756756756756757,LSPIN,mlp,0.014,0.2,540127
infiltratingductalcarcinoma,220,0.6448445171849427,LSPIN,mlp,0.021,0.2,550123
infiltratinglobularcarcinoma,60,0.6137566137566137,LSPIN,mlp,0.021,0.2,550123
other,23,0.5675675675675675,LSPIN,mlp,0.021,0.2,550123
infiltratingductalcarcinoma,220,0.6500818330605564,LSPIN,mlp,0.021,0.2,550124
infiltratinglobularcarcinoma,60,0.3968253968253968,LSPIN,mlp,0.021,0.2,550124
other,23,0.4054054054054054,LSPIN,mlp,0.021,0.2,550124
infiltratingductalcarcinoma,220,0.6405891980360066,LSPIN,mlp,0.021,0.2,550125
infiltratinglobularcarcinoma,60,0.5608465608465608,LSPIN,mlp,0.021,0.2,550125
other,23,0.4054054054054054,LSPIN,mlp,0.021,0.2,550125
infiltratingductalcarcinoma,220,0.5577741407528641,LSPIN,mlp,0.021,0.2,550126
infiltratinglobularcarcinoma,60,0.7619047619047619,LSPIN,mlp,0.021,0.2,550126
other,23,0.5405405405405406,LSPIN,mlp,0.021,0.2,550126
infiltratingductalcarcinoma,220,0.5774140752864158,LSPIN,mlp,0.021,0.2,550127
infiltratinglobularcarcinoma,60,0.5132275132275133,LSPIN,mlp,0.021,0.2,550127
other,23,0.4054054054054054,LSPIN,mlp,0.021,0.2,550127
infiltratingductalcarcinoma,220,0.6356792144026187,LSPIN,mlp,0.028,0.2,560123
infiltratinglobularcarcinoma,60,0.6084656084656085,LSPIN,mlp,0.028,0.2,560123
other,23,0.4594594594594595,LSPIN,mlp,0.028,0.2,560123
infiltratingductalcarcinoma,220,0.5027823240589198,LSPIN,mlp,0.028,0.2,560124
infiltratinglobularcarcinoma,60,0.4391534391534391,LSPIN,mlp,0.028,0.2,560124
other,23,0.6486486486486487,LSPIN,mlp,0.028,0.2,560124
infiltratingductalcarcinoma,220,0.5833060556464812,LSPIN,mlp,0.028,0.2,560125
infiltratinglobularcarcinoma,60,0.6190476190476191,LSPIN,mlp,0.028,0.2,560125
other,23,0.2972972972972973,LSPIN,mlp,0.028,0.2,560125
infiltratingductalcarcinoma,220,0.597708674304419,LSPIN,mlp,0.028,0.2,560126
infiltratinglobularcarcinoma,60,0.3492063492063492,LSPIN,mlp,0.028,0.2,560126
other,23,0.5945945945945946,LSPIN,mlp,0.028,0.2,560126
infiltratingductalcarcinoma,220,0.6199672667757774,LSPIN,mlp,0.028,0.2,560127
infiltratinglobularcarcinoma,60,0.4708994708994709,LSPIN,mlp,0.028,0.2,560127
other,23,0.4054054054054054,LSPIN,mlp,0.028,0.2,560127
infiltratingductalcarcinoma,220,0.6173486088379705,LSPIN,mlp,0.0035,0.4,570123
infiltratinglobularcarcinoma,60,0.5396825396825397,LSPIN,mlp,0.0035,0.4,570123
other,23,0.5675675675675675,LSPIN,mlp,0.0035,0.4,570123
infiltratingductalcarcinoma,220,0.5891980360065466,LSPIN,mlp,0.0035,0.4,570124
infiltratinglobularcarcinoma,60,0.6402116402116402,LSPIN,mlp,0.0035,0.4,570124
other,23,0.5405405405405406,LSPIN,mlp,0.0035,0.4,570124
infiltratingductalcarcinoma,220,0.616366612111293,LSPIN,mlp,0.0035,0.4,570125
infiltratinglobularcarcinoma,60,0.6666666666666666,LSPIN,mlp,0.0035,0.4,570125
other,23,0.6756756756756757,LSPIN,mlp,0.0035,0.4,570125
infiltratingductalcarcinoma,220,0.6389525368248773,LSPIN,mlp,0.0035,0.4,570126
infiltratinglobularcarcinoma,60,0.5238095238095238,LSPIN,mlp,0.0035,0.4,570126
other,23,0.6216216216216216,LSPIN,mlp,0.0035,0.4,570126
infiltratingductalcarcinoma,220,0.5793780687397708,LSPIN,mlp,0.0035,0.4,570127
infiltratinglobularcarcinoma,60,0.5132275132275133,LSPIN,mlp,0.0035,0.4,570127
other,23,0.6216216216216216,LSPIN,mlp,0.0035,0.4,570127
infiltratingductalcarcinoma,220,0.6513911620294599,LSPIN,mlp,0.00525,0.4,580123
infiltratinglobularcarcinoma,60,0.4867724867724867,LSPIN,mlp,0.00525,0.4,580123
other,23,0.4324324324324324,LSPIN,mlp,0.00525,0.4,580123
infiltratingductalcarcinoma,220,0.6654664484451719,LSPIN,mlp,0.00525,0.4,580124
infiltratinglobularcarcinoma,60,0.5661375661375662,LSPIN,mlp,0.00525,0.4,580124
other,23,0.4864864864864865,LSPIN,mlp,0.00525,0.4,580124
infiltratingductalcarcinoma,220,0.63240589198036,LSPIN,mlp,0.00525,0.4,580125
infiltratinglobularcarcinoma,60,0.582010582010582,LSPIN,mlp,0.00525,0.4,580125
other,23,0.5675675675675675,LSPIN,mlp,0.00525,0.4,580125
infiltratingductalcarcinoma,220,0.6170212765957447,LSPIN,mlp,0.00525,0.4,580126
infiltratinglobularcarcinoma,60,0.5555555555555556,LSPIN,mlp,0.00525,0.4,580126
other,23,0.4864864864864865,LSPIN,mlp,0.00525,0.4,580126
infiltratingductalcarcinoma,220,0.5613747954173486,LSPIN,mlp,0.00525,0.4,580127
infiltratinglobularcarcinoma,60,0.5396825396825397,LSPIN,mlp,0.00525,0.4,580127
other,23,0.5945945945945946,LSPIN,mlp,0.00525,0.4,580127
infiltratingductalcarcinoma,220,0.6045826513911621,LSPIN,mlp,0.007,0.4,590123
infiltratinglobularcarcinoma,60,0.6772486772486772,LSPIN,mlp,0.007,0.4,590123
other,23,0.5135135135135135,LSPIN,mlp,0.007,0.4,590123
infiltratingductalcarcinoma,220,0.5702127659574469,LSPIN,mlp,0.007,0.4,590124
infiltratinglobularcarcinoma,60,0.5396825396825397,LSPIN,mlp,0.007,0.4,590124
other,23,0.6216216216216216,LSPIN,mlp,0.007,0.4,590124
infiltratingductalcarcinoma,220,0.5109656301145663,LSPIN,mlp,0.007,0.4,590125
infiltratinglobularcarcinoma,60,0.5555555555555556,LSPIN,mlp,0.007,0.4,590125
other,23,0.7297297297297297,LSPIN,mlp,0.007,0.4,590125
infiltratingductalcarcinoma,220,0.6216039279869067,LSPIN,mlp,0.007,0.4,590126
infiltratinglobularcarcinoma,60,0.5925925925925926,LSPIN,mlp,0.007,0.4,590126
other,23,0.5405405405405406,LSPIN,mlp,0.007,0.4,590126
infiltratingductalcarcinoma,220,0.646481178396072,LSPIN,mlp,0.007,0.4,590127
infiltratinglobularcarcinoma,60,0.5238095238095238,LSPIN,mlp,0.007,0.4,590127
other,23,0.5135135135135135,LSPIN,mlp,0.007,0.4,590127
infiltratingductalcarcinoma,220,0.581342062193126,LSPIN,mlp,0.00875,0.4,600123
infiltratinglobularcarcinoma,60,0.6031746031746031,LSPIN,mlp,0.00875,0.4,600123
other,23,0.5675675675675675,LSPIN,mlp,0.00875,0.4,600123
infiltratingductalcarcinoma,220,0.553518821603928,LSPIN,mlp,0.00875,0.4,600124
infiltratinglobularcarcinoma,60,0.6137566137566137,LSPIN,mlp,0.00875,0.4,600124
other,23,0.4054054054054054,LSPIN,mlp,0.00875,0.4,600124
infiltratingductalcarcinoma,220,0.5384615384615384,LSPIN,mlp,0.00875,0.4,600125
infiltratinglobularcarcinoma,60,0.5661375661375662,LSPIN,mlp,0.00875,0.4,600125
other,23,0.4864864864864865,LSPIN,mlp,0.00875,0.4,600125
infiltratingductalcarcinoma,220,0.6019639934533552,LSPIN,mlp,0.00875,0.4,600126
infiltratinglobularcarcinoma,60,0.5185185185185185,LSPIN,mlp,0.00875,0.4,600126
other,23,0.5135135135135135,LSPIN,mlp,0.00875,0.4,600126
infiltratingductalcarcinoma,220,0.6180032733224222,LSPIN,mlp,0.00875,0.4,600127
infiltratinglobularcarcinoma,60,0.5026455026455027,LSPIN,mlp,0.00875,0.4,600127
other,23,0.6756756756756757,LSPIN,mlp,0.00875,0.4,600127
infiltratingductalcarcinoma,220,0.5970540098199673,LSPIN,mlp,0.0105,0.4,610123
infiltratinglobularcarcinoma,60,0.5714285714285714,LSPIN,mlp,0.0105,0.4,610123
other,23,0.4054054054054054,LSPIN,mlp,0.0105,0.4,610123
infiltratingductalcarcinoma,220,0.6504091653027824,LSPIN,mlp,0.0105,0.4,610124
infiltratinglobularcarcinoma,60,0.5132275132275133,LSPIN,mlp,0.0105,0.4,610124
other,23,0.7027027027027027,LSPIN,mlp,0.0105,0.4,610124
infiltratingductalcarcinoma,220,0.6055646481178396,LSPIN,mlp,0.0105,0.4,610125
infiltratinglobularcarcinoma,60,0.5132275132275133,LSPIN,mlp,0.0105,0.4,610125
other,23,0.5945945945945946,LSPIN,mlp,0.0105,0.4,610125
infiltratingductalcarcinoma,220,0.5548281505728314,LSPIN,mlp,0.0105,0.4,610126
infiltratinglobularcarcinoma,60,0.6031746031746031,LSPIN,mlp,0.0105,0.4,610126
other,23,0.4054054054054054,LSPIN,mlp,0.0105,0.4,610126
infiltratingductalcarcinoma,220,0.644189852700491,LSPIN,mlp,0.0105,0.4,610127
infiltratinglobularcarcinoma,60,0.5502645502645502,LSPIN,mlp,0.0105,0.4,610127
other,23,0.6216216216216216,LSPIN,mlp,0.0105,0.4,610127
infiltratingductalcarcinoma,220,0.6009819967266776,LSPIN,mlp,0.014,0.4,620123
infiltratinglobularcarcinoma,60,0.5185185185185185,LSPIN,mlp,0.014,0.4,620123
other,23,0.5945945945945946,LSPIN,mlp,0.014,0.4,620123
infiltratingductalcarcinoma,220,0.5865793780687397,LSPIN,mlp,0.014,0.4,620124
infiltratinglobularcarcinoma,60,0.544973544973545,LSPIN,mlp,0.014,0.4,620124
other,23,0.4594594594594595,LSPIN,mlp,0.014,0.4,620124
infiltratingductalcarcinoma,220,0.5450081833060556,LSPIN,mlp,0.014,0.4,620125
infiltratinglobularcarcinoma,60,0.6243386243386243,LSPIN,mlp,0.014,0.4,620125
other,23,0.4864864864864865,LSPIN,mlp,0.014,0.4,620125
infiltratingductalcarcinoma,220,0.4923076923076923,LSPIN,mlp,0.014,0.4,620126
infiltratinglobularcarcinoma,60,0.5608465608465608,LSPIN,mlp,0.014,0.4,620126
other,23,0.5675675675675675,LSPIN,mlp,0.014,0.4,620126
infiltratingductalcarcinoma,220,0.6363338788870704,LSPIN,mlp,0.014,0.4,620127
infiltratinglobularcarcinoma,60,0.5873015873015873,LSPIN,mlp,0.014,0.4,620127
other,23,0.5405405405405406,LSPIN,mlp,0.014,0.4,620127
infiltratingductalcarcinoma,220,0.4425531914893617,LSPIN,mlp,0.021,0.4,630123
infiltratinglobularcarcinoma,60,0.5291005291005291,LSPIN,mlp,0.021,0.4,630123
other,23,0.5675675675675675,LSPIN,mlp,0.021,0.4,630123
infiltratingductalcarcinoma,220,0.4949263502454992,LSPIN,mlp,0.021,0.4,630124
infiltratinglobularcarcinoma,60,0.3862433862433862,LSPIN,mlp,0.021,0.4,630124
other,23,0.5675675675675675,LSPIN,mlp,0.021,0.4,630124
infiltratingductalcarcinoma,220,0.5659574468085107,LSPIN,mlp,0.021,0.4,630125
infiltratinglobularcarcinoma,60,0.4179894179894179,LSPIN,mlp,0.021,0.4,630125
other,23,0.4324324324324324,LSPIN,mlp,0.021,0.4,630125
infiltratingductalcarcinoma,220,0.5905073649754501,LSPIN,mlp,0.021,0.4,630126
infiltratinglobularcarcinoma,60,0.4444444444444444,LSPIN,mlp,0.021,0.4,630126
other,23,0.6216216216216216,LSPIN,mlp,0.021,0.4,630126
infiltratingductalcarcinoma,220,0.6127659574468085,LSPIN,mlp,0.021,0.4,630127
infiltratinglobularcarcinoma,60,0.492063492063492,LSPIN,mlp,0.021,0.4,630127
other,23,0.5945945945945946,LSPIN,mlp,0.021,0.4,630127
infiltratingductalcarcinoma,220,0.5518821603927987,LSPIN,mlp,0.028,0.4,640123
infiltratinglobularcarcinoma,60,0.4973544973544973,LSPIN,mlp,0.028,0.4,640123
other,23,0.4054054054054054,LSPIN,mlp,0.028,0.4,640123
infiltratingductalcarcinoma,220,0.5067103109656301,LSPIN,mlp,0.028,0.4,640124
infiltratinglobularcarcinoma,60,0.3862433862433862,LSPIN,mlp,0.028,0.4,640124
other,23,0.5945945945945946,LSPIN,mlp,0.028,0.4,640124
infiltratingductalcarcinoma,220,0.4847790507364975,LSPIN,mlp,0.028,0.4,640125
infiltratinglobularcarcinoma,60,0.5502645502645502,LSPIN,mlp,0.028,0.4,640125
other,23,0.4594594594594595,LSPIN,mlp,0.028,0.4,640125
infiltratingductalcarcinoma,220,0.6225859247135843,LSPIN,mlp,0.028,0.4,640126
infiltratinglobularcarcinoma,60,0.5555555555555556,LSPIN,mlp,0.028,0.4,640126
other,23,0.5405405405405406,LSPIN,mlp,0.028,0.4,640126
infiltratingductalcarcinoma,220,0.5695581014729951,LSPIN,mlp,0.028,0.4,640127
infiltratinglobularcarcinoma,60,0.6031746031746031,LSPIN,mlp,0.028,0.4,640127
other,23,0.5135135135135135,LSPIN,mlp,0.028,0.4,640127
infiltratingductalcarcinoma,220,0.6369885433715221,Concrete,mlp,0.0011,0.0,650123
infiltratinglobularcarcinoma,60,0.582010582010582,Concrete,mlp,0.0011,0.0,650123
other,23,0.5135135135135135,Concrete,mlp,0.0011,0.0,650123
infiltratingductalcarcinoma,220,0.6333878887070377,Concrete,mlp,0.0011,0.0,650124
infiltratinglobularcarcinoma,60,0.5714285714285714,Concrete,mlp,0.0011,0.0,650124
other,23,0.5135135135135135,Concrete,mlp,0.0011,0.0,650124
infiltratingductalcarcinoma,220,0.6330605564648117,Concrete,mlp,0.0011,0.0,650125
infiltratinglobularcarcinoma,60,0.5873015873015873,Concrete,mlp,0.0011,0.0,650125
other,23,0.5135135135135135,Concrete,mlp,0.0011,0.0,650125
infiltratingductalcarcinoma,220,0.660556464811784,Concrete,mlp,0.0011,0.0,650126
infiltratinglobularcarcinoma,60,0.6455026455026455,Concrete,mlp,0.0011,0.0,650126
other,23,0.5135135135135135,Concrete,mlp,0.0011,0.0,650126
infiltratingductalcarcinoma,220,0.6382978723404256,Concrete,mlp,0.0011,0.0,650127
infiltratinglobularcarcinoma,60,0.5661375661375662,Concrete,mlp,0.0011,0.0,650127
other,23,0.5945945945945946,Concrete,mlp,0.0011,0.0,650127
infiltratingductalcarcinoma,220,0.6490998363338789,Concrete,mlp,0.00165,0.0,660123
infiltratinglobularcarcinoma,60,0.5978835978835979,Concrete,mlp,0.00165,0.0,660123
other,23,0.6486486486486487,Concrete,mlp,0.00165,0.0,660123
infiltratingductalcarcinoma,220,0.6415711947626841,Concrete,mlp,0.00165,0.0,660124
infiltratinglobularcarcinoma,60,0.4867724867724867,Concrete,mlp,0.00165,0.0,660124
other,23,0.4594594594594595,Concrete,mlp,0.00165,0.0,660124
infiltratingductalcarcinoma,220,0.6585924713584288,Concrete,mlp,0.00165,0.0,660125
infiltratinglobularcarcinoma,60,0.5767195767195767,Concrete,mlp,0.00165,0.0,660125
other,23,0.5405405405405406,Concrete,mlp,0.00165,0.0,660125
infiltratingductalcarcinoma,220,0.6058919803600654,Concrete,mlp,0.00165,0.0,660126
infiltratinglobularcarcinoma,60,0.6031746031746031,Concrete,mlp,0.00165,0.0,660126
other,23,0.5675675675675675,Concrete,mlp,0.00165,0.0,660126
infiltratingductalcarcinoma,220,0.6346972176759411,Concrete,mlp,0.00165,0.0,660127
infiltratinglobularcarcinoma,60,0.5502645502645502,Concrete,mlp,0.00165,0.0,660127
other,23,0.5675675675675675,Concrete,mlp,0.00165,0.0,660127
infiltratingductalcarcinoma,220,0.6507364975450082,Concrete,mlp,0.0022,0.0,670123
infiltratinglobularcarcinoma,60,0.544973544973545,Concrete,mlp,0.0022,0.0,670123
other,23,0.5945945945945946,Concrete,mlp,0.0022,0.0,670123
infiltratingductalcarcinoma,220,0.646481178396072,Concrete,mlp,0.0022,0.0,670124
infiltratinglobularcarcinoma,60,0.6084656084656085,Concrete,mlp,0.0022,0.0,670124
other,23,0.6486486486486487,Concrete,mlp,0.0022,0.0,670124
infiltratingductalcarcinoma,220,0.6013093289689034,Concrete,mlp,0.0022,0.0,670125
infiltratinglobularcarcinoma,60,0.6084656084656085,Concrete,mlp,0.0022,0.0,670125
other,23,0.4324324324324324,Concrete,mlp,0.0022,0.0,670125
infiltratingductalcarcinoma,220,0.6854337152209493,Concrete,mlp,0.0022,0.0,670126
infiltratinglobularcarcinoma,60,0.5132275132275133,Concrete,mlp,0.0022,0.0,670126
other,23,0.4864864864864865,Concrete,mlp,0.0022,0.0,670126
infiltratingductalcarcinoma,220,0.658265139116203,Concrete,mlp,0.0022,0.0,670127
infiltratinglobularcarcinoma,60,0.5396825396825397,Concrete,mlp,0.0022,0.0,670127
other,23,0.5405405405405406,Concrete,mlp,0.0022,0.0,670127
infiltratingductalcarcinoma,220,0.6635024549918167,Concrete,mlp,0.00275,0.0,680123
infiltratinglobularcarcinoma,60,0.5343915343915344,Concrete,mlp,0.00275,0.0,680123
other,23,0.3783783783783784,Concrete,mlp,0.00275,0.0,680123
infiltratingductalcarcinoma,220,0.6150572831423895,Concrete,mlp,0.00275,0.0,680124
infiltratinglobularcarcinoma,60,0.6031746031746031,Concrete,mlp,0.00275,0.0,680124
other,23,0.3513513513513513,Concrete,mlp,0.00275,0.0,680124
infiltratingductalcarcinoma,220,0.5865793780687397,Concrete,mlp,0.00275,0.0,680125
infiltratinglobularcarcinoma,60,0.5555555555555556,Concrete,mlp,0.00275,0.0,680125
other,23,0.5135135135135135,Concrete,mlp,0.00275,0.0,680125
infiltratingductalcarcinoma,220,0.6121112929623568,Concrete,mlp,0.00275,0.0,680126
infiltratinglobularcarcinoma,60,0.455026455026455,Concrete,mlp,0.00275,0.0,680126
other,23,0.5405405405405406,Concrete,mlp,0.00275,0.0,680126
infiltratingductalcarcinoma,220,0.611783960720131,Concrete,mlp,0.00275,0.0,680127
infiltratinglobularcarcinoma,60,0.5714285714285714,Concrete,mlp,0.00275,0.0,680127
other,23,0.5135135135135135,Concrete,mlp,0.00275,0.0,680127
infiltratingductalcarcinoma,220,0.5878887070376432,Concrete,mlp,0.0033,0.0,690123
infiltratinglobularcarcinoma,60,0.5925925925925926,Concrete,mlp,0.0033,0.0,690123
other,23,0.5405405405405406,Concrete,mlp,0.0033,0.0,690123
infiltratingductalcarcinoma,220,0.67430441898527,Concrete,mlp,0.0033,0.0,690124
infiltratinglobularcarcinoma,60,0.5873015873015873,Concrete,mlp,0.0033,0.0,690124
other,23,0.4864864864864865,Concrete,mlp,0.0033,0.0,690124
infiltratingductalcarcinoma,220,0.6563011456628478,Concrete,mlp,0.0033,0.0,690125
infiltratinglobularcarcinoma,60,0.5608465608465608,Concrete,mlp,0.0033,0.0,690125
other,23,0.5405405405405406,Concrete,mlp,0.0033,0.0,690125
infiltratingductalcarcinoma,220,0.7027823240589198,Concrete,mlp,0.0033,0.0,690126
infiltratinglobularcarcinoma,60,0.4761904761904761,Concrete,mlp,0.0033,0.0,690126
other,23,0.5405405405405406,Concrete,mlp,0.0033,0.0,690126
infiltratingductalcarcinoma,220,0.5757774140752864,Concrete,mlp,0.0033,0.0,690127
infiltratinglobularcarcinoma,60,0.4391534391534391,Concrete,mlp,0.0033,0.0,690127
other,23,0.5135135135135135,Concrete,mlp,0.0033,0.0,690127
infiltratingductalcarcinoma,220,0.5793780687397708,Concrete,mlp,0.0044,0.0,700123
infiltratinglobularcarcinoma,60,0.4391534391534391,Concrete,mlp,0.0044,0.0,700123
other,23,0.6756756756756757,Concrete,mlp,0.0044,0.0,700123
infiltratingductalcarcinoma,220,0.5869067103109656,Concrete,mlp,0.0044,0.0,700124
infiltratinglobularcarcinoma,60,0.455026455026455,Concrete,mlp,0.0044,0.0,700124
other,23,0.6216216216216216,Concrete,mlp,0.0044,0.0,700124
infiltratingductalcarcinoma,220,0.6150572831423895,Concrete,mlp,0.0044,0.0,700125
infiltratinglobularcarcinoma,60,0.3862433862433862,Concrete,mlp,0.0044,0.0,700125
other,23,0.5135135135135135,Concrete,mlp,0.0044,0.0,700125
infiltratingductalcarcinoma,220,0.6045826513911621,Concrete,mlp,0.0044,0.0,700126
infiltratinglobularcarcinoma,60,0.5079365079365079,Concrete,mlp,0.0044,0.0,700126
other,23,0.4864864864864865,Concrete,mlp,0.0044,0.0,700126
infiltratingductalcarcinoma,220,0.6039279869067103,Concrete,mlp,0.0044,0.0,700127
infiltratinglobularcarcinoma,60,0.582010582010582,Concrete,mlp,0.0044,0.0,700127
other,23,0.4594594594594595,Concrete,mlp,0.0044,0.0,700127
infiltratingductalcarcinoma,220,0.55810147299509,Concrete,mlp,0.0055,0.0,710123
infiltratinglobularcarcinoma,60,0.5343915343915344,Concrete,mlp,0.0055,0.0,710123
other,23,0.5945945945945946,Concrete,mlp,0.0055,0.0,710123
infiltratingductalcarcinoma,220,0.628150572831424,Concrete,mlp,0.0055,0.0,710124
infiltratinglobularcarcinoma,60,0.4126984126984127,Concrete,mlp,0.0055,0.0,710124
other,23,0.4864864864864865,Concrete,mlp,0.0055,0.0,710124
infiltratingductalcarcinoma,220,0.5453355155482815,Concrete,mlp,0.0055,0.0,710125
infiltratinglobularcarcinoma,60,0.6084656084656085,Concrete,mlp,0.0055,0.0,710125
other,23,0.5945945945945946,Concrete,mlp,0.0055,0.0,710125
infiltratingductalcarcinoma,220,0.5905073649754501,Concrete,mlp,0.0055,0.0,710126
infiltratinglobularcarcinoma,60,0.5873015873015873,Concrete,mlp,0.0055,0.0,710126
other,23,0.6486486486486487,Concrete,mlp,0.0055,0.0,710126
infiltratingductalcarcinoma,220,0.5597381342062193,Concrete,mlp,0.0055,0.0,710127
infiltratinglobularcarcinoma,60,0.5502645502645502,Concrete,mlp,0.0055,0.0,710127
other,23,0.5405405405405406,Concrete,mlp,0.0055,0.0,710127
infiltratingductalcarcinoma,220,0.6350245499181669,Concrete,mlp,0.0066,0.0,720123
infiltratinglobularcarcinoma,60,0.5608465608465608,Concrete,mlp,0.0066,0.0,720123
other,23,0.5675675675675675,Concrete,mlp,0.0066,0.0,720123
infiltratingductalcarcinoma,220,0.6104746317512275,Concrete,mlp,0.0066,0.0,720124
infiltratinglobularcarcinoma,60,0.5343915343915344,Concrete,mlp,0.0066,0.0,720124
other,23,0.4594594594594595,Concrete,mlp,0.0066,0.0,720124
infiltratingductalcarcinoma,220,0.6111292962356792,Concrete,mlp,0.0066,0.0,720125
infiltratinglobularcarcinoma,60,0.656084656084656,Concrete,mlp,0.0066,0.0,720125
other,23,0.4864864864864865,Concrete,mlp,0.0066,0.0,720125
infiltratingductalcarcinoma,220,0.6003273322422259,Concrete,mlp,0.0066,0.0,720126
infiltratinglobularcarcinoma,60,0.6084656084656085,Concrete,mlp,0.0066,0.0,720126
other,23,0.4594594594594595,Concrete,mlp,0.0066,0.0,720126
infiltratingductalcarcinoma,220,0.5941080196399345,Concrete,mlp,0.0066,0.0,720127
infiltratinglobularcarcinoma,60,0.5873015873015873,Concrete,mlp,0.0066,0.0,720127
other,23,0.5405405405405406,Concrete,mlp,0.0066,0.0,720127
infiltratingductalcarcinoma,220,0.6091653027823241,Concrete,mlp,0.0011,0.1,730123
infiltratinglobularcarcinoma,60,0.5873015873015873,Concrete,mlp,0.0011,0.1,730123
other,23,0.6486486486486487,Concrete,mlp,0.0011,0.1,730123
infiltratingductalcarcinoma,220,0.6458265139116203,Concrete,mlp,0.0011,0.1,730124
infiltratinglobularcarcinoma,60,0.5132275132275133,Concrete,mlp,0.0011,0.1,730124
other,23,0.5945945945945946,Concrete,mlp,0.0011,0.1,730124
infiltratingductalcarcinoma,220,0.5250409165302782,Concrete,mlp,0.0011,0.1,730125
infiltratinglobularcarcinoma,60,0.5661375661375662,Concrete,mlp,0.0011,0.1,730125
other,23,0.4594594594594595,Concrete,mlp,0.0011,0.1,730125
infiltratingductalcarcinoma,220,0.6657937806873977,Concrete,mlp,0.0011,0.1,730126
infiltratinglobularcarcinoma,60,0.4761904761904761,Concrete,mlp,0.0011,0.1,730126
other,23,0.5675675675675675,Concrete,mlp,0.0011,0.1,730126
infiltratingductalcarcinoma,220,0.6252045826513911,Concrete,mlp,0.0011,0.1,730127
infiltratinglobularcarcinoma,60,0.6084656084656085,Concrete,mlp,0.0011,0.1,730127
other,23,0.5945945945945946,Concrete,mlp,0.0011,0.1,730127
infiltratingductalcarcinoma,220,0.6160392798690671,Concrete,mlp,0.00165,0.1,740123
infiltratinglobularcarcinoma,60,0.5132275132275133,Concrete,mlp,0.00165,0.1,740123
other,23,0.6486486486486487,Concrete,mlp,0.00165,0.1,740123
infiltratingductalcarcinoma,220,0.6664484451718494,Concrete,mlp,0.00165,0.1,740124
infiltratinglobularcarcinoma,60,0.5978835978835979,Concrete,mlp,0.00165,0.1,740124
other,23,0.5135135135135135,Concrete,mlp,0.00165,0.1,740124
infiltratingductalcarcinoma,220,0.6546644844517185,Concrete,mlp,0.00165,0.1,740125
infiltratinglobularcarcinoma,60,0.5132275132275133,Concrete,mlp,0.00165,0.1,740125
other,23,0.5135135135135135,Concrete,mlp,0.00165,0.1,740125
infiltratingductalcarcinoma,220,0.6595744680851063,Concrete,mlp,0.00165,0.1,740126
infiltratinglobularcarcinoma,60,0.6296296296296297,Concrete,mlp,0.00165,0.1,740126
other,23,0.6216216216216216,Concrete,mlp,0.00165,0.1,740126
infiltratingductalcarcinoma,220,0.511620294599018,Concrete,mlp,0.00165,0.1,740127
infiltratinglobularcarcinoma,60,0.5555555555555556,Concrete,mlp,0.00165,0.1,740127
other,23,0.4864864864864865,Concrete,mlp,0.00165,0.1,740127
infiltratingductalcarcinoma,220,0.5882160392798691,Concrete,mlp,0.0022,0.1,750123
infiltratinglobularcarcinoma,60,0.5079365079365079,Concrete,mlp,0.0022,0.1,750123
other,23,0.5405405405405406,Concrete,mlp,0.0022,0.1,750123
infiltratingductalcarcinoma,220,0.6556464811783961,Concrete,mlp,0.0022,0.1,750124
infiltratinglobularcarcinoma,60,0.5767195767195767,Concrete,mlp,0.0022,0.1,750124
other,23,0.5945945945945946,Concrete,mlp,0.0022,0.1,750124
infiltratingductalcarcinoma,220,0.6144026186579378,Concrete,mlp,0.0022,0.1,750125
infiltratinglobularcarcinoma,60,0.4497354497354497,Concrete,mlp,0.0022,0.1,750125
other,23,0.6216216216216216,Concrete,mlp,0.0022,0.1,750125
infiltratingductalcarcinoma,220,0.646481178396072,Concrete,mlp,0.0022,0.1,750126
infiltratinglobularcarcinoma,60,0.5661375661375662,Concrete,mlp,0.0022,0.1,750126
other,23,0.5405405405405406,Concrete,mlp,0.0022,0.1,750126
infiltratingductalcarcinoma,220,0.6081833060556465,Concrete,mlp,0.0022,0.1,750127
infiltratinglobularcarcinoma,60,0.6349206349206349,Concrete,mlp,0.0022,0.1,750127
other,23,0.5405405405405406,Concrete,mlp,0.0022,0.1,750127
infiltratingductalcarcinoma,220,0.5944353518821603,Concrete,mlp,0.00275,0.1,760123
infiltratinglobularcarcinoma,60,0.5185185185185185,Concrete,mlp,0.00275,0.1,760123
other,23,0.5405405405405406,Concrete,mlp,0.00275,0.1,760123
infiltratingductalcarcinoma,220,0.6229132569558101,Concrete,mlp,0.00275,0.1,760124
infiltratinglobularcarcinoma,60,0.4867724867724867,Concrete,mlp,0.00275,0.1,760124
other,23,0.5675675675675675,Concrete,mlp,0.00275,0.1,760124
infiltratingductalcarcinoma,220,0.6016366612111292,Concrete,mlp,0.00275,0.1,760125
infiltratinglobularcarcinoma,60,0.582010582010582,Concrete,mlp,0.00275,0.1,760125
other,23,0.4864864864864865,Concrete,mlp,0.00275,0.1,760125
infiltratingductalcarcinoma,220,0.6527004909983634,Concrete,mlp,0.00275,0.1,760126
infiltratinglobularcarcinoma,60,0.5238095238095238,Concrete,mlp,0.00275,0.1,760126
other,23,0.5135135135135135,Concrete,mlp,0.00275,0.1,760126
infiltratingductalcarcinoma,220,0.5833060556464812,Concrete,mlp,0.00275,0.1,760127
infiltratinglobularcarcinoma,60,0.6084656084656085,Concrete,mlp,0.00275,0.1,760127
other,23,0.5945945945945946,Concrete,mlp,0.00275,0.1,760127
infiltratingductalcarcinoma,220,0.7096563011456628,Concrete,mlp,0.0033,0.1,770123
infiltratinglobularcarcinoma,60,0.5396825396825397,Concrete,mlp,0.0033,0.1,770123
other,23,0.5405405405405406,Concrete,mlp,0.0033,0.1,770123
infiltratingductalcarcinoma,220,0.6654664484451719,Concrete,mlp,0.0033,0.1,770124
infiltratinglobularcarcinoma,60,0.4497354497354497,Concrete,mlp,0.0033,0.1,770124
other,23,0.4594594594594595,Concrete,mlp,0.0033,0.1,770124
infiltratingductalcarcinoma,220,0.5689034369885434,Concrete,mlp,0.0033,0.1,770125
infiltratinglobularcarcinoma,60,0.6455026455026455,Concrete,mlp,0.0033,0.1,770125
other,23,0.5405405405405406,Concrete,mlp,0.0033,0.1,770125
infiltratingductalcarcinoma,220,0.6245499181669394,Concrete,mlp,0.0033,0.1,770126
infiltratinglobularcarcinoma,60,0.5925925925925926,Concrete,mlp,0.0033,0.1,770126
other,23,0.4054054054054054,Concrete,mlp,0.0033,0.1,770126
infiltratingductalcarcinoma,220,0.6166939443535189,Concrete,mlp,0.0033,0.1,770127
infiltratinglobularcarcinoma,60,0.4656084656084656,Concrete,mlp,0.0033,0.1,770127
other,23,0.5675675675675675,Concrete,mlp,0.0033,0.1,770127
infiltratingductalcarcinoma,220,0.6274959083469722,Concrete,mlp,0.0044,0.1,780123
infiltratinglobularcarcinoma,60,0.5767195767195767,Concrete,mlp,0.0044,0.1,780123
other,23,0.6756756756756757,Concrete,mlp,0.0044,0.1,780123
infiltratingductalcarcinoma,220,0.644189852700491,Concrete,mlp,0.0044,0.1,780124
infiltratinglobularcarcinoma,60,0.5767195767195767,Concrete,mlp,0.0044,0.1,780124
other,23,0.6486486486486487,Concrete,mlp,0.0044,0.1,780124
infiltratingductalcarcinoma,220,0.6438625204582651,Concrete,mlp,0.0044,0.1,780125
infiltratinglobularcarcinoma,60,0.5026455026455027,Concrete,mlp,0.0044,0.1,780125
other,23,0.5135135135135135,Concrete,mlp,0.0044,0.1,780125
infiltratingductalcarcinoma,220,0.6202945990180033,Concrete,mlp,0.0044,0.1,780126
infiltratinglobularcarcinoma,60,0.5026455026455027,Concrete,mlp,0.0044,0.1,780126
other,23,0.5135135135135135,Concrete,mlp,0.0044,0.1,780126
infiltratingductalcarcinoma,220,0.630114566284779,Concrete,mlp,0.0044,0.1,780127
infiltratinglobularcarcinoma,60,0.5343915343915344,Concrete,mlp,0.0044,0.1,780127
other,23,0.4864864864864865,Concrete,mlp,0.0044,0.1,780127
infiltratingductalcarcinoma,220,0.595417348608838,Concrete,mlp,0.0055,0.1,790123
infiltratinglobularcarcinoma,60,0.5238095238095238,Concrete,mlp,0.0055,0.1,790123
other,23,0.5945945945945946,Concrete,mlp,0.0055,0.1,790123
infiltratingductalcarcinoma,220,0.602291325695581,Concrete,mlp,0.0055,0.1,790124
infiltratinglobularcarcinoma,60,0.5767195767195767,Concrete,mlp,0.0055,0.1,790124
other,23,0.6216216216216216,Concrete,mlp,0.0055,0.1,790124
infiltratingductalcarcinoma,220,0.6356792144026187,Concrete,mlp,0.0055,0.1,790125
infiltratinglobularcarcinoma,60,0.6931216931216931,Concrete,mlp,0.0055,0.1,790125
other,23,0.6486486486486487,Concrete,mlp,0.0055,0.1,790125
infiltratingductalcarcinoma,220,0.6435351882160393,Concrete,mlp,0.0055,0.1,790126
infiltratinglobularcarcinoma,60,0.5026455026455027,Concrete,mlp,0.0055,0.1,790126
other,23,0.6216216216216216,Concrete,mlp,0.0055,0.1,790126
infiltratingductalcarcinoma,220,0.5433715220949263,Concrete,mlp,0.0055,0.1,790127
infiltratinglobularcarcinoma,60,0.5502645502645502,Concrete,mlp,0.0055,0.1,790127
other,23,0.4594594594594595,Concrete,mlp,0.0055,0.1,790127
infiltratingductalcarcinoma,220,0.5060556464811784,Concrete,mlp,0.0066,0.1,800123
infiltratinglobularcarcinoma,60,0.6031746031746031,Concrete,mlp,0.0066,0.1,800123
other,23,0.5135135135135135,Concrete,mlp,0.0066,0.1,800123
infiltratingductalcarcinoma,220,0.5986906710310965,Concrete,mlp,0.0066,0.1,800124
infiltratinglobularcarcinoma,60,0.544973544973545,Concrete,mlp,0.0066,0.1,800124
other,23,0.4054054054054054,Concrete,mlp,0.0066,0.1,800124
infiltratingductalcarcinoma,220,0.6245499181669394,Concrete,mlp,0.0066,0.1,800125
infiltratinglobularcarcinoma,60,0.5978835978835979,Concrete,mlp,0.0066,0.1,800125
other,23,0.3513513513513513,Concrete,mlp,0.0066,0.1,800125
infiltratingductalcarcinoma,220,0.5335515548281505,Concrete,mlp,0.0066,0.1,800126
infiltratinglobularcarcinoma,60,0.5079365079365079,Concrete,mlp,0.0066,0.1,800126
other,23,0.4594594594594595,Concrete,mlp,0.0066,0.1,800126
infiltratingductalcarcinoma,220,0.5034369885433715,Concrete,mlp,0.0066,0.1,800127
infiltratinglobularcarcinoma,60,0.5079365079365079,Concrete,mlp,0.0066,0.1,800127
other,23,0.5675675675675675,Concrete,mlp,0.0066,0.1,800127
infiltratingductalcarcinoma,220,0.6654664484451719,Concrete,mlp,0.0011,0.2,810123
infiltratinglobularcarcinoma,60,0.4708994708994709,Concrete,mlp,0.0011,0.2,810123
other,23,0.5675675675675675,Concrete,mlp,0.0011,0.2,810123
infiltratingductalcarcinoma,220,0.5855973813420622,Concrete,mlp,0.0011,0.2,810124
infiltratinglobularcarcinoma,60,0.5714285714285714,Concrete,mlp,0.0011,0.2,810124
other,23,0.6216216216216216,Concrete,mlp,0.0011,0.2,810124
infiltratingductalcarcinoma,220,0.6399345335515548,Concrete,mlp,0.0011,0.2,810125
infiltratinglobularcarcinoma,60,0.4761904761904761,Concrete,mlp,0.0011,0.2,810125
other,23,0.5945945945945946,Concrete,mlp,0.0011,0.2,810125
infiltratingductalcarcinoma,220,0.6474631751227496,Concrete,mlp,0.0011,0.2,810126
infiltratinglobularcarcinoma,60,0.5238095238095238,Concrete,mlp,0.0011,0.2,810126
other,23,0.5405405405405406,Concrete,mlp,0.0011,0.2,810126
infiltratingductalcarcinoma,220,0.6219312602291326,Concrete,mlp,0.0011,0.2,810127
infiltratinglobularcarcinoma,60,0.5555555555555556,Concrete,mlp,0.0011,0.2,810127
other,23,0.4864864864864865,Concrete,mlp,0.0011,0.2,810127
infiltratingductalcarcinoma,220,0.6612111292962357,Concrete,mlp,0.00165,0.2,820123
infiltratinglobularcarcinoma,60,0.6243386243386243,Concrete,mlp,0.00165,0.2,820123
other,23,0.5405405405405406,Concrete,mlp,0.00165,0.2,820123
infiltratingductalcarcinoma,220,0.6461538461538462,Concrete,mlp,0.00165,0.2,820124
infiltratinglobularcarcinoma,60,0.5661375661375662,Concrete,mlp,0.00165,0.2,820124
other,23,0.6216216216216216,Concrete,mlp,0.00165,0.2,820124
infiltratingductalcarcinoma,220,0.5420621931260229,Concrete,mlp,0.00165,0.2,820125
infiltratinglobularcarcinoma,60,0.5238095238095238,Concrete,mlp,0.00165,0.2,820125
other,23,0.5405405405405406,Concrete,mlp,0.00165,0.2,820125
infiltratingductalcarcinoma,220,0.6851063829787234,Concrete,mlp,0.00165,0.2,820126
infiltratinglobularcarcinoma,60,0.5238095238095238,Concrete,mlp,0.00165,0.2,820126
other,23,0.5405405405405406,Concrete,mlp,0.00165,0.2,820126
infiltratingductalcarcinoma,220,0.6304418985270049,Concrete,mlp,0.00165,0.2,820127
infiltratinglobularcarcinoma,60,0.6349206349206349,Concrete,mlp,0.00165,0.2,820127
other,23,0.6486486486486487,Concrete,mlp,0.00165,0.2,820127
infiltratingductalcarcinoma,220,0.555810147299509,Concrete,mlp,0.0022,0.2,830123
infiltratinglobularcarcinoma,60,0.4814814814814814,Concrete,mlp,0.0022,0.2,830123
other,23,0.5675675675675675,Concrete,mlp,0.0022,0.2,830123
infiltratingductalcarcinoma,220,0.6225859247135843,Concrete,mlp,0.0022,0.2,830124
infiltratinglobularcarcinoma,60,0.7037037037037037,Concrete,mlp,0.0022,0.2,830124
other,23,0.5405405405405406,Concrete,mlp,0.0022,0.2,830124
infiltratingductalcarcinoma,220,0.6268412438625205,Concrete,mlp,0.0022,0.2,830125
infiltratinglobularcarcinoma,60,0.5291005291005291,Concrete,mlp,0.0022,0.2,830125
other,23,0.5405405405405406,Concrete,mlp,0.0022,0.2,830125
infiltratingductalcarcinoma,220,0.6337152209492635,Concrete,mlp,0.0022,0.2,830126
infiltratinglobularcarcinoma,60,0.6666666666666666,Concrete,mlp,0.0022,0.2,830126
other,23,0.5945945945945946,Concrete,mlp,0.0022,0.2,830126
infiltratingductalcarcinoma,220,0.5741407528641571,Concrete,mlp,0.0022,0.2,830127
infiltratinglobularcarcinoma,60,0.5291005291005291,Concrete,mlp,0.0022,0.2,830127
other,23,0.5405405405405406,Concrete,mlp,0.0022,0.2,830127
infiltratingductalcarcinoma,220,0.6543371522094926,Concrete,mlp,0.00275,0.2,840123
infiltratinglobularcarcinoma,60,0.671957671957672,Concrete,mlp,0.00275,0.2,840123
other,23,0.5135135135135135,Concrete,mlp,0.00275,0.2,840123
infiltratingductalcarcinoma,220,0.5787234042553191,Concrete,mlp,0.00275,0.2,840124
infiltratinglobularcarcinoma,60,0.4814814814814814,Concrete,mlp,0.00275,0.2,840124
other,23,0.5675675675675675,Concrete,mlp,0.00275,0.2,840124
infiltratingductalcarcinoma,220,0.6608837970540098,Concrete,mlp,0.00275,0.2,840125
infiltratinglobularcarcinoma,60,0.5873015873015873,Concrete,mlp,0.00275,0.2,840125
other,23,0.5405405405405406,Concrete,mlp,0.00275,0.2,840125
infiltratingductalcarcinoma,220,0.5839607201309329,Concrete,mlp,0.00275,0.2,840126
infiltratinglobularcarcinoma,60,0.656084656084656,Concrete,mlp,0.00275,0.2,840126
other,23,0.4864864864864865,Concrete,mlp,0.00275,0.2,840126
infiltratingductalcarcinoma,220,0.6242225859247136,Concrete,mlp,0.00275,0.2,840127
infiltratinglobularcarcinoma,60,0.5185185185185185,Concrete,mlp,0.00275,0.2,840127
other,23,0.5945945945945946,Concrete,mlp,0.00275,0.2,840127
infiltratingductalcarcinoma,220,0.6536824877250409,Concrete,mlp,0.0033,0.2,850123
infiltratinglobularcarcinoma,60,0.5661375661375662,Concrete,mlp,0.0033,0.2,850123
other,23,0.6216216216216216,Concrete,mlp,0.0033,0.2,850123
infiltratingductalcarcinoma,220,0.6648117839607202,Concrete,mlp,0.0033,0.2,850124
infiltratinglobularcarcinoma,60,0.6190476190476191,Concrete,mlp,0.0033,0.2,850124
other,23,0.4324324324324324,Concrete,mlp,0.0033,0.2,850124
infiltratingductalcarcinoma,220,0.5564648117839607,Concrete,mlp,0.0033,0.2,850125
infiltratinglobularcarcinoma,60,0.5185185185185185,Concrete,mlp,0.0033,0.2,850125
other,23,0.5135135135135135,Concrete,mlp,0.0033,0.2,850125
infiltratingductalcarcinoma,220,0.5728314238952537,Concrete,mlp,0.0033,0.2,850126
infiltratinglobularcarcinoma,60,0.5079365079365079,Concrete,mlp,0.0033,0.2,850126
other,23,0.5405405405405406,Concrete,mlp,0.0033,0.2,850126
infiltratingductalcarcinoma,220,0.5993453355155482,Concrete,mlp,0.0033,0.2,850127
infiltratinglobularcarcinoma,60,0.5079365079365079,Concrete,mlp,0.0033,0.2,850127
other,23,0.4324324324324324,Concrete,mlp,0.0033,0.2,850127
infiltratingductalcarcinoma,220,0.5764320785597381,Concrete,mlp,0.0044,0.2,860123
infiltratinglobularcarcinoma,60,0.544973544973545,Concrete,mlp,0.0044,0.2,860123
other,23,0.6216216216216216,Concrete,mlp,0.0044,0.2,860123
infiltratingductalcarcinoma,220,0.5924713584288053,Concrete,mlp,0.0044,0.2,860124
infiltratinglobularcarcinoma,60,0.582010582010582,Concrete,mlp,0.0044,0.2,860124
other,23,0.5675675675675675,Concrete,mlp,0.0044,0.2,860124
infiltratingductalcarcinoma,220,0.5378068739770867,Concrete,mlp,0.0044,0.2,860125
infiltratinglobularcarcinoma,60,0.4761904761904761,Concrete,mlp,0.0044,0.2,860125
other,23,0.5135135135135135,Concrete,mlp,0.0044,0.2,860125
infiltratingductalcarcinoma,220,0.6265139116202946,Concrete,mlp,0.0044,0.2,860126
infiltratinglobularcarcinoma,60,0.4973544973544973,Concrete,mlp,0.0044,0.2,860126
other,23,0.5405405405405406,Concrete,mlp,0.0044,0.2,860126
infiltratingductalcarcinoma,220,0.6042553191489362,Concrete,mlp,0.0044,0.2,860127
infiltratinglobularcarcinoma,60,0.2962962962962963,Concrete,mlp,0.0044,0.2,860127
other,23,0.3243243243243243,Concrete,mlp,0.0044,0.2,860127
infiltratingductalcarcinoma,220,0.5689034369885434,Concrete,mlp,0.0055,0.2,870123
infiltratinglobularcarcinoma,60,0.582010582010582,Concrete,mlp,0.0055,0.2,870123
other,23,0.5405405405405406,Concrete,mlp,0.0055,0.2,870123
infiltratingductalcarcinoma,220,0.6202945990180033,Concrete,mlp,0.0055,0.2,870124
infiltratinglobularcarcinoma,60,0.4444444444444444,Concrete,mlp,0.0055,0.2,870124
other,23,0.4594594594594595,Concrete,mlp,0.0055,0.2,870124
infiltratingductalcarcinoma,220,0.5594108019639934,Concrete,mlp,0.0055,0.2,870125
infiltratinglobularcarcinoma,60,0.6243386243386243,Concrete,mlp,0.0055,0.2,870125
other,23,0.6216216216216216,Concrete,mlp,0.0055,0.2,870125
infiltratingductalcarcinoma,220,0.6779050736497545,Concrete,mlp,0.0055,0.2,870126
infiltratinglobularcarcinoma,60,0.492063492063492,Concrete,mlp,0.0055,0.2,870126
other,23,0.7297297297297297,Concrete,mlp,0.0055,0.2,870126
infiltratingductalcarcinoma,220,0.5993453355155482,Concrete,mlp,0.0055,0.2,870127
infiltratinglobularcarcinoma,60,0.3544973544973545,Concrete,mlp,0.0055,0.2,870127
other,23,0.3783783783783784,Concrete,mlp,0.0055,0.2,870127
infiltratingductalcarcinoma,220,0.5234042553191489,Concrete,mlp,0.0066,0.2,880123
infiltratinglobularcarcinoma,60,0.4761904761904761,Concrete,mlp,0.0066,0.2,880123
other,23,0.6216216216216216,Concrete,mlp,0.0066,0.2,880123
infiltratingductalcarcinoma,220,0.5682487725040917,Concrete,mlp,0.0066,0.2,880124
infiltratinglobularcarcinoma,60,0.6666666666666666,Concrete,mlp,0.0066,0.2,880124
other,23,0.4594594594594595,Concrete,mlp,0.0066,0.2,880124
infiltratingductalcarcinoma,220,0.5725040916530278,Concrete,mlp,0.0066,0.2,880125
infiltratinglobularcarcinoma,60,0.4867724867724867,Concrete,mlp,0.0066,0.2,880125
other,23,0.5135135135135135,Concrete,mlp,0.0066,0.2,880125
infiltratingductalcarcinoma,220,0.6399345335515548,Concrete,mlp,0.0066,0.2,880126
infiltratinglobularcarcinoma,60,0.5555555555555556,Concrete,mlp,0.0066,0.2,880126
other,23,0.4594594594594595,Concrete,mlp,0.0066,0.2,880126
infiltratingductalcarcinoma,220,0.5617021276595745,Concrete,mlp,0.0066,0.2,880127
infiltratinglobularcarcinoma,60,0.544973544973545,Concrete,mlp,0.0066,0.2,880127
other,23,0.3783783783783784,Concrete,mlp,0.0066,0.2,880127
infiltratingductalcarcinoma,220,0.6180032733224222,Concrete,mlp,0.0011,0.4,890123
infiltratinglobularcarcinoma,60,0.5343915343915344,Concrete,mlp,0.0011,0.4,890123
other,23,0.5405405405405406,Concrete,mlp,0.0011,0.4,890123
infiltratingductalcarcinoma,220,0.6055646481178396,Concrete,mlp,0.0011,0.4,890124
infiltratinglobularcarcinoma,60,0.6031746031746031,Concrete,mlp,0.0011,0.4,890124
other,23,0.5945945945945946,Concrete,mlp,0.0011,0.4,890124
infiltratingductalcarcinoma,220,0.6458265139116203,Concrete,mlp,0.0011,0.4,890125
infiltratinglobularcarcinoma,60,0.5396825396825397,Concrete,mlp,0.0011,0.4,890125
other,23,0.5675675675675675,Concrete,mlp,0.0011,0.4,890125
infiltratingductalcarcinoma,220,0.628150572831424,Concrete,mlp,0.0011,0.4,890126
infiltratinglobularcarcinoma,60,0.5873015873015873,Concrete,mlp,0.0011,0.4,890126
other,23,0.5405405405405406,Concrete,mlp,0.0011,0.4,890126
infiltratingductalcarcinoma,220,0.6909983633387888,Concrete,mlp,0.0011,0.4,890127
infiltratinglobularcarcinoma,60,0.6190476190476191,Concrete,mlp,0.0011,0.4,890127
other,23,0.6216216216216216,Concrete,mlp,0.0011,0.4,890127
infiltratingductalcarcinoma,220,0.6003273322422259,Concrete,mlp,0.00165,0.4,900123
infiltratinglobularcarcinoma,60,0.5185185185185185,Concrete,mlp,0.00165,0.4,900123
other,23,0.6216216216216216,Concrete,mlp,0.00165,0.4,900123
infiltratingductalcarcinoma,220,0.5764320785597381,Concrete,mlp,0.00165,0.4,900124
infiltratinglobularcarcinoma,60,0.4973544973544973,Concrete,mlp,0.00165,0.4,900124
other,23,0.6486486486486487,Concrete,mlp,0.00165,0.4,900124
infiltratingductalcarcinoma,220,0.5842880523731587,Concrete,mlp,0.00165,0.4,900125
infiltratinglobularcarcinoma,60,0.5555555555555556,Concrete,mlp,0.00165,0.4,900125
other,23,0.5945945945945946,Concrete,mlp,0.00165,0.4,900125
infiltratingductalcarcinoma,220,0.6415711947626841,Concrete,mlp,0.00165,0.4,900126
infiltratinglobularcarcinoma,60,0.4867724867724867,Concrete,mlp,0.00165,0.4,900126
other,23,0.5945945945945946,Concrete,mlp,0.00165,0.4,900126
infiltratingductalcarcinoma,220,0.6549918166939444,Concrete,mlp,0.00165,0.4,900127
infiltratinglobularcarcinoma,60,0.7354497354497355,Concrete,mlp,0.00165,0.4,900127
other,23,0.5135135135135135,Concrete,mlp,0.00165,0.4,900127
infiltratingductalcarcinoma,220,0.6533551554828151,Concrete,mlp,0.0022,0.4,910123
infiltratinglobularcarcinoma,60,0.6349206349206349,Concrete,mlp,0.0022,0.4,910123
other,23,0.5405405405405406,Concrete,mlp,0.0022,0.4,910123
infiltratingductalcarcinoma,220,0.6248772504091653,Concrete,mlp,0.0022,0.4,910124
infiltratinglobularcarcinoma,60,0.455026455026455,Concrete,mlp,0.0022,0.4,910124
other,23,0.5405405405405406,Concrete,mlp,0.0022,0.4,910124
infiltratingductalcarcinoma,220,0.5924713584288053,Concrete,mlp,0.0022,0.4,910125
infiltratinglobularcarcinoma,60,0.5343915343915344,Concrete,mlp,0.0022,0.4,910125
other,23,0.5135135135135135,Concrete,mlp,0.0022,0.4,910125
infiltratingductalcarcinoma,220,0.6595744680851063,Concrete,mlp,0.0022,0.4,910126
infiltratinglobularcarcinoma,60,0.6031746031746031,Concrete,mlp,0.0022,0.4,910126
other,23,0.5945945945945946,Concrete,mlp,0.0022,0.4,910126
infiltratingductalcarcinoma,220,0.5689034369885434,Concrete,mlp,0.0022,0.4,910127
infiltratinglobularcarcinoma,60,0.5396825396825397,Concrete,mlp,0.0022,0.4,910127
other,23,0.4864864864864865,Concrete,mlp,0.0022,0.4,910127
infiltratingductalcarcinoma,220,0.5842880523731587,Concrete,mlp,0.00275,0.4,920123
infiltratinglobularcarcinoma,60,0.4126984126984127,Concrete,mlp,0.00275,0.4,920123
other,23,0.5135135135135135,Concrete,mlp,0.00275,0.4,920123
infiltratingductalcarcinoma,220,0.6294599018003273,Concrete,mlp,0.00275,0.4,920124
infiltratinglobularcarcinoma,60,0.5343915343915344,Concrete,mlp,0.00275,0.4,920124
other,23,0.5135135135135135,Concrete,mlp,0.00275,0.4,920124
infiltratingductalcarcinoma,220,0.681505728314239,Concrete,mlp,0.00275,0.4,920125
infiltratinglobularcarcinoma,60,0.5343915343915344,Concrete,mlp,0.00275,0.4,920125
other,23,0.4864864864864865,Concrete,mlp,0.00275,0.4,920125
infiltratingductalcarcinoma,220,0.595417348608838,Concrete,mlp,0.00275,0.4,920126
infiltratinglobularcarcinoma,60,0.7671957671957672,Concrete,mlp,0.00275,0.4,920126
other,23,0.5405405405405406,Concrete,mlp,0.00275,0.4,920126
infiltratingductalcarcinoma,220,0.611783960720131,Concrete,mlp,0.00275,0.4,920127
infiltratinglobularcarcinoma,60,0.5925925925925926,Concrete,mlp,0.00275,0.4,920127
other,23,0.4324324324324324,Concrete,mlp,0.00275,0.4,920127
infiltratingductalcarcinoma,220,0.625531914893617,Concrete,mlp,0.0033,0.4,930123
infiltratinglobularcarcinoma,60,0.4973544973544973,Concrete,mlp,0.0033,0.4,930123
other,23,0.5675675675675675,Concrete,mlp,0.0033,0.4,930123
infiltratingductalcarcinoma,220,0.5479541734860883,Concrete,mlp,0.0033,0.4,930124
infiltratinglobularcarcinoma,60,0.4973544973544973,Concrete,mlp,0.0033,0.4,930124
other,23,0.5135135135135135,Concrete,mlp,0.0033,0.4,930124
infiltratingductalcarcinoma,220,0.6432078559738135,Concrete,mlp,0.0033,0.4,930125
infiltratinglobularcarcinoma,60,0.5343915343915344,Concrete,mlp,0.0033,0.4,930125
other,23,0.5675675675675675,Concrete,mlp,0.0033,0.4,930125
infiltratingductalcarcinoma,220,0.5783960720130933,Concrete,mlp,0.0033,0.4,930126
infiltratinglobularcarcinoma,60,0.5555555555555556,Concrete,mlp,0.0033,0.4,930126
other,23,0.5405405405405406,Concrete,mlp,0.0033,0.4,930126
infiltratingductalcarcinoma,220,0.6032733224222586,Concrete,mlp,0.0033,0.4,930127
infiltratinglobularcarcinoma,60,0.4814814814814814,Concrete,mlp,0.0033,0.4,930127
other,23,0.5675675675675675,Concrete,mlp,0.0033,0.4,930127
infiltratingductalcarcinoma,220,0.5963993453355155,Concrete,mlp,0.0044,0.4,940123
infiltratinglobularcarcinoma,60,0.4973544973544973,Concrete,mlp,0.0044,0.4,940123
other,23,0.5135135135135135,Concrete,mlp,0.0044,0.4,940123
infiltratingductalcarcinoma,220,0.6081833060556465,Concrete,mlp,0.0044,0.4,940124
infiltratinglobularcarcinoma,60,0.4021164021164021,Concrete,mlp,0.0044,0.4,940124
other,23,0.5405405405405406,Concrete,mlp,0.0044,0.4,940124
infiltratingductalcarcinoma,220,0.6160392798690671,Concrete,mlp,0.0044,0.4,940125
infiltratinglobularcarcinoma,60,0.4973544973544973,Concrete,mlp,0.0044,0.4,940125
other,23,0.3513513513513513,Concrete,mlp,0.0044,0.4,940125
infiltratingductalcarcinoma,220,0.6707037643207856,Concrete,mlp,0.0044,0.4,940126
infiltratinglobularcarcinoma,60,0.4761904761904761,Concrete,mlp,0.0044,0.4,940126
other,23,0.4864864864864865,Concrete,mlp,0.0044,0.4,940126
infiltratingductalcarcinoma,220,0.5777414075286416,Concrete,mlp,0.0044,0.4,940127
infiltratinglobularcarcinoma,60,0.6031746031746031,Concrete,mlp,0.0044,0.4,940127
other,23,0.6486486486486487,Concrete,mlp,0.0044,0.4,940127
infiltratingductalcarcinoma,220,0.6533551554828151,Concrete,mlp,0.0055,0.4,950123
infiltratinglobularcarcinoma,60,0.5555555555555556,Concrete,mlp,0.0055,0.4,950123
other,23,0.6216216216216216,Concrete,mlp,0.0055,0.4,950123
infiltratingductalcarcinoma,220,0.6271685761047463,Concrete,mlp,0.0055,0.4,950124
infiltratinglobularcarcinoma,60,0.6402116402116402,Concrete,mlp,0.0055,0.4,950124
other,23,0.4324324324324324,Concrete,mlp,0.0055,0.4,950124
infiltratingductalcarcinoma,220,0.5734860883797054,Concrete,mlp,0.0055,0.4,950125
infiltratinglobularcarcinoma,60,0.2328042328042328,Concrete,mlp,0.0055,0.4,950125
other,23,0.5405405405405406,Concrete,mlp,0.0055,0.4,950125
infiltratingductalcarcinoma,220,0.6183306055646481,Concrete,mlp,0.0055,0.4,950126
infiltratinglobularcarcinoma,60,0.5132275132275133,Concrete,mlp,0.0055,0.4,950126
other,23,0.5405405405405406,Concrete,mlp,0.0055,0.4,950126
infiltratingductalcarcinoma,220,0.6124386252045827,Concrete,mlp,0.0055,0.4,950127
infiltratinglobularcarcinoma,60,0.5767195767195767,Concrete,mlp,0.0055,0.4,950127
other,23,0.4324324324324324,Concrete,mlp,0.0055,0.4,950127
infiltratingductalcarcinoma,220,0.6173486088379705,Concrete,mlp,0.0066,0.4,960123
infiltratinglobularcarcinoma,60,0.798941798941799,Concrete,mlp,0.0066,0.4,960123
other,23,0.8378378378378378,Concrete,mlp,0.0066,0.4,960123
infiltratingductalcarcinoma,220,0.6147299509001637,Concrete,mlp,0.0066,0.4,960124
infiltratinglobularcarcinoma,60,0.2857142857142857,Concrete,mlp,0.0066,0.4,960124
other,23,0.6756756756756757,Concrete,mlp,0.0066,0.4,960124
infiltratingductalcarcinoma,220,0.5751227495908346,Concrete,mlp,0.0066,0.4,960125
infiltratinglobularcarcinoma,60,0.5026455026455027,Concrete,mlp,0.0066,0.4,960125
other,23,0.5405405405405406,Concrete,mlp,0.0066,0.4,960125
infiltratingductalcarcinoma,220,0.497545008183306,Concrete,mlp,0.0066,0.4,960126
infiltratinglobularcarcinoma,60,0.6507936507936508,Concrete,mlp,0.0066,0.4,960126
other,23,0.4054054054054054,Concrete,mlp,0.0066,0.4,960126
infiltratingductalcarcinoma,220,0.6389525368248773,Concrete,mlp,0.0066,0.4,960127
infiltratinglobularcarcinoma,60,0.4761904761904761,Concrete,mlp,0.0066,0.4,960127
other,23,0.4864864864864865,Concrete,mlp,0.0066,0.4,960127
infiltratingductalcarcinoma,220,0.6563011456628478,Concrete,mlp,0.0011,0.0,970123
infiltratinglobularcarcinoma,60,0.5555555555555556,Concrete,mlp,0.0011,0.0,970123
other,23,0.5135135135135135,Concrete,mlp,0.0011,0.0,970123
infiltratingductalcarcinoma,220,0.628150572831424,Concrete,mlp,0.0011,0.0,970124
infiltratinglobularcarcinoma,60,0.5873015873015873,Concrete,mlp,0.0011,0.0,970124
other,23,0.5675675675675675,Concrete,mlp,0.0011,0.0,970124
infiltratingductalcarcinoma,220,0.6585924713584288,Concrete,mlp,0.0011,0.0,970125
infiltratinglobularcarcinoma,60,0.6402116402116402,Concrete,mlp,0.0011,0.0,970125
other,23,0.5405405405405406,Concrete,mlp,0.0011,0.0,970125
infiltratingductalcarcinoma,220,0.6343698854337152,Concrete,mlp,0.0011,0.0,970126
infiltratinglobularcarcinoma,60,0.5555555555555556,Concrete,mlp,0.0011,0.0,970126
other,23,0.5675675675675675,Concrete,mlp,0.0011,0.0,970126
infiltratingductalcarcinoma,220,0.6009819967266776,Concrete,mlp,0.0011,0.0,970127
infiltratinglobularcarcinoma,60,0.582010582010582,Concrete,mlp,0.0011,0.0,970127
other,23,0.5135135135135135,Concrete,mlp,0.0011,0.0,970127
infiltratingductalcarcinoma,220,0.6756137479541735,Concrete,mlp,0.00165,0.0,980123
infiltratinglobularcarcinoma,60,0.6084656084656085,Concrete,mlp,0.00165,0.0,980123
other,23,0.5405405405405406,Concrete,mlp,0.00165,0.0,980123
infiltratingductalcarcinoma,220,0.6687397708674304,Concrete,mlp,0.00165,0.0,980124
infiltratinglobularcarcinoma,60,0.5555555555555556,Concrete,mlp,0.00165,0.0,980124
other,23,0.5405405405405406,Concrete,mlp,0.00165,0.0,980124
infiltratingductalcarcinoma,220,0.6248772504091653,Concrete,mlp,0.00165,0.0,980125
infiltratinglobularcarcinoma,60,0.5608465608465608,Concrete,mlp,0.00165,0.0,980125
other,23,0.5945945945945946,Concrete,mlp,0.00165,0.0,980125
infiltratingductalcarcinoma,220,0.5764320785597381,Concrete,mlp,0.00165,0.0,980126
infiltratinglobularcarcinoma,60,0.7037037037037037,Concrete,mlp,0.00165,0.0,980126
other,23,0.5405405405405406,Concrete,mlp,0.00165,0.0,980126
infiltratingductalcarcinoma,220,0.5869067103109656,Concrete,mlp,0.00165,0.0,980127
infiltratinglobularcarcinoma,60,0.5873015873015873,Concrete,mlp,0.00165,0.0,980127
other,23,0.5405405405405406,Concrete,mlp,0.00165,0.0,980127
infiltratingductalcarcinoma,220,0.5819967266775777,Concrete,mlp,0.0022,0.0,990123
infiltratinglobularcarcinoma,60,0.5502645502645502,Concrete,mlp,0.0022,0.0,990123
other,23,0.7027027027027027,Concrete,mlp,0.0022,0.0,990123
infiltratingductalcarcinoma,220,0.6274959083469722,Concrete,mlp,0.0022,0.0,990124
infiltratinglobularcarcinoma,60,0.5714285714285714,Concrete,mlp,0.0022,0.0,990124
other,23,0.4864864864864865,Concrete,mlp,0.0022,0.0,990124
infiltratingductalcarcinoma,220,0.6045826513911621,Concrete,mlp,0.0022,0.0,990125
infiltratinglobularcarcinoma,60,0.5396825396825397,Concrete,mlp,0.0022,0.0,990125
other,23,0.4594594594594595,Concrete,mlp,0.0022,0.0,990125
infiltratingductalcarcinoma,220,0.5875613747954174,Concrete,mlp,0.0022,0.0,990126
infiltratinglobularcarcinoma,60,0.5714285714285714,Concrete,mlp,0.0022,0.0,990126
other,23,0.4594594594594595,Concrete,mlp,0.0022,0.0,990126
infiltratingductalcarcinoma,220,0.597708674304419,Concrete,mlp,0.0022,0.0,990127
infiltratinglobularcarcinoma,60,0.5291005291005291,Concrete,mlp,0.0022,0.0,990127
other,23,0.5135135135135135,Concrete,mlp,0.0022,0.0,990127
infiltratingductalcarcinoma,220,0.6307692307692307,Concrete,mlp,0.00275,0.0,1000123
infiltratinglobularcarcinoma,60,0.5396825396825397,Concrete,mlp,0.00275,0.0,1000123
other,23,0.5675675675675675,Concrete,mlp,0.00275,0.0,1000123
infiltratingductalcarcinoma,220,0.6612111292962357,Concrete,mlp,0.00275,0.0,1000124
infiltratinglobularcarcinoma,60,0.5502645502645502,Concrete,mlp,0.00275,0.0,1000124
other,23,0.5675675675675675,Concrete,mlp,0.00275,0.0,1000124
infiltratingductalcarcinoma,220,0.6752864157119476,Concrete,mlp,0.00275,0.0,1000125
infiltratinglobularcarcinoma,60,0.4232804232804232,Concrete,mlp,0.00275,0.0,1000125
other,23,0.6216216216216216,Concrete,mlp,0.00275,0.0,1000125
infiltratingductalcarcinoma,220,0.6471358428805237,Concrete,mlp,0.00275,0.0,1000126
infiltratinglobularcarcinoma,60,0.5132275132275133,Concrete,mlp,0.00275,0.0,1000126
other,23,0.4864864864864865,Concrete,mlp,0.00275,0.0,1000126
infiltratingductalcarcinoma,220,0.5882160392798691,Concrete,mlp,0.00275,0.0,1000127
infiltratinglobularcarcinoma,60,0.5502645502645502,Concrete,mlp,0.00275,0.0,1000127
other,23,0.5405405405405406,Concrete,mlp,0.00275,0.0,1000127
infiltratingductalcarcinoma,220,0.5446808510638298,Concrete,mlp,0.0033,0.0,1010123
infiltratinglobularcarcinoma,60,0.5026455026455027,Concrete,mlp,0.0033,0.0,1010123
other,23,0.6486486486486487,Concrete,mlp,0.0033,0.0,1010123
infiltratingductalcarcinoma,220,0.6376432078559738,Concrete,mlp,0.0033,0.0,1010124
infiltratinglobularcarcinoma,60,0.5291005291005291,Concrete,mlp,0.0033,0.0,1010124
other,23,0.6216216216216216,Concrete,mlp,0.0033,0.0,1010124
infiltratingductalcarcinoma,220,0.6435351882160393,Concrete,mlp,0.0033,0.0,1010125
infiltratinglobularcarcinoma,60,0.6137566137566137,Concrete,mlp,0.0033,0.0,1010125
other,23,0.5405405405405406,Concrete,mlp,0.0033,0.0,1010125
infiltratingductalcarcinoma,220,0.6654664484451719,Concrete,mlp,0.0033,0.0,1010126
infiltratinglobularcarcinoma,60,0.6190476190476191,Concrete,mlp,0.0033,0.0,1010126
other,23,0.5945945945945946,Concrete,mlp,0.0033,0.0,1010126
infiltratingductalcarcinoma,220,0.5888707037643208,Concrete,mlp,0.0033,0.0,1010127
infiltratinglobularcarcinoma,60,0.6031746031746031,Concrete,mlp,0.0033,0.0,1010127
other,23,0.5675675675675675,Concrete,mlp,0.0033,0.0,1010127
infiltratingductalcarcinoma,220,0.6225859247135843,Concrete,mlp,0.0044,0.0,1020123
infiltratinglobularcarcinoma,60,0.582010582010582,Concrete,mlp,0.0044,0.0,1020123
other,23,0.5675675675675675,Concrete,mlp,0.0044,0.0,1020123
infiltratingductalcarcinoma,220,0.595417348608838,Concrete,mlp,0.0044,0.0,1020124
infiltratinglobularcarcinoma,60,0.4708994708994709,Concrete,mlp,0.0044,0.0,1020124
other,23,0.4864864864864865,Concrete,mlp,0.0044,0.0,1020124
infiltratingductalcarcinoma,220,0.64189852700491,Concrete,mlp,0.0044,0.0,1020125
infiltratinglobularcarcinoma,60,0.4285714285714285,Concrete,mlp,0.0044,0.0,1020125
other,23,0.5135135135135135,Concrete,mlp,0.0044,0.0,1020125
infiltratingductalcarcinoma,220,0.660556464811784,Concrete,mlp,0.0044,0.0,1020126
infiltratinglobularcarcinoma,60,0.4391534391534391,Concrete,mlp,0.0044,0.0,1020126
other,23,0.5675675675675675,Concrete,mlp,0.0044,0.0,1020126
infiltratingductalcarcinoma,220,0.6405891980360066,Concrete,mlp,0.0044,0.0,1020127
infiltratinglobularcarcinoma,60,0.4285714285714285,Concrete,mlp,0.0044,0.0,1020127
other,23,0.5135135135135135,Concrete,mlp,0.0044,0.0,1020127
infiltratingductalcarcinoma,220,0.5770867430441898,Concrete,mlp,0.0055,0.0,1030123
infiltratinglobularcarcinoma,60,0.5873015873015873,Concrete,mlp,0.0055,0.0,1030123
other,23,0.6216216216216216,Concrete,mlp,0.0055,0.0,1030123
infiltratingductalcarcinoma,220,0.5633387888707038,Concrete,mlp,0.0055,0.0,1030124
infiltratinglobularcarcinoma,60,0.5925925925925926,Concrete,mlp,0.0055,0.0,1030124
other,23,0.4594594594594595,Concrete,mlp,0.0055,0.0,1030124
infiltratingductalcarcinoma,220,0.5548281505728314,Concrete,mlp,0.0055,0.0,1030125
infiltratinglobularcarcinoma,60,0.6137566137566137,Concrete,mlp,0.0055,0.0,1030125
other,23,0.5675675675675675,Concrete,mlp,0.0055,0.0,1030125
infiltratingductalcarcinoma,220,0.6049099836333879,Concrete,mlp,0.0055,0.0,1030126
infiltratinglobularcarcinoma,60,0.4761904761904761,Concrete,mlp,0.0055,0.0,1030126
other,23,0.5675675675675675,Concrete,mlp,0.0055,0.0,1030126
infiltratingductalcarcinoma,220,0.6147299509001637,Concrete,mlp,0.0055,0.0,1030127
infiltratinglobularcarcinoma,60,0.6243386243386243,Concrete,mlp,0.0055,0.0,1030127
other,23,0.5675675675675675,Concrete,mlp,0.0055,0.0,1030127
infiltratingductalcarcinoma,220,0.54860883797054,Concrete,mlp,0.0066,0.0,1040123
infiltratinglobularcarcinoma,60,0.455026455026455,Concrete,mlp,0.0066,0.0,1040123
other,23,0.5135135135135135,Concrete,mlp,0.0066,0.0,1040123
infiltratingductalcarcinoma,220,0.5685761047463175,Concrete,mlp,0.0066,0.0,1040124
infiltratinglobularcarcinoma,60,0.4603174603174603,Concrete,mlp,0.0066,0.0,1040124
other,23,0.4864864864864865,Concrete,mlp,0.0066,0.0,1040124
infiltratingductalcarcinoma,220,0.5220949263502455,Concrete,mlp,0.0066,0.0,1040125
infiltratinglobularcarcinoma,60,0.5555555555555556,Concrete,mlp,0.0066,0.0,1040125
other,23,0.5945945945945946,Concrete,mlp,0.0066,0.0,1040125
infiltratingductalcarcinoma,220,0.5345335515548282,Concrete,mlp,0.0066,0.0,1040126
infiltratinglobularcarcinoma,60,0.6507936507936508,Concrete,mlp,0.0066,0.0,1040126
other,23,0.5135135135135135,Concrete,mlp,0.0066,0.0,1040126
infiltratingductalcarcinoma,220,0.5057283142389526,Concrete,mlp,0.0066,0.0,1040127
infiltratinglobularcarcinoma,60,0.6084656084656085,Concrete,mlp,0.0066,0.0,1040127
other,23,0.3783783783783784,Concrete,mlp,0.0066,0.0,1040127
infiltratingductalcarcinoma,220,0.6720130932896891,Concrete,mlp,0.0011,0.1,1050123
infiltratinglobularcarcinoma,60,0.5714285714285714,Concrete,mlp,0.0011,0.1,1050123
other,23,0.5945945945945946,Concrete,mlp,0.0011,0.1,1050123
infiltratingductalcarcinoma,220,0.6052373158756138,Concrete,mlp,0.0011,0.1,1050124
infiltratinglobularcarcinoma,60,0.6084656084656085,Concrete,mlp,0.0011,0.1,1050124
other,23,0.5405405405405406,Concrete,mlp,0.0011,0.1,1050124
infiltratingductalcarcinoma,220,0.6238952536824878,Concrete,mlp,0.0011,0.1,1050125
infiltratinglobularcarcinoma,60,0.492063492063492,Concrete,mlp,0.0011,0.1,1050125
other,23,0.5405405405405406,Concrete,mlp,0.0011,0.1,1050125
infiltratingductalcarcinoma,220,0.6896890343698854,Concrete,mlp,0.0011,0.1,1050126
infiltratinglobularcarcinoma,60,0.5026455026455027,Concrete,mlp,0.0011,0.1,1050126
other,23,0.6216216216216216,Concrete,mlp,0.0011,0.1,1050126
infiltratingductalcarcinoma,220,0.6085106382978723,Concrete,mlp,0.0011,0.1,1050127
infiltratinglobularcarcinoma,60,0.5502645502645502,Concrete,mlp,0.0011,0.1,1050127
other,23,0.5675675675675675,Concrete,mlp,0.0011,0.1,1050127
infiltratingductalcarcinoma,220,0.6130932896890343,Concrete,mlp,0.00165,0.1,1060123
infiltratinglobularcarcinoma,60,0.5185185185185185,Concrete,mlp,0.00165,0.1,1060123
other,23,0.5405405405405406,Concrete,mlp,0.00165,0.1,1060123
infiltratingductalcarcinoma,220,0.6157119476268412,Concrete,mlp,0.00165,0.1,1060124
infiltratinglobularcarcinoma,60,0.4338624338624338,Concrete,mlp,0.00165,0.1,1060124
other,23,0.4864864864864865,Concrete,mlp,0.00165,0.1,1060124
infiltratingductalcarcinoma,220,0.6078559738134206,Concrete,mlp,0.00165,0.1,1060125
infiltratinglobularcarcinoma,60,0.5978835978835979,Concrete,mlp,0.00165,0.1,1060125
other,23,0.6486486486486487,Concrete,mlp,0.00165,0.1,1060125
infiltratingductalcarcinoma,220,0.6333878887070377,Concrete,mlp,0.00165,0.1,1060126
infiltratinglobularcarcinoma,60,0.5608465608465608,Concrete,mlp,0.00165,0.1,1060126
other,23,0.5405405405405406,Concrete,mlp,0.00165,0.1,1060126
infiltratingductalcarcinoma,220,0.6553191489361702,Concrete,mlp,0.00165,0.1,1060127
infiltratinglobularcarcinoma,60,0.5555555555555556,Concrete,mlp,0.00165,0.1,1060127
other,23,0.5945945945945946,Concrete,mlp,0.00165,0.1,1060127
infiltratingductalcarcinoma,220,0.6654664484451719,Concrete,mlp,0.0022,0.1,1070123
infiltratinglobularcarcinoma,60,0.6931216931216931,Concrete,mlp,0.0022,0.1,1070123
other,23,0.5945945945945946,Concrete,mlp,0.0022,0.1,1070123
infiltratingductalcarcinoma,220,0.6166939443535189,Concrete,mlp,0.0022,0.1,1070124
infiltratinglobularcarcinoma,60,0.6772486772486772,Concrete,mlp,0.0022,0.1,1070124
other,23,0.5675675675675675,Concrete,mlp,0.0022,0.1,1070124
infiltratingductalcarcinoma,220,0.6481178396072013,Concrete,mlp,0.0022,0.1,1070125
infiltratinglobularcarcinoma,60,0.5185185185185185,Concrete,mlp,0.0022,0.1,1070125
other,23,0.6486486486486487,Concrete,mlp,0.0022,0.1,1070125
infiltratingductalcarcinoma,220,0.6340425531914894,Concrete,mlp,0.0022,0.1,1070126
infiltratinglobularcarcinoma,60,0.5026455026455027,Concrete,mlp,0.0022,0.1,1070126
other,23,0.5135135135135135,Concrete,mlp,0.0022,0.1,1070126
infiltratingductalcarcinoma,220,0.6389525368248773,Concrete,mlp,0.0022,0.1,1070127
infiltratinglobularcarcinoma,60,0.5079365079365079,Concrete,mlp,0.0022,0.1,1070127
other,23,0.6216216216216216,Concrete,mlp,0.0022,0.1,1070127
infiltratingductalcarcinoma,220,0.611456628477905,Concrete,mlp,0.00275,0.1,1080123
infiltratinglobularcarcinoma,60,0.6137566137566137,Concrete,mlp,0.00275,0.1,1080123
other,23,0.5675675675675675,Concrete,mlp,0.00275,0.1,1080123
infiltratingductalcarcinoma,220,0.5436988543371523,Concrete,mlp,0.00275,0.1,1080124
infiltratinglobularcarcinoma,60,0.656084656084656,Concrete,mlp,0.00275,0.1,1080124
other,23,0.5135135135135135,Concrete,mlp,0.00275,0.1,1080124
infiltratingductalcarcinoma,220,0.6382978723404256,Concrete,mlp,0.00275,0.1,1080125
infiltratinglobularcarcinoma,60,0.4814814814814814,Concrete,mlp,0.00275,0.1,1080125
other,23,0.5135135135135135,Concrete,mlp,0.00275,0.1,1080125
infiltratingductalcarcinoma,220,0.5499181669394435,Concrete,mlp,0.00275,0.1,1080126
infiltratinglobularcarcinoma,60,0.4973544973544973,Concrete,mlp,0.00275,0.1,1080126
other,23,0.5945945945945946,Concrete,mlp,0.00275,0.1,1080126
infiltratingductalcarcinoma,220,0.6088379705400983,Concrete,mlp,0.00275,0.1,1080127
infiltratinglobularcarcinoma,60,0.4867724867724867,Concrete,mlp,0.00275,0.1,1080127
other,23,0.5135135135135135,Concrete,mlp,0.00275,0.1,1080127
infiltratingductalcarcinoma,220,0.5718494271685761,Concrete,mlp,0.0033,0.1,1090123
infiltratinglobularcarcinoma,60,0.5238095238095238,Concrete,mlp,0.0033,0.1,1090123
other,23,0.6216216216216216,Concrete,mlp,0.0033,0.1,1090123
infiltratingductalcarcinoma,220,0.6157119476268412,Concrete,mlp,0.0033,0.1,1090124
infiltratinglobularcarcinoma,60,0.544973544973545,Concrete,mlp,0.0033,0.1,1090124
other,23,0.4324324324324324,Concrete,mlp,0.0033,0.1,1090124
infiltratingductalcarcinoma,220,0.5587561374795418,Concrete,mlp,0.0033,0.1,1090125
infiltratinglobularcarcinoma,60,0.5502645502645502,Concrete,mlp,0.0033,0.1,1090125
other,23,0.5675675675675675,Concrete,mlp,0.0033,0.1,1090125
infiltratingductalcarcinoma,220,0.5646481178396072,Concrete,mlp,0.0033,0.1,1090126
infiltratinglobularcarcinoma,60,0.6455026455026455,Concrete,mlp,0.0033,0.1,1090126
other,23,0.4054054054054054,Concrete,mlp,0.0033,0.1,1090126
infiltratingductalcarcinoma,220,0.6625204582651392,Concrete,mlp,0.0033,0.1,1090127
infiltratinglobularcarcinoma,60,0.5978835978835979,Concrete,mlp,0.0033,0.1,1090127
other,23,0.4864864864864865,Concrete,mlp,0.0033,0.1,1090127
infiltratingductalcarcinoma,220,0.6013093289689034,Concrete,mlp,0.0044,0.1,1100123
infiltratinglobularcarcinoma,60,0.7142857142857143,Concrete,mlp,0.0044,0.1,1100123
other,23,0.4594594594594595,Concrete,mlp,0.0044,0.1,1100123
infiltratingductalcarcinoma,220,0.6049099836333879,Concrete,mlp,0.0044,0.1,1100124
infiltratinglobularcarcinoma,60,0.6296296296296297,Concrete,mlp,0.0044,0.1,1100124
other,23,0.5135135135135135,Concrete,mlp,0.0044,0.1,1100124
infiltratingductalcarcinoma,220,0.5636661211129296,Concrete,mlp,0.0044,0.1,1100125
infiltratinglobularcarcinoma,60,0.5238095238095238,Concrete,mlp,0.0044,0.1,1100125
other,23,0.5405405405405406,Concrete,mlp,0.0044,0.1,1100125
infiltratingductalcarcinoma,220,0.5623567921440262,Concrete,mlp,0.0044,0.1,1100126
infiltratinglobularcarcinoma,60,0.4761904761904761,Concrete,mlp,0.0044,0.1,1100126
other,23,0.4324324324324324,Concrete,mlp,0.0044,0.1,1100126
infiltratingductalcarcinoma,220,0.623240589198036,Concrete,mlp,0.0044,0.1,1100127
infiltratinglobularcarcinoma,60,0.4603174603174603,Concrete,mlp,0.0044,0.1,1100127
other,23,0.4864864864864865,Concrete,mlp,0.0044,0.1,1100127
infiltratingductalcarcinoma,220,0.5551554828150573,Concrete,mlp,0.0055,0.1,1110123
infiltratinglobularcarcinoma,60,0.492063492063492,Concrete,mlp,0.0055,0.1,1110123
other,23,0.6216216216216216,Concrete,mlp,0.0055,0.1,1110123
infiltratingductalcarcinoma,220,0.5800327332242226,Concrete,mlp,0.0055,0.1,1110124
infiltratinglobularcarcinoma,60,0.6084656084656085,Concrete,mlp,0.0055,0.1,1110124
other,23,0.5135135135135135,Concrete,mlp,0.0055,0.1,1110124
infiltratingductalcarcinoma,220,0.6104746317512275,Concrete,mlp,0.0055,0.1,1110125
infiltratinglobularcarcinoma,60,0.5132275132275133,Concrete,mlp,0.0055,0.1,1110125
other,23,0.5135135135135135,Concrete,mlp,0.0055,0.1,1110125
infiltratingductalcarcinoma,220,0.5456628477905073,Concrete,mlp,0.0055,0.1,1110126
infiltratinglobularcarcinoma,60,0.5026455026455027,Concrete,mlp,0.0055,0.1,1110126
other,23,0.5135135135135135,Concrete,mlp,0.0055,0.1,1110126
infiltratingductalcarcinoma,220,0.6098199672667758,Concrete,mlp,0.0055,0.1,1110127
infiltratinglobularcarcinoma,60,0.4285714285714285,Concrete,mlp,0.0055,0.1,1110127
other,23,0.4594594594594595,Concrete,mlp,0.0055,0.1,1110127
infiltratingductalcarcinoma,220,0.6713584288052373,Concrete,mlp,0.0066,0.1,1120123
infiltratinglobularcarcinoma,60,0.6031746031746031,Concrete,mlp,0.0066,0.1,1120123
other,23,0.4054054054054054,Concrete,mlp,0.0066,0.1,1120123
infiltratingductalcarcinoma,220,0.6579378068739771,Concrete,mlp,0.0066,0.1,1120124
infiltratinglobularcarcinoma,60,0.5608465608465608,Concrete,mlp,0.0066,0.1,1120124
other,23,0.7297297297297297,Concrete,mlp,0.0066,0.1,1120124
infiltratingductalcarcinoma,220,0.6729950900163666,Concrete,mlp,0.0066,0.1,1120125
infiltratinglobularcarcinoma,60,0.5714285714285714,Concrete,mlp,0.0066,0.1,1120125
other,23,0.4594594594594595,Concrete,mlp,0.0066,0.1,1120125
infiltratingductalcarcinoma,220,0.5364975450081833,Concrete,mlp,0.0066,0.1,1120126
infiltratinglobularcarcinoma,60,0.5343915343915344,Concrete,mlp,0.0066,0.1,1120126
other,23,0.3783783783783784,Concrete,mlp,0.0066,0.1,1120126
infiltratingductalcarcinoma,220,0.5783960720130933,Concrete,mlp,0.0066,0.1,1120127
infiltratinglobularcarcinoma,60,0.5767195767195767,Concrete,mlp,0.0066,0.1,1120127
other,23,0.5405405405405406,Concrete,mlp,0.0066,0.1,1120127
infiltratingductalcarcinoma,220,0.6353518821603928,Concrete,mlp,0.0011,0.2,1130123
infiltratinglobularcarcinoma,60,0.5555555555555556,Concrete,mlp,0.0011,0.2,1130123
other,23,0.6486486486486487,Concrete,mlp,0.0011,0.2,1130123
infiltratingductalcarcinoma,220,0.6291325695581015,Concrete,mlp,0.0011,0.2,1130124
infiltratinglobularcarcinoma,60,0.5185185185185185,Concrete,mlp,0.0011,0.2,1130124
other,23,0.5945945945945946,Concrete,mlp,0.0011,0.2,1130124
infiltratingductalcarcinoma,220,0.6369885433715221,Concrete,mlp,0.0011,0.2,1130125
infiltratinglobularcarcinoma,60,0.6031746031746031,Concrete,mlp,0.0011,0.2,1130125
other,23,0.5405405405405406,Concrete,mlp,0.0011,0.2,1130125
infiltratingductalcarcinoma,220,0.6,Concrete,mlp,0.0011,0.2,1130126
infiltratinglobularcarcinoma,60,0.4444444444444444,Concrete,mlp,0.0011,0.2,1130126
other,23,0.5135135135135135,Concrete,mlp,0.0011,0.2,1130126
infiltratingductalcarcinoma,220,0.5905073649754501,Concrete,mlp,0.0011,0.2,1130127
infiltratinglobularcarcinoma,60,0.5873015873015873,Concrete,mlp,0.0011,0.2,1130127
other,23,0.6486486486486487,Concrete,mlp,0.0011,0.2,1130127
infiltratingductalcarcinoma,220,0.628150572831424,Concrete,mlp,0.00165,0.2,1140123
infiltratinglobularcarcinoma,60,0.4814814814814814,Concrete,mlp,0.00165,0.2,1140123
other,23,0.5405405405405406,Concrete,mlp,0.00165,0.2,1140123
infiltratingductalcarcinoma,220,0.5967266775777414,Concrete,mlp,0.00165,0.2,1140124
infiltratinglobularcarcinoma,60,0.5343915343915344,Concrete,mlp,0.00165,0.2,1140124
other,23,0.5675675675675675,Concrete,mlp,0.00165,0.2,1140124
infiltratingductalcarcinoma,220,0.6369885433715221,Concrete,mlp,0.00165,0.2,1140125
infiltratinglobularcarcinoma,60,0.5079365079365079,Concrete,mlp,0.00165,0.2,1140125
other,23,0.4864864864864865,Concrete,mlp,0.00165,0.2,1140125
infiltratingductalcarcinoma,220,0.6284779050736498,Concrete,mlp,0.00165,0.2,1140126
infiltratinglobularcarcinoma,60,0.5608465608465608,Concrete,mlp,0.00165,0.2,1140126
other,23,0.5675675675675675,Concrete,mlp,0.00165,0.2,1140126
infiltratingductalcarcinoma,220,0.5787234042553191,Concrete,mlp,0.00165,0.2,1140127
infiltratinglobularcarcinoma,60,0.5396825396825397,Concrete,mlp,0.00165,0.2,1140127
other,23,0.4594594594594595,Concrete,mlp,0.00165,0.2,1140127
infiltratingductalcarcinoma,220,0.6219312602291326,Concrete,mlp,0.0022,0.2,1150123
infiltratinglobularcarcinoma,60,0.4391534391534391,Concrete,mlp,0.0022,0.2,1150123
other,23,0.4594594594594595,Concrete,mlp,0.0022,0.2,1150123
infiltratingductalcarcinoma,220,0.644189852700491,Concrete,mlp,0.0022,0.2,1150124
infiltratinglobularcarcinoma,60,0.6772486772486772,Concrete,mlp,0.0022,0.2,1150124
other,23,0.4324324324324324,Concrete,mlp,0.0022,0.2,1150124
infiltratingductalcarcinoma,220,0.611783960720131,Concrete,mlp,0.0022,0.2,1150125
infiltratinglobularcarcinoma,60,0.5132275132275133,Concrete,mlp,0.0022,0.2,1150125
other,23,0.5675675675675675,Concrete,mlp,0.0022,0.2,1150125
infiltratingductalcarcinoma,220,0.5554828150572831,Concrete,mlp,0.0022,0.2,1150126
infiltratinglobularcarcinoma,60,0.544973544973545,Concrete,mlp,0.0022,0.2,1150126
other,23,0.5675675675675675,Concrete,mlp,0.0022,0.2,1150126
infiltratingductalcarcinoma,220,0.6317512274959084,Concrete,mlp,0.0022,0.2,1150127
infiltratinglobularcarcinoma,60,0.5396825396825397,Concrete,mlp,0.0022,0.2,1150127
other,23,0.5675675675675675,Concrete,mlp,0.0022,0.2,1150127
infiltratingductalcarcinoma,220,0.5685761047463175,Concrete,mlp,0.00275,0.2,1160123
infiltratinglobularcarcinoma,60,0.4179894179894179,Concrete,mlp,0.00275,0.2,1160123
other,23,0.6216216216216216,Concrete,mlp,0.00275,0.2,1160123
infiltratingductalcarcinoma,220,0.5865793780687397,Concrete,mlp,0.00275,0.2,1160124
infiltratinglobularcarcinoma,60,0.6772486772486772,Concrete,mlp,0.00275,0.2,1160124
other,23,0.5675675675675675,Concrete,mlp,0.00275,0.2,1160124
infiltratingductalcarcinoma,220,0.6081833060556465,Concrete,mlp,0.00275,0.2,1160125
infiltratinglobularcarcinoma,60,0.5873015873015873,Concrete,mlp,0.00275,0.2,1160125
other,23,0.6216216216216216,Concrete,mlp,0.00275,0.2,1160125
infiltratingductalcarcinoma,220,0.5610474631751228,Concrete,mlp,0.00275,0.2,1160126
infiltratinglobularcarcinoma,60,0.5396825396825397,Concrete,mlp,0.00275,0.2,1160126
other,23,0.5135135135135135,Concrete,mlp,0.00275,0.2,1160126
infiltratingductalcarcinoma,220,0.6877250409165303,Concrete,mlp,0.00275,0.2,1160127
infiltratinglobularcarcinoma,60,0.582010582010582,Concrete,mlp,0.00275,0.2,1160127
other,23,0.4324324324324324,Concrete,mlp,0.00275,0.2,1160127
infiltratingductalcarcinoma,220,0.5525368248772504,Concrete,mlp,0.0033,0.2,1170123
infiltratinglobularcarcinoma,60,0.5978835978835979,Concrete,mlp,0.0033,0.2,1170123
other,23,0.4324324324324324,Concrete,mlp,0.0033,0.2,1170123
infiltratingductalcarcinoma,220,0.6072013093289689,Concrete,mlp,0.0033,0.2,1170124
infiltratinglobularcarcinoma,60,0.656084656084656,Concrete,mlp,0.0033,0.2,1170124
other,23,0.6216216216216216,Concrete,mlp,0.0033,0.2,1170124
infiltratingductalcarcinoma,220,0.6474631751227496,Concrete,mlp,0.0033,0.2,1170125
infiltratinglobularcarcinoma,60,0.6402116402116402,Concrete,mlp,0.0033,0.2,1170125
other,23,0.4864864864864865,Concrete,mlp,0.0033,0.2,1170125
infiltratingductalcarcinoma,220,0.6484451718494272,Concrete,mlp,0.0033,0.2,1170126
infiltratinglobularcarcinoma,60,0.5396825396825397,Concrete,mlp,0.0033,0.2,1170126
other,23,0.4594594594594595,Concrete,mlp,0.0033,0.2,1170126
infiltratingductalcarcinoma,220,0.5531914893617021,Concrete,mlp,0.0033,0.2,1170127
infiltratinglobularcarcinoma,60,0.4814814814814814,Concrete,mlp,0.0033,0.2,1170127
other,23,0.5675675675675675,Concrete,mlp,0.0033,0.2,1170127
infiltratingductalcarcinoma,220,0.6356792144026187,Concrete,mlp,0.0044,0.2,1180123
infiltratinglobularcarcinoma,60,0.5343915343915344,Concrete,mlp,0.0044,0.2,1180123
other,23,0.5945945945945946,Concrete,mlp,0.0044,0.2,1180123
infiltratingductalcarcinoma,220,0.5243862520458266,Concrete,mlp,0.0044,0.2,1180124
infiltratinglobularcarcinoma,60,0.4391534391534391,Concrete,mlp,0.0044,0.2,1180124
other,23,0.4324324324324324,Concrete,mlp,0.0044,0.2,1180124
infiltratingductalcarcinoma,220,0.6252045826513911,Concrete,mlp,0.0044,0.2,1180125
infiltratinglobularcarcinoma,60,0.4867724867724867,Concrete,mlp,0.0044,0.2,1180125
other,23,0.6756756756756757,Concrete,mlp,0.0044,0.2,1180125
infiltratingductalcarcinoma,220,0.6121112929623568,Concrete,mlp,0.0044,0.2,1180126
infiltratinglobularcarcinoma,60,0.4285714285714285,Concrete,mlp,0.0044,0.2,1180126
other,23,0.7567567567567568,Concrete,mlp,0.0044,0.2,1180126
infiltratingductalcarcinoma,220,0.6340425531914894,Concrete,mlp,0.0044,0.2,1180127
infiltratinglobularcarcinoma,60,0.492063492063492,Concrete,mlp,0.0044,0.2,1180127
other,23,0.5675675675675675,Concrete,mlp,0.0044,0.2,1180127
infiltratingductalcarcinoma,220,0.6216039279869067,Concrete,mlp,0.0055,0.2,1190123
infiltratinglobularcarcinoma,60,0.3968253968253968,Concrete,mlp,0.0055,0.2,1190123
other,23,0.4864864864864865,Concrete,mlp,0.0055,0.2,1190123
infiltratingductalcarcinoma,220,0.5577741407528641,Concrete,mlp,0.0055,0.2,1190124
infiltratinglobularcarcinoma,60,0.6878306878306878,Concrete,mlp,0.0055,0.2,1190124
other,23,0.5945945945945946,Concrete,mlp,0.0055,0.2,1190124
infiltratingductalcarcinoma,220,0.6235679214402619,Concrete,mlp,0.0055,0.2,1190125
infiltratinglobularcarcinoma,60,0.4444444444444444,Concrete,mlp,0.0055,0.2,1190125
other,23,0.5135135135135135,Concrete,mlp,0.0055,0.2,1190125
infiltratingductalcarcinoma,220,0.5427168576104746,Concrete,mlp,0.0055,0.2,1190126
infiltratinglobularcarcinoma,60,0.6084656084656085,Concrete,mlp,0.0055,0.2,1190126
other,23,0.3513513513513513,Concrete,mlp,0.0055,0.2,1190126
infiltratingductalcarcinoma,220,0.5194762684124387,Concrete,mlp,0.0055,0.2,1190127
infiltratinglobularcarcinoma,60,0.5079365079365079,Concrete,mlp,0.0055,0.2,1190127
other,23,0.6216216216216216,Concrete,mlp,0.0055,0.2,1190127
infiltratingductalcarcinoma,220,0.5774140752864158,Concrete,mlp,0.0066,0.2,1200123
infiltratinglobularcarcinoma,60,0.5132275132275133,Concrete,mlp,0.0066,0.2,1200123
other,23,0.5675675675675675,Concrete,mlp,0.0066,0.2,1200123
infiltratingductalcarcinoma,220,0.5587561374795418,Concrete,mlp,0.0066,0.2,1200124
infiltratinglobularcarcinoma,60,0.5238095238095238,Concrete,mlp,0.0066,0.2,1200124
other,23,0.5675675675675675,Concrete,mlp,0.0066,0.2,1200124
infiltratingductalcarcinoma,220,0.5708674304418986,Concrete,mlp,0.0066,0.2,1200125
infiltratinglobularcarcinoma,60,0.6084656084656085,Concrete,mlp,0.0066,0.2,1200125
other,23,0.4864864864864865,Concrete,mlp,0.0066,0.2,1200125
infiltratingductalcarcinoma,220,0.4991816693944353,Concrete,mlp,0.0066,0.2,1200126
infiltratinglobularcarcinoma,60,0.4867724867724867,Concrete,mlp,0.0066,0.2,1200126
other,23,0.6216216216216216,Concrete,mlp,0.0066,0.2,1200126
infiltratingductalcarcinoma,220,0.6212765957446809,Concrete,mlp,0.0066,0.2,1200127
infiltratinglobularcarcinoma,60,0.7142857142857143,Concrete,mlp,0.0066,0.2,1200127
other,23,0.5405405405405406,Concrete,mlp,0.0066,0.2,1200127
infiltratingductalcarcinoma,220,0.6399345335515548,Concrete,mlp,0.0011,0.4,1210123
infiltratinglobularcarcinoma,60,0.5396825396825397,Concrete,mlp,0.0011,0.4,1210123
other,23,0.5945945945945946,Concrete,mlp,0.0011,0.4,1210123
infiltratingductalcarcinoma,220,0.6507364975450082,Concrete,mlp,0.0011,0.4,1210124
infiltratinglobularcarcinoma,60,0.5978835978835979,Concrete,mlp,0.0011,0.4,1210124
other,23,0.5405405405405406,Concrete,mlp,0.0011,0.4,1210124
infiltratingductalcarcinoma,220,0.6644844517184942,Concrete,mlp,0.0011,0.4,1210125
infiltratinglobularcarcinoma,60,0.4867724867724867,Concrete,mlp,0.0011,0.4,1210125
other,23,0.6486486486486487,Concrete,mlp,0.0011,0.4,1210125
infiltratingductalcarcinoma,220,0.6366612111292962,Concrete,mlp,0.0011,0.4,1210126
infiltratinglobularcarcinoma,60,0.4814814814814814,Concrete,mlp,0.0011,0.4,1210126
other,23,0.5675675675675675,Concrete,mlp,0.0011,0.4,1210126
infiltratingductalcarcinoma,220,0.6677577741407529,Concrete,mlp,0.0011,0.4,1210127
infiltratinglobularcarcinoma,60,0.5767195767195767,Concrete,mlp,0.0011,0.4,1210127
other,23,0.5675675675675675,Concrete,mlp,0.0011,0.4,1210127
infiltratingductalcarcinoma,220,0.6193126022913257,Concrete,mlp,0.00165,0.4,1220123
infiltratinglobularcarcinoma,60,0.5714285714285714,Concrete,mlp,0.00165,0.4,1220123
other,23,0.5675675675675675,Concrete,mlp,0.00165,0.4,1220123
infiltratingductalcarcinoma,220,0.679214402618658,Concrete,mlp,0.00165,0.4,1220124
infiltratinglobularcarcinoma,60,0.5661375661375662,Concrete,mlp,0.00165,0.4,1220124
other,23,0.6216216216216216,Concrete,mlp,0.00165,0.4,1220124
infiltratingductalcarcinoma,220,0.6392798690671031,Concrete,mlp,0.00165,0.4,1220125
infiltratinglobularcarcinoma,60,0.5132275132275133,Concrete,mlp,0.00165,0.4,1220125
other,23,0.5675675675675675,Concrete,mlp,0.00165,0.4,1220125
infiltratingductalcarcinoma,220,0.5980360065466448,Concrete,mlp,0.00165,0.4,1220126
infiltratinglobularcarcinoma,60,0.5925925925925926,Concrete,mlp,0.00165,0.4,1220126
other,23,0.4864864864864865,Concrete,mlp,0.00165,0.4,1220126
infiltratingductalcarcinoma,220,0.6242225859247136,Concrete,mlp,0.00165,0.4,1220127
infiltratinglobularcarcinoma,60,0.5343915343915344,Concrete,mlp,0.00165,0.4,1220127
other,23,0.5135135135135135,Concrete,mlp,0.00165,0.4,1220127
infiltratingductalcarcinoma,220,0.6569558101472995,Concrete,mlp,0.0022,0.4,1230123
infiltratinglobularcarcinoma,60,0.5978835978835979,Concrete,mlp,0.0022,0.4,1230123
other,23,0.4324324324324324,Concrete,mlp,0.0022,0.4,1230123
infiltratingductalcarcinoma,220,0.6422258592471358,Concrete,mlp,0.0022,0.4,1230124
infiltratinglobularcarcinoma,60,0.4973544973544973,Concrete,mlp,0.0022,0.4,1230124
other,23,0.4864864864864865,Concrete,mlp,0.0022,0.4,1230124
infiltratingductalcarcinoma,220,0.5770867430441898,Concrete,mlp,0.0022,0.4,1230125
infiltratinglobularcarcinoma,60,0.5291005291005291,Concrete,mlp,0.0022,0.4,1230125
other,23,0.5945945945945946,Concrete,mlp,0.0022,0.4,1230125
infiltratingductalcarcinoma,220,0.5908346972176759,Concrete,mlp,0.0022,0.4,1230126
infiltratinglobularcarcinoma,60,0.5978835978835979,Concrete,mlp,0.0022,0.4,1230126
other,23,0.5945945945945946,Concrete,mlp,0.0022,0.4,1230126
infiltratingductalcarcinoma,220,0.6746317512274959,Concrete,mlp,0.0022,0.4,1230127
infiltratinglobularcarcinoma,60,0.5396825396825397,Concrete,mlp,0.0022,0.4,1230127
other,23,0.5675675675675675,Concrete,mlp,0.0022,0.4,1230127
infiltratingductalcarcinoma,220,0.6058919803600654,Concrete,mlp,0.00275,0.4,1240123
infiltratinglobularcarcinoma,60,0.4338624338624338,Concrete,mlp,0.00275,0.4,1240123
other,23,0.5945945945945946,Concrete,mlp,0.00275,0.4,1240123
infiltratingductalcarcinoma,220,0.6490998363338789,Concrete,mlp,0.00275,0.4,1240124
infiltratinglobularcarcinoma,60,0.4708994708994709,Concrete,mlp,0.00275,0.4,1240124
other,23,0.5135135135135135,Concrete,mlp,0.00275,0.4,1240124
infiltratingductalcarcinoma,220,0.630114566284779,Concrete,mlp,0.00275,0.4,1240125
infiltratinglobularcarcinoma,60,0.6084656084656085,Concrete,mlp,0.00275,0.4,1240125
other,23,0.4864864864864865,Concrete,mlp,0.00275,0.4,1240125
infiltratingductalcarcinoma,220,0.5391162029459902,Concrete,mlp,0.00275,0.4,1240126
infiltratinglobularcarcinoma,60,0.5026455026455027,Concrete,mlp,0.00275,0.4,1240126
other,23,0.4864864864864865,Concrete,mlp,0.00275,0.4,1240126
infiltratingductalcarcinoma,220,0.6268412438625205,Concrete,mlp,0.00275,0.4,1240127
infiltratinglobularcarcinoma,60,0.5079365079365079,Concrete,mlp,0.00275,0.4,1240127
other,23,0.5405405405405406,Concrete,mlp,0.00275,0.4,1240127
infiltratingductalcarcinoma,220,0.6615384615384615,Concrete,mlp,0.0033,0.4,1250123
infiltratinglobularcarcinoma,60,0.5502645502645502,Concrete,mlp,0.0033,0.4,1250123
other,23,0.5675675675675675,Concrete,mlp,0.0033,0.4,1250123
infiltratingductalcarcinoma,220,0.6405891980360066,Concrete,mlp,0.0033,0.4,1250124
infiltratinglobularcarcinoma,60,0.4761904761904761,Concrete,mlp,0.0033,0.4,1250124
other,23,0.5135135135135135,Concrete,mlp,0.0033,0.4,1250124
infiltratingductalcarcinoma,220,0.5587561374795418,Concrete,mlp,0.0033,0.4,1250125
infiltratinglobularcarcinoma,60,0.4603174603174603,Concrete,mlp,0.0033,0.4,1250125
other,23,0.5405405405405406,Concrete,mlp,0.0033,0.4,1250125
infiltratingductalcarcinoma,220,0.5731587561374796,Concrete,mlp,0.0033,0.4,1250126
infiltratinglobularcarcinoma,60,0.6349206349206349,Concrete,mlp,0.0033,0.4,1250126
other,23,0.4054054054054054,Concrete,mlp,0.0033,0.4,1250126
infiltratingductalcarcinoma,220,0.6415711947626841,Concrete,mlp,0.0033,0.4,1250127
infiltratinglobularcarcinoma,60,0.4814814814814814,Concrete,mlp,0.0033,0.4,1250127
other,23,0.4864864864864865,Concrete,mlp,0.0033,0.4,1250127
infiltratingductalcarcinoma,220,0.5872340425531914,Concrete,mlp,0.0044,0.4,1260123
infiltratinglobularcarcinoma,60,0.6190476190476191,Concrete,mlp,0.0044,0.4,1260123
other,23,0.3513513513513513,Concrete,mlp,0.0044,0.4,1260123
infiltratingductalcarcinoma,220,0.6180032733224222,Concrete,mlp,0.0044,0.4,1260124
infiltratinglobularcarcinoma,60,0.5343915343915344,Concrete,mlp,0.0044,0.4,1260124
other,23,0.5675675675675675,Concrete,mlp,0.0044,0.4,1260124
infiltratingductalcarcinoma,220,0.5751227495908346,Concrete,mlp,0.0044,0.4,1260125
infiltratinglobularcarcinoma,60,0.4814814814814814,Concrete,mlp,0.0044,0.4,1260125
other,23,0.4324324324324324,Concrete,mlp,0.0044,0.4,1260125
infiltratingductalcarcinoma,220,0.6124386252045827,Concrete,mlp,0.0044,0.4,1260126
infiltratinglobularcarcinoma,60,0.5132275132275133,Concrete,mlp,0.0044,0.4,1260126
other,23,0.4594594594594595,Concrete,mlp,0.0044,0.4,1260126
infiltratingductalcarcinoma,220,0.5276595744680851,Concrete,mlp,0.0044,0.4,1260127
infiltratinglobularcarcinoma,60,0.4867724867724867,Concrete,mlp,0.0044,0.4,1260127
other,23,0.5135135135135135,Concrete,mlp,0.0044,0.4,1260127
infiltratingductalcarcinoma,220,0.4857610474631751,Concrete,mlp,0.0055,0.4,1270123
infiltratinglobularcarcinoma,60,0.5238095238095238,Concrete,mlp,0.0055,0.4,1270123
other,23,0.3783783783783784,Concrete,mlp,0.0055,0.4,1270123
infiltratingductalcarcinoma,220,0.6366612111292962,Concrete,mlp,0.0055,0.4,1270124
infiltratinglobularcarcinoma,60,0.5555555555555556,Concrete,mlp,0.0055,0.4,1270124
other,23,0.5135135135135135,Concrete,mlp,0.0055,0.4,1270124
infiltratingductalcarcinoma,220,0.5780687397708675,Concrete,mlp,0.0055,0.4,1270125
infiltratinglobularcarcinoma,60,0.5767195767195767,Concrete,mlp,0.0055,0.4,1270125
other,23,0.5135135135135135,Concrete,mlp,0.0055,0.4,1270125
infiltratingductalcarcinoma,220,0.574468085106383,Concrete,mlp,0.0055,0.4,1270126
infiltratinglobularcarcinoma,60,0.455026455026455,Concrete,mlp,0.0055,0.4,1270126
other,23,0.5945945945945946,Concrete,mlp,0.0055,0.4,1270126
infiltratingductalcarcinoma,220,0.5554828150572831,Concrete,mlp,0.0055,0.4,1270127
infiltratinglobularcarcinoma,60,0.7248677248677249,Concrete,mlp,0.0055,0.4,1270127
other,23,0.5405405405405406,Concrete,mlp,0.0055,0.4,1270127
infiltratingductalcarcinoma,220,0.623240589198036,Concrete,mlp,0.0066,0.4,1280123
infiltratinglobularcarcinoma,60,0.7883597883597884,Concrete,mlp,0.0066,0.4,1280123
other,23,0.6216216216216216,Concrete,mlp,0.0066,0.4,1280123
infiltratingductalcarcinoma,220,0.658265139116203,Concrete,mlp,0.0066,0.4,1280124
infiltratinglobularcarcinoma,60,0.3809523809523809,Concrete,mlp,0.0066,0.4,1280124
other,23,0.4594594594594595,Concrete,mlp,0.0066,0.4,1280124
infiltratingductalcarcinoma,220,0.63240589198036,Concrete,mlp,0.0066,0.4,1280125
infiltratinglobularcarcinoma,60,0.5079365079365079,Concrete,mlp,0.0066,0.4,1280125
other,23,0.3783783783783784,Concrete,mlp,0.0066,0.4,1280125
infiltratingductalcarcinoma,220,0.6036006546644844,Concrete,mlp,0.0066,0.4,1280126
infiltratinglobularcarcinoma,60,0.5978835978835979,Concrete,mlp,0.0066,0.4,1280126
other,23,0.5135135135135135,Concrete,mlp,0.0066,0.4,1280126
infiltratingductalcarcinoma,220,0.5947626841243863,Concrete,mlp,0.0066,0.4,1280127
infiltratinglobularcarcinoma,60,0.4867724867724867,Concrete,mlp,0.0066,0.4,1280127
other,23,0.5945945945945946,Concrete,mlp,0.0066,0.4,1280127
infiltratingductalcarcinoma,220,0.6710310965630114,L-LSPIN,linear,0.0035,0.0,1290123
infiltratinglobularcarcinoma,60,0.8042328042328042,L-LSPIN,linear,0.0035,0.0,1290123
other,23,0.5945945945945946,L-LSPIN,linear,0.0035,0.0,1290123
infiltratingductalcarcinoma,220,0.6147299509001637,L-LSPIN,linear,0.0035,0.0,1290124
infiltratinglobularcarcinoma,60,0.6296296296296297,L-LSPIN,linear,0.0035,0.0,1290124
other,23,0.4324324324324324,L-LSPIN,linear,0.0035,0.0,1290124
infiltratingductalcarcinoma,220,0.6045826513911621,L-LSPIN,linear,0.0035,0.0,1290125
infiltratinglobularcarcinoma,60,0.6296296296296297,L-LSPIN,linear,0.0035,0.0,1290125
other,23,0.5405405405405406,L-LSPIN,linear,0.0035,0.0,1290125
infiltratingductalcarcinoma,220,0.6379705400981996,L-LSPIN,linear,0.0035,0.0,1290126
infiltratinglobularcarcinoma,60,0.656084656084656,L-LSPIN,linear,0.0035,0.0,1290126
other,23,0.5945945945945946,L-LSPIN,linear,0.0035,0.0,1290126
infiltratingductalcarcinoma,220,0.713911620294599,L-LSPIN,linear,0.0035,0.0,1290127
infiltratinglobularcarcinoma,60,0.7566137566137566,L-LSPIN,linear,0.0035,0.0,1290127
other,23,0.5675675675675675,L-LSPIN,linear,0.0035,0.0,1290127
infiltratingductalcarcinoma,220,0.6638297872340425,L-LSPIN,linear,0.00525,0.0,1300123
infiltratinglobularcarcinoma,60,0.492063492063492,L-LSPIN,linear,0.00525,0.0,1300123
other,23,0.7297297297297297,L-LSPIN,linear,0.00525,0.0,1300123
infiltratingductalcarcinoma,220,0.5803600654664485,L-LSPIN,linear,0.00525,0.0,1300124
infiltratinglobularcarcinoma,60,0.5714285714285714,L-LSPIN,linear,0.00525,0.0,1300124
other,23,0.5405405405405406,L-LSPIN,linear,0.00525,0.0,1300124
infiltratingductalcarcinoma,220,0.6494271685761047,L-LSPIN,linear,0.00525,0.0,1300125
infiltratinglobularcarcinoma,60,0.582010582010582,L-LSPIN,linear,0.00525,0.0,1300125
other,23,0.4864864864864865,L-LSPIN,linear,0.00525,0.0,1300125
infiltratingductalcarcinoma,220,0.6091653027823241,L-LSPIN,linear,0.00525,0.0,1300126
infiltratinglobularcarcinoma,60,0.5026455026455027,L-LSPIN,linear,0.00525,0.0,1300126
other,23,0.5675675675675675,L-LSPIN,linear,0.00525,0.0,1300126
infiltratingductalcarcinoma,220,0.6199672667757774,L-LSPIN,linear,0.00525,0.0,1300127
infiltratinglobularcarcinoma,60,0.5978835978835979,L-LSPIN,linear,0.00525,0.0,1300127
other,23,0.4054054054054054,L-LSPIN,linear,0.00525,0.0,1300127
infiltratingductalcarcinoma,220,0.6513911620294599,L-LSPIN,linear,0.007,0.0,1310123
infiltratinglobularcarcinoma,60,0.671957671957672,L-LSPIN,linear,0.007,0.0,1310123
other,23,0.5945945945945946,L-LSPIN,linear,0.007,0.0,1310123
infiltratingductalcarcinoma,220,0.5607201309328969,L-LSPIN,linear,0.007,0.0,1310124
infiltratinglobularcarcinoma,60,0.6507936507936508,L-LSPIN,linear,0.007,0.0,1310124
other,23,0.5675675675675675,L-LSPIN,linear,0.007,0.0,1310124
infiltratingductalcarcinoma,220,0.6052373158756138,L-LSPIN,linear,0.007,0.0,1310125
infiltratinglobularcarcinoma,60,0.6984126984126984,L-LSPIN,linear,0.007,0.0,1310125
other,23,0.5405405405405406,L-LSPIN,linear,0.007,0.0,1310125
infiltratingductalcarcinoma,220,0.5211129296235679,L-LSPIN,linear,0.007,0.0,1310126
infiltratinglobularcarcinoma,60,0.7936507936507936,L-LSPIN,linear,0.007,0.0,1310126
other,23,0.7027027027027027,L-LSPIN,linear,0.007,0.0,1310126
infiltratingductalcarcinoma,220,0.6494271685761047,L-LSPIN,linear,0.007,0.0,1310127
infiltratinglobularcarcinoma,60,0.582010582010582,L-LSPIN,linear,0.007,0.0,1310127
other,23,0.5945945945945946,L-LSPIN,linear,0.007,0.0,1310127
infiltratingductalcarcinoma,220,0.618657937806874,L-LSPIN,linear,0.00875,0.0,1320123
infiltratinglobularcarcinoma,60,0.6666666666666666,L-LSPIN,linear,0.00875,0.0,1320123
other,23,0.4594594594594595,L-LSPIN,linear,0.00875,0.0,1320123
infiltratingductalcarcinoma,220,0.6680851063829787,L-LSPIN,linear,0.00875,0.0,1320124
infiltratinglobularcarcinoma,60,0.4708994708994709,L-LSPIN,linear,0.00875,0.0,1320124
other,23,0.5675675675675675,L-LSPIN,linear,0.00875,0.0,1320124
infiltratingductalcarcinoma,220,0.6631751227495908,L-LSPIN,linear,0.00875,0.0,1320125
infiltratinglobularcarcinoma,60,0.7195767195767195,L-LSPIN,linear,0.00875,0.0,1320125
other,23,0.4864864864864865,L-LSPIN,linear,0.00875,0.0,1320125
infiltratingductalcarcinoma,220,0.6402618657937806,L-LSPIN,linear,0.00875,0.0,1320126
infiltratinglobularcarcinoma,60,0.4708994708994709,L-LSPIN,linear,0.00875,0.0,1320126
other,23,0.6486486486486487,L-LSPIN,linear,0.00875,0.0,1320126
infiltratingductalcarcinoma,220,0.6376432078559738,L-LSPIN,linear,0.00875,0.0,1320127
infiltratinglobularcarcinoma,60,0.6031746031746031,L-LSPIN,linear,0.00875,0.0,1320127
other,23,0.5945945945945946,L-LSPIN,linear,0.00875,0.0,1320127
infiltratingductalcarcinoma,220,0.6723404255319149,L-LSPIN,linear,0.0105,0.0,1330123
infiltratinglobularcarcinoma,60,0.6084656084656085,L-LSPIN,linear,0.0105,0.0,1330123
other,23,0.4594594594594595,L-LSPIN,linear,0.0105,0.0,1330123
infiltratingductalcarcinoma,220,0.593126022913257,L-LSPIN,linear,0.0105,0.0,1330124
infiltratinglobularcarcinoma,60,0.6296296296296297,L-LSPIN,linear,0.0105,0.0,1330124
other,23,0.6486486486486487,L-LSPIN,linear,0.0105,0.0,1330124
infiltratingductalcarcinoma,220,0.6382978723404256,L-LSPIN,linear,0.0105,0.0,1330125
infiltratinglobularcarcinoma,60,0.4126984126984127,L-LSPIN,linear,0.0105,0.0,1330125
other,23,0.4054054054054054,L-LSPIN,linear,0.0105,0.0,1330125
infiltratingductalcarcinoma,220,0.5551554828150573,L-LSPIN,linear,0.0105,0.0,1330126
infiltratinglobularcarcinoma,60,0.5132275132275133,L-LSPIN,linear,0.0105,0.0,1330126
other,23,0.3783783783783784,L-LSPIN,linear,0.0105,0.0,1330126
infiltratingductalcarcinoma,220,0.5865793780687397,L-LSPIN,linear,0.0105,0.0,1330127
infiltratinglobularcarcinoma,60,0.7037037037037037,L-LSPIN,linear,0.0105,0.0,1330127
other,23,0.6486486486486487,L-LSPIN,linear,0.0105,0.0,1330127
infiltratingductalcarcinoma,220,0.4923076923076923,L-LSPIN,linear,0.014,0.0,1340123
infiltratinglobularcarcinoma,60,0.582010582010582,L-LSPIN,linear,0.014,0.0,1340123
other,23,0.5405405405405406,L-LSPIN,linear,0.014,0.0,1340123
infiltratingductalcarcinoma,220,0.5708674304418986,L-LSPIN,linear,0.014,0.0,1340124
infiltratinglobularcarcinoma,60,0.5026455026455027,L-LSPIN,linear,0.014,0.0,1340124
other,23,0.5135135135135135,L-LSPIN,linear,0.014,0.0,1340124
infiltratingductalcarcinoma,220,0.5597381342062193,L-LSPIN,linear,0.014,0.0,1340125
infiltratinglobularcarcinoma,60,0.5608465608465608,L-LSPIN,linear,0.014,0.0,1340125
other,23,0.2432432432432432,L-LSPIN,linear,0.014,0.0,1340125
infiltratingductalcarcinoma,220,0.5472995090016367,L-LSPIN,linear,0.014,0.0,1340126
infiltratinglobularcarcinoma,60,0.3227513227513227,L-LSPIN,linear,0.014,0.0,1340126
other,23,0.6216216216216216,L-LSPIN,linear,0.014,0.0,1340126
infiltratingductalcarcinoma,220,0.6219312602291326,L-LSPIN,linear,0.014,0.0,1340127
infiltratinglobularcarcinoma,60,0.4497354497354497,L-LSPIN,linear,0.014,0.0,1340127
other,23,0.5945945945945946,L-LSPIN,linear,0.014,0.0,1340127
infiltratingductalcarcinoma,220,0.6180032733224222,L-LSPIN,linear,0.021,0.0,1350123
infiltratinglobularcarcinoma,60,0.582010582010582,L-LSPIN,linear,0.021,0.0,1350123
other,23,0.6216216216216216,L-LSPIN,linear,0.021,0.0,1350123
infiltratingductalcarcinoma,220,0.6353518821603928,L-LSPIN,linear,0.021,0.0,1350124
infiltratinglobularcarcinoma,60,0.5396825396825397,L-LSPIN,linear,0.021,0.0,1350124
other,23,0.5405405405405406,L-LSPIN,linear,0.021,0.0,1350124
infiltratingductalcarcinoma,220,0.5086743044189853,L-LSPIN,linear,0.021,0.0,1350125
infiltratinglobularcarcinoma,60,0.4867724867724867,L-LSPIN,linear,0.021,0.0,1350125
other,23,0.5405405405405406,L-LSPIN,linear,0.021,0.0,1350125
infiltratingductalcarcinoma,220,0.5076923076923077,L-LSPIN,linear,0.021,0.0,1350126
infiltratinglobularcarcinoma,60,0.6984126984126984,L-LSPIN,linear,0.021,0.0,1350126
other,23,0.3243243243243243,L-LSPIN,linear,0.021,0.0,1350126
infiltratingductalcarcinoma,220,0.6153846153846154,L-LSPIN,linear,0.021,0.0,1350127
infiltratinglobularcarcinoma,60,0.5132275132275133,L-LSPIN,linear,0.021,0.0,1350127
other,23,0.6216216216216216,L-LSPIN,linear,0.021,0.0,1350127
infiltratingductalcarcinoma,220,0.5584288052373159,L-LSPIN,linear,0.028,0.0,1360123
infiltratinglobularcarcinoma,60,0.4021164021164021,L-LSPIN,linear,0.028,0.0,1360123
other,23,0.5135135135135135,L-LSPIN,linear,0.028,0.0,1360123
infiltratingductalcarcinoma,220,0.5862520458265139,L-LSPIN,linear,0.028,0.0,1360124
infiltratinglobularcarcinoma,60,0.6084656084656085,L-LSPIN,linear,0.028,0.0,1360124
other,23,0.5405405405405406,L-LSPIN,linear,0.028,0.0,1360124
infiltratingductalcarcinoma,220,0.6664484451718494,L-LSPIN,linear,0.028,0.0,1360125
infiltratinglobularcarcinoma,60,0.4497354497354497,L-LSPIN,linear,0.028,0.0,1360125
other,23,0.4594594594594595,L-LSPIN,linear,0.028,0.0,1360125
infiltratingductalcarcinoma,220,0.4769230769230769,L-LSPIN,linear,0.028,0.0,1360126
infiltratinglobularcarcinoma,60,0.4708994708994709,L-LSPIN,linear,0.028,0.0,1360126
other,23,0.2972972972972973,L-LSPIN,linear,0.028,0.0,1360126
infiltratingductalcarcinoma,220,0.576759410801964,L-LSPIN,linear,0.028,0.0,1360127
infiltratinglobularcarcinoma,60,0.544973544973545,L-LSPIN,linear,0.028,0.0,1360127
other,23,0.2972972972972973,L-LSPIN,linear,0.028,0.0,1360127
infiltratingductalcarcinoma,220,0.6759410801963993,L-LSPIN,linear,0.0035,0.1,1370123
infiltratinglobularcarcinoma,60,0.6349206349206349,L-LSPIN,linear,0.0035,0.1,1370123
other,23,0.5675675675675675,L-LSPIN,linear,0.0035,0.1,1370123
infiltratingductalcarcinoma,220,0.6599018003273323,L-LSPIN,linear,0.0035,0.1,1370124
infiltratinglobularcarcinoma,60,0.7037037037037037,L-LSPIN,linear,0.0035,0.1,1370124
other,23,0.5945945945945946,L-LSPIN,linear,0.0035,0.1,1370124
infiltratingductalcarcinoma,220,0.72569558101473,L-LSPIN,linear,0.0035,0.1,1370125
infiltratinglobularcarcinoma,60,0.6243386243386243,L-LSPIN,linear,0.0035,0.1,1370125
other,23,0.6216216216216216,L-LSPIN,linear,0.0035,0.1,1370125
infiltratingductalcarcinoma,220,0.6762684124386252,L-LSPIN,linear,0.0035,0.1,1370126
infiltratinglobularcarcinoma,60,0.5714285714285714,L-LSPIN,linear,0.0035,0.1,1370126
other,23,0.5675675675675675,L-LSPIN,linear,0.0035,0.1,1370126
infiltratingductalcarcinoma,220,0.6720130932896891,L-LSPIN,linear,0.0035,0.1,1370127
infiltratinglobularcarcinoma,60,0.6402116402116402,L-LSPIN,linear,0.0035,0.1,1370127
other,23,0.5405405405405406,L-LSPIN,linear,0.0035,0.1,1370127
infiltratingductalcarcinoma,220,0.6160392798690671,L-LSPIN,linear,0.00525,0.1,1380123
infiltratinglobularcarcinoma,60,0.5343915343915344,L-LSPIN,linear,0.00525,0.1,1380123
other,23,0.5405405405405406,L-LSPIN,linear,0.00525,0.1,1380123
infiltratingductalcarcinoma,220,0.6828150572831424,L-LSPIN,linear,0.00525,0.1,1380124
infiltratinglobularcarcinoma,60,0.4708994708994709,L-LSPIN,linear,0.00525,0.1,1380124
other,23,0.5945945945945946,L-LSPIN,linear,0.00525,0.1,1380124
infiltratingductalcarcinoma,220,0.6474631751227496,L-LSPIN,linear,0.00525,0.1,1380125
infiltratinglobularcarcinoma,60,0.5978835978835979,L-LSPIN,linear,0.00525,0.1,1380125
other,23,0.5675675675675675,L-LSPIN,linear,0.00525,0.1,1380125
infiltratingductalcarcinoma,220,0.628150572831424,L-LSPIN,linear,0.00525,0.1,1380126
infiltratinglobularcarcinoma,60,0.4761904761904761,L-LSPIN,linear,0.00525,0.1,1380126
other,23,0.5675675675675675,L-LSPIN,linear,0.00525,0.1,1380126
infiltratingductalcarcinoma,220,0.6445171849427168,L-LSPIN,linear,0.00525,0.1,1380127
infiltratinglobularcarcinoma,60,0.5873015873015873,L-LSPIN,linear,0.00525,0.1,1380127
other,23,0.5135135135135135,L-LSPIN,linear,0.00525,0.1,1380127
infiltratingductalcarcinoma,220,0.5996726677577742,L-LSPIN,linear,0.007,0.1,1390123
infiltratinglobularcarcinoma,60,0.4285714285714285,L-LSPIN,linear,0.007,0.1,1390123
other,23,0.5675675675675675,L-LSPIN,linear,0.007,0.1,1390123
infiltratingductalcarcinoma,220,0.688379705400982,L-LSPIN,linear,0.007,0.1,1390124
infiltratinglobularcarcinoma,60,0.5767195767195767,L-LSPIN,linear,0.007,0.1,1390124
other,23,0.6486486486486487,L-LSPIN,linear,0.007,0.1,1390124
infiltratingductalcarcinoma,220,0.6559738134206219,L-LSPIN,linear,0.007,0.1,1390125
infiltratinglobularcarcinoma,60,0.6666666666666666,L-LSPIN,linear,0.007,0.1,1390125
other,23,0.5675675675675675,L-LSPIN,linear,0.007,0.1,1390125
infiltratingductalcarcinoma,220,0.6363338788870704,L-LSPIN,linear,0.007,0.1,1390126
infiltratinglobularcarcinoma,60,0.4497354497354497,L-LSPIN,linear,0.007,0.1,1390126
other,23,0.5945945945945946,L-LSPIN,linear,0.007,0.1,1390126
infiltratingductalcarcinoma,220,0.6684124386252046,L-LSPIN,linear,0.007,0.1,1390127
infiltratinglobularcarcinoma,60,0.6349206349206349,L-LSPIN,linear,0.007,0.1,1390127
other,23,0.5675675675675675,L-LSPIN,linear,0.007,0.1,1390127
infiltratingductalcarcinoma,220,0.6409165302782324,L-LSPIN,linear,0.00875,0.1,1400123
infiltratinglobularcarcinoma,60,0.6137566137566137,L-LSPIN,linear,0.00875,0.1,1400123
other,23,0.6486486486486487,L-LSPIN,linear,0.00875,0.1,1400123
infiltratingductalcarcinoma,220,0.6716857610474631,L-LSPIN,linear,0.00875,0.1,1400124
infiltratinglobularcarcinoma,60,0.6455026455026455,L-LSPIN,linear,0.00875,0.1,1400124
other,23,0.4594594594594595,L-LSPIN,linear,0.00875,0.1,1400124
infiltratingductalcarcinoma,220,0.6533551554828151,L-LSPIN,linear,0.00875,0.1,1400125
infiltratinglobularcarcinoma,60,0.656084656084656,L-LSPIN,linear,0.00875,0.1,1400125
other,23,0.6756756756756757,L-LSPIN,linear,0.00875,0.1,1400125
infiltratingductalcarcinoma,220,0.583633387888707,L-LSPIN,linear,0.00875,0.1,1400126
infiltratinglobularcarcinoma,60,0.455026455026455,L-LSPIN,linear,0.00875,0.1,1400126
other,23,0.5675675675675675,L-LSPIN,linear,0.00875,0.1,1400126
infiltratingductalcarcinoma,220,0.7004909983633388,L-LSPIN,linear,0.00875,0.1,1400127
infiltratinglobularcarcinoma,60,0.3968253968253968,L-LSPIN,linear,0.00875,0.1,1400127
other,23,0.6216216216216216,L-LSPIN,linear,0.00875,0.1,1400127
infiltratingductalcarcinoma,220,0.6648117839607202,L-LSPIN,linear,0.0105,0.1,1410123
infiltratinglobularcarcinoma,60,0.7513227513227513,L-LSPIN,linear,0.0105,0.1,1410123
other,23,0.5945945945945946,L-LSPIN,linear,0.0105,0.1,1410123
infiltratingductalcarcinoma,220,0.5950900163666121,L-LSPIN,linear,0.0105,0.1,1410124
infiltratinglobularcarcinoma,60,0.6878306878306878,L-LSPIN,linear,0.0105,0.1,1410124
other,23,0.5135135135135135,L-LSPIN,linear,0.0105,0.1,1410124
infiltratingductalcarcinoma,220,0.597708674304419,L-LSPIN,linear,0.0105,0.1,1410125
infiltratinglobularcarcinoma,60,0.4338624338624338,L-LSPIN,linear,0.0105,0.1,1410125
other,23,0.8378378378378378,L-LSPIN,linear,0.0105,0.1,1410125
infiltratingductalcarcinoma,220,0.6134206219312602,L-LSPIN,linear,0.0105,0.1,1410126
infiltratinglobularcarcinoma,60,0.5502645502645502,L-LSPIN,linear,0.0105,0.1,1410126
other,23,0.6756756756756757,L-LSPIN,linear,0.0105,0.1,1410126
infiltratingductalcarcinoma,220,0.555810147299509,L-LSPIN,linear,0.0105,0.1,1410127
infiltratinglobularcarcinoma,60,0.4708994708994709,L-LSPIN,linear,0.0105,0.1,1410127
other,23,0.4864864864864865,L-LSPIN,linear,0.0105,0.1,1410127
infiltratingductalcarcinoma,220,0.5872340425531914,L-LSPIN,linear,0.014,0.1,1420123
infiltratinglobularcarcinoma,60,0.3968253968253968,L-LSPIN,linear,0.014,0.1,1420123
other,23,0.3783783783783784,L-LSPIN,linear,0.014,0.1,1420123
infiltratingductalcarcinoma,220,0.6520458265139116,L-LSPIN,linear,0.014,0.1,1420124
infiltratinglobularcarcinoma,60,0.6190476190476191,L-LSPIN,linear,0.014,0.1,1420124
other,23,0.6216216216216216,L-LSPIN,linear,0.014,0.1,1420124
infiltratingductalcarcinoma,220,0.6219312602291326,L-LSPIN,linear,0.014,0.1,1420125
infiltratinglobularcarcinoma,60,0.5767195767195767,L-LSPIN,linear,0.014,0.1,1420125
other,23,0.5675675675675675,L-LSPIN,linear,0.014,0.1,1420125
infiltratingductalcarcinoma,220,0.6821603927986907,L-LSPIN,linear,0.014,0.1,1420126
infiltratinglobularcarcinoma,60,0.5079365079365079,L-LSPIN,linear,0.014,0.1,1420126
other,23,0.5135135135135135,L-LSPIN,linear,0.014,0.1,1420126
infiltratingductalcarcinoma,220,0.628150572831424,L-LSPIN,linear,0.014,0.1,1420127
infiltratinglobularcarcinoma,60,0.4656084656084656,L-LSPIN,linear,0.014,0.1,1420127
other,23,0.5675675675675675,L-LSPIN,linear,0.014,0.1,1420127
infiltratingductalcarcinoma,220,0.6265139116202946,L-LSPIN,linear,0.021,0.1,1430123
infiltratinglobularcarcinoma,60,0.8095238095238095,L-LSPIN,linear,0.021,0.1,1430123
other,23,0.5135135135135135,L-LSPIN,linear,0.021,0.1,1430123
infiltratingductalcarcinoma,220,0.5178396072013093,L-LSPIN,linear,0.021,0.1,1430124
infiltratinglobularcarcinoma,60,0.5343915343915344,L-LSPIN,linear,0.021,0.1,1430124
other,23,0.6756756756756757,L-LSPIN,linear,0.021,0.1,1430124
infiltratingductalcarcinoma,220,0.6150572831423895,L-LSPIN,linear,0.021,0.1,1430125
infiltratinglobularcarcinoma,60,0.6349206349206349,L-LSPIN,linear,0.021,0.1,1430125
other,23,0.5945945945945946,L-LSPIN,linear,0.021,0.1,1430125
infiltratingductalcarcinoma,220,0.6068739770867431,L-LSPIN,linear,0.021,0.1,1430126
infiltratinglobularcarcinoma,60,0.4497354497354497,L-LSPIN,linear,0.021,0.1,1430126
other,23,0.4324324324324324,L-LSPIN,linear,0.021,0.1,1430126
infiltratingductalcarcinoma,220,0.6055646481178396,L-LSPIN,linear,0.021,0.1,1430127
infiltratinglobularcarcinoma,60,0.7354497354497355,L-LSPIN,linear,0.021,0.1,1430127
other,23,0.5675675675675675,L-LSPIN,linear,0.021,0.1,1430127
infiltratingductalcarcinoma,220,0.5986906710310965,L-LSPIN,linear,0.028,0.1,1440123
infiltratinglobularcarcinoma,60,0.6507936507936508,L-LSPIN,linear,0.028,0.1,1440123
other,23,0.7027027027027027,L-LSPIN,linear,0.028,0.1,1440123
infiltratingductalcarcinoma,220,0.6490998363338789,L-LSPIN,linear,0.028,0.1,1440124
infiltratinglobularcarcinoma,60,0.492063492063492,L-LSPIN,linear,0.028,0.1,1440124
other,23,0.3513513513513513,L-LSPIN,linear,0.028,0.1,1440124
infiltratingductalcarcinoma,220,0.695253682487725,L-LSPIN,linear,0.028,0.1,1440125
infiltratinglobularcarcinoma,60,0.6243386243386243,L-LSPIN,linear,0.028,0.1,1440125
other,23,0.5135135135135135,L-LSPIN,linear,0.028,0.1,1440125
infiltratingductalcarcinoma,220,0.6438625204582651,L-LSPIN,linear,0.028,0.1,1440126
infiltratinglobularcarcinoma,60,0.7883597883597884,L-LSPIN,linear,0.028,0.1,1440126
other,23,0.5675675675675675,L-LSPIN,linear,0.028,0.1,1440126
infiltratingductalcarcinoma,220,0.6212765957446809,L-LSPIN,linear,0.028,0.1,1440127
infiltratinglobularcarcinoma,60,0.5608465608465608,L-LSPIN,linear,0.028,0.1,1440127
other,23,0.6216216216216216,L-LSPIN,linear,0.028,0.1,1440127
infiltratingductalcarcinoma,220,0.7312602291325696,L-LSPIN,linear,0.0035,0.2,1450123
infiltratinglobularcarcinoma,60,0.6137566137566137,L-LSPIN,linear,0.0035,0.2,1450123
other,23,0.5675675675675675,L-LSPIN,linear,0.0035,0.2,1450123
infiltratingductalcarcinoma,220,0.6530278232405892,L-LSPIN,linear,0.0035,0.2,1450124
infiltratinglobularcarcinoma,60,0.5185185185185185,L-LSPIN,linear,0.0035,0.2,1450124
other,23,0.5675675675675675,L-LSPIN,linear,0.0035,0.2,1450124
infiltratingductalcarcinoma,220,0.6841243862520459,L-LSPIN,linear,0.0035,0.2,1450125
infiltratinglobularcarcinoma,60,0.6772486772486772,L-LSPIN,linear,0.0035,0.2,1450125
other,23,0.6216216216216216,L-LSPIN,linear,0.0035,0.2,1450125
infiltratingductalcarcinoma,220,0.6909983633387888,L-LSPIN,linear,0.0035,0.2,1450126
infiltratinglobularcarcinoma,60,0.6190476190476191,L-LSPIN,linear,0.0035,0.2,1450126
other,23,0.5135135135135135,L-LSPIN,linear,0.0035,0.2,1450126
infiltratingductalcarcinoma,220,0.6723404255319149,L-LSPIN,linear,0.0035,0.2,1450127
infiltratinglobularcarcinoma,60,0.5978835978835979,L-LSPIN,linear,0.0035,0.2,1450127
other,23,0.5675675675675675,L-LSPIN,linear,0.0035,0.2,1450127
infiltratingductalcarcinoma,220,0.6589198036006547,L-LSPIN,linear,0.00525,0.2,1460123
infiltratinglobularcarcinoma,60,0.7354497354497355,L-LSPIN,linear,0.00525,0.2,1460123
other,23,0.6216216216216216,L-LSPIN,linear,0.00525,0.2,1460123
infiltratingductalcarcinoma,220,0.6484451718494272,L-LSPIN,linear,0.00525,0.2,1460124
infiltratinglobularcarcinoma,60,0.7354497354497355,L-LSPIN,linear,0.00525,0.2,1460124
other,23,0.5675675675675675,L-LSPIN,linear,0.00525,0.2,1460124
infiltratingductalcarcinoma,220,0.6507364975450082,L-LSPIN,linear,0.00525,0.2,1460125
infiltratinglobularcarcinoma,60,0.7195767195767195,L-LSPIN,linear,0.00525,0.2,1460125
other,23,0.4864864864864865,L-LSPIN,linear,0.00525,0.2,1460125
infiltratingductalcarcinoma,220,0.6500818330605564,L-LSPIN,linear,0.00525,0.2,1460126
infiltratinglobularcarcinoma,60,0.582010582010582,L-LSPIN,linear,0.00525,0.2,1460126
other,23,0.5945945945945946,L-LSPIN,linear,0.00525,0.2,1460126
infiltratingductalcarcinoma,220,0.6556464811783961,L-LSPIN,linear,0.00525,0.2,1460127
infiltratinglobularcarcinoma,60,0.5978835978835979,L-LSPIN,linear,0.00525,0.2,1460127
other,23,0.5675675675675675,L-LSPIN,linear,0.00525,0.2,1460127
infiltratingductalcarcinoma,220,0.7158756137479542,L-LSPIN,linear,0.007,0.2,1470123
infiltratinglobularcarcinoma,60,0.5185185185185185,L-LSPIN,linear,0.007,0.2,1470123
other,23,0.6756756756756757,L-LSPIN,linear,0.007,0.2,1470123
infiltratingductalcarcinoma,220,0.6500818330605564,L-LSPIN,linear,0.007,0.2,1470124
infiltratinglobularcarcinoma,60,0.5185185185185185,L-LSPIN,linear,0.007,0.2,1470124
other,23,0.5675675675675675,L-LSPIN,linear,0.007,0.2,1470124
infiltratingductalcarcinoma,220,0.6517184942716857,L-LSPIN,linear,0.007,0.2,1470125
infiltratinglobularcarcinoma,60,0.582010582010582,L-LSPIN,linear,0.007,0.2,1470125
other,23,0.5405405405405406,L-LSPIN,linear,0.007,0.2,1470125
infiltratingductalcarcinoma,220,0.6245499181669394,L-LSPIN,linear,0.007,0.2,1470126
infiltratinglobularcarcinoma,60,0.582010582010582,L-LSPIN,linear,0.007,0.2,1470126
other,23,0.6486486486486487,L-LSPIN,linear,0.007,0.2,1470126
infiltratingductalcarcinoma,220,0.6402618657937806,L-LSPIN,linear,0.007,0.2,1470127
infiltratinglobularcarcinoma,60,0.5978835978835979,L-LSPIN,linear,0.007,0.2,1470127
other,23,0.6486486486486487,L-LSPIN,linear,0.007,0.2,1470127
infiltratingductalcarcinoma,220,0.6019639934533552,L-LSPIN,linear,0.00875,0.2,1480123
infiltratinglobularcarcinoma,60,0.6825396825396826,L-LSPIN,linear,0.00875,0.2,1480123
other,23,0.4864864864864865,L-LSPIN,linear,0.00875,0.2,1480123
infiltratingductalcarcinoma,220,0.6127659574468085,L-LSPIN,linear,0.00875,0.2,1480124
infiltratinglobularcarcinoma,60,0.5185185185185185,L-LSPIN,linear,0.00875,0.2,1480124
other,23,0.6756756756756757,L-LSPIN,linear,0.00875,0.2,1480124
infiltratingductalcarcinoma,220,0.6857610474631751,L-LSPIN,linear,0.00875,0.2,1480125
infiltratinglobularcarcinoma,60,0.6349206349206349,L-LSPIN,linear,0.00875,0.2,1480125
other,23,0.4864864864864865,L-LSPIN,linear,0.00875,0.2,1480125
infiltratingductalcarcinoma,220,0.6196399345335516,L-LSPIN,linear,0.00875,0.2,1480126
infiltratinglobularcarcinoma,60,0.5026455026455027,L-LSPIN,linear,0.00875,0.2,1480126
other,23,0.6216216216216216,L-LSPIN,linear,0.00875,0.2,1480126
infiltratingductalcarcinoma,220,0.6360065466448446,L-LSPIN,linear,0.00875,0.2,1480127
infiltratinglobularcarcinoma,60,0.5502645502645502,L-LSPIN,linear,0.00875,0.2,1480127
other,23,0.5135135135135135,L-LSPIN,linear,0.00875,0.2,1480127
infiltratingductalcarcinoma,220,0.6546644844517185,L-LSPIN,linear,0.0105,0.2,1490123
infiltratinglobularcarcinoma,60,0.671957671957672,L-LSPIN,linear,0.0105,0.2,1490123
other,23,0.5135135135135135,L-LSPIN,linear,0.0105,0.2,1490123
infiltratingductalcarcinoma,220,0.5957446808510638,L-LSPIN,linear,0.0105,0.2,1490124
infiltratinglobularcarcinoma,60,0.5185185185185185,L-LSPIN,linear,0.0105,0.2,1490124
other,23,0.5945945945945946,L-LSPIN,linear,0.0105,0.2,1490124
infiltratingductalcarcinoma,220,0.5443535188216039,L-LSPIN,linear,0.0105,0.2,1490125
infiltratinglobularcarcinoma,60,0.656084656084656,L-LSPIN,linear,0.0105,0.2,1490125
other,23,0.5675675675675675,L-LSPIN,linear,0.0105,0.2,1490125
infiltratingductalcarcinoma,220,0.6127659574468085,L-LSPIN,linear,0.0105,0.2,1490126
infiltratinglobularcarcinoma,60,0.6931216931216931,L-LSPIN,linear,0.0105,0.2,1490126
other,23,0.5135135135135135,L-LSPIN,linear,0.0105,0.2,1490126
infiltratingductalcarcinoma,220,0.660556464811784,L-LSPIN,linear,0.0105,0.2,1490127
infiltratinglobularcarcinoma,60,0.6137566137566137,L-LSPIN,linear,0.0105,0.2,1490127
other,23,0.4324324324324324,L-LSPIN,linear,0.0105,0.2,1490127
infiltratingductalcarcinoma,220,0.6144026186579378,L-LSPIN,linear,0.014,0.2,1500123
infiltratinglobularcarcinoma,60,0.5555555555555556,L-LSPIN,linear,0.014,0.2,1500123
other,23,0.6486486486486487,L-LSPIN,linear,0.014,0.2,1500123
infiltratingductalcarcinoma,220,0.5905073649754501,L-LSPIN,linear,0.014,0.2,1500124
infiltratinglobularcarcinoma,60,0.6666666666666666,L-LSPIN,linear,0.014,0.2,1500124
other,23,0.5405405405405406,L-LSPIN,linear,0.014,0.2,1500124
infiltratingductalcarcinoma,220,0.5833060556464812,L-LSPIN,linear,0.014,0.2,1500125
infiltratinglobularcarcinoma,60,0.6190476190476191,L-LSPIN,linear,0.014,0.2,1500125
other,23,0.5135135135135135,L-LSPIN,linear,0.014,0.2,1500125
infiltratingductalcarcinoma,220,0.5918166939443535,L-LSPIN,linear,0.014,0.2,1500126
infiltratinglobularcarcinoma,60,0.4603174603174603,L-LSPIN,linear,0.014,0.2,1500126
other,23,0.5405405405405406,L-LSPIN,linear,0.014,0.2,1500126
infiltratingductalcarcinoma,220,0.6608837970540098,L-LSPIN,linear,0.014,0.2,1500127
infiltratinglobularcarcinoma,60,0.6084656084656085,L-LSPIN,linear,0.014,0.2,1500127
other,23,0.5675675675675675,L-LSPIN,linear,0.014,0.2,1500127
infiltratingductalcarcinoma,220,0.6451718494271685,L-LSPIN,linear,0.021,0.2,1510123
infiltratinglobularcarcinoma,60,0.3386243386243386,L-LSPIN,linear,0.021,0.2,1510123
other,23,0.8648648648648649,L-LSPIN,linear,0.021,0.2,1510123
infiltratingductalcarcinoma,220,0.4641571194762684,L-LSPIN,linear,0.021,0.2,1510124
infiltratinglobularcarcinoma,60,0.4973544973544973,L-LSPIN,linear,0.021,0.2,1510124
other,23,0.4594594594594595,L-LSPIN,linear,0.021,0.2,1510124
infiltratingductalcarcinoma,220,0.5986906710310965,L-LSPIN,linear,0.021,0.2,1510125
infiltratinglobularcarcinoma,60,0.5396825396825397,L-LSPIN,linear,0.021,0.2,1510125
other,23,0.5405405405405406,L-LSPIN,linear,0.021,0.2,1510125
infiltratingductalcarcinoma,220,0.7057283142389525,L-LSPIN,linear,0.021,0.2,1510126
infiltratinglobularcarcinoma,60,0.4444444444444444,L-LSPIN,linear,0.021,0.2,1510126
other,23,0.4594594594594595,L-LSPIN,linear,0.021,0.2,1510126
infiltratingductalcarcinoma,220,0.665139116202946,L-LSPIN,linear,0.021,0.2,1510127
infiltratinglobularcarcinoma,60,0.5132275132275133,L-LSPIN,linear,0.021,0.2,1510127
other,23,0.5945945945945946,L-LSPIN,linear,0.021,0.2,1510127
infiltratingductalcarcinoma,220,0.502454991816694,L-LSPIN,linear,0.028,0.2,1520123
infiltratinglobularcarcinoma,60,0.4444444444444444,L-LSPIN,linear,0.028,0.2,1520123
other,23,0.5945945945945946,L-LSPIN,linear,0.028,0.2,1520123
infiltratingductalcarcinoma,220,0.5106382978723404,L-LSPIN,linear,0.028,0.2,1520124
infiltratinglobularcarcinoma,60,0.5502645502645502,L-LSPIN,linear,0.028,0.2,1520124
other,23,0.3783783783783784,L-LSPIN,linear,0.028,0.2,1520124
infiltratingductalcarcinoma,220,0.5502454991816694,L-LSPIN,linear,0.028,0.2,1520125
infiltratinglobularcarcinoma,60,0.7671957671957672,L-LSPIN,linear,0.028,0.2,1520125
other,23,0.7837837837837838,L-LSPIN,linear,0.028,0.2,1520125
infiltratingductalcarcinoma,220,0.5855973813420622,L-LSPIN,linear,0.028,0.2,1520126
infiltratinglobularcarcinoma,60,0.5873015873015873,L-LSPIN,linear,0.028,0.2,1520126
other,23,0.5675675675675675,L-LSPIN,linear,0.028,0.2,1520126
infiltratingductalcarcinoma,220,0.5453355155482815,L-LSPIN,linear,0.028,0.2,1520127
infiltratinglobularcarcinoma,60,0.5396825396825397,L-LSPIN,linear,0.028,0.2,1520127
other,23,0.5675675675675675,L-LSPIN,linear,0.028,0.2,1520127
infiltratingductalcarcinoma,220,0.6821603927986907,L-LSPIN,linear,0.0035,0.4,1530123
infiltratinglobularcarcinoma,60,0.5343915343915344,L-LSPIN,linear,0.0035,0.4,1530123
other,23,0.5135135135135135,L-LSPIN,linear,0.0035,0.4,1530123
infiltratingductalcarcinoma,220,0.6893617021276596,L-LSPIN,linear,0.0035,0.4,1530124
infiltratinglobularcarcinoma,60,0.6349206349206349,L-LSPIN,linear,0.0035,0.4,1530124
other,23,0.6486486486486487,L-LSPIN,linear,0.0035,0.4,1530124
infiltratingductalcarcinoma,220,0.7044189852700491,L-LSPIN,linear,0.0035,0.4,1530125
infiltratinglobularcarcinoma,60,0.6137566137566137,L-LSPIN,linear,0.0035,0.4,1530125
other,23,0.6216216216216216,L-LSPIN,linear,0.0035,0.4,1530125
infiltratingductalcarcinoma,220,0.7057283142389525,L-LSPIN,linear,0.0035,0.4,1530126
infiltratinglobularcarcinoma,60,0.6349206349206349,L-LSPIN,linear,0.0035,0.4,1530126
other,23,0.5945945945945946,L-LSPIN,linear,0.0035,0.4,1530126
infiltratingductalcarcinoma,220,0.6795417348608838,L-LSPIN,linear,0.0035,0.4,1530127
infiltratinglobularcarcinoma,60,0.6984126984126984,L-LSPIN,linear,0.0035,0.4,1530127
other,23,0.5405405405405406,L-LSPIN,linear,0.0035,0.4,1530127
infiltratingductalcarcinoma,220,0.7021276595744681,L-LSPIN,linear,0.00525,0.4,1540123
infiltratinglobularcarcinoma,60,0.6084656084656085,L-LSPIN,linear,0.00525,0.4,1540123
other,23,0.5675675675675675,L-LSPIN,linear,0.00525,0.4,1540123
infiltratingductalcarcinoma,220,0.625531914893617,L-LSPIN,linear,0.00525,0.4,1540124
infiltratinglobularcarcinoma,60,0.5661375661375662,L-LSPIN,linear,0.00525,0.4,1540124
other,23,0.5405405405405406,L-LSPIN,linear,0.00525,0.4,1540124
infiltratingductalcarcinoma,220,0.6671031096563012,L-LSPIN,linear,0.00525,0.4,1540125
infiltratinglobularcarcinoma,60,0.7037037037037037,L-LSPIN,linear,0.00525,0.4,1540125
other,23,0.5405405405405406,L-LSPIN,linear,0.00525,0.4,1540125
infiltratingductalcarcinoma,220,0.7011456628477906,L-LSPIN,linear,0.00525,0.4,1540126
infiltratinglobularcarcinoma,60,0.5026455026455027,L-LSPIN,linear,0.00525,0.4,1540126
other,23,0.5675675675675675,L-LSPIN,linear,0.00525,0.4,1540126
infiltratingductalcarcinoma,220,0.6382978723404256,L-LSPIN,linear,0.00525,0.4,1540127
infiltratinglobularcarcinoma,60,0.6137566137566137,L-LSPIN,linear,0.00525,0.4,1540127
other,23,0.5675675675675675,L-LSPIN,linear,0.00525,0.4,1540127
infiltratingductalcarcinoma,220,0.6932896890343699,L-LSPIN,linear,0.007,0.4,1550123
infiltratinglobularcarcinoma,60,0.5714285714285714,L-LSPIN,linear,0.007,0.4,1550123
other,23,0.5675675675675675,L-LSPIN,linear,0.007,0.4,1550123
infiltratingductalcarcinoma,220,0.6193126022913257,L-LSPIN,linear,0.007,0.4,1550124
infiltratinglobularcarcinoma,60,0.6825396825396826,L-LSPIN,linear,0.007,0.4,1550124
other,23,0.4324324324324324,L-LSPIN,linear,0.007,0.4,1550124
infiltratingductalcarcinoma,220,0.676923076923077,L-LSPIN,linear,0.007,0.4,1550125
infiltratinglobularcarcinoma,60,0.5396825396825397,L-LSPIN,linear,0.007,0.4,1550125
other,23,0.4054054054054054,L-LSPIN,linear,0.007,0.4,1550125
infiltratingductalcarcinoma,220,0.7021276595744681,L-LSPIN,linear,0.007,0.4,1550126
infiltratinglobularcarcinoma,60,0.5026455026455027,L-LSPIN,linear,0.007,0.4,1550126
other,23,0.6486486486486487,L-LSPIN,linear,0.007,0.4,1550126
infiltratingductalcarcinoma,220,0.6271685761047463,L-LSPIN,linear,0.007,0.4,1550127
infiltratinglobularcarcinoma,60,0.6613756613756614,L-LSPIN,linear,0.007,0.4,1550127
other,23,0.6756756756756757,L-LSPIN,linear,0.007,0.4,1550127
infiltratingductalcarcinoma,220,0.5839607201309329,L-LSPIN,linear,0.00875,0.4,1560123
infiltratinglobularcarcinoma,60,0.4761904761904761,L-LSPIN,linear,0.00875,0.4,1560123
other,23,0.6216216216216216,L-LSPIN,linear,0.00875,0.4,1560123
infiltratingductalcarcinoma,220,0.627823240589198,L-LSPIN,linear,0.00875,0.4,1560124
infiltratinglobularcarcinoma,60,0.7513227513227513,L-LSPIN,linear,0.00875,0.4,1560124
other,23,0.5135135135135135,L-LSPIN,linear,0.00875,0.4,1560124
infiltratingductalcarcinoma,220,0.6199672667757774,L-LSPIN,linear,0.00875,0.4,1560125
infiltratinglobularcarcinoma,60,0.4973544973544973,L-LSPIN,linear,0.00875,0.4,1560125
other,23,0.6486486486486487,L-LSPIN,linear,0.00875,0.4,1560125
infiltratingductalcarcinoma,220,0.6389525368248773,L-LSPIN,linear,0.00875,0.4,1560126
infiltratinglobularcarcinoma,60,0.6031746031746031,L-LSPIN,linear,0.00875,0.4,1560126
other,23,0.7567567567567568,L-LSPIN,linear,0.00875,0.4,1560126
infiltratingductalcarcinoma,220,0.6085106382978723,L-LSPIN,linear,0.00875,0.4,1560127
infiltratinglobularcarcinoma,60,0.5661375661375662,L-LSPIN,linear,0.00875,0.4,1560127
other,23,0.5675675675675675,L-LSPIN,linear,0.00875,0.4,1560127
infiltratingductalcarcinoma,220,0.6471358428805237,L-LSPIN,linear,0.0105,0.4,1570123
infiltratinglobularcarcinoma,60,0.3544973544973545,L-LSPIN,linear,0.0105,0.4,1570123
other,23,0.5405405405405406,L-LSPIN,linear,0.0105,0.4,1570123
infiltratingductalcarcinoma,220,0.5986906710310965,L-LSPIN,linear,0.0105,0.4,1570124
infiltratinglobularcarcinoma,60,0.6455026455026455,L-LSPIN,linear,0.0105,0.4,1570124
other,23,0.3783783783783784,L-LSPIN,linear,0.0105,0.4,1570124
infiltratingductalcarcinoma,220,0.593126022913257,L-LSPIN,linear,0.0105,0.4,1570125
infiltratinglobularcarcinoma,60,0.6243386243386243,L-LSPIN,linear,0.0105,0.4,1570125
other,23,0.4594594594594595,L-LSPIN,linear,0.0105,0.4,1570125
infiltratingductalcarcinoma,220,0.5996726677577742,L-LSPIN,linear,0.0105,0.4,1570126
infiltratinglobularcarcinoma,60,0.6243386243386243,L-LSPIN,linear,0.0105,0.4,1570126
other,23,0.7567567567567568,L-LSPIN,linear,0.0105,0.4,1570126
infiltratingductalcarcinoma,220,0.6130932896890343,L-LSPIN,linear,0.0105,0.4,1570127
infiltratinglobularcarcinoma,60,0.4814814814814814,L-LSPIN,linear,0.0105,0.4,1570127
other,23,0.7297297297297297,L-LSPIN,linear,0.0105,0.4,1570127
infiltratingductalcarcinoma,220,0.5747954173486088,L-LSPIN,linear,0.014,0.4,1580123
infiltratinglobularcarcinoma,60,0.6137566137566137,L-LSPIN,linear,0.014,0.4,1580123
other,23,0.7027027027027027,L-LSPIN,linear,0.014,0.4,1580123
infiltratingductalcarcinoma,220,0.6039279869067103,L-LSPIN,linear,0.014,0.4,1580124
infiltratinglobularcarcinoma,60,0.5661375661375662,L-LSPIN,linear,0.014,0.4,1580124
other,23,0.4864864864864865,L-LSPIN,linear,0.014,0.4,1580124
infiltratingductalcarcinoma,220,0.611783960720131,L-LSPIN,linear,0.014,0.4,1580125
infiltratinglobularcarcinoma,60,0.5396825396825397,L-LSPIN,linear,0.014,0.4,1580125
other,23,0.5135135135135135,L-LSPIN,linear,0.014,0.4,1580125
infiltratingductalcarcinoma,220,0.5175122749590835,L-LSPIN,linear,0.014,0.4,1580126
infiltratinglobularcarcinoma,60,0.4497354497354497,L-LSPIN,linear,0.014,0.4,1580126
other,23,0.4324324324324324,L-LSPIN,linear,0.014,0.4,1580126
infiltratingductalcarcinoma,220,0.5819967266775777,L-LSPIN,linear,0.014,0.4,1580127
infiltratinglobularcarcinoma,60,0.6825396825396826,L-LSPIN,linear,0.014,0.4,1580127
other,23,0.4324324324324324,L-LSPIN,linear,0.014,0.4,1580127
infiltratingductalcarcinoma,220,0.6271685761047463,L-LSPIN,linear,0.021,0.4,1590123
infiltratinglobularcarcinoma,60,0.4285714285714285,L-LSPIN,linear,0.021,0.4,1590123
other,23,0.7567567567567568,L-LSPIN,linear,0.021,0.4,1590123
infiltratingductalcarcinoma,220,0.4965630114566284,L-LSPIN,linear,0.021,0.4,1590124
infiltratinglobularcarcinoma,60,0.4338624338624338,L-LSPIN,linear,0.021,0.4,1590124
other,23,0.4864864864864865,L-LSPIN,linear,0.021,0.4,1590124
infiltratingductalcarcinoma,220,0.5086743044189853,L-LSPIN,linear,0.021,0.4,1590125
infiltratinglobularcarcinoma,60,0.5555555555555556,L-LSPIN,linear,0.021,0.4,1590125
other,23,0.7297297297297297,L-LSPIN,linear,0.021,0.4,1590125
infiltratingductalcarcinoma,220,0.6857610474631751,L-LSPIN,linear,0.021,0.4,1590126
infiltratinglobularcarcinoma,60,0.5396825396825397,L-LSPIN,linear,0.021,0.4,1590126
other,23,0.7027027027027027,L-LSPIN,linear,0.021,0.4,1590126
infiltratingductalcarcinoma,220,0.6274959083469722,L-LSPIN,linear,0.021,0.4,1590127
infiltratinglobularcarcinoma,60,0.3174603174603174,L-LSPIN,linear,0.021,0.4,1590127
other,23,0.4864864864864865,L-LSPIN,linear,0.021,0.4,1590127
infiltratingductalcarcinoma,220,0.6752864157119476,L-LSPIN,linear,0.028,0.4,1600123
infiltratinglobularcarcinoma,60,0.5608465608465608,L-LSPIN,linear,0.028,0.4,1600123
other,23,0.4594594594594595,L-LSPIN,linear,0.028,0.4,1600123
infiltratingductalcarcinoma,220,0.555810147299509,L-LSPIN,linear,0.028,0.4,1600124
infiltratinglobularcarcinoma,60,0.4391534391534391,L-LSPIN,linear,0.028,0.4,1600124
other,23,0.5405405405405406,L-LSPIN,linear,0.028,0.4,1600124
infiltratingductalcarcinoma,220,0.5944353518821603,L-LSPIN,linear,0.028,0.4,1600125
infiltratinglobularcarcinoma,60,0.4497354497354497,L-LSPIN,linear,0.028,0.4,1600125
other,23,0.3513513513513513,L-LSPIN,linear,0.028,0.4,1600125
infiltratingductalcarcinoma,220,0.6507364975450082,L-LSPIN,linear,0.028,0.4,1600126
infiltratinglobularcarcinoma,60,0.6507936507936508,L-LSPIN,linear,0.028,0.4,1600126
other,23,0.6216216216216216,L-LSPIN,linear,0.028,0.4,1600126
infiltratingductalcarcinoma,220,0.6490998363338789,L-LSPIN,linear,0.028,0.4,1600127
infiltratinglobularcarcinoma,60,0.2433862433862433,L-LSPIN,linear,0.028,0.4,1600127
other,23,0.5405405405405406,L-LSPIN,linear,0.028,0.4,1600127
infiltratingductalcarcinoma,220,0.5973813420621932,L-LSPIN,linear,0.0035,0.0,1610123
infiltratinglobularcarcinoma,60,0.6825396825396826,L-LSPIN,linear,0.0035,0.0,1610123
other,23,0.4864864864864865,L-LSPIN,linear,0.0035,0.0,1610123
infiltratingductalcarcinoma,220,0.6821603927986907,L-LSPIN,linear,0.0035,0.0,1610124
infiltratinglobularcarcinoma,60,0.5608465608465608,L-LSPIN,linear,0.0035,0.0,1610124
other,23,0.6756756756756757,L-LSPIN,linear,0.0035,0.0,1610124
infiltratingductalcarcinoma,220,0.6608837970540098,L-LSPIN,linear,0.0035,0.0,1610125
infiltratinglobularcarcinoma,60,0.5185185185185185,L-LSPIN,linear,0.0035,0.0,1610125
other,23,0.5675675675675675,L-LSPIN,linear,0.0035,0.0,1610125
infiltratingductalcarcinoma,220,0.6297872340425532,L-LSPIN,linear,0.0035,0.0,1610126
infiltratinglobularcarcinoma,60,0.5238095238095238,L-LSPIN,linear,0.0035,0.0,1610126
other,23,0.5405405405405406,L-LSPIN,linear,0.0035,0.0,1610126
infiltratingductalcarcinoma,220,0.6150572831423895,L-LSPIN,linear,0.0035,0.0,1610127
infiltratinglobularcarcinoma,60,0.5873015873015873,L-LSPIN,linear,0.0035,0.0,1610127
other,23,0.5405405405405406,L-LSPIN,linear,0.0035,0.0,1610127
infiltratingductalcarcinoma,220,0.5819967266775777,L-LSPIN,linear,0.00525,0.0,1620123
infiltratinglobularcarcinoma,60,0.6243386243386243,L-LSPIN,linear,0.00525,0.0,1620123
other,23,0.5405405405405406,L-LSPIN,linear,0.00525,0.0,1620123
infiltratingductalcarcinoma,220,0.63240589198036,L-LSPIN,linear,0.00525,0.0,1620124
infiltratinglobularcarcinoma,60,0.6084656084656085,L-LSPIN,linear,0.00525,0.0,1620124
other,23,0.5135135135135135,L-LSPIN,linear,0.00525,0.0,1620124
infiltratingductalcarcinoma,220,0.5878887070376432,L-LSPIN,linear,0.00525,0.0,1620125
infiltratinglobularcarcinoma,60,0.5079365079365079,L-LSPIN,linear,0.00525,0.0,1620125
other,23,0.4864864864864865,L-LSPIN,linear,0.00525,0.0,1620125
infiltratingductalcarcinoma,220,0.6160392798690671,L-LSPIN,linear,0.00525,0.0,1620126
infiltratinglobularcarcinoma,60,0.5714285714285714,L-LSPIN,linear,0.00525,0.0,1620126
other,23,0.4594594594594595,L-LSPIN,linear,0.00525,0.0,1620126
infiltratingductalcarcinoma,220,0.6625204582651392,L-LSPIN,linear,0.00525,0.0,1620127
infiltratinglobularcarcinoma,60,0.5661375661375662,L-LSPIN,linear,0.00525,0.0,1620127
other,23,0.6216216216216216,L-LSPIN,linear,0.00525,0.0,1620127
infiltratingductalcarcinoma,220,0.6297872340425532,L-LSPIN,linear,0.007,0.0,1630123
infiltratinglobularcarcinoma,60,0.6349206349206349,L-LSPIN,linear,0.007,0.0,1630123
other,23,0.5405405405405406,L-LSPIN,linear,0.007,0.0,1630123
infiltratingductalcarcinoma,220,0.5973813420621932,L-LSPIN,linear,0.007,0.0,1630124
infiltratinglobularcarcinoma,60,0.5396825396825397,L-LSPIN,linear,0.007,0.0,1630124
other,23,0.5675675675675675,L-LSPIN,linear,0.007,0.0,1630124
infiltratingductalcarcinoma,220,0.6392798690671031,L-LSPIN,linear,0.007,0.0,1630125
infiltratinglobularcarcinoma,60,0.582010582010582,L-LSPIN,linear,0.007,0.0,1630125
other,23,0.5405405405405406,L-LSPIN,linear,0.007,0.0,1630125
infiltratingductalcarcinoma,220,0.5741407528641571,L-LSPIN,linear,0.007,0.0,1630126
infiltratinglobularcarcinoma,60,0.5873015873015873,L-LSPIN,linear,0.007,0.0,1630126
other,23,0.3783783783783784,L-LSPIN,linear,0.007,0.0,1630126
infiltratingductalcarcinoma,220,0.5623567921440262,L-LSPIN,linear,0.007,0.0,1630127
infiltratinglobularcarcinoma,60,0.6613756613756614,L-LSPIN,linear,0.007,0.0,1630127
other,23,0.5405405405405406,L-LSPIN,linear,0.007,0.0,1630127
infiltratingductalcarcinoma,220,0.6428805237315875,L-LSPIN,linear,0.00875,0.0,1640123
infiltratinglobularcarcinoma,60,0.5026455026455027,L-LSPIN,linear,0.00875,0.0,1640123
other,23,0.4324324324324324,L-LSPIN,linear,0.00875,0.0,1640123
infiltratingductalcarcinoma,220,0.5921440261865794,L-LSPIN,linear,0.00875,0.0,1640124
infiltratinglobularcarcinoma,60,0.4285714285714285,L-LSPIN,linear,0.00875,0.0,1640124
other,23,0.5675675675675675,L-LSPIN,linear,0.00875,0.0,1640124
infiltratingductalcarcinoma,220,0.6127659574468085,L-LSPIN,linear,0.00875,0.0,1640125
infiltratinglobularcarcinoma,60,0.5026455026455027,L-LSPIN,linear,0.00875,0.0,1640125
other,23,0.5945945945945946,L-LSPIN,linear,0.00875,0.0,1640125
infiltratingductalcarcinoma,220,0.6828150572831424,L-LSPIN,linear,0.00875,0.0,1640126
infiltratinglobularcarcinoma,60,0.6931216931216931,L-LSPIN,linear,0.00875,0.0,1640126
other,23,0.5405405405405406,L-LSPIN,linear,0.00875,0.0,1640126
infiltratingductalcarcinoma,220,0.6425531914893617,L-LSPIN,linear,0.00875,0.0,1640127
infiltratinglobularcarcinoma,60,0.6137566137566137,L-LSPIN,linear,0.00875,0.0,1640127
other,23,0.4864864864864865,L-LSPIN,linear,0.00875,0.0,1640127
infiltratingductalcarcinoma,220,0.6677577741407529,L-LSPIN,linear,0.0105,0.0,1650123
infiltratinglobularcarcinoma,60,0.5343915343915344,L-LSPIN,linear,0.0105,0.0,1650123
other,23,0.6216216216216216,L-LSPIN,linear,0.0105,0.0,1650123
infiltratingductalcarcinoma,220,0.5986906710310965,L-LSPIN,linear,0.0105,0.0,1650124
infiltratinglobularcarcinoma,60,0.7195767195767195,L-LSPIN,linear,0.0105,0.0,1650124
other,23,0.4864864864864865,L-LSPIN,linear,0.0105,0.0,1650124
infiltratingductalcarcinoma,220,0.6517184942716857,L-LSPIN,linear,0.0105,0.0,1650125
infiltratinglobularcarcinoma,60,0.6190476190476191,L-LSPIN,linear,0.0105,0.0,1650125
other,23,0.5135135135135135,L-LSPIN,linear,0.0105,0.0,1650125
infiltratingductalcarcinoma,220,0.6088379705400983,L-LSPIN,linear,0.0105,0.0,1650126
infiltratinglobularcarcinoma,60,0.6190476190476191,L-LSPIN,linear,0.0105,0.0,1650126
other,23,0.6216216216216216,L-LSPIN,linear,0.0105,0.0,1650126
infiltratingductalcarcinoma,220,0.6042553191489362,L-LSPIN,linear,0.0105,0.0,1650127
infiltratinglobularcarcinoma,60,0.4285714285714285,L-LSPIN,linear,0.0105,0.0,1650127
other,23,0.5405405405405406,L-LSPIN,linear,0.0105,0.0,1650127
infiltratingductalcarcinoma,220,0.4932896890343698,L-LSPIN,linear,0.014,0.0,1660123
infiltratinglobularcarcinoma,60,0.5132275132275133,L-LSPIN,linear,0.014,0.0,1660123
other,23,0.5405405405405406,L-LSPIN,linear,0.014,0.0,1660123
infiltratingductalcarcinoma,220,0.6212765957446809,L-LSPIN,linear,0.014,0.0,1660124
infiltratinglobularcarcinoma,60,0.4126984126984127,L-LSPIN,linear,0.014,0.0,1660124
other,23,0.2972972972972973,L-LSPIN,linear,0.014,0.0,1660124
infiltratingductalcarcinoma,220,0.5924713584288053,L-LSPIN,linear,0.014,0.0,1660125
infiltratinglobularcarcinoma,60,0.5291005291005291,L-LSPIN,linear,0.014,0.0,1660125
other,23,0.4594594594594595,L-LSPIN,linear,0.014,0.0,1660125
infiltratingductalcarcinoma,220,0.5482815057283142,L-LSPIN,linear,0.014,0.0,1660126
infiltratinglobularcarcinoma,60,0.455026455026455,L-LSPIN,linear,0.014,0.0,1660126
other,23,0.5135135135135135,L-LSPIN,linear,0.014,0.0,1660126
infiltratingductalcarcinoma,220,0.6602291325695581,L-LSPIN,linear,0.014,0.0,1660127
infiltratinglobularcarcinoma,60,0.5291005291005291,L-LSPIN,linear,0.014,0.0,1660127
other,23,0.4594594594594595,L-LSPIN,linear,0.014,0.0,1660127
infiltratingductalcarcinoma,220,0.6903436988543371,L-LSPIN,linear,0.021,0.0,1670123
infiltratinglobularcarcinoma,60,0.656084656084656,L-LSPIN,linear,0.021,0.0,1670123
other,23,0.5405405405405406,L-LSPIN,linear,0.021,0.0,1670123
infiltratingductalcarcinoma,220,0.6075286415711948,L-LSPIN,linear,0.021,0.0,1670124
infiltratinglobularcarcinoma,60,0.5026455026455027,L-LSPIN,linear,0.021,0.0,1670124
other,23,0.5945945945945946,L-LSPIN,linear,0.021,0.0,1670124
infiltratingductalcarcinoma,220,0.6752864157119476,L-LSPIN,linear,0.021,0.0,1670125
infiltratinglobularcarcinoma,60,0.5291005291005291,L-LSPIN,linear,0.021,0.0,1670125
other,23,0.5675675675675675,L-LSPIN,linear,0.021,0.0,1670125
infiltratingductalcarcinoma,220,0.616366612111293,L-LSPIN,linear,0.021,0.0,1670126
infiltratinglobularcarcinoma,60,0.6084656084656085,L-LSPIN,linear,0.021,0.0,1670126
other,23,0.4864864864864865,L-LSPIN,linear,0.021,0.0,1670126
infiltratingductalcarcinoma,220,0.5289689034369885,L-LSPIN,linear,0.021,0.0,1670127
infiltratinglobularcarcinoma,60,0.6349206349206349,L-LSPIN,linear,0.021,0.0,1670127
other,23,0.4054054054054054,L-LSPIN,linear,0.021,0.0,1670127
infiltratingductalcarcinoma,220,0.6274959083469722,L-LSPIN,linear,0.028,0.0,1680123
infiltratinglobularcarcinoma,60,0.4338624338624338,L-LSPIN,linear,0.028,0.0,1680123
other,23,0.4864864864864865,L-LSPIN,linear,0.028,0.0,1680123
infiltratingductalcarcinoma,220,0.623240589198036,L-LSPIN,linear,0.028,0.0,1680124
infiltratinglobularcarcinoma,60,0.5873015873015873,L-LSPIN,linear,0.028,0.0,1680124
other,23,0.4864864864864865,L-LSPIN,linear,0.028,0.0,1680124
infiltratingductalcarcinoma,220,0.6415711947626841,L-LSPIN,linear,0.028,0.0,1680125
infiltratinglobularcarcinoma,60,0.3915343915343915,L-LSPIN,linear,0.028,0.0,1680125
other,23,0.6756756756756757,L-LSPIN,linear,0.028,0.0,1680125
infiltratingductalcarcinoma,220,0.602291325695581,L-LSPIN,linear,0.028,0.0,1680126
infiltratinglobularcarcinoma,60,0.6031746031746031,L-LSPIN,linear,0.028,0.0,1680126
other,23,0.3783783783783784,L-LSPIN,linear,0.028,0.0,1680126
infiltratingductalcarcinoma,220,0.495253682487725,L-LSPIN,linear,0.028,0.0,1680127
infiltratinglobularcarcinoma,60,0.5238095238095238,L-LSPIN,linear,0.028,0.0,1680127
other,23,0.3243243243243243,L-LSPIN,linear,0.028,0.0,1680127
infiltratingductalcarcinoma,220,0.6638297872340425,L-LSPIN,linear,0.0035,0.1,1690123
infiltratinglobularcarcinoma,60,0.6031746031746031,L-LSPIN,linear,0.0035,0.1,1690123
other,23,0.5675675675675675,L-LSPIN,linear,0.0035,0.1,1690123
infiltratingductalcarcinoma,220,0.6713584288052373,L-LSPIN,linear,0.0035,0.1,1690124
infiltratinglobularcarcinoma,60,0.708994708994709,L-LSPIN,linear,0.0035,0.1,1690124
other,23,0.5675675675675675,L-LSPIN,linear,0.0035,0.1,1690124
infiltratingductalcarcinoma,220,0.6641571194762684,L-LSPIN,linear,0.0035,0.1,1690125
infiltratinglobularcarcinoma,60,0.6984126984126984,L-LSPIN,linear,0.0035,0.1,1690125
other,23,0.6216216216216216,L-LSPIN,linear,0.0035,0.1,1690125
infiltratingductalcarcinoma,220,0.667430441898527,L-LSPIN,linear,0.0035,0.1,1690126
infiltratinglobularcarcinoma,60,0.6402116402116402,L-LSPIN,linear,0.0035,0.1,1690126
other,23,0.6756756756756757,L-LSPIN,linear,0.0035,0.1,1690126
infiltratingductalcarcinoma,220,0.6870703764320786,L-LSPIN,linear,0.0035,0.1,1690127
infiltratinglobularcarcinoma,60,0.6296296296296297,L-LSPIN,linear,0.0035,0.1,1690127
other,23,0.6216216216216216,L-LSPIN,linear,0.0035,0.1,1690127
infiltratingductalcarcinoma,220,0.7306055646481179,L-LSPIN,linear,0.00525,0.1,1700123
infiltratinglobularcarcinoma,60,0.6825396825396826,L-LSPIN,linear,0.00525,0.1,1700123
other,23,0.5135135135135135,L-LSPIN,linear,0.00525,0.1,1700123
infiltratingductalcarcinoma,220,0.7217675941080196,L-LSPIN,linear,0.00525,0.1,1700124
infiltratinglobularcarcinoma,60,0.5132275132275133,L-LSPIN,linear,0.00525,0.1,1700124
other,23,0.5675675675675675,L-LSPIN,linear,0.00525,0.1,1700124
infiltratingductalcarcinoma,220,0.679214402618658,L-LSPIN,linear,0.00525,0.1,1700125
infiltratinglobularcarcinoma,60,0.5026455026455027,L-LSPIN,linear,0.00525,0.1,1700125
other,23,0.5405405405405406,L-LSPIN,linear,0.00525,0.1,1700125
infiltratingductalcarcinoma,220,0.7145662847790507,L-LSPIN,linear,0.00525,0.1,1700126
infiltratinglobularcarcinoma,60,0.5978835978835979,L-LSPIN,linear,0.00525,0.1,1700126
other,23,0.5945945945945946,L-LSPIN,linear,0.00525,0.1,1700126
infiltratingductalcarcinoma,220,0.7021276595744681,L-LSPIN,linear,0.00525,0.1,1700127
infiltratinglobularcarcinoma,60,0.5925925925925926,L-LSPIN,linear,0.00525,0.1,1700127
other,23,0.5675675675675675,L-LSPIN,linear,0.00525,0.1,1700127
infiltratingductalcarcinoma,220,0.6657937806873977,L-LSPIN,linear,0.007,0.1,1710123
infiltratinglobularcarcinoma,60,0.6772486772486772,L-LSPIN,linear,0.007,0.1,1710123
other,23,0.5405405405405406,L-LSPIN,linear,0.007,0.1,1710123
infiltratingductalcarcinoma,220,0.6481178396072013,L-LSPIN,linear,0.007,0.1,1710124
infiltratinglobularcarcinoma,60,0.671957671957672,L-LSPIN,linear,0.007,0.1,1710124
other,23,0.7837837837837838,L-LSPIN,linear,0.007,0.1,1710124
infiltratingductalcarcinoma,220,0.7057283142389525,L-LSPIN,linear,0.007,0.1,1710125
infiltratinglobularcarcinoma,60,0.6296296296296297,L-LSPIN,linear,0.007,0.1,1710125
other,23,0.5405405405405406,L-LSPIN,linear,0.007,0.1,1710125
infiltratingductalcarcinoma,220,0.6680851063829787,L-LSPIN,linear,0.007,0.1,1710126
infiltratinglobularcarcinoma,60,0.6349206349206349,L-LSPIN,linear,0.007,0.1,1710126
other,23,0.6216216216216216,L-LSPIN,linear,0.007,0.1,1710126
infiltratingductalcarcinoma,220,0.616366612111293,L-LSPIN,linear,0.007,0.1,1710127
infiltratinglobularcarcinoma,60,0.5555555555555556,L-LSPIN,linear,0.007,0.1,1710127
other,23,0.5675675675675675,L-LSPIN,linear,0.007,0.1,1710127
infiltratingductalcarcinoma,220,0.6166939443535189,L-LSPIN,linear,0.00875,0.1,1720123
infiltratinglobularcarcinoma,60,0.5238095238095238,L-LSPIN,linear,0.00875,0.1,1720123
other,23,0.5945945945945946,L-LSPIN,linear,0.00875,0.1,1720123
infiltratingductalcarcinoma,220,0.6,L-LSPIN,linear,0.00875,0.1,1720124
infiltratinglobularcarcinoma,60,0.5185185185185185,L-LSPIN,linear,0.00875,0.1,1720124
other,23,0.6756756756756757,L-LSPIN,linear,0.00875,0.1,1720124
infiltratingductalcarcinoma,220,0.6333878887070377,L-LSPIN,linear,0.00875,0.1,1720125
infiltratinglobularcarcinoma,60,0.6190476190476191,L-LSPIN,linear,0.00875,0.1,1720125
other,23,0.5405405405405406,L-LSPIN,linear,0.00875,0.1,1720125
infiltratingductalcarcinoma,220,0.6520458265139116,L-LSPIN,linear,0.00875,0.1,1720126
infiltratinglobularcarcinoma,60,0.4814814814814814,L-LSPIN,linear,0.00875,0.1,1720126
other,23,0.6216216216216216,L-LSPIN,linear,0.00875,0.1,1720126
infiltratingductalcarcinoma,220,0.6932896890343699,L-LSPIN,linear,0.00875,0.1,1720127
infiltratinglobularcarcinoma,60,0.5291005291005291,L-LSPIN,linear,0.00875,0.1,1720127
other,23,0.6486486486486487,L-LSPIN,linear,0.00875,0.1,1720127
infiltratingductalcarcinoma,220,0.593126022913257,L-LSPIN,linear,0.0105,0.1,1730123
infiltratinglobularcarcinoma,60,0.6190476190476191,L-LSPIN,linear,0.0105,0.1,1730123
other,23,0.6756756756756757,L-LSPIN,linear,0.0105,0.1,1730123
infiltratingductalcarcinoma,220,0.6144026186579378,L-LSPIN,linear,0.0105,0.1,1730124
infiltratinglobularcarcinoma,60,0.656084656084656,L-LSPIN,linear,0.0105,0.1,1730124
other,23,0.5405405405405406,L-LSPIN,linear,0.0105,0.1,1730124
infiltratingductalcarcinoma,220,0.5211129296235679,L-LSPIN,linear,0.0105,0.1,1730125
infiltratinglobularcarcinoma,60,0.6613756613756614,L-LSPIN,linear,0.0105,0.1,1730125
other,23,0.5405405405405406,L-LSPIN,linear,0.0105,0.1,1730125
infiltratingductalcarcinoma,220,0.6942716857610475,L-LSPIN,linear,0.0105,0.1,1730126
infiltratinglobularcarcinoma,60,0.5555555555555556,L-LSPIN,linear,0.0105,0.1,1730126
other,23,0.6756756756756757,L-LSPIN,linear,0.0105,0.1,1730126
infiltratingductalcarcinoma,220,0.6589198036006547,L-LSPIN,linear,0.0105,0.1,1730127
infiltratinglobularcarcinoma,60,0.492063492063492,L-LSPIN,linear,0.0105,0.1,1730127
other,23,0.5945945945945946,L-LSPIN,linear,0.0105,0.1,1730127
infiltratingductalcarcinoma,220,0.6268412438625205,L-LSPIN,linear,0.014,0.1,1740123
infiltratinglobularcarcinoma,60,0.6084656084656085,L-LSPIN,linear,0.014,0.1,1740123
other,23,0.4864864864864865,L-LSPIN,linear,0.014,0.1,1740123
infiltratingductalcarcinoma,220,0.579050736497545,L-LSPIN,linear,0.014,0.1,1740124
infiltratinglobularcarcinoma,60,0.656084656084656,L-LSPIN,linear,0.014,0.1,1740124
other,23,0.5405405405405406,L-LSPIN,linear,0.014,0.1,1740124
infiltratingductalcarcinoma,220,0.6206219312602291,L-LSPIN,linear,0.014,0.1,1740125
infiltratinglobularcarcinoma,60,0.4708994708994709,L-LSPIN,linear,0.014,0.1,1740125
other,23,0.5945945945945946,L-LSPIN,linear,0.014,0.1,1740125
infiltratingductalcarcinoma,220,0.6314238952536825,L-LSPIN,linear,0.014,0.1,1740126
infiltratinglobularcarcinoma,60,0.5767195767195767,L-LSPIN,linear,0.014,0.1,1740126
other,23,0.6216216216216216,L-LSPIN,linear,0.014,0.1,1740126
infiltratingductalcarcinoma,220,0.6068739770867431,L-LSPIN,linear,0.014,0.1,1740127
infiltratinglobularcarcinoma,60,0.7248677248677249,L-LSPIN,linear,0.014,0.1,1740127
other,23,0.2972972972972973,L-LSPIN,linear,0.014,0.1,1740127
infiltratingductalcarcinoma,220,0.564975450081833,L-LSPIN,linear,0.021,0.1,1750123
infiltratinglobularcarcinoma,60,0.6772486772486772,L-LSPIN,linear,0.021,0.1,1750123
other,23,0.4594594594594595,L-LSPIN,linear,0.021,0.1,1750123
infiltratingductalcarcinoma,220,0.6104746317512275,L-LSPIN,linear,0.021,0.1,1750124
infiltratinglobularcarcinoma,60,0.544973544973545,L-LSPIN,linear,0.021,0.1,1750124
other,23,0.5675675675675675,L-LSPIN,linear,0.021,0.1,1750124
infiltratingductalcarcinoma,220,0.6317512274959084,L-LSPIN,linear,0.021,0.1,1750125
infiltratinglobularcarcinoma,60,0.5026455026455027,L-LSPIN,linear,0.021,0.1,1750125
other,23,0.5675675675675675,L-LSPIN,linear,0.021,0.1,1750125
infiltratingductalcarcinoma,220,0.627823240589198,L-LSPIN,linear,0.021,0.1,1750126
infiltratinglobularcarcinoma,60,0.4973544973544973,L-LSPIN,linear,0.021,0.1,1750126
other,23,0.6216216216216216,L-LSPIN,linear,0.021,0.1,1750126
infiltratingductalcarcinoma,220,0.593126022913257,L-LSPIN,linear,0.021,0.1,1750127
infiltratinglobularcarcinoma,60,0.4708994708994709,L-LSPIN,linear,0.021,0.1,1750127
other,23,0.5405405405405406,L-LSPIN,linear,0.021,0.1,1750127
infiltratingductalcarcinoma,220,0.54860883797054,L-LSPIN,linear,0.028,0.1,1760123
infiltratinglobularcarcinoma,60,0.5396825396825397,L-LSPIN,linear,0.028,0.1,1760123
other,23,0.4324324324324324,L-LSPIN,linear,0.028,0.1,1760123
infiltratingductalcarcinoma,220,0.5983633387888707,L-LSPIN,linear,0.028,0.1,1760124
infiltratinglobularcarcinoma,60,0.6455026455026455,L-LSPIN,linear,0.028,0.1,1760124
other,23,0.3243243243243243,L-LSPIN,linear,0.028,0.1,1760124
infiltratingductalcarcinoma,220,0.6500818330605564,L-LSPIN,linear,0.028,0.1,1760125
infiltratinglobularcarcinoma,60,0.5714285714285714,L-LSPIN,linear,0.028,0.1,1760125
other,23,0.5945945945945946,L-LSPIN,linear,0.028,0.1,1760125
infiltratingductalcarcinoma,220,0.7155482815057284,L-LSPIN,linear,0.028,0.1,1760126
infiltratinglobularcarcinoma,60,0.5661375661375662,L-LSPIN,linear,0.028,0.1,1760126
other,23,0.5405405405405406,L-LSPIN,linear,0.028,0.1,1760126
infiltratingductalcarcinoma,220,0.5941080196399345,L-LSPIN,linear,0.028,0.1,1760127
infiltratinglobularcarcinoma,60,0.455026455026455,L-LSPIN,linear,0.028,0.1,1760127
other,23,0.4324324324324324,L-LSPIN,linear,0.028,0.1,1760127
infiltratingductalcarcinoma,220,0.7021276595744681,L-LSPIN,linear,0.0035,0.2,1770123
infiltratinglobularcarcinoma,60,0.656084656084656,L-LSPIN,linear,0.0035,0.2,1770123
other,23,0.5405405405405406,L-LSPIN,linear,0.0035,0.2,1770123
infiltratingductalcarcinoma,220,0.6693944353518821,L-LSPIN,linear,0.0035,0.2,1770124
infiltratinglobularcarcinoma,60,0.6031746031746031,L-LSPIN,linear,0.0035,0.2,1770124
other,23,0.5945945945945946,L-LSPIN,linear,0.0035,0.2,1770124
infiltratingductalcarcinoma,220,0.7109656301145663,L-LSPIN,linear,0.0035,0.2,1770125
infiltratinglobularcarcinoma,60,0.6666666666666666,L-LSPIN,linear,0.0035,0.2,1770125
other,23,0.5945945945945946,L-LSPIN,linear,0.0035,0.2,1770125
infiltratingductalcarcinoma,220,0.6589198036006547,L-LSPIN,linear,0.0035,0.2,1770126
infiltratinglobularcarcinoma,60,0.6137566137566137,L-LSPIN,linear,0.0035,0.2,1770126
other,23,0.5945945945945946,L-LSPIN,linear,0.0035,0.2,1770126
infiltratingductalcarcinoma,220,0.6474631751227496,L-LSPIN,linear,0.0035,0.2,1770127
infiltratinglobularcarcinoma,60,0.6455026455026455,L-LSPIN,linear,0.0035,0.2,1770127
other,23,0.5135135135135135,L-LSPIN,linear,0.0035,0.2,1770127
infiltratingductalcarcinoma,220,0.6857610474631751,L-LSPIN,linear,0.00525,0.2,1780123
infiltratinglobularcarcinoma,60,0.6349206349206349,L-LSPIN,linear,0.00525,0.2,1780123
other,23,0.5405405405405406,L-LSPIN,linear,0.00525,0.2,1780123
infiltratingductalcarcinoma,220,0.6880523731587561,L-LSPIN,linear,0.00525,0.2,1780124
infiltratinglobularcarcinoma,60,0.6931216931216931,L-LSPIN,linear,0.00525,0.2,1780124
other,23,0.5945945945945946,L-LSPIN,linear,0.00525,0.2,1780124
infiltratingductalcarcinoma,220,0.6949263502454992,L-LSPIN,linear,0.00525,0.2,1780125
infiltratinglobularcarcinoma,60,0.6349206349206349,L-LSPIN,linear,0.00525,0.2,1780125
other,23,0.5405405405405406,L-LSPIN,linear,0.00525,0.2,1780125
infiltratingductalcarcinoma,220,0.6360065466448446,L-LSPIN,linear,0.00525,0.2,1780126
infiltratinglobularcarcinoma,60,0.5291005291005291,L-LSPIN,linear,0.00525,0.2,1780126
other,23,0.5945945945945946,L-LSPIN,linear,0.00525,0.2,1780126
infiltratingductalcarcinoma,220,0.678887070376432,L-LSPIN,linear,0.00525,0.2,1780127
infiltratinglobularcarcinoma,60,0.5608465608465608,L-LSPIN,linear,0.00525,0.2,1780127
other,23,0.5945945945945946,L-LSPIN,linear,0.00525,0.2,1780127
infiltratingductalcarcinoma,220,0.6432078559738135,L-LSPIN,linear,0.007,0.2,1790123
infiltratinglobularcarcinoma,60,0.6031746031746031,L-LSPIN,linear,0.007,0.2,1790123
other,23,0.5945945945945946,L-LSPIN,linear,0.007,0.2,1790123
infiltratingductalcarcinoma,220,0.711620294599018,L-LSPIN,linear,0.007,0.2,1790124
infiltratinglobularcarcinoma,60,0.4444444444444444,L-LSPIN,linear,0.007,0.2,1790124
other,23,0.5135135135135135,L-LSPIN,linear,0.007,0.2,1790124
infiltratingductalcarcinoma,220,0.6968903436988544,L-LSPIN,linear,0.007,0.2,1790125
infiltratinglobularcarcinoma,60,0.544973544973545,L-LSPIN,linear,0.007,0.2,1790125
other,23,0.6756756756756757,L-LSPIN,linear,0.007,0.2,1790125
infiltratingductalcarcinoma,220,0.6193126022913257,L-LSPIN,linear,0.007,0.2,1790126
infiltratinglobularcarcinoma,60,0.8148148148148148,L-LSPIN,linear,0.007,0.2,1790126
other,23,0.5675675675675675,L-LSPIN,linear,0.007,0.2,1790126
infiltratingductalcarcinoma,220,0.6916530278232406,L-LSPIN,linear,0.007,0.2,1790127
infiltratinglobularcarcinoma,60,0.6137566137566137,L-LSPIN,linear,0.007,0.2,1790127
other,23,0.5405405405405406,L-LSPIN,linear,0.007,0.2,1790127
infiltratingductalcarcinoma,220,0.6199672667757774,L-LSPIN,linear,0.00875,0.2,1800123
infiltratinglobularcarcinoma,60,0.3703703703703703,L-LSPIN,linear,0.00875,0.2,1800123
other,23,0.6486486486486487,L-LSPIN,linear,0.00875,0.2,1800123
infiltratingductalcarcinoma,220,0.6926350245499182,L-LSPIN,linear,0.00875,0.2,1800124
infiltratinglobularcarcinoma,60,0.7407407407407407,L-LSPIN,linear,0.00875,0.2,1800124
other,23,0.6216216216216216,L-LSPIN,linear,0.00875,0.2,1800124
infiltratingductalcarcinoma,220,0.6183306055646481,L-LSPIN,linear,0.00875,0.2,1800125
infiltratinglobularcarcinoma,60,0.5291005291005291,L-LSPIN,linear,0.00875,0.2,1800125
other,23,0.6216216216216216,L-LSPIN,linear,0.00875,0.2,1800125
infiltratingductalcarcinoma,220,0.5980360065466448,L-LSPIN,linear,0.00875,0.2,1800126
infiltratinglobularcarcinoma,60,0.5502645502645502,L-LSPIN,linear,0.00875,0.2,1800126
other,23,0.6756756756756757,L-LSPIN,linear,0.00875,0.2,1800126
infiltratingductalcarcinoma,220,0.6373158756137479,L-LSPIN,linear,0.00875,0.2,1800127
infiltratinglobularcarcinoma,60,0.455026455026455,L-LSPIN,linear,0.00875,0.2,1800127
other,23,0.5405405405405406,L-LSPIN,linear,0.00875,0.2,1800127
infiltratingductalcarcinoma,220,0.6160392798690671,L-LSPIN,linear,0.0105,0.2,1810123
infiltratinglobularcarcinoma,60,0.5608465608465608,L-LSPIN,linear,0.0105,0.2,1810123
other,23,0.5675675675675675,L-LSPIN,linear,0.0105,0.2,1810123
infiltratingductalcarcinoma,220,0.6258592471358428,L-LSPIN,linear,0.0105,0.2,1810124
infiltratinglobularcarcinoma,60,0.4285714285714285,L-LSPIN,linear,0.0105,0.2,1810124
other,23,0.5675675675675675,L-LSPIN,linear,0.0105,0.2,1810124
infiltratingductalcarcinoma,220,0.6274959083469722,L-LSPIN,linear,0.0105,0.2,1810125
infiltratinglobularcarcinoma,60,0.5925925925925926,L-LSPIN,linear,0.0105,0.2,1810125
other,23,0.6756756756756757,L-LSPIN,linear,0.0105,0.2,1810125
infiltratingductalcarcinoma,220,0.6559738134206219,L-LSPIN,linear,0.0105,0.2,1810126
infiltratinglobularcarcinoma,60,0.6507936507936508,L-LSPIN,linear,0.0105,0.2,1810126
other,23,0.5945945945945946,L-LSPIN,linear,0.0105,0.2,1810126
infiltratingductalcarcinoma,220,0.5872340425531914,L-LSPIN,linear,0.0105,0.2,1810127
infiltratinglobularcarcinoma,60,0.4867724867724867,L-LSPIN,linear,0.0105,0.2,1810127
other,23,0.7027027027027027,L-LSPIN,linear,0.0105,0.2,1810127
infiltratingductalcarcinoma,220,0.5463175122749591,L-LSPIN,linear,0.014,0.2,1820123
infiltratinglobularcarcinoma,60,0.492063492063492,L-LSPIN,linear,0.014,0.2,1820123
other,23,0.5675675675675675,L-LSPIN,linear,0.014,0.2,1820123
infiltratingductalcarcinoma,220,0.5960720130932897,L-LSPIN,linear,0.014,0.2,1820124
infiltratinglobularcarcinoma,60,0.7883597883597884,L-LSPIN,linear,0.014,0.2,1820124
other,23,0.4864864864864865,L-LSPIN,linear,0.014,0.2,1820124
infiltratingductalcarcinoma,220,0.6454991816693945,L-LSPIN,linear,0.014,0.2,1820125
infiltratinglobularcarcinoma,60,0.4761904761904761,L-LSPIN,linear,0.014,0.2,1820125
other,23,0.5945945945945946,L-LSPIN,linear,0.014,0.2,1820125
infiltratingductalcarcinoma,220,0.6448445171849427,L-LSPIN,linear,0.014,0.2,1820126
infiltratinglobularcarcinoma,60,0.5608465608465608,L-LSPIN,linear,0.014,0.2,1820126
other,23,0.4324324324324324,L-LSPIN,linear,0.014,0.2,1820126
infiltratingductalcarcinoma,220,0.6124386252045827,L-LSPIN,linear,0.014,0.2,1820127
infiltratinglobularcarcinoma,60,0.3968253968253968,L-LSPIN,linear,0.014,0.2,1820127
other,23,0.5405405405405406,L-LSPIN,linear,0.014,0.2,1820127
infiltratingductalcarcinoma,220,0.6180032733224222,L-LSPIN,linear,0.021,0.2,1830123
infiltratinglobularcarcinoma,60,0.4656084656084656,L-LSPIN,linear,0.021,0.2,1830123
other,23,0.4594594594594595,L-LSPIN,linear,0.021,0.2,1830123
infiltratingductalcarcinoma,220,0.5957446808510638,L-LSPIN,linear,0.021,0.2,1830124
infiltratinglobularcarcinoma,60,0.5185185185185185,L-LSPIN,linear,0.021,0.2,1830124
other,23,0.4054054054054054,L-LSPIN,linear,0.021,0.2,1830124
infiltratingductalcarcinoma,220,0.5286415711947627,L-LSPIN,linear,0.021,0.2,1830125
infiltratinglobularcarcinoma,60,0.4021164021164021,L-LSPIN,linear,0.021,0.2,1830125
other,23,0.5945945945945946,L-LSPIN,linear,0.021,0.2,1830125
infiltratingductalcarcinoma,220,0.6589198036006547,L-LSPIN,linear,0.021,0.2,1830126
infiltratinglobularcarcinoma,60,0.3809523809523809,L-LSPIN,linear,0.021,0.2,1830126
other,23,0.6486486486486487,L-LSPIN,linear,0.021,0.2,1830126
infiltratingductalcarcinoma,220,0.593126022913257,L-LSPIN,linear,0.021,0.2,1830127
infiltratinglobularcarcinoma,60,0.4708994708994709,L-LSPIN,linear,0.021,0.2,1830127
other,23,0.5945945945945946,L-LSPIN,linear,0.021,0.2,1830127
infiltratingductalcarcinoma,220,0.6386252045826514,L-LSPIN,linear,0.028,0.2,1840123
infiltratinglobularcarcinoma,60,0.5132275132275133,L-LSPIN,linear,0.028,0.2,1840123
other,23,0.5675675675675675,L-LSPIN,linear,0.028,0.2,1840123
infiltratingductalcarcinoma,220,0.5623567921440262,L-LSPIN,linear,0.028,0.2,1840124
infiltratinglobularcarcinoma,60,0.5978835978835979,L-LSPIN,linear,0.028,0.2,1840124
other,23,0.3783783783783784,L-LSPIN,linear,0.028,0.2,1840124
infiltratingductalcarcinoma,220,0.5554828150572831,L-LSPIN,linear,0.028,0.2,1840125
infiltratinglobularcarcinoma,60,0.3862433862433862,L-LSPIN,linear,0.028,0.2,1840125
other,23,0.4594594594594595,L-LSPIN,linear,0.028,0.2,1840125
infiltratingductalcarcinoma,220,0.6,L-LSPIN,linear,0.028,0.2,1840126
infiltratinglobularcarcinoma,60,0.2698412698412698,L-LSPIN,linear,0.028,0.2,1840126
other,23,0.7027027027027027,L-LSPIN,linear,0.028,0.2,1840126
infiltratingductalcarcinoma,220,0.5528641571194762,L-LSPIN,linear,0.028,0.2,1840127
infiltratinglobularcarcinoma,60,0.5555555555555556,L-LSPIN,linear,0.028,0.2,1840127
other,23,0.4324324324324324,L-LSPIN,linear,0.028,0.2,1840127
infiltratingductalcarcinoma,220,0.7057283142389525,L-LSPIN,linear,0.0035,0.4,1850123
infiltratinglobularcarcinoma,60,0.6243386243386243,L-LSPIN,linear,0.0035,0.4,1850123
other,23,0.5405405405405406,L-LSPIN,linear,0.0035,0.4,1850123
infiltratingductalcarcinoma,220,0.676595744680851,L-LSPIN,linear,0.0035,0.4,1850124
infiltratinglobularcarcinoma,60,0.5608465608465608,L-LSPIN,linear,0.0035,0.4,1850124
other,23,0.6216216216216216,L-LSPIN,linear,0.0035,0.4,1850124
infiltratingductalcarcinoma,220,0.6710310965630114,L-LSPIN,linear,0.0035,0.4,1850125
infiltratinglobularcarcinoma,60,0.6190476190476191,L-LSPIN,linear,0.0035,0.4,1850125
other,23,0.5135135135135135,L-LSPIN,linear,0.0035,0.4,1850125
infiltratingductalcarcinoma,220,0.6549918166939444,L-LSPIN,linear,0.0035,0.4,1850126
infiltratinglobularcarcinoma,60,0.5132275132275133,L-LSPIN,linear,0.0035,0.4,1850126
other,23,0.5945945945945946,L-LSPIN,linear,0.0035,0.4,1850126
infiltratingductalcarcinoma,220,0.7008183306055646,L-LSPIN,linear,0.0035,0.4,1850127
infiltratinglobularcarcinoma,60,0.6878306878306878,L-LSPIN,linear,0.0035,0.4,1850127
other,23,0.5675675675675675,L-LSPIN,linear,0.0035,0.4,1850127
infiltratingductalcarcinoma,220,0.6805237315875614,L-LSPIN,linear,0.00525,0.4,1860123
infiltratinglobularcarcinoma,60,0.656084656084656,L-LSPIN,linear,0.00525,0.4,1860123
other,23,0.5405405405405406,L-LSPIN,linear,0.00525,0.4,1860123
infiltratingductalcarcinoma,220,0.6749590834697218,L-LSPIN,linear,0.00525,0.4,1860124
infiltratinglobularcarcinoma,60,0.5978835978835979,L-LSPIN,linear,0.00525,0.4,1860124
other,23,0.5675675675675675,L-LSPIN,linear,0.00525,0.4,1860124
infiltratingductalcarcinoma,220,0.7024549918166939,L-LSPIN,linear,0.00525,0.4,1860125
infiltratinglobularcarcinoma,60,0.7037037037037037,L-LSPIN,linear,0.00525,0.4,1860125
other,23,0.5675675675675675,L-LSPIN,linear,0.00525,0.4,1860125
infiltratingductalcarcinoma,220,0.6818330605564649,L-LSPIN,linear,0.00525,0.4,1860126
infiltratinglobularcarcinoma,60,0.671957671957672,L-LSPIN,linear,0.00525,0.4,1860126
other,23,0.5675675675675675,L-LSPIN,linear,0.00525,0.4,1860126
infiltratingductalcarcinoma,220,0.6592471358428805,L-LSPIN,linear,0.00525,0.4,1860127
infiltratinglobularcarcinoma,60,0.5555555555555556,L-LSPIN,linear,0.00525,0.4,1860127
other,23,0.6216216216216216,L-LSPIN,linear,0.00525,0.4,1860127
infiltratingductalcarcinoma,220,0.6595744680851063,L-LSPIN,linear,0.007,0.4,1870123
infiltratinglobularcarcinoma,60,0.6455026455026455,L-LSPIN,linear,0.007,0.4,1870123
other,23,0.5405405405405406,L-LSPIN,linear,0.007,0.4,1870123
infiltratingductalcarcinoma,220,0.6746317512274959,L-LSPIN,linear,0.007,0.4,1870124
infiltratinglobularcarcinoma,60,0.6931216931216931,L-LSPIN,linear,0.007,0.4,1870124
other,23,0.5675675675675675,L-LSPIN,linear,0.007,0.4,1870124
infiltratingductalcarcinoma,220,0.6510638297872341,L-LSPIN,linear,0.007,0.4,1870125
infiltratinglobularcarcinoma,60,0.4867724867724867,L-LSPIN,linear,0.007,0.4,1870125
other,23,0.5945945945945946,L-LSPIN,linear,0.007,0.4,1870125
infiltratingductalcarcinoma,220,0.6225859247135843,L-LSPIN,linear,0.007,0.4,1870126
infiltratinglobularcarcinoma,60,0.4021164021164021,L-LSPIN,linear,0.007,0.4,1870126
other,23,0.5675675675675675,L-LSPIN,linear,0.007,0.4,1870126
infiltratingductalcarcinoma,220,0.6877250409165303,L-LSPIN,linear,0.007,0.4,1870127
infiltratinglobularcarcinoma,60,0.5714285714285714,L-LSPIN,linear,0.007,0.4,1870127
other,23,0.5945945945945946,L-LSPIN,linear,0.007,0.4,1870127
infiltratingductalcarcinoma,220,0.5980360065466448,L-LSPIN,linear,0.00875,0.4,1880123
infiltratinglobularcarcinoma,60,0.6137566137566137,L-LSPIN,linear,0.00875,0.4,1880123
other,23,0.7297297297297297,L-LSPIN,linear,0.00875,0.4,1880123
infiltratingductalcarcinoma,220,0.6543371522094926,L-LSPIN,linear,0.00875,0.4,1880124
infiltratinglobularcarcinoma,60,0.6455026455026455,L-LSPIN,linear,0.00875,0.4,1880124
other,23,0.5945945945945946,L-LSPIN,linear,0.00875,0.4,1880124
infiltratingductalcarcinoma,220,0.5472995090016367,L-LSPIN,linear,0.00875,0.4,1880125
infiltratinglobularcarcinoma,60,0.4814814814814814,L-LSPIN,linear,0.00875,0.4,1880125
other,23,0.7027027027027027,L-LSPIN,linear,0.00875,0.4,1880125
infiltratingductalcarcinoma,220,0.695253682487725,L-LSPIN,linear,0.00875,0.4,1880126
infiltratinglobularcarcinoma,60,0.5661375661375662,L-LSPIN,linear,0.00875,0.4,1880126
other,23,0.6486486486486487,L-LSPIN,linear,0.00875,0.4,1880126
infiltratingductalcarcinoma,220,0.646481178396072,L-LSPIN,linear,0.00875,0.4,1880127
infiltratinglobularcarcinoma,60,0.5978835978835979,L-LSPIN,linear,0.00875,0.4,1880127
other,23,0.8648648648648649,L-LSPIN,linear,0.00875,0.4,1880127
infiltratingductalcarcinoma,220,0.6831423895253682,L-LSPIN,linear,0.0105,0.4,1890123
infiltratinglobularcarcinoma,60,0.5714285714285714,L-LSPIN,linear,0.0105,0.4,1890123
other,23,0.4864864864864865,L-LSPIN,linear,0.0105,0.4,1890123
infiltratingductalcarcinoma,220,0.667430441898527,L-LSPIN,linear,0.0105,0.4,1890124
infiltratinglobularcarcinoma,60,0.3862433862433862,L-LSPIN,linear,0.0105,0.4,1890124
other,23,0.5675675675675675,L-LSPIN,linear,0.0105,0.4,1890124
infiltratingductalcarcinoma,220,0.6386252045826514,L-LSPIN,linear,0.0105,0.4,1890125
infiltratinglobularcarcinoma,60,0.5291005291005291,L-LSPIN,linear,0.0105,0.4,1890125
other,23,0.3783783783783784,L-LSPIN,linear,0.0105,0.4,1890125
infiltratingductalcarcinoma,220,0.5741407528641571,L-LSPIN,linear,0.0105,0.4,1890126
infiltratinglobularcarcinoma,60,0.5767195767195767,L-LSPIN,linear,0.0105,0.4,1890126
other,23,0.6216216216216216,L-LSPIN,linear,0.0105,0.4,1890126
infiltratingductalcarcinoma,220,0.6222585924713584,L-LSPIN,linear,0.0105,0.4,1890127
infiltratinglobularcarcinoma,60,0.5767195767195767,L-LSPIN,linear,0.0105,0.4,1890127
other,23,0.5405405405405406,L-LSPIN,linear,0.0105,0.4,1890127
infiltratingductalcarcinoma,220,0.6369885433715221,L-LSPIN,linear,0.014,0.4,1900123
infiltratinglobularcarcinoma,60,0.4232804232804232,L-LSPIN,linear,0.014,0.4,1900123
other,23,0.4594594594594595,L-LSPIN,linear,0.014,0.4,1900123
infiltratingductalcarcinoma,220,0.5194762684124387,L-LSPIN,linear,0.014,0.4,1900124
infiltratinglobularcarcinoma,60,0.6984126984126984,L-LSPIN,linear,0.014,0.4,1900124
other,23,0.4054054054054054,L-LSPIN,linear,0.014,0.4,1900124
infiltratingductalcarcinoma,220,0.5875613747954174,L-LSPIN,linear,0.014,0.4,1900125
infiltratinglobularcarcinoma,60,0.4444444444444444,L-LSPIN,linear,0.014,0.4,1900125
other,23,0.8378378378378378,L-LSPIN,linear,0.014,0.4,1900125
infiltratingductalcarcinoma,220,0.6690671031096563,L-LSPIN,linear,0.014,0.4,1900126
infiltratinglobularcarcinoma,60,0.7407407407407407,L-LSPIN,linear,0.014,0.4,1900126
other,23,0.4594594594594595,L-LSPIN,linear,0.014,0.4,1900126
infiltratingductalcarcinoma,220,0.5878887070376432,L-LSPIN,linear,0.014,0.4,1900127
infiltratinglobularcarcinoma,60,0.4338624338624338,L-LSPIN,linear,0.014,0.4,1900127
other,23,0.4594594594594595,L-LSPIN,linear,0.014,0.4,1900127
infiltratingductalcarcinoma,220,0.5741407528641571,L-LSPIN,linear,0.021,0.4,1910123
infiltratinglobularcarcinoma,60,0.6243386243386243,L-LSPIN,linear,0.021,0.4,1910123
other,23,0.4594594594594595,L-LSPIN,linear,0.021,0.4,1910123
infiltratingductalcarcinoma,220,0.6026186579378069,L-LSPIN,linear,0.021,0.4,1910124
infiltratinglobularcarcinoma,60,0.3862433862433862,L-LSPIN,linear,0.021,0.4,1910124
other,23,0.6216216216216216,L-LSPIN,linear,0.021,0.4,1910124
infiltratingductalcarcinoma,220,0.5947626841243863,L-LSPIN,linear,0.021,0.4,1910125
infiltratinglobularcarcinoma,60,0.4814814814814814,L-LSPIN,linear,0.021,0.4,1910125
other,23,0.5135135135135135,L-LSPIN,linear,0.021,0.4,1910125
infiltratingductalcarcinoma,220,0.5492635024549918,L-LSPIN,linear,0.021,0.4,1910126
infiltratinglobularcarcinoma,60,0.6137566137566137,L-LSPIN,linear,0.021,0.4,1910126
other,23,0.6216216216216216,L-LSPIN,linear,0.021,0.4,1910126
infiltratingductalcarcinoma,220,0.5757774140752864,L-LSPIN,linear,0.021,0.4,1910127
infiltratinglobularcarcinoma,60,0.5661375661375662,L-LSPIN,linear,0.021,0.4,1910127
other,23,0.6486486486486487,L-LSPIN,linear,0.021,0.4,1910127
infiltratingductalcarcinoma,220,0.6749590834697218,L-LSPIN,linear,0.028,0.4,1920123
infiltratinglobularcarcinoma,60,0.5608465608465608,L-LSPIN,linear,0.028,0.4,1920123
other,23,0.7297297297297297,L-LSPIN,linear,0.028,0.4,1920123
infiltratingductalcarcinoma,220,0.6104746317512275,L-LSPIN,linear,0.028,0.4,1920124
infiltratinglobularcarcinoma,60,0.3968253968253968,L-LSPIN,linear,0.028,0.4,1920124
other,23,0.5945945945945946,L-LSPIN,linear,0.028,0.4,1920124
infiltratingductalcarcinoma,220,0.6049099836333879,L-LSPIN,linear,0.028,0.4,1920125
infiltratinglobularcarcinoma,60,0.2698412698412698,L-LSPIN,linear,0.028,0.4,1920125
other,23,0.5405405405405406,L-LSPIN,linear,0.028,0.4,1920125
infiltratingductalcarcinoma,220,0.6880523731587561,L-LSPIN,linear,0.028,0.4,1920126
infiltratinglobularcarcinoma,60,0.4232804232804232,L-LSPIN,linear,0.028,0.4,1920126
other,23,0.5945945945945946,L-LSPIN,linear,0.028,0.4,1920126
infiltratingductalcarcinoma,220,0.6680851063829787,L-LSPIN,linear,0.028,0.4,1920127
infiltratinglobularcarcinoma,60,0.3544973544973545,L-LSPIN,linear,0.028,0.4,1920127
other,23,0.6486486486486487,L-LSPIN,linear,0.028,0.4,1920127
infiltratingductalcarcinoma,220,0.6199672667757774,L-Concrete,linear,0.0011,0.0,1930123
infiltratinglobularcarcinoma,60,0.671957671957672,L-Concrete,linear,0.0011,0.0,1930123
other,23,0.5405405405405406,L-Concrete,linear,0.0011,0.0,1930123
infiltratingductalcarcinoma,220,0.5993453355155482,L-Concrete,linear,0.0011,0.0,1930124
infiltratinglobularcarcinoma,60,0.6137566137566137,L-Concrete,linear,0.0011,0.0,1930124
other,23,0.6486486486486487,L-Concrete,linear,0.0011,0.0,1930124
infiltratingductalcarcinoma,220,0.6330605564648117,L-Concrete,linear,0.0011,0.0,1930125
infiltratinglobularcarcinoma,60,0.671957671957672,L-Concrete,linear,0.0011,0.0,1930125
other,23,0.5675675675675675,L-Concrete,linear,0.0011,0.0,1930125
infiltratingductalcarcinoma,220,0.5682487725040917,L-Concrete,linear,0.0011,0.0,1930126
infiltratinglobularcarcinoma,60,0.6931216931216931,L-Concrete,linear,0.0011,0.0,1930126
other,23,0.5405405405405406,L-Concrete,linear,0.0011,0.0,1930126
infiltratingductalcarcinoma,220,0.6458265139116203,L-Concrete,linear,0.0011,0.0,1930127
infiltratinglobularcarcinoma,60,0.5767195767195767,L-Concrete,linear,0.0011,0.0,1930127
other,23,0.5405405405405406,L-Concrete,linear,0.0011,0.0,1930127
infiltratingductalcarcinoma,220,0.6294599018003273,L-Concrete,linear,0.00165,0.0,1940123
infiltratinglobularcarcinoma,60,0.5661375661375662,L-Concrete,linear,0.00165,0.0,1940123
other,23,0.5945945945945946,L-Concrete,linear,0.00165,0.0,1940123
infiltratingductalcarcinoma,220,0.6101472995090016,L-Concrete,linear,0.00165,0.0,1940124
infiltratinglobularcarcinoma,60,0.6825396825396826,L-Concrete,linear,0.00165,0.0,1940124
other,23,0.6216216216216216,L-Concrete,linear,0.00165,0.0,1940124
infiltratingductalcarcinoma,220,0.5662847790507365,L-Concrete,linear,0.00165,0.0,1940125
infiltratinglobularcarcinoma,60,0.5343915343915344,L-Concrete,linear,0.00165,0.0,1940125
other,23,0.5135135135135135,L-Concrete,linear,0.00165,0.0,1940125
infiltratingductalcarcinoma,220,0.5787234042553191,L-Concrete,linear,0.00165,0.0,1940126
infiltratinglobularcarcinoma,60,0.5978835978835979,L-Concrete,linear,0.00165,0.0,1940126
other,23,0.7567567567567568,L-Concrete,linear,0.00165,0.0,1940126
infiltratingductalcarcinoma,220,0.623240589198036,L-Concrete,linear,0.00165,0.0,1940127
infiltratinglobularcarcinoma,60,0.5238095238095238,L-Concrete,linear,0.00165,0.0,1940127
other,23,0.5675675675675675,L-Concrete,linear,0.00165,0.0,1940127
infiltratingductalcarcinoma,220,0.6340425531914894,L-Concrete,linear,0.0022,0.0,1950123
infiltratinglobularcarcinoma,60,0.5396825396825397,L-Concrete,linear,0.0022,0.0,1950123
other,23,0.5675675675675675,L-Concrete,linear,0.0022,0.0,1950123
infiltratingductalcarcinoma,220,0.6183306055646481,L-Concrete,linear,0.0022,0.0,1950124
infiltratinglobularcarcinoma,60,0.6507936507936508,L-Concrete,linear,0.0022,0.0,1950124
other,23,0.5135135135135135,L-Concrete,linear,0.0022,0.0,1950124
infiltratingductalcarcinoma,220,0.6049099836333879,L-Concrete,linear,0.0022,0.0,1950125
infiltratinglobularcarcinoma,60,0.6190476190476191,L-Concrete,linear,0.0022,0.0,1950125
other,23,0.5405405405405406,L-Concrete,linear,0.0022,0.0,1950125
infiltratingductalcarcinoma,220,0.6500818330605564,L-Concrete,linear,0.0022,0.0,1950126
infiltratinglobularcarcinoma,60,0.6613756613756614,L-Concrete,linear,0.0022,0.0,1950126
other,23,0.4864864864864865,L-Concrete,linear,0.0022,0.0,1950126
infiltratingductalcarcinoma,220,0.6265139116202946,L-Concrete,linear,0.0022,0.0,1950127
infiltratinglobularcarcinoma,60,0.5132275132275133,L-Concrete,linear,0.0022,0.0,1950127
other,23,0.5135135135135135,L-Concrete,linear,0.0022,0.0,1950127
infiltratingductalcarcinoma,220,0.5967266775777414,L-Concrete,linear,0.00275,0.0,1960123
infiltratinglobularcarcinoma,60,0.7195767195767195,L-Concrete,linear,0.00275,0.0,1960123
other,23,0.5945945945945946,L-Concrete,linear,0.00275,0.0,1960123
infiltratingductalcarcinoma,220,0.6032733224222586,L-Concrete,linear,0.00275,0.0,1960124
infiltratinglobularcarcinoma,60,0.5873015873015873,L-Concrete,linear,0.00275,0.0,1960124
other,23,0.4594594594594595,L-Concrete,linear,0.00275,0.0,1960124
infiltratingductalcarcinoma,220,0.6111292962356792,L-Concrete,linear,0.00275,0.0,1960125
infiltratinglobularcarcinoma,60,0.4973544973544973,L-Concrete,linear,0.00275,0.0,1960125
other,23,0.6486486486486487,L-Concrete,linear,0.00275,0.0,1960125
infiltratingductalcarcinoma,220,0.6261865793780688,L-Concrete,linear,0.00275,0.0,1960126
infiltratinglobularcarcinoma,60,0.582010582010582,L-Concrete,linear,0.00275,0.0,1960126
other,23,0.5135135135135135,L-Concrete,linear,0.00275,0.0,1960126
infiltratingductalcarcinoma,220,0.6356792144026187,L-Concrete,linear,0.00275,0.0,1960127
infiltratinglobularcarcinoma,60,0.656084656084656,L-Concrete,linear,0.00275,0.0,1960127
other,23,0.6216216216216216,L-Concrete,linear,0.00275,0.0,1960127
infiltratingductalcarcinoma,220,0.6229132569558101,L-Concrete,linear,0.0033,0.0,1970123
infiltratinglobularcarcinoma,60,0.6084656084656085,L-Concrete,linear,0.0033,0.0,1970123
other,23,0.5675675675675675,L-Concrete,linear,0.0033,0.0,1970123
infiltratingductalcarcinoma,220,0.5823240589198037,L-Concrete,linear,0.0033,0.0,1970124
infiltratinglobularcarcinoma,60,0.5185185185185185,L-Concrete,linear,0.0033,0.0,1970124
other,23,0.5405405405405406,L-Concrete,linear,0.0033,0.0,1970124
infiltratingductalcarcinoma,220,0.5908346972176759,L-Concrete,linear,0.0033,0.0,1970125
infiltratinglobularcarcinoma,60,0.5714285714285714,L-Concrete,linear,0.0033,0.0,1970125
other,23,0.5945945945945946,L-Concrete,linear,0.0033,0.0,1970125
infiltratingductalcarcinoma,220,0.6432078559738135,L-Concrete,linear,0.0033,0.0,1970126
infiltratinglobularcarcinoma,60,0.4126984126984127,L-Concrete,linear,0.0033,0.0,1970126
other,23,0.7837837837837838,L-Concrete,linear,0.0033,0.0,1970126
infiltratingductalcarcinoma,220,0.618657937806874,L-Concrete,linear,0.0033,0.0,1970127
infiltratinglobularcarcinoma,60,0.6507936507936508,L-Concrete,linear,0.0033,0.0,1970127
other,23,0.4864864864864865,L-Concrete,linear,0.0033,0.0,1970127
infiltratingductalcarcinoma,220,0.5446808510638298,L-Concrete,linear,0.0044,0.0,1980123
infiltratinglobularcarcinoma,60,0.5925925925925926,L-Concrete,linear,0.0044,0.0,1980123
other,23,0.5405405405405406,L-Concrete,linear,0.0044,0.0,1980123
infiltratingductalcarcinoma,220,0.6631751227495908,L-Concrete,linear,0.0044,0.0,1980124
infiltratinglobularcarcinoma,60,0.4867724867724867,L-Concrete,linear,0.0044,0.0,1980124
other,23,0.5405405405405406,L-Concrete,linear,0.0044,0.0,1980124
infiltratingductalcarcinoma,220,0.6019639934533552,L-Concrete,linear,0.0044,0.0,1980125
infiltratinglobularcarcinoma,60,0.5343915343915344,L-Concrete,linear,0.0044,0.0,1980125
other,23,0.4054054054054054,L-Concrete,linear,0.0044,0.0,1980125
infiltratingductalcarcinoma,220,0.567266775777414,L-Concrete,linear,0.0044,0.0,1980126
infiltratinglobularcarcinoma,60,0.6137566137566137,L-Concrete,linear,0.0044,0.0,1980126
other,23,0.4864864864864865,L-Concrete,linear,0.0044,0.0,1980126
infiltratingductalcarcinoma,220,0.6340425531914894,L-Concrete,linear,0.0044,0.0,1980127
infiltratinglobularcarcinoma,60,0.5925925925925926,L-Concrete,linear,0.0044,0.0,1980127
other,23,0.4864864864864865,L-Concrete,linear,0.0044,0.0,1980127
infiltratingductalcarcinoma,220,0.6196399345335516,L-Concrete,linear,0.0055,0.0,1990123
infiltratinglobularcarcinoma,60,0.4497354497354497,L-Concrete,linear,0.0055,0.0,1990123
other,23,0.6216216216216216,L-Concrete,linear,0.0055,0.0,1990123
infiltratingductalcarcinoma,220,0.6013093289689034,L-Concrete,linear,0.0055,0.0,1990124
infiltratinglobularcarcinoma,60,0.5555555555555556,L-Concrete,linear,0.0055,0.0,1990124
other,23,0.5945945945945946,L-Concrete,linear,0.0055,0.0,1990124
infiltratingductalcarcinoma,220,0.5911620294599018,L-Concrete,linear,0.0055,0.0,1990125
infiltratinglobularcarcinoma,60,0.6084656084656085,L-Concrete,linear,0.0055,0.0,1990125
other,23,0.5405405405405406,L-Concrete,linear,0.0055,0.0,1990125
infiltratingductalcarcinoma,220,0.6,L-Concrete,linear,0.0055,0.0,1990126
infiltratinglobularcarcinoma,60,0.5291005291005291,L-Concrete,linear,0.0055,0.0,1990126
other,23,0.5135135135135135,L-Concrete,linear,0.0055,0.0,1990126
infiltratingductalcarcinoma,220,0.6461538461538462,L-Concrete,linear,0.0055,0.0,1990127
infiltratinglobularcarcinoma,60,0.5714285714285714,L-Concrete,linear,0.0055,0.0,1990127
other,23,0.6486486486486487,L-Concrete,linear,0.0055,0.0,1990127
infiltratingductalcarcinoma,220,0.5384615384615384,L-Concrete,linear,0.0066,0.0,2000123
infiltratinglobularcarcinoma,60,0.6825396825396826,L-Concrete,linear,0.0066,0.0,2000123
other,23,0.5405405405405406,L-Concrete,linear,0.0066,0.0,2000123
infiltratingductalcarcinoma,220,0.551227495908347,L-Concrete,linear,0.0066,0.0,2000124
infiltratinglobularcarcinoma,60,0.4656084656084656,L-Concrete,linear,0.0066,0.0,2000124
other,23,0.4594594594594595,L-Concrete,linear,0.0066,0.0,2000124
infiltratingductalcarcinoma,220,0.5898527004909984,L-Concrete,linear,0.0066,0.0,2000125
infiltratinglobularcarcinoma,60,0.5873015873015873,L-Concrete,linear,0.0066,0.0,2000125
other,23,0.5405405405405406,L-Concrete,linear,0.0066,0.0,2000125
infiltratingductalcarcinoma,220,0.5934533551554828,L-Concrete,linear,0.0066,0.0,2000126
infiltratinglobularcarcinoma,60,0.5396825396825397,L-Concrete,linear,0.0066,0.0,2000126
other,23,0.5945945945945946,L-Concrete,linear,0.0066,0.0,2000126
infiltratingductalcarcinoma,220,0.6058919803600654,L-Concrete,linear,0.0066,0.0,2000127
infiltratinglobularcarcinoma,60,0.5396825396825397,L-Concrete,linear,0.0066,0.0,2000127
other,23,0.6486486486486487,L-Concrete,linear,0.0066,0.0,2000127
infiltratingductalcarcinoma,220,0.6402618657937806,L-Concrete,linear,0.0011,0.1,2010123
infiltratinglobularcarcinoma,60,0.5873015873015873,L-Concrete,linear,0.0011,0.1,2010123
other,23,0.4864864864864865,L-Concrete,linear,0.0011,0.1,2010123
infiltratingductalcarcinoma,220,0.6553191489361702,L-Concrete,linear,0.0011,0.1,2010124
infiltratinglobularcarcinoma,60,0.5978835978835979,L-Concrete,linear,0.0011,0.1,2010124
other,23,0.6216216216216216,L-Concrete,linear,0.0011,0.1,2010124
infiltratingductalcarcinoma,220,0.676595744680851,L-Concrete,linear,0.0011,0.1,2010125
infiltratinglobularcarcinoma,60,0.492063492063492,L-Concrete,linear,0.0011,0.1,2010125
other,23,0.5405405405405406,L-Concrete,linear,0.0011,0.1,2010125
infiltratingductalcarcinoma,220,0.678887070376432,L-Concrete,linear,0.0011,0.1,2010126
infiltratinglobularcarcinoma,60,0.5555555555555556,L-Concrete,linear,0.0011,0.1,2010126
other,23,0.5675675675675675,L-Concrete,linear,0.0011,0.1,2010126
infiltratingductalcarcinoma,220,0.6468085106382979,L-Concrete,linear,0.0011,0.1,2010127
infiltratinglobularcarcinoma,60,0.5238095238095238,L-Concrete,linear,0.0011,0.1,2010127
other,23,0.5675675675675675,L-Concrete,linear,0.0011,0.1,2010127
infiltratingductalcarcinoma,220,0.6795417348608838,L-Concrete,linear,0.00165,0.1,2020123
infiltratinglobularcarcinoma,60,0.7037037037037037,L-Concrete,linear,0.00165,0.1,2020123
other,23,0.5135135135135135,L-Concrete,linear,0.00165,0.1,2020123
infiltratingductalcarcinoma,220,0.6438625204582651,L-Concrete,linear,0.00165,0.1,2020124
infiltratinglobularcarcinoma,60,0.582010582010582,L-Concrete,linear,0.00165,0.1,2020124
other,23,0.5675675675675675,L-Concrete,linear,0.00165,0.1,2020124
infiltratingductalcarcinoma,220,0.6749590834697218,L-Concrete,linear,0.00165,0.1,2020125
infiltratinglobularcarcinoma,60,0.7195767195767195,L-Concrete,linear,0.00165,0.1,2020125
other,23,0.5405405405405406,L-Concrete,linear,0.00165,0.1,2020125
infiltratingductalcarcinoma,220,0.6563011456628478,L-Concrete,linear,0.00165,0.1,2020126
infiltratinglobularcarcinoma,60,0.708994708994709,L-Concrete,linear,0.00165,0.1,2020126
other,23,0.5135135135135135,L-Concrete,linear,0.00165,0.1,2020126
infiltratingductalcarcinoma,220,0.6072013093289689,L-Concrete,linear,0.00165,0.1,2020127
infiltratinglobularcarcinoma,60,0.5026455026455027,L-Concrete,linear,0.00165,0.1,2020127
other,23,0.7027027027027027,L-Concrete,linear,0.00165,0.1,2020127
infiltratingductalcarcinoma,220,0.6736497545008183,L-Concrete,linear,0.0022,0.1,2030123
infiltratinglobularcarcinoma,60,0.5396825396825397,L-Concrete,linear,0.0022,0.1,2030123
other,23,0.5675675675675675,L-Concrete,linear,0.0022,0.1,2030123
infiltratingductalcarcinoma,220,0.6923076923076923,L-Concrete,linear,0.0022,0.1,2030124
infiltratinglobularcarcinoma,60,0.5978835978835979,L-Concrete,linear,0.0022,0.1,2030124
other,23,0.5675675675675675,L-Concrete,linear,0.0022,0.1,2030124
infiltratingductalcarcinoma,220,0.5819967266775777,L-Concrete,linear,0.0022,0.1,2030125
infiltratinglobularcarcinoma,60,0.5767195767195767,L-Concrete,linear,0.0022,0.1,2030125
other,23,0.5135135135135135,L-Concrete,linear,0.0022,0.1,2030125
infiltratingductalcarcinoma,220,0.7145662847790507,L-Concrete,linear,0.0022,0.1,2030126
infiltratinglobularcarcinoma,60,0.6084656084656085,L-Concrete,linear,0.0022,0.1,2030126
other,23,0.5135135135135135,L-Concrete,linear,0.0022,0.1,2030126
infiltratingductalcarcinoma,220,0.7168576104746317,L-Concrete,linear,0.0022,0.1,2030127
infiltratinglobularcarcinoma,60,0.6772486772486772,L-Concrete,linear,0.0022,0.1,2030127
other,23,0.4864864864864865,L-Concrete,linear,0.0022,0.1,2030127
infiltratingductalcarcinoma,220,0.6376432078559738,L-Concrete,linear,0.00275,0.1,2040123
infiltratinglobularcarcinoma,60,0.6137566137566137,L-Concrete,linear,0.00275,0.1,2040123
other,23,0.5135135135135135,L-Concrete,linear,0.00275,0.1,2040123
infiltratingductalcarcinoma,220,0.6638297872340425,L-Concrete,linear,0.00275,0.1,2040124
infiltratinglobularcarcinoma,60,0.5714285714285714,L-Concrete,linear,0.00275,0.1,2040124
other,23,0.5135135135135135,L-Concrete,linear,0.00275,0.1,2040124
infiltratingductalcarcinoma,220,0.6671031096563012,L-Concrete,linear,0.00275,0.1,2040125
infiltratinglobularcarcinoma,60,0.5978835978835979,L-Concrete,linear,0.00275,0.1,2040125
other,23,0.5135135135135135,L-Concrete,linear,0.00275,0.1,2040125
infiltratingductalcarcinoma,220,0.6762684124386252,L-Concrete,linear,0.00275,0.1,2040126
infiltratinglobularcarcinoma,60,0.5661375661375662,L-Concrete,linear,0.00275,0.1,2040126
other,23,0.5135135135135135,L-Concrete,linear,0.00275,0.1,2040126
infiltratingductalcarcinoma,220,0.63240589198036,L-Concrete,linear,0.00275,0.1,2040127
infiltratinglobularcarcinoma,60,0.4603174603174603,L-Concrete,linear,0.00275,0.1,2040127
other,23,0.5135135135135135,L-Concrete,linear,0.00275,0.1,2040127
infiltratingductalcarcinoma,220,0.6477905073649755,L-Concrete,linear,0.0033,0.1,2050123
infiltratinglobularcarcinoma,60,0.5185185185185185,L-Concrete,linear,0.0033,0.1,2050123
other,23,0.5405405405405406,L-Concrete,linear,0.0033,0.1,2050123
infiltratingductalcarcinoma,220,0.6504091653027824,L-Concrete,linear,0.0033,0.1,2050124
infiltratinglobularcarcinoma,60,0.5925925925925926,L-Concrete,linear,0.0033,0.1,2050124
other,23,0.5675675675675675,L-Concrete,linear,0.0033,0.1,2050124
infiltratingductalcarcinoma,220,0.5823240589198037,L-Concrete,linear,0.0033,0.1,2050125
infiltratinglobularcarcinoma,60,0.6878306878306878,L-Concrete,linear,0.0033,0.1,2050125
other,23,0.5675675675675675,L-Concrete,linear,0.0033,0.1,2050125
infiltratingductalcarcinoma,220,0.627823240589198,L-Concrete,linear,0.0033,0.1,2050126
infiltratinglobularcarcinoma,60,0.656084656084656,L-Concrete,linear,0.0033,0.1,2050126
other,23,0.5135135135135135,L-Concrete,linear,0.0033,0.1,2050126
infiltratingductalcarcinoma,220,0.7099836333878887,L-Concrete,linear,0.0033,0.1,2050127
infiltratinglobularcarcinoma,60,0.6243386243386243,L-Concrete,linear,0.0033,0.1,2050127
other,23,0.5135135135135135,L-Concrete,linear,0.0033,0.1,2050127
infiltratingductalcarcinoma,220,0.5908346972176759,L-Concrete,linear,0.0044,0.1,2060123
infiltratinglobularcarcinoma,60,0.4391534391534391,L-Concrete,linear,0.0044,0.1,2060123
other,23,0.5675675675675675,L-Concrete,linear,0.0044,0.1,2060123
infiltratingductalcarcinoma,220,0.6847790507364976,L-Concrete,linear,0.0044,0.1,2060124
infiltratinglobularcarcinoma,60,0.7248677248677249,L-Concrete,linear,0.0044,0.1,2060124
other,23,0.4324324324324324,L-Concrete,linear,0.0044,0.1,2060124
infiltratingductalcarcinoma,220,0.562684124386252,L-Concrete,linear,0.0044,0.1,2060125
infiltratinglobularcarcinoma,60,0.656084656084656,L-Concrete,linear,0.0044,0.1,2060125
other,23,0.4864864864864865,L-Concrete,linear,0.0044,0.1,2060125
infiltratingductalcarcinoma,220,0.6212765957446809,L-Concrete,linear,0.0044,0.1,2060126
infiltratinglobularcarcinoma,60,0.671957671957672,L-Concrete,linear,0.0044,0.1,2060126
other,23,0.5675675675675675,L-Concrete,linear,0.0044,0.1,2060126
infiltratingductalcarcinoma,220,0.6150572831423895,L-Concrete,linear,0.0044,0.1,2060127
infiltratinglobularcarcinoma,60,0.5502645502645502,L-Concrete,linear,0.0044,0.1,2060127
other,23,0.5405405405405406,L-Concrete,linear,0.0044,0.1,2060127
infiltratingductalcarcinoma,220,0.5725040916530278,L-Concrete,linear,0.0055,0.1,2070123
infiltratinglobularcarcinoma,60,0.6243386243386243,L-Concrete,linear,0.0055,0.1,2070123
other,23,0.4864864864864865,L-Concrete,linear,0.0055,0.1,2070123
infiltratingductalcarcinoma,220,0.6880523731587561,L-Concrete,linear,0.0055,0.1,2070124
infiltratinglobularcarcinoma,60,0.5873015873015873,L-Concrete,linear,0.0055,0.1,2070124
other,23,0.6216216216216216,L-Concrete,linear,0.0055,0.1,2070124
infiltratingductalcarcinoma,220,0.6546644844517185,L-Concrete,linear,0.0055,0.1,2070125
infiltratinglobularcarcinoma,60,0.5608465608465608,L-Concrete,linear,0.0055,0.1,2070125
other,23,0.5405405405405406,L-Concrete,linear,0.0055,0.1,2070125
infiltratingductalcarcinoma,220,0.6949263502454992,L-Concrete,linear,0.0055,0.1,2070126
infiltratinglobularcarcinoma,60,0.6296296296296297,L-Concrete,linear,0.0055,0.1,2070126
other,23,0.4864864864864865,L-Concrete,linear,0.0055,0.1,2070126
infiltratingductalcarcinoma,220,0.6412438625204583,L-Concrete,linear,0.0055,0.1,2070127
infiltratinglobularcarcinoma,60,0.5555555555555556,L-Concrete,linear,0.0055,0.1,2070127
other,23,0.6486486486486487,L-Concrete,linear,0.0055,0.1,2070127
infiltratingductalcarcinoma,220,0.6343698854337152,L-Concrete,linear,0.0066,0.1,2080123
infiltratinglobularcarcinoma,60,0.6772486772486772,L-Concrete,linear,0.0066,0.1,2080123
other,23,0.4864864864864865,L-Concrete,linear,0.0066,0.1,2080123
infiltratingductalcarcinoma,220,0.6173486088379705,L-Concrete,linear,0.0066,0.1,2080124
infiltratinglobularcarcinoma,60,0.4656084656084656,L-Concrete,linear,0.0066,0.1,2080124
other,23,0.4864864864864865,L-Concrete,linear,0.0066,0.1,2080124
infiltratingductalcarcinoma,220,0.5941080196399345,L-Concrete,linear,0.0066,0.1,2080125
infiltratinglobularcarcinoma,60,0.6666666666666666,L-Concrete,linear,0.0066,0.1,2080125
other,23,0.5405405405405406,L-Concrete,linear,0.0066,0.1,2080125
infiltratingductalcarcinoma,220,0.6589198036006547,L-Concrete,linear,0.0066,0.1,2080126
infiltratinglobularcarcinoma,60,0.4497354497354497,L-Concrete,linear,0.0066,0.1,2080126
other,23,0.5945945945945946,L-Concrete,linear,0.0066,0.1,2080126
infiltratingductalcarcinoma,220,0.6170212765957447,L-Concrete,linear,0.0066,0.1,2080127
infiltratinglobularcarcinoma,60,0.582010582010582,L-Concrete,linear,0.0066,0.1,2080127
other,23,0.5675675675675675,L-Concrete,linear,0.0066,0.1,2080127
infiltratingductalcarcinoma,220,0.6553191489361702,L-Concrete,linear,0.0011,0.2,2090123
infiltratinglobularcarcinoma,60,0.5608465608465608,L-Concrete,linear,0.0011,0.2,2090123
other,23,0.6486486486486487,L-Concrete,linear,0.0011,0.2,2090123
infiltratingductalcarcinoma,220,0.6648117839607202,L-Concrete,linear,0.0011,0.2,2090124
infiltratinglobularcarcinoma,60,0.6296296296296297,L-Concrete,linear,0.0011,0.2,2090124
other,23,0.5405405405405406,L-Concrete,linear,0.0011,0.2,2090124
infiltratingductalcarcinoma,220,0.665139116202946,L-Concrete,linear,0.0011,0.2,2090125
infiltratinglobularcarcinoma,60,0.544973544973545,L-Concrete,linear,0.0011,0.2,2090125
other,23,0.5405405405405406,L-Concrete,linear,0.0011,0.2,2090125
infiltratingductalcarcinoma,220,0.6566284779050736,L-Concrete,linear,0.0011,0.2,2090126
infiltratinglobularcarcinoma,60,0.6349206349206349,L-Concrete,linear,0.0011,0.2,2090126
other,23,0.7567567567567568,L-Concrete,linear,0.0011,0.2,2090126
infiltratingductalcarcinoma,220,0.6608837970540098,L-Concrete,linear,0.0011,0.2,2090127
infiltratinglobularcarcinoma,60,0.6190476190476191,L-Concrete,linear,0.0011,0.2,2090127
other,23,0.6216216216216216,L-Concrete,linear,0.0011,0.2,2090127
infiltratingductalcarcinoma,220,0.6559738134206219,L-Concrete,linear,0.00165,0.2,2100123
infiltratinglobularcarcinoma,60,0.5925925925925926,L-Concrete,linear,0.00165,0.2,2100123
other,23,0.5675675675675675,L-Concrete,linear,0.00165,0.2,2100123
infiltratingductalcarcinoma,220,0.6988543371522095,L-Concrete,linear,0.00165,0.2,2100124
infiltratinglobularcarcinoma,60,0.6507936507936508,L-Concrete,linear,0.00165,0.2,2100124
other,23,0.5405405405405406,L-Concrete,linear,0.00165,0.2,2100124
infiltratingductalcarcinoma,220,0.6389525368248773,L-Concrete,linear,0.00165,0.2,2100125
infiltratinglobularcarcinoma,60,0.5714285714285714,L-Concrete,linear,0.00165,0.2,2100125
other,23,0.5405405405405406,L-Concrete,linear,0.00165,0.2,2100125
infiltratingductalcarcinoma,220,0.6589198036006547,L-Concrete,linear,0.00165,0.2,2100126
infiltratinglobularcarcinoma,60,0.6772486772486772,L-Concrete,linear,0.00165,0.2,2100126
other,23,0.5405405405405406,L-Concrete,linear,0.00165,0.2,2100126
infiltratingductalcarcinoma,220,0.6860883797054009,L-Concrete,linear,0.00165,0.2,2100127
infiltratinglobularcarcinoma,60,0.6772486772486772,L-Concrete,linear,0.00165,0.2,2100127
other,23,0.4864864864864865,L-Concrete,linear,0.00165,0.2,2100127
infiltratingductalcarcinoma,220,0.6147299509001637,L-Concrete,linear,0.0022,0.2,2110123
infiltratinglobularcarcinoma,60,0.5714285714285714,L-Concrete,linear,0.0022,0.2,2110123
other,23,0.5675675675675675,L-Concrete,linear,0.0022,0.2,2110123
infiltratingductalcarcinoma,220,0.6520458265139116,L-Concrete,linear,0.0022,0.2,2110124
infiltratinglobularcarcinoma,60,0.6402116402116402,L-Concrete,linear,0.0022,0.2,2110124
other,23,0.5675675675675675,L-Concrete,linear,0.0022,0.2,2110124
infiltratingductalcarcinoma,220,0.6248772504091653,L-Concrete,linear,0.0022,0.2,2110125
infiltratinglobularcarcinoma,60,0.6984126984126984,L-Concrete,linear,0.0022,0.2,2110125
other,23,0.5945945945945946,L-Concrete,linear,0.0022,0.2,2110125
infiltratingductalcarcinoma,220,0.6176759410801964,L-Concrete,linear,0.0022,0.2,2110126
infiltratinglobularcarcinoma,60,0.5026455026455027,L-Concrete,linear,0.0022,0.2,2110126
other,23,0.5675675675675675,L-Concrete,linear,0.0022,0.2,2110126
infiltratingductalcarcinoma,220,0.6962356792144027,L-Concrete,linear,0.0022,0.2,2110127
infiltratinglobularcarcinoma,60,0.6190476190476191,L-Concrete,linear,0.0022,0.2,2110127
other,23,0.5405405405405406,L-Concrete,linear,0.0022,0.2,2110127
infiltratingductalcarcinoma,220,0.676595744680851,L-Concrete,linear,0.00275,0.2,2120123
infiltratinglobularcarcinoma,60,0.5502645502645502,L-Concrete,linear,0.00275,0.2,2120123
other,23,0.5405405405405406,L-Concrete,linear,0.00275,0.2,2120123
infiltratingductalcarcinoma,220,0.6490998363338789,L-Concrete,linear,0.00275,0.2,2120124
infiltratinglobularcarcinoma,60,0.544973544973545,L-Concrete,linear,0.00275,0.2,2120124
other,23,0.4864864864864865,L-Concrete,linear,0.00275,0.2,2120124
infiltratingductalcarcinoma,220,0.64189852700491,L-Concrete,linear,0.00275,0.2,2120125
infiltratinglobularcarcinoma,60,0.5502645502645502,L-Concrete,linear,0.00275,0.2,2120125
other,23,0.5945945945945946,L-Concrete,linear,0.00275,0.2,2120125
infiltratingductalcarcinoma,220,0.6654664484451719,L-Concrete,linear,0.00275,0.2,2120126
infiltratinglobularcarcinoma,60,0.5343915343915344,L-Concrete,linear,0.00275,0.2,2120126
other,23,0.5945945945945946,L-Concrete,linear,0.00275,0.2,2120126
infiltratingductalcarcinoma,220,0.6451718494271685,L-Concrete,linear,0.00275,0.2,2120127
infiltratinglobularcarcinoma,60,0.5714285714285714,L-Concrete,linear,0.00275,0.2,2120127
other,23,0.5945945945945946,L-Concrete,linear,0.00275,0.2,2120127
infiltratingductalcarcinoma,220,0.6049099836333879,L-Concrete,linear,0.0033,0.2,2130123
infiltratinglobularcarcinoma,60,0.656084656084656,L-Concrete,linear,0.0033,0.2,2130123
other,23,0.5675675675675675,L-Concrete,linear,0.0033,0.2,2130123
infiltratingductalcarcinoma,220,0.6644844517184942,L-Concrete,linear,0.0033,0.2,2130124
infiltratinglobularcarcinoma,60,0.4656084656084656,L-Concrete,linear,0.0033,0.2,2130124
other,23,0.6486486486486487,L-Concrete,linear,0.0033,0.2,2130124
infiltratingductalcarcinoma,220,0.7027823240589198,L-Concrete,linear,0.0033,0.2,2130125
infiltratinglobularcarcinoma,60,0.6931216931216931,L-Concrete,linear,0.0033,0.2,2130125
other,23,0.5675675675675675,L-Concrete,linear,0.0033,0.2,2130125
infiltratingductalcarcinoma,220,0.6618657937806874,L-Concrete,linear,0.0033,0.2,2130126
infiltratinglobularcarcinoma,60,0.5079365079365079,L-Concrete,linear,0.0033,0.2,2130126
other,23,0.6486486486486487,L-Concrete,linear,0.0033,0.2,2130126
infiltratingductalcarcinoma,220,0.6268412438625205,L-Concrete,linear,0.0033,0.2,2130127
infiltratinglobularcarcinoma,60,0.5978835978835979,L-Concrete,linear,0.0033,0.2,2130127
other,23,0.5675675675675675,L-Concrete,linear,0.0033,0.2,2130127
infiltratingductalcarcinoma,220,0.5761047463175123,L-Concrete,linear,0.0044,0.2,2140123
infiltratinglobularcarcinoma,60,0.6613756613756614,L-Concrete,linear,0.0044,0.2,2140123
other,23,0.3783783783783784,L-Concrete,linear,0.0044,0.2,2140123
infiltratingductalcarcinoma,220,0.7171849427168576,L-Concrete,linear,0.0044,0.2,2140124
infiltratinglobularcarcinoma,60,0.5185185185185185,L-Concrete,linear,0.0044,0.2,2140124
other,23,0.5675675675675675,L-Concrete,linear,0.0044,0.2,2140124
infiltratingductalcarcinoma,220,0.6644844517184942,L-Concrete,linear,0.0044,0.2,2140125
infiltratinglobularcarcinoma,60,0.4497354497354497,L-Concrete,linear,0.0044,0.2,2140125
other,23,0.5945945945945946,L-Concrete,linear,0.0044,0.2,2140125
infiltratingductalcarcinoma,220,0.6245499181669394,L-Concrete,linear,0.0044,0.2,2140126
infiltratinglobularcarcinoma,60,0.708994708994709,L-Concrete,linear,0.0044,0.2,2140126
other,23,0.5135135135135135,L-Concrete,linear,0.0044,0.2,2140126
infiltratingductalcarcinoma,220,0.6687397708674304,L-Concrete,linear,0.0044,0.2,2140127
infiltratinglobularcarcinoma,60,0.5343915343915344,L-Concrete,linear,0.0044,0.2,2140127
other,23,0.4864864864864865,L-Concrete,linear,0.0044,0.2,2140127
infiltratingductalcarcinoma,220,0.646481178396072,L-Concrete,linear,0.0055,0.2,2150123
infiltratinglobularcarcinoma,60,0.6455026455026455,L-Concrete,linear,0.0055,0.2,2150123
other,23,0.4054054054054054,L-Concrete,linear,0.0055,0.2,2150123
infiltratingductalcarcinoma,220,0.6225859247135843,L-Concrete,linear,0.0055,0.2,2150124
infiltratinglobularcarcinoma,60,0.6190476190476191,L-Concrete,linear,0.0055,0.2,2150124
other,23,0.5675675675675675,L-Concrete,linear,0.0055,0.2,2150124
infiltratingductalcarcinoma,220,0.6166939443535189,L-Concrete,linear,0.0055,0.2,2150125
infiltratinglobularcarcinoma,60,0.5714285714285714,L-Concrete,linear,0.0055,0.2,2150125
other,23,0.5135135135135135,L-Concrete,linear,0.0055,0.2,2150125
infiltratingductalcarcinoma,220,0.6445171849427168,L-Concrete,linear,0.0055,0.2,2150126
infiltratinglobularcarcinoma,60,0.544973544973545,L-Concrete,linear,0.0055,0.2,2150126
other,23,0.6216216216216216,L-Concrete,linear,0.0055,0.2,2150126
infiltratingductalcarcinoma,220,0.6235679214402619,L-Concrete,linear,0.0055,0.2,2150127
infiltratinglobularcarcinoma,60,0.544973544973545,L-Concrete,linear,0.0055,0.2,2150127
other,23,0.6216216216216216,L-Concrete,linear,0.0055,0.2,2150127
infiltratingductalcarcinoma,220,0.6556464811783961,L-Concrete,linear,0.0066,0.2,2160123
infiltratinglobularcarcinoma,60,0.6931216931216931,L-Concrete,linear,0.0066,0.2,2160123
other,23,0.7297297297297297,L-Concrete,linear,0.0066,0.2,2160123
infiltratingductalcarcinoma,220,0.581342062193126,L-Concrete,linear,0.0066,0.2,2160124
infiltratinglobularcarcinoma,60,0.6402116402116402,L-Concrete,linear,0.0066,0.2,2160124
other,23,0.5675675675675675,L-Concrete,linear,0.0066,0.2,2160124
infiltratingductalcarcinoma,220,0.5888707037643208,L-Concrete,linear,0.0066,0.2,2160125
infiltratinglobularcarcinoma,60,0.4497354497354497,L-Concrete,linear,0.0066,0.2,2160125
other,23,0.4864864864864865,L-Concrete,linear,0.0066,0.2,2160125
infiltratingductalcarcinoma,220,0.6556464811783961,L-Concrete,linear,0.0066,0.2,2160126
infiltratinglobularcarcinoma,60,0.5132275132275133,L-Concrete,linear,0.0066,0.2,2160126
other,23,0.4864864864864865,L-Concrete,linear,0.0066,0.2,2160126
infiltratingductalcarcinoma,220,0.644189852700491,L-Concrete,linear,0.0066,0.2,2160127
infiltratinglobularcarcinoma,60,0.4603174603174603,L-Concrete,linear,0.0066,0.2,2160127
other,23,0.5405405405405406,L-Concrete,linear,0.0066,0.2,2160127
infiltratingductalcarcinoma,220,0.6680851063829787,L-Concrete,linear,0.0011,0.4,2170123
infiltratinglobularcarcinoma,60,0.5661375661375662,L-Concrete,linear,0.0011,0.4,2170123
other,23,0.5405405405405406,L-Concrete,linear,0.0011,0.4,2170123
infiltratingductalcarcinoma,220,0.678887070376432,L-Concrete,linear,0.0011,0.4,2170124
infiltratinglobularcarcinoma,60,0.6296296296296297,L-Concrete,linear,0.0011,0.4,2170124
other,23,0.5945945945945946,L-Concrete,linear,0.0011,0.4,2170124
infiltratingductalcarcinoma,220,0.6867430441898527,L-Concrete,linear,0.0011,0.4,2170125
infiltratinglobularcarcinoma,60,0.5714285714285714,L-Concrete,linear,0.0011,0.4,2170125
other,23,0.5945945945945946,L-Concrete,linear,0.0011,0.4,2170125
infiltratingductalcarcinoma,220,0.67430441898527,L-Concrete,linear,0.0011,0.4,2170126
infiltratinglobularcarcinoma,60,0.582010582010582,L-Concrete,linear,0.0011,0.4,2170126
other,23,0.5405405405405406,L-Concrete,linear,0.0011,0.4,2170126
infiltratingductalcarcinoma,220,0.6795417348608838,L-Concrete,linear,0.0011,0.4,2170127
infiltratinglobularcarcinoma,60,0.6772486772486772,L-Concrete,linear,0.0011,0.4,2170127
other,23,0.5135135135135135,L-Concrete,linear,0.0011,0.4,2170127
infiltratingductalcarcinoma,220,0.658265139116203,L-Concrete,linear,0.00165,0.4,2180123
infiltratinglobularcarcinoma,60,0.5502645502645502,L-Concrete,linear,0.00165,0.4,2180123
other,23,0.5675675675675675,L-Concrete,linear,0.00165,0.4,2180123
infiltratingductalcarcinoma,220,0.6147299509001637,L-Concrete,linear,0.00165,0.4,2180124
infiltratinglobularcarcinoma,60,0.6507936507936508,L-Concrete,linear,0.00165,0.4,2180124
other,23,0.5405405405405406,L-Concrete,linear,0.00165,0.4,2180124
infiltratingductalcarcinoma,220,0.6382978723404256,L-Concrete,linear,0.00165,0.4,2180125
infiltratinglobularcarcinoma,60,0.544973544973545,L-Concrete,linear,0.00165,0.4,2180125
other,23,0.5675675675675675,L-Concrete,linear,0.00165,0.4,2180125
infiltratingductalcarcinoma,220,0.6729950900163666,L-Concrete,linear,0.00165,0.4,2180126
infiltratinglobularcarcinoma,60,0.582010582010582,L-Concrete,linear,0.00165,0.4,2180126
other,23,0.6216216216216216,L-Concrete,linear,0.00165,0.4,2180126
infiltratingductalcarcinoma,220,0.6720130932896891,L-Concrete,linear,0.00165,0.4,2180127
infiltratinglobularcarcinoma,60,0.6137566137566137,L-Concrete,linear,0.00165,0.4,2180127
other,23,0.6486486486486487,L-Concrete,linear,0.00165,0.4,2180127
infiltratingductalcarcinoma,220,0.6680851063829787,L-Concrete,linear,0.0022,0.4,2190123
infiltratinglobularcarcinoma,60,0.6402116402116402,L-Concrete,linear,0.0022,0.4,2190123
other,23,0.6486486486486487,L-Concrete,linear,0.0022,0.4,2190123
infiltratingductalcarcinoma,220,0.6032733224222586,L-Concrete,linear,0.0022,0.4,2190124
infiltratinglobularcarcinoma,60,0.5767195767195767,L-Concrete,linear,0.0022,0.4,2190124
other,23,0.5135135135135135,L-Concrete,linear,0.0022,0.4,2190124
infiltratingductalcarcinoma,220,0.6333878887070377,L-Concrete,linear,0.0022,0.4,2190125
infiltratinglobularcarcinoma,60,0.671957671957672,L-Concrete,linear,0.0022,0.4,2190125
other,23,0.6216216216216216,L-Concrete,linear,0.0022,0.4,2190125
infiltratingductalcarcinoma,220,0.6490998363338789,L-Concrete,linear,0.0022,0.4,2190126
infiltratinglobularcarcinoma,60,0.5291005291005291,L-Concrete,linear,0.0022,0.4,2190126
other,23,0.6756756756756757,L-Concrete,linear,0.0022,0.4,2190126
infiltratingductalcarcinoma,220,0.6625204582651392,L-Concrete,linear,0.0022,0.4,2190127
infiltratinglobularcarcinoma,60,0.6666666666666666,L-Concrete,linear,0.0022,0.4,2190127
other,23,0.5405405405405406,L-Concrete,linear,0.0022,0.4,2190127
infiltratingductalcarcinoma,220,0.6173486088379705,L-Concrete,linear,0.00275,0.4,2200123
infiltratinglobularcarcinoma,60,0.6402116402116402,L-Concrete,linear,0.00275,0.4,2200123
other,23,0.5945945945945946,L-Concrete,linear,0.00275,0.4,2200123
infiltratingductalcarcinoma,220,0.627823240589198,L-Concrete,linear,0.00275,0.4,2200124
infiltratinglobularcarcinoma,60,0.5873015873015873,L-Concrete,linear,0.00275,0.4,2200124
other,23,0.5675675675675675,L-Concrete,linear,0.00275,0.4,2200124
infiltratingductalcarcinoma,220,0.6435351882160393,L-Concrete,linear,0.00275,0.4,2200125
infiltratinglobularcarcinoma,60,0.4973544973544973,L-Concrete,linear,0.00275,0.4,2200125
other,23,0.5945945945945946,L-Concrete,linear,0.00275,0.4,2200125
infiltratingductalcarcinoma,220,0.6072013093289689,L-Concrete,linear,0.00275,0.4,2200126
infiltratinglobularcarcinoma,60,0.6084656084656085,L-Concrete,linear,0.00275,0.4,2200126
other,23,0.6216216216216216,L-Concrete,linear,0.00275,0.4,2200126
infiltratingductalcarcinoma,220,0.6834697217675941,L-Concrete,linear,0.00275,0.4,2200127
infiltratinglobularcarcinoma,60,0.5978835978835979,L-Concrete,linear,0.00275,0.4,2200127
other,23,0.6216216216216216,L-Concrete,linear,0.00275,0.4,2200127
infiltratingductalcarcinoma,220,0.6527004909983634,L-Concrete,linear,0.0033,0.4,2210123
infiltratinglobularcarcinoma,60,0.4973544973544973,L-Concrete,linear,0.0033,0.4,2210123
other,23,0.6486486486486487,L-Concrete,linear,0.0033,0.4,2210123
infiltratingductalcarcinoma,220,0.6504091653027824,L-Concrete,linear,0.0033,0.4,2210124
infiltratinglobularcarcinoma,60,0.5026455026455027,L-Concrete,linear,0.0033,0.4,2210124
other,23,0.6216216216216216,L-Concrete,linear,0.0033,0.4,2210124
infiltratingductalcarcinoma,220,0.6026186579378069,L-Concrete,linear,0.0033,0.4,2210125
infiltratinglobularcarcinoma,60,0.708994708994709,L-Concrete,linear,0.0033,0.4,2210125
other,23,0.5675675675675675,L-Concrete,linear,0.0033,0.4,2210125
infiltratingductalcarcinoma,220,0.6144026186579378,L-Concrete,linear,0.0033,0.4,2210126
infiltratinglobularcarcinoma,60,0.6190476190476191,L-Concrete,linear,0.0033,0.4,2210126
other,23,0.4864864864864865,L-Concrete,linear,0.0033,0.4,2210126
infiltratingductalcarcinoma,220,0.6530278232405892,L-Concrete,linear,0.0033,0.4,2210127
infiltratinglobularcarcinoma,60,0.5026455026455027,L-Concrete,linear,0.0033,0.4,2210127
other,23,0.5135135135135135,L-Concrete,linear,0.0033,0.4,2210127
infiltratingductalcarcinoma,220,0.6517184942716857,L-Concrete,linear,0.0044,0.4,2220123
infiltratinglobularcarcinoma,60,0.6402116402116402,L-Concrete,linear,0.0044,0.4,2220123
other,23,0.4864864864864865,L-Concrete,linear,0.0044,0.4,2220123
infiltratingductalcarcinoma,220,0.628150572831424,L-Concrete,linear,0.0044,0.4,2220124
infiltratinglobularcarcinoma,60,0.6084656084656085,L-Concrete,linear,0.0044,0.4,2220124
other,23,0.5675675675675675,L-Concrete,linear,0.0044,0.4,2220124
infiltratingductalcarcinoma,220,0.6229132569558101,L-Concrete,linear,0.0044,0.4,2220125
infiltratinglobularcarcinoma,60,0.5555555555555556,L-Concrete,linear,0.0044,0.4,2220125
other,23,0.4594594594594595,L-Concrete,linear,0.0044,0.4,2220125
infiltratingductalcarcinoma,220,0.7276595744680852,L-Concrete,linear,0.0044,0.4,2220126
infiltratinglobularcarcinoma,60,0.582010582010582,L-Concrete,linear,0.0044,0.4,2220126
other,23,0.5135135135135135,L-Concrete,linear,0.0044,0.4,2220126
infiltratingductalcarcinoma,220,0.6428805237315875,L-Concrete,linear,0.0044,0.4,2220127
infiltratinglobularcarcinoma,60,0.4761904761904761,L-Concrete,linear,0.0044,0.4,2220127
other,23,0.5135135135135135,L-Concrete,linear,0.0044,0.4,2220127
infiltratingductalcarcinoma,220,0.6533551554828151,L-Concrete,linear,0.0055,0.4,2230123
infiltratinglobularcarcinoma,60,0.6772486772486772,L-Concrete,linear,0.0055,0.4,2230123
other,23,0.4324324324324324,L-Concrete,linear,0.0055,0.4,2230123
infiltratingductalcarcinoma,220,0.6841243862520459,L-Concrete,linear,0.0055,0.4,2230124
infiltratinglobularcarcinoma,60,0.5343915343915344,L-Concrete,linear,0.0055,0.4,2230124
other,23,0.6486486486486487,L-Concrete,linear,0.0055,0.4,2230124
infiltratingductalcarcinoma,220,0.688379705400982,L-Concrete,linear,0.0055,0.4,2230125
infiltratinglobularcarcinoma,60,0.7248677248677249,L-Concrete,linear,0.0055,0.4,2230125
other,23,0.4864864864864865,L-Concrete,linear,0.0055,0.4,2230125
infiltratingductalcarcinoma,220,0.6101472995090016,L-Concrete,linear,0.0055,0.4,2230126
infiltratinglobularcarcinoma,60,0.4867724867724867,L-Concrete,linear,0.0055,0.4,2230126
other,23,0.6216216216216216,L-Concrete,linear,0.0055,0.4,2230126
infiltratingductalcarcinoma,220,0.6896890343698854,L-Concrete,linear,0.0055,0.4,2230127
infiltratinglobularcarcinoma,60,0.6243386243386243,L-Concrete,linear,0.0055,0.4,2230127
other,23,0.5405405405405406,L-Concrete,linear,0.0055,0.4,2230127
infiltratingductalcarcinoma,220,0.667430441898527,L-Concrete,linear,0.0066,0.4,2240123
infiltratinglobularcarcinoma,60,0.3915343915343915,L-Concrete,linear,0.0066,0.4,2240123
other,23,0.5135135135135135,L-Concrete,linear,0.0066,0.4,2240123
infiltratingductalcarcinoma,220,0.6978723404255319,L-Concrete,linear,0.0066,0.4,2240124
infiltratinglobularcarcinoma,60,0.544973544973545,L-Concrete,linear,0.0066,0.4,2240124
other,23,0.4864864864864865,L-Concrete,linear,0.0066,0.4,2240124
infiltratingductalcarcinoma,220,0.63240589198036,L-Concrete,linear,0.0066,0.4,2240125
infiltratinglobularcarcinoma,60,0.7142857142857143,L-Concrete,linear,0.0066,0.4,2240125
other,23,0.5135135135135135,L-Concrete,linear,0.0066,0.4,2240125
infiltratingductalcarcinoma,220,0.644189852700491,L-Concrete,linear,0.0066,0.4,2240126
infiltratinglobularcarcinoma,60,0.5026455026455027,L-Concrete,linear,0.0066,0.4,2240126
other,23,0.5675675675675675,L-Concrete,linear,0.0066,0.4,2240126
infiltratingductalcarcinoma,220,0.6579378068739771,L-Concrete,linear,0.0066,0.4,2240127
infiltratinglobularcarcinoma,60,0.5767195767195767,L-Concrete,linear,0.0066,0.4,2240127
other,23,0.7567567567567568,L-Concrete,linear,0.0066,0.4,2240127
infiltratingductalcarcinoma,220,0.6173486088379705,L-Concrete,linear,0.0011,0.0,2250123
infiltratinglobularcarcinoma,60,0.6190476190476191,L-Concrete,linear,0.0011,0.0,2250123
other,23,0.5945945945945946,L-Concrete,linear,0.0011,0.0,2250123
infiltratingductalcarcinoma,220,0.6592471358428805,L-Concrete,linear,0.0011,0.0,2250124
infiltratinglobularcarcinoma,60,0.7195767195767195,L-Concrete,linear,0.0011,0.0,2250124
other,23,0.5675675675675675,L-Concrete,linear,0.0011,0.0,2250124
infiltratingductalcarcinoma,220,0.6333878887070377,L-Concrete,linear,0.0011,0.0,2250125
infiltratinglobularcarcinoma,60,0.6296296296296297,L-Concrete,linear,0.0011,0.0,2250125
other,23,0.5135135135135135,L-Concrete,linear,0.0011,0.0,2250125
infiltratingductalcarcinoma,220,0.67430441898527,L-Concrete,linear,0.0011,0.0,2250126
infiltratinglobularcarcinoma,60,0.6878306878306878,L-Concrete,linear,0.0011,0.0,2250126
other,23,0.5135135135135135,L-Concrete,linear,0.0011,0.0,2250126
infiltratingductalcarcinoma,220,0.6019639934533552,L-Concrete,linear,0.0011,0.0,2250127
infiltratinglobularcarcinoma,60,0.6031746031746031,L-Concrete,linear,0.0011,0.0,2250127
other,23,0.5135135135135135,L-Concrete,linear,0.0011,0.0,2250127
infiltratingductalcarcinoma,220,0.6274959083469722,L-Concrete,linear,0.00165,0.0,2260123
infiltratinglobularcarcinoma,60,0.6402116402116402,L-Concrete,linear,0.00165,0.0,2260123
other,23,0.4594594594594595,L-Concrete,linear,0.00165,0.0,2260123
infiltratingductalcarcinoma,220,0.5934533551554828,L-Concrete,linear,0.00165,0.0,2260124
infiltratinglobularcarcinoma,60,0.6031746031746031,L-Concrete,linear,0.00165,0.0,2260124
other,23,0.5675675675675675,L-Concrete,linear,0.00165,0.0,2260124
infiltratingductalcarcinoma,220,0.628150572831424,L-Concrete,linear,0.00165,0.0,2260125
infiltratinglobularcarcinoma,60,0.5291005291005291,L-Concrete,linear,0.00165,0.0,2260125
other,23,0.5945945945945946,L-Concrete,linear,0.00165,0.0,2260125
infiltratingductalcarcinoma,220,0.6088379705400983,L-Concrete,linear,0.00165,0.0,2260126
infiltratinglobularcarcinoma,60,0.5978835978835979,L-Concrete,linear,0.00165,0.0,2260126
other,23,0.7027027027027027,L-Concrete,linear,0.00165,0.0,2260126
infiltratingductalcarcinoma,220,0.6828150572831424,L-Concrete,linear,0.00165,0.0,2260127
infiltratinglobularcarcinoma,60,0.5396825396825397,L-Concrete,linear,0.00165,0.0,2260127
other,23,0.4324324324324324,L-Concrete,linear,0.00165,0.0,2260127
infiltratingductalcarcinoma,220,0.6490998363338789,L-Concrete,linear,0.0022,0.0,2270123
infiltratinglobularcarcinoma,60,0.5661375661375662,L-Concrete,linear,0.0022,0.0,2270123
other,23,0.5405405405405406,L-Concrete,linear,0.0022,0.0,2270123
infiltratingductalcarcinoma,220,0.6016366612111292,L-Concrete,linear,0.0022,0.0,2270124
infiltratinglobularcarcinoma,60,0.5714285714285714,L-Concrete,linear,0.0022,0.0,2270124
other,23,0.5675675675675675,L-Concrete,linear,0.0022,0.0,2270124
infiltratingductalcarcinoma,220,0.6,L-Concrete,linear,0.0022,0.0,2270125
infiltratinglobularcarcinoma,60,0.6402116402116402,L-Concrete,linear,0.0022,0.0,2270125
other,23,0.5675675675675675,L-Concrete,linear,0.0022,0.0,2270125
infiltratingductalcarcinoma,220,0.63240589198036,L-Concrete,linear,0.0022,0.0,2270126
infiltratinglobularcarcinoma,60,0.5396825396825397,L-Concrete,linear,0.0022,0.0,2270126
other,23,0.5405405405405406,L-Concrete,linear,0.0022,0.0,2270126
infiltratingductalcarcinoma,220,0.5725040916530278,L-Concrete,linear,0.0022,0.0,2270127
infiltratinglobularcarcinoma,60,0.5714285714285714,L-Concrete,linear,0.0022,0.0,2270127
other,23,0.5945945945945946,L-Concrete,linear,0.0022,0.0,2270127
infiltratingductalcarcinoma,220,0.5656301145662848,L-Concrete,linear,0.00275,0.0,2280123
infiltratinglobularcarcinoma,60,0.6031746031746031,L-Concrete,linear,0.00275,0.0,2280123
other,23,0.5675675675675675,L-Concrete,linear,0.00275,0.0,2280123
infiltratingductalcarcinoma,220,0.658265139116203,L-Concrete,linear,0.00275,0.0,2280124
infiltratinglobularcarcinoma,60,0.6296296296296297,L-Concrete,linear,0.00275,0.0,2280124
other,23,0.5135135135135135,L-Concrete,linear,0.00275,0.0,2280124
infiltratingductalcarcinoma,220,0.6497545008183306,L-Concrete,linear,0.00275,0.0,2280125
infiltratinglobularcarcinoma,60,0.656084656084656,L-Concrete,linear,0.00275,0.0,2280125
other,23,0.4864864864864865,L-Concrete,linear,0.00275,0.0,2280125
infiltratingductalcarcinoma,220,0.6425531914893617,L-Concrete,linear,0.00275,0.0,2280126
infiltratinglobularcarcinoma,60,0.6666666666666666,L-Concrete,linear,0.00275,0.0,2280126
other,23,0.4864864864864865,L-Concrete,linear,0.00275,0.0,2280126
infiltratingductalcarcinoma,220,0.6409165302782324,L-Concrete,linear,0.00275,0.0,2280127
infiltratinglobularcarcinoma,60,0.6137566137566137,L-Concrete,linear,0.00275,0.0,2280127
other,23,0.5675675675675675,L-Concrete,linear,0.00275,0.0,2280127
infiltratingductalcarcinoma,220,0.560392798690671,L-Concrete,linear,0.0033,0.0,2290123
infiltratinglobularcarcinoma,60,0.5608465608465608,L-Concrete,linear,0.0033,0.0,2290123
other,23,0.5675675675675675,L-Concrete,linear,0.0033,0.0,2290123
infiltratingductalcarcinoma,220,0.5263502454991816,L-Concrete,linear,0.0033,0.0,2290124
infiltratinglobularcarcinoma,60,0.4867724867724867,L-Concrete,linear,0.0033,0.0,2290124
other,23,0.5405405405405406,L-Concrete,linear,0.0033,0.0,2290124
infiltratingductalcarcinoma,220,0.6068739770867431,L-Concrete,linear,0.0033,0.0,2290125
infiltratinglobularcarcinoma,60,0.6084656084656085,L-Concrete,linear,0.0033,0.0,2290125
other,23,0.5675675675675675,L-Concrete,linear,0.0033,0.0,2290125
infiltratingductalcarcinoma,220,0.5839607201309329,L-Concrete,linear,0.0033,0.0,2290126
infiltratinglobularcarcinoma,60,0.5925925925925926,L-Concrete,linear,0.0033,0.0,2290126
other,23,0.6486486486486487,L-Concrete,linear,0.0033,0.0,2290126
infiltratingductalcarcinoma,220,0.6736497545008183,L-Concrete,linear,0.0033,0.0,2290127
infiltratinglobularcarcinoma,60,0.582010582010582,L-Concrete,linear,0.0033,0.0,2290127
other,23,0.5675675675675675,L-Concrete,linear,0.0033,0.0,2290127
infiltratingductalcarcinoma,220,0.6373158756137479,L-Concrete,linear,0.0044,0.0,2300123
infiltratinglobularcarcinoma,60,0.4973544973544973,L-Concrete,linear,0.0044,0.0,2300123
other,23,0.5405405405405406,L-Concrete,linear,0.0044,0.0,2300123
infiltratingductalcarcinoma,220,0.564975450081833,L-Concrete,linear,0.0044,0.0,2300124
infiltratinglobularcarcinoma,60,0.5502645502645502,L-Concrete,linear,0.0044,0.0,2300124
other,23,0.5405405405405406,L-Concrete,linear,0.0044,0.0,2300124
infiltratingductalcarcinoma,220,0.5947626841243863,L-Concrete,linear,0.0044,0.0,2300125
infiltratinglobularcarcinoma,60,0.4867724867724867,L-Concrete,linear,0.0044,0.0,2300125
other,23,0.6486486486486487,L-Concrete,linear,0.0044,0.0,2300125
infiltratingductalcarcinoma,220,0.5905073649754501,L-Concrete,linear,0.0044,0.0,2300126
infiltratinglobularcarcinoma,60,0.7301587301587301,L-Concrete,linear,0.0044,0.0,2300126
other,23,0.4594594594594595,L-Concrete,linear,0.0044,0.0,2300126
infiltratingductalcarcinoma,220,0.6078559738134206,L-Concrete,linear,0.0044,0.0,2300127
infiltratinglobularcarcinoma,60,0.5026455026455027,L-Concrete,linear,0.0044,0.0,2300127
other,23,0.4324324324324324,L-Concrete,linear,0.0044,0.0,2300127
infiltratingductalcarcinoma,220,0.5587561374795418,L-Concrete,linear,0.0055,0.0,2310123
infiltratinglobularcarcinoma,60,0.708994708994709,L-Concrete,linear,0.0055,0.0,2310123
other,23,0.5405405405405406,L-Concrete,linear,0.0055,0.0,2310123
infiltratingductalcarcinoma,220,0.5980360065466448,L-Concrete,linear,0.0055,0.0,2310124
infiltratinglobularcarcinoma,60,0.5185185185185185,L-Concrete,linear,0.0055,0.0,2310124
other,23,0.4864864864864865,L-Concrete,linear,0.0055,0.0,2310124
infiltratingductalcarcinoma,220,0.5842880523731587,L-Concrete,linear,0.0055,0.0,2310125
infiltratinglobularcarcinoma,60,0.5132275132275133,L-Concrete,linear,0.0055,0.0,2310125
other,23,0.5135135135135135,L-Concrete,linear,0.0055,0.0,2310125
infiltratingductalcarcinoma,220,0.5332242225859247,L-Concrete,linear,0.0055,0.0,2310126
infiltratinglobularcarcinoma,60,0.6084656084656085,L-Concrete,linear,0.0055,0.0,2310126
other,23,0.5675675675675675,L-Concrete,linear,0.0055,0.0,2310126
infiltratingductalcarcinoma,220,0.5711947626841244,L-Concrete,linear,0.0055,0.0,2310127
infiltratinglobularcarcinoma,60,0.5555555555555556,L-Concrete,linear,0.0055,0.0,2310127
other,23,0.6756756756756757,L-Concrete,linear,0.0055,0.0,2310127
infiltratingductalcarcinoma,220,0.5957446808510638,L-Concrete,linear,0.0066,0.0,2320123
infiltratinglobularcarcinoma,60,0.5291005291005291,L-Concrete,linear,0.0066,0.0,2320123
other,23,0.5135135135135135,L-Concrete,linear,0.0066,0.0,2320123
infiltratingductalcarcinoma,220,0.5751227495908346,L-Concrete,linear,0.0066,0.0,2320124
infiltratinglobularcarcinoma,60,0.4867724867724867,L-Concrete,linear,0.0066,0.0,2320124
other,23,0.4864864864864865,L-Concrete,linear,0.0066,0.0,2320124
infiltratingductalcarcinoma,220,0.6189852700490999,L-Concrete,linear,0.0066,0.0,2320125
infiltratinglobularcarcinoma,60,0.5132275132275133,L-Concrete,linear,0.0066,0.0,2320125
other,23,0.5945945945945946,L-Concrete,linear,0.0066,0.0,2320125
infiltratingductalcarcinoma,220,0.6108019639934533,L-Concrete,linear,0.0066,0.0,2320126
infiltratinglobularcarcinoma,60,0.5555555555555556,L-Concrete,linear,0.0066,0.0,2320126
other,23,0.5135135135135135,L-Concrete,linear,0.0066,0.0,2320126
infiltratingductalcarcinoma,220,0.6196399345335516,L-Concrete,linear,0.0066,0.0,2320127
infiltratinglobularcarcinoma,60,0.5396825396825397,L-Concrete,linear,0.0066,0.0,2320127
other,23,0.4594594594594595,L-Concrete,linear,0.0066,0.0,2320127
infiltratingductalcarcinoma,220,0.6926350245499182,L-Concrete,linear,0.0011,0.1,2330123
infiltratinglobularcarcinoma,60,0.6455026455026455,L-Concrete,linear,0.0011,0.1,2330123
other,23,0.5945945945945946,L-Concrete,linear,0.0011,0.1,2330123
infiltratingductalcarcinoma,220,0.6504091653027824,L-Concrete,linear,0.0011,0.1,2330124
infiltratinglobularcarcinoma,60,0.6349206349206349,L-Concrete,linear,0.0011,0.1,2330124
other,23,0.5135135135135135,L-Concrete,linear,0.0011,0.1,2330124
infiltratingductalcarcinoma,220,0.6428805237315875,L-Concrete,linear,0.0011,0.1,2330125
infiltratinglobularcarcinoma,60,0.6666666666666666,L-Concrete,linear,0.0011,0.1,2330125
other,23,0.5405405405405406,L-Concrete,linear,0.0011,0.1,2330125
infiltratingductalcarcinoma,220,0.7220949263502455,L-Concrete,linear,0.0011,0.1,2330126
infiltratinglobularcarcinoma,60,0.5767195767195767,L-Concrete,linear,0.0011,0.1,2330126
other,23,0.5405405405405406,L-Concrete,linear,0.0011,0.1,2330126
infiltratingductalcarcinoma,220,0.6644844517184942,L-Concrete,linear,0.0011,0.1,2330127
infiltratinglobularcarcinoma,60,0.6613756613756614,L-Concrete,linear,0.0011,0.1,2330127
other,23,0.5945945945945946,L-Concrete,linear,0.0011,0.1,2330127
infiltratingductalcarcinoma,220,0.6353518821603928,L-Concrete,linear,0.00165,0.1,2340123
infiltratinglobularcarcinoma,60,0.5343915343915344,L-Concrete,linear,0.00165,0.1,2340123
other,23,0.5675675675675675,L-Concrete,linear,0.00165,0.1,2340123
infiltratingductalcarcinoma,220,0.6919803600654665,L-Concrete,linear,0.00165,0.1,2340124
infiltratinglobularcarcinoma,60,0.6349206349206349,L-Concrete,linear,0.00165,0.1,2340124
other,23,0.5675675675675675,L-Concrete,linear,0.00165,0.1,2340124
infiltratingductalcarcinoma,220,0.6451718494271685,L-Concrete,linear,0.00165,0.1,2340125
infiltratinglobularcarcinoma,60,0.5185185185185185,L-Concrete,linear,0.00165,0.1,2340125
other,23,0.5405405405405406,L-Concrete,linear,0.00165,0.1,2340125
infiltratingductalcarcinoma,220,0.6615384615384615,L-Concrete,linear,0.00165,0.1,2340126
infiltratinglobularcarcinoma,60,0.5873015873015873,L-Concrete,linear,0.00165,0.1,2340126
other,23,0.6216216216216216,L-Concrete,linear,0.00165,0.1,2340126
infiltratingductalcarcinoma,220,0.6608837970540098,L-Concrete,linear,0.00165,0.1,2340127
infiltratinglobularcarcinoma,60,0.5343915343915344,L-Concrete,linear,0.00165,0.1,2340127
other,23,0.5135135135135135,L-Concrete,linear,0.00165,0.1,2340127
infiltratingductalcarcinoma,220,0.6523731587561374,L-Concrete,linear,0.0022,0.1,2350123
infiltratinglobularcarcinoma,60,0.5714285714285714,L-Concrete,linear,0.0022,0.1,2350123
other,23,0.5675675675675675,L-Concrete,linear,0.0022,0.1,2350123
infiltratingductalcarcinoma,220,0.6432078559738135,L-Concrete,linear,0.0022,0.1,2350124
infiltratinglobularcarcinoma,60,0.5396825396825397,L-Concrete,linear,0.0022,0.1,2350124
other,23,0.5405405405405406,L-Concrete,linear,0.0022,0.1,2350124
infiltratingductalcarcinoma,220,0.6445171849427168,L-Concrete,linear,0.0022,0.1,2350125
infiltratinglobularcarcinoma,60,0.4867724867724867,L-Concrete,linear,0.0022,0.1,2350125
other,23,0.5945945945945946,L-Concrete,linear,0.0022,0.1,2350125
infiltratingductalcarcinoma,220,0.6710310965630114,L-Concrete,linear,0.0022,0.1,2350126
infiltratinglobularcarcinoma,60,0.6243386243386243,L-Concrete,linear,0.0022,0.1,2350126
other,23,0.5405405405405406,L-Concrete,linear,0.0022,0.1,2350126
infiltratingductalcarcinoma,220,0.662847790507365,L-Concrete,linear,0.0022,0.1,2350127
infiltratinglobularcarcinoma,60,0.6402116402116402,L-Concrete,linear,0.0022,0.1,2350127
other,23,0.6486486486486487,L-Concrete,linear,0.0022,0.1,2350127
infiltratingductalcarcinoma,220,0.711620294599018,L-Concrete,linear,0.00275,0.1,2360123
infiltratinglobularcarcinoma,60,0.5925925925925926,L-Concrete,linear,0.00275,0.1,2360123
other,23,0.5135135135135135,L-Concrete,linear,0.00275,0.1,2360123
infiltratingductalcarcinoma,220,0.6216039279869067,L-Concrete,linear,0.00275,0.1,2360124
infiltratinglobularcarcinoma,60,0.6402116402116402,L-Concrete,linear,0.00275,0.1,2360124
other,23,0.4594594594594595,L-Concrete,linear,0.00275,0.1,2360124
infiltratingductalcarcinoma,220,0.597708674304419,L-Concrete,linear,0.00275,0.1,2360125
infiltratinglobularcarcinoma,60,0.6455026455026455,L-Concrete,linear,0.00275,0.1,2360125
other,23,0.4594594594594595,L-Concrete,linear,0.00275,0.1,2360125
infiltratingductalcarcinoma,220,0.7044189852700491,L-Concrete,linear,0.00275,0.1,2360126
infiltratinglobularcarcinoma,60,0.6349206349206349,L-Concrete,linear,0.00275,0.1,2360126
other,23,0.5135135135135135,L-Concrete,linear,0.00275,0.1,2360126
infiltratingductalcarcinoma,220,0.6592471358428805,L-Concrete,linear,0.00275,0.1,2360127
infiltratinglobularcarcinoma,60,0.6825396825396826,L-Concrete,linear,0.00275,0.1,2360127
other,23,0.5945945945945946,L-Concrete,linear,0.00275,0.1,2360127
infiltratingductalcarcinoma,220,0.6180032733224222,L-Concrete,linear,0.0033,0.1,2370123
infiltratinglobularcarcinoma,60,0.6296296296296297,L-Concrete,linear,0.0033,0.1,2370123
other,23,0.5405405405405406,L-Concrete,linear,0.0033,0.1,2370123
infiltratingductalcarcinoma,220,0.6124386252045827,L-Concrete,linear,0.0033,0.1,2370124
infiltratinglobularcarcinoma,60,0.708994708994709,L-Concrete,linear,0.0033,0.1,2370124
other,23,0.4864864864864865,L-Concrete,linear,0.0033,0.1,2370124
infiltratingductalcarcinoma,220,0.5960720130932897,L-Concrete,linear,0.0033,0.1,2370125
infiltratinglobularcarcinoma,60,0.6455026455026455,L-Concrete,linear,0.0033,0.1,2370125
other,23,0.5135135135135135,L-Concrete,linear,0.0033,0.1,2370125
infiltratingductalcarcinoma,220,0.6147299509001637,L-Concrete,linear,0.0033,0.1,2370126
infiltratinglobularcarcinoma,60,0.4761904761904761,L-Concrete,linear,0.0033,0.1,2370126
other,23,0.5135135135135135,L-Concrete,linear,0.0033,0.1,2370126
infiltratingductalcarcinoma,220,0.6680851063829787,L-Concrete,linear,0.0033,0.1,2370127
infiltratinglobularcarcinoma,60,0.6402116402116402,L-Concrete,linear,0.0033,0.1,2370127
other,23,0.5405405405405406,L-Concrete,linear,0.0033,0.1,2370127
infiltratingductalcarcinoma,220,0.5927986906710311,L-Concrete,linear,0.0044,0.1,2380123
infiltratinglobularcarcinoma,60,0.544973544973545,L-Concrete,linear,0.0044,0.1,2380123
other,23,0.5675675675675675,L-Concrete,linear,0.0044,0.1,2380123
infiltratingductalcarcinoma,220,0.5351882160392799,L-Concrete,linear,0.0044,0.1,2380124
infiltratinglobularcarcinoma,60,0.4656084656084656,L-Concrete,linear,0.0044,0.1,2380124
other,23,0.5675675675675675,L-Concrete,linear,0.0044,0.1,2380124
infiltratingductalcarcinoma,220,0.564975450081833,L-Concrete,linear,0.0044,0.1,2380125
infiltratinglobularcarcinoma,60,0.4867724867724867,L-Concrete,linear,0.0044,0.1,2380125
other,23,0.4594594594594595,L-Concrete,linear,0.0044,0.1,2380125
infiltratingductalcarcinoma,220,0.5309328968903437,L-Concrete,linear,0.0044,0.1,2380126
infiltratinglobularcarcinoma,60,0.582010582010582,L-Concrete,linear,0.0044,0.1,2380126
other,23,0.4864864864864865,L-Concrete,linear,0.0044,0.1,2380126
infiltratingductalcarcinoma,220,0.5823240589198037,L-Concrete,linear,0.0044,0.1,2380127
infiltratinglobularcarcinoma,60,0.5978835978835979,L-Concrete,linear,0.0044,0.1,2380127
other,23,0.4594594594594595,L-Concrete,linear,0.0044,0.1,2380127
infiltratingductalcarcinoma,220,0.6330605564648117,L-Concrete,linear,0.0055,0.1,2390123
infiltratinglobularcarcinoma,60,0.4761904761904761,L-Concrete,linear,0.0055,0.1,2390123
other,23,0.5135135135135135,L-Concrete,linear,0.0055,0.1,2390123
infiltratingductalcarcinoma,220,0.627823240589198,L-Concrete,linear,0.0055,0.1,2390124
infiltratinglobularcarcinoma,60,0.6296296296296297,L-Concrete,linear,0.0055,0.1,2390124
other,23,0.5945945945945946,L-Concrete,linear,0.0055,0.1,2390124
infiltratingductalcarcinoma,220,0.6062193126022913,L-Concrete,linear,0.0055,0.1,2390125
infiltratinglobularcarcinoma,60,0.5343915343915344,L-Concrete,linear,0.0055,0.1,2390125
other,23,0.5405405405405406,L-Concrete,linear,0.0055,0.1,2390125
infiltratingductalcarcinoma,220,0.5567921440261866,L-Concrete,linear,0.0055,0.1,2390126
infiltratinglobularcarcinoma,60,0.4708994708994709,L-Concrete,linear,0.0055,0.1,2390126
other,23,0.5405405405405406,L-Concrete,linear,0.0055,0.1,2390126
infiltratingductalcarcinoma,220,0.6094926350245499,L-Concrete,linear,0.0055,0.1,2390127
infiltratinglobularcarcinoma,60,0.5555555555555556,L-Concrete,linear,0.0055,0.1,2390127
other,23,0.4864864864864865,L-Concrete,linear,0.0055,0.1,2390127
infiltratingductalcarcinoma,220,0.6527004909983634,L-Concrete,linear,0.0066,0.1,2400123
infiltratinglobularcarcinoma,60,0.5767195767195767,L-Concrete,linear,0.0066,0.1,2400123
other,23,0.4594594594594595,L-Concrete,linear,0.0066,0.1,2400123
infiltratingductalcarcinoma,220,0.6373158756137479,L-Concrete,linear,0.0066,0.1,2400124
infiltratinglobularcarcinoma,60,0.6190476190476191,L-Concrete,linear,0.0066,0.1,2400124
other,23,0.5405405405405406,L-Concrete,linear,0.0066,0.1,2400124
infiltratingductalcarcinoma,220,0.6052373158756138,L-Concrete,linear,0.0066,0.1,2400125
infiltratinglobularcarcinoma,60,0.492063492063492,L-Concrete,linear,0.0066,0.1,2400125
other,23,0.7297297297297297,L-Concrete,linear,0.0066,0.1,2400125
infiltratingductalcarcinoma,220,0.6088379705400983,L-Concrete,linear,0.0066,0.1,2400126
infiltratinglobularcarcinoma,60,0.6507936507936508,L-Concrete,linear,0.0066,0.1,2400126
other,23,0.4324324324324324,L-Concrete,linear,0.0066,0.1,2400126
infiltratingductalcarcinoma,220,0.5594108019639934,L-Concrete,linear,0.0066,0.1,2400127
infiltratinglobularcarcinoma,60,0.5714285714285714,L-Concrete,linear,0.0066,0.1,2400127
other,23,0.5405405405405406,L-Concrete,linear,0.0066,0.1,2400127
infiltratingductalcarcinoma,220,0.6507364975450082,L-Concrete,linear,0.0011,0.2,2410123
infiltratinglobularcarcinoma,60,0.656084656084656,L-Concrete,linear,0.0011,0.2,2410123
other,23,0.5945945945945946,L-Concrete,linear,0.0011,0.2,2410123
infiltratingductalcarcinoma,220,0.6579378068739771,L-Concrete,linear,0.0011,0.2,2410124
infiltratinglobularcarcinoma,60,0.5291005291005291,L-Concrete,linear,0.0011,0.2,2410124
other,23,0.5675675675675675,L-Concrete,linear,0.0011,0.2,2410124
infiltratingductalcarcinoma,220,0.6949263502454992,L-Concrete,linear,0.0011,0.2,2410125
infiltratinglobularcarcinoma,60,0.6402116402116402,L-Concrete,linear,0.0011,0.2,2410125
other,23,0.5405405405405406,L-Concrete,linear,0.0011,0.2,2410125
infiltratingductalcarcinoma,220,0.6949263502454992,L-Concrete,linear,0.0011,0.2,2410126
infiltratinglobularcarcinoma,60,0.4708994708994709,L-Concrete,linear,0.0011,0.2,2410126
other,23,0.5135135135135135,L-Concrete,linear,0.0011,0.2,2410126
infiltratingductalcarcinoma,220,0.6654664484451719,L-Concrete,linear,0.0011,0.2,2410127
infiltratinglobularcarcinoma,60,0.6296296296296297,L-Concrete,linear,0.0011,0.2,2410127
other,23,0.5405405405405406,L-Concrete,linear,0.0011,0.2,2410127
infiltratingductalcarcinoma,220,0.6592471358428805,L-Concrete,linear,0.00165,0.2,2420123
infiltratinglobularcarcinoma,60,0.6296296296296297,L-Concrete,linear,0.00165,0.2,2420123
other,23,0.5405405405405406,L-Concrete,linear,0.00165,0.2,2420123
infiltratingductalcarcinoma,220,0.678887070376432,L-Concrete,linear,0.00165,0.2,2420124
infiltratinglobularcarcinoma,60,0.5925925925925926,L-Concrete,linear,0.00165,0.2,2420124
other,23,0.5945945945945946,L-Concrete,linear,0.00165,0.2,2420124
infiltratingductalcarcinoma,220,0.6677577741407529,L-Concrete,linear,0.00165,0.2,2420125
infiltratinglobularcarcinoma,60,0.582010582010582,L-Concrete,linear,0.00165,0.2,2420125
other,23,0.6216216216216216,L-Concrete,linear,0.00165,0.2,2420125
infiltratingductalcarcinoma,220,0.6458265139116203,L-Concrete,linear,0.00165,0.2,2420126
infiltratinglobularcarcinoma,60,0.5343915343915344,L-Concrete,linear,0.00165,0.2,2420126
other,23,0.5945945945945946,L-Concrete,linear,0.00165,0.2,2420126
infiltratingductalcarcinoma,220,0.6533551554828151,L-Concrete,linear,0.00165,0.2,2420127
infiltratinglobularcarcinoma,60,0.5873015873015873,L-Concrete,linear,0.00165,0.2,2420127
other,23,0.5135135135135135,L-Concrete,linear,0.00165,0.2,2420127
infiltratingductalcarcinoma,220,0.625531914893617,L-Concrete,linear,0.0022,0.2,2430123
infiltratinglobularcarcinoma,60,0.5396825396825397,L-Concrete,linear,0.0022,0.2,2430123
other,23,0.5405405405405406,L-Concrete,linear,0.0022,0.2,2430123
infiltratingductalcarcinoma,220,0.6736497545008183,L-Concrete,linear,0.0022,0.2,2430124
infiltratinglobularcarcinoma,60,0.6031746031746031,L-Concrete,linear,0.0022,0.2,2430124
other,23,0.6216216216216216,L-Concrete,linear,0.0022,0.2,2430124
infiltratingductalcarcinoma,220,0.6618657937806874,L-Concrete,linear,0.0022,0.2,2430125
infiltratinglobularcarcinoma,60,0.4973544973544973,L-Concrete,linear,0.0022,0.2,2430125
other,23,0.4864864864864865,L-Concrete,linear,0.0022,0.2,2430125
infiltratingductalcarcinoma,220,0.6981996726677577,L-Concrete,linear,0.0022,0.2,2430126
infiltratinglobularcarcinoma,60,0.4761904761904761,L-Concrete,linear,0.0022,0.2,2430126
other,23,0.6486486486486487,L-Concrete,linear,0.0022,0.2,2430126
infiltratingductalcarcinoma,220,0.660556464811784,L-Concrete,linear,0.0022,0.2,2430127
infiltratinglobularcarcinoma,60,0.4867724867724867,L-Concrete,linear,0.0022,0.2,2430127
other,23,0.6216216216216216,L-Concrete,linear,0.0022,0.2,2430127
infiltratingductalcarcinoma,220,0.6166939443535189,L-Concrete,linear,0.00275,0.2,2440123
infiltratinglobularcarcinoma,60,0.6084656084656085,L-Concrete,linear,0.00275,0.2,2440123
other,23,0.4864864864864865,L-Concrete,linear,0.00275,0.2,2440123
infiltratingductalcarcinoma,220,0.64189852700491,L-Concrete,linear,0.00275,0.2,2440124
infiltratinglobularcarcinoma,60,0.582010582010582,L-Concrete,linear,0.00275,0.2,2440124
other,23,0.5675675675675675,L-Concrete,linear,0.00275,0.2,2440124
infiltratingductalcarcinoma,220,0.6497545008183306,L-Concrete,linear,0.00275,0.2,2440125
infiltratinglobularcarcinoma,60,0.6137566137566137,L-Concrete,linear,0.00275,0.2,2440125
other,23,0.6486486486486487,L-Concrete,linear,0.00275,0.2,2440125
infiltratingductalcarcinoma,220,0.6265139116202946,L-Concrete,linear,0.00275,0.2,2440126
infiltratinglobularcarcinoma,60,0.5873015873015873,L-Concrete,linear,0.00275,0.2,2440126
other,23,0.5135135135135135,L-Concrete,linear,0.00275,0.2,2440126
infiltratingductalcarcinoma,220,0.6621931260229132,L-Concrete,linear,0.00275,0.2,2440127
infiltratinglobularcarcinoma,60,0.4338624338624338,L-Concrete,linear,0.00275,0.2,2440127
other,23,0.5405405405405406,L-Concrete,linear,0.00275,0.2,2440127
infiltratingductalcarcinoma,220,0.6556464811783961,L-Concrete,linear,0.0033,0.2,2450123
infiltratinglobularcarcinoma,60,0.5714285714285714,L-Concrete,linear,0.0033,0.2,2450123
other,23,0.5135135135135135,L-Concrete,linear,0.0033,0.2,2450123
infiltratingductalcarcinoma,220,0.6379705400981996,L-Concrete,linear,0.0033,0.2,2450124
infiltratinglobularcarcinoma,60,0.544973544973545,L-Concrete,linear,0.0033,0.2,2450124
other,23,0.5405405405405406,L-Concrete,linear,0.0033,0.2,2450124
infiltratingductalcarcinoma,220,0.6013093289689034,L-Concrete,linear,0.0033,0.2,2450125
infiltratinglobularcarcinoma,60,0.4867724867724867,L-Concrete,linear,0.0033,0.2,2450125
other,23,0.5135135135135135,L-Concrete,linear,0.0033,0.2,2450125
infiltratingductalcarcinoma,220,0.6752864157119476,L-Concrete,linear,0.0033,0.2,2450126
infiltratinglobularcarcinoma,60,0.5873015873015873,L-Concrete,linear,0.0033,0.2,2450126
other,23,0.5135135135135135,L-Concrete,linear,0.0033,0.2,2450126
infiltratingductalcarcinoma,220,0.5852700490998364,L-Concrete,linear,0.0033,0.2,2450127
infiltratinglobularcarcinoma,60,0.5079365079365079,L-Concrete,linear,0.0033,0.2,2450127
other,23,0.5135135135135135,L-Concrete,linear,0.0033,0.2,2450127
infiltratingductalcarcinoma,220,0.6435351882160393,L-Concrete,linear,0.0044,0.2,2460123
infiltratinglobularcarcinoma,60,0.5555555555555556,L-Concrete,linear,0.0044,0.2,2460123
other,23,0.5135135135135135,L-Concrete,linear,0.0044,0.2,2460123
infiltratingductalcarcinoma,220,0.6890343698854338,L-Concrete,linear,0.0044,0.2,2460124
infiltratinglobularcarcinoma,60,0.5291005291005291,L-Concrete,linear,0.0044,0.2,2460124
other,23,0.4864864864864865,L-Concrete,linear,0.0044,0.2,2460124
infiltratingductalcarcinoma,220,0.6252045826513911,L-Concrete,linear,0.0044,0.2,2460125
infiltratinglobularcarcinoma,60,0.5925925925925926,L-Concrete,linear,0.0044,0.2,2460125
other,23,0.5135135135135135,L-Concrete,linear,0.0044,0.2,2460125
infiltratingductalcarcinoma,220,0.5459901800327333,L-Concrete,linear,0.0044,0.2,2460126
infiltratinglobularcarcinoma,60,0.4338624338624338,L-Concrete,linear,0.0044,0.2,2460126
other,23,0.5135135135135135,L-Concrete,linear,0.0044,0.2,2460126
infiltratingductalcarcinoma,220,0.6864157119476268,L-Concrete,linear,0.0044,0.2,2460127
infiltratinglobularcarcinoma,60,0.6507936507936508,L-Concrete,linear,0.0044,0.2,2460127
other,23,0.5405405405405406,L-Concrete,linear,0.0044,0.2,2460127
infiltratingductalcarcinoma,220,0.6003273322422259,L-Concrete,linear,0.0055,0.2,2470123
infiltratinglobularcarcinoma,60,0.5238095238095238,L-Concrete,linear,0.0055,0.2,2470123
other,23,0.5675675675675675,L-Concrete,linear,0.0055,0.2,2470123
infiltratingductalcarcinoma,220,0.6454991816693945,L-Concrete,linear,0.0055,0.2,2470124
infiltratinglobularcarcinoma,60,0.4179894179894179,L-Concrete,linear,0.0055,0.2,2470124
other,23,0.5135135135135135,L-Concrete,linear,0.0055,0.2,2470124
infiltratingductalcarcinoma,220,0.627823240589198,L-Concrete,linear,0.0055,0.2,2470125
infiltratinglobularcarcinoma,60,0.4338624338624338,L-Concrete,linear,0.0055,0.2,2470125
other,23,0.5945945945945946,L-Concrete,linear,0.0055,0.2,2470125
infiltratingductalcarcinoma,220,0.5793780687397708,L-Concrete,linear,0.0055,0.2,2470126
infiltratinglobularcarcinoma,60,0.4603174603174603,L-Concrete,linear,0.0055,0.2,2470126
other,23,0.5945945945945946,L-Concrete,linear,0.0055,0.2,2470126
infiltratingductalcarcinoma,220,0.6307692307692307,L-Concrete,linear,0.0055,0.2,2470127
infiltratinglobularcarcinoma,60,0.582010582010582,L-Concrete,linear,0.0055,0.2,2470127
other,23,0.4864864864864865,L-Concrete,linear,0.0055,0.2,2470127
infiltratingductalcarcinoma,220,0.5996726677577742,L-Concrete,linear,0.0066,0.2,2480123
infiltratinglobularcarcinoma,60,0.5978835978835979,L-Concrete,linear,0.0066,0.2,2480123
other,23,0.5945945945945946,L-Concrete,linear,0.0066,0.2,2480123
infiltratingductalcarcinoma,220,0.6432078559738135,L-Concrete,linear,0.0066,0.2,2480124
infiltratinglobularcarcinoma,60,0.5873015873015873,L-Concrete,linear,0.0066,0.2,2480124
other,23,0.4594594594594595,L-Concrete,linear,0.0066,0.2,2480124
infiltratingductalcarcinoma,220,0.5417348608837971,L-Concrete,linear,0.0066,0.2,2480125
infiltratinglobularcarcinoma,60,0.8253968253968254,L-Concrete,linear,0.0066,0.2,2480125
other,23,0.4324324324324324,L-Concrete,linear,0.0066,0.2,2480125
infiltratingductalcarcinoma,220,0.6284779050736498,L-Concrete,linear,0.0066,0.2,2480126
infiltratinglobularcarcinoma,60,0.6296296296296297,L-Concrete,linear,0.0066,0.2,2480126
other,23,0.5405405405405406,L-Concrete,linear,0.0066,0.2,2480126
infiltratingductalcarcinoma,220,0.6265139116202946,L-Concrete,linear,0.0066,0.2,2480127
infiltratinglobularcarcinoma,60,0.6931216931216931,L-Concrete,linear,0.0066,0.2,2480127
other,23,0.4594594594594595,L-Concrete,linear,0.0066,0.2,2480127
infiltratingductalcarcinoma,220,0.7207855973813421,L-Concrete,linear,0.0011,0.4,2490123
infiltratinglobularcarcinoma,60,0.4444444444444444,L-Concrete,linear,0.0011,0.4,2490123
other,23,0.5945945945945946,L-Concrete,linear,0.0011,0.4,2490123
infiltratingductalcarcinoma,220,0.6887070376432078,L-Concrete,linear,0.0011,0.4,2490124
infiltratinglobularcarcinoma,60,0.4973544973544973,L-Concrete,linear,0.0011,0.4,2490124
other,23,0.6486486486486487,L-Concrete,linear,0.0011,0.4,2490124
infiltratingductalcarcinoma,220,0.6703764320785598,L-Concrete,linear,0.0011,0.4,2490125
infiltratinglobularcarcinoma,60,0.5343915343915344,L-Concrete,linear,0.0011,0.4,2490125
other,23,0.5675675675675675,L-Concrete,linear,0.0011,0.4,2490125
infiltratingductalcarcinoma,220,0.6798690671031097,L-Concrete,linear,0.0011,0.4,2490126
infiltratinglobularcarcinoma,60,0.5767195767195767,L-Concrete,linear,0.0011,0.4,2490126
other,23,0.5675675675675675,L-Concrete,linear,0.0011,0.4,2490126
infiltratingductalcarcinoma,220,0.6625204582651392,L-Concrete,linear,0.0011,0.4,2490127
infiltratinglobularcarcinoma,60,0.5925925925925926,L-Concrete,linear,0.0011,0.4,2490127
other,23,0.5945945945945946,L-Concrete,linear,0.0011,0.4,2490127
infiltratingductalcarcinoma,220,0.6615384615384615,L-Concrete,linear,0.00165,0.4,2500123
infiltratinglobularcarcinoma,60,0.5767195767195767,L-Concrete,linear,0.00165,0.4,2500123
other,23,0.4864864864864865,L-Concrete,linear,0.00165,0.4,2500123
infiltratingductalcarcinoma,220,0.7096563011456628,L-Concrete,linear,0.00165,0.4,2500124
infiltratinglobularcarcinoma,60,0.5079365079365079,L-Concrete,linear,0.00165,0.4,2500124
other,23,0.4864864864864865,L-Concrete,linear,0.00165,0.4,2500124
infiltratingductalcarcinoma,220,0.6445171849427168,L-Concrete,linear,0.00165,0.4,2500125
infiltratinglobularcarcinoma,60,0.6825396825396826,L-Concrete,linear,0.00165,0.4,2500125
other,23,0.5405405405405406,L-Concrete,linear,0.00165,0.4,2500125
infiltratingductalcarcinoma,220,0.6612111292962357,L-Concrete,linear,0.00165,0.4,2500126
infiltratinglobularcarcinoma,60,0.582010582010582,L-Concrete,linear,0.00165,0.4,2500126
other,23,0.5945945945945946,L-Concrete,linear,0.00165,0.4,2500126
infiltratingductalcarcinoma,220,0.6435351882160393,L-Concrete,linear,0.00165,0.4,2500127
infiltratinglobularcarcinoma,60,0.582010582010582,L-Concrete,linear,0.00165,0.4,2500127
other,23,0.4864864864864865,L-Concrete,linear,0.00165,0.4,2500127
infiltratingductalcarcinoma,220,0.630114566284779,L-Concrete,linear,0.0022,0.4,2510123
infiltratinglobularcarcinoma,60,0.5396825396825397,L-Concrete,linear,0.0022,0.4,2510123
other,23,0.5135135135135135,L-Concrete,linear,0.0022,0.4,2510123
infiltratingductalcarcinoma,220,0.6523731587561374,L-Concrete,linear,0.0022,0.4,2510124
infiltratinglobularcarcinoma,60,0.6772486772486772,L-Concrete,linear,0.0022,0.4,2510124
other,23,0.5945945945945946,L-Concrete,linear,0.0022,0.4,2510124
infiltratingductalcarcinoma,220,0.6703764320785598,L-Concrete,linear,0.0022,0.4,2510125
infiltratinglobularcarcinoma,60,0.5714285714285714,L-Concrete,linear,0.0022,0.4,2510125
other,23,0.5675675675675675,L-Concrete,linear,0.0022,0.4,2510125
infiltratingductalcarcinoma,220,0.6153846153846154,L-Concrete,linear,0.0022,0.4,2510126
infiltratinglobularcarcinoma,60,0.6243386243386243,L-Concrete,linear,0.0022,0.4,2510126
other,23,0.5405405405405406,L-Concrete,linear,0.0022,0.4,2510126
infiltratingductalcarcinoma,220,0.6265139116202946,L-Concrete,linear,0.0022,0.4,2510127
infiltratinglobularcarcinoma,60,0.6349206349206349,L-Concrete,linear,0.0022,0.4,2510127
other,23,0.5135135135135135,L-Concrete,linear,0.0022,0.4,2510127
infiltratingductalcarcinoma,220,0.6435351882160393,L-Concrete,linear,0.00275,0.4,2520123
infiltratinglobularcarcinoma,60,0.582010582010582,L-Concrete,linear,0.00275,0.4,2520123
other,23,0.5135135135135135,L-Concrete,linear,0.00275,0.4,2520123
infiltratingductalcarcinoma,220,0.611456628477905,L-Concrete,linear,0.00275,0.4,2520124
infiltratinglobularcarcinoma,60,0.5555555555555556,L-Concrete,linear,0.00275,0.4,2520124
other,23,0.5945945945945946,L-Concrete,linear,0.00275,0.4,2520124
infiltratingductalcarcinoma,220,0.7031096563011456,L-Concrete,linear,0.00275,0.4,2520125
infiltratinglobularcarcinoma,60,0.544973544973545,L-Concrete,linear,0.00275,0.4,2520125
other,23,0.7027027027027027,L-Concrete,linear,0.00275,0.4,2520125
infiltratingductalcarcinoma,220,0.6625204582651392,L-Concrete,linear,0.00275,0.4,2520126
infiltratinglobularcarcinoma,60,0.6243386243386243,L-Concrete,linear,0.00275,0.4,2520126
other,23,0.5405405405405406,L-Concrete,linear,0.00275,0.4,2520126
infiltratingductalcarcinoma,220,0.6932896890343699,L-Concrete,linear,0.00275,0.4,2520127
infiltratinglobularcarcinoma,60,0.4814814814814814,L-Concrete,linear,0.00275,0.4,2520127
other,23,0.6216216216216216,L-Concrete,linear,0.00275,0.4,2520127
infiltratingductalcarcinoma,220,0.639607201309329,L-Concrete,linear,0.0033,0.4,2530123
infiltratinglobularcarcinoma,60,0.6190476190476191,L-Concrete,linear,0.0033,0.4,2530123
other,23,0.5135135135135135,L-Concrete,linear,0.0033,0.4,2530123
infiltratingductalcarcinoma,220,0.6261865793780688,L-Concrete,linear,0.0033,0.4,2530124
infiltratinglobularcarcinoma,60,0.5873015873015873,L-Concrete,linear,0.0033,0.4,2530124
other,23,0.5135135135135135,L-Concrete,linear,0.0033,0.4,2530124
infiltratingductalcarcinoma,220,0.6366612111292962,L-Concrete,linear,0.0033,0.4,2530125
infiltratinglobularcarcinoma,60,0.671957671957672,L-Concrete,linear,0.0033,0.4,2530125
other,23,0.5675675675675675,L-Concrete,linear,0.0033,0.4,2530125
infiltratingductalcarcinoma,220,0.6150572831423895,L-Concrete,linear,0.0033,0.4,2530126
infiltratinglobularcarcinoma,60,0.5502645502645502,L-Concrete,linear,0.0033,0.4,2530126
other,23,0.4864864864864865,L-Concrete,linear,0.0033,0.4,2530126
infiltratingductalcarcinoma,220,0.6147299509001637,L-Concrete,linear,0.0033,0.4,2530127
infiltratinglobularcarcinoma,60,0.5396825396825397,L-Concrete,linear,0.0033,0.4,2530127
other,23,0.5405405405405406,L-Concrete,linear,0.0033,0.4,2530127
infiltratingductalcarcinoma,220,0.6873977086743044,L-Concrete,linear,0.0044,0.4,2540123
infiltratinglobularcarcinoma,60,0.4973544973544973,L-Concrete,linear,0.0044,0.4,2540123
other,23,0.4594594594594595,L-Concrete,linear,0.0044,0.4,2540123
infiltratingductalcarcinoma,220,0.6968903436988544,L-Concrete,linear,0.0044,0.4,2540124
infiltratinglobularcarcinoma,60,0.6931216931216931,L-Concrete,linear,0.0044,0.4,2540124
other,23,0.4864864864864865,L-Concrete,linear,0.0044,0.4,2540124
infiltratingductalcarcinoma,220,0.6350245499181669,L-Concrete,linear,0.0044,0.4,2540125
infiltratinglobularcarcinoma,60,0.5502645502645502,L-Concrete,linear,0.0044,0.4,2540125
other,23,0.4594594594594595,L-Concrete,linear,0.0044,0.4,2540125
infiltratingductalcarcinoma,220,0.5986906710310965,L-Concrete,linear,0.0044,0.4,2540126
infiltratinglobularcarcinoma,60,0.5608465608465608,L-Concrete,linear,0.0044,0.4,2540126
other,23,0.5135135135135135,L-Concrete,linear,0.0044,0.4,2540126
infiltratingductalcarcinoma,220,0.6520458265139116,L-Concrete,linear,0.0044,0.4,2540127
infiltratinglobularcarcinoma,60,0.7248677248677249,L-Concrete,linear,0.0044,0.4,2540127
other,23,0.7027027027027027,L-Concrete,linear,0.0044,0.4,2540127
infiltratingductalcarcinoma,220,0.6726677577741408,L-Concrete,linear,0.0055,0.4,2550123
infiltratinglobularcarcinoma,60,0.5608465608465608,L-Concrete,linear,0.0055,0.4,2550123
other,23,0.6216216216216216,L-Concrete,linear,0.0055,0.4,2550123
infiltratingductalcarcinoma,220,0.6942716857610475,L-Concrete,linear,0.0055,0.4,2550124
infiltratinglobularcarcinoma,60,0.5978835978835979,L-Concrete,linear,0.0055,0.4,2550124
other,23,0.4864864864864865,L-Concrete,linear,0.0055,0.4,2550124
infiltratingductalcarcinoma,220,0.6949263502454992,L-Concrete,linear,0.0055,0.4,2550125
infiltratinglobularcarcinoma,60,0.5026455026455027,L-Concrete,linear,0.0055,0.4,2550125
other,23,0.5135135135135135,L-Concrete,linear,0.0055,0.4,2550125
infiltratingductalcarcinoma,220,0.5669394435351882,L-Concrete,linear,0.0055,0.4,2550126
infiltratinglobularcarcinoma,60,0.5873015873015873,L-Concrete,linear,0.0055,0.4,2550126
other,23,0.5405405405405406,L-Concrete,linear,0.0055,0.4,2550126
infiltratingductalcarcinoma,220,0.6618657937806874,L-Concrete,linear,0.0055,0.4,2550127
infiltratinglobularcarcinoma,60,0.5608465608465608,L-Concrete,linear,0.0055,0.4,2550127
other,23,0.5675675675675675,L-Concrete,linear,0.0055,0.4,2550127
infiltratingductalcarcinoma,220,0.6432078559738135,L-Concrete,linear,0.0066,0.4,2560123
infiltratinglobularcarcinoma,60,0.5608465608465608,L-Concrete,linear,0.0066,0.4,2560123
other,23,0.7567567567567568,L-Concrete,linear,0.0066,0.4,2560123
infiltratingductalcarcinoma,220,0.6592471358428805,L-Concrete,linear,0.0066,0.4,2560124
infiltratinglobularcarcinoma,60,0.6296296296296297,L-Concrete,linear,0.0066,0.4,2560124
other,23,0.5675675675675675,L-Concrete,linear,0.0066,0.4,2560124
infiltratingductalcarcinoma,220,0.5456628477905073,L-Concrete,linear,0.0066,0.4,2560125
infiltratinglobularcarcinoma,60,0.6243386243386243,L-Concrete,linear,0.0066,0.4,2560125
other,23,0.4864864864864865,L-Concrete,linear,0.0066,0.4,2560125
infiltratingductalcarcinoma,220,0.5528641571194762,L-Concrete,linear,0.0066,0.4,2560126
infiltratinglobularcarcinoma,60,0.5661375661375662,L-Concrete,linear,0.0066,0.4,2560126
other,23,0.4594594594594595,L-Concrete,linear,0.0066,0.4,2560126
infiltratingductalcarcinoma,220,0.602291325695581,L-Concrete,linear,0.0066,0.4,2560127
infiltratinglobularcarcinoma,60,0.5502645502645502,L-Concrete,linear,0.0066,0.4,2560127
other,23,0.5675675675675675,L-Concrete,linear,0.0066,0.4,2560127
