model_family,gate_type,predictor,lambda_sparse,lambda_sample_smooth,run_i,run_j,global_cfg_idx,risk_corr,top_risk_overlap_ratio,top_risk_jaccard,bottom_risk_overlap_ratio,bottom_risk_jaccard
LSPIN,lspin_tf,mlp,0.0035,0.0,0,1,1,0.6564826164956378,2.742504409171076,0.3846153846153846,2.742504409171076,0.3846153846153846
LSPIN,lspin_tf,mlp,0.0035,0.0,0,2,1,0.7154666471249088,2.742504409171076,0.3846153846153846,2.977576215671454,0.4318181818181818
LSPIN,lspin_tf,mlp,0.0035,0.0,0,3,1,0.6690025344215329,2.429075333837239,0.3263157894736842,2.742504409171076,0.3846153846153846
LSPIN,lspin_tf,mlp,0.0035,0.0,0,4,1,0.6482091005530567,2.507432602670698,0.3404255319148936,2.6641471403376165,0.3695652173913043
LSPIN,lspin_tf,mlp,0.0035,0.0,0,5,1,0.511511292326853,2.1940035273368608,0.2857142857142857,2.429075333837239,0.3263157894736842
LSPIN,lspin_tf,mlp,0.0035,0.0,0,6,1,0.6610022345791333,2.742504409171076,0.3846153846153846,2.507432602670698,0.3404255319148936
LSPIN,lspin_tf,mlp,0.0035,0.0,0,7,1,0.7288409235010868,3.055933484504913,0.4482758620689655,2.8992189468379945,0.4157303370786517
LSPIN,lspin_tf,mlp,0.0035,0.0,1,2,1,0.6811050540491881,2.8208616780045355,0.4,2.742504409171076,0.3846153846153846
LSPIN,lspin_tf,mlp,0.0035,0.0,1,3,1,0.6678406325801003,2.8992189468379945,0.4157303370786517,2.8208616780045355,0.4
LSPIN,lspin_tf,mlp,0.0035,0.0,1,4,1,0.6866435027873469,2.977576215671454,0.4318181818181818,3.4477198286722097,0.5365853658536586
LSPIN,lspin_tf,mlp,0.0035,0.0,1,5,1,0.5962940417823381,2.3507180650037798,0.3125,2.977576215671454,0.4318181818181818
LSPIN,lspin_tf,mlp,0.0035,0.0,1,6,1,0.622838445976866,2.2723607961703203,0.2989690721649484,2.507432602670698,0.3404255319148936
LSPIN,lspin_tf,mlp,0.0035,0.0,1,7,1,0.6710612079867728,2.742504409171076,0.3846153846153846,2.8208616780045355,0.4
LSPIN,lspin_tf,mlp,0.0035,0.0,2,3,1,0.6966707008283931,3.1342907533383726,0.4651162790697674,3.055933484504913,0.4482758620689655
LSPIN,lspin_tf,mlp,0.0035,0.0,2,4,1,0.6645526849616785,2.429075333837239,0.3263157894736842,2.977576215671454,0.4318181818181818
LSPIN,lspin_tf,mlp,0.0035,0.0,2,5,1,0.5807017477082015,2.3507180650037798,0.3125,2.1940035273368608,0.2857142857142857
LSPIN,lspin_tf,mlp,0.0035,0.0,2,6,1,0.6889204986435771,2.507432602670698,0.3404255319148936,3.212648022171832,0.4823529411764706
LSPIN,lspin_tf,mlp,0.0035,0.0,2,7,1,0.7424506765076737,2.977576215671454,0.4318181818181818,3.212648022171832,0.4823529411764706
LSPIN,lspin_tf,mlp,0.0035,0.0,3,4,1,0.6652083958648931,3.055933484504913,0.4482758620689655,2.742504409171076,0.3846153846153846
LSPIN,lspin_tf,mlp,0.0035,0.0,3,5,1,0.6088813096312403,2.507432602670698,0.3404255319148936,2.3507180650037798,0.3125
LSPIN,lspin_tf,mlp,0.0035,0.0,3,6,1,0.6757584291431226,2.742504409171076,0.3846153846153846,2.977576215671454,0.4318181818181818
LSPIN,lspin_tf,mlp,0.0035,0.0,3,7,1,0.7052180297071996,2.977576215671454,0.4318181818181818,3.212648022171832,0.4823529411764706
LSPIN,lspin_tf,mlp,0.0035,0.0,4,5,1,0.6865541248354562,2.3507180650037798,0.3125,2.8992189468379945,0.4157303370786517
LSPIN,lspin_tf,mlp,0.0035,0.0,4,6,1,0.6234227758748297,2.3507180650037798,0.3125,2.5857898715041574,0.3548387096774194
LSPIN,lspin_tf,mlp,0.0035,0.0,4,7,1,0.6578809187841026,2.8992189468379945,0.4157303370786517,2.8208616780045355,0.4
LSPIN,lspin_tf,mlp,0.0035,0.0,5,6,1,0.5629461400803243,2.507432602670698,0.3404255319148936,1.958931720836483,0.2475247524752475
LSPIN,lspin_tf,mlp,0.0035,0.0,5,7,1,0.570097628032959,2.429075333837239,0.3263157894736842,2.429075333837239,0.3263157894736842
LSPIN,lspin_tf,mlp,0.0035,0.0,6,7,1,0.687849003448121,2.8992189468379945,0.4157303370786517,2.977576215671454,0.4318181818181818
LSPIN,lspin_tf,mlp,0.0105,0.0,0,1,5,0.5735185126583822,2.5857898715041574,0.3548387096774194,2.507432602670698,0.3404255319148936
LSPIN,lspin_tf,mlp,0.0105,0.0,0,2,5,0.5243362456111863,2.1940035273368608,0.2857142857142857,2.429075333837239,0.3263157894736842
LSPIN,lspin_tf,mlp,0.0105,0.0,0,3,5,0.5097741862314572,2.3507180650037798,0.3125,1.880574452003024,0.2352941176470588
LSPIN,lspin_tf,mlp,0.0105,0.0,0,4,5,0.5539906130289478,2.1156462585034013,0.2727272727272727,2.1940035273368608,0.2857142857142857
LSPIN,lspin_tf,mlp,0.0105,0.0,0,5,5,0.4645825133703429,2.1156462585034013,0.2727272727272727,2.1940035273368608,0.2857142857142857
LSPIN,lspin_tf,mlp,0.0105,0.0,0,6,5,0.4625510714806623,2.3507180650037798,0.3125,2.507432602670698,0.3404255319148936
LSPIN,lspin_tf,mlp,0.0105,0.0,0,7,5,0.5670263683205448,2.429075333837239,0.3263157894736842,2.3507180650037798,0.3125
LSPIN,lspin_tf,mlp,0.0105,0.0,1,2,5,0.538247376022192,2.507432602670698,0.3404255319148936,2.1156462585034013,0.2727272727272727
LSPIN,lspin_tf,mlp,0.0105,0.0,1,3,5,0.5325184684804398,2.429075333837239,0.3263157894736842,2.3507180650037798,0.3125
LSPIN,lspin_tf,mlp,0.0105,0.0,1,4,5,0.4566498615049357,2.037288989669942,0.26,2.1940035273368608,0.2857142857142857
LSPIN,lspin_tf,mlp,0.0105,0.0,1,5,5,0.5743877088800823,2.1156462585034013,0.2727272727272727,2.5857898715041574,0.3548387096774194
LSPIN,lspin_tf,mlp,0.0105,0.0,1,6,5,0.5115338447127837,2.2723607961703203,0.2989690721649484,2.5857898715041574,0.3548387096774194
LSPIN,lspin_tf,mlp,0.0105,0.0,1,7,5,0.5225718666181878,2.2723607961703203,0.2989690721649484,2.507432602670698,0.3404255319148936
LSPIN,lspin_tf,mlp,0.0105,0.0,2,3,5,0.5453937255404429,2.5857898715041574,0.3548387096774194,2.3507180650037798,0.3125
LSPIN,lspin_tf,mlp,0.0105,0.0,2,4,5,0.5061974271384425,2.1156462585034013,0.2727272727272727,2.037288989669942,0.26
LSPIN,lspin_tf,mlp,0.0105,0.0,2,5,5,0.5109068997461395,2.3507180650037798,0.3125,2.2723607961703203,0.2989690721649484
LSPIN,lspin_tf,mlp,0.0105,0.0,2,6,5,0.5360155102292571,1.802217183169564,0.2233009708737864,2.6641471403376165,0.3695652173913043
LSPIN,lspin_tf,mlp,0.0105,0.0,2,7,5,0.4945721558518899,1.958931720836483,0.2475247524752475,2.507432602670698,0.3404255319148936
LSPIN,lspin_tf,mlp,0.0105,0.0,3,4,5,0.596566480051897,2.1156462585034013,0.2727272727272727,2.6641471403376165,0.3695652173913043
LSPIN,lspin_tf,mlp,0.0105,0.0,3,5,5,0.5796672607834604,2.429075333837239,0.3263157894736842,1.958931720836483,0.2475247524752475
LSPIN,lspin_tf,mlp,0.0105,0.0,3,6,5,0.6348063491520634,2.1940035273368608,0.2857142857142857,2.742504409171076,0.3846153846153846
LSPIN,lspin_tf,mlp,0.0105,0.0,3,7,5,0.5670173645694484,2.037288989669942,0.26,2.8992189468379945,0.4157303370786517
LSPIN,lspin_tf,mlp,0.0105,0.0,4,5,5,0.4680698226559738,1.958931720836483,0.2475247524752475,2.1940035273368608,0.2857142857142857
LSPIN,lspin_tf,mlp,0.0105,0.0,4,6,5,0.5112672150907311,2.2723607961703203,0.2989690721649484,2.1940035273368608,0.2857142857142857
LSPIN,lspin_tf,mlp,0.0105,0.0,4,7,5,0.5112887458297825,1.958931720836483,0.2475247524752475,2.429075333837239,0.3263157894736842
LSPIN,lspin_tf,mlp,0.0105,0.0,5,6,5,0.5676508916353198,2.3507180650037798,0.3125,2.2723607961703203,0.2989690721649484
LSPIN,lspin_tf,mlp,0.0105,0.0,5,7,5,0.4734143491021315,1.802217183169564,0.2233009708737864,2.429075333837239,0.3263157894736842
LSPIN,lspin_tf,mlp,0.0105,0.0,6,7,5,0.5034164869068416,1.802217183169564,0.2233009708737864,3.055933484504913,0.4482758620689655
LSPIN,lspin_tf,mlp,0.0035,0.1,0,1,9,0.7003411571575334,2.6641471403376165,0.3695652173913043,2.8208616780045355,0.4
LSPIN,lspin_tf,mlp,0.0035,0.1,0,2,9,0.6936827576797063,2.429075333837239,0.3263157894736842,3.212648022171832,0.4823529411764706
LSPIN,lspin_tf,mlp,0.0035,0.1,0,3,9,0.7158984044369303,2.742504409171076,0.3846153846153846,3.212648022171832,0.4823529411764706
LSPIN,lspin_tf,mlp,0.0035,0.1,0,4,9,0.7192365322908805,2.507432602670698,0.3404255319148936,3.055933484504913,0.4482758620689655
LSPIN,lspin_tf,mlp,0.0035,0.1,0,5,9,0.6982265188305024,2.5857898715041574,0.3548387096774194,3.212648022171832,0.4823529411764706
LSPIN,lspin_tf,mlp,0.0035,0.1,0,6,9,0.6338587739098437,2.742504409171076,0.3846153846153846,2.5857898715041574,0.3548387096774194
LSPIN,lspin_tf,mlp,0.0035,0.1,0,7,9,0.6987093573421427,2.742504409171076,0.3846153846153846,2.977576215671454,0.4318181818181818
LSPIN,lspin_tf,mlp,0.0035,0.1,1,2,9,0.7622790550333842,3.055933484504913,0.4482758620689655,3.3693625598387507,0.5180722891566265
LSPIN,lspin_tf,mlp,0.0035,0.1,1,3,9,0.7350005746341213,2.8992189468379945,0.4157303370786517,2.977576215671454,0.4318181818181818
LSPIN,lspin_tf,mlp,0.0035,0.1,1,4,9,0.7309330942418798,3.1342907533383726,0.4651162790697674,3.1342907533383726,0.4651162790697674
LSPIN,lspin_tf,mlp,0.0035,0.1,1,5,9,0.7015512631684709,2.742504409171076,0.3846153846153846,2.8208616780045355,0.4
LSPIN,lspin_tf,mlp,0.0035,0.1,1,6,9,0.6855640287627817,2.977576215671454,0.4318181818181818,2.507432602670698,0.3404255319148936
LSPIN,lspin_tf,mlp,0.0035,0.1,1,7,9,0.6910029385134758,2.742504409171076,0.3846153846153846,3.055933484504913,0.4482758620689655
LSPIN,lspin_tf,mlp,0.0035,0.1,2,3,9,0.7410041728348702,2.8992189468379945,0.4157303370786517,3.055933484504913,0.4482758620689655
LSPIN,lspin_tf,mlp,0.0035,0.1,2,4,9,0.6933472319686395,2.6641471403376165,0.3695652173913043,3.1342907533383726,0.4651162790697674
LSPIN,lspin_tf,mlp,0.0035,0.1,2,5,9,0.6840195982202784,2.6641471403376165,0.3695652173913043,3.055933484504913,0.4482758620689655
LSPIN,lspin_tf,mlp,0.0035,0.1,2,6,9,0.6683438848182867,2.6641471403376165,0.3695652173913043,2.507432602670698,0.3404255319148936
LSPIN,lspin_tf,mlp,0.0035,0.1,2,7,9,0.7085120713532747,2.429075333837239,0.3263157894736842,2.8992189468379945,0.4157303370786517
LSPIN,lspin_tf,mlp,0.0035,0.1,3,4,9,0.7229287957963851,2.8208616780045355,0.4,3.055933484504913,0.4482758620689655
LSPIN,lspin_tf,mlp,0.0035,0.1,3,5,9,0.7331854893118299,2.8208616780045355,0.4,3.4477198286722097,0.5365853658536586
LSPIN,lspin_tf,mlp,0.0035,0.1,3,6,9,0.7277050422973966,3.212648022171832,0.4823529411764706,2.8208616780045355,0.4
LSPIN,lspin_tf,mlp,0.0035,0.1,3,7,9,0.7118140727716314,2.6641471403376165,0.3695652173913043,3.1342907533383726,0.4651162790697674
LSPIN,lspin_tf,mlp,0.0035,0.1,4,5,9,0.730832570073135,2.977576215671454,0.4318181818181818,2.742504409171076,0.3846153846153846
LSPIN,lspin_tf,mlp,0.0035,0.1,4,6,9,0.7040458998086244,3.4477198286722097,0.5365853658536586,2.5857898715041574,0.3548387096774194
LSPIN,lspin_tf,mlp,0.0035,0.1,4,7,9,0.6745266611643241,2.5857898715041574,0.3548387096774194,2.5857898715041574,0.3548387096774194
LSPIN,lspin_tf,mlp,0.0035,0.1,5,6,9,0.7069992012167282,2.8208616780045355,0.4,2.8992189468379945,0.4157303370786517
LSPIN,lspin_tf,mlp,0.0035,0.1,5,7,9,0.6759014938951198,2.429075333837239,0.3263157894736842,2.8992189468379945,0.4157303370786517
LSPIN,lspin_tf,mlp,0.0035,0.1,6,7,9,0.659042759030667,2.6641471403376165,0.3695652173913043,2.6641471403376165,0.3695652173913043
LSPIN,lspin_tf,mlp,0.0105,0.1,0,1,13,0.5322511002136001,2.2723607961703203,0.2989690721649484,2.507432602670698,0.3404255319148936
LSPIN,lspin_tf,mlp,0.0105,0.1,0,2,13,0.5855349402130526,2.037288989669942,0.26,2.742504409171076,0.3846153846153846
LSPIN,lspin_tf,mlp,0.0105,0.1,0,3,13,0.6100061000433961,2.8992189468379945,0.4157303370786517,2.1940035273368608,0.2857142857142857
LSPIN,lspin_tf,mlp,0.0105,0.1,0,4,13,0.5908714232734679,2.3507180650037798,0.3125,2.1156462585034013,0.2727272727272727
LSPIN,lspin_tf,mlp,0.0105,0.1,0,5,13,0.5916073102859961,2.5857898715041574,0.3548387096774194,2.3507180650037798,0.3125
LSPIN,lspin_tf,mlp,0.0105,0.1,0,6,13,0.6515198548793488,2.3507180650037798,0.3125,2.8992189468379945,0.4157303370786517
LSPIN,lspin_tf,mlp,0.0105,0.1,0,7,13,0.6355459578630512,2.5857898715041574,0.3548387096774194,2.8992189468379945,0.4157303370786517
LSPIN,lspin_tf,mlp,0.0105,0.1,1,2,13,0.5269308321633293,2.1156462585034013,0.2727272727272727,2.3507180650037798,0.3125
LSPIN,lspin_tf,mlp,0.0105,0.1,1,3,13,0.4270661760876998,2.1156462585034013,0.2727272727272727,2.1940035273368608,0.2857142857142857
LSPIN,lspin_tf,mlp,0.0105,0.1,1,4,13,0.566755085369939,2.3507180650037798,0.3125,2.742504409171076,0.3846153846153846
LSPIN,lspin_tf,mlp,0.0105,0.1,1,5,13,0.5239992091094939,2.2723607961703203,0.2989690721649484,2.2723607961703203,0.2989690721649484
LSPIN,lspin_tf,mlp,0.0105,0.1,1,6,13,0.5274063101802594,2.2723607961703203,0.2989690721649484,2.6641471403376165,0.3695652173913043
LSPIN,lspin_tf,mlp,0.0105,0.1,1,7,13,0.5061984275078363,2.1156462585034013,0.2727272727272727,2.507432602670698,0.3404255319148936
LSPIN,lspin_tf,mlp,0.0105,0.1,2,3,13,0.5400714378272937,2.3507180650037798,0.3125,2.037288989669942,0.26
LSPIN,lspin_tf,mlp,0.0105,0.1,2,4,13,0.5374330509042683,2.2723607961703203,0.2989690721649484,2.2723607961703203,0.2989690721649484
LSPIN,lspin_tf,mlp,0.0105,0.1,2,5,13,0.5327025779197829,2.507432602670698,0.3404255319148936,2.2723607961703203,0.2989690721649484
LSPIN,lspin_tf,mlp,0.0105,0.1,2,6,13,0.5929592703146738,2.5857898715041574,0.3548387096774194,2.742504409171076,0.3846153846153846
LSPIN,lspin_tf,mlp,0.0105,0.1,2,7,13,0.5265826579997366,2.3507180650037798,0.3125,2.5857898715041574,0.3548387096774194
LSPIN,lspin_tf,mlp,0.0105,0.1,3,4,13,0.5352919815968359,2.2723607961703203,0.2989690721649484,2.429075333837239,0.3263157894736842
LSPIN,lspin_tf,mlp,0.0105,0.1,3,5,13,0.5263760602100503,2.742504409171076,0.3846153846153846,2.037288989669942,0.26
LSPIN,lspin_tf,mlp,0.0105,0.1,3,6,13,0.5795509625423722,2.1940035273368608,0.2857142857142857,2.3507180650037798,0.3125
LSPIN,lspin_tf,mlp,0.0105,0.1,3,7,13,0.5602188069860695,2.507432602670698,0.3404255319148936,2.5857898715041574,0.3548387096774194
LSPIN,lspin_tf,mlp,0.0105,0.1,4,5,13,0.6695051427288864,2.6641471403376165,0.3695652173913043,2.429075333837239,0.3263157894736842
LSPIN,lspin_tf,mlp,0.0105,0.1,4,6,13,0.5750699121625459,2.5857898715041574,0.3548387096774194,2.8208616780045355,0.4
LSPIN,lspin_tf,mlp,0.0105,0.1,4,7,13,0.5809021793831843,2.507432602670698,0.3404255319148936,2.5857898715041574,0.3548387096774194
LSPIN,lspin_tf,mlp,0.0105,0.1,5,6,13,0.5595822050931859,2.2723607961703203,0.2989690721649484,2.5857898715041574,0.3548387096774194
LSPIN,lspin_tf,mlp,0.0105,0.1,5,7,13,0.5750007630391694,2.3507180650037798,0.3125,2.429075333837239,0.3263157894736842
LSPIN,lspin_tf,mlp,0.0105,0.1,6,7,13,0.6004637046489585,2.429075333837239,0.3263157894736842,3.055933484504913,0.4482758620689655
LSPIN,lspin_tf,mlp,0.0035,0.2,0,1,17,0.7587787372345011,3.1342907533383726,0.4651162790697674,3.1342907533383726,0.4651162790697674
LSPIN,lspin_tf,mlp,0.0035,0.2,0,2,17,0.7476801539946968,2.6641471403376165,0.3695652173913043,3.4477198286722097,0.5365853658536586
LSPIN,lspin_tf,mlp,0.0035,0.2,0,3,17,0.7333284764038454,2.977576215671454,0.4318181818181818,3.1342907533383726,0.4651162790697674
LSPIN,lspin_tf,mlp,0.0035,0.2,0,4,17,0.7033668886793878,3.291005291005291,0.5,2.8992189468379945,0.4157303370786517
LSPIN,lspin_tf,mlp,0.0035,0.2,0,5,17,0.7753637315297469,3.1342907533383726,0.4651162790697674,3.3693625598387507,0.5180722891566265
LSPIN,lspin_tf,mlp,0.0035,0.2,0,6,17,0.7579667490167707,2.742504409171076,0.3846153846153846,3.055933484504913,0.4482758620689655
LSPIN,lspin_tf,mlp,0.0035,0.2,0,7,17,0.7560512092147504,2.8992189468379945,0.4157303370786517,3.4477198286722097,0.5365853658536586
LSPIN,lspin_tf,mlp,0.0035,0.2,1,2,17,0.797460106524533,2.8992189468379945,0.4157303370786517,3.3693625598387507,0.5180722891566265
LSPIN,lspin_tf,mlp,0.0035,0.2,1,3,17,0.7577061316082077,2.8992189468379945,0.4157303370786517,2.977576215671454,0.4318181818181818
LSPIN,lspin_tf,mlp,0.0035,0.2,1,4,17,0.7095106000605453,3.212648022171832,0.4823529411764706,3.055933484504913,0.4482758620689655
LSPIN,lspin_tf,mlp,0.0035,0.2,1,5,17,0.7632431080686355,2.977576215671454,0.4318181818181818,2.8992189468379945,0.4157303370786517
LSPIN,lspin_tf,mlp,0.0035,0.2,1,6,17,0.7377609201770265,2.977576215671454,0.4318181818181818,2.8208616780045355,0.4
LSPIN,lspin_tf,mlp,0.0035,0.2,1,7,17,0.7339286551629339,2.8208616780045355,0.4,2.8208616780045355,0.4
LSPIN,lspin_tf,mlp,0.0035,0.2,2,3,17,0.7644262488499008,2.977576215671454,0.4318181818181818,3.291005291005291,0.5
LSPIN,lspin_tf,mlp,0.0035,0.2,2,4,17,0.7581255374805576,2.977576215671454,0.4318181818181818,3.291005291005291,0.5
LSPIN,lspin_tf,mlp,0.0035,0.2,2,5,17,0.7325522114504329,2.742504409171076,0.3846153846153846,2.742504409171076,0.3846153846153846
LSPIN,lspin_tf,mlp,0.0035,0.2,2,6,17,0.7517311854125052,2.507432602670698,0.3404255319148936,3.055933484504913,0.4482758620689655
LSPIN,lspin_tf,mlp,0.0035,0.2,2,7,17,0.7292070984160725,2.507432602670698,0.3404255319148936,3.1342907533383726,0.4651162790697674
LSPIN,lspin_tf,mlp,0.0035,0.2,3,4,17,0.7274273998385193,2.8992189468379945,0.4157303370786517,2.8992189468379945,0.4157303370786517
LSPIN,lspin_tf,mlp,0.0035,0.2,3,5,17,0.7115983170072236,2.8208616780045355,0.4,2.507432602670698,0.3404255319148936
LSPIN,lspin_tf,mlp,0.0035,0.2,3,6,17,0.739088239446483,2.977576215671454,0.4318181818181818,3.055933484504913,0.4482758620689655
LSPIN,lspin_tf,mlp,0.0035,0.2,3,7,17,0.7013198261625906,2.8992189468379945,0.4157303370786517,3.055933484504913,0.4482758620689655
LSPIN,lspin_tf,mlp,0.0035,0.2,4,5,17,0.6652458608523873,3.055933484504913,0.4482758620689655,2.8992189468379945,0.4157303370786517
LSPIN,lspin_tf,mlp,0.0035,0.2,4,6,17,0.739318835601514,2.977576215671454,0.4318181818181818,2.977576215671454,0.4318181818181818
LSPIN,lspin_tf,mlp,0.0035,0.2,4,7,17,0.6646652613860253,2.977576215671454,0.4318181818181818,2.5857898715041574,0.3548387096774194
LSPIN,lspin_tf,mlp,0.0035,0.2,5,6,17,0.7713662537735252,3.291005291005291,0.5,2.977576215671454,0.4318181818181818
LSPIN,lspin_tf,mlp,0.0035,0.2,5,7,17,0.730263313429599,3.1342907533383726,0.4651162790697674,2.507432602670698,0.3404255319148936
LSPIN,lspin_tf,mlp,0.0035,0.2,6,7,17,0.7508263377155607,2.977576215671454,0.4318181818181818,3.055933484504913,0.4482758620689655
LSPIN,lspin_tf,mlp,0.0105,0.2,0,1,21,0.524464096899117,2.1940035273368608,0.2857142857142857,2.3507180650037798,0.3125
LSPIN,lspin_tf,mlp,0.0105,0.2,0,2,21,0.4681142778128079,2.1940035273368608,0.2857142857142857,2.1156462585034013,0.2727272727272727
LSPIN,lspin_tf,mlp,0.0105,0.2,0,3,21,0.578686020152249,2.507432602670698,0.3404255319148936,2.507432602670698,0.3404255319148936
LSPIN,lspin_tf,mlp,0.0105,0.2,0,4,21,0.4756589770281973,2.1940035273368608,0.2857142857142857,2.037288989669942,0.26
LSPIN,lspin_tf,mlp,0.0105,0.2,0,5,21,0.557126629517411,2.507432602670698,0.3404255319148936,2.2723607961703203,0.2989690721649484
LSPIN,lspin_tf,mlp,0.0105,0.2,0,6,21,0.5439669903723784,2.5857898715041574,0.3548387096774194,2.2723607961703203,0.2989690721649484
LSPIN,lspin_tf,mlp,0.0105,0.2,0,7,21,0.6125505682071375,2.5857898715041574,0.3548387096774194,2.429075333837239,0.3263157894736842
LSPIN,lspin_tf,mlp,0.0105,0.2,1,2,21,0.4854761927693613,2.1156462585034013,0.2727272727272727,2.1940035273368608,0.2857142857142857
LSPIN,lspin_tf,mlp,0.0105,0.2,1,3,21,0.5302570960780102,2.1156462585034013,0.2727272727272727,2.3507180650037798,0.3125
LSPIN,lspin_tf,mlp,0.0105,0.2,1,4,21,0.566944007170646,2.429075333837239,0.3263157894736842,2.3507180650037798,0.3125
LSPIN,lspin_tf,mlp,0.0105,0.2,1,5,21,0.5356765750592454,2.429075333837239,0.3263157894736842,2.2723607961703203,0.2989690721649484
LSPIN,lspin_tf,mlp,0.0105,0.2,1,6,21,0.5510366786617923,2.2723607961703203,0.2989690721649484,2.6641471403376165,0.3695652173913043
LSPIN,lspin_tf,mlp,0.0105,0.2,1,7,21,0.5363442522057935,2.742504409171076,0.3846153846153846,2.1156462585034013,0.2727272727272727
LSPIN,lspin_tf,mlp,0.0105,0.2,2,3,21,0.5763333716783018,2.2723607961703203,0.2989690721649484,2.3507180650037798,0.3125
LSPIN,lspin_tf,mlp,0.0105,0.2,2,4,21,0.5072183623536395,2.429075333837239,0.3263157894736842,2.1940035273368608,0.2857142857142857
LSPIN,lspin_tf,mlp,0.0105,0.2,2,5,21,0.5593324553622763,2.1940035273368608,0.2857142857142857,2.429075333837239,0.3263157894736842
LSPIN,lspin_tf,mlp,0.0105,0.2,2,6,21,0.5040192977518576,2.1940035273368608,0.2857142857142857,2.507432602670698,0.3404255319148936
LSPIN,lspin_tf,mlp,0.0105,0.2,2,7,21,0.5635122158500848,2.6641471403376165,0.3695652173913043,2.1940035273368608,0.2857142857142857
LSPIN,lspin_tf,mlp,0.0105,0.2,3,4,21,0.5969391744484688,2.5857898715041574,0.3548387096774194,2.5857898715041574,0.3548387096774194
LSPIN,lspin_tf,mlp,0.0105,0.2,3,5,21,0.6195907095983374,2.2723607961703203,0.2989690721649484,2.6641471403376165,0.3695652173913043
LSPIN,lspin_tf,mlp,0.0105,0.2,3,6,21,0.5562682869572522,2.1156462585034013,0.2727272727272727,2.5857898715041574,0.3548387096774194
LSPIN,lspin_tf,mlp,0.0105,0.2,3,7,21,0.6137713367627534,2.5857898715041574,0.3548387096774194,2.5857898715041574,0.3548387096774194
LSPIN,lspin_tf,mlp,0.0105,0.2,4,5,21,0.5985731072871487,2.507432602670698,0.3404255319148936,2.5857898715041574,0.3548387096774194
LSPIN,lspin_tf,mlp,0.0105,0.2,4,6,21,0.4542591703486295,2.037288989669942,0.26,2.037288989669942,0.26
LSPIN,lspin_tf,mlp,0.0105,0.2,4,7,21,0.5492879681134135,2.429075333837239,0.3263157894736842,2.3507180650037798,0.3125
LSPIN,lspin_tf,mlp,0.0105,0.2,5,6,21,0.4852398036342197,2.3507180650037798,0.3125,2.3507180650037798,0.3125
LSPIN,lspin_tf,mlp,0.0105,0.2,5,7,21,0.5922287866305811,2.507432602670698,0.3404255319148936,2.429075333837239,0.3263157894736842
LSPIN,lspin_tf,mlp,0.0105,0.2,6,7,21,0.5583648853065185,2.6641471403376165,0.3695652173913043,2.429075333837239,0.3263157894736842
LSPIN,lspin_tf,mlp,0.0035,0.4,0,1,25,0.7658195433771057,3.1342907533383726,0.4651162790697674,3.3693625598387507,0.5180722891566265
LSPIN,lspin_tf,mlp,0.0035,0.4,0,2,25,0.7742898814540352,3.291005291005291,0.5,3.291005291005291,0.5
LSPIN,lspin_tf,mlp,0.0035,0.4,0,3,25,0.7687710832114322,3.1342907533383726,0.4651162790697674,2.8992189468379945,0.4157303370786517
LSPIN,lspin_tf,mlp,0.0035,0.4,0,4,25,0.7850785435615355,3.055933484504913,0.4482758620689655,3.291005291005291,0.5
LSPIN,lspin_tf,mlp,0.0035,0.4,0,5,25,0.7335803563672519,2.5857898715041574,0.3548387096774194,3.291005291005291,0.5
LSPIN,lspin_tf,mlp,0.0035,0.4,0,6,25,0.7784028875659774,2.742504409171076,0.3846153846153846,3.1342907533383726,0.4651162790697674
LSPIN,lspin_tf,mlp,0.0035,0.4,0,7,25,0.7180686762131842,2.8208616780045355,0.4,3.212648022171832,0.4823529411764706
LSPIN,lspin_tf,mlp,0.0035,0.4,1,2,25,0.7065702912973614,2.8208616780045355,0.4,3.212648022171832,0.4823529411764706
LSPIN,lspin_tf,mlp,0.0035,0.4,1,3,25,0.6492401135290239,2.8208616780045355,0.4,2.977576215671454,0.4318181818181818
LSPIN,lspin_tf,mlp,0.0035,0.4,1,4,25,0.718048733415592,3.1342907533383726,0.4651162790697674,2.8992189468379945,0.4157303370786517
LSPIN,lspin_tf,mlp,0.0035,0.4,1,5,25,0.6939386305872025,2.742504409171076,0.3846153846153846,3.291005291005291,0.5
LSPIN,lspin_tf,mlp,0.0035,0.4,1,6,25,0.6999365411454587,2.8208616780045355,0.4,3.526077097505669,0.5555555555555556
LSPIN,lspin_tf,mlp,0.0035,0.4,1,7,25,0.6055174382326218,2.429075333837239,0.3263157894736842,2.6641471403376165,0.3695652173913043
LSPIN,lspin_tf,mlp,0.0035,0.4,2,3,25,0.7504649406357499,3.3693625598387507,0.5180722891566265,3.1342907533383726,0.4651162790697674
LSPIN,lspin_tf,mlp,0.0035,0.4,2,4,25,0.736101766948718,3.1342907533383726,0.4651162790697674,3.055933484504913,0.4482758620689655
LSPIN,lspin_tf,mlp,0.0035,0.4,2,5,25,0.7203207547180057,2.6641471403376165,0.3695652173913043,3.3693625598387507,0.5180722891566265
LSPIN,lspin_tf,mlp,0.0035,0.4,2,6,25,0.7599019674777817,2.6641471403376165,0.3695652173913043,3.1342907533383726,0.4651162790697674
LSPIN,lspin_tf,mlp,0.0035,0.4,2,7,25,0.6971507363326529,2.5857898715041574,0.3548387096774194,2.977576215671454,0.4318181818181818
LSPIN,lspin_tf,mlp,0.0035,0.4,3,4,25,0.7614226548942679,3.3693625598387507,0.5180722891566265,2.8992189468379945,0.4157303370786517
LSPIN,lspin_tf,mlp,0.0035,0.4,3,5,25,0.737412576235332,2.8992189468379945,0.4157303370786517,3.1342907533383726,0.4651162790697674
LSPIN,lspin_tf,mlp,0.0035,0.4,3,6,25,0.7342464057093098,2.977576215671454,0.4318181818181818,3.1342907533383726,0.4651162790697674
LSPIN,lspin_tf,mlp,0.0035,0.4,3,7,25,0.7498018921806503,3.291005291005291,0.5,2.8208616780045355,0.4
LSPIN,lspin_tf,mlp,0.0035,0.4,4,5,25,0.7241730715395461,2.507432602670698,0.3404255319148936,3.291005291005291,0.5
LSPIN,lspin_tf,mlp,0.0035,0.4,4,6,25,0.7699069128603488,2.8208616780045355,0.4,3.212648022171832,0.4823529411764706
LSPIN,lspin_tf,mlp,0.0035,0.4,4,7,25,0.7019586741528343,2.6641471403376165,0.3695652173913043,3.1342907533383726,0.4651162790697674
LSPIN,lspin_tf,mlp,0.0035,0.4,5,6,25,0.7260974861090866,2.8208616780045355,0.4,3.055933484504913,0.4482758620689655
LSPIN,lspin_tf,mlp,0.0035,0.4,5,7,25,0.7347433379300348,2.6641471403376165,0.3695652173913043,3.3693625598387507,0.5180722891566265
LSPIN,lspin_tf,mlp,0.0035,0.4,6,7,25,0.6807220941114458,2.429075333837239,0.3263157894736842,2.6641471403376165,0.3695652173913043
LSPIN,lspin_tf,mlp,0.0105,0.4,0,1,29,0.5015178181887592,2.1156462585034013,0.2727272727272727,2.429075333837239,0.3263157894736842
LSPIN,lspin_tf,mlp,0.0105,0.4,0,2,29,0.4370087816109633,1.958931720836483,0.2475247524752475,2.037288989669942,0.26
LSPIN,lspin_tf,mlp,0.0105,0.4,0,3,29,0.4733481441962514,1.880574452003024,0.2352941176470588,2.2723607961703203,0.2989690721649484
LSPIN,lspin_tf,mlp,0.0105,0.4,0,4,29,0.5052734844740014,2.429075333837239,0.3263157894736842,2.3507180650037798,0.3125
LSPIN,lspin_tf,mlp,0.0105,0.4,0,5,29,0.4976032370590103,2.3507180650037798,0.3125,2.1156462585034013,0.2727272727272727
LSPIN,lspin_tf,mlp,0.0105,0.4,0,6,29,0.5154662243502195,2.037288989669942,0.26,2.1940035273368608,0.2857142857142857
LSPIN,lspin_tf,mlp,0.0105,0.4,0,7,29,0.427949485429393,2.2723607961703203,0.2989690721649484,2.507432602670698,0.3404255319148936
LSPIN,lspin_tf,mlp,0.0105,0.4,1,2,29,0.5897985918009283,2.5857898715041574,0.3548387096774194,2.5857898715041574,0.3548387096774194
LSPIN,lspin_tf,mlp,0.0105,0.4,1,3,29,0.5537095935688046,2.3507180650037798,0.3125,2.1940035273368608,0.2857142857142857
LSPIN,lspin_tf,mlp,0.0105,0.4,1,4,29,0.579305589347851,2.3507180650037798,0.3125,2.8208616780045355,0.4
LSPIN,lspin_tf,mlp,0.0105,0.4,1,5,29,0.5030602935906846,2.1940035273368608,0.2857142857142857,2.3507180650037798,0.3125
LSPIN,lspin_tf,mlp,0.0105,0.4,1,6,29,0.5535959653239609,2.507432602670698,0.3404255319148936,2.507432602670698,0.3404255319148936
LSPIN,lspin_tf,mlp,0.0105,0.4,1,7,29,0.4795016141170274,2.1940035273368608,0.2857142857142857,2.2723607961703203,0.2989690721649484
LSPIN,lspin_tf,mlp,0.0105,0.4,2,3,29,0.549353723788075,2.3507180650037798,0.3125,2.5857898715041574,0.3548387096774194
LSPIN,lspin_tf,mlp,0.0105,0.4,2,4,29,0.5423727646945922,2.1940035273368608,0.2857142857142857,2.1940035273368608,0.2857142857142857
LSPIN,lspin_tf,mlp,0.0105,0.4,2,5,29,0.5300975278569949,1.802217183169564,0.2233009708737864,2.3507180650037798,0.3125
LSPIN,lspin_tf,mlp,0.0105,0.4,2,6,29,0.5354516139294976,2.2723607961703203,0.2989690721649484,2.3507180650037798,0.3125
LSPIN,lspin_tf,mlp,0.0105,0.4,2,7,29,0.4314762145051247,2.037288989669942,0.26,2.1156462585034013,0.2727272727272727
LSPIN,lspin_tf,mlp,0.0105,0.4,3,4,29,0.588403632489826,2.429075333837239,0.3263157894736842,2.1940035273368608,0.2857142857142857
LSPIN,lspin_tf,mlp,0.0105,0.4,3,5,29,0.5749584872795821,2.1940035273368608,0.2857142857142857,2.507432602670698,0.3404255319148936
LSPIN,lspin_tf,mlp,0.0105,0.4,3,6,29,0.5058277790382703,2.1156462585034013,0.2727272727272727,2.1940035273368608,0.2857142857142857
LSPIN,lspin_tf,mlp,0.0105,0.4,3,7,29,0.5534520709889249,2.507432602670698,0.3404255319148936,2.1156462585034013,0.2727272727272727
LSPIN,lspin_tf,mlp,0.0105,0.4,4,5,29,0.6127834789524411,2.742504409171076,0.3846153846153846,2.507432602670698,0.3404255319148936
LSPIN,lspin_tf,mlp,0.0105,0.4,4,6,29,0.5521806827027843,2.5857898715041574,0.3548387096774194,2.429075333837239,0.3263157894736842
LSPIN,lspin_tf,mlp,0.0105,0.4,4,7,29,0.5379346999009094,2.1156462585034013,0.2727272727272727,2.5857898715041574,0.3548387096774194
LSPIN,lspin_tf,mlp,0.0105,0.4,5,6,29,0.494941236773126,2.3507180650037798,0.3125,2.1156462585034013,0.2727272727272727
LSPIN,lspin_tf,mlp,0.0105,0.4,5,7,29,0.473131964119667,2.3507180650037798,0.3125,2.037288989669942,0.26
LSPIN,lspin_tf,mlp,0.0105,0.4,6,7,29,0.4168706792992926,1.6455026455026456,0.2,2.2723607961703203,0.2989690721649484
LSPIN,lspin_tf,mlp,0.0035,0.0,0,1,33,0.640258926186201,1.958931720836483,0.2475247524752475,2.977576215671454,0.4318181818181818
LSPIN,lspin_tf,mlp,0.0035,0.0,0,2,33,0.6891063198021141,2.6641471403376165,0.3695652173913043,2.977576215671454,0.4318181818181818
LSPIN,lspin_tf,mlp,0.0035,0.0,0,3,33,0.667616437418287,2.8208616780045355,0.4,3.055933484504913,0.4482758620689655
LSPIN,lspin_tf,mlp,0.0035,0.0,0,4,33,0.6849398288993955,2.6641471403376165,0.3695652173913043,3.055933484504913,0.4482758620689655
LSPIN,lspin_tf,mlp,0.0035,0.0,0,5,33,0.6844745748632625,2.429075333837239,0.3263157894736842,3.212648022171832,0.4823529411764706
LSPIN,lspin_tf,mlp,0.0035,0.0,0,6,33,0.6193071154705709,2.429075333837239,0.3263157894736842,3.212648022171832,0.4823529411764706
LSPIN,lspin_tf,mlp,0.0035,0.0,0,7,33,0.6860245731806318,2.507432602670698,0.3404255319148936,3.055933484504913,0.4482758620689655
LSPIN,lspin_tf,mlp,0.0035,0.0,1,2,33,0.6967387138079689,2.977576215671454,0.4318181818181818,2.6641471403376165,0.3695652173913043
LSPIN,lspin_tf,mlp,0.0035,0.0,1,3,33,0.7018223114792763,2.8992189468379945,0.4157303370786517,2.742504409171076,0.3846153846153846
LSPIN,lspin_tf,mlp,0.0035,0.0,1,4,33,0.6946557511595296,2.742504409171076,0.3846153846153846,2.6641471403376165,0.3695652173913043
LSPIN,lspin_tf,mlp,0.0035,0.0,1,5,33,0.7129016593074221,2.8208616780045355,0.4,2.8992189468379945,0.4157303370786517
LSPIN,lspin_tf,mlp,0.0035,0.0,1,6,33,0.6111541083984751,2.5857898715041574,0.3548387096774194,2.429075333837239,0.3263157894736842
LSPIN,lspin_tf,mlp,0.0035,0.0,1,7,33,0.7290675239806055,2.8208616780045355,0.4,2.5857898715041574,0.3548387096774194
LSPIN,lspin_tf,mlp,0.0035,0.0,2,3,33,0.7235512605278749,3.055933484504913,0.4482758620689655,2.8208616780045355,0.4
LSPIN,lspin_tf,mlp,0.0035,0.0,2,4,33,0.7524062970268778,3.055933484504913,0.4482758620689655,3.604434366339128,0.575
LSPIN,lspin_tf,mlp,0.0035,0.0,2,5,33,0.7353910893170176,3.055933484504913,0.4482758620689655,2.977576215671454,0.4318181818181818
LSPIN,lspin_tf,mlp,0.0035,0.0,2,6,33,0.6568744180248448,2.977576215671454,0.4318181818181818,2.6641471403376165,0.3695652173913043
LSPIN,lspin_tf,mlp,0.0035,0.0,2,7,33,0.7419458879651216,3.055933484504913,0.4482758620689655,3.055933484504913,0.4482758620689655
LSPIN,lspin_tf,mlp,0.0035,0.0,3,4,33,0.7350805329274275,2.977576215671454,0.4318181818181818,3.055933484504913,0.4482758620689655
LSPIN,lspin_tf,mlp,0.0035,0.0,3,5,33,0.6970893313066322,2.6641471403376165,0.3695652173913043,3.055933484504913,0.4482758620689655
LSPIN,lspin_tf,mlp,0.0035,0.0,3,6,33,0.6934864376586046,2.8992189468379945,0.4157303370786517,3.1342907533383726,0.4651162790697674
LSPIN,lspin_tf,mlp,0.0035,0.0,3,7,33,0.8196761469060628,3.212648022171832,0.4823529411764706,3.3693625598387507,0.5180722891566265
LSPIN,lspin_tf,mlp,0.0035,0.0,4,5,33,0.6901803825083173,2.507432602670698,0.3404255319148936,2.977576215671454,0.4318181818181818
LSPIN,lspin_tf,mlp,0.0035,0.0,4,6,33,0.6906306705572984,2.977576215671454,0.4318181818181818,2.5857898715041574,0.3548387096774194
LSPIN,lspin_tf,mlp,0.0035,0.0,4,7,33,0.7871801760483006,3.055933484504913,0.4482758620689655,3.212648022171832,0.4823529411764706
LSPIN,lspin_tf,mlp,0.0035,0.0,5,6,33,0.6320989892718555,2.5857898715041574,0.3548387096774194,2.8992189468379945,0.4157303370786517
LSPIN,lspin_tf,mlp,0.0035,0.0,5,7,33,0.755422077425828,2.977576215671454,0.4318181818181818,3.1342907533383726,0.4651162790697674
LSPIN,lspin_tf,mlp,0.0035,0.0,6,7,33,0.6955783713684726,3.1342907533383726,0.4651162790697674,3.212648022171832,0.4823529411764706
LSPIN,lspin_tf,mlp,0.0105,0.0,0,1,37,0.4674892830470273,2.1156462585034013,0.2727272727272727,2.2723607961703203,0.2989690721649484
LSPIN,lspin_tf,mlp,0.0105,0.0,0,2,37,0.4981350091725429,2.037288989669942,0.26,2.742504409171076,0.3846153846153846
LSPIN,lspin_tf,mlp,0.0105,0.0,0,3,37,0.4526309090506134,2.1940035273368608,0.2857142857142857,2.1156462585034013,0.2727272727272727
LSPIN,lspin_tf,mlp,0.0105,0.0,0,4,37,0.4504844587270505,1.958931720836483,0.2475247524752475,1.958931720836483,0.2475247524752475
LSPIN,lspin_tf,mlp,0.0105,0.0,0,5,37,0.5364461677674927,2.2723607961703203,0.2989690721649484,2.3507180650037798,0.3125
LSPIN,lspin_tf,mlp,0.0105,0.0,0,6,37,0.5067894344390758,2.2723607961703203,0.2989690721649484,2.3507180650037798,0.3125
LSPIN,lspin_tf,mlp,0.0105,0.0,0,7,37,0.4055319393509334,2.037288989669942,0.26,1.880574452003024,0.2352941176470588
LSPIN,lspin_tf,mlp,0.0105,0.0,1,2,37,0.5415983812576722,2.429075333837239,0.3263157894736842,2.2723607961703203,0.2989690721649484
LSPIN,lspin_tf,mlp,0.0105,0.0,1,3,37,0.4760157670890181,2.5857898715041574,0.3548387096774194,1.7238599143361049,0.2115384615384615
LSPIN,lspin_tf,mlp,0.0105,0.0,1,4,37,0.566915691692544,2.429075333837239,0.3263157894736842,2.742504409171076,0.3846153846153846
LSPIN,lspin_tf,mlp,0.0105,0.0,1,5,37,0.559061109878758,2.2723607961703203,0.2989690721649484,2.8208616780045355,0.4
LSPIN,lspin_tf,mlp,0.0105,0.0,1,6,37,0.4796356337441443,2.507432602670698,0.3404255319148936,2.3507180650037798,0.3125
LSPIN,lspin_tf,mlp,0.0105,0.0,1,7,37,0.4368485451343536,2.1940035273368608,0.2857142857142857,2.1940035273368608,0.2857142857142857
LSPIN,lspin_tf,mlp,0.0105,0.0,2,3,37,0.4797315814174753,2.1156462585034013,0.2727272727272727,2.037288989669942,0.26
LSPIN,lspin_tf,mlp,0.0105,0.0,2,4,37,0.4197764685813796,1.958931720836483,0.2475247524752475,2.037288989669942,0.26
LSPIN,lspin_tf,mlp,0.0105,0.0,2,5,37,0.561168566005209,2.2723607961703203,0.2989690721649484,2.3507180650037798,0.3125
LSPIN,lspin_tf,mlp,0.0105,0.0,2,6,37,0.502639589777187,2.2723607961703203,0.2989690721649484,2.3507180650037798,0.3125
LSPIN,lspin_tf,mlp,0.0105,0.0,2,7,37,0.4653577565826013,2.429075333837239,0.3263157894736842,1.802217183169564,0.2233009708737864
LSPIN,lspin_tf,mlp,0.0105,0.0,3,4,37,0.4758426414098236,2.1156462585034013,0.2727272727272727,2.1156462585034013,0.2727272727272727
LSPIN,lspin_tf,mlp,0.0105,0.0,3,5,37,0.5463306085037039,2.429075333837239,0.3263157894736842,1.958931720836483,0.2475247524752475
LSPIN,lspin_tf,mlp,0.0105,0.0,3,6,37,0.4900487512171859,2.037288989669942,0.26,1.958931720836483,0.2475247524752475
LSPIN,lspin_tf,mlp,0.0105,0.0,3,7,37,0.4212730720410781,2.429075333837239,0.3263157894736842,1.802217183169564,0.2233009708737864
LSPIN,lspin_tf,mlp,0.0105,0.0,4,5,37,0.4984449980180426,2.1156462585034013,0.2727272727272727,2.1940035273368608,0.2857142857142857
LSPIN,lspin_tf,mlp,0.0105,0.0,4,6,37,0.4907520608574716,1.802217183169564,0.2233009708737864,2.1156462585034013,0.2727272727272727
LSPIN,lspin_tf,mlp,0.0105,0.0,4,7,37,0.4702087856253386,2.1156462585034013,0.2727272727272727,2.1156462585034013,0.2727272727272727
LSPIN,lspin_tf,mlp,0.0105,0.0,5,6,37,0.51556264190996,1.958931720836483,0.2475247524752475,2.977576215671454,0.4318181818181818
LSPIN,lspin_tf,mlp,0.0105,0.0,5,7,37,0.4820948535762424,2.1940035273368608,0.2857142857142857,2.1156462585034013,0.2727272727272727
LSPIN,lspin_tf,mlp,0.0105,0.0,6,7,37,0.4474654026918707,2.037288989669942,0.26,2.1156462585034013,0.2727272727272727
LSPIN,lspin_tf,mlp,0.0035,0.1,0,1,41,0.7559003772936689,2.8992189468379945,0.4157303370786517,3.4477198286722097,0.5365853658536586
LSPIN,lspin_tf,mlp,0.0035,0.1,0,2,41,0.7532550125516343,2.742504409171076,0.3846153846153846,2.977576215671454,0.4318181818181818
LSPIN,lspin_tf,mlp,0.0035,0.1,0,3,41,0.7401134001086853,2.8992189468379945,0.4157303370786517,3.526077097505669,0.5555555555555556
LSPIN,lspin_tf,mlp,0.0035,0.1,0,4,41,0.7182862548332216,2.8992189468379945,0.4157303370786517,3.055933484504913,0.4482758620689655
LSPIN,lspin_tf,mlp,0.0035,0.1,0,5,41,0.7619937142639656,2.977576215671454,0.4318181818181818,3.291005291005291,0.5
LSPIN,lspin_tf,mlp,0.0035,0.1,0,6,41,0.7407340580419722,2.742504409171076,0.3846153846153846,3.1342907533383726,0.4651162790697674
LSPIN,lspin_tf,mlp,0.0035,0.1,0,7,41,0.7230371470751219,2.8992189468379945,0.4157303370786517,2.977576215671454,0.4318181818181818
LSPIN,lspin_tf,mlp,0.0035,0.1,1,2,41,0.707894576272047,2.8208616780045355,0.4,3.055933484504913,0.4482758620689655
LSPIN,lspin_tf,mlp,0.0035,0.1,1,3,41,0.7387018124852148,3.1342907533383726,0.4651162790697674,3.4477198286722097,0.5365853658536586
LSPIN,lspin_tf,mlp,0.0035,0.1,1,4,41,0.7136761612301544,2.8992189468379945,0.4157303370786517,3.3693625598387507,0.5180722891566265
LSPIN,lspin_tf,mlp,0.0035,0.1,1,5,41,0.7161971721991582,2.8992189468379945,0.4157303370786517,3.055933484504913,0.4482758620689655
LSPIN,lspin_tf,mlp,0.0035,0.1,1,6,41,0.763501625701917,2.8992189468379945,0.4157303370786517,3.3693625598387507,0.5180722891566265
LSPIN,lspin_tf,mlp,0.0035,0.1,1,7,41,0.738123113634668,2.8208616780045355,0.4,3.212648022171832,0.4823529411764706
LSPIN,lspin_tf,mlp,0.0035,0.1,2,3,41,0.7098664284054709,2.8208616780045355,0.4,3.055933484504913,0.4482758620689655
LSPIN,lspin_tf,mlp,0.0035,0.1,2,4,41,0.7373517945603767,2.8992189468379945,0.4157303370786517,3.055933484504913,0.4482758620689655
LSPIN,lspin_tf,mlp,0.0035,0.1,2,5,41,0.7094352196631097,2.5857898715041574,0.3548387096774194,3.291005291005291,0.5
LSPIN,lspin_tf,mlp,0.0035,0.1,2,6,41,0.7401319822452775,3.055933484504913,0.4482758620689655,2.8208616780045355,0.4
LSPIN,lspin_tf,mlp,0.0035,0.1,2,7,41,0.7208237920016664,2.8208616780045355,0.4,3.055933484504913,0.4482758620689655
LSPIN,lspin_tf,mlp,0.0035,0.1,3,4,41,0.7250580045383176,2.507432602670698,0.3404255319148936,3.4477198286722097,0.5365853658536586
LSPIN,lspin_tf,mlp,0.0035,0.1,3,5,41,0.7690075855673129,2.8992189468379945,0.4157303370786517,3.604434366339128,0.575
LSPIN,lspin_tf,mlp,0.0035,0.1,3,6,41,0.7523988866671031,2.977576215671454,0.4318181818181818,2.977576215671454,0.4318181818181818
LSPIN,lspin_tf,mlp,0.0035,0.1,3,7,41,0.7403351368751283,2.977576215671454,0.4318181818181818,2.977576215671454,0.4318181818181818
LSPIN,lspin_tf,mlp,0.0035,0.1,4,5,41,0.6818651968397941,2.742504409171076,0.3846153846153846,3.3693625598387507,0.5180722891566265
LSPIN,lspin_tf,mlp,0.0035,0.1,4,6,41,0.7534597289536196,2.742504409171076,0.3846153846153846,3.055933484504913,0.4482758620689655
LSPIN,lspin_tf,mlp,0.0035,0.1,4,7,41,0.7058119444765083,2.742504409171076,0.3846153846153846,3.212648022171832,0.4823529411764706
LSPIN,lspin_tf,mlp,0.0035,0.1,5,6,41,0.7108742345484345,2.429075333837239,0.3263157894736842,3.1342907533383726,0.4651162790697674
LSPIN,lspin_tf,mlp,0.0035,0.1,5,7,41,0.6851058890690153,2.742504409171076,0.3846153846153846,3.1342907533383726,0.4651162790697674
LSPIN,lspin_tf,mlp,0.0035,0.1,6,7,41,0.7561368390187754,3.1342907533383726,0.4651162790697674,3.3693625598387507,0.5180722891566265
LSPIN,lspin_tf,mlp,0.0105,0.1,0,1,45,0.4352784672212288,1.958931720836483,0.2475247524752475,2.3507180650037798,0.3125
LSPIN,lspin_tf,mlp,0.0105,0.1,0,2,45,0.534511595084769,2.5857898715041574,0.3548387096774194,2.1940035273368608,0.2857142857142857
LSPIN,lspin_tf,mlp,0.0105,0.1,0,3,45,0.6018567315795632,2.6641471403376165,0.3695652173913043,2.2723607961703203,0.2989690721649484
LSPIN,lspin_tf,mlp,0.0105,0.1,0,4,45,0.4965499657949941,2.2723607961703203,0.2989690721649484,1.958931720836483,0.2475247524752475
LSPIN,lspin_tf,mlp,0.0105,0.1,0,5,45,0.4248826171727006,1.7238599143361049,0.2115384615384615,2.037288989669942,0.26
LSPIN,lspin_tf,mlp,0.0105,0.1,0,6,45,0.6506968094994705,2.507432602670698,0.3404255319148936,2.5857898715041574,0.3548387096774194
LSPIN,lspin_tf,mlp,0.0105,0.1,0,7,45,0.6123589707046768,2.2723607961703203,0.2989690721649484,2.6641471403376165,0.3695652173913043
LSPIN,lspin_tf,mlp,0.0105,0.1,1,2,45,0.541719643351792,2.2723607961703203,0.2989690721649484,2.5857898715041574,0.3548387096774194
LSPIN,lspin_tf,mlp,0.0105,0.1,1,3,45,0.5012302526437352,2.3507180650037798,0.3125,2.429075333837239,0.3263157894736842
LSPIN,lspin_tf,mlp,0.0105,0.1,1,4,45,0.5491389842975015,2.1156462585034013,0.2727272727272727,2.429075333837239,0.3263157894736842
LSPIN,lspin_tf,mlp,0.0105,0.1,1,5,45,0.4384134177834022,2.1156462585034013,0.2727272727272727,2.1940035273368608,0.2857142857142857
LSPIN,lspin_tf,mlp,0.0105,0.1,1,6,45,0.5481493986157047,2.2723607961703203,0.2989690721649484,2.507432602670698,0.3404255319148936
LSPIN,lspin_tf,mlp,0.0105,0.1,1,7,45,0.5017399118317255,2.1156462585034013,0.2727272727272727,2.3507180650037798,0.3125
LSPIN,lspin_tf,mlp,0.0105,0.1,2,3,45,0.4850107356370338,2.1940035273368608,0.2857142857142857,2.429075333837239,0.3263157894736842
LSPIN,lspin_tf,mlp,0.0105,0.1,2,4,45,0.4704835767422933,2.037288989669942,0.26,2.1156462585034013,0.2727272727272727
LSPIN,lspin_tf,mlp,0.0105,0.1,2,5,45,0.5177198126537843,1.802217183169564,0.2233009708737864,2.6641471403376165,0.3695652173913043
LSPIN,lspin_tf,mlp,0.0105,0.1,2,6,45,0.5611387680866322,2.429075333837239,0.3263157894736842,2.742504409171076,0.3846153846153846
LSPIN,lspin_tf,mlp,0.0105,0.1,2,7,45,0.5906424483376551,2.1940035273368608,0.2857142857142857,3.1342907533383726,0.4651162790697674
LSPIN,lspin_tf,mlp,0.0105,0.1,3,4,45,0.6381805365946523,2.429075333837239,0.3263157894736842,2.8208616780045355,0.4
LSPIN,lspin_tf,mlp,0.0105,0.1,3,5,45,0.5372134433750304,2.1940035273368608,0.2857142857142857,2.3507180650037798,0.3125
LSPIN,lspin_tf,mlp,0.0105,0.1,3,6,45,0.6180238618529776,2.8208616780045355,0.4,2.507432602670698,0.3404255319148936
LSPIN,lspin_tf,mlp,0.0105,0.1,3,7,45,0.6073379973964035,2.8992189468379945,0.4157303370786517,2.5857898715041574,0.3548387096774194
LSPIN,lspin_tf,mlp,0.0105,0.1,4,5,45,0.5268652933087337,2.2723607961703203,0.2989690721649484,2.1940035273368608,0.2857142857142857
LSPIN,lspin_tf,mlp,0.0105,0.1,4,6,45,0.580107513319087,1.880574452003024,0.2352941176470588,2.3507180650037798,0.3125
LSPIN,lspin_tf,mlp,0.0105,0.1,4,7,45,0.583513611294145,2.1156462585034013,0.2727272727272727,2.429075333837239,0.3263157894736842
LSPIN,lspin_tf,mlp,0.0105,0.1,5,6,45,0.4977537252292071,1.7238599143361049,0.2115384615384615,2.429075333837239,0.3263157894736842
LSPIN,lspin_tf,mlp,0.0105,0.1,5,7,45,0.5496498927586285,1.880574452003024,0.2352941176470588,2.3507180650037798,0.3125
LSPIN,lspin_tf,mlp,0.0105,0.1,6,7,45,0.6210123420350444,2.5857898715041574,0.3548387096774194,2.977576215671454,0.4318181818181818
LSPIN,lspin_tf,mlp,0.0035,0.2,0,1,49,0.7190620260556465,2.5857898715041574,0.3548387096774194,2.8992189468379945,0.4157303370786517
LSPIN,lspin_tf,mlp,0.0035,0.2,0,2,49,0.7481039001762522,3.055933484504913,0.4482758620689655,3.1342907533383726,0.4651162790697674
LSPIN,lspin_tf,mlp,0.0035,0.2,0,3,49,0.7381471417904071,3.1342907533383726,0.4651162790697674,2.977576215671454,0.4318181818181818
LSPIN,lspin_tf,mlp,0.0035,0.2,0,4,49,0.7324964902187839,2.8208616780045355,0.4,3.212648022171832,0.4823529411764706
LSPIN,lspin_tf,mlp,0.0035,0.2,0,5,49,0.7057751677923053,2.8208616780045355,0.4,3.291005291005291,0.5
LSPIN,lspin_tf,mlp,0.0035,0.2,0,6,49,0.7391962392803947,2.5857898715041574,0.3548387096774194,3.212648022171832,0.4823529411764706
LSPIN,lspin_tf,mlp,0.0035,0.2,0,7,49,0.7382053450792672,2.5857898715041574,0.3548387096774194,3.212648022171832,0.4823529411764706
LSPIN,lspin_tf,mlp,0.0035,0.2,1,2,49,0.7392711363208829,2.977576215671454,0.4318181818181818,2.8208616780045355,0.4
LSPIN,lspin_tf,mlp,0.0035,0.2,1,3,49,0.7720441672321148,2.977576215671454,0.4318181818181818,3.3693625598387507,0.5180722891566265
LSPIN,lspin_tf,mlp,0.0035,0.2,1,4,49,0.6770665256933823,2.977576215671454,0.4318181818181818,2.742504409171076,0.3846153846153846
LSPIN,lspin_tf,mlp,0.0035,0.2,1,5,49,0.755124188973734,2.977576215671454,0.4318181818181818,2.742504409171076,0.3846153846153846
LSPIN,lspin_tf,mlp,0.0035,0.2,1,6,49,0.7381691858158331,2.977576215671454,0.4318181818181818,2.6641471403376165,0.3695652173913043
LSPIN,lspin_tf,mlp,0.0035,0.2,1,7,49,0.7278084331075965,2.8208616780045355,0.4,3.212648022171832,0.4823529411764706
LSPIN,lspin_tf,mlp,0.0035,0.2,2,3,49,0.7858221765870274,3.212648022171832,0.4823529411764706,3.291005291005291,0.5
LSPIN,lspin_tf,mlp,0.0035,0.2,2,4,49,0.6786608583358793,2.742504409171076,0.3846153846153846,2.8208616780045355,0.4
LSPIN,lspin_tf,mlp,0.0035,0.2,2,5,49,0.737336799057581,2.8992189468379945,0.4157303370786517,3.055933484504913,0.4482758620689655
LSPIN,lspin_tf,mlp,0.0035,0.2,2,6,49,0.76393461818462,2.8992189468379945,0.4157303370786517,3.1342907533383726,0.4651162790697674
LSPIN,lspin_tf,mlp,0.0035,0.2,2,7,49,0.7145589573135969,2.507432602670698,0.3404255319148936,3.212648022171832,0.4823529411764706
LSPIN,lspin_tf,mlp,0.0035,0.2,3,4,49,0.6866112060253401,2.977576215671454,0.4318181818181818,3.291005291005291,0.5
LSPIN,lspin_tf,mlp,0.0035,0.2,3,5,49,0.7492782819253058,3.212648022171832,0.4823529411764706,3.055933484504913,0.4482758620689655
LSPIN,lspin_tf,mlp,0.0035,0.2,3,6,49,0.7579334063129002,3.055933484504913,0.4482758620689655,3.212648022171832,0.4823529411764706
LSPIN,lspin_tf,mlp,0.0035,0.2,3,7,49,0.6796554456715174,2.507432602670698,0.3404255319148936,3.3693625598387507,0.5180722891566265
LSPIN,lspin_tf,mlp,0.0035,0.2,4,5,49,0.6962602424682861,2.977576215671454,0.4318181818181818,3.3693625598387507,0.5180722891566265
LSPIN,lspin_tf,mlp,0.0035,0.2,4,6,49,0.7222489636203985,2.6641471403376165,0.3695652173913043,3.291005291005291,0.5
LSPIN,lspin_tf,mlp,0.0035,0.2,4,7,49,0.7353113698708513,2.8992189468379945,0.4157303370786517,3.1342907533383726,0.4651162790697674
LSPIN,lspin_tf,mlp,0.0035,0.2,5,6,49,0.7402082369122995,3.291005291005291,0.5,3.291005291005291,0.5
LSPIN,lspin_tf,mlp,0.0035,0.2,5,7,49,0.728323585486023,2.742504409171076,0.3846153846153846,3.055933484504913,0.4482758620689655
LSPIN,lspin_tf,mlp,0.0035,0.2,6,7,49,0.7328307287485092,2.6641471403376165,0.3695652173913043,3.212648022171832,0.4823529411764706
LSPIN,lspin_tf,mlp,0.0105,0.2,0,1,53,0.6076635326338151,2.429075333837239,0.3263157894736842,2.5857898715041574,0.3548387096774194
LSPIN,lspin_tf,mlp,0.0105,0.2,0,2,53,0.5817234009608381,2.507432602670698,0.3404255319148936,2.1940035273368608,0.2857142857142857
LSPIN,lspin_tf,mlp,0.0105,0.2,0,3,53,0.5102213066829562,2.037288989669942,0.26,2.1940035273368608,0.2857142857142857
LSPIN,lspin_tf,mlp,0.0105,0.2,0,4,53,0.6042010575771433,1.958931720836483,0.2475247524752475,2.977576215671454,0.4318181818181818
LSPIN,lspin_tf,mlp,0.0105,0.2,0,5,53,0.5962102664819292,2.507432602670698,0.3404255319148936,2.2723607961703203,0.2989690721649484
LSPIN,lspin_tf,mlp,0.0105,0.2,0,6,53,0.6303200038838087,2.507432602670698,0.3404255319148936,2.429075333837239,0.3263157894736842
LSPIN,lspin_tf,mlp,0.0105,0.2,0,7,53,0.5997409708138849,2.429075333837239,0.3263157894736842,2.5857898715041574,0.3548387096774194
LSPIN,lspin_tf,mlp,0.0105,0.2,1,2,53,0.5644038396346047,2.6641471403376165,0.3695652173913043,2.5857898715041574,0.3548387096774194
LSPIN,lspin_tf,mlp,0.0105,0.2,1,3,53,0.5596589655094413,2.6641471403376165,0.3695652173913043,2.742504409171076,0.3846153846153846
LSPIN,lspin_tf,mlp,0.0105,0.2,1,4,53,0.6618393450165296,2.507432602670698,0.3404255319148936,3.212648022171832,0.4823529411764706
LSPIN,lspin_tf,mlp,0.0105,0.2,1,5,53,0.5818911754365168,2.3507180650037798,0.3125,2.6641471403376165,0.3695652173913043
LSPIN,lspin_tf,mlp,0.0105,0.2,1,6,53,0.6092866191380073,2.6641471403376165,0.3695652173913043,2.8992189468379945,0.4157303370786517
LSPIN,lspin_tf,mlp,0.0105,0.2,1,7,53,0.6259079302784374,2.429075333837239,0.3263157894736842,2.6641471403376165,0.3695652173913043
LSPIN,lspin_tf,mlp,0.0105,0.2,2,3,53,0.5412843976617081,2.6641471403376165,0.3695652173913043,2.429075333837239,0.3263157894736842
LSPIN,lspin_tf,mlp,0.0105,0.2,2,4,53,0.5958369608929156,2.3507180650037798,0.3125,2.429075333837239,0.3263157894736842
LSPIN,lspin_tf,mlp,0.0105,0.2,2,5,53,0.6191040402876782,2.2723607961703203,0.2989690721649484,2.5857898715041574,0.3548387096774194
LSPIN,lspin_tf,mlp,0.0105,0.2,2,6,53,0.5934634031070595,2.742504409171076,0.3846153846153846,2.3507180650037798,0.3125
LSPIN,lspin_tf,mlp,0.0105,0.2,2,7,53,0.5473436821451766,2.1940035273368608,0.2857142857142857,2.429075333837239,0.3263157894736842
LSPIN,lspin_tf,mlp,0.0105,0.2,3,4,53,0.5745604901295863,2.1940035273368608,0.2857142857142857,2.6641471403376165,0.3695652173913043
LSPIN,lspin_tf,mlp,0.0105,0.2,3,5,53,0.5315685079190684,2.429075333837239,0.3263157894736842,2.1940035273368608,0.2857142857142857
LSPIN,lspin_tf,mlp,0.0105,0.2,3,6,53,0.5619028755588612,2.742504409171076,0.3846153846153846,2.5857898715041574,0.3548387096774194
LSPIN,lspin_tf,mlp,0.0105,0.2,3,7,53,0.5740427321635087,2.1940035273368608,0.2857142857142857,2.429075333837239,0.3263157894736842
LSPIN,lspin_tf,mlp,0.0105,0.2,4,5,53,0.5539216762144203,1.7238599143361049,0.2115384615384615,2.8208616780045355,0.4
LSPIN,lspin_tf,mlp,0.0105,0.2,4,6,53,0.6456775261722384,2.2723607961703203,0.2989690721649484,2.742504409171076,0.3846153846153846
LSPIN,lspin_tf,mlp,0.0105,0.2,4,7,53,0.6290941495209192,2.1940035273368608,0.2857142857142857,2.742504409171076,0.3846153846153846
LSPIN,lspin_tf,mlp,0.0105,0.2,5,6,53,0.6204129030262969,2.6641471403376165,0.3695652173913043,2.2723607961703203,0.2989690721649484
LSPIN,lspin_tf,mlp,0.0105,0.2,5,7,53,0.5714481417432634,2.6641471403376165,0.3695652173913043,2.3507180650037798,0.3125
LSPIN,lspin_tf,mlp,0.0105,0.2,6,7,53,0.6414059312093249,2.5857898715041574,0.3548387096774194,2.429075333837239,0.3263157894736842
LSPIN,lspin_tf,mlp,0.0035,0.4,0,1,57,0.6951881272262613,2.6641471403376165,0.3695652173913043,2.507432602670698,0.3404255319148936
LSPIN,lspin_tf,mlp,0.0035,0.4,0,2,57,0.7213245600174207,2.8992189468379945,0.4157303370786517,2.977576215671454,0.4318181818181818
LSPIN,lspin_tf,mlp,0.0035,0.4,0,3,57,0.7946755336590505,3.1342907533383726,0.4651162790697674,2.8992189468379945,0.4157303370786517
LSPIN,lspin_tf,mlp,0.0035,0.4,0,4,57,0.7588384983379387,2.8208616780045355,0.4,3.055933484504913,0.4482758620689655
LSPIN,lspin_tf,mlp,0.0035,0.4,0,5,57,0.7796240062719864,3.526077097505669,0.5555555555555556,2.977576215671454,0.4318181818181818
LSPIN,lspin_tf,mlp,0.0035,0.4,0,6,57,0.7093060457643263,2.8992189468379945,0.4157303370786517,2.8992189468379945,0.4157303370786517
LSPIN,lspin_tf,mlp,0.0035,0.4,0,7,57,0.758399381921558,3.291005291005291,0.5,2.8992189468379945,0.4157303370786517
LSPIN,lspin_tf,mlp,0.0035,0.4,1,2,57,0.7653773678818856,2.8208616780045355,0.4,3.212648022171832,0.4823529411764706
LSPIN,lspin_tf,mlp,0.0035,0.4,1,3,57,0.7671063503233836,3.1342907533383726,0.4651162790697674,3.212648022171832,0.4823529411764706
LSPIN,lspin_tf,mlp,0.0035,0.4,1,4,57,0.7583600456090637,2.8992189468379945,0.4157303370786517,2.8208616780045355,0.4
LSPIN,lspin_tf,mlp,0.0035,0.4,1,5,57,0.7226750854667159,2.8992189468379945,0.4157303370786517,2.8208616780045355,0.4
LSPIN,lspin_tf,mlp,0.0035,0.4,1,6,57,0.74719720994801,2.6641471403376165,0.3695652173913043,3.055933484504913,0.4482758620689655
LSPIN,lspin_tf,mlp,0.0035,0.4,1,7,57,0.7294057207712644,2.5857898715041574,0.3548387096774194,2.8208616780045355,0.4
LSPIN,lspin_tf,mlp,0.0035,0.4,2,3,57,0.763476347262757,3.291005291005291,0.5,3.212648022171832,0.4823529411764706
LSPIN,lspin_tf,mlp,0.0035,0.4,2,4,57,0.742060432343598,2.429075333837239,0.3263157894736842,3.212648022171832,0.4823529411764706
LSPIN,lspin_tf,mlp,0.0035,0.4,2,5,57,0.695098801119119,2.742504409171076,0.3846153846153846,2.6641471403376165,0.3695652173913043
LSPIN,lspin_tf,mlp,0.0035,0.4,2,6,57,0.7618014554253247,2.507432602670698,0.3404255319148936,3.212648022171832,0.4823529411764706
LSPIN,lspin_tf,mlp,0.0035,0.4,2,7,57,0.7359204702221099,2.977576215671454,0.4318181818181818,2.8208616780045355,0.4
LSPIN,lspin_tf,mlp,0.0035,0.4,3,4,57,0.7705292772866169,2.8208616780045355,0.4,3.526077097505669,0.5555555555555556
LSPIN,lspin_tf,mlp,0.0035,0.4,3,5,57,0.7998641864022475,3.3693625598387507,0.5180722891566265,3.3693625598387507,0.5180722891566265
LSPIN,lspin_tf,mlp,0.0035,0.4,3,6,57,0.7458631475932378,2.6641471403376165,0.3695652173913043,3.212648022171832,0.4823529411764706
LSPIN,lspin_tf,mlp,0.0035,0.4,3,7,57,0.8071743195535865,3.291005291005291,0.5,3.526077097505669,0.5555555555555556
LSPIN,lspin_tf,mlp,0.0035,0.4,4,5,57,0.7375335479000138,2.742504409171076,0.3846153846153846,3.212648022171832,0.4823529411764706
LSPIN,lspin_tf,mlp,0.0035,0.4,4,6,57,0.7194884052171809,2.742504409171076,0.3846153846153846,3.3693625598387507,0.5180722891566265
LSPIN,lspin_tf,mlp,0.0035,0.4,4,7,57,0.7284160136734446,2.5857898715041574,0.3548387096774194,3.055933484504913,0.4482758620689655
LSPIN,lspin_tf,mlp,0.0035,0.4,5,6,57,0.7262684257454346,3.212648022171832,0.4823529411764706,2.742504409171076,0.3846153846153846
LSPIN,lspin_tf,mlp,0.0035,0.4,5,7,57,0.7464996757316001,3.212648022171832,0.4823529411764706,2.8992189468379945,0.4157303370786517
LSPIN,lspin_tf,mlp,0.0035,0.4,6,7,57,0.7326122424460765,2.8208616780045355,0.4,3.1342907533383726,0.4651162790697674
LSPIN,lspin_tf,mlp,0.0105,0.4,0,1,61,0.5325476329886809,2.2723607961703203,0.2989690721649484,2.507432602670698,0.3404255319148936
LSPIN,lspin_tf,mlp,0.0105,0.4,0,2,61,0.6007492012668837,2.3507180650037798,0.3125,2.6641471403376165,0.3695652173913043
LSPIN,lspin_tf,mlp,0.0105,0.4,0,3,61,0.4644631517166729,1.802217183169564,0.2233009708737864,2.1940035273368608,0.2857142857142857
LSPIN,lspin_tf,mlp,0.0105,0.4,0,4,61,0.5637692316241902,2.3507180650037798,0.3125,2.507432602670698,0.3404255319148936
LSPIN,lspin_tf,mlp,0.0105,0.4,0,5,61,0.4993287864468485,2.037288989669942,0.26,2.429075333837239,0.3263157894736842
LSPIN,lspin_tf,mlp,0.0105,0.4,0,6,61,0.4530778457446446,1.802217183169564,0.2233009708737864,2.1940035273368608,0.2857142857142857
LSPIN,lspin_tf,mlp,0.0105,0.4,0,7,61,0.5744064707217027,1.958931720836483,0.2475247524752475,2.429075333837239,0.3263157894736842
LSPIN,lspin_tf,mlp,0.0105,0.4,1,2,61,0.6005630531002664,2.2723607961703203,0.2989690721649484,2.429075333837239,0.3263157894736842
LSPIN,lspin_tf,mlp,0.0105,0.4,1,3,61,0.6243886795796687,2.8208616780045355,0.4,2.8992189468379945,0.4157303370786517
LSPIN,lspin_tf,mlp,0.0105,0.4,1,4,61,0.5352171325532834,2.1940035273368608,0.2857142857142857,2.6641471403376165,0.3695652173913043
LSPIN,lspin_tf,mlp,0.0105,0.4,1,5,61,0.5922550670518231,2.507432602670698,0.3404255319148936,2.6641471403376165,0.3695652173913043
LSPIN,lspin_tf,mlp,0.0105,0.4,1,6,61,0.5160297390348247,2.1940035273368608,0.2857142857142857,2.6641471403376165,0.3695652173913043
LSPIN,lspin_tf,mlp,0.0105,0.4,1,7,61,0.6177888067632515,2.8208616780045355,0.4,2.5857898715041574,0.3548387096774194
LSPIN,lspin_tf,mlp,0.0105,0.4,2,3,61,0.6371702001169661,2.2723607961703203,0.2989690721649484,2.977576215671454,0.4318181818181818
LSPIN,lspin_tf,mlp,0.0105,0.4,2,4,61,0.6160452480846115,2.429075333837239,0.3263157894736842,2.5857898715041574,0.3548387096774194
LSPIN,lspin_tf,mlp,0.0105,0.4,2,5,61,0.5534681657836279,2.037288989669942,0.26,2.429075333837239,0.3263157894736842
LSPIN,lspin_tf,mlp,0.0105,0.4,2,6,61,0.5656798333428888,2.1940035273368608,0.2857142857142857,2.6641471403376165,0.3695652173913043
LSPIN,lspin_tf,mlp,0.0105,0.4,2,7,61,0.5788786550251332,2.6641471403376165,0.3695652173913043,2.5857898715041574,0.3548387096774194
LSPIN,lspin_tf,mlp,0.0105,0.4,3,4,61,0.4958869972866758,2.429075333837239,0.3263157894736842,2.3507180650037798,0.3125
LSPIN,lspin_tf,mlp,0.0105,0.4,3,5,61,0.4922450108989197,2.2723607961703203,0.2989690721649484,2.429075333837239,0.3263157894736842
LSPIN,lspin_tf,mlp,0.0105,0.4,3,6,61,0.5352519098242507,2.429075333837239,0.3263157894736842,2.6641471403376165,0.3695652173913043
LSPIN,lspin_tf,mlp,0.0105,0.4,3,7,61,0.6020769643138684,2.742504409171076,0.3846153846153846,2.6641471403376165,0.3695652173913043
LSPIN,lspin_tf,mlp,0.0105,0.4,4,5,61,0.4905354952906177,2.2723607961703203,0.2989690721649484,2.3507180650037798,0.3125
LSPIN,lspin_tf,mlp,0.0105,0.4,4,6,61,0.5498147532028943,2.2723607961703203,0.2989690721649484,2.037288989669942,0.26
LSPIN,lspin_tf,mlp,0.0105,0.4,4,7,61,0.5247661890442923,2.1940035273368608,0.2857142857142857,2.3507180650037798,0.3125
LSPIN,lspin_tf,mlp,0.0105,0.4,5,6,61,0.5312851700880088,1.802217183169564,0.2233009708737864,2.429075333837239,0.3263157894736842
LSPIN,lspin_tf,mlp,0.0105,0.4,5,7,61,0.4937201253559743,2.1156462585034013,0.2727272727272727,2.3507180650037798,0.3125
LSPIN,lspin_tf,mlp,0.0105,0.4,6,7,61,0.5555023522873456,2.742504409171076,0.3846153846153846,2.507432602670698,0.3404255319148936
Concrete,concrete,mlp,0.0011,0.0,0,1,65,0.7946736669077326,3.3693625598387507,0.5180722891566265,3.526077097505669,0.5555555555555556
Concrete,concrete,mlp,0.0011,0.0,0,2,65,0.8359770304764642,3.526077097505669,0.5555555555555556,3.291005291005291,0.5
Concrete,concrete,mlp,0.0011,0.0,0,3,65,0.8220218970625054,3.4477198286722097,0.5365853658536586,3.3693625598387507,0.5180722891566265
Concrete,concrete,mlp,0.0011,0.0,0,4,65,0.6987672937035109,2.977576215671454,0.4318181818181818,2.2723607961703203,0.2989690721649484
Concrete,concrete,mlp,0.0011,0.0,0,5,65,0.8142266454135791,3.4477198286722097,0.5365853658536586,3.4477198286722097,0.5365853658536586
Concrete,concrete,mlp,0.0011,0.0,0,6,65,0.7865121748037741,2.8992189468379945,0.4157303370786517,3.526077097505669,0.5555555555555556
Concrete,concrete,mlp,0.0011,0.0,0,7,65,0.8547798508598352,3.682791635172588,0.5949367088607594,3.4477198286722097,0.5365853658536586
Concrete,concrete,mlp,0.0011,0.0,1,2,65,0.801824904761003,3.212648022171832,0.4823529411764706,3.604434366339128,0.575
Concrete,concrete,mlp,0.0011,0.0,1,3,65,0.7982549391361792,2.977576215671454,0.4318181818181818,3.4477198286722097,0.5365853658536586
Concrete,concrete,mlp,0.0011,0.0,1,4,65,0.6681616617676565,2.429075333837239,0.3263157894736842,2.8992189468379945,0.4157303370786517
Concrete,concrete,mlp,0.0011,0.0,1,5,65,0.8345866464522216,2.8208616780045355,0.4,3.8395061728395055,0.6363636363636364
Concrete,concrete,mlp,0.0011,0.0,1,6,65,0.7499849438737763,2.429075333837239,0.3263157894736842,3.4477198286722097,0.5365853658536586
Concrete,concrete,mlp,0.0011,0.0,1,7,65,0.8367618174490329,3.3693625598387507,0.5180722891566265,3.917863441672966,0.6578947368421053
Concrete,concrete,mlp,0.0011,0.0,2,3,65,0.8000069284523235,3.291005291005291,0.5,3.1342907533383726,0.4651162790697674
Concrete,concrete,mlp,0.0011,0.0,2,4,65,0.7640955692858491,3.291005291005291,0.5,2.6641471403376165,0.3695652173913043
Concrete,concrete,mlp,0.0011,0.0,2,5,65,0.8385223485936554,3.604434366339128,0.575,3.682791635172588,0.5949367088607594
Concrete,concrete,mlp,0.0011,0.0,2,6,65,0.7786392100645184,2.977576215671454,0.4318181818181818,3.4477198286722097,0.5365853658536586
Concrete,concrete,mlp,0.0011,0.0,2,7,65,0.8444528471269944,3.996220710506425,0.68,3.604434366339128,0.575
Concrete,concrete,mlp,0.0011,0.0,3,4,65,0.7121747282836672,2.977576215671454,0.4318181818181818,2.507432602670698,0.3404255319148936
Concrete,concrete,mlp,0.0011,0.0,3,5,65,0.8064866062390337,3.291005291005291,0.5,3.3693625598387507,0.5180722891566265
Concrete,concrete,mlp,0.0011,0.0,3,6,65,0.7875272145884094,2.8992189468379945,0.4157303370786517,3.526077097505669,0.5555555555555556
Concrete,concrete,mlp,0.0011,0.0,3,7,65,0.8439747552889444,3.4477198286722097,0.5365853658536586,3.3693625598387507,0.5180722891566265
Concrete,concrete,mlp,0.0011,0.0,4,5,65,0.7539171990514891,3.291005291005291,0.5,3.055933484504913,0.4482758620689655
Concrete,concrete,mlp,0.0011,0.0,4,6,65,0.7736235391389048,2.8208616780045355,0.4,2.8992189468379945,0.4157303370786517
Concrete,concrete,mlp,0.0011,0.0,4,7,65,0.718386075858871,3.055933484504913,0.4482758620689655,3.055933484504913,0.4482758620689655
Concrete,concrete,mlp,0.0011,0.0,5,6,65,0.7722922470489737,3.1342907533383726,0.4651162790697674,3.4477198286722097,0.5365853658536586
Concrete,concrete,mlp,0.0011,0.0,5,7,65,0.8198852807203927,3.4477198286722097,0.5365853658536586,3.526077097505669,0.5555555555555556
Concrete,concrete,mlp,0.0011,0.0,6,7,65,0.7896009398849589,3.1342907533383726,0.4651162790697674,3.682791635172588,0.5949367088607594
Concrete,concrete,mlp,0.0033,0.0,0,1,69,0.5965859895488957,2.429075333837239,0.3263157894736842,2.742504409171076,0.3846153846153846
Concrete,concrete,mlp,0.0033,0.0,0,2,69,0.6391482870303833,2.507432602670698,0.3404255319148936,2.429075333837239,0.3263157894736842
Concrete,concrete,mlp,0.0033,0.0,0,3,69,0.6619902940182039,2.8992189468379945,0.4157303370786517,2.3507180650037798,0.3125
Concrete,concrete,mlp,0.0033,0.0,0,4,69,0.6197399312063254,2.507432602670698,0.3404255319148936,2.3507180650037798,0.3125
Concrete,concrete,mlp,0.0033,0.0,0,5,69,0.539464349207889,2.3507180650037798,0.3125,1.958931720836483,0.2475247524752475
Concrete,concrete,mlp,0.0033,0.0,0,6,69,0.634760072973917,2.742504409171076,0.3846153846153846,2.2723607961703203,0.2989690721649484
Concrete,concrete,mlp,0.0033,0.0,0,7,69,0.5510657424349099,2.3507180650037798,0.3125,2.429075333837239,0.3263157894736842
Concrete,concrete,mlp,0.0033,0.0,1,2,69,0.6859185177352127,2.8208616780045355,0.4,3.055933484504913,0.4482758620689655
Concrete,concrete,mlp,0.0033,0.0,1,3,69,0.6329271257345759,2.429075333837239,0.3263157894736842,2.3507180650037798,0.3125
Concrete,concrete,mlp,0.0033,0.0,1,4,69,0.6363657702263091,2.5857898715041574,0.3548387096774194,2.5857898715041574,0.3548387096774194
Concrete,concrete,mlp,0.0033,0.0,1,5,69,0.6927668710457368,2.507432602670698,0.3404255319148936,2.977576215671454,0.4318181818181818
Concrete,concrete,mlp,0.0033,0.0,1,6,69,0.7454716812943295,3.1342907533383726,0.4651162790697674,2.8992189468379945,0.4157303370786517
Concrete,concrete,mlp,0.0033,0.0,1,7,69,0.6985293508146091,2.6641471403376165,0.3695652173913043,3.212648022171832,0.4823529411764706
Concrete,concrete,mlp,0.0033,0.0,2,3,69,0.5923921694207297,2.2723607961703203,0.2989690721649484,2.3507180650037798,0.3125
Concrete,concrete,mlp,0.0033,0.0,2,4,69,0.6227617845828685,2.8208616780045355,0.4,2.8208616780045355,0.4
Concrete,concrete,mlp,0.0033,0.0,2,5,69,0.6493362501138423,2.5857898715041574,0.3548387096774194,2.742504409171076,0.3846153846153846
Concrete,concrete,mlp,0.0033,0.0,2,6,69,0.6272168954390569,2.6641471403376165,0.3695652173913043,2.3507180650037798,0.3125
Concrete,concrete,mlp,0.0033,0.0,2,7,69,0.6359477487340434,2.6641471403376165,0.3695652173913043,2.977576215671454,0.4318181818181818
Concrete,concrete,mlp,0.0033,0.0,3,4,69,0.5930350553359096,2.6641471403376165,0.3695652173913043,2.507432602670698,0.3404255319148936
Concrete,concrete,mlp,0.0033,0.0,3,5,69,0.6115959495942375,2.742504409171076,0.3846153846153846,2.429075333837239,0.3263157894736842
Concrete,concrete,mlp,0.0033,0.0,3,6,69,0.7099347875697523,2.8208616780045355,0.4,2.6641471403376165,0.3695652173913043
Concrete,concrete,mlp,0.0033,0.0,3,7,69,0.5817931202646882,2.507432602670698,0.3404255319148936,2.037288989669942,0.26
Concrete,concrete,mlp,0.0033,0.0,4,5,69,0.6709467355211511,3.291005291005291,0.5,2.5857898715041574,0.3548387096774194
Concrete,concrete,mlp,0.0033,0.0,4,6,69,0.6416788619037231,2.742504409171076,0.3846153846153846,2.507432602670698,0.3404255319148936
Concrete,concrete,mlp,0.0033,0.0,4,7,69,0.6966531240080767,2.8208616780045355,0.4,3.055933484504913,0.4482758620689655
Concrete,concrete,mlp,0.0033,0.0,5,6,69,0.6924879659561233,3.055933484504913,0.4482758620689655,2.8208616780045355,0.4
Concrete,concrete,mlp,0.0033,0.0,5,7,69,0.7175398108063407,2.977576215671454,0.4318181818181818,2.8208616780045355,0.4
Concrete,concrete,mlp,0.0033,0.0,6,7,69,0.6688463494607443,2.8208616780045355,0.4,2.5857898715041574,0.3548387096774194
Concrete,concrete,mlp,0.0011,0.1,0,1,73,0.7434537134295177,2.742504409171076,0.3846153846153846,3.1342907533383726,0.4651162790697674
Concrete,concrete,mlp,0.0011,0.1,0,2,73,0.771944958090473,3.291005291005291,0.5,3.4477198286722097,0.5365853658536586
Concrete,concrete,mlp,0.0011,0.1,0,3,73,0.7950764115604628,3.055933484504913,0.4482758620689655,3.526077097505669,0.5555555555555556
Concrete,concrete,mlp,0.0011,0.1,0,4,73,0.782301036091648,3.055933484504913,0.4482758620689655,3.055933484504913,0.4482758620689655
Concrete,concrete,mlp,0.0011,0.1,0,5,73,0.7475360777312993,2.977576215671454,0.4318181818181818,3.4477198286722097,0.5365853658536586
Concrete,concrete,mlp,0.0011,0.1,0,6,73,0.797164629599776,2.977576215671454,0.4318181818181818,3.3693625598387507,0.5180722891566265
Concrete,concrete,mlp,0.0011,0.1,0,7,73,0.708600412808568,2.3507180650037798,0.3125,3.212648022171832,0.4823529411764706
Concrete,concrete,mlp,0.0011,0.1,1,2,73,0.7321061017157601,2.6641471403376165,0.3695652173913043,3.212648022171832,0.4823529411764706
Concrete,concrete,mlp,0.0011,0.1,1,3,73,0.7717865774376146,3.212648022171832,0.4823529411764706,3.291005291005291,0.5
Concrete,concrete,mlp,0.0011,0.1,1,4,73,0.8056483778793133,3.1342907533383726,0.4651162790697674,3.291005291005291,0.5
Concrete,concrete,mlp,0.0011,0.1,1,5,73,0.7875844244767463,3.055933484504913,0.4482758620689655,3.055933484504913,0.4482758620689655
Concrete,concrete,mlp,0.0011,0.1,1,6,73,0.7468847925886358,2.8992189468379945,0.4157303370786517,2.977576215671454,0.4318181818181818
Concrete,concrete,mlp,0.0011,0.1,1,7,73,0.807629683285249,2.742504409171076,0.3846153846153846,3.526077097505669,0.5555555555555556
Concrete,concrete,mlp,0.0011,0.1,2,3,73,0.7515142470330168,2.742504409171076,0.3846153846153846,3.4477198286722097,0.5365853658536586
Concrete,concrete,mlp,0.0011,0.1,2,4,73,0.7827534093409366,3.212648022171832,0.4823529411764706,3.1342907533383726,0.4651162790697674
Concrete,concrete,mlp,0.0011,0.1,2,5,73,0.7721418972617841,2.977576215671454,0.4318181818181818,3.526077097505669,0.5555555555555556
Concrete,concrete,mlp,0.0011,0.1,2,6,73,0.7992105661054529,3.055933484504913,0.4482758620689655,3.3693625598387507,0.5180722891566265
Concrete,concrete,mlp,0.0011,0.1,2,7,73,0.7217769645031636,2.742504409171076,0.3846153846153846,3.3693625598387507,0.5180722891566265
Concrete,concrete,mlp,0.0011,0.1,3,4,73,0.7549569097618976,2.8208616780045355,0.4,3.212648022171832,0.4823529411764706
Concrete,concrete,mlp,0.0011,0.1,3,5,73,0.8115918415814954,3.1342907533383726,0.4651162790697674,3.682791635172588,0.5949367088607594
Concrete,concrete,mlp,0.0011,0.1,3,6,73,0.7964242817840596,3.055933484504913,0.4482758620689655,3.291005291005291,0.5
Concrete,concrete,mlp,0.0011,0.1,3,7,73,0.7802093630102783,2.742504409171076,0.3846153846153846,3.212648022171832,0.4823529411764706
Concrete,concrete,mlp,0.0011,0.1,4,5,73,0.744644306871643,3.055933484504913,0.4482758620689655,3.212648022171832,0.4823529411764706
Concrete,concrete,mlp,0.0011,0.1,4,6,73,0.7853600410126164,3.212648022171832,0.4823529411764706,2.977576215671454,0.4318181818181818
Concrete,concrete,mlp,0.0011,0.1,4,7,73,0.8195422335787522,2.977576215671454,0.4318181818181818,3.682791635172588,0.5949367088607594
Concrete,concrete,mlp,0.0011,0.1,5,6,73,0.781622003847242,3.4477198286722097,0.5365853658536586,3.3693625598387507,0.5180722891566265
Concrete,concrete,mlp,0.0011,0.1,5,7,73,0.791718818586088,3.055933484504913,0.4482758620689655,3.4477198286722097,0.5365853658536586
Concrete,concrete,mlp,0.0011,0.1,6,7,73,0.7416364001930076,2.977576215671454,0.4318181818181818,2.977576215671454,0.4318181818181818
Concrete,concrete,mlp,0.0033,0.1,0,1,77,0.6887247055999025,2.8992189468379945,0.4157303370786517,2.6641471403376165,0.3695652173913043
Concrete,concrete,mlp,0.0033,0.1,0,2,77,0.7517798108387396,2.429075333837239,0.3263157894736842,3.291005291005291,0.5
Concrete,concrete,mlp,0.0033,0.1,0,3,77,0.6568256184963429,2.8208616780045355,0.4,3.212648022171832,0.4823529411764706
Concrete,concrete,mlp,0.0033,0.1,0,4,77,0.7405389990583203,2.6641471403376165,0.3695652173913043,3.291005291005291,0.5
Concrete,concrete,mlp,0.0033,0.1,0,5,77,0.7639276341611159,2.6641471403376165,0.3695652173913043,2.977576215671454,0.4318181818181818
Concrete,concrete,mlp,0.0033,0.1,0,6,77,0.7430816949774982,2.6641471403376165,0.3695652173913043,2.742504409171076,0.3846153846153846
Concrete,concrete,mlp,0.0033,0.1,0,7,77,0.7288013317499014,3.1342907533383726,0.4651162790697674,2.977576215671454,0.4318181818181818
Concrete,concrete,mlp,0.0033,0.1,1,2,77,0.6763471459928131,2.5857898715041574,0.3548387096774194,2.8992189468379945,0.4157303370786517
Concrete,concrete,mlp,0.0033,0.1,1,3,77,0.6430938315861803,2.5857898715041574,0.3548387096774194,2.507432602670698,0.3404255319148936
Concrete,concrete,mlp,0.0033,0.1,1,4,77,0.6882017978284475,2.6641471403376165,0.3695652173913043,2.977576215671454,0.4318181818181818
Concrete,concrete,mlp,0.0033,0.1,1,5,77,0.6686754705551734,2.742504409171076,0.3846153846153846,2.8208616780045355,0.4
Concrete,concrete,mlp,0.0033,0.1,1,6,77,0.6801328445407482,2.6641471403376165,0.3695652173913043,2.507432602670698,0.3404255319148936
Concrete,concrete,mlp,0.0033,0.1,1,7,77,0.740078697251715,2.742504409171076,0.3846153846153846,2.6641471403376165,0.3695652173913043
Concrete,concrete,mlp,0.0033,0.1,2,3,77,0.631036153778346,2.429075333837239,0.3263157894736842,2.742504409171076,0.3846153846153846
Concrete,concrete,mlp,0.0033,0.1,2,4,77,0.7146709134296074,2.8992189468379945,0.4157303370786517,2.8208616780045355,0.4
Concrete,concrete,mlp,0.0033,0.1,2,5,77,0.7275591519199889,2.3507180650037798,0.3125,3.1342907533383726,0.4651162790697674
Concrete,concrete,mlp,0.0033,0.1,2,6,77,0.6673071377347491,2.1156462585034013,0.2727272727272727,2.5857898715041574,0.3548387096774194
Concrete,concrete,mlp,0.0033,0.1,2,7,77,0.6906878483743127,2.742504409171076,0.3846153846153846,2.8208616780045355,0.4
Concrete,concrete,mlp,0.0033,0.1,3,4,77,0.6497374341269333,3.055933484504913,0.4482758620689655,3.1342907533383726,0.4651162790697674
Concrete,concrete,mlp,0.0033,0.1,3,5,77,0.6200941180084673,2.8208616780045355,0.4,2.6641471403376165,0.3695652173913043
Concrete,concrete,mlp,0.0033,0.1,3,6,77,0.679707408666351,2.507432602670698,0.3404255319148936,2.742504409171076,0.3846153846153846
Concrete,concrete,mlp,0.0033,0.1,3,7,77,0.668421579120543,2.6641471403376165,0.3695652173913043,2.8992189468379945,0.4157303370786517
Concrete,concrete,mlp,0.0033,0.1,4,5,77,0.6998116614175215,2.977576215671454,0.4318181818181818,2.8208616780045355,0.4
Concrete,concrete,mlp,0.0033,0.1,4,6,77,0.726294638738932,3.1342907533383726,0.4651162790697674,2.507432602670698,0.3404255319148936
Concrete,concrete,mlp,0.0033,0.1,4,7,77,0.748851698116603,3.212648022171832,0.4823529411764706,3.1342907533383726,0.4651162790697674
Concrete,concrete,mlp,0.0033,0.1,5,6,77,0.6882191993456785,2.5857898715041574,0.3548387096774194,3.1342907533383726,0.4651162790697674
Concrete,concrete,mlp,0.0033,0.1,5,7,77,0.7030756390824767,2.6641471403376165,0.3695652173913043,2.742504409171076,0.3846153846153846
Concrete,concrete,mlp,0.0033,0.1,6,7,77,0.7285462009868352,2.977576215671454,0.4318181818181818,3.1342907533383726,0.4651162790697674
Concrete,concrete,mlp,0.0011,0.2,0,1,81,0.7991035022076308,3.3693625598387507,0.5180722891566265,3.291005291005291,0.5
Concrete,concrete,mlp,0.0011,0.2,0,2,81,0.7785633878353039,3.291005291005291,0.5,3.212648022171832,0.4823529411764706
Concrete,concrete,mlp,0.0011,0.2,0,3,81,0.7739002499428748,3.212648022171832,0.4823529411764706,2.8992189468379945,0.4157303370786517
Concrete,concrete,mlp,0.0011,0.2,0,4,81,0.8108697560635426,3.3693625598387507,0.5180722891566265,3.1342907533383726,0.4651162790697674
Concrete,concrete,mlp,0.0011,0.2,0,5,81,0.7949229635928831,3.4477198286722097,0.5365853658536586,3.055933484504913,0.4482758620689655
Concrete,concrete,mlp,0.0011,0.2,0,6,81,0.8014151669531235,3.291005291005291,0.5,3.3693625598387507,0.5180722891566265
Concrete,concrete,mlp,0.0011,0.2,0,7,81,0.845171962575364,3.7611489040060473,0.6153846153846154,3.3693625598387507,0.5180722891566265
Concrete,concrete,mlp,0.0011,0.2,1,2,81,0.7846893628348185,2.977576215671454,0.4318181818181818,3.291005291005291,0.5
Concrete,concrete,mlp,0.0011,0.2,1,3,81,0.7666901700887631,3.055933484504913,0.4482758620689655,3.1342907533383726,0.4651162790697674
Concrete,concrete,mlp,0.0011,0.2,1,4,81,0.787553980451934,3.212648022171832,0.4823529411764706,3.291005291005291,0.5
Concrete,concrete,mlp,0.0011,0.2,1,5,81,0.8099333992576179,3.055933484504913,0.4482758620689655,3.291005291005291,0.5
Concrete,concrete,mlp,0.0011,0.2,1,6,81,0.7522572078125342,2.8208616780045355,0.4,3.055933484504913,0.4482758620689655
Concrete,concrete,mlp,0.0011,0.2,1,7,81,0.7768050624774938,2.8208616780045355,0.4,3.4477198286722097,0.5365853658536586
Concrete,concrete,mlp,0.0011,0.2,2,3,81,0.7559399754386218,2.977576215671454,0.4318181818181818,3.055933484504913,0.4482758620689655
Concrete,concrete,mlp,0.0011,0.2,2,4,81,0.7969347701456891,3.3693625598387507,0.5180722891566265,3.3693625598387507,0.5180722891566265
Concrete,concrete,mlp,0.0011,0.2,2,5,81,0.7987471948206849,3.291005291005291,0.5,3.055933484504913,0.4482758620689655
Concrete,concrete,mlp,0.0011,0.2,2,6,81,0.8010428822146486,3.212648022171832,0.4823529411764706,3.055933484504913,0.4482758620689655
Concrete,concrete,mlp,0.0011,0.2,2,7,81,0.7742035369976973,2.8208616780045355,0.4,3.055933484504913,0.4482758620689655
Concrete,concrete,mlp,0.0011,0.2,3,4,81,0.7733557274254537,3.526077097505669,0.5555555555555556,3.3693625598387507,0.5180722891566265
Concrete,concrete,mlp,0.0011,0.2,3,5,81,0.8164195514779266,3.212648022171832,0.4823529411764706,3.526077097505669,0.5555555555555556
Concrete,concrete,mlp,0.0011,0.2,3,6,81,0.7417932059917629,2.977576215671454,0.4318181818181818,2.8208616780045355,0.4
Concrete,concrete,mlp,0.0011,0.2,3,7,81,0.7924417685306594,2.8992189468379945,0.4157303370786517,3.4477198286722097,0.5365853658536586
Concrete,concrete,mlp,0.0011,0.2,4,5,81,0.8051404067392848,3.3693625598387507,0.5180722891566265,3.1342907533383726,0.4651162790697674
Concrete,concrete,mlp,0.0011,0.2,4,6,81,0.7727277813752874,3.291005291005291,0.5,3.055933484504913,0.4482758620689655
Concrete,concrete,mlp,0.0011,0.2,4,7,81,0.7848571984985606,3.291005291005291,0.5,3.1342907533383726,0.4651162790697674
Concrete,concrete,mlp,0.0011,0.2,5,6,81,0.7652071426590366,2.977576215671454,0.4318181818181818,3.055933484504913,0.4482758620689655
Concrete,concrete,mlp,0.0011,0.2,5,7,81,0.7793006419246871,3.055933484504913,0.4482758620689655,3.291005291005291,0.5
Concrete,concrete,mlp,0.0011,0.2,6,7,81,0.8231869799075509,3.212648022171832,0.4823529411764706,3.291005291005291,0.5
Concrete,concrete,mlp,0.0033,0.2,0,1,85,0.6831576970522629,2.742504409171076,0.3846153846153846,2.977576215671454,0.4318181818181818
Concrete,concrete,mlp,0.0033,0.2,0,2,85,0.6271811653518568,2.6641471403376165,0.3695652173913043,2.507432602670698,0.3404255319148936
Concrete,concrete,mlp,0.0033,0.2,0,3,85,0.5929884665927164,2.8208616780045355,0.4,2.1156462585034013,0.2727272727272727
Concrete,concrete,mlp,0.0033,0.2,0,4,85,0.6487373214560428,2.742504409171076,0.3846153846153846,2.8992189468379945,0.4157303370786517
Concrete,concrete,mlp,0.0033,0.2,0,5,85,0.6772928225236993,2.6641471403376165,0.3695652173913043,2.8992189468379945,0.4157303370786517
Concrete,concrete,mlp,0.0033,0.2,0,6,85,0.6789222024426236,2.8208616780045355,0.4,2.3507180650037798,0.3125
Concrete,concrete,mlp,0.0033,0.2,0,7,85,0.7201749793868493,2.8992189468379945,0.4157303370786517,2.8992189468379945,0.4157303370786517
Concrete,concrete,mlp,0.0033,0.2,1,2,85,0.6547503602369942,2.507432602670698,0.3404255319148936,2.6641471403376165,0.3695652173913043
Concrete,concrete,mlp,0.0033,0.2,1,3,85,0.5752469308286592,2.1940035273368608,0.2857142857142857,2.977576215671454,0.4318181818181818
Concrete,concrete,mlp,0.0033,0.2,1,4,85,0.6256655551626042,2.507432602670698,0.3404255319148936,2.8992189468379945,0.4157303370786517
Concrete,concrete,mlp,0.0033,0.2,1,5,85,0.6295544708853394,2.2723607961703203,0.2989690721649484,3.055933484504913,0.4482758620689655
Concrete,concrete,mlp,0.0033,0.2,1,6,85,0.6441701043414297,2.507432602670698,0.3404255319148936,2.742504409171076,0.3846153846153846
Concrete,concrete,mlp,0.0033,0.2,1,7,85,0.5680725946714819,2.037288989669942,0.26,2.8208616780045355,0.4
Concrete,concrete,mlp,0.0033,0.2,2,3,85,0.5705734274401261,2.5857898715041574,0.3548387096774194,2.2723607961703203,0.2989690721649484
Concrete,concrete,mlp,0.0033,0.2,2,4,85,0.6243894397696444,2.6641471403376165,0.3695652173913043,2.2723607961703203,0.2989690721649484
Concrete,concrete,mlp,0.0033,0.2,2,5,85,0.6113390285645096,2.5857898715041574,0.3548387096774194,2.8992189468379945,0.4157303370786517
Concrete,concrete,mlp,0.0033,0.2,2,6,85,0.5796978493065451,2.507432602670698,0.3404255319148936,2.6641471403376165,0.3695652173913043
Concrete,concrete,mlp,0.0033,0.2,2,7,85,0.5631395963751884,2.3507180650037798,0.3125,2.742504409171076,0.3846153846153846
Concrete,concrete,mlp,0.0033,0.2,3,4,85,0.6451811181543243,2.742504409171076,0.3846153846153846,2.429075333837239,0.3263157894736842
Concrete,concrete,mlp,0.0033,0.2,3,5,85,0.6541117938746871,2.6641471403376165,0.3695652173913043,2.429075333837239,0.3263157894736842
Concrete,concrete,mlp,0.0033,0.2,3,6,85,0.6005037553313558,2.5857898715041574,0.3548387096774194,2.2723607961703203,0.2989690721649484
Concrete,concrete,mlp,0.0033,0.2,3,7,85,0.5625958912518485,2.507432602670698,0.3404255319148936,2.1940035273368608,0.2857142857142857
Concrete,concrete,mlp,0.0033,0.2,4,5,85,0.6991476362739865,2.742504409171076,0.3846153846153846,2.977576215671454,0.4318181818181818
Concrete,concrete,mlp,0.0033,0.2,4,6,85,0.6331652281776684,2.507432602670698,0.3404255319148936,2.2723607961703203,0.2989690721649484
Concrete,concrete,mlp,0.0033,0.2,4,7,85,0.6106044207828426,2.507432602670698,0.3404255319148936,2.8208616780045355,0.4
Concrete,concrete,mlp,0.0033,0.2,5,6,85,0.6596989576970159,2.3507180650037798,0.3125,2.507432602670698,0.3404255319148936
Concrete,concrete,mlp,0.0033,0.2,5,7,85,0.6134873192861495,2.6641471403376165,0.3695652173913043,2.977576215671454,0.4318181818181818
Concrete,concrete,mlp,0.0033,0.2,6,7,85,0.634209750777808,2.5857898715041574,0.3548387096774194,2.507432602670698,0.3404255319148936
Concrete,concrete,mlp,0.0011,0.4,0,1,89,0.812749953597796,3.055933484504913,0.4482758620689655,3.291005291005291,0.5
Concrete,concrete,mlp,0.0011,0.4,0,2,89,0.8222603505685678,3.291005291005291,0.5,3.4477198286722097,0.5365853658536586
Concrete,concrete,mlp,0.0011,0.4,0,3,89,0.8262596662278595,3.3693625598387507,0.5180722891566265,3.3693625598387507,0.5180722891566265
Concrete,concrete,mlp,0.0011,0.4,0,4,89,0.8292241359616926,3.526077097505669,0.5555555555555556,3.3693625598387507,0.5180722891566265
Concrete,concrete,mlp,0.0011,0.4,0,5,89,0.8147803344645995,2.8208616780045355,0.4,3.3693625598387507,0.5180722891566265
Concrete,concrete,mlp,0.0011,0.4,0,6,89,0.8062733686811736,3.291005291005291,0.5,3.3693625598387507,0.5180722891566265
Concrete,concrete,mlp,0.0011,0.4,0,7,89,0.747937921268173,2.8992189468379945,0.4157303370786517,3.212648022171832,0.4823529411764706
Concrete,concrete,mlp,0.0011,0.4,1,2,89,0.7643636761275344,3.055933484504913,0.4482758620689655,2.742504409171076,0.3846153846153846
Concrete,concrete,mlp,0.0011,0.4,1,3,89,0.8115880465162687,3.604434366339128,0.575,3.1342907533383726,0.4651162790697674
Concrete,concrete,mlp,0.0011,0.4,1,4,89,0.7664237094188167,3.055933484504913,0.4482758620689655,3.212648022171832,0.4823529411764706
Concrete,concrete,mlp,0.0011,0.4,1,5,89,0.8226901840147834,3.212648022171832,0.4823529411764706,3.1342907533383726,0.4651162790697674
Concrete,concrete,mlp,0.0011,0.4,1,6,89,0.8040985378198131,3.3693625598387507,0.5180722891566265,3.3693625598387507,0.5180722891566265
Concrete,concrete,mlp,0.0011,0.4,1,7,89,0.7343427852249982,2.8208616780045355,0.4,2.8992189468379945,0.4157303370786517
Concrete,concrete,mlp,0.0011,0.4,2,3,89,0.775269092580364,3.055933484504913,0.4482758620689655,3.055933484504913,0.4482758620689655
Concrete,concrete,mlp,0.0011,0.4,2,4,89,0.8194772211650468,3.4477198286722097,0.5365853658536586,3.3693625598387507,0.5180722891566265
Concrete,concrete,mlp,0.0011,0.4,2,5,89,0.7849327852699048,2.977576215671454,0.4318181818181818,3.1342907533383726,0.4651162790697674
Concrete,concrete,mlp,0.0011,0.4,2,6,89,0.8055665632742343,2.977576215671454,0.4318181818181818,3.055933484504913,0.4482758620689655
Concrete,concrete,mlp,0.0011,0.4,2,7,89,0.7607833060174519,2.977576215671454,0.4318181818181818,2.977576215671454,0.4318181818181818
Concrete,concrete,mlp,0.0011,0.4,3,4,89,0.7707716743241151,3.1342907533383726,0.4651162790697674,3.4477198286722097,0.5365853658536586
Concrete,concrete,mlp,0.0011,0.4,3,5,89,0.8353289935997178,3.212648022171832,0.4823529411764706,3.212648022171832,0.4823529411764706
Concrete,concrete,mlp,0.0011,0.4,3,6,89,0.8519277460421918,3.682791635172588,0.5949367088607594,3.604434366339128,0.575
Concrete,concrete,mlp,0.0011,0.4,3,7,89,0.7364429899314071,2.6641471403376165,0.3695652173913043,3.291005291005291,0.5
Concrete,concrete,mlp,0.0011,0.4,4,5,89,0.7888220709862961,3.291005291005291,0.5,3.212648022171832,0.4823529411764706
Concrete,concrete,mlp,0.0011,0.4,4,6,89,0.7875355630774338,3.212648022171832,0.4823529411764706,3.4477198286722097,0.5365853658536586
Concrete,concrete,mlp,0.0011,0.4,4,7,89,0.7504129329362682,3.1342907533383726,0.4651162790697674,2.977576215671454,0.4318181818181818
Concrete,concrete,mlp,0.0011,0.4,5,6,89,0.8384013466066722,3.4477198286722097,0.5365853658536586,3.682791635172588,0.5949367088607594
Concrete,concrete,mlp,0.0011,0.4,5,7,89,0.6905230860285352,2.742504409171076,0.3846153846153846,2.977576215671454,0.4318181818181818
Concrete,concrete,mlp,0.0011,0.4,6,7,89,0.7382497907644086,2.8208616780045355,0.4,3.212648022171832,0.4823529411764706
Concrete,concrete,mlp,0.0033,0.4,0,1,93,0.7264588646263866,2.977576215671454,0.4318181818181818,2.5857898715041574,0.3548387096774194
Concrete,concrete,mlp,0.0033,0.4,0,2,93,0.5919015481347427,2.429075333837239,0.3263157894736842,2.429075333837239,0.3263157894736842
Concrete,concrete,mlp,0.0033,0.4,0,3,93,0.5946255088833381,2.3507180650037798,0.3125,2.3507180650037798,0.3125
Concrete,concrete,mlp,0.0033,0.4,0,4,93,0.6648129613686342,2.742504409171076,0.3846153846153846,2.5857898715041574,0.3548387096774194
Concrete,concrete,mlp,0.0033,0.4,0,5,93,0.6754595894614263,2.742504409171076,0.3846153846153846,2.507432602670698,0.3404255319148936
Concrete,concrete,mlp,0.0033,0.4,0,6,93,0.5449091550466967,2.6641471403376165,0.3695652173913043,2.6641471403376165,0.3695652173913043
Concrete,concrete,mlp,0.0033,0.4,0,7,93,0.5091723908709328,2.5857898715041574,0.3548387096774194,2.2723607961703203,0.2989690721649484
Concrete,concrete,mlp,0.0033,0.4,1,2,93,0.664853063652568,2.5857898715041574,0.3548387096774194,2.8208616780045355,0.4
Concrete,concrete,mlp,0.0033,0.4,1,3,93,0.5874328024777496,2.1156462585034013,0.2727272727272727,2.1940035273368608,0.2857142857142857
Concrete,concrete,mlp,0.0033,0.4,1,4,93,0.7035389831544253,2.977576215671454,0.4318181818181818,2.742504409171076,0.3846153846153846
Concrete,concrete,mlp,0.0033,0.4,1,5,93,0.6310975707457244,2.742504409171076,0.3846153846153846,2.5857898715041574,0.3548387096774194
Concrete,concrete,mlp,0.0033,0.4,1,6,93,0.5398662533750834,2.1940035273368608,0.2857142857142857,2.2723607961703203,0.2989690721649484
Concrete,concrete,mlp,0.0033,0.4,1,7,93,0.5498715086394435,1.958931720836483,0.2475247524752475,2.507432602670698,0.3404255319148936
Concrete,concrete,mlp,0.0033,0.4,2,3,93,0.5813029280971543,2.5857898715041574,0.3548387096774194,2.6641471403376165,0.3695652173913043
Concrete,concrete,mlp,0.0033,0.4,2,4,93,0.633147490985301,2.429075333837239,0.3263157894736842,2.742504409171076,0.3846153846153846
Concrete,concrete,mlp,0.0033,0.4,2,5,93,0.5671682506260162,2.429075333837239,0.3263157894736842,2.507432602670698,0.3404255319148936
Concrete,concrete,mlp,0.0033,0.4,2,6,93,0.4834067492449926,2.742504409171076,0.3846153846153846,2.8208616780045355,0.4
Concrete,concrete,mlp,0.0033,0.4,2,7,93,0.4821374053140768,2.742504409171076,0.3846153846153846,2.2723607961703203,0.2989690721649484
Concrete,concrete,mlp,0.0033,0.4,3,4,93,0.5763043888207177,2.1940035273368608,0.2857142857142857,2.742504409171076,0.3846153846153846
Concrete,concrete,mlp,0.0033,0.4,3,5,93,0.5091921909052383,1.880574452003024,0.2352941176470588,2.429075333837239,0.3263157894736842
Concrete,concrete,mlp,0.0033,0.4,3,6,93,0.6151055355054713,2.1940035273368608,0.2857142857142857,2.977576215671454,0.4318181818181818
Concrete,concrete,mlp,0.0033,0.4,3,7,93,0.6099534579991458,2.2723607961703203,0.2989690721649484,2.8208616780045355,0.4
Concrete,concrete,mlp,0.0033,0.4,4,5,93,0.6696593269187278,2.6641471403376165,0.3695652173913043,2.8208616780045355,0.4
Concrete,concrete,mlp,0.0033,0.4,4,6,93,0.5159572888521919,2.1940035273368608,0.2857142857142857,2.429075333837239,0.3263157894736842
Concrete,concrete,mlp,0.0033,0.4,4,7,93,0.5840688307948445,2.3507180650037798,0.3125,2.2723607961703203,0.2989690721649484
Concrete,concrete,mlp,0.0033,0.4,5,6,93,0.5240437878371464,2.507432602670698,0.3404255319148936,2.6641471403376165,0.3695652173913043
Concrete,concrete,mlp,0.0033,0.4,5,7,93,0.5661728516323737,2.429075333837239,0.3263157894736842,2.3507180650037798,0.3125
Concrete,concrete,mlp,0.0033,0.4,6,7,93,0.6628050504503477,2.429075333837239,0.3263157894736842,2.8208616780045355,0.4
Concrete,concrete,mlp,0.0011,0.0,0,1,97,0.8129229958267679,3.291005291005291,0.5,3.7611489040060473,0.6153846153846154
Concrete,concrete,mlp,0.0011,0.0,0,2,97,0.7801232872781053,3.055933484504913,0.4482758620689655,3.526077097505669,0.5555555555555556
Concrete,concrete,mlp,0.0011,0.0,0,3,97,0.7977176721413783,3.212648022171832,0.4823529411764706,3.3693625598387507,0.5180722891566265
Concrete,concrete,mlp,0.0011,0.0,0,4,97,0.8146703381200393,3.1342907533383726,0.4651162790697674,3.526077097505669,0.5555555555555556
Concrete,concrete,mlp,0.0011,0.0,0,5,97,0.8020122143630009,3.055933484504913,0.4482758620689655,3.3693625598387507,0.5180722891566265
Concrete,concrete,mlp,0.0011,0.0,0,6,97,0.8063497766535799,2.977576215671454,0.4318181818181818,2.977576215671454,0.4318181818181818
Concrete,concrete,mlp,0.0011,0.0,0,7,97,0.8143645307233349,3.291005291005291,0.5,3.526077097505669,0.5555555555555556
Concrete,concrete,mlp,0.0011,0.0,1,2,97,0.8313178925475136,3.1342907533383726,0.4651162790697674,3.3693625598387507,0.5180722891566265
Concrete,concrete,mlp,0.0011,0.0,1,3,97,0.8163557737566094,3.212648022171832,0.4823529411764706,3.291005291005291,0.5
Concrete,concrete,mlp,0.0011,0.0,1,4,97,0.7565673022082309,2.8208616780045355,0.4,3.055933484504913,0.4482758620689655
Concrete,concrete,mlp,0.0011,0.0,1,5,97,0.8045241845052655,3.055933484504913,0.4482758620689655,3.4477198286722097,0.5365853658536586
Concrete,concrete,mlp,0.0011,0.0,1,6,97,0.7962277807352004,3.1342907533383726,0.4651162790697674,3.055933484504913,0.4482758620689655
Concrete,concrete,mlp,0.0011,0.0,1,7,97,0.8388971559319685,3.212648022171832,0.4823529411764706,3.604434366339128,0.575
Concrete,concrete,mlp,0.0011,0.0,2,3,97,0.830933255000327,3.682791635172588,0.5949367088607594,3.4477198286722097,0.5365853658536586
Concrete,concrete,mlp,0.0011,0.0,2,4,97,0.7768207062396185,2.977576215671454,0.4318181818181818,3.3693625598387507,0.5180722891566265
Concrete,concrete,mlp,0.0011,0.0,2,5,97,0.7970814305009672,3.1342907533383726,0.4651162790697674,3.526077097505669,0.5555555555555556
Concrete,concrete,mlp,0.0011,0.0,2,6,97,0.8362287415991828,3.291005291005291,0.5,3.291005291005291,0.5
Concrete,concrete,mlp,0.0011,0.0,2,7,97,0.844133840815438,3.4477198286722097,0.5365853658536586,3.3693625598387507,0.5180722891566265
Concrete,concrete,mlp,0.0011,0.0,3,4,97,0.7648991914320186,3.055933484504913,0.4482758620689655,3.3693625598387507,0.5180722891566265
Concrete,concrete,mlp,0.0011,0.0,3,5,97,0.8217615892660317,3.1342907533383726,0.4651162790697674,3.291005291005291,0.5
Concrete,concrete,mlp,0.0011,0.0,3,6,97,0.8260380558040606,3.4477198286722097,0.5365853658536586,3.4477198286722097,0.5365853658536586
Concrete,concrete,mlp,0.0011,0.0,3,7,97,0.8481789762446785,3.604434366339128,0.575,3.526077097505669,0.5555555555555556
Concrete,concrete,mlp,0.0011,0.0,4,5,97,0.7920605452582679,3.055933484504913,0.4482758620689655,3.4477198286722097,0.5365853658536586
Concrete,concrete,mlp,0.0011,0.0,4,6,97,0.766154650916719,3.055933484504913,0.4482758620689655,3.291005291005291,0.5
Concrete,concrete,mlp,0.0011,0.0,4,7,97,0.8314210360064976,3.526077097505669,0.5555555555555556,3.291005291005291,0.5
Concrete,concrete,mlp,0.0011,0.0,5,6,97,0.8199802139553908,3.3693625598387507,0.5180722891566265,3.526077097505669,0.5555555555555556
Concrete,concrete,mlp,0.0011,0.0,5,7,97,0.8668567669669873,3.4477198286722097,0.5365853658536586,3.7611489040060473,0.6153846153846154
Concrete,concrete,mlp,0.0011,0.0,6,7,97,0.8650206912859035,3.4477198286722097,0.5365853658536586,3.526077097505669,0.5555555555555556
Concrete,concrete,mlp,0.0033,0.0,0,1,101,0.6163458640941185,2.6641471403376165,0.3695652173913043,2.507432602670698,0.3404255319148936
Concrete,concrete,mlp,0.0033,0.0,0,2,101,0.7091069601293375,2.5857898715041574,0.3548387096774194,2.742504409171076,0.3846153846153846
Concrete,concrete,mlp,0.0033,0.0,0,3,101,0.7414695017603288,3.055933484504913,0.4482758620689655,2.977576215671454,0.4318181818181818
Concrete,concrete,mlp,0.0033,0.0,0,4,101,0.6416974471599961,2.5857898715041574,0.3548387096774194,2.8208616780045355,0.4
Concrete,concrete,mlp,0.0033,0.0,0,5,101,0.6460877890805904,2.429075333837239,0.3263157894736842,2.977576215671454,0.4318181818181818
Concrete,concrete,mlp,0.0033,0.0,0,6,101,0.7205932355514253,2.977576215671454,0.4318181818181818,2.6641471403376165,0.3695652173913043
Concrete,concrete,mlp,0.0033,0.0,0,7,101,0.6689989586585875,2.2723607961703203,0.2989690721649484,2.742504409171076,0.3846153846153846
Concrete,concrete,mlp,0.0033,0.0,1,2,101,0.5612279396209774,2.977576215671454,0.4318181818181818,1.880574452003024,0.2352941176470588
Concrete,concrete,mlp,0.0033,0.0,1,3,101,0.6576096416686807,2.977576215671454,0.4318181818181818,2.5857898715041574,0.3548387096774194
Concrete,concrete,mlp,0.0033,0.0,1,4,101,0.6657768956404015,2.977576215671454,0.4318181818181818,2.742504409171076,0.3846153846153846
Concrete,concrete,mlp,0.0033,0.0,1,5,101,0.6097701136085077,2.8208616780045355,0.4,2.2723607961703203,0.2989690721649484
Concrete,concrete,mlp,0.0033,0.0,1,6,101,0.5767705914962814,2.8992189468379945,0.4157303370786517,2.5857898715041574,0.3548387096774194
Concrete,concrete,mlp,0.0033,0.0,1,7,101,0.6611030320124534,2.5857898715041574,0.3548387096774194,2.977576215671454,0.4318181818181818
Concrete,concrete,mlp,0.0033,0.0,2,3,101,0.6799886003677409,2.977576215671454,0.4318181818181818,2.742504409171076,0.3846153846153846
Concrete,concrete,mlp,0.0033,0.0,2,4,101,0.5727599712968008,2.5857898715041574,0.3548387096774194,2.5857898715041574,0.3548387096774194
Concrete,concrete,mlp,0.0033,0.0,2,5,101,0.5976040775203078,2.6641471403376165,0.3695652173913043,2.507432602670698,0.3404255319148936
Concrete,concrete,mlp,0.0033,0.0,2,6,101,0.6738183449657197,2.977576215671454,0.4318181818181818,2.5857898715041574,0.3548387096774194
Concrete,concrete,mlp,0.0033,0.0,2,7,101,0.5769137555701158,2.2723607961703203,0.2989690721649484,2.5857898715041574,0.3548387096774194
Concrete,concrete,mlp,0.0033,0.0,3,4,101,0.6974461945537144,2.8992189468379945,0.4157303370786517,3.3693625598387507,0.5180722891566265
Concrete,concrete,mlp,0.0033,0.0,3,5,101,0.7203456106800209,2.977576215671454,0.4318181818181818,2.8992189468379945,0.4157303370786517
Concrete,concrete,mlp,0.0033,0.0,3,6,101,0.714048517487161,2.977576215671454,0.4318181818181818,2.8992189468379945,0.4157303370786517
Concrete,concrete,mlp,0.0033,0.0,3,7,101,0.701355505201568,2.1940035273368608,0.2857142857142857,2.742504409171076,0.3846153846153846
Concrete,concrete,mlp,0.0033,0.0,4,5,101,0.6773237671771208,2.742504409171076,0.3846153846153846,2.742504409171076,0.3846153846153846
Concrete,concrete,mlp,0.0033,0.0,4,6,101,0.5870256909926052,2.507432602670698,0.3404255319148936,2.5857898715041574,0.3548387096774194
Concrete,concrete,mlp,0.0033,0.0,4,7,101,0.7475569096531526,2.977576215671454,0.4318181818181818,3.1342907533383726,0.4651162790697674
Concrete,concrete,mlp,0.0033,0.0,5,6,101,0.6741334021544583,2.8208616780045355,0.4,2.6641471403376165,0.3695652173913043
Concrete,concrete,mlp,0.0033,0.0,5,7,101,0.732391534498835,2.5857898715041574,0.3548387096774194,2.742504409171076,0.3846153846153846
Concrete,concrete,mlp,0.0033,0.0,6,7,101,0.6198161084052887,2.429075333837239,0.3263157894736842,2.742504409171076,0.3846153846153846
Concrete,concrete,mlp,0.0011,0.1,0,1,105,0.7472933281798314,2.977576215671454,0.4318181818181818,3.055933484504913,0.4482758620689655
Concrete,concrete,mlp,0.0011,0.1,0,2,105,0.7578969879022345,2.8208616780045355,0.4,3.291005291005291,0.5
Concrete,concrete,mlp,0.0011,0.1,0,3,105,0.8274169962066509,3.212648022171832,0.4823529411764706,3.526077097505669,0.5555555555555556
Concrete,concrete,mlp,0.0011,0.1,0,4,105,0.7091027146734725,2.6641471403376165,0.3695652173913043,2.977576215671454,0.4318181818181818
Concrete,concrete,mlp,0.0011,0.1,0,5,105,0.805468458493039,2.977576215671454,0.4318181818181818,3.604434366339128,0.575
Concrete,concrete,mlp,0.0011,0.1,0,6,105,0.7436628132316703,2.977576215671454,0.4318181818181818,2.977576215671454,0.4318181818181818
Concrete,concrete,mlp,0.0011,0.1,0,7,105,0.8181743801119228,3.3693625598387507,0.5180722891566265,3.526077097505669,0.5555555555555556
Concrete,concrete,mlp,0.0011,0.1,1,2,105,0.7892262938983151,3.291005291005291,0.5,3.4477198286722097,0.5365853658536586
Concrete,concrete,mlp,0.0011,0.1,1,3,105,0.8020942382119972,3.526077097505669,0.5555555555555556,3.3693625598387507,0.5180722891566265
Concrete,concrete,mlp,0.0011,0.1,1,4,105,0.7841770836092901,3.055933484504913,0.4482758620689655,3.291005291005291,0.5
Concrete,concrete,mlp,0.0011,0.1,1,5,105,0.8176550687838844,3.1342907533383726,0.4651162790697674,3.055933484504913,0.4482758620689655
Concrete,concrete,mlp,0.0011,0.1,1,6,105,0.7498956109128957,2.977576215671454,0.4318181818181818,2.977576215671454,0.4318181818181818
Concrete,concrete,mlp,0.0011,0.1,1,7,105,0.8286277399272594,3.1342907533383726,0.4651162790697674,3.291005291005291,0.5
Concrete,concrete,mlp,0.0011,0.1,2,3,105,0.7894552170129896,2.977576215671454,0.4318181818181818,3.291005291005291,0.5
Concrete,concrete,mlp,0.0011,0.1,2,4,105,0.8133245704386356,3.055933484504913,0.4482758620689655,3.055933484504913,0.4482758620689655
Concrete,concrete,mlp,0.0011,0.1,2,5,105,0.8402422819283697,3.291005291005291,0.5,3.3693625598387507,0.5180722891566265
Concrete,concrete,mlp,0.0011,0.1,2,6,105,0.7852295506417942,3.291005291005291,0.5,2.8208616780045355,0.4
Concrete,concrete,mlp,0.0011,0.1,2,7,105,0.8289827303067903,2.977576215671454,0.4318181818181818,3.291005291005291,0.5
Concrete,concrete,mlp,0.0011,0.1,3,4,105,0.7438661933120916,2.977576215671454,0.4318181818181818,3.212648022171832,0.4823529411764706
Concrete,concrete,mlp,0.0011,0.1,3,5,105,0.8355077894096736,3.1342907533383726,0.4651162790697674,3.604434366339128,0.575
Concrete,concrete,mlp,0.0011,0.1,3,6,105,0.8020948110532945,3.4477198286722097,0.5365853658536586,3.1342907533383726,0.4651162790697674
Concrete,concrete,mlp,0.0011,0.1,3,7,105,0.8612956697633961,3.3693625598387507,0.5180722891566265,3.604434366339128,0.575
Concrete,concrete,mlp,0.0011,0.1,4,5,105,0.7967455536037822,2.977576215671454,0.4318181818181818,3.1342907533383726,0.4651162790697674
Concrete,concrete,mlp,0.0011,0.1,4,6,105,0.7481290480480123,2.977576215671454,0.4318181818181818,2.977576215671454,0.4318181818181818
Concrete,concrete,mlp,0.0011,0.1,4,7,105,0.791939377463718,2.742504409171076,0.3846153846153846,3.055933484504913,0.4482758620689655
Concrete,concrete,mlp,0.0011,0.1,5,6,105,0.8200967123553989,3.055933484504913,0.4482758620689655,2.977576215671454,0.4318181818181818
Concrete,concrete,mlp,0.0011,0.1,5,7,105,0.859514443652077,3.212648022171832,0.4823529411764706,3.526077097505669,0.5555555555555556
Concrete,concrete,mlp,0.0011,0.1,6,7,105,0.8301918867104089,3.3693625598387507,0.5180722891566265,3.4477198286722097,0.5365853658536586
Concrete,concrete,mlp,0.0033,0.1,0,1,109,0.6667470974540158,2.5857898715041574,0.3548387096774194,2.8208616780045355,0.4
Concrete,concrete,mlp,0.0033,0.1,0,2,109,0.6448692565299016,2.8208616780045355,0.4,2.507432602670698,0.3404255319148936
Concrete,concrete,mlp,0.0033,0.1,0,3,109,0.6384161315156007,2.8208616780045355,0.4,2.5857898715041574,0.3548387096774194
Concrete,concrete,mlp,0.0033,0.1,0,4,109,0.5864372534166649,2.742504409171076,0.3846153846153846,2.6641471403376165,0.3695652173913043
Concrete,concrete,mlp,0.0033,0.1,0,5,109,0.650616012671223,2.1940035273368608,0.2857142857142857,3.212648022171832,0.4823529411764706
Concrete,concrete,mlp,0.0033,0.1,0,6,109,0.6516779790963165,2.977576215671454,0.4318181818181818,2.8208616780045355,0.4
Concrete,concrete,mlp,0.0033,0.1,0,7,109,0.6598470796202878,2.8208616780045355,0.4,2.6641471403376165,0.3695652173913043
Concrete,concrete,mlp,0.0033,0.1,1,2,109,0.6797466999428681,2.507432602670698,0.3404255319148936,2.742504409171076,0.3846153846153846
Concrete,concrete,mlp,0.0033,0.1,1,3,109,0.5903117664546825,2.3507180650037798,0.3125,2.5857898715041574,0.3548387096774194
Concrete,concrete,mlp,0.0033,0.1,1,4,109,0.5635886719181133,2.3507180650037798,0.3125,2.977576215671454,0.4318181818181818
Concrete,concrete,mlp,0.0033,0.1,1,5,109,0.693963098236395,2.429075333837239,0.3263157894736842,3.212648022171832,0.4823529411764706
Concrete,concrete,mlp,0.0033,0.1,1,6,109,0.6765929219028554,2.507432602670698,0.3404255319148936,2.742504409171076,0.3846153846153846
Concrete,concrete,mlp,0.0033,0.1,1,7,109,0.666927153216738,2.507432602670698,0.3404255319148936,3.055933484504913,0.4482758620689655
Concrete,concrete,mlp,0.0033,0.1,2,3,109,0.613559085698959,2.507432602670698,0.3404255319148936,2.6641471403376165,0.3695652173913043
Concrete,concrete,mlp,0.0033,0.1,2,4,109,0.6573904427455135,2.507432602670698,0.3404255319148936,3.212648022171832,0.4823529411764706
Concrete,concrete,mlp,0.0033,0.1,2,5,109,0.6868839027352549,2.8208616780045355,0.4,3.212648022171832,0.4823529411764706
Concrete,concrete,mlp,0.0033,0.1,2,6,109,0.6634855915246386,2.6641471403376165,0.3695652173913043,2.8208616780045355,0.4
Concrete,concrete,mlp,0.0033,0.1,2,7,109,0.6429536591373421,2.429075333837239,0.3263157894736842,2.742504409171076,0.3846153846153846
Concrete,concrete,mlp,0.0033,0.1,3,4,109,0.6102356539267336,2.6641471403376165,0.3695652173913043,2.742504409171076,0.3846153846153846
Concrete,concrete,mlp,0.0033,0.1,3,5,109,0.6145061789732388,2.429075333837239,0.3263157894736842,2.977576215671454,0.4318181818181818
Concrete,concrete,mlp,0.0033,0.1,3,6,109,0.5906157004071755,2.507432602670698,0.3404255319148936,2.2723607961703203,0.2989690721649484
Concrete,concrete,mlp,0.0033,0.1,3,7,109,0.5833620094388446,2.6641471403376165,0.3695652173913043,2.742504409171076,0.3846153846153846
Concrete,concrete,mlp,0.0033,0.1,4,5,109,0.545695913001536,2.1940035273368608,0.2857142857142857,2.8208616780045355,0.4
Concrete,concrete,mlp,0.0033,0.1,4,6,109,0.5614422169885966,2.5857898715041574,0.3548387096774194,2.5857898715041574,0.3548387096774194
Concrete,concrete,mlp,0.0033,0.1,4,7,109,0.6161419920104043,2.977576215671454,0.4318181818181818,2.977576215671454,0.4318181818181818
Concrete,concrete,mlp,0.0033,0.1,5,6,109,0.7079800726427623,2.507432602670698,0.3404255319148936,3.212648022171832,0.4823529411764706
Concrete,concrete,mlp,0.0033,0.1,5,7,109,0.5979549515252672,2.742504409171076,0.3846153846153846,2.977576215671454,0.4318181818181818
Concrete,concrete,mlp,0.0033,0.1,6,7,109,0.682930585890277,3.1342907533383726,0.4651162790697674,2.742504409171076,0.3846153846153846
Concrete,concrete,mlp,0.0011,0.2,0,1,113,0.8438962453276191,3.3693625598387507,0.5180722891566265,3.4477198286722097,0.5365853658536586
Concrete,concrete,mlp,0.0011,0.2,0,2,113,0.8564529190362635,3.212648022171832,0.4823529411764706,3.3693625598387507,0.5180722891566265
Concrete,concrete,mlp,0.0011,0.2,0,3,113,0.8645885547793116,3.3693625598387507,0.5180722891566265,3.212648022171832,0.4823529411764706
Concrete,concrete,mlp,0.0011,0.2,0,4,113,0.8248701872800192,3.1342907533383726,0.4651162790697674,3.212648022171832,0.4823529411764706
Concrete,concrete,mlp,0.0011,0.2,0,5,113,0.8512203757306174,3.212648022171832,0.4823529411764706,3.526077097505669,0.5555555555555556
Concrete,concrete,mlp,0.0011,0.2,0,6,113,0.8385088999765549,3.4477198286722097,0.5365853658536586,3.3693625598387507,0.5180722891566265
Concrete,concrete,mlp,0.0011,0.2,0,7,113,0.8408508789894856,3.3693625598387507,0.5180722891566265,3.4477198286722097,0.5365853658536586
Concrete,concrete,mlp,0.0011,0.2,1,2,113,0.8689336064216937,3.4477198286722097,0.5365853658536586,3.604434366339128,0.575
Concrete,concrete,mlp,0.0011,0.2,1,3,113,0.8315111927566299,3.4477198286722097,0.5365853658536586,3.291005291005291,0.5
Concrete,concrete,mlp,0.0011,0.2,1,4,113,0.8442461285003333,3.4477198286722097,0.5365853658536586,3.4477198286722097,0.5365853658536586
Concrete,concrete,mlp,0.0011,0.2,1,5,113,0.8083244261304492,3.212648022171832,0.4823529411764706,3.4477198286722097,0.5365853658536586
Concrete,concrete,mlp,0.0011,0.2,1,6,113,0.8254411312016955,3.4477198286722097,0.5365853658536586,2.8992189468379945,0.4157303370786517
Concrete,concrete,mlp,0.0011,0.2,1,7,113,0.8348767598294815,3.291005291005291,0.5,3.604434366339128,0.575
Concrete,concrete,mlp,0.0011,0.2,2,3,113,0.8630651720429411,3.8395061728395055,0.6363636363636364,3.3693625598387507,0.5180722891566265
Concrete,concrete,mlp,0.0011,0.2,2,4,113,0.8497820832670362,3.212648022171832,0.4823529411764706,3.7611489040060473,0.6153846153846154
Concrete,concrete,mlp,0.0011,0.2,2,5,113,0.8290625077255271,3.3693625598387507,0.5180722891566265,3.4477198286722097,0.5365853658536586
Concrete,concrete,mlp,0.0011,0.2,2,6,113,0.8222375160819193,3.604434366339128,0.575,2.977576215671454,0.4318181818181818
Concrete,concrete,mlp,0.0011,0.2,2,7,113,0.8706546369049915,3.4477198286722097,0.5365853658536586,3.3693625598387507,0.5180722891566265
Concrete,concrete,mlp,0.0011,0.2,3,4,113,0.8190414628134203,3.3693625598387507,0.5180722891566265,3.291005291005291,0.5
Concrete,concrete,mlp,0.0011,0.2,3,5,113,0.8415197743162722,3.291005291005291,0.5,3.3693625598387507,0.5180722891566265
Concrete,concrete,mlp,0.0011,0.2,3,6,113,0.831447691648881,3.4477198286722097,0.5365853658536586,3.055933484504913,0.4482758620689655
Concrete,concrete,mlp,0.0011,0.2,3,7,113,0.8331930707068816,3.3693625598387507,0.5180722891566265,3.1342907533383726,0.4651162790697674
Concrete,concrete,mlp,0.0011,0.2,4,5,113,0.7980807990920407,3.055933484504913,0.4482758620689655,3.212648022171832,0.4823529411764706
Concrete,concrete,mlp,0.0011,0.2,4,6,113,0.8261567528951282,3.3693625598387507,0.5180722891566265,3.055933484504913,0.4482758620689655
Concrete,concrete,mlp,0.0011,0.2,4,7,113,0.8515467495678252,3.604434366339128,0.575,3.526077097505669,0.5555555555555556
Concrete,concrete,mlp,0.0011,0.2,5,6,113,0.82760625544963,3.212648022171832,0.4823529411764706,3.4477198286722097,0.5365853658536586
Concrete,concrete,mlp,0.0011,0.2,5,7,113,0.818925078959814,3.1342907533383726,0.4651162790697674,3.3693625598387507,0.5180722891566265
Concrete,concrete,mlp,0.0011,0.2,6,7,113,0.8177662636157681,3.1342907533383726,0.4651162790697674,3.212648022171832,0.4823529411764706
Concrete,concrete,mlp,0.0033,0.2,0,1,117,0.8014130838140713,3.3693625598387507,0.5180722891566265,2.977576215671454,0.4318181818181818
Concrete,concrete,mlp,0.0033,0.2,0,2,117,0.6894087598425667,2.977576215671454,0.4318181818181818,2.8208616780045355,0.4
Concrete,concrete,mlp,0.0033,0.2,0,3,117,0.7083682557321379,3.055933484504913,0.4482758620689655,2.5857898715041574,0.3548387096774194
Concrete,concrete,mlp,0.0033,0.2,0,4,117,0.6602896252472312,2.8992189468379945,0.4157303370786517,2.3507180650037798,0.3125
Concrete,concrete,mlp,0.0033,0.2,0,5,117,0.7443582478571321,2.8992189468379945,0.4157303370786517,2.8208616780045355,0.4
Concrete,concrete,mlp,0.0033,0.2,0,6,117,0.7507360611797119,3.4477198286722097,0.5365853658536586,3.055933484504913,0.4482758620689655
Concrete,concrete,mlp,0.0033,0.2,0,7,117,0.6974396945441154,2.977576215671454,0.4318181818181818,2.6641471403376165,0.3695652173913043
Concrete,concrete,mlp,0.0033,0.2,1,2,117,0.6871933029332843,2.6641471403376165,0.3695652173913043,3.291005291005291,0.5
Concrete,concrete,mlp,0.0033,0.2,1,3,117,0.7686745625964218,2.977576215671454,0.4318181818181818,3.1342907533383726,0.4651162790697674
Concrete,concrete,mlp,0.0033,0.2,1,4,117,0.671812812410122,2.977576215671454,0.4318181818181818,2.8992189468379945,0.4157303370786517
Concrete,concrete,mlp,0.0033,0.2,1,5,117,0.7755376346929527,2.8992189468379945,0.4157303370786517,3.291005291005291,0.5
Concrete,concrete,mlp,0.0033,0.2,1,6,117,0.7544487243337782,2.977576215671454,0.4318181818181818,3.4477198286722097,0.5365853658536586
Concrete,concrete,mlp,0.0033,0.2,1,7,117,0.6921979682627382,2.977576215671454,0.4318181818181818,2.8992189468379945,0.4157303370786517
Concrete,concrete,mlp,0.0033,0.2,2,3,117,0.65499657718053,2.8208616780045355,0.4,3.055933484504913,0.4482758620689655
Concrete,concrete,mlp,0.0033,0.2,2,4,117,0.659369031356303,2.742504409171076,0.3846153846153846,2.8208616780045355,0.4
Concrete,concrete,mlp,0.0033,0.2,2,5,117,0.6848643956369374,2.507432602670698,0.3404255319148936,3.291005291005291,0.5
Concrete,concrete,mlp,0.0033,0.2,2,6,117,0.7427309620933601,3.055933484504913,0.4482758620689655,3.212648022171832,0.4823529411764706
Concrete,concrete,mlp,0.0033,0.2,2,7,117,0.6062382509227271,2.429075333837239,0.3263157894736842,2.8992189468379945,0.4157303370786517
Concrete,concrete,mlp,0.0033,0.2,3,4,117,0.6773964011708111,2.507432602670698,0.3404255319148936,2.977576215671454,0.4318181818181818
Concrete,concrete,mlp,0.0033,0.2,3,5,117,0.7375804980074006,3.1342907533383726,0.4651162790697674,3.055933484504913,0.4482758620689655
Concrete,concrete,mlp,0.0033,0.2,3,6,117,0.6632062841942787,2.429075333837239,0.3263157894736842,2.742504409171076,0.3846153846153846
Concrete,concrete,mlp,0.0033,0.2,3,7,117,0.671302134882561,3.055933484504913,0.4482758620689655,2.742504409171076,0.3846153846153846
Concrete,concrete,mlp,0.0033,0.2,4,5,117,0.6183794935415386,2.3507180650037798,0.3125,2.507432602670698,0.3404255319148936
Concrete,concrete,mlp,0.0033,0.2,4,6,117,0.7016404697420157,3.212648022171832,0.4823529411764706,2.6641471403376165,0.3695652173913043
Concrete,concrete,mlp,0.0033,0.2,4,7,117,0.590045084976393,2.429075333837239,0.3263157894736842,2.2723607961703203,0.2989690721649484
Concrete,concrete,mlp,0.0033,0.2,5,6,117,0.7161643597953294,2.429075333837239,0.3263157894736842,2.8992189468379945,0.4157303370786517
Concrete,concrete,mlp,0.0033,0.2,5,7,117,0.6529558792570821,2.507432602670698,0.3404255319148936,2.8992189468379945,0.4157303370786517
Concrete,concrete,mlp,0.0033,0.2,6,7,117,0.618476689704026,2.5857898715041574,0.3548387096774194,2.6641471403376165,0.3695652173913043
Concrete,concrete,mlp,0.0011,0.4,0,1,121,0.8302044104933438,3.604434366339128,0.575,3.3693625598387507,0.5180722891566265
Concrete,concrete,mlp,0.0011,0.4,0,2,121,0.8025722288001609,3.526077097505669,0.5555555555555556,3.3693625598387507,0.5180722891566265
Concrete,concrete,mlp,0.0011,0.4,0,3,121,0.8137349271842266,2.8208616780045355,0.4,3.291005291005291,0.5
Concrete,concrete,mlp,0.0011,0.4,0,4,121,0.802132532929224,3.212648022171832,0.4823529411764706,3.4477198286722097,0.5365853658536586
Concrete,concrete,mlp,0.0011,0.4,0,5,121,0.8183958753108189,3.3693625598387507,0.5180722891566265,3.291005291005291,0.5
Concrete,concrete,mlp,0.0011,0.4,0,6,121,0.8216619276999612,3.604434366339128,0.575,2.977576215671454,0.4318181818181818
Concrete,concrete,mlp,0.0011,0.4,0,7,121,0.7897436821079207,3.291005291005291,0.5,3.3693625598387507,0.5180722891566265
Concrete,concrete,mlp,0.0011,0.4,1,2,121,0.8249530559950967,3.682791635172588,0.5949367088607594,3.604434366339128,0.575
Concrete,concrete,mlp,0.0011,0.4,1,3,121,0.8036088273663069,2.8992189468379945,0.4157303370786517,3.604434366339128,0.575
Concrete,concrete,mlp,0.0011,0.4,1,4,121,0.789794920469621,3.212648022171832,0.4823529411764706,3.3693625598387507,0.5180722891566265
Concrete,concrete,mlp,0.0011,0.4,1,5,121,0.8000260012644526,3.212648022171832,0.4823529411764706,3.3693625598387507,0.5180722891566265
Concrete,concrete,mlp,0.0011,0.4,1,6,121,0.8549274596227192,3.604434366339128,0.575,3.4477198286722097,0.5365853658536586
Concrete,concrete,mlp,0.0011,0.4,1,7,121,0.7757502338348686,3.212648022171832,0.4823529411764706,3.1342907533383726,0.4651162790697674
Concrete,concrete,mlp,0.0011,0.4,2,3,121,0.7782398093258939,2.8992189468379945,0.4157303370786517,3.526077097505669,0.5555555555555556
Concrete,concrete,mlp,0.0011,0.4,2,4,121,0.8394348643500386,3.4477198286722097,0.5365853658536586,3.7611489040060473,0.6153846153846154
Concrete,concrete,mlp,0.0011,0.4,2,5,121,0.8278702711779768,3.526077097505669,0.5555555555555556,3.212648022171832,0.4823529411764706
Concrete,concrete,mlp,0.0011,0.4,2,6,121,0.861605964966128,3.3693625598387507,0.5180722891566265,3.682791635172588,0.5949367088607594
Concrete,concrete,mlp,0.0011,0.4,2,7,121,0.7611377322666574,3.212648022171832,0.4823529411764706,3.212648022171832,0.4823529411764706
Concrete,concrete,mlp,0.0011,0.4,3,4,121,0.7729092208676183,2.8208616780045355,0.4,3.7611489040060473,0.6153846153846154
Concrete,concrete,mlp,0.0011,0.4,3,5,121,0.7844699138669025,2.6641471403376165,0.3695652173913043,3.291005291005291,0.5
Concrete,concrete,mlp,0.0011,0.4,3,6,121,0.7758029036464259,2.8992189468379945,0.4157303370786517,3.526077097505669,0.5555555555555556
Concrete,concrete,mlp,0.0011,0.4,3,7,121,0.782233820006769,2.8992189468379945,0.4157303370786517,3.526077097505669,0.5555555555555556
Concrete,concrete,mlp,0.0011,0.4,4,5,121,0.8292397648569512,3.1342907533383726,0.4651162790697674,3.1342907533383726,0.4651162790697674
Concrete,concrete,mlp,0.0011,0.4,4,6,121,0.8079982947818402,3.291005291005291,0.5,3.291005291005291,0.5
Concrete,concrete,mlp,0.0011,0.4,4,7,121,0.7583745276043817,3.1342907533383726,0.4651162790697674,3.526077097505669,0.5555555555555556
Concrete,concrete,mlp,0.0011,0.4,5,6,121,0.811161691169461,3.291005291005291,0.5,3.055933484504913,0.4482758620689655
Concrete,concrete,mlp,0.0011,0.4,5,7,121,0.7798485257025555,3.212648022171832,0.4823529411764706,3.291005291005291,0.5
Concrete,concrete,mlp,0.0011,0.4,6,7,121,0.7701661032174852,3.1342907533383726,0.4651162790697674,3.1342907533383726,0.4651162790697674
Concrete,concrete,mlp,0.0033,0.4,0,1,125,0.6949664392884206,2.977576215671454,0.4318181818181818,2.507432602670698,0.3404255319148936
Concrete,concrete,mlp,0.0033,0.4,0,2,125,0.6848259170561508,2.6641471403376165,0.3695652173913043,2.742504409171076,0.3846153846153846
Concrete,concrete,mlp,0.0033,0.4,0,3,125,0.5365315561352152,2.3507180650037798,0.3125,2.037288989669942,0.26
Concrete,concrete,mlp,0.0033,0.4,0,4,125,0.6403062938153903,2.5857898715041574,0.3548387096774194,2.8208616780045355,0.4
Concrete,concrete,mlp,0.0033,0.4,0,5,125,0.6006054693747065,2.429075333837239,0.3263157894736842,2.6641471403376165,0.3695652173913043
Concrete,concrete,mlp,0.0033,0.4,0,6,125,0.6323947951929328,2.5857898715041574,0.3548387096774194,2.507432602670698,0.3404255319148936
Concrete,concrete,mlp,0.0033,0.4,0,7,125,0.5848451831388298,2.5857898715041574,0.3548387096774194,2.2723607961703203,0.2989690721649484
Concrete,concrete,mlp,0.0033,0.4,1,2,125,0.6652646895481967,2.5857898715041574,0.3548387096774194,2.5857898715041574,0.3548387096774194
Concrete,concrete,mlp,0.0033,0.4,1,3,125,0.5766885914544465,2.2723607961703203,0.2989690721649484,2.3507180650037798,0.3125
Concrete,concrete,mlp,0.0033,0.4,1,4,125,0.6910224127652962,2.8208616780045355,0.4,3.055933484504913,0.4482758620689655
Concrete,concrete,mlp,0.0033,0.4,1,5,125,0.5703783328684224,2.429075333837239,0.3263157894736842,2.507432602670698,0.3404255319148936
Concrete,concrete,mlp,0.0033,0.4,1,6,125,0.6364561645420745,2.6641471403376165,0.3695652173913043,2.5857898715041574,0.3548387096774194
Concrete,concrete,mlp,0.0033,0.4,1,7,125,0.5620246693148623,2.429075333837239,0.3263157894736842,2.3507180650037798,0.3125
Concrete,concrete,mlp,0.0033,0.4,2,3,125,0.5354513212844222,2.037288989669942,0.26,2.037288989669942,0.26
Concrete,concrete,mlp,0.0033,0.4,2,4,125,0.6714979534762876,2.6641471403376165,0.3695652173913043,2.507432602670698,0.3404255319148936
Concrete,concrete,mlp,0.0033,0.4,2,5,125,0.6190856691927714,2.1940035273368608,0.2857142857142857,2.2723607961703203,0.2989690721649484
Concrete,concrete,mlp,0.0033,0.4,2,6,125,0.6283857893337415,2.507432602670698,0.3404255319148936,2.5857898715041574,0.3548387096774194
Concrete,concrete,mlp,0.0033,0.4,2,7,125,0.6338630916216054,2.429075333837239,0.3263157894736842,1.958931720836483,0.2475247524752475
Concrete,concrete,mlp,0.0033,0.4,3,4,125,0.5564552352765003,2.1940035273368608,0.2857142857142857,2.3507180650037798,0.3125
Concrete,concrete,mlp,0.0033,0.4,3,5,125,0.5619808947202307,2.3507180650037798,0.3125,2.507432602670698,0.3404255319148936
Concrete,concrete,mlp,0.0033,0.4,3,6,125,0.5619917640744202,2.3507180650037798,0.3125,2.1156462585034013,0.2727272727272727
Concrete,concrete,mlp,0.0033,0.4,3,7,125,0.5397237655994973,2.429075333837239,0.3263157894736842,1.958931720836483,0.2475247524752475
Concrete,concrete,mlp,0.0033,0.4,4,5,125,0.6237256890824723,2.429075333837239,0.3263157894736842,2.742504409171076,0.3846153846153846
Concrete,concrete,mlp,0.0033,0.4,4,6,125,0.6575313162077494,2.6641471403376165,0.3695652173913043,2.6641471403376165,0.3695652173913043
Concrete,concrete,mlp,0.0033,0.4,4,7,125,0.6326693752801923,2.742504409171076,0.3846153846153846,2.037288989669942,0.26
Concrete,concrete,mlp,0.0033,0.4,5,6,125,0.5834340624575068,2.429075333837239,0.3263157894736842,2.5857898715041574,0.3548387096774194
Concrete,concrete,mlp,0.0033,0.4,5,7,125,0.5955428321144104,2.2723607961703203,0.2989690721649484,2.742504409171076,0.3846153846153846
Concrete,concrete,mlp,0.0033,0.4,6,7,125,0.713839222681486,2.977576215671454,0.4318181818181818,2.1940035273368608,0.2857142857142857
L-LSPIN,lspin_tf,linear,0.0035,0.0,0,1,129,0.663916814265382,2.8208616780045355,0.4,2.8992189468379945,0.4157303370786517
L-LSPIN,lspin_tf,linear,0.0035,0.0,0,2,129,0.6512383119988127,2.5857898715041574,0.3548387096774194,2.8992189468379945,0.4157303370786517
L-LSPIN,lspin_tf,linear,0.0035,0.0,0,3,129,0.634526791760695,2.6641471403376165,0.3695652173913043,2.5857898715041574,0.3548387096774194
L-LSPIN,lspin_tf,linear,0.0035,0.0,0,4,129,0.6654564355964361,2.977576215671454,0.4318181818181818,2.742504409171076,0.3846153846153846
L-LSPIN,lspin_tf,linear,0.0035,0.0,0,5,129,0.6312111665646463,2.8208616780045355,0.4,2.5857898715041574,0.3548387096774194
L-LSPIN,lspin_tf,linear,0.0035,0.0,0,6,129,0.614894877598521,2.5857898715041574,0.3548387096774194,2.2723607961703203,0.2989690721649484
L-LSPIN,lspin_tf,linear,0.0035,0.0,0,7,129,0.6437793790976979,2.8208616780045355,0.4,2.429075333837239,0.3263157894736842
L-LSPIN,lspin_tf,linear,0.0035,0.0,1,2,129,0.6751360915935357,2.742504409171076,0.3846153846153846,2.8208616780045355,0.4
L-LSPIN,lspin_tf,linear,0.0035,0.0,1,3,129,0.670647779645481,2.8992189468379945,0.4157303370786517,2.8208616780045355,0.4
L-LSPIN,lspin_tf,linear,0.0035,0.0,1,4,129,0.6621131077266905,2.8208616780045355,0.4,2.8208616780045355,0.4
L-LSPIN,lspin_tf,linear,0.0035,0.0,1,5,129,0.6216132889080183,2.3507180650037798,0.3125,2.507432602670698,0.3404255319148936
L-LSPIN,lspin_tf,linear,0.0035,0.0,1,6,129,0.6385337373997628,2.8208616780045355,0.4,2.3507180650037798,0.3125
L-LSPIN,lspin_tf,linear,0.0035,0.0,1,7,129,0.6583553309666809,2.6641471403376165,0.3695652173913043,2.742504409171076,0.3846153846153846
L-LSPIN,lspin_tf,linear,0.0035,0.0,2,3,129,0.6775619783721816,2.8208616780045355,0.4,3.055933484504913,0.4482758620689655
L-LSPIN,lspin_tf,linear,0.0035,0.0,2,4,129,0.6729083557730086,2.507432602670698,0.3404255319148936,2.5857898715041574,0.3548387096774194
L-LSPIN,lspin_tf,linear,0.0035,0.0,2,5,129,0.6541575691572462,2.6641471403376165,0.3695652173913043,2.429075333837239,0.3263157894736842
L-LSPIN,lspin_tf,linear,0.0035,0.0,2,6,129,0.6576993743793035,2.8992189468379945,0.4157303370786517,2.5857898715041574,0.3548387096774194
L-LSPIN,lspin_tf,linear,0.0035,0.0,2,7,129,0.6362216620578722,2.6641471403376165,0.3695652173913043,2.1156462585034013,0.2727272727272727
L-LSPIN,lspin_tf,linear,0.0035,0.0,3,4,129,0.6613411310870981,2.8992189468379945,0.4157303370786517,2.507432602670698,0.3404255319148936
L-LSPIN,lspin_tf,linear,0.0035,0.0,3,5,129,0.6214000059693167,2.6641471403376165,0.3695652173913043,2.8992189468379945,0.4157303370786517
L-LSPIN,lspin_tf,linear,0.0035,0.0,3,6,129,0.7074529546355219,3.055933484504913,0.4482758620689655,2.8208616780045355,0.4
L-LSPIN,lspin_tf,linear,0.0035,0.0,3,7,129,0.6166424364254336,2.6641471403376165,0.3695652173913043,2.2723607961703203,0.2989690721649484
L-LSPIN,lspin_tf,linear,0.0035,0.0,4,5,129,0.6734697822476032,2.5857898715041574,0.3548387096774194,2.507432602670698,0.3404255319148936
L-LSPIN,lspin_tf,linear,0.0035,0.0,4,6,129,0.6546702608303888,2.6641471403376165,0.3695652173913043,2.429075333837239,0.3263157894736842
L-LSPIN,lspin_tf,linear,0.0035,0.0,4,7,129,0.7217131168485378,2.977576215671454,0.4318181818181818,2.5857898715041574,0.3548387096774194
L-LSPIN,lspin_tf,linear,0.0035,0.0,5,6,129,0.6032182921662146,2.2723607961703203,0.2989690721649484,2.1940035273368608,0.2857142857142857
L-LSPIN,lspin_tf,linear,0.0035,0.0,5,7,129,0.6488483406497777,2.507432602670698,0.3404255319148936,2.6641471403376165,0.3695652173913043
L-LSPIN,lspin_tf,linear,0.0035,0.0,6,7,129,0.6362516515918493,2.977576215671454,0.4318181818181818,2.742504409171076,0.3846153846153846
L-LSPIN,lspin_tf,linear,0.0105,0.0,0,1,133,0.4271030633125315,1.7238599143361049,0.2115384615384615,1.802217183169564,0.2233009708737864
L-LSPIN,lspin_tf,linear,0.0105,0.0,0,2,133,0.4830023506406948,2.1940035273368608,0.2857142857142857,1.802217183169564,0.2233009708737864
L-LSPIN,lspin_tf,linear,0.0105,0.0,0,3,133,0.5121547323758185,2.2723607961703203,0.2989690721649484,1.880574452003024,0.2352941176470588
L-LSPIN,lspin_tf,linear,0.0105,0.0,0,4,133,0.5139121395418019,2.037288989669942,0.26,2.1940035273368608,0.2857142857142857
L-LSPIN,lspin_tf,linear,0.0105,0.0,0,5,133,0.5611874300592439,2.429075333837239,0.3263157894736842,2.1156462585034013,0.2727272727272727
L-LSPIN,lspin_tf,linear,0.0105,0.0,0,6,133,0.5320959470103899,2.429075333837239,0.3263157894736842,1.880574452003024,0.2352941176470588
L-LSPIN,lspin_tf,linear,0.0105,0.0,0,7,133,0.516538359980338,2.3507180650037798,0.3125,2.1156462585034013,0.2727272727272727
L-LSPIN,lspin_tf,linear,0.0105,0.0,1,2,133,0.4858709332838763,1.958931720836483,0.2475247524752475,1.958931720836483,0.2475247524752475
L-LSPIN,lspin_tf,linear,0.0105,0.0,1,3,133,0.4566764565598442,1.880574452003024,0.2352941176470588,2.1156462585034013,0.2727272727272727
L-LSPIN,lspin_tf,linear,0.0105,0.0,1,4,133,0.5205292265668618,2.1156462585034013,0.2727272727272727,1.6455026455026456,0.2
L-LSPIN,lspin_tf,linear,0.0105,0.0,1,5,133,0.4851703953923734,2.1940035273368608,0.2857142857142857,1.4104308390022675,0.1666666666666666
L-LSPIN,lspin_tf,linear,0.0105,0.0,1,6,133,0.3922645398831824,2.037288989669942,0.26,1.488788107835727,0.1775700934579439
L-LSPIN,lspin_tf,linear,0.0105,0.0,1,7,133,0.4773543378257858,2.037288989669942,0.26,1.6455026455026456,0.2
L-LSPIN,lspin_tf,linear,0.0105,0.0,2,3,133,0.5886854526137569,2.507432602670698,0.3404255319148936,2.1156462585034013,0.2727272727272727
L-LSPIN,lspin_tf,linear,0.0105,0.0,2,4,133,0.579312542174751,2.3507180650037798,0.3125,2.429075333837239,0.3263157894736842
L-LSPIN,lspin_tf,linear,0.0105,0.0,2,5,133,0.4950096734509531,2.1940035273368608,0.2857142857142857,1.958931720836483,0.2475247524752475
L-LSPIN,lspin_tf,linear,0.0105,0.0,2,6,133,0.4761466641786683,1.958931720836483,0.2475247524752475,1.6455026455026456,0.2
L-LSPIN,lspin_tf,linear,0.0105,0.0,2,7,133,0.5632501977570515,2.037288989669942,0.26,2.037288989669942,0.26
L-LSPIN,lspin_tf,linear,0.0105,0.0,3,4,133,0.5560029467176149,2.1940035273368608,0.2857142857142857,2.3507180650037798,0.3125
L-LSPIN,lspin_tf,linear,0.0105,0.0,3,5,133,0.5537567291173454,2.3507180650037798,0.3125,2.1156462585034013,0.2727272727272727
L-LSPIN,lspin_tf,linear,0.0105,0.0,3,6,133,0.5442904285634975,2.2723607961703203,0.2989690721649484,2.1940035273368608,0.2857142857142857
L-LSPIN,lspin_tf,linear,0.0105,0.0,3,7,133,0.5061975299271297,2.037288989669942,0.26,2.2723607961703203,0.2989690721649484
L-LSPIN,lspin_tf,linear,0.0105,0.0,4,5,133,0.5204210189707378,2.2723607961703203,0.2989690721649484,2.1156462585034013,0.2727272727272727
L-LSPIN,lspin_tf,linear,0.0105,0.0,4,6,133,0.5343062001441713,2.5857898715041574,0.3548387096774194,1.7238599143361049,0.2115384615384615
L-LSPIN,lspin_tf,linear,0.0105,0.0,4,7,133,0.5720311633425162,2.507432602670698,0.3404255319148936,2.1940035273368608,0.2857142857142857
L-LSPIN,lspin_tf,linear,0.0105,0.0,5,6,133,0.5672812844664755,2.1940035273368608,0.2857142857142857,2.1940035273368608,0.2857142857142857
L-LSPIN,lspin_tf,linear,0.0105,0.0,5,7,133,0.5239485976248869,2.1156462585034013,0.2727272727272727,2.2723607961703203,0.2989690721649484
L-LSPIN,lspin_tf,linear,0.0105,0.0,6,7,133,0.4998391225563693,2.1940035273368608,0.2857142857142857,1.880574452003024,0.2352941176470588
L-LSPIN,lspin_tf,linear,0.0035,0.1,0,1,137,0.8385207996302199,3.212648022171832,0.4823529411764706,2.977576215671454,0.4318181818181818
L-LSPIN,lspin_tf,linear,0.0035,0.1,0,2,137,0.8139078638158231,3.291005291005291,0.5,3.055933484504913,0.4482758620689655
L-LSPIN,lspin_tf,linear,0.0035,0.1,0,3,137,0.8363387447056428,3.291005291005291,0.5,3.604434366339128,0.575
L-LSPIN,lspin_tf,linear,0.0035,0.1,0,4,137,0.8238833512643369,3.1342907533383726,0.4651162790697674,3.3693625598387507,0.5180722891566265
L-LSPIN,lspin_tf,linear,0.0035,0.1,0,5,137,0.8448793753363435,3.4477198286722097,0.5365853658536586,3.4477198286722097,0.5365853658536586
L-LSPIN,lspin_tf,linear,0.0035,0.1,0,6,137,0.8392994104118393,3.604434366339128,0.575,3.604434366339128,0.575
L-LSPIN,lspin_tf,linear,0.0035,0.1,0,7,137,0.8276480228968591,3.055933484504913,0.4482758620689655,3.212648022171832,0.4823529411764706
L-LSPIN,lspin_tf,linear,0.0035,0.1,1,2,137,0.8115694267972904,3.3693625598387507,0.5180722891566265,3.3693625598387507,0.5180722891566265
L-LSPIN,lspin_tf,linear,0.0035,0.1,1,3,137,0.8442900675450629,3.3693625598387507,0.5180722891566265,3.3693625598387507,0.5180722891566265
L-LSPIN,lspin_tf,linear,0.0035,0.1,1,4,137,0.8618465158245077,3.4477198286722097,0.5365853658536586,3.3693625598387507,0.5180722891566265
L-LSPIN,lspin_tf,linear,0.0035,0.1,1,5,137,0.8620933190081306,3.212648022171832,0.4823529411764706,3.526077097505669,0.5555555555555556
L-LSPIN,lspin_tf,linear,0.0035,0.1,1,6,137,0.8685372416802619,3.291005291005291,0.5,3.526077097505669,0.5555555555555556
L-LSPIN,lspin_tf,linear,0.0035,0.1,1,7,137,0.8771539754806106,3.682791635172588,0.5949367088607594,3.526077097505669,0.5555555555555556
L-LSPIN,lspin_tf,linear,0.0035,0.1,2,3,137,0.8420894164759773,3.1342907533383726,0.4651162790697674,3.1342907533383726,0.4651162790697674
L-LSPIN,lspin_tf,linear,0.0035,0.1,2,4,137,0.8727326983262382,3.604434366339128,0.575,3.3693625598387507,0.5180722891566265
L-LSPIN,lspin_tf,linear,0.0035,0.1,2,5,137,0.8379872675882518,3.3693625598387507,0.5180722891566265,3.055933484504913,0.4482758620689655
L-LSPIN,lspin_tf,linear,0.0035,0.1,2,6,137,0.8291973982198098,3.604434366339128,0.575,3.212648022171832,0.4823529411764706
L-LSPIN,lspin_tf,linear,0.0035,0.1,2,7,137,0.8178760380477249,3.212648022171832,0.4823529411764706,3.055933484504913,0.4482758620689655
L-LSPIN,lspin_tf,linear,0.0035,0.1,3,4,137,0.8360330523253845,3.604434366339128,0.575,3.055933484504913,0.4482758620689655
L-LSPIN,lspin_tf,linear,0.0035,0.1,3,5,137,0.8389915796769906,3.604434366339128,0.575,3.4477198286722097,0.5365853658536586
L-LSPIN,lspin_tf,linear,0.0035,0.1,3,6,137,0.8323745438513179,3.526077097505669,0.5555555555555556,3.604434366339128,0.575
L-LSPIN,lspin_tf,linear,0.0035,0.1,3,7,137,0.8105750736841585,3.3693625598387507,0.5180722891566265,3.212648022171832,0.4823529411764706
L-LSPIN,lspin_tf,linear,0.0035,0.1,4,5,137,0.8638653679938758,3.8395061728395055,0.6363636363636364,3.3693625598387507,0.5180722891566265
L-LSPIN,lspin_tf,linear,0.0035,0.1,4,6,137,0.866795632348262,3.917863441672966,0.6578947368421053,3.526077097505669,0.5555555555555556
L-LSPIN,lspin_tf,linear,0.0035,0.1,4,7,137,0.8583848149124974,3.291005291005291,0.5,3.291005291005291,0.5
L-LSPIN,lspin_tf,linear,0.0035,0.1,5,6,137,0.8768944955433368,4.074577979339884,0.7027027027027027,3.291005291005291,0.5
L-LSPIN,lspin_tf,linear,0.0035,0.1,5,7,137,0.8495569439213198,3.291005291005291,0.5,3.212648022171832,0.4823529411764706
L-LSPIN,lspin_tf,linear,0.0035,0.1,6,7,137,0.8723860716149248,3.3693625598387507,0.5180722891566265,3.526077097505669,0.5555555555555556
L-LSPIN,lspin_tf,linear,0.0105,0.1,0,1,141,0.6053368876644312,2.1940035273368608,0.2857142857142857,2.742504409171076,0.3846153846153846
L-LSPIN,lspin_tf,linear,0.0105,0.1,0,2,141,0.6357026802646586,2.6641471403376165,0.3695652173913043,2.3507180650037798,0.3125
L-LSPIN,lspin_tf,linear,0.0105,0.1,0,3,141,0.5455733208111797,2.1156462585034013,0.2727272727272727,2.8208616780045355,0.4
L-LSPIN,lspin_tf,linear,0.0105,0.1,0,4,141,0.6239926308868043,2.507432602670698,0.3404255319148936,2.8208616780045355,0.4
L-LSPIN,lspin_tf,linear,0.0105,0.1,0,5,141,0.6448302893550028,2.507432602670698,0.3404255319148936,2.8992189468379945,0.4157303370786517
L-LSPIN,lspin_tf,linear,0.0105,0.1,0,6,141,0.593725962986377,2.1940035273368608,0.2857142857142857,2.8208616780045355,0.4
L-LSPIN,lspin_tf,linear,0.0105,0.1,0,7,141,0.5671877771419135,2.507432602670698,0.3404255319148936,2.429075333837239,0.3263157894736842
L-LSPIN,lspin_tf,linear,0.0105,0.1,1,2,141,0.5261815250015103,2.507432602670698,0.3404255319148936,2.037288989669942,0.26
L-LSPIN,lspin_tf,linear,0.0105,0.1,1,3,141,0.5513319803789868,1.958931720836483,0.2475247524752475,2.6641471403376165,0.3695652173913043
L-LSPIN,lspin_tf,linear,0.0105,0.1,1,4,141,0.622192666261971,2.3507180650037798,0.3125,2.8208616780045355,0.4
L-LSPIN,lspin_tf,linear,0.0105,0.1,1,5,141,0.6309350655196965,2.3507180650037798,0.3125,2.742504409171076,0.3846153846153846
L-LSPIN,lspin_tf,linear,0.0105,0.1,1,6,141,0.561454128907371,2.5857898715041574,0.3548387096774194,2.6641471403376165,0.3695652173913043
L-LSPIN,lspin_tf,linear,0.0105,0.1,1,7,141,0.6296297192679126,2.5857898715041574,0.3548387096774194,2.5857898715041574,0.3548387096774194
L-LSPIN,lspin_tf,linear,0.0105,0.1,2,3,141,0.6155367321992405,2.6641471403376165,0.3695652173913043,2.1156462585034013,0.2727272727272727
L-LSPIN,lspin_tf,linear,0.0105,0.1,2,4,141,0.6035221298365884,2.3507180650037798,0.3125,2.1156462585034013,0.2727272727272727
L-LSPIN,lspin_tf,linear,0.0105,0.1,2,5,141,0.5992954660136853,2.429075333837239,0.3263157894736842,2.1156462585034013,0.2727272727272727
L-LSPIN,lspin_tf,linear,0.0105,0.1,2,6,141,0.6287705506146243,3.1342907533383726,0.4651162790697674,2.1940035273368608,0.2857142857142857
L-LSPIN,lspin_tf,linear,0.0105,0.1,2,7,141,0.5939764725115988,2.429075333837239,0.3263157894736842,2.1156462585034013,0.2727272727272727
L-LSPIN,lspin_tf,linear,0.0105,0.1,3,4,141,0.5976839857500393,2.3507180650037798,0.3125,2.8992189468379945,0.4157303370786517
L-LSPIN,lspin_tf,linear,0.0105,0.1,3,5,141,0.608515382579793,2.1156462585034013,0.2727272727272727,2.6641471403376165,0.3695652173913043
L-LSPIN,lspin_tf,linear,0.0105,0.1,3,6,141,0.6350244869464216,2.6641471403376165,0.3695652173913043,2.429075333837239,0.3263157894736842
L-LSPIN,lspin_tf,linear,0.0105,0.1,3,7,141,0.5659533834147408,2.3507180650037798,0.3125,2.429075333837239,0.3263157894736842
L-LSPIN,lspin_tf,linear,0.0105,0.1,4,5,141,0.624572162466945,2.507432602670698,0.3404255319148936,2.8208616780045355,0.4
L-LSPIN,lspin_tf,linear,0.0105,0.1,4,6,141,0.6051108262073088,2.507432602670698,0.3404255319148936,2.507432602670698,0.3404255319148936
L-LSPIN,lspin_tf,linear,0.0105,0.1,4,7,141,0.6163556563992066,2.2723607961703203,0.2989690721649484,3.055933484504913,0.4482758620689655
L-LSPIN,lspin_tf,linear,0.0105,0.1,5,6,141,0.6512611189221578,2.429075333837239,0.3263157894736842,2.977576215671454,0.4318181818181818
L-LSPIN,lspin_tf,linear,0.0105,0.1,5,7,141,0.5770943483896981,2.507432602670698,0.3404255319148936,2.507432602670698,0.3404255319148936
L-LSPIN,lspin_tf,linear,0.0105,0.1,6,7,141,0.5555201083872153,2.5857898715041574,0.3548387096774194,2.1940035273368608,0.2857142857142857
L-LSPIN,lspin_tf,linear,0.0035,0.2,0,1,145,0.8323669868554685,3.4477198286722097,0.5365853658536586,3.4477198286722097,0.5365853658536586
L-LSPIN,lspin_tf,linear,0.0035,0.2,0,2,145,0.8579091931576247,3.4477198286722097,0.5365853658536586,3.3693625598387507,0.5180722891566265
L-LSPIN,lspin_tf,linear,0.0035,0.2,0,3,145,0.851533592934528,3.682791635172588,0.5949367088607594,3.526077097505669,0.5555555555555556
L-LSPIN,lspin_tf,linear,0.0035,0.2,0,4,145,0.8622096092688059,3.526077097505669,0.5555555555555556,3.682791635172588,0.5949367088607594
L-LSPIN,lspin_tf,linear,0.0035,0.2,0,5,145,0.8404936385023651,3.1342907533383726,0.4651162790697674,3.212648022171832,0.4823529411764706
L-LSPIN,lspin_tf,linear,0.0035,0.2,0,6,145,0.8672960184974793,3.7611489040060473,0.6153846153846154,3.291005291005291,0.5
L-LSPIN,lspin_tf,linear,0.0035,0.2,0,7,145,0.8276410536051219,3.3693625598387507,0.5180722891566265,3.291005291005291,0.5
L-LSPIN,lspin_tf,linear,0.0035,0.2,1,2,145,0.8436556016681953,3.4477198286722097,0.5365853658536586,3.4477198286722097,0.5365853658536586
L-LSPIN,lspin_tf,linear,0.0035,0.2,1,3,145,0.8279276650089775,3.526077097505669,0.5555555555555556,3.3693625598387507,0.5180722891566265
L-LSPIN,lspin_tf,linear,0.0035,0.2,1,4,145,0.8533279060481682,3.1342907533383726,0.4651162790697674,3.291005291005291,0.5
L-LSPIN,lspin_tf,linear,0.0035,0.2,1,5,145,0.8519010205113104,3.212648022171832,0.4823529411764706,3.4477198286722097,0.5365853658536586
L-LSPIN,lspin_tf,linear,0.0035,0.2,1,6,145,0.8857444220837917,3.604434366339128,0.575,3.682791635172588,0.5949367088607594
L-LSPIN,lspin_tf,linear,0.0035,0.2,1,7,145,0.8499068417481799,3.291005291005291,0.5,3.682791635172588,0.5949367088607594
L-LSPIN,lspin_tf,linear,0.0035,0.2,2,3,145,0.8405952605889021,3.4477198286722097,0.5365853658536586,3.055933484504913,0.4482758620689655
L-LSPIN,lspin_tf,linear,0.0035,0.2,2,4,145,0.8731084744566785,3.4477198286722097,0.5365853658536586,3.3693625598387507,0.5180722891566265
L-LSPIN,lspin_tf,linear,0.0035,0.2,2,5,145,0.8509636008320147,3.3693625598387507,0.5180722891566265,3.291005291005291,0.5
L-LSPIN,lspin_tf,linear,0.0035,0.2,2,6,145,0.86989546387446,3.917863441672966,0.6578947368421053,3.4477198286722097,0.5365853658536586
L-LSPIN,lspin_tf,linear,0.0035,0.2,2,7,145,0.8523936803701148,3.7611489040060473,0.6153846153846154,3.291005291005291,0.5
L-LSPIN,lspin_tf,linear,0.0035,0.2,3,4,145,0.8693812652337453,3.682791635172588,0.5949367088607594,3.3693625598387507,0.5180722891566265
L-LSPIN,lspin_tf,linear,0.0035,0.2,3,5,145,0.8100479652875926,3.291005291005291,0.5,3.055933484504913,0.4482758620689655
L-LSPIN,lspin_tf,linear,0.0035,0.2,3,6,145,0.8607002723615635,3.682791635172588,0.5949367088607594,3.4477198286722097,0.5365853658536586
L-LSPIN,lspin_tf,linear,0.0035,0.2,3,7,145,0.852320927494387,3.682791635172588,0.5949367088607594,3.526077097505669,0.5555555555555556
L-LSPIN,lspin_tf,linear,0.0035,0.2,4,5,145,0.8320909187519238,3.055933484504913,0.4482758620689655,3.3693625598387507,0.5180722891566265
L-LSPIN,lspin_tf,linear,0.0035,0.2,4,6,145,0.8953628063274637,3.917863441672966,0.6578947368421053,3.604434366339128,0.575
L-LSPIN,lspin_tf,linear,0.0035,0.2,4,7,145,0.8624292084717382,3.526077097505669,0.5555555555555556,3.4477198286722097,0.5365853658536586
L-LSPIN,lspin_tf,linear,0.0035,0.2,5,6,145,0.842638122582009,3.291005291005291,0.5,3.4477198286722097,0.5365853658536586
L-LSPIN,lspin_tf,linear,0.0035,0.2,5,7,145,0.822680957300261,3.212648022171832,0.4823529411764706,3.212648022171832,0.4823529411764706
L-LSPIN,lspin_tf,linear,0.0035,0.2,6,7,145,0.8748756266210551,3.7611489040060473,0.6153846153846154,3.604434366339128,0.575
L-LSPIN,lspin_tf,linear,0.0105,0.2,0,1,149,0.6138858136553856,2.429075333837239,0.3263157894736842,2.6641471403376165,0.3695652173913043
L-LSPIN,lspin_tf,linear,0.0105,0.2,0,2,149,0.579474188217075,2.2723607961703203,0.2989690721649484,2.2723607961703203,0.2989690721649484
L-LSPIN,lspin_tf,linear,0.0105,0.2,0,3,149,0.5396259967645158,2.2723607961703203,0.2989690721649484,2.3507180650037798,0.3125
L-LSPIN,lspin_tf,linear,0.0105,0.2,0,4,149,0.5398108982987067,2.429075333837239,0.3263157894736842,2.5857898715041574,0.3548387096774194
L-LSPIN,lspin_tf,linear,0.0105,0.2,0,5,149,0.5774727842417698,2.1940035273368608,0.2857142857142857,2.5857898715041574,0.3548387096774194
L-LSPIN,lspin_tf,linear,0.0105,0.2,0,6,149,0.6447951945063045,2.5857898715041574,0.3548387096774194,2.6641471403376165,0.3695652173913043
L-LSPIN,lspin_tf,linear,0.0105,0.2,0,7,149,0.5684313323852184,2.5857898715041574,0.3548387096774194,2.5857898715041574,0.3548387096774194
L-LSPIN,lspin_tf,linear,0.0105,0.2,1,2,149,0.5565828575675291,2.429075333837239,0.3263157894736842,2.742504409171076,0.3846153846153846
L-LSPIN,lspin_tf,linear,0.0105,0.2,1,3,149,0.5657567216963824,2.429075333837239,0.3263157894736842,2.8208616780045355,0.4
L-LSPIN,lspin_tf,linear,0.0105,0.2,1,4,149,0.6148484330447637,2.3507180650037798,0.3125,2.977576215671454,0.4318181818181818
L-LSPIN,lspin_tf,linear,0.0105,0.2,1,5,149,0.594325172023912,2.3507180650037798,0.3125,2.507432602670698,0.3404255319148936
L-LSPIN,lspin_tf,linear,0.0105,0.2,1,6,149,0.6047727825789698,2.3507180650037798,0.3125,2.429075333837239,0.3263157894736842
L-LSPIN,lspin_tf,linear,0.0105,0.2,1,7,149,0.5457994610649465,2.429075333837239,0.3263157894736842,2.5857898715041574,0.3548387096774194
L-LSPIN,lspin_tf,linear,0.0105,0.2,2,3,149,0.6114276381104585,2.429075333837239,0.3263157894736842,2.507432602670698,0.3404255319148936
L-LSPIN,lspin_tf,linear,0.0105,0.2,2,4,149,0.5928055022341254,2.037288989669942,0.26,2.742504409171076,0.3846153846153846
L-LSPIN,lspin_tf,linear,0.0105,0.2,2,5,149,0.5352095753801474,2.1156462585034013,0.2727272727272727,2.037288989669942,0.26
L-LSPIN,lspin_tf,linear,0.0105,0.2,2,6,149,0.5685388738634385,2.037288989669942,0.26,2.429075333837239,0.3263157894736842
L-LSPIN,lspin_tf,linear,0.0105,0.2,2,7,149,0.6104973523325108,2.3507180650037798,0.3125,2.2723607961703203,0.2989690721649484
L-LSPIN,lspin_tf,linear,0.0105,0.2,3,4,149,0.6158782357384641,2.507432602670698,0.3404255319148936,2.6641471403376165,0.3695652173913043
L-LSPIN,lspin_tf,linear,0.0105,0.2,3,5,149,0.553692921579795,2.1940035273368608,0.2857142857142857,2.1940035273368608,0.2857142857142857
L-LSPIN,lspin_tf,linear,0.0105,0.2,3,6,149,0.5293334991493753,2.2723607961703203,0.2989690721649484,2.429075333837239,0.3263157894736842
L-LSPIN,lspin_tf,linear,0.0105,0.2,3,7,149,0.5913724426677243,2.6641471403376165,0.3695652173913043,2.429075333837239,0.3263157894736842
L-LSPIN,lspin_tf,linear,0.0105,0.2,4,5,149,0.5710573351457643,2.3507180650037798,0.3125,2.507432602670698,0.3404255319148936
L-LSPIN,lspin_tf,linear,0.0105,0.2,4,6,149,0.5655496512683814,2.742504409171076,0.3846153846153846,2.5857898715041574,0.3548387096774194
L-LSPIN,lspin_tf,linear,0.0105,0.2,4,7,149,0.5823856558289477,2.5857898715041574,0.3548387096774194,2.2723607961703203,0.2989690721649484
L-LSPIN,lspin_tf,linear,0.0105,0.2,5,6,149,0.5396251114675797,2.3507180650037798,0.3125,2.2723607961703203,0.2989690721649484
L-LSPIN,lspin_tf,linear,0.0105,0.2,5,7,149,0.5869952778975165,2.5857898715041574,0.3548387096774194,2.3507180650037798,0.3125
L-LSPIN,lspin_tf,linear,0.0105,0.2,6,7,149,0.5838351002493248,2.3507180650037798,0.3125,2.6641471403376165,0.3695652173913043
L-LSPIN,lspin_tf,linear,0.0035,0.4,0,1,153,0.8159238732798088,3.291005291005291,0.5,3.4477198286722097,0.5365853658536586
L-LSPIN,lspin_tf,linear,0.0035,0.4,0,2,153,0.7700469287677775,2.977576215671454,0.4318181818181818,3.604434366339128,0.575
L-LSPIN,lspin_tf,linear,0.0035,0.4,0,3,153,0.8321461521184282,3.3693625598387507,0.5180722891566265,3.3693625598387507,0.5180722891566265
L-LSPIN,lspin_tf,linear,0.0035,0.4,0,4,153,0.804783297281052,2.977576215671454,0.4318181818181818,3.526077097505669,0.5555555555555556
L-LSPIN,lspin_tf,linear,0.0035,0.4,0,5,153,0.8545823988901893,3.526077097505669,0.5555555555555556,3.4477198286722097,0.5365853658536586
L-LSPIN,lspin_tf,linear,0.0035,0.4,0,6,153,0.8105381684564827,3.212648022171832,0.4823529411764706,3.4477198286722097,0.5365853658536586
L-LSPIN,lspin_tf,linear,0.0035,0.4,0,7,153,0.8331068084530142,3.4477198286722097,0.5365853658536586,3.526077097505669,0.5555555555555556
L-LSPIN,lspin_tf,linear,0.0035,0.4,1,2,153,0.846498532764932,3.4477198286722097,0.5365853658536586,3.682791635172588,0.5949367088607594
L-LSPIN,lspin_tf,linear,0.0035,0.4,1,3,153,0.7966766864157885,3.291005291005291,0.5,3.291005291005291,0.5
L-LSPIN,lspin_tf,linear,0.0035,0.4,1,4,153,0.8374228956531216,3.604434366339128,0.575,3.682791635172588,0.5949367088607594
L-LSPIN,lspin_tf,linear,0.0035,0.4,1,5,153,0.8356009017452164,3.4477198286722097,0.5365853658536586,3.4477198286722097,0.5365853658536586
L-LSPIN,lspin_tf,linear,0.0035,0.4,1,6,153,0.8376318246359735,3.4477198286722097,0.5365853658536586,3.4477198286722097,0.5365853658536586
L-LSPIN,lspin_tf,linear,0.0035,0.4,1,7,153,0.842824146249097,3.682791635172588,0.5949367088607594,3.4477198286722097,0.5365853658536586
L-LSPIN,lspin_tf,linear,0.0035,0.4,2,3,153,0.7389458074469178,2.8208616780045355,0.4,3.212648022171832,0.4823529411764706
L-LSPIN,lspin_tf,linear,0.0035,0.4,2,4,153,0.8277055719281713,3.291005291005291,0.5,3.682791635172588,0.5949367088607594
L-LSPIN,lspin_tf,linear,0.0035,0.4,2,5,153,0.8478194389919653,2.977576215671454,0.4318181818181818,3.7611489040060473,0.6153846153846154
L-LSPIN,lspin_tf,linear,0.0035,0.4,2,6,153,0.8120092620999498,3.1342907533383726,0.4651162790697674,3.4477198286722097,0.5365853658536586
L-LSPIN,lspin_tf,linear,0.0035,0.4,2,7,153,0.7913327972301968,3.055933484504913,0.4482758620689655,3.526077097505669,0.5555555555555556
L-LSPIN,lspin_tf,linear,0.0035,0.4,3,4,153,0.8077186716593896,3.212648022171832,0.4823529411764706,3.055933484504913,0.4482758620689655
L-LSPIN,lspin_tf,linear,0.0035,0.4,3,5,153,0.8279595192955213,3.1342907533383726,0.4651162790697674,3.4477198286722097,0.5365853658536586
L-LSPIN,lspin_tf,linear,0.0035,0.4,3,6,153,0.8297964477961722,3.1342907533383726,0.4651162790697674,3.604434366339128,0.575
L-LSPIN,lspin_tf,linear,0.0035,0.4,3,7,153,0.8404575571277384,3.4477198286722097,0.5365853658536586,3.604434366339128,0.575
L-LSPIN,lspin_tf,linear,0.0035,0.4,4,5,153,0.8644988943295671,3.3693625598387507,0.5180722891566265,3.604434366339128,0.575
L-LSPIN,lspin_tf,linear,0.0035,0.4,4,6,153,0.8423700243753113,3.3693625598387507,0.5180722891566265,3.3693625598387507,0.5180722891566265
L-LSPIN,lspin_tf,linear,0.0035,0.4,4,7,153,0.838708685998556,3.3693625598387507,0.5180722891566265,3.526077097505669,0.5555555555555556
L-LSPIN,lspin_tf,linear,0.0035,0.4,5,6,153,0.837459460490211,3.291005291005291,0.5,3.604434366339128,0.575
L-LSPIN,lspin_tf,linear,0.0035,0.4,5,7,153,0.8436612490749249,3.1342907533383726,0.4651162790697674,3.526077097505669,0.5555555555555556
L-LSPIN,lspin_tf,linear,0.0035,0.4,6,7,153,0.8588656472490138,3.4477198286722097,0.5365853658536586,3.526077097505669,0.5555555555555556
L-LSPIN,lspin_tf,linear,0.0105,0.4,0,1,157,0.5537971784606954,2.8208616780045355,0.4,2.5857898715041574,0.3548387096774194
L-LSPIN,lspin_tf,linear,0.0105,0.4,0,2,157,0.6094936443975152,2.6641471403376165,0.3695652173913043,2.507432602670698,0.3404255319148936
L-LSPIN,lspin_tf,linear,0.0105,0.4,0,3,157,0.5932891832521858,2.6641471403376165,0.3695652173913043,2.429075333837239,0.3263157894736842
L-LSPIN,lspin_tf,linear,0.0105,0.4,0,4,157,0.5463103361505707,2.1156462585034013,0.2727272727272727,2.5857898715041574,0.3548387096774194
L-LSPIN,lspin_tf,linear,0.0105,0.4,0,5,157,0.5656032240269994,2.037288989669942,0.26,2.507432602670698,0.3404255319148936
L-LSPIN,lspin_tf,linear,0.0105,0.4,0,6,157,0.5237156754599277,2.5857898715041574,0.3548387096774194,2.5857898715041574,0.3548387096774194
L-LSPIN,lspin_tf,linear,0.0105,0.4,0,7,157,0.6214965152414819,2.2723607961703203,0.2989690721649484,2.507432602670698,0.3404255319148936
L-LSPIN,lspin_tf,linear,0.0105,0.4,1,2,157,0.5347489278679428,2.429075333837239,0.3263157894736842,2.5857898715041574,0.3548387096774194
L-LSPIN,lspin_tf,linear,0.0105,0.4,1,3,157,0.6032873912350688,2.742504409171076,0.3846153846153846,2.3507180650037798,0.3125
L-LSPIN,lspin_tf,linear,0.0105,0.4,1,4,157,0.5873767435369226,2.6641471403376165,0.3695652173913043,2.429075333837239,0.3263157894736842
L-LSPIN,lspin_tf,linear,0.0105,0.4,1,5,157,0.5366898295946767,2.6641471403376165,0.3695652173913043,2.1940035273368608,0.2857142857142857
L-LSPIN,lspin_tf,linear,0.0105,0.4,1,6,157,0.5065722861191986,2.429075333837239,0.3263157894736842,2.3507180650037798,0.3125
L-LSPIN,lspin_tf,linear,0.0105,0.4,1,7,157,0.5904449621798643,2.5857898715041574,0.3548387096774194,2.429075333837239,0.3263157894736842
L-LSPIN,lspin_tf,linear,0.0105,0.4,2,3,157,0.5929024919612346,2.6641471403376165,0.3695652173913043,2.037288989669942,0.26
L-LSPIN,lspin_tf,linear,0.0105,0.4,2,4,157,0.5420754662456032,2.1940035273368608,0.2857142857142857,2.1156462585034013,0.2727272727272727
L-LSPIN,lspin_tf,linear,0.0105,0.4,2,5,157,0.5634899980137241,2.2723607961703203,0.2989690721649484,2.2723607961703203,0.2989690721649484
L-LSPIN,lspin_tf,linear,0.0105,0.4,2,6,157,0.552952297339356,2.977576215671454,0.4318181818181818,2.1940035273368608,0.2857142857142857
L-LSPIN,lspin_tf,linear,0.0105,0.4,2,7,157,0.6616439814977987,2.5857898715041574,0.3548387096774194,2.5857898715041574,0.3548387096774194
L-LSPIN,lspin_tf,linear,0.0105,0.4,3,4,157,0.5435801091406532,2.507432602670698,0.3404255319148936,1.958931720836483,0.2475247524752475
L-LSPIN,lspin_tf,linear,0.0105,0.4,3,5,157,0.6239495649983269,2.507432602670698,0.3404255319148936,2.507432602670698,0.3404255319148936
L-LSPIN,lspin_tf,linear,0.0105,0.4,3,6,157,0.5500963706029831,2.742504409171076,0.3846153846153846,2.037288989669942,0.26
L-LSPIN,lspin_tf,linear,0.0105,0.4,3,7,157,0.6737932651171287,2.742504409171076,0.3846153846153846,2.1940035273368608,0.2857142857142857
L-LSPIN,lspin_tf,linear,0.0105,0.4,4,5,157,0.5422236782156677,2.429075333837239,0.3263157894736842,2.037288989669942,0.26
L-LSPIN,lspin_tf,linear,0.0105,0.4,4,6,157,0.5098327522047561,2.1156462585034013,0.2727272727272727,2.037288989669942,0.26
L-LSPIN,lspin_tf,linear,0.0105,0.4,4,7,157,0.5643847991624165,2.507432602670698,0.3404255319148936,2.3507180650037798,0.3125
L-LSPIN,lspin_tf,linear,0.0105,0.4,5,6,157,0.4584693888273226,2.1940035273368608,0.2857142857142857,2.037288989669942,0.26
L-LSPIN,lspin_tf,linear,0.0105,0.4,5,7,157,0.6363122592750504,2.8208616780045355,0.4,2.6641471403376165,0.3695652173913043
L-LSPIN,lspin_tf,linear,0.0105,0.4,6,7,157,0.5675352110049607,2.2723607961703203,0.2989690721649484,2.1156462585034013,0.2727272727272727
L-LSPIN,lspin_tf,linear,0.0035,0.0,0,1,161,0.6340692199332822,2.5857898715041574,0.3548387096774194,2.3507180650037798,0.3125
L-LSPIN,lspin_tf,linear,0.0035,0.0,0,2,161,0.6353107334224722,2.6641471403376165,0.3695652173913043,2.429075333837239,0.3263157894736842
L-LSPIN,lspin_tf,linear,0.0035,0.0,0,3,161,0.5714573102990662,2.6641471403376165,0.3695652173913043,2.037288989669942,0.26
L-LSPIN,lspin_tf,linear,0.0035,0.0,0,4,161,0.634883924473406,2.507432602670698,0.3404255319148936,2.5857898715041574,0.3548387096774194
L-LSPIN,lspin_tf,linear,0.0035,0.0,0,5,161,0.6232382305759312,2.3507180650037798,0.3125,2.429075333837239,0.3263157894736842
L-LSPIN,lspin_tf,linear,0.0035,0.0,0,6,161,0.6798007204536858,2.8992189468379945,0.4157303370786517,2.2723607961703203,0.2989690721649484
L-LSPIN,lspin_tf,linear,0.0035,0.0,0,7,161,0.691446583575943,3.1342907533383726,0.4651162790697674,2.507432602670698,0.3404255319148936
L-LSPIN,lspin_tf,linear,0.0035,0.0,1,2,161,0.678798051378039,2.8992189468379945,0.4157303370786517,2.3507180650037798,0.3125
L-LSPIN,lspin_tf,linear,0.0035,0.0,1,3,161,0.7031967534504356,2.742504409171076,0.3846153846153846,2.8208616780045355,0.4
L-LSPIN,lspin_tf,linear,0.0035,0.0,1,4,161,0.6490027482927856,2.6641471403376165,0.3695652173913043,2.5857898715041574,0.3548387096774194
L-LSPIN,lspin_tf,linear,0.0035,0.0,1,5,161,0.6561318300014438,2.8208616780045355,0.4,2.8208616780045355,0.4
L-LSPIN,lspin_tf,linear,0.0035,0.0,1,6,161,0.7013368741849365,2.8208616780045355,0.4,2.6641471403376165,0.3695652173913043
L-LSPIN,lspin_tf,linear,0.0035,0.0,1,7,161,0.6858846350769368,2.8208616780045355,0.4,2.8208616780045355,0.4
L-LSPIN,lspin_tf,linear,0.0035,0.0,2,3,161,0.6251595692015187,2.977576215671454,0.4318181818181818,2.3507180650037798,0.3125
L-LSPIN,lspin_tf,linear,0.0035,0.0,2,4,161,0.6756184537571925,2.8208616780045355,0.4,2.507432602670698,0.3404255319148936
L-LSPIN,lspin_tf,linear,0.0035,0.0,2,5,161,0.6264063354736739,2.6641471403376165,0.3695652173913043,2.429075333837239,0.3263157894736842
L-LSPIN,lspin_tf,linear,0.0035,0.0,2,6,161,0.6782980929151291,3.212648022171832,0.4823529411764706,2.2723607961703203,0.2989690721649484
L-LSPIN,lspin_tf,linear,0.0035,0.0,2,7,161,0.6946363347425752,3.1342907533383726,0.4651162790697674,2.3507180650037798,0.3125
L-LSPIN,lspin_tf,linear,0.0035,0.0,3,4,161,0.6076394140556096,2.3507180650037798,0.3125,2.6641471403376165,0.3695652173913043
L-LSPIN,lspin_tf,linear,0.0035,0.0,3,5,161,0.5985636375710509,2.8208616780045355,0.4,2.429075333837239,0.3263157894736842
L-LSPIN,lspin_tf,linear,0.0035,0.0,3,6,161,0.6379010454808334,2.6641471403376165,0.3695652173913043,2.3507180650037798,0.3125
L-LSPIN,lspin_tf,linear,0.0035,0.0,3,7,161,0.6951201269133015,2.8992189468379945,0.4157303370786517,2.5857898715041574,0.3548387096774194
L-LSPIN,lspin_tf,linear,0.0035,0.0,4,5,161,0.5753122540073391,2.2723607961703203,0.2989690721649484,2.5857898715041574,0.3548387096774194
L-LSPIN,lspin_tf,linear,0.0035,0.0,4,6,161,0.6790981040471501,2.6641471403376165,0.3695652173913043,2.8208616780045355,0.4
L-LSPIN,lspin_tf,linear,0.0035,0.0,4,7,161,0.6526562145984388,2.742504409171076,0.3846153846153846,2.8208616780045355,0.4
L-LSPIN,lspin_tf,linear,0.0035,0.0,5,6,161,0.6634810893680236,2.8208616780045355,0.4,2.3507180650037798,0.3125
L-LSPIN,lspin_tf,linear,0.0035,0.0,5,7,161,0.6434257047587464,2.5857898715041574,0.3548387096774194,2.742504409171076,0.3846153846153846
L-LSPIN,lspin_tf,linear,0.0035,0.0,6,7,161,0.6988280037658452,2.742504409171076,0.3846153846153846,2.507432602670698,0.3404255319148936
L-LSPIN,lspin_tf,linear,0.0105,0.0,0,1,165,0.5478689556108757,2.429075333837239,0.3263157894736842,2.1940035273368608,0.2857142857142857
L-LSPIN,lspin_tf,linear,0.0105,0.0,0,2,165,0.5491347610467295,2.429075333837239,0.3263157894736842,2.5857898715041574,0.3548387096774194
L-LSPIN,lspin_tf,linear,0.0105,0.0,0,3,165,0.5826285678266702,2.1940035273368608,0.2857142857142857,2.1156462585034013,0.2727272727272727
L-LSPIN,lspin_tf,linear,0.0105,0.0,0,4,165,0.5062018428627644,1.880574452003024,0.2352941176470588,1.880574452003024,0.2352941176470588
L-LSPIN,lspin_tf,linear,0.0105,0.0,0,5,165,0.5097745113762628,2.2723607961703203,0.2989690721649484,1.958931720836483,0.2475247524752475
L-LSPIN,lspin_tf,linear,0.0105,0.0,0,6,165,0.4798686209040813,2.2723607961703203,0.2989690721649484,1.802217183169564,0.2233009708737864
L-LSPIN,lspin_tf,linear,0.0105,0.0,0,7,165,0.5352011655421017,2.3507180650037798,0.3125,2.037288989669942,0.26
L-LSPIN,lspin_tf,linear,0.0105,0.0,1,2,165,0.5519208912779633,2.742504409171076,0.3846153846153846,2.2723607961703203,0.2989690721649484
L-LSPIN,lspin_tf,linear,0.0105,0.0,1,3,165,0.4776149731028464,1.880574452003024,0.2352941176470588,1.880574452003024,0.2352941176470588
L-LSPIN,lspin_tf,linear,0.0105,0.0,1,4,165,0.4714159774111082,2.3507180650037798,0.3125,1.7238599143361049,0.2115384615384615
L-LSPIN,lspin_tf,linear,0.0105,0.0,1,5,165,0.4965373987637158,2.6641471403376165,0.3695652173913043,1.5671453766691863,0.1886792452830188
L-LSPIN,lspin_tf,linear,0.0105,0.0,1,6,165,0.4706164755759205,2.507432602670698,0.3404255319148936,1.7238599143361049,0.2115384615384615
L-LSPIN,lspin_tf,linear,0.0105,0.0,1,7,165,0.507102103313897,2.3507180650037798,0.3125,1.958931720836483,0.2475247524752475
L-LSPIN,lspin_tf,linear,0.0105,0.0,2,3,165,0.5639712464881497,2.2723607961703203,0.2989690721649484,2.429075333837239,0.3263157894736842
L-LSPIN,lspin_tf,linear,0.0105,0.0,2,4,165,0.5397490415840037,2.2723607961703203,0.2989690721649484,2.3507180650037798,0.3125
L-LSPIN,lspin_tf,linear,0.0105,0.0,2,5,165,0.4944861938054877,2.742504409171076,0.3846153846153846,2.2723607961703203,0.2989690721649484
L-LSPIN,lspin_tf,linear,0.0105,0.0,2,6,165,0.5310637143251686,2.8208616780045355,0.4,1.958931720836483,0.2475247524752475
L-LSPIN,lspin_tf,linear,0.0105,0.0,2,7,165,0.5547259154062661,2.429075333837239,0.3263157894736842,2.742504409171076,0.3846153846153846
L-LSPIN,lspin_tf,linear,0.0105,0.0,3,4,165,0.5594524526432614,2.429075333837239,0.3263157894736842,2.2723607961703203,0.2989690721649484
L-LSPIN,lspin_tf,linear,0.0105,0.0,3,5,165,0.4851322959934227,2.5857898715041574,0.3548387096774194,1.958931720836483,0.2475247524752475
L-LSPIN,lspin_tf,linear,0.0105,0.0,3,6,165,0.5071604171375212,2.429075333837239,0.3263157894736842,2.037288989669942,0.26
L-LSPIN,lspin_tf,linear,0.0105,0.0,3,7,165,0.5285990339971259,2.1156462585034013,0.2727272727272727,2.037288989669942,0.26
L-LSPIN,lspin_tf,linear,0.0105,0.0,4,5,165,0.4428726558314847,2.2723607961703203,0.2989690721649484,1.802217183169564,0.2233009708737864
L-LSPIN,lspin_tf,linear,0.0105,0.0,4,6,165,0.4541433085751998,2.1156462585034013,0.2727272727272727,1.958931720836483,0.2475247524752475
L-LSPIN,lspin_tf,linear,0.0105,0.0,4,7,165,0.5242845191036569,2.1940035273368608,0.2857142857142857,2.2723607961703203,0.2989690721649484
L-LSPIN,lspin_tf,linear,0.0105,0.0,5,6,165,0.4864544671100383,2.3507180650037798,0.3125,1.880574452003024,0.2352941176470588
L-LSPIN,lspin_tf,linear,0.0105,0.0,5,7,165,0.5175407697387316,2.429075333837239,0.3263157894736842,2.1940035273368608,0.2857142857142857
L-LSPIN,lspin_tf,linear,0.0105,0.0,6,7,165,0.5653726247033545,2.5857898715041574,0.3548387096774194,1.6455026455026456,0.2
L-LSPIN,lspin_tf,linear,0.0035,0.1,0,1,169,0.7767556379069763,2.977576215671454,0.4318181818181818,3.055933484504913,0.4482758620689655
L-LSPIN,lspin_tf,linear,0.0035,0.1,0,2,169,0.8321499036864716,2.977576215671454,0.4318181818181818,3.604434366339128,0.575
L-LSPIN,lspin_tf,linear,0.0035,0.1,0,3,169,0.8220543501925978,3.682791635172588,0.5949367088607594,3.055933484504913,0.4482758620689655
L-LSPIN,lspin_tf,linear,0.0035,0.1,0,4,169,0.8276272393875784,3.055933484504913,0.4482758620689655,3.291005291005291,0.5
L-LSPIN,lspin_tf,linear,0.0035,0.1,0,5,169,0.7966637720879572,3.055933484504913,0.4482758620689655,3.055933484504913,0.4482758620689655
L-LSPIN,lspin_tf,linear,0.0035,0.1,0,6,169,0.8416516296431448,3.1342907533383726,0.4651162790697674,3.3693625598387507,0.5180722891566265
L-LSPIN,lspin_tf,linear,0.0035,0.1,0,7,169,0.84893133823343,3.212648022171832,0.4823529411764706,3.291005291005291,0.5
L-LSPIN,lspin_tf,linear,0.0035,0.1,1,2,169,0.8673661406781914,3.212648022171832,0.4823529411764706,3.604434366339128,0.575
L-LSPIN,lspin_tf,linear,0.0035,0.1,1,3,169,0.8509806940727987,3.291005291005291,0.5,3.526077097505669,0.5555555555555556
L-LSPIN,lspin_tf,linear,0.0035,0.1,1,4,169,0.8174580507524586,3.3693625598387507,0.5180722891566265,3.4477198286722097,0.5365853658536586
L-LSPIN,lspin_tf,linear,0.0035,0.1,1,5,169,0.8689651513041537,3.604434366339128,0.575,3.604434366339128,0.575
L-LSPIN,lspin_tf,linear,0.0035,0.1,1,6,169,0.8725472673389724,3.604434366339128,0.575,3.526077097505669,0.5555555555555556
L-LSPIN,lspin_tf,linear,0.0035,0.1,1,7,169,0.8651103608940571,3.4477198286722097,0.5365853658536586,3.526077097505669,0.5555555555555556
L-LSPIN,lspin_tf,linear,0.0035,0.1,2,3,169,0.8734310552619434,3.3693625598387507,0.5180722891566265,3.212648022171832,0.4823529411764706
L-LSPIN,lspin_tf,linear,0.0035,0.1,2,4,169,0.8771266034032755,3.526077097505669,0.5555555555555556,3.682791635172588,0.5949367088607594
L-LSPIN,lspin_tf,linear,0.0035,0.1,2,5,169,0.8569881144810508,3.3693625598387507,0.5180722891566265,3.212648022171832,0.4823529411764706
L-LSPIN,lspin_tf,linear,0.0035,0.1,2,6,169,0.8766202085291913,3.291005291005291,0.5,3.604434366339128,0.575
L-LSPIN,lspin_tf,linear,0.0035,0.1,2,7,169,0.8728779441253216,3.4477198286722097,0.5365853658536586,3.682791635172588,0.5949367088607594
L-LSPIN,lspin_tf,linear,0.0035,0.1,3,4,169,0.8648138452647248,3.682791635172588,0.5949367088607594,3.4477198286722097,0.5365853658536586
L-LSPIN,lspin_tf,linear,0.0035,0.1,3,5,169,0.8448069871419583,3.604434366339128,0.575,3.604434366339128,0.575
L-LSPIN,lspin_tf,linear,0.0035,0.1,3,6,169,0.8559139336000748,3.526077097505669,0.5555555555555556,3.3693625598387507,0.5180722891566265
L-LSPIN,lspin_tf,linear,0.0035,0.1,3,7,169,0.877421220281511,3.4477198286722097,0.5365853658536586,3.3693625598387507,0.5180722891566265
L-LSPIN,lspin_tf,linear,0.0035,0.1,4,5,169,0.7941939979190328,3.291005291005291,0.5,3.3693625598387507,0.5180722891566265
L-LSPIN,lspin_tf,linear,0.0035,0.1,4,6,169,0.8541713713673167,3.682791635172588,0.5949367088607594,3.604434366339128,0.575
L-LSPIN,lspin_tf,linear,0.0035,0.1,4,7,169,0.8693109825367368,3.291005291005291,0.5,3.4477198286722097,0.5365853658536586
L-LSPIN,lspin_tf,linear,0.0035,0.1,5,6,169,0.8570864512114187,3.3693625598387507,0.5180722891566265,3.604434366339128,0.575
L-LSPIN,lspin_tf,linear,0.0035,0.1,5,7,169,0.8409304101395055,3.212648022171832,0.4823529411764706,3.4477198286722097,0.5365853658536586
L-LSPIN,lspin_tf,linear,0.0035,0.1,6,7,169,0.8746354042447465,3.526077097505669,0.5555555555555556,3.682791635172588,0.5949367088607594
L-LSPIN,lspin_tf,linear,0.0105,0.1,0,1,173,0.561793859754394,2.3507180650037798,0.3125,2.429075333837239,0.3263157894736842
L-LSPIN,lspin_tf,linear,0.0105,0.1,0,2,173,0.5587075867228817,2.507432602670698,0.3404255319148936,2.3507180650037798,0.3125
L-LSPIN,lspin_tf,linear,0.0105,0.1,0,3,173,0.5773860437003902,2.1940035273368608,0.2857142857142857,2.6641471403376165,0.3695652173913043
L-LSPIN,lspin_tf,linear,0.0105,0.1,0,4,173,0.6183707759925504,2.1940035273368608,0.2857142857142857,2.742504409171076,0.3846153846153846
L-LSPIN,lspin_tf,linear,0.0105,0.1,0,5,173,0.5728808635116943,2.5857898715041574,0.3548387096774194,2.2723607961703203,0.2989690721649484
L-LSPIN,lspin_tf,linear,0.0105,0.1,0,6,173,0.5916501077481476,2.6641471403376165,0.3695652173913043,2.5857898715041574,0.3548387096774194
L-LSPIN,lspin_tf,linear,0.0105,0.1,0,7,173,0.5705604196471564,2.3507180650037798,0.3125,2.429075333837239,0.3263157894736842
L-LSPIN,lspin_tf,linear,0.0105,0.1,1,2,173,0.5877545827812842,2.429075333837239,0.3263157894736842,2.8208616780045355,0.4
L-LSPIN,lspin_tf,linear,0.0105,0.1,1,3,173,0.5984472621861392,2.507432602670698,0.3404255319148936,2.429075333837239,0.3263157894736842
L-LSPIN,lspin_tf,linear,0.0105,0.1,1,4,173,0.5757271411710443,2.1940035273368608,0.2857142857142857,2.5857898715041574,0.3548387096774194
L-LSPIN,lspin_tf,linear,0.0105,0.1,1,5,173,0.5608235252019954,2.1940035273368608,0.2857142857142857,2.6641471403376165,0.3695652173913043
L-LSPIN,lspin_tf,linear,0.0105,0.1,1,6,173,0.6438360348840425,2.507432602670698,0.3404255319148936,2.8208616780045355,0.4
L-LSPIN,lspin_tf,linear,0.0105,0.1,1,7,173,0.6058754741981918,2.742504409171076,0.3846153846153846,2.429075333837239,0.3263157894736842
L-LSPIN,lspin_tf,linear,0.0105,0.1,2,3,173,0.588426443719955,2.2723607961703203,0.2989690721649484,2.429075333837239,0.3263157894736842
L-LSPIN,lspin_tf,linear,0.0105,0.1,2,4,173,0.5921692361385746,2.1940035273368608,0.2857142857142857,2.742504409171076,0.3846153846153846
L-LSPIN,lspin_tf,linear,0.0105,0.1,2,5,173,0.5322864740464301,2.3507180650037798,0.3125,2.1940035273368608,0.2857142857142857
L-LSPIN,lspin_tf,linear,0.0105,0.1,2,6,173,0.5766599046122779,2.6641471403376165,0.3695652173913043,2.742504409171076,0.3846153846153846
L-LSPIN,lspin_tf,linear,0.0105,0.1,2,7,173,0.582203446027332,2.507432602670698,0.3404255319148936,2.429075333837239,0.3263157894736842
L-LSPIN,lspin_tf,linear,0.0105,0.1,3,4,173,0.5839265728230264,2.6641471403376165,0.3695652173913043,2.2723607961703203,0.2989690721649484
L-LSPIN,lspin_tf,linear,0.0105,0.1,3,5,173,0.5666670378972523,2.2723607961703203,0.2989690721649484,2.037288989669942,0.26
L-LSPIN,lspin_tf,linear,0.0105,0.1,3,6,173,0.5658350692555172,2.2723607961703203,0.2989690721649484,2.507432602670698,0.3404255319148936
L-LSPIN,lspin_tf,linear,0.0105,0.1,3,7,173,0.5199771905035773,2.1156462585034013,0.2727272727272727,2.3507180650037798,0.3125
L-LSPIN,lspin_tf,linear,0.0105,0.1,4,5,173,0.5685151758563848,2.507432602670698,0.3404255319148936,2.2723607961703203,0.2989690721649484
L-LSPIN,lspin_tf,linear,0.0105,0.1,4,6,173,0.6135623907957836,2.6641471403376165,0.3695652173913043,2.6641471403376165,0.3695652173913043
L-LSPIN,lspin_tf,linear,0.0105,0.1,4,7,173,0.5644395070941037,2.1156462585034013,0.2727272727272727,2.2723607961703203,0.2989690721649484
L-LSPIN,lspin_tf,linear,0.0105,0.1,5,6,173,0.5344303329938379,2.429075333837239,0.3263157894736842,2.3507180650037798,0.3125
L-LSPIN,lspin_tf,linear,0.0105,0.1,5,7,173,0.5606701799589043,2.3507180650037798,0.3125,2.507432602670698,0.3404255319148936
L-LSPIN,lspin_tf,linear,0.0105,0.1,6,7,173,0.5842720514591707,2.1156462585034013,0.2727272727272727,2.2723607961703203,0.2989690721649484
L-LSPIN,lspin_tf,linear,0.0035,0.2,0,1,177,0.8679364299673966,3.917863441672966,0.6578947368421053,3.4477198286722097,0.5365853658536586
L-LSPIN,lspin_tf,linear,0.0035,0.2,0,2,177,0.8054962883213663,3.1342907533383726,0.4651162790697674,2.8208616780045355,0.4
L-LSPIN,lspin_tf,linear,0.0035,0.2,0,3,177,0.834653702410243,3.604434366339128,0.575,3.212648022171832,0.4823529411764706
L-LSPIN,lspin_tf,linear,0.0035,0.2,0,4,177,0.8323703193137729,3.3693625598387507,0.5180722891566265,2.8992189468379945,0.4157303370786517
L-LSPIN,lspin_tf,linear,0.0035,0.2,0,5,177,0.8453800394959476,3.682791635172588,0.5949367088607594,3.291005291005291,0.5
L-LSPIN,lspin_tf,linear,0.0035,0.2,0,6,177,0.8080008154881388,3.055933484504913,0.4482758620689655,2.8992189468379945,0.4157303370786517
L-LSPIN,lspin_tf,linear,0.0035,0.2,0,7,177,0.8476841590004418,3.4477198286722097,0.5365853658536586,3.3693625598387507,0.5180722891566265
L-LSPIN,lspin_tf,linear,0.0035,0.2,1,2,177,0.8247321244041328,3.212648022171832,0.4823529411764706,3.1342907533383726,0.4651162790697674
L-LSPIN,lspin_tf,linear,0.0035,0.2,1,3,177,0.8783646147411577,3.8395061728395055,0.6363636363636364,3.7611489040060473,0.6153846153846154
L-LSPIN,lspin_tf,linear,0.0035,0.2,1,4,177,0.8545246734799193,3.526077097505669,0.5555555555555556,3.291005291005291,0.5
L-LSPIN,lspin_tf,linear,0.0035,0.2,1,5,177,0.8402100092247141,3.526077097505669,0.5555555555555556,3.3693625598387507,0.5180722891566265
L-LSPIN,lspin_tf,linear,0.0035,0.2,1,6,177,0.8384664850365946,3.212648022171832,0.4823529411764706,3.1342907533383726,0.4651162790697674
L-LSPIN,lspin_tf,linear,0.0035,0.2,1,7,177,0.8293578003087091,3.291005291005291,0.5,3.291005291005291,0.5
L-LSPIN,lspin_tf,linear,0.0035,0.2,2,3,177,0.8647145323425225,3.604434366339128,0.575,3.4477198286722097,0.5365853658536586
L-LSPIN,lspin_tf,linear,0.0035,0.2,2,4,177,0.8332324383320866,3.1342907533383726,0.4651162790697674,3.212648022171832,0.4823529411764706
L-LSPIN,lspin_tf,linear,0.0035,0.2,2,5,177,0.8468209763216515,3.291005291005291,0.5,3.4477198286722097,0.5365853658536586
L-LSPIN,lspin_tf,linear,0.0035,0.2,2,6,177,0.8535877075212567,3.212648022171832,0.4823529411764706,3.526077097505669,0.5555555555555556
L-LSPIN,lspin_tf,linear,0.0035,0.2,2,7,177,0.8526261410130946,3.1342907533383726,0.4651162790697674,3.4477198286722097,0.5365853658536586
L-LSPIN,lspin_tf,linear,0.0035,0.2,3,4,177,0.8558384889352644,3.604434366339128,0.575,3.4477198286722097,0.5365853658536586
L-LSPIN,lspin_tf,linear,0.0035,0.2,3,5,177,0.8489469244271126,3.3693625598387507,0.5180722891566265,3.526077097505669,0.5555555555555556
L-LSPIN,lspin_tf,linear,0.0035,0.2,3,6,177,0.8548212713953949,3.526077097505669,0.5555555555555556,3.291005291005291,0.5
L-LSPIN,lspin_tf,linear,0.0035,0.2,3,7,177,0.860164881498687,3.526077097505669,0.5555555555555556,3.3693625598387507,0.5180722891566265
L-LSPIN,lspin_tf,linear,0.0035,0.2,4,5,177,0.8421903924321146,3.3693625598387507,0.5180722891566265,3.1342907533383726,0.4651162790697674
L-LSPIN,lspin_tf,linear,0.0035,0.2,4,6,177,0.8370562734843938,2.8208616780045355,0.4,3.1342907533383726,0.4651162790697674
L-LSPIN,lspin_tf,linear,0.0035,0.2,4,7,177,0.8582617915357154,3.682791635172588,0.5949367088607594,3.1342907533383726,0.4651162790697674
L-LSPIN,lspin_tf,linear,0.0035,0.2,5,6,177,0.823280915664347,3.055933484504913,0.4482758620689655,3.526077097505669,0.5555555555555556
L-LSPIN,lspin_tf,linear,0.0035,0.2,5,7,177,0.865185538336599,3.3693625598387507,0.5180722891566265,3.4477198286722097,0.5365853658536586
L-LSPIN,lspin_tf,linear,0.0035,0.2,6,7,177,0.8543336221954514,3.4477198286722097,0.5365853658536586,2.8992189468379945,0.4157303370786517
L-LSPIN,lspin_tf,linear,0.0105,0.2,0,1,181,0.4915796932275508,2.3507180650037798,0.3125,2.5857898715041574,0.3548387096774194
L-LSPIN,lspin_tf,linear,0.0105,0.2,0,2,181,0.539181058220153,2.1940035273368608,0.2857142857142857,2.429075333837239,0.3263157894736842
L-LSPIN,lspin_tf,linear,0.0105,0.2,0,3,181,0.5259426036806154,2.037288989669942,0.26,2.3507180650037798,0.3125
L-LSPIN,lspin_tf,linear,0.0105,0.2,0,4,181,0.5604773692312244,2.5857898715041574,0.3548387096774194,2.5857898715041574,0.3548387096774194
L-LSPIN,lspin_tf,linear,0.0105,0.2,0,5,181,0.5419602322459985,2.1940035273368608,0.2857142857142857,2.037288989669942,0.26
L-LSPIN,lspin_tf,linear,0.0105,0.2,0,6,181,0.5163378743673938,2.037288989669942,0.26,2.3507180650037798,0.3125
L-LSPIN,lspin_tf,linear,0.0105,0.2,0,7,181,0.5005179623611291,1.958931720836483,0.2475247524752475,2.2723607961703203,0.2989690721649484
L-LSPIN,lspin_tf,linear,0.0105,0.2,1,2,181,0.5768129819935844,2.2723607961703203,0.2989690721649484,2.2723607961703203,0.2989690721649484
L-LSPIN,lspin_tf,linear,0.0105,0.2,1,3,181,0.6023936839308284,2.8208616780045355,0.4,2.8208616780045355,0.4
L-LSPIN,lspin_tf,linear,0.0105,0.2,1,4,181,0.5314107445824926,2.1940035273368608,0.2857142857142857,2.429075333837239,0.3263157894736842
L-LSPIN,lspin_tf,linear,0.0105,0.2,1,5,181,0.6210028910738332,2.429075333837239,0.3263157894736842,2.429075333837239,0.3263157894736842
L-LSPIN,lspin_tf,linear,0.0105,0.2,1,6,181,0.5425427679405396,2.429075333837239,0.3263157894736842,2.1940035273368608,0.2857142857142857
L-LSPIN,lspin_tf,linear,0.0105,0.2,1,7,181,0.5449623672919054,2.1940035273368608,0.2857142857142857,2.2723607961703203,0.2989690721649484
L-LSPIN,lspin_tf,linear,0.0105,0.2,2,3,181,0.6010873382399063,2.507432602670698,0.3404255319148936,2.742504409171076,0.3846153846153846
L-LSPIN,lspin_tf,linear,0.0105,0.2,2,4,181,0.5822798342929147,2.429075333837239,0.3263157894736842,2.507432602670698,0.3404255319148936
L-LSPIN,lspin_tf,linear,0.0105,0.2,2,5,181,0.61123643369404,2.2723607961703203,0.2989690721649484,2.429075333837239,0.3263157894736842
L-LSPIN,lspin_tf,linear,0.0105,0.2,2,6,181,0.5755445899956679,2.3507180650037798,0.3125,2.6641471403376165,0.3695652173913043
L-LSPIN,lspin_tf,linear,0.0105,0.2,2,7,181,0.5966506472840831,2.1940035273368608,0.2857142857142857,2.6641471403376165,0.3695652173913043
L-LSPIN,lspin_tf,linear,0.0105,0.2,3,4,181,0.5996771055973559,2.3507180650037798,0.3125,3.1342907533383726,0.4651162790697674
L-LSPIN,lspin_tf,linear,0.0105,0.2,3,5,181,0.6541390552507976,2.429075333837239,0.3263157894736842,2.507432602670698,0.3404255319148936
L-LSPIN,lspin_tf,linear,0.0105,0.2,3,6,181,0.6156856517335008,2.5857898715041574,0.3548387096774194,2.507432602670698,0.3404255319148936
L-LSPIN,lspin_tf,linear,0.0105,0.2,3,7,181,0.610783029107857,2.1940035273368608,0.2857142857142857,2.8208616780045355,0.4
L-LSPIN,lspin_tf,linear,0.0105,0.2,4,5,181,0.6019861420390648,2.2723607961703203,0.2989690721649484,2.3507180650037798,0.3125
L-LSPIN,lspin_tf,linear,0.0105,0.2,4,6,181,0.5808369228671264,2.507432602670698,0.3404255319148936,2.3507180650037798,0.3125
L-LSPIN,lspin_tf,linear,0.0105,0.2,4,7,181,0.6224831969239594,2.1940035273368608,0.2857142857142857,2.2723607961703203,0.2989690721649484
L-LSPIN,lspin_tf,linear,0.0105,0.2,5,6,181,0.6568394721100924,2.2723607961703203,0.2989690721649484,2.2723607961703203,0.2989690721649484
L-LSPIN,lspin_tf,linear,0.0105,0.2,5,7,181,0.6109216162575456,2.507432602670698,0.3404255319148936,2.5857898715041574,0.3548387096774194
L-LSPIN,lspin_tf,linear,0.0105,0.2,6,7,181,0.5923622599184116,2.5857898715041574,0.3548387096774194,2.507432602670698,0.3404255319148936
L-LSPIN,lspin_tf,linear,0.0035,0.4,0,1,185,0.8358173330799827,3.4477198286722097,0.5365853658536586,3.291005291005291,0.5
L-LSPIN,lspin_tf,linear,0.0035,0.4,0,2,185,0.8490416271618325,3.212648022171832,0.4823529411764706,3.291005291005291,0.5
L-LSPIN,lspin_tf,linear,0.0035,0.4,0,3,185,0.8669067205069478,3.4477198286722097,0.5365853658536586,3.604434366339128,0.575
L-LSPIN,lspin_tf,linear,0.0035,0.4,0,4,185,0.852081714699367,3.212648022171832,0.4823529411764706,3.604434366339128,0.575
L-LSPIN,lspin_tf,linear,0.0035,0.4,0,5,185,0.8366546948373458,3.4477198286722097,0.5365853658536586,3.604434366339128,0.575
L-LSPIN,lspin_tf,linear,0.0035,0.4,0,6,185,0.8463655596292525,3.1342907533383726,0.4651162790697674,3.682791635172588,0.5949367088607594
L-LSPIN,lspin_tf,linear,0.0035,0.4,0,7,185,0.8057794536586462,2.742504409171076,0.3846153846153846,3.291005291005291,0.5
L-LSPIN,lspin_tf,linear,0.0035,0.4,1,2,185,0.8510659720446162,3.3693625598387507,0.5180722891566265,3.604434366339128,0.575
L-LSPIN,lspin_tf,linear,0.0035,0.4,1,3,185,0.8464250959891217,3.291005291005291,0.5,3.055933484504913,0.4482758620689655
L-LSPIN,lspin_tf,linear,0.0035,0.4,1,4,185,0.834197177976938,3.212648022171832,0.4823529411764706,3.604434366339128,0.575
L-LSPIN,lspin_tf,linear,0.0035,0.4,1,5,185,0.8628572884316971,3.604434366339128,0.575,3.682791635172588,0.5949367088607594
L-LSPIN,lspin_tf,linear,0.0035,0.4,1,6,185,0.8323825145077113,3.3693625598387507,0.5180722891566265,3.526077097505669,0.5555555555555556
L-LSPIN,lspin_tf,linear,0.0035,0.4,1,7,185,0.8393319518013047,3.1342907533383726,0.4651162790697674,3.526077097505669,0.5555555555555556
L-LSPIN,lspin_tf,linear,0.0035,0.4,2,3,185,0.8509536086295026,3.291005291005291,0.5,3.4477198286722097,0.5365853658536586
L-LSPIN,lspin_tf,linear,0.0035,0.4,2,4,185,0.8592071945266884,3.291005291005291,0.5,3.8395061728395055,0.6363636363636364
L-LSPIN,lspin_tf,linear,0.0035,0.4,2,5,185,0.8733206828909577,3.526077097505669,0.5555555555555556,3.8395061728395055,0.6363636363636364
L-LSPIN,lspin_tf,linear,0.0035,0.4,2,6,185,0.8465804453242551,3.291005291005291,0.5,3.526077097505669,0.5555555555555556
L-LSPIN,lspin_tf,linear,0.0035,0.4,2,7,185,0.8490120328360553,3.3693625598387507,0.5180722891566265,3.604434366339128,0.575
L-LSPIN,lspin_tf,linear,0.0035,0.4,3,4,185,0.8595938690914974,3.212648022171832,0.4823529411764706,3.7611489040060473,0.6153846153846154
L-LSPIN,lspin_tf,linear,0.0035,0.4,3,5,185,0.8345568903466876,3.3693625598387507,0.5180722891566265,3.291005291005291,0.5
L-LSPIN,lspin_tf,linear,0.0035,0.4,3,6,185,0.8578784577800271,3.212648022171832,0.4823529411764706,3.4477198286722097,0.5365853658536586
L-LSPIN,lspin_tf,linear,0.0035,0.4,3,7,185,0.8214900266354324,3.212648022171832,0.4823529411764706,3.1342907533383726,0.4651162790697674
L-LSPIN,lspin_tf,linear,0.0035,0.4,4,5,185,0.8477978734603216,3.4477198286722097,0.5365853658536586,3.917863441672966,0.6578947368421053
L-LSPIN,lspin_tf,linear,0.0035,0.4,4,6,185,0.8401523886911446,3.291005291005291,0.5,3.7611489040060473,0.6153846153846154
L-LSPIN,lspin_tf,linear,0.0035,0.4,4,7,185,0.818304458492969,3.212648022171832,0.4823529411764706,3.526077097505669,0.5555555555555556
L-LSPIN,lspin_tf,linear,0.0035,0.4,5,6,185,0.8622817204538703,3.526077097505669,0.5555555555555556,3.8395061728395055,0.6363636363636364
L-LSPIN,lspin_tf,linear,0.0035,0.4,5,7,185,0.8407690839703431,3.3693625598387507,0.5180722891566265,3.7611489040060473,0.6153846153846154
L-LSPIN,lspin_tf,linear,0.0035,0.4,6,7,185,0.8699347928563509,3.291005291005291,0.5,3.917863441672966,0.6578947368421053
L-LSPIN,lspin_tf,linear,0.0105,0.4,0,1,189,0.5495055161340213,2.037288989669942,0.26,2.5857898715041574,0.3548387096774194
L-LSPIN,lspin_tf,linear,0.0105,0.4,0,2,189,0.6106313288432984,2.3507180650037798,0.3125,2.8208616780045355,0.4
L-LSPIN,lspin_tf,linear,0.0105,0.4,0,3,189,0.5136880788621279,2.2723607961703203,0.2989690721649484,2.3507180650037798,0.3125
L-LSPIN,lspin_tf,linear,0.0105,0.4,0,4,189,0.5842800937630951,2.429075333837239,0.3263157894736842,2.3507180650037798,0.3125
L-LSPIN,lspin_tf,linear,0.0105,0.4,0,5,189,0.607183288964074,2.429075333837239,0.3263157894736842,2.507432602670698,0.3404255319148936
L-LSPIN,lspin_tf,linear,0.0105,0.4,0,6,189,0.4856347127620667,2.1940035273368608,0.2857142857142857,1.880574452003024,0.2352941176470588
L-LSPIN,lspin_tf,linear,0.0105,0.4,0,7,189,0.5958739258954805,2.2723607961703203,0.2989690721649484,2.5857898715041574,0.3548387096774194
L-LSPIN,lspin_tf,linear,0.0105,0.4,1,2,189,0.6390512416998072,2.5857898715041574,0.3548387096774194,2.5857898715041574,0.3548387096774194
L-LSPIN,lspin_tf,linear,0.0105,0.4,1,3,189,0.571465952257349,2.2723607961703203,0.2989690721649484,2.6641471403376165,0.3695652173913043
L-LSPIN,lspin_tf,linear,0.0105,0.4,1,4,189,0.6022624071854401,2.3507180650037798,0.3125,2.2723607961703203,0.2989690721649484
L-LSPIN,lspin_tf,linear,0.0105,0.4,1,5,189,0.6255430089507095,2.2723607961703203,0.2989690721649484,2.3507180650037798,0.3125
L-LSPIN,lspin_tf,linear,0.0105,0.4,1,6,189,0.6240377068925602,2.8992189468379945,0.4157303370786517,2.1940035273368608,0.2857142857142857
L-LSPIN,lspin_tf,linear,0.0105,0.4,1,7,189,0.580742029892071,2.037288989669942,0.26,2.507432602670698,0.3404255319148936
L-LSPIN,lspin_tf,linear,0.0105,0.4,2,3,189,0.5572477352112587,2.1156462585034013,0.2727272727272727,2.5857898715041574,0.3548387096774194
L-LSPIN,lspin_tf,linear,0.0105,0.4,2,4,189,0.6026274493889212,3.1342907533383726,0.4651162790697674,2.1940035273368608,0.2857142857142857
L-LSPIN,lspin_tf,linear,0.0105,0.4,2,5,189,0.6393519739346717,2.6641471403376165,0.3695652173913043,2.6641471403376165,0.3695652173913043
L-LSPIN,lspin_tf,linear,0.0105,0.4,2,6,189,0.6045995302441298,2.6641471403376165,0.3695652173913043,2.1940035273368608,0.2857142857142857
L-LSPIN,lspin_tf,linear,0.0105,0.4,2,7,189,0.6231086400342194,2.2723607961703203,0.2989690721649484,2.742504409171076,0.3846153846153846
L-LSPIN,lspin_tf,linear,0.0105,0.4,3,4,189,0.53357016042649,2.1156462585034013,0.2727272727272727,2.5857898715041574,0.3548387096774194
L-LSPIN,lspin_tf,linear,0.0105,0.4,3,5,189,0.5602113996956285,2.507432602670698,0.3404255319148936,1.880574452003024,0.2352941176470588
L-LSPIN,lspin_tf,linear,0.0105,0.4,3,6,189,0.5007309239014939,2.1156462585034013,0.2727272727272727,2.429075333837239,0.3263157894736842
L-LSPIN,lspin_tf,linear,0.0105,0.4,3,7,189,0.5485865019177274,2.5857898715041574,0.3548387096774194,2.742504409171076,0.3846153846153846
L-LSPIN,lspin_tf,linear,0.0105,0.4,4,5,189,0.628460888389018,2.507432602670698,0.3404255319148936,2.037288989669942,0.26
L-LSPIN,lspin_tf,linear,0.0105,0.4,4,6,189,0.5288719299772098,2.2723607961703203,0.2989690721649484,2.3507180650037798,0.3125
L-LSPIN,lspin_tf,linear,0.0105,0.4,4,7,189,0.6251379826768485,2.1940035273368608,0.2857142857142857,2.8992189468379945,0.4157303370786517
L-LSPIN,lspin_tf,linear,0.0105,0.4,5,6,189,0.5432974379925904,2.1156462585034013,0.2727272727272727,2.1940035273368608,0.2857142857142857
L-LSPIN,lspin_tf,linear,0.0105,0.4,5,7,189,0.569466275064384,2.3507180650037798,0.3125,2.742504409171076,0.3846153846153846
L-LSPIN,lspin_tf,linear,0.0105,0.4,6,7,189,0.4841753622249007,2.429075333837239,0.3263157894736842,2.037288989669942,0.26
L-Concrete,concrete,linear,0.0011,0.0,0,1,193,0.8389050378044247,3.3693625598387507,0.5180722891566265,2.977576215671454,0.4318181818181818
L-Concrete,concrete,linear,0.0011,0.0,0,2,193,0.8181782492528148,3.682791635172588,0.5949367088607594,3.055933484504913,0.4482758620689655
L-Concrete,concrete,linear,0.0011,0.0,0,3,193,0.7972473160673266,3.212648022171832,0.4823529411764706,3.4477198286722097,0.5365853658536586
L-Concrete,concrete,linear,0.0011,0.0,0,4,193,0.8079913274165081,3.4477198286722097,0.5365853658536586,2.8208616780045355,0.4
L-Concrete,concrete,linear,0.0011,0.0,0,5,193,0.8104694977280044,3.3693625598387507,0.5180722891566265,3.055933484504913,0.4482758620689655
L-Concrete,concrete,linear,0.0011,0.0,0,6,193,0.8015228081617276,3.212648022171832,0.4823529411764706,3.3693625598387507,0.5180722891566265
L-Concrete,concrete,linear,0.0011,0.0,0,7,193,0.8065872882076042,3.4477198286722097,0.5365853658536586,3.055933484504913,0.4482758620689655
L-Concrete,concrete,linear,0.0011,0.0,1,2,193,0.8363269550488901,3.291005291005291,0.5,3.291005291005291,0.5
L-Concrete,concrete,linear,0.0011,0.0,1,3,193,0.7612471963160595,3.055933484504913,0.4482758620689655,2.977576215671454,0.4318181818181818
L-Concrete,concrete,linear,0.0011,0.0,1,4,193,0.8274157146871124,3.526077097505669,0.5555555555555556,2.977576215671454,0.4318181818181818
L-Concrete,concrete,linear,0.0011,0.0,1,5,193,0.8178231202743944,3.212648022171832,0.4823529411764706,3.212648022171832,0.4823529411764706
L-Concrete,concrete,linear,0.0011,0.0,1,6,193,0.8253161270556446,3.604434366339128,0.575,3.212648022171832,0.4823529411764706
L-Concrete,concrete,linear,0.0011,0.0,1,7,193,0.8330871713464503,3.7611489040060473,0.6153846153846154,3.4477198286722097,0.5365853658536586
L-Concrete,concrete,linear,0.0011,0.0,2,3,193,0.8017908241649756,3.3693625598387507,0.5180722891566265,3.1342907533383726,0.4651162790697674
L-Concrete,concrete,linear,0.0011,0.0,2,4,193,0.8400063915042596,3.526077097505669,0.5555555555555556,3.1342907533383726,0.4651162790697674
L-Concrete,concrete,linear,0.0011,0.0,2,5,193,0.8280569908627424,3.3693625598387507,0.5180722891566265,3.212648022171832,0.4823529411764706
L-Concrete,concrete,linear,0.0011,0.0,2,6,193,0.8139181933997172,3.291005291005291,0.5,3.055933484504913,0.4482758620689655
L-Concrete,concrete,linear,0.0011,0.0,2,7,193,0.8150578252025041,3.526077097505669,0.5555555555555556,3.3693625598387507,0.5180722891566265
L-Concrete,concrete,linear,0.0011,0.0,3,4,193,0.7776500960918117,3.212648022171832,0.4823529411764706,2.6641471403376165,0.3695652173913043
L-Concrete,concrete,linear,0.0011,0.0,3,5,193,0.7975970477098437,3.526077097505669,0.5555555555555556,2.8992189468379945,0.4157303370786517
L-Concrete,concrete,linear,0.0011,0.0,3,6,193,0.7928328422935375,3.1342907533383726,0.4651162790697674,3.3693625598387507,0.5180722891566265
L-Concrete,concrete,linear,0.0011,0.0,3,7,193,0.766254665513546,3.212648022171832,0.4823529411764706,2.8208616780045355,0.4
L-Concrete,concrete,linear,0.0011,0.0,4,5,193,0.8093586194076768,3.055933484504913,0.4482758620689655,3.212648022171832,0.4823529411764706
L-Concrete,concrete,linear,0.0011,0.0,4,6,193,0.8047053727041303,3.4477198286722097,0.5365853658536586,3.055933484504913,0.4482758620689655
L-Concrete,concrete,linear,0.0011,0.0,4,7,193,0.8130937795607307,3.3693625598387507,0.5180722891566265,3.055933484504913,0.4482758620689655
L-Concrete,concrete,linear,0.0011,0.0,5,6,193,0.7989425931521705,3.055933484504913,0.4482758620689655,3.212648022171832,0.4823529411764706
L-Concrete,concrete,linear,0.0011,0.0,5,7,193,0.8274237006776239,3.526077097505669,0.5555555555555556,3.3693625598387507,0.5180722891566265
L-Concrete,concrete,linear,0.0011,0.0,6,7,193,0.8113696231202713,3.604434366339128,0.575,2.977576215671454,0.4318181818181818
L-Concrete,concrete,linear,0.0033,0.0,0,1,197,0.7555777052727408,3.212648022171832,0.4823529411764706,2.5857898715041574,0.3548387096774194
L-Concrete,concrete,linear,0.0033,0.0,0,2,197,0.7668201128695509,3.212648022171832,0.4823529411764706,2.5857898715041574,0.3548387096774194
L-Concrete,concrete,linear,0.0033,0.0,0,3,197,0.7820094915699572,3.4477198286722097,0.5365853658536586,2.6641471403376165,0.3695652173913043
L-Concrete,concrete,linear,0.0033,0.0,0,4,197,0.7753604481771762,3.1342907533383726,0.4651162790697674,2.977576215671454,0.4318181818181818
L-Concrete,concrete,linear,0.0033,0.0,0,5,197,0.8003748782549782,3.1342907533383726,0.4651162790697674,2.5857898715041574,0.3548387096774194
L-Concrete,concrete,linear,0.0033,0.0,0,6,197,0.7462602163477393,2.977576215671454,0.4318181818181818,2.1156462585034013,0.2727272727272727
L-Concrete,concrete,linear,0.0033,0.0,0,7,197,0.762236241707838,3.212648022171832,0.4823529411764706,2.5857898715041574,0.3548387096774194
L-Concrete,concrete,linear,0.0033,0.0,1,2,197,0.7326265671302231,3.212648022171832,0.4823529411764706,2.507432602670698,0.3404255319148936
L-Concrete,concrete,linear,0.0033,0.0,1,3,197,0.7651891321268722,3.212648022171832,0.4823529411764706,2.8208616780045355,0.4
L-Concrete,concrete,linear,0.0033,0.0,1,4,197,0.7507123989810239,3.291005291005291,0.5,2.8992189468379945,0.4157303370786517
L-Concrete,concrete,linear,0.0033,0.0,1,5,197,0.7569851843251162,3.291005291005291,0.5,3.1342907533383726,0.4651162790697674
L-Concrete,concrete,linear,0.0033,0.0,1,6,197,0.6826376285137136,2.8992189468379945,0.4157303370786517,2.2723607961703203,0.2989690721649484
L-Concrete,concrete,linear,0.0033,0.0,1,7,197,0.7333449136461694,3.212648022171832,0.4823529411764706,2.742504409171076,0.3846153846153846
L-Concrete,concrete,linear,0.0033,0.0,2,3,197,0.7268261845769856,3.526077097505669,0.5555555555555556,2.5857898715041574,0.3548387096774194
L-Concrete,concrete,linear,0.0033,0.0,2,4,197,0.7872917805268798,3.291005291005291,0.5,3.055933484504913,0.4482758620689655
L-Concrete,concrete,linear,0.0033,0.0,2,5,197,0.7733323356045455,3.291005291005291,0.5,3.1342907533383726,0.4651162790697674
L-Concrete,concrete,linear,0.0033,0.0,2,6,197,0.7360374162415536,3.212648022171832,0.4823529411764706,2.6641471403376165,0.3695652173913043
L-Concrete,concrete,linear,0.0033,0.0,2,7,197,0.7232499714888969,3.291005291005291,0.5,2.3507180650037798,0.3125
L-Concrete,concrete,linear,0.0033,0.0,3,4,197,0.7637287280228491,3.291005291005291,0.5,2.507432602670698,0.3404255319148936
L-Concrete,concrete,linear,0.0033,0.0,3,5,197,0.8066387305307406,3.291005291005291,0.5,3.291005291005291,0.5
L-Concrete,concrete,linear,0.0033,0.0,3,6,197,0.7352863937352232,3.212648022171832,0.4823529411764706,2.1940035273368608,0.2857142857142857
L-Concrete,concrete,linear,0.0033,0.0,3,7,197,0.7835438675996373,3.4477198286722097,0.5365853658536586,3.1342907533383726,0.4651162790697674
L-Concrete,concrete,linear,0.0033,0.0,4,5,197,0.7867272468881159,3.212648022171832,0.4823529411764706,3.1342907533383726,0.4651162790697674
L-Concrete,concrete,linear,0.0033,0.0,4,6,197,0.750768447409615,3.526077097505669,0.5555555555555556,2.8992189468379945,0.4157303370786517
L-Concrete,concrete,linear,0.0033,0.0,4,7,197,0.7299330981911244,2.8992189468379945,0.4157303370786517,1.958931720836483,0.2475247524752475
L-Concrete,concrete,linear,0.0033,0.0,5,6,197,0.7445694309003699,2.977576215671454,0.4318181818181818,2.5857898715041574,0.3548387096774194
L-Concrete,concrete,linear,0.0033,0.0,5,7,197,0.7956069962101396,3.4477198286722097,0.5365853658536586,2.8208616780045355,0.4
L-Concrete,concrete,linear,0.0033,0.0,6,7,197,0.7778680393149966,3.212648022171832,0.4823529411764706,2.1156462585034013,0.2727272727272727
L-Concrete,concrete,linear,0.0011,0.1,0,1,201,0.876136732004288,3.526077097505669,0.5555555555555556,3.526077097505669,0.5555555555555556
L-Concrete,concrete,linear,0.0011,0.1,0,2,201,0.8824693836845062,3.3693625598387507,0.5180722891566265,3.7611489040060473,0.6153846153846154
L-Concrete,concrete,linear,0.0011,0.1,0,3,201,0.8796213487740686,3.526077097505669,0.5555555555555556,3.4477198286722097,0.5365853658536586
L-Concrete,concrete,linear,0.0011,0.1,0,4,201,0.8744909631622744,3.4477198286722097,0.5365853658536586,3.7611489040060473,0.6153846153846154
L-Concrete,concrete,linear,0.0011,0.1,0,5,201,0.8870551511789874,3.3693625598387507,0.5180722891566265,3.604434366339128,0.575
L-Concrete,concrete,linear,0.0011,0.1,0,6,201,0.881647361563644,3.4477198286722097,0.5365853658536586,3.682791635172588,0.5949367088607594
L-Concrete,concrete,linear,0.0011,0.1,0,7,201,0.8886903227785719,3.604434366339128,0.575,3.7611489040060473,0.6153846153846154
L-Concrete,concrete,linear,0.0011,0.1,1,2,201,0.8944753291135435,3.3693625598387507,0.5180722891566265,3.7611489040060473,0.6153846153846154
L-Concrete,concrete,linear,0.0011,0.1,1,3,201,0.8551817974435019,3.1342907533383726,0.4651162790697674,3.4477198286722097,0.5365853658536586
L-Concrete,concrete,linear,0.0011,0.1,1,4,201,0.8850944396014983,3.604434366339128,0.575,3.4477198286722097,0.5365853658536586
L-Concrete,concrete,linear,0.0011,0.1,1,5,201,0.8667383065390406,3.526077097505669,0.5555555555555556,3.526077097505669,0.5555555555555556
L-Concrete,concrete,linear,0.0011,0.1,1,6,201,0.8782202820130036,3.682791635172588,0.5949367088607594,3.3693625598387507,0.5180722891566265
L-Concrete,concrete,linear,0.0011,0.1,1,7,201,0.8601530917050236,3.212648022171832,0.4823529411764706,3.291005291005291,0.5
L-Concrete,concrete,linear,0.0011,0.1,2,3,201,0.8683013287347083,3.4477198286722097,0.5365853658536586,3.682791635172588,0.5949367088607594
L-Concrete,concrete,linear,0.0011,0.1,2,4,201,0.8864090975014897,3.682791635172588,0.5949367088607594,3.682791635172588,0.5949367088607594
L-Concrete,concrete,linear,0.0011,0.1,2,5,201,0.8826521276728424,3.526077097505669,0.5555555555555556,3.682791635172588,0.5949367088607594
L-Concrete,concrete,linear,0.0011,0.1,2,6,201,0.8733537316727578,3.604434366339128,0.575,3.604434366339128,0.575
L-Concrete,concrete,linear,0.0011,0.1,2,7,201,0.9012470055839086,3.682791635172588,0.5949367088607594,3.7611489040060473,0.6153846153846154
L-Concrete,concrete,linear,0.0011,0.1,3,4,201,0.8701121737621202,3.291005291005291,0.5,3.4477198286722097,0.5365853658536586
L-Concrete,concrete,linear,0.0011,0.1,3,5,201,0.8847311006614065,3.604434366339128,0.575,3.4477198286722097,0.5365853658536586
L-Concrete,concrete,linear,0.0011,0.1,3,6,201,0.8572986556674094,3.212648022171832,0.4823529411764706,3.4477198286722097,0.5365853658536586
L-Concrete,concrete,linear,0.0011,0.1,3,7,201,0.8887507795734539,3.3693625598387507,0.5180722891566265,3.604434366339128,0.575
L-Concrete,concrete,linear,0.0011,0.1,4,5,201,0.8843759735425943,3.291005291005291,0.5,3.291005291005291,0.5
L-Concrete,concrete,linear,0.0011,0.1,4,6,201,0.8842005952954787,3.526077097505669,0.5555555555555556,3.8395061728395055,0.6363636363636364
L-Concrete,concrete,linear,0.0011,0.1,4,7,201,0.9039744067897878,3.604434366339128,0.575,3.996220710506425,0.68
L-Concrete,concrete,linear,0.0011,0.1,5,6,201,0.8853203294799067,3.604434366339128,0.575,3.604434366339128,0.575
L-Concrete,concrete,linear,0.0011,0.1,5,7,201,0.9050225910247028,3.682791635172588,0.5949367088607594,3.3693625598387507,0.5180722891566265
L-Concrete,concrete,linear,0.0011,0.1,6,7,201,0.8869568744174613,3.604434366339128,0.575,3.682791635172588,0.5949367088607594
L-Concrete,concrete,linear,0.0033,0.1,0,1,205,0.7839887590929168,2.977576215671454,0.4318181818181818,3.291005291005291,0.5
L-Concrete,concrete,linear,0.0033,0.1,0,2,205,0.7866530548406924,2.977576215671454,0.4318181818181818,3.682791635172588,0.5949367088607594
L-Concrete,concrete,linear,0.0033,0.1,0,3,205,0.790886713877985,2.977576215671454,0.4318181818181818,3.1342907533383726,0.4651162790697674
L-Concrete,concrete,linear,0.0033,0.1,0,4,205,0.7726394704860887,3.212648022171832,0.4823529411764706,3.1342907533383726,0.4651162790697674
L-Concrete,concrete,linear,0.0033,0.1,0,5,205,0.7404169953052959,2.5857898715041574,0.3548387096774194,3.055933484504913,0.4482758620689655
L-Concrete,concrete,linear,0.0033,0.1,0,6,205,0.7899849827287648,2.8992189468379945,0.4157303370786517,2.977576215671454,0.4318181818181818
L-Concrete,concrete,linear,0.0033,0.1,0,7,205,0.7333044700613237,2.8208616780045355,0.4,3.055933484504913,0.4482758620689655
L-Concrete,concrete,linear,0.0033,0.1,1,2,205,0.7770843258740836,2.977576215671454,0.4318181818181818,3.4477198286722097,0.5365853658536586
L-Concrete,concrete,linear,0.0033,0.1,1,3,205,0.7507934211275471,2.977576215671454,0.4318181818181818,2.977576215671454,0.4318181818181818
L-Concrete,concrete,linear,0.0033,0.1,1,4,205,0.8039299566499263,3.4477198286722097,0.5365853658536586,3.212648022171832,0.4823529411764706
L-Concrete,concrete,linear,0.0033,0.1,1,5,205,0.7349705379561691,2.8992189468379945,0.4157303370786517,3.3693625598387507,0.5180722891566265
L-Concrete,concrete,linear,0.0033,0.1,1,6,205,0.7753123792511784,3.291005291005291,0.5,2.977576215671454,0.4318181818181818
L-Concrete,concrete,linear,0.0033,0.1,1,7,205,0.7694490261748836,3.1342907533383726,0.4651162790697674,3.4477198286722097,0.5365853658536586
L-Concrete,concrete,linear,0.0033,0.1,2,3,205,0.7633811569646577,2.8208616780045355,0.4,2.8992189468379945,0.4157303370786517
L-Concrete,concrete,linear,0.0033,0.1,2,4,205,0.7916052823981586,2.8992189468379945,0.4157303370786517,2.977576215671454,0.4318181818181818
L-Concrete,concrete,linear,0.0033,0.1,2,5,205,0.7708964723372782,2.8992189468379945,0.4157303370786517,3.3693625598387507,0.5180722891566265
L-Concrete,concrete,linear,0.0033,0.1,2,6,205,0.7822755335547305,2.977576215671454,0.4318181818181818,3.212648022171832,0.4823529411764706
L-Concrete,concrete,linear,0.0033,0.1,2,7,205,0.7898574785091312,3.055933484504913,0.4482758620689655,2.8208616780045355,0.4
L-Concrete,concrete,linear,0.0033,0.1,3,4,205,0.7796649985233489,2.8992189468379945,0.4157303370786517,2.977576215671454,0.4318181818181818
L-Concrete,concrete,linear,0.0033,0.1,3,5,205,0.7443883629002748,2.742504409171076,0.3846153846153846,2.8992189468379945,0.4157303370786517
L-Concrete,concrete,linear,0.0033,0.1,3,6,205,0.7437314743033512,2.8208616780045355,0.4,3.1342907533383726,0.4651162790697674
L-Concrete,concrete,linear,0.0033,0.1,3,7,205,0.783303305877448,2.977576215671454,0.4318181818181818,3.055933484504913,0.4482758620689655
L-Concrete,concrete,linear,0.0033,0.1,4,5,205,0.7249113707743865,2.507432602670698,0.3404255319148936,2.742504409171076,0.3846153846153846
L-Concrete,concrete,linear,0.0033,0.1,4,6,205,0.7793548205735361,3.055933484504913,0.4482758620689655,2.977576215671454,0.4318181818181818
L-Concrete,concrete,linear,0.0033,0.1,4,7,205,0.7759289769391018,2.8208616780045355,0.4,3.291005291005291,0.5
L-Concrete,concrete,linear,0.0033,0.1,5,6,205,0.7561029189872314,2.8208616780045355,0.4,2.8208616780045355,0.4
L-Concrete,concrete,linear,0.0033,0.1,5,7,205,0.7245494532538623,3.055933484504913,0.4482758620689655,2.742504409171076,0.3846153846153846
L-Concrete,concrete,linear,0.0033,0.1,6,7,205,0.7407716980220186,2.5857898715041574,0.3548387096774194,2.6641471403376165,0.3695652173913043
L-Concrete,concrete,linear,0.0011,0.2,0,1,209,0.869190302694227,2.977576215671454,0.4318181818181818,3.4477198286722097,0.5365853658536586
L-Concrete,concrete,linear,0.0011,0.2,0,2,209,0.8947593802410996,3.526077097505669,0.5555555555555556,3.4477198286722097,0.5365853658536586
L-Concrete,concrete,linear,0.0011,0.2,0,3,209,0.8940166772310852,3.682791635172588,0.5949367088607594,3.682791635172588,0.5949367088607594
L-Concrete,concrete,linear,0.0011,0.2,0,4,209,0.8790652156368323,3.1342907533383726,0.4651162790697674,3.604434366339128,0.575
L-Concrete,concrete,linear,0.0011,0.2,0,5,209,0.8818195772091613,3.3693625598387507,0.5180722891566265,3.7611489040060473,0.6153846153846154
L-Concrete,concrete,linear,0.0011,0.2,0,6,209,0.8880541031418472,3.3693625598387507,0.5180722891566265,3.4477198286722097,0.5365853658536586
L-Concrete,concrete,linear,0.0011,0.2,0,7,209,0.8969760635810046,3.1342907533383726,0.4651162790697674,3.682791635172588,0.5949367088607594
L-Concrete,concrete,linear,0.0011,0.2,1,2,209,0.8738432765703438,3.8395061728395055,0.6363636363636364,3.291005291005291,0.5
L-Concrete,concrete,linear,0.0011,0.2,1,3,209,0.8751046848140943,3.604434366339128,0.575,3.526077097505669,0.5555555555555556
L-Concrete,concrete,linear,0.0011,0.2,1,4,209,0.8990208729142439,3.8395061728395055,0.6363636363636364,3.526077097505669,0.5555555555555556
L-Concrete,concrete,linear,0.0011,0.2,1,5,209,0.8786910219262108,3.291005291005291,0.5,3.7611489040060473,0.6153846153846154
L-Concrete,concrete,linear,0.0011,0.2,1,6,209,0.8756058363452855,3.4477198286722097,0.5365853658536586,3.3693625598387507,0.5180722891566265
L-Concrete,concrete,linear,0.0011,0.2,1,7,209,0.8910550934184489,3.3693625598387507,0.5180722891566265,3.682791635172588,0.5949367088607594
L-Concrete,concrete,linear,0.0011,0.2,2,3,209,0.879659351660624,3.604434366339128,0.575,3.3693625598387507,0.5180722891566265
L-Concrete,concrete,linear,0.0011,0.2,2,4,209,0.8856164733856225,3.7611489040060473,0.6153846153846154,3.7611489040060473,0.6153846153846154
L-Concrete,concrete,linear,0.0011,0.2,2,5,209,0.8519881645846044,3.291005291005291,0.5,3.604434366339128,0.575
L-Concrete,concrete,linear,0.0011,0.2,2,6,209,0.880203821126054,3.3693625598387507,0.5180722891566265,3.4477198286722097,0.5365853658536586
L-Concrete,concrete,linear,0.0011,0.2,2,7,209,0.8963373203904663,3.3693625598387507,0.5180722891566265,3.4477198286722097,0.5365853658536586
L-Concrete,concrete,linear,0.0011,0.2,3,4,209,0.8795141676546541,3.212648022171832,0.4823529411764706,3.917863441672966,0.6578947368421053
L-Concrete,concrete,linear,0.0011,0.2,3,5,209,0.8813937534413526,3.682791635172588,0.5949367088607594,3.8395061728395055,0.6363636363636364
L-Concrete,concrete,linear,0.0011,0.2,3,6,209,0.8745524050325761,3.7611489040060473,0.6153846153846154,3.3693625598387507,0.5180722891566265
L-Concrete,concrete,linear,0.0011,0.2,3,7,209,0.8996397037862536,3.8395061728395055,0.6363636363636364,3.682791635172588,0.5949367088607594
L-Concrete,concrete,linear,0.0011,0.2,4,5,209,0.881548567327613,3.4477198286722097,0.5365853658536586,3.8395061728395055,0.6363636363636364
L-Concrete,concrete,linear,0.0011,0.2,4,6,209,0.8764224688962271,3.526077097505669,0.5555555555555556,3.291005291005291,0.5
L-Concrete,concrete,linear,0.0011,0.2,4,7,209,0.8862134323564886,3.212648022171832,0.4823529411764706,3.4477198286722097,0.5365853658536586
L-Concrete,concrete,linear,0.0011,0.2,5,6,209,0.8775805506929385,3.526077097505669,0.5555555555555556,3.682791635172588,0.5949367088607594
L-Concrete,concrete,linear,0.0011,0.2,5,7,209,0.9041334006070006,3.7611489040060473,0.6153846153846154,3.604434366339128,0.575
L-Concrete,concrete,linear,0.0011,0.2,6,7,209,0.8911077171485627,3.604434366339128,0.575,3.3693625598387507,0.5180722891566265
L-Concrete,concrete,linear,0.0033,0.2,0,1,213,0.7159171632784943,3.212648022171832,0.4823529411764706,2.8208616780045355,0.4
L-Concrete,concrete,linear,0.0033,0.2,0,2,213,0.7559808316808823,3.212648022171832,0.4823529411764706,3.1342907533383726,0.4651162790697674
L-Concrete,concrete,linear,0.0033,0.2,0,3,213,0.8054943843174595,3.291005291005291,0.5,3.1342907533383726,0.4651162790697674
L-Concrete,concrete,linear,0.0033,0.2,0,4,213,0.775916823597836,2.8992189468379945,0.4157303370786517,3.055933484504913,0.4482758620689655
L-Concrete,concrete,linear,0.0033,0.2,0,5,213,0.7749584273092132,3.1342907533383726,0.4651162790697674,3.212648022171832,0.4823529411764706
L-Concrete,concrete,linear,0.0033,0.2,0,6,213,0.7782510161338665,3.055933484504913,0.4482758620689655,3.212648022171832,0.4823529411764706
L-Concrete,concrete,linear,0.0033,0.2,0,7,213,0.7231436519823355,2.8992189468379945,0.4157303370786517,2.742504409171076,0.3846153846153846
L-Concrete,concrete,linear,0.0033,0.2,1,2,213,0.759444852413496,2.977576215671454,0.4318181818181818,3.212648022171832,0.4823529411764706
L-Concrete,concrete,linear,0.0033,0.2,1,3,213,0.7323622487623532,3.055933484504913,0.4482758620689655,3.212648022171832,0.4823529411764706
L-Concrete,concrete,linear,0.0033,0.2,1,4,213,0.7263342702547682,3.055933484504913,0.4482758620689655,2.8992189468379945,0.4157303370786517
L-Concrete,concrete,linear,0.0033,0.2,1,5,213,0.6983366503300458,2.977576215671454,0.4318181818181818,2.8992189468379945,0.4157303370786517
L-Concrete,concrete,linear,0.0033,0.2,1,6,213,0.7831438684312727,3.3693625598387507,0.5180722891566265,2.8992189468379945,0.4157303370786517
L-Concrete,concrete,linear,0.0033,0.2,1,7,213,0.7173239534822948,3.1342907533383726,0.4651162790697674,2.8208616780045355,0.4
L-Concrete,concrete,linear,0.0033,0.2,2,3,213,0.7674643130731166,3.3693625598387507,0.5180722891566265,2.977576215671454,0.4318181818181818
L-Concrete,concrete,linear,0.0033,0.2,2,4,213,0.7651048170651665,3.291005291005291,0.5,2.8992189468379945,0.4157303370786517
L-Concrete,concrete,linear,0.0033,0.2,2,5,213,0.7776203707916026,3.055933484504913,0.4482758620689655,3.526077097505669,0.5555555555555556
L-Concrete,concrete,linear,0.0033,0.2,2,6,213,0.7756600166856163,3.3693625598387507,0.5180722891566265,2.977576215671454,0.4318181818181818
L-Concrete,concrete,linear,0.0033,0.2,2,7,213,0.7134289156149349,2.977576215671454,0.4318181818181818,3.1342907533383726,0.4651162790697674
L-Concrete,concrete,linear,0.0033,0.2,3,4,213,0.7688595728454279,2.8992189468379945,0.4157303370786517,3.055933484504913,0.4482758620689655
L-Concrete,concrete,linear,0.0033,0.2,3,5,213,0.7383716636995666,2.977576215671454,0.4318181818181818,2.8992189468379945,0.4157303370786517
L-Concrete,concrete,linear,0.0033,0.2,3,6,213,0.8046397673918035,3.1342907533383726,0.4651162790697674,3.212648022171832,0.4823529411764706
L-Concrete,concrete,linear,0.0033,0.2,3,7,213,0.7371112513425939,2.742504409171076,0.3846153846153846,2.8992189468379945,0.4157303370786517
L-Concrete,concrete,linear,0.0033,0.2,4,5,213,0.7135825457542883,2.8992189468379945,0.4157303370786517,3.212648022171832,0.4823529411764706
L-Concrete,concrete,linear,0.0033,0.2,4,6,213,0.7699265692337178,3.291005291005291,0.5,2.8992189468379945,0.4157303370786517
L-Concrete,concrete,linear,0.0033,0.2,4,7,213,0.6987859315600722,2.6641471403376165,0.3695652173913043,2.977576215671454,0.4318181818181818
L-Concrete,concrete,linear,0.0033,0.2,5,6,213,0.7664473043881948,2.8992189468379945,0.4157303370786517,2.742504409171076,0.3846153846153846
L-Concrete,concrete,linear,0.0033,0.2,5,7,213,0.7242545725139511,2.8208616780045355,0.4,2.742504409171076,0.3846153846153846
L-Concrete,concrete,linear,0.0033,0.2,6,7,213,0.7470775550449859,2.8208616780045355,0.4,3.1342907533383726,0.4651162790697674
L-Concrete,concrete,linear,0.0011,0.4,0,1,217,0.8897246421313494,3.4477198286722097,0.5365853658536586,3.8395061728395055,0.6363636363636364
L-Concrete,concrete,linear,0.0011,0.4,0,2,217,0.8749894327476048,3.4477198286722097,0.5365853658536586,3.526077097505669,0.5555555555555556
L-Concrete,concrete,linear,0.0011,0.4,0,3,217,0.8645332924860869,3.682791635172588,0.5949367088607594,3.604434366339128,0.575
L-Concrete,concrete,linear,0.0011,0.4,0,4,217,0.8568696901481142,3.055933484504913,0.4482758620689655,3.604434366339128,0.575
L-Concrete,concrete,linear,0.0011,0.4,0,5,217,0.874885876056192,3.4477198286722097,0.5365853658536586,3.526077097505669,0.5555555555555556
L-Concrete,concrete,linear,0.0011,0.4,0,6,217,0.8706647609104691,3.4477198286722097,0.5365853658536586,3.7611489040060473,0.6153846153846154
L-Concrete,concrete,linear,0.0011,0.4,0,7,217,0.870393950498489,3.604434366339128,0.575,3.604434366339128,0.575
L-Concrete,concrete,linear,0.0011,0.4,1,2,217,0.8837789144743501,3.3693625598387507,0.5180722891566265,3.682791635172588,0.5949367088607594
L-Concrete,concrete,linear,0.0011,0.4,1,3,217,0.8637705492625031,3.604434366339128,0.575,3.3693625598387507,0.5180722891566265
L-Concrete,concrete,linear,0.0011,0.4,1,4,217,0.8590896761145311,3.212648022171832,0.4823529411764706,3.3693625598387507,0.5180722891566265
L-Concrete,concrete,linear,0.0011,0.4,1,5,217,0.8671365984092647,3.604434366339128,0.575,3.291005291005291,0.5
L-Concrete,concrete,linear,0.0011,0.4,1,6,217,0.8735668311190506,3.526077097505669,0.5555555555555556,3.4477198286722097,0.5365853658536586
L-Concrete,concrete,linear,0.0011,0.4,1,7,217,0.8934652636545434,3.604434366339128,0.575,3.682791635172588,0.5949367088607594
L-Concrete,concrete,linear,0.0011,0.4,2,3,217,0.9020187936952776,3.526077097505669,0.5555555555555556,3.604434366339128,0.575
L-Concrete,concrete,linear,0.0011,0.4,2,4,217,0.8905529717721065,3.212648022171832,0.4823529411764706,3.7611489040060473,0.6153846153846154
L-Concrete,concrete,linear,0.0011,0.4,2,5,217,0.887418198500443,3.3693625598387507,0.5180722891566265,3.4477198286722097,0.5365853658536586
L-Concrete,concrete,linear,0.0011,0.4,2,6,217,0.9107686949599187,3.604434366339128,0.575,3.682791635172588,0.5949367088607594
L-Concrete,concrete,linear,0.0011,0.4,2,7,217,0.8961452880410243,3.4477198286722097,0.5365853658536586,3.682791635172588,0.5949367088607594
L-Concrete,concrete,linear,0.0011,0.4,3,4,217,0.8692652416289688,2.977576215671454,0.4318181818181818,3.526077097505669,0.5555555555555556
L-Concrete,concrete,linear,0.0011,0.4,3,5,217,0.8636569966343165,3.604434366339128,0.575,3.291005291005291,0.5
L-Concrete,concrete,linear,0.0011,0.4,3,6,217,0.8836034215923968,3.526077097505669,0.5555555555555556,3.4477198286722097,0.5365853658536586
L-Concrete,concrete,linear,0.0011,0.4,3,7,217,0.876338000855139,3.7611489040060473,0.6153846153846154,3.3693625598387507,0.5180722891566265
L-Concrete,concrete,linear,0.0011,0.4,4,5,217,0.8805275975640818,3.526077097505669,0.5555555555555556,3.4477198286722097,0.5365853658536586
L-Concrete,concrete,linear,0.0011,0.4,4,6,217,0.865573925839928,3.1342907533383726,0.4651162790697674,3.3693625598387507,0.5180722891566265
L-Concrete,concrete,linear,0.0011,0.4,4,7,217,0.8702025755506645,3.4477198286722097,0.5365853658536586,3.526077097505669,0.5555555555555556
L-Concrete,concrete,linear,0.0011,0.4,5,6,217,0.8637771652095453,3.604434366339128,0.575,3.1342907533383726,0.4651162790697674
L-Concrete,concrete,linear,0.0011,0.4,5,7,217,0.8778053816234741,3.604434366339128,0.575,3.3693625598387507,0.5180722891566265
L-Concrete,concrete,linear,0.0011,0.4,6,7,217,0.8756855921013552,3.526077097505669,0.5555555555555556,3.526077097505669,0.5555555555555556
L-Concrete,concrete,linear,0.0033,0.4,0,1,221,0.738920685918047,3.055933484504913,0.4482758620689655,3.212648022171832,0.4823529411764706
L-Concrete,concrete,linear,0.0033,0.4,0,2,221,0.7468790323553686,2.742504409171076,0.3846153846153846,3.212648022171832,0.4823529411764706
L-Concrete,concrete,linear,0.0033,0.4,0,3,221,0.7616824186915276,3.291005291005291,0.5,2.6641471403376165,0.3695652173913043
L-Concrete,concrete,linear,0.0033,0.4,0,4,221,0.77543456299614,3.212648022171832,0.4823529411764706,3.212648022171832,0.4823529411764706
L-Concrete,concrete,linear,0.0033,0.4,0,5,221,0.7383409406805871,2.8208616780045355,0.4,3.055933484504913,0.4482758620689655
L-Concrete,concrete,linear,0.0033,0.4,0,6,221,0.734170635546901,2.742504409171076,0.3846153846153846,2.977576215671454,0.4318181818181818
L-Concrete,concrete,linear,0.0033,0.4,0,7,221,0.7623300575186129,2.977576215671454,0.4318181818181818,3.1342907533383726,0.4651162790697674
L-Concrete,concrete,linear,0.0033,0.4,1,2,221,0.7443489821804614,2.8992189468379945,0.4157303370786517,2.8992189468379945,0.4157303370786517
L-Concrete,concrete,linear,0.0033,0.4,1,3,221,0.7640845466559116,3.1342907533383726,0.4651162790697674,2.8208616780045355,0.4
L-Concrete,concrete,linear,0.0033,0.4,1,4,221,0.7165265436700435,3.1342907533383726,0.4651162790697674,2.8992189468379945,0.4157303370786517
L-Concrete,concrete,linear,0.0033,0.4,1,5,221,0.7736466250667732,3.1342907533383726,0.4651162790697674,3.055933484504913,0.4482758620689655
L-Concrete,concrete,linear,0.0033,0.4,1,6,221,0.7431426401198223,2.977576215671454,0.4318181818181818,3.055933484504913,0.4482758620689655
L-Concrete,concrete,linear,0.0033,0.4,1,7,221,0.7436700208384276,2.977576215671454,0.4318181818181818,2.5857898715041574,0.3548387096774194
L-Concrete,concrete,linear,0.0033,0.4,2,3,221,0.7455304101439223,2.977576215671454,0.4318181818181818,3.055933484504913,0.4482758620689655
L-Concrete,concrete,linear,0.0033,0.4,2,4,221,0.7641839812933824,2.507432602670698,0.3404255319148936,3.055933484504913,0.4482758620689655
L-Concrete,concrete,linear,0.0033,0.4,2,5,221,0.7664249304738793,3.212648022171832,0.4823529411764706,3.526077097505669,0.5555555555555556
L-Concrete,concrete,linear,0.0033,0.4,2,6,221,0.7531940878797839,2.977576215671454,0.4318181818181818,3.055933484504913,0.4482758620689655
L-Concrete,concrete,linear,0.0033,0.4,2,7,221,0.7791337000501065,2.977576215671454,0.4318181818181818,3.212648022171832,0.4823529411764706
L-Concrete,concrete,linear,0.0033,0.4,3,4,221,0.805064576442127,3.3693625598387507,0.5180722891566265,3.055933484504913,0.4482758620689655
L-Concrete,concrete,linear,0.0033,0.4,3,5,221,0.7793110675776033,3.055933484504913,0.4482758620689655,2.977576215671454,0.4318181818181818
L-Concrete,concrete,linear,0.0033,0.4,3,6,221,0.7243061486459296,2.977576215671454,0.4318181818181818,2.6641471403376165,0.3695652173913043
L-Concrete,concrete,linear,0.0033,0.4,3,7,221,0.7857942154770419,3.3693625598387507,0.5180722891566265,2.977576215671454,0.4318181818181818
L-Concrete,concrete,linear,0.0033,0.4,4,5,221,0.7503993814529841,2.8992189468379945,0.4157303370786517,2.742504409171076,0.3846153846153846
L-Concrete,concrete,linear,0.0033,0.4,4,6,221,0.7026868035349959,2.507432602670698,0.3404255319148936,2.507432602670698,0.3404255319148936
L-Concrete,concrete,linear,0.0033,0.4,4,7,221,0.7791848621468593,3.3693625598387507,0.5180722891566265,2.8208616780045355,0.4
L-Concrete,concrete,linear,0.0033,0.4,5,6,221,0.7317604501137892,2.8208616780045355,0.4,2.742504409171076,0.3846153846153846
L-Concrete,concrete,linear,0.0033,0.4,5,7,221,0.7747518304165643,3.055933484504913,0.4482758620689655,3.1342907533383726,0.4651162790697674
L-Concrete,concrete,linear,0.0033,0.4,6,7,221,0.7507663021212605,2.977576215671454,0.4318181818181818,3.1342907533383726,0.4651162790697674
L-Concrete,concrete,linear,0.0011,0.0,0,1,225,0.8012141782807767,3.7611489040060473,0.6153846153846154,3.212648022171832,0.4823529411764706
L-Concrete,concrete,linear,0.0011,0.0,0,2,225,0.7962412673914507,3.291005291005291,0.5,3.1342907533383726,0.4651162790697674
L-Concrete,concrete,linear,0.0011,0.0,0,3,225,0.8073918256617361,3.291005291005291,0.5,2.742504409171076,0.3846153846153846
L-Concrete,concrete,linear,0.0011,0.0,0,4,225,0.8046796171533329,3.3693625598387507,0.5180722891566265,3.212648022171832,0.4823529411764706
L-Concrete,concrete,linear,0.0011,0.0,0,5,225,0.8322048009545262,3.7611489040060473,0.6153846153846154,3.055933484504913,0.4482758620689655
L-Concrete,concrete,linear,0.0011,0.0,0,6,225,0.8169987253242873,3.682791635172588,0.5949367088607594,2.977576215671454,0.4318181818181818
L-Concrete,concrete,linear,0.0011,0.0,0,7,225,0.772320055946151,3.682791635172588,0.5949367088607594,2.8992189468379945,0.4157303370786517
L-Concrete,concrete,linear,0.0011,0.0,1,2,225,0.8331030118721329,3.7611489040060473,0.6153846153846154,3.604434366339128,0.575
L-Concrete,concrete,linear,0.0011,0.0,1,3,225,0.815854484779197,3.526077097505669,0.5555555555555556,2.742504409171076,0.3846153846153846
L-Concrete,concrete,linear,0.0011,0.0,1,4,225,0.8283092722469785,3.3693625598387507,0.5180722891566265,3.291005291005291,0.5
L-Concrete,concrete,linear,0.0011,0.0,1,5,225,0.8444829792359265,3.604434366339128,0.575,3.212648022171832,0.4823529411764706
L-Concrete,concrete,linear,0.0011,0.0,1,6,225,0.7998459343417995,3.682791635172588,0.5949367088607594,3.1342907533383726,0.4651162790697674
L-Concrete,concrete,linear,0.0011,0.0,1,7,225,0.796698965649793,3.526077097505669,0.5555555555555556,3.055933484504913,0.4482758620689655
L-Concrete,concrete,linear,0.0011,0.0,2,3,225,0.8224977448254891,3.4477198286722097,0.5365853658536586,2.977576215671454,0.4318181818181818
L-Concrete,concrete,linear,0.0011,0.0,2,4,225,0.8154068948512884,3.3693625598387507,0.5180722891566265,3.212648022171832,0.4823529411764706
L-Concrete,concrete,linear,0.0011,0.0,2,5,225,0.8345032430177978,3.4477198286722097,0.5365853658536586,3.4477198286722097,0.5365853658536586
L-Concrete,concrete,linear,0.0011,0.0,2,6,225,0.839444501318748,3.526077097505669,0.5555555555555556,3.3693625598387507,0.5180722891566265
L-Concrete,concrete,linear,0.0011,0.0,2,7,225,0.8410367446474866,3.291005291005291,0.5,3.291005291005291,0.5
L-Concrete,concrete,linear,0.0011,0.0,3,4,225,0.8155287793709349,3.212648022171832,0.4823529411764706,3.212648022171832,0.4823529411764706
L-Concrete,concrete,linear,0.0011,0.0,3,5,225,0.8152071800477149,3.3693625598387507,0.5180722891566265,2.977576215671454,0.4318181818181818
L-Concrete,concrete,linear,0.0011,0.0,3,6,225,0.8264605434714694,3.3693625598387507,0.5180722891566265,2.8208616780045355,0.4
L-Concrete,concrete,linear,0.0011,0.0,3,7,225,0.787120907952244,3.4477198286722097,0.5365853658536586,2.8992189468379945,0.4157303370786517
L-Concrete,concrete,linear,0.0011,0.0,4,5,225,0.8146919788276255,3.4477198286722097,0.5365853658536586,3.291005291005291,0.5
L-Concrete,concrete,linear,0.0011,0.0,4,6,225,0.840397671088082,3.4477198286722097,0.5365853658536586,2.8208616780045355,0.4
L-Concrete,concrete,linear,0.0011,0.0,4,7,225,0.7851772684581518,3.291005291005291,0.5,3.212648022171832,0.4823529411764706
L-Concrete,concrete,linear,0.0011,0.0,5,6,225,0.8115266982376481,3.4477198286722097,0.5365853658536586,2.977576215671454,0.4318181818181818
L-Concrete,concrete,linear,0.0011,0.0,5,7,225,0.8083312223038172,3.682791635172588,0.5949367088607594,3.055933484504913,0.4482758620689655
L-Concrete,concrete,linear,0.0011,0.0,6,7,225,0.819119608386964,3.526077097505669,0.5555555555555556,3.055933484504913,0.4482758620689655
L-Concrete,concrete,linear,0.0033,0.0,0,1,229,0.7537092925685862,3.212648022171832,0.4823529411764706,2.8208616780045355,0.4
L-Concrete,concrete,linear,0.0033,0.0,0,2,229,0.7537533416060923,3.291005291005291,0.5,2.8208616780045355,0.4
L-Concrete,concrete,linear,0.0033,0.0,0,3,229,0.7470178666987191,3.3693625598387507,0.5180722891566265,2.8208616780045355,0.4
L-Concrete,concrete,linear,0.0033,0.0,0,4,229,0.7806653259754647,3.4477198286722097,0.5365853658536586,2.8992189468379945,0.4157303370786517
L-Concrete,concrete,linear,0.0033,0.0,0,5,229,0.7836359050767713,3.682791635172588,0.5949367088607594,2.8208616780045355,0.4
L-Concrete,concrete,linear,0.0033,0.0,0,6,229,0.7697317774400174,3.212648022171832,0.4823529411764706,2.8992189468379945,0.4157303370786517
L-Concrete,concrete,linear,0.0033,0.0,0,7,229,0.802291467478164,3.526077097505669,0.5555555555555556,2.742504409171076,0.3846153846153846
L-Concrete,concrete,linear,0.0033,0.0,1,2,229,0.67379125534692,3.212648022171832,0.4823529411764706,2.429075333837239,0.3263157894736842
L-Concrete,concrete,linear,0.0033,0.0,1,3,229,0.7434031877006987,3.212648022171832,0.4823529411764706,2.6641471403376165,0.3695652173913043
L-Concrete,concrete,linear,0.0033,0.0,1,4,229,0.72769999239664,3.3693625598387507,0.5180722891566265,2.742504409171076,0.3846153846153846
L-Concrete,concrete,linear,0.0033,0.0,1,5,229,0.7582624817743293,2.8992189468379945,0.4157303370786517,2.5857898715041574,0.3548387096774194
L-Concrete,concrete,linear,0.0033,0.0,1,6,229,0.7345656986256243,2.8208616780045355,0.4,2.507432602670698,0.3404255319148936
L-Concrete,concrete,linear,0.0033,0.0,1,7,229,0.7258077422122986,3.1342907533383726,0.4651162790697674,2.1156462585034013,0.2727272727272727
L-Concrete,concrete,linear,0.0033,0.0,2,3,229,0.7454407087255466,3.526077097505669,0.5555555555555556,2.8208616780045355,0.4
L-Concrete,concrete,linear,0.0033,0.0,2,4,229,0.8046554371435016,3.604434366339128,0.575,2.8208616780045355,0.4
L-Concrete,concrete,linear,0.0033,0.0,2,5,229,0.7788972873245833,3.526077097505669,0.5555555555555556,3.291005291005291,0.5
L-Concrete,concrete,linear,0.0033,0.0,2,6,229,0.7664554332665068,3.4477198286722097,0.5365853658536586,2.8992189468379945,0.4157303370786517
L-Concrete,concrete,linear,0.0033,0.0,2,7,229,0.7559058398733776,3.4477198286722097,0.5365853658536586,2.8208616780045355,0.4
L-Concrete,concrete,linear,0.0033,0.0,3,4,229,0.7997815768347603,3.3693625598387507,0.5180722891566265,2.8992189468379945,0.4157303370786517
L-Concrete,concrete,linear,0.0033,0.0,3,5,229,0.749773183521356,3.526077097505669,0.5555555555555556,2.742504409171076,0.3846153846153846
L-Concrete,concrete,linear,0.0033,0.0,3,6,229,0.7296253967493392,3.1342907533383726,0.4651162790697674,2.507432602670698,0.3404255319148936
L-Concrete,concrete,linear,0.0033,0.0,3,7,229,0.7592885517561647,3.604434366339128,0.575,2.8992189468379945,0.4157303370786517
L-Concrete,concrete,linear,0.0033,0.0,4,5,229,0.7976679068906305,3.3693625598387507,0.5180722891566265,2.8992189468379945,0.4157303370786517
L-Concrete,concrete,linear,0.0033,0.0,4,6,229,0.7789326471339101,3.604434366339128,0.575,3.055933484504913,0.4482758620689655
L-Concrete,concrete,linear,0.0033,0.0,4,7,229,0.7771577609530007,3.291005291005291,0.5,2.977576215671454,0.4318181818181818
L-Concrete,concrete,linear,0.0033,0.0,5,6,229,0.7695164122303731,3.212648022171832,0.4823529411764706,3.055933484504913,0.4482758620689655
L-Concrete,concrete,linear,0.0033,0.0,5,7,229,0.8001522043434229,3.604434366339128,0.575,2.742504409171076,0.3846153846153846
L-Concrete,concrete,linear,0.0033,0.0,6,7,229,0.7307278565905658,3.526077097505669,0.5555555555555556,2.429075333837239,0.3263157894736842
L-Concrete,concrete,linear,0.0011,0.1,0,1,233,0.8810533533329846,3.604434366339128,0.575,3.7611489040060473,0.6153846153846154
L-Concrete,concrete,linear,0.0011,0.1,0,2,233,0.8988051465783072,3.7611489040060473,0.6153846153846154,3.3693625598387507,0.5180722891566265
L-Concrete,concrete,linear,0.0011,0.1,0,3,233,0.8680707886603874,3.212648022171832,0.4823529411764706,3.3693625598387507,0.5180722891566265
L-Concrete,concrete,linear,0.0011,0.1,0,4,233,0.8794778357136657,3.604434366339128,0.575,3.4477198286722097,0.5365853658536586
L-Concrete,concrete,linear,0.0011,0.1,0,5,233,0.8497617719716446,3.291005291005291,0.5,3.3693625598387507,0.5180722891566265
L-Concrete,concrete,linear,0.0011,0.1,0,6,233,0.8875130746046223,3.8395061728395055,0.6363636363636364,3.682791635172588,0.5949367088607594
L-Concrete,concrete,linear,0.0011,0.1,0,7,233,0.8750790694150483,3.604434366339128,0.575,3.526077097505669,0.5555555555555556
L-Concrete,concrete,linear,0.0011,0.1,1,2,233,0.9044291709790248,3.7611489040060473,0.6153846153846154,3.917863441672966,0.6578947368421053
L-Concrete,concrete,linear,0.0011,0.1,1,3,233,0.86164242765187,3.3693625598387507,0.5180722891566265,3.604434366339128,0.575
L-Concrete,concrete,linear,0.0011,0.1,1,4,233,0.901183912868751,3.7611489040060473,0.6153846153846154,3.682791635172588,0.5949367088607594
L-Concrete,concrete,linear,0.0011,0.1,1,5,233,0.8753227529640618,3.8395061728395055,0.6363636363636364,3.526077097505669,0.5555555555555556
L-Concrete,concrete,linear,0.0011,0.1,1,6,233,0.8824284657258632,3.604434366339128,0.575,3.682791635172588,0.5949367088607594
L-Concrete,concrete,linear,0.0011,0.1,1,7,233,0.9073916236993508,3.682791635172588,0.5949367088607594,3.682791635172588,0.5949367088607594
L-Concrete,concrete,linear,0.0011,0.1,2,3,233,0.9012278581783384,3.526077097505669,0.5555555555555556,3.7611489040060473,0.6153846153846154
L-Concrete,concrete,linear,0.0011,0.1,2,4,233,0.8872897828859289,3.682791635172588,0.5949367088607594,3.682791635172588,0.5949367088607594
L-Concrete,concrete,linear,0.0011,0.1,2,5,233,0.8816875748086973,3.3693625598387507,0.5180722891566265,3.682791635172588,0.5949367088607594
L-Concrete,concrete,linear,0.0011,0.1,2,6,233,0.8805234855217671,3.526077097505669,0.5555555555555556,3.682791635172588,0.5949367088607594
L-Concrete,concrete,linear,0.0011,0.1,2,7,233,0.902446828401596,3.682791635172588,0.5949367088607594,3.917863441672966,0.6578947368421053
L-Concrete,concrete,linear,0.0011,0.1,3,4,233,0.8675248698012612,3.526077097505669,0.5555555555555556,3.917863441672966,0.6578947368421053
L-Concrete,concrete,linear,0.0011,0.1,3,5,233,0.854369016641426,3.291005291005291,0.5,3.604434366339128,0.575
L-Concrete,concrete,linear,0.0011,0.1,3,6,233,0.8687944802513302,3.604434366339128,0.575,3.4477198286722097,0.5365853658536586
L-Concrete,concrete,linear,0.0011,0.1,3,7,233,0.8832157011003904,3.604434366339128,0.575,3.7611489040060473,0.6153846153846154
L-Concrete,concrete,linear,0.0011,0.1,4,5,233,0.8599205803149798,3.291005291005291,0.5,3.526077097505669,0.5555555555555556
L-Concrete,concrete,linear,0.0011,0.1,4,6,233,0.8632674217810679,3.8395061728395055,0.6363636363636364,3.4477198286722097,0.5365853658536586
L-Concrete,concrete,linear,0.0011,0.1,4,7,233,0.8802490984054713,3.526077097505669,0.5555555555555556,3.682791635172588,0.5949367088607594
L-Concrete,concrete,linear,0.0011,0.1,5,6,233,0.858099456811377,3.604434366339128,0.575,3.604434366339128,0.575
L-Concrete,concrete,linear,0.0011,0.1,5,7,233,0.8823981010298302,3.526077097505669,0.5555555555555556,3.3693625598387507,0.5180722891566265
L-Concrete,concrete,linear,0.0011,0.1,6,7,233,0.8650289109812092,3.526077097505669,0.5555555555555556,3.526077097505669,0.5555555555555556
L-Concrete,concrete,linear,0.0033,0.1,0,1,237,0.7292873098863343,2.977576215671454,0.4318181818181818,2.8208616780045355,0.4
L-Concrete,concrete,linear,0.0033,0.1,0,2,237,0.7749732249897512,3.1342907533383726,0.4651162790697674,3.291005291005291,0.5
L-Concrete,concrete,linear,0.0033,0.1,0,3,237,0.7530887592022333,3.055933484504913,0.4482758620689655,3.055933484504913,0.4482758620689655
L-Concrete,concrete,linear,0.0033,0.1,0,4,237,0.8197104479794459,3.055933484504913,0.4482758620689655,3.212648022171832,0.4823529411764706
L-Concrete,concrete,linear,0.0033,0.1,0,5,237,0.77097755664836,2.742504409171076,0.3846153846153846,3.055933484504913,0.4482758620689655
L-Concrete,concrete,linear,0.0033,0.1,0,6,237,0.7567395497165563,2.8992189468379945,0.4157303370786517,2.977576215671454,0.4318181818181818
L-Concrete,concrete,linear,0.0033,0.1,0,7,237,0.7924584679075277,2.8992189468379945,0.4157303370786517,3.212648022171832,0.4823529411764706
L-Concrete,concrete,linear,0.0033,0.1,1,2,237,0.7809034026005092,3.291005291005291,0.5,2.977576215671454,0.4318181818181818
L-Concrete,concrete,linear,0.0033,0.1,1,3,237,0.7291955795247602,2.977576215671454,0.4318181818181818,2.8992189468379945,0.4157303370786517
L-Concrete,concrete,linear,0.0033,0.1,1,4,237,0.7442362651846199,2.6641471403376165,0.3695652173913043,3.1342907533383726,0.4651162790697674
L-Concrete,concrete,linear,0.0033,0.1,1,5,237,0.7833407819813368,2.8992189468379945,0.4157303370786517,3.055933484504913,0.4482758620689655
L-Concrete,concrete,linear,0.0033,0.1,1,6,237,0.7783957931718585,2.742504409171076,0.3846153846153846,3.1342907533383726,0.4651162790697674
L-Concrete,concrete,linear,0.0033,0.1,1,7,237,0.7902047434435615,2.977576215671454,0.4318181818181818,2.977576215671454,0.4318181818181818
L-Concrete,concrete,linear,0.0033,0.1,2,3,237,0.8030044942209896,3.291005291005291,0.5,3.3693625598387507,0.5180722891566265
L-Concrete,concrete,linear,0.0033,0.1,2,4,237,0.8204839667003025,3.212648022171832,0.4823529411764706,3.3693625598387507,0.5180722891566265
L-Concrete,concrete,linear,0.0033,0.1,2,5,237,0.8089736980701538,3.055933484504913,0.4482758620689655,3.3693625598387507,0.5180722891566265
L-Concrete,concrete,linear,0.0033,0.1,2,6,237,0.7971276801925689,2.8992189468379945,0.4157303370786517,3.1342907533383726,0.4651162790697674
L-Concrete,concrete,linear,0.0033,0.1,2,7,237,0.8158654270522767,3.055933484504913,0.4482758620689655,2.977576215671454,0.4318181818181818
L-Concrete,concrete,linear,0.0033,0.1,3,4,237,0.7810529974242645,3.1342907533383726,0.4651162790697674,3.604434366339128,0.575
L-Concrete,concrete,linear,0.0033,0.1,3,5,237,0.7735145246112899,3.055933484504913,0.4482758620689655,3.212648022171832,0.4823529411764706
L-Concrete,concrete,linear,0.0033,0.1,3,6,237,0.7911191250312767,2.977576215671454,0.4318181818181818,3.3693625598387507,0.5180722891566265
L-Concrete,concrete,linear,0.0033,0.1,3,7,237,0.8002784222583742,2.8992189468379945,0.4157303370786517,3.1342907533383726,0.4651162790697674
L-Concrete,concrete,linear,0.0033,0.1,4,5,237,0.8033714053183112,2.8992189468379945,0.4157303370786517,3.291005291005291,0.5
L-Concrete,concrete,linear,0.0033,0.1,4,6,237,0.7712195690266681,2.6641471403376165,0.3695652173913043,3.1342907533383726,0.4651162790697674
L-Concrete,concrete,linear,0.0033,0.1,4,7,237,0.7815503192626558,2.8208616780045355,0.4,2.742504409171076,0.3846153846153846
L-Concrete,concrete,linear,0.0033,0.1,5,6,237,0.7763491218999705,2.742504409171076,0.3846153846153846,3.3693625598387507,0.5180722891566265
L-Concrete,concrete,linear,0.0033,0.1,5,7,237,0.7959773947773521,3.055933484504913,0.4482758620689655,3.1342907533383726,0.4651162790697674
L-Concrete,concrete,linear,0.0033,0.1,6,7,237,0.8057192548076166,3.055933484504913,0.4482758620689655,3.526077097505669,0.5555555555555556
L-Concrete,concrete,linear,0.0011,0.2,0,1,241,0.8611338734912184,3.4477198286722097,0.5365853658536586,3.526077097505669,0.5555555555555556
L-Concrete,concrete,linear,0.0011,0.2,0,2,241,0.8733771742561043,3.682791635172588,0.5949367088607594,3.526077097505669,0.5555555555555556
L-Concrete,concrete,linear,0.0011,0.2,0,3,241,0.8680785048107516,3.682791635172588,0.5949367088607594,3.055933484504913,0.4482758620689655
L-Concrete,concrete,linear,0.0011,0.2,0,4,241,0.844575969864739,3.3693625598387507,0.5180722891566265,3.3693625598387507,0.5180722891566265
L-Concrete,concrete,linear,0.0011,0.2,0,5,241,0.8789502037783471,3.682791635172588,0.5949367088607594,3.3693625598387507,0.5180722891566265
L-Concrete,concrete,linear,0.0011,0.2,0,6,241,0.8576423182455741,3.526077097505669,0.5555555555555556,3.604434366339128,0.575
L-Concrete,concrete,linear,0.0011,0.2,0,7,241,0.8771235642571423,3.604434366339128,0.575,3.604434366339128,0.575
L-Concrete,concrete,linear,0.0011,0.2,1,2,241,0.905164235344602,3.8395061728395055,0.6363636363636364,3.7611489040060473,0.6153846153846154
L-Concrete,concrete,linear,0.0011,0.2,1,3,241,0.8836257536832908,3.8395061728395055,0.6363636363636364,3.682791635172588,0.5949367088607594
L-Concrete,concrete,linear,0.0011,0.2,1,4,241,0.8938788211948175,3.526077097505669,0.5555555555555556,3.8395061728395055,0.6363636363636364
L-Concrete,concrete,linear,0.0011,0.2,1,5,241,0.9102932571328516,3.7611489040060473,0.6153846153846154,3.917863441672966,0.6578947368421053
L-Concrete,concrete,linear,0.0011,0.2,1,6,241,0.8938365185770409,3.526077097505669,0.5555555555555556,3.917863441672966,0.6578947368421053
L-Concrete,concrete,linear,0.0011,0.2,1,7,241,0.8914769724937456,3.682791635172588,0.5949367088607594,3.917863441672966,0.6578947368421053
L-Concrete,concrete,linear,0.0011,0.2,2,3,241,0.8933017399754337,3.604434366339128,0.575,3.7611489040060473,0.6153846153846154
L-Concrete,concrete,linear,0.0011,0.2,2,4,241,0.8966109763734496,3.526077097505669,0.5555555555555556,3.8395061728395055,0.6363636363636364
L-Concrete,concrete,linear,0.0011,0.2,2,5,241,0.8896377906738435,3.682791635172588,0.5949367088607594,3.682791635172588,0.5949367088607594
L-Concrete,concrete,linear,0.0011,0.2,2,6,241,0.8993435284688914,3.682791635172588,0.5949367088607594,4.074577979339884,0.7027027027027027
L-Concrete,concrete,linear,0.0011,0.2,2,7,241,0.9022895713647644,3.8395061728395055,0.6363636363636364,3.8395061728395055,0.6363636363636364
L-Concrete,concrete,linear,0.0011,0.2,3,4,241,0.8954665997122394,3.604434366339128,0.575,3.7611489040060473,0.6153846153846154
L-Concrete,concrete,linear,0.0011,0.2,3,5,241,0.8784546637816598,3.7611489040060473,0.6153846153846154,3.3693625598387507,0.5180722891566265
L-Concrete,concrete,linear,0.0011,0.2,3,6,241,0.8759273017691727,3.1342907533383726,0.4651162790697674,3.604434366339128,0.575
L-Concrete,concrete,linear,0.0011,0.2,3,7,241,0.891227007754022,3.7611489040060473,0.6153846153846154,3.8395061728395055,0.6363636363636364
L-Concrete,concrete,linear,0.0011,0.2,4,5,241,0.887732005563764,3.682791635172588,0.5949367088607594,3.8395061728395055,0.6363636363636364
L-Concrete,concrete,linear,0.0011,0.2,4,6,241,0.8898344999283686,3.526077097505669,0.5555555555555556,3.7611489040060473,0.6153846153846154
L-Concrete,concrete,linear,0.0011,0.2,4,7,241,0.9051744609978384,3.682791635172588,0.5949367088607594,4.152935248173344,0.726027397260274
L-Concrete,concrete,linear,0.0011,0.2,5,6,241,0.8763698239731219,3.3693625598387507,0.5180722891566265,3.526077097505669,0.5555555555555556
L-Concrete,concrete,linear,0.0011,0.2,5,7,241,0.8787437642733049,3.4477198286722097,0.5365853658536586,3.7611489040060473,0.6153846153846154
L-Concrete,concrete,linear,0.0011,0.2,6,7,241,0.8880809047285929,3.3693625598387507,0.5180722891566265,3.7611489040060473,0.6153846153846154
L-Concrete,concrete,linear,0.0033,0.2,0,1,245,0.779723470789873,3.1342907533383726,0.4651162790697674,2.977576215671454,0.4318181818181818
L-Concrete,concrete,linear,0.0033,0.2,0,2,245,0.7403685245821275,2.8208616780045355,0.4,2.977576215671454,0.4318181818181818
L-Concrete,concrete,linear,0.0033,0.2,0,3,245,0.802540620142951,3.291005291005291,0.5,3.212648022171832,0.4823529411764706
L-Concrete,concrete,linear,0.0033,0.2,0,4,245,0.7411392932780759,3.055933484504913,0.4482758620689655,3.1342907533383726,0.4651162790697674
L-Concrete,concrete,linear,0.0033,0.2,0,5,245,0.7644208953849819,3.055933484504913,0.4482758620689655,2.8992189468379945,0.4157303370786517
L-Concrete,concrete,linear,0.0033,0.2,0,6,245,0.7540110624630992,2.6641471403376165,0.3695652173913043,3.055933484504913,0.4482758620689655
L-Concrete,concrete,linear,0.0033,0.2,0,7,245,0.778765313767555,2.8208616780045355,0.4,3.055933484504913,0.4482758620689655
L-Concrete,concrete,linear,0.0033,0.2,1,2,245,0.7552176560568765,3.291005291005291,0.5,2.5857898715041574,0.3548387096774194
L-Concrete,concrete,linear,0.0033,0.2,1,3,245,0.7824630196010594,3.212648022171832,0.4823529411764706,2.8992189468379945,0.4157303370786517
L-Concrete,concrete,linear,0.0033,0.2,1,4,245,0.7874662827065022,2.977576215671454,0.4318181818181818,3.291005291005291,0.5
L-Concrete,concrete,linear,0.0033,0.2,1,5,245,0.7876822322244413,3.212648022171832,0.4823529411764706,2.8208616780045355,0.4
L-Concrete,concrete,linear,0.0033,0.2,1,6,245,0.792559542070449,3.291005291005291,0.5,2.977576215671454,0.4318181818181818
L-Concrete,concrete,linear,0.0033,0.2,1,7,245,0.8125520376135124,3.055933484504913,0.4482758620689655,3.055933484504913,0.4482758620689655
L-Concrete,concrete,linear,0.0033,0.2,2,3,245,0.7670355320602382,3.055933484504913,0.4482758620689655,3.1342907533383726,0.4651162790697674
L-Concrete,concrete,linear,0.0033,0.2,2,4,245,0.7427809662965859,2.977576215671454,0.4318181818181818,3.212648022171832,0.4823529411764706
L-Concrete,concrete,linear,0.0033,0.2,2,5,245,0.7597754417409682,2.742504409171076,0.3846153846153846,3.212648022171832,0.4823529411764706
L-Concrete,concrete,linear,0.0033,0.2,2,6,245,0.7640242502463575,3.055933484504913,0.4482758620689655,3.291005291005291,0.5
L-Concrete,concrete,linear,0.0033,0.2,2,7,245,0.7826522596762262,3.1342907533383726,0.4651162790697674,2.8992189468379945,0.4157303370786517
L-Concrete,concrete,linear,0.0033,0.2,3,4,245,0.7835595546734582,3.212648022171832,0.4823529411764706,3.055933484504913,0.4482758620689655
L-Concrete,concrete,linear,0.0033,0.2,3,5,245,0.8038678984504736,2.977576215671454,0.4318181818181818,3.212648022171832,0.4823529411764706
L-Concrete,concrete,linear,0.0033,0.2,3,6,245,0.8009306298248775,2.8208616780045355,0.4,3.212648022171832,0.4823529411764706
L-Concrete,concrete,linear,0.0033,0.2,3,7,245,0.8019051596022512,2.8208616780045355,0.4,3.291005291005291,0.5
L-Concrete,concrete,linear,0.0033,0.2,4,5,245,0.7875442113703336,3.1342907533383726,0.4651162790697674,3.3693625598387507,0.5180722891566265
L-Concrete,concrete,linear,0.0033,0.2,4,6,245,0.773329032372458,3.1342907533383726,0.4651162790697674,2.977576215671454,0.4318181818181818
L-Concrete,concrete,linear,0.0033,0.2,4,7,245,0.7791510384712703,3.1342907533383726,0.4651162790697674,3.291005291005291,0.5
L-Concrete,concrete,linear,0.0033,0.2,5,6,245,0.7739037241886435,3.291005291005291,0.5,3.055933484504913,0.4482758620689655
L-Concrete,concrete,linear,0.0033,0.2,5,7,245,0.7722213132613659,2.8208616780045355,0.4,3.1342907533383726,0.4651162790697674
L-Concrete,concrete,linear,0.0033,0.2,6,7,245,0.7906892017901688,2.8208616780045355,0.4,3.3693625598387507,0.5180722891566265
L-Concrete,concrete,linear,0.0011,0.4,0,1,249,0.8956392097720267,3.526077097505669,0.5555555555555556,3.682791635172588,0.5949367088607594
L-Concrete,concrete,linear,0.0011,0.4,0,2,249,0.8871196896575233,3.7611489040060473,0.6153846153846154,3.526077097505669,0.5555555555555556
L-Concrete,concrete,linear,0.0011,0.4,0,3,249,0.9038282925816372,3.526077097505669,0.5555555555555556,3.917863441672966,0.6578947368421053
L-Concrete,concrete,linear,0.0011,0.4,0,4,249,0.8801094627464731,3.7611489040060473,0.6153846153846154,3.8395061728395055,0.6363636363636364
L-Concrete,concrete,linear,0.0011,0.4,0,5,249,0.8990627457413932,3.682791635172588,0.5949367088607594,3.526077097505669,0.5555555555555556
L-Concrete,concrete,linear,0.0011,0.4,0,6,249,0.8878908897678417,3.604434366339128,0.575,3.526077097505669,0.5555555555555556
L-Concrete,concrete,linear,0.0011,0.4,0,7,249,0.8978546674865133,3.682791635172588,0.5949367088607594,3.917863441672966,0.6578947368421053
L-Concrete,concrete,linear,0.0011,0.4,1,2,249,0.8896099603076739,3.291005291005291,0.5,3.8395061728395055,0.6363636363636364
L-Concrete,concrete,linear,0.0011,0.4,1,3,249,0.8850709479044125,3.291005291005291,0.5,3.604434366339128,0.575
L-Concrete,concrete,linear,0.0011,0.4,1,4,249,0.8847052368785027,3.4477198286722097,0.5365853658536586,3.7611489040060473,0.6153846153846154
L-Concrete,concrete,linear,0.0011,0.4,1,5,249,0.8952655470255302,3.212648022171832,0.4823529411764706,3.917863441672966,0.6578947368421053
L-Concrete,concrete,linear,0.0011,0.4,1,6,249,0.8856751608656429,3.3693625598387507,0.5180722891566265,3.917863441672966,0.6578947368421053
L-Concrete,concrete,linear,0.0011,0.4,1,7,249,0.8888137694214386,3.526077097505669,0.5555555555555556,4.074577979339884,0.7027027027027027
L-Concrete,concrete,linear,0.0011,0.4,2,3,249,0.8815577542456313,3.4477198286722097,0.5365853658536586,3.526077097505669,0.5555555555555556
L-Concrete,concrete,linear,0.0011,0.4,2,4,249,0.8647037051567134,3.682791635172588,0.5949367088607594,3.604434366339128,0.575
L-Concrete,concrete,linear,0.0011,0.4,2,5,249,0.8739719547323497,3.526077097505669,0.5555555555555556,3.4477198286722097,0.5365853658536586
L-Concrete,concrete,linear,0.0011,0.4,2,6,249,0.890572867475294,3.682791635172588,0.5949367088607594,3.604434366339128,0.575
L-Concrete,concrete,linear,0.0011,0.4,2,7,249,0.8812631522859758,3.4477198286722097,0.5365853658536586,3.682791635172588,0.5949367088607594
L-Concrete,concrete,linear,0.0011,0.4,3,4,249,0.8826898053181178,3.604434366339128,0.575,3.682791635172588,0.5949367088607594
L-Concrete,concrete,linear,0.0011,0.4,3,5,249,0.897282966276227,3.526077097505669,0.5555555555555556,3.526077097505669,0.5555555555555556
L-Concrete,concrete,linear,0.0011,0.4,3,6,249,0.8856083057534776,3.526077097505669,0.5555555555555556,3.7611489040060473,0.6153846153846154
L-Concrete,concrete,linear,0.0011,0.4,3,7,249,0.9039868367485449,3.3693625598387507,0.5180722891566265,3.8395061728395055,0.6363636363636364
L-Concrete,concrete,linear,0.0011,0.4,4,5,249,0.906582557063243,3.604434366339128,0.575,3.7611489040060473,0.6153846153846154
L-Concrete,concrete,linear,0.0011,0.4,4,6,249,0.8832791940909961,3.4477198286722097,0.5365853658536586,3.682791635172588,0.5949367088607594
L-Concrete,concrete,linear,0.0011,0.4,4,7,249,0.8860393563308545,3.4477198286722097,0.5365853658536586,3.7611489040060473,0.6153846153846154
L-Concrete,concrete,linear,0.0011,0.4,5,6,249,0.8841729860847951,3.1342907533383726,0.4651162790697674,3.682791635172588,0.5949367088607594
L-Concrete,concrete,linear,0.0011,0.4,5,7,249,0.9012824692362676,3.526077097505669,0.5555555555555556,3.604434366339128,0.575
L-Concrete,concrete,linear,0.0011,0.4,6,7,249,0.8700522172721805,3.4477198286722097,0.5365853658536586,3.682791635172588,0.5949367088607594
L-Concrete,concrete,linear,0.0033,0.4,0,1,253,0.7647357884436029,2.8992189468379945,0.4157303370786517,2.742504409171076,0.3846153846153846
L-Concrete,concrete,linear,0.0033,0.4,0,2,253,0.7785815541634115,2.742504409171076,0.3846153846153846,3.055933484504913,0.4482758620689655
L-Concrete,concrete,linear,0.0033,0.4,0,3,253,0.8100690026166759,2.6641471403376165,0.3695652173913043,3.055933484504913,0.4482758620689655
L-Concrete,concrete,linear,0.0033,0.4,0,4,253,0.8018737523675479,2.977576215671454,0.4318181818181818,3.212648022171832,0.4823529411764706
L-Concrete,concrete,linear,0.0033,0.4,0,5,253,0.7563804707028993,2.977576215671454,0.4318181818181818,3.212648022171832,0.4823529411764706
L-Concrete,concrete,linear,0.0033,0.4,0,6,253,0.8063568844904725,2.977576215671454,0.4318181818181818,3.055933484504913,0.4482758620689655
L-Concrete,concrete,linear,0.0033,0.4,0,7,253,0.7493401395908155,2.6641471403376165,0.3695652173913043,2.977576215671454,0.4318181818181818
L-Concrete,concrete,linear,0.0033,0.4,1,2,253,0.7585207679502092,2.8992189468379945,0.4157303370786517,3.055933484504913,0.4482758620689655
L-Concrete,concrete,linear,0.0033,0.4,1,3,253,0.7865133973253416,3.055933484504913,0.4482758620689655,3.055933484504913,0.4482758620689655
L-Concrete,concrete,linear,0.0033,0.4,1,4,253,0.7623338422146165,2.8992189468379945,0.4157303370786517,2.8992189468379945,0.4157303370786517
L-Concrete,concrete,linear,0.0033,0.4,1,5,253,0.7734509869662426,3.3693625598387507,0.5180722891566265,3.212648022171832,0.4823529411764706
L-Concrete,concrete,linear,0.0033,0.4,1,6,253,0.7344295674984174,2.742504409171076,0.3846153846153846,2.8992189468379945,0.4157303370786517
L-Concrete,concrete,linear,0.0033,0.4,1,7,253,0.7873380228794743,3.055933484504913,0.4482758620689655,3.291005291005291,0.5
L-Concrete,concrete,linear,0.0033,0.4,2,3,253,0.7677457065211543,3.055933484504913,0.4482758620689655,2.6641471403376165,0.3695652173913043
L-Concrete,concrete,linear,0.0033,0.4,2,4,253,0.7955955164342408,3.1342907533383726,0.4651162790697674,3.055933484504913,0.4482758620689655
L-Concrete,concrete,linear,0.0033,0.4,2,5,253,0.7477858777268181,2.742504409171076,0.3846153846153846,2.977576215671454,0.4318181818181818
L-Concrete,concrete,linear,0.0033,0.4,2,6,253,0.7693330362611239,3.055933484504913,0.4482758620689655,2.8992189468379945,0.4157303370786517
L-Concrete,concrete,linear,0.0033,0.4,2,7,253,0.7456004064907499,2.742504409171076,0.3846153846153846,2.8992189468379945,0.4157303370786517
L-Concrete,concrete,linear,0.0033,0.4,3,4,253,0.7720209118176173,2.8992189468379945,0.4157303370786517,3.055933484504913,0.4482758620689655
L-Concrete,concrete,linear,0.0033,0.4,3,5,253,0.7848380745893634,3.212648022171832,0.4823529411764706,3.212648022171832,0.4823529411764706
L-Concrete,concrete,linear,0.0033,0.4,3,6,253,0.792714024046336,2.742504409171076,0.3846153846153846,2.977576215671454,0.4318181818181818
L-Concrete,concrete,linear,0.0033,0.4,3,7,253,0.7623177453708813,2.6641471403376165,0.3695652173913043,2.8208616780045355,0.4
L-Concrete,concrete,linear,0.0033,0.4,4,5,253,0.7067893102533543,3.212648022171832,0.4823529411764706,2.742504409171076,0.3846153846153846
L-Concrete,concrete,linear,0.0033,0.4,4,6,253,0.7799771747526572,3.4477198286722097,0.5365853658536586,2.6641471403376165,0.3695652173913043
L-Concrete,concrete,linear,0.0033,0.4,4,7,253,0.7433812708194023,2.977576215671454,0.4318181818181818,2.8992189468379945,0.4157303370786517
L-Concrete,concrete,linear,0.0033,0.4,5,6,253,0.7392773462865947,2.8992189468379945,0.4157303370786517,2.977576215671454,0.4318181818181818
L-Concrete,concrete,linear,0.0033,0.4,5,7,253,0.7724591736102062,2.977576215671454,0.4318181818181818,3.291005291005291,0.5
L-Concrete,concrete,linear,0.0033,0.4,6,7,253,0.7517860841275275,2.507432602670698,0.3404255319148936,2.8208616780045355,0.4
LSPIN,lspin_tf,mlp,0.00525,0.0,0,1,2,0.6844366156758832,3.055933484504913,0.4482758620689655,2.1940035273368608,0.2857142857142857
LSPIN,lspin_tf,mlp,0.00525,0.0,0,2,2,0.6005386034415955,2.2723607961703203,0.2989690721649484,2.8208616780045355,0.4
LSPIN,lspin_tf,mlp,0.00525,0.0,0,3,2,0.6514416813288328,2.6641471403376165,0.3695652173913043,2.742504409171076,0.3846153846153846
LSPIN,lspin_tf,mlp,0.00525,0.0,0,4,2,0.6391368739367629,2.8208616780045355,0.4,2.5857898715041574,0.3548387096774194
LSPIN,lspin_tf,mlp,0.00525,0.0,0,5,2,0.5727447035949946,2.8208616780045355,0.4,1.958931720836483,0.2475247524752475
LSPIN,lspin_tf,mlp,0.00525,0.0,0,6,2,0.5290598158398616,2.3507180650037798,0.3125,2.2723607961703203,0.2989690721649484
LSPIN,lspin_tf,mlp,0.00525,0.0,0,7,2,0.6704986312864475,2.6641471403376165,0.3695652173913043,2.742504409171076,0.3846153846153846
LSPIN,lspin_tf,mlp,0.00525,0.0,1,2,2,0.5562981768744554,2.1156462585034013,0.2727272727272727,2.507432602670698,0.3404255319148936
LSPIN,lspin_tf,mlp,0.00525,0.0,1,3,2,0.6322915947153186,2.5857898715041574,0.3548387096774194,2.507432602670698,0.3404255319148936
LSPIN,lspin_tf,mlp,0.00525,0.0,1,4,2,0.6024303196246366,2.742504409171076,0.3846153846153846,2.6641471403376165,0.3695652173913043
LSPIN,lspin_tf,mlp,0.00525,0.0,1,5,2,0.5695002928703033,2.5857898715041574,0.3548387096774194,2.3507180650037798,0.3125
LSPIN,lspin_tf,mlp,0.00525,0.0,1,6,2,0.5133380832280312,2.5857898715041574,0.3548387096774194,2.1156462585034013,0.2727272727272727
LSPIN,lspin_tf,mlp,0.00525,0.0,1,7,2,0.6142685273290943,2.5857898715041574,0.3548387096774194,2.742504409171076,0.3846153846153846
LSPIN,lspin_tf,mlp,0.00525,0.0,2,3,2,0.5650145888690103,1.880574452003024,0.2352941176470588,2.6641471403376165,0.3695652173913043
LSPIN,lspin_tf,mlp,0.00525,0.0,2,4,2,0.6564400657378393,2.507432602670698,0.3404255319148936,2.8992189468379945,0.4157303370786517
LSPIN,lspin_tf,mlp,0.00525,0.0,2,5,2,0.5221632291874201,2.1156462585034013,0.2727272727272727,2.1940035273368608,0.2857142857142857
LSPIN,lspin_tf,mlp,0.00525,0.0,2,6,2,0.602892517126034,2.5857898715041574,0.3548387096774194,2.507432602670698,0.3404255319148936
LSPIN,lspin_tf,mlp,0.00525,0.0,2,7,2,0.6414710587904235,2.3507180650037798,0.3125,2.6641471403376165,0.3695652173913043
LSPIN,lspin_tf,mlp,0.00525,0.0,3,4,2,0.5979354109075643,2.5857898715041574,0.3548387096774194,2.429075333837239,0.3263157894736842
LSPIN,lspin_tf,mlp,0.00525,0.0,3,5,2,0.4925531963876307,2.3507180650037798,0.3125,1.802217183169564,0.2233009708737864
LSPIN,lspin_tf,mlp,0.00525,0.0,3,6,2,0.4660125995143462,1.802217183169564,0.2233009708737864,2.3507180650037798,0.3125
LSPIN,lspin_tf,mlp,0.00525,0.0,3,7,2,0.651111466290588,2.977576215671454,0.4318181818181818,2.5857898715041574,0.3548387096774194
LSPIN,lspin_tf,mlp,0.00525,0.0,4,5,2,0.5873351142868959,2.429075333837239,0.3263157894736842,2.2723607961703203,0.2989690721649484
LSPIN,lspin_tf,mlp,0.00525,0.0,4,6,2,0.6280039354696079,2.1940035273368608,0.2857142857142857,2.507432602670698,0.3404255319148936
LSPIN,lspin_tf,mlp,0.00525,0.0,4,7,2,0.6660567567257556,2.742504409171076,0.3846153846153846,2.742504409171076,0.3846153846153846
LSPIN,lspin_tf,mlp,0.00525,0.0,5,6,2,0.5216520612895775,2.3507180650037798,0.3125,2.037288989669942,0.26
LSPIN,lspin_tf,mlp,0.00525,0.0,5,7,2,0.538901761660241,2.507432602670698,0.3404255319148936,2.037288989669942,0.26
LSPIN,lspin_tf,mlp,0.00525,0.0,6,7,2,0.5326483588572035,2.3507180650037798,0.3125,2.3507180650037798,0.3125
LSPIN,lspin_tf,mlp,0.014,0.0,0,1,6,0.3662913746935706,2.1940035273368608,0.2857142857142857,1.958931720836483,0.2475247524752475
LSPIN,lspin_tf,mlp,0.014,0.0,0,2,6,0.273496016767125,1.880574452003024,0.2352941176470588,1.802217183169564,0.2233009708737864
LSPIN,lspin_tf,mlp,0.014,0.0,0,3,6,0.5143065596916404,2.5857898715041574,0.3548387096774194,2.507432602670698,0.3404255319148936
LSPIN,lspin_tf,mlp,0.014,0.0,0,4,6,0.3676124505109595,1.880574452003024,0.2352941176470588,1.958931720836483,0.2475247524752475
LSPIN,lspin_tf,mlp,0.014,0.0,0,5,6,0.4921181578806916,2.3507180650037798,0.3125,2.037288989669942,0.26
LSPIN,lspin_tf,mlp,0.014,0.0,0,6,6,0.5115575558513004,2.429075333837239,0.3263157894736842,2.3507180650037798,0.3125
LSPIN,lspin_tf,mlp,0.014,0.0,0,7,6,0.426764266094052,2.1940035273368608,0.2857142857142857,2.2723607961703203,0.2989690721649484
LSPIN,lspin_tf,mlp,0.014,0.0,1,2,6,0.1970825973687241,1.6455026455026456,0.2,1.253716301335349,0.1454545454545454
LSPIN,lspin_tf,mlp,0.014,0.0,1,3,6,0.3781443857595953,2.2723607961703203,0.2989690721649484,2.1156462585034013,0.2727272727272727
LSPIN,lspin_tf,mlp,0.014,0.0,1,4,6,0.3956173746800716,1.7238599143361049,0.2115384615384615,2.037288989669942,0.26
LSPIN,lspin_tf,mlp,0.014,0.0,1,5,6,0.4223358055174587,2.1940035273368608,0.2857142857142857,1.958931720836483,0.2475247524752475
LSPIN,lspin_tf,mlp,0.014,0.0,1,6,6,0.3377154420392151,1.7238599143361049,0.2115384615384615,1.5671453766691863,0.1886792452830188
LSPIN,lspin_tf,mlp,0.014,0.0,1,7,6,0.3329766256089763,2.1156462585034013,0.2727272727272727,1.6455026455026456,0.2
LSPIN,lspin_tf,mlp,0.014,0.0,2,3,6,0.3468114671215181,1.958931720836483,0.2475247524752475,1.880574452003024,0.2352941176470588
LSPIN,lspin_tf,mlp,0.014,0.0,2,4,6,0.2171262337195724,1.802217183169564,0.2233009708737864,1.6455026455026456,0.2
LSPIN,lspin_tf,mlp,0.014,0.0,2,5,6,0.2668285377818237,1.802217183169564,0.2233009708737864,1.880574452003024,0.2352941176470588
LSPIN,lspin_tf,mlp,0.014,0.0,2,6,6,0.2114232483036237,1.3320735701688082,0.1559633027522936,1.7238599143361049,0.2115384615384615
LSPIN,lspin_tf,mlp,0.014,0.0,2,7,6,0.3317463461819244,2.1940035273368608,0.2857142857142857,2.429075333837239,0.3263157894736842
LSPIN,lspin_tf,mlp,0.014,0.0,3,4,6,0.4211826093031777,2.3507180650037798,0.3125,2.1940035273368608,0.2857142857142857
LSPIN,lspin_tf,mlp,0.014,0.0,3,5,6,0.4432985423519425,2.3507180650037798,0.3125,1.958931720836483,0.2475247524752475
LSPIN,lspin_tf,mlp,0.014,0.0,3,6,6,0.5447431098329151,2.5857898715041574,0.3548387096774194,2.429075333837239,0.3263157894736842
LSPIN,lspin_tf,mlp,0.014,0.0,3,7,6,0.5484551648739582,2.507432602670698,0.3404255319148936,2.3507180650037798,0.3125
LSPIN,lspin_tf,mlp,0.014,0.0,4,5,6,0.4117347094146889,1.958931720836483,0.2475247524752475,2.3507180650037798,0.3125
LSPIN,lspin_tf,mlp,0.014,0.0,4,6,6,0.3228404135909916,2.1156462585034013,0.2727272727272727,1.958931720836483,0.2475247524752475
LSPIN,lspin_tf,mlp,0.014,0.0,4,7,6,0.4227199962494549,1.958931720836483,0.2475247524752475,2.1156462585034013,0.2727272727272727
LSPIN,lspin_tf,mlp,0.014,0.0,5,6,6,0.5140321841790213,2.2723607961703203,0.2989690721649484,2.3507180650037798,0.3125
LSPIN,lspin_tf,mlp,0.014,0.0,5,7,6,0.5281377089970262,2.1940035273368608,0.2857142857142857,2.5857898715041574,0.3548387096774194
LSPIN,lspin_tf,mlp,0.014,0.0,6,7,6,0.5130317286358197,2.429075333837239,0.3263157894736842,2.3507180650037798,0.3125
LSPIN,lspin_tf,mlp,0.00525,0.1,0,1,10,0.6547747734121379,2.6641471403376165,0.3695652173913043,2.742504409171076,0.3846153846153846
LSPIN,lspin_tf,mlp,0.00525,0.1,0,2,10,0.6880767584825717,2.977576215671454,0.4318181818181818,2.3507180650037798,0.3125
LSPIN,lspin_tf,mlp,0.00525,0.1,0,3,10,0.6925878079001028,2.507432602670698,0.3404255319148936,2.977576215671454,0.4318181818181818
LSPIN,lspin_tf,mlp,0.00525,0.1,0,4,10,0.6175287672279384,2.6641471403376165,0.3695652173913043,2.6641471403376165,0.3695652173913043
LSPIN,lspin_tf,mlp,0.00525,0.1,0,5,10,0.6962249021181409,2.8208616780045355,0.4,2.8208616780045355,0.4
LSPIN,lspin_tf,mlp,0.00525,0.1,0,6,10,0.690043642576199,2.8992189468379945,0.4157303370786517,2.8208616780045355,0.4
LSPIN,lspin_tf,mlp,0.00525,0.1,0,7,10,0.614265742000056,2.429075333837239,0.3263157894736842,2.507432602670698,0.3404255319148936
LSPIN,lspin_tf,mlp,0.00525,0.1,1,2,10,0.6973074538574725,2.977576215671454,0.4318181818181818,3.055933484504913,0.4482758620689655
LSPIN,lspin_tf,mlp,0.00525,0.1,1,3,10,0.7029092285725834,2.5857898715041574,0.3548387096774194,2.6641471403376165,0.3695652173913043
LSPIN,lspin_tf,mlp,0.00525,0.1,1,4,10,0.5909130977113813,2.3507180650037798,0.3125,2.2723607961703203,0.2989690721649484
LSPIN,lspin_tf,mlp,0.00525,0.1,1,5,10,0.6630461921117174,2.742504409171076,0.3846153846153846,2.6641471403376165,0.3695652173913043
LSPIN,lspin_tf,mlp,0.00525,0.1,1,6,10,0.7226057255520002,2.8992189468379945,0.4157303370786517,3.1342907533383726,0.4651162790697674
LSPIN,lspin_tf,mlp,0.00525,0.1,1,7,10,0.6108595857503999,2.5857898715041574,0.3548387096774194,2.742504409171076,0.3846153846153846
LSPIN,lspin_tf,mlp,0.00525,0.1,2,3,10,0.7026963732079398,2.742504409171076,0.3846153846153846,2.742504409171076,0.3846153846153846
LSPIN,lspin_tf,mlp,0.00525,0.1,2,4,10,0.6668538758809386,2.507432602670698,0.3404255319148936,2.429075333837239,0.3263157894736842
LSPIN,lspin_tf,mlp,0.00525,0.1,2,5,10,0.779282692629705,3.055933484504913,0.4482758620689655,3.1342907533383726,0.4651162790697674
LSPIN,lspin_tf,mlp,0.00525,0.1,2,6,10,0.7396037458656027,2.977576215671454,0.4318181818181818,2.977576215671454,0.4318181818181818
LSPIN,lspin_tf,mlp,0.00525,0.1,2,7,10,0.705452030691873,3.1342907533383726,0.4651162790697674,2.977576215671454,0.4318181818181818
LSPIN,lspin_tf,mlp,0.00525,0.1,3,4,10,0.6855145721041549,2.742504409171076,0.3846153846153846,2.977576215671454,0.4318181818181818
LSPIN,lspin_tf,mlp,0.00525,0.1,3,5,10,0.7256958805623885,2.8992189468379945,0.4157303370786517,2.5857898715041574,0.3548387096774194
LSPIN,lspin_tf,mlp,0.00525,0.1,3,6,10,0.6888157752564985,2.8208616780045355,0.4,2.742504409171076,0.3846153846153846
LSPIN,lspin_tf,mlp,0.00525,0.1,3,7,10,0.6132505756272493,2.1940035273368608,0.2857142857142857,2.507432602670698,0.3404255319148936
LSPIN,lspin_tf,mlp,0.00525,0.1,4,5,10,0.6796172329941371,2.742504409171076,0.3846153846153846,2.3507180650037798,0.3125
LSPIN,lspin_tf,mlp,0.00525,0.1,4,6,10,0.6484645466591962,2.507432602670698,0.3404255319148936,2.429075333837239,0.3263157894736842
LSPIN,lspin_tf,mlp,0.00525,0.1,4,7,10,0.588686591209077,2.5857898715041574,0.3548387096774194,2.742504409171076,0.3846153846153846
LSPIN,lspin_tf,mlp,0.00525,0.1,5,6,10,0.7421747307078284,3.212648022171832,0.4823529411764706,2.6641471403376165,0.3695652173913043
LSPIN,lspin_tf,mlp,0.00525,0.1,5,7,10,0.6353423327463193,2.5857898715041574,0.3548387096774194,2.3507180650037798,0.3125
LSPIN,lspin_tf,mlp,0.00525,0.1,6,7,10,0.6782834055016495,2.6641471403376165,0.3695652173913043,2.8208616780045355,0.4
LSPIN,lspin_tf,mlp,0.014,0.1,0,1,14,0.4590234888356097,2.1940035273368608,0.2857142857142857,2.429075333837239,0.3263157894736842
LSPIN,lspin_tf,mlp,0.014,0.1,0,2,14,0.5170803071950787,2.429075333837239,0.3263157894736842,2.429075333837239,0.3263157894736842
LSPIN,lspin_tf,mlp,0.014,0.1,0,3,14,0.520451813981106,2.2723607961703203,0.2989690721649484,2.2723607961703203,0.2989690721649484
LSPIN,lspin_tf,mlp,0.014,0.1,0,4,14,0.4292654376682503,2.1940035273368608,0.2857142857142857,2.1156462585034013,0.2727272727272727
LSPIN,lspin_tf,mlp,0.014,0.1,0,5,14,0.4497256141384137,1.880574452003024,0.2352941176470588,2.429075333837239,0.3263157894736842
LSPIN,lspin_tf,mlp,0.014,0.1,0,6,14,0.4530218231338848,1.5671453766691863,0.1886792452830188,2.2723607961703203,0.2989690721649484
LSPIN,lspin_tf,mlp,0.014,0.1,0,7,14,0.5383552851114854,2.429075333837239,0.3263157894736842,2.1940035273368608,0.2857142857142857
LSPIN,lspin_tf,mlp,0.014,0.1,1,2,14,0.4984054519857566,2.1156462585034013,0.2727272727272727,1.958931720836483,0.2475247524752475
LSPIN,lspin_tf,mlp,0.014,0.1,1,3,14,0.4326698581510045,1.802217183169564,0.2233009708737864,2.2723607961703203,0.2989690721649484
LSPIN,lspin_tf,mlp,0.014,0.1,1,4,14,0.4193449738057833,1.958931720836483,0.2475247524752475,1.802217183169564,0.2233009708737864
LSPIN,lspin_tf,mlp,0.014,0.1,1,5,14,0.3726624214245176,1.6455026455026456,0.2,2.037288989669942,0.26
LSPIN,lspin_tf,mlp,0.014,0.1,1,6,14,0.4468832795100895,1.958931720836483,0.2475247524752475,2.2723607961703203,0.2989690721649484
LSPIN,lspin_tf,mlp,0.014,0.1,1,7,14,0.5042837091967762,2.3507180650037798,0.3125,1.880574452003024,0.2352941176470588
LSPIN,lspin_tf,mlp,0.014,0.1,2,3,14,0.4926278487306939,2.507432602670698,0.3404255319148936,2.3507180650037798,0.3125
LSPIN,lspin_tf,mlp,0.014,0.1,2,4,14,0.4088891959750829,2.429075333837239,0.3263157894736842,1.5671453766691863,0.1886792452830188
LSPIN,lspin_tf,mlp,0.014,0.1,2,5,14,0.4074185824126974,1.880574452003024,0.2352941176470588,2.2723607961703203,0.2989690721649484
LSPIN,lspin_tf,mlp,0.014,0.1,2,6,14,0.4091692251785925,1.958931720836483,0.2475247524752475,2.2723607961703203,0.2989690721649484
LSPIN,lspin_tf,mlp,0.014,0.1,2,7,14,0.4593196893593076,2.429075333837239,0.3263157894736842,1.7238599143361049,0.2115384615384615
LSPIN,lspin_tf,mlp,0.014,0.1,3,4,14,0.4575737919315997,2.1940035273368608,0.2857142857142857,2.1940035273368608,0.2857142857142857
LSPIN,lspin_tf,mlp,0.014,0.1,3,5,14,0.4676738030001756,2.1156462585034013,0.2727272727272727,2.3507180650037798,0.3125
LSPIN,lspin_tf,mlp,0.014,0.1,3,6,14,0.5818278716139451,2.2723607961703203,0.2989690721649484,2.429075333837239,0.3263157894736842
LSPIN,lspin_tf,mlp,0.014,0.1,3,7,14,0.5080294776827973,2.3507180650037798,0.3125,2.429075333837239,0.3263157894736842
LSPIN,lspin_tf,mlp,0.014,0.1,4,5,14,0.4639112939228997,2.1156462585034013,0.2727272727272727,2.429075333837239,0.3263157894736842
LSPIN,lspin_tf,mlp,0.014,0.1,4,6,14,0.4012197869312038,1.880574452003024,0.2352941176470588,2.1940035273368608,0.2857142857142857
LSPIN,lspin_tf,mlp,0.014,0.1,4,7,14,0.5205199513432727,2.1940035273368608,0.2857142857142857,2.3507180650037798,0.3125
LSPIN,lspin_tf,mlp,0.014,0.1,5,6,14,0.4579433648581262,2.037288989669942,0.26,2.2723607961703203,0.2989690721649484
LSPIN,lspin_tf,mlp,0.014,0.1,5,7,14,0.4770783156180223,2.1156462585034013,0.2727272727272727,2.037288989669942,0.26
LSPIN,lspin_tf,mlp,0.014,0.1,6,7,14,0.4023440108973372,1.958931720836483,0.2475247524752475,2.1156462585034013,0.2727272727272727
LSPIN,lspin_tf,mlp,0.00525,0.2,0,1,18,0.6646628472470079,2.507432602670698,0.3404255319148936,2.977576215671454,0.4318181818181818
LSPIN,lspin_tf,mlp,0.00525,0.2,0,2,18,0.6849312461706296,2.5857898715041574,0.3548387096774194,2.6641471403376165,0.3695652173913043
LSPIN,lspin_tf,mlp,0.00525,0.2,0,3,18,0.6609823633670814,2.507432602670698,0.3404255319148936,2.6641471403376165,0.3695652173913043
LSPIN,lspin_tf,mlp,0.00525,0.2,0,4,18,0.6483280692530594,2.6641471403376165,0.3695652173913043,2.5857898715041574,0.3548387096774194
LSPIN,lspin_tf,mlp,0.00525,0.2,0,5,18,0.6859108053941093,2.5857898715041574,0.3548387096774194,2.8992189468379945,0.4157303370786517
LSPIN,lspin_tf,mlp,0.00525,0.2,0,6,18,0.6909700123243031,2.742504409171076,0.3846153846153846,2.742504409171076,0.3846153846153846
LSPIN,lspin_tf,mlp,0.00525,0.2,0,7,18,0.6401859124902077,2.507432602670698,0.3404255319148936,2.507432602670698,0.3404255319148936
LSPIN,lspin_tf,mlp,0.00525,0.2,1,2,18,0.7349120533855124,2.742504409171076,0.3846153846153846,2.977576215671454,0.4318181818181818
LSPIN,lspin_tf,mlp,0.00525,0.2,1,3,18,0.7642419074137007,3.055933484504913,0.4482758620689655,3.3693625598387507,0.5180722891566265
LSPIN,lspin_tf,mlp,0.00525,0.2,1,4,18,0.6730069816899514,2.8992189468379945,0.4157303370786517,2.6641471403376165,0.3695652173913043
LSPIN,lspin_tf,mlp,0.00525,0.2,1,5,18,0.73164733738525,3.055933484504913,0.4482758620689655,3.3693625598387507,0.5180722891566265
LSPIN,lspin_tf,mlp,0.00525,0.2,1,6,18,0.7026241569998715,2.5857898715041574,0.3548387096774194,3.3693625598387507,0.5180722891566265
LSPIN,lspin_tf,mlp,0.00525,0.2,1,7,18,0.6207437989606996,2.429075333837239,0.3263157894736842,3.055933484504913,0.4482758620689655
LSPIN,lspin_tf,mlp,0.00525,0.2,2,3,18,0.698443645866054,2.8208616780045355,0.4,2.742504409171076,0.3846153846153846
LSPIN,lspin_tf,mlp,0.00525,0.2,2,4,18,0.7128578895862294,2.6641471403376165,0.3695652173913043,3.212648022171832,0.4823529411764706
LSPIN,lspin_tf,mlp,0.00525,0.2,2,5,18,0.7157424460568634,2.507432602670698,0.3404255319148936,2.742504409171076,0.3846153846153846
LSPIN,lspin_tf,mlp,0.00525,0.2,2,6,18,0.7135485687931183,2.5857898715041574,0.3548387096774194,3.055933484504913,0.4482758620689655
LSPIN,lspin_tf,mlp,0.00525,0.2,2,7,18,0.6897564244571303,2.5857898715041574,0.3548387096774194,2.8992189468379945,0.4157303370786517
LSPIN,lspin_tf,mlp,0.00525,0.2,3,4,18,0.6575123544317613,2.429075333837239,0.3263157894736842,2.977576215671454,0.4318181818181818
LSPIN,lspin_tf,mlp,0.00525,0.2,3,5,18,0.7285448979040599,2.8208616780045355,0.4,3.3693625598387507,0.5180722891566265
LSPIN,lspin_tf,mlp,0.00525,0.2,3,6,18,0.7175111692283644,2.6641471403376165,0.3695652173913043,3.1342907533383726,0.4651162790697674
LSPIN,lspin_tf,mlp,0.00525,0.2,3,7,18,0.6688134643567528,2.8992189468379945,0.4157303370786517,2.977576215671454,0.4318181818181818
LSPIN,lspin_tf,mlp,0.00525,0.2,4,5,18,0.6677876009585384,2.8992189468379945,0.4157303370786517,2.8208616780045355,0.4
LSPIN,lspin_tf,mlp,0.00525,0.2,4,6,18,0.6689368293694034,2.507432602670698,0.3404255319148936,3.055933484504913,0.4482758620689655
LSPIN,lspin_tf,mlp,0.00525,0.2,4,7,18,0.6352734809967592,2.8208616780045355,0.4,2.8208616780045355,0.4
LSPIN,lspin_tf,mlp,0.00525,0.2,5,6,18,0.7114550714415282,2.8208616780045355,0.4,3.1342907533383726,0.4651162790697674
LSPIN,lspin_tf,mlp,0.00525,0.2,5,7,18,0.6698968381097826,2.6641471403376165,0.3695652173913043,2.8992189468379945,0.4157303370786517
LSPIN,lspin_tf,mlp,0.00525,0.2,6,7,18,0.6494906570268857,2.6641471403376165,0.3695652173913043,2.6641471403376165,0.3695652173913043
LSPIN,lspin_tf,mlp,0.014,0.2,0,1,22,0.5059110625102881,2.2723607961703203,0.2989690721649484,2.429075333837239,0.3263157894736842
LSPIN,lspin_tf,mlp,0.014,0.2,0,2,22,0.5587298231451167,2.1940035273368608,0.2857142857142857,2.6641471403376165,0.3695652173913043
LSPIN,lspin_tf,mlp,0.014,0.2,0,3,22,0.5810665980058219,1.880574452003024,0.2352941176470588,2.8208616780045355,0.4
LSPIN,lspin_tf,mlp,0.014,0.2,0,4,22,0.5271823726243543,2.429075333837239,0.3263157894736842,2.1940035273368608,0.2857142857142857
LSPIN,lspin_tf,mlp,0.014,0.2,0,5,22,0.6111033182757363,2.3507180650037798,0.3125,2.5857898715041574,0.3548387096774194
LSPIN,lspin_tf,mlp,0.014,0.2,0,6,22,0.4703363478867365,2.1940035273368608,0.2857142857142857,1.802217183169564,0.2233009708737864
LSPIN,lspin_tf,mlp,0.014,0.2,0,7,22,0.5646340792933467,2.2723607961703203,0.2989690721649484,2.2723607961703203,0.2989690721649484
LSPIN,lspin_tf,mlp,0.014,0.2,1,2,22,0.4884537060139026,2.1156462585034013,0.2727272727272727,2.3507180650037798,0.3125
LSPIN,lspin_tf,mlp,0.014,0.2,1,3,22,0.5239397033534875,2.3507180650037798,0.3125,2.2723607961703203,0.2989690721649484
LSPIN,lspin_tf,mlp,0.014,0.2,1,4,22,0.4513052276446362,2.507432602670698,0.3404255319148936,2.037288989669942,0.26
LSPIN,lspin_tf,mlp,0.014,0.2,1,5,22,0.50369165786436,1.802217183169564,0.2233009708737864,2.5857898715041574,0.3548387096774194
LSPIN,lspin_tf,mlp,0.014,0.2,1,6,22,0.4174896991225354,2.037288989669942,0.26,1.880574452003024,0.2352941176470588
LSPIN,lspin_tf,mlp,0.014,0.2,1,7,22,0.5131517896939303,2.1940035273368608,0.2857142857142857,2.2723607961703203,0.2989690721649484
LSPIN,lspin_tf,mlp,0.014,0.2,2,3,22,0.5103438340748713,1.958931720836483,0.2475247524752475,2.2723607961703203,0.2989690721649484
LSPIN,lspin_tf,mlp,0.014,0.2,2,4,22,0.5585035179123553,2.429075333837239,0.3263157894736842,1.7238599143361049,0.2115384615384615
LSPIN,lspin_tf,mlp,0.014,0.2,2,5,22,0.5745838240088594,2.1940035273368608,0.2857142857142857,2.742504409171076,0.3846153846153846
LSPIN,lspin_tf,mlp,0.014,0.2,2,6,22,0.4401164160279523,2.1156462585034013,0.2727272727272727,2.037288989669942,0.26
LSPIN,lspin_tf,mlp,0.014,0.2,2,7,22,0.5450179424141738,2.3507180650037798,0.3125,1.958931720836483,0.2475247524752475
LSPIN,lspin_tf,mlp,0.014,0.2,3,4,22,0.5442664833379373,2.6641471403376165,0.3695652173913043,2.742504409171076,0.3846153846153846
LSPIN,lspin_tf,mlp,0.014,0.2,3,5,22,0.5838597174589149,2.3507180650037798,0.3125,2.5857898715041574,0.3548387096774194
LSPIN,lspin_tf,mlp,0.014,0.2,3,6,22,0.544376620993781,2.429075333837239,0.3263157894736842,2.3507180650037798,0.3125
LSPIN,lspin_tf,mlp,0.014,0.2,3,7,22,0.5348067334205404,2.3507180650037798,0.3125,2.1156462585034013,0.2727272727272727
LSPIN,lspin_tf,mlp,0.014,0.2,4,5,22,0.4975523688189741,2.507432602670698,0.3404255319148936,1.802217183169564,0.2233009708737864
LSPIN,lspin_tf,mlp,0.014,0.2,4,6,22,0.3666286420949197,2.037288989669942,0.26,1.958931720836483,0.2475247524752475
LSPIN,lspin_tf,mlp,0.014,0.2,4,7,22,0.5312315683502724,2.5857898715041574,0.3548387096774194,2.037288989669942,0.26
LSPIN,lspin_tf,mlp,0.014,0.2,5,6,22,0.4627306460762465,2.1940035273368608,0.2857142857142857,2.1156462585034013,0.2727272727272727
LSPIN,lspin_tf,mlp,0.014,0.2,5,7,22,0.5426113822914977,2.1940035273368608,0.2857142857142857,2.429075333837239,0.3263157894736842
LSPIN,lspin_tf,mlp,0.014,0.2,6,7,22,0.4069621566190031,1.7238599143361049,0.2115384615384615,2.037288989669942,0.26
LSPIN,lspin_tf,mlp,0.00525,0.4,0,1,26,0.7363699643767346,2.8208616780045355,0.4,2.8992189468379945,0.4157303370786517
LSPIN,lspin_tf,mlp,0.00525,0.4,0,2,26,0.7014303650308618,2.6641471403376165,0.3695652173913043,2.742504409171076,0.3846153846153846
LSPIN,lspin_tf,mlp,0.00525,0.4,0,3,26,0.6849876576100046,2.5857898715041574,0.3548387096774194,2.6641471403376165,0.3695652173913043
LSPIN,lspin_tf,mlp,0.00525,0.4,0,4,26,0.718627253021932,3.055933484504913,0.4482758620689655,3.055933484504913,0.4482758620689655
LSPIN,lspin_tf,mlp,0.00525,0.4,0,5,26,0.6692972719687829,2.5857898715041574,0.3548387096774194,2.429075333837239,0.3263157894736842
LSPIN,lspin_tf,mlp,0.00525,0.4,0,6,26,0.7015961257512393,2.8992189468379945,0.4157303370786517,3.055933484504913,0.4482758620689655
LSPIN,lspin_tf,mlp,0.00525,0.4,0,7,26,0.6790215161815177,2.507432602670698,0.3404255319148936,2.8208616780045355,0.4
LSPIN,lspin_tf,mlp,0.00525,0.4,1,2,26,0.6258990357232587,2.2723607961703203,0.2989690721649484,2.6641471403376165,0.3695652173913043
LSPIN,lspin_tf,mlp,0.00525,0.4,1,3,26,0.640995192686725,2.3507180650037798,0.3125,2.5857898715041574,0.3548387096774194
LSPIN,lspin_tf,mlp,0.00525,0.4,1,4,26,0.6800479877562627,2.8208616780045355,0.4,3.1342907533383726,0.4651162790697674
LSPIN,lspin_tf,mlp,0.00525,0.4,1,5,26,0.6560710252908655,2.429075333837239,0.3263157894736842,2.8992189468379945,0.4157303370786517
LSPIN,lspin_tf,mlp,0.00525,0.4,1,6,26,0.6507112681212768,2.8208616780045355,0.4,2.8208616780045355,0.4
LSPIN,lspin_tf,mlp,0.00525,0.4,1,7,26,0.5932995434999655,2.429075333837239,0.3263157894736842,2.3507180650037798,0.3125
LSPIN,lspin_tf,mlp,0.00525,0.4,2,3,26,0.647775684346601,2.5857898715041574,0.3548387096774194,2.507432602670698,0.3404255319148936
LSPIN,lspin_tf,mlp,0.00525,0.4,2,4,26,0.6563666458939588,2.742504409171076,0.3846153846153846,2.742504409171076,0.3846153846153846
LSPIN,lspin_tf,mlp,0.00525,0.4,2,5,26,0.6757923434737872,2.742504409171076,0.3846153846153846,2.5857898715041574,0.3548387096774194
LSPIN,lspin_tf,mlp,0.00525,0.4,2,6,26,0.6256811347320491,2.742504409171076,0.3846153846153846,2.6641471403376165,0.3695652173913043
LSPIN,lspin_tf,mlp,0.00525,0.4,2,7,26,0.6371121124239342,2.3507180650037798,0.3125,2.5857898715041574,0.3548387096774194
LSPIN,lspin_tf,mlp,0.00525,0.4,3,4,26,0.6955993117603063,2.8208616780045355,0.4,3.055933484504913,0.4482758620689655
LSPIN,lspin_tf,mlp,0.00525,0.4,3,5,26,0.6940502438125002,2.507432602670698,0.3404255319148936,2.8208616780045355,0.4
LSPIN,lspin_tf,mlp,0.00525,0.4,3,6,26,0.6210349105456001,2.5857898715041574,0.3548387096774194,2.429075333837239,0.3263157894736842
LSPIN,lspin_tf,mlp,0.00525,0.4,3,7,26,0.7062372992746703,2.742504409171076,0.3846153846153846,2.977576215671454,0.4318181818181818
LSPIN,lspin_tf,mlp,0.00525,0.4,4,5,26,0.6733094473964987,2.5857898715041574,0.3548387096774194,2.977576215671454,0.4318181818181818
LSPIN,lspin_tf,mlp,0.00525,0.4,4,6,26,0.6532275897248944,3.1342907533383726,0.4651162790697674,2.8208616780045355,0.4
LSPIN,lspin_tf,mlp,0.00525,0.4,4,7,26,0.6801867789440572,2.429075333837239,0.3263157894736842,2.742504409171076,0.3846153846153846
LSPIN,lspin_tf,mlp,0.00525,0.4,5,6,26,0.6462849029236913,2.8992189468379945,0.4157303370786517,2.5857898715041574,0.3548387096774194
LSPIN,lspin_tf,mlp,0.00525,0.4,5,7,26,0.6539490177891296,2.2723607961703203,0.2989690721649484,2.8208616780045355,0.4
LSPIN,lspin_tf,mlp,0.00525,0.4,6,7,26,0.6320930567991295,2.5857898715041574,0.3548387096774194,2.742504409171076,0.3846153846153846
LSPIN,lspin_tf,mlp,0.014,0.4,0,1,30,0.402554468111709,1.7238599143361049,0.2115384615384615,2.429075333837239,0.3263157894736842
LSPIN,lspin_tf,mlp,0.014,0.4,0,2,30,0.4351906755602313,1.880574452003024,0.2352941176470588,2.2723607961703203,0.2989690721649484
LSPIN,lspin_tf,mlp,0.014,0.4,0,3,30,0.4814369536739313,2.037288989669942,0.26,2.2723607961703203,0.2989690721649484
LSPIN,lspin_tf,mlp,0.014,0.4,0,4,30,0.4048547555632095,1.958931720836483,0.2475247524752475,2.1156462585034013,0.2727272727272727
LSPIN,lspin_tf,mlp,0.014,0.4,0,5,30,0.45182802554618,2.037288989669942,0.26,2.1156462585034013,0.2727272727272727
LSPIN,lspin_tf,mlp,0.014,0.4,0,6,30,0.4216319770335247,1.880574452003024,0.2352941176470588,2.2723607961703203,0.2989690721649484
LSPIN,lspin_tf,mlp,0.014,0.4,0,7,30,0.399251094036582,1.7238599143361049,0.2115384615384615,2.5857898715041574,0.3548387096774194
LSPIN,lspin_tf,mlp,0.014,0.4,1,2,30,0.4828318468980083,2.1940035273368608,0.2857142857142857,1.880574452003024,0.2352941176470588
LSPIN,lspin_tf,mlp,0.014,0.4,1,3,30,0.5414194233238776,2.1156462585034013,0.2727272727272727,2.1940035273368608,0.2857142857142857
LSPIN,lspin_tf,mlp,0.014,0.4,1,4,30,0.4276821120877339,2.2723607961703203,0.2989690721649484,2.1156462585034013,0.2727272727272727
LSPIN,lspin_tf,mlp,0.014,0.4,1,5,30,0.5060453293062822,2.1940035273368608,0.2857142857142857,2.3507180650037798,0.3125
LSPIN,lspin_tf,mlp,0.014,0.4,1,6,30,0.4993792296857288,1.958931720836483,0.2475247524752475,2.1156462585034013,0.2727272727272727
LSPIN,lspin_tf,mlp,0.014,0.4,1,7,30,0.5437235785640672,2.1156462585034013,0.2727272727272727,2.507432602670698,0.3404255319148936
LSPIN,lspin_tf,mlp,0.014,0.4,2,3,30,0.4590375738226002,1.802217183169564,0.2233009708737864,2.3507180650037798,0.3125
LSPIN,lspin_tf,mlp,0.014,0.4,2,4,30,0.3657973793042433,1.880574452003024,0.2352941176470588,1.802217183169564,0.2233009708737864
LSPIN,lspin_tf,mlp,0.014,0.4,2,5,30,0.4278841278841396,1.880574452003024,0.2352941176470588,1.6455026455026456,0.2
LSPIN,lspin_tf,mlp,0.014,0.4,2,6,30,0.4178439886857295,1.880574452003024,0.2352941176470588,2.429075333837239,0.3263157894736842
LSPIN,lspin_tf,mlp,0.014,0.4,2,7,30,0.3756948903117755,1.802217183169564,0.2233009708737864,1.880574452003024,0.2352941176470588
LSPIN,lspin_tf,mlp,0.014,0.4,3,4,30,0.4777650803014618,2.037288989669942,0.26,2.1156462585034013,0.2727272727272727
LSPIN,lspin_tf,mlp,0.014,0.4,3,5,30,0.5281605801370843,2.742504409171076,0.3846153846153846,1.958931720836483,0.2475247524752475
LSPIN,lspin_tf,mlp,0.014,0.4,3,6,30,0.5261942075721706,1.958931720836483,0.2475247524752475,2.5857898715041574,0.3548387096774194
LSPIN,lspin_tf,mlp,0.014,0.4,3,7,30,0.4806907558049211,2.1156462585034013,0.2727272727272727,2.037288989669942,0.26
LSPIN,lspin_tf,mlp,0.014,0.4,4,5,30,0.4740232781461527,2.429075333837239,0.3263157894736842,1.7238599143361049,0.2115384615384615
LSPIN,lspin_tf,mlp,0.014,0.4,4,6,30,0.5328685935199992,2.6641471403376165,0.3695652173913043,2.1156462585034013,0.2727272727272727
LSPIN,lspin_tf,mlp,0.014,0.4,4,7,30,0.4681579006525208,2.1940035273368608,0.2857142857142857,2.1156462585034013,0.2727272727272727
LSPIN,lspin_tf,mlp,0.014,0.4,5,6,30,0.5661932500860944,2.5857898715041574,0.3548387096774194,2.1156462585034013,0.2727272727272727
LSPIN,lspin_tf,mlp,0.014,0.4,5,7,30,0.5272318733901884,2.1156462585034013,0.2727272727272727,2.1156462585034013,0.2727272727272727
LSPIN,lspin_tf,mlp,0.014,0.4,6,7,30,0.5368561981734424,2.2723607961703203,0.2989690721649484,2.1940035273368608,0.2857142857142857
LSPIN,lspin_tf,mlp,0.00525,0.0,0,1,34,0.6369265269213669,2.8208616780045355,0.4,2.1940035273368608,0.2857142857142857
LSPIN,lspin_tf,mlp,0.00525,0.0,0,2,34,0.6164117719196891,2.429075333837239,0.3263157894736842,2.8208616780045355,0.4
LSPIN,lspin_tf,mlp,0.00525,0.0,0,3,34,0.6853696017611925,2.742504409171076,0.3846153846153846,2.742504409171076,0.3846153846153846
LSPIN,lspin_tf,mlp,0.00525,0.0,0,4,34,0.6854010261246012,2.6641471403376165,0.3695652173913043,3.1342907533383726,0.4651162790697674
LSPIN,lspin_tf,mlp,0.00525,0.0,0,5,34,0.5944497465350909,2.507432602670698,0.3404255319148936,2.429075333837239,0.3263157894736842
LSPIN,lspin_tf,mlp,0.00525,0.0,0,6,34,0.677552374881985,2.5857898715041574,0.3548387096774194,2.8208616780045355,0.4
LSPIN,lspin_tf,mlp,0.00525,0.0,0,7,34,0.6615580594345036,2.8208616780045355,0.4,2.5857898715041574,0.3548387096774194
LSPIN,lspin_tf,mlp,0.00525,0.0,1,2,34,0.589330117534181,2.977576215671454,0.4318181818181818,2.1940035273368608,0.2857142857142857
LSPIN,lspin_tf,mlp,0.00525,0.0,1,3,34,0.6555358459863916,2.8208616780045355,0.4,1.880574452003024,0.2352941176470588
LSPIN,lspin_tf,mlp,0.00525,0.0,1,4,34,0.5882649757801315,2.742504409171076,0.3846153846153846,2.3507180650037798,0.3125
LSPIN,lspin_tf,mlp,0.00525,0.0,1,5,34,0.5510357012680003,2.429075333837239,0.3263157894736842,1.958931720836483,0.2475247524752475
LSPIN,lspin_tf,mlp,0.00525,0.0,1,6,34,0.6388466431047628,2.742504409171076,0.3846153846153846,2.1940035273368608,0.2857142857142857
LSPIN,lspin_tf,mlp,0.00525,0.0,1,7,34,0.5685237933363245,2.8992189468379945,0.4157303370786517,2.1940035273368608,0.2857142857142857
LSPIN,lspin_tf,mlp,0.00525,0.0,2,3,34,0.6191329341662329,2.2723607961703203,0.2989690721649484,2.3507180650037798,0.3125
LSPIN,lspin_tf,mlp,0.00525,0.0,2,4,34,0.6017071838237156,2.6641471403376165,0.3695652173913043,2.5857898715041574,0.3548387096774194
LSPIN,lspin_tf,mlp,0.00525,0.0,2,5,34,0.5175885088964189,2.037288989669942,0.26,2.429075333837239,0.3263157894736842
LSPIN,lspin_tf,mlp,0.00525,0.0,2,6,34,0.5632642260901496,2.429075333837239,0.3263157894736842,2.8992189468379945,0.4157303370786517
LSPIN,lspin_tf,mlp,0.00525,0.0,2,7,34,0.6170846082788422,2.6641471403376165,0.3695652173913043,2.742504409171076,0.3846153846153846
LSPIN,lspin_tf,mlp,0.00525,0.0,3,4,34,0.6321398182995406,2.1940035273368608,0.2857142857142857,2.507432602670698,0.3404255319148936
LSPIN,lspin_tf,mlp,0.00525,0.0,3,5,34,0.6227132347393962,2.429075333837239,0.3263157894736842,2.2723607961703203,0.2989690721649484
LSPIN,lspin_tf,mlp,0.00525,0.0,3,6,34,0.5920122210005294,2.429075333837239,0.3263157894736842,2.429075333837239,0.3263157894736842
LSPIN,lspin_tf,mlp,0.00525,0.0,3,7,34,0.6105620441161687,2.6641471403376165,0.3695652173913043,2.1156462585034013,0.2727272727272727
LSPIN,lspin_tf,mlp,0.00525,0.0,4,5,34,0.5570790197868243,2.6641471403376165,0.3695652173913043,2.2723607961703203,0.2989690721649484
LSPIN,lspin_tf,mlp,0.00525,0.0,4,6,34,0.6295972342102283,2.8208616780045355,0.4,2.977576215671454,0.4318181818181818
LSPIN,lspin_tf,mlp,0.00525,0.0,4,7,34,0.5877395992178759,2.977576215671454,0.4318181818181818,2.3507180650037798,0.3125
LSPIN,lspin_tf,mlp,0.00525,0.0,5,6,34,0.5398967543421425,2.3507180650037798,0.3125,2.1940035273368608,0.2857142857142857
LSPIN,lspin_tf,mlp,0.00525,0.0,5,7,34,0.6163676262780438,2.742504409171076,0.3846153846153846,2.6641471403376165,0.3695652173913043
LSPIN,lspin_tf,mlp,0.00525,0.0,6,7,34,0.597110906772444,2.8208616780045355,0.4,2.2723607961703203,0.2989690721649484
LSPIN,lspin_tf,mlp,0.014,0.0,0,1,38,0.4256803660936404,2.037288989669942,0.26,1.802217183169564,0.2233009708737864
LSPIN,lspin_tf,mlp,0.014,0.0,0,2,38,0.3316322216416358,1.7238599143361049,0.2115384615384615,2.1940035273368608,0.2857142857142857
LSPIN,lspin_tf,mlp,0.014,0.0,0,3,38,0.4525341271154096,2.2723607961703203,0.2989690721649484,1.958931720836483,0.2475247524752475
LSPIN,lspin_tf,mlp,0.014,0.0,0,4,38,0.4368818871108998,2.2723607961703203,0.2989690721649484,1.958931720836483,0.2475247524752475
LSPIN,lspin_tf,mlp,0.014,0.0,0,5,38,0.3762260400124396,2.037288989669942,0.26,2.1940035273368608,0.2857142857142857
LSPIN,lspin_tf,mlp,0.014,0.0,0,6,38,0.3821110507155747,1.958931720836483,0.2475247524752475,2.1940035273368608,0.2857142857142857
LSPIN,lspin_tf,mlp,0.014,0.0,0,7,38,0.4333909715597149,1.7238599143361049,0.2115384615384615,2.1156462585034013,0.2727272727272727
LSPIN,lspin_tf,mlp,0.014,0.0,1,2,38,0.3987280552535795,1.802217183169564,0.2233009708737864,2.1156462585034013,0.2727272727272727
LSPIN,lspin_tf,mlp,0.014,0.0,1,3,38,0.5397425450758928,2.1940035273368608,0.2857142857142857,2.507432602670698,0.3404255319148936
LSPIN,lspin_tf,mlp,0.014,0.0,1,4,38,0.5736678392226763,2.5857898715041574,0.3548387096774194,2.977576215671454,0.4318181818181818
LSPIN,lspin_tf,mlp,0.014,0.0,1,5,38,0.4424031027524137,1.880574452003024,0.2352941176470588,2.1156462585034013,0.2727272727272727
LSPIN,lspin_tf,mlp,0.014,0.0,1,6,38,0.5106190770031365,2.1156462585034013,0.2727272727272727,2.1940035273368608,0.2857142857142857
LSPIN,lspin_tf,mlp,0.014,0.0,1,7,38,0.5284014577382256,1.802217183169564,0.2233009708737864,2.429075333837239,0.3263157894736842
LSPIN,lspin_tf,mlp,0.014,0.0,2,3,38,0.4650341899462857,1.880574452003024,0.2352941176470588,2.1940035273368608,0.2857142857142857
LSPIN,lspin_tf,mlp,0.014,0.0,2,4,38,0.4854820608515603,2.037288989669942,0.26,2.5857898715041574,0.3548387096774194
LSPIN,lspin_tf,mlp,0.014,0.0,2,5,38,0.3551935088831838,1.5671453766691863,0.1886792452830188,1.880574452003024,0.2352941176470588
LSPIN,lspin_tf,mlp,0.014,0.0,2,6,38,0.4773615711927066,1.7238599143361049,0.2115384615384615,2.429075333837239,0.3263157894736842
LSPIN,lspin_tf,mlp,0.014,0.0,2,7,38,0.4803224486333931,1.5671453766691863,0.1886792452830188,2.742504409171076,0.3846153846153846
LSPIN,lspin_tf,mlp,0.014,0.0,3,4,38,0.5566567127443469,2.507432602670698,0.3404255319148936,2.429075333837239,0.3263157894736842
LSPIN,lspin_tf,mlp,0.014,0.0,3,5,38,0.4341981507954574,2.037288989669942,0.26,2.1156462585034013,0.2727272727272727
LSPIN,lspin_tf,mlp,0.014,0.0,3,6,38,0.5138255583316489,2.3507180650037798,0.3125,2.429075333837239,0.3263157894736842
LSPIN,lspin_tf,mlp,0.014,0.0,3,7,38,0.4948877404777976,2.1156462585034013,0.2727272727272727,2.429075333837239,0.3263157894736842
LSPIN,lspin_tf,mlp,0.014,0.0,4,5,38,0.491399278659116,2.3507180650037798,0.3125,2.1156462585034013,0.2727272727272727
LSPIN,lspin_tf,mlp,0.014,0.0,4,6,38,0.5786864420446228,2.6641471403376165,0.3695652173913043,2.507432602670698,0.3404255319148936
LSPIN,lspin_tf,mlp,0.014,0.0,4,7,38,0.5366129546436402,1.880574452003024,0.2352941176470588,2.742504409171076,0.3846153846153846
LSPIN,lspin_tf,mlp,0.014,0.0,5,6,38,0.5382065705583489,2.429075333837239,0.3263157894736842,2.037288989669942,0.26
LSPIN,lspin_tf,mlp,0.014,0.0,5,7,38,0.4432859663726795,1.880574452003024,0.2352941176470588,2.507432602670698,0.3404255319148936
LSPIN,lspin_tf,mlp,0.014,0.0,6,7,38,0.5121575073017699,2.037288989669942,0.26,2.429075333837239,0.3263157894736842
LSPIN,lspin_tf,mlp,0.00525,0.1,0,1,42,0.6596752909630136,2.429075333837239,0.3263157894736842,2.8992189468379945,0.4157303370786517
LSPIN,lspin_tf,mlp,0.00525,0.1,0,2,42,0.6361582963117741,2.8208616780045355,0.4,2.8992189468379945,0.4157303370786517
LSPIN,lspin_tf,mlp,0.00525,0.1,0,3,42,0.5517419701040434,2.1156462585034013,0.2727272727272727,2.742504409171076,0.3846153846153846
LSPIN,lspin_tf,mlp,0.00525,0.1,0,4,42,0.6584351452480925,2.507432602670698,0.3404255319148936,3.212648022171832,0.4823529411764706
LSPIN,lspin_tf,mlp,0.00525,0.1,0,5,42,0.6155270757426088,2.507432602670698,0.3404255319148936,2.8208616780045355,0.4
LSPIN,lspin_tf,mlp,0.00525,0.1,0,6,42,0.6619620376147062,2.2723607961703203,0.2989690721649484,2.977576215671454,0.4318181818181818
LSPIN,lspin_tf,mlp,0.00525,0.1,0,7,42,0.6211334310282992,2.1940035273368608,0.2857142857142857,2.742504409171076,0.3846153846153846
LSPIN,lspin_tf,mlp,0.00525,0.1,1,2,42,0.6059508790330569,2.2723607961703203,0.2989690721649484,2.8992189468379945,0.4157303370786517
LSPIN,lspin_tf,mlp,0.00525,0.1,1,3,42,0.5845241259886133,2.1156462585034013,0.2727272727272727,2.5857898715041574,0.3548387096774194
LSPIN,lspin_tf,mlp,0.00525,0.1,1,4,42,0.7120923628591318,2.6641471403376165,0.3695652173913043,2.977576215671454,0.4318181818181818
LSPIN,lspin_tf,mlp,0.00525,0.1,1,5,42,0.590984377413166,1.802217183169564,0.2233009708737864,2.507432602670698,0.3404255319148936
LSPIN,lspin_tf,mlp,0.00525,0.1,1,6,42,0.6335128561605677,2.1940035273368608,0.2857142857142857,3.055933484504913,0.4482758620689655
LSPIN,lspin_tf,mlp,0.00525,0.1,1,7,42,0.6485393628180742,2.3507180650037798,0.3125,2.8992189468379945,0.4157303370786517
LSPIN,lspin_tf,mlp,0.00525,0.1,2,3,42,0.6310651055139981,2.507432602670698,0.3404255319148936,2.742504409171076,0.3846153846153846
LSPIN,lspin_tf,mlp,0.00525,0.1,2,4,42,0.6309994897993448,2.8208616780045355,0.4,2.977576215671454,0.4318181818181818
LSPIN,lspin_tf,mlp,0.00525,0.1,2,5,42,0.6356571885349607,2.5857898715041574,0.3548387096774194,3.291005291005291,0.5
LSPIN,lspin_tf,mlp,0.00525,0.1,2,6,42,0.6255098956175942,2.507432602670698,0.3404255319148936,3.1342907533383726,0.4651162790697674
LSPIN,lspin_tf,mlp,0.00525,0.1,2,7,42,0.6633799809320688,2.429075333837239,0.3263157894736842,3.1342907533383726,0.4651162790697674
LSPIN,lspin_tf,mlp,0.00525,0.1,3,4,42,0.6256866768698024,2.429075333837239,0.3263157894736842,2.977576215671454,0.4318181818181818
LSPIN,lspin_tf,mlp,0.00525,0.1,3,5,42,0.5576861031799637,2.2723607961703203,0.2989690721649484,2.8208616780045355,0.4
LSPIN,lspin_tf,mlp,0.00525,0.1,3,6,42,0.6026009617543318,2.2723607961703203,0.2989690721649484,2.8992189468379945,0.4157303370786517
LSPIN,lspin_tf,mlp,0.00525,0.1,3,7,42,0.6486386468205203,2.742504409171076,0.3846153846153846,2.8992189468379945,0.4157303370786517
LSPIN,lspin_tf,mlp,0.00525,0.1,4,5,42,0.6184429530291492,2.3507180650037798,0.3125,2.507432602670698,0.3404255319148936
LSPIN,lspin_tf,mlp,0.00525,0.1,4,6,42,0.6416876073177583,2.429075333837239,0.3263157894736842,2.8992189468379945,0.4157303370786517
LSPIN,lspin_tf,mlp,0.00525,0.1,4,7,42,0.671200173839545,2.507432602670698,0.3404255319148936,2.8992189468379945,0.4157303370786517
LSPIN,lspin_tf,mlp,0.00525,0.1,5,6,42,0.6031201752308732,2.037288989669942,0.26,2.8208616780045355,0.4
LSPIN,lspin_tf,mlp,0.00525,0.1,5,7,42,0.5759017631392184,1.880574452003024,0.2352941176470588,3.291005291005291,0.5
LSPIN,lspin_tf,mlp,0.00525,0.1,6,7,42,0.6793394181467154,2.429075333837239,0.3263157894736842,2.977576215671454,0.4318181818181818
LSPIN,lspin_tf,mlp,0.014,0.1,0,1,46,0.4969850093193638,2.3507180650037798,0.3125,2.2723607961703203,0.2989690721649484
LSPIN,lspin_tf,mlp,0.014,0.1,0,2,46,0.4608992384854359,2.2723607961703203,0.2989690721649484,1.958931720836483,0.2475247524752475
LSPIN,lspin_tf,mlp,0.014,0.1,0,3,46,0.5892943899411666,2.3507180650037798,0.3125,2.742504409171076,0.3846153846153846
LSPIN,lspin_tf,mlp,0.014,0.1,0,4,46,0.587514721225068,2.977576215671454,0.4318181818181818,2.2723607961703203,0.2989690721649484
LSPIN,lspin_tf,mlp,0.014,0.1,0,5,46,0.6149928849745491,2.507432602670698,0.3404255319148936,2.8208616780045355,0.4
LSPIN,lspin_tf,mlp,0.014,0.1,0,6,46,0.5247413619093717,2.3507180650037798,0.3125,2.742504409171076,0.3846153846153846
LSPIN,lspin_tf,mlp,0.014,0.1,0,7,46,0.6077438572006987,2.8992189468379945,0.4157303370786517,2.742504409171076,0.3846153846153846
LSPIN,lspin_tf,mlp,0.014,0.1,1,2,46,0.5081767635867954,2.2723607961703203,0.2989690721649484,2.429075333837239,0.3263157894736842
LSPIN,lspin_tf,mlp,0.014,0.1,1,3,46,0.4725508523448614,2.1156462585034013,0.2727272727272727,2.3507180650037798,0.3125
LSPIN,lspin_tf,mlp,0.014,0.1,1,4,46,0.5233871039849343,2.429075333837239,0.3263157894736842,2.5857898715041574,0.3548387096774194
LSPIN,lspin_tf,mlp,0.014,0.1,1,5,46,0.4298476818615057,1.6455026455026456,0.2,2.2723607961703203,0.2989690721649484
LSPIN,lspin_tf,mlp,0.014,0.1,1,6,46,0.5323439151799615,2.037288989669942,0.26,2.742504409171076,0.3846153846153846
LSPIN,lspin_tf,mlp,0.014,0.1,1,7,46,0.5788941569717253,2.5857898715041574,0.3548387096774194,2.2723607961703203,0.2989690721649484
LSPIN,lspin_tf,mlp,0.014,0.1,2,3,46,0.4810967450428192,2.037288989669942,0.26,2.1156462585034013,0.2727272727272727
LSPIN,lspin_tf,mlp,0.014,0.1,2,4,46,0.511052438966715,2.037288989669942,0.26,2.3507180650037798,0.3125
LSPIN,lspin_tf,mlp,0.014,0.1,2,5,46,0.5031412645309726,2.037288989669942,0.26,2.1156462585034013,0.2727272727272727
LSPIN,lspin_tf,mlp,0.014,0.1,2,6,46,0.4607110752205299,2.037288989669942,0.26,2.2723607961703203,0.2989690721649484
LSPIN,lspin_tf,mlp,0.014,0.1,2,7,46,0.555254899951718,2.1156462585034013,0.2727272727272727,2.2723607961703203,0.2989690721649484
LSPIN,lspin_tf,mlp,0.014,0.1,3,4,46,0.5534868083442177,2.037288989669942,0.26,2.507432602670698,0.3404255319148936
LSPIN,lspin_tf,mlp,0.014,0.1,3,5,46,0.603751946721546,2.6641471403376165,0.3695652173913043,2.6641471403376165,0.3695652173913043
LSPIN,lspin_tf,mlp,0.014,0.1,3,6,46,0.5423495440718263,2.3507180650037798,0.3125,2.507432602670698,0.3404255319148936
LSPIN,lspin_tf,mlp,0.014,0.1,3,7,46,0.5705415882921206,2.2723607961703203,0.2989690721649484,2.5857898715041574,0.3548387096774194
LSPIN,lspin_tf,mlp,0.014,0.1,4,5,46,0.5427497224749828,2.1156462585034013,0.2727272727272727,2.8208616780045355,0.4
LSPIN,lspin_tf,mlp,0.014,0.1,4,6,46,0.5697760489982221,2.6641471403376165,0.3695652173913043,2.5857898715041574,0.3548387096774194
LSPIN,lspin_tf,mlp,0.014,0.1,4,7,46,0.6251387949156813,2.977576215671454,0.4318181818181818,2.6641471403376165,0.3695652173913043
LSPIN,lspin_tf,mlp,0.014,0.1,5,6,46,0.4610456160715009,2.037288989669942,0.26,2.1940035273368608,0.2857142857142857
LSPIN,lspin_tf,mlp,0.014,0.1,5,7,46,0.5988350202654674,2.3507180650037798,0.3125,2.5857898715041574,0.3548387096774194
LSPIN,lspin_tf,mlp,0.014,0.1,6,7,46,0.5598898406571093,2.5857898715041574,0.3548387096774194,2.3507180650037798,0.3125
LSPIN,lspin_tf,mlp,0.00525,0.2,0,1,50,0.6673840153252562,2.507432602670698,0.3404255319148936,2.8992189468379945,0.4157303370786517
LSPIN,lspin_tf,mlp,0.00525,0.2,0,2,50,0.6185583231922234,2.1940035273368608,0.2857142857142857,3.055933484504913,0.4482758620689655
LSPIN,lspin_tf,mlp,0.00525,0.2,0,3,50,0.6656216707573879,2.429075333837239,0.3263157894736842,2.5857898715041574,0.3548387096774194
LSPIN,lspin_tf,mlp,0.00525,0.2,0,4,50,0.6936488723931229,2.5857898715041574,0.3548387096774194,2.8208616780045355,0.4
LSPIN,lspin_tf,mlp,0.00525,0.2,0,5,50,0.6488462267820213,2.507432602670698,0.3404255319148936,2.5857898715041574,0.3548387096774194
LSPIN,lspin_tf,mlp,0.00525,0.2,0,6,50,0.6850524138134368,2.429075333837239,0.3263157894736842,2.977576215671454,0.4318181818181818
LSPIN,lspin_tf,mlp,0.00525,0.2,0,7,50,0.6647394976460259,2.742504409171076,0.3846153846153846,2.8992189468379945,0.4157303370786517
LSPIN,lspin_tf,mlp,0.00525,0.2,1,2,50,0.6475416639068601,2.742504409171076,0.3846153846153846,2.977576215671454,0.4318181818181818
LSPIN,lspin_tf,mlp,0.00525,0.2,1,3,50,0.6731106661246646,2.2723607961703203,0.2989690721649484,2.6641471403376165,0.3695652173913043
LSPIN,lspin_tf,mlp,0.00525,0.2,1,4,50,0.6642271750222849,2.742504409171076,0.3846153846153846,3.1342907533383726,0.4651162790697674
LSPIN,lspin_tf,mlp,0.00525,0.2,1,5,50,0.6654006629556701,2.742504409171076,0.3846153846153846,3.055933484504913,0.4482758620689655
LSPIN,lspin_tf,mlp,0.00525,0.2,1,6,50,0.6960023083520607,2.742504409171076,0.3846153846153846,2.8992189468379945,0.4157303370786517
LSPIN,lspin_tf,mlp,0.00525,0.2,1,7,50,0.6351990579278979,2.507432602670698,0.3404255319148936,2.8208616780045355,0.4
LSPIN,lspin_tf,mlp,0.00525,0.2,2,3,50,0.6571327141010522,2.742504409171076,0.3846153846153846,2.6641471403376165,0.3695652173913043
LSPIN,lspin_tf,mlp,0.00525,0.2,2,4,50,0.6245895827623354,2.8208616780045355,0.4,2.8208616780045355,0.4
LSPIN,lspin_tf,mlp,0.00525,0.2,2,5,50,0.6597930082624897,2.6641471403376165,0.3695652173913043,3.1342907533383726,0.4651162790697674
LSPIN,lspin_tf,mlp,0.00525,0.2,2,6,50,0.6691038919684552,2.8992189468379945,0.4157303370786517,3.055933484504913,0.4482758620689655
LSPIN,lspin_tf,mlp,0.00525,0.2,2,7,50,0.6487088579530734,2.429075333837239,0.3263157894736842,2.977576215671454,0.4318181818181818
LSPIN,lspin_tf,mlp,0.00525,0.2,3,4,50,0.6266437037027738,2.5857898715041574,0.3548387096774194,2.1156462585034013,0.2727272727272727
LSPIN,lspin_tf,mlp,0.00525,0.2,3,5,50,0.6882702332937057,2.8992189468379945,0.4157303370786517,2.977576215671454,0.4318181818181818
LSPIN,lspin_tf,mlp,0.00525,0.2,3,6,50,0.7098920998310926,3.055933484504913,0.4482758620689655,2.742504409171076,0.3846153846153846
LSPIN,lspin_tf,mlp,0.00525,0.2,3,7,50,0.644371769172607,2.8208616780045355,0.4,2.429075333837239,0.3263157894736842
LSPIN,lspin_tf,mlp,0.00525,0.2,4,5,50,0.6252915148776037,2.5857898715041574,0.3548387096774194,2.5857898715041574,0.3548387096774194
LSPIN,lspin_tf,mlp,0.00525,0.2,4,6,50,0.7169888740952157,3.1342907533383726,0.4651162790697674,2.742504409171076,0.3846153846153846
LSPIN,lspin_tf,mlp,0.00525,0.2,4,7,50,0.6746947501336846,2.8992189468379945,0.4157303370786517,2.429075333837239,0.3263157894736842
LSPIN,lspin_tf,mlp,0.00525,0.2,5,6,50,0.6955144720163708,2.8208616780045355,0.4,2.8208616780045355,0.4
LSPIN,lspin_tf,mlp,0.00525,0.2,5,7,50,0.6305011067078405,2.977576215671454,0.4318181818181818,2.742504409171076,0.3846153846153846
LSPIN,lspin_tf,mlp,0.00525,0.2,6,7,50,0.6546640844891484,2.6641471403376165,0.3695652173913043,2.6641471403376165,0.3695652173913043
LSPIN,lspin_tf,mlp,0.014,0.2,0,1,54,0.4695378424082454,2.1156462585034013,0.2727272727272727,2.037288989669942,0.26
LSPIN,lspin_tf,mlp,0.014,0.2,0,2,54,0.4948113370924366,2.037288989669942,0.26,2.5857898715041574,0.3548387096774194
LSPIN,lspin_tf,mlp,0.014,0.2,0,3,54,0.4908642363699101,1.958931720836483,0.2475247524752475,2.8208616780045355,0.4
LSPIN,lspin_tf,mlp,0.014,0.2,0,4,54,0.5076492867321667,1.880574452003024,0.2352941176470588,2.5857898715041574,0.3548387096774194
LSPIN,lspin_tf,mlp,0.014,0.2,0,5,54,0.5208973694946094,1.6455026455026456,0.2,2.8992189468379945,0.4157303370786517
LSPIN,lspin_tf,mlp,0.014,0.2,0,6,54,0.3835856446482105,1.5671453766691863,0.1886792452830188,1.880574452003024,0.2352941176470588
LSPIN,lspin_tf,mlp,0.014,0.2,0,7,54,0.5087522599275507,1.802217183169564,0.2233009708737864,2.742504409171076,0.3846153846153846
LSPIN,lspin_tf,mlp,0.014,0.2,1,2,54,0.5469085494088386,2.2723607961703203,0.2989690721649484,2.742504409171076,0.3846153846153846
LSPIN,lspin_tf,mlp,0.014,0.2,1,3,54,0.4424141798716989,1.958931720836483,0.2475247524752475,1.6455026455026456,0.2
LSPIN,lspin_tf,mlp,0.014,0.2,1,4,54,0.5193219404633692,2.5857898715041574,0.3548387096774194,2.1156462585034013,0.2727272727272727
LSPIN,lspin_tf,mlp,0.014,0.2,1,5,54,0.5116744439927732,2.1940035273368608,0.2857142857142857,2.037288989669942,0.26
LSPIN,lspin_tf,mlp,0.014,0.2,1,6,54,0.4410103736494889,2.1156462585034013,0.2727272727272727,1.7238599143361049,0.2115384615384615
LSPIN,lspin_tf,mlp,0.014,0.2,1,7,54,0.5254406458825392,2.1156462585034013,0.2727272727272727,2.742504409171076,0.3846153846153846
LSPIN,lspin_tf,mlp,0.014,0.2,2,3,54,0.5361283803211998,2.037288989669942,0.26,2.5857898715041574,0.3548387096774194
LSPIN,lspin_tf,mlp,0.014,0.2,2,4,54,0.5213396805970262,1.802217183169564,0.2233009708737864,2.5857898715041574,0.3548387096774194
LSPIN,lspin_tf,mlp,0.014,0.2,2,5,54,0.5519662558638933,2.037288989669942,0.26,2.3507180650037798,0.3125
LSPIN,lspin_tf,mlp,0.014,0.2,2,6,54,0.4580569822327469,2.1156462585034013,0.2727272727272727,2.3507180650037798,0.3125
LSPIN,lspin_tf,mlp,0.014,0.2,2,7,54,0.666211056961835,2.1940035273368608,0.2857142857142857,3.1342907533383726,0.4651162790697674
LSPIN,lspin_tf,mlp,0.014,0.2,3,4,54,0.4778817445625232,1.5671453766691863,0.1886792452830188,2.507432602670698,0.3404255319148936
LSPIN,lspin_tf,mlp,0.014,0.2,3,5,54,0.5454939639943857,2.1156462585034013,0.2727272727272727,2.5857898715041574,0.3548387096774194
LSPIN,lspin_tf,mlp,0.014,0.2,3,6,54,0.5035328121961471,2.1156462585034013,0.2727272727272727,2.2723607961703203,0.2989690721649484
LSPIN,lspin_tf,mlp,0.014,0.2,3,7,54,0.5033661261986033,1.958931720836483,0.2475247524752475,2.5857898715041574,0.3548387096774194
LSPIN,lspin_tf,mlp,0.014,0.2,4,5,54,0.4996116022554776,1.5671453766691863,0.1886792452830188,2.742504409171076,0.3846153846153846
LSPIN,lspin_tf,mlp,0.014,0.2,4,6,54,0.5711539401142036,2.6641471403376165,0.3695652173913043,2.1156462585034013,0.2727272727272727
LSPIN,lspin_tf,mlp,0.014,0.2,4,7,54,0.5212193241886743,2.3507180650037798,0.3125,2.507432602670698,0.3404255319148936
LSPIN,lspin_tf,mlp,0.014,0.2,5,6,54,0.4791031358376946,1.5671453766691863,0.1886792452830188,2.1940035273368608,0.2857142857142857
LSPIN,lspin_tf,mlp,0.014,0.2,5,7,54,0.5713806295296608,2.2723607961703203,0.2989690721649484,2.8208616780045355,0.4
LSPIN,lspin_tf,mlp,0.014,0.2,6,7,54,0.5085590094877102,2.5857898715041574,0.3548387096774194,1.958931720836483,0.2475247524752475
LSPIN,lspin_tf,mlp,0.00525,0.4,0,1,58,0.6919132060658509,2.8992189468379945,0.4157303370786517,3.1342907533383726,0.4651162790697674
LSPIN,lspin_tf,mlp,0.00525,0.4,0,2,58,0.6945665747350275,2.742504409171076,0.3846153846153846,2.6641471403376165,0.3695652173913043
LSPIN,lspin_tf,mlp,0.00525,0.4,0,3,58,0.6602925108749684,3.055933484504913,0.4482758620689655,2.5857898715041574,0.3548387096774194
LSPIN,lspin_tf,mlp,0.00525,0.4,0,4,58,0.6481740764414368,2.742504409171076,0.3846153846153846,2.977576215671454,0.4318181818181818
LSPIN,lspin_tf,mlp,0.00525,0.4,0,5,58,0.6713107190096284,2.6641471403376165,0.3695652173913043,2.8992189468379945,0.4157303370786517
LSPIN,lspin_tf,mlp,0.00525,0.4,0,6,58,0.7075193789293484,2.8208616780045355,0.4,3.1342907533383726,0.4651162790697674
LSPIN,lspin_tf,mlp,0.00525,0.4,0,7,58,0.701694562264171,3.055933484504913,0.4482758620689655,2.977576215671454,0.4318181818181818
LSPIN,lspin_tf,mlp,0.00525,0.4,1,2,58,0.7314801356726673,2.507432602670698,0.3404255319148936,3.212648022171832,0.4823529411764706
LSPIN,lspin_tf,mlp,0.00525,0.4,1,3,58,0.7127402049131064,2.5857898715041574,0.3548387096774194,3.055933484504913,0.4482758620689655
LSPIN,lspin_tf,mlp,0.00525,0.4,1,4,58,0.7507392073960988,2.8992189468379945,0.4157303370786517,3.291005291005291,0.5
LSPIN,lspin_tf,mlp,0.00525,0.4,1,5,58,0.679760331214968,2.507432602670698,0.3404255319148936,3.291005291005291,0.5
LSPIN,lspin_tf,mlp,0.00525,0.4,1,6,58,0.7089324296790296,2.977576215671454,0.4318181818181818,3.212648022171832,0.4823529411764706
LSPIN,lspin_tf,mlp,0.00525,0.4,1,7,58,0.7602184389003953,2.977576215671454,0.4318181818181818,3.1342907533383726,0.4651162790697674
LSPIN,lspin_tf,mlp,0.00525,0.4,2,3,58,0.7099498486144011,2.507432602670698,0.3404255319148936,2.3507180650037798,0.3125
LSPIN,lspin_tf,mlp,0.00525,0.4,2,4,58,0.7035778951505278,2.5857898715041574,0.3548387096774194,2.8208616780045355,0.4
LSPIN,lspin_tf,mlp,0.00525,0.4,2,5,58,0.6751936743699134,2.429075333837239,0.3263157894736842,2.6641471403376165,0.3695652173913043
LSPIN,lspin_tf,mlp,0.00525,0.4,2,6,58,0.729252764780312,2.6641471403376165,0.3695652173913043,2.8992189468379945,0.4157303370786517
LSPIN,lspin_tf,mlp,0.00525,0.4,2,7,58,0.7555383308248022,2.8208616780045355,0.4,2.8992189468379945,0.4157303370786517
LSPIN,lspin_tf,mlp,0.00525,0.4,3,4,58,0.7605604041030706,3.055933484504913,0.4482758620689655,2.977576215671454,0.4318181818181818
LSPIN,lspin_tf,mlp,0.00525,0.4,3,5,58,0.683095051595317,2.6641471403376165,0.3695652173913043,2.6641471403376165,0.3695652173913043
LSPIN,lspin_tf,mlp,0.00525,0.4,3,6,58,0.7218371322118661,2.8208616780045355,0.4,2.742504409171076,0.3846153846153846
LSPIN,lspin_tf,mlp,0.00525,0.4,3,7,58,0.7130532819236434,2.8208616780045355,0.4,3.212648022171832,0.4823529411764706
LSPIN,lspin_tf,mlp,0.00525,0.4,4,5,58,0.7149341900948212,3.055933484504913,0.4482758620689655,2.977576215671454,0.4318181818181818
LSPIN,lspin_tf,mlp,0.00525,0.4,4,6,58,0.722917242804529,2.742504409171076,0.3846153846153846,3.055933484504913,0.4482758620689655
LSPIN,lspin_tf,mlp,0.00525,0.4,4,7,58,0.7495103034927036,3.4477198286722097,0.5365853658536586,3.1342907533383726,0.4651162790697674
LSPIN,lspin_tf,mlp,0.00525,0.4,5,6,58,0.6890718027236316,2.742504409171076,0.3846153846153846,2.742504409171076,0.3846153846153846
LSPIN,lspin_tf,mlp,0.00525,0.4,5,7,58,0.7524724721851186,3.212648022171832,0.4823529411764706,3.055933484504913,0.4482758620689655
LSPIN,lspin_tf,mlp,0.00525,0.4,6,7,58,0.7337726385938972,2.8992189468379945,0.4157303370786517,3.212648022171832,0.4823529411764706
LSPIN,lspin_tf,mlp,0.014,0.4,0,1,62,0.4754605485640956,2.2723607961703203,0.2989690721649484,2.1156462585034013,0.2727272727272727
LSPIN,lspin_tf,mlp,0.014,0.4,0,2,62,0.5208591081324606,2.6641471403376165,0.3695652173913043,2.1940035273368608,0.2857142857142857
LSPIN,lspin_tf,mlp,0.014,0.4,0,3,62,0.5583735104782978,2.3507180650037798,0.3125,2.1156462585034013,0.2727272727272727
LSPIN,lspin_tf,mlp,0.014,0.4,0,4,62,0.5484592312301084,2.507432602670698,0.3404255319148936,2.1940035273368608,0.2857142857142857
LSPIN,lspin_tf,mlp,0.014,0.4,0,5,62,0.5210263490255663,2.2723607961703203,0.2989690721649484,1.958931720836483,0.2475247524752475
LSPIN,lspin_tf,mlp,0.014,0.4,0,6,62,0.5161138193777466,2.429075333837239,0.3263157894736842,2.2723607961703203,0.2989690721649484
LSPIN,lspin_tf,mlp,0.014,0.4,0,7,62,0.554984614130639,2.742504409171076,0.3846153846153846,2.037288989669942,0.26
LSPIN,lspin_tf,mlp,0.014,0.4,1,2,62,0.5613167821138599,2.2723607961703203,0.2989690721649484,2.507432602670698,0.3404255319148936
LSPIN,lspin_tf,mlp,0.014,0.4,1,3,62,0.5541594816510964,2.2723607961703203,0.2989690721649484,2.429075333837239,0.3263157894736842
LSPIN,lspin_tf,mlp,0.014,0.4,1,4,62,0.4976267038859616,2.3507180650037798,0.3125,2.037288989669942,0.26
LSPIN,lspin_tf,mlp,0.014,0.4,1,5,62,0.5212197827002519,2.1156462585034013,0.2727272727272727,2.2723607961703203,0.2989690721649484
LSPIN,lspin_tf,mlp,0.014,0.4,1,6,62,0.4865069989886711,1.880574452003024,0.2352941176470588,2.507432602670698,0.3404255319148936
LSPIN,lspin_tf,mlp,0.014,0.4,1,7,62,0.5708196470685254,2.1156462585034013,0.2727272727272727,2.6641471403376165,0.3695652173913043
LSPIN,lspin_tf,mlp,0.014,0.4,2,3,62,0.5505717544546834,2.3507180650037798,0.3125,2.5857898715041574,0.3548387096774194
LSPIN,lspin_tf,mlp,0.014,0.4,2,4,62,0.5344410137307873,2.5857898715041574,0.3548387096774194,2.3507180650037798,0.3125
LSPIN,lspin_tf,mlp,0.014,0.4,2,5,62,0.4538223950002911,2.3507180650037798,0.3125,2.429075333837239,0.3263157894736842
LSPIN,lspin_tf,mlp,0.014,0.4,2,6,62,0.5321337283177575,2.429075333837239,0.3263157894736842,2.5857898715041574,0.3548387096774194
LSPIN,lspin_tf,mlp,0.014,0.4,2,7,62,0.4874223163019351,2.1940035273368608,0.2857142857142857,2.429075333837239,0.3263157894736842
LSPIN,lspin_tf,mlp,0.014,0.4,3,4,62,0.5662351340387268,2.5857898715041574,0.3548387096774194,2.5857898715041574,0.3548387096774194
LSPIN,lspin_tf,mlp,0.014,0.4,3,5,62,0.522613885179272,1.880574452003024,0.2352941176470588,2.507432602670698,0.3404255319148936
LSPIN,lspin_tf,mlp,0.014,0.4,3,6,62,0.567340068462571,2.429075333837239,0.3263157894736842,2.2723607961703203,0.2989690721649484
LSPIN,lspin_tf,mlp,0.014,0.4,3,7,62,0.5605490192351767,2.1156462585034013,0.2727272727272727,2.507432602670698,0.3404255319148936
LSPIN,lspin_tf,mlp,0.014,0.4,4,5,62,0.5323785514586636,2.507432602670698,0.3404255319148936,2.2723607961703203,0.2989690721649484
LSPIN,lspin_tf,mlp,0.014,0.4,4,6,62,0.5068001285916895,2.1940035273368608,0.2857142857142857,2.1940035273368608,0.2857142857142857
LSPIN,lspin_tf,mlp,0.014,0.4,4,7,62,0.4841370824005023,2.1940035273368608,0.2857142857142857,1.880574452003024,0.2352941176470588
LSPIN,lspin_tf,mlp,0.014,0.4,5,6,62,0.44231037938831,1.802217183169564,0.2233009708737864,2.1940035273368608,0.2857142857142857
LSPIN,lspin_tf,mlp,0.014,0.4,5,7,62,0.4968655586395596,2.3507180650037798,0.3125,2.1940035273368608,0.2857142857142857
LSPIN,lspin_tf,mlp,0.014,0.4,6,7,62,0.5972087851475648,2.429075333837239,0.3263157894736842,2.8208616780045355,0.4
Concrete,concrete,mlp,0.00165,0.0,0,1,66,0.733298487201679,2.742504409171076,0.3846153846153846,2.5857898715041574,0.3548387096774194
Concrete,concrete,mlp,0.00165,0.0,0,2,66,0.7731363140401419,3.055933484504913,0.4482758620689655,3.1342907533383726,0.4651162790697674
Concrete,concrete,mlp,0.00165,0.0,0,3,66,0.7814906370000217,2.977576215671454,0.4318181818181818,3.055933484504913,0.4482758620689655
Concrete,concrete,mlp,0.00165,0.0,0,4,66,0.7818317459221702,2.8992189468379945,0.4157303370786517,3.055933484504913,0.4482758620689655
Concrete,concrete,mlp,0.00165,0.0,0,5,66,0.7556864591451345,2.977576215671454,0.4318181818181818,2.8208616780045355,0.4
Concrete,concrete,mlp,0.00165,0.0,0,6,66,0.6828453138725862,2.742504409171076,0.3846153846153846,2.742504409171076,0.3846153846153846
Concrete,concrete,mlp,0.00165,0.0,0,7,66,0.8081442120232202,3.291005291005291,0.5,2.8208616780045355,0.4
Concrete,concrete,mlp,0.00165,0.0,1,2,66,0.7586470839694603,2.6641471403376165,0.3695652173913043,2.742504409171076,0.3846153846153846
Concrete,concrete,mlp,0.00165,0.0,1,3,66,0.7881801829923252,3.1342907533383726,0.4651162790697674,2.8992189468379945,0.4157303370786517
Concrete,concrete,mlp,0.00165,0.0,1,4,66,0.7292377244141084,2.429075333837239,0.3263157894736842,3.055933484504913,0.4482758620689655
Concrete,concrete,mlp,0.00165,0.0,1,5,66,0.798314619556704,3.055933484504913,0.4482758620689655,3.526077097505669,0.5555555555555556
Concrete,concrete,mlp,0.00165,0.0,1,6,66,0.8032685595518161,2.8208616780045355,0.4,3.291005291005291,0.5
Concrete,concrete,mlp,0.00165,0.0,1,7,66,0.7275666501300655,2.8208616780045355,0.4,3.1342907533383726,0.4651162790697674
Concrete,concrete,mlp,0.00165,0.0,2,3,66,0.7733873472191778,3.212648022171832,0.4823529411764706,3.1342907533383726,0.4651162790697674
Concrete,concrete,mlp,0.00165,0.0,2,4,66,0.7248349193729192,2.742504409171076,0.3846153846153846,2.8208616780045355,0.4
Concrete,concrete,mlp,0.00165,0.0,2,5,66,0.7538058819523675,2.8208616780045355,0.4,2.977576215671454,0.4318181818181818
Concrete,concrete,mlp,0.00165,0.0,2,6,66,0.7241632365249049,2.8992189468379945,0.4157303370786517,2.977576215671454,0.4318181818181818
Concrete,concrete,mlp,0.00165,0.0,2,7,66,0.7308096155817614,3.1342907533383726,0.4651162790697674,2.977576215671454,0.4318181818181818
Concrete,concrete,mlp,0.00165,0.0,3,4,66,0.7822981369761131,3.1342907533383726,0.4651162790697674,3.1342907533383726,0.4651162790697674
Concrete,concrete,mlp,0.00165,0.0,3,5,66,0.7976633474049456,2.977576215671454,0.4318181818181818,3.212648022171832,0.4823529411764706
Concrete,concrete,mlp,0.00165,0.0,3,6,66,0.7465743467361374,2.8208616780045355,0.4,2.977576215671454,0.4318181818181818
Concrete,concrete,mlp,0.00165,0.0,3,7,66,0.7371122928366902,3.526077097505669,0.5555555555555556,3.055933484504913,0.4482758620689655
Concrete,concrete,mlp,0.00165,0.0,4,5,66,0.7650667794019209,2.8208616780045355,0.4,3.291005291005291,0.5
Concrete,concrete,mlp,0.00165,0.0,4,6,66,0.7654237629170708,2.977576215671454,0.4318181818181818,2.742504409171076,0.3846153846153846
Concrete,concrete,mlp,0.00165,0.0,4,7,66,0.771926306870229,2.8992189468379945,0.4157303370786517,3.4477198286722097,0.5365853658536586
Concrete,concrete,mlp,0.00165,0.0,5,6,66,0.752311913707348,2.8992189468379945,0.4157303370786517,2.8992189468379945,0.4157303370786517
Concrete,concrete,mlp,0.00165,0.0,5,7,66,0.7418351754698026,2.8992189468379945,0.4157303370786517,3.1342907533383726,0.4651162790697674
Concrete,concrete,mlp,0.00165,0.0,6,7,66,0.7267643845760743,3.212648022171832,0.4823529411764706,2.977576215671454,0.4318181818181818
Concrete,concrete,mlp,0.0044,0.0,0,1,70,0.6637099862762174,2.977576215671454,0.4318181818181818,2.3507180650037798,0.3125
Concrete,concrete,mlp,0.0044,0.0,0,2,70,0.6503946610352073,2.6641471403376165,0.3695652173913043,2.507432602670698,0.3404255319148936
Concrete,concrete,mlp,0.0044,0.0,0,3,70,0.5551796208283681,2.3507180650037798,0.3125,2.507432602670698,0.3404255319148936
Concrete,concrete,mlp,0.0044,0.0,0,4,70,0.6457159587024931,2.6641471403376165,0.3695652173913043,2.5857898715041574,0.3548387096774194
Concrete,concrete,mlp,0.0044,0.0,0,5,70,0.6332634819133935,2.742504409171076,0.3846153846153846,2.6641471403376165,0.3695652173913043
Concrete,concrete,mlp,0.0044,0.0,0,6,70,0.60916489792005,2.5857898715041574,0.3548387096774194,2.8992189468379945,0.4157303370786517
Concrete,concrete,mlp,0.0044,0.0,0,7,70,0.6335598746175689,2.742504409171076,0.3846153846153846,2.3507180650037798,0.3125
Concrete,concrete,mlp,0.0044,0.0,1,2,70,0.6246790623520582,2.742504409171076,0.3846153846153846,2.037288989669942,0.26
Concrete,concrete,mlp,0.0044,0.0,1,3,70,0.6198025564428311,2.507432602670698,0.3404255319148936,2.1156462585034013,0.2727272727272727
Concrete,concrete,mlp,0.0044,0.0,1,4,70,0.6745606744223374,2.8208616780045355,0.4,2.507432602670698,0.3404255319148936
Concrete,concrete,mlp,0.0044,0.0,1,5,70,0.675000787442806,3.055933484504913,0.4482758620689655,2.742504409171076,0.3846153846153846
Concrete,concrete,mlp,0.0044,0.0,1,6,70,0.6175597609727058,2.5857898715041574,0.3548387096774194,2.3507180650037798,0.3125
Concrete,concrete,mlp,0.0044,0.0,1,7,70,0.6659341360083059,2.6641471403376165,0.3695652173913043,2.507432602670698,0.3404255319148936
Concrete,concrete,mlp,0.0044,0.0,2,3,70,0.5920273060506483,2.742504409171076,0.3846153846153846,1.7238599143361049,0.2115384615384615
Concrete,concrete,mlp,0.0044,0.0,2,4,70,0.6542410808576111,2.8208616780045355,0.4,2.5857898715041574,0.3548387096774194
Concrete,concrete,mlp,0.0044,0.0,2,5,70,0.5501842181674126,2.2723607961703203,0.2989690721649484,2.3507180650037798,0.3125
Concrete,concrete,mlp,0.0044,0.0,2,6,70,0.564959983680327,2.429075333837239,0.3263157894736842,2.1156462585034013,0.2727272727272727
Concrete,concrete,mlp,0.0044,0.0,2,7,70,0.6533268157650277,2.6641471403376165,0.3695652173913043,2.742504409171076,0.3846153846153846
Concrete,concrete,mlp,0.0044,0.0,3,4,70,0.5538801129092759,2.1940035273368608,0.2857142857142857,2.3507180650037798,0.3125
Concrete,concrete,mlp,0.0044,0.0,3,5,70,0.5570496942870393,1.880574452003024,0.2352941176470588,2.507432602670698,0.3404255319148936
Concrete,concrete,mlp,0.0044,0.0,3,6,70,0.4573732722164421,2.1156462585034013,0.2727272727272727,2.2723607961703203,0.2989690721649484
Concrete,concrete,mlp,0.0044,0.0,3,7,70,0.56400462733768,2.6641471403376165,0.3695652173913043,2.429075333837239,0.3263157894736842
Concrete,concrete,mlp,0.0044,0.0,4,5,70,0.6761824579082466,3.055933484504913,0.4482758620689655,2.507432602670698,0.3404255319148936
Concrete,concrete,mlp,0.0044,0.0,4,6,70,0.6518411210659596,2.6641471403376165,0.3695652173913043,2.8208616780045355,0.4
Concrete,concrete,mlp,0.0044,0.0,4,7,70,0.6793615132616931,2.742504409171076,0.3846153846153846,3.1342907533383726,0.4651162790697674
Concrete,concrete,mlp,0.0044,0.0,5,6,70,0.6437088839697673,2.429075333837239,0.3263157894736842,2.742504409171076,0.3846153846153846
Concrete,concrete,mlp,0.0044,0.0,5,7,70,0.629972594450653,2.3507180650037798,0.3125,2.8992189468379945,0.4157303370786517
Concrete,concrete,mlp,0.0044,0.0,6,7,70,0.6813909676452335,2.507432602670698,0.3404255319148936,2.5857898715041574,0.3548387096774194
Concrete,concrete,mlp,0.00165,0.1,0,1,74,0.7443957893728972,2.8992189468379945,0.4157303370786517,2.8992189468379945,0.4157303370786517
Concrete,concrete,mlp,0.00165,0.1,0,2,74,0.805309323488087,3.212648022171832,0.4823529411764706,2.6641471403376165,0.3695652173913043
Concrete,concrete,mlp,0.00165,0.1,0,3,74,0.7722020320888636,3.1342907533383726,0.4651162790697674,2.977576215671454,0.4318181818181818
Concrete,concrete,mlp,0.00165,0.1,0,4,74,0.7217994370039569,2.8208616780045355,0.4,2.8992189468379945,0.4157303370786517
Concrete,concrete,mlp,0.00165,0.1,0,5,74,0.7453040037803043,2.8208616780045355,0.4,2.977576215671454,0.4318181818181818
Concrete,concrete,mlp,0.00165,0.1,0,6,74,0.775496029350773,2.6641471403376165,0.3695652173913043,2.977576215671454,0.4318181818181818
Concrete,concrete,mlp,0.00165,0.1,0,7,74,0.6971551455748252,2.742504409171076,0.3846153846153846,2.429075333837239,0.3263157894736842
Concrete,concrete,mlp,0.00165,0.1,1,2,74,0.7268966475674714,3.526077097505669,0.5555555555555556,3.1342907533383726,0.4651162790697674
Concrete,concrete,mlp,0.00165,0.1,1,3,74,0.7606849484774285,3.291005291005291,0.5,3.4477198286722097,0.5365853658536586
Concrete,concrete,mlp,0.00165,0.1,1,4,74,0.6644801686692866,2.6641471403376165,0.3695652173913043,2.8992189468379945,0.4157303370786517
Concrete,concrete,mlp,0.00165,0.1,1,5,74,0.7041774178599127,3.055933484504913,0.4482758620689655,2.742504409171076,0.3846153846153846
Concrete,concrete,mlp,0.00165,0.1,1,6,74,0.7245910156575522,3.055933484504913,0.4482758620689655,2.977576215671454,0.4318181818181818
Concrete,concrete,mlp,0.00165,0.1,1,7,74,0.7020443326238227,2.977576215671454,0.4318181818181818,2.8208616780045355,0.4
Concrete,concrete,mlp,0.00165,0.1,2,3,74,0.7191463134924404,3.055933484504913,0.4482758620689655,3.291005291005291,0.5
Concrete,concrete,mlp,0.00165,0.1,2,4,74,0.7265878519738889,2.742504409171076,0.3846153846153846,3.1342907533383726,0.4651162790697674
Concrete,concrete,mlp,0.00165,0.1,2,5,74,0.6591701917802256,2.8208616780045355,0.4,2.507432602670698,0.3404255319148936
Concrete,concrete,mlp,0.00165,0.1,2,6,74,0.7056252894193463,2.8208616780045355,0.4,2.2723607961703203,0.2989690721649484
Concrete,concrete,mlp,0.00165,0.1,2,7,74,0.6837153599014866,2.8992189468379945,0.4157303370786517,2.5857898715041574,0.3548387096774194
Concrete,concrete,mlp,0.00165,0.1,3,4,74,0.7001050902060075,2.977576215671454,0.4318181818181818,3.055933484504913,0.4482758620689655
Concrete,concrete,mlp,0.00165,0.1,3,5,74,0.742344528788593,2.8992189468379945,0.4157303370786517,2.977576215671454,0.4318181818181818
Concrete,concrete,mlp,0.00165,0.1,3,6,74,0.7207898002084648,2.6641471403376165,0.3695652173913043,2.977576215671454,0.4318181818181818
Concrete,concrete,mlp,0.00165,0.1,3,7,74,0.7374598355604107,2.6641471403376165,0.3695652173913043,3.055933484504913,0.4482758620689655
Concrete,concrete,mlp,0.00165,0.1,4,5,74,0.6834520686461926,2.2723607961703203,0.2989690721649484,2.5857898715041574,0.3548387096774194
Concrete,concrete,mlp,0.00165,0.1,4,6,74,0.5834676893988385,2.3507180650037798,0.3125,2.5857898715041574,0.3548387096774194
Concrete,concrete,mlp,0.00165,0.1,4,7,74,0.6816408186638436,2.742504409171076,0.3846153846153846,2.5857898715041574,0.3548387096774194
Concrete,concrete,mlp,0.00165,0.1,5,6,74,0.6879902511421964,2.507432602670698,0.3404255319148936,2.977576215671454,0.4318181818181818
Concrete,concrete,mlp,0.00165,0.1,5,7,74,0.6678247999204394,2.742504409171076,0.3846153846153846,2.8208616780045355,0.4
Concrete,concrete,mlp,0.00165,0.1,6,7,74,0.6598725795098733,2.429075333837239,0.3263157894736842,2.6641471403376165,0.3695652173913043
Concrete,concrete,mlp,0.0044,0.1,0,1,78,0.6360246844318904,3.1342907533383726,0.4651162790697674,2.5857898715041574,0.3548387096774194
Concrete,concrete,mlp,0.0044,0.1,0,2,78,0.6206031253722005,2.5857898715041574,0.3548387096774194,2.1156462585034013,0.2727272727272727
Concrete,concrete,mlp,0.0044,0.1,0,3,78,0.4617379778428928,2.742504409171076,0.3846153846153846,1.880574452003024,0.2352941176470588
Concrete,concrete,mlp,0.0044,0.1,0,4,78,0.6142689561513933,2.5857898715041574,0.3548387096774194,2.742504409171076,0.3846153846153846
Concrete,concrete,mlp,0.0044,0.1,0,5,78,0.6357459800233016,2.742504409171076,0.3846153846153846,2.5857898715041574,0.3548387096774194
Concrete,concrete,mlp,0.0044,0.1,0,6,78,0.6025363304923753,2.429075333837239,0.3263157894736842,2.3507180650037798,0.3125
Concrete,concrete,mlp,0.0044,0.1,0,7,78,0.6093538745829692,2.8992189468379945,0.4157303370786517,2.3507180650037798,0.3125
Concrete,concrete,mlp,0.0044,0.1,1,2,78,0.5904934525192513,2.742504409171076,0.3846153846153846,2.1940035273368608,0.2857142857142857
Concrete,concrete,mlp,0.0044,0.1,1,3,78,0.6334159034422067,2.8992189468379945,0.4157303370786517,2.2723607961703203,0.2989690721649484
Concrete,concrete,mlp,0.0044,0.1,1,4,78,0.6841200083069353,2.742504409171076,0.3846153846153846,3.055933484504913,0.4482758620689655
Concrete,concrete,mlp,0.0044,0.1,1,5,78,0.7045200648316118,2.977576215671454,0.4318181818181818,2.8992189468379945,0.4157303370786517
Concrete,concrete,mlp,0.0044,0.1,1,6,78,0.6726109552475402,2.507432602670698,0.3404255319148936,2.8992189468379945,0.4157303370786517
Concrete,concrete,mlp,0.0044,0.1,1,7,78,0.6421215581655586,2.977576215671454,0.4318181818181818,2.5857898715041574,0.3548387096774194
Concrete,concrete,mlp,0.0044,0.1,2,3,78,0.5167848513237315,2.742504409171076,0.3846153846153846,1.958931720836483,0.2475247524752475
Concrete,concrete,mlp,0.0044,0.1,2,4,78,0.6405490439403202,2.507432602670698,0.3404255319148936,2.5857898715041574,0.3548387096774194
Concrete,concrete,mlp,0.0044,0.1,2,5,78,0.6362701787578295,2.977576215671454,0.4318181818181818,2.1940035273368608,0.2857142857142857
Concrete,concrete,mlp,0.0044,0.1,2,6,78,0.5692246623601376,2.1156462585034013,0.2727272727272727,2.1156462585034013,0.2727272727272727
Concrete,concrete,mlp,0.0044,0.1,2,7,78,0.6026776122950104,2.742504409171076,0.3846153846153846,2.429075333837239,0.3263157894736842
Concrete,concrete,mlp,0.0044,0.1,3,4,78,0.6272111994136443,2.429075333837239,0.3263157894736842,2.6641471403376165,0.3695652173913043
Concrete,concrete,mlp,0.0044,0.1,3,5,78,0.5935604376748506,2.8992189468379945,0.4157303370786517,2.507432602670698,0.3404255319148936
Concrete,concrete,mlp,0.0044,0.1,3,6,78,0.5563488492325788,2.3507180650037798,0.3125,1.958931720836483,0.2475247524752475
Concrete,concrete,mlp,0.0044,0.1,3,7,78,0.5705097393940317,2.8208616780045355,0.4,2.037288989669942,0.26
Concrete,concrete,mlp,0.0044,0.1,4,5,78,0.736860642049408,2.5857898715041574,0.3548387096774194,2.8208616780045355,0.4
Concrete,concrete,mlp,0.0044,0.1,4,6,78,0.692185136578841,2.5857898715041574,0.3548387096774194,2.977576215671454,0.4318181818181818
Concrete,concrete,mlp,0.0044,0.1,4,7,78,0.6363971686409361,2.507432602670698,0.3404255319148936,2.6641471403376165,0.3695652173913043
Concrete,concrete,mlp,0.0044,0.1,5,6,78,0.6460307407563192,2.8992189468379945,0.4157303370786517,2.429075333837239,0.3263157894736842
Concrete,concrete,mlp,0.0044,0.1,5,7,78,0.6435372522664473,2.8208616780045355,0.4,2.507432602670698,0.3404255319148936
Concrete,concrete,mlp,0.0044,0.1,6,7,78,0.5918661885782011,2.3507180650037798,0.3125,2.8208616780045355,0.4
Concrete,concrete,mlp,0.00165,0.2,0,1,82,0.7623640175328839,3.291005291005291,0.5,2.8992189468379945,0.4157303370786517
Concrete,concrete,mlp,0.00165,0.2,0,2,82,0.7164616717755554,2.8208616780045355,0.4,3.212648022171832,0.4823529411764706
Concrete,concrete,mlp,0.00165,0.2,0,3,82,0.8004384130269635,3.291005291005291,0.5,3.212648022171832,0.4823529411764706
Concrete,concrete,mlp,0.00165,0.2,0,4,82,0.7581563245659809,2.5857898715041574,0.3548387096774194,2.977576215671454,0.4318181818181818
Concrete,concrete,mlp,0.00165,0.2,0,5,82,0.7678375766753832,2.977576215671454,0.4318181818181818,3.4477198286722097,0.5365853658536586
Concrete,concrete,mlp,0.00165,0.2,0,6,82,0.7873625398454959,2.977576215671454,0.4318181818181818,2.8208616780045355,0.4
Concrete,concrete,mlp,0.00165,0.2,0,7,82,0.7627680085179328,3.291005291005291,0.5,2.8992189468379945,0.4157303370786517
Concrete,concrete,mlp,0.00165,0.2,1,2,82,0.7415781809743303,3.212648022171832,0.4823529411764706,3.212648022171832,0.4823529411764706
Concrete,concrete,mlp,0.00165,0.2,1,3,82,0.7805380543672527,3.1342907533383726,0.4651162790697674,3.055933484504913,0.4482758620689655
Concrete,concrete,mlp,0.00165,0.2,1,4,82,0.7425783195405383,3.1342907533383726,0.4651162790697674,3.212648022171832,0.4823529411764706
Concrete,concrete,mlp,0.00165,0.2,1,5,82,0.726508548073397,3.055933484504913,0.4482758620689655,3.055933484504913,0.4482758620689655
Concrete,concrete,mlp,0.00165,0.2,1,6,82,0.8218935138330085,3.3693625598387507,0.5180722891566265,3.291005291005291,0.5
Concrete,concrete,mlp,0.00165,0.2,1,7,82,0.6438299375329272,2.742504409171076,0.3846153846153846,2.6641471403376165,0.3695652173913043
Concrete,concrete,mlp,0.00165,0.2,2,3,82,0.7376280466358853,3.212648022171832,0.4823529411764706,3.055933484504913,0.4482758620689655
Concrete,concrete,mlp,0.00165,0.2,2,4,82,0.7185793377831974,2.8992189468379945,0.4157303370786517,2.977576215671454,0.4318181818181818
Concrete,concrete,mlp,0.00165,0.2,2,5,82,0.7679559773969616,2.8208616780045355,0.4,3.212648022171832,0.4823529411764706
Concrete,concrete,mlp,0.00165,0.2,2,6,82,0.7014164594009783,3.055933484504913,0.4482758620689655,3.212648022171832,0.4823529411764706
Concrete,concrete,mlp,0.00165,0.2,2,7,82,0.673098836689041,2.742504409171076,0.3846153846153846,2.8992189468379945,0.4157303370786517
Concrete,concrete,mlp,0.00165,0.2,3,4,82,0.7781151966020379,3.055933484504913,0.4482758620689655,3.291005291005291,0.5
Concrete,concrete,mlp,0.00165,0.2,3,5,82,0.7474691348028221,2.977576215671454,0.4318181818181818,3.1342907533383726,0.4651162790697674
Concrete,concrete,mlp,0.00165,0.2,3,6,82,0.745451376663364,3.212648022171832,0.4823529411764706,2.8208616780045355,0.4
Concrete,concrete,mlp,0.00165,0.2,3,7,82,0.6742446692749312,2.8992189468379945,0.4157303370786517,2.977576215671454,0.4318181818181818
Concrete,concrete,mlp,0.00165,0.2,4,5,82,0.7412908928594462,2.8208616780045355,0.4,3.1342907533383726,0.4651162790697674
Concrete,concrete,mlp,0.00165,0.2,4,6,82,0.7306403153532732,3.1342907533383726,0.4651162790697674,3.291005291005291,0.5
Concrete,concrete,mlp,0.00165,0.2,4,7,82,0.6554864767046373,2.8208616780045355,0.4,2.742504409171076,0.3846153846153846
Concrete,concrete,mlp,0.00165,0.2,5,6,82,0.7667012609486438,3.1342907533383726,0.4651162790697674,3.291005291005291,0.5
Concrete,concrete,mlp,0.00165,0.2,5,7,82,0.7667582709114267,3.291005291005291,0.5,3.212648022171832,0.4823529411764706
Concrete,concrete,mlp,0.00165,0.2,6,7,82,0.6551710933750671,2.8208616780045355,0.4,2.977576215671454,0.4318181818181818
Concrete,concrete,mlp,0.0044,0.2,0,1,86,0.4373782235101024,1.488788107835727,0.1775700934579439,2.1940035273368608,0.2857142857142857
Concrete,concrete,mlp,0.0044,0.2,0,2,86,0.5992448770873324,2.507432602670698,0.3404255319148936,2.507432602670698,0.3404255319148936
Concrete,concrete,mlp,0.0044,0.2,0,3,86,0.5461812194042387,2.5857898715041574,0.3548387096774194,1.802217183169564,0.2233009708737864
Concrete,concrete,mlp,0.0044,0.2,0,4,86,0.4929967171757615,2.2723607961703203,0.2989690721649484,2.3507180650037798,0.3125
Concrete,concrete,mlp,0.0044,0.2,0,5,86,0.6152491124045723,2.742504409171076,0.3846153846153846,2.3507180650037798,0.3125
Concrete,concrete,mlp,0.0044,0.2,0,6,86,0.5863740777571195,2.742504409171076,0.3846153846153846,2.507432602670698,0.3404255319148936
Concrete,concrete,mlp,0.0044,0.2,0,7,86,0.6351647771815555,2.8208616780045355,0.4,2.742504409171076,0.3846153846153846
Concrete,concrete,mlp,0.0044,0.2,1,2,86,0.5887116742578495,2.5857898715041574,0.3548387096774194,2.6641471403376165,0.3695652173913043
Concrete,concrete,mlp,0.0044,0.2,1,3,86,0.4953870623368958,2.3507180650037798,0.3125,2.507432602670698,0.3404255319148936
Concrete,concrete,mlp,0.0044,0.2,1,4,86,0.5065454778509031,2.037288989669942,0.26,2.3507180650037798,0.3125
Concrete,concrete,mlp,0.0044,0.2,1,5,86,0.583262893901481,2.1940035273368608,0.2857142857142857,2.3507180650037798,0.3125
Concrete,concrete,mlp,0.0044,0.2,1,6,86,0.5229724923991146,1.958931720836483,0.2475247524752475,2.507432602670698,0.3404255319148936
Concrete,concrete,mlp,0.0044,0.2,1,7,86,0.5130180289510027,2.037288989669942,0.26,2.5857898715041574,0.3548387096774194
Concrete,concrete,mlp,0.0044,0.2,2,3,86,0.5512466467999648,2.6641471403376165,0.3695652173913043,2.3507180650037798,0.3125
Concrete,concrete,mlp,0.0044,0.2,2,4,86,0.6085316748967253,2.429075333837239,0.3263157894736842,2.6641471403376165,0.3695652173913043
Concrete,concrete,mlp,0.0044,0.2,2,5,86,0.6569864463999591,2.3507180650037798,0.3125,2.8992189468379945,0.4157303370786517
Concrete,concrete,mlp,0.0044,0.2,2,6,86,0.5656881216692939,2.5857898715041574,0.3548387096774194,2.5857898715041574,0.3548387096774194
Concrete,concrete,mlp,0.0044,0.2,2,7,86,0.7643302790767852,2.977576215671454,0.4318181818181818,2.507432602670698,0.3404255319148936
Concrete,concrete,mlp,0.0044,0.2,3,4,86,0.5564524949208862,3.055933484504913,0.4482758620689655,2.429075333837239,0.3263157894736842
Concrete,concrete,mlp,0.0044,0.2,3,5,86,0.600820296103655,2.742504409171076,0.3846153846153846,1.880574452003024,0.2352941176470588
Concrete,concrete,mlp,0.0044,0.2,3,6,86,0.5976667730777748,2.6641471403376165,0.3695652173913043,2.2723607961703203,0.2989690721649484
Concrete,concrete,mlp,0.0044,0.2,3,7,86,0.5856656312180133,2.8208616780045355,0.4,2.429075333837239,0.3263157894736842
Concrete,concrete,mlp,0.0044,0.2,4,5,86,0.6153294080994118,2.1156462585034013,0.2727272727272727,2.6641471403376165,0.3695652173913043
Concrete,concrete,mlp,0.0044,0.2,4,6,86,0.6064299737792823,2.507432602670698,0.3404255319148936,2.8208616780045355,0.4
Concrete,concrete,mlp,0.0044,0.2,4,7,86,0.5422946009758496,2.2723607961703203,0.2989690721649484,2.8208616780045355,0.4
Concrete,concrete,mlp,0.0044,0.2,5,6,86,0.5857366502811513,2.2723607961703203,0.2989690721649484,2.8992189468379945,0.4157303370786517
Concrete,concrete,mlp,0.0044,0.2,5,7,86,0.6388645297273922,2.8208616780045355,0.4,2.8208616780045355,0.4
Concrete,concrete,mlp,0.0044,0.2,6,7,86,0.6009004604359713,2.2723607961703203,0.2989690721649484,2.977576215671454,0.4318181818181818
Concrete,concrete,mlp,0.00165,0.4,0,1,90,0.7500719094732229,3.291005291005291,0.5,3.055933484504913,0.4482758620689655
Concrete,concrete,mlp,0.00165,0.4,0,2,90,0.6903912961401395,3.1342907533383726,0.4651162790697674,3.212648022171832,0.4823529411764706
Concrete,concrete,mlp,0.00165,0.4,0,3,90,0.7239550730103395,2.8992189468379945,0.4157303370786517,3.1342907533383726,0.4651162790697674
Concrete,concrete,mlp,0.00165,0.4,0,4,90,0.7956572353819458,3.4477198286722097,0.5365853658536586,3.4477198286722097,0.5365853658536586
Concrete,concrete,mlp,0.00165,0.4,0,5,90,0.5799492092062157,2.507432602670698,0.3404255319148936,2.3507180650037798,0.3125
Concrete,concrete,mlp,0.00165,0.4,0,6,90,0.6430242857717515,2.742504409171076,0.3846153846153846,2.8992189468379945,0.4157303370786517
Concrete,concrete,mlp,0.00165,0.4,0,7,90,0.6152776310314882,2.2723607961703203,0.2989690721649484,2.742504409171076,0.3846153846153846
Concrete,concrete,mlp,0.00165,0.4,1,2,90,0.745216070593599,3.055933484504913,0.4482758620689655,3.055933484504913,0.4482758620689655
Concrete,concrete,mlp,0.00165,0.4,1,3,90,0.7421195969982929,2.8992189468379945,0.4157303370786517,3.055933484504913,0.4482758620689655
Concrete,concrete,mlp,0.00165,0.4,1,4,90,0.7731839134478816,3.3693625598387507,0.5180722891566265,3.3693625598387507,0.5180722891566265
Concrete,concrete,mlp,0.00165,0.4,1,5,90,0.6460217388419564,2.5857898715041574,0.3548387096774194,2.429075333837239,0.3263157894736842
Concrete,concrete,mlp,0.00165,0.4,1,6,90,0.7015929799718538,2.6641471403376165,0.3695652173913043,3.212648022171832,0.4823529411764706
Concrete,concrete,mlp,0.00165,0.4,1,7,90,0.6792956401060688,2.6641471403376165,0.3695652173913043,2.5857898715041574,0.3548387096774194
Concrete,concrete,mlp,0.00165,0.4,2,3,90,0.7287045667404832,2.5857898715041574,0.3548387096774194,3.055933484504913,0.4482758620689655
Concrete,concrete,mlp,0.00165,0.4,2,4,90,0.7254235543301575,3.212648022171832,0.4823529411764706,3.1342907533383726,0.4651162790697674
Concrete,concrete,mlp,0.00165,0.4,2,5,90,0.7537248335754598,2.8208616780045355,0.4,2.6641471403376165,0.3695652173913043
Concrete,concrete,mlp,0.00165,0.4,2,6,90,0.7405935031818968,3.055933484504913,0.4482758620689655,3.055933484504913,0.4482758620689655
Concrete,concrete,mlp,0.00165,0.4,2,7,90,0.7005927956645994,2.6641471403376165,0.3695652173913043,3.291005291005291,0.5
Concrete,concrete,mlp,0.00165,0.4,3,4,90,0.7221330391463776,3.055933484504913,0.4482758620689655,3.1342907533383726,0.4651162790697674
Concrete,concrete,mlp,0.00165,0.4,3,5,90,0.6940445573906914,2.8208616780045355,0.4,2.8992189468379945,0.4157303370786517
Concrete,concrete,mlp,0.00165,0.4,3,6,90,0.6653878484026253,1.958931720836483,0.2475247524752475,3.1342907533383726,0.4651162790697674
Concrete,concrete,mlp,0.00165,0.4,3,7,90,0.6642268096692687,2.3507180650037798,0.3125,3.1342907533383726,0.4651162790697674
Concrete,concrete,mlp,0.00165,0.4,4,5,90,0.5974999456143094,2.5857898715041574,0.3548387096774194,2.2723607961703203,0.2989690721649484
Concrete,concrete,mlp,0.00165,0.4,4,6,90,0.6531441797492292,2.6641471403376165,0.3695652173913043,2.977576215671454,0.4318181818181818
Concrete,concrete,mlp,0.00165,0.4,4,7,90,0.6183804260469158,2.429075333837239,0.3263157894736842,2.977576215671454,0.4318181818181818
Concrete,concrete,mlp,0.00165,0.4,5,6,90,0.7236950296405751,2.429075333837239,0.3263157894736842,3.212648022171832,0.4823529411764706
Concrete,concrete,mlp,0.00165,0.4,5,7,90,0.7828490855552858,2.8208616780045355,0.4,3.4477198286722097,0.5365853658536586
Concrete,concrete,mlp,0.00165,0.4,6,7,90,0.7184330496346256,2.507432602670698,0.3404255319148936,3.3693625598387507,0.5180722891566265
Concrete,concrete,mlp,0.0044,0.4,0,1,94,0.6065471709166476,2.742504409171076,0.3846153846153846,2.037288989669942,0.26
Concrete,concrete,mlp,0.0044,0.4,0,2,94,0.579657394009346,2.429075333837239,0.3263157894736842,2.507432602670698,0.3404255319148936
Concrete,concrete,mlp,0.0044,0.4,0,3,94,0.5717914814062616,2.742504409171076,0.3846153846153846,2.1156462585034013,0.2727272727272727
Concrete,concrete,mlp,0.0044,0.4,0,4,94,0.5530538629608599,2.3507180650037798,0.3125,2.8208616780045355,0.4
Concrete,concrete,mlp,0.0044,0.4,0,5,94,0.5225644941976307,2.3507180650037798,0.3125,2.3507180650037798,0.3125
Concrete,concrete,mlp,0.0044,0.4,0,6,94,0.552029180848408,2.2723607961703203,0.2989690721649484,2.1940035273368608,0.2857142857142857
Concrete,concrete,mlp,0.0044,0.4,0,7,94,0.5694701681211762,2.507432602670698,0.3404255319148936,2.507432602670698,0.3404255319148936
Concrete,concrete,mlp,0.0044,0.4,1,2,94,0.5462519963623443,2.507432602670698,0.3404255319148936,2.2723607961703203,0.2989690721649484
Concrete,concrete,mlp,0.0044,0.4,1,3,94,0.7099610752644351,2.8992189468379945,0.4157303370786517,2.2723607961703203,0.2989690721649484
Concrete,concrete,mlp,0.0044,0.4,1,4,94,0.5094441896517568,2.2723607961703203,0.2989690721649484,2.1156462585034013,0.2727272727272727
Concrete,concrete,mlp,0.0044,0.4,1,5,94,0.5575300112328594,2.2723607961703203,0.2989690721649484,2.1156462585034013,0.2727272727272727
Concrete,concrete,mlp,0.0044,0.4,1,6,94,0.5925520416061303,2.507432602670698,0.3404255319148936,2.2723607961703203,0.2989690721649484
Concrete,concrete,mlp,0.0044,0.4,1,7,94,0.6372780316937711,2.742504409171076,0.3846153846153846,2.3507180650037798,0.3125
Concrete,concrete,mlp,0.0044,0.4,2,3,94,0.5658307566726469,2.429075333837239,0.3263157894736842,2.3507180650037798,0.3125
Concrete,concrete,mlp,0.0044,0.4,2,4,94,0.4343886845332744,2.2723607961703203,0.2989690721649484,2.2723607961703203,0.2989690721649484
Concrete,concrete,mlp,0.0044,0.4,2,5,94,0.5498130770174129,2.429075333837239,0.3263157894736842,2.507432602670698,0.3404255319148936
Concrete,concrete,mlp,0.0044,0.4,2,6,94,0.4842710175081723,1.958931720836483,0.2475247524752475,2.3507180650037798,0.3125
Concrete,concrete,mlp,0.0044,0.4,2,7,94,0.5482311150579896,2.507432602670698,0.3404255319148936,2.429075333837239,0.3263157894736842
Concrete,concrete,mlp,0.0044,0.4,3,4,94,0.566985325873608,2.742504409171076,0.3846153846153846,2.742504409171076,0.3846153846153846
Concrete,concrete,mlp,0.0044,0.4,3,5,94,0.4722219256236285,2.3507180650037798,0.3125,2.1156462585034013,0.2727272727272727
Concrete,concrete,mlp,0.0044,0.4,3,6,94,0.5428097203722324,2.5857898715041574,0.3548387096774194,2.1156462585034013,0.2727272727272727
Concrete,concrete,mlp,0.0044,0.4,3,7,94,0.6866163157161597,2.977576215671454,0.4318181818181818,2.8992189468379945,0.4157303370786517
Concrete,concrete,mlp,0.0044,0.4,4,5,94,0.5000130011939194,2.6641471403376165,0.3695652173913043,2.1156462585034013,0.2727272727272727
Concrete,concrete,mlp,0.0044,0.4,4,6,94,0.5975898847350842,2.5857898715041574,0.3548387096774194,2.1940035273368608,0.2857142857142857
Concrete,concrete,mlp,0.0044,0.4,4,7,94,0.5467235387696604,2.5857898715041574,0.3548387096774194,2.5857898715041574,0.3548387096774194
Concrete,concrete,mlp,0.0044,0.4,5,6,94,0.4952080790298324,2.5857898715041574,0.3548387096774194,1.7238599143361049,0.2115384615384615
Concrete,concrete,mlp,0.0044,0.4,5,7,94,0.5659555402298196,2.1156462585034013,0.2727272727272727,2.429075333837239,0.3263157894736842
Concrete,concrete,mlp,0.0044,0.4,6,7,94,0.557752881775301,2.2723607961703203,0.2989690721649484,2.1156462585034013,0.2727272727272727
Concrete,concrete,mlp,0.00165,0.0,0,1,98,0.7781673800743263,2.977576215671454,0.4318181818181818,3.3693625598387507,0.5180722891566265
Concrete,concrete,mlp,0.00165,0.0,0,2,98,0.7726554210956845,3.212648022171832,0.4823529411764706,3.3693625598387507,0.5180722891566265
Concrete,concrete,mlp,0.00165,0.0,0,3,98,0.7731288443367161,2.977576215671454,0.4318181818181818,3.1342907533383726,0.4651162790697674
Concrete,concrete,mlp,0.00165,0.0,0,4,98,0.8024692288191971,3.4477198286722097,0.5365853658536586,3.4477198286722097,0.5365853658536586
Concrete,concrete,mlp,0.00165,0.0,0,5,98,0.7015128840882447,3.212648022171832,0.4823529411764706,2.742504409171076,0.3846153846153846
Concrete,concrete,mlp,0.00165,0.0,0,6,98,0.757044447627132,3.055933484504913,0.4482758620689655,3.212648022171832,0.4823529411764706
Concrete,concrete,mlp,0.00165,0.0,0,7,98,0.8107681991167304,3.212648022171832,0.4823529411764706,3.291005291005291,0.5
Concrete,concrete,mlp,0.00165,0.0,1,2,98,0.7539934318903009,2.742504409171076,0.3846153846153846,3.4477198286722097,0.5365853658536586
Concrete,concrete,mlp,0.00165,0.0,1,3,98,0.752104452597819,3.212648022171832,0.4823529411764706,3.1342907533383726,0.4651162790697674
Concrete,concrete,mlp,0.00165,0.0,1,4,98,0.7625023523943286,3.212648022171832,0.4823529411764706,3.3693625598387507,0.5180722891566265
Concrete,concrete,mlp,0.00165,0.0,1,5,98,0.577730884556378,2.8208616780045355,0.4,2.977576215671454,0.4318181818181818
Concrete,concrete,mlp,0.00165,0.0,1,6,98,0.8208973711921477,3.291005291005291,0.5,3.682791635172588,0.5949367088607594
Concrete,concrete,mlp,0.00165,0.0,1,7,98,0.8106435754305503,3.291005291005291,0.5,3.1342907533383726,0.4651162790697674
Concrete,concrete,mlp,0.00165,0.0,2,3,98,0.7354876836080244,3.212648022171832,0.4823529411764706,3.055933484504913,0.4482758620689655
Concrete,concrete,mlp,0.00165,0.0,2,4,98,0.7607586417279095,3.1342907533383726,0.4651162790697674,3.291005291005291,0.5
Concrete,concrete,mlp,0.00165,0.0,2,5,98,0.7116041575722828,3.291005291005291,0.5,2.6641471403376165,0.3695652173913043
Concrete,concrete,mlp,0.00165,0.0,2,6,98,0.7712208249098483,2.6641471403376165,0.3695652173913043,3.3693625598387507,0.5180722891566265
Concrete,concrete,mlp,0.00165,0.0,2,7,98,0.7872464774683059,3.604434366339128,0.575,3.212648022171832,0.4823529411764706
Concrete,concrete,mlp,0.00165,0.0,3,4,98,0.7352702123071841,3.055933484504913,0.4482758620689655,2.977576215671454,0.4318181818181818
Concrete,concrete,mlp,0.00165,0.0,3,5,98,0.6243861205184607,3.055933484504913,0.4482758620689655,2.507432602670698,0.3404255319148936
Concrete,concrete,mlp,0.00165,0.0,3,6,98,0.7019139270351268,3.1342907533383726,0.4651162790697674,3.055933484504913,0.4482758620689655
Concrete,concrete,mlp,0.00165,0.0,3,7,98,0.7443219589815293,3.3693625598387507,0.5180722891566265,2.8208616780045355,0.4
Concrete,concrete,mlp,0.00165,0.0,4,5,98,0.6545299171024019,2.8992189468379945,0.4157303370786517,2.429075333837239,0.3263157894736842
Concrete,concrete,mlp,0.00165,0.0,4,6,98,0.7792047944630057,3.3693625598387507,0.5180722891566265,3.1342907533383726,0.4651162790697674
Concrete,concrete,mlp,0.00165,0.0,4,7,98,0.8158917915161431,3.4477198286722097,0.5365853658536586,3.212648022171832,0.4823529411764706
Concrete,concrete,mlp,0.00165,0.0,5,6,98,0.5444281437605604,2.5857898715041574,0.3548387096774194,2.507432602670698,0.3404255319148936
Concrete,concrete,mlp,0.00165,0.0,5,7,98,0.6839087840981339,3.212648022171832,0.4823529411764706,2.6641471403376165,0.3695652173913043
Concrete,concrete,mlp,0.00165,0.0,6,7,98,0.8081728514490908,3.055933484504913,0.4482758620689655,3.212648022171832,0.4823529411764706
Concrete,concrete,mlp,0.0044,0.0,0,1,102,0.6312255378037944,2.5857898715041574,0.3548387096774194,2.6641471403376165,0.3695652173913043
Concrete,concrete,mlp,0.0044,0.0,0,2,102,0.5912808800416856,2.5857898715041574,0.3548387096774194,2.742504409171076,0.3846153846153846
Concrete,concrete,mlp,0.0044,0.0,0,3,102,0.6938349733385885,2.6641471403376165,0.3695652173913043,3.055933484504913,0.4482758620689655
Concrete,concrete,mlp,0.0044,0.0,0,4,102,0.6792847298740601,2.8992189468379945,0.4157303370786517,3.055933484504913,0.4482758620689655
Concrete,concrete,mlp,0.0044,0.0,0,5,102,0.6382198316965075,2.742504409171076,0.3846153846153846,3.055933484504913,0.4482758620689655
Concrete,concrete,mlp,0.0044,0.0,0,6,102,0.6951779087709883,2.6641471403376165,0.3695652173913043,2.8208616780045355,0.4
Concrete,concrete,mlp,0.0044,0.0,0,7,102,0.6847862246029661,2.507432602670698,0.3404255319148936,2.977576215671454,0.4318181818181818
Concrete,concrete,mlp,0.0044,0.0,1,2,102,0.5142276150349457,2.507432602670698,0.3404255319148936,2.1940035273368608,0.2857142857142857
Concrete,concrete,mlp,0.0044,0.0,1,3,102,0.624948219494435,2.6641471403376165,0.3695652173913043,2.5857898715041574,0.3548387096774194
Concrete,concrete,mlp,0.0044,0.0,1,4,102,0.6233821283758112,2.8208616780045355,0.4,2.5857898715041574,0.3548387096774194
Concrete,concrete,mlp,0.0044,0.0,1,5,102,0.5250923358852646,2.1940035273368608,0.2857142857142857,2.2723607961703203,0.2989690721649484
Concrete,concrete,mlp,0.0044,0.0,1,6,102,0.6309044892002564,2.6641471403376165,0.3695652173913043,2.742504409171076,0.3846153846153846
Concrete,concrete,mlp,0.0044,0.0,1,7,102,0.6341113029524136,2.742504409171076,0.3846153846153846,2.977576215671454,0.4318181818181818
Concrete,concrete,mlp,0.0044,0.0,2,3,102,0.6713842354483412,3.055933484504913,0.4482758620689655,2.429075333837239,0.3263157894736842
Concrete,concrete,mlp,0.0044,0.0,2,4,102,0.6707077643509601,3.212648022171832,0.4823529411764706,2.742504409171076,0.3846153846153846
Concrete,concrete,mlp,0.0044,0.0,2,5,102,0.6984801923574362,2.742504409171076,0.3846153846153846,2.507432602670698,0.3404255319148936
Concrete,concrete,mlp,0.0044,0.0,2,6,102,0.5271325564271578,2.429075333837239,0.3263157894736842,2.977576215671454,0.4318181818181818
Concrete,concrete,mlp,0.0044,0.0,2,7,102,0.5957028724344411,2.507432602670698,0.3404255319148936,2.1940035273368608,0.2857142857142857
Concrete,concrete,mlp,0.0044,0.0,3,4,102,0.716112536940911,2.977576215671454,0.4318181818181818,3.4477198286722097,0.5365853658536586
Concrete,concrete,mlp,0.0044,0.0,3,5,102,0.6563894932465204,2.8208616780045355,0.4,2.977576215671454,0.4318181818181818
Concrete,concrete,mlp,0.0044,0.0,3,6,102,0.655664177189692,2.5857898715041574,0.3548387096774194,2.6641471403376165,0.3695652173913043
Concrete,concrete,mlp,0.0044,0.0,3,7,102,0.64756813992216,2.742504409171076,0.3846153846153846,3.212648022171832,0.4823529411764706
Concrete,concrete,mlp,0.0044,0.0,4,5,102,0.6967704887838613,2.977576215671454,0.4318181818181818,3.682791635172588,0.5949367088607594
Concrete,concrete,mlp,0.0044,0.0,4,6,102,0.6414718308235997,2.742504409171076,0.3846153846153846,3.212648022171832,0.4823529411764706
Concrete,concrete,mlp,0.0044,0.0,4,7,102,0.7152253021034081,2.8992189468379945,0.4157303370786517,3.604434366339128,0.575
Concrete,concrete,mlp,0.0044,0.0,5,6,102,0.4972687107881037,2.1156462585034013,0.2727272727272727,2.5857898715041574,0.3548387096774194
Concrete,concrete,mlp,0.0044,0.0,5,7,102,0.6534625390263944,2.6641471403376165,0.3695652173913043,2.8208616780045355,0.4
Concrete,concrete,mlp,0.0044,0.0,6,7,102,0.6476135216169866,2.5857898715041574,0.3548387096774194,2.977576215671454,0.4318181818181818
Concrete,concrete,mlp,0.00165,0.1,0,1,106,0.7301989675304406,2.977576215671454,0.4318181818181818,2.507432602670698,0.3404255319148936
Concrete,concrete,mlp,0.00165,0.1,0,2,106,0.7361524381954099,2.6641471403376165,0.3695652173913043,3.055933484504913,0.4482758620689655
Concrete,concrete,mlp,0.00165,0.1,0,3,106,0.7273680575851317,2.6641471403376165,0.3695652173913043,3.3693625598387507,0.5180722891566265
Concrete,concrete,mlp,0.00165,0.1,0,4,106,0.7742906549126537,3.055933484504913,0.4482758620689655,2.6641471403376165,0.3695652173913043
Concrete,concrete,mlp,0.00165,0.1,0,5,106,0.7381292606385456,3.212648022171832,0.4823529411764706,3.4477198286722097,0.5365853658536586
Concrete,concrete,mlp,0.00165,0.1,0,6,106,0.7722448169557581,2.977576215671454,0.4318181818181818,2.8208616780045355,0.4
Concrete,concrete,mlp,0.00165,0.1,0,7,106,0.7800717274412614,2.8208616780045355,0.4,3.291005291005291,0.5
Concrete,concrete,mlp,0.00165,0.1,1,2,106,0.67396340544881,2.742504409171076,0.3846153846153846,2.8992189468379945,0.4157303370786517
Concrete,concrete,mlp,0.00165,0.1,1,3,106,0.7023781862543472,2.5857898715041574,0.3548387096774194,2.8992189468379945,0.4157303370786517
Concrete,concrete,mlp,0.00165,0.1,1,4,106,0.7409433810169526,2.8992189468379945,0.4157303370786517,2.5857898715041574,0.3548387096774194
Concrete,concrete,mlp,0.00165,0.1,1,5,106,0.697132283730696,3.291005291005291,0.5,2.3507180650037798,0.3125
Concrete,concrete,mlp,0.00165,0.1,1,6,106,0.7591686602933329,3.212648022171832,0.4823529411764706,3.1342907533383726,0.4651162790697674
Concrete,concrete,mlp,0.00165,0.1,1,7,106,0.7274815859355289,3.1342907533383726,0.4651162790697674,2.507432602670698,0.3404255319148936
Concrete,concrete,mlp,0.00165,0.1,2,3,106,0.7502409684708071,3.291005291005291,0.5,3.055933484504913,0.4482758620689655
Concrete,concrete,mlp,0.00165,0.1,2,4,106,0.7798821156103934,3.604434366339128,0.575,2.8992189468379945,0.4157303370786517
Concrete,concrete,mlp,0.00165,0.1,2,5,106,0.696338566482841,2.8208616780045355,0.4,2.742504409171076,0.3846153846153846
Concrete,concrete,mlp,0.00165,0.1,2,6,106,0.7364240441894953,2.742504409171076,0.3846153846153846,3.1342907533383726,0.4651162790697674
Concrete,concrete,mlp,0.00165,0.1,2,7,106,0.7468176657285324,3.055933484504913,0.4482758620689655,3.055933484504913,0.4482758620689655
Concrete,concrete,mlp,0.00165,0.1,3,4,106,0.7919238107064079,3.682791635172588,0.5949367088607594,2.507432602670698,0.3404255319148936
Concrete,concrete,mlp,0.00165,0.1,3,5,106,0.7297420468512104,2.6641471403376165,0.3695652173913043,3.055933484504913,0.4482758620689655
Concrete,concrete,mlp,0.00165,0.1,3,6,106,0.7989455741468161,2.977576215671454,0.4318181818181818,2.8992189468379945,0.4157303370786517
Concrete,concrete,mlp,0.00165,0.1,3,7,106,0.7715211256729971,3.212648022171832,0.4823529411764706,3.291005291005291,0.5
Concrete,concrete,mlp,0.00165,0.1,4,5,106,0.7660165121481991,2.8208616780045355,0.4,2.8992189468379945,0.4157303370786517
Concrete,concrete,mlp,0.00165,0.1,4,6,106,0.814231437860009,3.526077097505669,0.5555555555555556,2.8992189468379945,0.4157303370786517
Concrete,concrete,mlp,0.00165,0.1,4,7,106,0.7996163889085908,3.291005291005291,0.5,3.1342907533383726,0.4651162790697674
Concrete,concrete,mlp,0.00165,0.1,5,6,106,0.7130035279144931,2.977576215671454,0.4318181818181818,2.507432602670698,0.3404255319148936
Concrete,concrete,mlp,0.00165,0.1,5,7,106,0.714934227402289,2.742504409171076,0.3846153846153846,3.055933484504913,0.4482758620689655
Concrete,concrete,mlp,0.00165,0.1,6,7,106,0.7744786808832002,3.1342907533383726,0.4651162790697674,2.8208616780045355,0.4
Concrete,concrete,mlp,0.0044,0.1,0,1,110,0.6813569349245003,2.8992189468379945,0.4157303370786517,2.8208616780045355,0.4
Concrete,concrete,mlp,0.0044,0.1,0,2,110,0.5345094610791588,2.3507180650037798,0.3125,2.3507180650037798,0.3125
Concrete,concrete,mlp,0.0044,0.1,0,3,110,0.6851185300746955,2.8992189468379945,0.4157303370786517,2.8208616780045355,0.4
Concrete,concrete,mlp,0.0044,0.1,0,4,110,0.595831758724591,2.742504409171076,0.3846153846153846,2.5857898715041574,0.3548387096774194
Concrete,concrete,mlp,0.0044,0.1,0,5,110,0.618632663224757,2.507432602670698,0.3404255319148936,2.742504409171076,0.3846153846153846
Concrete,concrete,mlp,0.0044,0.1,0,6,110,0.6262902917008473,2.742504409171076,0.3846153846153846,2.977576215671454,0.4318181818181818
Concrete,concrete,mlp,0.0044,0.1,0,7,110,0.6305091857580734,2.429075333837239,0.3263157894736842,2.977576215671454,0.4318181818181818
Concrete,concrete,mlp,0.0044,0.1,1,2,110,0.5281730467280032,2.1940035273368608,0.2857142857142857,2.8208616780045355,0.4
Concrete,concrete,mlp,0.0044,0.1,1,3,110,0.5614027991655302,2.3507180650037798,0.3125,2.429075333837239,0.3263157894736842
Concrete,concrete,mlp,0.0044,0.1,1,4,110,0.6335043180276388,2.742504409171076,0.3846153846153846,2.5857898715041574,0.3548387096774194
Concrete,concrete,mlp,0.0044,0.1,1,5,110,0.6898731701273543,2.507432602670698,0.3404255319148936,2.5857898715041574,0.3548387096774194
Concrete,concrete,mlp,0.0044,0.1,1,6,110,0.5570124852024556,2.6641471403376165,0.3695652173913043,3.055933484504913,0.4482758620689655
Concrete,concrete,mlp,0.0044,0.1,1,7,110,0.5462533978589262,2.2723607961703203,0.2989690721649484,2.507432602670698,0.3404255319148936
Concrete,concrete,mlp,0.0044,0.1,2,3,110,0.4535829500009511,2.5857898715041574,0.3548387096774194,2.037288989669942,0.26
Concrete,concrete,mlp,0.0044,0.1,2,4,110,0.4430163573132141,2.3507180650037798,0.3125,2.037288989669942,0.26
Concrete,concrete,mlp,0.0044,0.1,2,5,110,0.4989310804359474,2.1156462585034013,0.2727272727272727,2.037288989669942,0.26
Concrete,concrete,mlp,0.0044,0.1,2,6,110,0.530973632799126,2.8208616780045355,0.4,2.5857898715041574,0.3548387096774194
Concrete,concrete,mlp,0.0044,0.1,2,7,110,0.5601395477403867,2.1940035273368608,0.2857142857142857,2.1940035273368608,0.2857142857142857
Concrete,concrete,mlp,0.0044,0.1,3,4,110,0.6683802811823023,3.055933484504913,0.4482758620689655,2.1156462585034013,0.2727272727272727
Concrete,concrete,mlp,0.0044,0.1,3,5,110,0.6267693409484107,2.8208616780045355,0.4,2.3507180650037798,0.3125
Concrete,concrete,mlp,0.0044,0.1,3,6,110,0.4832910025709877,2.742504409171076,0.3846153846153846,2.3507180650037798,0.3125
Concrete,concrete,mlp,0.0044,0.1,3,7,110,0.5745251642561522,2.6641471403376165,0.3695652173913043,2.507432602670698,0.3404255319148936
Concrete,concrete,mlp,0.0044,0.1,4,5,110,0.6615712565318593,2.2723607961703203,0.2989690721649484,2.037288989669942,0.26
Concrete,concrete,mlp,0.0044,0.1,4,6,110,0.46018988817128,2.5857898715041574,0.3548387096774194,1.958931720836483,0.2475247524752475
Concrete,concrete,mlp,0.0044,0.1,4,7,110,0.4771571918076301,2.6641471403376165,0.3695652173913043,2.1940035273368608,0.2857142857142857
Concrete,concrete,mlp,0.0044,0.1,5,6,110,0.5647856205806205,2.5857898715041574,0.3548387096774194,2.429075333837239,0.3263157894736842
Concrete,concrete,mlp,0.0044,0.1,5,7,110,0.512335135296629,2.429075333837239,0.3263157894736842,2.429075333837239,0.3263157894736842
Concrete,concrete,mlp,0.0044,0.1,6,7,110,0.558693813684426,2.5857898715041574,0.3548387096774194,2.5857898715041574,0.3548387096774194
Concrete,concrete,mlp,0.00165,0.2,0,1,114,0.7494096231825733,2.8208616780045355,0.4,3.4477198286722097,0.5365853658536586
Concrete,concrete,mlp,0.00165,0.2,0,2,114,0.7797406102801159,2.8992189468379945,0.4157303370786517,2.977576215671454,0.4318181818181818
Concrete,concrete,mlp,0.00165,0.2,0,3,114,0.7780203805491087,3.212648022171832,0.4823529411764706,3.055933484504913,0.4482758620689655
Concrete,concrete,mlp,0.00165,0.2,0,4,114,0.7567403575705878,2.742504409171076,0.3846153846153846,2.977576215671454,0.4318181818181818
Concrete,concrete,mlp,0.00165,0.2,0,5,114,0.7168793579548169,2.8992189468379945,0.4157303370786517,2.742504409171076,0.3846153846153846
Concrete,concrete,mlp,0.00165,0.2,0,6,114,0.7347457509998644,2.742504409171076,0.3846153846153846,2.742504409171076,0.3846153846153846
Concrete,concrete,mlp,0.00165,0.2,0,7,114,0.7890931275182099,3.212648022171832,0.4823529411764706,2.977576215671454,0.4318181818181818
Concrete,concrete,mlp,0.00165,0.2,1,2,114,0.7213479219919999,2.8992189468379945,0.4157303370786517,3.055933484504913,0.4482758620689655
Concrete,concrete,mlp,0.00165,0.2,1,3,114,0.7140444187902272,2.8992189468379945,0.4157303370786517,2.977576215671454,0.4318181818181818
Concrete,concrete,mlp,0.00165,0.2,1,4,114,0.7411264709932808,3.055933484504913,0.4482758620689655,3.526077097505669,0.5555555555555556
Concrete,concrete,mlp,0.00165,0.2,1,5,114,0.6832117630809652,2.5857898715041574,0.3548387096774194,3.3693625598387507,0.5180722891566265
Concrete,concrete,mlp,0.00165,0.2,1,6,114,0.7278906272510861,2.977576215671454,0.4318181818181818,3.212648022171832,0.4823529411764706
Concrete,concrete,mlp,0.00165,0.2,1,7,114,0.7588438108841891,2.977576215671454,0.4318181818181818,3.291005291005291,0.5
Concrete,concrete,mlp,0.00165,0.2,2,3,114,0.7239465976639948,3.1342907533383726,0.4651162790697674,2.742504409171076,0.3846153846153846
Concrete,concrete,mlp,0.00165,0.2,2,4,114,0.7791663725900614,3.055933484504913,0.4482758620689655,2.977576215671454,0.4318181818181818
Concrete,concrete,mlp,0.00165,0.2,2,5,114,0.7487658380722019,2.8992189468379945,0.4157303370786517,3.212648022171832,0.4823529411764706
Concrete,concrete,mlp,0.00165,0.2,2,6,114,0.7288506362986852,3.055933484504913,0.4482758620689655,2.977576215671454,0.4318181818181818
Concrete,concrete,mlp,0.00165,0.2,2,7,114,0.7873218941535127,3.1342907533383726,0.4651162790697674,3.291005291005291,0.5
Concrete,concrete,mlp,0.00165,0.2,3,4,114,0.6799733612542299,2.8992189468379945,0.4157303370786517,2.742504409171076,0.3846153846153846
Concrete,concrete,mlp,0.00165,0.2,3,5,114,0.6405010037628113,2.5857898715041574,0.3548387096774194,2.8208616780045355,0.4
Concrete,concrete,mlp,0.00165,0.2,3,6,114,0.6595980869459059,2.6641471403376165,0.3695652173913043,2.3507180650037798,0.3125
Concrete,concrete,mlp,0.00165,0.2,3,7,114,0.7787412722101805,3.3693625598387507,0.5180722891566265,2.977576215671454,0.4318181818181818
Concrete,concrete,mlp,0.00165,0.2,4,5,114,0.760095805173017,3.1342907533383726,0.4651162790697674,3.212648022171832,0.4823529411764706
Concrete,concrete,mlp,0.00165,0.2,4,6,114,0.7745207716887109,2.8992189468379945,0.4157303370786517,3.526077097505669,0.5555555555555556
Concrete,concrete,mlp,0.00165,0.2,4,7,114,0.7418610515108665,2.742504409171076,0.3846153846153846,3.1342907533383726,0.4651162790697674
Concrete,concrete,mlp,0.00165,0.2,5,6,114,0.6980899444943066,2.8992189468379945,0.4157303370786517,2.507432602670698,0.3404255319148936
Concrete,concrete,mlp,0.00165,0.2,5,7,114,0.723968624425059,2.507432602670698,0.3404255319148936,3.291005291005291,0.5
Concrete,concrete,mlp,0.00165,0.2,6,7,114,0.7145848868347432,2.8208616780045355,0.4,2.8992189468379945,0.4157303370786517
Concrete,concrete,mlp,0.0044,0.2,0,1,118,0.4273496136185241,2.037288989669942,0.26,2.5857898715041574,0.3548387096774194
Concrete,concrete,mlp,0.0044,0.2,0,2,118,0.4823436799731336,2.1940035273368608,0.2857142857142857,2.2723607961703203,0.2989690721649484
Concrete,concrete,mlp,0.0044,0.2,0,3,118,0.5881865321409648,2.3507180650037798,0.3125,2.8208616780045355,0.4
Concrete,concrete,mlp,0.0044,0.2,0,4,118,0.5684932731186245,2.2723607961703203,0.2989690721649484,2.1156462585034013,0.2727272727272727
Concrete,concrete,mlp,0.0044,0.2,0,5,118,0.5908344256900884,2.1940035273368608,0.2857142857142857,2.742504409171076,0.3846153846153846
Concrete,concrete,mlp,0.0044,0.2,0,6,118,0.5347054650302941,2.037288989669942,0.26,2.1940035273368608,0.2857142857142857
Concrete,concrete,mlp,0.0044,0.2,0,7,118,0.4899976094004203,1.802217183169564,0.2233009708737864,2.037288989669942,0.26
Concrete,concrete,mlp,0.0044,0.2,1,2,118,0.5232918579308355,2.5857898715041574,0.3548387096774194,2.1940035273368608,0.2857142857142857
Concrete,concrete,mlp,0.0044,0.2,1,3,118,0.6613095436083509,2.6641471403376165,0.3695652173913043,2.6641471403376165,0.3695652173913043
Concrete,concrete,mlp,0.0044,0.2,1,4,118,0.603551931842854,2.5857898715041574,0.3548387096774194,2.429075333837239,0.3263157894736842
Concrete,concrete,mlp,0.0044,0.2,1,5,118,0.5607278122391673,2.5857898715041574,0.3548387096774194,2.8992189468379945,0.4157303370786517
Concrete,concrete,mlp,0.0044,0.2,1,6,118,0.4805637021305905,2.507432602670698,0.3404255319148936,1.7238599143361049,0.2115384615384615
Concrete,concrete,mlp,0.0044,0.2,1,7,118,0.4655470089600827,2.429075333837239,0.3263157894736842,2.037288989669942,0.26
Concrete,concrete,mlp,0.0044,0.2,2,3,118,0.6147704171951527,2.6641471403376165,0.3695652173913043,2.3507180650037798,0.3125
Concrete,concrete,mlp,0.0044,0.2,2,4,118,0.5399837167285465,2.8208616780045355,0.4,1.6455026455026456,0.2
Concrete,concrete,mlp,0.0044,0.2,2,5,118,0.576942408476284,2.2723607961703203,0.2989690721649484,2.3507180650037798,0.3125
Concrete,concrete,mlp,0.0044,0.2,2,6,118,0.554162617906802,2.429075333837239,0.3263157894736842,1.6455026455026456,0.2
Concrete,concrete,mlp,0.0044,0.2,2,7,118,0.5791243567014808,2.507432602670698,0.3404255319148936,2.1940035273368608,0.2857142857142857
Concrete,concrete,mlp,0.0044,0.2,3,4,118,0.6165183953014076,2.742504409171076,0.3846153846153846,2.742504409171076,0.3846153846153846
Concrete,concrete,mlp,0.0044,0.2,3,5,118,0.6308565320155094,2.507432602670698,0.3404255319148936,2.8208616780045355,0.4
Concrete,concrete,mlp,0.0044,0.2,3,6,118,0.608149755552895,2.2723607961703203,0.2989690721649484,2.2723607961703203,0.2989690721649484
Concrete,concrete,mlp,0.0044,0.2,3,7,118,0.6002730577628329,2.3507180650037798,0.3125,2.429075333837239,0.3263157894736842
Concrete,concrete,mlp,0.0044,0.2,4,5,118,0.5557445025443664,2.3507180650037798,0.3125,2.507432602670698,0.3404255319148936
Concrete,concrete,mlp,0.0044,0.2,4,6,118,0.5700415034498941,2.507432602670698,0.3404255319148936,2.2723607961703203,0.2989690721649484
Concrete,concrete,mlp,0.0044,0.2,4,7,118,0.533995798030522,2.1940035273368608,0.2857142857142857,2.5857898715041574,0.3548387096774194
Concrete,concrete,mlp,0.0044,0.2,5,6,118,0.5790267192871662,2.5857898715041574,0.3548387096774194,2.1940035273368608,0.2857142857142857
Concrete,concrete,mlp,0.0044,0.2,5,7,118,0.5633678383695702,2.1940035273368608,0.2857142857142857,2.3507180650037798,0.3125
Concrete,concrete,mlp,0.0044,0.2,6,7,118,0.4956301858069188,2.2723607961703203,0.2989690721649484,2.3507180650037798,0.3125
Concrete,concrete,mlp,0.00165,0.4,0,1,122,0.6721700795667024,2.8208616780045355,0.4,2.742504409171076,0.3846153846153846
Concrete,concrete,mlp,0.00165,0.4,0,2,122,0.6458215340718612,2.5857898715041574,0.3548387096774194,3.1342907533383726,0.4651162790697674
Concrete,concrete,mlp,0.00165,0.4,0,3,122,0.6890746450443462,2.742504409171076,0.3846153846153846,3.055933484504913,0.4482758620689655
Concrete,concrete,mlp,0.00165,0.4,0,4,122,0.7184758527625058,3.055933484504913,0.4482758620689655,3.212648022171832,0.4823529411764706
Concrete,concrete,mlp,0.00165,0.4,0,5,122,0.6864031239977574,2.977576215671454,0.4318181818181818,2.6641471403376165,0.3695652173913043
Concrete,concrete,mlp,0.00165,0.4,0,6,122,0.7282717617659941,2.8992189468379945,0.4157303370786517,2.8992189468379945,0.4157303370786517
Concrete,concrete,mlp,0.00165,0.4,0,7,122,0.7040192153212695,2.6641471403376165,0.3695652173913043,3.055933484504913,0.4482758620689655
Concrete,concrete,mlp,0.00165,0.4,1,2,122,0.7050627287441273,3.055933484504913,0.4482758620689655,2.8208616780045355,0.4
Concrete,concrete,mlp,0.00165,0.4,1,3,122,0.6847764213293115,2.8992189468379945,0.4157303370786517,2.5857898715041574,0.3548387096774194
Concrete,concrete,mlp,0.00165,0.4,1,4,122,0.7401710673145444,3.055933484504913,0.4482758620689655,3.055933484504913,0.4482758620689655
Concrete,concrete,mlp,0.00165,0.4,1,5,122,0.7693787556373576,2.977576215671454,0.4318181818181818,2.8208616780045355,0.4
Concrete,concrete,mlp,0.00165,0.4,1,6,122,0.748711798949746,2.8992189468379945,0.4157303370786517,3.055933484504913,0.4482758620689655
Concrete,concrete,mlp,0.00165,0.4,1,7,122,0.7628983556997108,2.8992189468379945,0.4157303370786517,3.212648022171832,0.4823529411764706
Concrete,concrete,mlp,0.00165,0.4,2,3,122,0.6107669185491696,2.507432602670698,0.3404255319148936,2.742504409171076,0.3846153846153846
Concrete,concrete,mlp,0.00165,0.4,2,4,122,0.6921354238935765,2.8208616780045355,0.4,2.5857898715041574,0.3548387096774194
Concrete,concrete,mlp,0.00165,0.4,2,5,122,0.7551003902678892,3.055933484504913,0.4482758620689655,2.8208616780045355,0.4
Concrete,concrete,mlp,0.00165,0.4,2,6,122,0.7364591851204493,2.8208616780045355,0.4,2.742504409171076,0.3846153846153846
Concrete,concrete,mlp,0.00165,0.4,2,7,122,0.7416149358418643,3.1342907533383726,0.4651162790697674,2.8992189468379945,0.4157303370786517
Concrete,concrete,mlp,0.00165,0.4,3,4,122,0.7203774812729634,2.742504409171076,0.3846153846153846,2.977576215671454,0.4318181818181818
Concrete,concrete,mlp,0.00165,0.4,3,5,122,0.7141049589596653,3.055933484504913,0.4482758620689655,2.507432602670698,0.3404255319148936
Concrete,concrete,mlp,0.00165,0.4,3,6,122,0.7491543190327322,2.977576215671454,0.4318181818181818,2.8208616780045355,0.4
Concrete,concrete,mlp,0.00165,0.4,3,7,122,0.7304775285638755,2.6641471403376165,0.3695652173913043,3.055933484504913,0.4482758620689655
Concrete,concrete,mlp,0.00165,0.4,4,5,122,0.7635565573919115,3.055933484504913,0.4482758620689655,2.977576215671454,0.4318181818181818
Concrete,concrete,mlp,0.00165,0.4,4,6,122,0.7964437072073909,2.8992189468379945,0.4157303370786517,2.977576215671454,0.4318181818181818
Concrete,concrete,mlp,0.00165,0.4,4,7,122,0.7233819603722144,2.977576215671454,0.4318181818181818,2.977576215671454,0.4318181818181818
Concrete,concrete,mlp,0.00165,0.4,5,6,122,0.7530987884420192,2.8208616780045355,0.4,2.977576215671454,0.4318181818181818
Concrete,concrete,mlp,0.00165,0.4,5,7,122,0.7620970669996905,2.742504409171076,0.3846153846153846,3.1342907533383726,0.4651162790697674
Concrete,concrete,mlp,0.00165,0.4,6,7,122,0.7552599157564057,2.742504409171076,0.3846153846153846,3.1342907533383726,0.4651162790697674
Concrete,concrete,mlp,0.0044,0.4,0,1,126,0.4943867770760023,2.3507180650037798,0.3125,2.429075333837239,0.3263157894736842
Concrete,concrete,mlp,0.0044,0.4,0,2,126,0.5241404781459498,2.977576215671454,0.4318181818181818,2.3507180650037798,0.3125
Concrete,concrete,mlp,0.0044,0.4,0,3,126,0.5124826474074686,2.742504409171076,0.3846153846153846,2.507432602670698,0.3404255319148936
Concrete,concrete,mlp,0.0044,0.4,0,4,126,0.5018386902212254,2.742504409171076,0.3846153846153846,2.2723607961703203,0.2989690721649484
Concrete,concrete,mlp,0.0044,0.4,0,5,126,0.5843247763806079,2.6641471403376165,0.3695652173913043,2.429075333837239,0.3263157894736842
Concrete,concrete,mlp,0.0044,0.4,0,6,126,0.5472709298781012,2.742504409171076,0.3846153846153846,2.1940035273368608,0.2857142857142857
Concrete,concrete,mlp,0.0044,0.4,0,7,126,0.5353690186795829,2.429075333837239,0.3263157894736842,2.3507180650037798,0.3125
Concrete,concrete,mlp,0.0044,0.4,1,2,126,0.6411014514437008,2.742504409171076,0.3846153846153846,2.6641471403376165,0.3695652173913043
Concrete,concrete,mlp,0.0044,0.4,1,3,126,0.696707127852721,2.507432602670698,0.3404255319148936,3.291005291005291,0.5
Concrete,concrete,mlp,0.0044,0.4,1,4,126,0.6666986213664811,2.8208616780045355,0.4,2.8992189468379945,0.4157303370786517
Concrete,concrete,mlp,0.0044,0.4,1,5,126,0.7153026178475692,2.8992189468379945,0.4157303370786517,3.055933484504913,0.4482758620689655
Concrete,concrete,mlp,0.0044,0.4,1,6,126,0.7351564040217712,3.1342907533383726,0.4651162790697674,2.8992189468379945,0.4157303370786517
Concrete,concrete,mlp,0.0044,0.4,1,7,126,0.6132173554151027,2.8208616780045355,0.4,2.429075333837239,0.3263157894736842
Concrete,concrete,mlp,0.0044,0.4,2,3,126,0.668630391506771,3.055933484504913,0.4482758620689655,2.429075333837239,0.3263157894736842
Concrete,concrete,mlp,0.0044,0.4,2,4,126,0.6545309842754884,2.742504409171076,0.3846153846153846,2.3507180650037798,0.3125
Concrete,concrete,mlp,0.0044,0.4,2,5,126,0.6652005991087843,2.977576215671454,0.4318181818181818,2.5857898715041574,0.3548387096774194
Concrete,concrete,mlp,0.0044,0.4,2,6,126,0.690122416286229,2.8992189468379945,0.4157303370786517,2.5857898715041574,0.3548387096774194
Concrete,concrete,mlp,0.0044,0.4,2,7,126,0.5179596582433691,2.742504409171076,0.3846153846153846,2.1156462585034013,0.2727272727272727
Concrete,concrete,mlp,0.0044,0.4,3,4,126,0.6713596926001165,3.1342907533383726,0.4651162790697674,2.5857898715041574,0.3548387096774194
Concrete,concrete,mlp,0.0044,0.4,3,5,126,0.7292621039725401,2.977576215671454,0.4318181818181818,2.977576215671454,0.4318181818181818
Concrete,concrete,mlp,0.0044,0.4,3,6,126,0.7244595525798332,3.212648022171832,0.4823529411764706,2.742504409171076,0.3846153846153846
Concrete,concrete,mlp,0.0044,0.4,3,7,126,0.5742296514834565,2.5857898715041574,0.3548387096774194,2.1156462585034013,0.2727272727272727
Concrete,concrete,mlp,0.0044,0.4,4,5,126,0.6733589921555589,2.6641471403376165,0.3695652173913043,2.3507180650037798,0.3125
Concrete,concrete,mlp,0.0044,0.4,4,6,126,0.6950970073902762,3.1342907533383726,0.4651162790697674,2.429075333837239,0.3263157894736842
Concrete,concrete,mlp,0.0044,0.4,4,7,126,0.5802143369441174,2.8208616780045355,0.4,2.037288989669942,0.26
Concrete,concrete,mlp,0.0044,0.4,5,6,126,0.7153735099736602,2.977576215671454,0.4318181818181818,2.977576215671454,0.4318181818181818
Concrete,concrete,mlp,0.0044,0.4,5,7,126,0.6083730233345879,3.055933484504913,0.4482758620689655,2.3507180650037798,0.3125
Concrete,concrete,mlp,0.0044,0.4,6,7,126,0.5793783079092666,2.6641471403376165,0.3695652173913043,2.1156462585034013,0.2727272727272727
L-LSPIN,lspin_tf,linear,0.00525,0.0,0,1,130,0.636874660843534,2.507432602670698,0.3404255319148936,2.8992189468379945,0.4157303370786517
L-LSPIN,lspin_tf,linear,0.00525,0.0,0,2,130,0.5803341019307651,2.977576215671454,0.4318181818181818,1.880574452003024,0.2352941176470588
L-LSPIN,lspin_tf,linear,0.00525,0.0,0,3,130,0.5377465167796092,2.977576215671454,0.4318181818181818,1.7238599143361049,0.2115384615384615
L-LSPIN,lspin_tf,linear,0.00525,0.0,0,4,130,0.568208999378135,2.8992189468379945,0.4157303370786517,2.429075333837239,0.3263157894736842
L-LSPIN,lspin_tf,linear,0.00525,0.0,0,5,130,0.6377337179153865,2.8208616780045355,0.4,1.880574452003024,0.2352941176470588
L-LSPIN,lspin_tf,linear,0.00525,0.0,0,6,130,0.5298990109894401,2.5857898715041574,0.3548387096774194,1.802217183169564,0.2233009708737864
L-LSPIN,lspin_tf,linear,0.00525,0.0,0,7,130,0.6227899816881363,2.742504409171076,0.3846153846153846,2.3507180650037798,0.3125
L-LSPIN,lspin_tf,linear,0.00525,0.0,1,2,130,0.598449815902894,2.3507180650037798,0.3125,2.6641471403376165,0.3695652173913043
L-LSPIN,lspin_tf,linear,0.00525,0.0,1,3,130,0.6067839253890898,2.5857898715041574,0.3548387096774194,2.1156462585034013,0.2727272727272727
L-LSPIN,lspin_tf,linear,0.00525,0.0,1,4,130,0.6008049714677651,2.742504409171076,0.3846153846153846,2.2723607961703203,0.2989690721649484
L-LSPIN,lspin_tf,linear,0.00525,0.0,1,5,130,0.5916198772560761,2.2723607961703203,0.2989690721649484,2.2723607961703203,0.2989690721649484
L-LSPIN,lspin_tf,linear,0.00525,0.0,1,6,130,0.5464703315228833,2.507432602670698,0.3404255319148936,2.1156462585034013,0.2727272727272727
L-LSPIN,lspin_tf,linear,0.00525,0.0,1,7,130,0.5843658526270505,2.5857898715041574,0.3548387096774194,2.1940035273368608,0.2857142857142857
L-LSPIN,lspin_tf,linear,0.00525,0.0,2,3,130,0.595796181874753,2.6641471403376165,0.3695652173913043,2.1940035273368608,0.2857142857142857
L-LSPIN,lspin_tf,linear,0.00525,0.0,2,4,130,0.5895295702811469,2.742504409171076,0.3846153846153846,1.6455026455026456,0.2
L-LSPIN,lspin_tf,linear,0.00525,0.0,2,5,130,0.5646367780597775,2.8208616780045355,0.4,1.7238599143361049,0.2115384615384615
L-LSPIN,lspin_tf,linear,0.00525,0.0,2,6,130,0.6142709925454163,2.8208616780045355,0.4,2.3507180650037798,0.3125
L-LSPIN,lspin_tf,linear,0.00525,0.0,2,7,130,0.6365014563420115,2.8208616780045355,0.4,2.1156462585034013,0.2727272727272727
L-LSPIN,lspin_tf,linear,0.00525,0.0,3,4,130,0.5827363489046555,2.8208616780045355,0.4,2.037288989669942,0.26
L-LSPIN,lspin_tf,linear,0.00525,0.0,3,5,130,0.5256723965490945,2.507432602670698,0.3404255319148936,1.958931720836483,0.2475247524752475
L-LSPIN,lspin_tf,linear,0.00525,0.0,3,6,130,0.5641454593719969,2.3507180650037798,0.3125,2.037288989669942,0.26
L-LSPIN,lspin_tf,linear,0.00525,0.0,3,7,130,0.5961609714004541,2.429075333837239,0.3263157894736842,2.1156462585034013,0.2727272727272727
L-LSPIN,lspin_tf,linear,0.00525,0.0,4,5,130,0.5151738252888721,2.1940035273368608,0.2857142857142857,2.1156462585034013,0.2727272727272727
L-LSPIN,lspin_tf,linear,0.00525,0.0,4,6,130,0.4876089402885541,2.5857898715041574,0.3548387096774194,1.802217183169564,0.2233009708737864
L-LSPIN,lspin_tf,linear,0.00525,0.0,4,7,130,0.5301418960279574,2.5857898715041574,0.3548387096774194,2.1156462585034013,0.2727272727272727
L-LSPIN,lspin_tf,linear,0.00525,0.0,5,6,130,0.5685451121132333,2.5857898715041574,0.3548387096774194,2.3507180650037798,0.3125
L-LSPIN,lspin_tf,linear,0.00525,0.0,5,7,130,0.5681014527406737,2.507432602670698,0.3404255319148936,1.802217183169564,0.2233009708737864
L-LSPIN,lspin_tf,linear,0.00525,0.0,6,7,130,0.5850027488242374,2.5857898715041574,0.3548387096774194,1.958931720836483,0.2475247524752475
L-LSPIN,lspin_tf,linear,0.014,0.0,0,1,134,0.5525939905580229,2.8208616780045355,0.4,2.037288989669942,0.26
L-LSPIN,lspin_tf,linear,0.014,0.0,0,2,134,0.4795170635797071,2.037288989669942,0.26,2.037288989669942,0.26
L-LSPIN,lspin_tf,linear,0.014,0.0,0,3,134,0.5214540347530756,2.429075333837239,0.3263157894736842,2.507432602670698,0.3404255319148936
L-LSPIN,lspin_tf,linear,0.014,0.0,0,4,134,0.4542943974698185,2.507432602670698,0.3404255319148936,2.2723607961703203,0.2989690721649484
L-LSPIN,lspin_tf,linear,0.014,0.0,0,5,134,0.5051057878495823,2.1156462585034013,0.2727272727272727,2.429075333837239,0.3263157894736842
L-LSPIN,lspin_tf,linear,0.014,0.0,0,6,134,0.4919919538452607,2.3507180650037798,0.3125,2.1940035273368608,0.2857142857142857
L-LSPIN,lspin_tf,linear,0.014,0.0,0,7,134,0.435394255148696,2.1156462585034013,0.2727272727272727,1.802217183169564,0.2233009708737864
L-LSPIN,lspin_tf,linear,0.014,0.0,1,2,134,0.5497069411701878,2.3507180650037798,0.3125,2.037288989669942,0.26
L-LSPIN,lspin_tf,linear,0.014,0.0,1,3,134,0.5082282580452266,2.2723607961703203,0.2989690721649484,2.037288989669942,0.26
L-LSPIN,lspin_tf,linear,0.014,0.0,1,4,134,0.5259730154810611,2.507432602670698,0.3404255319148936,2.2723607961703203,0.2989690721649484
L-LSPIN,lspin_tf,linear,0.014,0.0,1,5,134,0.5101652190567785,2.2723607961703203,0.2989690721649484,2.1940035273368608,0.2857142857142857
L-LSPIN,lspin_tf,linear,0.014,0.0,1,6,134,0.4395234167868669,2.1156462585034013,0.2727272727272727,1.7238599143361049,0.2115384615384615
L-LSPIN,lspin_tf,linear,0.014,0.0,1,7,134,0.5622786288234417,2.429075333837239,0.3263157894736842,2.3507180650037798,0.3125
L-LSPIN,lspin_tf,linear,0.014,0.0,2,3,134,0.4917016550810147,2.2723607961703203,0.2989690721649484,2.2723607961703203,0.2989690721649484
L-LSPIN,lspin_tf,linear,0.014,0.0,2,4,134,0.4300301233597209,2.429075333837239,0.3263157894736842,1.958931720836483,0.2475247524752475
L-LSPIN,lspin_tf,linear,0.014,0.0,2,5,134,0.4603825423022676,1.880574452003024,0.2352941176470588,2.1156462585034013,0.2727272727272727
L-LSPIN,lspin_tf,linear,0.014,0.0,2,6,134,0.3763673471582934,1.958931720836483,0.2475247524752475,1.802217183169564,0.2233009708737864
L-LSPIN,lspin_tf,linear,0.014,0.0,2,7,134,0.5363046621319313,2.6641471403376165,0.3695652173913043,2.037288989669942,0.26
L-LSPIN,lspin_tf,linear,0.014,0.0,3,4,134,0.4326989296017651,2.507432602670698,0.3404255319148936,2.1156462585034013,0.2727272727272727
L-LSPIN,lspin_tf,linear,0.014,0.0,3,5,134,0.5148031586400639,2.1940035273368608,0.2857142857142857,2.5857898715041574,0.3548387096774194
L-LSPIN,lspin_tf,linear,0.014,0.0,3,6,134,0.4166222141058419,2.1156462585034013,0.2727272727272727,2.1940035273368608,0.2857142857142857
L-LSPIN,lspin_tf,linear,0.014,0.0,3,7,134,0.4374103293079314,1.958931720836483,0.2475247524752475,2.507432602670698,0.3404255319148936
L-LSPIN,lspin_tf,linear,0.014,0.0,4,5,134,0.4080165348466652,1.958931720836483,0.2475247524752475,2.1156462585034013,0.2727272727272727
L-LSPIN,lspin_tf,linear,0.014,0.0,4,6,134,0.3998258994459733,2.2723607961703203,0.2989690721649484,2.1940035273368608,0.2857142857142857
L-LSPIN,lspin_tf,linear,0.014,0.0,4,7,134,0.483075483518308,2.2723607961703203,0.2989690721649484,1.802217183169564,0.2233009708737864
L-LSPIN,lspin_tf,linear,0.014,0.0,5,6,134,0.4496653775177608,1.958931720836483,0.2475247524752475,1.958931720836483,0.2475247524752475
L-LSPIN,lspin_tf,linear,0.014,0.0,5,7,134,0.4769396829004752,1.802217183169564,0.2233009708737864,1.880574452003024,0.2352941176470588
L-LSPIN,lspin_tf,linear,0.014,0.0,6,7,134,0.410731548683855,2.037288989669942,0.26,1.5671453766691863,0.1886792452830188
L-LSPIN,lspin_tf,linear,0.00525,0.1,0,1,138,0.7911181752836071,3.212648022171832,0.4823529411764706,3.212648022171832,0.4823529411764706
L-LSPIN,lspin_tf,linear,0.00525,0.1,0,2,138,0.8190107205060777,2.8992189468379945,0.4157303370786517,3.526077097505669,0.5555555555555556
L-LSPIN,lspin_tf,linear,0.00525,0.1,0,3,138,0.752127494170262,2.8992189468379945,0.4157303370786517,3.055933484504913,0.4482758620689655
L-LSPIN,lspin_tf,linear,0.00525,0.1,0,4,138,0.8185290238786442,3.212648022171832,0.4823529411764706,3.604434366339128,0.575
L-LSPIN,lspin_tf,linear,0.00525,0.1,0,5,138,0.8068788836945266,3.291005291005291,0.5,3.3693625598387507,0.5180722891566265
L-LSPIN,lspin_tf,linear,0.00525,0.1,0,6,138,0.8053249490676443,3.3693625598387507,0.5180722891566265,3.212648022171832,0.4823529411764706
L-LSPIN,lspin_tf,linear,0.00525,0.1,0,7,138,0.7827141707544139,2.8992189468379945,0.4157303370786517,3.3693625598387507,0.5180722891566265
L-LSPIN,lspin_tf,linear,0.00525,0.1,1,2,138,0.7889222832413609,2.742504409171076,0.3846153846153846,3.3693625598387507,0.5180722891566265
L-LSPIN,lspin_tf,linear,0.00525,0.1,1,3,138,0.7782156142371586,3.1342907533383726,0.4651162790697674,3.291005291005291,0.5
L-LSPIN,lspin_tf,linear,0.00525,0.1,1,4,138,0.7888664421744587,3.055933484504913,0.4482758620689655,3.291005291005291,0.5
L-LSPIN,lspin_tf,linear,0.00525,0.1,1,5,138,0.8179185571105861,3.291005291005291,0.5,3.291005291005291,0.5
L-LSPIN,lspin_tf,linear,0.00525,0.1,1,6,138,0.7807698312886229,3.212648022171832,0.4823529411764706,3.3693625598387507,0.5180722891566265
L-LSPIN,lspin_tf,linear,0.00525,0.1,1,7,138,0.7867095349633493,2.8208616780045355,0.4,3.291005291005291,0.5
L-LSPIN,lspin_tf,linear,0.00525,0.1,2,3,138,0.7715532008881565,2.6641471403376165,0.3695652173913043,3.055933484504913,0.4482758620689655
L-LSPIN,lspin_tf,linear,0.00525,0.1,2,4,138,0.8200167089416807,3.1342907533383726,0.4651162790697674,3.291005291005291,0.5
L-LSPIN,lspin_tf,linear,0.00525,0.1,2,5,138,0.8025502410693077,2.977576215671454,0.4318181818181818,3.3693625598387507,0.5180722891566265
L-LSPIN,lspin_tf,linear,0.00525,0.1,2,6,138,0.7978130024706747,2.8208616780045355,0.4,3.3693625598387507,0.5180722891566265
L-LSPIN,lspin_tf,linear,0.00525,0.1,2,7,138,0.8027242440843033,2.977576215671454,0.4318181818181818,3.3693625598387507,0.5180722891566265
L-LSPIN,lspin_tf,linear,0.00525,0.1,3,4,138,0.7983151220798989,3.1342907533383726,0.4651162790697674,2.8992189468379945,0.4157303370786517
L-LSPIN,lspin_tf,linear,0.00525,0.1,3,5,138,0.7830759654157383,3.1342907533383726,0.4651162790697674,3.055933484504913,0.4482758620689655
L-LSPIN,lspin_tf,linear,0.00525,0.1,3,6,138,0.8059377689345316,3.055933484504913,0.4482758620689655,3.212648022171832,0.4823529411764706
L-LSPIN,lspin_tf,linear,0.00525,0.1,3,7,138,0.7600265752191356,2.742504409171076,0.3846153846153846,3.1342907533383726,0.4651162790697674
L-LSPIN,lspin_tf,linear,0.00525,0.1,4,5,138,0.8124945613665465,3.4477198286722097,0.5365853658536586,3.212648022171832,0.4823529411764706
L-LSPIN,lspin_tf,linear,0.00525,0.1,4,6,138,0.8213686750624506,3.291005291005291,0.5,3.4477198286722097,0.5365853658536586
L-LSPIN,lspin_tf,linear,0.00525,0.1,4,7,138,0.8135200616109596,3.1342907533383726,0.4651162790697674,3.291005291005291,0.5
L-LSPIN,lspin_tf,linear,0.00525,0.1,5,6,138,0.8148593055940565,3.4477198286722097,0.5365853658536586,3.1342907533383726,0.4651162790697674
L-LSPIN,lspin_tf,linear,0.00525,0.1,5,7,138,0.7917648554317983,3.1342907533383726,0.4651162790697674,3.1342907533383726,0.4651162790697674
L-LSPIN,lspin_tf,linear,0.00525,0.1,6,7,138,0.8256951618376275,3.1342907533383726,0.4651162790697674,3.212648022171832,0.4823529411764706
L-LSPIN,lspin_tf,linear,0.014,0.1,0,1,142,0.5115046457589753,2.1156462585034013,0.2727272727272727,2.742504409171076,0.3846153846153846
L-LSPIN,lspin_tf,linear,0.014,0.1,0,2,142,0.4916823129766469,2.037288989669942,0.26,2.3507180650037798,0.3125
L-LSPIN,lspin_tf,linear,0.014,0.1,0,3,142,0.487887683637222,2.742504409171076,0.3846153846153846,2.1156462585034013,0.2727272727272727
L-LSPIN,lspin_tf,linear,0.014,0.1,0,4,142,0.5128331347039385,2.1156462585034013,0.2727272727272727,2.8208616780045355,0.4
L-LSPIN,lspin_tf,linear,0.014,0.1,0,5,142,0.4772835068786071,2.037288989669942,0.26,2.3507180650037798,0.3125
L-LSPIN,lspin_tf,linear,0.014,0.1,0,6,142,0.4044402974821775,1.802217183169564,0.2233009708737864,2.1156462585034013,0.2727272727272727
L-LSPIN,lspin_tf,linear,0.014,0.1,0,7,142,0.4574350049209368,1.802217183169564,0.2233009708737864,2.2723607961703203,0.2989690721649484
L-LSPIN,lspin_tf,linear,0.014,0.1,1,2,142,0.4954877610873016,2.1940035273368608,0.2857142857142857,2.507432602670698,0.3404255319148936
L-LSPIN,lspin_tf,linear,0.014,0.1,1,3,142,0.5080812575356963,2.429075333837239,0.3263157894736842,2.429075333837239,0.3263157894736842
L-LSPIN,lspin_tf,linear,0.014,0.1,1,4,142,0.4389753494792576,2.037288989669942,0.26,2.3507180650037798,0.3125
L-LSPIN,lspin_tf,linear,0.014,0.1,1,5,142,0.4154058170193827,2.1940035273368608,0.2857142857142857,1.880574452003024,0.2352941176470588
L-LSPIN,lspin_tf,linear,0.014,0.1,1,6,142,0.4481462944941406,2.037288989669942,0.26,2.3507180650037798,0.3125
L-LSPIN,lspin_tf,linear,0.014,0.1,1,7,142,0.5009061445877752,2.1940035273368608,0.2857142857142857,2.507432602670698,0.3404255319148936
L-LSPIN,lspin_tf,linear,0.014,0.1,2,3,142,0.5481314658423749,2.2723607961703203,0.2989690721649484,2.2723607961703203,0.2989690721649484
L-LSPIN,lspin_tf,linear,0.014,0.1,2,4,142,0.5671612540639519,2.429075333837239,0.3263157894736842,2.5857898715041574,0.3548387096774194
L-LSPIN,lspin_tf,linear,0.014,0.1,2,5,142,0.4521521122012233,2.3507180650037798,0.3125,2.3507180650037798,0.3125
L-LSPIN,lspin_tf,linear,0.014,0.1,2,6,142,0.4824912964261056,2.6641471403376165,0.3695652173913043,1.802217183169564,0.2233009708737864
L-LSPIN,lspin_tf,linear,0.014,0.1,2,7,142,0.4831184295355282,2.2723607961703203,0.2989690721649484,2.037288989669942,0.26
L-LSPIN,lspin_tf,linear,0.014,0.1,3,4,142,0.5080791733166623,2.037288989669942,0.26,2.037288989669942,0.26
L-LSPIN,lspin_tf,linear,0.014,0.1,3,5,142,0.4492059401402595,1.958931720836483,0.2475247524752475,2.037288989669942,0.26
L-LSPIN,lspin_tf,linear,0.014,0.1,3,6,142,0.5024428770801692,2.1940035273368608,0.2857142857142857,1.958931720836483,0.2475247524752475
L-LSPIN,lspin_tf,linear,0.014,0.1,3,7,142,0.4799570497974589,1.958931720836483,0.2475247524752475,2.2723607961703203,0.2989690721649484
L-LSPIN,lspin_tf,linear,0.014,0.1,4,5,142,0.4863681412208397,2.8208616780045355,0.4,2.1940035273368608,0.2857142857142857
L-LSPIN,lspin_tf,linear,0.014,0.1,4,6,142,0.4938941527740056,2.1940035273368608,0.2857142857142857,2.2723607961703203,0.2989690721649484
L-LSPIN,lspin_tf,linear,0.014,0.1,4,7,142,0.5205872762645835,2.1156462585034013,0.2727272727272727,2.3507180650037798,0.3125
L-LSPIN,lspin_tf,linear,0.014,0.1,5,6,142,0.4347024389102171,2.037288989669942,0.26,1.880574452003024,0.2352941176470588
L-LSPIN,lspin_tf,linear,0.014,0.1,5,7,142,0.5041472584919462,2.3507180650037798,0.3125,2.429075333837239,0.3263157894736842
L-LSPIN,lspin_tf,linear,0.014,0.1,6,7,142,0.5371417419806268,1.958931720836483,0.2475247524752475,2.6641471403376165,0.3695652173913043
L-LSPIN,lspin_tf,linear,0.00525,0.2,0,1,146,0.7907608747643445,2.977576215671454,0.4318181818181818,3.212648022171832,0.4823529411764706
L-LSPIN,lspin_tf,linear,0.00525,0.2,0,2,146,0.7736159676350544,3.212648022171832,0.4823529411764706,3.055933484504913,0.4482758620689655
L-LSPIN,lspin_tf,linear,0.00525,0.2,0,3,146,0.8106986235563362,3.1342907533383726,0.4651162790697674,3.3693625598387507,0.5180722891566265
L-LSPIN,lspin_tf,linear,0.00525,0.2,0,4,146,0.7518568363500004,2.8208616780045355,0.4,2.8992189468379945,0.4157303370786517
L-LSPIN,lspin_tf,linear,0.00525,0.2,0,5,146,0.8119690443693974,3.212648022171832,0.4823529411764706,3.3693625598387507,0.5180722891566265
L-LSPIN,lspin_tf,linear,0.00525,0.2,0,6,146,0.760998633232325,2.8992189468379945,0.4157303370786517,2.8208616780045355,0.4
L-LSPIN,lspin_tf,linear,0.00525,0.2,0,7,146,0.8123258418091149,3.1342907533383726,0.4651162790697674,3.1342907533383726,0.4651162790697674
L-LSPIN,lspin_tf,linear,0.00525,0.2,1,2,146,0.818678814474316,2.977576215671454,0.4318181818181818,3.055933484504913,0.4482758620689655
L-LSPIN,lspin_tf,linear,0.00525,0.2,1,3,146,0.8103669736629309,3.291005291005291,0.5,3.212648022171832,0.4823529411764706
L-LSPIN,lspin_tf,linear,0.00525,0.2,1,4,146,0.7739948214455719,3.055933484504913,0.4482758620689655,3.212648022171832,0.4823529411764706
L-LSPIN,lspin_tf,linear,0.00525,0.2,1,5,146,0.8069772817703937,2.977576215671454,0.4318181818181818,3.055933484504913,0.4482758620689655
L-LSPIN,lspin_tf,linear,0.00525,0.2,1,6,146,0.7813991399085896,2.977576215671454,0.4318181818181818,2.8992189468379945,0.4157303370786517
L-LSPIN,lspin_tf,linear,0.00525,0.2,1,7,146,0.8005186288361674,3.055933484504913,0.4482758620689655,2.8208616780045355,0.4
L-LSPIN,lspin_tf,linear,0.00525,0.2,2,3,146,0.8353577816445515,2.977576215671454,0.4318181818181818,3.212648022171832,0.4823529411764706
L-LSPIN,lspin_tf,linear,0.00525,0.2,2,4,146,0.7677558445570278,3.212648022171832,0.4823529411764706,2.8208616780045355,0.4
L-LSPIN,lspin_tf,linear,0.00525,0.2,2,5,146,0.8052027148180793,3.4477198286722097,0.5365853658536586,3.212648022171832,0.4823529411764706
L-LSPIN,lspin_tf,linear,0.00525,0.2,2,6,146,0.7909834167789771,3.055933484504913,0.4482758620689655,2.5857898715041574,0.3548387096774194
L-LSPIN,lspin_tf,linear,0.00525,0.2,2,7,146,0.7942017661899886,3.1342907533383726,0.4651162790697674,2.8992189468379945,0.4157303370786517
L-LSPIN,lspin_tf,linear,0.00525,0.2,3,4,146,0.7898977000272132,3.212648022171832,0.4823529411764706,3.3693625598387507,0.5180722891566265
L-LSPIN,lspin_tf,linear,0.00525,0.2,3,5,146,0.8321579129298334,3.4477198286722097,0.5365853658536586,3.212648022171832,0.4823529411764706
L-LSPIN,lspin_tf,linear,0.00525,0.2,3,6,146,0.8073076495472543,2.977576215671454,0.4318181818181818,3.212648022171832,0.4823529411764706
L-LSPIN,lspin_tf,linear,0.00525,0.2,3,7,146,0.8037287383732119,3.055933484504913,0.4482758620689655,3.1342907533383726,0.4651162790697674
L-LSPIN,lspin_tf,linear,0.00525,0.2,4,5,146,0.7853469895710806,3.055933484504913,0.4482758620689655,3.291005291005291,0.5
L-LSPIN,lspin_tf,linear,0.00525,0.2,4,6,146,0.7691910816790848,2.8208616780045355,0.4,2.977576215671454,0.4318181818181818
L-LSPIN,lspin_tf,linear,0.00525,0.2,4,7,146,0.7982894618450519,3.212648022171832,0.4823529411764706,3.212648022171832,0.4823529411764706
L-LSPIN,lspin_tf,linear,0.00525,0.2,5,6,146,0.7847365647355433,3.1342907533383726,0.4651162790697674,2.977576215671454,0.4318181818181818
L-LSPIN,lspin_tf,linear,0.00525,0.2,5,7,146,0.805938157731765,2.977576215671454,0.4318181818181818,3.291005291005291,0.5
L-LSPIN,lspin_tf,linear,0.00525,0.2,6,7,146,0.7707045780940113,3.291005291005291,0.5,2.977576215671454,0.4318181818181818
L-LSPIN,lspin_tf,linear,0.014,0.2,0,1,150,0.4841802704676112,2.2723607961703203,0.2989690721649484,1.802217183169564,0.2233009708737864
L-LSPIN,lspin_tf,linear,0.014,0.2,0,2,150,0.456754123894137,1.880574452003024,0.2352941176470588,1.6455026455026456,0.2
L-LSPIN,lspin_tf,linear,0.014,0.2,0,3,150,0.4734791356329444,2.1156462585034013,0.2727272727272727,2.037288989669942,0.26
L-LSPIN,lspin_tf,linear,0.014,0.2,0,4,150,0.4649072894939227,1.7238599143361049,0.2115384615384615,2.037288989669942,0.26
L-LSPIN,lspin_tf,linear,0.014,0.2,0,5,150,0.4482143591250747,1.7238599143361049,0.2115384615384615,2.1940035273368608,0.2857142857142857
L-LSPIN,lspin_tf,linear,0.014,0.2,0,6,150,0.4969571916773326,1.7238599143361049,0.2115384615384615,2.1156462585034013,0.2727272727272727
L-LSPIN,lspin_tf,linear,0.014,0.2,0,7,150,0.4417335555151024,1.958931720836483,0.2475247524752475,1.958931720836483,0.2475247524752475
L-LSPIN,lspin_tf,linear,0.014,0.2,1,2,150,0.5350478289203681,2.5857898715041574,0.3548387096774194,2.1156462585034013,0.2727272727272727
L-LSPIN,lspin_tf,linear,0.014,0.2,1,3,150,0.4904458414919465,1.958931720836483,0.2475247524752475,2.2723607961703203,0.2989690721649484
L-LSPIN,lspin_tf,linear,0.014,0.2,1,4,150,0.4516581247709555,2.1940035273368608,0.2857142857142857,1.880574452003024,0.2352941176470588
L-LSPIN,lspin_tf,linear,0.014,0.2,1,5,150,0.5108344364954334,2.1940035273368608,0.2857142857142857,2.037288989669942,0.26
L-LSPIN,lspin_tf,linear,0.014,0.2,1,6,150,0.4995481366606113,2.1940035273368608,0.2857142857142857,2.3507180650037798,0.3125
L-LSPIN,lspin_tf,linear,0.014,0.2,1,7,150,0.4951510681688296,2.5857898715041574,0.3548387096774194,1.958931720836483,0.2475247524752475
L-LSPIN,lspin_tf,linear,0.014,0.2,2,3,150,0.5157319917834688,2.1156462585034013,0.2727272727272727,2.1940035273368608,0.2857142857142857
L-LSPIN,lspin_tf,linear,0.014,0.2,2,4,150,0.5563453381105004,2.037288989669942,0.26,2.429075333837239,0.3263157894736842
L-LSPIN,lspin_tf,linear,0.014,0.2,2,5,150,0.4548734998709787,2.2723607961703203,0.2989690721649484,2.1156462585034013,0.2727272727272727
L-LSPIN,lspin_tf,linear,0.014,0.2,2,6,150,0.5546728785486961,2.507432602670698,0.3404255319148936,2.507432602670698,0.3404255319148936
L-LSPIN,lspin_tf,linear,0.014,0.2,2,7,150,0.5420662837673159,2.429075333837239,0.3263157894736842,2.1940035273368608,0.2857142857142857
L-LSPIN,lspin_tf,linear,0.014,0.2,3,4,150,0.5394204239423774,2.429075333837239,0.3263157894736842,2.1156462585034013,0.2727272727272727
L-LSPIN,lspin_tf,linear,0.014,0.2,3,5,150,0.4252445160255467,2.037288989669942,0.26,2.1156462585034013,0.2727272727272727
L-LSPIN,lspin_tf,linear,0.014,0.2,3,6,150,0.5639547834037628,2.507432602670698,0.3404255319148936,2.507432602670698,0.3404255319148936
L-LSPIN,lspin_tf,linear,0.014,0.2,3,7,150,0.6189694741100106,2.2723607961703203,0.2989690721649484,2.507432602670698,0.3404255319148936
L-LSPIN,lspin_tf,linear,0.014,0.2,4,5,150,0.4277387230197578,1.958931720836483,0.2475247524752475,1.958931720836483,0.2475247524752475
L-LSPIN,lspin_tf,linear,0.014,0.2,4,6,150,0.5300824806399429,2.1940035273368608,0.2857142857142857,2.429075333837239,0.3263157894736842
L-LSPIN,lspin_tf,linear,0.014,0.2,4,7,150,0.5343435352216929,2.2723607961703203,0.2989690721649484,2.2723607961703203,0.2989690721649484
L-LSPIN,lspin_tf,linear,0.014,0.2,5,6,150,0.5489965427573793,2.1940035273368608,0.2857142857142857,2.5857898715041574,0.3548387096774194
L-LSPIN,lspin_tf,linear,0.014,0.2,5,7,150,0.4931630104732716,2.037288989669942,0.26,2.2723607961703203,0.2989690721649484
L-LSPIN,lspin_tf,linear,0.014,0.2,6,7,150,0.5439076695599198,2.2723607961703203,0.2989690721649484,2.429075333837239,0.3263157894736842
L-LSPIN,lspin_tf,linear,0.00525,0.4,0,1,154,0.7660796717688763,2.8992189468379945,0.4157303370786517,2.977576215671454,0.4318181818181818
L-LSPIN,lspin_tf,linear,0.00525,0.4,0,2,154,0.8116138834896065,3.4477198286722097,0.5365853658536586,2.8992189468379945,0.4157303370786517
L-LSPIN,lspin_tf,linear,0.00525,0.4,0,3,154,0.8236867052351723,3.526077097505669,0.5555555555555556,3.212648022171832,0.4823529411764706
L-LSPIN,lspin_tf,linear,0.00525,0.4,0,4,154,0.8077476240086768,3.3693625598387507,0.5180722891566265,2.977576215671454,0.4318181818181818
L-LSPIN,lspin_tf,linear,0.00525,0.4,0,5,154,0.8042606740002506,3.3693625598387507,0.5180722891566265,2.8208616780045355,0.4
L-LSPIN,lspin_tf,linear,0.00525,0.4,0,6,154,0.795622227542971,3.291005291005291,0.5,2.8992189468379945,0.4157303370786517
L-LSPIN,lspin_tf,linear,0.00525,0.4,0,7,154,0.7471972311013085,2.977576215671454,0.4318181818181818,2.977576215671454,0.4318181818181818
L-LSPIN,lspin_tf,linear,0.00525,0.4,1,2,154,0.7859334045693364,3.1342907533383726,0.4651162790697674,3.055933484504913,0.4482758620689655
L-LSPIN,lspin_tf,linear,0.00525,0.4,1,3,154,0.7828498158745967,2.977576215671454,0.4318181818181818,2.8208616780045355,0.4
L-LSPIN,lspin_tf,linear,0.00525,0.4,1,4,154,0.7688090192944145,2.6641471403376165,0.3695652173913043,3.3693625598387507,0.5180722891566265
L-LSPIN,lspin_tf,linear,0.00525,0.4,1,5,154,0.7900295286798712,3.291005291005291,0.5,2.8208616780045355,0.4
L-LSPIN,lspin_tf,linear,0.00525,0.4,1,6,154,0.7456578955107457,2.977576215671454,0.4318181818181818,2.6641471403376165,0.3695652173913043
L-LSPIN,lspin_tf,linear,0.00525,0.4,1,7,154,0.768873751247678,3.1342907533383726,0.4651162790697674,2.8208616780045355,0.4
L-LSPIN,lspin_tf,linear,0.00525,0.4,2,3,154,0.8114373185863206,3.1342907533383726,0.4651162790697674,2.8208616780045355,0.4
L-LSPIN,lspin_tf,linear,0.00525,0.4,2,4,154,0.7893489165390842,3.3693625598387507,0.5180722891566265,3.291005291005291,0.5
L-LSPIN,lspin_tf,linear,0.00525,0.4,2,5,154,0.8107802754435577,3.3693625598387507,0.5180722891566265,2.8992189468379945,0.4157303370786517
L-LSPIN,lspin_tf,linear,0.00525,0.4,2,6,154,0.7891005396966835,3.3693625598387507,0.5180722891566265,3.055933484504913,0.4482758620689655
L-LSPIN,lspin_tf,linear,0.00525,0.4,2,7,154,0.7723193021616923,3.4477198286722097,0.5365853658536586,3.212648022171832,0.4823529411764706
L-LSPIN,lspin_tf,linear,0.00525,0.4,3,4,154,0.7729538045784377,3.055933484504913,0.4482758620689655,3.3693625598387507,0.5180722891566265
L-LSPIN,lspin_tf,linear,0.00525,0.4,3,5,154,0.7555046276479039,3.212648022171832,0.4823529411764706,2.742504409171076,0.3846153846153846
L-LSPIN,lspin_tf,linear,0.00525,0.4,3,6,154,0.7938210012270586,3.3693625598387507,0.5180722891566265,3.1342907533383726,0.4651162790697674
L-LSPIN,lspin_tf,linear,0.00525,0.4,3,7,154,0.7957010982660664,3.055933484504913,0.4482758620689655,3.291005291005291,0.5
L-LSPIN,lspin_tf,linear,0.00525,0.4,4,5,154,0.7687751246543799,3.055933484504913,0.4482758620689655,3.212648022171832,0.4823529411764706
L-LSPIN,lspin_tf,linear,0.00525,0.4,4,6,154,0.7767768939637492,2.977576215671454,0.4318181818181818,2.977576215671454,0.4318181818181818
L-LSPIN,lspin_tf,linear,0.00525,0.4,4,7,154,0.7637558765035531,3.055933484504913,0.4482758620689655,3.291005291005291,0.5
L-LSPIN,lspin_tf,linear,0.00525,0.4,5,6,154,0.7844433321780478,3.291005291005291,0.5,3.212648022171832,0.4823529411764706
L-LSPIN,lspin_tf,linear,0.00525,0.4,5,7,154,0.7525483677942927,3.1342907533383726,0.4651162790697674,2.977576215671454,0.4318181818181818
L-LSPIN,lspin_tf,linear,0.00525,0.4,6,7,154,0.7521221369794008,2.8208616780045355,0.4,3.212648022171832,0.4823529411764706
L-LSPIN,lspin_tf,linear,0.014,0.4,0,1,158,0.3831607640670104,1.7238599143361049,0.2115384615384615,1.7238599143361049,0.2115384615384615
L-LSPIN,lspin_tf,linear,0.014,0.4,0,2,158,0.4689538138850544,2.507432602670698,0.3404255319148936,2.2723607961703203,0.2989690721649484
L-LSPIN,lspin_tf,linear,0.014,0.4,0,3,158,0.5224902215238901,1.880574452003024,0.2352941176470588,2.2723607961703203,0.2989690721649484
L-LSPIN,lspin_tf,linear,0.014,0.4,0,4,158,0.5187302374624203,2.507432602670698,0.3404255319148936,2.1156462585034013,0.2727272727272727
L-LSPIN,lspin_tf,linear,0.014,0.4,0,5,158,0.389082738625134,1.802217183169564,0.2233009708737864,1.802217183169564,0.2233009708737864
L-LSPIN,lspin_tf,linear,0.014,0.4,0,6,158,0.5629179356186501,2.1156462585034013,0.2727272727272727,2.2723607961703203,0.2989690721649484
L-LSPIN,lspin_tf,linear,0.014,0.4,0,7,158,0.5226510611079979,2.037288989669942,0.26,2.1156462585034013,0.2727272727272727
L-LSPIN,lspin_tf,linear,0.014,0.4,1,2,158,0.4891170855516397,2.2723607961703203,0.2989690721649484,2.1940035273368608,0.2857142857142857
L-LSPIN,lspin_tf,linear,0.014,0.4,1,3,158,0.5433610488634044,2.1940035273368608,0.2857142857142857,2.3507180650037798,0.3125
L-LSPIN,lspin_tf,linear,0.014,0.4,1,4,158,0.4158105988841067,1.7238599143361049,0.2115384615384615,1.802217183169564,0.2233009708737864
L-LSPIN,lspin_tf,linear,0.014,0.4,1,5,158,0.4587971029796034,1.958931720836483,0.2475247524752475,1.802217183169564,0.2233009708737864
L-LSPIN,lspin_tf,linear,0.014,0.4,1,6,158,0.5243100092118326,2.1156462585034013,0.2727272727272727,2.6641471403376165,0.3695652173913043
L-LSPIN,lspin_tf,linear,0.014,0.4,1,7,158,0.4440386528126843,1.802217183169564,0.2233009708737864,1.7238599143361049,0.2115384615384615
L-LSPIN,lspin_tf,linear,0.014,0.4,2,3,158,0.4933898350014587,2.1156462585034013,0.2727272727272727,2.2723607961703203,0.2989690721649484
L-LSPIN,lspin_tf,linear,0.014,0.4,2,4,158,0.4359014159170133,2.1156462585034013,0.2727272727272727,1.7238599143361049,0.2115384615384615
L-LSPIN,lspin_tf,linear,0.014,0.4,2,5,158,0.4249268512464633,1.958931720836483,0.2475247524752475,1.7238599143361049,0.2115384615384615
L-LSPIN,lspin_tf,linear,0.014,0.4,2,6,158,0.5585252692742216,2.1940035273368608,0.2857142857142857,2.6641471403376165,0.3695652173913043
L-LSPIN,lspin_tf,linear,0.014,0.4,2,7,158,0.4691687214741142,1.880574452003024,0.2352941176470588,2.1940035273368608,0.2857142857142857
L-LSPIN,lspin_tf,linear,0.014,0.4,3,4,158,0.4609986107799591,1.880574452003024,0.2352941176470588,2.037288989669942,0.26
L-LSPIN,lspin_tf,linear,0.014,0.4,3,5,158,0.4901607667762345,2.3507180650037798,0.3125,1.880574452003024,0.2352941176470588
L-LSPIN,lspin_tf,linear,0.014,0.4,3,6,158,0.6089680769161226,2.1940035273368608,0.2857142857142857,2.507432602670698,0.3404255319148936
L-LSPIN,lspin_tf,linear,0.014,0.4,3,7,158,0.531971778696918,2.1940035273368608,0.2857142857142857,2.1940035273368608,0.2857142857142857
L-LSPIN,lspin_tf,linear,0.014,0.4,4,5,158,0.413544430802759,2.1940035273368608,0.2857142857142857,1.5671453766691863,0.1886792452830188
L-LSPIN,lspin_tf,linear,0.014,0.4,4,6,158,0.4682474101346177,2.3507180650037798,0.3125,2.1940035273368608,0.2857142857142857
L-LSPIN,lspin_tf,linear,0.014,0.4,4,7,158,0.4553815899591081,2.037288989669942,0.26,1.880574452003024,0.2352941176470588
L-LSPIN,lspin_tf,linear,0.014,0.4,5,6,158,0.4892715824885941,2.037288989669942,0.26,1.802217183169564,0.2233009708737864
L-LSPIN,lspin_tf,linear,0.014,0.4,5,7,158,0.4239117357109812,2.1156462585034013,0.2727272727272727,1.6455026455026456,0.2
L-LSPIN,lspin_tf,linear,0.014,0.4,6,7,158,0.57527784781561,2.2723607961703203,0.2989690721649484,2.1156462585034013,0.2727272727272727
L-LSPIN,lspin_tf,linear,0.00525,0.0,0,1,162,0.6103187975048561,2.977576215671454,0.4318181818181818,2.3507180650037798,0.3125
L-LSPIN,lspin_tf,linear,0.00525,0.0,0,2,162,0.6661361899979941,2.8208616780045355,0.4,2.507432602670698,0.3404255319148936
L-LSPIN,lspin_tf,linear,0.00525,0.0,0,3,162,0.711467320899395,2.977576215671454,0.4318181818181818,2.6641471403376165,0.3695652173913043
L-LSPIN,lspin_tf,linear,0.00525,0.0,0,4,162,0.6063105192380602,2.5857898715041574,0.3548387096774194,2.2723607961703203,0.2989690721649484
L-LSPIN,lspin_tf,linear,0.00525,0.0,0,5,162,0.6146151797974077,2.1156462585034013,0.2727272727272727,2.507432602670698,0.3404255319148936
L-LSPIN,lspin_tf,linear,0.00525,0.0,0,6,162,0.637947484642942,2.5857898715041574,0.3548387096774194,2.3507180650037798,0.3125
L-LSPIN,lspin_tf,linear,0.00525,0.0,0,7,162,0.6382244644585326,2.742504409171076,0.3846153846153846,2.2723607961703203,0.2989690721649484
L-LSPIN,lspin_tf,linear,0.00525,0.0,1,2,162,0.6364528528391655,2.8208616780045355,0.4,2.1940035273368608,0.2857142857142857
L-LSPIN,lspin_tf,linear,0.00525,0.0,1,3,162,0.6583159308567678,2.8208616780045355,0.4,2.5857898715041574,0.3548387096774194
L-LSPIN,lspin_tf,linear,0.00525,0.0,1,4,162,0.5686537690491562,2.1940035273368608,0.2857142857142857,2.1940035273368608,0.2857142857142857
L-LSPIN,lspin_tf,linear,0.00525,0.0,1,5,162,0.6625333155838228,2.5857898715041574,0.3548387096774194,2.429075333837239,0.3263157894736842
L-LSPIN,lspin_tf,linear,0.00525,0.0,1,6,162,0.5565033604703761,2.3507180650037798,0.3125,1.880574452003024,0.2352941176470588
L-LSPIN,lspin_tf,linear,0.00525,0.0,1,7,162,0.5985256902343136,2.5857898715041574,0.3548387096774194,2.429075333837239,0.3263157894736842
L-LSPIN,lspin_tf,linear,0.00525,0.0,2,3,162,0.7242078615182026,2.8208616780045355,0.4,2.8208616780045355,0.4
L-LSPIN,lspin_tf,linear,0.00525,0.0,2,4,162,0.6211782894597361,2.6641471403376165,0.3695652173913043,2.1940035273368608,0.2857142857142857
L-LSPIN,lspin_tf,linear,0.00525,0.0,2,5,162,0.632498838748716,2.507432602670698,0.3404255319148936,2.6641471403376165,0.3695652173913043
L-LSPIN,lspin_tf,linear,0.00525,0.0,2,6,162,0.5917661178707336,2.742504409171076,0.3846153846153846,2.2723607961703203,0.2989690721649484
L-LSPIN,lspin_tf,linear,0.00525,0.0,2,7,162,0.6379571464128557,3.055933484504913,0.4482758620689655,2.429075333837239,0.3263157894736842
L-LSPIN,lspin_tf,linear,0.00525,0.0,3,4,162,0.6434666012166965,2.977576215671454,0.4318181818181818,2.5857898715041574,0.3548387096774194
L-LSPIN,lspin_tf,linear,0.00525,0.0,3,5,162,0.670897861736602,2.977576215671454,0.4318181818181818,3.055933484504913,0.4482758620689655
L-LSPIN,lspin_tf,linear,0.00525,0.0,3,6,162,0.6770031156620674,2.8208616780045355,0.4,2.6641471403376165,0.3695652173913043
L-LSPIN,lspin_tf,linear,0.00525,0.0,3,7,162,0.7066956686852038,3.055933484504913,0.4482758620689655,3.055933484504913,0.4482758620689655
L-LSPIN,lspin_tf,linear,0.00525,0.0,4,5,162,0.5517170041727859,2.429075333837239,0.3263157894736842,2.2723607961703203,0.2989690721649484
L-LSPIN,lspin_tf,linear,0.00525,0.0,4,6,162,0.6022229252382998,2.742504409171076,0.3846153846153846,2.037288989669942,0.26
L-LSPIN,lspin_tf,linear,0.00525,0.0,4,7,162,0.577892245608086,2.6641471403376165,0.3695652173913043,2.6641471403376165,0.3695652173913043
L-LSPIN,lspin_tf,linear,0.00525,0.0,5,6,162,0.5828339898653713,2.3507180650037798,0.3125,2.429075333837239,0.3263157894736842
L-LSPIN,lspin_tf,linear,0.00525,0.0,5,7,162,0.674555171669174,2.977576215671454,0.4318181818181818,2.977576215671454,0.4318181818181818
L-LSPIN,lspin_tf,linear,0.00525,0.0,6,7,162,0.6076378156102313,2.6641471403376165,0.3695652173913043,2.507432602670698,0.3404255319148936
L-LSPIN,lspin_tf,linear,0.014,0.0,0,1,166,0.5038139343007246,2.037288989669942,0.26,2.1156462585034013,0.2727272727272727
L-LSPIN,lspin_tf,linear,0.014,0.0,0,2,166,0.521349854719885,2.2723607961703203,0.2989690721649484,2.429075333837239,0.3263157894736842
L-LSPIN,lspin_tf,linear,0.014,0.0,0,3,166,0.5584016989953633,2.2723607961703203,0.2989690721649484,2.429075333837239,0.3263157894736842
L-LSPIN,lspin_tf,linear,0.014,0.0,0,4,166,0.5214966595178141,2.1940035273368608,0.2857142857142857,1.958931720836483,0.2475247524752475
L-LSPIN,lspin_tf,linear,0.014,0.0,0,5,166,0.6112790675151275,2.5857898715041574,0.3548387096774194,2.037288989669942,0.26
L-LSPIN,lspin_tf,linear,0.014,0.0,0,6,166,0.5192693240980552,2.429075333837239,0.3263157894736842,2.2723607961703203,0.2989690721649484
L-LSPIN,lspin_tf,linear,0.014,0.0,0,7,166,0.4515520683932832,2.429075333837239,0.3263157894736842,2.037288989669942,0.26
L-LSPIN,lspin_tf,linear,0.014,0.0,1,2,166,0.4379141903923808,1.802217183169564,0.2233009708737864,2.1940035273368608,0.2857142857142857
L-LSPIN,lspin_tf,linear,0.014,0.0,1,3,166,0.4766747947125748,2.1156462585034013,0.2727272727272727,1.880574452003024,0.2352941176470588
L-LSPIN,lspin_tf,linear,0.014,0.0,1,4,166,0.4677196424715915,2.507432602670698,0.3404255319148936,2.037288989669942,0.26
L-LSPIN,lspin_tf,linear,0.014,0.0,1,5,166,0.4645123923244115,2.037288989669942,0.26,1.488788107835727,0.1775700934579439
L-LSPIN,lspin_tf,linear,0.014,0.0,1,6,166,0.497175312442033,2.2723607961703203,0.2989690721649484,1.880574452003024,0.2352941176470588
L-LSPIN,lspin_tf,linear,0.014,0.0,1,7,166,0.4429937450061483,2.2723607961703203,0.2989690721649484,2.037288989669942,0.26
L-LSPIN,lspin_tf,linear,0.014,0.0,2,3,166,0.5425038296778674,2.3507180650037798,0.3125,2.1940035273368608,0.2857142857142857
L-LSPIN,lspin_tf,linear,0.014,0.0,2,4,166,0.3824475369087327,1.958931720836483,0.2475247524752475,1.958931720836483,0.2475247524752475
L-LSPIN,lspin_tf,linear,0.014,0.0,2,5,166,0.3905037386001688,2.1940035273368608,0.2857142857142857,1.802217183169564,0.2233009708737864
L-LSPIN,lspin_tf,linear,0.014,0.0,2,6,166,0.4705871688840847,2.429075333837239,0.3263157894736842,2.1940035273368608,0.2857142857142857
L-LSPIN,lspin_tf,linear,0.014,0.0,2,7,166,0.4279560280776799,1.880574452003024,0.2352941176470588,2.1940035273368608,0.2857142857142857
L-LSPIN,lspin_tf,linear,0.014,0.0,3,4,166,0.5177064918741112,2.3507180650037798,0.3125,2.037288989669942,0.26
L-LSPIN,lspin_tf,linear,0.014,0.0,3,5,166,0.5862902160690344,2.3507180650037798,0.3125,2.429075333837239,0.3263157894736842
L-LSPIN,lspin_tf,linear,0.014,0.0,3,6,166,0.5536920294076281,2.6641471403376165,0.3695652173913043,2.2723607961703203,0.2989690721649484
L-LSPIN,lspin_tf,linear,0.014,0.0,3,7,166,0.4899699048979835,2.3507180650037798,0.3125,1.880574452003024,0.2352941176470588
L-LSPIN,lspin_tf,linear,0.014,0.0,4,5,166,0.4833319506258042,2.1156462585034013,0.2727272727272727,1.880574452003024,0.2352941176470588
L-LSPIN,lspin_tf,linear,0.014,0.0,4,6,166,0.5090909527842354,2.5857898715041574,0.3548387096774194,2.2723607961703203,0.2989690721649484
L-LSPIN,lspin_tf,linear,0.014,0.0,4,7,166,0.4703121299306792,2.1940035273368608,0.2857142857142857,2.1156462585034013,0.2727272727272727
L-LSPIN,lspin_tf,linear,0.014,0.0,5,6,166,0.6307341075504469,2.977576215671454,0.4318181818181818,2.2723607961703203,0.2989690721649484
L-LSPIN,lspin_tf,linear,0.014,0.0,5,7,166,0.5087101609989733,2.2723607961703203,0.2989690721649484,1.7238599143361049,0.2115384615384615
L-LSPIN,lspin_tf,linear,0.014,0.0,6,7,166,0.5760408068760116,2.1156462585034013,0.2727272727272727,2.507432602670698,0.3404255319148936
L-LSPIN,lspin_tf,linear,0.00525,0.1,0,1,170,0.7753857178491499,2.8208616780045355,0.4,3.1342907533383726,0.4651162790697674
L-LSPIN,lspin_tf,linear,0.00525,0.1,0,2,170,0.768930937085092,2.977576215671454,0.4318181818181818,3.055933484504913,0.4482758620689655
L-LSPIN,lspin_tf,linear,0.00525,0.1,0,3,170,0.7460187251092717,3.4477198286722097,0.5365853658536586,2.977576215671454,0.4318181818181818
L-LSPIN,lspin_tf,linear,0.00525,0.1,0,4,170,0.7702443294761516,2.8992189468379945,0.4157303370786517,3.3693625598387507,0.5180722891566265
L-LSPIN,lspin_tf,linear,0.00525,0.1,0,5,170,0.7995827566144386,3.055933484504913,0.4482758620689655,3.3693625598387507,0.5180722891566265
L-LSPIN,lspin_tf,linear,0.00525,0.1,0,6,170,0.7592938120003787,3.1342907533383726,0.4651162790697674,3.291005291005291,0.5
L-LSPIN,lspin_tf,linear,0.00525,0.1,0,7,170,0.7861711117773172,3.3693625598387507,0.5180722891566265,3.1342907533383726,0.4651162790697674
L-LSPIN,lspin_tf,linear,0.00525,0.1,1,2,170,0.7860515273319008,2.977576215671454,0.4318181818181818,3.291005291005291,0.5
L-LSPIN,lspin_tf,linear,0.00525,0.1,1,3,170,0.7786733432103422,3.212648022171832,0.4823529411764706,2.8208616780045355,0.4
L-LSPIN,lspin_tf,linear,0.00525,0.1,1,4,170,0.7580840386726762,2.5857898715041574,0.3548387096774194,3.212648022171832,0.4823529411764706
L-LSPIN,lspin_tf,linear,0.00525,0.1,1,5,170,0.7768166969580999,2.977576215671454,0.4318181818181818,2.977576215671454,0.4318181818181818
L-LSPIN,lspin_tf,linear,0.00525,0.1,1,6,170,0.8085379200934812,3.1342907533383726,0.4651162790697674,3.1342907533383726,0.4651162790697674
L-LSPIN,lspin_tf,linear,0.00525,0.1,1,7,170,0.7800018526067752,2.6641471403376165,0.3695652173913043,3.291005291005291,0.5
L-LSPIN,lspin_tf,linear,0.00525,0.1,2,3,170,0.751836524218442,3.055933484504913,0.4482758620689655,2.742504409171076,0.3846153846153846
L-LSPIN,lspin_tf,linear,0.00525,0.1,2,4,170,0.7783254885714048,3.055933484504913,0.4482758620689655,3.055933484504913,0.4482758620689655
L-LSPIN,lspin_tf,linear,0.00525,0.1,2,5,170,0.771545132342597,2.977576215671454,0.4318181818181818,2.5857898715041574,0.3548387096774194
L-LSPIN,lspin_tf,linear,0.00525,0.1,2,6,170,0.791667106128389,3.291005291005291,0.5,3.1342907533383726,0.4651162790697674
L-LSPIN,lspin_tf,linear,0.00525,0.1,2,7,170,0.8089774979740467,3.291005291005291,0.5,3.055933484504913,0.4482758620689655
L-LSPIN,lspin_tf,linear,0.00525,0.1,3,4,170,0.7547425956087145,2.977576215671454,0.4318181818181818,2.8992189468379945,0.4157303370786517
L-LSPIN,lspin_tf,linear,0.00525,0.1,3,5,170,0.770983195148902,2.977576215671454,0.4318181818181818,2.8208616780045355,0.4
L-LSPIN,lspin_tf,linear,0.00525,0.1,3,6,170,0.7492624705536107,3.291005291005291,0.5,2.8992189468379945,0.4157303370786517
L-LSPIN,lspin_tf,linear,0.00525,0.1,3,7,170,0.7641109773301653,3.291005291005291,0.5,3.1342907533383726,0.4651162790697674
L-LSPIN,lspin_tf,linear,0.00525,0.1,4,5,170,0.7786233589653776,3.1342907533383726,0.4651162790697674,3.212648022171832,0.4823529411764706
L-LSPIN,lspin_tf,linear,0.00525,0.1,4,6,170,0.7925835308458028,3.212648022171832,0.4823529411764706,3.1342907533383726,0.4651162790697674
L-LSPIN,lspin_tf,linear,0.00525,0.1,4,7,170,0.8257480075793429,3.3693625598387507,0.5180722891566265,3.4477198286722097,0.5365853658536586
L-LSPIN,lspin_tf,linear,0.00525,0.1,5,6,170,0.776357646479777,3.4477198286722097,0.5365853658536586,3.055933484504913,0.4482758620689655
L-LSPIN,lspin_tf,linear,0.00525,0.1,5,7,170,0.7813410922834351,2.8992189468379945,0.4157303370786517,3.1342907533383726,0.4651162790697674
L-LSPIN,lspin_tf,linear,0.00525,0.1,6,7,170,0.8205268027068,3.291005291005291,0.5,3.4477198286722097,0.5365853658536586
L-LSPIN,lspin_tf,linear,0.014,0.1,0,1,174,0.5458416147673526,2.1940035273368608,0.2857142857142857,2.1156462585034013,0.2727272727272727
L-LSPIN,lspin_tf,linear,0.014,0.1,0,2,174,0.4863036444568923,2.1940035273368608,0.2857142857142857,2.1940035273368608,0.2857142857142857
L-LSPIN,lspin_tf,linear,0.014,0.1,0,3,174,0.5122965054306324,1.958931720836483,0.2475247524752475,2.507432602670698,0.3404255319148936
L-LSPIN,lspin_tf,linear,0.014,0.1,0,4,174,0.4841222003256773,2.2723607961703203,0.2989690721649484,2.1156462585034013,0.2727272727272727
L-LSPIN,lspin_tf,linear,0.014,0.1,0,5,174,0.5100521868716003,1.958931720836483,0.2475247524752475,2.8992189468379945,0.4157303370786517
L-LSPIN,lspin_tf,linear,0.014,0.1,0,6,174,0.4217865293937196,1.7238599143361049,0.2115384615384615,2.3507180650037798,0.3125
L-LSPIN,lspin_tf,linear,0.014,0.1,0,7,174,0.5577767593571714,2.2723607961703203,0.2989690721649484,2.3507180650037798,0.3125
L-LSPIN,lspin_tf,linear,0.014,0.1,1,2,174,0.5818227454854068,2.8208616780045355,0.4,2.5857898715041574,0.3548387096774194
L-LSPIN,lspin_tf,linear,0.014,0.1,1,3,174,0.5139720516254769,2.037288989669942,0.26,2.2723607961703203,0.2989690721649484
L-LSPIN,lspin_tf,linear,0.014,0.1,1,4,174,0.5468217600960269,2.507432602670698,0.3404255319148936,1.802217183169564,0.2233009708737864
L-LSPIN,lspin_tf,linear,0.014,0.1,1,5,174,0.5327109386229194,2.1156462585034013,0.2727272727272727,1.958931720836483,0.2475247524752475
L-LSPIN,lspin_tf,linear,0.014,0.1,1,6,174,0.5162641519453667,2.6641471403376165,0.3695652173913043,1.880574452003024,0.2352941176470588
L-LSPIN,lspin_tf,linear,0.014,0.1,1,7,174,0.528526463548092,1.958931720836483,0.2475247524752475,2.2723607961703203,0.2989690721649484
L-LSPIN,lspin_tf,linear,0.014,0.1,2,3,174,0.5864428874733817,2.507432602670698,0.3404255319148936,2.5857898715041574,0.3548387096774194
L-LSPIN,lspin_tf,linear,0.014,0.1,2,4,174,0.554630219810789,2.429075333837239,0.3263157894736842,2.3507180650037798,0.3125
L-LSPIN,lspin_tf,linear,0.014,0.1,2,5,174,0.4995509599996026,2.1156462585034013,0.2727272727272727,2.1940035273368608,0.2857142857142857
L-LSPIN,lspin_tf,linear,0.014,0.1,2,6,174,0.5007509316418266,2.742504409171076,0.3846153846153846,2.037288989669942,0.26
L-LSPIN,lspin_tf,linear,0.014,0.1,2,7,174,0.5888327649803423,2.507432602670698,0.3404255319148936,2.2723607961703203,0.2989690721649484
L-LSPIN,lspin_tf,linear,0.014,0.1,3,4,174,0.5075419288261211,2.037288989669942,0.26,2.037288989669942,0.26
L-LSPIN,lspin_tf,linear,0.014,0.1,3,5,174,0.5128154537448928,2.1940035273368608,0.2857142857142857,2.1940035273368608,0.2857142857142857
L-LSPIN,lspin_tf,linear,0.014,0.1,3,6,174,0.52783107796064,2.429075333837239,0.3263157894736842,2.1940035273368608,0.2857142857142857
L-LSPIN,lspin_tf,linear,0.014,0.1,3,7,174,0.5490088837424663,2.429075333837239,0.3263157894736842,1.958931720836483,0.2475247524752475
L-LSPIN,lspin_tf,linear,0.014,0.1,4,5,174,0.5426604766102402,2.2723607961703203,0.2989690721649484,2.037288989669942,0.26
L-LSPIN,lspin_tf,linear,0.014,0.1,4,6,174,0.5393774000751546,2.2723607961703203,0.2989690721649484,2.037288989669942,0.26
L-LSPIN,lspin_tf,linear,0.014,0.1,4,7,174,0.4767485129181302,2.2723607961703203,0.2989690721649484,1.958931720836483,0.2475247524752475
L-LSPIN,lspin_tf,linear,0.014,0.1,5,6,174,0.5682549341485481,2.8208616780045355,0.4,2.3507180650037798,0.3125
L-LSPIN,lspin_tf,linear,0.014,0.1,5,7,174,0.5365253482206562,2.429075333837239,0.3263157894736842,2.3507180650037798,0.3125
L-LSPIN,lspin_tf,linear,0.014,0.1,6,7,174,0.4788709348085937,2.429075333837239,0.3263157894736842,1.958931720836483,0.2475247524752475
L-LSPIN,lspin_tf,linear,0.00525,0.2,0,1,178,0.808073752236644,3.1342907533383726,0.4651162790697674,3.055933484504913,0.4482758620689655
L-LSPIN,lspin_tf,linear,0.00525,0.2,0,2,178,0.8039068601272349,3.4477198286722097,0.5365853658536586,3.212648022171832,0.4823529411764706
L-LSPIN,lspin_tf,linear,0.00525,0.2,0,3,178,0.8111034494961092,3.055933484504913,0.4482758620689655,3.055933484504913,0.4482758620689655
L-LSPIN,lspin_tf,linear,0.00525,0.2,0,4,178,0.7688316884829834,2.977576215671454,0.4318181818181818,3.3693625598387507,0.5180722891566265
L-LSPIN,lspin_tf,linear,0.00525,0.2,0,5,178,0.7887661227655212,3.4477198286722097,0.5365853658536586,3.055933484504913,0.4482758620689655
L-LSPIN,lspin_tf,linear,0.00525,0.2,0,6,178,0.8087354117221955,3.055933484504913,0.4482758620689655,2.8992189468379945,0.4157303370786517
L-LSPIN,lspin_tf,linear,0.00525,0.2,0,7,178,0.7851979602099425,2.8992189468379945,0.4157303370786517,3.4477198286722097,0.5365853658536586
L-LSPIN,lspin_tf,linear,0.00525,0.2,1,2,178,0.7955503920141004,3.1342907533383726,0.4651162790697674,2.8992189468379945,0.4157303370786517
L-LSPIN,lspin_tf,linear,0.00525,0.2,1,3,178,0.8206424179978056,3.291005291005291,0.5,3.055933484504913,0.4482758620689655
L-LSPIN,lspin_tf,linear,0.00525,0.2,1,4,178,0.8091754217406045,3.1342907533383726,0.4651162790697674,3.055933484504913,0.4482758620689655
L-LSPIN,lspin_tf,linear,0.00525,0.2,1,5,178,0.7725841206253043,3.1342907533383726,0.4651162790697674,3.212648022171832,0.4823529411764706
L-LSPIN,lspin_tf,linear,0.00525,0.2,1,6,178,0.8072710313371028,3.291005291005291,0.5,2.977576215671454,0.4318181818181818
L-LSPIN,lspin_tf,linear,0.00525,0.2,1,7,178,0.7952940356901499,2.8992189468379945,0.4157303370786517,3.1342907533383726,0.4651162790697674
L-LSPIN,lspin_tf,linear,0.00525,0.2,2,3,178,0.7768360923089116,2.977576215671454,0.4318181818181818,3.212648022171832,0.4823529411764706
L-LSPIN,lspin_tf,linear,0.00525,0.2,2,4,178,0.7817679601834632,3.1342907533383726,0.4651162790697674,3.1342907533383726,0.4651162790697674
L-LSPIN,lspin_tf,linear,0.00525,0.2,2,5,178,0.7527871800581883,2.8992189468379945,0.4157303370786517,3.212648022171832,0.4823529411764706
L-LSPIN,lspin_tf,linear,0.00525,0.2,2,6,178,0.7890733184781632,3.212648022171832,0.4823529411764706,2.8992189468379945,0.4157303370786517
L-LSPIN,lspin_tf,linear,0.00525,0.2,2,7,178,0.7710662991663936,2.8208616780045355,0.4,3.1342907533383726,0.4651162790697674
L-LSPIN,lspin_tf,linear,0.00525,0.2,3,4,178,0.7840551706216096,2.8992189468379945,0.4157303370786517,3.212648022171832,0.4823529411764706
L-LSPIN,lspin_tf,linear,0.00525,0.2,3,5,178,0.7486956686731264,2.8208616780045355,0.4,2.977576215671454,0.4318181818181818
L-LSPIN,lspin_tf,linear,0.00525,0.2,3,6,178,0.8071503812627776,2.8208616780045355,0.4,3.3693625598387507,0.5180722891566265
L-LSPIN,lspin_tf,linear,0.00525,0.2,3,7,178,0.7546790313087612,2.6641471403376165,0.3695652173913043,2.742504409171076,0.3846153846153846
L-LSPIN,lspin_tf,linear,0.00525,0.2,4,5,178,0.7696081488735577,3.291005291005291,0.5,3.055933484504913,0.4482758620689655
L-LSPIN,lspin_tf,linear,0.00525,0.2,4,6,178,0.783506401394237,3.055933484504913,0.4482758620689655,2.8208616780045355,0.4
L-LSPIN,lspin_tf,linear,0.00525,0.2,4,7,178,0.7880472237434996,3.1342907533383726,0.4651162790697674,3.055933484504913,0.4482758620689655
L-LSPIN,lspin_tf,linear,0.00525,0.2,5,6,178,0.760082194112474,2.8208616780045355,0.4,3.055933484504913,0.4482758620689655
L-LSPIN,lspin_tf,linear,0.00525,0.2,5,7,178,0.7340232599237424,2.742504409171076,0.3846153846153846,3.055933484504913,0.4482758620689655
L-LSPIN,lspin_tf,linear,0.00525,0.2,6,7,178,0.7433260246258144,2.429075333837239,0.3263157894736842,2.8208616780045355,0.4
L-LSPIN,lspin_tf,linear,0.014,0.2,0,1,182,0.503918148941638,2.507432602670698,0.3404255319148936,2.1940035273368608,0.2857142857142857
L-LSPIN,lspin_tf,linear,0.014,0.2,0,2,182,0.5599957721180446,2.2723607961703203,0.2989690721649484,2.3507180650037798,0.3125
L-LSPIN,lspin_tf,linear,0.014,0.2,0,3,182,0.4903389006086005,2.1156462585034013,0.2727272727272727,1.6455026455026456,0.2
L-LSPIN,lspin_tf,linear,0.014,0.2,0,4,182,0.5427288127014253,2.5857898715041574,0.3548387096774194,2.037288989669942,0.26
L-LSPIN,lspin_tf,linear,0.014,0.2,0,5,182,0.5448758166159835,2.507432602670698,0.3404255319148936,1.880574452003024,0.2352941176470588
L-LSPIN,lspin_tf,linear,0.014,0.2,0,6,182,0.5871494942787039,2.429075333837239,0.3263157894736842,2.429075333837239,0.3263157894736842
L-LSPIN,lspin_tf,linear,0.014,0.2,0,7,182,0.4872278060986951,2.2723607961703203,0.2989690721649484,2.1156462585034013,0.2727272727272727
L-LSPIN,lspin_tf,linear,0.014,0.2,1,2,182,0.3915634848283855,2.1940035273368608,0.2857142857142857,2.1940035273368608,0.2857142857142857
L-LSPIN,lspin_tf,linear,0.014,0.2,1,3,182,0.5002224045655161,2.1156462585034013,0.2727272727272727,2.3507180650037798,0.3125
L-LSPIN,lspin_tf,linear,0.014,0.2,1,4,182,0.3940306867373961,2.429075333837239,0.3263157894736842,2.1156462585034013,0.2727272727272727
L-LSPIN,lspin_tf,linear,0.014,0.2,1,5,182,0.4367136150747349,2.1940035273368608,0.2857142857142857,1.6455026455026456,0.2
L-LSPIN,lspin_tf,linear,0.014,0.2,1,6,182,0.4810770337289431,1.802217183169564,0.2233009708737864,2.1156462585034013,0.2727272727272727
L-LSPIN,lspin_tf,linear,0.014,0.2,1,7,182,0.4810083794569398,2.1940035273368608,0.2857142857142857,2.507432602670698,0.3404255319148936
L-LSPIN,lspin_tf,linear,0.014,0.2,2,3,182,0.5236855451011909,2.1940035273368608,0.2857142857142857,2.037288989669942,0.26
L-LSPIN,lspin_tf,linear,0.014,0.2,2,4,182,0.4205784095273761,2.037288989669942,0.26,1.880574452003024,0.2352941176470588
L-LSPIN,lspin_tf,linear,0.014,0.2,2,5,182,0.3801596106772128,1.6455026455026456,0.2,1.7238599143361049,0.2115384615384615
L-LSPIN,lspin_tf,linear,0.014,0.2,2,6,182,0.505827659416207,2.3507180650037798,0.3125,2.037288989669942,0.26
L-LSPIN,lspin_tf,linear,0.014,0.2,2,7,182,0.5083177308369394,2.037288989669942,0.26,2.429075333837239,0.3263157894736842
L-LSPIN,lspin_tf,linear,0.014,0.2,3,4,182,0.4376164156482796,1.880574452003024,0.2352941176470588,2.2723607961703203,0.2989690721649484
L-LSPIN,lspin_tf,linear,0.014,0.2,3,5,182,0.5237081956376044,2.2723607961703203,0.2989690721649484,1.880574452003024,0.2352941176470588
L-LSPIN,lspin_tf,linear,0.014,0.2,3,6,182,0.5177728145084916,1.958931720836483,0.2475247524752475,2.2723607961703203,0.2989690721649484
L-LSPIN,lspin_tf,linear,0.014,0.2,3,7,182,0.4800235920941935,1.958931720836483,0.2475247524752475,2.1940035273368608,0.2857142857142857
L-LSPIN,lspin_tf,linear,0.014,0.2,4,5,182,0.4788786449512931,2.1940035273368608,0.2857142857142857,2.1940035273368608,0.2857142857142857
L-LSPIN,lspin_tf,linear,0.014,0.2,4,6,182,0.4949549833641621,2.3507180650037798,0.3125,2.507432602670698,0.3404255319148936
L-LSPIN,lspin_tf,linear,0.014,0.2,4,7,182,0.4697754232343687,2.1940035273368608,0.2857142857142857,2.5857898715041574,0.3548387096774194
L-LSPIN,lspin_tf,linear,0.014,0.2,5,6,182,0.553418376030875,2.5857898715041574,0.3548387096774194,2.037288989669942,0.26
L-LSPIN,lspin_tf,linear,0.014,0.2,5,7,182,0.4182573851962259,2.1940035273368608,0.2857142857142857,1.802217183169564,0.2233009708737864
L-LSPIN,lspin_tf,linear,0.014,0.2,6,7,182,0.5194202716225333,2.1156462585034013,0.2727272727272727,2.507432602670698,0.3404255319148936
L-LSPIN,lspin_tf,linear,0.00525,0.4,0,1,186,0.8063423276870044,3.4477198286722097,0.5365853658536586,3.1342907533383726,0.4651162790697674
L-LSPIN,lspin_tf,linear,0.00525,0.4,0,2,186,0.7960091545584309,3.291005291005291,0.5,3.291005291005291,0.5
L-LSPIN,lspin_tf,linear,0.00525,0.4,0,3,186,0.774885724176115,3.291005291005291,0.5,3.055933484504913,0.4482758620689655
L-LSPIN,lspin_tf,linear,0.00525,0.4,0,4,186,0.8164835439884148,3.1342907533383726,0.4651162790697674,3.4477198286722097,0.5365853658536586
L-LSPIN,lspin_tf,linear,0.00525,0.4,0,5,186,0.7733607324541544,3.055933484504913,0.4482758620689655,3.1342907533383726,0.4651162790697674
L-LSPIN,lspin_tf,linear,0.00525,0.4,0,6,186,0.7360489227106308,3.1342907533383726,0.4651162790697674,2.977576215671454,0.4318181818181818
L-LSPIN,lspin_tf,linear,0.00525,0.4,0,7,186,0.7711461447851388,2.8208616780045355,0.4,3.291005291005291,0.5
L-LSPIN,lspin_tf,linear,0.00525,0.4,1,2,186,0.7780883475251975,3.526077097505669,0.5555555555555556,3.1342907533383726,0.4651162790697674
L-LSPIN,lspin_tf,linear,0.00525,0.4,1,3,186,0.7707050577815473,3.1342907533383726,0.4651162790697674,2.977576215671454,0.4318181818181818
L-LSPIN,lspin_tf,linear,0.00525,0.4,1,4,186,0.8252186890573023,3.3693625598387507,0.5180722891566265,3.4477198286722097,0.5365853658536586
L-LSPIN,lspin_tf,linear,0.00525,0.4,1,5,186,0.7663816841872001,3.1342907533383726,0.4651162790697674,2.8992189468379945,0.4157303370786517
L-LSPIN,lspin_tf,linear,0.00525,0.4,1,6,186,0.7350323490294948,3.212648022171832,0.4823529411764706,2.977576215671454,0.4318181818181818
L-LSPIN,lspin_tf,linear,0.00525,0.4,1,7,186,0.7814329622405213,2.8992189468379945,0.4157303370786517,3.055933484504913,0.4482758620689655
L-LSPIN,lspin_tf,linear,0.00525,0.4,2,3,186,0.7596626295453481,3.1342907533383726,0.4651162790697674,2.8992189468379945,0.4157303370786517
L-LSPIN,lspin_tf,linear,0.00525,0.4,2,4,186,0.8053677013980854,3.212648022171832,0.4823529411764706,3.1342907533383726,0.4651162790697674
L-LSPIN,lspin_tf,linear,0.00525,0.4,2,5,186,0.7962166567653445,3.212648022171832,0.4823529411764706,2.8992189468379945,0.4157303370786517
L-LSPIN,lspin_tf,linear,0.00525,0.4,2,6,186,0.7577013755676871,2.8992189468379945,0.4157303370786517,3.526077097505669,0.5555555555555556
L-LSPIN,lspin_tf,linear,0.00525,0.4,2,7,186,0.8067661456565121,2.8992189468379945,0.4157303370786517,3.682791635172588,0.5949367088607594
L-LSPIN,lspin_tf,linear,0.00525,0.4,3,4,186,0.7815668682917525,3.212648022171832,0.4823529411764706,3.212648022171832,0.4823529411764706
L-LSPIN,lspin_tf,linear,0.00525,0.4,3,5,186,0.7514187453808407,3.055933484504913,0.4482758620689655,2.8992189468379945,0.4157303370786517
L-LSPIN,lspin_tf,linear,0.00525,0.4,3,6,186,0.7295531948194063,3.212648022171832,0.4823529411764706,2.977576215671454,0.4318181818181818
L-LSPIN,lspin_tf,linear,0.00525,0.4,3,7,186,0.7799205015051017,3.055933484504913,0.4482758620689655,2.6641471403376165,0.3695652173913043
L-LSPIN,lspin_tf,linear,0.00525,0.4,4,5,186,0.77609572594885,3.055933484504913,0.4482758620689655,2.977576215671454,0.4318181818181818
L-LSPIN,lspin_tf,linear,0.00525,0.4,4,6,186,0.7693739455254655,3.3693625598387507,0.5180722891566265,3.291005291005291,0.5
L-LSPIN,lspin_tf,linear,0.00525,0.4,4,7,186,0.7777368062177548,2.977576215671454,0.4318181818181818,3.212648022171832,0.4823529411764706
L-LSPIN,lspin_tf,linear,0.00525,0.4,5,6,186,0.7310786939492607,3.055933484504913,0.4482758620689655,3.055933484504913,0.4482758620689655
L-LSPIN,lspin_tf,linear,0.00525,0.4,5,7,186,0.7762530719017777,2.977576215671454,0.4318181818181818,2.8992189468379945,0.4157303370786517
L-LSPIN,lspin_tf,linear,0.00525,0.4,6,7,186,0.7673841060736368,2.977576215671454,0.4318181818181818,3.1342907533383726,0.4651162790697674
L-LSPIN,lspin_tf,linear,0.014,0.4,0,1,190,0.5031960724291071,2.429075333837239,0.3263157894736842,2.1156462585034013,0.2727272727272727
L-LSPIN,lspin_tf,linear,0.014,0.4,0,2,190,0.495612046663044,1.958931720836483,0.2475247524752475,2.2723607961703203,0.2989690721649484
L-LSPIN,lspin_tf,linear,0.014,0.4,0,3,190,0.5109851081517263,1.958931720836483,0.2475247524752475,2.3507180650037798,0.3125
L-LSPIN,lspin_tf,linear,0.014,0.4,0,4,190,0.3249325861136446,1.802217183169564,0.2233009708737864,1.7238599143361049,0.2115384615384615
L-LSPIN,lspin_tf,linear,0.014,0.4,0,5,190,0.3952690364670502,1.488788107835727,0.1775700934579439,2.3507180650037798,0.3125
L-LSPIN,lspin_tf,linear,0.014,0.4,0,6,190,0.4369489888001897,1.880574452003024,0.2352941176470588,1.880574452003024,0.2352941176470588
L-LSPIN,lspin_tf,linear,0.014,0.4,0,7,190,0.5154260500868755,1.802217183169564,0.2233009708737864,2.3507180650037798,0.3125
L-LSPIN,lspin_tf,linear,0.014,0.4,1,2,190,0.48075181822131,2.2723607961703203,0.2989690721649484,2.2723607961703203,0.2989690721649484
L-LSPIN,lspin_tf,linear,0.014,0.4,1,3,190,0.5151038073376332,2.429075333837239,0.3263157894736842,2.3507180650037798,0.3125
L-LSPIN,lspin_tf,linear,0.014,0.4,1,4,190,0.3554276400394311,2.1940035273368608,0.2857142857142857,1.6455026455026456,0.2
L-LSPIN,lspin_tf,linear,0.014,0.4,1,5,190,0.4517495402484416,2.3507180650037798,0.3125,2.1156462585034013,0.2727272727272727
L-LSPIN,lspin_tf,linear,0.014,0.4,1,6,190,0.4600750338110362,2.3507180650037798,0.3125,1.802217183169564,0.2233009708737864
L-LSPIN,lspin_tf,linear,0.014,0.4,1,7,190,0.4702227365110622,2.1940035273368608,0.2857142857142857,2.037288989669942,0.26
L-LSPIN,lspin_tf,linear,0.014,0.4,2,3,190,0.5805081101552539,2.1940035273368608,0.2857142857142857,2.5857898715041574,0.3548387096774194
L-LSPIN,lspin_tf,linear,0.014,0.4,2,4,190,0.4927265112775202,1.880574452003024,0.2352941176470588,2.1940035273368608,0.2857142857142857
L-LSPIN,lspin_tf,linear,0.014,0.4,2,5,190,0.5047205566006719,2.2723607961703203,0.2989690721649484,2.1940035273368608,0.2857142857142857
L-LSPIN,lspin_tf,linear,0.014,0.4,2,6,190,0.4258692960085914,2.037288989669942,0.26,2.1156462585034013,0.2727272727272727
L-LSPIN,lspin_tf,linear,0.014,0.4,2,7,190,0.4554398423128425,1.958931720836483,0.2475247524752475,2.037288989669942,0.26
L-LSPIN,lspin_tf,linear,0.014,0.4,3,4,190,0.4323199087526686,2.037288989669942,0.26,1.958931720836483,0.2475247524752475
L-LSPIN,lspin_tf,linear,0.014,0.4,3,5,190,0.5540516691916476,2.2723607961703203,0.2989690721649484,2.3507180650037798,0.3125
L-LSPIN,lspin_tf,linear,0.014,0.4,3,6,190,0.5073944370448572,2.1940035273368608,0.2857142857142857,2.1940035273368608,0.2857142857142857
L-LSPIN,lspin_tf,linear,0.014,0.4,3,7,190,0.492716428908128,2.429075333837239,0.3263157894736842,2.3507180650037798,0.3125
L-LSPIN,lspin_tf,linear,0.014,0.4,4,5,190,0.4053096651586532,2.1156462585034013,0.2727272727272727,2.2723607961703203,0.2989690721649484
L-LSPIN,lspin_tf,linear,0.014,0.4,4,6,190,0.4365696574482017,1.880574452003024,0.2352941176470588,2.1156462585034013,0.2727272727272727
L-LSPIN,lspin_tf,linear,0.014,0.4,4,7,190,0.3182643866297191,1.4104308390022675,0.1666666666666666,1.880574452003024,0.2352941176470588
L-LSPIN,lspin_tf,linear,0.014,0.4,5,6,190,0.5053881087984495,1.958931720836483,0.2475247524752475,2.2723607961703203,0.2989690721649484
L-LSPIN,lspin_tf,linear,0.014,0.4,5,7,190,0.4921558695227206,2.1940035273368608,0.2857142857142857,2.2723607961703203,0.2989690721649484
L-LSPIN,lspin_tf,linear,0.014,0.4,6,7,190,0.5126825688684569,2.037288989669942,0.26,2.2723607961703203,0.2989690721649484
L-Concrete,concrete,linear,0.00165,0.0,0,1,194,0.7949392322742757,3.055933484504913,0.4482758620689655,3.055933484504913,0.4482758620689655
L-Concrete,concrete,linear,0.00165,0.0,0,2,194,0.8166252486944476,3.7611489040060473,0.6153846153846154,3.3693625598387507,0.5180722891566265
L-Concrete,concrete,linear,0.00165,0.0,0,3,194,0.8052412622414111,3.055933484504913,0.4482758620689655,3.3693625598387507,0.5180722891566265
L-Concrete,concrete,linear,0.00165,0.0,0,4,194,0.8207162142003754,3.291005291005291,0.5,2.977576215671454,0.4318181818181818
L-Concrete,concrete,linear,0.00165,0.0,0,5,194,0.7935662581232851,3.604434366339128,0.575,3.291005291005291,0.5
L-Concrete,concrete,linear,0.00165,0.0,0,6,194,0.7822185018053164,3.526077097505669,0.5555555555555556,3.055933484504913,0.4482758620689655
L-Concrete,concrete,linear,0.00165,0.0,0,7,194,0.818694200573262,3.526077097505669,0.5555555555555556,3.055933484504913,0.4482758620689655
L-Concrete,concrete,linear,0.00165,0.0,1,2,194,0.8090567483038956,3.4477198286722097,0.5365853658536586,2.977576215671454,0.4318181818181818
L-Concrete,concrete,linear,0.00165,0.0,1,3,194,0.802209099170667,3.212648022171832,0.4823529411764706,2.977576215671454,0.4318181818181818
L-Concrete,concrete,linear,0.00165,0.0,1,4,194,0.7775836781925757,2.8992189468379945,0.4157303370786517,3.055933484504913,0.4482758620689655
L-Concrete,concrete,linear,0.00165,0.0,1,5,194,0.7621481291540242,3.1342907533383726,0.4651162790697674,2.8208616780045355,0.4
L-Concrete,concrete,linear,0.00165,0.0,1,6,194,0.7687515946746295,3.291005291005291,0.5,2.6641471403376165,0.3695652173913043
L-Concrete,concrete,linear,0.00165,0.0,1,7,194,0.7753585198622649,3.212648022171832,0.4823529411764706,2.6641471403376165,0.3695652173913043
L-Concrete,concrete,linear,0.00165,0.0,2,3,194,0.8236547963505282,3.291005291005291,0.5,3.291005291005291,0.5
L-Concrete,concrete,linear,0.00165,0.0,2,4,194,0.7788655569635522,3.291005291005291,0.5,3.1342907533383726,0.4651162790697674
L-Concrete,concrete,linear,0.00165,0.0,2,5,194,0.7674003137472587,3.291005291005291,0.5,2.977576215671454,0.4318181818181818
L-Concrete,concrete,linear,0.00165,0.0,2,6,194,0.7732581850473216,3.682791635172588,0.5949367088607594,2.8992189468379945,0.4157303370786517
L-Concrete,concrete,linear,0.00165,0.0,2,7,194,0.7830030874599421,3.526077097505669,0.5555555555555556,2.8992189468379945,0.4157303370786517
L-Concrete,concrete,linear,0.00165,0.0,3,4,194,0.7886920158996621,3.055933484504913,0.4482758620689655,2.8992189468379945,0.4157303370786517
L-Concrete,concrete,linear,0.00165,0.0,3,5,194,0.7893298766984432,3.291005291005291,0.5,2.977576215671454,0.4318181818181818
L-Concrete,concrete,linear,0.00165,0.0,3,6,194,0.7796745080401468,3.212648022171832,0.4823529411764706,2.8208616780045355,0.4
L-Concrete,concrete,linear,0.00165,0.0,3,7,194,0.7687410549163995,3.1342907533383726,0.4651162790697674,3.055933484504913,0.4482758620689655
L-Concrete,concrete,linear,0.00165,0.0,4,5,194,0.7885181772202381,3.526077097505669,0.5555555555555556,2.977576215671454,0.4318181818181818
L-Concrete,concrete,linear,0.00165,0.0,4,6,194,0.7783801666340936,3.4477198286722097,0.5365853658536586,2.8208616780045355,0.4
L-Concrete,concrete,linear,0.00165,0.0,4,7,194,0.8276611551784759,3.604434366339128,0.575,2.977576215671454,0.4318181818181818
L-Concrete,concrete,linear,0.00165,0.0,5,6,194,0.78665436890171,3.682791635172588,0.5949367088607594,2.8208616780045355,0.4
L-Concrete,concrete,linear,0.00165,0.0,5,7,194,0.7950791565392714,3.604434366339128,0.575,2.8208616780045355,0.4
L-Concrete,concrete,linear,0.00165,0.0,6,7,194,0.7982024790591946,3.526077097505669,0.5555555555555556,2.742504409171076,0.3846153846153846
L-Concrete,concrete,linear,0.0044,0.0,0,1,198,0.7359799165529654,2.8208616780045355,0.4,2.507432602670698,0.3404255319148936
L-Concrete,concrete,linear,0.0044,0.0,0,2,198,0.7235381738763061,2.977576215671454,0.4318181818181818,2.1940035273368608,0.2857142857142857
L-Concrete,concrete,linear,0.0044,0.0,0,3,198,0.6302647255722825,2.5857898715041574,0.3548387096774194,2.507432602670698,0.3404255319148936
L-Concrete,concrete,linear,0.0044,0.0,0,4,198,0.6707113860816704,3.055933484504913,0.4482758620689655,2.037288989669942,0.26
L-Concrete,concrete,linear,0.0044,0.0,0,5,198,0.6950832869755803,2.8208616780045355,0.4,2.1156462585034013,0.2727272727272727
L-Concrete,concrete,linear,0.0044,0.0,0,6,198,0.6899892072656547,3.055933484504913,0.4482758620689655,2.2723607961703203,0.2989690721649484
L-Concrete,concrete,linear,0.0044,0.0,0,7,198,0.6451075613452126,2.6641471403376165,0.3695652173913043,2.037288989669942,0.26
L-Concrete,concrete,linear,0.0044,0.0,1,2,198,0.7623537704547438,2.8992189468379945,0.4157303370786517,2.742504409171076,0.3846153846153846
L-Concrete,concrete,linear,0.0044,0.0,1,3,198,0.699473830556033,2.742504409171076,0.3846153846153846,2.8208616780045355,0.4
L-Concrete,concrete,linear,0.0044,0.0,1,4,198,0.7940362597659745,3.212648022171832,0.4823529411764706,2.8208616780045355,0.4
L-Concrete,concrete,linear,0.0044,0.0,1,5,198,0.7491595651953092,3.212648022171832,0.4823529411764706,2.8208616780045355,0.4
L-Concrete,concrete,linear,0.0044,0.0,1,6,198,0.756058809398355,2.977576215671454,0.4318181818181818,3.055933484504913,0.4482758620689655
L-Concrete,concrete,linear,0.0044,0.0,1,7,198,0.7324154420341628,3.212648022171832,0.4823529411764706,2.507432602670698,0.3404255319148936
L-Concrete,concrete,linear,0.0044,0.0,2,3,198,0.7163287878763269,2.6641471403376165,0.3695652173913043,2.5857898715041574,0.3548387096774194
L-Concrete,concrete,linear,0.0044,0.0,2,4,198,0.7433448011463066,3.1342907533383726,0.4651162790697674,2.507432602670698,0.3404255319148936
L-Concrete,concrete,linear,0.0044,0.0,2,5,198,0.7532116360240549,3.055933484504913,0.4482758620689655,2.507432602670698,0.3404255319148936
L-Concrete,concrete,linear,0.0044,0.0,2,6,198,0.7405371224585083,2.977576215671454,0.4318181818181818,2.507432602670698,0.3404255319148936
L-Concrete,concrete,linear,0.0044,0.0,2,7,198,0.7159172203120693,2.977576215671454,0.4318181818181818,2.429075333837239,0.3263157894736842
L-Concrete,concrete,linear,0.0044,0.0,3,4,198,0.7536509769988501,2.8208616780045355,0.4,2.507432602670698,0.3404255319148936
L-Concrete,concrete,linear,0.0044,0.0,3,5,198,0.7133098344187099,2.507432602670698,0.3404255319148936,2.3507180650037798,0.3125
L-Concrete,concrete,linear,0.0044,0.0,3,6,198,0.763492374393434,3.055933484504913,0.4482758620689655,2.8992189468379945,0.4157303370786517
L-Concrete,concrete,linear,0.0044,0.0,3,7,198,0.7154855459219013,2.8992189468379945,0.4157303370786517,2.507432602670698,0.3404255319148936
L-Concrete,concrete,linear,0.0044,0.0,4,5,198,0.7849698751128411,2.8208616780045355,0.4,2.6641471403376165,0.3695652173913043
L-Concrete,concrete,linear,0.0044,0.0,4,6,198,0.8070787056582751,3.055933484504913,0.4482758620689655,2.429075333837239,0.3263157894736842
L-Concrete,concrete,linear,0.0044,0.0,4,7,198,0.7773506243586102,3.212648022171832,0.4823529411764706,2.5857898715041574,0.3548387096774194
L-Concrete,concrete,linear,0.0044,0.0,5,6,198,0.7798913151475115,3.1342907533383726,0.4651162790697674,3.212648022171832,0.4823529411764706
L-Concrete,concrete,linear,0.0044,0.0,5,7,198,0.7317311419319685,3.1342907533383726,0.4651162790697674,3.1342907533383726,0.4651162790697674
L-Concrete,concrete,linear,0.0044,0.0,6,7,198,0.7561629338329258,3.055933484504913,0.4482758620689655,2.8208616780045355,0.4
L-Concrete,concrete,linear,0.00165,0.1,0,1,202,0.8824962764181085,3.996220710506425,0.68,3.4477198286722097,0.5365853658536586
L-Concrete,concrete,linear,0.00165,0.1,0,2,202,0.879789261007371,3.604434366339128,0.575,3.4477198286722097,0.5365853658536586
L-Concrete,concrete,linear,0.00165,0.1,0,3,202,0.8669685446282706,3.8395061728395055,0.6363636363636364,3.604434366339128,0.575
L-Concrete,concrete,linear,0.00165,0.1,0,4,202,0.8266358681442254,3.4477198286722097,0.5365853658536586,3.291005291005291,0.5
L-Concrete,concrete,linear,0.00165,0.1,0,5,202,0.8585269013466853,3.682791635172588,0.5949367088607594,3.682791635172588,0.5949367088607594
L-Concrete,concrete,linear,0.00165,0.1,0,6,202,0.8575398629949963,3.526077097505669,0.5555555555555556,3.4477198286722097,0.5365853658536586
L-Concrete,concrete,linear,0.00165,0.1,0,7,202,0.8874456450482574,3.7611489040060473,0.6153846153846154,3.291005291005291,0.5
L-Concrete,concrete,linear,0.00165,0.1,1,2,202,0.8519845202871142,3.4477198286722097,0.5365853658536586,3.3693625598387507,0.5180722891566265
L-Concrete,concrete,linear,0.00165,0.1,1,3,202,0.8511767169935351,3.3693625598387507,0.5180722891566265,3.291005291005291,0.5
L-Concrete,concrete,linear,0.00165,0.1,1,4,202,0.8321190811251257,3.3693625598387507,0.5180722891566265,3.1342907533383726,0.4651162790697674
L-Concrete,concrete,linear,0.00165,0.1,1,5,202,0.8321142340248294,3.604434366339128,0.575,3.3693625598387507,0.5180722891566265
L-Concrete,concrete,linear,0.00165,0.1,1,6,202,0.8524378548266532,3.526077097505669,0.5555555555555556,3.3693625598387507,0.5180722891566265
L-Concrete,concrete,linear,0.00165,0.1,1,7,202,0.8663988951492694,3.604434366339128,0.575,3.3693625598387507,0.5180722891566265
L-Concrete,concrete,linear,0.00165,0.1,2,3,202,0.8227380817663061,3.291005291005291,0.5,3.1342907533383726,0.4651162790697674
L-Concrete,concrete,linear,0.00165,0.1,2,4,202,0.8132746613593015,3.212648022171832,0.4823529411764706,3.1342907533383726,0.4651162790697674
L-Concrete,concrete,linear,0.00165,0.1,2,5,202,0.8300970949539513,3.4477198286722097,0.5365853658536586,3.526077097505669,0.5555555555555556
L-Concrete,concrete,linear,0.00165,0.1,2,6,202,0.8472332500348644,3.4477198286722097,0.5365853658536586,3.212648022171832,0.4823529411764706
L-Concrete,concrete,linear,0.00165,0.1,2,7,202,0.876638674401811,3.604434366339128,0.575,3.212648022171832,0.4823529411764706
L-Concrete,concrete,linear,0.00165,0.1,3,4,202,0.8361074815741429,3.604434366339128,0.575,3.3693625598387507,0.5180722891566265
L-Concrete,concrete,linear,0.00165,0.1,3,5,202,0.8348383927423584,3.526077097505669,0.5555555555555556,3.682791635172588,0.5949367088607594
L-Concrete,concrete,linear,0.00165,0.1,3,6,202,0.8226266953333894,3.4477198286722097,0.5365853658536586,3.291005291005291,0.5
L-Concrete,concrete,linear,0.00165,0.1,3,7,202,0.8641084179628369,3.7611489040060473,0.6153846153846154,3.291005291005291,0.5
L-Concrete,concrete,linear,0.00165,0.1,4,5,202,0.8216162287581188,3.3693625598387507,0.5180722891566265,3.526077097505669,0.5555555555555556
L-Concrete,concrete,linear,0.00165,0.1,4,6,202,0.8392829629630693,3.291005291005291,0.5,3.212648022171832,0.4823529411764706
L-Concrete,concrete,linear,0.00165,0.1,4,7,202,0.8628633464498355,3.4477198286722097,0.5365853658536586,3.212648022171832,0.4823529411764706
L-Concrete,concrete,linear,0.00165,0.1,5,6,202,0.8404009456283278,3.4477198286722097,0.5365853658536586,3.526077097505669,0.5555555555555556
L-Concrete,concrete,linear,0.00165,0.1,5,7,202,0.8459863786589285,3.604434366339128,0.575,3.212648022171832,0.4823529411764706
L-Concrete,concrete,linear,0.00165,0.1,6,7,202,0.8518030190977431,3.4477198286722097,0.5365853658536586,3.1342907533383726,0.4651162790697674
L-Concrete,concrete,linear,0.0044,0.1,0,1,206,0.7285668342002766,2.507432602670698,0.3404255319148936,2.8208616780045355,0.4
L-Concrete,concrete,linear,0.0044,0.1,0,2,206,0.663939352941977,2.429075333837239,0.3263157894736842,2.6641471403376165,0.3695652173913043
L-Concrete,concrete,linear,0.0044,0.1,0,3,206,0.6365103422552918,2.5857898715041574,0.3548387096774194,2.742504409171076,0.3846153846153846
L-Concrete,concrete,linear,0.0044,0.1,0,4,206,0.7411125200334353,2.8208616780045355,0.4,2.6641471403376165,0.3695652173913043
L-Concrete,concrete,linear,0.0044,0.1,0,5,206,0.6590021366573585,2.507432602670698,0.3404255319148936,2.5857898715041574,0.3548387096774194
L-Concrete,concrete,linear,0.0044,0.1,0,6,206,0.7316470458194512,2.5857898715041574,0.3548387096774194,2.6641471403376165,0.3695652173913043
L-Concrete,concrete,linear,0.0044,0.1,0,7,206,0.7033151010558981,2.5857898715041574,0.3548387096774194,2.507432602670698,0.3404255319148936
L-Concrete,concrete,linear,0.0044,0.1,1,2,206,0.7677731154748375,2.5857898715041574,0.3548387096774194,3.055933484504913,0.4482758620689655
L-Concrete,concrete,linear,0.0044,0.1,1,3,206,0.7512166893196502,2.977576215671454,0.4318181818181818,3.055933484504913,0.4482758620689655
L-Concrete,concrete,linear,0.0044,0.1,1,4,206,0.7711243902240945,2.8208616780045355,0.4,3.055933484504913,0.4482758620689655
L-Concrete,concrete,linear,0.0044,0.1,1,5,206,0.7322475951841949,3.1342907533383726,0.4651162790697674,3.212648022171832,0.4823529411764706
L-Concrete,concrete,linear,0.0044,0.1,1,6,206,0.7931698894050597,3.212648022171832,0.4823529411764706,3.291005291005291,0.5
L-Concrete,concrete,linear,0.0044,0.1,1,7,206,0.7401158359545574,3.055933484504913,0.4482758620689655,2.8992189468379945,0.4157303370786517
L-Concrete,concrete,linear,0.0044,0.1,2,3,206,0.7167646012810277,2.742504409171076,0.3846153846153846,2.6641471403376165,0.3695652173913043
L-Concrete,concrete,linear,0.0044,0.1,2,4,206,0.7499116671213154,2.8208616780045355,0.4,3.055933484504913,0.4482758620689655
L-Concrete,concrete,linear,0.0044,0.1,2,5,206,0.6762351600675891,2.742504409171076,0.3846153846153846,2.6641471403376165,0.3695652173913043
L-Concrete,concrete,linear,0.0044,0.1,2,6,206,0.7385945882892849,2.742504409171076,0.3846153846153846,2.8208616780045355,0.4
L-Concrete,concrete,linear,0.0044,0.1,2,7,206,0.7292542931822343,2.8992189468379945,0.4157303370786517,2.742504409171076,0.3846153846153846
L-Concrete,concrete,linear,0.0044,0.1,3,4,206,0.6873404379476789,2.8208616780045355,0.4,2.3507180650037798,0.3125
L-Concrete,concrete,linear,0.0044,0.1,3,5,206,0.6788266914887697,2.6641471403376165,0.3695652173913043,3.055933484504913,0.4482758620689655
L-Concrete,concrete,linear,0.0044,0.1,3,6,206,0.6809589665511773,3.055933484504913,0.4482758620689655,2.8208616780045355,0.4
L-Concrete,concrete,linear,0.0044,0.1,3,7,206,0.6330925791856057,2.742504409171076,0.3846153846153846,2.3507180650037798,0.3125
L-Concrete,concrete,linear,0.0044,0.1,4,5,206,0.7243917992516422,2.8992189468379945,0.4157303370786517,2.8992189468379945,0.4157303370786517
L-Concrete,concrete,linear,0.0044,0.1,4,6,206,0.755485824431457,2.8992189468379945,0.4157303370786517,2.8208616780045355,0.4
L-Concrete,concrete,linear,0.0044,0.1,4,7,206,0.7345927726562153,3.212648022171832,0.4823529411764706,2.8992189468379945,0.4157303370786517
L-Concrete,concrete,linear,0.0044,0.1,5,6,206,0.7266278051692825,3.055933484504913,0.4482758620689655,3.1342907533383726,0.4651162790697674
L-Concrete,concrete,linear,0.0044,0.1,5,7,206,0.6695416475966184,2.8208616780045355,0.4,2.6641471403376165,0.3695652173913043
L-Concrete,concrete,linear,0.0044,0.1,6,7,206,0.7218430945048667,2.8208616780045355,0.4,2.6641471403376165,0.3695652173913043
L-Concrete,concrete,linear,0.00165,0.2,0,1,210,0.8157746462461678,3.212648022171832,0.4823529411764706,3.291005291005291,0.5
L-Concrete,concrete,linear,0.00165,0.2,0,2,210,0.839136693897754,2.977576215671454,0.4318181818181818,3.526077097505669,0.5555555555555556
L-Concrete,concrete,linear,0.00165,0.2,0,3,210,0.8630816492558206,3.1342907533383726,0.4651162790697674,3.291005291005291,0.5
L-Concrete,concrete,linear,0.00165,0.2,0,4,210,0.8460082970359751,3.291005291005291,0.5,3.291005291005291,0.5
L-Concrete,concrete,linear,0.00165,0.2,0,5,210,0.8582230115354539,3.4477198286722097,0.5365853658536586,3.3693625598387507,0.5180722891566265
L-Concrete,concrete,linear,0.00165,0.2,0,6,210,0.8381948515721629,3.291005291005291,0.5,3.4477198286722097,0.5365853658536586
L-Concrete,concrete,linear,0.00165,0.2,0,7,210,0.8326491060211797,3.212648022171832,0.4823529411764706,3.526077097505669,0.5555555555555556
L-Concrete,concrete,linear,0.00165,0.2,1,2,210,0.8368865323852988,3.055933484504913,0.4482758620689655,3.604434366339128,0.575
L-Concrete,concrete,linear,0.00165,0.2,1,3,210,0.8473305692477922,3.291005291005291,0.5,3.526077097505669,0.5555555555555556
L-Concrete,concrete,linear,0.00165,0.2,1,4,210,0.8453524792204288,3.212648022171832,0.4823529411764706,3.212648022171832,0.4823529411764706
L-Concrete,concrete,linear,0.00165,0.2,1,5,210,0.8459608114431779,3.1342907533383726,0.4651162790697674,3.3693625598387507,0.5180722891566265
L-Concrete,concrete,linear,0.00165,0.2,1,6,210,0.8302367571889658,3.291005291005291,0.5,3.3693625598387507,0.5180722891566265
L-Concrete,concrete,linear,0.00165,0.2,1,7,210,0.8334558638636607,2.8992189468379945,0.4157303370786517,3.4477198286722097,0.5365853658536586
L-Concrete,concrete,linear,0.00165,0.2,2,3,210,0.8445126541804647,3.1342907533383726,0.4651162790697674,3.526077097505669,0.5555555555555556
L-Concrete,concrete,linear,0.00165,0.2,2,4,210,0.8418225985533524,2.977576215671454,0.4318181818181818,3.291005291005291,0.5
L-Concrete,concrete,linear,0.00165,0.2,2,5,210,0.8527497006209517,3.3693625598387507,0.5180722891566265,3.682791635172588,0.5949367088607594
L-Concrete,concrete,linear,0.00165,0.2,2,6,210,0.8408001507771498,3.1342907533383726,0.4651162790697674,3.526077097505669,0.5555555555555556
L-Concrete,concrete,linear,0.00165,0.2,2,7,210,0.8260211544324768,3.055933484504913,0.4482758620689655,3.526077097505669,0.5555555555555556
L-Concrete,concrete,linear,0.00165,0.2,3,4,210,0.8705594224747862,3.4477198286722097,0.5365853658536586,3.4477198286722097,0.5365853658536586
L-Concrete,concrete,linear,0.00165,0.2,3,5,210,0.8758228776589055,3.3693625598387507,0.5180722891566265,3.7611489040060473,0.6153846153846154
L-Concrete,concrete,linear,0.00165,0.2,3,6,210,0.8688271448862709,3.4477198286722097,0.5365853658536586,3.682791635172588,0.5949367088607594
L-Concrete,concrete,linear,0.00165,0.2,3,7,210,0.8489039324963821,2.977576215671454,0.4318181818181818,3.4477198286722097,0.5365853658536586
L-Concrete,concrete,linear,0.00165,0.2,4,5,210,0.860689683251246,3.604434366339128,0.575,3.4477198286722097,0.5365853658536586
L-Concrete,concrete,linear,0.00165,0.2,4,6,210,0.8597005365555479,3.291005291005291,0.5,3.604434366339128,0.575
L-Concrete,concrete,linear,0.00165,0.2,4,7,210,0.8653990625957335,2.977576215671454,0.4318181818181818,3.604434366339128,0.575
L-Concrete,concrete,linear,0.00165,0.2,5,6,210,0.83830396743302,3.604434366339128,0.575,3.3693625598387507,0.5180722891566265
L-Concrete,concrete,linear,0.00165,0.2,5,7,210,0.8502542239225668,3.526077097505669,0.5555555555555556,3.526077097505669,0.5555555555555556
L-Concrete,concrete,linear,0.00165,0.2,6,7,210,0.8529966466383522,3.291005291005291,0.5,3.7611489040060473,0.6153846153846154
L-Concrete,concrete,linear,0.0044,0.2,0,1,214,0.7340015752289957,2.8208616780045355,0.4,2.8208616780045355,0.4
L-Concrete,concrete,linear,0.0044,0.2,0,2,214,0.7022317192917336,2.8992189468379945,0.4157303370786517,2.8208616780045355,0.4
L-Concrete,concrete,linear,0.0044,0.2,0,3,214,0.7076878323316,2.8208616780045355,0.4,2.2723607961703203,0.2989690721649484
L-Concrete,concrete,linear,0.0044,0.2,0,4,214,0.7125528544973512,2.742504409171076,0.3846153846153846,3.1342907533383726,0.4651162790697674
L-Concrete,concrete,linear,0.0044,0.2,0,5,214,0.7260158243769442,2.742504409171076,0.3846153846153846,2.742504409171076,0.3846153846153846
L-Concrete,concrete,linear,0.0044,0.2,0,6,214,0.7164549706719484,2.507432602670698,0.3404255319148936,3.1342907533383726,0.4651162790697674
L-Concrete,concrete,linear,0.0044,0.2,0,7,214,0.7070474753754347,2.742504409171076,0.3846153846153846,2.6641471403376165,0.3695652173913043
L-Concrete,concrete,linear,0.0044,0.2,1,2,214,0.7147818608200727,2.429075333837239,0.3263157894736842,3.291005291005291,0.5
L-Concrete,concrete,linear,0.0044,0.2,1,3,214,0.7156484057635429,3.055933484504913,0.4482758620689655,2.429075333837239,0.3263157894736842
L-Concrete,concrete,linear,0.0044,0.2,1,4,214,0.7572715956946124,3.055933484504913,0.4482758620689655,2.977576215671454,0.4318181818181818
L-Concrete,concrete,linear,0.0044,0.2,1,5,214,0.7657930408696701,3.055933484504913,0.4482758620689655,3.212648022171832,0.4823529411764706
L-Concrete,concrete,linear,0.0044,0.2,1,6,214,0.7040675678308845,2.8992189468379945,0.4157303370786517,2.8992189468379945,0.4157303370786517
L-Concrete,concrete,linear,0.0044,0.2,1,7,214,0.7123039287880366,2.8992189468379945,0.4157303370786517,2.742504409171076,0.3846153846153846
L-Concrete,concrete,linear,0.0044,0.2,2,3,214,0.7452973265835455,2.977576215671454,0.4318181818181818,2.8992189468379945,0.4157303370786517
L-Concrete,concrete,linear,0.0044,0.2,2,4,214,0.713496936433047,2.742504409171076,0.3846153846153846,3.055933484504913,0.4482758620689655
L-Concrete,concrete,linear,0.0044,0.2,2,5,214,0.7029132759407172,2.5857898715041574,0.3548387096774194,3.055933484504913,0.4482758620689655
L-Concrete,concrete,linear,0.0044,0.2,2,6,214,0.6873213240452661,2.8992189468379945,0.4157303370786517,2.6641471403376165,0.3695652173913043
L-Concrete,concrete,linear,0.0044,0.2,2,7,214,0.7480548489971882,2.8992189468379945,0.4157303370786517,3.291005291005291,0.5
L-Concrete,concrete,linear,0.0044,0.2,3,4,214,0.6647347982420451,2.977576215671454,0.4318181818181818,2.5857898715041574,0.3548387096774194
L-Concrete,concrete,linear,0.0044,0.2,3,5,214,0.6938462385801101,2.6641471403376165,0.3695652173913043,2.6641471403376165,0.3695652173913043
L-Concrete,concrete,linear,0.0044,0.2,3,6,214,0.7168211386934935,2.8992189468379945,0.4157303370786517,2.8992189468379945,0.4157303370786517
L-Concrete,concrete,linear,0.0044,0.2,3,7,214,0.7420793312088251,2.977576215671454,0.4318181818181818,3.055933484504913,0.4482758620689655
L-Concrete,concrete,linear,0.0044,0.2,4,5,214,0.7198377822220923,3.1342907533383726,0.4651162790697674,2.6641471403376165,0.3695652173913043
L-Concrete,concrete,linear,0.0044,0.2,4,6,214,0.7284934357903656,2.8992189468379945,0.4157303370786517,2.977576215671454,0.4318181818181818
L-Concrete,concrete,linear,0.0044,0.2,4,7,214,0.7093590886105747,2.742504409171076,0.3846153846153846,2.977576215671454,0.4318181818181818
L-Concrete,concrete,linear,0.0044,0.2,5,6,214,0.6925468134944378,2.6641471403376165,0.3695652173913043,3.212648022171832,0.4823529411764706
L-Concrete,concrete,linear,0.0044,0.2,5,7,214,0.7202328533562027,2.8992189468379945,0.4157303370786517,2.977576215671454,0.4318181818181818
L-Concrete,concrete,linear,0.0044,0.2,6,7,214,0.7422451956566066,2.6641471403376165,0.3695652173913043,3.291005291005291,0.5
L-Concrete,concrete,linear,0.00165,0.4,0,1,218,0.8590159110036727,3.526077097505669,0.5555555555555556,3.3693625598387507,0.5180722891566265
L-Concrete,concrete,linear,0.00165,0.4,0,2,218,0.8682999632311309,3.8395061728395055,0.6363636363636364,3.682791635172588,0.5949367088607594
L-Concrete,concrete,linear,0.00165,0.4,0,3,218,0.8441687260432238,3.291005291005291,0.5,3.212648022171832,0.4823529411764706
L-Concrete,concrete,linear,0.00165,0.4,0,4,218,0.8334126323735149,3.526077097505669,0.5555555555555556,3.055933484504913,0.4482758620689655
L-Concrete,concrete,linear,0.00165,0.4,0,5,218,0.8420304525104647,2.977576215671454,0.4318181818181818,3.7611489040060473,0.6153846153846154
L-Concrete,concrete,linear,0.00165,0.4,0,6,218,0.8413969195837132,3.212648022171832,0.4823529411764706,3.212648022171832,0.4823529411764706
L-Concrete,concrete,linear,0.00165,0.4,0,7,218,0.8219784168420644,2.8992189468379945,0.4157303370786517,3.291005291005291,0.5
L-Concrete,concrete,linear,0.00165,0.4,1,2,218,0.8594132701581756,3.526077097505669,0.5555555555555556,3.291005291005291,0.5
L-Concrete,concrete,linear,0.00165,0.4,1,3,218,0.8656031950467351,3.3693625598387507,0.5180722891566265,3.604434366339128,0.575
L-Concrete,concrete,linear,0.00165,0.4,1,4,218,0.8565601374804407,3.526077097505669,0.5555555555555556,3.212648022171832,0.4823529411764706
L-Concrete,concrete,linear,0.00165,0.4,1,5,218,0.8566202767033665,2.977576215671454,0.4318181818181818,3.682791635172588,0.5949367088607594
L-Concrete,concrete,linear,0.00165,0.4,1,6,218,0.8490595392313518,3.3693625598387507,0.5180722891566265,3.1342907533383726,0.4651162790697674
L-Concrete,concrete,linear,0.00165,0.4,1,7,218,0.8341269288722242,3.291005291005291,0.5,3.4477198286722097,0.5365853658536586
L-Concrete,concrete,linear,0.00165,0.4,2,3,218,0.8714496074692376,3.526077097505669,0.5555555555555556,3.4477198286722097,0.5365853658536586
L-Concrete,concrete,linear,0.00165,0.4,2,4,218,0.8470010020865414,3.3693625598387507,0.5180722891566265,3.291005291005291,0.5
L-Concrete,concrete,linear,0.00165,0.4,2,5,218,0.8697312977284102,3.291005291005291,0.5,3.4477198286722097,0.5365853658536586
L-Concrete,concrete,linear,0.00165,0.4,2,6,218,0.8505054060742251,3.212648022171832,0.4823529411764706,3.291005291005291,0.5
L-Concrete,concrete,linear,0.00165,0.4,2,7,218,0.8526246084506085,3.3693625598387507,0.5180722891566265,3.212648022171832,0.4823529411764706
L-Concrete,concrete,linear,0.00165,0.4,3,4,218,0.8698791047130231,3.526077097505669,0.5555555555555556,3.604434366339128,0.575
L-Concrete,concrete,linear,0.00165,0.4,3,5,218,0.8796839384802125,3.526077097505669,0.5555555555555556,3.604434366339128,0.575
L-Concrete,concrete,linear,0.00165,0.4,3,6,218,0.8743104321858507,3.7611489040060473,0.6153846153846154,3.7611489040060473,0.6153846153846154
L-Concrete,concrete,linear,0.00165,0.4,3,7,218,0.8845479159250785,3.7611489040060473,0.6153846153846154,3.682791635172588,0.5949367088607594
L-Concrete,concrete,linear,0.00165,0.4,4,5,218,0.8740398471263738,3.291005291005291,0.5,3.604434366339128,0.575
L-Concrete,concrete,linear,0.00165,0.4,4,6,218,0.8419401986986121,3.291005291005291,0.5,3.4477198286722097,0.5365853658536586
L-Concrete,concrete,linear,0.00165,0.4,4,7,218,0.8394460090283944,3.3693625598387507,0.5180722891566265,3.4477198286722097,0.5365853658536586
L-Concrete,concrete,linear,0.00165,0.4,5,6,218,0.8630867178185996,3.526077097505669,0.5555555555555556,3.3693625598387507,0.5180722891566265
L-Concrete,concrete,linear,0.00165,0.4,5,7,218,0.8330057051714613,3.1342907533383726,0.4651162790697674,3.526077097505669,0.5555555555555556
L-Concrete,concrete,linear,0.00165,0.4,6,7,218,0.8325221033625828,3.291005291005291,0.5,3.3693625598387507,0.5180722891566265
L-Concrete,concrete,linear,0.0044,0.4,0,1,222,0.7071598904977782,2.8992189468379945,0.4157303370786517,2.6641471403376165,0.3695652173913043
L-Concrete,concrete,linear,0.0044,0.4,0,2,222,0.7408045497346439,2.977576215671454,0.4318181818181818,2.429075333837239,0.3263157894736842
L-Concrete,concrete,linear,0.0044,0.4,0,3,222,0.6645500577484482,3.055933484504913,0.4482758620689655,2.5857898715041574,0.3548387096774194
L-Concrete,concrete,linear,0.0044,0.4,0,4,222,0.6921941786453027,2.8208616780045355,0.4,2.5857898715041574,0.3548387096774194
L-Concrete,concrete,linear,0.0044,0.4,0,5,222,0.7185261967281917,3.055933484504913,0.4482758620689655,2.8208616780045355,0.4
L-Concrete,concrete,linear,0.0044,0.4,0,6,222,0.6356882598928466,2.5857898715041574,0.3548387096774194,2.3507180650037798,0.3125
L-Concrete,concrete,linear,0.0044,0.4,0,7,222,0.7126668679459466,2.507432602670698,0.3404255319148936,2.8208616780045355,0.4
L-Concrete,concrete,linear,0.0044,0.4,1,2,222,0.7671145666513473,3.055933484504913,0.4482758620689655,2.977576215671454,0.4318181818181818
L-Concrete,concrete,linear,0.0044,0.4,1,3,222,0.6862981000993893,2.977576215671454,0.4318181818181818,3.212648022171832,0.4823529411764706
L-Concrete,concrete,linear,0.0044,0.4,1,4,222,0.7075997365659309,2.8992189468379945,0.4157303370786517,3.212648022171832,0.4823529411764706
L-Concrete,concrete,linear,0.0044,0.4,1,5,222,0.6961242848635474,2.429075333837239,0.3263157894736842,2.8208616780045355,0.4
L-Concrete,concrete,linear,0.0044,0.4,1,6,222,0.7317045334999861,2.5857898715041574,0.3548387096774194,2.742504409171076,0.3846153846153846
L-Concrete,concrete,linear,0.0044,0.4,1,7,222,0.7337434701606259,2.3507180650037798,0.3125,3.212648022171832,0.4823529411764706
L-Concrete,concrete,linear,0.0044,0.4,2,3,222,0.7065184007831592,2.8208616780045355,0.4,2.8208616780045355,0.4
L-Concrete,concrete,linear,0.0044,0.4,2,4,222,0.7229001982293021,3.055933484504913,0.4482758620689655,2.8992189468379945,0.4157303370786517
L-Concrete,concrete,linear,0.0044,0.4,2,5,222,0.7229897855011378,2.8992189468379945,0.4157303370786517,2.977576215671454,0.4318181818181818
L-Concrete,concrete,linear,0.0044,0.4,2,6,222,0.7482527294007215,2.977576215671454,0.4318181818181818,3.1342907533383726,0.4651162790697674
L-Concrete,concrete,linear,0.0044,0.4,2,7,222,0.7714278564196277,2.8992189468379945,0.4157303370786517,3.1342907533383726,0.4651162790697674
L-Concrete,concrete,linear,0.0044,0.4,3,4,222,0.7236537570769279,2.977576215671454,0.4318181818181818,3.055933484504913,0.4482758620689655
L-Concrete,concrete,linear,0.0044,0.4,3,5,222,0.6822711528427858,2.8208616780045355,0.4,2.429075333837239,0.3263157894736842
L-Concrete,concrete,linear,0.0044,0.4,3,6,222,0.6935053192190748,2.742504409171076,0.3846153846153846,2.6641471403376165,0.3695652173913043
L-Concrete,concrete,linear,0.0044,0.4,3,7,222,0.6669572824228707,2.429075333837239,0.3263157894736842,2.8992189468379945,0.4157303370786517
L-Concrete,concrete,linear,0.0044,0.4,4,5,222,0.710455328928238,2.742504409171076,0.3846153846153846,2.5857898715041574,0.3548387096774194
L-Concrete,concrete,linear,0.0044,0.4,4,6,222,0.7766047740046131,2.8208616780045355,0.4,3.1342907533383726,0.4651162790697674
L-Concrete,concrete,linear,0.0044,0.4,4,7,222,0.6939537655079097,2.507432602670698,0.3404255319148936,2.8992189468379945,0.4157303370786517
L-Concrete,concrete,linear,0.0044,0.4,5,6,222,0.6872055964663893,2.742504409171076,0.3846153846153846,2.8992189468379945,0.4157303370786517
L-Concrete,concrete,linear,0.0044,0.4,5,7,222,0.7021583174245004,2.507432602670698,0.3404255319148936,2.8992189468379945,0.4157303370786517
L-Concrete,concrete,linear,0.0044,0.4,6,7,222,0.6993754072906184,2.507432602670698,0.3404255319148936,3.055933484504913,0.4482758620689655
L-Concrete,concrete,linear,0.00165,0.0,0,1,226,0.7779061534014253,2.8992189468379945,0.4157303370786517,3.526077097505669,0.5555555555555556
L-Concrete,concrete,linear,0.00165,0.0,0,2,226,0.7744719603098541,3.212648022171832,0.4823529411764706,2.8992189468379945,0.4157303370786517
L-Concrete,concrete,linear,0.00165,0.0,0,3,226,0.7638872591005401,3.291005291005291,0.5,3.3693625598387507,0.5180722891566265
L-Concrete,concrete,linear,0.00165,0.0,0,4,226,0.7751403835056937,2.8992189468379945,0.4157303370786517,3.212648022171832,0.4823529411764706
L-Concrete,concrete,linear,0.00165,0.0,0,5,226,0.7803407434830056,3.291005291005291,0.5,2.977576215671454,0.4318181818181818
L-Concrete,concrete,linear,0.00165,0.0,0,6,226,0.8070653790307252,3.291005291005291,0.5,2.8992189468379945,0.4157303370786517
L-Concrete,concrete,linear,0.00165,0.0,0,7,226,0.802459239289373,3.291005291005291,0.5,3.1342907533383726,0.4651162790697674
L-Concrete,concrete,linear,0.00165,0.0,1,2,226,0.7810821703200261,3.291005291005291,0.5,2.977576215671454,0.4318181818181818
L-Concrete,concrete,linear,0.00165,0.0,1,3,226,0.783395352843279,3.3693625598387507,0.5180722891566265,3.291005291005291,0.5
L-Concrete,concrete,linear,0.00165,0.0,1,4,226,0.7815104989960908,2.742504409171076,0.3846153846153846,3.291005291005291,0.5
L-Concrete,concrete,linear,0.00165,0.0,1,5,226,0.7802145193293332,3.055933484504913,0.4482758620689655,3.055933484504913,0.4482758620689655
L-Concrete,concrete,linear,0.00165,0.0,1,6,226,0.8062355222851222,3.291005291005291,0.5,2.8992189468379945,0.4157303370786517
L-Concrete,concrete,linear,0.00165,0.0,1,7,226,0.7960354281078397,2.8992189468379945,0.4157303370786517,3.291005291005291,0.5
L-Concrete,concrete,linear,0.00165,0.0,2,3,226,0.7436950003574667,3.4477198286722097,0.5365853658536586,2.8992189468379945,0.4157303370786517
L-Concrete,concrete,linear,0.00165,0.0,2,4,226,0.7484946857602145,3.055933484504913,0.4482758620689655,2.5857898715041574,0.3548387096774194
L-Concrete,concrete,linear,0.00165,0.0,2,5,226,0.7921063235292846,3.4477198286722097,0.5365853658536586,2.8208616780045355,0.4
L-Concrete,concrete,linear,0.00165,0.0,2,6,226,0.7831453762017978,3.291005291005291,0.5,2.507432602670698,0.3404255319148936
L-Concrete,concrete,linear,0.00165,0.0,2,7,226,0.7909803103333835,3.212648022171832,0.4823529411764706,2.8992189468379945,0.4157303370786517
L-Concrete,concrete,linear,0.00165,0.0,3,4,226,0.7812868947993462,3.291005291005291,0.5,3.055933484504913,0.4482758620689655
L-Concrete,concrete,linear,0.00165,0.0,3,5,226,0.8049494609282084,3.4477198286722097,0.5365853658536586,2.977576215671454,0.4318181818181818
L-Concrete,concrete,linear,0.00165,0.0,3,6,226,0.7948824337493412,3.4477198286722097,0.5365853658536586,3.055933484504913,0.4482758620689655
L-Concrete,concrete,linear,0.00165,0.0,3,7,226,0.7726277488446308,3.1342907533383726,0.4651162790697674,3.3693625598387507,0.5180722891566265
L-Concrete,concrete,linear,0.00165,0.0,4,5,226,0.8420548596757343,3.3693625598387507,0.5180722891566265,3.291005291005291,0.5
L-Concrete,concrete,linear,0.00165,0.0,4,6,226,0.7875353212428053,2.742504409171076,0.3846153846153846,2.6641471403376165,0.3695652173913043
L-Concrete,concrete,linear,0.00165,0.0,4,7,226,0.7691565062569391,3.055933484504913,0.4482758620689655,3.291005291005291,0.5
L-Concrete,concrete,linear,0.00165,0.0,5,6,226,0.7807292219053357,3.212648022171832,0.4823529411764706,2.507432602670698,0.3404255319148936
L-Concrete,concrete,linear,0.00165,0.0,5,7,226,0.7828972342777463,3.212648022171832,0.4823529411764706,2.8208616780045355,0.4
L-Concrete,concrete,linear,0.00165,0.0,6,7,226,0.7886255671652429,3.1342907533383726,0.4651162790697674,3.055933484504913,0.4482758620689655
L-Concrete,concrete,linear,0.0044,0.0,0,1,230,0.7595824923522656,3.212648022171832,0.4823529411764706,2.742504409171076,0.3846153846153846
L-Concrete,concrete,linear,0.0044,0.0,0,2,230,0.7577398657034597,3.055933484504913,0.4482758620689655,2.3507180650037798,0.3125
L-Concrete,concrete,linear,0.0044,0.0,0,3,230,0.748266806328943,3.291005291005291,0.5,2.3507180650037798,0.3125
L-Concrete,concrete,linear,0.0044,0.0,0,4,230,0.7136876013517409,3.212648022171832,0.4823529411764706,2.3507180650037798,0.3125
L-Concrete,concrete,linear,0.0044,0.0,0,5,230,0.7409735153330594,3.291005291005291,0.5,2.3507180650037798,0.3125
L-Concrete,concrete,linear,0.0044,0.0,0,6,230,0.757080545929357,2.8992189468379945,0.4157303370786517,2.6641471403376165,0.3695652173913043
L-Concrete,concrete,linear,0.0044,0.0,0,7,230,0.7783620486566476,3.4477198286722097,0.5365853658536586,2.507432602670698,0.3404255319148936
L-Concrete,concrete,linear,0.0044,0.0,1,2,230,0.7431670526667853,3.291005291005291,0.5,2.429075333837239,0.3263157894736842
L-Concrete,concrete,linear,0.0044,0.0,1,3,230,0.740687136058138,3.1342907533383726,0.4651162790697674,2.3507180650037798,0.3125
L-Concrete,concrete,linear,0.0044,0.0,1,4,230,0.7795234467150112,3.055933484504913,0.4482758620689655,2.5857898715041574,0.3548387096774194
L-Concrete,concrete,linear,0.0044,0.0,1,5,230,0.7197810418642773,2.977576215671454,0.4318181818181818,2.507432602670698,0.3404255319148936
L-Concrete,concrete,linear,0.0044,0.0,1,6,230,0.7660530957422514,3.1342907533383726,0.4651162790697674,2.6641471403376165,0.3695652173913043
L-Concrete,concrete,linear,0.0044,0.0,1,7,230,0.7492439683450945,2.977576215671454,0.4318181818181818,2.507432602670698,0.3404255319148936
L-Concrete,concrete,linear,0.0044,0.0,2,3,230,0.7670636999152509,3.055933484504913,0.4482758620689655,2.3507180650037798,0.3125
L-Concrete,concrete,linear,0.0044,0.0,2,4,230,0.7403737139641153,2.6641471403376165,0.3695652173913043,2.6641471403376165,0.3695652173913043
L-Concrete,concrete,linear,0.0044,0.0,2,5,230,0.7074774887137639,2.8208616780045355,0.4,2.3507180650037798,0.3125
L-Concrete,concrete,linear,0.0044,0.0,2,6,230,0.7258876389356438,3.055933484504913,0.4482758620689655,2.507432602670698,0.3404255319148936
L-Concrete,concrete,linear,0.0044,0.0,2,7,230,0.7519367250722294,2.977576215671454,0.4318181818181818,2.1940035273368608,0.2857142857142857
L-Concrete,concrete,linear,0.0044,0.0,3,4,230,0.7407053146188253,2.8992189468379945,0.4157303370786517,2.6641471403376165,0.3695652173913043
L-Concrete,concrete,linear,0.0044,0.0,3,5,230,0.7279558187012702,3.291005291005291,0.5,2.3507180650037798,0.3125
L-Concrete,concrete,linear,0.0044,0.0,3,6,230,0.7286439729271323,2.8992189468379945,0.4157303370786517,2.507432602670698,0.3404255319148936
L-Concrete,concrete,linear,0.0044,0.0,3,7,230,0.7718692742979244,3.291005291005291,0.5,2.429075333837239,0.3263157894736842
L-Concrete,concrete,linear,0.0044,0.0,4,5,230,0.7564501223788047,3.291005291005291,0.5,2.507432602670698,0.3404255319148936
L-Concrete,concrete,linear,0.0044,0.0,4,6,230,0.7574781495327899,2.742504409171076,0.3846153846153846,2.8992189468379945,0.4157303370786517
L-Concrete,concrete,linear,0.0044,0.0,4,7,230,0.7603439052046086,3.291005291005291,0.5,2.742504409171076,0.3846153846153846
L-Concrete,concrete,linear,0.0044,0.0,5,6,230,0.7243681911888362,3.212648022171832,0.4823529411764706,2.6641471403376165,0.3695652173913043
L-Concrete,concrete,linear,0.0044,0.0,5,7,230,0.7307994439190703,3.3693625598387507,0.5180722891566265,2.5857898715041574,0.3548387096774194
L-Concrete,concrete,linear,0.0044,0.0,6,7,230,0.7323897030827593,2.977576215671454,0.4318181818181818,2.8208616780045355,0.4
L-Concrete,concrete,linear,0.00165,0.1,0,1,234,0.8496459318723357,3.055933484504913,0.4482758620689655,3.212648022171832,0.4823529411764706
L-Concrete,concrete,linear,0.00165,0.1,0,2,234,0.8734818540422338,3.604434366339128,0.575,3.526077097505669,0.5555555555555556
L-Concrete,concrete,linear,0.00165,0.1,0,3,234,0.8738463567054318,3.4477198286722097,0.5365853658536586,3.604434366339128,0.575
L-Concrete,concrete,linear,0.00165,0.1,0,4,234,0.858223024898264,3.604434366339128,0.575,3.8395061728395055,0.6363636363636364
L-Concrete,concrete,linear,0.00165,0.1,0,5,234,0.8593294538406995,3.4477198286722097,0.5365853658536586,3.291005291005291,0.5
L-Concrete,concrete,linear,0.00165,0.1,0,6,234,0.8544206441151121,3.212648022171832,0.4823529411764706,3.212648022171832,0.4823529411764706
L-Concrete,concrete,linear,0.00165,0.1,0,7,234,0.8633133203765901,3.604434366339128,0.575,3.682791635172588,0.5949367088607594
L-Concrete,concrete,linear,0.00165,0.1,1,2,234,0.8607854924094244,3.3693625598387507,0.5180722891566265,3.682791635172588,0.5949367088607594
L-Concrete,concrete,linear,0.00165,0.1,1,3,234,0.872761225928622,3.291005291005291,0.5,3.291005291005291,0.5
L-Concrete,concrete,linear,0.00165,0.1,1,4,234,0.8445525580794745,3.291005291005291,0.5,3.604434366339128,0.575
L-Concrete,concrete,linear,0.00165,0.1,1,5,234,0.861484115198219,3.212648022171832,0.4823529411764706,3.212648022171832,0.4823529411764706
L-Concrete,concrete,linear,0.00165,0.1,1,6,234,0.8245710956850594,3.4477198286722097,0.5365853658536586,3.212648022171832,0.4823529411764706
L-Concrete,concrete,linear,0.00165,0.1,1,7,234,0.8429778228619468,3.291005291005291,0.5,3.526077097505669,0.5555555555555556
L-Concrete,concrete,linear,0.00165,0.1,2,3,234,0.8717052166730379,3.3693625598387507,0.5180722891566265,3.682791635172588,0.5949367088607594
L-Concrete,concrete,linear,0.00165,0.1,2,4,234,0.8832561645376927,3.526077097505669,0.5555555555555556,3.604434366339128,0.575
L-Concrete,concrete,linear,0.00165,0.1,2,5,234,0.8514275368566389,3.212648022171832,0.4823529411764706,3.604434366339128,0.575
L-Concrete,concrete,linear,0.00165,0.1,2,6,234,0.8686133827017443,3.4477198286722097,0.5365853658536586,3.604434366339128,0.575
L-Concrete,concrete,linear,0.00165,0.1,2,7,234,0.8724782696595621,3.604434366339128,0.575,3.682791635172588,0.5949367088607594
L-Concrete,concrete,linear,0.00165,0.1,3,4,234,0.8698099688569626,3.291005291005291,0.5,3.526077097505669,0.5555555555555556
L-Concrete,concrete,linear,0.00165,0.1,3,5,234,0.868439202653465,3.212648022171832,0.4823529411764706,3.682791635172588,0.5949367088607594
L-Concrete,concrete,linear,0.00165,0.1,3,6,234,0.8518656340797928,3.3693625598387507,0.5180722891566265,3.291005291005291,0.5
L-Concrete,concrete,linear,0.00165,0.1,3,7,234,0.8660807468662098,3.604434366339128,0.575,3.604434366339128,0.575
L-Concrete,concrete,linear,0.00165,0.1,4,5,234,0.838143747676914,3.212648022171832,0.4823529411764706,3.1342907533383726,0.4651162790697674
L-Concrete,concrete,linear,0.00165,0.1,4,6,234,0.8574493151511516,3.3693625598387507,0.5180722891566265,3.3693625598387507,0.5180722891566265
L-Concrete,concrete,linear,0.00165,0.1,4,7,234,0.8544579069456432,3.212648022171832,0.4823529411764706,3.917863441672966,0.6578947368421053
L-Concrete,concrete,linear,0.00165,0.1,5,6,234,0.8318841481620624,3.291005291005291,0.5,3.1342907533383726,0.4651162790697674
L-Concrete,concrete,linear,0.00165,0.1,5,7,234,0.8419638743121987,3.1342907533383726,0.4651162790697674,3.526077097505669,0.5555555555555556
L-Concrete,concrete,linear,0.00165,0.1,6,7,234,0.8643925502940751,3.682791635172588,0.5949367088607594,3.526077097505669,0.5555555555555556
L-Concrete,concrete,linear,0.0044,0.1,0,1,238,0.7093962569800287,2.507432602670698,0.3404255319148936,2.8992189468379945,0.4157303370786517
L-Concrete,concrete,linear,0.0044,0.1,0,2,238,0.6848702353343437,2.3507180650037798,0.3125,2.8208616780045355,0.4
L-Concrete,concrete,linear,0.0044,0.1,0,3,238,0.7296744482577909,2.8992189468379945,0.4157303370786517,2.742504409171076,0.3846153846153846
L-Concrete,concrete,linear,0.0044,0.1,0,4,238,0.7089056984065181,2.8208616780045355,0.4,2.977576215671454,0.4318181818181818
L-Concrete,concrete,linear,0.0044,0.1,0,5,238,0.7423670823040709,2.6641471403376165,0.3695652173913043,2.8992189468379945,0.4157303370786517
L-Concrete,concrete,linear,0.0044,0.1,0,6,238,0.6588823425055493,2.507432602670698,0.3404255319148936,2.3507180650037798,0.3125
L-Concrete,concrete,linear,0.0044,0.1,0,7,238,0.7122039903975906,2.6641471403376165,0.3695652173913043,2.8992189468379945,0.4157303370786517
L-Concrete,concrete,linear,0.0044,0.1,1,2,238,0.6686119252577405,2.977576215671454,0.4318181818181818,2.742504409171076,0.3846153846153846
L-Concrete,concrete,linear,0.0044,0.1,1,3,238,0.6860094940677055,2.5857898715041574,0.3548387096774194,3.1342907533383726,0.4651162790697674
L-Concrete,concrete,linear,0.0044,0.1,1,4,238,0.6902338406126848,2.6641471403376165,0.3695652173913043,3.1342907533383726,0.4651162790697674
L-Concrete,concrete,linear,0.0044,0.1,1,5,238,0.7059400896343553,3.055933484504913,0.4482758620689655,3.055933484504913,0.4482758620689655
L-Concrete,concrete,linear,0.0044,0.1,1,6,238,0.7228582177916757,3.1342907533383726,0.4651162790697674,2.507432602670698,0.3404255319148936
L-Concrete,concrete,linear,0.0044,0.1,1,7,238,0.7430435798074942,2.8992189468379945,0.4157303370786517,3.212648022171832,0.4823529411764706
L-Concrete,concrete,linear,0.0044,0.1,2,3,238,0.7637576689346917,2.977576215671454,0.4318181818181818,2.8992189468379945,0.4157303370786517
L-Concrete,concrete,linear,0.0044,0.1,2,4,238,0.6952625809547549,2.8992189468379945,0.4157303370786517,2.742504409171076,0.3846153846153846
L-Concrete,concrete,linear,0.0044,0.1,2,5,238,0.6904402576378756,2.977576215671454,0.4318181818181818,2.742504409171076,0.3846153846153846
L-Concrete,concrete,linear,0.0044,0.1,2,6,238,0.673457390331519,3.212648022171832,0.4823529411764706,2.3507180650037798,0.3125
L-Concrete,concrete,linear,0.0044,0.1,2,7,238,0.7044322604002966,2.8208616780045355,0.4,2.8208616780045355,0.4
L-Concrete,concrete,linear,0.0044,0.1,3,4,238,0.7088516375049037,3.1342907533383726,0.4651162790697674,3.212648022171832,0.4823529411764706
L-Concrete,concrete,linear,0.0044,0.1,3,5,238,0.7280891060063042,2.507432602670698,0.3404255319148936,3.3693625598387507,0.5180722891566265
L-Concrete,concrete,linear,0.0044,0.1,3,6,238,0.6998497990107688,2.507432602670698,0.3404255319148936,2.742504409171076,0.3846153846153846
L-Concrete,concrete,linear,0.0044,0.1,3,7,238,0.717159392067717,2.507432602670698,0.3404255319148936,3.4477198286722097,0.5365853658536586
L-Concrete,concrete,linear,0.0044,0.1,4,5,238,0.6982593722293446,2.8208616780045355,0.4,3.055933484504913,0.4482758620689655
L-Concrete,concrete,linear,0.0044,0.1,4,6,238,0.7138259720729215,2.8208616780045355,0.4,2.8992189468379945,0.4157303370786517
L-Concrete,concrete,linear,0.0044,0.1,4,7,238,0.7042485925148197,2.507432602670698,0.3404255319148936,2.8992189468379945,0.4157303370786517
L-Concrete,concrete,linear,0.0044,0.1,5,6,238,0.7193895873865898,3.291005291005291,0.5,2.742504409171076,0.3846153846153846
L-Concrete,concrete,linear,0.0044,0.1,5,7,238,0.7106442998595681,2.6641471403376165,0.3695652173913043,3.212648022171832,0.4823529411764706
L-Concrete,concrete,linear,0.0044,0.1,6,7,238,0.7233658875112337,2.2723607961703203,0.2989690721649484,2.8992189468379945,0.4157303370786517
L-Concrete,concrete,linear,0.00165,0.2,0,1,242,0.8563664719043939,3.291005291005291,0.5,3.682791635172588,0.5949367088607594
L-Concrete,concrete,linear,0.00165,0.2,0,2,242,0.8375776255091268,2.977576215671454,0.4318181818181818,3.291005291005291,0.5
L-Concrete,concrete,linear,0.00165,0.2,0,3,242,0.8706270033647452,3.604434366339128,0.575,3.526077097505669,0.5555555555555556
L-Concrete,concrete,linear,0.00165,0.2,0,4,242,0.853633502563889,3.3693625598387507,0.5180722891566265,3.682791635172588,0.5949367088607594
L-Concrete,concrete,linear,0.00165,0.2,0,5,242,0.8416751372018959,3.4477198286722097,0.5365853658536586,3.291005291005291,0.5
L-Concrete,concrete,linear,0.00165,0.2,0,6,242,0.8422411479263742,3.055933484504913,0.4482758620689655,3.212648022171832,0.4823529411764706
L-Concrete,concrete,linear,0.00165,0.2,0,7,242,0.8457106004905928,3.604434366339128,0.575,3.604434366339128,0.575
L-Concrete,concrete,linear,0.00165,0.2,1,2,242,0.8411720236804993,3.1342907533383726,0.4651162790697674,3.3693625598387507,0.5180722891566265
L-Concrete,concrete,linear,0.00165,0.2,1,3,242,0.8683456141789565,3.3693625598387507,0.5180722891566265,3.604434366339128,0.575
L-Concrete,concrete,linear,0.00165,0.2,1,4,242,0.8619075320789037,3.3693625598387507,0.5180722891566265,3.682791635172588,0.5949367088607594
L-Concrete,concrete,linear,0.00165,0.2,1,5,242,0.8333313188947917,3.3693625598387507,0.5180722891566265,3.3693625598387507,0.5180722891566265
L-Concrete,concrete,linear,0.00165,0.2,1,6,242,0.8551165247946841,3.682791635172588,0.5949367088607594,3.291005291005291,0.5
L-Concrete,concrete,linear,0.00165,0.2,1,7,242,0.8708950667228065,3.4477198286722097,0.5365853658536586,3.604434366339128,0.575
L-Concrete,concrete,linear,0.00165,0.2,2,3,242,0.8493492234166018,3.1342907533383726,0.4651162790697674,3.4477198286722097,0.5365853658536586
L-Concrete,concrete,linear,0.00165,0.2,2,4,242,0.8454292287394786,2.977576215671454,0.4318181818181818,3.3693625598387507,0.5180722891566265
L-Concrete,concrete,linear,0.00165,0.2,2,5,242,0.8248794235083348,3.212648022171832,0.4823529411764706,3.3693625598387507,0.5180722891566265
L-Concrete,concrete,linear,0.00165,0.2,2,6,242,0.8675764655528918,3.212648022171832,0.4823529411764706,3.4477198286722097,0.5365853658536586
L-Concrete,concrete,linear,0.00165,0.2,2,7,242,0.855667201983553,3.055933484504913,0.4482758620689655,3.4477198286722097,0.5365853658536586
L-Concrete,concrete,linear,0.00165,0.2,3,4,242,0.8496539573898729,3.291005291005291,0.5,3.3693625598387507,0.5180722891566265
L-Concrete,concrete,linear,0.00165,0.2,3,5,242,0.8272214100083319,3.212648022171832,0.4823529411764706,3.3693625598387507,0.5180722891566265
L-Concrete,concrete,linear,0.00165,0.2,3,6,242,0.8596609743273244,3.526077097505669,0.5555555555555556,3.4477198286722097,0.5365853658536586
L-Concrete,concrete,linear,0.00165,0.2,3,7,242,0.8538991300866839,3.4477198286722097,0.5365853658536586,3.3693625598387507,0.5180722891566265
L-Concrete,concrete,linear,0.00165,0.2,4,5,242,0.8476840721606088,3.1342907533383726,0.4651162790697674,3.4477198286722097,0.5365853658536586
L-Concrete,concrete,linear,0.00165,0.2,4,6,242,0.8596075235482699,3.055933484504913,0.4482758620689655,3.604434366339128,0.575
L-Concrete,concrete,linear,0.00165,0.2,4,7,242,0.8480164564657907,3.212648022171832,0.4823529411764706,3.526077097505669,0.5555555555555556
L-Concrete,concrete,linear,0.00165,0.2,5,6,242,0.8649485457699347,3.3693625598387507,0.5180722891566265,3.291005291005291,0.5
L-Concrete,concrete,linear,0.00165,0.2,5,7,242,0.8461312900293261,3.4477198286722097,0.5365853658536586,3.526077097505669,0.5555555555555556
L-Concrete,concrete,linear,0.00165,0.2,6,7,242,0.8621646422313788,3.212648022171832,0.4823529411764706,3.4477198286722097,0.5365853658536586
L-Concrete,concrete,linear,0.0044,0.2,0,1,246,0.6427457893047028,2.5857898715041574,0.3548387096774194,2.429075333837239,0.3263157894736842
L-Concrete,concrete,linear,0.0044,0.2,0,2,246,0.6880233712460297,2.977576215671454,0.4318181818181818,2.5857898715041574,0.3548387096774194
L-Concrete,concrete,linear,0.0044,0.2,0,3,246,0.6997464940268813,3.291005291005291,0.5,2.6641471403376165,0.3695652173913043
L-Concrete,concrete,linear,0.0044,0.2,0,4,246,0.7307409136794175,2.977576215671454,0.4318181818181818,2.5857898715041574,0.3548387096774194
L-Concrete,concrete,linear,0.0044,0.2,0,5,246,0.7347928333010305,3.212648022171832,0.4823529411764706,2.5857898715041574,0.3548387096774194
L-Concrete,concrete,linear,0.0044,0.2,0,6,246,0.7314459533252502,3.212648022171832,0.4823529411764706,2.8992189468379945,0.4157303370786517
L-Concrete,concrete,linear,0.0044,0.2,0,7,246,0.6954746861309435,2.5857898715041574,0.3548387096774194,2.742504409171076,0.3846153846153846
L-Concrete,concrete,linear,0.0044,0.2,1,2,246,0.6633509523799848,2.977576215671454,0.4318181818181818,2.8992189468379945,0.4157303370786517
L-Concrete,concrete,linear,0.0044,0.2,1,3,246,0.6963003821639469,2.742504409171076,0.3846153846153846,2.977576215671454,0.4318181818181818
L-Concrete,concrete,linear,0.0044,0.2,1,4,246,0.6676150687208247,3.212648022171832,0.4823529411764706,2.507432602670698,0.3404255319148936
L-Concrete,concrete,linear,0.0044,0.2,1,5,246,0.6786747546231594,2.8992189468379945,0.4157303370786517,2.6641471403376165,0.3695652173913043
L-Concrete,concrete,linear,0.0044,0.2,1,6,246,0.747737291883129,2.977576215671454,0.4318181818181818,2.8992189468379945,0.4157303370786517
L-Concrete,concrete,linear,0.0044,0.2,1,7,246,0.678634347121363,2.8208616780045355,0.4,3.212648022171832,0.4823529411764706
L-Concrete,concrete,linear,0.0044,0.2,2,3,246,0.735607711027982,3.055933484504913,0.4482758620689655,3.055933484504913,0.4482758620689655
L-Concrete,concrete,linear,0.0044,0.2,2,4,246,0.7246312497668708,3.291005291005291,0.5,2.507432602670698,0.3404255319148936
L-Concrete,concrete,linear,0.0044,0.2,2,5,246,0.7027471936804013,2.8992189468379945,0.4157303370786517,2.8992189468379945,0.4157303370786517
L-Concrete,concrete,linear,0.0044,0.2,2,6,246,0.7303459177053508,3.291005291005291,0.5,2.977576215671454,0.4318181818181818
L-Concrete,concrete,linear,0.0044,0.2,2,7,246,0.7202200976423259,2.8208616780045355,0.4,3.1342907533383726,0.4651162790697674
L-Concrete,concrete,linear,0.0044,0.2,3,4,246,0.7103646556114808,3.1342907533383726,0.4651162790697674,2.507432602670698,0.3404255319148936
L-Concrete,concrete,linear,0.0044,0.2,3,5,246,0.7584009032356438,3.1342907533383726,0.4651162790697674,2.742504409171076,0.3846153846153846
L-Concrete,concrete,linear,0.0044,0.2,3,6,246,0.7665104883877087,3.1342907533383726,0.4651162790697674,3.055933484504913,0.4482758620689655
L-Concrete,concrete,linear,0.0044,0.2,3,7,246,0.7415199637158806,2.8992189468379945,0.4157303370786517,2.977576215671454,0.4318181818181818
L-Concrete,concrete,linear,0.0044,0.2,4,5,246,0.7367823929741256,3.4477198286722097,0.5365853658536586,2.8992189468379945,0.4157303370786517
L-Concrete,concrete,linear,0.0044,0.2,4,6,246,0.7205514045937259,3.3693625598387507,0.5180722891566265,2.8992189468379945,0.4157303370786517
L-Concrete,concrete,linear,0.0044,0.2,4,7,246,0.7356805780784259,2.977576215671454,0.4318181818181818,2.8992189468379945,0.4157303370786517
L-Concrete,concrete,linear,0.0044,0.2,5,6,246,0.7665341743649196,3.212648022171832,0.4823529411764706,3.212648022171832,0.4823529411764706
L-Concrete,concrete,linear,0.0044,0.2,5,7,246,0.7355073916082533,3.1342907533383726,0.4651162790697674,3.291005291005291,0.5
L-Concrete,concrete,linear,0.0044,0.2,6,7,246,0.7192034833300848,2.5857898715041574,0.3548387096774194,3.055933484504913,0.4482758620689655
L-Concrete,concrete,linear,0.00165,0.4,0,1,250,0.8673748111900831,3.604434366339128,0.575,3.7611489040060473,0.6153846153846154
L-Concrete,concrete,linear,0.00165,0.4,0,2,250,0.8671240193250263,3.604434366339128,0.575,3.3693625598387507,0.5180722891566265
L-Concrete,concrete,linear,0.00165,0.4,0,3,250,0.8651812424456198,3.3693625598387507,0.5180722891566265,3.8395061728395055,0.6363636363636364
L-Concrete,concrete,linear,0.00165,0.4,0,4,250,0.8645882971089973,3.526077097505669,0.5555555555555556,3.7611489040060473,0.6153846153846154
L-Concrete,concrete,linear,0.00165,0.4,0,5,250,0.8564037255152008,3.212648022171832,0.4823529411764706,3.4477198286722097,0.5365853658536586
L-Concrete,concrete,linear,0.00165,0.4,0,6,250,0.8674945859563409,3.604434366339128,0.575,3.526077097505669,0.5555555555555556
L-Concrete,concrete,linear,0.00165,0.4,0,7,250,0.8558290317840597,3.4477198286722097,0.5365853658536586,3.8395061728395055,0.6363636363636364
L-Concrete,concrete,linear,0.00165,0.4,1,2,250,0.8525395009273349,3.3693625598387507,0.5180722891566265,3.212648022171832,0.4823529411764706
L-Concrete,concrete,linear,0.00165,0.4,1,3,250,0.8588286332820464,3.212648022171832,0.4823529411764706,3.682791635172588,0.5949367088607594
L-Concrete,concrete,linear,0.00165,0.4,1,4,250,0.852905897704886,3.526077097505669,0.5555555555555556,3.526077097505669,0.5555555555555556
L-Concrete,concrete,linear,0.00165,0.4,1,5,250,0.8430780469456453,3.291005291005291,0.5,3.212648022171832,0.4823529411764706
L-Concrete,concrete,linear,0.00165,0.4,1,6,250,0.851482244728713,3.291005291005291,0.5,3.604434366339128,0.575
L-Concrete,concrete,linear,0.00165,0.4,1,7,250,0.8516361125012601,3.212648022171832,0.4823529411764706,3.526077097505669,0.5555555555555556
L-Concrete,concrete,linear,0.00165,0.4,2,3,250,0.8501227921785911,3.291005291005291,0.5,3.291005291005291,0.5
L-Concrete,concrete,linear,0.00165,0.4,2,4,250,0.8536689449929742,3.291005291005291,0.5,3.4477198286722097,0.5365853658536586
L-Concrete,concrete,linear,0.00165,0.4,2,5,250,0.8384874899467326,3.291005291005291,0.5,3.291005291005291,0.5
L-Concrete,concrete,linear,0.00165,0.4,2,6,250,0.836700326681344,3.4477198286722097,0.5365853658536586,3.291005291005291,0.5
L-Concrete,concrete,linear,0.00165,0.4,2,7,250,0.8515640397256685,3.212648022171832,0.4823529411764706,3.4477198286722097,0.5365853658536586
L-Concrete,concrete,linear,0.00165,0.4,3,4,250,0.8562565457713011,3.3693625598387507,0.5180722891566265,3.4477198286722097,0.5365853658536586
L-Concrete,concrete,linear,0.00165,0.4,3,5,250,0.8474221241242031,3.1342907533383726,0.4651162790697674,3.291005291005291,0.5
L-Concrete,concrete,linear,0.00165,0.4,3,6,250,0.847401605352619,3.4477198286722097,0.5365853658536586,3.604434366339128,0.575
L-Concrete,concrete,linear,0.00165,0.4,3,7,250,0.8648160963186194,3.7611489040060473,0.6153846153846154,3.604434366339128,0.575
L-Concrete,concrete,linear,0.00165,0.4,4,5,250,0.8361361296688659,3.1342907533383726,0.4651162790697674,3.682791635172588,0.5949367088607594
L-Concrete,concrete,linear,0.00165,0.4,4,6,250,0.8535829301427609,3.4477198286722097,0.5365853658536586,3.7611489040060473,0.6153846153846154
L-Concrete,concrete,linear,0.00165,0.4,4,7,250,0.8475484588951875,3.055933484504913,0.4482758620689655,3.604434366339128,0.575
L-Concrete,concrete,linear,0.00165,0.4,5,6,250,0.8208154710280984,3.291005291005291,0.5,3.291005291005291,0.5
L-Concrete,concrete,linear,0.00165,0.4,5,7,250,0.8633230825199082,3.291005291005291,0.5,3.3693625598387507,0.5180722891566265
L-Concrete,concrete,linear,0.00165,0.4,6,7,250,0.8278685992401392,3.3693625598387507,0.5180722891566265,3.526077097505669,0.5555555555555556
L-Concrete,concrete,linear,0.0044,0.4,0,1,254,0.7212337817994237,2.8992189468379945,0.4157303370786517,2.5857898715041574,0.3548387096774194
L-Concrete,concrete,linear,0.0044,0.4,0,2,254,0.6631220713556515,2.742504409171076,0.3846153846153846,2.2723607961703203,0.2989690721649484
L-Concrete,concrete,linear,0.0044,0.4,0,3,254,0.717809202079991,2.742504409171076,0.3846153846153846,3.055933484504913,0.4482758620689655
L-Concrete,concrete,linear,0.0044,0.4,0,4,254,0.7290190011278636,2.5857898715041574,0.3548387096774194,2.8992189468379945,0.4157303370786517
L-Concrete,concrete,linear,0.0044,0.4,0,5,254,0.7356692206004505,3.055933484504913,0.4482758620689655,2.8208616780045355,0.4
L-Concrete,concrete,linear,0.0044,0.4,0,6,254,0.7019193245854034,2.429075333837239,0.3263157894736842,2.742504409171076,0.3846153846153846
L-Concrete,concrete,linear,0.0044,0.4,0,7,254,0.6934124784734531,2.2723607961703203,0.2989690721649484,2.977576215671454,0.4318181818181818
L-Concrete,concrete,linear,0.0044,0.4,1,2,254,0.6979111853829937,2.8208616780045355,0.4,2.6641471403376165,0.3695652173913043
L-Concrete,concrete,linear,0.0044,0.4,1,3,254,0.7032428134701637,2.742504409171076,0.3846153846153846,2.8992189468379945,0.4157303370786517
L-Concrete,concrete,linear,0.0044,0.4,1,4,254,0.6896971412664026,3.291005291005291,0.5,2.8992189468379945,0.4157303370786517
L-Concrete,concrete,linear,0.0044,0.4,1,5,254,0.7491568954645943,3.212648022171832,0.4823529411764706,2.742504409171076,0.3846153846153846
L-Concrete,concrete,linear,0.0044,0.4,1,6,254,0.7247455637254062,3.1342907533383726,0.4651162790697674,2.8992189468379945,0.4157303370786517
L-Concrete,concrete,linear,0.0044,0.4,1,7,254,0.7287378027323098,3.055933484504913,0.4482758620689655,3.1342907533383726,0.4651162790697674
L-Concrete,concrete,linear,0.0044,0.4,2,3,254,0.6991778649546917,2.5857898715041574,0.3548387096774194,2.6641471403376165,0.3695652173913043
L-Concrete,concrete,linear,0.0044,0.4,2,4,254,0.6953345296805585,2.8992189468379945,0.4157303370786517,2.5857898715041574,0.3548387096774194
L-Concrete,concrete,linear,0.0044,0.4,2,5,254,0.7026866641932217,3.055933484504913,0.4482758620689655,2.742504409171076,0.3846153846153846
L-Concrete,concrete,linear,0.0044,0.4,2,6,254,0.6652244459936265,2.5857898715041574,0.3548387096774194,2.507432602670698,0.3404255319148936
L-Concrete,concrete,linear,0.0044,0.4,2,7,254,0.7073043782349875,2.8208616780045355,0.4,3.055933484504913,0.4482758620689655
L-Concrete,concrete,linear,0.0044,0.4,3,4,254,0.6724576395026363,2.429075333837239,0.3263157894736842,3.3693625598387507,0.5180722891566265
L-Concrete,concrete,linear,0.0044,0.4,3,5,254,0.6951327010803428,2.742504409171076,0.3846153846153846,2.8992189468379945,0.4157303370786517
L-Concrete,concrete,linear,0.0044,0.4,3,6,254,0.6721359746787638,2.742504409171076,0.3846153846153846,2.977576215671454,0.4318181818181818
L-Concrete,concrete,linear,0.0044,0.4,3,7,254,0.7059856091321682,2.507432602670698,0.3404255319148936,3.291005291005291,0.5
L-Concrete,concrete,linear,0.0044,0.4,4,5,254,0.6769025105009076,3.055933484504913,0.4482758620689655,3.055933484504913,0.4482758620689655
L-Concrete,concrete,linear,0.0044,0.4,4,6,254,0.720404129279713,2.8992189468379945,0.4157303370786517,2.977576215671454,0.4318181818181818
L-Concrete,concrete,linear,0.0044,0.4,4,7,254,0.7074482553768742,2.507432602670698,0.3404255319148936,3.1342907533383726,0.4651162790697674
L-Concrete,concrete,linear,0.0044,0.4,5,6,254,0.7231127125257784,3.212648022171832,0.4823529411764706,2.8992189468379945,0.4157303370786517
L-Concrete,concrete,linear,0.0044,0.4,5,7,254,0.7205752986454512,2.742504409171076,0.3846153846153846,2.8208616780045355,0.4
L-Concrete,concrete,linear,0.0044,0.4,6,7,254,0.7066545269380298,2.742504409171076,0.3846153846153846,2.8208616780045355,0.4
LSPIN,lspin_tf,mlp,0.007,0.0,0,1,3,0.5622178252577813,2.507432602670698,0.3404255319148936,2.507432602670698,0.3404255319148936
LSPIN,lspin_tf,mlp,0.007,0.0,0,2,3,0.5859453677040158,2.6641471403376165,0.3695652173913043,2.1940035273368608,0.2857142857142857
LSPIN,lspin_tf,mlp,0.007,0.0,0,3,3,0.6678273878981088,2.5857898715041574,0.3548387096774194,2.507432602670698,0.3404255319148936
LSPIN,lspin_tf,mlp,0.007,0.0,0,4,3,0.5948456561509426,2.037288989669942,0.26,2.5857898715041574,0.3548387096774194
LSPIN,lspin_tf,mlp,0.007,0.0,0,5,3,0.6902006120778182,3.055933484504913,0.4482758620689655,2.8208616780045355,0.4
LSPIN,lspin_tf,mlp,0.007,0.0,0,6,3,0.6354388430993674,2.3507180650037798,0.3125,2.5857898715041574,0.3548387096774194
LSPIN,lspin_tf,mlp,0.007,0.0,0,7,3,0.6105553115129424,2.429075333837239,0.3263157894736842,2.5857898715041574,0.3548387096774194
LSPIN,lspin_tf,mlp,0.007,0.0,1,2,3,0.6163765461574016,2.8208616780045355,0.4,2.507432602670698,0.3404255319148936
LSPIN,lspin_tf,mlp,0.007,0.0,1,3,3,0.6218682049485116,2.5857898715041574,0.3548387096774194,2.507432602670698,0.3404255319148936
LSPIN,lspin_tf,mlp,0.007,0.0,1,4,3,0.566142697353311,2.037288989669942,0.26,2.507432602670698,0.3404255319148936
LSPIN,lspin_tf,mlp,0.007,0.0,1,5,3,0.6025265608271415,2.6641471403376165,0.3695652173913043,2.3507180650037798,0.3125
LSPIN,lspin_tf,mlp,0.007,0.0,1,6,3,0.6017881680524672,2.5857898715041574,0.3548387096774194,2.8992189468379945,0.4157303370786517
LSPIN,lspin_tf,mlp,0.007,0.0,1,7,3,0.6160347396808179,2.1940035273368608,0.2857142857142857,3.055933484504913,0.4482758620689655
LSPIN,lspin_tf,mlp,0.007,0.0,2,3,3,0.6094866622237618,2.742504409171076,0.3846153846153846,2.429075333837239,0.3263157894736842
LSPIN,lspin_tf,mlp,0.007,0.0,2,4,3,0.6228399487567402,2.5857898715041574,0.3548387096774194,2.6641471403376165,0.3695652173913043
LSPIN,lspin_tf,mlp,0.007,0.0,2,5,3,0.6160873384445222,2.742504409171076,0.3846153846153846,2.429075333837239,0.3263157894736842
LSPIN,lspin_tf,mlp,0.007,0.0,2,6,3,0.6547843144224554,2.5857898715041574,0.3548387096774194,2.6641471403376165,0.3695652173913043
LSPIN,lspin_tf,mlp,0.007,0.0,2,7,3,0.5898109429877663,2.3507180650037798,0.3125,2.507432602670698,0.3404255319148936
LSPIN,lspin_tf,mlp,0.007,0.0,3,4,3,0.5523359335573075,2.429075333837239,0.3263157894736842,2.6641471403376165,0.3695652173913043
LSPIN,lspin_tf,mlp,0.007,0.0,3,5,3,0.6893702323659794,2.977576215671454,0.4318181818181818,2.8208616780045355,0.4
LSPIN,lspin_tf,mlp,0.007,0.0,3,6,3,0.5688667058779922,2.3507180650037798,0.3125,2.3507180650037798,0.3125
LSPIN,lspin_tf,mlp,0.007,0.0,3,7,3,0.6409597631440599,2.8208616780045355,0.4,2.507432602670698,0.3404255319148936
LSPIN,lspin_tf,mlp,0.007,0.0,4,5,3,0.5824218295637142,2.5857898715041574,0.3548387096774194,2.8208616780045355,0.4
LSPIN,lspin_tf,mlp,0.007,0.0,4,6,3,0.6558383130903844,2.429075333837239,0.3263157894736842,2.977576215671454,0.4318181818181818
LSPIN,lspin_tf,mlp,0.007,0.0,4,7,3,0.5651467495146819,2.1156462585034013,0.2727272727272727,2.742504409171076,0.3846153846153846
LSPIN,lspin_tf,mlp,0.007,0.0,5,6,3,0.6545808873779394,3.055933484504913,0.4482758620689655,2.8992189468379945,0.4157303370786517
LSPIN,lspin_tf,mlp,0.007,0.0,5,7,3,0.5777909703885521,2.6641471403376165,0.3695652173913043,2.3507180650037798,0.3125
LSPIN,lspin_tf,mlp,0.007,0.0,6,7,3,0.6129382731638079,2.3507180650037798,0.3125,3.1342907533383726,0.4651162790697674
LSPIN,lspin_tf,mlp,0.021,0.0,0,1,7,0.3735654345220676,1.802217183169564,0.2233009708737864,1.802217183169564,0.2233009708737864
LSPIN,lspin_tf,mlp,0.021,0.0,0,2,7,0.307558258209414,2.1156462585034013,0.2727272727272727,1.802217183169564,0.2233009708737864
LSPIN,lspin_tf,mlp,0.021,0.0,0,3,7,0.4180601728593643,1.880574452003024,0.2352941176470588,2.1940035273368608,0.2857142857142857
LSPIN,lspin_tf,mlp,0.021,0.0,0,4,7,0.3409436334792548,2.037288989669942,0.26,1.6455026455026456,0.2
LSPIN,lspin_tf,mlp,0.021,0.0,0,5,7,0.3286599524034779,1.7238599143361049,0.2115384615384615,2.037288989669942,0.26
LSPIN,lspin_tf,mlp,0.021,0.0,0,6,7,0.4046872562281142,1.880574452003024,0.2352941176470588,2.1156462585034013,0.2727272727272727
LSPIN,lspin_tf,mlp,0.021,0.0,0,7,7,0.3524888982901533,1.6455026455026456,0.2,2.037288989669942,0.26
LSPIN,lspin_tf,mlp,0.021,0.0,1,2,7,0.2872189392999891,1.6455026455026456,0.2,1.6455026455026456,0.2
LSPIN,lspin_tf,mlp,0.021,0.0,1,3,7,0.4038866152556499,1.880574452003024,0.2352941176470588,2.037288989669942,0.26
LSPIN,lspin_tf,mlp,0.021,0.0,1,4,7,0.2713954336375616,1.488788107835727,0.1775700934579439,1.5671453766691863,0.1886792452830188
LSPIN,lspin_tf,mlp,0.021,0.0,1,5,7,0.4592037055412333,1.958931720836483,0.2475247524752475,2.1940035273368608,0.2857142857142857
LSPIN,lspin_tf,mlp,0.021,0.0,1,6,7,0.3615172838036302,1.1753590325018897,0.1351351351351351,2.429075333837239,0.3263157894736842
LSPIN,lspin_tf,mlp,0.021,0.0,1,7,7,0.3627265391183193,1.7238599143361049,0.2115384615384615,1.958931720836483,0.2475247524752475
LSPIN,lspin_tf,mlp,0.021,0.0,2,3,7,0.2398151249041986,1.3320735701688082,0.1559633027522936,1.6455026455026456,0.2
LSPIN,lspin_tf,mlp,0.021,0.0,2,4,7,0.229535983971708,1.5671453766691863,0.1886792452830188,2.2723607961703203,0.2989690721649484
LSPIN,lspin_tf,mlp,0.021,0.0,2,5,7,0.3555381952601824,1.6455026455026456,0.2,2.3507180650037798,0.3125
LSPIN,lspin_tf,mlp,0.021,0.0,2,6,7,0.3601849712876457,1.802217183169564,0.2233009708737864,2.507432602670698,0.3404255319148936
LSPIN,lspin_tf,mlp,0.021,0.0,2,7,7,0.3215467648089091,1.7238599143361049,0.2115384615384615,2.037288989669942,0.26
LSPIN,lspin_tf,mlp,0.021,0.0,3,4,7,0.3148130461582958,1.6455026455026456,0.2,1.7238599143361049,0.2115384615384615
LSPIN,lspin_tf,mlp,0.021,0.0,3,5,7,0.4102819028484406,1.880574452003024,0.2352941176470588,1.802217183169564,0.2233009708737864
LSPIN,lspin_tf,mlp,0.021,0.0,3,6,7,0.4115637647843349,2.1156462585034013,0.2727272727272727,2.1940035273368608,0.2857142857142857
LSPIN,lspin_tf,mlp,0.021,0.0,3,7,7,0.4257647412344629,1.802217183169564,0.2233009708737864,1.958931720836483,0.2475247524752475
LSPIN,lspin_tf,mlp,0.021,0.0,4,5,7,0.3743614239643764,1.7238599143361049,0.2115384615384615,1.958931720836483,0.2475247524752475
LSPIN,lspin_tf,mlp,0.021,0.0,4,6,7,0.3574401052634841,1.880574452003024,0.2352941176470588,2.1940035273368608,0.2857142857142857
LSPIN,lspin_tf,mlp,0.021,0.0,4,7,7,0.3661048816856455,1.488788107835727,0.1775700934579439,2.1156462585034013,0.2727272727272727
LSPIN,lspin_tf,mlp,0.021,0.0,5,6,7,0.3198108385843484,1.4104308390022675,0.1666666666666666,2.1940035273368608,0.2857142857142857
LSPIN,lspin_tf,mlp,0.021,0.0,5,7,7,0.4236126583452717,1.880574452003024,0.2352941176470588,1.958931720836483,0.2475247524752475
LSPIN,lspin_tf,mlp,0.021,0.0,6,7,7,0.361778343841279,1.488788107835727,0.1775700934579439,2.1156462585034013,0.2727272727272727
LSPIN,lspin_tf,mlp,0.007,0.1,0,1,11,0.6659535526901716,2.5857898715041574,0.3548387096774194,2.8208616780045355,0.4
LSPIN,lspin_tf,mlp,0.007,0.1,0,2,11,0.5507681333919145,2.507432602670698,0.3404255319148936,2.5857898715041574,0.3548387096774194
LSPIN,lspin_tf,mlp,0.007,0.1,0,3,11,0.6520749482014333,2.3507180650037798,0.3125,2.5857898715041574,0.3548387096774194
LSPIN,lspin_tf,mlp,0.007,0.1,0,4,11,0.5890723701119596,2.3507180650037798,0.3125,2.5857898715041574,0.3548387096774194
LSPIN,lspin_tf,mlp,0.007,0.1,0,5,11,0.523468675641954,2.2723607961703203,0.2989690721649484,1.880574452003024,0.2352941176470588
LSPIN,lspin_tf,mlp,0.007,0.1,0,6,11,0.6075624921493422,2.429075333837239,0.3263157894736842,2.507432602670698,0.3404255319148936
LSPIN,lspin_tf,mlp,0.007,0.1,0,7,11,0.6152969883705749,2.6641471403376165,0.3695652173913043,2.5857898715041574,0.3548387096774194
LSPIN,lspin_tf,mlp,0.007,0.1,1,2,11,0.5917819339583785,2.3507180650037798,0.3125,2.5857898715041574,0.3548387096774194
LSPIN,lspin_tf,mlp,0.007,0.1,1,3,11,0.6384009632437474,2.507432602670698,0.3404255319148936,2.5857898715041574,0.3548387096774194
LSPIN,lspin_tf,mlp,0.007,0.1,1,4,11,0.5540480795397525,2.3507180650037798,0.3125,2.1940035273368608,0.2857142857142857
LSPIN,lspin_tf,mlp,0.007,0.1,1,5,11,0.5366939383398508,2.429075333837239,0.3263157894736842,2.1940035273368608,0.2857142857142857
LSPIN,lspin_tf,mlp,0.007,0.1,1,6,11,0.6058338472665812,2.3507180650037798,0.3125,2.742504409171076,0.3846153846153846
LSPIN,lspin_tf,mlp,0.007,0.1,1,7,11,0.6400193881867413,2.6641471403376165,0.3695652173913043,2.3507180650037798,0.3125
LSPIN,lspin_tf,mlp,0.007,0.1,2,3,11,0.6286152345017884,2.1156462585034013,0.2727272727272727,2.5857898715041574,0.3548387096774194
LSPIN,lspin_tf,mlp,0.007,0.1,2,4,11,0.5341022309478544,2.1156462585034013,0.2727272727272727,2.3507180650037798,0.3125
LSPIN,lspin_tf,mlp,0.007,0.1,2,5,11,0.5815380251195376,1.7238599143361049,0.2115384615384615,2.8208616780045355,0.4
LSPIN,lspin_tf,mlp,0.007,0.1,2,6,11,0.6491001087028513,2.5857898715041574,0.3548387096774194,2.742504409171076,0.3846153846153846
LSPIN,lspin_tf,mlp,0.007,0.1,2,7,11,0.5838938338192675,2.429075333837239,0.3263157894736842,2.6641471403376165,0.3695652173913043
LSPIN,lspin_tf,mlp,0.007,0.1,3,4,11,0.5531103251258894,2.3507180650037798,0.3125,2.5857898715041574,0.3548387096774194
LSPIN,lspin_tf,mlp,0.007,0.1,3,5,11,0.589370274178564,2.1156462585034013,0.2727272727272727,2.1940035273368608,0.2857142857142857
LSPIN,lspin_tf,mlp,0.007,0.1,3,6,11,0.6155134432069332,2.1156462585034013,0.2727272727272727,2.5857898715041574,0.3548387096774194
LSPIN,lspin_tf,mlp,0.007,0.1,3,7,11,0.6271396205166576,2.507432602670698,0.3404255319148936,2.037288989669942,0.26
LSPIN,lspin_tf,mlp,0.007,0.1,4,5,11,0.5207172549437364,1.880574452003024,0.2352941176470588,2.1940035273368608,0.2857142857142857
LSPIN,lspin_tf,mlp,0.007,0.1,4,6,11,0.6281470701376987,2.2723607961703203,0.2989690721649484,2.6641471403376165,0.3695652173913043
LSPIN,lspin_tf,mlp,0.007,0.1,4,7,11,0.5966750302032061,2.6641471403376165,0.3695652173913043,2.037288989669942,0.26
LSPIN,lspin_tf,mlp,0.007,0.1,5,6,11,0.5923078790946721,2.507432602670698,0.3404255319148936,2.1940035273368608,0.2857142857142857
LSPIN,lspin_tf,mlp,0.007,0.1,5,7,11,0.6030392308993439,2.6641471403376165,0.3695652173913043,2.429075333837239,0.3263157894736842
LSPIN,lspin_tf,mlp,0.007,0.1,6,7,11,0.6353198510121242,2.507432602670698,0.3404255319148936,2.5857898715041574,0.3548387096774194
LSPIN,lspin_tf,mlp,0.021,0.1,0,1,15,0.3562253612575405,1.4104308390022675,0.1666666666666666,1.802217183169564,0.2233009708737864
LSPIN,lspin_tf,mlp,0.021,0.1,0,2,15,0.4486469674009299,2.1156462585034013,0.2727272727272727,2.037288989669942,0.26
LSPIN,lspin_tf,mlp,0.021,0.1,0,3,15,0.5212099038229322,2.1156462585034013,0.2727272727272727,2.429075333837239,0.3263157894736842
LSPIN,lspin_tf,mlp,0.021,0.1,0,4,15,0.5444360461861939,2.1940035273368608,0.2857142857142857,2.507432602670698,0.3404255319148936
LSPIN,lspin_tf,mlp,0.021,0.1,0,5,15,0.4753618286414255,2.2723607961703203,0.2989690721649484,2.429075333837239,0.3263157894736842
LSPIN,lspin_tf,mlp,0.021,0.1,0,6,15,0.5091659858899452,2.1156462585034013,0.2727272727272727,2.429075333837239,0.3263157894736842
LSPIN,lspin_tf,mlp,0.021,0.1,0,7,15,0.5247988915469871,2.1940035273368608,0.2857142857142857,2.507432602670698,0.3404255319148936
LSPIN,lspin_tf,mlp,0.021,0.1,1,2,15,0.4022422340772704,1.958931720836483,0.2475247524752475,2.1156462585034013,0.2727272727272727
LSPIN,lspin_tf,mlp,0.021,0.1,1,3,15,0.2614627363398415,1.880574452003024,0.2352941176470588,1.880574452003024,0.2352941176470588
LSPIN,lspin_tf,mlp,0.021,0.1,1,4,15,0.4183998838781128,2.1940035273368608,0.2857142857142857,1.958931720836483,0.2475247524752475
LSPIN,lspin_tf,mlp,0.021,0.1,1,5,15,0.4297133845795511,1.958931720836483,0.2475247524752475,2.1156462585034013,0.2727272727272727
LSPIN,lspin_tf,mlp,0.021,0.1,1,6,15,0.4080706292006862,1.5671453766691863,0.1886792452830188,2.1940035273368608,0.2857142857142857
LSPIN,lspin_tf,mlp,0.021,0.1,1,7,15,0.4169425013655753,2.3507180650037798,0.3125,2.1940035273368608,0.2857142857142857
LSPIN,lspin_tf,mlp,0.021,0.1,2,3,15,0.4543161429329526,2.037288989669942,0.26,1.958931720836483,0.2475247524752475
LSPIN,lspin_tf,mlp,0.021,0.1,2,4,15,0.4740366495268483,2.037288989669942,0.26,2.1156462585034013,0.2727272727272727
LSPIN,lspin_tf,mlp,0.021,0.1,2,5,15,0.4837681299331584,1.880574452003024,0.2352941176470588,2.507432602670698,0.3404255319148936
LSPIN,lspin_tf,mlp,0.021,0.1,2,6,15,0.4552731836953488,2.1940035273368608,0.2857142857142857,2.037288989669942,0.26
LSPIN,lspin_tf,mlp,0.021,0.1,2,7,15,0.4065700527784933,1.802217183169564,0.2233009708737864,1.5671453766691863,0.1886792452830188
LSPIN,lspin_tf,mlp,0.021,0.1,3,4,15,0.4651890634520729,2.037288989669942,0.26,2.1156462585034013,0.2727272727272727
LSPIN,lspin_tf,mlp,0.021,0.1,3,5,15,0.4395938617921983,2.1156462585034013,0.2727272727272727,2.1156462585034013,0.2727272727272727
LSPIN,lspin_tf,mlp,0.021,0.1,3,6,15,0.5439351894961961,2.2723607961703203,0.2989690721649484,1.880574452003024,0.2352941176470588
LSPIN,lspin_tf,mlp,0.021,0.1,3,7,15,0.4455008202493394,1.958931720836483,0.2475247524752475,1.802217183169564,0.2233009708737864
LSPIN,lspin_tf,mlp,0.021,0.1,4,5,15,0.5119161271355768,2.5857898715041574,0.3548387096774194,2.2723607961703203,0.2989690721649484
LSPIN,lspin_tf,mlp,0.021,0.1,4,6,15,0.4928124349622215,1.5671453766691863,0.1886792452830188,2.037288989669942,0.26
LSPIN,lspin_tf,mlp,0.021,0.1,4,7,15,0.5364299319730783,2.429075333837239,0.3263157894736842,2.1156462585034013,0.2727272727272727
LSPIN,lspin_tf,mlp,0.021,0.1,5,6,15,0.3579876563822393,1.6455026455026456,0.2,2.429075333837239,0.3263157894736842
LSPIN,lspin_tf,mlp,0.021,0.1,5,7,15,0.4369723431990657,2.037288989669942,0.26,2.1940035273368608,0.2857142857142857
LSPIN,lspin_tf,mlp,0.021,0.1,6,7,15,0.5648885237802881,2.2723607961703203,0.2989690721649484,2.3507180650037798,0.3125
LSPIN,lspin_tf,mlp,0.007,0.2,0,1,19,0.60133861067213,2.429075333837239,0.3263157894736842,2.3507180650037798,0.3125
LSPIN,lspin_tf,mlp,0.007,0.2,0,2,19,0.6147929549590774,2.1940035273368608,0.2857142857142857,2.5857898715041574,0.3548387096774194
LSPIN,lspin_tf,mlp,0.007,0.2,0,3,19,0.6034256051541061,2.507432602670698,0.3404255319148936,2.2723607961703203,0.2989690721649484
LSPIN,lspin_tf,mlp,0.007,0.2,0,4,19,0.5647158940183549,2.5857898715041574,0.3548387096774194,2.742504409171076,0.3846153846153846
LSPIN,lspin_tf,mlp,0.007,0.2,0,5,19,0.600876908961088,2.6641471403376165,0.3695652173913043,2.507432602670698,0.3404255319148936
LSPIN,lspin_tf,mlp,0.007,0.2,0,6,19,0.5760431848735436,2.1156462585034013,0.2727272727272727,2.3507180650037798,0.3125
LSPIN,lspin_tf,mlp,0.007,0.2,0,7,19,0.594655710458945,2.507432602670698,0.3404255319148936,2.429075333837239,0.3263157894736842
LSPIN,lspin_tf,mlp,0.007,0.2,1,2,19,0.6254947011713684,2.3507180650037798,0.3125,2.5857898715041574,0.3548387096774194
LSPIN,lspin_tf,mlp,0.007,0.2,1,3,19,0.5781634235531956,2.507432602670698,0.3404255319148936,2.2723607961703203,0.2989690721649484
LSPIN,lspin_tf,mlp,0.007,0.2,1,4,19,0.5475984738192397,2.3507180650037798,0.3125,2.3507180650037798,0.3125
LSPIN,lspin_tf,mlp,0.007,0.2,1,5,19,0.6126073481662517,2.8992189468379945,0.4157303370786517,2.429075333837239,0.3263157894736842
LSPIN,lspin_tf,mlp,0.007,0.2,1,6,19,0.6156421112568706,2.429075333837239,0.3263157894736842,2.742504409171076,0.3846153846153846
LSPIN,lspin_tf,mlp,0.007,0.2,1,7,19,0.6329327425303525,2.5857898715041574,0.3548387096774194,2.507432602670698,0.3404255319148936
LSPIN,lspin_tf,mlp,0.007,0.2,2,3,19,0.6471310265890567,2.1156462585034013,0.2727272727272727,2.742504409171076,0.3846153846153846
LSPIN,lspin_tf,mlp,0.007,0.2,2,4,19,0.5801431302253968,2.2723607961703203,0.2989690721649484,2.6641471403376165,0.3695652173913043
LSPIN,lspin_tf,mlp,0.007,0.2,2,5,19,0.6281087617213946,2.742504409171076,0.3846153846153846,2.507432602670698,0.3404255319148936
LSPIN,lspin_tf,mlp,0.007,0.2,2,6,19,0.6287624548708154,2.429075333837239,0.3263157894736842,2.8992189468379945,0.4157303370786517
LSPIN,lspin_tf,mlp,0.007,0.2,2,7,19,0.6591482518991709,2.742504409171076,0.3846153846153846,2.8992189468379945,0.4157303370786517
LSPIN,lspin_tf,mlp,0.007,0.2,3,4,19,0.7007097362859734,2.742504409171076,0.3846153846153846,2.742504409171076,0.3846153846153846
LSPIN,lspin_tf,mlp,0.007,0.2,3,5,19,0.6740470587487164,2.742504409171076,0.3846153846153846,2.507432602670698,0.3404255319148936
LSPIN,lspin_tf,mlp,0.007,0.2,3,6,19,0.6448044025547752,2.6641471403376165,0.3695652173913043,2.8208616780045355,0.4
LSPIN,lspin_tf,mlp,0.007,0.2,3,7,19,0.6444352232173558,2.1940035273368608,0.2857142857142857,2.507432602670698,0.3404255319148936
LSPIN,lspin_tf,mlp,0.007,0.2,4,5,19,0.6650428638526441,2.6641471403376165,0.3695652173913043,2.742504409171076,0.3846153846153846
LSPIN,lspin_tf,mlp,0.007,0.2,4,6,19,0.6217403231361787,2.3507180650037798,0.3125,2.6641471403376165,0.3695652173913043
LSPIN,lspin_tf,mlp,0.007,0.2,4,7,19,0.6314600065004158,2.507432602670698,0.3404255319148936,2.5857898715041574,0.3548387096774194
LSPIN,lspin_tf,mlp,0.007,0.2,5,6,19,0.6719968309201987,2.507432602670698,0.3404255319148936,2.977576215671454,0.4318181818181818
LSPIN,lspin_tf,mlp,0.007,0.2,5,7,19,0.6548569282748269,2.742504409171076,0.3846153846153846,2.507432602670698,0.3404255319148936
LSPIN,lspin_tf,mlp,0.007,0.2,6,7,19,0.5995811742551646,2.5857898715041574,0.3548387096774194,2.8208616780045355,0.4
LSPIN,lspin_tf,mlp,0.021,0.2,0,1,23,0.3753751136525096,1.5671453766691863,0.1886792452830188,1.958931720836483,0.2475247524752475
LSPIN,lspin_tf,mlp,0.021,0.2,0,2,23,0.3058562589387862,1.5671453766691863,0.1886792452830188,1.880574452003024,0.2352941176470588
LSPIN,lspin_tf,mlp,0.021,0.2,0,3,23,0.3294798871095875,1.488788107835727,0.1775700934579439,1.880574452003024,0.2352941176470588
LSPIN,lspin_tf,mlp,0.021,0.2,0,4,23,0.481758328659515,1.958931720836483,0.2475247524752475,2.1940035273368608,0.2857142857142857
LSPIN,lspin_tf,mlp,0.021,0.2,0,5,23,0.3256353448862101,1.802217183169564,0.2233009708737864,1.5671453766691863,0.1886792452830188
LSPIN,lspin_tf,mlp,0.021,0.2,0,6,23,0.4096659076010239,2.1156462585034013,0.2727272727272727,1.958931720836483,0.2475247524752475
LSPIN,lspin_tf,mlp,0.021,0.2,0,7,23,0.4466092904282111,2.507432602670698,0.3404255319148936,2.1156462585034013,0.2727272727272727
LSPIN,lspin_tf,mlp,0.021,0.2,1,2,23,0.4174258631064326,1.880574452003024,0.2352941176470588,2.5857898715041574,0.3548387096774194
LSPIN,lspin_tf,mlp,0.021,0.2,1,3,23,0.3380303237628727,1.7238599143361049,0.2115384615384615,1.880574452003024,0.2352941176470588
LSPIN,lspin_tf,mlp,0.021,0.2,1,4,23,0.4738937453829042,2.1156462585034013,0.2727272727272727,1.880574452003024,0.2352941176470588
LSPIN,lspin_tf,mlp,0.021,0.2,1,5,23,0.3968255124467157,2.1156462585034013,0.2727272727272727,1.5671453766691863,0.1886792452830188
LSPIN,lspin_tf,mlp,0.021,0.2,1,6,23,0.3743951941666421,2.1940035273368608,0.2857142857142857,1.958931720836483,0.2475247524752475
LSPIN,lspin_tf,mlp,0.021,0.2,1,7,23,0.4909038701007698,2.1940035273368608,0.2857142857142857,2.1940035273368608,0.2857142857142857
LSPIN,lspin_tf,mlp,0.021,0.2,2,3,23,0.3144871553977977,2.1156462585034013,0.2727272727272727,1.5671453766691863,0.1886792452830188
LSPIN,lspin_tf,mlp,0.021,0.2,2,4,23,0.4555659335638137,2.3507180650037798,0.3125,1.802217183169564,0.2233009708737864
LSPIN,lspin_tf,mlp,0.021,0.2,2,5,23,0.3121836972744401,1.6455026455026456,0.2,1.7238599143361049,0.2115384615384615
LSPIN,lspin_tf,mlp,0.021,0.2,2,6,23,0.4164224360566946,2.037288989669942,0.26,2.2723607961703203,0.2989690721649484
LSPIN,lspin_tf,mlp,0.021,0.2,2,7,23,0.4506783307744654,2.1940035273368608,0.2857142857142857,2.2723607961703203,0.2989690721649484
LSPIN,lspin_tf,mlp,0.021,0.2,3,4,23,0.2775079132054054,1.5671453766691863,0.1886792452830188,1.880574452003024,0.2352941176470588
LSPIN,lspin_tf,mlp,0.021,0.2,3,5,23,0.2032800285151706,1.5671453766691863,0.1886792452830188,1.7238599143361049,0.2115384615384615
LSPIN,lspin_tf,mlp,0.021,0.2,3,6,23,0.3069067706648011,1.6455026455026456,0.2,1.958931720836483,0.2475247524752475
LSPIN,lspin_tf,mlp,0.021,0.2,3,7,23,0.3161251310140315,1.802217183169564,0.2233009708737864,2.3507180650037798,0.3125
LSPIN,lspin_tf,mlp,0.021,0.2,4,5,23,0.4104046182196632,1.958931720836483,0.2475247524752475,1.6455026455026456,0.2
LSPIN,lspin_tf,mlp,0.021,0.2,4,6,23,0.4594611747344818,2.429075333837239,0.3263157894736842,1.958931720836483,0.2475247524752475
LSPIN,lspin_tf,mlp,0.021,0.2,4,7,23,0.4927786220351737,2.507432602670698,0.3404255319148936,1.880574452003024,0.2352941176470588
LSPIN,lspin_tf,mlp,0.021,0.2,5,6,23,0.4123178106425446,2.037288989669942,0.26,2.037288989669942,0.26
LSPIN,lspin_tf,mlp,0.021,0.2,5,7,23,0.4020285721509611,2.037288989669942,0.26,1.958931720836483,0.2475247524752475
LSPIN,lspin_tf,mlp,0.021,0.2,6,7,23,0.4478787352296526,2.429075333837239,0.3263157894736842,1.880574452003024,0.2352941176470588
LSPIN,lspin_tf,mlp,0.007,0.4,0,1,27,0.6462909625740927,2.6641471403376165,0.3695652173913043,2.742504409171076,0.3846153846153846
LSPIN,lspin_tf,mlp,0.007,0.4,0,2,27,0.6333089702817919,2.507432602670698,0.3404255319148936,2.742504409171076,0.3846153846153846
LSPIN,lspin_tf,mlp,0.007,0.4,0,3,27,0.6595903675010951,2.977576215671454,0.4318181818181818,2.429075333837239,0.3263157894736842
LSPIN,lspin_tf,mlp,0.007,0.4,0,4,27,0.6496253083920588,2.8992189468379945,0.4157303370786517,2.2723607961703203,0.2989690721649484
LSPIN,lspin_tf,mlp,0.007,0.4,0,5,27,0.5256812720750543,2.1940035273368608,0.2857142857142857,2.1940035273368608,0.2857142857142857
LSPIN,lspin_tf,mlp,0.007,0.4,0,6,27,0.6394647820985107,2.8208616780045355,0.4,2.429075333837239,0.3263157894736842
LSPIN,lspin_tf,mlp,0.007,0.4,0,7,27,0.5814913321705901,2.8208616780045355,0.4,2.037288989669942,0.26
LSPIN,lspin_tf,mlp,0.007,0.4,1,2,27,0.6335072683018381,2.1940035273368608,0.2857142857142857,3.1342907533383726,0.4651162790697674
LSPIN,lspin_tf,mlp,0.007,0.4,1,3,27,0.6617470449478852,2.507432602670698,0.3404255319148936,2.6641471403376165,0.3695652173913043
LSPIN,lspin_tf,mlp,0.007,0.4,1,4,27,0.6226463567215417,2.742504409171076,0.3846153846153846,2.742504409171076,0.3846153846153846
LSPIN,lspin_tf,mlp,0.007,0.4,1,5,27,0.5619510507415993,1.880574452003024,0.2352941176470588,2.8208616780045355,0.4
LSPIN,lspin_tf,mlp,0.007,0.4,1,6,27,0.6567800438107302,2.742504409171076,0.3846153846153846,2.8992189468379945,0.4157303370786517
LSPIN,lspin_tf,mlp,0.007,0.4,1,7,27,0.641660834816032,2.507432602670698,0.3404255319148936,2.742504409171076,0.3846153846153846
LSPIN,lspin_tf,mlp,0.007,0.4,2,3,27,0.6273230322227306,2.5857898715041574,0.3548387096774194,2.6641471403376165,0.3695652173913043
LSPIN,lspin_tf,mlp,0.007,0.4,2,4,27,0.6207466982542653,2.507432602670698,0.3404255319148936,2.5857898715041574,0.3548387096774194
LSPIN,lspin_tf,mlp,0.007,0.4,2,5,27,0.5155931776985221,1.958931720836483,0.2475247524752475,2.2723607961703203,0.2989690721649484
LSPIN,lspin_tf,mlp,0.007,0.4,2,6,27,0.6064641536698792,2.507432602670698,0.3404255319148936,2.507432602670698,0.3404255319148936
LSPIN,lspin_tf,mlp,0.007,0.4,2,7,27,0.6083821702828808,2.3507180650037798,0.3125,2.429075333837239,0.3263157894736842
LSPIN,lspin_tf,mlp,0.007,0.4,3,4,27,0.6348186973665322,2.5857898715041574,0.3548387096774194,2.5857898715041574,0.3548387096774194
LSPIN,lspin_tf,mlp,0.007,0.4,3,5,27,0.6077250509340116,2.429075333837239,0.3263157894736842,2.2723607961703203,0.2989690721649484
LSPIN,lspin_tf,mlp,0.007,0.4,3,6,27,0.6885977885265491,2.977576215671454,0.4318181818181818,2.507432602670698,0.3404255319148936
LSPIN,lspin_tf,mlp,0.007,0.4,3,7,27,0.6647435527093648,2.8992189468379945,0.4157303370786517,2.6641471403376165,0.3695652173913043
LSPIN,lspin_tf,mlp,0.007,0.4,4,5,27,0.6151644311178159,2.1156462585034013,0.2727272727272727,2.8992189468379945,0.4157303370786517
LSPIN,lspin_tf,mlp,0.007,0.4,4,6,27,0.647810505662953,2.977576215671454,0.4318181818181818,2.507432602670698,0.3404255319148936
LSPIN,lspin_tf,mlp,0.007,0.4,4,7,27,0.5929688989311367,2.2723607961703203,0.2989690721649484,2.5857898715041574,0.3548387096774194
LSPIN,lspin_tf,mlp,0.007,0.4,5,6,27,0.5522512135923042,2.3507180650037798,0.3125,2.2723607961703203,0.2989690721649484
LSPIN,lspin_tf,mlp,0.007,0.4,5,7,27,0.5041109131822479,2.2723607961703203,0.2989690721649484,2.5857898715041574,0.3548387096774194
LSPIN,lspin_tf,mlp,0.007,0.4,6,7,27,0.6661526786503039,2.429075333837239,0.3263157894736842,2.8208616780045355,0.4
LSPIN,lspin_tf,mlp,0.021,0.4,0,1,31,0.489546765940869,1.880574452003024,0.2352941176470588,2.5857898715041574,0.3548387096774194
LSPIN,lspin_tf,mlp,0.021,0.4,0,2,31,0.4630309832131442,2.1156462585034013,0.2727272727272727,1.958931720836483,0.2475247524752475
LSPIN,lspin_tf,mlp,0.021,0.4,0,3,31,0.295243942800786,1.880574452003024,0.2352941176470588,1.802217183169564,0.2233009708737864
LSPIN,lspin_tf,mlp,0.021,0.4,0,4,31,0.4100356652664426,2.1156462585034013,0.2727272727272727,1.958931720836483,0.2475247524752475
LSPIN,lspin_tf,mlp,0.021,0.4,0,5,31,0.4066853251562097,2.1940035273368608,0.2857142857142857,1.880574452003024,0.2352941176470588
LSPIN,lspin_tf,mlp,0.021,0.4,0,6,31,0.4328033454953522,2.2723607961703203,0.2989690721649484,1.880574452003024,0.2352941176470588
LSPIN,lspin_tf,mlp,0.021,0.4,0,7,31,0.3349303123851228,2.1940035273368608,0.2857142857142857,1.880574452003024,0.2352941176470588
LSPIN,lspin_tf,mlp,0.021,0.4,1,2,31,0.4511794039646258,2.037288989669942,0.26,1.880574452003024,0.2352941176470588
LSPIN,lspin_tf,mlp,0.021,0.4,1,3,31,0.4348030305127051,2.2723607961703203,0.2989690721649484,1.802217183169564,0.2233009708737864
LSPIN,lspin_tf,mlp,0.021,0.4,1,4,31,0.4882829933932813,2.1156462585034013,0.2727272727272727,2.3507180650037798,0.3125
LSPIN,lspin_tf,mlp,0.021,0.4,1,5,31,0.4435004656267931,2.1940035273368608,0.2857142857142857,2.2723607961703203,0.2989690721649484
LSPIN,lspin_tf,mlp,0.021,0.4,1,6,31,0.4784657722245972,1.802217183169564,0.2233009708737864,2.1156462585034013,0.2727272727272727
LSPIN,lspin_tf,mlp,0.021,0.4,1,7,31,0.4431273287257307,1.958931720836483,0.2475247524752475,1.958931720836483,0.2475247524752475
LSPIN,lspin_tf,mlp,0.021,0.4,2,3,31,0.3859686025547758,1.7238599143361049,0.2115384615384615,1.958931720836483,0.2475247524752475
LSPIN,lspin_tf,mlp,0.021,0.4,2,4,31,0.444256297288781,2.037288989669942,0.26,2.1940035273368608,0.2857142857142857
LSPIN,lspin_tf,mlp,0.021,0.4,2,5,31,0.4048088519831662,1.958931720836483,0.2475247524752475,1.5671453766691863,0.1886792452830188
LSPIN,lspin_tf,mlp,0.021,0.4,2,6,31,0.4721046889807133,2.2723607961703203,0.2989690721649484,2.1156462585034013,0.2727272727272727
LSPIN,lspin_tf,mlp,0.021,0.4,2,7,31,0.4857877820561787,2.1940035273368608,0.2857142857142857,2.1940035273368608,0.2857142857142857
LSPIN,lspin_tf,mlp,0.021,0.4,3,4,31,0.3721173724054174,1.802217183169564,0.2233009708737864,2.037288989669942,0.26
LSPIN,lspin_tf,mlp,0.021,0.4,3,5,31,0.3674303872826367,2.1940035273368608,0.2857142857142857,1.802217183169564,0.2233009708737864
LSPIN,lspin_tf,mlp,0.021,0.4,3,6,31,0.4830732909968607,2.1940035273368608,0.2857142857142857,2.1156462585034013,0.2727272727272727
LSPIN,lspin_tf,mlp,0.021,0.4,3,7,31,0.3866524733911216,2.1156462585034013,0.2727272727272727,1.880574452003024,0.2352941176470588
LSPIN,lspin_tf,mlp,0.021,0.4,4,5,31,0.3467587230084253,1.802217183169564,0.2233009708737864,1.958931720836483,0.2475247524752475
LSPIN,lspin_tf,mlp,0.021,0.4,4,6,31,0.4465801222094274,2.3507180650037798,0.3125,2.037288989669942,0.26
LSPIN,lspin_tf,mlp,0.021,0.4,4,7,31,0.3841611168427874,1.880574452003024,0.2352941176470588,2.1156462585034013,0.2727272727272727
LSPIN,lspin_tf,mlp,0.021,0.4,5,6,31,0.4202359635456592,2.1940035273368608,0.2857142857142857,2.1940035273368608,0.2857142857142857
LSPIN,lspin_tf,mlp,0.021,0.4,5,7,31,0.3311270939561136,1.958931720836483,0.2475247524752475,1.802217183169564,0.2233009708737864
LSPIN,lspin_tf,mlp,0.021,0.4,6,7,31,0.4469799446998068,2.3507180650037798,0.3125,2.037288989669942,0.26
LSPIN,lspin_tf,mlp,0.007,0.0,0,1,35,0.4988720359295244,1.958931720836483,0.2475247524752475,2.429075333837239,0.3263157894736842
LSPIN,lspin_tf,mlp,0.007,0.0,0,2,35,0.593941940491205,2.507432602670698,0.3404255319148936,2.429075333837239,0.3263157894736842
LSPIN,lspin_tf,mlp,0.007,0.0,0,3,35,0.6254343305048389,2.1156462585034013,0.2727272727272727,2.6641471403376165,0.3695652173913043
LSPIN,lspin_tf,mlp,0.007,0.0,0,4,35,0.523711064051869,2.037288989669942,0.26,2.2723607961703203,0.2989690721649484
LSPIN,lspin_tf,mlp,0.007,0.0,0,5,35,0.575846224392939,1.802217183169564,0.2233009708737864,2.8208616780045355,0.4
LSPIN,lspin_tf,mlp,0.007,0.0,0,6,35,0.5530939918019016,2.2723607961703203,0.2989690721649484,2.429075333837239,0.3263157894736842
LSPIN,lspin_tf,mlp,0.007,0.0,0,7,35,0.5768847587674907,2.507432602670698,0.3404255319148936,2.5857898715041574,0.3548387096774194
LSPIN,lspin_tf,mlp,0.007,0.0,1,2,35,0.5775890004549326,2.5857898715041574,0.3548387096774194,2.6641471403376165,0.3695652173913043
LSPIN,lspin_tf,mlp,0.007,0.0,1,3,35,0.5708378976596392,2.5857898715041574,0.3548387096774194,2.507432602670698,0.3404255319148936
LSPIN,lspin_tf,mlp,0.007,0.0,1,4,35,0.5114765136021916,2.2723607961703203,0.2989690721649484,2.507432602670698,0.3404255319148936
LSPIN,lspin_tf,mlp,0.007,0.0,1,5,35,0.5410552424483478,2.507432602670698,0.3404255319148936,2.1940035273368608,0.2857142857142857
LSPIN,lspin_tf,mlp,0.007,0.0,1,6,35,0.5434400542105792,2.6641471403376165,0.3695652173913043,2.2723607961703203,0.2989690721649484
LSPIN,lspin_tf,mlp,0.007,0.0,1,7,35,0.5799798592748053,2.977576215671454,0.4318181818181818,2.2723607961703203,0.2989690721649484
LSPIN,lspin_tf,mlp,0.007,0.0,2,3,35,0.6850479186284713,2.742504409171076,0.3846153846153846,2.742504409171076,0.3846153846153846
LSPIN,lspin_tf,mlp,0.007,0.0,2,4,35,0.5856736589643491,2.507432602670698,0.3404255319148936,2.3507180650037798,0.3125
LSPIN,lspin_tf,mlp,0.007,0.0,2,5,35,0.5929336202382551,2.429075333837239,0.3263157894736842,2.429075333837239,0.3263157894736842
LSPIN,lspin_tf,mlp,0.007,0.0,2,6,35,0.5831441374884091,2.3507180650037798,0.3125,2.429075333837239,0.3263157894736842
LSPIN,lspin_tf,mlp,0.007,0.0,2,7,35,0.6129915196741385,2.5857898715041574,0.3548387096774194,2.507432602670698,0.3404255319148936
LSPIN,lspin_tf,mlp,0.007,0.0,3,4,35,0.6055774211548002,2.2723607961703203,0.2989690721649484,2.429075333837239,0.3263157894736842
LSPIN,lspin_tf,mlp,0.007,0.0,3,5,35,0.6128516754012161,2.6641471403376165,0.3695652173913043,2.6641471403376165,0.3695652173913043
LSPIN,lspin_tf,mlp,0.007,0.0,3,6,35,0.6539150923301472,3.055933484504913,0.4482758620689655,2.742504409171076,0.3846153846153846
LSPIN,lspin_tf,mlp,0.007,0.0,3,7,35,0.587198258288155,2.5857898715041574,0.3548387096774194,2.037288989669942,0.26
LSPIN,lspin_tf,mlp,0.007,0.0,4,5,35,0.5771586622330653,2.507432602670698,0.3404255319148936,2.5857898715041574,0.3548387096774194
LSPIN,lspin_tf,mlp,0.007,0.0,4,6,35,0.6577655307480986,2.2723607961703203,0.2989690721649484,3.291005291005291,0.5
LSPIN,lspin_tf,mlp,0.007,0.0,4,7,35,0.5579513176929711,1.802217183169564,0.2233009708737864,2.429075333837239,0.3263157894736842
LSPIN,lspin_tf,mlp,0.007,0.0,5,6,35,0.6396400381216467,2.6641471403376165,0.3695652173913043,2.8208616780045355,0.4
LSPIN,lspin_tf,mlp,0.007,0.0,5,7,35,0.5947246255254777,2.2723607961703203,0.2989690721649484,2.5857898715041574,0.3548387096774194
LSPIN,lspin_tf,mlp,0.007,0.0,6,7,35,0.5816747504220896,2.507432602670698,0.3404255319148936,2.5857898715041574,0.3548387096774194
LSPIN,lspin_tf,mlp,0.021,0.0,0,1,39,0.3632352371934378,2.037288989669942,0.26,1.880574452003024,0.2352941176470588
LSPIN,lspin_tf,mlp,0.021,0.0,0,2,39,0.3985678881637758,1.880574452003024,0.2352941176470588,2.1940035273368608,0.2857142857142857
LSPIN,lspin_tf,mlp,0.021,0.0,0,3,39,0.3360039868597675,1.880574452003024,0.2352941176470588,1.6455026455026456,0.2
LSPIN,lspin_tf,mlp,0.021,0.0,0,4,39,0.2710056272853739,2.1156462585034013,0.2727272727272727,1.488788107835727,0.1775700934579439
LSPIN,lspin_tf,mlp,0.021,0.0,0,5,39,0.4717137677454044,2.2723607961703203,0.2989690721649484,1.958931720836483,0.2475247524752475
LSPIN,lspin_tf,mlp,0.021,0.0,0,6,39,0.3152969299023928,1.5671453766691863,0.1886792452830188,2.1156462585034013,0.2727272727272727
LSPIN,lspin_tf,mlp,0.021,0.0,0,7,39,0.2946835869444634,1.3320735701688082,0.1559633027522936,1.958931720836483,0.2475247524752475
LSPIN,lspin_tf,mlp,0.021,0.0,1,2,39,0.4002021613169714,1.880574452003024,0.2352941176470588,1.958931720836483,0.2475247524752475
LSPIN,lspin_tf,mlp,0.021,0.0,1,3,39,0.3576331799676945,1.958931720836483,0.2475247524752475,1.880574452003024,0.2352941176470588
LSPIN,lspin_tf,mlp,0.021,0.0,1,4,39,0.3787243620177764,2.037288989669942,0.26,2.2723607961703203,0.2989690721649484
LSPIN,lspin_tf,mlp,0.021,0.0,1,5,39,0.4250850540415919,2.037288989669942,0.26,2.507432602670698,0.3404255319148936
LSPIN,lspin_tf,mlp,0.021,0.0,1,6,39,0.3185081776222835,1.958931720836483,0.2475247524752475,1.802217183169564,0.2233009708737864
LSPIN,lspin_tf,mlp,0.021,0.0,1,7,39,0.3631242376072151,1.802217183169564,0.2233009708737864,1.958931720836483,0.2475247524752475
LSPIN,lspin_tf,mlp,0.021,0.0,2,3,39,0.3915518696985731,2.1940035273368608,0.2857142857142857,2.1156462585034013,0.2727272727272727
LSPIN,lspin_tf,mlp,0.021,0.0,2,4,39,0.4175506507571558,2.1940035273368608,0.2857142857142857,1.7238599143361049,0.2115384615384615
LSPIN,lspin_tf,mlp,0.021,0.0,2,5,39,0.4614910497590154,2.429075333837239,0.3263157894736842,2.2723607961703203,0.2989690721649484
LSPIN,lspin_tf,mlp,0.021,0.0,2,6,39,0.4250831000019041,2.1156462585034013,0.2727272727272727,2.1940035273368608,0.2857142857142857
LSPIN,lspin_tf,mlp,0.021,0.0,2,7,39,0.3923661001560311,1.7238599143361049,0.2115384615384615,2.507432602670698,0.3404255319148936
LSPIN,lspin_tf,mlp,0.021,0.0,3,4,39,0.324457783287212,1.880574452003024,0.2352941176470588,1.958931720836483,0.2475247524752475
LSPIN,lspin_tf,mlp,0.021,0.0,3,5,39,0.3764372218010012,1.880574452003024,0.2352941176470588,1.958931720836483,0.2475247524752475
LSPIN,lspin_tf,mlp,0.021,0.0,3,6,39,0.3784761515275309,2.1156462585034013,0.2727272727272727,1.488788107835727,0.1775700934579439
LSPIN,lspin_tf,mlp,0.021,0.0,3,7,39,0.2458669736897565,1.802217183169564,0.2233009708737864,1.488788107835727,0.1775700934579439
LSPIN,lspin_tf,mlp,0.021,0.0,4,5,39,0.3451838884658405,2.3507180650037798,0.3125,1.802217183169564,0.2233009708737864
LSPIN,lspin_tf,mlp,0.021,0.0,4,6,39,0.4484149710571971,2.3507180650037798,0.3125,1.958931720836483,0.2475247524752475
LSPIN,lspin_tf,mlp,0.021,0.0,4,7,39,0.4359387768408543,1.880574452003024,0.2352941176470588,1.880574452003024,0.2352941176470588
LSPIN,lspin_tf,mlp,0.021,0.0,5,6,39,0.4212948560940017,2.2723607961703203,0.2989690721649484,1.7238599143361049,0.2115384615384615
LSPIN,lspin_tf,mlp,0.021,0.0,5,7,39,0.2702047293847557,1.5671453766691863,0.1886792452830188,1.802217183169564,0.2233009708737864
LSPIN,lspin_tf,mlp,0.021,0.0,6,7,39,0.3705385762619703,1.7238599143361049,0.2115384615384615,2.1156462585034013,0.2727272727272727
LSPIN,lspin_tf,mlp,0.007,0.1,0,1,43,0.6906435263485454,2.429075333837239,0.3263157894736842,2.8208616780045355,0.4
LSPIN,lspin_tf,mlp,0.007,0.1,0,2,43,0.6194372637230535,2.429075333837239,0.3263157894736842,2.8992189468379945,0.4157303370786517
LSPIN,lspin_tf,mlp,0.007,0.1,0,3,43,0.606483680314771,2.5857898715041574,0.3548387096774194,2.5857898715041574,0.3548387096774194
LSPIN,lspin_tf,mlp,0.007,0.1,0,4,43,0.617893685654118,2.507432602670698,0.3404255319148936,2.5857898715041574,0.3548387096774194
LSPIN,lspin_tf,mlp,0.007,0.1,0,5,43,0.7053985768406099,2.742504409171076,0.3846153846153846,3.4477198286722097,0.5365853658536586
LSPIN,lspin_tf,mlp,0.007,0.1,0,6,43,0.5942410369694875,2.5857898715041574,0.3548387096774194,2.742504409171076,0.3846153846153846
LSPIN,lspin_tf,mlp,0.007,0.1,0,7,43,0.6893353868678249,2.5857898715041574,0.3548387096774194,3.291005291005291,0.5
LSPIN,lspin_tf,mlp,0.007,0.1,1,2,43,0.6242409580289848,2.507432602670698,0.3404255319148936,2.5857898715041574,0.3548387096774194
LSPIN,lspin_tf,mlp,0.007,0.1,1,3,43,0.5818194287892704,2.3507180650037798,0.3125,2.3507180650037798,0.3125
LSPIN,lspin_tf,mlp,0.007,0.1,1,4,43,0.5376279578220533,2.3507180650037798,0.3125,2.3507180650037798,0.3125
LSPIN,lspin_tf,mlp,0.007,0.1,1,5,43,0.66431690650349,2.8208616780045355,0.4,2.8992189468379945,0.4157303370786517
LSPIN,lspin_tf,mlp,0.007,0.1,1,6,43,0.5578315718584815,2.429075333837239,0.3263157894736842,2.429075333837239,0.3263157894736842
LSPIN,lspin_tf,mlp,0.007,0.1,1,7,43,0.6451814362010998,2.742504409171076,0.3846153846153846,2.8992189468379945,0.4157303370786517
LSPIN,lspin_tf,mlp,0.007,0.1,2,3,43,0.6320449152365233,2.977576215671454,0.4318181818181818,2.1940035273368608,0.2857142857142857
LSPIN,lspin_tf,mlp,0.007,0.1,2,4,43,0.5605499962021108,2.3507180650037798,0.3125,2.1156462585034013,0.2727272727272727
LSPIN,lspin_tf,mlp,0.007,0.1,2,5,43,0.6542162986877419,2.742504409171076,0.3846153846153846,2.5857898715041574,0.3548387096774194
LSPIN,lspin_tf,mlp,0.007,0.1,2,6,43,0.5779572546649299,2.3507180650037798,0.3125,2.429075333837239,0.3263157894736842
LSPIN,lspin_tf,mlp,0.007,0.1,2,7,43,0.6347057180445801,2.5857898715041574,0.3548387096774194,2.6641471403376165,0.3695652173913043
LSPIN,lspin_tf,mlp,0.007,0.1,3,4,43,0.4980684003442572,2.3507180650037798,0.3125,2.429075333837239,0.3263157894736842
LSPIN,lspin_tf,mlp,0.007,0.1,3,5,43,0.6221185998564568,2.2723607961703203,0.2989690721649484,2.507432602670698,0.3404255319148936
LSPIN,lspin_tf,mlp,0.007,0.1,3,6,43,0.5589237725974315,2.2723607961703203,0.2989690721649484,2.507432602670698,0.3404255319148936
LSPIN,lspin_tf,mlp,0.007,0.1,3,7,43,0.6238582552390394,2.5857898715041574,0.3548387096774194,2.507432602670698,0.3404255319148936
LSPIN,lspin_tf,mlp,0.007,0.1,4,5,43,0.5412947209790892,2.1940035273368608,0.2857142857142857,2.3507180650037798,0.3125
LSPIN,lspin_tf,mlp,0.007,0.1,4,6,43,0.6275038156617929,2.8208616780045355,0.4,2.429075333837239,0.3263157894736842
LSPIN,lspin_tf,mlp,0.007,0.1,4,7,43,0.5794248523720771,2.1940035273368608,0.2857142857142857,2.5857898715041574,0.3548387096774194
LSPIN,lspin_tf,mlp,0.007,0.1,5,6,43,0.5753013265562986,1.880574452003024,0.2352941176470588,2.6641471403376165,0.3695652173913043
LSPIN,lspin_tf,mlp,0.007,0.1,5,7,43,0.6520147090101738,2.6641471403376165,0.3695652173913043,3.055933484504913,0.4482758620689655
LSPIN,lspin_tf,mlp,0.007,0.1,6,7,43,0.657432468878324,2.5857898715041574,0.3548387096774194,2.6641471403376165,0.3695652173913043
LSPIN,lspin_tf,mlp,0.021,0.1,0,1,47,0.4158711152568353,1.6455026455026456,0.2,2.1940035273368608,0.2857142857142857
LSPIN,lspin_tf,mlp,0.021,0.1,0,2,47,0.476731488229382,2.3507180650037798,0.3125,2.429075333837239,0.3263157894736842
LSPIN,lspin_tf,mlp,0.021,0.1,0,3,47,0.4427469058684662,2.1940035273368608,0.2857142857142857,2.1940035273368608,0.2857142857142857
LSPIN,lspin_tf,mlp,0.021,0.1,0,4,47,0.467935094143092,2.1156462585034013,0.2727272727272727,2.1940035273368608,0.2857142857142857
LSPIN,lspin_tf,mlp,0.021,0.1,0,5,47,0.4616550464014637,2.1156462585034013,0.2727272727272727,2.507432602670698,0.3404255319148936
LSPIN,lspin_tf,mlp,0.021,0.1,0,6,47,0.405294167211539,2.1156462585034013,0.2727272727272727,2.1940035273368608,0.2857142857142857
LSPIN,lspin_tf,mlp,0.021,0.1,0,7,47,0.4810890791375112,2.1940035273368608,0.2857142857142857,2.429075333837239,0.3263157894736842
LSPIN,lspin_tf,mlp,0.021,0.1,1,2,47,0.4566911345524844,1.802217183169564,0.2233009708737864,2.1940035273368608,0.2857142857142857
LSPIN,lspin_tf,mlp,0.021,0.1,1,3,47,0.4867420899513331,1.958931720836483,0.2475247524752475,2.1156462585034013,0.2727272727272727
LSPIN,lspin_tf,mlp,0.021,0.1,1,4,47,0.4300538196706011,1.802217183169564,0.2233009708737864,2.3507180650037798,0.3125
LSPIN,lspin_tf,mlp,0.021,0.1,1,5,47,0.4479942645253331,2.037288989669942,0.26,1.880574452003024,0.2352941176470588
LSPIN,lspin_tf,mlp,0.021,0.1,1,6,47,0.4608445948043536,1.802217183169564,0.2233009708737864,1.802217183169564,0.2233009708737864
LSPIN,lspin_tf,mlp,0.021,0.1,1,7,47,0.4899674585108443,1.7238599143361049,0.2115384615384615,2.3507180650037798,0.3125
LSPIN,lspin_tf,mlp,0.021,0.1,2,3,47,0.5224169045923923,2.3507180650037798,0.3125,2.429075333837239,0.3263157894736842
LSPIN,lspin_tf,mlp,0.021,0.1,2,4,47,0.527894854689489,2.742504409171076,0.3846153846153846,2.1940035273368608,0.2857142857142857
LSPIN,lspin_tf,mlp,0.021,0.1,2,5,47,0.5028892759936098,2.037288989669942,0.26,2.5857898715041574,0.3548387096774194
LSPIN,lspin_tf,mlp,0.021,0.1,2,6,47,0.4950665466323109,2.5857898715041574,0.3548387096774194,1.958931720836483,0.2475247524752475
LSPIN,lspin_tf,mlp,0.021,0.1,2,7,47,0.4883652669067952,2.2723607961703203,0.2989690721649484,2.3507180650037798,0.3125
LSPIN,lspin_tf,mlp,0.021,0.1,3,4,47,0.4291518021022322,2.3507180650037798,0.3125,1.7238599143361049,0.2115384615384615
LSPIN,lspin_tf,mlp,0.021,0.1,3,5,47,0.5369936735718535,2.3507180650037798,0.3125,2.3507180650037798,0.3125
LSPIN,lspin_tf,mlp,0.021,0.1,3,6,47,0.5008707390685827,1.802217183169564,0.2233009708737864,2.3507180650037798,0.3125
LSPIN,lspin_tf,mlp,0.021,0.1,3,7,47,0.5059072250744486,1.958931720836483,0.2475247524752475,2.429075333837239,0.3263157894736842
LSPIN,lspin_tf,mlp,0.021,0.1,4,5,47,0.4065543943142037,2.2723607961703203,0.2989690721649484,2.037288989669942,0.26
LSPIN,lspin_tf,mlp,0.021,0.1,4,6,47,0.4639890015653058,2.2723607961703203,0.2989690721649484,2.1940035273368608,0.2857142857142857
LSPIN,lspin_tf,mlp,0.021,0.1,4,7,47,0.5397829658526055,2.507432602670698,0.3404255319148936,2.6641471403376165,0.3695652173913043
LSPIN,lspin_tf,mlp,0.021,0.1,5,6,47,0.5114974839092256,2.037288989669942,0.26,2.2723607961703203,0.2989690721649484
LSPIN,lspin_tf,mlp,0.021,0.1,5,7,47,0.4597692742166471,2.1940035273368608,0.2857142857142857,2.1940035273368608,0.2857142857142857
LSPIN,lspin_tf,mlp,0.021,0.1,6,7,47,0.5151672683954764,2.429075333837239,0.3263157894736842,2.742504409171076,0.3846153846153846
LSPIN,lspin_tf,mlp,0.007,0.2,0,1,51,0.5682938501866212,2.1156462585034013,0.2727272727272727,2.6641471403376165,0.3695652173913043
LSPIN,lspin_tf,mlp,0.007,0.2,0,2,51,0.560781560032384,2.429075333837239,0.3263157894736842,2.8208616780045355,0.4
LSPIN,lspin_tf,mlp,0.007,0.2,0,3,51,0.5649041183059341,2.6641471403376165,0.3695652173913043,2.6641471403376165,0.3695652173913043
LSPIN,lspin_tf,mlp,0.007,0.2,0,4,51,0.5722189440086799,2.037288989669942,0.26,2.6641471403376165,0.3695652173913043
LSPIN,lspin_tf,mlp,0.007,0.2,0,5,51,0.5791365924087427,2.3507180650037798,0.3125,2.507432602670698,0.3404255319148936
LSPIN,lspin_tf,mlp,0.007,0.2,0,6,51,0.6180816582802016,2.6641471403376165,0.3695652173913043,2.5857898715041574,0.3548387096774194
LSPIN,lspin_tf,mlp,0.007,0.2,0,7,51,0.6639956037900787,2.6641471403376165,0.3695652173913043,3.055933484504913,0.4482758620689655
LSPIN,lspin_tf,mlp,0.007,0.2,1,2,51,0.5842635961605146,1.958931720836483,0.2475247524752475,2.6641471403376165,0.3695652173913043
LSPIN,lspin_tf,mlp,0.007,0.2,1,3,51,0.5835821034900599,2.1940035273368608,0.2857142857142857,2.5857898715041574,0.3548387096774194
LSPIN,lspin_tf,mlp,0.007,0.2,1,4,51,0.61427828040241,1.958931720836483,0.2475247524752475,2.8208616780045355,0.4
LSPIN,lspin_tf,mlp,0.007,0.2,1,5,51,0.5420721247640933,1.880574452003024,0.2352941176470588,2.429075333837239,0.3263157894736842
LSPIN,lspin_tf,mlp,0.007,0.2,1,6,51,0.5987610807876628,2.1156462585034013,0.2727272727272727,2.5857898715041574,0.3548387096774194
LSPIN,lspin_tf,mlp,0.007,0.2,1,7,51,0.6390433780016697,2.2723607961703203,0.2989690721649484,2.8992189468379945,0.4157303370786517
LSPIN,lspin_tf,mlp,0.007,0.2,2,3,51,0.636850046603314,2.6641471403376165,0.3695652173913043,2.8208616780045355,0.4
LSPIN,lspin_tf,mlp,0.007,0.2,2,4,51,0.6050902598919936,2.1940035273368608,0.2857142857142857,2.507432602670698,0.3404255319148936
LSPIN,lspin_tf,mlp,0.007,0.2,2,5,51,0.6109743918214128,2.507432602670698,0.3404255319148936,2.1940035273368608,0.2857142857142857
LSPIN,lspin_tf,mlp,0.007,0.2,2,6,51,0.6675664838998545,2.8208616780045355,0.4,2.742504409171076,0.3846153846153846
LSPIN,lspin_tf,mlp,0.007,0.2,2,7,51,0.6326461036474963,2.2723607961703203,0.2989690721649484,2.742504409171076,0.3846153846153846
LSPIN,lspin_tf,mlp,0.007,0.2,3,4,51,0.5470689213808592,2.1940035273368608,0.2857142857142857,2.5857898715041574,0.3548387096774194
LSPIN,lspin_tf,mlp,0.007,0.2,3,5,51,0.6061408852453833,2.429075333837239,0.3263157894736842,2.507432602670698,0.3404255319148936
LSPIN,lspin_tf,mlp,0.007,0.2,3,6,51,0.5950898740503134,2.507432602670698,0.3404255319148936,2.507432602670698,0.3404255319148936
LSPIN,lspin_tf,mlp,0.007,0.2,3,7,51,0.6639204103835223,2.6641471403376165,0.3695652173913043,2.507432602670698,0.3404255319148936
LSPIN,lspin_tf,mlp,0.007,0.2,4,5,51,0.6158630245039554,2.429075333837239,0.3263157894736842,2.5857898715041574,0.3548387096774194
LSPIN,lspin_tf,mlp,0.007,0.2,4,6,51,0.6488485985072743,2.1156462585034013,0.2727272727272727,2.742504409171076,0.3846153846153846
LSPIN,lspin_tf,mlp,0.007,0.2,4,7,51,0.6373960343485877,2.3507180650037798,0.3125,2.742504409171076,0.3846153846153846
LSPIN,lspin_tf,mlp,0.007,0.2,5,6,51,0.62310529368677,2.8992189468379945,0.4157303370786517,2.2723607961703203,0.2989690721649484
LSPIN,lspin_tf,mlp,0.007,0.2,5,7,51,0.6536269132562944,2.2723607961703203,0.2989690721649484,2.6641471403376165,0.3695652173913043
LSPIN,lspin_tf,mlp,0.007,0.2,6,7,51,0.639184990035723,2.2723607961703203,0.2989690721649484,2.8208616780045355,0.4
LSPIN,lspin_tf,mlp,0.021,0.2,0,1,55,0.5359695727401196,2.037288989669942,0.26,2.507432602670698,0.3404255319148936
LSPIN,lspin_tf,mlp,0.021,0.2,0,2,55,0.4757783683361656,1.880574452003024,0.2352941176470588,2.2723607961703203,0.2989690721649484
LSPIN,lspin_tf,mlp,0.021,0.2,0,3,55,0.4393646923525423,2.2723607961703203,0.2989690721649484,2.1156462585034013,0.2727272727272727
LSPIN,lspin_tf,mlp,0.021,0.2,0,4,55,0.5121778330072495,2.2723607961703203,0.2989690721649484,2.429075333837239,0.3263157894736842
LSPIN,lspin_tf,mlp,0.021,0.2,0,5,55,0.518873802151431,2.2723607961703203,0.2989690721649484,2.507432602670698,0.3404255319148936
LSPIN,lspin_tf,mlp,0.021,0.2,0,6,55,0.4614931380176139,2.037288989669942,0.26,2.1156462585034013,0.2727272727272727
LSPIN,lspin_tf,mlp,0.021,0.2,0,7,55,0.5008820956041122,1.802217183169564,0.2233009708737864,2.507432602670698,0.3404255319148936
LSPIN,lspin_tf,mlp,0.021,0.2,1,2,55,0.5195762741422562,2.2723607961703203,0.2989690721649484,2.5857898715041574,0.3548387096774194
LSPIN,lspin_tf,mlp,0.021,0.2,1,3,55,0.342785482999438,2.1940035273368608,0.2857142857142857,1.6455026455026456,0.2
LSPIN,lspin_tf,mlp,0.021,0.2,1,4,55,0.4935731015756791,2.5857898715041574,0.3548387096774194,2.1156462585034013,0.2727272727272727
LSPIN,lspin_tf,mlp,0.021,0.2,1,5,55,0.4113964327677264,2.037288989669942,0.26,1.958931720836483,0.2475247524752475
LSPIN,lspin_tf,mlp,0.021,0.2,1,6,55,0.4741454288731841,1.958931720836483,0.2475247524752475,2.429075333837239,0.3263157894736842
LSPIN,lspin_tf,mlp,0.021,0.2,1,7,55,0.4377322249222914,2.1940035273368608,0.2857142857142857,1.7238599143361049,0.2115384615384615
LSPIN,lspin_tf,mlp,0.021,0.2,2,3,55,0.4244078201593567,2.037288989669942,0.26,2.2723607961703203,0.2989690721649484
LSPIN,lspin_tf,mlp,0.021,0.2,2,4,55,0.5622327512311918,2.2723607961703203,0.2989690721649484,2.037288989669942,0.26
LSPIN,lspin_tf,mlp,0.021,0.2,2,5,55,0.4156441445794753,2.037288989669942,0.26,2.1156462585034013,0.2727272727272727
LSPIN,lspin_tf,mlp,0.021,0.2,2,6,55,0.4722016022499463,2.1940035273368608,0.2857142857142857,2.429075333837239,0.3263157894736842
LSPIN,lspin_tf,mlp,0.021,0.2,2,7,55,0.435554426812501,1.802217183169564,0.2233009708737864,2.1940035273368608,0.2857142857142857
LSPIN,lspin_tf,mlp,0.021,0.2,3,4,55,0.3951349682709588,2.2723607961703203,0.2989690721649484,2.1156462585034013,0.2727272727272727
LSPIN,lspin_tf,mlp,0.021,0.2,3,5,55,0.4088853354253323,2.1940035273368608,0.2857142857142857,1.958931720836483,0.2475247524752475
LSPIN,lspin_tf,mlp,0.021,0.2,3,6,55,0.3256633356200505,1.7238599143361049,0.2115384615384615,2.507432602670698,0.3404255319148936
LSPIN,lspin_tf,mlp,0.021,0.2,3,7,55,0.4684213805154634,2.1156462585034013,0.2727272727272727,2.429075333837239,0.3263157894736842
LSPIN,lspin_tf,mlp,0.021,0.2,4,5,55,0.4682580824777979,2.5857898715041574,0.3548387096774194,2.037288989669942,0.26
LSPIN,lspin_tf,mlp,0.021,0.2,4,6,55,0.4615546537185052,2.1156462585034013,0.2727272727272727,1.880574452003024,0.2352941176470588
LSPIN,lspin_tf,mlp,0.021,0.2,4,7,55,0.5439347187954063,1.958931720836483,0.2475247524752475,2.2723607961703203,0.2989690721649484
LSPIN,lspin_tf,mlp,0.021,0.2,5,6,55,0.4391093038939462,1.958931720836483,0.2475247524752475,2.429075333837239,0.3263157894736842
LSPIN,lspin_tf,mlp,0.021,0.2,5,7,55,0.5330548634051088,2.3507180650037798,0.3125,2.2723607961703203,0.2989690721649484
LSPIN,lspin_tf,mlp,0.021,0.2,6,7,55,0.4237727014493616,1.6455026455026456,0.2,2.5857898715041574,0.3548387096774194
LSPIN,lspin_tf,mlp,0.007,0.4,0,1,59,0.629449929449399,2.6641471403376165,0.3695652173913043,2.8208616780045355,0.4
LSPIN,lspin_tf,mlp,0.007,0.4,0,2,59,0.636688561205368,3.055933484504913,0.4482758620689655,2.5857898715041574,0.3548387096774194
LSPIN,lspin_tf,mlp,0.007,0.4,0,3,59,0.5846936490008605,2.507432602670698,0.3404255319148936,2.429075333837239,0.3263157894736842
LSPIN,lspin_tf,mlp,0.007,0.4,0,4,59,0.6108808626365323,2.742504409171076,0.3846153846153846,2.2723607961703203,0.2989690721649484
LSPIN,lspin_tf,mlp,0.007,0.4,0,5,59,0.6312684181356025,2.977576215671454,0.4318181818181818,2.3507180650037798,0.3125
LSPIN,lspin_tf,mlp,0.007,0.4,0,6,59,0.634330532226048,2.5857898715041574,0.3548387096774194,2.6641471403376165,0.3695652173913043
LSPIN,lspin_tf,mlp,0.007,0.4,0,7,59,0.6599951698634198,2.742504409171076,0.3846153846153846,2.8208616780045355,0.4
LSPIN,lspin_tf,mlp,0.007,0.4,1,2,59,0.6560058143295993,2.5857898715041574,0.3548387096774194,3.055933484504913,0.4482758620689655
LSPIN,lspin_tf,mlp,0.007,0.4,1,3,59,0.7224985820500295,2.977576215671454,0.4318181818181818,2.6641471403376165,0.3695652173913043
LSPIN,lspin_tf,mlp,0.007,0.4,1,4,59,0.6560244753012597,2.742504409171076,0.3846153846153846,2.6641471403376165,0.3695652173913043
LSPIN,lspin_tf,mlp,0.007,0.4,1,5,59,0.6853146769164532,2.8208616780045355,0.4,3.291005291005291,0.5
LSPIN,lspin_tf,mlp,0.007,0.4,1,6,59,0.6806267286899862,2.507432602670698,0.3404255319148936,2.6641471403376165,0.3695652173913043
LSPIN,lspin_tf,mlp,0.007,0.4,1,7,59,0.6869054799878354,2.5857898715041574,0.3548387096774194,3.055933484504913,0.4482758620689655
LSPIN,lspin_tf,mlp,0.007,0.4,2,3,59,0.554998342823287,2.1156462585034013,0.2727272727272727,2.742504409171076,0.3846153846153846
LSPIN,lspin_tf,mlp,0.007,0.4,2,4,59,0.5545023416297928,2.6641471403376165,0.3695652173913043,2.3507180650037798,0.3125
LSPIN,lspin_tf,mlp,0.007,0.4,2,5,59,0.5843122106304846,2.742504409171076,0.3846153846153846,2.6641471403376165,0.3695652173913043
LSPIN,lspin_tf,mlp,0.007,0.4,2,6,59,0.5515357022467573,2.6641471403376165,0.3695652173913043,2.6641471403376165,0.3695652173913043
LSPIN,lspin_tf,mlp,0.007,0.4,2,7,59,0.6166366948313466,2.5857898715041574,0.3548387096774194,2.977576215671454,0.4318181818181818
LSPIN,lspin_tf,mlp,0.007,0.4,3,4,59,0.620607432465021,2.507432602670698,0.3404255319148936,2.6641471403376165,0.3695652173913043
LSPIN,lspin_tf,mlp,0.007,0.4,3,5,59,0.6395931869973253,2.5857898715041574,0.3548387096774194,2.8992189468379945,0.4157303370786517
LSPIN,lspin_tf,mlp,0.007,0.4,3,6,59,0.6628044252941419,2.8208616780045355,0.4,2.6641471403376165,0.3695652173913043
LSPIN,lspin_tf,mlp,0.007,0.4,3,7,59,0.5994965106473648,2.6641471403376165,0.3695652173913043,2.429075333837239,0.3263157894736842
LSPIN,lspin_tf,mlp,0.007,0.4,4,5,59,0.6200563199571427,2.6641471403376165,0.3695652173913043,2.977576215671454,0.4318181818181818
LSPIN,lspin_tf,mlp,0.007,0.4,4,6,59,0.6387835334405518,2.3507180650037798,0.3125,2.8992189468379945,0.4157303370786517
LSPIN,lspin_tf,mlp,0.007,0.4,4,7,59,0.540408119423388,2.3507180650037798,0.3125,2.1940035273368608,0.2857142857142857
LSPIN,lspin_tf,mlp,0.007,0.4,5,6,59,0.5873336256777263,2.3507180650037798,0.3125,2.6641471403376165,0.3695652173913043
LSPIN,lspin_tf,mlp,0.007,0.4,5,7,59,0.6313882593135942,2.6641471403376165,0.3695652173913043,2.429075333837239,0.3263157894736842
LSPIN,lspin_tf,mlp,0.007,0.4,6,7,59,0.6270837055397004,2.429075333837239,0.3263157894736842,2.742504409171076,0.3846153846153846
LSPIN,lspin_tf,mlp,0.021,0.4,0,1,63,0.571819380939774,1.958931720836483,0.2475247524752475,2.6641471403376165,0.3695652173913043
LSPIN,lspin_tf,mlp,0.021,0.4,0,2,63,0.4582963483766115,2.1156462585034013,0.2727272727272727,2.037288989669942,0.26
LSPIN,lspin_tf,mlp,0.021,0.4,0,3,63,0.4623229666405284,2.1940035273368608,0.2857142857142857,2.037288989669942,0.26
LSPIN,lspin_tf,mlp,0.021,0.4,0,4,63,0.5351980454266211,2.3507180650037798,0.3125,2.429075333837239,0.3263157894736842
LSPIN,lspin_tf,mlp,0.021,0.4,0,5,63,0.5642841882701594,2.507432602670698,0.3404255319148936,2.2723607961703203,0.2989690721649484
LSPIN,lspin_tf,mlp,0.021,0.4,0,6,63,0.3921467603398792,2.037288989669942,0.26,2.3507180650037798,0.3125
LSPIN,lspin_tf,mlp,0.021,0.4,0,7,63,0.5174131916581676,2.1940035273368608,0.2857142857142857,2.1156462585034013,0.2727272727272727
LSPIN,lspin_tf,mlp,0.021,0.4,1,2,63,0.4847127330621472,1.802217183169564,0.2233009708737864,2.1940035273368608,0.2857142857142857
LSPIN,lspin_tf,mlp,0.021,0.4,1,3,63,0.4858894969028948,2.1156462585034013,0.2727272727272727,2.1940035273368608,0.2857142857142857
LSPIN,lspin_tf,mlp,0.021,0.4,1,4,63,0.4868872289592828,1.958931720836483,0.2475247524752475,2.6641471403376165,0.3695652173913043
LSPIN,lspin_tf,mlp,0.021,0.4,1,5,63,0.5648307369936476,2.2723607961703203,0.2989690721649484,2.1940035273368608,0.2857142857142857
LSPIN,lspin_tf,mlp,0.021,0.4,1,6,63,0.4193220243083603,1.958931720836483,0.2475247524752475,2.507432602670698,0.3404255319148936
LSPIN,lspin_tf,mlp,0.021,0.4,1,7,63,0.452016940850884,2.1156462585034013,0.2727272727272727,1.880574452003024,0.2352941176470588
LSPIN,lspin_tf,mlp,0.021,0.4,2,3,63,0.3821468739847265,1.4104308390022675,0.1666666666666666,2.037288989669942,0.26
LSPIN,lspin_tf,mlp,0.021,0.4,2,4,63,0.4885055345488636,1.958931720836483,0.2475247524752475,2.429075333837239,0.3263157894736842
LSPIN,lspin_tf,mlp,0.021,0.4,2,5,63,0.4521508735922813,1.7238599143361049,0.2115384615384615,2.1156462585034013,0.2727272727272727
LSPIN,lspin_tf,mlp,0.021,0.4,2,6,63,0.3840434981727582,1.958931720836483,0.2475247524752475,2.1156462585034013,0.2727272727272727
LSPIN,lspin_tf,mlp,0.021,0.4,2,7,63,0.4710195625404231,1.802217183169564,0.2233009708737864,1.958931720836483,0.2475247524752475
LSPIN,lspin_tf,mlp,0.021,0.4,3,4,63,0.4636932558412708,1.958931720836483,0.2475247524752475,1.880574452003024,0.2352941176470588
LSPIN,lspin_tf,mlp,0.021,0.4,3,5,63,0.4887881125618336,2.2723607961703203,0.2989690721649484,1.958931720836483,0.2475247524752475
LSPIN,lspin_tf,mlp,0.021,0.4,3,6,63,0.3705768976244233,2.037288989669942,0.26,2.2723607961703203,0.2989690721649484
LSPIN,lspin_tf,mlp,0.021,0.4,3,7,63,0.4329299880612842,1.880574452003024,0.2352941176470588,1.958931720836483,0.2475247524752475
LSPIN,lspin_tf,mlp,0.021,0.4,4,5,63,0.5141258744153474,1.958931720836483,0.2475247524752475,2.3507180650037798,0.3125
LSPIN,lspin_tf,mlp,0.021,0.4,4,6,63,0.3621751168095625,1.880574452003024,0.2352941176470588,1.958931720836483,0.2475247524752475
LSPIN,lspin_tf,mlp,0.021,0.4,4,7,63,0.4277307715449876,1.880574452003024,0.2352941176470588,1.880574452003024,0.2352941176470588
LSPIN,lspin_tf,mlp,0.021,0.4,5,6,63,0.4237113895453405,1.880574452003024,0.2352941176470588,2.1156462585034013,0.2727272727272727
LSPIN,lspin_tf,mlp,0.021,0.4,5,7,63,0.438764971937762,1.802217183169564,0.2233009708737864,1.958931720836483,0.2475247524752475
LSPIN,lspin_tf,mlp,0.021,0.4,6,7,63,0.4401521011636046,2.507432602670698,0.3404255319148936,2.1156462585034013,0.2727272727272727
Concrete,concrete,mlp,0.0022,0.0,0,1,67,0.8072083519173678,2.8992189468379945,0.4157303370786517,3.4477198286722097,0.5365853658536586
Concrete,concrete,mlp,0.0022,0.0,0,2,67,0.640097415362696,2.3507180650037798,0.3125,2.742504409171076,0.3846153846153846
Concrete,concrete,mlp,0.0022,0.0,0,3,67,0.7808721157554914,2.8992189468379945,0.4157303370786517,2.8992189468379945,0.4157303370786517
Concrete,concrete,mlp,0.0022,0.0,0,4,67,0.7218353182662834,2.5857898715041574,0.3548387096774194,3.055933484504913,0.4482758620689655
Concrete,concrete,mlp,0.0022,0.0,0,5,67,0.5980852910612474,2.2723607961703203,0.2989690721649484,2.429075333837239,0.3263157894736842
Concrete,concrete,mlp,0.0022,0.0,0,6,67,0.7180473942350034,2.5857898715041574,0.3548387096774194,2.977576215671454,0.4318181818181818
Concrete,concrete,mlp,0.0022,0.0,0,7,67,0.6708957101263939,2.507432602670698,0.3404255319148936,2.977576215671454,0.4318181818181818
Concrete,concrete,mlp,0.0022,0.0,1,2,67,0.6858518178286238,2.977576215671454,0.4318181818181818,2.5857898715041574,0.3548387096774194
Concrete,concrete,mlp,0.0022,0.0,1,3,67,0.7752460429714351,3.212648022171832,0.4823529411764706,3.055933484504913,0.4482758620689655
Concrete,concrete,mlp,0.0022,0.0,1,4,67,0.7237072568595114,2.977576215671454,0.4318181818181818,3.3693625598387507,0.5180722891566265
Concrete,concrete,mlp,0.0022,0.0,1,5,67,0.5744565790769073,2.5857898715041574,0.3548387096774194,2.5857898715041574,0.3548387096774194
Concrete,concrete,mlp,0.0022,0.0,1,6,67,0.7271020269057236,2.5857898715041574,0.3548387096774194,3.055933484504913,0.4482758620689655
Concrete,concrete,mlp,0.0022,0.0,1,7,67,0.6968213654779467,2.507432602670698,0.3404255319148936,3.1342907533383726,0.4651162790697674
Concrete,concrete,mlp,0.0022,0.0,2,3,67,0.6459611325023576,2.6641471403376165,0.3695652173913043,2.742504409171076,0.3846153846153846
Concrete,concrete,mlp,0.0022,0.0,2,4,67,0.7442668016503965,3.055933484504913,0.4482758620689655,2.742504409171076,0.3846153846153846
Concrete,concrete,mlp,0.0022,0.0,2,5,67,0.7136409417723097,3.1342907533383726,0.4651162790697674,2.8208616780045355,0.4
Concrete,concrete,mlp,0.0022,0.0,2,6,67,0.7054228136660176,2.5857898715041574,0.3548387096774194,2.742504409171076,0.3846153846153846
Concrete,concrete,mlp,0.0022,0.0,2,7,67,0.6933774372961725,2.742504409171076,0.3846153846153846,2.6641471403376165,0.3695652173913043
Concrete,concrete,mlp,0.0022,0.0,3,4,67,0.779026872156525,3.1342907533383726,0.4651162790697674,3.212648022171832,0.4823529411764706
Concrete,concrete,mlp,0.0022,0.0,3,5,67,0.6005276795409714,2.742504409171076,0.3846153846153846,2.5857898715041574,0.3548387096774194
Concrete,concrete,mlp,0.0022,0.0,3,6,67,0.7271960377090263,2.742504409171076,0.3846153846153846,2.977576215671454,0.4318181818181818
Concrete,concrete,mlp,0.0022,0.0,3,7,67,0.669469563973627,2.507432602670698,0.3404255319148936,2.977576215671454,0.4318181818181818
Concrete,concrete,mlp,0.0022,0.0,4,5,67,0.7297232420196913,3.291005291005291,0.5,2.507432602670698,0.3404255319148936
Concrete,concrete,mlp,0.0022,0.0,4,6,67,0.7671975732246652,3.1342907533383726,0.4651162790697674,3.291005291005291,0.5
Concrete,concrete,mlp,0.0022,0.0,4,7,67,0.7277360922175096,2.8992189468379945,0.4157303370786517,2.8992189468379945,0.4157303370786517
Concrete,concrete,mlp,0.0022,0.0,5,6,67,0.7114570626772837,3.055933484504913,0.4482758620689655,2.8992189468379945,0.4157303370786517
Concrete,concrete,mlp,0.0022,0.0,5,7,67,0.7240965442740611,2.742504409171076,0.3846153846153846,2.742504409171076,0.3846153846153846
Concrete,concrete,mlp,0.0022,0.0,6,7,67,0.6720006076654422,2.3507180650037798,0.3125,2.6641471403376165,0.3695652173913043
Concrete,concrete,mlp,0.0055,0.0,0,1,71,0.4816841700763761,2.1156462585034013,0.2727272727272727,2.5857898715041574,0.3548387096774194
Concrete,concrete,mlp,0.0055,0.0,0,2,71,0.463750595496825,2.3507180650037798,0.3125,1.880574452003024,0.2352941176470588
Concrete,concrete,mlp,0.0055,0.0,0,3,71,0.554164649566344,2.2723607961703203,0.2989690721649484,2.8992189468379945,0.4157303370786517
Concrete,concrete,mlp,0.0055,0.0,0,4,71,0.4623078761324958,2.3507180650037798,0.3125,2.507432602670698,0.3404255319148936
Concrete,concrete,mlp,0.0055,0.0,0,5,71,0.5761530543253942,2.2723607961703203,0.2989690721649484,3.055933484504913,0.4482758620689655
Concrete,concrete,mlp,0.0055,0.0,0,6,71,0.5784685594144159,2.2723607961703203,0.2989690721649484,2.5857898715041574,0.3548387096774194
Concrete,concrete,mlp,0.0055,0.0,0,7,71,0.4939716171756441,2.2723607961703203,0.2989690721649484,2.3507180650037798,0.3125
Concrete,concrete,mlp,0.0055,0.0,1,2,71,0.437275702515652,2.1156462585034013,0.2727272727272727,1.6455026455026456,0.2
Concrete,concrete,mlp,0.0055,0.0,1,3,71,0.5264860753658833,2.1940035273368608,0.2857142857142857,2.3507180650037798,0.3125
Concrete,concrete,mlp,0.0055,0.0,1,4,71,0.5212984488278792,2.3507180650037798,0.3125,2.2723607961703203,0.2989690721649484
Concrete,concrete,mlp,0.0055,0.0,1,5,71,0.5629638871220595,2.507432602670698,0.3404255319148936,2.2723607961703203,0.2989690721649484
Concrete,concrete,mlp,0.0055,0.0,1,6,71,0.5133662682930175,2.037288989669942,0.26,2.6641471403376165,0.3695652173913043
Concrete,concrete,mlp,0.0055,0.0,1,7,71,0.5198062098509674,1.880574452003024,0.2352941176470588,2.2723607961703203,0.2989690721649484
Concrete,concrete,mlp,0.0055,0.0,2,3,71,0.569863419354061,2.742504409171076,0.3846153846153846,1.958931720836483,0.2475247524752475
Concrete,concrete,mlp,0.0055,0.0,2,4,71,0.4826940867481488,2.3507180650037798,0.3125,1.6455026455026456,0.2
Concrete,concrete,mlp,0.0055,0.0,2,5,71,0.5562895919985357,2.8208616780045355,0.4,1.802217183169564,0.2233009708737864
Concrete,concrete,mlp,0.0055,0.0,2,6,71,0.5457045750854169,2.3507180650037798,0.3125,2.2723607961703203,0.2989690721649484
Concrete,concrete,mlp,0.0055,0.0,2,7,71,0.4828434305484481,2.2723607961703203,0.2989690721649484,2.507432602670698,0.3404255319148936
Concrete,concrete,mlp,0.0055,0.0,3,4,71,0.5538310417212998,2.3507180650037798,0.3125,2.6641471403376165,0.3695652173913043
Concrete,concrete,mlp,0.0055,0.0,3,5,71,0.581854653126698,2.507432602670698,0.3404255319148936,3.1342907533383726,0.4651162790697674
Concrete,concrete,mlp,0.0055,0.0,3,6,71,0.5810255260106896,2.507432602670698,0.3404255319148936,2.8992189468379945,0.4157303370786517
Concrete,concrete,mlp,0.0055,0.0,3,7,71,0.5456489564353086,2.429075333837239,0.3263157894736842,2.977576215671454,0.4318181818181818
Concrete,concrete,mlp,0.0055,0.0,4,5,71,0.5438207124213259,2.5857898715041574,0.3548387096774194,2.3507180650037798,0.3125
Concrete,concrete,mlp,0.0055,0.0,4,6,71,0.4952729842551977,2.5857898715041574,0.3548387096774194,2.2723607961703203,0.2989690721649484
Concrete,concrete,mlp,0.0055,0.0,4,7,71,0.3960915738439631,2.1940035273368608,0.2857142857142857,1.880574452003024,0.2352941176470588
Concrete,concrete,mlp,0.0055,0.0,5,6,71,0.6479787380749014,2.507432602670698,0.3404255319148936,2.8992189468379945,0.4157303370786517
Concrete,concrete,mlp,0.0055,0.0,5,7,71,0.5764524465757863,2.1940035273368608,0.2857142857142857,3.212648022171832,0.4823529411764706
Concrete,concrete,mlp,0.0055,0.0,6,7,71,0.5900983951321962,2.2723607961703203,0.2989690721649484,2.6641471403376165,0.3695652173913043
Concrete,concrete,mlp,0.0022,0.1,0,1,75,0.7101390138783554,2.507432602670698,0.3404255319148936,2.5857898715041574,0.3548387096774194
Concrete,concrete,mlp,0.0022,0.1,0,2,75,0.695965126958348,2.507432602670698,0.3404255319148936,2.3507180650037798,0.3125
Concrete,concrete,mlp,0.0022,0.1,0,3,75,0.6858436539746131,2.5857898715041574,0.3548387096774194,2.742504409171076,0.3846153846153846
Concrete,concrete,mlp,0.0022,0.1,0,4,75,0.7292169096866657,3.1342907533383726,0.4651162790697674,2.8992189468379945,0.4157303370786517
Concrete,concrete,mlp,0.0022,0.1,0,5,75,0.7413368285263013,2.742504409171076,0.3846153846153846,2.977576215671454,0.4318181818181818
Concrete,concrete,mlp,0.0022,0.1,0,6,75,0.7233792318670956,2.8992189468379945,0.4157303370786517,2.3507180650037798,0.3125
Concrete,concrete,mlp,0.0022,0.1,0,7,75,0.7564397479850251,3.1342907533383726,0.4651162790697674,2.6641471403376165,0.3695652173913043
Concrete,concrete,mlp,0.0022,0.1,1,2,75,0.677248258937916,2.429075333837239,0.3263157894736842,3.055933484504913,0.4482758620689655
Concrete,concrete,mlp,0.0022,0.1,1,3,75,0.6315833994893912,2.3507180650037798,0.3125,2.429075333837239,0.3263157894736842
Concrete,concrete,mlp,0.0022,0.1,1,4,75,0.6342968420316879,2.507432602670698,0.3404255319148936,2.8992189468379945,0.4157303370786517
Concrete,concrete,mlp,0.0022,0.1,1,5,75,0.7104702101937648,2.5857898715041574,0.3548387096774194,2.977576215671454,0.4318181818181818
Concrete,concrete,mlp,0.0022,0.1,1,6,75,0.6866445410370066,2.5857898715041574,0.3548387096774194,2.507432602670698,0.3404255319148936
Concrete,concrete,mlp,0.0022,0.1,1,7,75,0.7223417441085311,2.742504409171076,0.3846153846153846,2.742504409171076,0.3846153846153846
Concrete,concrete,mlp,0.0022,0.1,2,3,75,0.6998088561608692,2.6641471403376165,0.3695652173913043,2.3507180650037798,0.3125
Concrete,concrete,mlp,0.0022,0.1,2,4,75,0.7166567948226197,2.5857898715041574,0.3548387096774194,2.5857898715041574,0.3548387096774194
Concrete,concrete,mlp,0.0022,0.1,2,5,75,0.7551387254331444,2.8992189468379945,0.4157303370786517,2.742504409171076,0.3846153846153846
Concrete,concrete,mlp,0.0022,0.1,2,6,75,0.7251746883554605,2.8992189468379945,0.4157303370786517,2.8208616780045355,0.4
Concrete,concrete,mlp,0.0022,0.1,2,7,75,0.6808117603713336,2.429075333837239,0.3263157894736842,2.742504409171076,0.3846153846153846
Concrete,concrete,mlp,0.0022,0.1,3,4,75,0.6671894973418145,2.2723607961703203,0.2989690721649484,2.977576215671454,0.4318181818181818
Concrete,concrete,mlp,0.0022,0.1,3,5,75,0.6448303769733981,2.3507180650037798,0.3125,3.1342907533383726,0.4651162790697674
Concrete,concrete,mlp,0.0022,0.1,3,6,75,0.6583652261936581,2.742504409171076,0.3846153846153846,2.977576215671454,0.4318181818181818
Concrete,concrete,mlp,0.0022,0.1,3,7,75,0.6847847727894482,2.5857898715041574,0.3548387096774194,2.8208616780045355,0.4
Concrete,concrete,mlp,0.0022,0.1,4,5,75,0.6810548593308673,2.429075333837239,0.3263157894736842,2.977576215671454,0.4318181818181818
Concrete,concrete,mlp,0.0022,0.1,4,6,75,0.6780444029437973,2.429075333837239,0.3263157894736842,2.8208616780045355,0.4
Concrete,concrete,mlp,0.0022,0.1,4,7,75,0.7332980042605678,3.055933484504913,0.4482758620689655,2.977576215671454,0.4318181818181818
Concrete,concrete,mlp,0.0022,0.1,5,6,75,0.7969735305336062,2.8992189468379945,0.4157303370786517,3.212648022171832,0.4823529411764706
Concrete,concrete,mlp,0.0022,0.1,5,7,75,0.6652759985460185,2.429075333837239,0.3263157894736842,3.055933484504913,0.4482758620689655
Concrete,concrete,mlp,0.0022,0.1,6,7,75,0.7328905803667054,3.055933484504913,0.4482758620689655,3.055933484504913,0.4482758620689655
Concrete,concrete,mlp,0.0055,0.1,0,1,79,0.5304315297904296,2.2723607961703203,0.2989690721649484,2.1940035273368608,0.2857142857142857
Concrete,concrete,mlp,0.0055,0.1,0,2,79,0.4470334741097699,1.958931720836483,0.2475247524752475,2.5857898715041574,0.3548387096774194
Concrete,concrete,mlp,0.0055,0.1,0,3,79,0.5570148622207008,2.1156462585034013,0.2727272727272727,2.6641471403376165,0.3695652173913043
Concrete,concrete,mlp,0.0055,0.1,0,4,79,0.50247920644479,1.880574452003024,0.2352941176470588,2.429075333837239,0.3263157894736842
Concrete,concrete,mlp,0.0055,0.1,0,5,79,0.6083179888973148,2.429075333837239,0.3263157894736842,2.507432602670698,0.3404255319148936
Concrete,concrete,mlp,0.0055,0.1,0,6,79,0.4637330941490888,2.3507180650037798,0.3125,1.958931720836483,0.2475247524752475
Concrete,concrete,mlp,0.0055,0.1,0,7,79,0.3968390755178879,2.1940035273368608,0.2857142857142857,2.1156462585034013,0.2727272727272727
Concrete,concrete,mlp,0.0055,0.1,1,2,79,0.4222139089177071,2.429075333837239,0.3263157894736842,1.958931720836483,0.2475247524752475
Concrete,concrete,mlp,0.0055,0.1,1,3,79,0.6238378663038762,2.742504409171076,0.3846153846153846,2.5857898715041574,0.3548387096774194
Concrete,concrete,mlp,0.0055,0.1,1,4,79,0.567094512380007,2.037288989669942,0.26,2.2723607961703203,0.2989690721649484
Concrete,concrete,mlp,0.0055,0.1,1,5,79,0.5212280922092751,2.2723607961703203,0.2989690721649484,2.1156462585034013,0.2727272727272727
Concrete,concrete,mlp,0.0055,0.1,1,6,79,0.4520516713407261,1.802217183169564,0.2233009708737864,1.880574452003024,0.2352941176470588
Concrete,concrete,mlp,0.0055,0.1,1,7,79,0.4147698998742109,2.1940035273368608,0.2857142857142857,2.3507180650037798,0.3125
Concrete,concrete,mlp,0.0055,0.1,2,3,79,0.4400160626643807,1.958931720836483,0.2475247524752475,2.3507180650037798,0.3125
Concrete,concrete,mlp,0.0055,0.1,2,4,79,0.4661047732841024,2.1156462585034013,0.2727272727272727,1.880574452003024,0.2352941176470588
Concrete,concrete,mlp,0.0055,0.1,2,5,79,0.5122563957451397,2.2723607961703203,0.2989690721649484,2.429075333837239,0.3263157894736842
Concrete,concrete,mlp,0.0055,0.1,2,6,79,0.4420853569139802,2.037288989669942,0.26,1.802217183169564,0.2233009708737864
Concrete,concrete,mlp,0.0055,0.1,2,7,79,0.5201689518456433,2.1156462585034013,0.2727272727272727,2.2723607961703203,0.2989690721649484
Concrete,concrete,mlp,0.0055,0.1,3,4,79,0.5564823673990401,2.1156462585034013,0.2727272727272727,2.429075333837239,0.3263157894736842
Concrete,concrete,mlp,0.0055,0.1,3,5,79,0.6306860834880023,2.429075333837239,0.3263157894736842,2.507432602670698,0.3404255319148936
Concrete,concrete,mlp,0.0055,0.1,3,6,79,0.4970551504593799,2.3507180650037798,0.3125,2.1156462585034013,0.2727272727272727
Concrete,concrete,mlp,0.0055,0.1,3,7,79,0.4893270192083753,2.037288989669942,0.26,2.3507180650037798,0.3125
Concrete,concrete,mlp,0.0055,0.1,4,5,79,0.4939993284400753,2.037288989669942,0.26,2.1156462585034013,0.2727272727272727
Concrete,concrete,mlp,0.0055,0.1,4,6,79,0.4392554140560149,2.1156462585034013,0.2727272727272727,1.880574452003024,0.2352941176470588
Concrete,concrete,mlp,0.0055,0.1,4,7,79,0.4869141762419915,2.1156462585034013,0.2727272727272727,2.037288989669942,0.26
Concrete,concrete,mlp,0.0055,0.1,5,6,79,0.5587448543733433,2.1156462585034013,0.2727272727272727,2.2723607961703203,0.2989690721649484
Concrete,concrete,mlp,0.0055,0.1,5,7,79,0.4612841528084375,1.880574452003024,0.2352941176470588,1.958931720836483,0.2475247524752475
Concrete,concrete,mlp,0.0055,0.1,6,7,79,0.4435099108411749,2.037288989669942,0.26,1.880574452003024,0.2352941176470588
Concrete,concrete,mlp,0.0022,0.2,0,1,83,0.7362230940551561,2.8208616780045355,0.4,2.6641471403376165,0.3695652173913043
Concrete,concrete,mlp,0.0022,0.2,0,2,83,0.7382878532477332,3.055933484504913,0.4482758620689655,3.055933484504913,0.4482758620689655
Concrete,concrete,mlp,0.0022,0.2,0,3,83,0.6922095212185084,2.6641471403376165,0.3695652173913043,2.8992189468379945,0.4157303370786517
Concrete,concrete,mlp,0.0022,0.2,0,4,83,0.7371994013862938,2.8208616780045355,0.4,2.8992189468379945,0.4157303370786517
Concrete,concrete,mlp,0.0022,0.2,0,5,83,0.7578899450973485,3.055933484504913,0.4482758620689655,3.1342907533383726,0.4651162790697674
Concrete,concrete,mlp,0.0022,0.2,0,6,83,0.6184997934693087,2.977576215671454,0.4318181818181818,2.429075333837239,0.3263157894736842
Concrete,concrete,mlp,0.0022,0.2,0,7,83,0.6922207398426262,2.8208616780045355,0.4,2.5857898715041574,0.3548387096774194
Concrete,concrete,mlp,0.0022,0.2,1,2,83,0.7557311960400118,3.1342907533383726,0.4651162790697674,3.1342907533383726,0.4651162790697674
Concrete,concrete,mlp,0.0022,0.2,1,3,83,0.6927737085505185,2.8992189468379945,0.4157303370786517,2.742504409171076,0.3846153846153846
Concrete,concrete,mlp,0.0022,0.2,1,4,83,0.7443202499943188,2.977576215671454,0.4318181818181818,2.507432602670698,0.3404255319148936
Concrete,concrete,mlp,0.0022,0.2,1,5,83,0.7369028612942905,3.1342907533383726,0.4651162790697674,2.742504409171076,0.3846153846153846
Concrete,concrete,mlp,0.0022,0.2,1,6,83,0.7544466837481824,2.8208616780045355,0.4,2.5857898715041574,0.3548387096774194
Concrete,concrete,mlp,0.0022,0.2,1,7,83,0.6952719174452758,2.977576215671454,0.4318181818181818,2.742504409171076,0.3846153846153846
Concrete,concrete,mlp,0.0022,0.2,2,3,83,0.6474671555463876,2.977576215671454,0.4318181818181818,3.212648022171832,0.4823529411764706
Concrete,concrete,mlp,0.0022,0.2,2,4,83,0.6706667781994161,2.6641471403376165,0.3695652173913043,2.6641471403376165,0.3695652173913043
Concrete,concrete,mlp,0.0022,0.2,2,5,83,0.7621298618924827,3.291005291005291,0.5,3.055933484504913,0.4482758620689655
Concrete,concrete,mlp,0.0022,0.2,2,6,83,0.6133889193617128,2.6641471403376165,0.3695652173913043,2.2723607961703203,0.2989690721649484
Concrete,concrete,mlp,0.0022,0.2,2,7,83,0.7208834599456916,3.1342907533383726,0.4651162790697674,2.977576215671454,0.4318181818181818
Concrete,concrete,mlp,0.0022,0.2,3,4,83,0.6994720563384544,2.5857898715041574,0.3548387096774194,3.291005291005291,0.5
Concrete,concrete,mlp,0.0022,0.2,3,5,83,0.6880474975538285,2.5857898715041574,0.3548387096774194,3.212648022171832,0.4823529411764706
Concrete,concrete,mlp,0.0022,0.2,3,6,83,0.6344236244550726,2.8992189468379945,0.4157303370786517,2.6641471403376165,0.3695652173913043
Concrete,concrete,mlp,0.0022,0.2,3,7,83,0.6726585654236265,2.977576215671454,0.4318181818181818,2.977576215671454,0.4318181818181818
Concrete,concrete,mlp,0.0022,0.2,4,5,83,0.6840877694773968,2.5857898715041574,0.3548387096774194,2.8992189468379945,0.4157303370786517
Concrete,concrete,mlp,0.0022,0.2,4,6,83,0.6611729410131548,2.6641471403376165,0.3695652173913043,2.742504409171076,0.3846153846153846
Concrete,concrete,mlp,0.0022,0.2,4,7,83,0.677248671785837,2.6641471403376165,0.3695652173913043,2.8208616780045355,0.4
Concrete,concrete,mlp,0.0022,0.2,5,6,83,0.6311972487112251,2.8208616780045355,0.4,2.3507180650037798,0.3125
Concrete,concrete,mlp,0.0022,0.2,5,7,83,0.6884159573527865,3.1342907533383726,0.4651162790697674,2.742504409171076,0.3846153846153846
Concrete,concrete,mlp,0.0022,0.2,6,7,83,0.5835968845293231,2.5857898715041574,0.3548387096774194,2.742504409171076,0.3846153846153846
Concrete,concrete,mlp,0.0055,0.2,0,1,87,0.495110143713044,2.1940035273368608,0.2857142857142857,2.507432602670698,0.3404255319148936
Concrete,concrete,mlp,0.0055,0.2,0,2,87,0.5329542345816974,2.2723607961703203,0.2989690721649484,1.958931720836483,0.2475247524752475
Concrete,concrete,mlp,0.0055,0.2,0,3,87,0.4847066512365235,2.037288989669942,0.26,2.5857898715041574,0.3548387096774194
Concrete,concrete,mlp,0.0055,0.2,0,4,87,0.4266378116417439,1.6455026455026456,0.2,2.1940035273368608,0.2857142857142857
Concrete,concrete,mlp,0.0055,0.2,0,5,87,0.4972304123992287,1.958931720836483,0.2475247524752475,2.2723607961703203,0.2989690721649484
Concrete,concrete,mlp,0.0055,0.2,0,6,87,0.4145081982388987,1.958931720836483,0.2475247524752475,2.3507180650037798,0.3125
Concrete,concrete,mlp,0.0055,0.2,0,7,87,0.3958709094739227,1.5671453766691863,0.1886792452830188,2.1156462585034013,0.2727272727272727
Concrete,concrete,mlp,0.0055,0.2,1,2,87,0.6023771556867286,2.507432602670698,0.3404255319148936,2.429075333837239,0.3263157894736842
Concrete,concrete,mlp,0.0055,0.2,1,3,87,0.5203239146362992,2.429075333837239,0.3263157894736842,2.507432602670698,0.3404255319148936
Concrete,concrete,mlp,0.0055,0.2,1,4,87,0.5352071228080476,2.1940035273368608,0.2857142857142857,2.507432602670698,0.3404255319148936
Concrete,concrete,mlp,0.0055,0.2,1,5,87,0.5821506673269516,2.6641471403376165,0.3695652173913043,2.2723607961703203,0.2989690721649484
Concrete,concrete,mlp,0.0055,0.2,1,6,87,0.4560695619143288,2.2723607961703203,0.2989690721649484,2.1940035273368608,0.2857142857142857
Concrete,concrete,mlp,0.0055,0.2,1,7,87,0.4904963856060759,2.2723607961703203,0.2989690721649484,2.3507180650037798,0.3125
Concrete,concrete,mlp,0.0055,0.2,2,3,87,0.6155614285824552,2.429075333837239,0.3263157894736842,2.5857898715041574,0.3548387096774194
Concrete,concrete,mlp,0.0055,0.2,2,4,87,0.5256398934548336,1.7238599143361049,0.2115384615384615,2.037288989669942,0.26
Concrete,concrete,mlp,0.0055,0.2,2,5,87,0.5769825054155627,2.3507180650037798,0.3125,2.1940035273368608,0.2857142857142857
Concrete,concrete,mlp,0.0055,0.2,2,6,87,0.5207139566547117,2.1940035273368608,0.2857142857142857,1.880574452003024,0.2352941176470588
Concrete,concrete,mlp,0.0055,0.2,2,7,87,0.4740109408131099,1.958931720836483,0.2475247524752475,1.802217183169564,0.2233009708737864
Concrete,concrete,mlp,0.0055,0.2,3,4,87,0.5526920313732864,2.3507180650037798,0.3125,2.2723607961703203,0.2989690721649484
Concrete,concrete,mlp,0.0055,0.2,3,5,87,0.5281954685067197,2.429075333837239,0.3263157894736842,2.1940035273368608,0.2857142857142857
Concrete,concrete,mlp,0.0055,0.2,3,6,87,0.5265595298788482,2.507432602670698,0.3404255319148936,2.1156462585034013,0.2727272727272727
Concrete,concrete,mlp,0.0055,0.2,3,7,87,0.4284134148319584,2.429075333837239,0.3263157894736842,2.1940035273368608,0.2857142857142857
Concrete,concrete,mlp,0.0055,0.2,4,5,87,0.5129439636997047,2.3507180650037798,0.3125,2.1940035273368608,0.2857142857142857
Concrete,concrete,mlp,0.0055,0.2,4,6,87,0.4198118003185782,1.5671453766691863,0.1886792452830188,2.1940035273368608,0.2857142857142857
Concrete,concrete,mlp,0.0055,0.2,4,7,87,0.4553908338977566,1.6455026455026456,0.2,2.3507180650037798,0.3125
Concrete,concrete,mlp,0.0055,0.2,5,6,87,0.4189761531477139,2.429075333837239,0.3263157894736842,1.958931720836483,0.2475247524752475
Concrete,concrete,mlp,0.0055,0.2,5,7,87,0.5141668612190893,2.2723607961703203,0.2989690721649484,2.507432602670698,0.3404255319148936
Concrete,concrete,mlp,0.0055,0.2,6,7,87,0.3735316991486112,2.1156462585034013,0.2727272727272727,1.880574452003024,0.2352941176470588
Concrete,concrete,mlp,0.0022,0.4,0,1,91,0.6837593070792843,2.742504409171076,0.3846153846153846,2.977576215671454,0.4318181818181818
Concrete,concrete,mlp,0.0022,0.4,0,2,91,0.6835984685164205,2.5857898715041574,0.3548387096774194,3.212648022171832,0.4823529411764706
Concrete,concrete,mlp,0.0022,0.4,0,3,91,0.6912280225445439,2.8992189468379945,0.4157303370786517,3.055933484504913,0.4482758620689655
Concrete,concrete,mlp,0.0022,0.4,0,4,91,0.7320740590378807,3.055933484504913,0.4482758620689655,3.055933484504913,0.4482758620689655
Concrete,concrete,mlp,0.0022,0.4,0,5,91,0.7207714091550014,2.8208616780045355,0.4,2.8992189468379945,0.4157303370786517
Concrete,concrete,mlp,0.0022,0.4,0,6,91,0.7266929481469324,3.1342907533383726,0.4651162790697674,2.742504409171076,0.3846153846153846
Concrete,concrete,mlp,0.0022,0.4,0,7,91,0.7378969530277588,3.291005291005291,0.5,3.055933484504913,0.4482758620689655
Concrete,concrete,mlp,0.0022,0.4,1,2,91,0.7297568038064243,2.742504409171076,0.3846153846153846,2.977576215671454,0.4318181818181818
Concrete,concrete,mlp,0.0022,0.4,1,3,91,0.644027497625006,2.8208616780045355,0.4,2.8208616780045355,0.4
Concrete,concrete,mlp,0.0022,0.4,1,4,91,0.7147483315643415,2.977576215671454,0.4318181818181818,3.212648022171832,0.4823529411764706
Concrete,concrete,mlp,0.0022,0.4,1,5,91,0.6172910543986593,2.977576215671454,0.4318181818181818,2.5857898715041574,0.3548387096774194
Concrete,concrete,mlp,0.0022,0.4,1,6,91,0.7010867049649836,3.291005291005291,0.5,3.1342907533383726,0.4651162790697674
Concrete,concrete,mlp,0.0022,0.4,1,7,91,0.6704558889511141,2.8208616780045355,0.4,2.5857898715041574,0.3548387096774194
Concrete,concrete,mlp,0.0022,0.4,2,3,91,0.7129102627829401,3.1342907533383726,0.4651162790697674,2.977576215671454,0.4318181818181818
Concrete,concrete,mlp,0.0022,0.4,2,4,91,0.7323453258685906,2.5857898715041574,0.3548387096774194,3.212648022171832,0.4823529411764706
Concrete,concrete,mlp,0.0022,0.4,2,5,91,0.6805163916912542,2.8208616780045355,0.4,3.1342907533383726,0.4651162790697674
Concrete,concrete,mlp,0.0022,0.4,2,6,91,0.7221851062950784,2.742504409171076,0.3846153846153846,2.8208616780045355,0.4
Concrete,concrete,mlp,0.0022,0.4,2,7,91,0.6803821206051004,2.6641471403376165,0.3695652173913043,3.1342907533383726,0.4651162790697674
Concrete,concrete,mlp,0.0022,0.4,3,4,91,0.6681346288486246,2.5857898715041574,0.3548387096774194,3.1342907533383726,0.4651162790697674
Concrete,concrete,mlp,0.0022,0.4,3,5,91,0.7142020164323504,2.8992189468379945,0.4157303370786517,2.742504409171076,0.3846153846153846
Concrete,concrete,mlp,0.0022,0.4,3,6,91,0.6341134497978241,2.6641471403376165,0.3695652173913043,2.8208616780045355,0.4
Concrete,concrete,mlp,0.0022,0.4,3,7,91,0.7354329840233222,2.977576215671454,0.4318181818181818,2.977576215671454,0.4318181818181818
Concrete,concrete,mlp,0.0022,0.4,4,5,91,0.6923417172335364,2.8208616780045355,0.4,2.742504409171076,0.3846153846153846
Concrete,concrete,mlp,0.0022,0.4,4,6,91,0.6916600346050176,2.8208616780045355,0.4,2.5857898715041574,0.3548387096774194
Concrete,concrete,mlp,0.0022,0.4,4,7,91,0.7078137672832541,2.742504409171076,0.3846153846153846,2.977576215671454,0.4318181818181818
Concrete,concrete,mlp,0.0022,0.4,5,6,91,0.6747959299279256,2.8992189468379945,0.4157303370786517,2.8208616780045355,0.4
Concrete,concrete,mlp,0.0022,0.4,5,7,91,0.740005917458704,2.977576215671454,0.4318181818181818,2.742504409171076,0.3846153846153846
Concrete,concrete,mlp,0.0022,0.4,6,7,91,0.6986131066633156,2.977576215671454,0.4318181818181818,2.6641471403376165,0.3695652173913043
Concrete,concrete,mlp,0.0055,0.4,0,1,95,0.5224587261406421,2.2723607961703203,0.2989690721649484,2.3507180650037798,0.3125
Concrete,concrete,mlp,0.0055,0.4,0,2,95,0.5880502359912264,2.507432602670698,0.3404255319148936,2.977576215671454,0.4318181818181818
Concrete,concrete,mlp,0.0055,0.4,0,3,95,0.5692444778607558,2.5857898715041574,0.3548387096774194,2.6641471403376165,0.3695652173913043
Concrete,concrete,mlp,0.0055,0.4,0,4,95,0.4786750085976015,2.1940035273368608,0.2857142857142857,2.1156462585034013,0.2727272727272727
Concrete,concrete,mlp,0.0055,0.4,0,5,95,0.4497096046545435,2.1156462585034013,0.2727272727272727,2.429075333837239,0.3263157894736842
Concrete,concrete,mlp,0.0055,0.4,0,6,95,0.4068777870240178,1.6455026455026456,0.2,2.037288989669942,0.26
Concrete,concrete,mlp,0.0055,0.4,0,7,95,0.4936000126740615,2.3507180650037798,0.3125,2.3507180650037798,0.3125
Concrete,concrete,mlp,0.0055,0.4,1,2,95,0.5876997767770027,2.3507180650037798,0.3125,2.3507180650037798,0.3125
Concrete,concrete,mlp,0.0055,0.4,1,3,95,0.6198224272656218,2.977576215671454,0.4318181818181818,2.5857898715041574,0.3548387096774194
Concrete,concrete,mlp,0.0055,0.4,1,4,95,0.4929561040038138,1.958931720836483,0.2475247524752475,2.429075333837239,0.3263157894736842
Concrete,concrete,mlp,0.0055,0.4,1,5,95,0.5534491152881199,2.507432602670698,0.3404255319148936,2.3507180650037798,0.3125
Concrete,concrete,mlp,0.0055,0.4,1,6,95,0.4690968580687596,2.429075333837239,0.3263157894736842,2.1156462585034013,0.2727272727272727
Concrete,concrete,mlp,0.0055,0.4,1,7,95,0.5587276916110957,2.1940035273368608,0.2857142857142857,2.3507180650037798,0.3125
Concrete,concrete,mlp,0.0055,0.4,2,3,95,0.6077626320411281,2.8208616780045355,0.4,2.8208616780045355,0.4
Concrete,concrete,mlp,0.0055,0.4,2,4,95,0.4992740950341655,2.429075333837239,0.3263157894736842,1.880574452003024,0.2352941176470588
Concrete,concrete,mlp,0.0055,0.4,2,5,95,0.5750847436549655,2.5857898715041574,0.3548387096774194,2.742504409171076,0.3846153846153846
Concrete,concrete,mlp,0.0055,0.4,2,6,95,0.4645954282880307,2.1940035273368608,0.2857142857142857,2.1940035273368608,0.2857142857142857
Concrete,concrete,mlp,0.0055,0.4,2,7,95,0.5721061557997531,2.8208616780045355,0.4,2.1156462585034013,0.2727272727272727
Concrete,concrete,mlp,0.0055,0.4,3,4,95,0.5529769282292357,2.3507180650037798,0.3125,2.3507180650037798,0.3125
Concrete,concrete,mlp,0.0055,0.4,3,5,95,0.5547868971768105,2.507432602670698,0.3404255319148936,2.6641471403376165,0.3695652173913043
Concrete,concrete,mlp,0.0055,0.4,3,6,95,0.4919311648302782,2.1156462585034013,0.2727272727272727,2.1156462585034013,0.2727272727272727
Concrete,concrete,mlp,0.0055,0.4,3,7,95,0.4665936476367532,2.507432602670698,0.3404255319148936,1.958931720836483,0.2475247524752475
Concrete,concrete,mlp,0.0055,0.4,4,5,95,0.6105154229884021,2.5857898715041574,0.3548387096774194,2.429075333837239,0.3263157894736842
Concrete,concrete,mlp,0.0055,0.4,4,6,95,0.419218946442135,1.802217183169564,0.2233009708737864,1.880574452003024,0.2352941176470588
Concrete,concrete,mlp,0.0055,0.4,4,7,95,0.5178485974712084,2.6641471403376165,0.3695652173913043,2.037288989669942,0.26
Concrete,concrete,mlp,0.0055,0.4,5,6,95,0.5044712597003363,2.6641471403376165,0.3695652173913043,2.3507180650037798,0.3125
Concrete,concrete,mlp,0.0055,0.4,5,7,95,0.5527445945572643,2.5857898715041574,0.3548387096774194,2.3507180650037798,0.3125
Concrete,concrete,mlp,0.0055,0.4,6,7,95,0.4290322420199977,2.1156462585034013,0.2727272727272727,2.1940035273368608,0.2857142857142857
Concrete,concrete,mlp,0.0022,0.0,0,1,99,0.6789908138973938,2.8992189468379945,0.4157303370786517,3.055933484504913,0.4482758620689655
Concrete,concrete,mlp,0.0022,0.0,0,2,99,0.7647711118364591,3.212648022171832,0.4823529411764706,3.4477198286722097,0.5365853658536586
Concrete,concrete,mlp,0.0022,0.0,0,3,99,0.6842386520285654,2.977576215671454,0.4318181818181818,2.5857898715041574,0.3548387096774194
Concrete,concrete,mlp,0.0022,0.0,0,4,99,0.7417358722027727,2.977576215671454,0.4318181818181818,2.977576215671454,0.4318181818181818
Concrete,concrete,mlp,0.0022,0.0,0,5,99,0.766951414409758,3.1342907533383726,0.4651162790697674,3.526077097505669,0.5555555555555556
Concrete,concrete,mlp,0.0022,0.0,0,6,99,0.767172664561291,3.3693625598387507,0.5180722891566265,3.291005291005291,0.5
Concrete,concrete,mlp,0.0022,0.0,0,7,99,0.7166203932216795,2.977576215671454,0.4318181818181818,3.526077097505669,0.5555555555555556
Concrete,concrete,mlp,0.0022,0.0,1,2,99,0.6992659497585083,3.055933484504913,0.4482758620689655,2.5857898715041574,0.3548387096774194
Concrete,concrete,mlp,0.0022,0.0,1,3,99,0.7140756357125093,2.8208616780045355,0.4,2.507432602670698,0.3404255319148936
Concrete,concrete,mlp,0.0022,0.0,1,4,99,0.7138520705293905,2.8992189468379945,0.4157303370786517,3.212648022171832,0.4823529411764706
Concrete,concrete,mlp,0.0022,0.0,1,5,99,0.6843622288302501,2.8208616780045355,0.4,2.8992189468379945,0.4157303370786517
Concrete,concrete,mlp,0.0022,0.0,1,6,99,0.7020128985060036,2.6641471403376165,0.3695652173913043,2.977576215671454,0.4318181818181818
Concrete,concrete,mlp,0.0022,0.0,1,7,99,0.7572548187843009,2.742504409171076,0.3846153846153846,3.291005291005291,0.5
Concrete,concrete,mlp,0.0022,0.0,2,3,99,0.6647865942624273,3.055933484504913,0.4482758620689655,2.1156462585034013,0.2727272727272727
Concrete,concrete,mlp,0.0022,0.0,2,4,99,0.7298350469314931,3.055933484504913,0.4482758620689655,2.8208616780045355,0.4
Concrete,concrete,mlp,0.0022,0.0,2,5,99,0.7852819007105589,3.291005291005291,0.5,3.055933484504913,0.4482758620689655
Concrete,concrete,mlp,0.0022,0.0,2,6,99,0.7981204372194514,3.291005291005291,0.5,3.212648022171832,0.4823529411764706
Concrete,concrete,mlp,0.0022,0.0,2,7,99,0.7794088153918537,2.977576215671454,0.4318181818181818,3.212648022171832,0.4823529411764706
Concrete,concrete,mlp,0.0022,0.0,3,4,99,0.702181401112567,3.055933484504913,0.4482758620689655,2.507432602670698,0.3404255319148936
Concrete,concrete,mlp,0.0022,0.0,3,5,99,0.707137257523845,3.055933484504913,0.4482758620689655,2.429075333837239,0.3263157894736842
Concrete,concrete,mlp,0.0022,0.0,3,6,99,0.7022295249655992,2.977576215671454,0.4318181818181818,2.1156462585034013,0.2727272727272727
Concrete,concrete,mlp,0.0022,0.0,3,7,99,0.7067665122014204,2.8208616780045355,0.4,2.6641471403376165,0.3695652173913043
Concrete,concrete,mlp,0.0022,0.0,4,5,99,0.7214418544433051,2.8992189468379945,0.4157303370786517,3.1342907533383726,0.4651162790697674
Concrete,concrete,mlp,0.0022,0.0,4,6,99,0.7769237378372718,2.977576215671454,0.4318181818181818,3.291005291005291,0.5
Concrete,concrete,mlp,0.0022,0.0,4,7,99,0.758795224760484,3.212648022171832,0.4823529411764706,3.055933484504913,0.4482758620689655
Concrete,concrete,mlp,0.0022,0.0,5,6,99,0.7747334894175559,3.291005291005291,0.5,3.682791635172588,0.5949367088607594
Concrete,concrete,mlp,0.0022,0.0,5,7,99,0.7153640385726806,2.977576215671454,0.4318181818181818,3.1342907533383726,0.4651162790697674
Concrete,concrete,mlp,0.0022,0.0,6,7,99,0.7332746203448068,2.8992189468379945,0.4157303370786517,3.1342907533383726,0.4651162790697674
Concrete,concrete,mlp,0.0055,0.0,0,1,103,0.6257987884368545,2.6641471403376165,0.3695652173913043,2.6641471403376165,0.3695652173913043
Concrete,concrete,mlp,0.0055,0.0,0,2,103,0.7289593140185648,2.742504409171076,0.3846153846153846,2.8992189468379945,0.4157303370786517
Concrete,concrete,mlp,0.0055,0.0,0,3,103,0.529781867020865,2.2723607961703203,0.2989690721649484,2.429075333837239,0.3263157894736842
Concrete,concrete,mlp,0.0055,0.0,0,4,103,0.5923817742649052,2.5857898715041574,0.3548387096774194,1.958931720836483,0.2475247524752475
Concrete,concrete,mlp,0.0055,0.0,0,5,103,0.6085618257672973,2.429075333837239,0.3263157894736842,2.5857898715041574,0.3548387096774194
Concrete,concrete,mlp,0.0055,0.0,0,6,103,0.6015502368996518,2.742504409171076,0.3846153846153846,2.5857898715041574,0.3548387096774194
Concrete,concrete,mlp,0.0055,0.0,0,7,103,0.5943642523718857,2.8208616780045355,0.4,2.3507180650037798,0.3125
Concrete,concrete,mlp,0.0055,0.0,1,2,103,0.594661668604118,2.507432602670698,0.3404255319148936,2.5857898715041574,0.3548387096774194
Concrete,concrete,mlp,0.0055,0.0,1,3,103,0.4378474036448877,2.1940035273368608,0.2857142857142857,2.5857898715041574,0.3548387096774194
Concrete,concrete,mlp,0.0055,0.0,1,4,103,0.6499835760262411,2.8208616780045355,0.4,2.2723607961703203,0.2989690721649484
Concrete,concrete,mlp,0.0055,0.0,1,5,103,0.5656699711949681,2.5857898715041574,0.3548387096774194,2.429075333837239,0.3263157894736842
Concrete,concrete,mlp,0.0055,0.0,1,6,103,0.5851953600180575,2.8992189468379945,0.4157303370786517,2.6641471403376165,0.3695652173913043
Concrete,concrete,mlp,0.0055,0.0,1,7,103,0.6221097687129138,2.8992189468379945,0.4157303370786517,2.742504409171076,0.3846153846153846
Concrete,concrete,mlp,0.0055,0.0,2,3,103,0.5378824969931647,2.037288989669942,0.26,2.8992189468379945,0.4157303370786517
Concrete,concrete,mlp,0.0055,0.0,2,4,103,0.5691144457633664,2.1156462585034013,0.2727272727272727,2.2723607961703203,0.2989690721649484
Concrete,concrete,mlp,0.0055,0.0,2,5,103,0.609792951040904,2.1940035273368608,0.2857142857142857,3.055933484504913,0.4482758620689655
Concrete,concrete,mlp,0.0055,0.0,2,6,103,0.6030264230809299,2.2723607961703203,0.2989690721649484,3.055933484504913,0.4482758620689655
Concrete,concrete,mlp,0.0055,0.0,2,7,103,0.5014682624118978,2.1940035273368608,0.2857142857142857,2.507432602670698,0.3404255319148936
Concrete,concrete,mlp,0.0055,0.0,3,4,103,0.4404503376143575,1.6455026455026456,0.2,1.880574452003024,0.2352941176470588
Concrete,concrete,mlp,0.0055,0.0,3,5,103,0.5161050307664714,1.802217183169564,0.2233009708737864,2.429075333837239,0.3263157894736842
Concrete,concrete,mlp,0.0055,0.0,3,6,103,0.4421157094455527,1.958931720836483,0.2475247524752475,2.3507180650037798,0.3125
Concrete,concrete,mlp,0.0055,0.0,3,7,103,0.4051237862486532,1.802217183169564,0.2233009708737864,2.037288989669942,0.26
Concrete,concrete,mlp,0.0055,0.0,4,5,103,0.5945064877999942,2.742504409171076,0.3846153846153846,2.1940035273368608,0.2857142857142857
Concrete,concrete,mlp,0.0055,0.0,4,6,103,0.6174536317661358,2.429075333837239,0.3263157894736842,2.1156462585034013,0.2727272727272727
Concrete,concrete,mlp,0.0055,0.0,4,7,103,0.6190216931522606,2.742504409171076,0.3846153846153846,2.3507180650037798,0.3125
Concrete,concrete,mlp,0.0055,0.0,5,6,103,0.6165666411085932,2.6641471403376165,0.3695652173913043,2.742504409171076,0.3846153846153846
Concrete,concrete,mlp,0.0055,0.0,5,7,103,0.6161554458854028,2.6641471403376165,0.3695652173913043,2.2723607961703203,0.2989690721649484
Concrete,concrete,mlp,0.0055,0.0,6,7,103,0.659216065683351,2.742504409171076,0.3846153846153846,2.742504409171076,0.3846153846153846
Concrete,concrete,mlp,0.0022,0.1,0,1,107,0.7345937848255806,2.742504409171076,0.3846153846153846,3.212648022171832,0.4823529411764706
Concrete,concrete,mlp,0.0022,0.1,0,2,107,0.575021883364027,2.742504409171076,0.3846153846153846,2.429075333837239,0.3263157894736842
Concrete,concrete,mlp,0.0022,0.1,0,3,107,0.6663667533388967,2.6641471403376165,0.3695652173913043,2.8992189468379945,0.4157303370786517
Concrete,concrete,mlp,0.0022,0.1,0,4,107,0.6621626538748533,2.8208616780045355,0.4,3.1342907533383726,0.4651162790697674
Concrete,concrete,mlp,0.0022,0.1,0,5,107,0.6785376020336717,2.742504409171076,0.3846153846153846,3.1342907533383726,0.4651162790697674
Concrete,concrete,mlp,0.0022,0.1,0,6,107,0.7410770288808215,2.8992189468379945,0.4157303370786517,3.055933484504913,0.4482758620689655
Concrete,concrete,mlp,0.0022,0.1,0,7,107,0.660086953229088,2.742504409171076,0.3846153846153846,2.8208616780045355,0.4
Concrete,concrete,mlp,0.0022,0.1,1,2,107,0.6400342581615832,3.055933484504913,0.4482758620689655,2.977576215671454,0.4318181818181818
Concrete,concrete,mlp,0.0022,0.1,1,3,107,0.7398372182973835,3.212648022171832,0.4823529411764706,3.212648022171832,0.4823529411764706
Concrete,concrete,mlp,0.0022,0.1,1,4,107,0.7469454545137119,3.055933484504913,0.4482758620689655,2.8208616780045355,0.4
Concrete,concrete,mlp,0.0022,0.1,1,5,107,0.7452508948624854,3.3693625598387507,0.5180722891566265,2.8208616780045355,0.4
Concrete,concrete,mlp,0.0022,0.1,1,6,107,0.7966092566993835,3.604434366339128,0.575,3.212648022171832,0.4823529411764706
Concrete,concrete,mlp,0.0022,0.1,1,7,107,0.7307075035672017,2.8992189468379945,0.4157303370786517,3.055933484504913,0.4482758620689655
Concrete,concrete,mlp,0.0022,0.1,2,3,107,0.6893080691010854,3.055933484504913,0.4482758620689655,2.977576215671454,0.4318181818181818
Concrete,concrete,mlp,0.0022,0.1,2,4,107,0.6872005844099808,2.8992189468379945,0.4157303370786517,2.8208616780045355,0.4
Concrete,concrete,mlp,0.0022,0.1,2,5,107,0.6260047332933647,2.5857898715041574,0.3548387096774194,2.742504409171076,0.3846153846153846
Concrete,concrete,mlp,0.0022,0.1,2,6,107,0.664090256734758,2.8992189468379945,0.4157303370786517,3.212648022171832,0.4823529411764706
Concrete,concrete,mlp,0.0022,0.1,2,7,107,0.6735291486438464,2.8992189468379945,0.4157303370786517,2.5857898715041574,0.3548387096774194
Concrete,concrete,mlp,0.0022,0.1,3,4,107,0.699806695509361,3.1342907533383726,0.4651162790697674,3.212648022171832,0.4823529411764706
Concrete,concrete,mlp,0.0022,0.1,3,5,107,0.6845724959528037,2.8992189468379945,0.4157303370786517,2.6641471403376165,0.3695652173913043
Concrete,concrete,mlp,0.0022,0.1,3,6,107,0.7576262232371694,3.4477198286722097,0.5365853658536586,3.055933484504913,0.4482758620689655
Concrete,concrete,mlp,0.0022,0.1,3,7,107,0.7742876653857037,2.977576215671454,0.4318181818181818,3.212648022171832,0.4823529411764706
Concrete,concrete,mlp,0.0022,0.1,4,5,107,0.6678439405429663,2.977576215671454,0.4318181818181818,2.742504409171076,0.3846153846153846
Concrete,concrete,mlp,0.0022,0.1,4,6,107,0.7294247915678563,2.8992189468379945,0.4157303370786517,2.8992189468379945,0.4157303370786517
Concrete,concrete,mlp,0.0022,0.1,4,7,107,0.7255558273791659,2.6641471403376165,0.3695652173913043,3.291005291005291,0.5
Concrete,concrete,mlp,0.0022,0.1,5,6,107,0.7923760669355997,3.291005291005291,0.5,3.291005291005291,0.5
Concrete,concrete,mlp,0.0022,0.1,5,7,107,0.622583572672836,2.507432602670698,0.3404255319148936,2.507432602670698,0.3404255319148936
Concrete,concrete,mlp,0.0022,0.1,6,7,107,0.7155850014215726,2.977576215671454,0.4318181818181818,2.742504409171076,0.3846153846153846
Concrete,concrete,mlp,0.0055,0.1,0,1,111,0.594730752563381,2.8992189468379945,0.4157303370786517,2.3507180650037798,0.3125
Concrete,concrete,mlp,0.0055,0.1,0,2,111,0.567471204744238,2.742504409171076,0.3846153846153846,2.3507180650037798,0.3125
Concrete,concrete,mlp,0.0055,0.1,0,3,111,0.5312492747170484,2.1156462585034013,0.2727272727272727,2.977576215671454,0.4318181818181818
Concrete,concrete,mlp,0.0055,0.1,0,4,111,0.558552793415062,2.507432602670698,0.3404255319148936,2.037288989669942,0.26
Concrete,concrete,mlp,0.0055,0.1,0,5,111,0.5190250532617422,2.2723607961703203,0.2989690721649484,2.1156462585034013,0.2727272727272727
Concrete,concrete,mlp,0.0055,0.1,0,6,111,0.6118560488334127,2.742504409171076,0.3846153846153846,2.2723607961703203,0.2989690721649484
Concrete,concrete,mlp,0.0055,0.1,0,7,111,0.7053529071536501,2.6641471403376165,0.3695652173913043,2.5857898715041574,0.3548387096774194
Concrete,concrete,mlp,0.0055,0.1,1,2,111,0.704381436554878,2.8208616780045355,0.4,2.977576215671454,0.4318181818181818
Concrete,concrete,mlp,0.0055,0.1,1,3,111,0.4850908173666631,2.1156462585034013,0.2727272727272727,2.1156462585034013,0.2727272727272727
Concrete,concrete,mlp,0.0055,0.1,1,4,111,0.6100926520862687,2.977576215671454,0.4318181818181818,2.1156462585034013,0.2727272727272727
Concrete,concrete,mlp,0.0055,0.1,1,5,111,0.611694555904411,2.429075333837239,0.3263157894736842,2.2723607961703203,0.2989690721649484
Concrete,concrete,mlp,0.0055,0.1,1,6,111,0.5319533313714824,2.5857898715041574,0.3548387096774194,2.2723607961703203,0.2989690721649484
Concrete,concrete,mlp,0.0055,0.1,1,7,111,0.5336138118318399,2.1940035273368608,0.2857142857142857,2.1940035273368608,0.2857142857142857
Concrete,concrete,mlp,0.0055,0.1,2,3,111,0.5124416780173164,2.2723607961703203,0.2989690721649484,2.6641471403376165,0.3695652173913043
Concrete,concrete,mlp,0.0055,0.1,2,4,111,0.6411882530028586,2.3507180650037798,0.3125,2.8208616780045355,0.4
Concrete,concrete,mlp,0.0055,0.1,2,5,111,0.5682295855520245,2.429075333837239,0.3263157894736842,2.507432602670698,0.3404255319148936
Concrete,concrete,mlp,0.0055,0.1,2,6,111,0.5714142673657555,2.1940035273368608,0.2857142857142857,2.1940035273368608,0.2857142857142857
Concrete,concrete,mlp,0.0055,0.1,2,7,111,0.5411534473328374,2.1156462585034013,0.2727272727272727,2.507432602670698,0.3404255319148936
Concrete,concrete,mlp,0.0055,0.1,3,4,111,0.5280130957249122,2.037288989669942,0.26,2.507432602670698,0.3404255319148936
Concrete,concrete,mlp,0.0055,0.1,3,5,111,0.4186261022364158,1.880574452003024,0.2352941176470588,2.2723607961703203,0.2989690721649484
Concrete,concrete,mlp,0.0055,0.1,3,6,111,0.4597833865428642,2.037288989669942,0.26,2.5857898715041574,0.3548387096774194
Concrete,concrete,mlp,0.0055,0.1,3,7,111,0.440229507917017,2.1156462585034013,0.2727272727272727,2.429075333837239,0.3263157894736842
Concrete,concrete,mlp,0.0055,0.1,4,5,111,0.5264084337057108,1.958931720836483,0.2475247524752475,2.2723607961703203,0.2989690721649484
Concrete,concrete,mlp,0.0055,0.1,4,6,111,0.5454053974589747,2.8208616780045355,0.4,2.1156462585034013,0.2727272727272727
Concrete,concrete,mlp,0.0055,0.1,4,7,111,0.4930076830118242,2.2723607961703203,0.2989690721649484,1.958931720836483,0.2475247524752475
Concrete,concrete,mlp,0.0055,0.1,5,6,111,0.4677240340380134,2.037288989669942,0.26,2.1156462585034013,0.2727272727272727
Concrete,concrete,mlp,0.0055,0.1,5,7,111,0.4938600422738925,1.880574452003024,0.2352941176470588,1.958931720836483,0.2475247524752475
Concrete,concrete,mlp,0.0055,0.1,6,7,111,0.5293943446423592,2.2723607961703203,0.2989690721649484,2.1156462585034013,0.2727272727272727
Concrete,concrete,mlp,0.0022,0.2,0,1,115,0.7335129052073295,2.8992189468379945,0.4157303370786517,2.977576215671454,0.4318181818181818
Concrete,concrete,mlp,0.0022,0.2,0,2,115,0.7239239732571568,3.291005291005291,0.5,2.742504409171076,0.3846153846153846
Concrete,concrete,mlp,0.0022,0.2,0,3,115,0.7490358562518015,3.1342907533383726,0.4651162790697674,2.507432602670698,0.3404255319148936
Concrete,concrete,mlp,0.0022,0.2,0,4,115,0.7348634591868177,3.212648022171832,0.4823529411764706,2.8208616780045355,0.4
Concrete,concrete,mlp,0.0022,0.2,0,5,115,0.606197180161049,2.8208616780045355,0.4,2.8208616780045355,0.4
Concrete,concrete,mlp,0.0022,0.2,0,6,115,0.7708459752535395,3.3693625598387507,0.5180722891566265,3.3693625598387507,0.5180722891566265
Concrete,concrete,mlp,0.0022,0.2,0,7,115,0.6871911708246643,2.8992189468379945,0.4157303370786517,2.5857898715041574,0.3548387096774194
Concrete,concrete,mlp,0.0022,0.2,1,2,115,0.75609883661259,3.212648022171832,0.4823529411764706,2.507432602670698,0.3404255319148936
Concrete,concrete,mlp,0.0022,0.2,1,3,115,0.6594328552532323,3.055933484504913,0.4482758620689655,2.1940035273368608,0.2857142857142857
Concrete,concrete,mlp,0.0022,0.2,1,4,115,0.7098977923969326,3.1342907533383726,0.4651162790697674,2.742504409171076,0.3846153846153846
Concrete,concrete,mlp,0.0022,0.2,1,5,115,0.661515046093446,2.977576215671454,0.4318181818181818,2.8208616780045355,0.4
Concrete,concrete,mlp,0.0022,0.2,1,6,115,0.7461577722955519,2.977576215671454,0.4318181818181818,2.977576215671454,0.4318181818181818
Concrete,concrete,mlp,0.0022,0.2,1,7,115,0.6715802367928048,2.8992189468379945,0.4157303370786517,2.5857898715041574,0.3548387096774194
Concrete,concrete,mlp,0.0022,0.2,2,3,115,0.7024513529699467,2.8992189468379945,0.4157303370786517,2.1940035273368608,0.2857142857142857
Concrete,concrete,mlp,0.0022,0.2,2,4,115,0.7224443154344702,3.604434366339128,0.575,3.055933484504913,0.4482758620689655
Concrete,concrete,mlp,0.0022,0.2,2,5,115,0.6586314342727866,2.8992189468379945,0.4157303370786517,2.8992189468379945,0.4157303370786517
Concrete,concrete,mlp,0.0022,0.2,2,6,115,0.7185879569837658,3.1342907533383726,0.4651162790697674,2.5857898715041574,0.3548387096774194
Concrete,concrete,mlp,0.0022,0.2,2,7,115,0.7045163460432663,2.977576215671454,0.4318181818181818,2.5857898715041574,0.3548387096774194
Concrete,concrete,mlp,0.0022,0.2,3,4,115,0.7210818382129566,3.1342907533383726,0.4651162790697674,2.2723607961703203,0.2989690721649484
Concrete,concrete,mlp,0.0022,0.2,3,5,115,0.6347255065315227,2.742504409171076,0.3846153846153846,2.5857898715041574,0.3548387096774194
Concrete,concrete,mlp,0.0022,0.2,3,6,115,0.7330052010541955,3.212648022171832,0.4823529411764706,2.742504409171076,0.3846153846153846
Concrete,concrete,mlp,0.0022,0.2,3,7,115,0.7011818787820454,2.742504409171076,0.3846153846153846,2.3507180650037798,0.3125
Concrete,concrete,mlp,0.0022,0.2,4,5,115,0.7332947045024031,3.1342907533383726,0.4651162790697674,3.055933484504913,0.4482758620689655
Concrete,concrete,mlp,0.0022,0.2,4,6,115,0.7888487231058313,3.3693625598387507,0.5180722891566265,3.291005291005291,0.5
Concrete,concrete,mlp,0.0022,0.2,4,7,115,0.7853801209822253,3.212648022171832,0.4823529411764706,3.212648022171832,0.4823529411764706
Concrete,concrete,mlp,0.0022,0.2,5,6,115,0.6856151166157987,2.8992189468379945,0.4157303370786517,2.742504409171076,0.3846153846153846
Concrete,concrete,mlp,0.0022,0.2,5,7,115,0.738377435220098,2.742504409171076,0.3846153846153846,3.1342907533383726,0.4651162790697674
Concrete,concrete,mlp,0.0022,0.2,6,7,115,0.7235320488739764,2.977576215671454,0.4318181818181818,3.212648022171832,0.4823529411764706
Concrete,concrete,mlp,0.0055,0.2,0,1,119,0.4103219838378278,2.037288989669942,0.26,2.1940035273368608,0.2857142857142857
Concrete,concrete,mlp,0.0055,0.2,0,2,119,0.4216848367594305,1.880574452003024,0.2352941176470588,2.2723607961703203,0.2989690721649484
Concrete,concrete,mlp,0.0055,0.2,0,3,119,0.4151958125664586,1.958931720836483,0.2475247524752475,2.429075333837239,0.3263157894736842
Concrete,concrete,mlp,0.0055,0.2,0,4,119,0.4120261471221786,1.7238599143361049,0.2115384615384615,2.1156462585034013,0.2727272727272727
Concrete,concrete,mlp,0.0055,0.2,0,5,119,0.4014172592938778,1.958931720836483,0.2475247524752475,1.6455026455026456,0.2
Concrete,concrete,mlp,0.0055,0.2,0,6,119,0.4332033002300138,1.958931720836483,0.2475247524752475,2.1156462585034013,0.2727272727272727
Concrete,concrete,mlp,0.0055,0.2,0,7,119,0.3843373872428374,1.880574452003024,0.2352941176470588,2.037288989669942,0.26
Concrete,concrete,mlp,0.0055,0.2,1,2,119,0.5935670026831951,2.429075333837239,0.3263157894736842,2.429075333837239,0.3263157894736842
Concrete,concrete,mlp,0.0055,0.2,1,3,119,0.6542577770493292,2.507432602670698,0.3404255319148936,3.055933484504913,0.4482758620689655
Concrete,concrete,mlp,0.0055,0.2,1,4,119,0.559184772888357,2.5857898715041574,0.3548387096774194,2.507432602670698,0.3404255319148936
Concrete,concrete,mlp,0.0055,0.2,1,5,119,0.41156457311134,1.958931720836483,0.2475247524752475,1.880574452003024,0.2352941176470588
Concrete,concrete,mlp,0.0055,0.2,1,6,119,0.5851460384407574,2.3507180650037798,0.3125,1.880574452003024,0.2352941176470588
Concrete,concrete,mlp,0.0055,0.2,1,7,119,0.4754185504173805,2.037288989669942,0.26,1.958931720836483,0.2475247524752475
Concrete,concrete,mlp,0.0055,0.2,2,3,119,0.4545267683250392,1.958931720836483,0.2475247524752475,2.3507180650037798,0.3125
Concrete,concrete,mlp,0.0055,0.2,2,4,119,0.4471744613811992,1.7238599143361049,0.2115384615384615,2.1156462585034013,0.2727272727272727
Concrete,concrete,mlp,0.0055,0.2,2,5,119,0.4544252324219289,1.958931720836483,0.2475247524752475,2.3507180650037798,0.3125
Concrete,concrete,mlp,0.0055,0.2,2,6,119,0.4669302183561962,2.037288989669942,0.26,2.3507180650037798,0.3125
Concrete,concrete,mlp,0.0055,0.2,2,7,119,0.4146062459805979,1.958931720836483,0.2475247524752475,2.2723607961703203,0.2989690721649484
Concrete,concrete,mlp,0.0055,0.2,3,4,119,0.5773307892136623,2.507432602670698,0.3404255319148936,2.5857898715041574,0.3548387096774194
Concrete,concrete,mlp,0.0055,0.2,3,5,119,0.4736788056766625,2.3507180650037798,0.3125,1.802217183169564,0.2233009708737864
Concrete,concrete,mlp,0.0055,0.2,3,6,119,0.6419856928674145,2.429075333837239,0.3263157894736842,2.742504409171076,0.3846153846153846
Concrete,concrete,mlp,0.0055,0.2,3,7,119,0.4600216788891131,2.2723607961703203,0.2989690721649484,1.802217183169564,0.2233009708737864
Concrete,concrete,mlp,0.0055,0.2,4,5,119,0.5224277849361227,2.507432602670698,0.3404255319148936,2.037288989669942,0.26
Concrete,concrete,mlp,0.0055,0.2,4,6,119,0.56317244115416,2.6641471403376165,0.3695652173913043,2.1940035273368608,0.2857142857142857
Concrete,concrete,mlp,0.0055,0.2,4,7,119,0.4305620517485408,2.1940035273368608,0.2857142857142857,2.2723607961703203,0.2989690721649484
Concrete,concrete,mlp,0.0055,0.2,5,6,119,0.4372232480391171,2.1940035273368608,0.2857142857142857,1.880574452003024,0.2352941176470588
Concrete,concrete,mlp,0.0055,0.2,5,7,119,0.4178503506550403,2.2723607961703203,0.2989690721649484,2.1156462585034013,0.2727272727272727
Concrete,concrete,mlp,0.0055,0.2,6,7,119,0.4520409055758317,1.958931720836483,0.2475247524752475,1.488788107835727,0.1775700934579439
Concrete,concrete,mlp,0.0022,0.4,0,1,123,0.6807161872950052,2.3507180650037798,0.3125,2.8992189468379945,0.4157303370786517
Concrete,concrete,mlp,0.0022,0.4,0,2,123,0.7692958008930265,3.291005291005291,0.5,2.742504409171076,0.3846153846153846
Concrete,concrete,mlp,0.0022,0.4,0,3,123,0.7639615098551457,2.977576215671454,0.4318181818181818,2.977576215671454,0.4318181818181818
Concrete,concrete,mlp,0.0022,0.4,0,4,123,0.7614339830804453,3.1342907533383726,0.4651162790697674,2.977576215671454,0.4318181818181818
Concrete,concrete,mlp,0.0022,0.4,0,5,123,0.710876999372821,2.6641471403376165,0.3695652173913043,3.4477198286722097,0.5365853658536586
Concrete,concrete,mlp,0.0022,0.4,0,6,123,0.7022687864913737,2.6641471403376165,0.3695652173913043,3.1342907533383726,0.4651162790697674
Concrete,concrete,mlp,0.0022,0.4,0,7,123,0.6716227698181626,2.429075333837239,0.3263157894736842,2.8208616780045355,0.4
Concrete,concrete,mlp,0.0022,0.4,1,2,123,0.7290216866756979,2.8992189468379945,0.4157303370786517,3.1342907533383726,0.4651162790697674
Concrete,concrete,mlp,0.0022,0.4,1,3,123,0.6809156611498887,2.507432602670698,0.3404255319148936,2.742504409171076,0.3846153846153846
Concrete,concrete,mlp,0.0022,0.4,1,4,123,0.7007678232564176,3.055933484504913,0.4482758620689655,2.8992189468379945,0.4157303370786517
Concrete,concrete,mlp,0.0022,0.4,1,5,123,0.6584639309001925,2.429075333837239,0.3263157894736842,2.8992189468379945,0.4157303370786517
Concrete,concrete,mlp,0.0022,0.4,1,6,123,0.7184711774873174,2.977576215671454,0.4318181818181818,2.8208616780045355,0.4
Concrete,concrete,mlp,0.0022,0.4,1,7,123,0.6697789301338554,2.742504409171076,0.3846153846153846,2.8208616780045355,0.4
Concrete,concrete,mlp,0.0022,0.4,2,3,123,0.7513126393210628,3.055933484504913,0.4482758620689655,2.8992189468379945,0.4157303370786517
Concrete,concrete,mlp,0.0022,0.4,2,4,123,0.7968168583320041,3.291005291005291,0.5,3.055933484504913,0.4482758620689655
Concrete,concrete,mlp,0.0022,0.4,2,5,123,0.6745035745081714,2.742504409171076,0.3846153846153846,2.3507180650037798,0.3125
Concrete,concrete,mlp,0.0022,0.4,2,6,123,0.6999297973879027,2.742504409171076,0.3846153846153846,2.977576215671454,0.4318181818181818
Concrete,concrete,mlp,0.0022,0.4,2,7,123,0.6608802263417373,2.5857898715041574,0.3548387096774194,2.5857898715041574,0.3548387096774194
Concrete,concrete,mlp,0.0022,0.4,3,4,123,0.7309037376510221,2.8992189468379945,0.4157303370786517,2.6641471403376165,0.3695652173913043
Concrete,concrete,mlp,0.0022,0.4,3,5,123,0.6862190972104352,2.5857898715041574,0.3548387096774194,2.429075333837239,0.3263157894736842
Concrete,concrete,mlp,0.0022,0.4,3,6,123,0.7143223419823815,2.8208616780045355,0.4,3.055933484504913,0.4482758620689655
Concrete,concrete,mlp,0.0022,0.4,3,7,123,0.6235012975434668,1.958931720836483,0.2475247524752475,2.429075333837239,0.3263157894736842
Concrete,concrete,mlp,0.0022,0.4,4,5,123,0.751333178490645,2.8992189468379945,0.4157303370786517,2.8208616780045355,0.4
Concrete,concrete,mlp,0.0022,0.4,4,6,123,0.7133496084761035,3.1342907533383726,0.4651162790697674,2.8992189468379945,0.4157303370786517
Concrete,concrete,mlp,0.0022,0.4,4,7,123,0.6973624421710994,2.8208616780045355,0.4,2.1940035273368608,0.2857142857142857
Concrete,concrete,mlp,0.0022,0.4,5,6,123,0.7068406646088015,2.977576215671454,0.4318181818181818,3.055933484504913,0.4482758620689655
Concrete,concrete,mlp,0.0022,0.4,5,7,123,0.7307768371753369,2.742504409171076,0.3846153846153846,3.1342907533383726,0.4651162790697674
Concrete,concrete,mlp,0.0022,0.4,6,7,123,0.705600684211767,2.8992189468379945,0.4157303370786517,2.8208616780045355,0.4
Concrete,concrete,mlp,0.0055,0.4,0,1,127,0.6068484343732652,2.429075333837239,0.3263157894736842,2.6641471403376165,0.3695652173913043
Concrete,concrete,mlp,0.0055,0.4,0,2,127,0.6193110069836885,2.3507180650037798,0.3125,2.6641471403376165,0.3695652173913043
Concrete,concrete,mlp,0.0055,0.4,0,3,127,0.5066948329680521,2.5857898715041574,0.3548387096774194,2.2723607961703203,0.2989690721649484
Concrete,concrete,mlp,0.0055,0.4,0,4,127,0.5411091226946546,2.3507180650037798,0.3125,2.1940035273368608,0.2857142857142857
Concrete,concrete,mlp,0.0055,0.4,0,5,127,0.5259210317800781,2.3507180650037798,0.3125,2.507432602670698,0.3404255319148936
Concrete,concrete,mlp,0.0055,0.4,0,6,127,0.4424934206236902,1.6455026455026456,0.2,2.507432602670698,0.3404255319148936
Concrete,concrete,mlp,0.0055,0.4,0,7,127,0.4479268318732854,2.1156462585034013,0.2727272727272727,2.429075333837239,0.3263157894736842
Concrete,concrete,mlp,0.0055,0.4,1,2,127,0.5568164955409914,2.2723607961703203,0.2989690721649484,1.958931720836483,0.2475247524752475
Concrete,concrete,mlp,0.0055,0.4,1,3,127,0.5345864357941074,2.037288989669942,0.26,2.1940035273368608,0.2857142857142857
Concrete,concrete,mlp,0.0055,0.4,1,4,127,0.5718978777061313,2.1940035273368608,0.2857142857142857,1.7238599143361049,0.2115384615384615
Concrete,concrete,mlp,0.0055,0.4,1,5,127,0.5314520953177772,2.429075333837239,0.3263157894736842,2.429075333837239,0.3263157894736842
Concrete,concrete,mlp,0.0055,0.4,1,6,127,0.4461559578645991,1.958931720836483,0.2475247524752475,2.1940035273368608,0.2857142857142857
Concrete,concrete,mlp,0.0055,0.4,1,7,127,0.5038965240963973,2.3507180650037798,0.3125,2.1940035273368608,0.2857142857142857
Concrete,concrete,mlp,0.0055,0.4,2,3,127,0.600297479862276,2.429075333837239,0.3263157894736842,2.742504409171076,0.3846153846153846
Concrete,concrete,mlp,0.0055,0.4,2,4,127,0.606645102376278,2.1940035273368608,0.2857142857142857,2.5857898715041574,0.3548387096774194
Concrete,concrete,mlp,0.0055,0.4,2,5,127,0.4981839003288181,2.3507180650037798,0.3125,2.1156462585034013,0.2727272727272727
Concrete,concrete,mlp,0.0055,0.4,2,6,127,0.5108921941132751,2.2723607961703203,0.2989690721649484,2.2723607961703203,0.2989690721649484
Concrete,concrete,mlp,0.0055,0.4,2,7,127,0.4767260862789159,2.2723607961703203,0.2989690721649484,2.1156462585034013,0.2727272727272727
Concrete,concrete,mlp,0.0055,0.4,3,4,127,0.4570244492019139,1.880574452003024,0.2352941176470588,2.5857898715041574,0.3548387096774194
Concrete,concrete,mlp,0.0055,0.4,3,5,127,0.5972425574109425,2.6641471403376165,0.3695652173913043,2.742504409171076,0.3846153846153846
Concrete,concrete,mlp,0.0055,0.4,3,6,127,0.6097598210607933,2.5857898715041574,0.3548387096774194,2.507432602670698,0.3404255319148936
Concrete,concrete,mlp,0.0055,0.4,3,7,127,0.4804834956684521,2.5857898715041574,0.3548387096774194,2.037288989669942,0.26
Concrete,concrete,mlp,0.0055,0.4,4,5,127,0.431964652523694,1.880574452003024,0.2352941176470588,2.1940035273368608,0.2857142857142857
Concrete,concrete,mlp,0.0055,0.4,4,6,127,0.442682846669761,1.6455026455026456,0.2,2.429075333837239,0.3263157894736842
Concrete,concrete,mlp,0.0055,0.4,4,7,127,0.3916243763732463,1.958931720836483,0.2475247524752475,2.2723607961703203,0.2989690721649484
Concrete,concrete,mlp,0.0055,0.4,5,6,127,0.4883637126255218,2.1940035273368608,0.2857142857142857,2.6641471403376165,0.3695652173913043
Concrete,concrete,mlp,0.0055,0.4,5,7,127,0.4133029905339938,2.2723607961703203,0.2989690721649484,2.429075333837239,0.3263157894736842
Concrete,concrete,mlp,0.0055,0.4,6,7,127,0.4067261423481706,2.1940035273368608,0.2857142857142857,2.5857898715041574,0.3548387096774194
L-LSPIN,lspin_tf,linear,0.007,0.0,0,1,131,0.5640696909120558,2.3507180650037798,0.3125,2.037288989669942,0.26
L-LSPIN,lspin_tf,linear,0.007,0.0,0,2,131,0.5588334953541174,2.6641471403376165,0.3695652173913043,2.2723607961703203,0.2989690721649484
L-LSPIN,lspin_tf,linear,0.007,0.0,0,3,131,0.5136756217566695,2.2723607961703203,0.2989690721649484,2.429075333837239,0.3263157894736842
L-LSPIN,lspin_tf,linear,0.007,0.0,0,4,131,0.5259074145588021,2.1156462585034013,0.2727272727272727,2.429075333837239,0.3263157894736842
L-LSPIN,lspin_tf,linear,0.007,0.0,0,5,131,0.5976430054876471,2.3507180650037798,0.3125,2.3507180650037798,0.3125
L-LSPIN,lspin_tf,linear,0.007,0.0,0,6,131,0.5592732764521455,2.3507180650037798,0.3125,2.3507180650037798,0.3125
L-LSPIN,lspin_tf,linear,0.007,0.0,0,7,131,0.5024527963632524,1.958931720836483,0.2475247524752475,2.3507180650037798,0.3125
L-LSPIN,lspin_tf,linear,0.007,0.0,1,2,131,0.4710692917887069,2.429075333837239,0.3263157894736842,1.880574452003024,0.2352941176470588
L-LSPIN,lspin_tf,linear,0.007,0.0,1,3,131,0.5161878488813968,2.507432602670698,0.3404255319148936,2.3507180650037798,0.3125
L-LSPIN,lspin_tf,linear,0.007,0.0,1,4,131,0.5303806099558853,2.742504409171076,0.3846153846153846,2.1940035273368608,0.2857142857142857
L-LSPIN,lspin_tf,linear,0.007,0.0,1,5,131,0.5625246506294452,2.1940035273368608,0.2857142857142857,2.1940035273368608,0.2857142857142857
L-LSPIN,lspin_tf,linear,0.007,0.0,1,6,131,0.5737746005867117,2.507432602670698,0.3404255319148936,2.2723607961703203,0.2989690721649484
L-LSPIN,lspin_tf,linear,0.007,0.0,1,7,131,0.5055040711156078,2.429075333837239,0.3263157894736842,1.958931720836483,0.2475247524752475
L-LSPIN,lspin_tf,linear,0.007,0.0,2,3,131,0.5793477790367436,2.5857898715041574,0.3548387096774194,2.6641471403376165,0.3695652173913043
L-LSPIN,lspin_tf,linear,0.007,0.0,2,4,131,0.5660634145656545,2.429075333837239,0.3263157894736842,2.2723607961703203,0.2989690721649484
L-LSPIN,lspin_tf,linear,0.007,0.0,2,5,131,0.5067691568344955,2.2723607961703203,0.2989690721649484,1.880574452003024,0.2352941176470588
L-LSPIN,lspin_tf,linear,0.007,0.0,2,6,131,0.555344066388695,2.3507180650037798,0.3125,2.1940035273368608,0.2857142857142857
L-LSPIN,lspin_tf,linear,0.007,0.0,2,7,131,0.5641957681316612,2.2723607961703203,0.2989690721649484,1.958931720836483,0.2475247524752475
L-LSPIN,lspin_tf,linear,0.007,0.0,3,4,131,0.5651698649788435,2.6641471403376165,0.3695652173913043,2.507432602670698,0.3404255319148936
L-LSPIN,lspin_tf,linear,0.007,0.0,3,5,131,0.5396523816855843,1.7238599143361049,0.2115384615384615,2.2723607961703203,0.2989690721649484
L-LSPIN,lspin_tf,linear,0.007,0.0,3,6,131,0.5763801630366444,2.507432602670698,0.3404255319148936,2.6641471403376165,0.3695652173913043
L-LSPIN,lspin_tf,linear,0.007,0.0,3,7,131,0.5330624781454192,2.1156462585034013,0.2727272727272727,2.1156462585034013,0.2727272727272727
L-LSPIN,lspin_tf,linear,0.007,0.0,4,5,131,0.5975684599847183,2.742504409171076,0.3846153846153846,2.1940035273368608,0.2857142857142857
L-LSPIN,lspin_tf,linear,0.007,0.0,4,6,131,0.6018732244589253,2.6641471403376165,0.3695652173913043,2.5857898715041574,0.3548387096774194
L-LSPIN,lspin_tf,linear,0.007,0.0,4,7,131,0.6115726933759084,2.5857898715041574,0.3548387096774194,2.507432602670698,0.3404255319148936
L-LSPIN,lspin_tf,linear,0.007,0.0,5,6,131,0.5570789742383127,2.8208616780045355,0.4,2.2723607961703203,0.2989690721649484
L-LSPIN,lspin_tf,linear,0.007,0.0,5,7,131,0.5503062892028912,2.3507180650037798,0.3125,2.1940035273368608,0.2857142857142857
L-LSPIN,lspin_tf,linear,0.007,0.0,6,7,131,0.6400411433074635,2.742504409171076,0.3846153846153846,2.507432602670698,0.3404255319148936
L-LSPIN,lspin_tf,linear,0.021,0.0,0,1,135,0.4176810606537492,1.6455026455026456,0.2,1.6455026455026456,0.2
L-LSPIN,lspin_tf,linear,0.021,0.0,0,2,135,0.3253276454356397,1.802217183169564,0.2233009708737864,1.958931720836483,0.2475247524752475
L-LSPIN,lspin_tf,linear,0.021,0.0,0,3,135,0.2689738013572857,1.488788107835727,0.1775700934579439,1.6455026455026456,0.2
L-LSPIN,lspin_tf,linear,0.021,0.0,0,4,135,0.37027799288937,2.1940035273368608,0.2857142857142857,1.802217183169564,0.2233009708737864
L-LSPIN,lspin_tf,linear,0.021,0.0,0,5,135,0.3672424144712999,2.037288989669942,0.26,1.880574452003024,0.2352941176470588
L-LSPIN,lspin_tf,linear,0.021,0.0,0,6,135,0.4184792779052915,2.037288989669942,0.26,2.1156462585034013,0.2727272727272727
L-LSPIN,lspin_tf,linear,0.021,0.0,0,7,135,0.3116143224724285,1.7238599143361049,0.2115384615384615,1.488788107835727,0.1775700934579439
L-LSPIN,lspin_tf,linear,0.021,0.0,1,2,135,0.3833991725369567,2.037288989669942,0.26,1.4104308390022675,0.1666666666666666
L-LSPIN,lspin_tf,linear,0.021,0.0,1,3,135,0.3988025095724854,1.880574452003024,0.2352941176470588,2.3507180650037798,0.3125
L-LSPIN,lspin_tf,linear,0.021,0.0,1,4,135,0.5014643629569039,1.958931720836483,0.2475247524752475,2.1156462585034013,0.2727272727272727
L-LSPIN,lspin_tf,linear,0.021,0.0,1,5,135,0.4321497063698291,2.2723607961703203,0.2989690721649484,2.037288989669942,0.26
L-LSPIN,lspin_tf,linear,0.021,0.0,1,6,135,0.3873614364621893,1.7238599143361049,0.2115384615384615,1.802217183169564,0.2233009708737864
L-LSPIN,lspin_tf,linear,0.021,0.0,1,7,135,0.3707413300780658,1.880574452003024,0.2352941176470588,1.7238599143361049,0.2115384615384615
L-LSPIN,lspin_tf,linear,0.021,0.0,2,3,135,0.2581825364190741,1.802217183169564,0.2233009708737864,1.5671453766691863,0.1886792452830188
L-LSPIN,lspin_tf,linear,0.021,0.0,2,4,135,0.3267653291758758,1.958931720836483,0.2475247524752475,1.3320735701688082,0.1559633027522936
L-LSPIN,lspin_tf,linear,0.021,0.0,2,5,135,0.3183529429818642,1.7238599143361049,0.2115384615384615,1.5671453766691863,0.1886792452830188
L-LSPIN,lspin_tf,linear,0.021,0.0,2,6,135,0.3675362911911226,2.1156462585034013,0.2727272727272727,1.6455026455026456,0.2
L-LSPIN,lspin_tf,linear,0.021,0.0,2,7,135,0.3062239712153418,1.6455026455026456,0.2,1.5671453766691863,0.1886792452830188
L-LSPIN,lspin_tf,linear,0.021,0.0,3,4,135,0.4001668406301684,1.880574452003024,0.2352941176470588,1.7238599143361049,0.2115384615384615
L-LSPIN,lspin_tf,linear,0.021,0.0,3,5,135,0.2856998082313355,2.1156462585034013,0.2727272727272727,1.3320735701688082,0.1559633027522936
L-LSPIN,lspin_tf,linear,0.021,0.0,3,6,135,0.3384627691239809,1.958931720836483,0.2475247524752475,1.5671453766691863,0.1886792452830188
L-LSPIN,lspin_tf,linear,0.021,0.0,3,7,135,0.3369183492630929,1.958931720836483,0.2475247524752475,1.7238599143361049,0.2115384615384615
L-LSPIN,lspin_tf,linear,0.021,0.0,4,5,135,0.3514310030176996,1.880574452003024,0.2352941176470588,1.7238599143361049,0.2115384615384615
L-LSPIN,lspin_tf,linear,0.021,0.0,4,6,135,0.3640227684269299,1.958931720836483,0.2475247524752475,1.802217183169564,0.2233009708737864
L-LSPIN,lspin_tf,linear,0.021,0.0,4,7,135,0.3721654019430355,1.7238599143361049,0.2115384615384615,1.802217183169564,0.2233009708737864
L-LSPIN,lspin_tf,linear,0.021,0.0,5,6,135,0.3289859915298958,1.6455026455026456,0.2,1.488788107835727,0.1775700934579439
L-LSPIN,lspin_tf,linear,0.021,0.0,5,7,135,0.3869534734604311,2.1940035273368608,0.2857142857142857,1.6455026455026456,0.2
L-LSPIN,lspin_tf,linear,0.021,0.0,6,7,135,0.3614489844115464,1.958931720836483,0.2475247524752475,1.5671453766691863,0.1886792452830188
L-LSPIN,lspin_tf,linear,0.007,0.1,0,1,139,0.7099340314651446,2.6641471403376165,0.3695652173913043,3.3693625598387507,0.5180722891566265
L-LSPIN,lspin_tf,linear,0.007,0.1,0,2,139,0.7136346462305201,3.055933484504913,0.4482758620689655,2.977576215671454,0.4318181818181818
L-LSPIN,lspin_tf,linear,0.007,0.1,0,3,139,0.6358550797143505,2.5857898715041574,0.3548387096774194,2.429075333837239,0.3263157894736842
L-LSPIN,lspin_tf,linear,0.007,0.1,0,4,139,0.6755230693333802,2.5857898715041574,0.3548387096774194,2.5857898715041574,0.3548387096774194
L-LSPIN,lspin_tf,linear,0.007,0.1,0,5,139,0.6744052584790413,2.5857898715041574,0.3548387096774194,2.8208616780045355,0.4
L-LSPIN,lspin_tf,linear,0.007,0.1,0,6,139,0.6637907099530239,2.6641471403376165,0.3695652173913043,2.429075333837239,0.3263157894736842
L-LSPIN,lspin_tf,linear,0.007,0.1,0,7,139,0.6244530526758341,2.507432602670698,0.3404255319148936,2.1940035273368608,0.2857142857142857
L-LSPIN,lspin_tf,linear,0.007,0.1,1,2,139,0.7137830110068514,2.5857898715041574,0.3548387096774194,3.1342907533383726,0.4651162790697674
L-LSPIN,lspin_tf,linear,0.007,0.1,1,3,139,0.6777962758482827,2.8992189468379945,0.4157303370786517,2.742504409171076,0.3846153846153846
L-LSPIN,lspin_tf,linear,0.007,0.1,1,4,139,0.6947134362180777,2.507432602670698,0.3404255319148936,2.8208616780045355,0.4
L-LSPIN,lspin_tf,linear,0.007,0.1,1,5,139,0.7664498539975358,2.5857898715041574,0.3548387096774194,3.1342907533383726,0.4651162790697674
L-LSPIN,lspin_tf,linear,0.007,0.1,1,6,139,0.705825855967304,2.8208616780045355,0.4,2.742504409171076,0.3846153846153846
L-LSPIN,lspin_tf,linear,0.007,0.1,1,7,139,0.6246851631788664,2.6641471403376165,0.3695652173913043,2.742504409171076,0.3846153846153846
L-LSPIN,lspin_tf,linear,0.007,0.1,2,3,139,0.6934339516700684,2.6641471403376165,0.3695652173913043,2.742504409171076,0.3846153846153846
L-LSPIN,lspin_tf,linear,0.007,0.1,2,4,139,0.7056536763121921,2.742504409171076,0.3846153846153846,2.742504409171076,0.3846153846153846
L-LSPIN,lspin_tf,linear,0.007,0.1,2,5,139,0.7342376113186457,2.5857898715041574,0.3548387096774194,3.055933484504913,0.4482758620689655
L-LSPIN,lspin_tf,linear,0.007,0.1,2,6,139,0.7176976814874474,2.742504409171076,0.3846153846153846,2.742504409171076,0.3846153846153846
L-LSPIN,lspin_tf,linear,0.007,0.1,2,7,139,0.6859835393921832,2.8208616780045355,0.4,2.507432602670698,0.3404255319148936
L-LSPIN,lspin_tf,linear,0.007,0.1,3,4,139,0.6507675193968457,2.429075333837239,0.3263157894736842,2.5857898715041574,0.3548387096774194
L-LSPIN,lspin_tf,linear,0.007,0.1,3,5,139,0.6888524922975384,2.742504409171076,0.3846153846153846,3.212648022171832,0.4823529411764706
L-LSPIN,lspin_tf,linear,0.007,0.1,3,6,139,0.7024330954875628,2.6641471403376165,0.3695652173913043,2.8208616780045355,0.4
L-LSPIN,lspin_tf,linear,0.007,0.1,3,7,139,0.6678496548787327,2.742504409171076,0.3846153846153846,2.742504409171076,0.3846153846153846
L-LSPIN,lspin_tf,linear,0.007,0.1,4,5,139,0.7165374750102907,2.8208616780045355,0.4,2.6641471403376165,0.3695652173913043
L-LSPIN,lspin_tf,linear,0.007,0.1,4,6,139,0.6502729625011437,2.507432602670698,0.3404255319148936,2.507432602670698,0.3404255319148936
L-LSPIN,lspin_tf,linear,0.007,0.1,4,7,139,0.6599879986654317,2.8208616780045355,0.4,2.507432602670698,0.3404255319148936
L-LSPIN,lspin_tf,linear,0.007,0.1,5,6,139,0.7448561030393503,2.8208616780045355,0.4,3.212648022171832,0.4823529411764706
L-LSPIN,lspin_tf,linear,0.007,0.1,5,7,139,0.659978503944997,2.742504409171076,0.3846153846153846,2.6641471403376165,0.3695652173913043
L-LSPIN,lspin_tf,linear,0.007,0.1,6,7,139,0.6845369716979478,2.429075333837239,0.3263157894736842,2.8208616780045355,0.4
L-LSPIN,lspin_tf,linear,0.021,0.1,0,1,143,0.3899504795779854,2.1940035273368608,0.2857142857142857,1.880574452003024,0.2352941176470588
L-LSPIN,lspin_tf,linear,0.021,0.1,0,2,143,0.4575772627313605,2.037288989669942,0.26,2.2723607961703203,0.2989690721649484
L-LSPIN,lspin_tf,linear,0.021,0.1,0,3,143,0.46816229098597,2.1156462585034013,0.2727272727272727,1.958931720836483,0.2475247524752475
L-LSPIN,lspin_tf,linear,0.021,0.1,0,4,143,0.3414713668469104,1.6455026455026456,0.2,1.802217183169564,0.2233009708737864
L-LSPIN,lspin_tf,linear,0.021,0.1,0,5,143,0.4581930976022234,2.1156462585034013,0.2727272727272727,2.1156462585034013,0.2727272727272727
L-LSPIN,lspin_tf,linear,0.021,0.1,0,6,143,0.2678648698530338,1.7238599143361049,0.2115384615384615,1.5671453766691863,0.1886792452830188
L-LSPIN,lspin_tf,linear,0.021,0.1,0,7,143,0.3782871605392781,2.3507180650037798,0.3125,1.7238599143361049,0.2115384615384615
L-LSPIN,lspin_tf,linear,0.021,0.1,1,2,143,0.4118664805742761,2.037288989669942,0.26,1.6455026455026456,0.2
L-LSPIN,lspin_tf,linear,0.021,0.1,1,3,143,0.4269558635081473,1.7238599143361049,0.2115384615384615,2.1940035273368608,0.2857142857142857
L-LSPIN,lspin_tf,linear,0.021,0.1,1,4,143,0.4066144925482658,1.7238599143361049,0.2115384615384615,1.802217183169564,0.2233009708737864
L-LSPIN,lspin_tf,linear,0.021,0.1,1,5,143,0.3354770561029571,2.3507180650037798,0.3125,1.488788107835727,0.1775700934579439
L-LSPIN,lspin_tf,linear,0.021,0.1,1,6,143,0.418826299831208,2.037288989669942,0.26,2.1940035273368608,0.2857142857142857
L-LSPIN,lspin_tf,linear,0.021,0.1,1,7,143,0.4688265147590425,2.1940035273368608,0.2857142857142857,1.958931720836483,0.2475247524752475
L-LSPIN,lspin_tf,linear,0.021,0.1,2,3,143,0.5309012602319216,1.958931720836483,0.2475247524752475,1.880574452003024,0.2352941176470588
L-LSPIN,lspin_tf,linear,0.021,0.1,2,4,143,0.4190663916110363,2.1940035273368608,0.2857142857142857,1.488788107835727,0.1775700934579439
L-LSPIN,lspin_tf,linear,0.021,0.1,2,5,143,0.4506568130049853,2.1940035273368608,0.2857142857142857,2.037288989669942,0.26
L-LSPIN,lspin_tf,linear,0.021,0.1,2,6,143,0.414041202948509,1.958931720836483,0.2475247524752475,1.880574452003024,0.2352941176470588
L-LSPIN,lspin_tf,linear,0.021,0.1,2,7,143,0.4714300623886946,2.1156462585034013,0.2727272727272727,1.958931720836483,0.2475247524752475
L-LSPIN,lspin_tf,linear,0.021,0.1,3,4,143,0.3928184054623527,1.802217183169564,0.2233009708737864,1.880574452003024,0.2352941176470588
L-LSPIN,lspin_tf,linear,0.021,0.1,3,5,143,0.3208804546094023,1.4104308390022675,0.1666666666666666,1.7238599143361049,0.2115384615384615
L-LSPIN,lspin_tf,linear,0.021,0.1,3,6,143,0.3402454629726504,1.802217183169564,0.2233009708737864,2.3507180650037798,0.3125
L-LSPIN,lspin_tf,linear,0.021,0.1,3,7,143,0.4072149731242324,1.880574452003024,0.2352941176470588,2.1940035273368608,0.2857142857142857
L-LSPIN,lspin_tf,linear,0.021,0.1,4,5,143,0.3403054988156885,1.802217183169564,0.2233009708737864,1.6455026455026456,0.2
L-LSPIN,lspin_tf,linear,0.021,0.1,4,6,143,0.3221038921339271,1.958931720836483,0.2475247524752475,2.037288989669942,0.26
L-LSPIN,lspin_tf,linear,0.021,0.1,4,7,143,0.4330907787326467,1.802217183169564,0.2233009708737864,2.037288989669942,0.26
L-LSPIN,lspin_tf,linear,0.021,0.1,5,6,143,0.4156100551110125,2.037288989669942,0.26,1.6455026455026456,0.2
L-LSPIN,lspin_tf,linear,0.021,0.1,5,7,143,0.3972773891872996,2.037288989669942,0.26,1.7238599143361049,0.2115384615384615
L-LSPIN,lspin_tf,linear,0.021,0.1,6,7,143,0.3551590237056403,1.958931720836483,0.2475247524752475,1.802217183169564,0.2233009708737864
L-LSPIN,lspin_tf,linear,0.007,0.2,0,1,147,0.6828593410881219,2.8208616780045355,0.4,2.742504409171076,0.3846153846153846
L-LSPIN,lspin_tf,linear,0.007,0.2,0,2,147,0.6719070917533432,2.5857898715041574,0.3548387096774194,2.6641471403376165,0.3695652173913043
L-LSPIN,lspin_tf,linear,0.007,0.2,0,3,147,0.699856895254894,2.742504409171076,0.3846153846153846,2.2723607961703203,0.2989690721649484
L-LSPIN,lspin_tf,linear,0.007,0.2,0,4,147,0.6788206816225334,2.8208616780045355,0.4,2.8992189468379945,0.4157303370786517
L-LSPIN,lspin_tf,linear,0.007,0.2,0,5,147,0.62154211506127,2.5857898715041574,0.3548387096774194,2.507432602670698,0.3404255319148936
L-LSPIN,lspin_tf,linear,0.007,0.2,0,6,147,0.6417326007868283,2.3507180650037798,0.3125,2.6641471403376165,0.3695652173913043
L-LSPIN,lspin_tf,linear,0.007,0.2,0,7,147,0.6746363451545648,2.8208616780045355,0.4,2.429075333837239,0.3263157894736842
L-LSPIN,lspin_tf,linear,0.007,0.2,1,2,147,0.7266748721601933,2.977576215671454,0.4318181818181818,2.5857898715041574,0.3548387096774194
L-LSPIN,lspin_tf,linear,0.007,0.2,1,3,147,0.7320098123360392,2.977576215671454,0.4318181818181818,2.8992189468379945,0.4157303370786517
L-LSPIN,lspin_tf,linear,0.007,0.2,1,4,147,0.7506064160208198,2.6641471403376165,0.3695652173913043,3.291005291005291,0.5
L-LSPIN,lspin_tf,linear,0.007,0.2,1,5,147,0.7322549020689445,2.977576215671454,0.4318181818181818,2.8992189468379945,0.4157303370786517
L-LSPIN,lspin_tf,linear,0.007,0.2,1,6,147,0.7249950210509329,2.742504409171076,0.3846153846153846,2.8208616780045355,0.4
L-LSPIN,lspin_tf,linear,0.007,0.2,1,7,147,0.7694312286014122,3.055933484504913,0.4482758620689655,2.977576215671454,0.4318181818181818
L-LSPIN,lspin_tf,linear,0.007,0.2,2,3,147,0.7230865339626096,2.8992189468379945,0.4157303370786517,2.742504409171076,0.3846153846153846
L-LSPIN,lspin_tf,linear,0.007,0.2,2,4,147,0.7313606636163107,2.5857898715041574,0.3548387096774194,3.212648022171832,0.4823529411764706
L-LSPIN,lspin_tf,linear,0.007,0.2,2,5,147,0.670276705482327,2.507432602670698,0.3404255319148936,2.8208616780045355,0.4
L-LSPIN,lspin_tf,linear,0.007,0.2,2,6,147,0.7222724476973311,2.6641471403376165,0.3695652173913043,2.8992189468379945,0.4157303370786517
L-LSPIN,lspin_tf,linear,0.007,0.2,2,7,147,0.7443239026352207,3.055933484504913,0.4482758620689655,2.977576215671454,0.4318181818181818
L-LSPIN,lspin_tf,linear,0.007,0.2,3,4,147,0.7776921242814285,2.8992189468379945,0.4157303370786517,3.212648022171832,0.4823529411764706
L-LSPIN,lspin_tf,linear,0.007,0.2,3,5,147,0.6897013880054363,2.742504409171076,0.3846153846153846,2.8992189468379945,0.4157303370786517
L-LSPIN,lspin_tf,linear,0.007,0.2,3,6,147,0.7366061579073054,2.6641471403376165,0.3695652173913043,3.291005291005291,0.5
L-LSPIN,lspin_tf,linear,0.007,0.2,3,7,147,0.7293079438590487,2.8208616780045355,0.4,2.742504409171076,0.3846153846153846
L-LSPIN,lspin_tf,linear,0.007,0.2,4,5,147,0.6511103450929424,2.429075333837239,0.3263157894736842,2.977576215671454,0.4318181818181818
L-LSPIN,lspin_tf,linear,0.007,0.2,4,6,147,0.7417363121533281,3.055933484504913,0.4482758620689655,3.055933484504913,0.4482758620689655
L-LSPIN,lspin_tf,linear,0.007,0.2,4,7,147,0.7236082461588034,3.055933484504913,0.4482758620689655,3.055933484504913,0.4482758620689655
L-LSPIN,lspin_tf,linear,0.007,0.2,5,6,147,0.6741911118892616,2.507432602670698,0.3404255319148936,3.055933484504913,0.4482758620689655
L-LSPIN,lspin_tf,linear,0.007,0.2,5,7,147,0.705258189292454,2.742504409171076,0.3846153846153846,2.742504409171076,0.3846153846153846
L-LSPIN,lspin_tf,linear,0.007,0.2,6,7,147,0.7062388308114702,2.8992189468379945,0.4157303370786517,2.8208616780045355,0.4
L-LSPIN,lspin_tf,linear,0.021,0.2,0,1,151,0.46155458050317,2.429075333837239,0.3263157894736842,1.958931720836483,0.2475247524752475
L-LSPIN,lspin_tf,linear,0.021,0.2,0,2,151,0.5804243786829122,2.507432602670698,0.3404255319148936,2.429075333837239,0.3263157894736842
L-LSPIN,lspin_tf,linear,0.021,0.2,0,3,151,0.515567421783976,2.1156462585034013,0.2727272727272727,1.880574452003024,0.2352941176470588
L-LSPIN,lspin_tf,linear,0.021,0.2,0,4,151,0.3903527370953076,2.1156462585034013,0.2727272727272727,1.880574452003024,0.2352941176470588
L-LSPIN,lspin_tf,linear,0.021,0.2,0,5,151,0.44120603749143,1.7238599143361049,0.2115384615384615,2.3507180650037798,0.3125
L-LSPIN,lspin_tf,linear,0.021,0.2,0,6,151,0.4877145195291465,1.880574452003024,0.2352941176470588,1.880574452003024,0.2352941176470588
L-LSPIN,lspin_tf,linear,0.021,0.2,0,7,151,0.3509962580697912,1.7238599143361049,0.2115384615384615,1.6455026455026456,0.2
L-LSPIN,lspin_tf,linear,0.021,0.2,1,2,151,0.420897378683049,1.880574452003024,0.2352941176470588,2.429075333837239,0.3263157894736842
L-LSPIN,lspin_tf,linear,0.021,0.2,1,3,151,0.5005448116367242,1.880574452003024,0.2352941176470588,2.742504409171076,0.3846153846153846
L-LSPIN,lspin_tf,linear,0.021,0.2,1,4,151,0.3474484988177738,1.880574452003024,0.2352941176470588,1.880574452003024,0.2352941176470588
L-LSPIN,lspin_tf,linear,0.021,0.2,1,5,151,0.3962648927770512,1.880574452003024,0.2352941176470588,2.3507180650037798,0.3125
L-LSPIN,lspin_tf,linear,0.021,0.2,1,6,151,0.4230661379367018,1.7238599143361049,0.2115384615384615,1.958931720836483,0.2475247524752475
L-LSPIN,lspin_tf,linear,0.021,0.2,1,7,151,0.4016256219827328,1.7238599143361049,0.2115384615384615,1.802217183169564,0.2233009708737864
L-LSPIN,lspin_tf,linear,0.021,0.2,2,3,151,0.5089665540792111,2.2723607961703203,0.2989690721649484,2.6641471403376165,0.3695652173913043
L-LSPIN,lspin_tf,linear,0.021,0.2,2,4,151,0.4530001817209705,1.958931720836483,0.2475247524752475,2.2723607961703203,0.2989690721649484
L-LSPIN,lspin_tf,linear,0.021,0.2,2,5,151,0.4302500167119759,1.802217183169564,0.2233009708737864,2.3507180650037798,0.3125
L-LSPIN,lspin_tf,linear,0.021,0.2,2,6,151,0.4828830367265433,2.429075333837239,0.3263157894736842,2.1940035273368608,0.2857142857142857
L-LSPIN,lspin_tf,linear,0.021,0.2,2,7,151,0.4217183969800813,1.880574452003024,0.2352941176470588,1.6455026455026456,0.2
L-LSPIN,lspin_tf,linear,0.021,0.2,3,4,151,0.3958961852121844,1.880574452003024,0.2352941176470588,1.880574452003024,0.2352941176470588
L-LSPIN,lspin_tf,linear,0.021,0.2,3,5,151,0.3510742877479176,1.880574452003024,0.2352941176470588,2.1940035273368608,0.2857142857142857
L-LSPIN,lspin_tf,linear,0.021,0.2,3,6,151,0.418445428957327,1.880574452003024,0.2352941176470588,1.958931720836483,0.2475247524752475
L-LSPIN,lspin_tf,linear,0.021,0.2,3,7,151,0.3995118499492767,2.1156462585034013,0.2727272727272727,1.5671453766691863,0.1886792452830188
L-LSPIN,lspin_tf,linear,0.021,0.2,4,5,151,0.3439572171733059,1.802217183169564,0.2233009708737864,2.1156462585034013,0.2727272727272727
L-LSPIN,lspin_tf,linear,0.021,0.2,4,6,151,0.4259317505441397,1.958931720836483,0.2475247524752475,1.958931720836483,0.2475247524752475
L-LSPIN,lspin_tf,linear,0.021,0.2,4,7,151,0.3726356323815651,1.880574452003024,0.2352941176470588,1.6455026455026456,0.2
L-LSPIN,lspin_tf,linear,0.021,0.2,5,6,151,0.3507744720545795,1.6455026455026456,0.2,2.037288989669942,0.26
L-LSPIN,lspin_tf,linear,0.021,0.2,5,7,151,0.3466628399032265,2.1940035273368608,0.2857142857142857,1.802217183169564,0.2233009708737864
L-LSPIN,lspin_tf,linear,0.021,0.2,6,7,151,0.4325917223940113,1.802217183169564,0.2233009708737864,1.958931720836483,0.2475247524752475
L-LSPIN,lspin_tf,linear,0.007,0.4,0,1,155,0.7332172334270187,2.977576215671454,0.4318181818181818,3.1342907533383726,0.4651162790697674
L-LSPIN,lspin_tf,linear,0.007,0.4,0,2,155,0.6595146820185155,2.6641471403376165,0.3695652173913043,2.6641471403376165,0.3695652173913043
L-LSPIN,lspin_tf,linear,0.007,0.4,0,3,155,0.6601895110711359,2.5857898715041574,0.3548387096774194,2.742504409171076,0.3846153846153846
L-LSPIN,lspin_tf,linear,0.007,0.4,0,4,155,0.693287898646798,2.429075333837239,0.3263157894736842,2.977576215671454,0.4318181818181818
L-LSPIN,lspin_tf,linear,0.007,0.4,0,5,155,0.6739212443493975,2.742504409171076,0.3846153846153846,2.507432602670698,0.3404255319148936
L-LSPIN,lspin_tf,linear,0.007,0.4,0,6,155,0.6660064413774132,2.5857898715041574,0.3548387096774194,2.8208616780045355,0.4
L-LSPIN,lspin_tf,linear,0.007,0.4,0,7,155,0.6611118868131076,2.8992189468379945,0.4157303370786517,2.742504409171076,0.3846153846153846
L-LSPIN,lspin_tf,linear,0.007,0.4,1,2,155,0.6735283281273399,2.507432602670698,0.3404255319148936,2.2723607961703203,0.2989690721649484
L-LSPIN,lspin_tf,linear,0.007,0.4,1,3,155,0.7357740957770785,2.6641471403376165,0.3695652173913043,2.977576215671454,0.4318181818181818
L-LSPIN,lspin_tf,linear,0.007,0.4,1,4,155,0.6943841355931042,2.6641471403376165,0.3695652173913043,2.5857898715041574,0.3548387096774194
L-LSPIN,lspin_tf,linear,0.007,0.4,1,5,155,0.7070813201526414,2.8208616780045355,0.4,2.742504409171076,0.3846153846153846
L-LSPIN,lspin_tf,linear,0.007,0.4,1,6,155,0.7518852614638186,2.8208616780045355,0.4,2.8208616780045355,0.4
L-LSPIN,lspin_tf,linear,0.007,0.4,1,7,155,0.7115995336349545,2.6641471403376165,0.3695652173913043,3.055933484504913,0.4482758620689655
L-LSPIN,lspin_tf,linear,0.007,0.4,2,3,155,0.6805358841311869,2.429075333837239,0.3263157894736842,2.507432602670698,0.3404255319148936
L-LSPIN,lspin_tf,linear,0.007,0.4,2,4,155,0.7189811885424118,2.6641471403376165,0.3695652173913043,3.055933484504913,0.4482758620689655
L-LSPIN,lspin_tf,linear,0.007,0.4,2,5,155,0.6799019990094576,2.6641471403376165,0.3695652173913043,2.3507180650037798,0.3125
L-LSPIN,lspin_tf,linear,0.007,0.4,2,6,155,0.685589442816385,3.055933484504913,0.4482758620689655,2.5857898715041574,0.3548387096774194
L-LSPIN,lspin_tf,linear,0.007,0.4,2,7,155,0.6442766387311082,2.5857898715041574,0.3548387096774194,2.6641471403376165,0.3695652173913043
L-LSPIN,lspin_tf,linear,0.007,0.4,3,4,155,0.6904433178699515,2.8208616780045355,0.4,2.8992189468379945,0.4157303370786517
L-LSPIN,lspin_tf,linear,0.007,0.4,3,5,155,0.722488722120261,2.742504409171076,0.3846153846153846,2.8992189468379945,0.4157303370786517
L-LSPIN,lspin_tf,linear,0.007,0.4,3,6,155,0.6930080984939674,2.977576215671454,0.4318181818181818,2.977576215671454,0.4318181818181818
L-LSPIN,lspin_tf,linear,0.007,0.4,3,7,155,0.7017069308107029,2.8992189468379945,0.4157303370786517,3.1342907533383726,0.4651162790697674
L-LSPIN,lspin_tf,linear,0.007,0.4,4,5,155,0.7106458664194639,3.055933484504913,0.4482758620689655,2.742504409171076,0.3846153846153846
L-LSPIN,lspin_tf,linear,0.007,0.4,4,6,155,0.7371493371521682,2.8208616780045355,0.4,2.8992189468379945,0.4157303370786517
L-LSPIN,lspin_tf,linear,0.007,0.4,4,7,155,0.6583066746139231,2.429075333837239,0.3263157894736842,2.6641471403376165,0.3695652173913043
L-LSPIN,lspin_tf,linear,0.007,0.4,5,6,155,0.659844298140331,2.977576215671454,0.4318181818181818,2.507432602670698,0.3404255319148936
L-LSPIN,lspin_tf,linear,0.007,0.4,5,7,155,0.6325945269398592,2.2723607961703203,0.2989690721649484,2.5857898715041574,0.3548387096774194
L-LSPIN,lspin_tf,linear,0.007,0.4,6,7,155,0.6932085794810436,2.6641471403376165,0.3695652173913043,3.291005291005291,0.5
L-LSPIN,lspin_tf,linear,0.021,0.4,0,1,159,0.3971484780250666,1.802217183169564,0.2233009708737864,2.2723607961703203,0.2989690721649484
L-LSPIN,lspin_tf,linear,0.021,0.4,0,2,159,0.4052430038928972,1.958931720836483,0.2475247524752475,2.1940035273368608,0.2857142857142857
L-LSPIN,lspin_tf,linear,0.021,0.4,0,3,159,0.357321189646792,1.6455026455026456,0.2,2.1156462585034013,0.2727272727272727
L-LSPIN,lspin_tf,linear,0.021,0.4,0,4,159,0.4478253327960206,2.037288989669942,0.26,2.429075333837239,0.3263157894736842
L-LSPIN,lspin_tf,linear,0.021,0.4,0,5,159,0.4541513594481745,2.2723607961703203,0.2989690721649484,1.958931720836483,0.2475247524752475
L-LSPIN,lspin_tf,linear,0.021,0.4,0,6,159,0.4509084893914836,2.1156462585034013,0.2727272727272727,2.3507180650037798,0.3125
L-LSPIN,lspin_tf,linear,0.021,0.4,0,7,159,0.3515352490383089,2.037288989669942,0.26,2.037288989669942,0.26
L-LSPIN,lspin_tf,linear,0.021,0.4,1,2,159,0.3872963348758029,1.488788107835727,0.1775700934579439,2.1940035273368608,0.2857142857142857
L-LSPIN,lspin_tf,linear,0.021,0.4,1,3,159,0.4000385903085848,1.880574452003024,0.2352941176470588,2.1940035273368608,0.2857142857142857
L-LSPIN,lspin_tf,linear,0.021,0.4,1,4,159,0.3661896991787777,2.1156462585034013,0.2727272727272727,1.958931720836483,0.2475247524752475
L-LSPIN,lspin_tf,linear,0.021,0.4,1,5,159,0.4590529266204861,1.880574452003024,0.2352941176470588,2.1940035273368608,0.2857142857142857
L-LSPIN,lspin_tf,linear,0.021,0.4,1,6,159,0.4367371877711345,1.802217183169564,0.2233009708737864,2.1940035273368608,0.2857142857142857
L-LSPIN,lspin_tf,linear,0.021,0.4,1,7,159,0.4722533970972554,1.802217183169564,0.2233009708737864,2.3507180650037798,0.3125
L-LSPIN,lspin_tf,linear,0.021,0.4,2,3,159,0.4853552944804589,2.1156462585034013,0.2727272727272727,2.3507180650037798,0.3125
L-LSPIN,lspin_tf,linear,0.021,0.4,2,4,159,0.4906964629091056,2.037288989669942,0.26,2.2723607961703203,0.2989690721649484
L-LSPIN,lspin_tf,linear,0.021,0.4,2,5,159,0.4826827066956453,1.958931720836483,0.2475247524752475,2.507432602670698,0.3404255319148936
L-LSPIN,lspin_tf,linear,0.021,0.4,2,6,159,0.4732386444849602,2.1156462585034013,0.2727272727272727,1.880574452003024,0.2352941176470588
L-LSPIN,lspin_tf,linear,0.021,0.4,2,7,159,0.5296986580683588,1.958931720836483,0.2475247524752475,2.5857898715041574,0.3548387096774194
L-LSPIN,lspin_tf,linear,0.021,0.4,3,4,159,0.4542791617250615,2.3507180650037798,0.3125,2.1940035273368608,0.2857142857142857
L-LSPIN,lspin_tf,linear,0.021,0.4,3,5,159,0.4853531111849282,2.3507180650037798,0.3125,2.037288989669942,0.26
L-LSPIN,lspin_tf,linear,0.021,0.4,3,6,159,0.4003526945118497,2.037288989669942,0.26,1.802217183169564,0.2233009708737864
L-LSPIN,lspin_tf,linear,0.021,0.4,3,7,159,0.4937787575163901,1.958931720836483,0.2475247524752475,2.3507180650037798,0.3125
L-LSPIN,lspin_tf,linear,0.021,0.4,4,5,159,0.4438679624482871,2.1940035273368608,0.2857142857142857,1.880574452003024,0.2352941176470588
L-LSPIN,lspin_tf,linear,0.021,0.4,4,6,159,0.4863438974830864,2.429075333837239,0.3263157894736842,1.802217183169564,0.2233009708737864
L-LSPIN,lspin_tf,linear,0.021,0.4,4,7,159,0.3579652864339598,1.7238599143361049,0.2115384615384615,1.880574452003024,0.2352941176470588
L-LSPIN,lspin_tf,linear,0.021,0.4,5,6,159,0.450330063238891,2.2723607961703203,0.2989690721649484,2.1940035273368608,0.2857142857142857
L-LSPIN,lspin_tf,linear,0.021,0.4,5,7,159,0.4385447309207018,1.958931720836483,0.2475247524752475,2.1940035273368608,0.2857142857142857
L-LSPIN,lspin_tf,linear,0.021,0.4,6,7,159,0.3537999360421348,1.6455026455026456,0.2,1.7238599143361049,0.2115384615384615
L-LSPIN,lspin_tf,linear,0.007,0.0,0,1,163,0.4333569866064723,2.3507180650037798,0.3125,1.802217183169564,0.2233009708737864
L-LSPIN,lspin_tf,linear,0.007,0.0,0,2,163,0.6109772582167192,2.429075333837239,0.3263157894736842,2.5857898715041574,0.3548387096774194
L-LSPIN,lspin_tf,linear,0.007,0.0,0,3,163,0.6037058987898515,2.429075333837239,0.3263157894736842,2.507432602670698,0.3404255319148936
L-LSPIN,lspin_tf,linear,0.007,0.0,0,4,163,0.5618731423231792,2.3507180650037798,0.3125,2.3507180650037798,0.3125
L-LSPIN,lspin_tf,linear,0.007,0.0,0,5,163,0.5515954836119964,2.429075333837239,0.3263157894736842,2.037288989669942,0.26
L-LSPIN,lspin_tf,linear,0.007,0.0,0,6,163,0.3889249705938341,2.1156462585034013,0.2727272727272727,1.958931720836483,0.2475247524752475
L-LSPIN,lspin_tf,linear,0.007,0.0,0,7,163,0.5086615798526688,1.958931720836483,0.2475247524752475,2.1940035273368608,0.2857142857142857
L-LSPIN,lspin_tf,linear,0.007,0.0,1,2,163,0.5584746311450856,2.507432602670698,0.3404255319148936,2.2723607961703203,0.2989690721649484
L-LSPIN,lspin_tf,linear,0.007,0.0,1,3,163,0.5658965762179168,2.2723607961703203,0.2989690721649484,2.507432602670698,0.3404255319148936
L-LSPIN,lspin_tf,linear,0.007,0.0,1,4,163,0.4461277025378689,2.429075333837239,0.3263157894736842,1.5671453766691863,0.1886792452830188
L-LSPIN,lspin_tf,linear,0.007,0.0,1,5,163,0.5351276211942336,2.2723607961703203,0.2989690721649484,2.1156462585034013,0.2727272727272727
L-LSPIN,lspin_tf,linear,0.007,0.0,1,6,163,0.5031314555230265,2.1940035273368608,0.2857142857142857,2.037288989669942,0.26
L-LSPIN,lspin_tf,linear,0.007,0.0,1,7,163,0.4913426037283089,2.1940035273368608,0.2857142857142857,2.1940035273368608,0.2857142857142857
L-LSPIN,lspin_tf,linear,0.007,0.0,2,3,163,0.6852223503252992,2.6641471403376165,0.3695652173913043,2.429075333837239,0.3263157894736842
L-LSPIN,lspin_tf,linear,0.007,0.0,2,4,163,0.5541061225161356,1.7238599143361049,0.2115384615384615,2.429075333837239,0.3263157894736842
L-LSPIN,lspin_tf,linear,0.007,0.0,2,5,163,0.6675544570934823,2.6641471403376165,0.3695652173913043,2.507432602670698,0.3404255319148936
L-LSPIN,lspin_tf,linear,0.007,0.0,2,6,163,0.5695086658855174,2.507432602670698,0.3404255319148936,2.1940035273368608,0.2857142857142857
L-LSPIN,lspin_tf,linear,0.007,0.0,2,7,163,0.6172800173424987,2.3507180650037798,0.3125,2.742504409171076,0.3846153846153846
L-LSPIN,lspin_tf,linear,0.007,0.0,3,4,163,0.5298872462693193,2.037288989669942,0.26,2.3507180650037798,0.3125
L-LSPIN,lspin_tf,linear,0.007,0.0,3,5,163,0.5507044545298794,2.6641471403376165,0.3695652173913043,2.1156462585034013,0.2727272727272727
L-LSPIN,lspin_tf,linear,0.007,0.0,3,6,163,0.490231092837817,2.2723607961703203,0.2989690721649484,2.5857898715041574,0.3548387096774194
L-LSPIN,lspin_tf,linear,0.007,0.0,3,7,163,0.5808453504980928,2.1156462585034013,0.2727272727272727,2.5857898715041574,0.3548387096774194
L-LSPIN,lspin_tf,linear,0.007,0.0,4,5,163,0.5515558929413157,2.1156462585034013,0.2727272727272727,2.1156462585034013,0.2727272727272727
L-LSPIN,lspin_tf,linear,0.007,0.0,4,6,163,0.4189220951514607,2.3507180650037798,0.3125,1.6455026455026456,0.2
L-LSPIN,lspin_tf,linear,0.007,0.0,4,7,163,0.5501782520138182,2.507432602670698,0.3404255319148936,2.037288989669942,0.26
L-LSPIN,lspin_tf,linear,0.007,0.0,5,6,163,0.4800973274561181,2.1940035273368608,0.2857142857142857,1.802217183169564,0.2233009708737864
L-LSPIN,lspin_tf,linear,0.007,0.0,5,7,163,0.5855025379924343,2.5857898715041574,0.3548387096774194,2.429075333837239,0.3263157894736842
L-LSPIN,lspin_tf,linear,0.007,0.0,6,7,163,0.4972523947775369,2.507432602670698,0.3404255319148936,1.958931720836483,0.2475247524752475
L-LSPIN,lspin_tf,linear,0.021,0.0,0,1,167,0.3615603295676443,1.958931720836483,0.2475247524752475,1.5671453766691863,0.1886792452830188
L-LSPIN,lspin_tf,linear,0.021,0.0,0,2,167,0.2161857543560948,1.958931720836483,0.2475247524752475,1.4104308390022675,0.1666666666666666
L-LSPIN,lspin_tf,linear,0.021,0.0,0,3,167,0.352743124099349,2.037288989669942,0.26,1.880574452003024,0.2352941176470588
L-LSPIN,lspin_tf,linear,0.021,0.0,0,4,167,0.3041929979187591,1.958931720836483,0.2475247524752475,1.958931720836483,0.2475247524752475
L-LSPIN,lspin_tf,linear,0.021,0.0,0,5,167,0.2592285316908038,1.5671453766691863,0.1886792452830188,1.4104308390022675,0.1666666666666666
L-LSPIN,lspin_tf,linear,0.021,0.0,0,6,167,0.2189103484328262,1.802217183169564,0.2233009708737864,1.7238599143361049,0.2115384615384615
L-LSPIN,lspin_tf,linear,0.021,0.0,0,7,167,0.3601026764692693,2.1940035273368608,0.2857142857142857,1.802217183169564,0.2233009708737864
L-LSPIN,lspin_tf,linear,0.021,0.0,1,2,167,0.3261578573755917,2.037288989669942,0.26,1.7238599143361049,0.2115384615384615
L-LSPIN,lspin_tf,linear,0.021,0.0,1,3,167,0.4388855028272418,2.037288989669942,0.26,1.6455026455026456,0.2
L-LSPIN,lspin_tf,linear,0.021,0.0,1,4,167,0.396220563792809,2.037288989669942,0.26,1.7238599143361049,0.2115384615384615
L-LSPIN,lspin_tf,linear,0.021,0.0,1,5,167,0.4052725232792583,2.429075333837239,0.3263157894736842,1.253716301335349,0.1454545454545454
L-LSPIN,lspin_tf,linear,0.021,0.0,1,6,167,0.3951995675815889,2.1156462585034013,0.2727272727272727,1.488788107835727,0.1775700934579439
L-LSPIN,lspin_tf,linear,0.021,0.0,1,7,167,0.3550137056013533,1.880574452003024,0.2352941176470588,1.4104308390022675,0.1666666666666666
L-LSPIN,lspin_tf,linear,0.021,0.0,2,3,167,0.2804142973349794,1.802217183169564,0.2233009708737864,1.5671453766691863,0.1886792452830188
L-LSPIN,lspin_tf,linear,0.021,0.0,2,4,167,0.3275840813275701,1.6455026455026456,0.2,1.253716301335349,0.1454545454545454
L-LSPIN,lspin_tf,linear,0.021,0.0,2,5,167,0.2738772591948864,1.7238599143361049,0.2115384615384615,1.1753590325018897,0.1351351351351351
L-LSPIN,lspin_tf,linear,0.021,0.0,2,6,167,0.3383355062537439,1.958931720836483,0.2475247524752475,1.6455026455026456,0.2
L-LSPIN,lspin_tf,linear,0.021,0.0,2,7,167,0.210865806512294,1.488788107835727,0.1775700934579439,1.3320735701688082,0.1559633027522936
L-LSPIN,lspin_tf,linear,0.021,0.0,3,4,167,0.4323942487397146,1.958931720836483,0.2475247524752475,1.958931720836483,0.2475247524752475
L-LSPIN,lspin_tf,linear,0.021,0.0,3,5,167,0.3552092930930572,1.958931720836483,0.2475247524752475,1.488788107835727,0.1775700934579439
L-LSPIN,lspin_tf,linear,0.021,0.0,3,6,167,0.4185301787683348,2.1940035273368608,0.2857142857142857,1.488788107835727,0.1775700934579439
L-LSPIN,lspin_tf,linear,0.021,0.0,3,7,167,0.3488534446312028,2.1156462585034013,0.2727272727272727,1.802217183169564,0.2233009708737864
L-LSPIN,lspin_tf,linear,0.021,0.0,4,5,167,0.4798314944111199,1.958931720836483,0.2475247524752475,1.802217183169564,0.2233009708737864
L-LSPIN,lspin_tf,linear,0.021,0.0,4,6,167,0.3518709185770015,2.1156462585034013,0.2727272727272727,2.037288989669942,0.26
L-LSPIN,lspin_tf,linear,0.021,0.0,4,7,167,0.2561448860570185,1.802217183169564,0.2233009708737864,1.4104308390022675,0.1666666666666666
L-LSPIN,lspin_tf,linear,0.021,0.0,5,6,167,0.3490504573149599,2.037288989669942,0.26,1.4104308390022675,0.1666666666666666
L-LSPIN,lspin_tf,linear,0.021,0.0,5,7,167,0.3452956980046023,2.429075333837239,0.3263157894736842,1.4104308390022675,0.1666666666666666
L-LSPIN,lspin_tf,linear,0.021,0.0,6,7,167,0.2921882619490045,2.2723607961703203,0.2989690721649484,1.488788107835727,0.1775700934579439
L-LSPIN,lspin_tf,linear,0.007,0.1,0,1,171,0.6629575131623044,2.3507180650037798,0.3125,2.8208616780045355,0.4
L-LSPIN,lspin_tf,linear,0.007,0.1,0,2,171,0.6397465894206439,2.5857898715041574,0.3548387096774194,2.742504409171076,0.3846153846153846
L-LSPIN,lspin_tf,linear,0.007,0.1,0,3,171,0.6096066830159034,2.1156462585034013,0.2727272727272727,2.6641471403376165,0.3695652173913043
L-LSPIN,lspin_tf,linear,0.007,0.1,0,4,171,0.6096832762482352,2.3507180650037798,0.3125,2.507432602670698,0.3404255319148936
L-LSPIN,lspin_tf,linear,0.007,0.1,0,5,171,0.6327255269224187,2.3507180650037798,0.3125,2.6641471403376165,0.3695652173913043
L-LSPIN,lspin_tf,linear,0.007,0.1,0,6,171,0.621247144968151,2.507432602670698,0.3404255319148936,2.2723607961703203,0.2989690721649484
L-LSPIN,lspin_tf,linear,0.007,0.1,0,7,171,0.6495304250796412,2.742504409171076,0.3846153846153846,2.507432602670698,0.3404255319148936
L-LSPIN,lspin_tf,linear,0.007,0.1,1,2,171,0.6978272277903006,2.742504409171076,0.3846153846153846,2.5857898715041574,0.3548387096774194
L-LSPIN,lspin_tf,linear,0.007,0.1,1,3,171,0.6765455555828156,2.6641471403376165,0.3695652173913043,2.6641471403376165,0.3695652173913043
L-LSPIN,lspin_tf,linear,0.007,0.1,1,4,171,0.6525074383212462,2.742504409171076,0.3846153846153846,2.429075333837239,0.3263157894736842
L-LSPIN,lspin_tf,linear,0.007,0.1,1,5,171,0.6956485367023356,2.8992189468379945,0.4157303370786517,2.742504409171076,0.3846153846153846
L-LSPIN,lspin_tf,linear,0.007,0.1,1,6,171,0.6671784740597528,2.742504409171076,0.3846153846153846,2.742504409171076,0.3846153846153846
L-LSPIN,lspin_tf,linear,0.007,0.1,1,7,171,0.6895332053714011,2.8208616780045355,0.4,2.8208616780045355,0.4
L-LSPIN,lspin_tf,linear,0.007,0.1,2,3,171,0.6829441642562112,2.742504409171076,0.3846153846153846,3.055933484504913,0.4482758620689655
L-LSPIN,lspin_tf,linear,0.007,0.1,2,4,171,0.6739526731837039,2.742504409171076,0.3846153846153846,2.429075333837239,0.3263157894736842
L-LSPIN,lspin_tf,linear,0.007,0.1,2,5,171,0.6881135417000365,2.6641471403376165,0.3695652173913043,2.977576215671454,0.4318181818181818
L-LSPIN,lspin_tf,linear,0.007,0.1,2,6,171,0.7454314991116652,3.1342907533383726,0.4651162790697674,2.8992189468379945,0.4157303370786517
L-LSPIN,lspin_tf,linear,0.007,0.1,2,7,171,0.7219634653646694,2.6641471403376165,0.3695652173913043,2.742504409171076,0.3846153846153846
L-LSPIN,lspin_tf,linear,0.007,0.1,3,4,171,0.612484668703165,2.6641471403376165,0.3695652173913043,2.3507180650037798,0.3125
L-LSPIN,lspin_tf,linear,0.007,0.1,3,5,171,0.6725266717986098,2.6641471403376165,0.3695652173913043,2.742504409171076,0.3846153846153846
L-LSPIN,lspin_tf,linear,0.007,0.1,3,6,171,0.7237988545511727,2.977576215671454,0.4318181818181818,3.055933484504913,0.4482758620689655
L-LSPIN,lspin_tf,linear,0.007,0.1,3,7,171,0.676439064089795,2.3507180650037798,0.3125,2.977576215671454,0.4318181818181818
L-LSPIN,lspin_tf,linear,0.007,0.1,4,5,171,0.6392842610544154,2.742504409171076,0.3846153846153846,2.429075333837239,0.3263157894736842
L-LSPIN,lspin_tf,linear,0.007,0.1,4,6,171,0.6399908502403724,2.5857898715041574,0.3548387096774194,2.3507180650037798,0.3125
L-LSPIN,lspin_tf,linear,0.007,0.1,4,7,171,0.6277479587993984,2.742504409171076,0.3846153846153846,2.2723607961703203,0.2989690721649484
L-LSPIN,lspin_tf,linear,0.007,0.1,5,6,171,0.6722843845286182,2.742504409171076,0.3846153846153846,2.8208616780045355,0.4
L-LSPIN,lspin_tf,linear,0.007,0.1,5,7,171,0.6702207428289982,2.977576215671454,0.4318181818181818,2.5857898715041574,0.3548387096774194
L-LSPIN,lspin_tf,linear,0.007,0.1,6,7,171,0.6659298586617552,2.507432602670698,0.3404255319148936,2.8992189468379945,0.4157303370786517
L-LSPIN,lspin_tf,linear,0.021,0.1,0,1,175,0.5231148492775965,2.2723607961703203,0.2989690721649484,2.2723607961703203,0.2989690721649484
L-LSPIN,lspin_tf,linear,0.021,0.1,0,2,175,0.3482068041187356,1.5671453766691863,0.1886792452830188,2.1940035273368608,0.2857142857142857
L-LSPIN,lspin_tf,linear,0.021,0.1,0,3,175,0.510165901170973,2.2723607961703203,0.2989690721649484,1.958931720836483,0.2475247524752475
L-LSPIN,lspin_tf,linear,0.021,0.1,0,4,175,0.3191535983239951,1.6455026455026456,0.2,1.880574452003024,0.2352941176470588
L-LSPIN,lspin_tf,linear,0.021,0.1,0,5,175,0.4239155592192282,2.037288989669942,0.26,2.1156462585034013,0.2727272727272727
L-LSPIN,lspin_tf,linear,0.021,0.1,0,6,175,0.3731795520233419,2.037288989669942,0.26,1.7238599143361049,0.2115384615384615
L-LSPIN,lspin_tf,linear,0.021,0.1,0,7,175,0.3315372091049626,1.7238599143361049,0.2115384615384615,1.880574452003024,0.2352941176470588
L-LSPIN,lspin_tf,linear,0.021,0.1,1,2,175,0.4299942146511261,1.7238599143361049,0.2115384615384615,2.1940035273368608,0.2857142857142857
L-LSPIN,lspin_tf,linear,0.021,0.1,1,3,175,0.4944523145966177,2.1156462585034013,0.2727272727272727,2.037288989669942,0.26
L-LSPIN,lspin_tf,linear,0.021,0.1,1,4,175,0.4017457126875856,2.1940035273368608,0.2857142857142857,2.037288989669942,0.26
L-LSPIN,lspin_tf,linear,0.021,0.1,1,5,175,0.4875417413553814,1.880574452003024,0.2352941176470588,2.1940035273368608,0.2857142857142857
L-LSPIN,lspin_tf,linear,0.021,0.1,1,6,175,0.3721213776913227,1.488788107835727,0.1775700934579439,1.6455026455026456,0.2
L-LSPIN,lspin_tf,linear,0.021,0.1,1,7,175,0.4156428413963043,1.802217183169564,0.2233009708737864,1.802217183169564,0.2233009708737864
L-LSPIN,lspin_tf,linear,0.021,0.1,2,3,175,0.3455952518410185,2.037288989669942,0.26,1.7238599143361049,0.2115384615384615
L-LSPIN,lspin_tf,linear,0.021,0.1,2,4,175,0.3686321512088721,1.880574452003024,0.2352941176470588,2.1156462585034013,0.2727272727272727
L-LSPIN,lspin_tf,linear,0.021,0.1,2,5,175,0.4277731093095667,1.7238599143361049,0.2115384615384615,2.037288989669942,0.26
L-LSPIN,lspin_tf,linear,0.021,0.1,2,6,175,0.1958700906852917,1.018644494834971,0.1150442477876106,1.488788107835727,0.1775700934579439
L-LSPIN,lspin_tf,linear,0.021,0.1,2,7,175,0.3803905117227756,1.880574452003024,0.2352941176470588,1.802217183169564,0.2233009708737864
L-LSPIN,lspin_tf,linear,0.021,0.1,3,4,175,0.4217677785051807,2.1940035273368608,0.2857142857142857,2.037288989669942,0.26
L-LSPIN,lspin_tf,linear,0.021,0.1,3,5,175,0.4337946114417583,2.1156462585034013,0.2727272727272727,1.880574452003024,0.2352941176470588
L-LSPIN,lspin_tf,linear,0.021,0.1,3,6,175,0.3863596503962464,2.037288989669942,0.26,2.1156462585034013,0.2727272727272727
L-LSPIN,lspin_tf,linear,0.021,0.1,3,7,175,0.3570742294862659,1.802217183169564,0.2233009708737864,1.802217183169564,0.2233009708737864
L-LSPIN,lspin_tf,linear,0.021,0.1,4,5,175,0.4156558266858958,2.1156462585034013,0.2727272727272727,2.037288989669942,0.26
L-LSPIN,lspin_tf,linear,0.021,0.1,4,6,175,0.2777407452570175,1.6455026455026456,0.2,1.880574452003024,0.2352941176470588
L-LSPIN,lspin_tf,linear,0.021,0.1,4,7,175,0.4568818967343805,2.1940035273368608,0.2857142857142857,1.958931720836483,0.2475247524752475
L-LSPIN,lspin_tf,linear,0.021,0.1,5,6,175,0.3706851025684289,2.037288989669942,0.26,1.802217183169564,0.2233009708737864
L-LSPIN,lspin_tf,linear,0.021,0.1,5,7,175,0.443328839140001,1.880574452003024,0.2352941176470588,1.7238599143361049,0.2115384615384615
L-LSPIN,lspin_tf,linear,0.021,0.1,6,7,175,0.3292220691059663,1.5671453766691863,0.1886792452830188,1.6455026455026456,0.2
L-LSPIN,lspin_tf,linear,0.007,0.2,0,1,179,0.6288196240402397,2.6641471403376165,0.3695652173913043,2.6641471403376165,0.3695652173913043
L-LSPIN,lspin_tf,linear,0.007,0.2,0,2,179,0.674564234510101,2.507432602670698,0.3404255319148936,2.507432602670698,0.3404255319148936
L-LSPIN,lspin_tf,linear,0.007,0.2,0,3,179,0.7088846394981284,2.742504409171076,0.3846153846153846,2.742504409171076,0.3846153846153846
L-LSPIN,lspin_tf,linear,0.007,0.2,0,4,179,0.7159113422070466,2.5857898715041574,0.3548387096774194,3.055933484504913,0.4482758620689655
L-LSPIN,lspin_tf,linear,0.007,0.2,0,5,179,0.699793393276057,2.8208616780045355,0.4,2.8992189468379945,0.4157303370786517
L-LSPIN,lspin_tf,linear,0.007,0.2,0,6,179,0.6979966261903386,3.1342907533383726,0.4651162790697674,2.8992189468379945,0.4157303370786517
L-LSPIN,lspin_tf,linear,0.007,0.2,0,7,179,0.638345326834828,2.507432602670698,0.3404255319148936,2.3507180650037798,0.3125
L-LSPIN,lspin_tf,linear,0.007,0.2,1,2,179,0.6479064148433106,2.5857898715041574,0.3548387096774194,2.429075333837239,0.3263157894736842
L-LSPIN,lspin_tf,linear,0.007,0.2,1,3,179,0.6286613040268979,2.6641471403376165,0.3695652173913043,2.5857898715041574,0.3548387096774194
L-LSPIN,lspin_tf,linear,0.007,0.2,1,4,179,0.6583395093124824,2.3507180650037798,0.3125,2.8992189468379945,0.4157303370786517
L-LSPIN,lspin_tf,linear,0.007,0.2,1,5,179,0.5689092667840202,2.8208616780045355,0.4,2.3507180650037798,0.3125
L-LSPIN,lspin_tf,linear,0.007,0.2,1,6,179,0.6478103387315356,2.742504409171076,0.3846153846153846,2.3507180650037798,0.3125
L-LSPIN,lspin_tf,linear,0.007,0.2,1,7,179,0.6287059328923489,2.429075333837239,0.3263157894736842,2.429075333837239,0.3263157894736842
L-LSPIN,lspin_tf,linear,0.007,0.2,2,3,179,0.6914058468503254,2.8208616780045355,0.4,2.8208616780045355,0.4
L-LSPIN,lspin_tf,linear,0.007,0.2,2,4,179,0.6332999969786902,2.3507180650037798,0.3125,2.977576215671454,0.4318181818181818
L-LSPIN,lspin_tf,linear,0.007,0.2,2,5,179,0.6949222467269934,2.977576215671454,0.4318181818181818,2.8992189468379945,0.4157303370786517
L-LSPIN,lspin_tf,linear,0.007,0.2,2,6,179,0.6476178241111873,2.5857898715041574,0.3548387096774194,2.429075333837239,0.3263157894736842
L-LSPIN,lspin_tf,linear,0.007,0.2,2,7,179,0.6727877597372136,2.429075333837239,0.3263157894736842,2.429075333837239,0.3263157894736842
L-LSPIN,lspin_tf,linear,0.007,0.2,3,4,179,0.7066568683753686,2.429075333837239,0.3263157894736842,2.8208616780045355,0.4
L-LSPIN,lspin_tf,linear,0.007,0.2,3,5,179,0.682543125757574,2.742504409171076,0.3846153846153846,2.6641471403376165,0.3695652173913043
L-LSPIN,lspin_tf,linear,0.007,0.2,3,6,179,0.6624003843341277,2.8208616780045355,0.4,2.8992189468379945,0.4157303370786517
L-LSPIN,lspin_tf,linear,0.007,0.2,3,7,179,0.6733435643831237,2.3507180650037798,0.3125,2.5857898715041574,0.3548387096774194
L-LSPIN,lspin_tf,linear,0.007,0.2,4,5,179,0.6459554660976792,2.429075333837239,0.3263157894736842,2.507432602670698,0.3404255319148936
L-LSPIN,lspin_tf,linear,0.007,0.2,4,6,179,0.6554242837378571,2.742504409171076,0.3846153846153846,2.742504409171076,0.3846153846153846
L-LSPIN,lspin_tf,linear,0.007,0.2,4,7,179,0.6183464979422446,2.6641471403376165,0.3695652173913043,2.2723607961703203,0.2989690721649484
L-LSPIN,lspin_tf,linear,0.007,0.2,5,6,179,0.6507405391841589,2.429075333837239,0.3263157894736842,2.5857898715041574,0.3548387096774194
L-LSPIN,lspin_tf,linear,0.007,0.2,5,7,179,0.6436730509843814,2.5857898715041574,0.3548387096774194,2.742504409171076,0.3846153846153846
L-LSPIN,lspin_tf,linear,0.007,0.2,6,7,179,0.6151049787988787,2.507432602670698,0.3404255319148936,2.429075333837239,0.3263157894736842
L-LSPIN,lspin_tf,linear,0.021,0.2,0,1,183,0.3903852767342174,1.958931720836483,0.2475247524752475,2.037288989669942,0.26
L-LSPIN,lspin_tf,linear,0.021,0.2,0,2,183,0.3916611759962787,2.1156462585034013,0.2727272727272727,2.037288989669942,0.26
L-LSPIN,lspin_tf,linear,0.021,0.2,0,3,183,0.4088257449831322,2.1940035273368608,0.2857142857142857,1.802217183169564,0.2233009708737864
L-LSPIN,lspin_tf,linear,0.021,0.2,0,4,183,0.3775181782123386,2.1940035273368608,0.2857142857142857,1.488788107835727,0.1775700934579439
L-LSPIN,lspin_tf,linear,0.021,0.2,0,5,183,0.3265455629288527,1.880574452003024,0.2352941176470588,1.802217183169564,0.2233009708737864
L-LSPIN,lspin_tf,linear,0.021,0.2,0,6,183,0.4248331161475413,2.429075333837239,0.3263157894736842,1.958931720836483,0.2475247524752475
L-LSPIN,lspin_tf,linear,0.021,0.2,0,7,183,0.2878491779938961,1.802217183169564,0.2233009708737864,1.4104308390022675,0.1666666666666666
L-LSPIN,lspin_tf,linear,0.021,0.2,1,2,183,0.4307398047986737,2.037288989669942,0.26,2.3507180650037798,0.3125
L-LSPIN,lspin_tf,linear,0.021,0.2,1,3,183,0.354805096677994,2.037288989669942,0.26,1.802217183169564,0.2233009708737864
L-LSPIN,lspin_tf,linear,0.021,0.2,1,4,183,0.3387468932942137,1.802217183169564,0.2233009708737864,2.1156462585034013,0.2727272727272727
L-LSPIN,lspin_tf,linear,0.021,0.2,1,5,183,0.3004094724039445,1.7238599143361049,0.2115384615384615,1.7238599143361049,0.2115384615384615
L-LSPIN,lspin_tf,linear,0.021,0.2,1,6,183,0.4441970485229362,2.1940035273368608,0.2857142857142857,2.2723607961703203,0.2989690721649484
L-LSPIN,lspin_tf,linear,0.021,0.2,1,7,183,0.4808178355008097,2.1156462585034013,0.2727272727272727,2.1156462585034013,0.2727272727272727
L-LSPIN,lspin_tf,linear,0.021,0.2,2,3,183,0.3808070120118833,1.7238599143361049,0.2115384615384615,1.6455026455026456,0.2
L-LSPIN,lspin_tf,linear,0.021,0.2,2,4,183,0.4326308893618297,2.1156462585034013,0.2727272727272727,1.958931720836483,0.2475247524752475
L-LSPIN,lspin_tf,linear,0.021,0.2,2,5,183,0.4492552303881796,2.2723607961703203,0.2989690721649484,1.802217183169564,0.2233009708737864
L-LSPIN,lspin_tf,linear,0.021,0.2,2,6,183,0.4160991986821356,1.802217183169564,0.2233009708737864,2.2723607961703203,0.2989690721649484
L-LSPIN,lspin_tf,linear,0.021,0.2,2,7,183,0.4758867572799895,1.802217183169564,0.2233009708737864,2.5857898715041574,0.3548387096774194
L-LSPIN,lspin_tf,linear,0.021,0.2,3,4,183,0.3437345378718499,2.037288989669942,0.26,1.488788107835727,0.1775700934579439
L-LSPIN,lspin_tf,linear,0.021,0.2,3,5,183,0.2966398459381408,1.488788107835727,0.1775700934579439,1.488788107835727,0.1775700934579439
L-LSPIN,lspin_tf,linear,0.021,0.2,3,6,183,0.4045095164253326,1.958931720836483,0.2475247524752475,1.6455026455026456,0.2
L-LSPIN,lspin_tf,linear,0.021,0.2,3,7,183,0.3956102346333165,2.1156462585034013,0.2727272727272727,1.880574452003024,0.2352941176470588
L-LSPIN,lspin_tf,linear,0.021,0.2,4,5,183,0.3832419814004464,1.4104308390022675,0.1666666666666666,1.958931720836483,0.2475247524752475
L-LSPIN,lspin_tf,linear,0.021,0.2,4,6,183,0.4777372289941879,2.1156462585034013,0.2727272727272727,1.958931720836483,0.2475247524752475
L-LSPIN,lspin_tf,linear,0.021,0.2,4,7,183,0.346425132645643,1.6455026455026456,0.2,2.1156462585034013,0.2727272727272727
L-LSPIN,lspin_tf,linear,0.021,0.2,5,6,183,0.4557104634350902,1.880574452003024,0.2352941176470588,2.1940035273368608,0.2857142857142857
L-LSPIN,lspin_tf,linear,0.021,0.2,5,7,183,0.4022380175624524,1.880574452003024,0.2352941176470588,2.037288989669942,0.26
L-LSPIN,lspin_tf,linear,0.021,0.2,6,7,183,0.4864294850624617,2.1940035273368608,0.2857142857142857,2.1156462585034013,0.2727272727272727
L-LSPIN,lspin_tf,linear,0.007,0.4,0,1,187,0.6789109823017468,2.3507180650037798,0.3125,2.3507180650037798,0.3125
L-LSPIN,lspin_tf,linear,0.007,0.4,0,2,187,0.6705518725911006,2.8208616780045355,0.4,2.5857898715041574,0.3548387096774194
L-LSPIN,lspin_tf,linear,0.007,0.4,0,3,187,0.6419618987822867,2.2723607961703203,0.2989690721649484,2.507432602670698,0.3404255319148936
L-LSPIN,lspin_tf,linear,0.007,0.4,0,4,187,0.7215172594582208,3.055933484504913,0.4482758620689655,2.5857898715041574,0.3548387096774194
L-LSPIN,lspin_tf,linear,0.007,0.4,0,5,187,0.6815761295960658,2.742504409171076,0.3846153846153846,2.507432602670698,0.3404255319148936
L-LSPIN,lspin_tf,linear,0.007,0.4,0,6,187,0.7015769809292574,3.055933484504913,0.4482758620689655,2.6641471403376165,0.3695652173913043
L-LSPIN,lspin_tf,linear,0.007,0.4,0,7,187,0.72916125412387,2.6641471403376165,0.3695652173913043,2.6641471403376165,0.3695652173913043
L-LSPIN,lspin_tf,linear,0.007,0.4,1,2,187,0.6324465567969256,2.5857898715041574,0.3548387096774194,2.8208616780045355,0.4
L-LSPIN,lspin_tf,linear,0.007,0.4,1,3,187,0.6868546175687794,2.6641471403376165,0.3695652173913043,2.507432602670698,0.3404255319148936
L-LSPIN,lspin_tf,linear,0.007,0.4,1,4,187,0.7454267288554135,2.8208616780045355,0.4,2.8992189468379945,0.4157303370786517
L-LSPIN,lspin_tf,linear,0.007,0.4,1,5,187,0.6986670674732014,2.6641471403376165,0.3695652173913043,2.977576215671454,0.4318181818181818
L-LSPIN,lspin_tf,linear,0.007,0.4,1,6,187,0.6861838260162176,2.5857898715041574,0.3548387096774194,2.6641471403376165,0.3695652173913043
L-LSPIN,lspin_tf,linear,0.007,0.4,1,7,187,0.7522607574576611,2.5857898715041574,0.3548387096774194,2.8992189468379945,0.4157303370786517
L-LSPIN,lspin_tf,linear,0.007,0.4,2,3,187,0.6641094649656026,2.742504409171076,0.3846153846153846,2.6641471403376165,0.3695652173913043
L-LSPIN,lspin_tf,linear,0.007,0.4,2,4,187,0.6815511877899213,3.055933484504913,0.4482758620689655,2.742504409171076,0.3846153846153846
L-LSPIN,lspin_tf,linear,0.007,0.4,2,5,187,0.6969376285113388,2.742504409171076,0.3846153846153846,2.8992189468379945,0.4157303370786517
L-LSPIN,lspin_tf,linear,0.007,0.4,2,6,187,0.6622675540136919,2.8208616780045355,0.4,2.429075333837239,0.3263157894736842
L-LSPIN,lspin_tf,linear,0.007,0.4,2,7,187,0.6879826856046629,2.2723607961703203,0.2989690721649484,2.6641471403376165,0.3695652173913043
L-LSPIN,lspin_tf,linear,0.007,0.4,3,4,187,0.6739962830285937,2.8208616780045355,0.4,2.2723607961703203,0.2989690721649484
L-LSPIN,lspin_tf,linear,0.007,0.4,3,5,187,0.6490754887450395,2.3507180650037798,0.3125,2.507432602670698,0.3404255319148936
L-LSPIN,lspin_tf,linear,0.007,0.4,3,6,187,0.6801782546522654,2.742504409171076,0.3846153846153846,2.5857898715041574,0.3548387096774194
L-LSPIN,lspin_tf,linear,0.007,0.4,3,7,187,0.6979798001703353,2.5857898715041574,0.3548387096774194,2.8992189468379945,0.4157303370786517
L-LSPIN,lspin_tf,linear,0.007,0.4,4,5,187,0.7155258496626854,2.8208616780045355,0.4,2.8992189468379945,0.4157303370786517
L-LSPIN,lspin_tf,linear,0.007,0.4,4,6,187,0.6993541963558148,3.1342907533383726,0.4651162790697674,2.8208616780045355,0.4
L-LSPIN,lspin_tf,linear,0.007,0.4,4,7,187,0.7281595895846161,2.5857898715041574,0.3548387096774194,2.5857898715041574,0.3548387096774194
L-LSPIN,lspin_tf,linear,0.007,0.4,5,6,187,0.7220101555393589,2.977576215671454,0.4318181818181818,2.5857898715041574,0.3548387096774194
L-LSPIN,lspin_tf,linear,0.007,0.4,5,7,187,0.7258077216319996,2.507432602670698,0.3404255319148936,2.8208616780045355,0.4
L-LSPIN,lspin_tf,linear,0.007,0.4,6,7,187,0.7121979552484548,2.977576215671454,0.4318181818181818,2.6641471403376165,0.3695652173913043
L-LSPIN,lspin_tf,linear,0.021,0.4,0,1,191,0.3940375537707339,2.1156462585034013,0.2727272727272727,1.802217183169564,0.2233009708737864
L-LSPIN,lspin_tf,linear,0.021,0.4,0,2,191,0.4963807830135248,1.958931720836483,0.2475247524752475,2.3507180650037798,0.3125
L-LSPIN,lspin_tf,linear,0.021,0.4,0,3,191,0.5640684865737964,2.3507180650037798,0.3125,2.507432602670698,0.3404255319148936
L-LSPIN,lspin_tf,linear,0.021,0.4,0,4,191,0.3719776205438509,2.2723607961703203,0.2989690721649484,2.037288989669942,0.26
L-LSPIN,lspin_tf,linear,0.021,0.4,0,5,191,0.4018012070673379,2.429075333837239,0.3263157894736842,2.037288989669942,0.26
L-LSPIN,lspin_tf,linear,0.021,0.4,0,6,191,0.5055396245652531,2.742504409171076,0.3846153846153846,2.1940035273368608,0.2857142857142857
L-LSPIN,lspin_tf,linear,0.021,0.4,0,7,191,0.4108407157157179,2.507432602670698,0.3404255319148936,1.5671453766691863,0.1886792452830188
L-LSPIN,lspin_tf,linear,0.021,0.4,1,2,191,0.3589992950212149,1.802217183169564,0.2233009708737864,1.880574452003024,0.2352941176470588
L-LSPIN,lspin_tf,linear,0.021,0.4,1,3,191,0.428414426481068,2.1156462585034013,0.2727272727272727,1.958931720836483,0.2475247524752475
L-LSPIN,lspin_tf,linear,0.021,0.4,1,4,191,0.4100194289794114,1.880574452003024,0.2352941176470588,2.1156462585034013,0.2727272727272727
L-LSPIN,lspin_tf,linear,0.021,0.4,1,5,191,0.3369268609521551,1.880574452003024,0.2352941176470588,1.6455026455026456,0.2
L-LSPIN,lspin_tf,linear,0.021,0.4,1,6,191,0.4048083905381137,2.2723607961703203,0.2989690721649484,2.037288989669942,0.26
L-LSPIN,lspin_tf,linear,0.021,0.4,1,7,191,0.3957374604841874,2.037288989669942,0.26,1.802217183169564,0.2233009708737864
L-LSPIN,lspin_tf,linear,0.021,0.4,2,3,191,0.5045052217427177,2.1156462585034013,0.2727272727272727,2.037288989669942,0.26
L-LSPIN,lspin_tf,linear,0.021,0.4,2,4,191,0.4732648151765394,1.802217183169564,0.2233009708737864,2.037288989669942,0.26
L-LSPIN,lspin_tf,linear,0.021,0.4,2,5,191,0.383289924295358,2.2723607961703203,0.2989690721649484,1.958931720836483,0.2475247524752475
L-LSPIN,lspin_tf,linear,0.021,0.4,2,6,191,0.4391274648427132,1.6455026455026456,0.2,2.429075333837239,0.3263157894736842
L-LSPIN,lspin_tf,linear,0.021,0.4,2,7,191,0.5411403532263299,1.958931720836483,0.2475247524752475,2.037288989669942,0.26
L-LSPIN,lspin_tf,linear,0.021,0.4,3,4,191,0.3770401616036919,2.037288989669942,0.26,2.037288989669942,0.26
L-LSPIN,lspin_tf,linear,0.021,0.4,3,5,191,0.4623677416740883,2.5857898715041574,0.3548387096774194,1.802217183169564,0.2233009708737864
L-LSPIN,lspin_tf,linear,0.021,0.4,3,6,191,0.4539500766801454,2.1940035273368608,0.2857142857142857,1.802217183169564,0.2233009708737864
L-LSPIN,lspin_tf,linear,0.021,0.4,3,7,191,0.411551996732119,1.802217183169564,0.2233009708737864,1.958931720836483,0.2475247524752475
L-LSPIN,lspin_tf,linear,0.021,0.4,4,5,191,0.3867922148306927,2.1156462585034013,0.2727272727272727,1.7238599143361049,0.2115384615384615
L-LSPIN,lspin_tf,linear,0.021,0.4,4,6,191,0.4305477832846214,2.1156462585034013,0.2727272727272727,2.2723607961703203,0.2989690721649484
L-LSPIN,lspin_tf,linear,0.021,0.4,4,7,191,0.418034234212372,1.958931720836483,0.2475247524752475,2.037288989669942,0.26
L-LSPIN,lspin_tf,linear,0.021,0.4,5,6,191,0.3826567871228698,2.429075333837239,0.3263157894736842,1.880574452003024,0.2352941176470588
L-LSPIN,lspin_tf,linear,0.021,0.4,5,7,191,0.3912432559657005,2.429075333837239,0.3263157894736842,1.5671453766691863,0.1886792452830188
L-LSPIN,lspin_tf,linear,0.021,0.4,6,7,191,0.4484985926852899,2.1940035273368608,0.2857142857142857,1.880574452003024,0.2352941176470588
L-Concrete,concrete,linear,0.0022,0.0,0,1,195,0.7668614402634961,3.291005291005291,0.5,2.8208616780045355,0.4
L-Concrete,concrete,linear,0.0022,0.0,0,2,195,0.8087193799190416,3.291005291005291,0.5,2.977576215671454,0.4318181818181818
L-Concrete,concrete,linear,0.0022,0.0,0,3,195,0.7601602702428963,3.055933484504913,0.4482758620689655,2.742504409171076,0.3846153846153846
L-Concrete,concrete,linear,0.0022,0.0,0,4,195,0.7781231348890013,3.291005291005291,0.5,2.6641471403376165,0.3695652173913043
L-Concrete,concrete,linear,0.0022,0.0,0,5,195,0.7856688530111879,3.3693625598387507,0.5180722891566265,2.8992189468379945,0.4157303370786517
L-Concrete,concrete,linear,0.0022,0.0,0,6,195,0.7559892367070619,3.3693625598387507,0.5180722891566265,3.055933484504913,0.4482758620689655
L-Concrete,concrete,linear,0.0022,0.0,0,7,195,0.7668471356539585,3.291005291005291,0.5,2.3507180650037798,0.3125
L-Concrete,concrete,linear,0.0022,0.0,1,2,195,0.8368105477226501,3.8395061728395055,0.6363636363636364,2.742504409171076,0.3846153846153846
L-Concrete,concrete,linear,0.0022,0.0,1,3,195,0.8020510127986419,3.212648022171832,0.4823529411764706,3.055933484504913,0.4482758620689655
L-Concrete,concrete,linear,0.0022,0.0,1,4,195,0.7954328908665587,3.291005291005291,0.5,2.742504409171076,0.3846153846153846
L-Concrete,concrete,linear,0.0022,0.0,1,5,195,0.813920209165112,3.212648022171832,0.4823529411764706,3.055933484504913,0.4482758620689655
L-Concrete,concrete,linear,0.0022,0.0,1,6,195,0.7962125899950302,3.3693625598387507,0.5180722891566265,2.742504409171076,0.3846153846153846
L-Concrete,concrete,linear,0.0022,0.0,1,7,195,0.822697843450175,3.4477198286722097,0.5365853658536586,2.8208616780045355,0.4
L-Concrete,concrete,linear,0.0022,0.0,2,3,195,0.797036812657366,3.291005291005291,0.5,3.1342907533383726,0.4651162790697674
L-Concrete,concrete,linear,0.0022,0.0,2,4,195,0.7703896620413797,3.4477198286722097,0.5365853658536586,2.742504409171076,0.3846153846153846
L-Concrete,concrete,linear,0.0022,0.0,2,5,195,0.7816877781658619,3.291005291005291,0.5,2.742504409171076,0.3846153846153846
L-Concrete,concrete,linear,0.0022,0.0,2,6,195,0.7683331764537745,3.1342907533383726,0.4651162790697674,3.055933484504913,0.4482758620689655
L-Concrete,concrete,linear,0.0022,0.0,2,7,195,0.8225517109089899,3.4477198286722097,0.5365853658536586,2.8208616780045355,0.4
L-Concrete,concrete,linear,0.0022,0.0,3,4,195,0.7587031540164464,2.977576215671454,0.4318181818181818,3.055933484504913,0.4482758620689655
L-Concrete,concrete,linear,0.0022,0.0,3,5,195,0.7721056973908916,2.8992189468379945,0.4157303370786517,3.055933484504913,0.4482758620689655
L-Concrete,concrete,linear,0.0022,0.0,3,6,195,0.8110075234234899,3.1342907533383726,0.4651162790697674,2.8992189468379945,0.4157303370786517
L-Concrete,concrete,linear,0.0022,0.0,3,7,195,0.8013689851969632,3.291005291005291,0.5,2.977576215671454,0.4318181818181818
L-Concrete,concrete,linear,0.0022,0.0,4,5,195,0.7847591086329049,3.682791635172588,0.5949367088607594,2.429075333837239,0.3263157894736842
L-Concrete,concrete,linear,0.0022,0.0,4,6,195,0.7857191148342383,3.4477198286722097,0.5365853658536586,2.977576215671454,0.4318181818181818
L-Concrete,concrete,linear,0.0022,0.0,4,7,195,0.7911102211601108,3.291005291005291,0.5,2.8208616780045355,0.4
L-Concrete,concrete,linear,0.0022,0.0,5,6,195,0.7884339429867306,3.1342907533383726,0.4651162790697674,2.6641471403376165,0.3695652173913043
L-Concrete,concrete,linear,0.0022,0.0,5,7,195,0.779956327650637,2.977576215671454,0.4318181818181818,2.507432602670698,0.3404255319148936
L-Concrete,concrete,linear,0.0022,0.0,6,7,195,0.7823730827031647,3.3693625598387507,0.5180722891566265,2.5857898715041574,0.3548387096774194
L-Concrete,concrete,linear,0.0055,0.0,0,1,199,0.713764630006289,2.8208616780045355,0.4,2.037288989669942,0.26
L-Concrete,concrete,linear,0.0055,0.0,0,2,199,0.7156769684673007,3.055933484504913,0.4482758620689655,2.429075333837239,0.3263157894736842
L-Concrete,concrete,linear,0.0055,0.0,0,3,199,0.7437409528243227,3.4477198286722097,0.5365853658536586,2.8208616780045355,0.4
L-Concrete,concrete,linear,0.0055,0.0,0,4,199,0.7559130317268148,3.3693625598387507,0.5180722891566265,2.8208616780045355,0.4
L-Concrete,concrete,linear,0.0055,0.0,0,5,199,0.7432135216075556,3.1342907533383726,0.4651162790697674,2.977576215671454,0.4318181818181818
L-Concrete,concrete,linear,0.0055,0.0,0,6,199,0.7686218760533507,3.3693625598387507,0.5180722891566265,2.6641471403376165,0.3695652173913043
L-Concrete,concrete,linear,0.0055,0.0,0,7,199,0.7555833758629927,3.212648022171832,0.4823529411764706,2.5857898715041574,0.3548387096774194
L-Concrete,concrete,linear,0.0055,0.0,1,2,199,0.7499479962086499,3.291005291005291,0.5,2.3507180650037798,0.3125
L-Concrete,concrete,linear,0.0055,0.0,1,3,199,0.7343966816789569,2.8992189468379945,0.4157303370786517,1.802217183169564,0.2233009708737864
L-Concrete,concrete,linear,0.0055,0.0,1,4,199,0.6440407539029426,2.742504409171076,0.3846153846153846,2.1940035273368608,0.2857142857142857
L-Concrete,concrete,linear,0.0055,0.0,1,5,199,0.7720070408249097,3.055933484504913,0.4482758620689655,2.507432602670698,0.3404255319148936
L-Concrete,concrete,linear,0.0055,0.0,1,6,199,0.7262526483842554,3.055933484504913,0.4482758620689655,1.958931720836483,0.2475247524752475
L-Concrete,concrete,linear,0.0055,0.0,1,7,199,0.7516195505539472,3.055933484504913,0.4482758620689655,2.3507180650037798,0.3125
L-Concrete,concrete,linear,0.0055,0.0,2,3,199,0.7660544143373547,3.212648022171832,0.4823529411764706,2.2723607961703203,0.2989690721649484
L-Concrete,concrete,linear,0.0055,0.0,2,4,199,0.7159369864843802,3.212648022171832,0.4823529411764706,2.6641471403376165,0.3695652173913043
L-Concrete,concrete,linear,0.0055,0.0,2,5,199,0.7479795119934637,3.291005291005291,0.5,2.977576215671454,0.4318181818181818
L-Concrete,concrete,linear,0.0055,0.0,2,6,199,0.7722755318975403,3.682791635172588,0.5949367088607594,2.2723607961703203,0.2989690721649484
L-Concrete,concrete,linear,0.0055,0.0,2,7,199,0.7288947727904783,3.3693625598387507,0.5180722891566265,2.8208616780045355,0.4
L-Concrete,concrete,linear,0.0055,0.0,3,4,199,0.7473544116419183,3.291005291005291,0.5,2.3507180650037798,0.3125
L-Concrete,concrete,linear,0.0055,0.0,3,5,199,0.7548785013102527,3.604434366339128,0.575,2.8208616780045355,0.4
L-Concrete,concrete,linear,0.0055,0.0,3,6,199,0.77513894175345,3.291005291005291,0.5,2.507432602670698,0.3404255319148936
L-Concrete,concrete,linear,0.0055,0.0,3,7,199,0.7745244814588629,3.3693625598387507,0.5180722891566265,2.5857898715041574,0.3548387096774194
L-Concrete,concrete,linear,0.0055,0.0,4,5,199,0.7298933023706895,3.055933484504913,0.4482758620689655,2.429075333837239,0.3263157894736842
L-Concrete,concrete,linear,0.0055,0.0,4,6,199,0.7363343041606837,3.212648022171832,0.4823529411764706,2.507432602670698,0.3404255319148936
L-Concrete,concrete,linear,0.0055,0.0,4,7,199,0.7412012058127136,3.1342907533383726,0.4651162790697674,2.742504409171076,0.3846153846153846
L-Concrete,concrete,linear,0.0055,0.0,5,6,199,0.7539413657239368,3.212648022171832,0.4823529411764706,2.8208616780045355,0.4
L-Concrete,concrete,linear,0.0055,0.0,5,7,199,0.7754375639695226,3.055933484504913,0.4482758620689655,2.742504409171076,0.3846153846153846
L-Concrete,concrete,linear,0.0055,0.0,6,7,199,0.7588460643451038,3.3693625598387507,0.5180722891566265,2.507432602670698,0.3404255319148936
L-Concrete,concrete,linear,0.0022,0.1,0,1,203,0.8338055906613963,3.055933484504913,0.4482758620689655,3.1342907533383726,0.4651162790697674
L-Concrete,concrete,linear,0.0022,0.1,0,2,203,0.8230688910654472,3.3693625598387507,0.5180722891566265,3.3693625598387507,0.5180722891566265
L-Concrete,concrete,linear,0.0022,0.1,0,3,203,0.8177262956382509,3.212648022171832,0.4823529411764706,3.212648022171832,0.4823529411764706
L-Concrete,concrete,linear,0.0022,0.1,0,4,203,0.8246065803961092,2.977576215671454,0.4318181818181818,3.212648022171832,0.4823529411764706
L-Concrete,concrete,linear,0.0022,0.1,0,5,203,0.8521388532803421,3.682791635172588,0.5949367088607594,3.212648022171832,0.4823529411764706
L-Concrete,concrete,linear,0.0022,0.1,0,6,203,0.8147084944286379,3.291005291005291,0.5,2.977576215671454,0.4318181818181818
L-Concrete,concrete,linear,0.0022,0.1,0,7,203,0.8355485624259742,3.526077097505669,0.5555555555555556,3.212648022171832,0.4823529411764706
L-Concrete,concrete,linear,0.0022,0.1,1,2,203,0.8034055955186336,3.3693625598387507,0.5180722891566265,3.3693625598387507,0.5180722891566265
L-Concrete,concrete,linear,0.0022,0.1,1,3,203,0.8085910730987821,3.1342907533383726,0.4651162790697674,3.055933484504913,0.4482758620689655
L-Concrete,concrete,linear,0.0022,0.1,1,4,203,0.8095947733175285,3.291005291005291,0.5,3.3693625598387507,0.5180722891566265
L-Concrete,concrete,linear,0.0022,0.1,1,5,203,0.820113070759552,3.212648022171832,0.4823529411764706,3.1342907533383726,0.4651162790697674
L-Concrete,concrete,linear,0.0022,0.1,1,6,203,0.8173274217861866,3.1342907533383726,0.4651162790697674,3.4477198286722097,0.5365853658536586
L-Concrete,concrete,linear,0.0022,0.1,1,7,203,0.8218852026781674,3.212648022171832,0.4823529411764706,3.291005291005291,0.5
L-Concrete,concrete,linear,0.0022,0.1,2,3,203,0.8275110629808162,3.055933484504913,0.4482758620689655,3.3693625598387507,0.5180722891566265
L-Concrete,concrete,linear,0.0022,0.1,2,4,203,0.8363453541416713,3.291005291005291,0.5,3.526077097505669,0.5555555555555556
L-Concrete,concrete,linear,0.0022,0.1,2,5,203,0.8506714238193087,3.3693625598387507,0.5180722891566265,3.4477198286722097,0.5365853658536586
L-Concrete,concrete,linear,0.0022,0.1,2,6,203,0.789058082915327,3.212648022171832,0.4823529411764706,3.055933484504913,0.4482758620689655
L-Concrete,concrete,linear,0.0022,0.1,2,7,203,0.8572036798384858,3.917863441672966,0.6578947368421053,3.604434366339128,0.575
L-Concrete,concrete,linear,0.0022,0.1,3,4,203,0.8391676824425134,3.212648022171832,0.4823529411764706,3.212648022171832,0.4823529411764706
L-Concrete,concrete,linear,0.0022,0.1,3,5,203,0.8287709778494993,2.977576215671454,0.4318181818181818,3.3693625598387507,0.5180722891566265
L-Concrete,concrete,linear,0.0022,0.1,3,6,203,0.7978384457649602,2.977576215671454,0.4318181818181818,3.1342907533383726,0.4651162790697674
L-Concrete,concrete,linear,0.0022,0.1,3,7,203,0.8256532816288167,3.055933484504913,0.4482758620689655,3.4477198286722097,0.5365853658536586
L-Concrete,concrete,linear,0.0022,0.1,4,5,203,0.8409462737994882,3.1342907533383726,0.4651162790697674,3.1342907533383726,0.4651162790697674
L-Concrete,concrete,linear,0.0022,0.1,4,6,203,0.8080045015473473,3.291005291005291,0.5,3.055933484504913,0.4482758620689655
L-Concrete,concrete,linear,0.0022,0.1,4,7,203,0.8482253209905911,3.4477198286722097,0.5365853658536586,3.526077097505669,0.5555555555555556
L-Concrete,concrete,linear,0.0022,0.1,5,6,203,0.836852194678914,3.212648022171832,0.4823529411764706,3.4477198286722097,0.5365853658536586
L-Concrete,concrete,linear,0.0022,0.1,5,7,203,0.8478841516931088,3.604434366339128,0.575,3.291005291005291,0.5
L-Concrete,concrete,linear,0.0022,0.1,6,7,203,0.8224650723593733,3.291005291005291,0.5,3.1342907533383726,0.4651162790697674
L-Concrete,concrete,linear,0.0055,0.1,0,1,207,0.7074850502224767,2.8208616780045355,0.4,2.6641471403376165,0.3695652173913043
L-Concrete,concrete,linear,0.0055,0.1,0,2,207,0.6165882350254484,2.6641471403376165,0.3695652173913043,2.507432602670698,0.3404255319148936
L-Concrete,concrete,linear,0.0055,0.1,0,3,207,0.7123760395022475,2.8208616780045355,0.4,2.742504409171076,0.3846153846153846
L-Concrete,concrete,linear,0.0055,0.1,0,4,207,0.6719714695072792,2.8208616780045355,0.4,2.6641471403376165,0.3695652173913043
L-Concrete,concrete,linear,0.0055,0.1,0,5,207,0.7130829485633053,3.212648022171832,0.4823529411764706,2.6641471403376165,0.3695652173913043
L-Concrete,concrete,linear,0.0055,0.1,0,6,207,0.7097747814489611,2.742504409171076,0.3846153846153846,2.8992189468379945,0.4157303370786517
L-Concrete,concrete,linear,0.0055,0.1,0,7,207,0.6726623312379802,2.5857898715041574,0.3548387096774194,2.742504409171076,0.3846153846153846
L-Concrete,concrete,linear,0.0055,0.1,1,2,207,0.6390888568616157,3.055933484504913,0.4482758620689655,2.507432602670698,0.3404255319148936
L-Concrete,concrete,linear,0.0055,0.1,1,3,207,0.719400617711637,3.3693625598387507,0.5180722891566265,3.1342907533383726,0.4651162790697674
L-Concrete,concrete,linear,0.0055,0.1,1,4,207,0.680604769397477,2.8208616780045355,0.4,2.507432602670698,0.3404255319148936
L-Concrete,concrete,linear,0.0055,0.1,1,5,207,0.7116773880881005,2.8992189468379945,0.4157303370786517,2.5857898715041574,0.3548387096774194
L-Concrete,concrete,linear,0.0055,0.1,1,6,207,0.690747415528661,2.6641471403376165,0.3695652173913043,2.742504409171076,0.3846153846153846
L-Concrete,concrete,linear,0.0055,0.1,1,7,207,0.7086165717879035,2.8992189468379945,0.4157303370786517,2.977576215671454,0.4318181818181818
L-Concrete,concrete,linear,0.0055,0.1,2,3,207,0.6533691758398537,2.5857898715041574,0.3548387096774194,2.507432602670698,0.3404255319148936
L-Concrete,concrete,linear,0.0055,0.1,2,4,207,0.6489823307422631,2.8992189468379945,0.4157303370786517,2.5857898715041574,0.3548387096774194
L-Concrete,concrete,linear,0.0055,0.1,2,5,207,0.6728541741271962,2.5857898715041574,0.3548387096774194,2.3507180650037798,0.3125
L-Concrete,concrete,linear,0.0055,0.1,2,6,207,0.6690323297431414,2.8208616780045355,0.4,2.742504409171076,0.3846153846153846
L-Concrete,concrete,linear,0.0055,0.1,2,7,207,0.734360172599323,3.055933484504913,0.4482758620689655,3.212648022171832,0.4823529411764706
L-Concrete,concrete,linear,0.0055,0.1,3,4,207,0.6736502372781248,2.507432602670698,0.3404255319148936,2.5857898715041574,0.3548387096774194
L-Concrete,concrete,linear,0.0055,0.1,3,5,207,0.7063613741688103,3.3693625598387507,0.5180722891566265,2.5857898715041574,0.3548387096774194
L-Concrete,concrete,linear,0.0055,0.1,3,6,207,0.6578168021998074,2.5857898715041574,0.3548387096774194,2.8208616780045355,0.4
L-Concrete,concrete,linear,0.0055,0.1,3,7,207,0.7339010802100122,2.8992189468379945,0.4157303370786517,2.977576215671454,0.4318181818181818
L-Concrete,concrete,linear,0.0055,0.1,4,5,207,0.6499069184022461,2.6641471403376165,0.3695652173913043,2.5857898715041574,0.3548387096774194
L-Concrete,concrete,linear,0.0055,0.1,4,6,207,0.6656910332818566,2.5857898715041574,0.3548387096774194,2.429075333837239,0.3263157894736842
L-Concrete,concrete,linear,0.0055,0.1,4,7,207,0.6544293599427276,2.429075333837239,0.3263157894736842,2.507432602670698,0.3404255319148936
L-Concrete,concrete,linear,0.0055,0.1,5,6,207,0.6665493506775728,2.6641471403376165,0.3695652173913043,2.507432602670698,0.3404255319148936
L-Concrete,concrete,linear,0.0055,0.1,5,7,207,0.6928028931363639,2.6641471403376165,0.3695652173913043,2.6641471403376165,0.3695652173913043
L-Concrete,concrete,linear,0.0055,0.1,6,7,207,0.6901620673130763,2.8208616780045355,0.4,3.055933484504913,0.4482758620689655
L-Concrete,concrete,linear,0.0022,0.2,0,1,211,0.7643343033246662,2.8992189468379945,0.4157303370786517,3.291005291005291,0.5
L-Concrete,concrete,linear,0.0022,0.2,0,2,211,0.8007982694203176,3.291005291005291,0.5,2.977576215671454,0.4318181818181818
L-Concrete,concrete,linear,0.0022,0.2,0,3,211,0.8204424553755857,3.212648022171832,0.4823529411764706,3.526077097505669,0.5555555555555556
L-Concrete,concrete,linear,0.0022,0.2,0,4,211,0.8173440086505322,3.291005291005291,0.5,3.212648022171832,0.4823529411764706
L-Concrete,concrete,linear,0.0022,0.2,0,5,211,0.8152229989923224,2.977576215671454,0.4318181818181818,3.604434366339128,0.575
L-Concrete,concrete,linear,0.0022,0.2,0,6,211,0.8147311933602978,3.1342907533383726,0.4651162790697674,3.604434366339128,0.575
L-Concrete,concrete,linear,0.0022,0.2,0,7,211,0.8048814635735567,2.8992189468379945,0.4157303370786517,3.682791635172588,0.5949367088607594
L-Concrete,concrete,linear,0.0022,0.2,1,2,211,0.7858734291319103,3.3693625598387507,0.5180722891566265,3.212648022171832,0.4823529411764706
L-Concrete,concrete,linear,0.0022,0.2,1,3,211,0.7873597236831004,2.977576215671454,0.4318181818181818,2.977576215671454,0.4318181818181818
L-Concrete,concrete,linear,0.0022,0.2,1,4,211,0.7973412486593388,3.055933484504913,0.4482758620689655,2.977576215671454,0.4318181818181818
L-Concrete,concrete,linear,0.0022,0.2,1,5,211,0.8150858424953967,3.3693625598387507,0.5180722891566265,3.291005291005291,0.5
L-Concrete,concrete,linear,0.0022,0.2,1,6,211,0.8109466376467254,2.977576215671454,0.4318181818181818,3.3693625598387507,0.5180722891566265
L-Concrete,concrete,linear,0.0022,0.2,1,7,211,0.8099903020836465,3.3693625598387507,0.5180722891566265,3.055933484504913,0.4482758620689655
L-Concrete,concrete,linear,0.0022,0.2,2,3,211,0.801249639571449,3.1342907533383726,0.4651162790697674,2.8992189468379945,0.4157303370786517
L-Concrete,concrete,linear,0.0022,0.2,2,4,211,0.7757802462565548,2.977576215671454,0.4318181818181818,3.055933484504913,0.4482758620689655
L-Concrete,concrete,linear,0.0022,0.2,2,5,211,0.807191562318845,3.291005291005291,0.5,3.291005291005291,0.5
L-Concrete,concrete,linear,0.0022,0.2,2,6,211,0.8003669037309942,2.977576215671454,0.4318181818181818,2.8992189468379945,0.4157303370786517
L-Concrete,concrete,linear,0.0022,0.2,2,7,211,0.8176360711133545,3.3693625598387507,0.5180722891566265,3.3693625598387507,0.5180722891566265
L-Concrete,concrete,linear,0.0022,0.2,3,4,211,0.8141027727663577,2.5857898715041574,0.3548387096774194,3.212648022171832,0.4823529411764706
L-Concrete,concrete,linear,0.0022,0.2,3,5,211,0.8424664876382737,3.291005291005291,0.5,3.3693625598387507,0.5180722891566265
L-Concrete,concrete,linear,0.0022,0.2,3,6,211,0.8261742616063217,3.1342907533383726,0.4651162790697674,3.682791635172588,0.5949367088607594
L-Concrete,concrete,linear,0.0022,0.2,3,7,211,0.8104486860198082,3.055933484504913,0.4482758620689655,3.291005291005291,0.5
L-Concrete,concrete,linear,0.0022,0.2,4,5,211,0.8249293527806256,3.212648022171832,0.4823529411764706,3.291005291005291,0.5
L-Concrete,concrete,linear,0.0022,0.2,4,6,211,0.8206284369921741,3.055933484504913,0.4482758620689655,3.212648022171832,0.4823529411764706
L-Concrete,concrete,linear,0.0022,0.2,4,7,211,0.8413712660945599,3.212648022171832,0.4823529411764706,3.3693625598387507,0.5180722891566265
L-Concrete,concrete,linear,0.0022,0.2,5,6,211,0.8507817458365174,3.4477198286722097,0.5365853658536586,3.4477198286722097,0.5365853658536586
L-Concrete,concrete,linear,0.0022,0.2,5,7,211,0.8540113236436719,3.3693625598387507,0.5180722891566265,3.526077097505669,0.5555555555555556
L-Concrete,concrete,linear,0.0022,0.2,6,7,211,0.844728055122913,3.055933484504913,0.4482758620689655,3.526077097505669,0.5555555555555556
L-Concrete,concrete,linear,0.0055,0.2,0,1,215,0.6454228377128364,2.5857898715041574,0.3548387096774194,2.5857898715041574,0.3548387096774194
L-Concrete,concrete,linear,0.0055,0.2,0,2,215,0.672222980719734,2.742504409171076,0.3846153846153846,2.8208616780045355,0.4
L-Concrete,concrete,linear,0.0055,0.2,0,3,215,0.6475216485083968,2.742504409171076,0.3846153846153846,2.742504409171076,0.3846153846153846
L-Concrete,concrete,linear,0.0055,0.2,0,4,215,0.6443386559942511,2.507432602670698,0.3404255319148936,2.8208616780045355,0.4
L-Concrete,concrete,linear,0.0055,0.2,0,5,215,0.6393749976495814,2.742504409171076,0.3846153846153846,2.1156462585034013,0.2727272727272727
L-Concrete,concrete,linear,0.0055,0.2,0,6,215,0.6639211219831505,2.507432602670698,0.3404255319148936,2.6641471403376165,0.3695652173913043
L-Concrete,concrete,linear,0.0055,0.2,0,7,215,0.7363951289530719,2.8208616780045355,0.4,3.291005291005291,0.5
L-Concrete,concrete,linear,0.0055,0.2,1,2,215,0.6166167690344566,2.3507180650037798,0.3125,2.6641471403376165,0.3695652173913043
L-Concrete,concrete,linear,0.0055,0.2,1,3,215,0.6504066842996293,2.8208616780045355,0.4,2.8208616780045355,0.4
L-Concrete,concrete,linear,0.0055,0.2,1,4,215,0.6643552213029659,2.8208616780045355,0.4,2.8208616780045355,0.4
L-Concrete,concrete,linear,0.0055,0.2,1,5,215,0.6001009689145826,2.3507180650037798,0.3125,2.429075333837239,0.3263157894736842
L-Concrete,concrete,linear,0.0055,0.2,1,6,215,0.6358708336651538,2.8208616780045355,0.4,2.977576215671454,0.4318181818181818
L-Concrete,concrete,linear,0.0055,0.2,1,7,215,0.6320474970295704,2.3507180650037798,0.3125,2.5857898715041574,0.3548387096774194
L-Concrete,concrete,linear,0.0055,0.2,2,3,215,0.6744993374777568,2.8992189468379945,0.4157303370786517,2.6641471403376165,0.3695652173913043
L-Concrete,concrete,linear,0.0055,0.2,2,4,215,0.6826822830395682,3.055933484504913,0.4482758620689655,2.742504409171076,0.3846153846153846
L-Concrete,concrete,linear,0.0055,0.2,2,5,215,0.6675280913575913,2.742504409171076,0.3846153846153846,2.6641471403376165,0.3695652173913043
L-Concrete,concrete,linear,0.0055,0.2,2,6,215,0.6966121623340713,2.742504409171076,0.3846153846153846,2.5857898715041574,0.3548387096774194
L-Concrete,concrete,linear,0.0055,0.2,2,7,215,0.6826872137306085,3.055933484504913,0.4482758620689655,2.977576215671454,0.4318181818181818
L-Concrete,concrete,linear,0.0055,0.2,3,4,215,0.6975480713941019,2.8992189468379945,0.4157303370786517,2.5857898715041574,0.3548387096774194
L-Concrete,concrete,linear,0.0055,0.2,3,5,215,0.6415146378244523,2.6641471403376165,0.3695652173913043,2.507432602670698,0.3404255319148936
L-Concrete,concrete,linear,0.0055,0.2,3,6,215,0.6810648323730724,2.8992189468379945,0.4157303370786517,2.6641471403376165,0.3695652173913043
L-Concrete,concrete,linear,0.0055,0.2,3,7,215,0.6977391695688218,2.8992189468379945,0.4157303370786517,2.742504409171076,0.3846153846153846
L-Concrete,concrete,linear,0.0055,0.2,4,5,215,0.6295116881797976,2.429075333837239,0.3263157894736842,2.6641471403376165,0.3695652173913043
L-Concrete,concrete,linear,0.0055,0.2,4,6,215,0.6788464941982061,2.742504409171076,0.3846153846153846,2.507432602670698,0.3404255319148936
L-Concrete,concrete,linear,0.0055,0.2,4,7,215,0.6751079438033482,2.8992189468379945,0.4157303370786517,2.8992189468379945,0.4157303370786517
L-Concrete,concrete,linear,0.0055,0.2,5,6,215,0.6402552928112747,2.6641471403376165,0.3695652173913043,2.1156462585034013,0.2727272727272727
L-Concrete,concrete,linear,0.0055,0.2,5,7,215,0.6963383111296604,2.8208616780045355,0.4,2.8208616780045355,0.4
L-Concrete,concrete,linear,0.0055,0.2,6,7,215,0.6839522094008693,2.8992189468379945,0.4157303370786517,2.6641471403376165,0.3695652173913043
L-Concrete,concrete,linear,0.0022,0.4,0,1,219,0.8096032442668127,2.977576215671454,0.4318181818181818,3.212648022171832,0.4823529411764706
L-Concrete,concrete,linear,0.0022,0.4,0,2,219,0.8392553482104128,3.526077097505669,0.5555555555555556,3.526077097505669,0.5555555555555556
L-Concrete,concrete,linear,0.0022,0.4,0,3,219,0.8317106937781739,3.4477198286722097,0.5365853658536586,3.604434366339128,0.575
L-Concrete,concrete,linear,0.0022,0.4,0,4,219,0.8200360004242127,3.4477198286722097,0.5365853658536586,3.4477198286722097,0.5365853658536586
L-Concrete,concrete,linear,0.0022,0.4,0,5,219,0.8066621003059625,3.526077097505669,0.5555555555555556,3.604434366339128,0.575
L-Concrete,concrete,linear,0.0022,0.4,0,6,219,0.8306349692647181,3.526077097505669,0.5555555555555556,3.682791635172588,0.5949367088607594
L-Concrete,concrete,linear,0.0022,0.4,0,7,219,0.815909298145876,2.977576215671454,0.4318181818181818,3.4477198286722097,0.5365853658536586
L-Concrete,concrete,linear,0.0022,0.4,1,2,219,0.812127410387831,3.055933484504913,0.4482758620689655,3.055933484504913,0.4482758620689655
L-Concrete,concrete,linear,0.0022,0.4,1,3,219,0.8454270942689375,3.3693625598387507,0.5180722891566265,3.291005291005291,0.5
L-Concrete,concrete,linear,0.0022,0.4,1,4,219,0.810159442126878,3.1342907533383726,0.4651162790697674,3.1342907533383726,0.4651162790697674
L-Concrete,concrete,linear,0.0022,0.4,1,5,219,0.8165213550558347,3.1342907533383726,0.4651162790697674,3.212648022171832,0.4823529411764706
L-Concrete,concrete,linear,0.0022,0.4,1,6,219,0.7992566212640895,3.1342907533383726,0.4651162790697674,3.212648022171832,0.4823529411764706
L-Concrete,concrete,linear,0.0022,0.4,1,7,219,0.8378115155051786,3.682791635172588,0.5949367088607594,3.291005291005291,0.5
L-Concrete,concrete,linear,0.0022,0.4,2,3,219,0.8428787077897621,3.212648022171832,0.4823529411764706,3.526077097505669,0.5555555555555556
L-Concrete,concrete,linear,0.0022,0.4,2,4,219,0.8293805121680315,3.291005291005291,0.5,3.1342907533383726,0.4651162790697674
L-Concrete,concrete,linear,0.0022,0.4,2,5,219,0.80473766863915,3.1342907533383726,0.4651162790697674,3.1342907533383726,0.4651162790697674
L-Concrete,concrete,linear,0.0022,0.4,2,6,219,0.8013027605976137,3.055933484504913,0.4482758620689655,3.4477198286722097,0.5365853658536586
L-Concrete,concrete,linear,0.0022,0.4,2,7,219,0.8257328170957909,3.212648022171832,0.4823529411764706,3.4477198286722097,0.5365853658536586
L-Concrete,concrete,linear,0.0022,0.4,3,4,219,0.8244825247506167,3.055933484504913,0.4482758620689655,3.526077097505669,0.5555555555555556
L-Concrete,concrete,linear,0.0022,0.4,3,5,219,0.8097594197561893,3.291005291005291,0.5,3.291005291005291,0.5
L-Concrete,concrete,linear,0.0022,0.4,3,6,219,0.8184768551861478,3.604434366339128,0.575,3.291005291005291,0.5
L-Concrete,concrete,linear,0.0022,0.4,3,7,219,0.8302401915859307,3.526077097505669,0.5555555555555556,3.526077097505669,0.5555555555555556
L-Concrete,concrete,linear,0.0022,0.4,4,5,219,0.8138936386638347,3.291005291005291,0.5,3.1342907533383726,0.4651162790697674
L-Concrete,concrete,linear,0.0022,0.4,4,6,219,0.794350244159927,3.055933484504913,0.4482758620689655,3.4477198286722097,0.5365853658536586
L-Concrete,concrete,linear,0.0022,0.4,4,7,219,0.8075408068942012,3.055933484504913,0.4482758620689655,3.4477198286722097,0.5365853658536586
L-Concrete,concrete,linear,0.0022,0.4,5,6,219,0.8302320253614766,3.526077097505669,0.5555555555555556,3.291005291005291,0.5
L-Concrete,concrete,linear,0.0022,0.4,5,7,219,0.8182423097848635,3.212648022171832,0.4823529411764706,3.212648022171832,0.4823529411764706
L-Concrete,concrete,linear,0.0022,0.4,6,7,219,0.8055685452338773,3.604434366339128,0.575,3.3693625598387507,0.5180722891566265
L-Concrete,concrete,linear,0.0055,0.4,0,1,223,0.6830803602785122,2.742504409171076,0.3846153846153846,2.429075333837239,0.3263157894736842
L-Concrete,concrete,linear,0.0055,0.4,0,2,223,0.6678054604094468,2.8208616780045355,0.4,2.8208616780045355,0.4
L-Concrete,concrete,linear,0.0055,0.4,0,3,223,0.6539310773635256,2.977576215671454,0.4318181818181818,2.6641471403376165,0.3695652173913043
L-Concrete,concrete,linear,0.0055,0.4,0,4,223,0.6795094694248416,2.8992189468379945,0.4157303370786517,2.8208616780045355,0.4
L-Concrete,concrete,linear,0.0055,0.4,0,5,223,0.6088106076104793,2.6641471403376165,0.3695652173913043,2.1156462585034013,0.2727272727272727
L-Concrete,concrete,linear,0.0055,0.4,0,6,223,0.6724898014686774,3.1342907533383726,0.4651162790697674,2.742504409171076,0.3846153846153846
L-Concrete,concrete,linear,0.0055,0.4,0,7,223,0.6451190776273139,2.6641471403376165,0.3695652173913043,2.1940035273368608,0.2857142857142857
L-Concrete,concrete,linear,0.0055,0.4,1,2,223,0.6626058420389719,2.977576215671454,0.4318181818181818,2.742504409171076,0.3846153846153846
L-Concrete,concrete,linear,0.0055,0.4,1,3,223,0.6742357435138072,2.6641471403376165,0.3695652173913043,2.6641471403376165,0.3695652173913043
L-Concrete,concrete,linear,0.0055,0.4,1,4,223,0.6656748791267677,2.8208616780045355,0.4,2.6641471403376165,0.3695652173913043
L-Concrete,concrete,linear,0.0055,0.4,1,5,223,0.5391313903765192,2.1940035273368608,0.2857142857142857,2.429075333837239,0.3263157894736842
L-Concrete,concrete,linear,0.0055,0.4,1,6,223,0.7058397412629636,2.8992189468379945,0.4157303370786517,2.8992189468379945,0.4157303370786517
L-Concrete,concrete,linear,0.0055,0.4,1,7,223,0.6405732097762192,2.6641471403376165,0.3695652173913043,2.507432602670698,0.3404255319148936
L-Concrete,concrete,linear,0.0055,0.4,2,3,223,0.7058762108280255,2.5857898715041574,0.3548387096774194,2.8208616780045355,0.4
L-Concrete,concrete,linear,0.0055,0.4,2,4,223,0.6806758425063014,2.742504409171076,0.3846153846153846,2.8992189468379945,0.4157303370786517
L-Concrete,concrete,linear,0.0055,0.4,2,5,223,0.6018992851389997,2.429075333837239,0.3263157894736842,2.1940035273368608,0.2857142857142857
L-Concrete,concrete,linear,0.0055,0.4,2,6,223,0.6847092110898092,2.8208616780045355,0.4,2.8208616780045355,0.4
L-Concrete,concrete,linear,0.0055,0.4,2,7,223,0.6701958119768728,2.8208616780045355,0.4,2.742504409171076,0.3846153846153846
L-Concrete,concrete,linear,0.0055,0.4,3,4,223,0.7025820684667724,2.507432602670698,0.3404255319148936,2.8208616780045355,0.4
L-Concrete,concrete,linear,0.0055,0.4,3,5,223,0.6666557350060378,2.742504409171076,0.3846153846153846,2.1156462585034013,0.2727272727272727
L-Concrete,concrete,linear,0.0055,0.4,3,6,223,0.6947022374086579,2.8992189468379945,0.4157303370786517,2.742504409171076,0.3846153846153846
L-Concrete,concrete,linear,0.0055,0.4,3,7,223,0.7037947794183614,2.8208616780045355,0.4,2.3507180650037798,0.3125
L-Concrete,concrete,linear,0.0055,0.4,4,5,223,0.5968572883109552,2.3507180650037798,0.3125,2.6641471403376165,0.3695652173913043
L-Concrete,concrete,linear,0.0055,0.4,4,6,223,0.6907093675446381,2.8208616780045355,0.4,2.742504409171076,0.3846153846153846
L-Concrete,concrete,linear,0.0055,0.4,4,7,223,0.6871563091829163,2.6641471403376165,0.3695652173913043,2.6641471403376165,0.3695652173913043
L-Concrete,concrete,linear,0.0055,0.4,5,6,223,0.5864474285789915,2.507432602670698,0.3404255319148936,2.5857898715041574,0.3548387096774194
L-Concrete,concrete,linear,0.0055,0.4,5,7,223,0.6164703007063392,2.8208616780045355,0.4,2.429075333837239,0.3263157894736842
L-Concrete,concrete,linear,0.0055,0.4,6,7,223,0.6556765579548004,2.8208616780045355,0.4,2.507432602670698,0.3404255319148936
L-Concrete,concrete,linear,0.0022,0.0,0,1,227,0.734547551700731,2.977576215671454,0.4318181818181818,2.977576215671454,0.4318181818181818
L-Concrete,concrete,linear,0.0022,0.0,0,2,227,0.7605784105085914,2.977576215671454,0.4318181818181818,2.8208616780045355,0.4
L-Concrete,concrete,linear,0.0022,0.0,0,3,227,0.7854806020383104,3.1342907533383726,0.4651162790697674,2.8992189468379945,0.4157303370786517
L-Concrete,concrete,linear,0.0022,0.0,0,4,227,0.7617780329162953,2.8992189468379945,0.4157303370786517,3.1342907533383726,0.4651162790697674
L-Concrete,concrete,linear,0.0022,0.0,0,5,227,0.7574904620909396,3.212648022171832,0.4823529411764706,2.8208616780045355,0.4
L-Concrete,concrete,linear,0.0022,0.0,0,6,227,0.802187106588364,3.212648022171832,0.4823529411764706,2.8208616780045355,0.4
L-Concrete,concrete,linear,0.0022,0.0,0,7,227,0.7469570475597597,2.8992189468379945,0.4157303370786517,3.212648022171832,0.4823529411764706
L-Concrete,concrete,linear,0.0022,0.0,1,2,227,0.7921269775595575,3.212648022171832,0.4823529411764706,2.977576215671454,0.4318181818181818
L-Concrete,concrete,linear,0.0022,0.0,1,3,227,0.7970202308952106,3.1342907533383726,0.4651162790697674,3.1342907533383726,0.4651162790697674
L-Concrete,concrete,linear,0.0022,0.0,1,4,227,0.7906973472365791,3.212648022171832,0.4823529411764706,3.1342907533383726,0.4651162790697674
L-Concrete,concrete,linear,0.0022,0.0,1,5,227,0.834879047127418,3.1342907533383726,0.4651162790697674,3.212648022171832,0.4823529411764706
L-Concrete,concrete,linear,0.0022,0.0,1,6,227,0.7602314259778747,3.291005291005291,0.5,3.212648022171832,0.4823529411764706
L-Concrete,concrete,linear,0.0022,0.0,1,7,227,0.7922218858426913,3.212648022171832,0.4823529411764706,3.1342907533383726,0.4651162790697674
L-Concrete,concrete,linear,0.0022,0.0,2,3,227,0.7694058374904799,3.212648022171832,0.4823529411764706,2.977576215671454,0.4318181818181818
L-Concrete,concrete,linear,0.0022,0.0,2,4,227,0.8125835728364595,3.291005291005291,0.5,3.212648022171832,0.4823529411764706
L-Concrete,concrete,linear,0.0022,0.0,2,5,227,0.818850869927558,2.8992189468379945,0.4157303370786517,3.3693625598387507,0.5180722891566265
L-Concrete,concrete,linear,0.0022,0.0,2,6,227,0.7830075462686803,3.1342907533383726,0.4651162790697674,3.1342907533383726,0.4651162790697674
L-Concrete,concrete,linear,0.0022,0.0,2,7,227,0.7805476304328001,2.742504409171076,0.3846153846153846,2.8992189468379945,0.4157303370786517
L-Concrete,concrete,linear,0.0022,0.0,3,4,227,0.7947331064029655,3.3693625598387507,0.5180722891566265,2.8208616780045355,0.4
L-Concrete,concrete,linear,0.0022,0.0,3,5,227,0.8034630401443379,3.526077097505669,0.5555555555555556,3.055933484504913,0.4482758620689655
L-Concrete,concrete,linear,0.0022,0.0,3,6,227,0.7691768769699451,3.4477198286722097,0.5365853658536586,2.6641471403376165,0.3695652173913043
L-Concrete,concrete,linear,0.0022,0.0,3,7,227,0.7572809955104083,2.8992189468379945,0.4157303370786517,2.742504409171076,0.3846153846153846
L-Concrete,concrete,linear,0.0022,0.0,4,5,227,0.8086341465614771,3.1342907533383726,0.4651162790697674,3.3693625598387507,0.5180722891566265
L-Concrete,concrete,linear,0.0022,0.0,4,6,227,0.7589472395728195,3.1342907533383726,0.4651162790697674,2.6641471403376165,0.3695652173913043
L-Concrete,concrete,linear,0.0022,0.0,4,7,227,0.8089401378564075,3.212648022171832,0.4823529411764706,3.212648022171832,0.4823529411764706
L-Concrete,concrete,linear,0.0022,0.0,5,6,227,0.7695774359206363,3.212648022171832,0.4823529411764706,3.055933484504913,0.4482758620689655
L-Concrete,concrete,linear,0.0022,0.0,5,7,227,0.81783817520483,2.977576215671454,0.4318181818181818,3.212648022171832,0.4823529411764706
L-Concrete,concrete,linear,0.0022,0.0,6,7,227,0.7574163408715715,3.1342907533383726,0.4651162790697674,2.6641471403376165,0.3695652173913043
L-Concrete,concrete,linear,0.0055,0.0,0,1,231,0.6794150900954471,3.1342907533383726,0.4651162790697674,2.507432602670698,0.3404255319148936
L-Concrete,concrete,linear,0.0055,0.0,0,2,231,0.7044291949124522,2.8208616780045355,0.4,2.037288989669942,0.26
L-Concrete,concrete,linear,0.0055,0.0,0,3,231,0.6922790432288107,2.8992189468379945,0.4157303370786517,2.507432602670698,0.3404255319148936
L-Concrete,concrete,linear,0.0055,0.0,0,4,231,0.7551394892330567,3.526077097505669,0.5555555555555556,2.507432602670698,0.3404255319148936
L-Concrete,concrete,linear,0.0055,0.0,0,5,231,0.6917281251445218,2.8992189468379945,0.4157303370786517,2.1940035273368608,0.2857142857142857
L-Concrete,concrete,linear,0.0055,0.0,0,6,231,0.7496066469388631,3.1342907533383726,0.4651162790697674,2.977576215671454,0.4318181818181818
L-Concrete,concrete,linear,0.0055,0.0,0,7,231,0.7385199580773824,3.3693625598387507,0.5180722891566265,2.2723607961703203,0.2989690721649484
L-Concrete,concrete,linear,0.0055,0.0,1,2,231,0.7195730636505703,2.977576215671454,0.4318181818181818,2.507432602670698,0.3404255319148936
L-Concrete,concrete,linear,0.0055,0.0,1,3,231,0.6891476748687778,2.8208616780045355,0.4,2.5857898715041574,0.3548387096774194
L-Concrete,concrete,linear,0.0055,0.0,1,4,231,0.7677482891393644,3.1342907533383726,0.4651162790697674,2.1940035273368608,0.2857142857142857
L-Concrete,concrete,linear,0.0055,0.0,1,5,231,0.7617415052940403,3.055933484504913,0.4482758620689655,2.742504409171076,0.3846153846153846
L-Concrete,concrete,linear,0.0055,0.0,1,6,231,0.7049832466863498,2.977576215671454,0.4318181818181818,2.429075333837239,0.3263157894736842
L-Concrete,concrete,linear,0.0055,0.0,1,7,231,0.7277911840845778,3.3693625598387507,0.5180722891566265,2.5857898715041574,0.3548387096774194
L-Concrete,concrete,linear,0.0055,0.0,2,3,231,0.7321588704157508,3.055933484504913,0.4482758620689655,2.507432602670698,0.3404255319148936
L-Concrete,concrete,linear,0.0055,0.0,2,4,231,0.7420195376376608,3.212648022171832,0.4823529411764706,2.1940035273368608,0.2857142857142857
L-Concrete,concrete,linear,0.0055,0.0,2,5,231,0.7553926416231416,3.1342907533383726,0.4651162790697674,2.2723607961703203,0.2989690721649484
L-Concrete,concrete,linear,0.0055,0.0,2,6,231,0.7444267040827077,3.055933484504913,0.4482758620689655,2.1940035273368608,0.2857142857142857
L-Concrete,concrete,linear,0.0055,0.0,2,7,231,0.7320114047294346,2.977576215671454,0.4318181818181818,2.507432602670698,0.3404255319148936
L-Concrete,concrete,linear,0.0055,0.0,3,4,231,0.7289014108342162,2.977576215671454,0.4318181818181818,2.742504409171076,0.3846153846153846
L-Concrete,concrete,linear,0.0055,0.0,3,5,231,0.7777990242053997,2.8992189468379945,0.4157303370786517,2.507432602670698,0.3404255319148936
L-Concrete,concrete,linear,0.0055,0.0,3,6,231,0.7582020812067712,2.977576215671454,0.4318181818181818,2.742504409171076,0.3846153846153846
L-Concrete,concrete,linear,0.0055,0.0,3,7,231,0.7186053922945458,3.055933484504913,0.4482758620689655,2.6641471403376165,0.3695652173913043
L-Concrete,concrete,linear,0.0055,0.0,4,5,231,0.7800675536567925,3.291005291005291,0.5,2.037288989669942,0.26
L-Concrete,concrete,linear,0.0055,0.0,4,6,231,0.7665630802013789,3.212648022171832,0.4823529411764706,2.977576215671454,0.4318181818181818
L-Concrete,concrete,linear,0.0055,0.0,4,7,231,0.7481100570998924,3.291005291005291,0.5,2.2723607961703203,0.2989690721649484
L-Concrete,concrete,linear,0.0055,0.0,5,6,231,0.7410606439302765,3.055933484504913,0.4482758620689655,2.1156462585034013,0.2727272727272727
L-Concrete,concrete,linear,0.0055,0.0,5,7,231,0.7496134807905958,3.055933484504913,0.4482758620689655,2.1156462585034013,0.2727272727272727
L-Concrete,concrete,linear,0.0055,0.0,6,7,231,0.7717960309949754,3.4477198286722097,0.5365853658536586,2.6641471403376165,0.3695652173913043
L-Concrete,concrete,linear,0.0022,0.1,0,1,235,0.8272538446298089,3.526077097505669,0.5555555555555556,3.682791635172588,0.5949367088607594
L-Concrete,concrete,linear,0.0022,0.1,0,2,235,0.8214162778533465,3.3693625598387507,0.5180722891566265,3.4477198286722097,0.5365853658536586
L-Concrete,concrete,linear,0.0022,0.1,0,3,235,0.8373269320429922,3.291005291005291,0.5,3.526077097505669,0.5555555555555556
L-Concrete,concrete,linear,0.0022,0.1,0,4,235,0.8488541640727023,3.526077097505669,0.5555555555555556,3.604434366339128,0.575
L-Concrete,concrete,linear,0.0022,0.1,0,5,235,0.8177547231159904,3.682791635172588,0.5949367088607594,3.212648022171832,0.4823529411764706
L-Concrete,concrete,linear,0.0022,0.1,0,6,235,0.8269164125673474,3.291005291005291,0.5,2.8992189468379945,0.4157303370786517
L-Concrete,concrete,linear,0.0022,0.1,0,7,235,0.8301726979865801,2.977576215671454,0.4318181818181818,3.1342907533383726,0.4651162790697674
L-Concrete,concrete,linear,0.0022,0.1,1,2,235,0.8086932026020206,3.1342907533383726,0.4651162790697674,3.4477198286722097,0.5365853658536586
L-Concrete,concrete,linear,0.0022,0.1,1,3,235,0.8420779985506505,3.1342907533383726,0.4651162790697674,3.4477198286722097,0.5365853658536586
L-Concrete,concrete,linear,0.0022,0.1,1,4,235,0.8343548928940572,3.291005291005291,0.5,3.526077097505669,0.5555555555555556
L-Concrete,concrete,linear,0.0022,0.1,1,5,235,0.7894719071675742,3.291005291005291,0.5,3.3693625598387507,0.5180722891566265
L-Concrete,concrete,linear,0.0022,0.1,1,6,235,0.8122893734831207,3.055933484504913,0.4482758620689655,2.8992189468379945,0.4157303370786517
L-Concrete,concrete,linear,0.0022,0.1,1,7,235,0.8153576467652613,2.8992189468379945,0.4157303370786517,3.1342907533383726,0.4651162790697674
L-Concrete,concrete,linear,0.0022,0.1,2,3,235,0.8479174895786049,3.212648022171832,0.4823529411764706,3.604434366339128,0.575
L-Concrete,concrete,linear,0.0022,0.1,2,4,235,0.8159864725793934,3.291005291005291,0.5,3.212648022171832,0.4823529411764706
L-Concrete,concrete,linear,0.0022,0.1,2,5,235,0.7920144523232273,3.526077097505669,0.5555555555555556,3.291005291005291,0.5
L-Concrete,concrete,linear,0.0022,0.1,2,6,235,0.8068907603067202,3.1342907533383726,0.4651162790697674,2.742504409171076,0.3846153846153846
L-Concrete,concrete,linear,0.0022,0.1,2,7,235,0.8278590225069199,3.1342907533383726,0.4651162790697674,3.4477198286722097,0.5365853658536586
L-Concrete,concrete,linear,0.0022,0.1,3,4,235,0.8634798117697814,3.3693625598387507,0.5180722891566265,3.604434366339128,0.575
L-Concrete,concrete,linear,0.0022,0.1,3,5,235,0.8213436872838878,3.4477198286722097,0.5365853658536586,3.212648022171832,0.4823529411764706
L-Concrete,concrete,linear,0.0022,0.1,3,6,235,0.8371799520938144,3.3693625598387507,0.5180722891566265,3.291005291005291,0.5
L-Concrete,concrete,linear,0.0022,0.1,3,7,235,0.834397049006405,3.1342907533383726,0.4651162790697674,3.526077097505669,0.5555555555555556
L-Concrete,concrete,linear,0.0022,0.1,4,5,235,0.8196756894011025,3.526077097505669,0.5555555555555556,3.1342907533383726,0.4651162790697674
L-Concrete,concrete,linear,0.0022,0.1,4,6,235,0.8146277772853964,3.1342907533383726,0.4651162790697674,3.055933484504913,0.4482758620689655
L-Concrete,concrete,linear,0.0022,0.1,4,7,235,0.8114525282166105,2.8208616780045355,0.4,2.977576215671454,0.4318181818181818
L-Concrete,concrete,linear,0.0022,0.1,5,6,235,0.7955855068740786,3.3693625598387507,0.5180722891566265,3.291005291005291,0.5
L-Concrete,concrete,linear,0.0022,0.1,5,7,235,0.7881731388987508,3.212648022171832,0.4823529411764706,2.8992189468379945,0.4157303370786517
L-Concrete,concrete,linear,0.0022,0.1,6,7,235,0.8419185738798073,3.3693625598387507,0.5180722891566265,2.977576215671454,0.4318181818181818
L-Concrete,concrete,linear,0.0055,0.1,0,1,239,0.6587172487719288,2.6641471403376165,0.3695652173913043,2.3507180650037798,0.3125
L-Concrete,concrete,linear,0.0055,0.1,0,2,239,0.667917298751491,2.507432602670698,0.3404255319148936,2.8208616780045355,0.4
L-Concrete,concrete,linear,0.0055,0.1,0,3,239,0.6649311229282665,2.742504409171076,0.3846153846153846,2.5857898715041574,0.3548387096774194
L-Concrete,concrete,linear,0.0055,0.1,0,4,239,0.6801380819315588,2.6641471403376165,0.3695652173913043,2.507432602670698,0.3404255319148936
L-Concrete,concrete,linear,0.0055,0.1,0,5,239,0.6815276784198565,2.5857898715041574,0.3548387096774194,3.055933484504913,0.4482758620689655
L-Concrete,concrete,linear,0.0055,0.1,0,6,239,0.678966540038005,2.6641471403376165,0.3695652173913043,2.5857898715041574,0.3548387096774194
L-Concrete,concrete,linear,0.0055,0.1,0,7,239,0.6434180388480354,2.977576215671454,0.4318181818181818,2.8992189468379945,0.4157303370786517
L-Concrete,concrete,linear,0.0055,0.1,1,2,239,0.6711210270170862,2.742504409171076,0.3846153846153846,2.977576215671454,0.4318181818181818
L-Concrete,concrete,linear,0.0055,0.1,1,3,239,0.6674511099854669,3.1342907533383726,0.4651162790697674,2.2723607961703203,0.2989690721649484
L-Concrete,concrete,linear,0.0055,0.1,1,4,239,0.6632800467954384,2.977576215671454,0.4318181818181818,2.6641471403376165,0.3695652173913043
L-Concrete,concrete,linear,0.0055,0.1,1,5,239,0.6867656149288418,3.291005291005291,0.5,2.6641471403376165,0.3695652173913043
L-Concrete,concrete,linear,0.0055,0.1,1,6,239,0.6595808397640381,3.291005291005291,0.5,2.507432602670698,0.3404255319148936
L-Concrete,concrete,linear,0.0055,0.1,1,7,239,0.5993148669773145,2.8208616780045355,0.4,2.1940035273368608,0.2857142857142857
L-Concrete,concrete,linear,0.0055,0.1,2,3,239,0.6797668806644349,2.8992189468379945,0.4157303370786517,2.742504409171076,0.3846153846153846
L-Concrete,concrete,linear,0.0055,0.1,2,4,239,0.6830983655645754,2.977576215671454,0.4318181818181818,2.742504409171076,0.3846153846153846
L-Concrete,concrete,linear,0.0055,0.1,2,5,239,0.7304748962458375,2.8992189468379945,0.4157303370786517,3.526077097505669,0.5555555555555556
L-Concrete,concrete,linear,0.0055,0.1,2,6,239,0.6853899180312826,2.977576215671454,0.4318181818181818,3.1342907533383726,0.4651162790697674
L-Concrete,concrete,linear,0.0055,0.1,2,7,239,0.645893786502165,2.429075333837239,0.3263157894736842,2.742504409171076,0.3846153846153846
L-Concrete,concrete,linear,0.0055,0.1,3,4,239,0.6620800215148896,2.977576215671454,0.4318181818181818,2.742504409171076,0.3846153846153846
L-Concrete,concrete,linear,0.0055,0.1,3,5,239,0.715888170861107,3.055933484504913,0.4482758620689655,3.212648022171832,0.4823529411764706
L-Concrete,concrete,linear,0.0055,0.1,3,6,239,0.7175034072165434,2.742504409171076,0.3846153846153846,2.8208616780045355,0.4
L-Concrete,concrete,linear,0.0055,0.1,3,7,239,0.6337551613449863,2.5857898715041574,0.3548387096774194,2.742504409171076,0.3846153846153846
L-Concrete,concrete,linear,0.0055,0.1,4,5,239,0.6830313868110414,3.1342907533383726,0.4651162790697674,2.977576215671454,0.4318181818181818
L-Concrete,concrete,linear,0.0055,0.1,4,6,239,0.647722247042188,2.8992189468379945,0.4157303370786517,2.507432602670698,0.3404255319148936
L-Concrete,concrete,linear,0.0055,0.1,4,7,239,0.6173322131709774,2.3507180650037798,0.3125,2.2723607961703203,0.2989690721649484
L-Concrete,concrete,linear,0.0055,0.1,5,6,239,0.7228893735890095,3.212648022171832,0.4823529411764706,2.8992189468379945,0.4157303370786517
L-Concrete,concrete,linear,0.0055,0.1,5,7,239,0.6875956100045515,2.977576215671454,0.4318181818181818,2.8992189468379945,0.4157303370786517
L-Concrete,concrete,linear,0.0055,0.1,6,7,239,0.6466911071743123,2.742504409171076,0.3846153846153846,2.8208616780045355,0.4
L-Concrete,concrete,linear,0.0022,0.2,0,1,243,0.8345504325801913,3.212648022171832,0.4823529411764706,3.1342907533383726,0.4651162790697674
L-Concrete,concrete,linear,0.0022,0.2,0,2,243,0.8473416071394482,3.212648022171832,0.4823529411764706,3.291005291005291,0.5
L-Concrete,concrete,linear,0.0022,0.2,0,3,243,0.8397686713985761,3.055933484504913,0.4482758620689655,3.526077097505669,0.5555555555555556
L-Concrete,concrete,linear,0.0022,0.2,0,4,243,0.8241931449375228,3.1342907533383726,0.4651162790697674,3.212648022171832,0.4823529411764706
L-Concrete,concrete,linear,0.0022,0.2,0,5,243,0.8447898785863721,3.1342907533383726,0.4651162790697674,3.526077097505669,0.5555555555555556
L-Concrete,concrete,linear,0.0022,0.2,0,6,243,0.8348617606187791,2.977576215671454,0.4318181818181818,3.055933484504913,0.4482758620689655
L-Concrete,concrete,linear,0.0022,0.2,0,7,243,0.813705671707875,3.3693625598387507,0.5180722891566265,3.1342907533383726,0.4651162790697674
L-Concrete,concrete,linear,0.0022,0.2,1,2,243,0.8539951416879912,3.526077097505669,0.5555555555555556,3.3693625598387507,0.5180722891566265
L-Concrete,concrete,linear,0.0022,0.2,1,3,243,0.8338815927271881,2.8992189468379945,0.4157303370786517,3.3693625598387507,0.5180722891566265
L-Concrete,concrete,linear,0.0022,0.2,1,4,243,0.8555099713398818,3.4477198286722097,0.5365853658536586,3.526077097505669,0.5555555555555556
L-Concrete,concrete,linear,0.0022,0.2,1,5,243,0.8358724991567091,3.212648022171832,0.4823529411764706,3.3693625598387507,0.5180722891566265
L-Concrete,concrete,linear,0.0022,0.2,1,6,243,0.8353671715733888,3.212648022171832,0.4823529411764706,3.291005291005291,0.5
L-Concrete,concrete,linear,0.0022,0.2,1,7,243,0.8514671373399062,3.291005291005291,0.5,3.3693625598387507,0.5180722891566265
L-Concrete,concrete,linear,0.0022,0.2,2,3,243,0.8010826343736297,2.977576215671454,0.4318181818181818,3.4477198286722097,0.5365853658536586
L-Concrete,concrete,linear,0.0022,0.2,2,4,243,0.8317234631345002,3.3693625598387507,0.5180722891566265,3.291005291005291,0.5
L-Concrete,concrete,linear,0.0022,0.2,2,5,243,0.8493901636752644,3.212648022171832,0.4823529411764706,3.291005291005291,0.5
L-Concrete,concrete,linear,0.0022,0.2,2,6,243,0.8516611253216633,3.3693625598387507,0.5180722891566265,3.212648022171832,0.4823529411764706
L-Concrete,concrete,linear,0.0022,0.2,2,7,243,0.8211439576551789,3.4477198286722097,0.5365853658536586,3.291005291005291,0.5
L-Concrete,concrete,linear,0.0022,0.2,3,4,243,0.7926847455162214,3.1342907533383726,0.4651162790697674,3.212648022171832,0.4823529411764706
L-Concrete,concrete,linear,0.0022,0.2,3,5,243,0.8241177623633108,3.055933484504913,0.4482758620689655,3.3693625598387507,0.5180722891566265
L-Concrete,concrete,linear,0.0022,0.2,3,6,243,0.8181369849052932,3.291005291005291,0.5,2.977576215671454,0.4318181818181818
L-Concrete,concrete,linear,0.0022,0.2,3,7,243,0.8082647621800884,3.3693625598387507,0.5180722891566265,3.212648022171832,0.4823529411764706
L-Concrete,concrete,linear,0.0022,0.2,4,5,243,0.8399917617495692,3.4477198286722097,0.5365853658536586,3.291005291005291,0.5
L-Concrete,concrete,linear,0.0022,0.2,4,6,243,0.807809074021682,3.212648022171832,0.4823529411764706,2.977576215671454,0.4318181818181818
L-Concrete,concrete,linear,0.0022,0.2,4,7,243,0.8421646324038252,3.055933484504913,0.4482758620689655,3.4477198286722097,0.5365853658536586
L-Concrete,concrete,linear,0.0022,0.2,5,6,243,0.8376780346834736,3.291005291005291,0.5,3.4477198286722097,0.5365853658536586
L-Concrete,concrete,linear,0.0022,0.2,5,7,243,0.8365744612112287,3.1342907533383726,0.4651162790697674,3.3693625598387507,0.5180722891566265
L-Concrete,concrete,linear,0.0022,0.2,6,7,243,0.8061540761549738,3.055933484504913,0.4482758620689655,3.291005291005291,0.5
L-Concrete,concrete,linear,0.0055,0.2,0,1,247,0.608425581645761,2.742504409171076,0.3846153846153846,2.3507180650037798,0.3125
L-Concrete,concrete,linear,0.0055,0.2,0,2,247,0.6543600420603519,2.8208616780045355,0.4,2.507432602670698,0.3404255319148936
L-Concrete,concrete,linear,0.0055,0.2,0,3,247,0.700002772251527,2.6641471403376165,0.3695652173913043,2.507432602670698,0.3404255319148936
L-Concrete,concrete,linear,0.0055,0.2,0,4,247,0.6538609722957509,2.6641471403376165,0.3695652173913043,3.055933484504913,0.4482758620689655
L-Concrete,concrete,linear,0.0055,0.2,0,5,247,0.6469049928152415,2.977576215671454,0.4318181818181818,2.8208616780045355,0.4
L-Concrete,concrete,linear,0.0055,0.2,0,6,247,0.6403764396331085,3.055933484504913,0.4482758620689655,2.1940035273368608,0.2857142857142857
L-Concrete,concrete,linear,0.0055,0.2,0,7,247,0.6415726484783427,2.742504409171076,0.3846153846153846,2.977576215671454,0.4318181818181818
L-Concrete,concrete,linear,0.0055,0.2,1,2,247,0.6213716519412988,2.5857898715041574,0.3548387096774194,2.429075333837239,0.3263157894736842
L-Concrete,concrete,linear,0.0055,0.2,1,3,247,0.6389893439447631,2.429075333837239,0.3263157894736842,2.429075333837239,0.3263157894736842
L-Concrete,concrete,linear,0.0055,0.2,1,4,247,0.6149935942122011,2.3507180650037798,0.3125,2.3507180650037798,0.3125
L-Concrete,concrete,linear,0.0055,0.2,1,5,247,0.6321082521965221,2.3507180650037798,0.3125,2.3507180650037798,0.3125
L-Concrete,concrete,linear,0.0055,0.2,1,6,247,0.633455171855175,2.977576215671454,0.4318181818181818,2.1940035273368608,0.2857142857142857
L-Concrete,concrete,linear,0.0055,0.2,1,7,247,0.6451556477425341,2.6641471403376165,0.3695652173913043,2.3507180650037798,0.3125
L-Concrete,concrete,linear,0.0055,0.2,2,3,247,0.695197634493174,2.742504409171076,0.3846153846153846,3.291005291005291,0.5
L-Concrete,concrete,linear,0.0055,0.2,2,4,247,0.7373102146257581,3.055933484504913,0.4482758620689655,3.1342907533383726,0.4651162790697674
L-Concrete,concrete,linear,0.0055,0.2,2,5,247,0.6704590368364175,2.977576215671454,0.4318181818181818,2.977576215671454,0.4318181818181818
L-Concrete,concrete,linear,0.0055,0.2,2,6,247,0.699425269801564,3.291005291005291,0.5,2.507432602670698,0.3404255319148936
L-Concrete,concrete,linear,0.0055,0.2,2,7,247,0.7260609831171178,2.8992189468379945,0.4157303370786517,3.3693625598387507,0.5180722891566265
L-Concrete,concrete,linear,0.0055,0.2,3,4,247,0.6763860331386158,2.6641471403376165,0.3695652173913043,3.212648022171832,0.4823529411764706
L-Concrete,concrete,linear,0.0055,0.2,3,5,247,0.7124502367112969,3.212648022171832,0.4823529411764706,3.055933484504913,0.4482758620689655
L-Concrete,concrete,linear,0.0055,0.2,3,6,247,0.6196501408465429,2.742504409171076,0.3846153846153846,2.3507180650037798,0.3125
L-Concrete,concrete,linear,0.0055,0.2,3,7,247,0.7302208108737483,2.507432602670698,0.3404255319148936,2.742504409171076,0.3846153846153846
L-Concrete,concrete,linear,0.0055,0.2,4,5,247,0.69157896544705,2.8208616780045355,0.4,3.212648022171832,0.4823529411764706
L-Concrete,concrete,linear,0.0055,0.2,4,6,247,0.6629023412303149,2.5857898715041574,0.3548387096774194,2.977576215671454,0.4318181818181818
L-Concrete,concrete,linear,0.0055,0.2,4,7,247,0.7237035301983286,2.6641471403376165,0.3695652173913043,3.291005291005291,0.5
L-Concrete,concrete,linear,0.0055,0.2,5,6,247,0.6450572934818387,2.5857898715041574,0.3548387096774194,2.507432602670698,0.3404255319148936
L-Concrete,concrete,linear,0.0055,0.2,5,7,247,0.7351334910788532,2.8992189468379945,0.4157303370786517,3.1342907533383726,0.4651162790697674
L-Concrete,concrete,linear,0.0055,0.2,6,7,247,0.6548565585591137,2.8992189468379945,0.4157303370786517,2.507432602670698,0.3404255319148936
L-Concrete,concrete,linear,0.0022,0.4,0,1,251,0.7949574421372579,2.8208616780045355,0.4,3.3693625598387507,0.5180722891566265
L-Concrete,concrete,linear,0.0022,0.4,0,2,251,0.8056917780429876,2.977576215671454,0.4318181818181818,3.055933484504913,0.4482758620689655
L-Concrete,concrete,linear,0.0022,0.4,0,3,251,0.7993893400861929,2.977576215671454,0.4318181818181818,3.212648022171832,0.4823529411764706
L-Concrete,concrete,linear,0.0022,0.4,0,4,251,0.7816223257771657,2.8992189468379945,0.4157303370786517,3.055933484504913,0.4482758620689655
L-Concrete,concrete,linear,0.0022,0.4,0,5,251,0.8132463151110538,2.977576215671454,0.4318181818181818,3.4477198286722097,0.5365853658536586
L-Concrete,concrete,linear,0.0022,0.4,0,6,251,0.8446317458284246,3.1342907533383726,0.4651162790697674,3.212648022171832,0.4823529411764706
L-Concrete,concrete,linear,0.0022,0.4,0,7,251,0.7794342226254971,2.6641471403376165,0.3695652173913043,2.8992189468379945,0.4157303370786517
L-Concrete,concrete,linear,0.0022,0.4,1,2,251,0.832653639427588,3.291005291005291,0.5,3.212648022171832,0.4823529411764706
L-Concrete,concrete,linear,0.0022,0.4,1,3,251,0.8260657697517532,3.1342907533383726,0.4651162790697674,3.604434366339128,0.575
L-Concrete,concrete,linear,0.0022,0.4,1,4,251,0.8276208108098448,3.055933484504913,0.4482758620689655,3.604434366339128,0.575
L-Concrete,concrete,linear,0.0022,0.4,1,5,251,0.8105687374722853,3.212648022171832,0.4823529411764706,3.291005291005291,0.5
L-Concrete,concrete,linear,0.0022,0.4,1,6,251,0.8337824617315742,3.291005291005291,0.5,3.526077097505669,0.5555555555555556
L-Concrete,concrete,linear,0.0022,0.4,1,7,251,0.8085590136541629,2.977576215671454,0.4318181818181818,3.3693625598387507,0.5180722891566265
L-Concrete,concrete,linear,0.0022,0.4,2,3,251,0.8052935174203564,2.8992189468379945,0.4157303370786517,3.1342907533383726,0.4651162790697674
L-Concrete,concrete,linear,0.0022,0.4,2,4,251,0.860291143536461,3.212648022171832,0.4823529411764706,3.4477198286722097,0.5365853658536586
L-Concrete,concrete,linear,0.0022,0.4,2,5,251,0.8211002305632858,3.291005291005291,0.5,3.604434366339128,0.575
L-Concrete,concrete,linear,0.0022,0.4,2,6,251,0.8437511693975775,3.055933484504913,0.4482758620689655,3.526077097505669,0.5555555555555556
L-Concrete,concrete,linear,0.0022,0.4,2,7,251,0.8220648204192785,3.212648022171832,0.4823529411764706,3.1342907533383726,0.4651162790697674
L-Concrete,concrete,linear,0.0022,0.4,3,4,251,0.8279437476252399,3.055933484504913,0.4482758620689655,3.4477198286722097,0.5365853658536586
L-Concrete,concrete,linear,0.0022,0.4,3,5,251,0.8191255816626266,3.291005291005291,0.5,3.212648022171832,0.4823529411764706
L-Concrete,concrete,linear,0.0022,0.4,3,6,251,0.8215885780217506,2.977576215671454,0.4318181818181818,3.3693625598387507,0.5180722891566265
L-Concrete,concrete,linear,0.0022,0.4,3,7,251,0.8033553204480407,2.8992189468379945,0.4157303370786517,3.1342907533383726,0.4651162790697674
L-Concrete,concrete,linear,0.0022,0.4,4,5,251,0.816124311422717,3.212648022171832,0.4823529411764706,3.682791635172588,0.5949367088607594
L-Concrete,concrete,linear,0.0022,0.4,4,6,251,0.8386613028954922,3.212648022171832,0.4823529411764706,3.604434366339128,0.575
L-Concrete,concrete,linear,0.0022,0.4,4,7,251,0.82708888757955,3.212648022171832,0.4823529411764706,3.4477198286722097,0.5365853658536586
L-Concrete,concrete,linear,0.0022,0.4,5,6,251,0.8028087937071696,3.212648022171832,0.4823529411764706,3.4477198286722097,0.5365853658536586
L-Concrete,concrete,linear,0.0022,0.4,5,7,251,0.8007745483567748,3.1342907533383726,0.4651162790697674,3.291005291005291,0.5
L-Concrete,concrete,linear,0.0022,0.4,6,7,251,0.8310937132072502,2.8992189468379945,0.4157303370786517,3.212648022171832,0.4823529411764706
L-Concrete,concrete,linear,0.0055,0.4,0,1,255,0.668890962456006,2.2723607961703203,0.2989690721649484,3.1342907533383726,0.4651162790697674
L-Concrete,concrete,linear,0.0055,0.4,0,2,255,0.5535709782086172,1.958931720836483,0.2475247524752475,1.958931720836483,0.2475247524752475
L-Concrete,concrete,linear,0.0055,0.4,0,3,255,0.6529173346264274,2.2723607961703203,0.2989690721649484,2.8208616780045355,0.4
L-Concrete,concrete,linear,0.0055,0.4,0,4,255,0.6037325730634182,2.507432602670698,0.3404255319148936,2.5857898715041574,0.3548387096774194
L-Concrete,concrete,linear,0.0055,0.4,0,5,255,0.6007210983281531,2.5857898715041574,0.3548387096774194,2.5857898715041574,0.3548387096774194
L-Concrete,concrete,linear,0.0055,0.4,0,6,255,0.6391173417941879,2.5857898715041574,0.3548387096774194,2.742504409171076,0.3846153846153846
L-Concrete,concrete,linear,0.0055,0.4,0,7,255,0.5680122842973214,2.1156462585034013,0.2727272727272727,2.1940035273368608,0.2857142857142857
L-Concrete,concrete,linear,0.0055,0.4,1,2,255,0.6890497775631192,2.8992189468379945,0.4157303370786517,2.429075333837239,0.3263157894736842
L-Concrete,concrete,linear,0.0055,0.4,1,3,255,0.721688706836438,2.742504409171076,0.3846153846153846,3.055933484504913,0.4482758620689655
L-Concrete,concrete,linear,0.0055,0.4,1,4,255,0.6480946143209164,3.1342907533383726,0.4651162790697674,2.507432602670698,0.3404255319148936
L-Concrete,concrete,linear,0.0055,0.4,1,5,255,0.6436079156147799,2.977576215671454,0.4318181818181818,2.8992189468379945,0.4157303370786517
L-Concrete,concrete,linear,0.0055,0.4,1,6,255,0.6898186967616924,3.055933484504913,0.4482758620689655,2.8208616780045355,0.4
L-Concrete,concrete,linear,0.0055,0.4,1,7,255,0.7346947592612859,3.1342907533383726,0.4651162790697674,2.8992189468379945,0.4157303370786517
L-Concrete,concrete,linear,0.0055,0.4,2,3,255,0.6927453072175754,2.5857898715041574,0.3548387096774194,2.3507180650037798,0.3125
L-Concrete,concrete,linear,0.0055,0.4,2,4,255,0.666619506339976,2.6641471403376165,0.3695652173913043,2.429075333837239,0.3263157894736842
L-Concrete,concrete,linear,0.0055,0.4,2,5,255,0.6569554733047781,2.6641471403376165,0.3695652173913043,2.429075333837239,0.3263157894736842
L-Concrete,concrete,linear,0.0055,0.4,2,6,255,0.705123878759829,2.6641471403376165,0.3695652173913043,2.5857898715041574,0.3548387096774194
L-Concrete,concrete,linear,0.0055,0.4,2,7,255,0.6907762600241194,2.2723607961703203,0.2989690721649484,2.507432602670698,0.3404255319148936
L-Concrete,concrete,linear,0.0055,0.4,3,4,255,0.6263114625859949,2.6641471403376165,0.3695652173913043,2.742504409171076,0.3846153846153846
L-Concrete,concrete,linear,0.0055,0.4,3,5,255,0.6382131859453958,2.3507180650037798,0.3125,2.6641471403376165,0.3695652173913043
L-Concrete,concrete,linear,0.0055,0.4,3,6,255,0.7063969719319123,2.8208616780045355,0.4,3.212648022171832,0.4823529411764706
L-Concrete,concrete,linear,0.0055,0.4,3,7,255,0.6736045794846685,2.8992189468379945,0.4157303370786517,2.429075333837239,0.3263157894736842
L-Concrete,concrete,linear,0.0055,0.4,4,5,255,0.6603817625479441,2.5857898715041574,0.3548387096774194,2.5857898715041574,0.3548387096774194
L-Concrete,concrete,linear,0.0055,0.4,4,6,255,0.6509426235783959,2.742504409171076,0.3846153846153846,2.6641471403376165,0.3695652173913043
L-Concrete,concrete,linear,0.0055,0.4,4,7,255,0.6412301167625156,2.742504409171076,0.3846153846153846,2.507432602670698,0.3404255319148936
L-Concrete,concrete,linear,0.0055,0.4,5,6,255,0.6490202222256618,2.507432602670698,0.3404255319148936,2.8208616780045355,0.4
L-Concrete,concrete,linear,0.0055,0.4,5,7,255,0.6684704529019416,2.6641471403376165,0.3695652173913043,2.977576215671454,0.4318181818181818
L-Concrete,concrete,linear,0.0055,0.4,6,7,255,0.6800655555824869,2.8992189468379945,0.4157303370786517,2.6641471403376165,0.3695652173913043
LSPIN,lspin_tf,mlp,0.00875,0.0,0,1,4,0.523378747733755,2.1156462585034013,0.2727272727272727,2.8208616780045355,0.4
LSPIN,lspin_tf,mlp,0.00875,0.0,0,2,4,0.5819519899594419,2.507432602670698,0.3404255319148936,2.2723607961703203,0.2989690721649484
LSPIN,lspin_tf,mlp,0.00875,0.0,0,3,4,0.4015660343971029,2.037288989669942,0.26,2.507432602670698,0.3404255319148936
LSPIN,lspin_tf,mlp,0.00875,0.0,0,4,4,0.4711157545723609,2.037288989669942,0.26,2.1156462585034013,0.2727272727272727
LSPIN,lspin_tf,mlp,0.00875,0.0,0,5,4,0.5027913310537336,2.1940035273368608,0.2857142857142857,2.3507180650037798,0.3125
LSPIN,lspin_tf,mlp,0.00875,0.0,0,6,4,0.4842453950612961,2.1156462585034013,0.2727272727272727,2.429075333837239,0.3263157894736842
LSPIN,lspin_tf,mlp,0.00875,0.0,0,7,4,0.5424426547377206,2.507432602670698,0.3404255319148936,2.6641471403376165,0.3695652173913043
LSPIN,lspin_tf,mlp,0.00875,0.0,1,2,4,0.6313126729124537,2.507432602670698,0.3404255319148936,2.3507180650037798,0.3125
LSPIN,lspin_tf,mlp,0.00875,0.0,1,3,4,0.4131803551840993,1.880574452003024,0.2352941176470588,2.429075333837239,0.3263157894736842
LSPIN,lspin_tf,mlp,0.00875,0.0,1,4,4,0.4982149762522607,2.429075333837239,0.3263157894736842,2.2723607961703203,0.2989690721649484
LSPIN,lspin_tf,mlp,0.00875,0.0,1,5,4,0.5691465281644823,2.2723607961703203,0.2989690721649484,2.8992189468379945,0.4157303370786517
LSPIN,lspin_tf,mlp,0.00875,0.0,1,6,4,0.5290310751613801,2.3507180650037798,0.3125,2.5857898715041574,0.3548387096774194
LSPIN,lspin_tf,mlp,0.00875,0.0,1,7,4,0.5789692054067449,2.5857898715041574,0.3548387096774194,2.3507180650037798,0.3125
LSPIN,lspin_tf,mlp,0.00875,0.0,2,3,4,0.5085157180139106,2.429075333837239,0.3263157894736842,2.429075333837239,0.3263157894736842
LSPIN,lspin_tf,mlp,0.00875,0.0,2,4,4,0.5497393035295657,2.429075333837239,0.3263157894736842,1.958931720836483,0.2475247524752475
LSPIN,lspin_tf,mlp,0.00875,0.0,2,5,4,0.6518718140019323,2.8208616780045355,0.4,2.742504409171076,0.3846153846153846
LSPIN,lspin_tf,mlp,0.00875,0.0,2,6,4,0.530674042609344,2.429075333837239,0.3263157894736842,2.5857898715041574,0.3548387096774194
LSPIN,lspin_tf,mlp,0.00875,0.0,2,7,4,0.6299384586534293,2.8208616780045355,0.4,2.507432602670698,0.3404255319148936
LSPIN,lspin_tf,mlp,0.00875,0.0,3,4,4,0.5251106739457306,2.1940035273368608,0.2857142857142857,2.1940035273368608,0.2857142857142857
LSPIN,lspin_tf,mlp,0.00875,0.0,3,5,4,0.4787175987699979,2.037288989669942,0.26,2.507432602670698,0.3404255319148936
LSPIN,lspin_tf,mlp,0.00875,0.0,3,6,4,0.4456375866913838,2.037288989669942,0.26,2.3507180650037798,0.3125
LSPIN,lspin_tf,mlp,0.00875,0.0,3,7,4,0.5124920504956603,2.507432602670698,0.3404255319148936,2.3507180650037798,0.3125
LSPIN,lspin_tf,mlp,0.00875,0.0,4,5,4,0.547060504025325,2.1156462585034013,0.2727272727272727,2.507432602670698,0.3404255319148936
LSPIN,lspin_tf,mlp,0.00875,0.0,4,6,4,0.458548802924075,2.507432602670698,0.3404255319148936,2.037288989669942,0.26
LSPIN,lspin_tf,mlp,0.00875,0.0,4,7,4,0.5479212426210865,2.2723607961703203,0.2989690721649484,2.1940035273368608,0.2857142857142857
LSPIN,lspin_tf,mlp,0.00875,0.0,5,6,4,0.4703552414057827,2.1940035273368608,0.2857142857142857,2.3507180650037798,0.3125
LSPIN,lspin_tf,mlp,0.00875,0.0,5,7,4,0.5803948515904003,2.429075333837239,0.3263157894736842,2.507432602670698,0.3404255319148936
LSPIN,lspin_tf,mlp,0.00875,0.0,6,7,4,0.5406093914446122,2.3507180650037798,0.3125,2.3507180650037798,0.3125
LSPIN,lspin_tf,mlp,0.028,0.0,0,1,8,0.3236361606920577,1.802217183169564,0.2233009708737864,1.7238599143361049,0.2115384615384615
LSPIN,lspin_tf,mlp,0.028,0.0,0,2,8,0.335822777813635,1.880574452003024,0.2352941176470588,1.5671453766691863,0.1886792452830188
LSPIN,lspin_tf,mlp,0.028,0.0,0,3,8,0.1544197409924279,1.018644494834971,0.1150442477876106,1.4104308390022675,0.1666666666666666
LSPIN,lspin_tf,mlp,0.028,0.0,0,4,8,0.2956273580248065,1.7238599143361049,0.2115384615384615,1.880574452003024,0.2352941176470588
LSPIN,lspin_tf,mlp,0.028,0.0,0,5,8,0.3854068180609008,1.802217183169564,0.2233009708737864,1.880574452003024,0.2352941176470588
LSPIN,lspin_tf,mlp,0.028,0.0,0,6,8,0.2614090684824248,1.6455026455026456,0.2,1.5671453766691863,0.1886792452830188
LSPIN,lspin_tf,mlp,0.028,0.0,0,7,8,0.4108723637113328,1.958931720836483,0.2475247524752475,2.037288989669942,0.26
LSPIN,lspin_tf,mlp,0.028,0.0,1,2,8,0.4140758185878399,2.1156462585034013,0.2727272727272727,2.3507180650037798,0.3125
LSPIN,lspin_tf,mlp,0.028,0.0,1,3,8,0.1674699699764215,1.1753590325018897,0.1351351351351351,1.4104308390022675,0.1666666666666666
LSPIN,lspin_tf,mlp,0.028,0.0,1,4,8,0.3134747212691388,1.6455026455026456,0.2,2.3507180650037798,0.3125
LSPIN,lspin_tf,mlp,0.028,0.0,1,5,8,0.3300966880040692,1.958931720836483,0.2475247524752475,1.7238599143361049,0.2115384615384615
LSPIN,lspin_tf,mlp,0.028,0.0,1,6,8,0.3316200030147196,1.5671453766691863,0.1886792452830188,2.1940035273368608,0.2857142857142857
LSPIN,lspin_tf,mlp,0.028,0.0,1,7,8,0.3246675339216573,1.880574452003024,0.2352941176470588,1.880574452003024,0.2352941176470588
LSPIN,lspin_tf,mlp,0.028,0.0,2,3,8,0.1791803562084488,1.018644494834971,0.1150442477876106,1.3320735701688082,0.1559633027522936
LSPIN,lspin_tf,mlp,0.028,0.0,2,4,8,0.4239487469107045,1.7238599143361049,0.2115384615384615,2.1940035273368608,0.2857142857142857
LSPIN,lspin_tf,mlp,0.028,0.0,2,5,8,0.2162725711822871,1.802217183169564,0.2233009708737864,1.253716301335349,0.1454545454545454
LSPIN,lspin_tf,mlp,0.028,0.0,2,6,8,0.3150774479114785,1.802217183169564,0.2233009708737864,1.880574452003024,0.2352941176470588
LSPIN,lspin_tf,mlp,0.028,0.0,2,7,8,0.3798170468186206,1.5671453766691863,0.1886792452830188,1.880574452003024,0.2352941176470588
LSPIN,lspin_tf,mlp,0.028,0.0,3,4,8,0.1510487359880556,1.253716301335349,0.1454545454545454,1.1753590325018897,0.1351351351351351
LSPIN,lspin_tf,mlp,0.028,0.0,3,5,8,0.1859468590938531,1.1753590325018897,0.1351351351351351,1.6455026455026456,0.2
LSPIN,lspin_tf,mlp,0.028,0.0,3,6,8,0.1815842252344608,1.7238599143361049,0.2115384615384615,1.253716301335349,0.1454545454545454
LSPIN,lspin_tf,mlp,0.028,0.0,3,7,8,0.2486814810805271,1.7238599143361049,0.2115384615384615,1.488788107835727,0.1775700934579439
LSPIN,lspin_tf,mlp,0.028,0.0,4,5,8,0.1989363696161571,1.5671453766691863,0.1886792452830188,1.4104308390022675,0.1666666666666666
LSPIN,lspin_tf,mlp,0.028,0.0,4,6,8,0.2673656978900449,1.5671453766691863,0.1886792452830188,1.4104308390022675,0.1666666666666666
LSPIN,lspin_tf,mlp,0.028,0.0,4,7,8,0.26982230225243,1.7238599143361049,0.2115384615384615,1.880574452003024,0.2352941176470588
LSPIN,lspin_tf,mlp,0.028,0.0,5,6,8,0.2502776181540864,1.3320735701688082,0.1559633027522936,1.488788107835727,0.1775700934579439
LSPIN,lspin_tf,mlp,0.028,0.0,5,7,8,0.4296813931595734,1.802217183169564,0.2233009708737864,1.958931720836483,0.2475247524752475
LSPIN,lspin_tf,mlp,0.028,0.0,6,7,8,0.3031743186202778,1.4104308390022675,0.1666666666666666,1.3320735701688082,0.1559633027522936
LSPIN,lspin_tf,mlp,0.00875,0.1,0,1,12,0.6378345430822747,2.507432602670698,0.3404255319148936,2.5857898715041574,0.3548387096774194
LSPIN,lspin_tf,mlp,0.00875,0.1,0,2,12,0.5686572079110801,2.037288989669942,0.26,2.5857898715041574,0.3548387096774194
LSPIN,lspin_tf,mlp,0.00875,0.1,0,3,12,0.514853379171651,2.3507180650037798,0.3125,2.2723607961703203,0.2989690721649484
LSPIN,lspin_tf,mlp,0.00875,0.1,0,4,12,0.5460940410968099,2.1156462585034013,0.2727272727272727,2.6641471403376165,0.3695652173913043
LSPIN,lspin_tf,mlp,0.00875,0.1,0,5,12,0.5779699060176268,2.429075333837239,0.3263157894736842,2.742504409171076,0.3846153846153846
LSPIN,lspin_tf,mlp,0.00875,0.1,0,6,12,0.6378154499835131,2.742504409171076,0.3846153846153846,2.3507180650037798,0.3125
LSPIN,lspin_tf,mlp,0.00875,0.1,0,7,12,0.57656741655444,2.037288989669942,0.26,2.507432602670698,0.3404255319148936
LSPIN,lspin_tf,mlp,0.00875,0.1,1,2,12,0.6741412758325189,2.8992189468379945,0.4157303370786517,2.6641471403376165,0.3695652173913043
LSPIN,lspin_tf,mlp,0.00875,0.1,1,3,12,0.6251566068065704,2.742504409171076,0.3846153846153846,2.507432602670698,0.3404255319148936
LSPIN,lspin_tf,mlp,0.00875,0.1,1,4,12,0.5813222098611699,2.037288989669942,0.26,2.5857898715041574,0.3548387096774194
LSPIN,lspin_tf,mlp,0.00875,0.1,1,5,12,0.7193856571091708,2.8992189468379945,0.4157303370786517,2.8992189468379945,0.4157303370786517
LSPIN,lspin_tf,mlp,0.00875,0.1,1,6,12,0.6870523102426501,3.212648022171832,0.4823529411764706,2.429075333837239,0.3263157894736842
LSPIN,lspin_tf,mlp,0.00875,0.1,1,7,12,0.601508513718008,2.1940035273368608,0.2857142857142857,2.8208616780045355,0.4
LSPIN,lspin_tf,mlp,0.00875,0.1,2,3,12,0.6133845713238592,2.5857898715041574,0.3548387096774194,2.6641471403376165,0.3695652173913043
LSPIN,lspin_tf,mlp,0.00875,0.1,2,4,12,0.5673341480275947,1.802217183169564,0.2233009708737864,2.6641471403376165,0.3695652173913043
LSPIN,lspin_tf,mlp,0.00875,0.1,2,5,12,0.6290293112590104,2.507432602670698,0.3404255319148936,3.1342907533383726,0.4651162790697674
LSPIN,lspin_tf,mlp,0.00875,0.1,2,6,12,0.6305590179823474,2.507432602670698,0.3404255319148936,2.977576215671454,0.4318181818181818
LSPIN,lspin_tf,mlp,0.00875,0.1,2,7,12,0.5552695519601589,1.880574452003024,0.2352941176470588,2.5857898715041574,0.3548387096774194
LSPIN,lspin_tf,mlp,0.00875,0.1,3,4,12,0.5086163544981829,2.037288989669942,0.26,2.2723607961703203,0.2989690721649484
LSPIN,lspin_tf,mlp,0.00875,0.1,3,5,12,0.5647146445344823,2.5857898715041574,0.3548387096774194,2.429075333837239,0.3263157894736842
LSPIN,lspin_tf,mlp,0.00875,0.1,3,6,12,0.593455284279243,2.507432602670698,0.3404255319148936,2.429075333837239,0.3263157894736842
LSPIN,lspin_tf,mlp,0.00875,0.1,3,7,12,0.5243194832775303,1.802217183169564,0.2233009708737864,2.5857898715041574,0.3548387096774194
LSPIN,lspin_tf,mlp,0.00875,0.1,4,5,12,0.6101472123766424,2.1940035273368608,0.2857142857142857,2.8208616780045355,0.4
LSPIN,lspin_tf,mlp,0.00875,0.1,4,6,12,0.5386750268880661,2.1940035273368608,0.2857142857142857,2.3507180650037798,0.3125
LSPIN,lspin_tf,mlp,0.00875,0.1,4,7,12,0.5497097975480784,2.507432602670698,0.3404255319148936,2.5857898715041574,0.3548387096774194
LSPIN,lspin_tf,mlp,0.00875,0.1,5,6,12,0.6643033071221849,3.1342907533383726,0.4651162790697674,2.6641471403376165,0.3695652173913043
LSPIN,lspin_tf,mlp,0.00875,0.1,5,7,12,0.5056996882281721,1.5671453766691863,0.1886792452830188,2.6641471403376165,0.3695652173913043
LSPIN,lspin_tf,mlp,0.00875,0.1,6,7,12,0.5382941629579499,2.037288989669942,0.26,2.429075333837239,0.3263157894736842
LSPIN,lspin_tf,mlp,0.028,0.1,0,1,16,0.390026608265814,2.037288989669942,0.26,1.958931720836483,0.2475247524752475
LSPIN,lspin_tf,mlp,0.028,0.1,0,2,16,0.4188666813598545,2.1156462585034013,0.2727272727272727,2.037288989669942,0.26
LSPIN,lspin_tf,mlp,0.028,0.1,0,3,16,0.4391493342646154,1.802217183169564,0.2233009708737864,2.507432602670698,0.3404255319148936
LSPIN,lspin_tf,mlp,0.028,0.1,0,4,16,0.5192519207391847,1.6455026455026456,0.2,2.3507180650037798,0.3125
LSPIN,lspin_tf,mlp,0.028,0.1,0,5,16,0.3857676459377223,1.6455026455026456,0.2,1.880574452003024,0.2352941176470588
LSPIN,lspin_tf,mlp,0.028,0.1,0,6,16,0.31940056146734,1.4104308390022675,0.1666666666666666,2.2723607961703203,0.2989690721649484
LSPIN,lspin_tf,mlp,0.028,0.1,0,7,16,0.3194592227276474,1.6455026455026456,0.2,1.802217183169564,0.2233009708737864
LSPIN,lspin_tf,mlp,0.028,0.1,1,2,16,0.3229715449758131,1.802217183169564,0.2233009708737864,1.802217183169564,0.2233009708737864
LSPIN,lspin_tf,mlp,0.028,0.1,1,3,16,0.4235421484271268,2.037288989669942,0.26,1.802217183169564,0.2233009708737864
LSPIN,lspin_tf,mlp,0.028,0.1,1,4,16,0.377524759042265,2.037288989669942,0.26,1.802217183169564,0.2233009708737864
LSPIN,lspin_tf,mlp,0.028,0.1,1,5,16,0.3590358923254127,1.802217183169564,0.2233009708737864,1.958931720836483,0.2475247524752475
LSPIN,lspin_tf,mlp,0.028,0.1,1,6,16,0.4166308876591506,1.880574452003024,0.2352941176470588,1.7238599143361049,0.2115384615384615
LSPIN,lspin_tf,mlp,0.028,0.1,1,7,16,0.3004277837073918,1.880574452003024,0.2352941176470588,1.802217183169564,0.2233009708737864
LSPIN,lspin_tf,mlp,0.028,0.1,2,3,16,0.4828839368594246,1.958931720836483,0.2475247524752475,2.507432602670698,0.3404255319148936
LSPIN,lspin_tf,mlp,0.028,0.1,2,4,16,0.4186673813930061,1.880574452003024,0.2352941176470588,1.880574452003024,0.2352941176470588
LSPIN,lspin_tf,mlp,0.028,0.1,2,5,16,0.4531654246242311,1.880574452003024,0.2352941176470588,1.6455026455026456,0.2
LSPIN,lspin_tf,mlp,0.028,0.1,2,6,16,0.4195913892461467,1.6455026455026456,0.2,2.037288989669942,0.26
LSPIN,lspin_tf,mlp,0.028,0.1,2,7,16,0.2331659028433829,1.6455026455026456,0.2,1.3320735701688082,0.1559633027522936
LSPIN,lspin_tf,mlp,0.028,0.1,3,4,16,0.5460990477354041,2.429075333837239,0.3263157894736842,2.429075333837239,0.3263157894736842
LSPIN,lspin_tf,mlp,0.028,0.1,3,5,16,0.461853502136732,2.2723607961703203,0.2989690721649484,2.1940035273368608,0.2857142857142857
LSPIN,lspin_tf,mlp,0.028,0.1,3,6,16,0.3854213497967909,1.6455026455026456,0.2,2.1156462585034013,0.2727272727272727
LSPIN,lspin_tf,mlp,0.028,0.1,3,7,16,0.3140595939933843,1.7238599143361049,0.2115384615384615,1.7238599143361049,0.2115384615384615
LSPIN,lspin_tf,mlp,0.028,0.1,4,5,16,0.4739107477409257,2.2723607961703203,0.2989690721649484,1.880574452003024,0.2352941176470588
LSPIN,lspin_tf,mlp,0.028,0.1,4,6,16,0.3864571113562385,2.1156462585034013,0.2727272727272727,1.802217183169564,0.2233009708737864
LSPIN,lspin_tf,mlp,0.028,0.1,4,7,16,0.4050893039346017,1.880574452003024,0.2352941176470588,2.1156462585034013,0.2727272727272727
LSPIN,lspin_tf,mlp,0.028,0.1,5,6,16,0.4276088944328534,1.880574452003024,0.2352941176470588,1.958931720836483,0.2475247524752475
LSPIN,lspin_tf,mlp,0.028,0.1,5,7,16,0.2981222639639898,1.6455026455026456,0.2,1.7238599143361049,0.2115384615384615
LSPIN,lspin_tf,mlp,0.028,0.1,6,7,16,0.3310772665910315,1.880574452003024,0.2352941176470588,2.037288989669942,0.26
LSPIN,lspin_tf,mlp,0.00875,0.2,0,1,20,0.640419356823543,2.5857898715041574,0.3548387096774194,2.742504409171076,0.3846153846153846
LSPIN,lspin_tf,mlp,0.00875,0.2,0,2,20,0.6122451526621564,2.8208616780045355,0.4,2.507432602670698,0.3404255319148936
LSPIN,lspin_tf,mlp,0.00875,0.2,0,3,20,0.6006242147119883,2.5857898715041574,0.3548387096774194,2.429075333837239,0.3263157894736842
LSPIN,lspin_tf,mlp,0.00875,0.2,0,4,20,0.5988215679980211,2.429075333837239,0.3263157894736842,2.1156462585034013,0.2727272727272727
LSPIN,lspin_tf,mlp,0.00875,0.2,0,5,20,0.6931699143408226,2.8992189468379945,0.4157303370786517,2.742504409171076,0.3846153846153846
LSPIN,lspin_tf,mlp,0.00875,0.2,0,6,20,0.5797733912154595,2.5857898715041574,0.3548387096774194,2.037288989669942,0.26
LSPIN,lspin_tf,mlp,0.00875,0.2,0,7,20,0.6265948335606231,2.8208616780045355,0.4,2.507432602670698,0.3404255319148936
LSPIN,lspin_tf,mlp,0.00875,0.2,1,2,20,0.5652470369003307,2.2723607961703203,0.2989690721649484,2.5857898715041574,0.3548387096774194
LSPIN,lspin_tf,mlp,0.00875,0.2,1,3,20,0.6468072603523994,2.5857898715041574,0.3548387096774194,2.6641471403376165,0.3695652173913043
LSPIN,lspin_tf,mlp,0.00875,0.2,1,4,20,0.6353341914206717,2.5857898715041574,0.3548387096774194,2.742504409171076,0.3846153846153846
LSPIN,lspin_tf,mlp,0.00875,0.2,1,5,20,0.5767515308651551,2.037288989669942,0.26,2.507432602670698,0.3404255319148936
LSPIN,lspin_tf,mlp,0.00875,0.2,1,6,20,0.5571245269402278,2.2723607961703203,0.2989690721649484,2.3507180650037798,0.3125
LSPIN,lspin_tf,mlp,0.00875,0.2,1,7,20,0.6270412810447236,2.2723607961703203,0.2989690721649484,2.742504409171076,0.3846153846153846
LSPIN,lspin_tf,mlp,0.00875,0.2,2,3,20,0.6036934688856656,2.5857898715041574,0.3548387096774194,2.507432602670698,0.3404255319148936
LSPIN,lspin_tf,mlp,0.00875,0.2,2,4,20,0.5500483341657244,2.2723607961703203,0.2989690721649484,2.5857898715041574,0.3548387096774194
LSPIN,lspin_tf,mlp,0.00875,0.2,2,5,20,0.5959479497760676,2.6641471403376165,0.3695652173913043,2.5857898715041574,0.3548387096774194
LSPIN,lspin_tf,mlp,0.00875,0.2,2,6,20,0.5146387536149412,2.507432602670698,0.3404255319148936,2.3507180650037798,0.3125
LSPIN,lspin_tf,mlp,0.00875,0.2,2,7,20,0.5671009368285541,2.1940035273368608,0.2857142857142857,2.5857898715041574,0.3548387096774194
LSPIN,lspin_tf,mlp,0.00875,0.2,3,4,20,0.5567347672933722,2.3507180650037798,0.3125,2.037288989669942,0.26
LSPIN,lspin_tf,mlp,0.00875,0.2,3,5,20,0.6235965192099423,2.8208616780045355,0.4,2.742504409171076,0.3846153846153846
LSPIN,lspin_tf,mlp,0.00875,0.2,3,6,20,0.6235697447538086,2.507432602670698,0.3404255319148936,2.3507180650037798,0.3125
LSPIN,lspin_tf,mlp,0.00875,0.2,3,7,20,0.6183301226789302,2.429075333837239,0.3263157894736842,2.5857898715041574,0.3548387096774194
LSPIN,lspin_tf,mlp,0.00875,0.2,4,5,20,0.5687689373995941,2.1156462585034013,0.2727272727272727,2.5857898715041574,0.3548387096774194
LSPIN,lspin_tf,mlp,0.00875,0.2,4,6,20,0.6188034526814836,2.507432602670698,0.3404255319148936,2.429075333837239,0.3263157894736842
LSPIN,lspin_tf,mlp,0.00875,0.2,4,7,20,0.6119253530343457,2.2723607961703203,0.2989690721649484,2.8208616780045355,0.4
LSPIN,lspin_tf,mlp,0.00875,0.2,5,6,20,0.5329419027301137,2.037288989669942,0.26,2.6641471403376165,0.3695652173913043
LSPIN,lspin_tf,mlp,0.00875,0.2,5,7,20,0.6221504757848071,2.2723607961703203,0.2989690721649484,2.8208616780045355,0.4
LSPIN,lspin_tf,mlp,0.00875,0.2,6,7,20,0.6077311235671625,2.6641471403376165,0.3695652173913043,2.3507180650037798,0.3125
LSPIN,lspin_tf,mlp,0.028,0.2,0,1,24,0.4693089399127806,2.1940035273368608,0.2857142857142857,2.507432602670698,0.3404255319148936
LSPIN,lspin_tf,mlp,0.028,0.2,0,2,24,0.4316872669788915,1.802217183169564,0.2233009708737864,1.802217183169564,0.2233009708737864
LSPIN,lspin_tf,mlp,0.028,0.2,0,3,24,0.3158954448662106,1.7238599143361049,0.2115384615384615,2.037288989669942,0.26
LSPIN,lspin_tf,mlp,0.028,0.2,0,4,24,0.3803978486943702,2.037288989669942,0.26,2.2723607961703203,0.2989690721649484
LSPIN,lspin_tf,mlp,0.028,0.2,0,5,24,0.3455515382162769,1.802217183169564,0.2233009708737864,2.037288989669942,0.26
LSPIN,lspin_tf,mlp,0.028,0.2,0,6,24,0.3215755393679531,2.037288989669942,0.26,1.488788107835727,0.1775700934579439
LSPIN,lspin_tf,mlp,0.028,0.2,0,7,24,0.4098208820566947,2.2723607961703203,0.2989690721649484,2.1940035273368608,0.2857142857142857
LSPIN,lspin_tf,mlp,0.028,0.2,1,2,24,0.4659719504961059,1.7238599143361049,0.2115384615384615,1.880574452003024,0.2352941176470588
LSPIN,lspin_tf,mlp,0.028,0.2,1,3,24,0.3619607190861275,1.958931720836483,0.2475247524752475,2.2723607961703203,0.2989690721649484
LSPIN,lspin_tf,mlp,0.028,0.2,1,4,24,0.4245969083226427,2.1156462585034013,0.2727272727272727,1.958931720836483,0.2475247524752475
LSPIN,lspin_tf,mlp,0.028,0.2,1,5,24,0.403757499859583,1.958931720836483,0.2475247524752475,1.958931720836483,0.2475247524752475
LSPIN,lspin_tf,mlp,0.028,0.2,1,6,24,0.4054338431879044,1.880574452003024,0.2352941176470588,1.958931720836483,0.2475247524752475
LSPIN,lspin_tf,mlp,0.028,0.2,1,7,24,0.4198879466300887,2.1156462585034013,0.2727272727272727,2.2723607961703203,0.2989690721649484
LSPIN,lspin_tf,mlp,0.028,0.2,2,3,24,0.3531039642963029,1.6455026455026456,0.2,1.958931720836483,0.2475247524752475
LSPIN,lspin_tf,mlp,0.028,0.2,2,4,24,0.401499469937885,1.7238599143361049,0.2115384615384615,2.3507180650037798,0.3125
LSPIN,lspin_tf,mlp,0.028,0.2,2,5,24,0.4346668834944476,2.1940035273368608,0.2857142857142857,1.958931720836483,0.2475247524752475
LSPIN,lspin_tf,mlp,0.028,0.2,2,6,24,0.4492181139485189,2.1940035273368608,0.2857142857142857,2.1156462585034013,0.2727272727272727
LSPIN,lspin_tf,mlp,0.028,0.2,2,7,24,0.3979819435337127,1.488788107835727,0.1775700934579439,2.037288989669942,0.26
LSPIN,lspin_tf,mlp,0.028,0.2,3,4,24,0.3394293537616456,2.037288989669942,0.26,1.7238599143361049,0.2115384615384615
LSPIN,lspin_tf,mlp,0.028,0.2,3,5,24,0.2934282972527039,1.7238599143361049,0.2115384615384615,1.802217183169564,0.2233009708737864
LSPIN,lspin_tf,mlp,0.028,0.2,3,6,24,0.2888375465258434,2.037288989669942,0.26,1.7238599143361049,0.2115384615384615
LSPIN,lspin_tf,mlp,0.028,0.2,3,7,24,0.3538992409092198,2.2723607961703203,0.2989690721649484,1.880574452003024,0.2352941176470588
LSPIN,lspin_tf,mlp,0.028,0.2,4,5,24,0.4129773322752827,2.1156462585034013,0.2727272727272727,2.2723607961703203,0.2989690721649484
LSPIN,lspin_tf,mlp,0.028,0.2,4,6,24,0.3265366535287717,1.880574452003024,0.2352941176470588,1.6455026455026456,0.2
LSPIN,lspin_tf,mlp,0.028,0.2,4,7,24,0.3503232659883803,1.6455026455026456,0.2,1.5671453766691863,0.1886792452830188
LSPIN,lspin_tf,mlp,0.028,0.2,5,6,24,0.4068737297513662,2.1156462585034013,0.2727272727272727,1.958931720836483,0.2475247524752475
LSPIN,lspin_tf,mlp,0.028,0.2,5,7,24,0.2934266213358135,1.802217183169564,0.2233009708737864,2.1156462585034013,0.2727272727272727
LSPIN,lspin_tf,mlp,0.028,0.2,6,7,24,0.4072142292007277,1.958931720836483,0.2475247524752475,2.1940035273368608,0.2857142857142857
LSPIN,lspin_tf,mlp,0.00875,0.4,0,1,28,0.6079492245582601,2.429075333837239,0.3263157894736842,2.6641471403376165,0.3695652173913043
LSPIN,lspin_tf,mlp,0.00875,0.4,0,2,28,0.5459368403311973,2.037288989669942,0.26,2.977576215671454,0.4318181818181818
LSPIN,lspin_tf,mlp,0.00875,0.4,0,3,28,0.5640172763312107,2.3507180650037798,0.3125,2.8208616780045355,0.4
LSPIN,lspin_tf,mlp,0.00875,0.4,0,4,28,0.6018902373936694,2.507432602670698,0.3404255319148936,2.6641471403376165,0.3695652173913043
LSPIN,lspin_tf,mlp,0.00875,0.4,0,5,28,0.647295368826318,2.3507180650037798,0.3125,2.8992189468379945,0.4157303370786517
LSPIN,lspin_tf,mlp,0.00875,0.4,0,6,28,0.6718924157269821,2.507432602670698,0.3404255319148936,2.977576215671454,0.4318181818181818
LSPIN,lspin_tf,mlp,0.00875,0.4,0,7,28,0.6299926192752932,2.1940035273368608,0.2857142857142857,2.742504409171076,0.3846153846153846
LSPIN,lspin_tf,mlp,0.00875,0.4,1,2,28,0.5789993542508425,2.1940035273368608,0.2857142857142857,2.6641471403376165,0.3695652173913043
LSPIN,lspin_tf,mlp,0.00875,0.4,1,3,28,0.61554715464156,2.1156462585034013,0.2727272727272727,3.055933484504913,0.4482758620689655
LSPIN,lspin_tf,mlp,0.00875,0.4,1,4,28,0.604943009426414,2.507432602670698,0.3404255319148936,2.742504409171076,0.3846153846153846
LSPIN,lspin_tf,mlp,0.00875,0.4,1,5,28,0.6391668111156266,2.3507180650037798,0.3125,2.6641471403376165,0.3695652173913043
LSPIN,lspin_tf,mlp,0.00875,0.4,1,6,28,0.6247173812936955,2.507432602670698,0.3404255319148936,2.5857898715041574,0.3548387096774194
LSPIN,lspin_tf,mlp,0.00875,0.4,1,7,28,0.6345388292513083,2.429075333837239,0.3263157894736842,2.977576215671454,0.4318181818181818
LSPIN,lspin_tf,mlp,0.00875,0.4,2,3,28,0.4929745381925133,2.1156462585034013,0.2727272727272727,2.3507180650037798,0.3125
LSPIN,lspin_tf,mlp,0.00875,0.4,2,4,28,0.5787040764358216,2.3507180650037798,0.3125,2.5857898715041574,0.3548387096774194
LSPIN,lspin_tf,mlp,0.00875,0.4,2,5,28,0.5900883996650147,2.3507180650037798,0.3125,2.742504409171076,0.3846153846153846
LSPIN,lspin_tf,mlp,0.00875,0.4,2,6,28,0.5671166665840014,2.429075333837239,0.3263157894736842,2.2723607961703203,0.2989690721649484
LSPIN,lspin_tf,mlp,0.00875,0.4,2,7,28,0.4980761936774389,1.488788107835727,0.1775700934579439,2.429075333837239,0.3263157894736842
LSPIN,lspin_tf,mlp,0.00875,0.4,3,4,28,0.5861628333847367,2.429075333837239,0.3263157894736842,3.1342907533383726,0.4651162790697674
LSPIN,lspin_tf,mlp,0.00875,0.4,3,5,28,0.6356492728079245,2.2723607961703203,0.2989690721649484,2.6641471403376165,0.3695652173913043
LSPIN,lspin_tf,mlp,0.00875,0.4,3,6,28,0.6035589124574974,2.1940035273368608,0.2857142857142857,2.742504409171076,0.3846153846153846
LSPIN,lspin_tf,mlp,0.00875,0.4,3,7,28,0.6334212506373266,2.1940035273368608,0.2857142857142857,2.742504409171076,0.3846153846153846
LSPIN,lspin_tf,mlp,0.00875,0.4,4,5,28,0.5974947021801499,2.507432602670698,0.3404255319148936,2.507432602670698,0.3404255319148936
LSPIN,lspin_tf,mlp,0.00875,0.4,4,6,28,0.6320242743981007,2.507432602670698,0.3404255319148936,2.429075333837239,0.3263157894736842
LSPIN,lspin_tf,mlp,0.00875,0.4,4,7,28,0.5682448023386596,2.1940035273368608,0.2857142857142857,2.507432602670698,0.3404255319148936
LSPIN,lspin_tf,mlp,0.00875,0.4,5,6,28,0.714365995839018,2.6641471403376165,0.3695652173913043,2.742504409171076,0.3846153846153846
LSPIN,lspin_tf,mlp,0.00875,0.4,5,7,28,0.6506944680205833,2.5857898715041574,0.3548387096774194,2.8992189468379945,0.4157303370786517
LSPIN,lspin_tf,mlp,0.00875,0.4,6,7,28,0.6459960218984078,2.3507180650037798,0.3125,2.8208616780045355,0.4
LSPIN,lspin_tf,mlp,0.028,0.4,0,1,32,0.4736894692213307,2.1156462585034013,0.2727272727272727,1.880574452003024,0.2352941176470588
LSPIN,lspin_tf,mlp,0.028,0.4,0,2,32,0.4353625111283047,2.037288989669942,0.26,1.958931720836483,0.2475247524752475
LSPIN,lspin_tf,mlp,0.028,0.4,0,3,32,0.4746614745233626,2.1156462585034013,0.2727272727272727,1.880574452003024,0.2352941176470588
LSPIN,lspin_tf,mlp,0.028,0.4,0,4,32,0.3086230872357945,1.7238599143361049,0.2115384615384615,1.5671453766691863,0.1886792452830188
LSPIN,lspin_tf,mlp,0.028,0.4,0,5,32,0.4118369954678673,2.037288989669942,0.26,2.1940035273368608,0.2857142857142857
LSPIN,lspin_tf,mlp,0.028,0.4,0,6,32,0.3695844960570006,1.6455026455026456,0.2,1.802217183169564,0.2233009708737864
LSPIN,lspin_tf,mlp,0.028,0.4,0,7,32,0.3755857286030886,1.6455026455026456,0.2,2.1156462585034013,0.2727272727272727
LSPIN,lspin_tf,mlp,0.028,0.4,1,2,32,0.4515121421593244,1.802217183169564,0.2233009708737864,2.1156462585034013,0.2727272727272727
LSPIN,lspin_tf,mlp,0.028,0.4,1,3,32,0.4413493610827192,2.037288989669942,0.26,1.880574452003024,0.2352941176470588
LSPIN,lspin_tf,mlp,0.028,0.4,1,4,32,0.2911017697925115,1.3320735701688082,0.1559633027522936,1.958931720836483,0.2475247524752475
LSPIN,lspin_tf,mlp,0.028,0.4,1,5,32,0.4214192539040883,1.958931720836483,0.2475247524752475,2.1156462585034013,0.2727272727272727
LSPIN,lspin_tf,mlp,0.028,0.4,1,6,32,0.3188678489928739,1.802217183169564,0.2233009708737864,1.880574452003024,0.2352941176470588
LSPIN,lspin_tf,mlp,0.028,0.4,1,7,32,0.3456929897878797,1.802217183169564,0.2233009708737864,1.958931720836483,0.2475247524752475
LSPIN,lspin_tf,mlp,0.028,0.4,2,3,32,0.3241575480431318,1.7238599143361049,0.2115384615384615,1.880574452003024,0.2352941176470588
LSPIN,lspin_tf,mlp,0.028,0.4,2,4,32,0.2237003524979842,1.253716301335349,0.1454545454545454,1.802217183169564,0.2233009708737864
LSPIN,lspin_tf,mlp,0.028,0.4,2,5,32,0.3473003794968736,1.802217183169564,0.2233009708737864,2.037288989669942,0.26
LSPIN,lspin_tf,mlp,0.028,0.4,2,6,32,0.2549917838889803,1.5671453766691863,0.1886792452830188,1.802217183169564,0.2233009708737864
LSPIN,lspin_tf,mlp,0.028,0.4,2,7,32,0.3497817799275152,1.488788107835727,0.1775700934579439,1.958931720836483,0.2475247524752475
LSPIN,lspin_tf,mlp,0.028,0.4,3,4,32,0.4344383013579913,1.7238599143361049,0.2115384615384615,2.2723607961703203,0.2989690721649484
LSPIN,lspin_tf,mlp,0.028,0.4,3,5,32,0.3569814434333233,1.880574452003024,0.2352941176470588,1.958931720836483,0.2475247524752475
LSPIN,lspin_tf,mlp,0.028,0.4,3,6,32,0.3897605116244557,1.880574452003024,0.2352941176470588,1.958931720836483,0.2475247524752475
LSPIN,lspin_tf,mlp,0.028,0.4,3,7,32,0.3485123973066086,1.7238599143361049,0.2115384615384615,2.1940035273368608,0.2857142857142857
LSPIN,lspin_tf,mlp,0.028,0.4,4,5,32,0.3461189587741056,1.802217183169564,0.2233009708737864,2.037288989669942,0.26
LSPIN,lspin_tf,mlp,0.028,0.4,4,6,32,0.2804259457455286,1.880574452003024,0.2352941176470588,2.1940035273368608,0.2857142857142857
LSPIN,lspin_tf,mlp,0.028,0.4,4,7,32,0.2249160732073871,1.5671453766691863,0.1886792452830188,1.802217183169564,0.2233009708737864
LSPIN,lspin_tf,mlp,0.028,0.4,5,6,32,0.2740393162174325,1.958931720836483,0.2475247524752475,2.037288989669942,0.26
LSPIN,lspin_tf,mlp,0.028,0.4,5,7,32,0.3224537372500516,1.7238599143361049,0.2115384615384615,1.5671453766691863,0.1886792452830188
LSPIN,lspin_tf,mlp,0.028,0.4,6,7,32,0.3535844644813791,2.2723607961703203,0.2989690721649484,2.2723607961703203,0.2989690721649484
LSPIN,lspin_tf,mlp,0.00875,0.0,0,1,36,0.5442158925080194,2.429075333837239,0.3263157894736842,2.1940035273368608,0.2857142857142857
LSPIN,lspin_tf,mlp,0.00875,0.0,0,2,36,0.4692444310499415,2.2723607961703203,0.2989690721649484,2.037288989669942,0.26
LSPIN,lspin_tf,mlp,0.00875,0.0,0,3,36,0.4980239187799042,2.1156462585034013,0.2727272727272727,2.037288989669942,0.26
LSPIN,lspin_tf,mlp,0.00875,0.0,0,4,36,0.5923264699454919,2.742504409171076,0.3846153846153846,2.429075333837239,0.3263157894736842
LSPIN,lspin_tf,mlp,0.00875,0.0,0,5,36,0.54343551873872,2.429075333837239,0.3263157894736842,2.429075333837239,0.3263157894736842
LSPIN,lspin_tf,mlp,0.00875,0.0,0,6,36,0.5828369297203406,2.8208616780045355,0.4,2.429075333837239,0.3263157894736842
LSPIN,lspin_tf,mlp,0.00875,0.0,0,7,36,0.5510653951140414,2.3507180650037798,0.3125,2.507432602670698,0.3404255319148936
LSPIN,lspin_tf,mlp,0.00875,0.0,1,2,36,0.5588347034942105,2.3507180650037798,0.3125,2.5857898715041574,0.3548387096774194
LSPIN,lspin_tf,mlp,0.00875,0.0,1,3,36,0.5679984308666542,2.037288989669942,0.26,2.6641471403376165,0.3695652173913043
LSPIN,lspin_tf,mlp,0.00875,0.0,1,4,36,0.5457599090249666,2.1156462585034013,0.2727272727272727,2.8208616780045355,0.4
LSPIN,lspin_tf,mlp,0.00875,0.0,1,5,36,0.5220939081848233,2.3507180650037798,0.3125,2.2723607961703203,0.2989690721649484
LSPIN,lspin_tf,mlp,0.00875,0.0,1,6,36,0.6112325717173975,2.5857898715041574,0.3548387096774194,2.8992189468379945,0.4157303370786517
LSPIN,lspin_tf,mlp,0.00875,0.0,1,7,36,0.5919865572234142,2.429075333837239,0.3263157894736842,2.742504409171076,0.3846153846153846
LSPIN,lspin_tf,mlp,0.00875,0.0,2,3,36,0.4294912426624653,2.2723607961703203,0.2989690721649484,2.1156462585034013,0.2727272727272727
LSPIN,lspin_tf,mlp,0.00875,0.0,2,4,36,0.4672791312525567,1.7238599143361049,0.2115384615384615,2.507432602670698,0.3404255319148936
LSPIN,lspin_tf,mlp,0.00875,0.0,2,5,36,0.4904123713671999,2.1940035273368608,0.2857142857142857,2.6641471403376165,0.3695652173913043
LSPIN,lspin_tf,mlp,0.00875,0.0,2,6,36,0.5045976237178375,2.3507180650037798,0.3125,2.5857898715041574,0.3548387096774194
LSPIN,lspin_tf,mlp,0.00875,0.0,2,7,36,0.5271250276718843,2.507432602670698,0.3404255319148936,2.1940035273368608,0.2857142857142857
LSPIN,lspin_tf,mlp,0.00875,0.0,3,4,36,0.4958120740010521,2.1940035273368608,0.2857142857142857,2.1156462585034013,0.2727272727272727
LSPIN,lspin_tf,mlp,0.00875,0.0,3,5,36,0.5379575409939376,2.507432602670698,0.3404255319148936,2.2723607961703203,0.2989690721649484
LSPIN,lspin_tf,mlp,0.00875,0.0,3,6,36,0.5429764253153518,2.2723607961703203,0.2989690721649484,2.5857898715041574,0.3548387096774194
LSPIN,lspin_tf,mlp,0.00875,0.0,3,7,36,0.5021115228411924,2.1940035273368608,0.2857142857142857,2.429075333837239,0.3263157894736842
LSPIN,lspin_tf,mlp,0.00875,0.0,4,5,36,0.5066922782538037,2.3507180650037798,0.3125,2.2723607961703203,0.2989690721649484
LSPIN,lspin_tf,mlp,0.00875,0.0,4,6,36,0.6486152186944675,2.8208616780045355,0.4,2.6641471403376165,0.3695652173913043
LSPIN,lspin_tf,mlp,0.00875,0.0,4,7,36,0.5921618624603993,2.507432602670698,0.3404255319148936,2.1940035273368608,0.2857142857142857
LSPIN,lspin_tf,mlp,0.00875,0.0,5,6,36,0.5188723277908464,2.429075333837239,0.3263157894736842,2.5857898715041574,0.3548387096774194
LSPIN,lspin_tf,mlp,0.00875,0.0,5,7,36,0.5007956496734988,2.2723607961703203,0.2989690721649484,2.429075333837239,0.3263157894736842
LSPIN,lspin_tf,mlp,0.00875,0.0,6,7,36,0.574446791517522,2.5857898715041574,0.3548387096774194,2.2723607961703203,0.2989690721649484
LSPIN,lspin_tf,mlp,0.028,0.0,0,1,40,0.34883359138623,1.958931720836483,0.2475247524752475,1.3320735701688082,0.1559633027522936
LSPIN,lspin_tf,mlp,0.028,0.0,0,2,40,0.3436868192838243,1.802217183169564,0.2233009708737864,2.1940035273368608,0.2857142857142857
LSPIN,lspin_tf,mlp,0.028,0.0,0,3,40,0.3454754305251711,1.880574452003024,0.2352941176470588,1.880574452003024,0.2352941176470588
LSPIN,lspin_tf,mlp,0.028,0.0,0,4,40,0.4075617524197777,2.1940035273368608,0.2857142857142857,1.488788107835727,0.1775700934579439
LSPIN,lspin_tf,mlp,0.028,0.0,0,5,40,0.3450080648890776,1.7238599143361049,0.2115384615384615,1.958931720836483,0.2475247524752475
LSPIN,lspin_tf,mlp,0.028,0.0,0,6,40,0.3133778348271888,1.958931720836483,0.2475247524752475,1.6455026455026456,0.2
LSPIN,lspin_tf,mlp,0.028,0.0,0,7,40,0.2884180553887163,1.802217183169564,0.2233009708737864,1.802217183169564,0.2233009708737864
LSPIN,lspin_tf,mlp,0.028,0.0,1,2,40,0.4114940445456563,1.6455026455026456,0.2,1.958931720836483,0.2475247524752475
LSPIN,lspin_tf,mlp,0.028,0.0,1,3,40,0.3857952713493026,1.802217183169564,0.2233009708737864,1.958931720836483,0.2475247524752475
LSPIN,lspin_tf,mlp,0.028,0.0,1,4,40,0.4883903194511421,2.037288989669942,0.26,1.880574452003024,0.2352941176470588
LSPIN,lspin_tf,mlp,0.028,0.0,1,5,40,0.4390643582974352,1.802217183169564,0.2233009708737864,1.958931720836483,0.2475247524752475
LSPIN,lspin_tf,mlp,0.028,0.0,1,6,40,0.4300207845542678,2.1156462585034013,0.2727272727272727,1.880574452003024,0.2352941176470588
LSPIN,lspin_tf,mlp,0.028,0.0,1,7,40,0.3735256053829184,1.7238599143361049,0.2115384615384615,1.880574452003024,0.2352941176470588
LSPIN,lspin_tf,mlp,0.028,0.0,2,3,40,0.4227567804929655,2.037288989669942,0.26,2.037288989669942,0.26
LSPIN,lspin_tf,mlp,0.028,0.0,2,4,40,0.4385938039986419,1.7238599143361049,0.2115384615384615,1.880574452003024,0.2352941176470588
LSPIN,lspin_tf,mlp,0.028,0.0,2,5,40,0.4574341833721196,1.880574452003024,0.2352941176470588,2.2723607961703203,0.2989690721649484
LSPIN,lspin_tf,mlp,0.028,0.0,2,6,40,0.3693441356252034,1.802217183169564,0.2233009708737864,1.802217183169564,0.2233009708737864
LSPIN,lspin_tf,mlp,0.028,0.0,2,7,40,0.380636359304125,1.802217183169564,0.2233009708737864,1.880574452003024,0.2352941176470588
LSPIN,lspin_tf,mlp,0.028,0.0,3,4,40,0.3615825034836277,1.880574452003024,0.2352941176470588,1.880574452003024,0.2352941176470588
LSPIN,lspin_tf,mlp,0.028,0.0,3,5,40,0.3384782359362636,1.6455026455026456,0.2,1.958931720836483,0.2475247524752475
LSPIN,lspin_tf,mlp,0.028,0.0,3,6,40,0.4789177621811401,2.037288989669942,0.26,2.037288989669942,0.26
LSPIN,lspin_tf,mlp,0.028,0.0,3,7,40,0.3671306888555791,2.037288989669942,0.26,2.1156462585034013,0.2727272727272727
LSPIN,lspin_tf,mlp,0.028,0.0,4,5,40,0.362184740463311,2.1940035273368608,0.2857142857142857,1.958931720836483,0.2475247524752475
LSPIN,lspin_tf,mlp,0.028,0.0,4,6,40,0.3646717260193969,2.1156462585034013,0.2727272727272727,1.4104308390022675,0.1666666666666666
LSPIN,lspin_tf,mlp,0.028,0.0,4,7,40,0.4314660931128419,1.958931720836483,0.2475247524752475,1.958931720836483,0.2475247524752475
LSPIN,lspin_tf,mlp,0.028,0.0,5,6,40,0.4944461183567933,2.3507180650037798,0.3125,1.6455026455026456,0.2
LSPIN,lspin_tf,mlp,0.028,0.0,5,7,40,0.4358125740005057,2.2723607961703203,0.2989690721649484,2.2723607961703203,0.2989690721649484
LSPIN,lspin_tf,mlp,0.028,0.0,6,7,40,0.3909355588292397,2.6641471403376165,0.3695652173913043,1.3320735701688082,0.1559633027522936
LSPIN,lspin_tf,mlp,0.00875,0.1,0,1,44,0.5697546390488365,2.3507180650037798,0.3125,2.2723607961703203,0.2989690721649484
LSPIN,lspin_tf,mlp,0.00875,0.1,0,2,44,0.6015511527172867,2.8992189468379945,0.4157303370786517,2.1940035273368608,0.2857142857142857
LSPIN,lspin_tf,mlp,0.00875,0.1,0,3,44,0.6386847875418181,2.742504409171076,0.3846153846153846,2.8992189468379945,0.4157303370786517
LSPIN,lspin_tf,mlp,0.00875,0.1,0,4,44,0.5530677921076842,2.3507180650037798,0.3125,2.6641471403376165,0.3695652173913043
LSPIN,lspin_tf,mlp,0.00875,0.1,0,5,44,0.5729913185023647,2.2723607961703203,0.2989690721649484,2.5857898715041574,0.3548387096774194
LSPIN,lspin_tf,mlp,0.00875,0.1,0,6,44,0.5924783654816689,2.507432602670698,0.3404255319148936,2.6641471403376165,0.3695652173913043
LSPIN,lspin_tf,mlp,0.00875,0.1,0,7,44,0.6294557104939483,2.742504409171076,0.3846153846153846,2.507432602670698,0.3404255319148936
LSPIN,lspin_tf,mlp,0.00875,0.1,1,2,44,0.5563115371822346,2.5857898715041574,0.3548387096774194,2.3507180650037798,0.3125
LSPIN,lspin_tf,mlp,0.00875,0.1,1,3,44,0.607802629302655,2.5857898715041574,0.3548387096774194,2.507432602670698,0.3404255319148936
LSPIN,lspin_tf,mlp,0.00875,0.1,1,4,44,0.5674741616010532,2.507432602670698,0.3404255319148936,2.3507180650037798,0.3125
LSPIN,lspin_tf,mlp,0.00875,0.1,1,5,44,0.5422279746502543,2.037288989669942,0.26,2.5857898715041574,0.3548387096774194
LSPIN,lspin_tf,mlp,0.00875,0.1,1,6,44,0.6092107293310013,2.742504409171076,0.3846153846153846,2.3507180650037798,0.3125
LSPIN,lspin_tf,mlp,0.00875,0.1,1,7,44,0.5985951469232068,2.507432602670698,0.3404255319148936,2.507432602670698,0.3404255319148936
LSPIN,lspin_tf,mlp,0.00875,0.1,2,3,44,0.573974569488793,2.507432602670698,0.3404255319148936,2.3507180650037798,0.3125
LSPIN,lspin_tf,mlp,0.00875,0.1,2,4,44,0.5093414492597661,2.6641471403376165,0.3695652173913043,2.037288989669942,0.26
LSPIN,lspin_tf,mlp,0.00875,0.1,2,5,44,0.5683779112155622,2.1940035273368608,0.2857142857142857,2.1940035273368608,0.2857142857142857
LSPIN,lspin_tf,mlp,0.00875,0.1,2,6,44,0.6007501415313364,2.8208616780045355,0.4,2.429075333837239,0.3263157894736842
LSPIN,lspin_tf,mlp,0.00875,0.1,2,7,44,0.5695197982368135,2.977576215671454,0.4318181818181818,1.880574452003024,0.2352941176470588
LSPIN,lspin_tf,mlp,0.00875,0.1,3,4,44,0.5417475208678106,2.429075333837239,0.3263157894736842,2.429075333837239,0.3263157894736842
LSPIN,lspin_tf,mlp,0.00875,0.1,3,5,44,0.6312577529997401,2.6641471403376165,0.3695652173913043,2.8208616780045355,0.4
LSPIN,lspin_tf,mlp,0.00875,0.1,3,6,44,0.609039632517866,2.507432602670698,0.3404255319148936,2.5857898715041574,0.3548387096774194
LSPIN,lspin_tf,mlp,0.00875,0.1,3,7,44,0.6020824820919701,2.429075333837239,0.3263157894736842,2.742504409171076,0.3846153846153846
LSPIN,lspin_tf,mlp,0.00875,0.1,4,5,44,0.4934591760303541,2.1156462585034013,0.2727272727272727,2.507432602670698,0.3404255319148936
LSPIN,lspin_tf,mlp,0.00875,0.1,4,6,44,0.6138217144764521,3.055933484504913,0.4482758620689655,2.5857898715041574,0.3548387096774194
LSPIN,lspin_tf,mlp,0.00875,0.1,4,7,44,0.5371621863000563,2.2723607961703203,0.2989690721649484,2.2723607961703203,0.2989690721649484
LSPIN,lspin_tf,mlp,0.00875,0.1,5,6,44,0.5950758907735979,2.429075333837239,0.3263157894736842,2.8992189468379945,0.4157303370786517
LSPIN,lspin_tf,mlp,0.00875,0.1,5,7,44,0.5843300833079393,2.6641471403376165,0.3695652173913043,2.2723607961703203,0.2989690721649484
LSPIN,lspin_tf,mlp,0.00875,0.1,6,7,44,0.6140959249357787,2.5857898715041574,0.3548387096774194,2.2723607961703203,0.2989690721649484
LSPIN,lspin_tf,mlp,0.028,0.1,0,1,48,0.3692352001766634,1.802217183169564,0.2233009708737864,2.037288989669942,0.26
LSPIN,lspin_tf,mlp,0.028,0.1,0,2,48,0.3871458725339809,1.958931720836483,0.2475247524752475,2.1156462585034013,0.2727272727272727
LSPIN,lspin_tf,mlp,0.028,0.1,0,3,48,0.357892926262102,1.7238599143361049,0.2115384615384615,1.958931720836483,0.2475247524752475
LSPIN,lspin_tf,mlp,0.028,0.1,0,4,48,0.4328495036819207,2.507432602670698,0.3404255319148936,2.037288989669942,0.26
LSPIN,lspin_tf,mlp,0.028,0.1,0,5,48,0.4568220881930743,1.488788107835727,0.1775700934579439,2.3507180650037798,0.3125
LSPIN,lspin_tf,mlp,0.028,0.1,0,6,48,0.4292014501552567,1.802217183169564,0.2233009708737864,2.2723607961703203,0.2989690721649484
LSPIN,lspin_tf,mlp,0.028,0.1,0,7,48,0.3327788208903096,1.802217183169564,0.2233009708737864,1.802217183169564,0.2233009708737864
LSPIN,lspin_tf,mlp,0.028,0.1,1,2,48,0.420841413827878,1.5671453766691863,0.1886792452830188,2.2723607961703203,0.2989690721649484
LSPIN,lspin_tf,mlp,0.028,0.1,1,3,48,0.4251839585690342,2.3507180650037798,0.3125,2.3507180650037798,0.3125
LSPIN,lspin_tf,mlp,0.028,0.1,1,4,48,0.4225467894758075,1.802217183169564,0.2233009708737864,2.1156462585034013,0.2727272727272727
LSPIN,lspin_tf,mlp,0.028,0.1,1,5,48,0.4326388492671139,2.037288989669942,0.26,2.742504409171076,0.3846153846153846
LSPIN,lspin_tf,mlp,0.028,0.1,1,6,48,0.5250511142219134,2.1940035273368608,0.2857142857142857,3.055933484504913,0.4482758620689655
LSPIN,lspin_tf,mlp,0.028,0.1,1,7,48,0.5015837863616539,2.2723607961703203,0.2989690721649484,2.2723607961703203,0.2989690721649484
LSPIN,lspin_tf,mlp,0.028,0.1,2,3,48,0.3756636511536046,1.6455026455026456,0.2,2.3507180650037798,0.3125
LSPIN,lspin_tf,mlp,0.028,0.1,2,4,48,0.4549936499538958,2.1940035273368608,0.2857142857142857,2.2723607961703203,0.2989690721649484
LSPIN,lspin_tf,mlp,0.028,0.1,2,5,48,0.4065800124593323,1.880574452003024,0.2352941176470588,2.1156462585034013,0.2727272727272727
LSPIN,lspin_tf,mlp,0.028,0.1,2,6,48,0.5093498225455562,1.880574452003024,0.2352941176470588,2.2723607961703203,0.2989690721649484
LSPIN,lspin_tf,mlp,0.028,0.1,2,7,48,0.3515117298172844,1.6455026455026456,0.2,1.7238599143361049,0.2115384615384615
LSPIN,lspin_tf,mlp,0.028,0.1,3,4,48,0.4745801127778515,2.507432602670698,0.3404255319148936,1.880574452003024,0.2352941176470588
LSPIN,lspin_tf,mlp,0.028,0.1,3,5,48,0.380734539260246,1.7238599143361049,0.2115384615384615,2.2723607961703203,0.2989690721649484
LSPIN,lspin_tf,mlp,0.028,0.1,3,6,48,0.4692977924961815,2.037288989669942,0.26,2.1156462585034013,0.2727272727272727
LSPIN,lspin_tf,mlp,0.028,0.1,3,7,48,0.4750460220633296,1.958931720836483,0.2475247524752475,1.880574452003024,0.2352941176470588
LSPIN,lspin_tf,mlp,0.028,0.1,4,5,48,0.391226677358482,1.802217183169564,0.2233009708737864,2.1156462585034013,0.2727272727272727
LSPIN,lspin_tf,mlp,0.028,0.1,4,6,48,0.498061917730746,2.2723607961703203,0.2989690721649484,2.429075333837239,0.3263157894736842
LSPIN,lspin_tf,mlp,0.028,0.1,4,7,48,0.5023120813011634,2.507432602670698,0.3404255319148936,2.1156462585034013,0.2727272727272727
LSPIN,lspin_tf,mlp,0.028,0.1,5,6,48,0.4998011934907443,2.1940035273368608,0.2857142857142857,2.8208616780045355,0.4
LSPIN,lspin_tf,mlp,0.028,0.1,5,7,48,0.4480695963370891,2.037288989669942,0.26,2.3507180650037798,0.3125
LSPIN,lspin_tf,mlp,0.028,0.1,6,7,48,0.505312590136465,2.037288989669942,0.26,1.880574452003024,0.2352941176470588
LSPIN,lspin_tf,mlp,0.00875,0.2,0,1,52,0.6403655954030565,2.507432602670698,0.3404255319148936,2.977576215671454,0.4318181818181818
LSPIN,lspin_tf,mlp,0.00875,0.2,0,2,52,0.6041067671102986,2.037288989669942,0.26,2.429075333837239,0.3263157894736842
LSPIN,lspin_tf,mlp,0.00875,0.2,0,3,52,0.5356869244726593,2.1156462585034013,0.2727272727272727,2.2723607961703203,0.2989690721649484
LSPIN,lspin_tf,mlp,0.00875,0.2,0,4,52,0.5569865781306099,2.5857898715041574,0.3548387096774194,2.5857898715041574,0.3548387096774194
LSPIN,lspin_tf,mlp,0.00875,0.2,0,5,52,0.5837428020227681,2.429075333837239,0.3263157894736842,2.8208616780045355,0.4
LSPIN,lspin_tf,mlp,0.00875,0.2,0,6,52,0.5876417793358573,2.3507180650037798,0.3125,2.507432602670698,0.3404255319148936
LSPIN,lspin_tf,mlp,0.00875,0.2,0,7,52,0.5602571026888046,2.1940035273368608,0.2857142857142857,2.2723607961703203,0.2989690721649484
LSPIN,lspin_tf,mlp,0.00875,0.2,1,2,52,0.5954019278054777,2.3507180650037798,0.3125,2.507432602670698,0.3404255319148936
LSPIN,lspin_tf,mlp,0.00875,0.2,1,3,52,0.5603159831126621,2.429075333837239,0.3263157894736842,2.1940035273368608,0.2857142857142857
LSPIN,lspin_tf,mlp,0.00875,0.2,1,4,52,0.5947359540674759,2.5857898715041574,0.3548387096774194,2.6641471403376165,0.3695652173913043
LSPIN,lspin_tf,mlp,0.00875,0.2,1,5,52,0.6030554579835408,2.1940035273368608,0.2857142857142857,2.8992189468379945,0.4157303370786517
LSPIN,lspin_tf,mlp,0.00875,0.2,1,6,52,0.6610425535680158,2.429075333837239,0.3263157894736842,3.291005291005291,0.5
LSPIN,lspin_tf,mlp,0.00875,0.2,1,7,52,0.5358021651592313,2.507432602670698,0.3404255319148936,1.880574452003024,0.2352941176470588
LSPIN,lspin_tf,mlp,0.00875,0.2,2,3,52,0.5680711144554479,2.429075333837239,0.3263157894736842,2.6641471403376165,0.3695652173913043
LSPIN,lspin_tf,mlp,0.00875,0.2,2,4,52,0.5683186351829451,2.3507180650037798,0.3125,2.5857898715041574,0.3548387096774194
LSPIN,lspin_tf,mlp,0.00875,0.2,2,5,52,0.5920897872105878,2.1940035273368608,0.2857142857142857,2.507432602670698,0.3404255319148936
LSPIN,lspin_tf,mlp,0.00875,0.2,2,6,52,0.5707705271235854,2.1156462585034013,0.2727272727272727,2.507432602670698,0.3404255319148936
LSPIN,lspin_tf,mlp,0.00875,0.2,2,7,52,0.6014154177723631,2.2723607961703203,0.2989690721649484,2.507432602670698,0.3404255319148936
LSPIN,lspin_tf,mlp,0.00875,0.2,3,4,52,0.5772853052569079,2.6641471403376165,0.3695652173913043,2.5857898715041574,0.3548387096774194
LSPIN,lspin_tf,mlp,0.00875,0.2,3,5,52,0.5369772192980458,2.2723607961703203,0.2989690721649484,2.1156462585034013,0.2727272727272727
LSPIN,lspin_tf,mlp,0.00875,0.2,3,6,52,0.6025967315273937,2.8208616780045355,0.4,2.2723607961703203,0.2989690721649484
LSPIN,lspin_tf,mlp,0.00875,0.2,3,7,52,0.5579327673363691,2.1156462585034013,0.2727272727272727,1.958931720836483,0.2475247524752475
LSPIN,lspin_tf,mlp,0.00875,0.2,4,5,52,0.6572552705067545,2.507432602670698,0.3404255319148936,2.977576215671454,0.4318181818181818
LSPIN,lspin_tf,mlp,0.00875,0.2,4,6,52,0.5868982032893415,2.507432602670698,0.3404255319148936,2.5857898715041574,0.3548387096774194
LSPIN,lspin_tf,mlp,0.00875,0.2,4,7,52,0.6034191271710478,2.6641471403376165,0.3695652173913043,2.1940035273368608,0.2857142857142857
LSPIN,lspin_tf,mlp,0.00875,0.2,5,6,52,0.5743085191292036,2.2723607961703203,0.2989690721649484,2.742504409171076,0.3846153846153846
LSPIN,lspin_tf,mlp,0.00875,0.2,5,7,52,0.5838303762979609,2.3507180650037798,0.3125,2.742504409171076,0.3846153846153846
LSPIN,lspin_tf,mlp,0.00875,0.2,6,7,52,0.5231876246511503,2.1940035273368608,0.2857142857142857,2.037288989669942,0.26
LSPIN,lspin_tf,mlp,0.028,0.2,0,1,56,0.4671532549873171,2.1156462585034013,0.2727272727272727,2.5857898715041574,0.3548387096774194
LSPIN,lspin_tf,mlp,0.028,0.2,0,2,56,0.4730730470015503,2.037288989669942,0.26,2.1156462585034013,0.2727272727272727
LSPIN,lspin_tf,mlp,0.028,0.2,0,3,56,0.4324573593966475,2.037288989669942,0.26,2.2723607961703203,0.2989690721649484
LSPIN,lspin_tf,mlp,0.028,0.2,0,4,56,0.4439383488498556,2.1156462585034013,0.2727272727272727,1.880574452003024,0.2352941176470588
LSPIN,lspin_tf,mlp,0.028,0.2,0,5,56,0.5317478210945059,2.2723607961703203,0.2989690721649484,2.2723607961703203,0.2989690721649484
LSPIN,lspin_tf,mlp,0.028,0.2,0,6,56,0.4473279202622254,2.429075333837239,0.3263157894736842,1.7238599143361049,0.2115384615384615
LSPIN,lspin_tf,mlp,0.028,0.2,0,7,56,0.4124185373355891,1.802217183169564,0.2233009708737864,1.802217183169564,0.2233009708737864
LSPIN,lspin_tf,mlp,0.028,0.2,1,2,56,0.4502715880026471,1.880574452003024,0.2352941176470588,2.6641471403376165,0.3695652173913043
LSPIN,lspin_tf,mlp,0.028,0.2,1,3,56,0.4945067883042941,1.802217183169564,0.2233009708737864,2.6641471403376165,0.3695652173913043
LSPIN,lspin_tf,mlp,0.028,0.2,1,4,56,0.5311618005340637,2.2723607961703203,0.2989690721649484,2.037288989669942,0.26
LSPIN,lspin_tf,mlp,0.028,0.2,1,5,56,0.4671403648850936,2.037288989669942,0.26,2.1940035273368608,0.2857142857142857
LSPIN,lspin_tf,mlp,0.028,0.2,1,6,56,0.5438152686189185,2.8208616780045355,0.4,2.507432602670698,0.3404255319148936
LSPIN,lspin_tf,mlp,0.028,0.2,1,7,56,0.4587259854352507,2.037288989669942,0.26,2.2723607961703203,0.2989690721649484
LSPIN,lspin_tf,mlp,0.028,0.2,2,3,56,0.4079990792800705,1.958931720836483,0.2475247524752475,2.429075333837239,0.3263157894736842
LSPIN,lspin_tf,mlp,0.028,0.2,2,4,56,0.4078246294890361,1.958931720836483,0.2475247524752475,2.037288989669942,0.26
LSPIN,lspin_tf,mlp,0.028,0.2,2,5,56,0.4256850595497078,1.958931720836483,0.2475247524752475,2.037288989669942,0.26
LSPIN,lspin_tf,mlp,0.028,0.2,2,6,56,0.3635846277430599,1.7238599143361049,0.2115384615384615,2.037288989669942,0.26
LSPIN,lspin_tf,mlp,0.028,0.2,2,7,56,0.3531245963709401,1.958931720836483,0.2475247524752475,2.1940035273368608,0.2857142857142857
LSPIN,lspin_tf,mlp,0.028,0.2,3,4,56,0.4578794725369282,2.1940035273368608,0.2857142857142857,2.5857898715041574,0.3548387096774194
LSPIN,lspin_tf,mlp,0.028,0.2,3,5,56,0.4336186312710981,1.802217183169564,0.2233009708737864,2.2723607961703203,0.2989690721649484
LSPIN,lspin_tf,mlp,0.028,0.2,3,6,56,0.4505428126170042,1.880574452003024,0.2352941176470588,2.507432602670698,0.3404255319148936
LSPIN,lspin_tf,mlp,0.028,0.2,3,7,56,0.4502147218980427,1.802217183169564,0.2233009708737864,2.1156462585034013,0.2727272727272727
LSPIN,lspin_tf,mlp,0.028,0.2,4,5,56,0.4489337456654413,1.802217183169564,0.2233009708737864,2.1940035273368608,0.2857142857142857
LSPIN,lspin_tf,mlp,0.028,0.2,4,6,56,0.4575554024382918,2.037288989669942,0.26,2.037288989669942,0.26
LSPIN,lspin_tf,mlp,0.028,0.2,4,7,56,0.4165206038754975,1.880574452003024,0.2352941176470588,1.802217183169564,0.2233009708737864
LSPIN,lspin_tf,mlp,0.028,0.2,5,6,56,0.4017634383306956,2.1940035273368608,0.2857142857142857,1.6455026455026456,0.2
LSPIN,lspin_tf,mlp,0.028,0.2,5,7,56,0.4705185271980318,2.1156462585034013,0.2727272727272727,1.880574452003024,0.2352941176470588
LSPIN,lspin_tf,mlp,0.028,0.2,6,7,56,0.5073605283651144,2.429075333837239,0.3263157894736842,1.880574452003024,0.2352941176470588
LSPIN,lspin_tf,mlp,0.00875,0.4,0,1,60,0.5439455543681221,2.037288989669942,0.26,2.507432602670698,0.3404255319148936
LSPIN,lspin_tf,mlp,0.00875,0.4,0,2,60,0.6386579706433908,2.429075333837239,0.3263157894736842,2.507432602670698,0.3404255319148936
LSPIN,lspin_tf,mlp,0.00875,0.4,0,3,60,0.6194267891742985,2.507432602670698,0.3404255319148936,2.742504409171076,0.3846153846153846
LSPIN,lspin_tf,mlp,0.00875,0.4,0,4,60,0.4921038662995919,2.1940035273368608,0.2857142857142857,2.6641471403376165,0.3695652173913043
LSPIN,lspin_tf,mlp,0.00875,0.4,0,5,60,0.6126764834081679,2.5857898715041574,0.3548387096774194,2.5857898715041574,0.3548387096774194
LSPIN,lspin_tf,mlp,0.00875,0.4,0,6,60,0.5991312500740371,2.429075333837239,0.3263157894736842,2.5857898715041574,0.3548387096774194
LSPIN,lspin_tf,mlp,0.00875,0.4,0,7,60,0.6415432358841915,2.3507180650037798,0.3125,2.8992189468379945,0.4157303370786517
LSPIN,lspin_tf,mlp,0.00875,0.4,1,2,60,0.5030695696240797,2.037288989669942,0.26,2.037288989669942,0.26
LSPIN,lspin_tf,mlp,0.00875,0.4,1,3,60,0.5639683385146806,2.1940035273368608,0.2857142857142857,2.1156462585034013,0.2727272727272727
LSPIN,lspin_tf,mlp,0.00875,0.4,1,4,60,0.3850399821077319,2.037288989669942,0.26,2.2723607961703203,0.2989690721649484
LSPIN,lspin_tf,mlp,0.00875,0.4,1,5,60,0.537902198262692,2.1940035273368608,0.2857142857142857,2.429075333837239,0.3263157894736842
LSPIN,lspin_tf,mlp,0.00875,0.4,1,6,60,0.5166196283423482,2.5857898715041574,0.3548387096774194,1.880574452003024,0.2352941176470588
LSPIN,lspin_tf,mlp,0.00875,0.4,1,7,60,0.5539835239396181,2.3507180650037798,0.3125,2.1940035273368608,0.2857142857142857
LSPIN,lspin_tf,mlp,0.00875,0.4,2,3,60,0.584476154811809,2.037288989669942,0.26,2.429075333837239,0.3263157894736842
LSPIN,lspin_tf,mlp,0.00875,0.4,2,4,60,0.459860269569784,2.1940035273368608,0.2857142857142857,2.2723607961703203,0.2989690721649484
LSPIN,lspin_tf,mlp,0.00875,0.4,2,5,60,0.5555166201002696,2.1156462585034013,0.2727272727272727,2.3507180650037798,0.3125
LSPIN,lspin_tf,mlp,0.00875,0.4,2,6,60,0.5781233270378772,2.1940035273368608,0.2857142857142857,2.1940035273368608,0.2857142857142857
LSPIN,lspin_tf,mlp,0.00875,0.4,2,7,60,0.6350380737176474,2.2723607961703203,0.2989690721649484,2.6641471403376165,0.3695652173913043
LSPIN,lspin_tf,mlp,0.00875,0.4,3,4,60,0.5564015959884945,2.1940035273368608,0.2857142857142857,2.1940035273368608,0.2857142857142857
LSPIN,lspin_tf,mlp,0.00875,0.4,3,5,60,0.6661342076273346,2.8208616780045355,0.4,2.8208616780045355,0.4
LSPIN,lspin_tf,mlp,0.00875,0.4,3,6,60,0.6091085635326294,2.3507180650037798,0.3125,2.507432602670698,0.3404255319148936
LSPIN,lspin_tf,mlp,0.00875,0.4,3,7,60,0.6936971045817091,2.507432602670698,0.3404255319148936,2.8208616780045355,0.4
LSPIN,lspin_tf,mlp,0.00875,0.4,4,5,60,0.486986545480678,1.7238599143361049,0.2115384615384615,2.507432602670698,0.3404255319148936
LSPIN,lspin_tf,mlp,0.00875,0.4,4,6,60,0.5125427965229762,2.2723607961703203,0.2989690721649484,2.3507180650037798,0.3125
LSPIN,lspin_tf,mlp,0.00875,0.4,4,7,60,0.5150251313926488,2.037288989669942,0.26,2.507432602670698,0.3404255319148936
LSPIN,lspin_tf,mlp,0.00875,0.4,5,6,60,0.5397040270078323,2.507432602670698,0.3404255319148936,2.2723607961703203,0.2989690721649484
LSPIN,lspin_tf,mlp,0.00875,0.4,5,7,60,0.6034086900597081,1.880574452003024,0.2352941176470588,2.8208616780045355,0.4
LSPIN,lspin_tf,mlp,0.00875,0.4,6,7,60,0.5849176670154714,2.1940035273368608,0.2857142857142857,2.6641471403376165,0.3695652173913043
LSPIN,lspin_tf,mlp,0.028,0.4,0,1,64,0.4257031522221002,1.958931720836483,0.2475247524752475,2.2723607961703203,0.2989690721649484
LSPIN,lspin_tf,mlp,0.028,0.4,0,2,64,0.4910228141649482,2.1940035273368608,0.2857142857142857,2.3507180650037798,0.3125
LSPIN,lspin_tf,mlp,0.028,0.4,0,3,64,0.3610973721142663,1.7238599143361049,0.2115384615384615,1.802217183169564,0.2233009708737864
LSPIN,lspin_tf,mlp,0.028,0.4,0,4,64,0.437402972744609,1.802217183169564,0.2233009708737864,1.958931720836483,0.2475247524752475
LSPIN,lspin_tf,mlp,0.028,0.4,0,5,64,0.5338921458810507,1.880574452003024,0.2352941176470588,2.3507180650037798,0.3125
LSPIN,lspin_tf,mlp,0.028,0.4,0,6,64,0.435484846911555,2.1940035273368608,0.2857142857142857,1.880574452003024,0.2352941176470588
LSPIN,lspin_tf,mlp,0.028,0.4,0,7,64,0.3179357514012916,1.488788107835727,0.1775700934579439,2.1156462585034013,0.2727272727272727
LSPIN,lspin_tf,mlp,0.028,0.4,1,2,64,0.4220381431328949,1.7238599143361049,0.2115384615384615,2.037288989669942,0.26
LSPIN,lspin_tf,mlp,0.028,0.4,1,3,64,0.3474751212174125,2.1156462585034013,0.2727272727272727,1.802217183169564,0.2233009708737864
LSPIN,lspin_tf,mlp,0.028,0.4,1,4,64,0.2914673751158421,1.3320735701688082,0.1559633027522936,2.037288989669942,0.26
LSPIN,lspin_tf,mlp,0.028,0.4,1,5,64,0.4583616163939255,2.1156462585034013,0.2727272727272727,2.6641471403376165,0.3695652173913043
LSPIN,lspin_tf,mlp,0.028,0.4,1,6,64,0.4141452377270816,2.037288989669942,0.26,1.802217183169564,0.2233009708737864
LSPIN,lspin_tf,mlp,0.028,0.4,1,7,64,0.3213957200322747,1.880574452003024,0.2352941176470588,1.880574452003024,0.2352941176470588
LSPIN,lspin_tf,mlp,0.028,0.4,2,3,64,0.4363667440979987,1.880574452003024,0.2352941176470588,2.1156462585034013,0.2727272727272727
LSPIN,lspin_tf,mlp,0.028,0.4,2,4,64,0.4655234563582746,1.5671453766691863,0.1886792452830188,2.1156462585034013,0.2727272727272727
LSPIN,lspin_tf,mlp,0.028,0.4,2,5,64,0.5272093890236651,1.958931720836483,0.2475247524752475,2.1156462585034013,0.2727272727272727
LSPIN,lspin_tf,mlp,0.028,0.4,2,6,64,0.4013800880946911,1.6455026455026456,0.2,1.880574452003024,0.2352941176470588
LSPIN,lspin_tf,mlp,0.028,0.4,2,7,64,0.4778288417936465,1.7238599143361049,0.2115384615384615,2.8208616780045355,0.4
LSPIN,lspin_tf,mlp,0.028,0.4,3,4,64,0.3634503346174988,1.5671453766691863,0.1886792452830188,2.2723607961703203,0.2989690721649484
LSPIN,lspin_tf,mlp,0.028,0.4,3,5,64,0.3860865400175508,1.958931720836483,0.2475247524752475,2.1156462585034013,0.2727272727272727
LSPIN,lspin_tf,mlp,0.028,0.4,3,6,64,0.2890887708252098,1.6455026455026456,0.2,1.880574452003024,0.2352941176470588
LSPIN,lspin_tf,mlp,0.028,0.4,3,7,64,0.3085061412857305,1.5671453766691863,0.1886792452830188,1.7238599143361049,0.2115384615384615
LSPIN,lspin_tf,mlp,0.028,0.4,4,5,64,0.5003289468978432,2.1156462585034013,0.2727272727272727,2.429075333837239,0.3263157894736842
LSPIN,lspin_tf,mlp,0.028,0.4,4,6,64,0.4071636755791915,1.488788107835727,0.1775700934579439,1.880574452003024,0.2352941176470588
LSPIN,lspin_tf,mlp,0.028,0.4,4,7,64,0.3784344058937621,1.6455026455026456,0.2,1.802217183169564,0.2233009708737864
LSPIN,lspin_tf,mlp,0.028,0.4,5,6,64,0.5157623198211705,2.1156462585034013,0.2727272727272727,2.037288989669942,0.26
LSPIN,lspin_tf,mlp,0.028,0.4,5,7,64,0.4349495718917944,1.880574452003024,0.2352941176470588,2.1156462585034013,0.2727272727272727
LSPIN,lspin_tf,mlp,0.028,0.4,6,7,64,0.3359634955617275,1.6455026455026456,0.2,2.037288989669942,0.26
Concrete,concrete,mlp,0.00275,0.0,0,1,68,0.7239822798244993,2.8208616780045355,0.4,2.8208616780045355,0.4
Concrete,concrete,mlp,0.00275,0.0,0,2,68,0.7221406864934004,2.6641471403376165,0.3695652173913043,2.8992189468379945,0.4157303370786517
Concrete,concrete,mlp,0.00275,0.0,0,3,68,0.7787546108557795,2.8208616780045355,0.4,3.1342907533383726,0.4651162790697674
Concrete,concrete,mlp,0.00275,0.0,0,4,68,0.7376187187832479,2.8208616780045355,0.4,2.6641471403376165,0.3695652173913043
Concrete,concrete,mlp,0.00275,0.0,0,5,68,0.7501385282608002,2.8208616780045355,0.4,3.291005291005291,0.5
Concrete,concrete,mlp,0.00275,0.0,0,6,68,0.7197666239716664,2.6641471403376165,0.3695652173913043,2.977576215671454,0.4318181818181818
Concrete,concrete,mlp,0.00275,0.0,0,7,68,0.6499046055830634,2.5857898715041574,0.3548387096774194,2.5857898715041574,0.3548387096774194
Concrete,concrete,mlp,0.00275,0.0,1,2,68,0.6217623491647861,2.2723607961703203,0.2989690721649484,2.742504409171076,0.3846153846153846
Concrete,concrete,mlp,0.00275,0.0,1,3,68,0.7008880032499598,2.5857898715041574,0.3548387096774194,2.742504409171076,0.3846153846153846
Concrete,concrete,mlp,0.00275,0.0,1,4,68,0.6634897766563458,2.3507180650037798,0.3125,2.429075333837239,0.3263157894736842
Concrete,concrete,mlp,0.00275,0.0,1,5,68,0.7086087395522853,3.055933484504913,0.4482758620689655,2.742504409171076,0.3846153846153846
Concrete,concrete,mlp,0.00275,0.0,1,6,68,0.6755021710603342,2.429075333837239,0.3263157894736842,2.742504409171076,0.3846153846153846
Concrete,concrete,mlp,0.00275,0.0,1,7,68,0.7126768409646305,2.8208616780045355,0.4,2.6641471403376165,0.3695652173913043
Concrete,concrete,mlp,0.00275,0.0,2,3,68,0.6654800478176716,2.3507180650037798,0.3125,2.8208616780045355,0.4
Concrete,concrete,mlp,0.00275,0.0,2,4,68,0.7070645408452093,2.8208616780045355,0.4,2.5857898715041574,0.3548387096774194
Concrete,concrete,mlp,0.00275,0.0,2,5,68,0.7184724325136278,2.507432602670698,0.3404255319148936,3.1342907533383726,0.4651162790697674
Concrete,concrete,mlp,0.00275,0.0,2,6,68,0.683785953197015,2.507432602670698,0.3404255319148936,2.742504409171076,0.3846153846153846
Concrete,concrete,mlp,0.00275,0.0,2,7,68,0.5521268222149573,2.3507180650037798,0.3125,2.2723607961703203,0.2989690721649484
Concrete,concrete,mlp,0.00275,0.0,3,4,68,0.7232359333400319,2.5857898715041574,0.3548387096774194,2.8992189468379945,0.4157303370786517
Concrete,concrete,mlp,0.00275,0.0,3,5,68,0.6971284518136446,2.5857898715041574,0.3548387096774194,3.4477198286722097,0.5365853658536586
Concrete,concrete,mlp,0.00275,0.0,3,6,68,0.6985808343334658,2.742504409171076,0.3846153846153846,2.8208616780045355,0.4
Concrete,concrete,mlp,0.00275,0.0,3,7,68,0.6309880521542814,2.2723607961703203,0.2989690721649484,2.742504409171076,0.3846153846153846
Concrete,concrete,mlp,0.00275,0.0,4,5,68,0.7521741951392065,2.8992189468379945,0.4157303370786517,2.8208616780045355,0.4
Concrete,concrete,mlp,0.00275,0.0,4,6,68,0.7229540684473811,2.6641471403376165,0.3695652173913043,2.977576215671454,0.4318181818181818
Concrete,concrete,mlp,0.00275,0.0,4,7,68,0.6530045929558396,2.6641471403376165,0.3695652173913043,2.8992189468379945,0.4157303370786517
Concrete,concrete,mlp,0.00275,0.0,5,6,68,0.7308756073797035,2.8992189468379945,0.4157303370786517,3.212648022171832,0.4823529411764706
Concrete,concrete,mlp,0.00275,0.0,5,7,68,0.6610440435603805,2.8992189468379945,0.4157303370786517,2.507432602670698,0.3404255319148936
Concrete,concrete,mlp,0.00275,0.0,6,7,68,0.6664147063799423,2.6641471403376165,0.3695652173913043,2.742504409171076,0.3846153846153846
Concrete,concrete,mlp,0.0066,0.0,0,1,72,0.5728555414515593,2.6641471403376165,0.3695652173913043,2.3507180650037798,0.3125
Concrete,concrete,mlp,0.0066,0.0,0,2,72,0.5810884090886798,2.3507180650037798,0.3125,2.742504409171076,0.3846153846153846
Concrete,concrete,mlp,0.0066,0.0,0,3,72,0.5879889682479769,2.429075333837239,0.3263157894736842,2.6641471403376165,0.3695652173913043
Concrete,concrete,mlp,0.0066,0.0,0,4,72,0.5371188685037177,2.429075333837239,0.3263157894736842,2.5857898715041574,0.3548387096774194
Concrete,concrete,mlp,0.0066,0.0,0,5,72,0.5890730476975803,2.507432602670698,0.3404255319148936,3.055933484504913,0.4482758620689655
Concrete,concrete,mlp,0.0066,0.0,0,6,72,0.6090284465021455,2.3507180650037798,0.3125,2.742504409171076,0.3846153846153846
Concrete,concrete,mlp,0.0066,0.0,0,7,72,0.563855990774728,2.429075333837239,0.3263157894736842,2.429075333837239,0.3263157894736842
Concrete,concrete,mlp,0.0066,0.0,1,2,72,0.5836803529422966,2.1940035273368608,0.2857142857142857,2.8208616780045355,0.4
Concrete,concrete,mlp,0.0066,0.0,1,3,72,0.4403914120449588,2.2723607961703203,0.2989690721649484,2.1940035273368608,0.2857142857142857
Concrete,concrete,mlp,0.0066,0.0,1,4,72,0.4637068750444807,2.507432602670698,0.3404255319148936,2.507432602670698,0.3404255319148936
Concrete,concrete,mlp,0.0066,0.0,1,5,72,0.4543195541818336,2.037288989669942,0.26,2.5857898715041574,0.3548387096774194
Concrete,concrete,mlp,0.0066,0.0,1,6,72,0.622833844164766,2.6641471403376165,0.3695652173913043,2.8992189468379945,0.4157303370786517
Concrete,concrete,mlp,0.0066,0.0,1,7,72,0.638432542168647,2.429075333837239,0.3263157894736842,2.507432602670698,0.3404255319148936
Concrete,concrete,mlp,0.0066,0.0,2,3,72,0.5428885549111101,2.2723607961703203,0.2989690721649484,2.3507180650037798,0.3125
Concrete,concrete,mlp,0.0066,0.0,2,4,72,0.5035704172969009,2.3507180650037798,0.3125,2.429075333837239,0.3263157894736842
Concrete,concrete,mlp,0.0066,0.0,2,5,72,0.5639399583532841,2.507432602670698,0.3404255319148936,2.5857898715041574,0.3548387096774194
Concrete,concrete,mlp,0.0066,0.0,2,6,72,0.5830670394077747,2.2723607961703203,0.2989690721649484,2.3507180650037798,0.3125
Concrete,concrete,mlp,0.0066,0.0,2,7,72,0.5952111910045272,2.3507180650037798,0.3125,2.6641471403376165,0.3695652173913043
Concrete,concrete,mlp,0.0066,0.0,3,4,72,0.5952997656850021,2.2723607961703203,0.2989690721649484,2.5857898715041574,0.3548387096774194
Concrete,concrete,mlp,0.0066,0.0,3,5,72,0.5166313927092241,2.507432602670698,0.3404255319148936,2.429075333837239,0.3263157894736842
Concrete,concrete,mlp,0.0066,0.0,3,6,72,0.5305395620032901,2.1940035273368608,0.2857142857142857,2.5857898715041574,0.3548387096774194
Concrete,concrete,mlp,0.0066,0.0,3,7,72,0.5520540728437358,2.1940035273368608,0.2857142857142857,2.6641471403376165,0.3695652173913043
Concrete,concrete,mlp,0.0066,0.0,4,5,72,0.5715768732769753,2.3507180650037798,0.3125,2.742504409171076,0.3846153846153846
Concrete,concrete,mlp,0.0066,0.0,4,6,72,0.5965140946456394,2.6641471403376165,0.3695652173913043,2.6641471403376165,0.3695652173913043
Concrete,concrete,mlp,0.0066,0.0,4,7,72,0.5921504230278644,2.742504409171076,0.3846153846153846,2.5857898715041574,0.3548387096774194
Concrete,concrete,mlp,0.0066,0.0,5,6,72,0.6200013184755946,2.3507180650037798,0.3125,2.8208616780045355,0.4
Concrete,concrete,mlp,0.0066,0.0,5,7,72,0.5384346666687185,2.1940035273368608,0.2857142857142857,2.5857898715041574,0.3548387096774194
Concrete,concrete,mlp,0.0066,0.0,6,7,72,0.594399837629305,2.507432602670698,0.3404255319148936,2.3507180650037798,0.3125
Concrete,concrete,mlp,0.00275,0.1,0,1,76,0.6530725760983631,2.5857898715041574,0.3548387096774194,2.8208616780045355,0.4
Concrete,concrete,mlp,0.00275,0.1,0,2,76,0.6398555695328194,2.6641471403376165,0.3695652173913043,2.3507180650037798,0.3125
Concrete,concrete,mlp,0.00275,0.1,0,3,76,0.6427313864121289,2.3507180650037798,0.3125,2.977576215671454,0.4318181818181818
Concrete,concrete,mlp,0.00275,0.1,0,4,76,0.6804459584893257,2.429075333837239,0.3263157894736842,2.977576215671454,0.4318181818181818
Concrete,concrete,mlp,0.00275,0.1,0,5,76,0.6386316395106557,2.429075333837239,0.3263157894736842,2.742504409171076,0.3846153846153846
Concrete,concrete,mlp,0.00275,0.1,0,6,76,0.5592048197731595,2.1940035273368608,0.2857142857142857,2.507432602670698,0.3404255319148936
Concrete,concrete,mlp,0.00275,0.1,0,7,76,0.6102101626456822,1.958931720836483,0.2475247524752475,2.429075333837239,0.3263157894736842
Concrete,concrete,mlp,0.00275,0.1,1,2,76,0.7066484735095002,2.977576215671454,0.4318181818181818,2.6641471403376165,0.3695652173913043
Concrete,concrete,mlp,0.00275,0.1,1,3,76,0.7753262895205185,3.055933484504913,0.4482758620689655,3.055933484504913,0.4482758620689655
Concrete,concrete,mlp,0.00275,0.1,1,4,76,0.7531060528550634,2.8992189468379945,0.4157303370786517,3.212648022171832,0.4823529411764706
Concrete,concrete,mlp,0.00275,0.1,1,5,76,0.7174055884848851,3.1342907533383726,0.4651162790697674,2.742504409171076,0.3846153846153846
Concrete,concrete,mlp,0.00275,0.1,1,6,76,0.6904771310030711,2.8208616780045355,0.4,2.8208616780045355,0.4
Concrete,concrete,mlp,0.00275,0.1,1,7,76,0.7119847035383461,2.6641471403376165,0.3695652173913043,3.055933484504913,0.4482758620689655
Concrete,concrete,mlp,0.00275,0.1,2,3,76,0.7379180062155358,2.977576215671454,0.4318181818181818,3.3693625598387507,0.5180722891566265
Concrete,concrete,mlp,0.00275,0.1,2,4,76,0.760214287200115,2.6641471403376165,0.3695652173913043,3.1342907533383726,0.4651162790697674
Concrete,concrete,mlp,0.00275,0.1,2,5,76,0.749053606724956,2.977576215671454,0.4318181818181818,3.291005291005291,0.5
Concrete,concrete,mlp,0.00275,0.1,2,6,76,0.6959116214158165,2.8992189468379945,0.4157303370786517,2.742504409171076,0.3846153846153846
Concrete,concrete,mlp,0.00275,0.1,2,7,76,0.7494236886315964,2.8208616780045355,0.4,3.1342907533383726,0.4651162790697674
Concrete,concrete,mlp,0.00275,0.1,3,4,76,0.761870744216402,2.977576215671454,0.4318181818181818,3.4477198286722097,0.5365853658536586
Concrete,concrete,mlp,0.00275,0.1,3,5,76,0.7420783407436515,2.977576215671454,0.4318181818181818,3.212648022171832,0.4823529411764706
Concrete,concrete,mlp,0.00275,0.1,3,6,76,0.7003217187700367,2.6641471403376165,0.3695652173913043,2.8992189468379945,0.4157303370786517
Concrete,concrete,mlp,0.00275,0.1,3,7,76,0.689898302627004,2.3507180650037798,0.3125,2.8992189468379945,0.4157303370786517
Concrete,concrete,mlp,0.00275,0.1,4,5,76,0.7699888414704957,3.212648022171832,0.4823529411764706,3.1342907533383726,0.4651162790697674
Concrete,concrete,mlp,0.00275,0.1,4,6,76,0.7043875910733799,3.055933484504913,0.4482758620689655,2.977576215671454,0.4318181818181818
Concrete,concrete,mlp,0.00275,0.1,4,7,76,0.7007433296240251,2.507432602670698,0.3404255319148936,2.8992189468379945,0.4157303370786517
Concrete,concrete,mlp,0.00275,0.1,5,6,76,0.6571792460957033,2.8992189468379945,0.4157303370786517,2.5857898715041574,0.3548387096774194
Concrete,concrete,mlp,0.00275,0.1,5,7,76,0.6762814020604714,2.8208616780045355,0.4,3.291005291005291,0.5
Concrete,concrete,mlp,0.00275,0.1,6,7,76,0.6416347721600163,2.8992189468379945,0.4157303370786517,2.8992189468379945,0.4157303370786517
Concrete,concrete,mlp,0.0066,0.1,0,1,80,0.683603635658462,3.055933484504913,0.4482758620689655,2.5857898715041574,0.3548387096774194
Concrete,concrete,mlp,0.0066,0.1,0,2,80,0.5249963758538968,2.3507180650037798,0.3125,2.1940035273368608,0.2857142857142857
Concrete,concrete,mlp,0.0066,0.1,0,3,80,0.622006586527199,3.055933484504913,0.4482758620689655,2.6641471403376165,0.3695652173913043
Concrete,concrete,mlp,0.0066,0.1,0,4,80,0.5796502269601969,2.8992189468379945,0.4157303370786517,2.1940035273368608,0.2857142857142857
Concrete,concrete,mlp,0.0066,0.1,0,5,80,0.5426339402791546,2.6641471403376165,0.3695652173913043,2.1940035273368608,0.2857142857142857
Concrete,concrete,mlp,0.0066,0.1,0,6,80,0.6321894080709762,3.055933484504913,0.4482758620689655,2.5857898715041574,0.3548387096774194
Concrete,concrete,mlp,0.0066,0.1,0,7,80,0.5609343212956598,2.3507180650037798,0.3125,2.2723607961703203,0.2989690721649484
Concrete,concrete,mlp,0.0066,0.1,1,2,80,0.5268728586559508,2.5857898715041574,0.3548387096774194,2.1940035273368608,0.2857142857142857
Concrete,concrete,mlp,0.0066,0.1,1,3,80,0.5515780249150637,2.429075333837239,0.3263157894736842,2.1940035273368608,0.2857142857142857
Concrete,concrete,mlp,0.0066,0.1,1,4,80,0.5640783885512248,3.212648022171832,0.4823529411764706,2.507432602670698,0.3404255319148936
Concrete,concrete,mlp,0.0066,0.1,1,5,80,0.5623825448400201,2.1940035273368608,0.2857142857142857,2.429075333837239,0.3263157894736842
Concrete,concrete,mlp,0.0066,0.1,1,6,80,0.4917871157492008,2.742504409171076,0.3846153846153846,2.1156462585034013,0.2727272727272727
Concrete,concrete,mlp,0.0066,0.1,1,7,80,0.5117172778148775,2.429075333837239,0.3263157894736842,2.3507180650037798,0.3125
Concrete,concrete,mlp,0.0066,0.1,2,3,80,0.5392190705638413,2.3507180650037798,0.3125,2.6641471403376165,0.3695652173913043
Concrete,concrete,mlp,0.0066,0.1,2,4,80,0.4571749689239903,2.8992189468379945,0.4157303370786517,2.1156462585034013,0.2727272727272727
Concrete,concrete,mlp,0.0066,0.1,2,5,80,0.5184762505797632,2.3507180650037798,0.3125,2.429075333837239,0.3263157894736842
Concrete,concrete,mlp,0.0066,0.1,2,6,80,0.5450268457664842,2.742504409171076,0.3846153846153846,2.1156462585034013,0.2727272727272727
Concrete,concrete,mlp,0.0066,0.1,2,7,80,0.4401896616424097,1.958931720836483,0.2475247524752475,2.2723607961703203,0.2989690721649484
Concrete,concrete,mlp,0.0066,0.1,3,4,80,0.4619823143074503,2.742504409171076,0.3846153846153846,2.507432602670698,0.3404255319148936
Concrete,concrete,mlp,0.0066,0.1,3,5,80,0.5756735907660269,2.3507180650037798,0.3125,2.3507180650037798,0.3125
Concrete,concrete,mlp,0.0066,0.1,3,6,80,0.7347808377158048,3.055933484504913,0.4482758620689655,2.2723607961703203,0.2989690721649484
Concrete,concrete,mlp,0.0066,0.1,3,7,80,0.5100537365776624,2.1940035273368608,0.2857142857142857,2.2723607961703203,0.2989690721649484
Concrete,concrete,mlp,0.0066,0.1,4,5,80,0.4492248811414042,2.5857898715041574,0.3548387096774194,2.5857898715041574,0.3548387096774194
Concrete,concrete,mlp,0.0066,0.1,4,6,80,0.5152410696560142,3.055933484504913,0.4482758620689655,2.037288989669942,0.26
Concrete,concrete,mlp,0.0066,0.1,4,7,80,0.5112848923175519,2.507432602670698,0.3404255319148936,2.429075333837239,0.3263157894736842
Concrete,concrete,mlp,0.0066,0.1,5,6,80,0.5079267592746072,2.742504409171076,0.3846153846153846,2.037288989669942,0.26
Concrete,concrete,mlp,0.0066,0.1,5,7,80,0.4485331035818636,2.1940035273368608,0.2857142857142857,2.037288989669942,0.26
Concrete,concrete,mlp,0.0066,0.1,6,7,80,0.4982776986813581,2.037288989669942,0.26,2.2723607961703203,0.2989690721649484
Concrete,concrete,mlp,0.00275,0.2,0,1,84,0.6881502743994882,2.8208616780045355,0.4,3.212648022171832,0.4823529411764706
Concrete,concrete,mlp,0.00275,0.2,0,2,84,0.5800771193453732,2.1156462585034013,0.2727272727272727,2.8992189468379945,0.4157303370786517
Concrete,concrete,mlp,0.00275,0.2,0,3,84,0.5672567502953605,2.6641471403376165,0.3695652173913043,2.507432602670698,0.3404255319148936
Concrete,concrete,mlp,0.00275,0.2,0,4,84,0.6589023556311073,2.742504409171076,0.3846153846153846,3.1342907533383726,0.4651162790697674
Concrete,concrete,mlp,0.00275,0.2,0,5,84,0.6371752314167349,2.507432602670698,0.3404255319148936,2.6641471403376165,0.3695652173913043
Concrete,concrete,mlp,0.00275,0.2,0,6,84,0.6340569745385862,2.8992189468379945,0.4157303370786517,2.8992189468379945,0.4157303370786517
Concrete,concrete,mlp,0.00275,0.2,0,7,84,0.5977599113859476,2.429075333837239,0.3263157894736842,3.055933484504913,0.4482758620689655
Concrete,concrete,mlp,0.00275,0.2,1,2,84,0.62941559689192,2.5857898715041574,0.3548387096774194,3.055933484504913,0.4482758620689655
Concrete,concrete,mlp,0.00275,0.2,1,3,84,0.6595672389856554,2.6641471403376165,0.3695652173913043,2.8992189468379945,0.4157303370786517
Concrete,concrete,mlp,0.00275,0.2,1,4,84,0.7608119375835701,2.977576215671454,0.4318181818181818,2.977576215671454,0.4318181818181818
Concrete,concrete,mlp,0.00275,0.2,1,5,84,0.680158713660646,2.8992189468379945,0.4157303370786517,2.8208616780045355,0.4
Concrete,concrete,mlp,0.00275,0.2,1,6,84,0.7031196746499757,2.8208616780045355,0.4,3.291005291005291,0.5
Concrete,concrete,mlp,0.00275,0.2,1,7,84,0.6588409948964471,2.5857898715041574,0.3548387096774194,3.055933484504913,0.4482758620689655
Concrete,concrete,mlp,0.00275,0.2,2,3,84,0.6170950297182097,2.6641471403376165,0.3695652173913043,2.5857898715041574,0.3548387096774194
Concrete,concrete,mlp,0.00275,0.2,2,4,84,0.6232257011057893,2.742504409171076,0.3846153846153846,2.8208616780045355,0.4
Concrete,concrete,mlp,0.00275,0.2,2,5,84,0.6126835193841371,2.742504409171076,0.3846153846153846,2.429075333837239,0.3263157894736842
Concrete,concrete,mlp,0.00275,0.2,2,6,84,0.6360432470421907,2.5857898715041574,0.3548387096774194,2.8992189468379945,0.4157303370786517
Concrete,concrete,mlp,0.00275,0.2,2,7,84,0.618112844367975,2.8992189468379945,0.4157303370786517,2.8208616780045355,0.4
Concrete,concrete,mlp,0.00275,0.2,3,4,84,0.627608288097708,2.5857898715041574,0.3548387096774194,2.1940035273368608,0.2857142857142857
Concrete,concrete,mlp,0.00275,0.2,3,5,84,0.6370343022891477,2.6641471403376165,0.3695652173913043,2.8208616780045355,0.4
Concrete,concrete,mlp,0.00275,0.2,3,6,84,0.6621229520337302,2.5857898715041574,0.3548387096774194,3.055933484504913,0.4482758620689655
Concrete,concrete,mlp,0.00275,0.2,3,7,84,0.5971698658072578,2.507432602670698,0.3404255319148936,2.6641471403376165,0.3695652173913043
Concrete,concrete,mlp,0.00275,0.2,4,5,84,0.6457101648998013,2.429075333837239,0.3263157894736842,2.742504409171076,0.3846153846153846
Concrete,concrete,mlp,0.00275,0.2,4,6,84,0.708794211476134,2.977576215671454,0.4318181818181818,2.742504409171076,0.3846153846153846
Concrete,concrete,mlp,0.00275,0.2,4,7,84,0.6368630905355902,2.977576215671454,0.4318181818181818,2.6641471403376165,0.3695652173913043
Concrete,concrete,mlp,0.00275,0.2,5,6,84,0.6897347956450884,2.8992189468379945,0.4157303370786517,2.8208616780045355,0.4
Concrete,concrete,mlp,0.00275,0.2,5,7,84,0.6336807594620835,2.6641471403376165,0.3695652173913043,2.6641471403376165,0.3695652173913043
Concrete,concrete,mlp,0.00275,0.2,6,7,84,0.7042107646595067,3.291005291005291,0.5,2.8992189468379945,0.4157303370786517
Concrete,concrete,mlp,0.0066,0.2,0,1,88,0.4593983202917555,1.958931720836483,0.2475247524752475,2.5857898715041574,0.3548387096774194
Concrete,concrete,mlp,0.0066,0.2,0,2,88,0.5556557376782746,2.3507180650037798,0.3125,2.6641471403376165,0.3695652173913043
Concrete,concrete,mlp,0.0066,0.2,0,3,88,0.5325321239460309,2.3507180650037798,0.3125,2.6641471403376165,0.3695652173913043
Concrete,concrete,mlp,0.0066,0.2,0,4,88,0.5886110125561477,2.507432602670698,0.3404255319148936,2.5857898715041574,0.3548387096774194
Concrete,concrete,mlp,0.0066,0.2,0,5,88,0.534402895200017,2.507432602670698,0.3404255319148936,2.507432602670698,0.3404255319148936
Concrete,concrete,mlp,0.0066,0.2,0,6,88,0.5322312089066873,2.3507180650037798,0.3125,2.1940035273368608,0.2857142857142857
Concrete,concrete,mlp,0.0066,0.2,0,7,88,0.4260006807515998,2.3507180650037798,0.3125,1.7238599143361049,0.2115384615384615
Concrete,concrete,mlp,0.0066,0.2,1,2,88,0.384098438021427,1.880574452003024,0.2352941176470588,2.2723607961703203,0.2989690721649484
Concrete,concrete,mlp,0.0066,0.2,1,3,88,0.4543409583505152,1.7238599143361049,0.2115384615384615,2.5857898715041574,0.3548387096774194
Concrete,concrete,mlp,0.0066,0.2,1,4,88,0.4302225530552393,1.958931720836483,0.2475247524752475,2.507432602670698,0.3404255319148936
Concrete,concrete,mlp,0.0066,0.2,1,5,88,0.4146547236444667,1.802217183169564,0.2233009708737864,2.2723607961703203,0.2989690721649484
Concrete,concrete,mlp,0.0066,0.2,1,6,88,0.3855769256610212,1.7238599143361049,0.2115384615384615,2.3507180650037798,0.3125
Concrete,concrete,mlp,0.0066,0.2,1,7,88,0.376628618561902,1.958931720836483,0.2475247524752475,2.1156462585034013,0.2727272727272727
Concrete,concrete,mlp,0.0066,0.2,2,3,88,0.4560767360150418,2.3507180650037798,0.3125,2.2723607961703203,0.2989690721649484
Concrete,concrete,mlp,0.0066,0.2,2,4,88,0.5477979574385639,2.6641471403376165,0.3695652173913043,2.6641471403376165,0.3695652173913043
Concrete,concrete,mlp,0.0066,0.2,2,5,88,0.3895527251260655,2.037288989669942,0.26,2.037288989669942,0.26
Concrete,concrete,mlp,0.0066,0.2,2,6,88,0.5878260220155094,2.742504409171076,0.3846153846153846,2.3507180650037798,0.3125
Concrete,concrete,mlp,0.0066,0.2,2,7,88,0.4110035109551422,2.507432602670698,0.3404255319148936,2.037288989669942,0.26
Concrete,concrete,mlp,0.0066,0.2,3,4,88,0.4738989189187757,2.2723607961703203,0.2989690721649484,2.5857898715041574,0.3548387096774194
Concrete,concrete,mlp,0.0066,0.2,3,5,88,0.4813791158934849,2.6641471403376165,0.3695652173913043,1.958931720836483,0.2475247524752475
Concrete,concrete,mlp,0.0066,0.2,3,6,88,0.4839541978867215,2.507432602670698,0.3404255319148936,2.1156462585034013,0.2727272727272727
Concrete,concrete,mlp,0.0066,0.2,3,7,88,0.3916661662481297,2.1940035273368608,0.2857142857142857,1.880574452003024,0.2352941176470588
Concrete,concrete,mlp,0.0066,0.2,4,5,88,0.4919509698692004,1.958931720836483,0.2475247524752475,2.1940035273368608,0.2857142857142857
Concrete,concrete,mlp,0.0066,0.2,4,6,88,0.6282305015426781,2.977576215671454,0.4318181818181818,2.507432602670698,0.3404255319148936
Concrete,concrete,mlp,0.0066,0.2,4,7,88,0.5755921687734974,2.1940035273368608,0.2857142857142857,2.2723607961703203,0.2989690721649484
Concrete,concrete,mlp,0.0066,0.2,5,6,88,0.4694321984928771,2.2723607961703203,0.2989690721649484,1.958931720836483,0.2475247524752475
Concrete,concrete,mlp,0.0066,0.2,5,7,88,0.4997510255901632,2.429075333837239,0.3263157894736842,2.037288989669942,0.26
Concrete,concrete,mlp,0.0066,0.2,6,7,88,0.5611352701148713,2.507432602670698,0.3404255319148936,2.037288989669942,0.26
Concrete,concrete,mlp,0.00275,0.4,0,1,92,0.6765580730166153,2.5857898715041574,0.3548387096774194,2.742504409171076,0.3846153846153846
Concrete,concrete,mlp,0.00275,0.4,0,2,92,0.7169633220766229,2.6641471403376165,0.3695652173913043,2.8992189468379945,0.4157303370786517
Concrete,concrete,mlp,0.00275,0.4,0,3,92,0.6497698730048285,2.977576215671454,0.4318181818181818,3.1342907533383726,0.4651162790697674
Concrete,concrete,mlp,0.00275,0.4,0,4,92,0.7424645637481236,3.055933484504913,0.4482758620689655,2.5857898715041574,0.3548387096774194
Concrete,concrete,mlp,0.00275,0.4,0,5,92,0.6552894536647412,2.6641471403376165,0.3695652173913043,2.429075333837239,0.3263157894736842
Concrete,concrete,mlp,0.00275,0.4,0,6,92,0.7601934719998601,2.977576215671454,0.4318181818181818,3.055933484504913,0.4482758620689655
Concrete,concrete,mlp,0.00275,0.4,0,7,92,0.6993875923453885,2.977576215671454,0.4318181818181818,2.742504409171076,0.3846153846153846
Concrete,concrete,mlp,0.00275,0.4,1,2,92,0.6268947089257106,2.3507180650037798,0.3125,2.3507180650037798,0.3125
Concrete,concrete,mlp,0.00275,0.4,1,3,92,0.6482825051329812,2.3507180650037798,0.3125,2.2723607961703203,0.2989690721649484
Concrete,concrete,mlp,0.00275,0.4,1,4,92,0.6030163225895491,2.742504409171076,0.3846153846153846,2.2723607961703203,0.2989690721649484
Concrete,concrete,mlp,0.00275,0.4,1,5,92,0.6367518662923153,2.5857898715041574,0.3548387096774194,2.429075333837239,0.3263157894736842
Concrete,concrete,mlp,0.00275,0.4,1,6,92,0.6427268882095881,2.507432602670698,0.3404255319148936,2.2723607961703203,0.2989690721649484
Concrete,concrete,mlp,0.00275,0.4,1,7,92,0.5731335478497946,2.429075333837239,0.3263157894736842,2.3507180650037798,0.3125
Concrete,concrete,mlp,0.00275,0.4,2,3,92,0.629752459684913,2.507432602670698,0.3404255319148936,2.742504409171076,0.3846153846153846
Concrete,concrete,mlp,0.00275,0.4,2,4,92,0.5747018870757025,2.3507180650037798,0.3125,2.429075333837239,0.3263157894736842
Concrete,concrete,mlp,0.00275,0.4,2,5,92,0.571788745015065,2.1940035273368608,0.2857142857142857,2.1940035273368608,0.2857142857142857
Concrete,concrete,mlp,0.00275,0.4,2,6,92,0.6135264775133138,2.2723607961703203,0.2989690721649484,2.742504409171076,0.3846153846153846
Concrete,concrete,mlp,0.00275,0.4,2,7,92,0.6071773262341278,2.3507180650037798,0.3125,2.742504409171076,0.3846153846153846
Concrete,concrete,mlp,0.00275,0.4,3,4,92,0.6066594793030883,2.8208616780045355,0.4,2.6641471403376165,0.3695652173913043
Concrete,concrete,mlp,0.00275,0.4,3,5,92,0.5512142352212878,2.5857898715041574,0.3548387096774194,2.507432602670698,0.3404255319148936
Concrete,concrete,mlp,0.00275,0.4,3,6,92,0.5723452081152208,2.6641471403376165,0.3695652173913043,2.8208616780045355,0.4
Concrete,concrete,mlp,0.00275,0.4,3,7,92,0.6688783099975313,2.2723607961703203,0.2989690721649484,2.977576215671454,0.4318181818181818
Concrete,concrete,mlp,0.00275,0.4,4,5,92,0.581789618478626,2.742504409171076,0.3846153846153846,2.3507180650037798,0.3125
Concrete,concrete,mlp,0.00275,0.4,4,6,92,0.7501575258214095,3.291005291005291,0.5,2.8992189468379945,0.4157303370786517
Concrete,concrete,mlp,0.00275,0.4,4,7,92,0.6259488197535555,2.507432602670698,0.3404255319148936,2.5857898715041574,0.3548387096774194
Concrete,concrete,mlp,0.00275,0.4,5,6,92,0.6066580762503253,2.429075333837239,0.3263157894736842,2.3507180650037798,0.3125
Concrete,concrete,mlp,0.00275,0.4,5,7,92,0.5524221773895769,2.742504409171076,0.3846153846153846,2.3507180650037798,0.3125
Concrete,concrete,mlp,0.00275,0.4,6,7,92,0.5882260323126821,2.3507180650037798,0.3125,2.977576215671454,0.4318181818181818
Concrete,concrete,mlp,0.0066,0.4,0,1,96,0.4614873947996392,2.2723607961703203,0.2989690721649484,1.958931720836483,0.2475247524752475
Concrete,concrete,mlp,0.0066,0.4,0,2,96,0.3877222827433886,2.2723607961703203,0.2989690721649484,1.880574452003024,0.2352941176470588
Concrete,concrete,mlp,0.0066,0.4,0,3,96,0.4038084472404265,2.1940035273368608,0.2857142857142857,1.802217183169564,0.2233009708737864
Concrete,concrete,mlp,0.0066,0.4,0,4,96,0.4639536525460952,2.3507180650037798,0.3125,1.7238599143361049,0.2115384615384615
Concrete,concrete,mlp,0.0066,0.4,0,5,96,0.4533128044772339,2.1156462585034013,0.2727272727272727,1.1753590325018897,0.1351351351351351
Concrete,concrete,mlp,0.0066,0.4,0,6,96,0.4580097984925138,2.037288989669942,0.26,2.037288989669942,0.26
Concrete,concrete,mlp,0.0066,0.4,0,7,96,0.3523022914710397,1.958931720836483,0.2475247524752475,2.037288989669942,0.26
Concrete,concrete,mlp,0.0066,0.4,1,2,96,0.3006651360605797,1.880574452003024,0.2352941176470588,1.6455026455026456,0.2
Concrete,concrete,mlp,0.0066,0.4,1,3,96,0.3502483898867735,2.1940035273368608,0.2857142857142857,1.802217183169564,0.2233009708737864
Concrete,concrete,mlp,0.0066,0.4,1,4,96,0.4881132575091809,2.1940035273368608,0.2857142857142857,1.802217183169564,0.2233009708737864
Concrete,concrete,mlp,0.0066,0.4,1,5,96,0.4816417960598515,1.880574452003024,0.2352941176470588,1.5671453766691863,0.1886792452830188
Concrete,concrete,mlp,0.0066,0.4,1,6,96,0.4403193714910907,2.1156462585034013,0.2727272727272727,2.037288989669942,0.26
Concrete,concrete,mlp,0.0066,0.4,1,7,96,0.3532872857752551,2.1156462585034013,0.2727272727272727,2.1156462585034013,0.2727272727272727
Concrete,concrete,mlp,0.0066,0.4,2,3,96,0.3704532659128202,2.1156462585034013,0.2727272727272727,2.3507180650037798,0.3125
Concrete,concrete,mlp,0.0066,0.4,2,4,96,0.4230105929065012,2.2723607961703203,0.2989690721649484,2.1156462585034013,0.2727272727272727
Concrete,concrete,mlp,0.0066,0.4,2,5,96,0.2699536554029061,1.880574452003024,0.2352941176470588,1.6455026455026456,0.2
Concrete,concrete,mlp,0.0066,0.4,2,6,96,0.3813760130779122,2.2723607961703203,0.2989690721649484,1.802217183169564,0.2233009708737864
Concrete,concrete,mlp,0.0066,0.4,2,7,96,0.2463091968107451,1.6455026455026456,0.2,1.802217183169564,0.2233009708737864
Concrete,concrete,mlp,0.0066,0.4,3,4,96,0.5032933051336105,2.3507180650037798,0.3125,2.6641471403376165,0.3695652173913043
Concrete,concrete,mlp,0.0066,0.4,3,5,96,0.4718633911355769,2.1156462585034013,0.2727272727272727,1.802217183169564,0.2233009708737864
Concrete,concrete,mlp,0.0066,0.4,3,6,96,0.4883726582807105,2.1156462585034013,0.2727272727272727,2.1940035273368608,0.2857142857142857
Concrete,concrete,mlp,0.0066,0.4,3,7,96,0.359125208015976,1.802217183169564,0.2233009708737864,2.3507180650037798,0.3125
Concrete,concrete,mlp,0.0066,0.4,4,5,96,0.548663815404769,2.507432602670698,0.3404255319148936,1.958931720836483,0.2475247524752475
Concrete,concrete,mlp,0.0066,0.4,4,6,96,0.4647598203092873,2.2723607961703203,0.2989690721649484,2.2723607961703203,0.2989690721649484
Concrete,concrete,mlp,0.0066,0.4,4,7,96,0.3665395008561952,1.6455026455026456,0.2,2.037288989669942,0.26
Concrete,concrete,mlp,0.0066,0.4,5,6,96,0.3892220584775851,1.880574452003024,0.2352941176470588,1.880574452003024,0.2352941176470588
Concrete,concrete,mlp,0.0066,0.4,5,7,96,0.3379168093505934,1.6455026455026456,0.2,1.6455026455026456,0.2
Concrete,concrete,mlp,0.0066,0.4,6,7,96,0.4230656124599005,2.1940035273368608,0.2857142857142857,2.037288989669942,0.26
Concrete,concrete,mlp,0.00275,0.0,0,1,100,0.6664219701509778,2.977576215671454,0.4318181818181818,2.742504409171076,0.3846153846153846
Concrete,concrete,mlp,0.00275,0.0,0,2,100,0.6008852997160906,2.977576215671454,0.4318181818181818,2.742504409171076,0.3846153846153846
Concrete,concrete,mlp,0.00275,0.0,0,3,100,0.6549228143467839,2.8208616780045355,0.4,2.8208616780045355,0.4
Concrete,concrete,mlp,0.00275,0.0,0,4,100,0.6630165150503857,2.5857898715041574,0.3548387096774194,2.8992189468379945,0.4157303370786517
Concrete,concrete,mlp,0.00275,0.0,0,5,100,0.6211507519257259,2.507432602670698,0.3404255319148936,2.8208616780045355,0.4
Concrete,concrete,mlp,0.00275,0.0,0,6,100,0.6137694179505342,2.507432602670698,0.3404255319148936,2.507432602670698,0.3404255319148936
Concrete,concrete,mlp,0.00275,0.0,0,7,100,0.6998787341372397,2.977576215671454,0.4318181818181818,2.8992189468379945,0.4157303370786517
Concrete,concrete,mlp,0.00275,0.0,1,2,100,0.6693699707959646,3.055933484504913,0.4482758620689655,2.8208616780045355,0.4
Concrete,concrete,mlp,0.00275,0.0,1,3,100,0.6812638294099715,2.742504409171076,0.3846153846153846,2.742504409171076,0.3846153846153846
Concrete,concrete,mlp,0.00275,0.0,1,4,100,0.6868031785782482,2.8208616780045355,0.4,2.8992189468379945,0.4157303370786517
Concrete,concrete,mlp,0.00275,0.0,1,5,100,0.6661669151341507,2.6641471403376165,0.3695652173913043,2.8208616780045355,0.4
Concrete,concrete,mlp,0.00275,0.0,1,6,100,0.6672919026507768,2.742504409171076,0.3846153846153846,2.3507180650037798,0.3125
Concrete,concrete,mlp,0.00275,0.0,1,7,100,0.7235493102864761,2.742504409171076,0.3846153846153846,2.5857898715041574,0.3548387096774194
Concrete,concrete,mlp,0.00275,0.0,2,3,100,0.6868092681883637,2.8208616780045355,0.4,2.742504409171076,0.3846153846153846
Concrete,concrete,mlp,0.00275,0.0,2,4,100,0.6511125745106142,2.5857898715041574,0.3548387096774194,3.055933484504913,0.4482758620689655
Concrete,concrete,mlp,0.00275,0.0,2,5,100,0.6179683124981822,2.2723607961703203,0.2989690721649484,2.8208616780045355,0.4
Concrete,concrete,mlp,0.00275,0.0,2,6,100,0.6354694519167758,2.3507180650037798,0.3125,2.429075333837239,0.3263157894736842
Concrete,concrete,mlp,0.00275,0.0,2,7,100,0.687564163775964,2.8992189468379945,0.4157303370786517,2.1940035273368608,0.2857142857142857
Concrete,concrete,mlp,0.00275,0.0,3,4,100,0.7327458547574336,2.5857898715041574,0.3548387096774194,3.212648022171832,0.4823529411764706
Concrete,concrete,mlp,0.00275,0.0,3,5,100,0.6701620063670339,2.3507180650037798,0.3125,2.8208616780045355,0.4
Concrete,concrete,mlp,0.00275,0.0,3,6,100,0.6772440679030075,2.5857898715041574,0.3548387096774194,2.8208616780045355,0.4
Concrete,concrete,mlp,0.00275,0.0,3,7,100,0.7137186110439085,2.742504409171076,0.3846153846153846,2.5857898715041574,0.3548387096774194
Concrete,concrete,mlp,0.00275,0.0,4,5,100,0.7286224311965015,2.742504409171076,0.3846153846153846,2.977576215671454,0.4318181818181818
Concrete,concrete,mlp,0.00275,0.0,4,6,100,0.7544213351886861,2.8992189468379945,0.4157303370786517,3.291005291005291,0.5
Concrete,concrete,mlp,0.00275,0.0,4,7,100,0.7685718396719339,2.977576215671454,0.4318181818181818,2.8992189468379945,0.4157303370786517
Concrete,concrete,mlp,0.00275,0.0,5,6,100,0.7480640379733176,2.977576215671454,0.4318181818181818,2.8208616780045355,0.4
Concrete,concrete,mlp,0.00275,0.0,5,7,100,0.6680027671756059,2.429075333837239,0.3263157894736842,2.6641471403376165,0.3695652173913043
Concrete,concrete,mlp,0.00275,0.0,6,7,100,0.7210359831422152,2.507432602670698,0.3404255319148936,2.977576215671454,0.4318181818181818
Concrete,concrete,mlp,0.0066,0.0,0,1,104,0.6776763972522788,2.977576215671454,0.4318181818181818,2.507432602670698,0.3404255319148936
Concrete,concrete,mlp,0.0066,0.0,0,2,104,0.6167651302323891,2.2723607961703203,0.2989690721649484,2.1940035273368608,0.2857142857142857
Concrete,concrete,mlp,0.0066,0.0,0,3,104,0.7356413639881471,2.8992189468379945,0.4157303370786517,2.742504409171076,0.3846153846153846
Concrete,concrete,mlp,0.0066,0.0,0,4,104,0.6741465152447668,3.055933484504913,0.4482758620689655,2.507432602670698,0.3404255319148936
Concrete,concrete,mlp,0.0066,0.0,0,5,104,0.5289167295984625,2.2723607961703203,0.2989690721649484,2.742504409171076,0.3846153846153846
Concrete,concrete,mlp,0.0066,0.0,0,6,104,0.6654224567210111,2.742504409171076,0.3846153846153846,2.3507180650037798,0.3125
Concrete,concrete,mlp,0.0066,0.0,0,7,104,0.5722240529287528,2.5857898715041574,0.3548387096774194,2.8992189468379945,0.4157303370786517
Concrete,concrete,mlp,0.0066,0.0,1,2,104,0.5965506634392325,2.6641471403376165,0.3695652173913043,2.1940035273368608,0.2857142857142857
Concrete,concrete,mlp,0.0066,0.0,1,3,104,0.6352048985406458,2.8992189468379945,0.4157303370786517,2.742504409171076,0.3846153846153846
Concrete,concrete,mlp,0.0066,0.0,1,4,104,0.6217653242212472,2.8992189468379945,0.4157303370786517,2.507432602670698,0.3404255319148936
Concrete,concrete,mlp,0.0066,0.0,1,5,104,0.4935462501361309,2.5857898715041574,0.3548387096774194,2.3507180650037798,0.3125
Concrete,concrete,mlp,0.0066,0.0,1,6,104,0.5914933671684023,2.5857898715041574,0.3548387096774194,2.429075333837239,0.3263157894736842
Concrete,concrete,mlp,0.0066,0.0,1,7,104,0.5574180493054436,2.5857898715041574,0.3548387096774194,2.6641471403376165,0.3695652173913043
Concrete,concrete,mlp,0.0066,0.0,2,3,104,0.5558912146618636,2.3507180650037798,0.3125,1.958931720836483,0.2475247524752475
Concrete,concrete,mlp,0.0066,0.0,2,4,104,0.5564628169809482,2.6641471403376165,0.3695652173913043,2.1156462585034013,0.2727272727272727
Concrete,concrete,mlp,0.0066,0.0,2,5,104,0.4481081827370703,2.1940035273368608,0.2857142857142857,1.958931720836483,0.2475247524752475
Concrete,concrete,mlp,0.0066,0.0,2,6,104,0.5917807735852929,2.507432602670698,0.3404255319148936,2.429075333837239,0.3263157894736842
Concrete,concrete,mlp,0.0066,0.0,2,7,104,0.4211076767126923,1.880574452003024,0.2352941176470588,2.3507180650037798,0.3125
Concrete,concrete,mlp,0.0066,0.0,3,4,104,0.6100258906439182,2.8992189468379945,0.4157303370786517,2.507432602670698,0.3404255319148936
Concrete,concrete,mlp,0.0066,0.0,3,5,104,0.6439805499919495,2.507432602670698,0.3404255319148936,3.1342907533383726,0.4651162790697674
Concrete,concrete,mlp,0.0066,0.0,3,6,104,0.6080368630103646,2.5857898715041574,0.3548387096774194,2.507432602670698,0.3404255319148936
Concrete,concrete,mlp,0.0066,0.0,3,7,104,0.5941391672632882,2.5857898715041574,0.3548387096774194,2.8992189468379945,0.4157303370786517
Concrete,concrete,mlp,0.0066,0.0,4,5,104,0.5855724233566509,2.6641471403376165,0.3695652173913043,3.055933484504913,0.4482758620689655
Concrete,concrete,mlp,0.0066,0.0,4,6,104,0.6520969187975907,2.507432602670698,0.3404255319148936,2.3507180650037798,0.3125
Concrete,concrete,mlp,0.0066,0.0,4,7,104,0.544305562859196,2.2723607961703203,0.2989690721649484,2.5857898715041574,0.3548387096774194
Concrete,concrete,mlp,0.0066,0.0,5,6,104,0.5231133625611815,2.507432602670698,0.3404255319148936,2.3507180650037798,0.3125
Concrete,concrete,mlp,0.0066,0.0,5,7,104,0.5793544408865045,2.037288989669942,0.26,2.8992189468379945,0.4157303370786517
Concrete,concrete,mlp,0.0066,0.0,6,7,104,0.4810272210488042,2.1940035273368608,0.2857142857142857,2.037288989669942,0.26
Concrete,concrete,mlp,0.00275,0.1,0,1,108,0.7299673433339905,2.6641471403376165,0.3695652173913043,2.8208616780045355,0.4
Concrete,concrete,mlp,0.00275,0.1,0,2,108,0.7199743553237168,2.742504409171076,0.3846153846153846,2.8992189468379945,0.4157303370786517
Concrete,concrete,mlp,0.00275,0.1,0,3,108,0.7133374276290654,3.4477198286722097,0.5365853658536586,3.055933484504913,0.4482758620689655
Concrete,concrete,mlp,0.00275,0.1,0,4,108,0.7147384063619163,2.742504409171076,0.3846153846153846,2.977576215671454,0.4318181818181818
Concrete,concrete,mlp,0.00275,0.1,0,5,108,0.7040549044674113,2.8208616780045355,0.4,2.977576215671454,0.4318181818181818
Concrete,concrete,mlp,0.00275,0.1,0,6,108,0.6222922925721543,1.958931720836483,0.2475247524752475,2.8208616780045355,0.4
Concrete,concrete,mlp,0.00275,0.1,0,7,108,0.7332363060096382,2.6641471403376165,0.3695652173913043,3.212648022171832,0.4823529411764706
Concrete,concrete,mlp,0.00275,0.1,1,2,108,0.7030823867250635,2.507432602670698,0.3404255319148936,3.4477198286722097,0.5365853658536586
Concrete,concrete,mlp,0.00275,0.1,1,3,108,0.6013026751615888,2.5857898715041574,0.3548387096774194,2.8992189468379945,0.4157303370786517
Concrete,concrete,mlp,0.00275,0.1,1,4,108,0.6958330396494516,2.8208616780045355,0.4,2.6641471403376165,0.3695652173913043
Concrete,concrete,mlp,0.00275,0.1,1,5,108,0.6791090091620168,2.6641471403376165,0.3695652173913043,2.742504409171076,0.3846153846153846
Concrete,concrete,mlp,0.00275,0.1,1,6,108,0.6582905261158811,2.507432602670698,0.3404255319148936,2.5857898715041574,0.3548387096774194
Concrete,concrete,mlp,0.00275,0.1,1,7,108,0.6701791991264775,2.742504409171076,0.3846153846153846,2.5857898715041574,0.3548387096774194
Concrete,concrete,mlp,0.00275,0.1,2,3,108,0.7076927090364665,2.8992189468379945,0.4157303370786517,3.212648022171832,0.4823529411764706
Concrete,concrete,mlp,0.00275,0.1,2,4,108,0.7186399041749882,2.8208616780045355,0.4,2.5857898715041574,0.3548387096774194
Concrete,concrete,mlp,0.00275,0.1,2,5,108,0.6970702410453012,2.507432602670698,0.3404255319148936,2.8208616780045355,0.4
Concrete,concrete,mlp,0.00275,0.1,2,6,108,0.6082281751738452,2.1940035273368608,0.2857142857142857,2.6641471403376165,0.3695652173913043
Concrete,concrete,mlp,0.00275,0.1,2,7,108,0.672667883386952,2.8992189468379945,0.4157303370786517,3.1342907533383726,0.4651162790697674
Concrete,concrete,mlp,0.00275,0.1,3,4,108,0.7270659282828265,2.8992189468379945,0.4157303370786517,2.977576215671454,0.4318181818181818
Concrete,concrete,mlp,0.00275,0.1,3,5,108,0.63864247840646,2.5857898715041574,0.3548387096774194,2.6641471403376165,0.3695652173913043
Concrete,concrete,mlp,0.00275,0.1,3,6,108,0.5352312354630172,2.037288989669942,0.26,2.742504409171076,0.3846153846153846
Concrete,concrete,mlp,0.00275,0.1,3,7,108,0.6683644355458385,2.8208616780045355,0.4,2.8992189468379945,0.4157303370786517
Concrete,concrete,mlp,0.00275,0.1,4,5,108,0.7231099163757732,3.055933484504913,0.4482758620689655,2.742504409171076,0.3846153846153846
Concrete,concrete,mlp,0.00275,0.1,4,6,108,0.6110885948692999,2.3507180650037798,0.3125,2.8992189468379945,0.4157303370786517
Concrete,concrete,mlp,0.00275,0.1,4,7,108,0.6947861975929852,2.977576215671454,0.4318181818181818,2.8992189468379945,0.4157303370786517
Concrete,concrete,mlp,0.00275,0.1,5,6,108,0.5890556444577484,2.5857898715041574,0.3548387096774194,2.742504409171076,0.3846153846153846
Concrete,concrete,mlp,0.00275,0.1,5,7,108,0.6391524302082344,2.429075333837239,0.3263157894736842,2.8992189468379945,0.4157303370786517
Concrete,concrete,mlp,0.00275,0.1,6,7,108,0.563077683172088,1.802217183169564,0.2233009708737864,2.742504409171076,0.3846153846153846
Concrete,concrete,mlp,0.0066,0.1,0,1,112,0.517247110010936,2.742504409171076,0.3846153846153846,1.958931720836483,0.2475247524752475
Concrete,concrete,mlp,0.0066,0.1,0,2,112,0.5225424591775761,2.429075333837239,0.3263157894736842,2.507432602670698,0.3404255319148936
Concrete,concrete,mlp,0.0066,0.1,0,3,112,0.5260380599889369,2.429075333837239,0.3263157894736842,2.2723607961703203,0.2989690721649484
Concrete,concrete,mlp,0.0066,0.1,0,4,112,0.5217509525268179,2.2723607961703203,0.2989690721649484,2.037288989669942,0.26
Concrete,concrete,mlp,0.0066,0.1,0,5,112,0.5052260672882085,2.6641471403376165,0.3695652173913043,2.1940035273368608,0.2857142857142857
Concrete,concrete,mlp,0.0066,0.1,0,6,112,0.4202169701623727,1.958931720836483,0.2475247524752475,1.7238599143361049,0.2115384615384615
Concrete,concrete,mlp,0.0066,0.1,0,7,112,0.4554411274451342,2.3507180650037798,0.3125,1.6455026455026456,0.2
Concrete,concrete,mlp,0.0066,0.1,1,2,112,0.5715929998199347,2.5857898715041574,0.3548387096774194,2.6641471403376165,0.3695652173913043
Concrete,concrete,mlp,0.0066,0.1,1,3,112,0.5255503559017709,2.507432602670698,0.3404255319148936,2.742504409171076,0.3846153846153846
Concrete,concrete,mlp,0.0066,0.1,1,4,112,0.4691146578165893,2.1940035273368608,0.2857142857142857,1.958931720836483,0.2475247524752475
Concrete,concrete,mlp,0.0066,0.1,1,5,112,0.5556544270828364,2.507432602670698,0.3404255319148936,2.1156462585034013,0.2727272727272727
Concrete,concrete,mlp,0.0066,0.1,1,6,112,0.4652718001673164,2.1940035273368608,0.2857142857142857,1.802217183169564,0.2233009708737864
Concrete,concrete,mlp,0.0066,0.1,1,7,112,0.5695474728496911,2.2723607961703203,0.2989690721649484,2.037288989669942,0.26
Concrete,concrete,mlp,0.0066,0.1,2,3,112,0.6241405292030657,2.6641471403376165,0.3695652173913043,2.742504409171076,0.3846153846153846
Concrete,concrete,mlp,0.0066,0.1,2,4,112,0.5625890543530868,2.3507180650037798,0.3125,2.3507180650037798,0.3125
Concrete,concrete,mlp,0.0066,0.1,2,5,112,0.5594533839193605,2.429075333837239,0.3263157894736842,2.1156462585034013,0.2727272727272727
Concrete,concrete,mlp,0.0066,0.1,2,6,112,0.4580887863585595,1.958931720836483,0.2475247524752475,2.1156462585034013,0.2727272727272727
Concrete,concrete,mlp,0.0066,0.1,2,7,112,0.5706984807587895,2.507432602670698,0.3404255319148936,2.037288989669942,0.26
Concrete,concrete,mlp,0.0066,0.1,3,4,112,0.5241445553561506,2.1156462585034013,0.2727272727272727,2.2723607961703203,0.2989690721649484
Concrete,concrete,mlp,0.0066,0.1,3,5,112,0.4539259700919661,2.429075333837239,0.3263157894736842,1.802217183169564,0.2233009708737864
Concrete,concrete,mlp,0.0066,0.1,3,6,112,0.3654240656284028,1.802217183169564,0.2233009708737864,1.802217183169564,0.2233009708737864
Concrete,concrete,mlp,0.0066,0.1,3,7,112,0.5599951394296544,2.1156462585034013,0.2727272727272727,2.2723607961703203,0.2989690721649484
Concrete,concrete,mlp,0.0066,0.1,4,5,112,0.41716893798944,2.429075333837239,0.3263157894736842,1.880574452003024,0.2352941176470588
Concrete,concrete,mlp,0.0066,0.1,4,6,112,0.4917885076089156,2.2723607961703203,0.2989690721649484,1.958931720836483,0.2475247524752475
Concrete,concrete,mlp,0.0066,0.1,4,7,112,0.4710760932969129,2.1940035273368608,0.2857142857142857,1.880574452003024,0.2352941176470588
Concrete,concrete,mlp,0.0066,0.1,5,6,112,0.5376835807076416,2.3507180650037798,0.3125,2.037288989669942,0.26
Concrete,concrete,mlp,0.0066,0.1,5,7,112,0.6109928455168505,2.507432602670698,0.3404255319148936,1.5671453766691863,0.1886792452830188
Concrete,concrete,mlp,0.0066,0.1,6,7,112,0.4510121560226781,1.880574452003024,0.2352941176470588,2.037288989669942,0.26
Concrete,concrete,mlp,0.00275,0.2,0,1,116,0.582761254636577,2.507432602670698,0.3404255319148936,2.1940035273368608,0.2857142857142857
Concrete,concrete,mlp,0.00275,0.2,0,2,116,0.6021171358678218,2.742504409171076,0.3846153846153846,2.5857898715041574,0.3548387096774194
Concrete,concrete,mlp,0.00275,0.2,0,3,116,0.5795251362450877,2.742504409171076,0.3846153846153846,2.8208616780045355,0.4
Concrete,concrete,mlp,0.00275,0.2,0,4,116,0.69306914541079,2.742504409171076,0.3846153846153846,2.8992189468379945,0.4157303370786517
Concrete,concrete,mlp,0.00275,0.2,0,5,116,0.6592460240900653,2.977576215671454,0.4318181818181818,2.977576215671454,0.4318181818181818
Concrete,concrete,mlp,0.00275,0.2,0,6,116,0.6360160101625579,2.507432602670698,0.3404255319148936,2.8992189468379945,0.4157303370786517
Concrete,concrete,mlp,0.00275,0.2,0,7,116,0.6442535358190558,2.5857898715041574,0.3548387096774194,2.6641471403376165,0.3695652173913043
Concrete,concrete,mlp,0.00275,0.2,1,2,116,0.7859043375327724,2.977576215671454,0.4318181818181818,3.1342907533383726,0.4651162790697674
Concrete,concrete,mlp,0.00275,0.2,1,3,116,0.6379312471313581,2.8208616780045355,0.4,2.742504409171076,0.3846153846153846
Concrete,concrete,mlp,0.00275,0.2,1,4,116,0.7079505829733298,2.8992189468379945,0.4157303370786517,2.8208616780045355,0.4
Concrete,concrete,mlp,0.00275,0.2,1,5,116,0.6240410623972825,2.977576215671454,0.4318181818181818,2.977576215671454,0.4318181818181818
Concrete,concrete,mlp,0.00275,0.2,1,6,116,0.7450776601178978,3.291005291005291,0.5,2.742504409171076,0.3846153846153846
Concrete,concrete,mlp,0.00275,0.2,1,7,116,0.6665137602018902,3.055933484504913,0.4482758620689655,2.5857898715041574,0.3548387096774194
Concrete,concrete,mlp,0.00275,0.2,2,3,116,0.583846094716444,2.5857898715041574,0.3548387096774194,2.429075333837239,0.3263157894736842
Concrete,concrete,mlp,0.00275,0.2,2,4,116,0.7189057984943875,3.1342907533383726,0.4651162790697674,3.055933484504913,0.4482758620689655
Concrete,concrete,mlp,0.00275,0.2,2,5,116,0.5730871886348602,2.977576215671454,0.4318181818181818,2.6641471403376165,0.3695652173913043
Concrete,concrete,mlp,0.00275,0.2,2,6,116,0.6987262929405017,2.8208616780045355,0.4,3.055933484504913,0.4482758620689655
Concrete,concrete,mlp,0.00275,0.2,2,7,116,0.6936076973729604,2.8992189468379945,0.4157303370786517,2.8992189468379945,0.4157303370786517
Concrete,concrete,mlp,0.00275,0.2,3,4,116,0.588545448512817,2.429075333837239,0.3263157894736842,2.2723607961703203,0.2989690721649484
Concrete,concrete,mlp,0.00275,0.2,3,5,116,0.6540534898442327,2.977576215671454,0.4318181818181818,2.6641471403376165,0.3695652173913043
Concrete,concrete,mlp,0.00275,0.2,3,6,116,0.6287057433311553,2.5857898715041574,0.3548387096774194,2.8208616780045355,0.4
Concrete,concrete,mlp,0.00275,0.2,3,7,116,0.697211252660346,2.8208616780045355,0.4,2.977576215671454,0.4318181818181818
Concrete,concrete,mlp,0.00275,0.2,4,5,116,0.6424669822603737,2.6641471403376165,0.3695652173913043,2.742504409171076,0.3846153846153846
Concrete,concrete,mlp,0.00275,0.2,4,6,116,0.7354032748278442,2.977576215671454,0.4318181818181818,3.055933484504913,0.4482758620689655
Concrete,concrete,mlp,0.00275,0.2,4,7,116,0.728950778782117,2.8208616780045355,0.4,2.6641471403376165,0.3695652173913043
Concrete,concrete,mlp,0.00275,0.2,5,6,116,0.6523302346374914,2.8208616780045355,0.4,2.8208616780045355,0.4
Concrete,concrete,mlp,0.00275,0.2,5,7,116,0.6801445782297825,2.742504409171076,0.3846153846153846,2.5857898715041574,0.3548387096774194
Concrete,concrete,mlp,0.00275,0.2,6,7,116,0.6570115708441183,2.742504409171076,0.3846153846153846,2.507432602670698,0.3404255319148936
Concrete,concrete,mlp,0.0066,0.2,0,1,120,0.532638669169036,2.429075333837239,0.3263157894736842,2.429075333837239,0.3263157894736842
Concrete,concrete,mlp,0.0066,0.2,0,2,120,0.5194678866930472,2.742504409171076,0.3846153846153846,1.802217183169564,0.2233009708737864
Concrete,concrete,mlp,0.0066,0.2,0,3,120,0.5041413317771902,2.3507180650037798,0.3125,2.5857898715041574,0.3548387096774194
Concrete,concrete,mlp,0.0066,0.2,0,4,120,0.6601759044911614,2.742504409171076,0.3846153846153846,2.429075333837239,0.3263157894736842
Concrete,concrete,mlp,0.0066,0.2,0,5,120,0.4789734141367273,2.1940035273368608,0.2857142857142857,2.3507180650037798,0.3125
Concrete,concrete,mlp,0.0066,0.2,0,6,120,0.5469042238258925,2.037288989669942,0.26,2.2723607961703203,0.2989690721649484
Concrete,concrete,mlp,0.0066,0.2,0,7,120,0.6204444605791414,2.8992189468379945,0.4157303370786517,2.742504409171076,0.3846153846153846
Concrete,concrete,mlp,0.0066,0.2,1,2,120,0.5036191629208223,2.2723607961703203,0.2989690721649484,1.880574452003024,0.2352941176470588
Concrete,concrete,mlp,0.0066,0.2,1,3,120,0.543331263119286,2.037288989669942,0.26,2.507432602670698,0.3404255319148936
Concrete,concrete,mlp,0.0066,0.2,1,4,120,0.5624743335137626,2.3507180650037798,0.3125,2.1940035273368608,0.2857142857142857
Concrete,concrete,mlp,0.0066,0.2,1,5,120,0.4609452261764734,2.1156462585034013,0.2727272727272727,1.802217183169564,0.2233009708737864
Concrete,concrete,mlp,0.0066,0.2,1,6,120,0.4744238457440439,1.802217183169564,0.2233009708737864,2.037288989669942,0.26
Concrete,concrete,mlp,0.0066,0.2,1,7,120,0.6033249638795747,2.507432602670698,0.3404255319148936,2.3507180650037798,0.3125
Concrete,concrete,mlp,0.0066,0.2,2,3,120,0.3060364985672783,1.7238599143361049,0.2115384615384615,2.1156462585034013,0.2727272727272727
Concrete,concrete,mlp,0.0066,0.2,2,4,120,0.4931440791924712,2.5857898715041574,0.3548387096774194,2.1156462585034013,0.2727272727272727
Concrete,concrete,mlp,0.0066,0.2,2,5,120,0.3635666406373508,1.958931720836483,0.2475247524752475,2.1940035273368608,0.2857142857142857
Concrete,concrete,mlp,0.0066,0.2,2,6,120,0.3664946570280621,2.1156462585034013,0.2727272727272727,1.958931720836483,0.2475247524752475
Concrete,concrete,mlp,0.0066,0.2,2,7,120,0.5140070304988507,2.507432602670698,0.3404255319148936,2.3507180650037798,0.3125
Concrete,concrete,mlp,0.0066,0.2,3,4,120,0.5228326655655824,2.6641471403376165,0.3695652173913043,2.8208616780045355,0.4
Concrete,concrete,mlp,0.0066,0.2,3,5,120,0.431931508874334,1.958931720836483,0.2475247524752475,2.2723607961703203,0.2989690721649484
Concrete,concrete,mlp,0.0066,0.2,3,6,120,0.543349986356391,2.2723607961703203,0.2989690721649484,2.3507180650037798,0.3125
Concrete,concrete,mlp,0.0066,0.2,3,7,120,0.5678262716777173,1.880574452003024,0.2352941176470588,2.977576215671454,0.4318181818181818
Concrete,concrete,mlp,0.0066,0.2,4,5,120,0.4788867807337726,2.1940035273368608,0.2857142857142857,2.5857898715041574,0.3548387096774194
Concrete,concrete,mlp,0.0066,0.2,4,6,120,0.5440832932553198,2.1156462585034013,0.2727272727272727,2.1156462585034013,0.2727272727272727
Concrete,concrete,mlp,0.0066,0.2,4,7,120,0.624351665458976,2.507432602670698,0.3404255319148936,2.429075333837239,0.3263157894736842
Concrete,concrete,mlp,0.0066,0.2,5,6,120,0.4729597721824207,1.958931720836483,0.2475247524752475,2.2723607961703203,0.2989690721649484
Concrete,concrete,mlp,0.0066,0.2,5,7,120,0.5331361478898006,2.037288989669942,0.26,2.429075333837239,0.3263157894736842
Concrete,concrete,mlp,0.0066,0.2,6,7,120,0.6050084238754183,2.037288989669942,0.26,2.8992189468379945,0.4157303370786517
Concrete,concrete,mlp,0.00275,0.4,0,1,124,0.68546014406615,2.507432602670698,0.3404255319148936,2.5857898715041574,0.3548387096774194
Concrete,concrete,mlp,0.00275,0.4,0,2,124,0.6511383277917301,2.507432602670698,0.3404255319148936,3.055933484504913,0.4482758620689655
Concrete,concrete,mlp,0.00275,0.4,0,3,124,0.67783328952663,3.1342907533383726,0.4651162790697674,2.507432602670698,0.3404255319148936
Concrete,concrete,mlp,0.00275,0.4,0,4,124,0.6546628244339155,2.2723607961703203,0.2989690721649484,2.977576215671454,0.4318181818181818
Concrete,concrete,mlp,0.00275,0.4,0,5,124,0.6262364127449266,2.5857898715041574,0.3548387096774194,2.1156462585034013,0.2727272727272727
Concrete,concrete,mlp,0.00275,0.4,0,6,124,0.6125397581916645,2.3507180650037798,0.3125,2.2723607961703203,0.2989690721649484
Concrete,concrete,mlp,0.00275,0.4,0,7,124,0.5863143917571675,2.2723607961703203,0.2989690721649484,2.3507180650037798,0.3125
Concrete,concrete,mlp,0.00275,0.4,1,2,124,0.7049983163666361,2.742504409171076,0.3846153846153846,2.8992189468379945,0.4157303370786517
Concrete,concrete,mlp,0.00275,0.4,1,3,124,0.6823495506668138,2.8992189468379945,0.4157303370786517,2.8992189468379945,0.4157303370786517
Concrete,concrete,mlp,0.00275,0.4,1,4,124,0.7125057302497046,2.742504409171076,0.3846153846153846,3.055933484504913,0.4482758620689655
Concrete,concrete,mlp,0.00275,0.4,1,5,124,0.7060788620094021,2.8208616780045355,0.4,2.977576215671454,0.4318181818181818
Concrete,concrete,mlp,0.00275,0.4,1,6,124,0.6754084034217911,2.5857898715041574,0.3548387096774194,3.212648022171832,0.4823529411764706
Concrete,concrete,mlp,0.00275,0.4,1,7,124,0.6516086828995203,3.212648022171832,0.4823529411764706,2.5857898715041574,0.3548387096774194
Concrete,concrete,mlp,0.00275,0.4,2,3,124,0.6198161054909783,3.055933484504913,0.4482758620689655,2.8208616780045355,0.4
Concrete,concrete,mlp,0.00275,0.4,2,4,124,0.6339891379224382,2.507432602670698,0.3404255319148936,2.8992189468379945,0.4157303370786517
Concrete,concrete,mlp,0.00275,0.4,2,5,124,0.7101645635783705,2.8992189468379945,0.4157303370786517,2.742504409171076,0.3846153846153846
Concrete,concrete,mlp,0.00275,0.4,2,6,124,0.6881211654083259,2.8208616780045355,0.4,2.5857898715041574,0.3548387096774194
Concrete,concrete,mlp,0.00275,0.4,2,7,124,0.6734806802731254,2.8208616780045355,0.4,2.429075333837239,0.3263157894736842
Concrete,concrete,mlp,0.00275,0.4,3,4,124,0.5866185365290251,2.977576215671454,0.4318181818181818,2.742504409171076,0.3846153846153846
Concrete,concrete,mlp,0.00275,0.4,3,5,124,0.5920013042687537,2.742504409171076,0.3846153846153846,2.742504409171076,0.3846153846153846
Concrete,concrete,mlp,0.00275,0.4,3,6,124,0.6212517937569865,2.8208616780045355,0.4,2.742504409171076,0.3846153846153846
Concrete,concrete,mlp,0.00275,0.4,3,7,124,0.6121229733152339,2.742504409171076,0.3846153846153846,2.429075333837239,0.3263157894736842
Concrete,concrete,mlp,0.00275,0.4,4,5,124,0.6528931141704096,2.742504409171076,0.3846153846153846,2.742504409171076,0.3846153846153846
Concrete,concrete,mlp,0.00275,0.4,4,6,124,0.6426361188657127,2.742504409171076,0.3846153846153846,3.055933484504913,0.4482758620689655
Concrete,concrete,mlp,0.00275,0.4,4,7,124,0.6682862813535861,2.8208616780045355,0.4,2.6641471403376165,0.3695652173913043
Concrete,concrete,mlp,0.00275,0.4,5,6,124,0.6560656450260971,2.507432602670698,0.3404255319148936,2.8992189468379945,0.4157303370786517
Concrete,concrete,mlp,0.00275,0.4,5,7,124,0.7099574049459918,2.977576215671454,0.4318181818181818,2.5857898715041574,0.3548387096774194
Concrete,concrete,mlp,0.00275,0.4,6,7,124,0.6636660250568606,2.742504409171076,0.3846153846153846,2.8992189468379945,0.4157303370786517
Concrete,concrete,mlp,0.0066,0.4,0,1,128,0.5129517010627663,2.037288989669942,0.26,2.2723607961703203,0.2989690721649484
Concrete,concrete,mlp,0.0066,0.4,0,2,128,0.4104363362204875,1.7238599143361049,0.2115384615384615,2.6641471403376165,0.3695652173913043
Concrete,concrete,mlp,0.0066,0.4,0,3,128,0.4541872141850321,1.958931720836483,0.2475247524752475,1.880574452003024,0.2352941176470588
Concrete,concrete,mlp,0.0066,0.4,0,4,128,0.5490585022243589,2.3507180650037798,0.3125,2.2723607961703203,0.2989690721649484
Concrete,concrete,mlp,0.0066,0.4,0,5,128,0.3915022859845659,2.037288989669942,0.26,1.958931720836483,0.2475247524752475
Concrete,concrete,mlp,0.0066,0.4,0,6,128,0.4687453521420924,2.429075333837239,0.3263157894736842,1.802217183169564,0.2233009708737864
Concrete,concrete,mlp,0.0066,0.4,0,7,128,0.4330564054495667,2.2723607961703203,0.2989690721649484,2.3507180650037798,0.3125
Concrete,concrete,mlp,0.0066,0.4,1,2,128,0.449161102278537,1.802217183169564,0.2233009708737864,2.429075333837239,0.3263157894736842
Concrete,concrete,mlp,0.0066,0.4,1,3,128,0.4111372709760717,1.5671453766691863,0.1886792452830188,1.802217183169564,0.2233009708737864
Concrete,concrete,mlp,0.0066,0.4,1,4,128,0.5584943676873338,2.507432602670698,0.3404255319148936,1.802217183169564,0.2233009708737864
Concrete,concrete,mlp,0.0066,0.4,1,5,128,0.4160511619449863,2.1940035273368608,0.2857142857142857,1.7238599143361049,0.2115384615384615
Concrete,concrete,mlp,0.0066,0.4,1,6,128,0.4151047899376325,1.802217183169564,0.2233009708737864,1.880574452003024,0.2352941176470588
Concrete,concrete,mlp,0.0066,0.4,1,7,128,0.3629411360521462,1.958931720836483,0.2475247524752475,1.7238599143361049,0.2115384615384615
Concrete,concrete,mlp,0.0066,0.4,2,3,128,0.4667998839363942,2.1156462585034013,0.2727272727272727,1.958931720836483,0.2475247524752475
Concrete,concrete,mlp,0.0066,0.4,2,4,128,0.3524854452924203,2.1156462585034013,0.2727272727272727,1.802217183169564,0.2233009708737864
Concrete,concrete,mlp,0.0066,0.4,2,5,128,0.4275193973325341,2.2723607961703203,0.2989690721649484,1.802217183169564,0.2233009708737864
Concrete,concrete,mlp,0.0066,0.4,2,6,128,0.3971483763697155,1.880574452003024,0.2352941176470588,1.880574452003024,0.2352941176470588
Concrete,concrete,mlp,0.0066,0.4,2,7,128,0.4418859024090271,2.2723607961703203,0.2989690721649484,2.1156462585034013,0.2727272727272727
Concrete,concrete,mlp,0.0066,0.4,3,4,128,0.3605104714161135,1.958931720836483,0.2475247524752475,1.958931720836483,0.2475247524752475
Concrete,concrete,mlp,0.0066,0.4,3,5,128,0.5661340811643657,2.507432602670698,0.3404255319148936,2.1156462585034013,0.2727272727272727
Concrete,concrete,mlp,0.0066,0.4,3,6,128,0.429151326776933,1.958931720836483,0.2475247524752475,1.5671453766691863,0.1886792452830188
Concrete,concrete,mlp,0.0066,0.4,3,7,128,0.4700167277411259,2.1156462585034013,0.2727272727272727,1.958931720836483,0.2475247524752475
Concrete,concrete,mlp,0.0066,0.4,4,5,128,0.4227772190285838,2.429075333837239,0.3263157894736842,2.1940035273368608,0.2857142857142857
Concrete,concrete,mlp,0.0066,0.4,4,6,128,0.4579516880863877,2.037288989669942,0.26,2.1940035273368608,0.2857142857142857
Concrete,concrete,mlp,0.0066,0.4,4,7,128,0.3887558501651633,2.037288989669942,0.26,1.880574452003024,0.2352941176470588
Concrete,concrete,mlp,0.0066,0.4,5,6,128,0.3402143929978588,1.6455026455026456,0.2,1.6455026455026456,0.2
Concrete,concrete,mlp,0.0066,0.4,5,7,128,0.5117663077343486,2.3507180650037798,0.3125,2.037288989669942,0.26
Concrete,concrete,mlp,0.0066,0.4,6,7,128,0.4171473198858474,1.880574452003024,0.2352941176470588,1.6455026455026456,0.2
L-LSPIN,lspin_tf,linear,0.00875,0.0,0,1,132,0.5764696112891861,2.1940035273368608,0.2857142857142857,2.5857898715041574,0.3548387096774194
L-LSPIN,lspin_tf,linear,0.00875,0.0,0,2,132,0.5261910259202593,2.6641471403376165,0.3695652173913043,1.958931720836483,0.2475247524752475
L-LSPIN,lspin_tf,linear,0.00875,0.0,0,3,132,0.5446712095884724,2.037288989669942,0.26,1.958931720836483,0.2475247524752475
L-LSPIN,lspin_tf,linear,0.00875,0.0,0,4,132,0.5164306917032928,2.037288989669942,0.26,2.742504409171076,0.3846153846153846
L-LSPIN,lspin_tf,linear,0.00875,0.0,0,5,132,0.5544077810600959,2.037288989669942,0.26,2.8208616780045355,0.4
L-LSPIN,lspin_tf,linear,0.00875,0.0,0,6,132,0.5900017894102114,2.3507180650037798,0.3125,2.6641471403376165,0.3695652173913043
L-LSPIN,lspin_tf,linear,0.00875,0.0,0,7,132,0.5597017871962109,2.2723607961703203,0.2989690721649484,2.5857898715041574,0.3548387096774194
L-LSPIN,lspin_tf,linear,0.00875,0.0,1,2,132,0.5463591692250243,2.507432602670698,0.3404255319148936,2.1156462585034013,0.2727272727272727
L-LSPIN,lspin_tf,linear,0.00875,0.0,1,3,132,0.538846355394654,2.2723607961703203,0.2989690721649484,2.1940035273368608,0.2857142857142857
L-LSPIN,lspin_tf,linear,0.00875,0.0,1,4,132,0.5632756104326557,2.1156462585034013,0.2727272727272727,2.3507180650037798,0.3125
L-LSPIN,lspin_tf,linear,0.00875,0.0,1,5,132,0.5623703399845577,2.5857898715041574,0.3548387096774194,2.037288989669942,0.26
L-LSPIN,lspin_tf,linear,0.00875,0.0,1,6,132,0.5669321101475663,2.1156462585034013,0.2727272727272727,2.507432602670698,0.3404255319148936
L-LSPIN,lspin_tf,linear,0.00875,0.0,1,7,132,0.6198294077531158,2.5857898715041574,0.3548387096774194,2.3507180650037798,0.3125
L-LSPIN,lspin_tf,linear,0.00875,0.0,2,3,132,0.5351620383911599,2.429075333837239,0.3263157894736842,2.429075333837239,0.3263157894736842
L-LSPIN,lspin_tf,linear,0.00875,0.0,2,4,132,0.5099527273458111,2.1156462585034013,0.2727272727272727,2.037288989669942,0.26
L-LSPIN,lspin_tf,linear,0.00875,0.0,2,5,132,0.547794771795498,2.429075333837239,0.3263157894736842,1.958931720836483,0.2475247524752475
L-LSPIN,lspin_tf,linear,0.00875,0.0,2,6,132,0.5328452989681993,2.2723607961703203,0.2989690721649484,2.2723607961703203,0.2989690721649484
L-LSPIN,lspin_tf,linear,0.00875,0.0,2,7,132,0.4985724212145758,2.429075333837239,0.3263157894736842,1.6455026455026456,0.2
L-LSPIN,lspin_tf,linear,0.00875,0.0,3,4,132,0.5489919087717804,2.1940035273368608,0.2857142857142857,2.1156462585034013,0.2727272727272727
L-LSPIN,lspin_tf,linear,0.00875,0.0,3,5,132,0.5302088024540033,2.2723607961703203,0.2989690721649484,1.958931720836483,0.2475247524752475
L-LSPIN,lspin_tf,linear,0.00875,0.0,3,6,132,0.510424828058979,2.3507180650037798,0.3125,2.2723607961703203,0.2989690721649484
L-LSPIN,lspin_tf,linear,0.00875,0.0,3,7,132,0.5226059806396635,2.429075333837239,0.3263157894736842,1.958931720836483,0.2475247524752475
L-LSPIN,lspin_tf,linear,0.00875,0.0,4,5,132,0.5645310419109639,2.1156462585034013,0.2727272727272727,2.5857898715041574,0.3548387096774194
L-LSPIN,lspin_tf,linear,0.00875,0.0,4,6,132,0.5281668030217357,2.037288989669942,0.26,2.2723607961703203,0.2989690721649484
L-LSPIN,lspin_tf,linear,0.00875,0.0,4,7,132,0.5419515782841167,2.3507180650037798,0.3125,1.958931720836483,0.2475247524752475
L-LSPIN,lspin_tf,linear,0.00875,0.0,5,6,132,0.5315540691042505,2.2723607961703203,0.2989690721649484,2.2723607961703203,0.2989690721649484
L-LSPIN,lspin_tf,linear,0.00875,0.0,5,7,132,0.473691881485192,2.1940035273368608,0.2857142857142857,1.958931720836483,0.2475247524752475
L-LSPIN,lspin_tf,linear,0.00875,0.0,6,7,132,0.5368988079839552,2.429075333837239,0.3263157894736842,2.2723607961703203,0.2989690721649484
L-LSPIN,lspin_tf,linear,0.028,0.0,0,1,136,0.3034146376743138,1.3320735701688082,0.1559633027522936,2.037288989669942,0.26
L-LSPIN,lspin_tf,linear,0.028,0.0,0,2,136,0.2753513866820211,1.5671453766691863,0.1886792452830188,1.6455026455026456,0.2
L-LSPIN,lspin_tf,linear,0.028,0.0,0,3,136,0.4020986398584834,2.1156462585034013,0.2727272727272727,1.6455026455026456,0.2
L-LSPIN,lspin_tf,linear,0.028,0.0,0,4,136,0.2731479800670433,1.958931720836483,0.2475247524752475,1.3320735701688082,0.1559633027522936
L-LSPIN,lspin_tf,linear,0.028,0.0,0,5,136,0.2416495018931721,1.488788107835727,0.1775700934579439,1.7238599143361049,0.2115384615384615
L-LSPIN,lspin_tf,linear,0.028,0.0,0,6,136,0.2614444299869428,2.037288989669942,0.26,1.802217183169564,0.2233009708737864
L-LSPIN,lspin_tf,linear,0.028,0.0,0,7,136,0.2246943020522456,1.958931720836483,0.2475247524752475,1.488788107835727,0.1775700934579439
L-LSPIN,lspin_tf,linear,0.028,0.0,1,2,136,0.2631282866019469,1.7238599143361049,0.2115384615384615,1.7238599143361049,0.2115384615384615
L-LSPIN,lspin_tf,linear,0.028,0.0,1,3,136,0.4425071262075583,1.488788107835727,0.1775700934579439,2.1156462585034013,0.2727272727272727
L-LSPIN,lspin_tf,linear,0.028,0.0,1,4,136,0.3751198027040036,1.880574452003024,0.2352941176470588,1.488788107835727,0.1775700934579439
L-LSPIN,lspin_tf,linear,0.028,0.0,1,5,136,0.2342789036261021,1.1753590325018897,0.1351351351351351,1.4104308390022675,0.1666666666666666
L-LSPIN,lspin_tf,linear,0.028,0.0,1,6,136,0.3653943307024033,1.802217183169564,0.2233009708737864,1.5671453766691863,0.1886792452830188
L-LSPIN,lspin_tf,linear,0.028,0.0,1,7,136,0.2976557769266884,1.5671453766691863,0.1886792452830188,1.5671453766691863,0.1886792452830188
L-LSPIN,lspin_tf,linear,0.028,0.0,2,3,136,0.2954334446334833,1.4104308390022675,0.1666666666666666,1.7238599143361049,0.2115384615384615
L-LSPIN,lspin_tf,linear,0.028,0.0,2,4,136,0.2810243470026922,2.037288989669942,0.26,1.3320735701688082,0.1559633027522936
L-LSPIN,lspin_tf,linear,0.028,0.0,2,5,136,0.2959885086889149,1.4104308390022675,0.1666666666666666,1.958931720836483,0.2475247524752475
L-LSPIN,lspin_tf,linear,0.028,0.0,2,6,136,0.3445477794842985,2.037288989669942,0.26,1.802217183169564,0.2233009708737864
L-LSPIN,lspin_tf,linear,0.028,0.0,2,7,136,0.3178320891550129,1.958931720836483,0.2475247524752475,1.880574452003024,0.2352941176470588
L-LSPIN,lspin_tf,linear,0.028,0.0,3,4,136,0.3679999701907925,1.880574452003024,0.2352941176470588,1.5671453766691863,0.1886792452830188
L-LSPIN,lspin_tf,linear,0.028,0.0,3,5,136,0.282098129349124,1.7238599143361049,0.2115384615384615,1.6455026455026456,0.2
L-LSPIN,lspin_tf,linear,0.028,0.0,3,6,136,0.3551909873085561,2.037288989669942,0.26,1.018644494834971,0.1150442477876106
L-LSPIN,lspin_tf,linear,0.028,0.0,3,7,136,0.334842579724728,1.880574452003024,0.2352941176470588,1.488788107835727,0.1775700934579439
L-LSPIN,lspin_tf,linear,0.028,0.0,4,5,136,0.1852248309819487,1.6455026455026456,0.2,1.7238599143361049,0.2115384615384615
L-LSPIN,lspin_tf,linear,0.028,0.0,4,6,136,0.3202617981062144,2.2723607961703203,0.2989690721649484,1.488788107835727,0.1775700934579439
L-LSPIN,lspin_tf,linear,0.028,0.0,4,7,136,0.370355077765815,1.802217183169564,0.2233009708737864,1.7238599143361049,0.2115384615384615
L-LSPIN,lspin_tf,linear,0.028,0.0,5,6,136,0.2458648750526867,2.1156462585034013,0.2727272727272727,1.802217183169564,0.2233009708737864
L-LSPIN,lspin_tf,linear,0.028,0.0,5,7,136,0.2540629417120796,1.1753590325018897,0.1351351351351351,2.1940035273368608,0.2857142857142857
L-LSPIN,lspin_tf,linear,0.028,0.0,6,7,136,0.2251558551584332,1.488788107835727,0.1775700934579439,1.7238599143361049,0.2115384615384615
L-LSPIN,lspin_tf,linear,0.00875,0.1,0,1,140,0.606648019781543,2.507432602670698,0.3404255319148936,2.742504409171076,0.3846153846153846
L-LSPIN,lspin_tf,linear,0.00875,0.1,0,2,140,0.6450772485780996,2.8992189468379945,0.4157303370786517,2.6641471403376165,0.3695652173913043
L-LSPIN,lspin_tf,linear,0.00875,0.1,0,3,140,0.6667594659913221,2.3507180650037798,0.3125,2.6641471403376165,0.3695652173913043
L-LSPIN,lspin_tf,linear,0.00875,0.1,0,4,140,0.5596693822253199,2.507432602670698,0.3404255319148936,2.2723607961703203,0.2989690721649484
L-LSPIN,lspin_tf,linear,0.00875,0.1,0,5,140,0.5810595381425363,2.3507180650037798,0.3125,2.5857898715041574,0.3548387096774194
L-LSPIN,lspin_tf,linear,0.00875,0.1,0,6,140,0.6270134948318431,2.3507180650037798,0.3125,2.6641471403376165,0.3695652173913043
L-LSPIN,lspin_tf,linear,0.00875,0.1,0,7,140,0.6146587920413745,2.5857898715041574,0.3548387096774194,2.6641471403376165,0.3695652173913043
L-LSPIN,lspin_tf,linear,0.00875,0.1,1,2,140,0.6611084030549711,2.507432602670698,0.3404255319148936,2.5857898715041574,0.3548387096774194
L-LSPIN,lspin_tf,linear,0.00875,0.1,1,3,140,0.6094035812519092,2.507432602670698,0.3404255319148936,2.5857898715041574,0.3548387096774194
L-LSPIN,lspin_tf,linear,0.00875,0.1,1,4,140,0.5762196625190853,2.429075333837239,0.3263157894736842,2.2723607961703203,0.2989690721649484
L-LSPIN,lspin_tf,linear,0.00875,0.1,1,5,140,0.6232601706556687,2.507432602670698,0.3404255319148936,2.742504409171076,0.3846153846153846
L-LSPIN,lspin_tf,linear,0.00875,0.1,1,6,140,0.5377142164325397,2.1156462585034013,0.2727272727272727,2.5857898715041574,0.3548387096774194
L-LSPIN,lspin_tf,linear,0.00875,0.1,1,7,140,0.6857472250157711,2.8208616780045355,0.4,2.742504409171076,0.3846153846153846
L-LSPIN,lspin_tf,linear,0.00875,0.1,2,3,140,0.6596987478018085,2.742504409171076,0.3846153846153846,2.3507180650037798,0.3125
L-LSPIN,lspin_tf,linear,0.00875,0.1,2,4,140,0.5984365123337677,2.429075333837239,0.3263157894736842,2.1940035273368608,0.2857142857142857
L-LSPIN,lspin_tf,linear,0.00875,0.1,2,5,140,0.6639683069081431,2.6641471403376165,0.3695652173913043,2.429075333837239,0.3263157894736842
L-LSPIN,lspin_tf,linear,0.00875,0.1,2,6,140,0.6101950716523851,2.6641471403376165,0.3695652173913043,2.429075333837239,0.3263157894736842
L-LSPIN,lspin_tf,linear,0.00875,0.1,2,7,140,0.6932409383868662,2.8208616780045355,0.4,2.8208616780045355,0.4
L-LSPIN,lspin_tf,linear,0.00875,0.1,3,4,140,0.5707445623976768,2.429075333837239,0.3263157894736842,2.1156462585034013,0.2727272727272727
L-LSPIN,lspin_tf,linear,0.00875,0.1,3,5,140,0.624081125110422,2.507432602670698,0.3404255319148936,2.429075333837239,0.3263157894736842
L-LSPIN,lspin_tf,linear,0.00875,0.1,3,6,140,0.5928998857991808,2.429075333837239,0.3263157894736842,2.2723607961703203,0.2989690721649484
L-LSPIN,lspin_tf,linear,0.00875,0.1,3,7,140,0.6319134566247013,2.977576215671454,0.4318181818181818,2.429075333837239,0.3263157894736842
L-LSPIN,lspin_tf,linear,0.00875,0.1,4,5,140,0.602549849515256,2.3507180650037798,0.3125,2.429075333837239,0.3263157894736842
L-LSPIN,lspin_tf,linear,0.00875,0.1,4,6,140,0.5914673656152226,2.5857898715041574,0.3548387096774194,1.958931720836483,0.2475247524752475
L-LSPIN,lspin_tf,linear,0.00875,0.1,4,7,140,0.6499654522379372,2.3507180650037798,0.3125,2.507432602670698,0.3404255319148936
L-LSPIN,lspin_tf,linear,0.00875,0.1,5,6,140,0.5885816922041739,2.429075333837239,0.3263157894736842,2.8208616780045355,0.4
L-LSPIN,lspin_tf,linear,0.00875,0.1,5,7,140,0.6950530090599443,2.8992189468379945,0.4157303370786517,2.507432602670698,0.3404255319148936
L-LSPIN,lspin_tf,linear,0.00875,0.1,6,7,140,0.5716774162277013,2.1940035273368608,0.2857142857142857,2.1940035273368608,0.2857142857142857
L-LSPIN,lspin_tf,linear,0.028,0.1,0,1,144,0.2699202575215417,2.1156462585034013,0.2727272727272727,1.802217183169564,0.2233009708737864
L-LSPIN,lspin_tf,linear,0.028,0.1,0,2,144,0.3430294120672045,1.958931720836483,0.2475247524752475,1.958931720836483,0.2475247524752475
L-LSPIN,lspin_tf,linear,0.028,0.1,0,3,144,0.3993219766947318,2.037288989669942,0.26,1.880574452003024,0.2352941176470588
L-LSPIN,lspin_tf,linear,0.028,0.1,0,4,144,0.2473341169712692,1.018644494834971,0.1150442477876106,1.880574452003024,0.2352941176470588
L-LSPIN,lspin_tf,linear,0.028,0.1,0,5,144,0.3218703174081231,1.6455026455026456,0.2,2.037288989669942,0.26
L-LSPIN,lspin_tf,linear,0.028,0.1,0,6,144,0.3547804660998182,1.6455026455026456,0.2,2.1156462585034013,0.2727272727272727
L-LSPIN,lspin_tf,linear,0.028,0.1,0,7,144,0.3778146383886223,1.6455026455026456,0.2,2.037288989669942,0.26
L-LSPIN,lspin_tf,linear,0.028,0.1,1,2,144,0.3702269292868657,1.488788107835727,0.1775700934579439,2.1156462585034013,0.2727272727272727
L-LSPIN,lspin_tf,linear,0.028,0.1,1,3,144,0.3888906156018304,1.880574452003024,0.2352941176470588,2.1156462585034013,0.2727272727272727
L-LSPIN,lspin_tf,linear,0.028,0.1,1,4,144,0.0916038627594026,1.018644494834971,0.1150442477876106,1.4104308390022675,0.1666666666666666
L-LSPIN,lspin_tf,linear,0.028,0.1,1,5,144,0.2191409113741076,1.802217183169564,0.2233009708737864,1.802217183169564,0.2233009708737864
L-LSPIN,lspin_tf,linear,0.028,0.1,1,6,144,0.3246774160533943,1.958931720836483,0.2475247524752475,1.958931720836483,0.2475247524752475
L-LSPIN,lspin_tf,linear,0.028,0.1,1,7,144,0.2986889646919035,1.4104308390022675,0.1666666666666666,1.6455026455026456,0.2
L-LSPIN,lspin_tf,linear,0.028,0.1,2,3,144,0.441678557828701,1.880574452003024,0.2352941176470588,2.1156462585034013,0.2727272727272727
L-LSPIN,lspin_tf,linear,0.028,0.1,2,4,144,0.3667417020342079,1.5671453766691863,0.1886792452830188,2.1156462585034013,0.2727272727272727
L-LSPIN,lspin_tf,linear,0.028,0.1,2,5,144,0.4483485666368134,1.6455026455026456,0.2,2.3507180650037798,0.3125
L-LSPIN,lspin_tf,linear,0.028,0.1,2,6,144,0.3842549649154785,1.7238599143361049,0.2115384615384615,2.2723607961703203,0.2989690721649484
L-LSPIN,lspin_tf,linear,0.028,0.1,2,7,144,0.3013313885370857,1.6455026455026456,0.2,1.802217183169564,0.2233009708737864
L-LSPIN,lspin_tf,linear,0.028,0.1,3,4,144,0.1768955867696044,1.488788107835727,0.1775700934579439,1.7238599143361049,0.2115384615384615
L-LSPIN,lspin_tf,linear,0.028,0.1,3,5,144,0.3954455872853445,1.958931720836483,0.2475247524752475,1.880574452003024,0.2352941176470588
L-LSPIN,lspin_tf,linear,0.028,0.1,3,6,144,0.336324125202225,1.802217183169564,0.2233009708737864,2.1156462585034013,0.2727272727272727
L-LSPIN,lspin_tf,linear,0.028,0.1,3,7,144,0.391820587260949,1.3320735701688082,0.1559633027522936,2.2723607961703203,0.2989690721649484
L-LSPIN,lspin_tf,linear,0.028,0.1,4,5,144,0.2171817609849509,1.253716301335349,0.1454545454545454,1.958931720836483,0.2475247524752475
L-LSPIN,lspin_tf,linear,0.028,0.1,4,6,144,0.3057577509278212,1.802217183169564,0.2233009708737864,1.5671453766691863,0.1886792452830188
L-LSPIN,lspin_tf,linear,0.028,0.1,4,7,144,0.2752571223441908,1.5671453766691863,0.1886792452830188,1.6455026455026456,0.2
L-LSPIN,lspin_tf,linear,0.028,0.1,5,6,144,0.3454458916289569,1.802217183169564,0.2233009708737864,1.958931720836483,0.2475247524752475
L-LSPIN,lspin_tf,linear,0.028,0.1,5,7,144,0.2794121918396597,1.4104308390022675,0.1666666666666666,2.2723607961703203,0.2989690721649484
L-LSPIN,lspin_tf,linear,0.028,0.1,6,7,144,0.4040091072522337,1.958931720836483,0.2475247524752475,1.802217183169564,0.2233009708737864
L-LSPIN,lspin_tf,linear,0.00875,0.2,0,1,148,0.6156137557969455,2.507432602670698,0.3404255319148936,2.507432602670698,0.3404255319148936
L-LSPIN,lspin_tf,linear,0.00875,0.2,0,2,148,0.5405530258244547,2.8208616780045355,0.4,2.2723607961703203,0.2989690721649484
L-LSPIN,lspin_tf,linear,0.00875,0.2,0,3,148,0.5695279298349509,2.2723607961703203,0.2989690721649484,2.507432602670698,0.3404255319148936
L-LSPIN,lspin_tf,linear,0.00875,0.2,0,4,148,0.533510161644552,2.2723607961703203,0.2989690721649484,2.1940035273368608,0.2857142857142857
L-LSPIN,lspin_tf,linear,0.00875,0.2,0,5,148,0.6207940875773067,2.6641471403376165,0.3695652173913043,3.055933484504913,0.4482758620689655
L-LSPIN,lspin_tf,linear,0.00875,0.2,0,6,148,0.5866476380247629,1.958931720836483,0.2475247524752475,2.507432602670698,0.3404255319148936
L-LSPIN,lspin_tf,linear,0.00875,0.2,0,7,148,0.5758554066507352,2.3507180650037798,0.3125,2.3507180650037798,0.3125
L-LSPIN,lspin_tf,linear,0.00875,0.2,1,2,148,0.6524990273462554,2.977576215671454,0.4318181818181818,2.6641471403376165,0.3695652173913043
L-LSPIN,lspin_tf,linear,0.00875,0.2,1,3,148,0.6630074182343291,2.507432602670698,0.3404255319148936,2.742504409171076,0.3846153846153846
L-LSPIN,lspin_tf,linear,0.00875,0.2,1,4,148,0.6513034939651279,2.507432602670698,0.3404255319148936,2.6641471403376165,0.3695652173913043
L-LSPIN,lspin_tf,linear,0.00875,0.2,1,5,148,0.619188283629353,2.5857898715041574,0.3548387096774194,2.507432602670698,0.3404255319148936
L-LSPIN,lspin_tf,linear,0.00875,0.2,1,6,148,0.6674873854305771,2.8992189468379945,0.4157303370786517,2.6641471403376165,0.3695652173913043
L-LSPIN,lspin_tf,linear,0.00875,0.2,1,7,148,0.6397321118521457,2.507432602670698,0.3404255319148936,2.429075333837239,0.3263157894736842
L-LSPIN,lspin_tf,linear,0.00875,0.2,2,3,148,0.5610662215674547,2.3507180650037798,0.3125,2.5857898715041574,0.3548387096774194
L-LSPIN,lspin_tf,linear,0.00875,0.2,2,4,148,0.6049643049099018,2.5857898715041574,0.3548387096774194,2.2723607961703203,0.2989690721649484
L-LSPIN,lspin_tf,linear,0.00875,0.2,2,5,148,0.5929162619259427,2.5857898715041574,0.3548387096774194,2.507432602670698,0.3404255319148936
L-LSPIN,lspin_tf,linear,0.00875,0.2,2,6,148,0.6114204981423046,2.742504409171076,0.3846153846153846,2.3507180650037798,0.3125
L-LSPIN,lspin_tf,linear,0.00875,0.2,2,7,148,0.5720222384672378,2.8992189468379945,0.4157303370786517,2.6641471403376165,0.3695652173913043
L-LSPIN,lspin_tf,linear,0.00875,0.2,3,4,148,0.6602217000832769,2.2723607961703203,0.2989690721649484,2.977576215671454,0.4318181818181818
L-LSPIN,lspin_tf,linear,0.00875,0.2,3,5,148,0.6197542627970103,2.507432602670698,0.3404255319148936,3.055933484504913,0.4482758620689655
L-LSPIN,lspin_tf,linear,0.00875,0.2,3,6,148,0.6175783910137566,2.037288989669942,0.26,2.429075333837239,0.3263157894736842
L-LSPIN,lspin_tf,linear,0.00875,0.2,3,7,148,0.5567785352045828,2.3507180650037798,0.3125,2.429075333837239,0.3263157894736842
L-LSPIN,lspin_tf,linear,0.00875,0.2,4,5,148,0.5900802731006003,2.507432602670698,0.3404255319148936,2.5857898715041574,0.3548387096774194
L-LSPIN,lspin_tf,linear,0.00875,0.2,4,6,148,0.6230509305069224,2.429075333837239,0.3263157894736842,2.8208616780045355,0.4
L-LSPIN,lspin_tf,linear,0.00875,0.2,4,7,148,0.5607020450120804,2.3507180650037798,0.3125,2.429075333837239,0.3263157894736842
L-LSPIN,lspin_tf,linear,0.00875,0.2,5,6,148,0.6023902011845405,2.1940035273368608,0.2857142857142857,2.8992189468379945,0.4157303370786517
L-LSPIN,lspin_tf,linear,0.00875,0.2,5,7,148,0.5339055850001412,2.3507180650037798,0.3125,2.429075333837239,0.3263157894736842
L-LSPIN,lspin_tf,linear,0.00875,0.2,6,7,148,0.5940229917057424,2.1156462585034013,0.2727272727272727,2.8208616780045355,0.4
L-LSPIN,lspin_tf,linear,0.028,0.2,0,1,152,0.3513824231409693,2.2723607961703203,0.2989690721649484,1.7238599143361049,0.2115384615384615
L-LSPIN,lspin_tf,linear,0.028,0.2,0,2,152,0.4235624620687614,2.2723607961703203,0.2989690721649484,2.037288989669942,0.26
L-LSPIN,lspin_tf,linear,0.028,0.2,0,3,152,0.3095176640025358,2.1940035273368608,0.2857142857142857,2.037288989669942,0.26
L-LSPIN,lspin_tf,linear,0.028,0.2,0,4,152,0.4460687525819357,2.3507180650037798,0.3125,2.1156462585034013,0.2727272727272727
L-LSPIN,lspin_tf,linear,0.028,0.2,0,5,152,0.3132850881054949,1.958931720836483,0.2475247524752475,1.880574452003024,0.2352941176470588
L-LSPIN,lspin_tf,linear,0.028,0.2,0,6,152,0.4237402132554542,2.1156462585034013,0.2727272727272727,2.2723607961703203,0.2989690721649484
L-LSPIN,lspin_tf,linear,0.028,0.2,0,7,152,0.3632684225989904,1.5671453766691863,0.1886792452830188,2.1156462585034013,0.2727272727272727
L-LSPIN,lspin_tf,linear,0.028,0.2,1,2,152,0.3236689479197854,2.2723607961703203,0.2989690721649484,1.7238599143361049,0.2115384615384615
L-LSPIN,lspin_tf,linear,0.028,0.2,1,3,152,0.3617518674060225,2.1156462585034013,0.2727272727272727,1.5671453766691863,0.1886792452830188
L-LSPIN,lspin_tf,linear,0.028,0.2,1,4,152,0.3624570879851864,2.1156462585034013,0.2727272727272727,2.037288989669942,0.26
L-LSPIN,lspin_tf,linear,0.028,0.2,1,5,152,0.2616773804641737,1.7238599143361049,0.2115384615384615,1.958931720836483,0.2475247524752475
L-LSPIN,lspin_tf,linear,0.028,0.2,1,6,152,0.3914614532326112,1.7238599143361049,0.2115384615384615,1.802217183169564,0.2233009708737864
L-LSPIN,lspin_tf,linear,0.028,0.2,1,7,152,0.3017296862560372,1.5671453766691863,0.1886792452830188,1.6455026455026456,0.2
L-LSPIN,lspin_tf,linear,0.028,0.2,2,3,152,0.3024519522289142,1.5671453766691863,0.1886792452830188,1.488788107835727,0.1775700934579439
L-LSPIN,lspin_tf,linear,0.028,0.2,2,4,152,0.3445216659984136,2.1156462585034013,0.2727272727272727,1.802217183169564,0.2233009708737864
L-LSPIN,lspin_tf,linear,0.028,0.2,2,5,152,0.3697082732938522,1.958931720836483,0.2475247524752475,2.2723607961703203,0.2989690721649484
L-LSPIN,lspin_tf,linear,0.028,0.2,2,6,152,0.4326171906474038,2.1156462585034013,0.2727272727272727,2.037288989669942,0.26
L-LSPIN,lspin_tf,linear,0.028,0.2,2,7,152,0.4298338628254475,1.958931720836483,0.2475247524752475,1.880574452003024,0.2352941176470588
L-LSPIN,lspin_tf,linear,0.028,0.2,3,4,152,0.3494969712507015,1.7238599143361049,0.2115384615384615,1.802217183169564,0.2233009708737864
L-LSPIN,lspin_tf,linear,0.028,0.2,3,5,152,0.3341681481705778,1.488788107835727,0.1775700934579439,1.958931720836483,0.2475247524752475
L-LSPIN,lspin_tf,linear,0.028,0.2,3,6,152,0.4397819973013249,1.958931720836483,0.2475247524752475,2.1156462585034013,0.2727272727272727
L-LSPIN,lspin_tf,linear,0.028,0.2,3,7,152,0.3012333061747183,1.4104308390022675,0.1666666666666666,2.1156462585034013,0.2727272727272727
L-LSPIN,lspin_tf,linear,0.028,0.2,4,5,152,0.3973638478121795,1.6455026455026456,0.2,2.1940035273368608,0.2857142857142857
L-LSPIN,lspin_tf,linear,0.028,0.2,4,6,152,0.3057135742853488,1.802217183169564,0.2233009708737864,1.7238599143361049,0.2115384615384615
L-LSPIN,lspin_tf,linear,0.028,0.2,4,7,152,0.2451736477078803,1.6455026455026456,0.2,1.802217183169564,0.2233009708737864
L-LSPIN,lspin_tf,linear,0.028,0.2,5,6,152,0.3710055732868284,1.7238599143361049,0.2115384615384615,1.802217183169564,0.2233009708737864
L-LSPIN,lspin_tf,linear,0.028,0.2,5,7,152,0.36313636290781,2.037288989669942,0.26,1.958931720836483,0.2475247524752475
L-LSPIN,lspin_tf,linear,0.028,0.2,6,7,152,0.468746695853865,1.6455026455026456,0.2,2.3507180650037798,0.3125
L-LSPIN,lspin_tf,linear,0.00875,0.4,0,1,156,0.6395905342725455,2.2723607961703203,0.2989690721649484,2.5857898715041574,0.3548387096774194
L-LSPIN,lspin_tf,linear,0.00875,0.4,0,2,156,0.6423253513977124,2.3507180650037798,0.3125,2.507432602670698,0.3404255319148936
L-LSPIN,lspin_tf,linear,0.00875,0.4,0,3,156,0.5879587279255963,1.958931720836483,0.2475247524752475,2.429075333837239,0.3263157894736842
L-LSPIN,lspin_tf,linear,0.00875,0.4,0,4,156,0.5362733206641964,2.037288989669942,0.26,2.037288989669942,0.26
L-LSPIN,lspin_tf,linear,0.00875,0.4,0,5,156,0.6011243187803842,2.2723607961703203,0.2989690721649484,2.429075333837239,0.3263157894736842
L-LSPIN,lspin_tf,linear,0.00875,0.4,0,6,156,0.533254124174566,2.037288989669942,0.26,1.958931720836483,0.2475247524752475
L-LSPIN,lspin_tf,linear,0.00875,0.4,0,7,156,0.6035323678891291,2.429075333837239,0.3263157894736842,2.3507180650037798,0.3125
L-LSPIN,lspin_tf,linear,0.00875,0.4,1,2,156,0.7115596338887935,3.055933484504913,0.4482758620689655,2.8992189468379945,0.4157303370786517
L-LSPIN,lspin_tf,linear,0.00875,0.4,1,3,156,0.6534898285573983,2.2723607961703203,0.2989690721649484,2.3507180650037798,0.3125
L-LSPIN,lspin_tf,linear,0.00875,0.4,1,4,156,0.6659950982281636,2.8992189468379945,0.4157303370786517,2.507432602670698,0.3404255319148936
L-LSPIN,lspin_tf,linear,0.00875,0.4,1,5,156,0.6481200785062596,2.2723607961703203,0.2989690721649484,2.1940035273368608,0.2857142857142857
L-LSPIN,lspin_tf,linear,0.00875,0.4,1,6,156,0.6023811057721682,2.429075333837239,0.3263157894736842,2.5857898715041574,0.3548387096774194
L-LSPIN,lspin_tf,linear,0.00875,0.4,1,7,156,0.6422925468606593,2.1156462585034013,0.2727272727272727,2.5857898715041574,0.3548387096774194
L-LSPIN,lspin_tf,linear,0.00875,0.4,2,3,156,0.6616627791018993,2.742504409171076,0.3846153846153846,2.2723607961703203,0.2989690721649484
L-LSPIN,lspin_tf,linear,0.00875,0.4,2,4,156,0.6389245072174866,2.8208616780045355,0.4,2.742504409171076,0.3846153846153846
L-LSPIN,lspin_tf,linear,0.00875,0.4,2,5,156,0.6467859616530719,2.5857898715041574,0.3548387096774194,2.742504409171076,0.3846153846153846
L-LSPIN,lspin_tf,linear,0.00875,0.4,2,6,156,0.6075475237232045,2.429075333837239,0.3263157894736842,2.429075333837239,0.3263157894736842
L-LSPIN,lspin_tf,linear,0.00875,0.4,2,7,156,0.6500888589470242,2.5857898715041574,0.3548387096774194,2.3507180650037798,0.3125
L-LSPIN,lspin_tf,linear,0.00875,0.4,3,4,156,0.611834769027785,2.6641471403376165,0.3695652173913043,2.2723607961703203,0.2989690721649484
L-LSPIN,lspin_tf,linear,0.00875,0.4,3,5,156,0.5752595988240805,2.507432602670698,0.3404255319148936,2.507432602670698,0.3404255319148936
L-LSPIN,lspin_tf,linear,0.00875,0.4,3,6,156,0.5947451674920438,2.429075333837239,0.3263157894736842,2.429075333837239,0.3263157894736842
L-LSPIN,lspin_tf,linear,0.00875,0.4,3,7,156,0.5902821624349639,2.507432602670698,0.3404255319148936,2.2723607961703203,0.2989690721649484
L-LSPIN,lspin_tf,linear,0.00875,0.4,4,5,156,0.6469236355959573,2.3507180650037798,0.3125,2.5857898715041574,0.3548387096774194
L-LSPIN,lspin_tf,linear,0.00875,0.4,4,6,156,0.5864617198487723,2.5857898715041574,0.3548387096774194,2.3507180650037798,0.3125
L-LSPIN,lspin_tf,linear,0.00875,0.4,4,7,156,0.6477549874802397,1.880574452003024,0.2352941176470588,2.3507180650037798,0.3125
L-LSPIN,lspin_tf,linear,0.00875,0.4,5,6,156,0.5768282170409176,2.429075333837239,0.3263157894736842,2.1940035273368608,0.2857142857142857
L-LSPIN,lspin_tf,linear,0.00875,0.4,5,7,156,0.6242638693639152,2.3507180650037798,0.3125,2.2723607961703203,0.2989690721649484
L-LSPIN,lspin_tf,linear,0.00875,0.4,6,7,156,0.5758986335086479,2.3507180650037798,0.3125,2.1940035273368608,0.2857142857142857
L-LSPIN,lspin_tf,linear,0.028,0.4,0,1,160,0.3840213088524789,1.958931720836483,0.2475247524752475,2.1156462585034013,0.2727272727272727
L-LSPIN,lspin_tf,linear,0.028,0.4,0,2,160,0.3972726233656488,2.1940035273368608,0.2857142857142857,1.880574452003024,0.2352941176470588
L-LSPIN,lspin_tf,linear,0.028,0.4,0,3,160,0.446394952809706,2.1940035273368608,0.2857142857142857,1.880574452003024,0.2352941176470588
L-LSPIN,lspin_tf,linear,0.028,0.4,0,4,160,0.3614257221447102,1.7238599143361049,0.2115384615384615,1.958931720836483,0.2475247524752475
L-LSPIN,lspin_tf,linear,0.028,0.4,0,5,160,0.30609366609609,1.7238599143361049,0.2115384615384615,1.802217183169564,0.2233009708737864
L-LSPIN,lspin_tf,linear,0.028,0.4,0,6,160,0.3694782786933948,1.880574452003024,0.2352941176470588,1.7238599143361049,0.2115384615384615
L-LSPIN,lspin_tf,linear,0.028,0.4,0,7,160,0.2260310513265973,1.3320735701688082,0.1559633027522936,1.7238599143361049,0.2115384615384615
L-LSPIN,lspin_tf,linear,0.028,0.4,1,2,160,0.3802958965228253,1.958931720836483,0.2475247524752475,1.880574452003024,0.2352941176470588
L-LSPIN,lspin_tf,linear,0.028,0.4,1,3,160,0.3503274957153847,1.958931720836483,0.2475247524752475,1.880574452003024,0.2352941176470588
L-LSPIN,lspin_tf,linear,0.028,0.4,1,4,160,0.4635104799266169,1.7238599143361049,0.2115384615384615,2.3507180650037798,0.3125
L-LSPIN,lspin_tf,linear,0.028,0.4,1,5,160,0.3576561973485524,1.4104308390022675,0.1666666666666666,2.037288989669942,0.26
L-LSPIN,lspin_tf,linear,0.028,0.4,1,6,160,0.285229729048938,1.802217183169564,0.2233009708737864,1.253716301335349,0.1454545454545454
L-LSPIN,lspin_tf,linear,0.028,0.4,1,7,160,0.4314302421852928,1.880574452003024,0.2352941176470588,2.3507180650037798,0.3125
L-LSPIN,lspin_tf,linear,0.028,0.4,2,3,160,0.4273577738432265,2.2723607961703203,0.2989690721649484,2.3507180650037798,0.3125
L-LSPIN,lspin_tf,linear,0.028,0.4,2,4,160,0.4128985417974076,1.958931720836483,0.2475247524752475,2.2723607961703203,0.2989690721649484
L-LSPIN,lspin_tf,linear,0.028,0.4,2,5,160,0.4159417261739653,1.880574452003024,0.2352941176470588,2.1156462585034013,0.2727272727272727
L-LSPIN,lspin_tf,linear,0.028,0.4,2,6,160,0.4575647994667127,2.037288989669942,0.26,2.2723607961703203,0.2989690721649484
L-LSPIN,lspin_tf,linear,0.028,0.4,2,7,160,0.3314790843802871,1.488788107835727,0.1775700934579439,1.880574452003024,0.2352941176470588
L-LSPIN,lspin_tf,linear,0.028,0.4,3,4,160,0.4261332091562272,2.2723607961703203,0.2989690721649484,1.880574452003024,0.2352941176470588
L-LSPIN,lspin_tf,linear,0.028,0.4,3,5,160,0.5014451157287898,2.037288989669942,0.26,2.429075333837239,0.3263157894736842
L-LSPIN,lspin_tf,linear,0.028,0.4,3,6,160,0.4322237026635706,1.958931720836483,0.2475247524752475,2.037288989669942,0.26
L-LSPIN,lspin_tf,linear,0.028,0.4,3,7,160,0.3868148980732444,1.802217183169564,0.2233009708737864,2.2723607961703203,0.2989690721649484
L-LSPIN,lspin_tf,linear,0.028,0.4,4,5,160,0.4838101321648171,2.1156462585034013,0.2727272727272727,2.2723607961703203,0.2989690721649484
L-LSPIN,lspin_tf,linear,0.028,0.4,4,6,160,0.3162930178054451,2.037288989669942,0.26,1.802217183169564,0.2233009708737864
L-LSPIN,lspin_tf,linear,0.028,0.4,4,7,160,0.4018711239030638,2.1940035273368608,0.2857142857142857,1.7238599143361049,0.2115384615384615
L-LSPIN,lspin_tf,linear,0.028,0.4,5,6,160,0.3372840973418471,1.488788107835727,0.1775700934579439,1.802217183169564,0.2233009708737864
L-LSPIN,lspin_tf,linear,0.028,0.4,5,7,160,0.3539183960465384,1.488788107835727,0.1775700934579439,1.802217183169564,0.2233009708737864
L-LSPIN,lspin_tf,linear,0.028,0.4,6,7,160,0.2499842871506835,1.5671453766691863,0.1886792452830188,1.880574452003024,0.2352941176470588
L-LSPIN,lspin_tf,linear,0.00875,0.0,0,1,164,0.5681421658566573,2.742504409171076,0.3846153846153846,2.1156462585034013,0.2727272727272727
L-LSPIN,lspin_tf,linear,0.00875,0.0,0,2,164,0.5105349478957782,2.5857898715041574,0.3548387096774194,1.958931720836483,0.2475247524752475
L-LSPIN,lspin_tf,linear,0.00875,0.0,0,3,164,0.6001823144375635,2.507432602670698,0.3404255319148936,2.507432602670698,0.3404255319148936
L-LSPIN,lspin_tf,linear,0.00875,0.0,0,4,164,0.4639092040231008,2.2723607961703203,0.2989690721649484,1.958931720836483,0.2475247524752475
L-LSPIN,lspin_tf,linear,0.00875,0.0,0,5,164,0.5524998839680239,2.3507180650037798,0.3125,2.1156462585034013,0.2727272727272727
L-LSPIN,lspin_tf,linear,0.00875,0.0,0,6,164,0.5357163147582027,2.742504409171076,0.3846153846153846,2.1156462585034013,0.2727272727272727
L-LSPIN,lspin_tf,linear,0.00875,0.0,0,7,164,0.464264864906166,2.037288989669942,0.26,1.880574452003024,0.2352941176470588
L-LSPIN,lspin_tf,linear,0.00875,0.0,1,2,164,0.5218962077960586,2.6641471403376165,0.3695652173913043,2.037288989669942,0.26
L-LSPIN,lspin_tf,linear,0.00875,0.0,1,3,164,0.5787012627995747,2.429075333837239,0.3263157894736842,2.507432602670698,0.3404255319148936
L-LSPIN,lspin_tf,linear,0.00875,0.0,1,4,164,0.5157949882173389,2.429075333837239,0.3263157894736842,1.958931720836483,0.2475247524752475
L-LSPIN,lspin_tf,linear,0.00875,0.0,1,5,164,0.5476119557655,2.2723607961703203,0.2989690721649484,1.958931720836483,0.2475247524752475
L-LSPIN,lspin_tf,linear,0.00875,0.0,1,6,164,0.5933950217334225,2.8208616780045355,0.4,2.1940035273368608,0.2857142857142857
L-LSPIN,lspin_tf,linear,0.00875,0.0,1,7,164,0.605893891551084,2.507432602670698,0.3404255319148936,2.1156462585034013,0.2727272727272727
L-LSPIN,lspin_tf,linear,0.00875,0.0,2,3,164,0.5303870148513334,2.3507180650037798,0.3125,1.958931720836483,0.2475247524752475
L-LSPIN,lspin_tf,linear,0.00875,0.0,2,4,164,0.5294263929112741,2.507432602670698,0.3404255319148936,2.1156462585034013,0.2727272727272727
L-LSPIN,lspin_tf,linear,0.00875,0.0,2,5,164,0.5376083004673213,2.2723607961703203,0.2989690721649484,2.2723607961703203,0.2989690721649484
L-LSPIN,lspin_tf,linear,0.00875,0.0,2,6,164,0.4987128594259887,2.037288989669942,0.26,2.037288989669942,0.26
L-LSPIN,lspin_tf,linear,0.00875,0.0,2,7,164,0.547996058773843,2.2723607961703203,0.2989690721649484,2.1940035273368608,0.2857142857142857
L-LSPIN,lspin_tf,linear,0.00875,0.0,3,4,164,0.5849857813341002,2.6641471403376165,0.3695652173913043,2.429075333837239,0.3263157894736842
L-LSPIN,lspin_tf,linear,0.00875,0.0,3,5,164,0.5534686140790933,2.1940035273368608,0.2857142857142857,1.802217183169564,0.2233009708737864
L-LSPIN,lspin_tf,linear,0.00875,0.0,3,6,164,0.5267094516351254,2.429075333837239,0.3263157894736842,2.1156462585034013,0.2727272727272727
L-LSPIN,lspin_tf,linear,0.00875,0.0,3,7,164,0.5451119994577753,2.507432602670698,0.3404255319148936,2.429075333837239,0.3263157894736842
L-LSPIN,lspin_tf,linear,0.00875,0.0,4,5,164,0.523494032560176,2.429075333837239,0.3263157894736842,2.3507180650037798,0.3125
L-LSPIN,lspin_tf,linear,0.00875,0.0,4,6,164,0.5197294550944462,2.5857898715041574,0.3548387096774194,2.1156462585034013,0.2727272727272727
L-LSPIN,lspin_tf,linear,0.00875,0.0,4,7,164,0.5379712581776516,2.2723607961703203,0.2989690721649484,2.3507180650037798,0.3125
L-LSPIN,lspin_tf,linear,0.00875,0.0,5,6,164,0.5200236191880224,2.429075333837239,0.3263157894736842,2.1156462585034013,0.2727272727272727
L-LSPIN,lspin_tf,linear,0.00875,0.0,5,7,164,0.535524488815417,2.1940035273368608,0.2857142857142857,1.7238599143361049,0.2115384615384615
L-LSPIN,lspin_tf,linear,0.00875,0.0,6,7,164,0.517889493646337,2.3507180650037798,0.3125,1.7238599143361049,0.2115384615384615
L-LSPIN,lspin_tf,linear,0.028,0.0,0,1,168,0.360333823493914,1.958931720836483,0.2475247524752475,1.880574452003024,0.2352941176470588
L-LSPIN,lspin_tf,linear,0.028,0.0,0,2,168,0.4654635076143535,2.1940035273368608,0.2857142857142857,1.880574452003024,0.2352941176470588
L-LSPIN,lspin_tf,linear,0.028,0.0,0,3,168,0.2815813347111328,1.488788107835727,0.1775700934579439,1.3320735701688082,0.1559633027522936
L-LSPIN,lspin_tf,linear,0.028,0.0,0,4,168,0.2996530738826449,2.1940035273368608,0.2857142857142857,1.5671453766691863,0.1886792452830188
L-LSPIN,lspin_tf,linear,0.028,0.0,0,5,168,0.354697193802176,1.4104308390022675,0.1666666666666666,1.3320735701688082,0.1559633027522936
L-LSPIN,lspin_tf,linear,0.028,0.0,0,6,168,0.4313464663978686,2.037288989669942,0.26,1.7238599143361049,0.2115384615384615
L-LSPIN,lspin_tf,linear,0.028,0.0,0,7,168,0.4496761270145997,2.2723607961703203,0.2989690721649484,1.802217183169564,0.2233009708737864
L-LSPIN,lspin_tf,linear,0.028,0.0,1,2,168,0.3302799011716963,1.802217183169564,0.2233009708737864,1.880574452003024,0.2352941176470588
L-LSPIN,lspin_tf,linear,0.028,0.0,1,3,168,0.2743496113982008,1.6455026455026456,0.2,1.488788107835727,0.1775700934579439
L-LSPIN,lspin_tf,linear,0.028,0.0,1,4,168,0.3784631394720271,2.1940035273368608,0.2857142857142857,1.7238599143361049,0.2115384615384615
L-LSPIN,lspin_tf,linear,0.028,0.0,1,5,168,0.3685248215624854,1.6455026455026456,0.2,1.5671453766691863,0.1886792452830188
L-LSPIN,lspin_tf,linear,0.028,0.0,1,6,168,0.4070006291292881,2.1940035273368608,0.2857142857142857,1.1753590325018897,0.1351351351351351
L-LSPIN,lspin_tf,linear,0.028,0.0,1,7,168,0.408932910259121,1.958931720836483,0.2475247524752475,1.880574452003024,0.2352941176470588
L-LSPIN,lspin_tf,linear,0.028,0.0,2,3,168,0.3941804861663128,1.880574452003024,0.2352941176470588,1.802217183169564,0.2233009708737864
L-LSPIN,lspin_tf,linear,0.028,0.0,2,4,168,0.3999418341382118,2.037288989669942,0.26,2.037288989669942,0.26
L-LSPIN,lspin_tf,linear,0.028,0.0,2,5,168,0.375682198009833,1.7238599143361049,0.2115384615384615,1.6455026455026456,0.2
L-LSPIN,lspin_tf,linear,0.028,0.0,2,6,168,0.385193710931321,2.1156462585034013,0.2727272727272727,1.7238599143361049,0.2115384615384615
L-LSPIN,lspin_tf,linear,0.028,0.0,2,7,168,0.40308333289201,2.3507180650037798,0.3125,2.037288989669942,0.26
L-LSPIN,lspin_tf,linear,0.028,0.0,3,4,168,0.4107434266451253,2.037288989669942,0.26,2.2723607961703203,0.2989690721649484
L-LSPIN,lspin_tf,linear,0.028,0.0,3,5,168,0.2692207820216705,1.802217183169564,0.2233009708737864,1.4104308390022675,0.1666666666666666
L-LSPIN,lspin_tf,linear,0.028,0.0,3,6,168,0.3561541026476926,1.7238599143361049,0.2115384615384615,1.7238599143361049,0.2115384615384615
L-LSPIN,lspin_tf,linear,0.028,0.0,3,7,168,0.4301362238456666,1.880574452003024,0.2352941176470588,1.880574452003024,0.2352941176470588
L-LSPIN,lspin_tf,linear,0.028,0.0,4,5,168,0.3401960990314929,1.7238599143361049,0.2115384615384615,1.7238599143361049,0.2115384615384615
L-LSPIN,lspin_tf,linear,0.028,0.0,4,6,168,0.3698804350486123,2.3507180650037798,0.3125,1.7238599143361049,0.2115384615384615
L-LSPIN,lspin_tf,linear,0.028,0.0,4,7,168,0.4251184781623729,2.5857898715041574,0.3548387096774194,2.037288989669942,0.26
L-LSPIN,lspin_tf,linear,0.028,0.0,5,6,168,0.2435970821529133,1.5671453766691863,0.1886792452830188,1.4104308390022675,0.1666666666666666
L-LSPIN,lspin_tf,linear,0.028,0.0,5,7,168,0.4517044639048858,2.2723607961703203,0.2989690721649484,1.488788107835727,0.1775700934579439
L-LSPIN,lspin_tf,linear,0.028,0.0,6,7,168,0.4036567464155758,2.1940035273368608,0.2857142857142857,2.037288989669942,0.26
L-LSPIN,lspin_tf,linear,0.00875,0.1,0,1,172,0.5580754054727457,2.1940035273368608,0.2857142857142857,2.1940035273368608,0.2857142857142857
L-LSPIN,lspin_tf,linear,0.00875,0.1,0,2,172,0.4796054380822488,2.3507180650037798,0.3125,1.5671453766691863,0.1886792452830188
L-LSPIN,lspin_tf,linear,0.00875,0.1,0,3,172,0.536295007940565,2.1940035273368608,0.2857142857142857,1.958931720836483,0.2475247524752475
L-LSPIN,lspin_tf,linear,0.00875,0.1,0,4,172,0.5559746524901522,2.429075333837239,0.3263157894736842,2.1940035273368608,0.2857142857142857
L-LSPIN,lspin_tf,linear,0.00875,0.1,0,5,172,0.5558742251950108,2.507432602670698,0.3404255319148936,2.2723607961703203,0.2989690721649484
L-LSPIN,lspin_tf,linear,0.00875,0.1,0,6,172,0.5635730774247032,2.507432602670698,0.3404255319148936,1.958931720836483,0.2475247524752475
L-LSPIN,lspin_tf,linear,0.00875,0.1,0,7,172,0.519822391009654,2.1156462585034013,0.2727272727272727,2.037288989669942,0.26
L-LSPIN,lspin_tf,linear,0.00875,0.1,1,2,172,0.610192773201282,2.742504409171076,0.3846153846153846,2.2723607961703203,0.2989690721649484
L-LSPIN,lspin_tf,linear,0.00875,0.1,1,3,172,0.5634714110036984,2.1940035273368608,0.2857142857142857,2.507432602670698,0.3404255319148936
L-LSPIN,lspin_tf,linear,0.00875,0.1,1,4,172,0.6029414774750467,2.429075333837239,0.3263157894736842,2.5857898715041574,0.3548387096774194
L-LSPIN,lspin_tf,linear,0.00875,0.1,1,5,172,0.5731831168363668,2.6641471403376165,0.3695652173913043,2.742504409171076,0.3846153846153846
L-LSPIN,lspin_tf,linear,0.00875,0.1,1,6,172,0.556092578558925,2.3507180650037798,0.3125,2.3507180650037798,0.3125
L-LSPIN,lspin_tf,linear,0.00875,0.1,1,7,172,0.5253184793754382,2.429075333837239,0.3263157894736842,2.429075333837239,0.3263157894736842
L-LSPIN,lspin_tf,linear,0.00875,0.1,2,3,172,0.6012305558536981,2.2723607961703203,0.2989690721649484,2.429075333837239,0.3263157894736842
L-LSPIN,lspin_tf,linear,0.00875,0.1,2,4,172,0.556677871150454,2.2723607961703203,0.2989690721649484,2.1940035273368608,0.2857142857142857
L-LSPIN,lspin_tf,linear,0.00875,0.1,2,5,172,0.5803327340722618,2.507432602670698,0.3404255319148936,2.429075333837239,0.3263157894736842
L-LSPIN,lspin_tf,linear,0.00875,0.1,2,6,172,0.5247866363602769,1.880574452003024,0.2352941176470588,2.3507180650037798,0.3125
L-LSPIN,lspin_tf,linear,0.00875,0.1,2,7,172,0.4934061996680282,2.1156462585034013,0.2727272727272727,1.958931720836483,0.2475247524752475
L-LSPIN,lspin_tf,linear,0.00875,0.1,3,4,172,0.6419593182521406,2.2723607961703203,0.2989690721649484,2.742504409171076,0.3846153846153846
L-LSPIN,lspin_tf,linear,0.00875,0.1,3,5,172,0.5317030220173669,1.880574452003024,0.2352941176470588,2.3507180650037798,0.3125
L-LSPIN,lspin_tf,linear,0.00875,0.1,3,6,172,0.5765302976656534,2.1156462585034013,0.2727272727272727,2.2723607961703203,0.2989690721649484
L-LSPIN,lspin_tf,linear,0.00875,0.1,3,7,172,0.5020707916381839,1.958931720836483,0.2475247524752475,2.2723607961703203,0.2989690721649484
L-LSPIN,lspin_tf,linear,0.00875,0.1,4,5,172,0.5736094166248372,1.7238599143361049,0.2115384615384615,2.507432602670698,0.3404255319148936
L-LSPIN,lspin_tf,linear,0.00875,0.1,4,6,172,0.6085763384051321,2.1940035273368608,0.2857142857142857,2.1940035273368608,0.2857142857142857
L-LSPIN,lspin_tf,linear,0.00875,0.1,4,7,172,0.6011077760498129,2.037288989669942,0.26,2.6641471403376165,0.3695652173913043
L-LSPIN,lspin_tf,linear,0.00875,0.1,5,6,172,0.5377021644643104,2.1940035273368608,0.2857142857142857,2.2723607961703203,0.2989690721649484
L-LSPIN,lspin_tf,linear,0.00875,0.1,5,7,172,0.6178801833691803,2.8208616780045355,0.4,2.8208616780045355,0.4
L-LSPIN,lspin_tf,linear,0.00875,0.1,6,7,172,0.5926413869147663,2.429075333837239,0.3263157894736842,2.507432602670698,0.3404255319148936
L-LSPIN,lspin_tf,linear,0.028,0.1,0,1,176,0.416695950584937,1.6455026455026456,0.2,1.958931720836483,0.2475247524752475
L-LSPIN,lspin_tf,linear,0.028,0.1,0,2,176,0.3516867371046163,1.802217183169564,0.2233009708737864,1.6455026455026456,0.2
L-LSPIN,lspin_tf,linear,0.028,0.1,0,3,176,0.5218915699744726,1.958931720836483,0.2475247524752475,2.429075333837239,0.3263157894736842
L-LSPIN,lspin_tf,linear,0.028,0.1,0,4,176,0.4485924412658395,1.880574452003024,0.2352941176470588,1.802217183169564,0.2233009708737864
L-LSPIN,lspin_tf,linear,0.028,0.1,0,5,176,0.4262389586921482,1.958931720836483,0.2475247524752475,1.958931720836483,0.2475247524752475
L-LSPIN,lspin_tf,linear,0.028,0.1,0,6,176,0.4136782629013171,1.802217183169564,0.2233009708737864,2.1156462585034013,0.2727272727272727
L-LSPIN,lspin_tf,linear,0.028,0.1,0,7,176,0.4695274996268517,2.429075333837239,0.3263157894736842,1.7238599143361049,0.2115384615384615
L-LSPIN,lspin_tf,linear,0.028,0.1,1,2,176,0.3574337623449524,1.802217183169564,0.2233009708737864,1.7238599143361049,0.2115384615384615
L-LSPIN,lspin_tf,linear,0.028,0.1,1,3,176,0.4540221853418873,1.958931720836483,0.2475247524752475,1.880574452003024,0.2352941176470588
L-LSPIN,lspin_tf,linear,0.028,0.1,1,4,176,0.3906332990110653,1.958931720836483,0.2475247524752475,1.802217183169564,0.2233009708737864
L-LSPIN,lspin_tf,linear,0.028,0.1,1,5,176,0.4954539269487745,2.3507180650037798,0.3125,2.1940035273368608,0.2857142857142857
L-LSPIN,lspin_tf,linear,0.028,0.1,1,6,176,0.4259348227840302,1.6455026455026456,0.2,1.880574452003024,0.2352941176470588
L-LSPIN,lspin_tf,linear,0.028,0.1,1,7,176,0.3507812314112738,2.2723607961703203,0.2989690721649484,1.880574452003024,0.2352941176470588
L-LSPIN,lspin_tf,linear,0.028,0.1,2,3,176,0.523994045220338,2.3507180650037798,0.3125,2.1940035273368608,0.2857142857142857
L-LSPIN,lspin_tf,linear,0.028,0.1,2,4,176,0.3256163167090706,1.802217183169564,0.2233009708737864,1.7238599143361049,0.2115384615384615
L-LSPIN,lspin_tf,linear,0.028,0.1,2,5,176,0.4801561565702525,2.1940035273368608,0.2857142857142857,2.3507180650037798,0.3125
L-LSPIN,lspin_tf,linear,0.028,0.1,2,6,176,0.4714713852386715,1.880574452003024,0.2352941176470588,2.1940035273368608,0.2857142857142857
L-LSPIN,lspin_tf,linear,0.028,0.1,2,7,176,0.4853865558664255,1.958931720836483,0.2475247524752475,2.3507180650037798,0.3125
L-LSPIN,lspin_tf,linear,0.028,0.1,3,4,176,0.4613987685550242,1.7238599143361049,0.2115384615384615,1.958931720836483,0.2475247524752475
L-LSPIN,lspin_tf,linear,0.028,0.1,3,5,176,0.5493337098928884,2.5857898715041574,0.3548387096774194,2.2723607961703203,0.2989690721649484
L-LSPIN,lspin_tf,linear,0.028,0.1,3,6,176,0.4525935582120771,1.880574452003024,0.2352941176470588,2.3507180650037798,0.3125
L-LSPIN,lspin_tf,linear,0.028,0.1,3,7,176,0.5248302122428709,2.429075333837239,0.3263157894736842,1.958931720836483,0.2475247524752475
L-LSPIN,lspin_tf,linear,0.028,0.1,4,5,176,0.4488619716005748,2.037288989669942,0.26,1.958931720836483,0.2475247524752475
L-LSPIN,lspin_tf,linear,0.028,0.1,4,6,176,0.3827091338917414,1.880574452003024,0.2352941176470588,1.880574452003024,0.2352941176470588
L-LSPIN,lspin_tf,linear,0.028,0.1,4,7,176,0.3652482255265483,1.802217183169564,0.2233009708737864,1.7238599143361049,0.2115384615384615
L-LSPIN,lspin_tf,linear,0.028,0.1,5,6,176,0.5077073494858327,2.037288989669942,0.26,2.429075333837239,0.3263157894736842
L-LSPIN,lspin_tf,linear,0.028,0.1,5,7,176,0.4986044575124114,2.2723607961703203,0.2989690721649484,1.880574452003024,0.2352941176470588
L-LSPIN,lspin_tf,linear,0.028,0.1,6,7,176,0.4078699242968259,1.880574452003024,0.2352941176470588,1.958931720836483,0.2475247524752475
L-LSPIN,lspin_tf,linear,0.00875,0.2,0,1,180,0.5502547665857908,2.1940035273368608,0.2857142857142857,2.507432602670698,0.3404255319148936
L-LSPIN,lspin_tf,linear,0.00875,0.2,0,2,180,0.5840443944702274,2.1940035273368608,0.2857142857142857,2.507432602670698,0.3404255319148936
L-LSPIN,lspin_tf,linear,0.00875,0.2,0,3,180,0.6269497758864087,2.507432602670698,0.3404255319148936,2.5857898715041574,0.3548387096774194
L-LSPIN,lspin_tf,linear,0.00875,0.2,0,4,180,0.6157794576676995,2.3507180650037798,0.3125,2.3507180650037798,0.3125
L-LSPIN,lspin_tf,linear,0.00875,0.2,0,5,180,0.6654559251911109,2.2723607961703203,0.2989690721649484,2.5857898715041574,0.3548387096774194
L-LSPIN,lspin_tf,linear,0.00875,0.2,0,6,180,0.6211416043867797,2.3507180650037798,0.3125,2.1940035273368608,0.2857142857142857
L-LSPIN,lspin_tf,linear,0.00875,0.2,0,7,180,0.6722923608031015,2.429075333837239,0.3263157894736842,2.429075333837239,0.3263157894736842
L-LSPIN,lspin_tf,linear,0.00875,0.2,1,2,180,0.5776833412124119,2.037288989669942,0.26,2.742504409171076,0.3846153846153846
L-LSPIN,lspin_tf,linear,0.00875,0.2,1,3,180,0.6147020931925291,2.429075333837239,0.3263157894736842,2.8208616780045355,0.4
L-LSPIN,lspin_tf,linear,0.00875,0.2,1,4,180,0.591112497110972,2.5857898715041574,0.3548387096774194,2.742504409171076,0.3846153846153846
L-LSPIN,lspin_tf,linear,0.00875,0.2,1,5,180,0.5374316640310973,2.507432602670698,0.3404255319148936,2.1940035273368608,0.2857142857142857
L-LSPIN,lspin_tf,linear,0.00875,0.2,1,6,180,0.5365681949135802,2.2723607961703203,0.2989690721649484,2.3507180650037798,0.3125
L-LSPIN,lspin_tf,linear,0.00875,0.2,1,7,180,0.5712598807070977,2.1940035273368608,0.2857142857142857,2.6641471403376165,0.3695652173913043
L-LSPIN,lspin_tf,linear,0.00875,0.2,2,3,180,0.5790341810556063,2.507432602670698,0.3404255319148936,2.742504409171076,0.3846153846153846
L-LSPIN,lspin_tf,linear,0.00875,0.2,2,4,180,0.5610863926742098,2.429075333837239,0.3263157894736842,2.6641471403376165,0.3695652173913043
L-LSPIN,lspin_tf,linear,0.00875,0.2,2,5,180,0.5874945461030945,2.2723607961703203,0.2989690721649484,2.977576215671454,0.4318181818181818
L-LSPIN,lspin_tf,linear,0.00875,0.2,2,6,180,0.5647355477734854,2.2723607961703203,0.2989690721649484,2.5857898715041574,0.3548387096774194
L-LSPIN,lspin_tf,linear,0.00875,0.2,2,7,180,0.5970614328114232,2.5857898715041574,0.3548387096774194,2.5857898715041574,0.3548387096774194
L-LSPIN,lspin_tf,linear,0.00875,0.2,3,4,180,0.5901143779457974,2.507432602670698,0.3404255319148936,2.6641471403376165,0.3695652173913043
L-LSPIN,lspin_tf,linear,0.00875,0.2,3,5,180,0.6300774335015219,2.8992189468379945,0.4157303370786517,2.6641471403376165,0.3695652173913043
L-LSPIN,lspin_tf,linear,0.00875,0.2,3,6,180,0.5906236476247019,2.1156462585034013,0.2727272727272727,2.3507180650037798,0.3125
L-LSPIN,lspin_tf,linear,0.00875,0.2,3,7,180,0.6237784299344415,2.429075333837239,0.3263157894736842,2.507432602670698,0.3404255319148936
L-LSPIN,lspin_tf,linear,0.00875,0.2,4,5,180,0.5979392185043304,2.507432602670698,0.3404255319148936,2.5857898715041574,0.3548387096774194
L-LSPIN,lspin_tf,linear,0.00875,0.2,4,6,180,0.6129921975038455,2.6641471403376165,0.3695652173913043,2.3507180650037798,0.3125
L-LSPIN,lspin_tf,linear,0.00875,0.2,4,7,180,0.6212841494132031,2.742504409171076,0.3846153846153846,2.742504409171076,0.3846153846153846
L-LSPIN,lspin_tf,linear,0.00875,0.2,5,6,180,0.5708689306887922,2.3507180650037798,0.3125,2.429075333837239,0.3263157894736842
L-LSPIN,lspin_tf,linear,0.00875,0.2,5,7,180,0.6054195896951848,2.507432602670698,0.3404255319148936,2.1940035273368608,0.2857142857142857
L-LSPIN,lspin_tf,linear,0.00875,0.2,6,7,180,0.6775648151622273,2.8208616780045355,0.4,2.6641471403376165,0.3695652173913043
L-LSPIN,lspin_tf,linear,0.028,0.2,0,1,184,0.4036140914968106,2.1940035273368608,0.2857142857142857,1.958931720836483,0.2475247524752475
L-LSPIN,lspin_tf,linear,0.028,0.2,0,2,184,0.3497891015756921,1.6455026455026456,0.2,2.037288989669942,0.26
L-LSPIN,lspin_tf,linear,0.028,0.2,0,3,184,0.3277148156372683,1.880574452003024,0.2352941176470588,1.5671453766691863,0.1886792452830188
L-LSPIN,lspin_tf,linear,0.028,0.2,0,4,184,0.3067169141621732,1.7238599143361049,0.2115384615384615,2.037288989669942,0.26
L-LSPIN,lspin_tf,linear,0.028,0.2,0,5,184,0.4187222866700971,2.2723607961703203,0.2989690721649484,1.958931720836483,0.2475247524752475
L-LSPIN,lspin_tf,linear,0.028,0.2,0,6,184,0.3128028260775009,2.3507180650037798,0.3125,1.880574452003024,0.2352941176470588
L-LSPIN,lspin_tf,linear,0.028,0.2,0,7,184,0.410527345132859,1.958931720836483,0.2475247524752475,1.802217183169564,0.2233009708737864
L-LSPIN,lspin_tf,linear,0.028,0.2,1,2,184,0.3858442760830892,2.037288989669942,0.26,1.488788107835727,0.1775700934579439
L-LSPIN,lspin_tf,linear,0.028,0.2,1,3,184,0.3021440224219535,1.5671453766691863,0.1886792452830188,1.5671453766691863,0.1886792452830188
L-LSPIN,lspin_tf,linear,0.028,0.2,1,4,184,0.48920683415073,2.5857898715041574,0.3548387096774194,1.802217183169564,0.2233009708737864
L-LSPIN,lspin_tf,linear,0.028,0.2,1,5,184,0.4289383141601751,2.507432602670698,0.3404255319148936,1.802217183169564,0.2233009708737864
L-LSPIN,lspin_tf,linear,0.028,0.2,1,6,184,0.3823102235864392,2.1940035273368608,0.2857142857142857,1.880574452003024,0.2352941176470588
L-LSPIN,lspin_tf,linear,0.028,0.2,1,7,184,0.3905298250847844,1.880574452003024,0.2352941176470588,1.4104308390022675,0.1666666666666666
L-LSPIN,lspin_tf,linear,0.028,0.2,2,3,184,0.3822218146629856,1.802217183169564,0.2233009708737864,1.6455026455026456,0.2
L-LSPIN,lspin_tf,linear,0.028,0.2,2,4,184,0.4007933032604801,2.037288989669942,0.26,2.037288989669942,0.26
L-LSPIN,lspin_tf,linear,0.028,0.2,2,5,184,0.3846402666196455,1.880574452003024,0.2352941176470588,2.037288989669942,0.26
L-LSPIN,lspin_tf,linear,0.028,0.2,2,6,184,0.521559716124308,2.5857898715041574,0.3548387096774194,2.1940035273368608,0.2857142857142857
L-LSPIN,lspin_tf,linear,0.028,0.2,2,7,184,0.42727628406132,1.958931720836483,0.2475247524752475,2.1940035273368608,0.2857142857142857
L-LSPIN,lspin_tf,linear,0.028,0.2,3,4,184,0.4009364741623881,1.802217183169564,0.2233009708737864,2.037288989669942,0.26
L-LSPIN,lspin_tf,linear,0.028,0.2,3,5,184,0.3139169754887806,1.958931720836483,0.2475247524752475,1.802217183169564,0.2233009708737864
L-LSPIN,lspin_tf,linear,0.028,0.2,3,6,184,0.3546466019462666,2.037288989669942,0.26,1.7238599143361049,0.2115384615384615
L-LSPIN,lspin_tf,linear,0.028,0.2,3,7,184,0.2886838166180717,1.7238599143361049,0.2115384615384615,1.488788107835727,0.1775700934579439
L-LSPIN,lspin_tf,linear,0.028,0.2,4,5,184,0.3264361583483939,2.037288989669942,0.26,1.7238599143361049,0.2115384615384615
L-LSPIN,lspin_tf,linear,0.028,0.2,4,6,184,0.3961213034183359,1.880574452003024,0.2352941176470588,1.958931720836483,0.2475247524752475
L-LSPIN,lspin_tf,linear,0.028,0.2,4,7,184,0.3907377116215148,1.802217183169564,0.2233009708737864,1.802217183169564,0.2233009708737864
L-LSPIN,lspin_tf,linear,0.028,0.2,5,6,184,0.4508150602968725,2.429075333837239,0.3263157894736842,2.2723607961703203,0.2989690721649484
L-LSPIN,lspin_tf,linear,0.028,0.2,5,7,184,0.5289532890518874,2.2723607961703203,0.2989690721649484,2.2723607961703203,0.2989690721649484
L-LSPIN,lspin_tf,linear,0.028,0.2,6,7,184,0.4897554493365802,2.037288989669942,0.26,2.2723607961703203,0.2989690721649484
L-LSPIN,lspin_tf,linear,0.00875,0.4,0,1,188,0.5783694430447417,2.2723607961703203,0.2989690721649484,2.742504409171076,0.3846153846153846
L-LSPIN,lspin_tf,linear,0.00875,0.4,0,2,188,0.5676705440915638,2.3507180650037798,0.3125,2.429075333837239,0.3263157894736842
L-LSPIN,lspin_tf,linear,0.00875,0.4,0,3,188,0.679946362973995,2.8208616780045355,0.4,2.6641471403376165,0.3695652173913043
L-LSPIN,lspin_tf,linear,0.00875,0.4,0,4,188,0.5565336856295381,2.1940035273368608,0.2857142857142857,2.3507180650037798,0.3125
L-LSPIN,lspin_tf,linear,0.00875,0.4,0,5,188,0.5991435266014948,2.5857898715041574,0.3548387096774194,2.2723607961703203,0.2989690721649484
L-LSPIN,lspin_tf,linear,0.00875,0.4,0,6,188,0.5842762471819933,2.1940035273368608,0.2857142857142857,2.2723607961703203,0.2989690721649484
L-LSPIN,lspin_tf,linear,0.00875,0.4,0,7,188,0.5255298463032079,2.037288989669942,0.26,2.3507180650037798,0.3125
L-LSPIN,lspin_tf,linear,0.00875,0.4,1,2,188,0.5297708264454536,2.5857898715041574,0.3548387096774194,2.2723607961703203,0.2989690721649484
L-LSPIN,lspin_tf,linear,0.00875,0.4,1,3,188,0.6769758336457689,2.8208616780045355,0.4,2.6641471403376165,0.3695652173913043
L-LSPIN,lspin_tf,linear,0.00875,0.4,1,4,188,0.5391032379037191,2.507432602670698,0.3404255319148936,2.1156462585034013,0.2727272727272727
L-LSPIN,lspin_tf,linear,0.00875,0.4,1,5,188,0.6142591731578901,2.8208616780045355,0.4,2.3507180650037798,0.3125
L-LSPIN,lspin_tf,linear,0.00875,0.4,1,6,188,0.5495700050916185,2.1156462585034013,0.2727272727272727,2.3507180650037798,0.3125
L-LSPIN,lspin_tf,linear,0.00875,0.4,1,7,188,0.5683359931821427,2.429075333837239,0.3263157894736842,2.507432602670698,0.3404255319148936
L-LSPIN,lspin_tf,linear,0.00875,0.4,2,3,188,0.5499118190559269,2.1940035273368608,0.2857142857142857,2.3507180650037798,0.3125
L-LSPIN,lspin_tf,linear,0.00875,0.4,2,4,188,0.5214382478115359,1.958931720836483,0.2475247524752475,2.1940035273368608,0.2857142857142857
L-LSPIN,lspin_tf,linear,0.00875,0.4,2,5,188,0.6473664951297133,2.429075333837239,0.3263157894736842,2.3507180650037798,0.3125
L-LSPIN,lspin_tf,linear,0.00875,0.4,2,6,188,0.5659078135078197,2.1156462585034013,0.2727272727272727,2.429075333837239,0.3263157894736842
L-LSPIN,lspin_tf,linear,0.00875,0.4,2,7,188,0.5229194720150804,2.1940035273368608,0.2857142857142857,2.429075333837239,0.3263157894736842
L-LSPIN,lspin_tf,linear,0.00875,0.4,3,4,188,0.605582461236084,2.429075333837239,0.3263157894736842,2.8992189468379945,0.4157303370786517
L-LSPIN,lspin_tf,linear,0.00875,0.4,3,5,188,0.6340208927513967,2.8208616780045355,0.4,2.5857898715041574,0.3548387096774194
L-LSPIN,lspin_tf,linear,0.00875,0.4,3,6,188,0.5803445532457734,2.429075333837239,0.3263157894736842,2.3507180650037798,0.3125
L-LSPIN,lspin_tf,linear,0.00875,0.4,3,7,188,0.590321557957733,2.5857898715041574,0.3548387096774194,2.3507180650037798,0.3125
L-LSPIN,lspin_tf,linear,0.00875,0.4,4,5,188,0.559185512690402,2.429075333837239,0.3263157894736842,1.802217183169564,0.2233009708737864
L-LSPIN,lspin_tf,linear,0.00875,0.4,4,6,188,0.5509067223341572,2.1156462585034013,0.2727272727272727,2.3507180650037798,0.3125
L-LSPIN,lspin_tf,linear,0.00875,0.4,4,7,188,0.5125479983381647,2.1940035273368608,0.2857142857142857,2.1156462585034013,0.2727272727272727
L-LSPIN,lspin_tf,linear,0.00875,0.4,5,6,188,0.6092770368610808,2.507432602670698,0.3404255319148936,2.1156462585034013,0.2727272727272727
L-LSPIN,lspin_tf,linear,0.00875,0.4,5,7,188,0.5775956978442329,2.3507180650037798,0.3125,2.3507180650037798,0.3125
L-LSPIN,lspin_tf,linear,0.00875,0.4,6,7,188,0.4714615077207091,1.802217183169564,0.2233009708737864,1.880574452003024,0.2352941176470588
L-LSPIN,lspin_tf,linear,0.028,0.4,0,1,192,0.3538437366619465,1.6455026455026456,0.2,1.802217183169564,0.2233009708737864
L-LSPIN,lspin_tf,linear,0.028,0.4,0,2,192,0.3102382587714279,2.037288989669942,0.26,1.5671453766691863,0.1886792452830188
L-LSPIN,lspin_tf,linear,0.028,0.4,0,3,192,0.3071938172286327,1.6455026455026456,0.2,1.7238599143361049,0.2115384615384615
L-LSPIN,lspin_tf,linear,0.028,0.4,0,4,192,0.3480254282251978,1.958931720836483,0.2475247524752475,1.880574452003024,0.2352941176470588
L-LSPIN,lspin_tf,linear,0.028,0.4,0,5,192,0.3603683919411155,2.037288989669942,0.26,1.880574452003024,0.2352941176470588
L-LSPIN,lspin_tf,linear,0.028,0.4,0,6,192,0.3646540297976759,2.2723607961703203,0.2989690721649484,1.880574452003024,0.2352941176470588
L-LSPIN,lspin_tf,linear,0.028,0.4,0,7,192,0.3546942622774434,1.7238599143361049,0.2115384615384615,2.037288989669942,0.26
L-LSPIN,lspin_tf,linear,0.028,0.4,1,2,192,0.3078496017842989,1.5671453766691863,0.1886792452830188,1.5671453766691863,0.1886792452830188
L-LSPIN,lspin_tf,linear,0.028,0.4,1,3,192,0.3723245050914364,1.6455026455026456,0.2,1.880574452003024,0.2352941176470588
L-LSPIN,lspin_tf,linear,0.028,0.4,1,4,192,0.4178613064632525,2.1940035273368608,0.2857142857142857,1.802217183169564,0.2233009708737864
L-LSPIN,lspin_tf,linear,0.028,0.4,1,5,192,0.4021666509752702,1.6455026455026456,0.2,2.037288989669942,0.26
L-LSPIN,lspin_tf,linear,0.028,0.4,1,6,192,0.4255102750932967,1.802217183169564,0.2233009708737864,1.880574452003024,0.2352941176470588
L-LSPIN,lspin_tf,linear,0.028,0.4,1,7,192,0.4454870025959932,2.037288989669942,0.26,1.802217183169564,0.2233009708737864
L-LSPIN,lspin_tf,linear,0.028,0.4,2,3,192,0.439024300057034,2.3507180650037798,0.3125,2.2723607961703203,0.2989690721649484
L-LSPIN,lspin_tf,linear,0.028,0.4,2,4,192,0.324399579660031,1.488788107835727,0.1775700934579439,1.5671453766691863,0.1886792452830188
L-LSPIN,lspin_tf,linear,0.028,0.4,2,5,192,0.3798508352443627,1.958931720836483,0.2475247524752475,2.3507180650037798,0.3125
L-LSPIN,lspin_tf,linear,0.028,0.4,2,6,192,0.3245366683200988,1.880574452003024,0.2352941176470588,1.6455026455026456,0.2
L-LSPIN,lspin_tf,linear,0.028,0.4,2,7,192,0.5037108587566649,2.037288989669942,0.26,2.1940035273368608,0.2857142857142857
L-LSPIN,lspin_tf,linear,0.028,0.4,3,4,192,0.4040591553765063,1.5671453766691863,0.1886792452830188,2.037288989669942,0.26
L-LSPIN,lspin_tf,linear,0.028,0.4,3,5,192,0.4568840786678658,1.7238599143361049,0.2115384615384615,2.1940035273368608,0.2857142857142857
L-LSPIN,lspin_tf,linear,0.028,0.4,3,6,192,0.3176059840941647,1.5671453766691863,0.1886792452830188,1.4104308390022675,0.1666666666666666
L-LSPIN,lspin_tf,linear,0.028,0.4,3,7,192,0.5186209417966363,2.2723607961703203,0.2989690721649484,1.880574452003024,0.2352941176470588
L-LSPIN,lspin_tf,linear,0.028,0.4,4,5,192,0.348446875655643,1.6455026455026456,0.2,1.958931720836483,0.2475247524752475
L-LSPIN,lspin_tf,linear,0.028,0.4,4,6,192,0.3503414246339243,1.802217183169564,0.2233009708737864,1.7238599143361049,0.2115384615384615
L-LSPIN,lspin_tf,linear,0.028,0.4,4,7,192,0.3940879306361282,1.6455026455026456,0.2,1.5671453766691863,0.1886792452830188
L-LSPIN,lspin_tf,linear,0.028,0.4,5,6,192,0.444516014909482,2.037288989669942,0.26,1.7238599143361049,0.2115384615384615
L-LSPIN,lspin_tf,linear,0.028,0.4,5,7,192,0.4840461058769728,1.958931720836483,0.2475247524752475,2.1940035273368608,0.2857142857142857
L-LSPIN,lspin_tf,linear,0.028,0.4,6,7,192,0.3984112155601434,2.1156462585034013,0.2727272727272727,1.802217183169564,0.2233009708737864
L-Concrete,concrete,linear,0.00275,0.0,0,1,196,0.7973144673964412,3.4477198286722097,0.5365853658536586,3.055933484504913,0.4482758620689655
L-Concrete,concrete,linear,0.00275,0.0,0,2,196,0.7762072198558598,3.1342907533383726,0.4651162790697674,2.742504409171076,0.3846153846153846
L-Concrete,concrete,linear,0.00275,0.0,0,3,196,0.8006350458920298,3.3693625598387507,0.5180722891566265,2.742504409171076,0.3846153846153846
L-Concrete,concrete,linear,0.00275,0.0,0,4,196,0.7994831585890898,2.8208616780045355,0.4,2.977576215671454,0.4318181818181818
L-Concrete,concrete,linear,0.00275,0.0,0,5,196,0.8022190532416391,3.212648022171832,0.4823529411764706,3.291005291005291,0.5
L-Concrete,concrete,linear,0.00275,0.0,0,6,196,0.8061432349040163,3.212648022171832,0.4823529411764706,3.055933484504913,0.4482758620689655
L-Concrete,concrete,linear,0.00275,0.0,0,7,196,0.7822087933689937,3.055933484504913,0.4482758620689655,3.055933484504913,0.4482758620689655
L-Concrete,concrete,linear,0.00275,0.0,1,2,196,0.7355197496258987,2.8992189468379945,0.4157303370786517,2.8992189468379945,0.4157303370786517
L-Concrete,concrete,linear,0.00275,0.0,1,3,196,0.7736501251459924,3.291005291005291,0.5,2.8208616780045355,0.4
L-Concrete,concrete,linear,0.00275,0.0,1,4,196,0.7753809197423996,3.055933484504913,0.4482758620689655,2.507432602670698,0.3404255319148936
L-Concrete,concrete,linear,0.00275,0.0,1,5,196,0.8349894888449294,3.3693625598387507,0.5180722891566265,3.055933484504913,0.4482758620689655
L-Concrete,concrete,linear,0.00275,0.0,1,6,196,0.828647650628409,3.4477198286722097,0.5365853658536586,2.8208616780045355,0.4
L-Concrete,concrete,linear,0.00275,0.0,1,7,196,0.7953219320623287,3.1342907533383726,0.4651162790697674,2.977576215671454,0.4318181818181818
L-Concrete,concrete,linear,0.00275,0.0,2,3,196,0.754801088375983,3.212648022171832,0.4823529411764706,2.6641471403376165,0.3695652173913043
L-Concrete,concrete,linear,0.00275,0.0,2,4,196,0.7316697493963432,3.291005291005291,0.5,2.6641471403376165,0.3695652173913043
L-Concrete,concrete,linear,0.00275,0.0,2,5,196,0.7714352740526071,3.1342907533383726,0.4651162790697674,3.212648022171832,0.4823529411764706
L-Concrete,concrete,linear,0.00275,0.0,2,6,196,0.7577157092270735,2.8992189468379945,0.4157303370786517,2.8992189468379945,0.4157303370786517
L-Concrete,concrete,linear,0.00275,0.0,2,7,196,0.7582639480769201,3.055933484504913,0.4482758620689655,3.1342907533383726,0.4651162790697674
L-Concrete,concrete,linear,0.00275,0.0,3,4,196,0.8270572078984975,3.526077097505669,0.5555555555555556,3.055933484504913,0.4482758620689655
L-Concrete,concrete,linear,0.00275,0.0,3,5,196,0.7965244431430788,3.3693625598387507,0.5180722891566265,2.8208616780045355,0.4
L-Concrete,concrete,linear,0.00275,0.0,3,6,196,0.8112855459592742,3.212648022171832,0.4823529411764706,3.055933484504913,0.4482758620689655
L-Concrete,concrete,linear,0.00275,0.0,3,7,196,0.7714320999782392,2.977576215671454,0.4318181818181818,2.742504409171076,0.3846153846153846
L-Concrete,concrete,linear,0.00275,0.0,4,5,196,0.7866926828803797,2.8992189468379945,0.4157303370786517,3.055933484504913,0.4482758620689655
L-Concrete,concrete,linear,0.00275,0.0,4,6,196,0.8038128230823818,3.212648022171832,0.4823529411764706,2.6641471403376165,0.3695652173913043
L-Concrete,concrete,linear,0.00275,0.0,4,7,196,0.787470411929001,3.1342907533383726,0.4651162790697674,2.5857898715041574,0.3548387096774194
L-Concrete,concrete,linear,0.00275,0.0,5,6,196,0.8623675999664909,3.8395061728395055,0.6363636363636364,3.291005291005291,0.5
L-Concrete,concrete,linear,0.00275,0.0,5,7,196,0.8195024865733572,3.212648022171832,0.4823529411764706,3.212648022171832,0.4823529411764706
L-Concrete,concrete,linear,0.00275,0.0,6,7,196,0.7863861973546078,2.8208616780045355,0.4,2.742504409171076,0.3846153846153846
L-Concrete,concrete,linear,0.0066,0.0,0,1,200,0.6600918122955106,3.212648022171832,0.4823529411764706,2.1940035273368608,0.2857142857142857
L-Concrete,concrete,linear,0.0066,0.0,0,2,200,0.6862853141776046,3.1342907533383726,0.4651162790697674,2.507432602670698,0.3404255319148936
L-Concrete,concrete,linear,0.0066,0.0,0,3,200,0.6701552804097808,3.291005291005291,0.5,2.507432602670698,0.3404255319148936
L-Concrete,concrete,linear,0.0066,0.0,0,4,200,0.6405669247826759,2.742504409171076,0.3846153846153846,2.429075333837239,0.3263157894736842
L-Concrete,concrete,linear,0.0066,0.0,0,5,200,0.6069835621207462,2.5857898715041574,0.3548387096774194,2.3507180650037798,0.3125
L-Concrete,concrete,linear,0.0066,0.0,0,6,200,0.6712853902023853,3.291005291005291,0.5,2.3507180650037798,0.3125
L-Concrete,concrete,linear,0.0066,0.0,0,7,200,0.6457772696204475,2.977576215671454,0.4318181818181818,2.1156462585034013,0.2727272727272727
L-Concrete,concrete,linear,0.0066,0.0,1,2,200,0.6558618373209472,2.8208616780045355,0.4,1.7238599143361049,0.2115384615384615
L-Concrete,concrete,linear,0.0066,0.0,1,3,200,0.6574705719676496,3.212648022171832,0.4823529411764706,2.1940035273368608,0.2857142857142857
L-Concrete,concrete,linear,0.0066,0.0,1,4,200,0.6377729284272173,2.977576215671454,0.4318181818181818,1.802217183169564,0.2233009708737864
L-Concrete,concrete,linear,0.0066,0.0,1,5,200,0.6583298677493291,2.8208616780045355,0.4,2.037288989669942,0.26
L-Concrete,concrete,linear,0.0066,0.0,1,6,200,0.6758007318736201,3.3693625598387507,0.5180722891566265,1.880574452003024,0.2352941176470588
L-Concrete,concrete,linear,0.0066,0.0,1,7,200,0.6528112645216841,2.977576215671454,0.4318181818181818,1.6455026455026456,0.2
L-Concrete,concrete,linear,0.0066,0.0,2,3,200,0.7753764996868302,2.977576215671454,0.4318181818181818,2.5857898715041574,0.3548387096774194
L-Concrete,concrete,linear,0.0066,0.0,2,4,200,0.6935913907838805,2.977576215671454,0.4318181818181818,2.5857898715041574,0.3548387096774194
L-Concrete,concrete,linear,0.0066,0.0,2,5,200,0.7501198479345081,3.055933484504913,0.4482758620689655,2.5857898715041574,0.3548387096774194
L-Concrete,concrete,linear,0.0066,0.0,2,6,200,0.7300929633513288,2.8208616780045355,0.4,2.429075333837239,0.3263157894736842
L-Concrete,concrete,linear,0.0066,0.0,2,7,200,0.714173375451668,3.1342907533383726,0.4651162790697674,2.507432602670698,0.3404255319148936
L-Concrete,concrete,linear,0.0066,0.0,3,4,200,0.6937369372043362,2.742504409171076,0.3846153846153846,2.3507180650037798,0.3125
L-Concrete,concrete,linear,0.0066,0.0,3,5,200,0.726527825862492,2.977576215671454,0.4318181818181818,2.5857898715041574,0.3548387096774194
L-Concrete,concrete,linear,0.0066,0.0,3,6,200,0.744001052419301,3.1342907533383726,0.4651162790697674,2.2723607961703203,0.2989690721649484
L-Concrete,concrete,linear,0.0066,0.0,3,7,200,0.7196169493574578,2.977576215671454,0.4318181818181818,2.1940035273368608,0.2857142857142857
L-Concrete,concrete,linear,0.0066,0.0,4,5,200,0.7265923644099027,2.977576215671454,0.4318181818181818,2.507432602670698,0.3404255319148936
L-Concrete,concrete,linear,0.0066,0.0,4,6,200,0.6636095971814937,2.742504409171076,0.3846153846153846,2.2723607961703203,0.2989690721649484
L-Concrete,concrete,linear,0.0066,0.0,4,7,200,0.6957636597715974,3.055933484504913,0.4482758620689655,2.507432602670698,0.3404255319148936
L-Concrete,concrete,linear,0.0066,0.0,5,6,200,0.7108310233012746,2.977576215671454,0.4318181818181818,2.3507180650037798,0.3125
L-Concrete,concrete,linear,0.0066,0.0,5,7,200,0.7193262813425849,3.291005291005291,0.5,2.429075333837239,0.3263157894736842
L-Concrete,concrete,linear,0.0066,0.0,6,7,200,0.6935891560462789,2.977576215671454,0.4318181818181818,2.037288989669942,0.26
L-Concrete,concrete,linear,0.00275,0.1,0,1,204,0.7959501116788775,3.212648022171832,0.4823529411764706,3.212648022171832,0.4823529411764706
L-Concrete,concrete,linear,0.00275,0.1,0,2,204,0.794175006499588,2.8992189468379945,0.4157303370786517,3.055933484504913,0.4482758620689655
L-Concrete,concrete,linear,0.00275,0.1,0,3,204,0.7891566377089643,2.8208616780045355,0.4,3.526077097505669,0.5555555555555556
L-Concrete,concrete,linear,0.00275,0.1,0,4,204,0.7959483653563546,3.1342907533383726,0.4651162790697674,3.212648022171832,0.4823529411764706
L-Concrete,concrete,linear,0.00275,0.1,0,5,204,0.7483582673446,2.8208616780045355,0.4,3.291005291005291,0.5
L-Concrete,concrete,linear,0.00275,0.1,0,6,204,0.7388636180802669,2.8208616780045355,0.4,3.055933484504913,0.4482758620689655
L-Concrete,concrete,linear,0.00275,0.1,0,7,204,0.7857853756615978,3.1342907533383726,0.4651162790697674,2.8208616780045355,0.4
L-Concrete,concrete,linear,0.00275,0.1,1,2,204,0.8128233940461339,3.055933484504913,0.4482758620689655,3.291005291005291,0.5
L-Concrete,concrete,linear,0.00275,0.1,1,3,204,0.8164901356654819,3.212648022171832,0.4823529411764706,3.291005291005291,0.5
L-Concrete,concrete,linear,0.00275,0.1,1,4,204,0.815557233199336,3.291005291005291,0.5,3.526077097505669,0.5555555555555556
L-Concrete,concrete,linear,0.00275,0.1,1,5,204,0.802686189607579,3.1342907533383726,0.4651162790697674,3.291005291005291,0.5
L-Concrete,concrete,linear,0.00275,0.1,1,6,204,0.7546749049194197,3.1342907533383726,0.4651162790697674,2.8992189468379945,0.4157303370786517
L-Concrete,concrete,linear,0.00275,0.1,1,7,204,0.7980537660555831,3.3693625598387507,0.5180722891566265,3.212648022171832,0.4823529411764706
L-Concrete,concrete,linear,0.00275,0.1,2,3,204,0.7756580338445009,2.977576215671454,0.4318181818181818,2.8208616780045355,0.4
L-Concrete,concrete,linear,0.00275,0.1,2,4,204,0.8169320348322121,2.977576215671454,0.4318181818181818,3.291005291005291,0.5
L-Concrete,concrete,linear,0.00275,0.1,2,5,204,0.7810322327368725,2.8992189468379945,0.4157303370786517,3.055933484504913,0.4482758620689655
L-Concrete,concrete,linear,0.00275,0.1,2,6,204,0.7512092298306441,2.8208616780045355,0.4,2.8208616780045355,0.4
L-Concrete,concrete,linear,0.00275,0.1,2,7,204,0.8125730335509717,3.3693625598387507,0.5180722891566265,2.977576215671454,0.4318181818181818
L-Concrete,concrete,linear,0.00275,0.1,3,4,204,0.8259920575892845,3.055933484504913,0.4482758620689655,3.3693625598387507,0.5180722891566265
L-Concrete,concrete,linear,0.00275,0.1,3,5,204,0.7784304906302,3.291005291005291,0.5,3.1342907533383726,0.4651162790697674
L-Concrete,concrete,linear,0.00275,0.1,3,6,204,0.7644218532936725,3.1342907533383726,0.4651162790697674,3.1342907533383726,0.4651162790697674
L-Concrete,concrete,linear,0.00275,0.1,3,7,204,0.80461874654316,3.3693625598387507,0.5180722891566265,2.742504409171076,0.3846153846153846
L-Concrete,concrete,linear,0.00275,0.1,4,5,204,0.8014650404496159,3.055933484504913,0.4482758620689655,3.1342907533383726,0.4651162790697674
L-Concrete,concrete,linear,0.00275,0.1,4,6,204,0.7542083710273366,2.8992189468379945,0.4157303370786517,3.055933484504913,0.4482758620689655
L-Concrete,concrete,linear,0.00275,0.1,4,7,204,0.8207640591669587,3.3693625598387507,0.5180722891566265,3.212648022171832,0.4823529411764706
L-Concrete,concrete,linear,0.00275,0.1,5,6,204,0.7041012566602399,3.1342907533383726,0.4651162790697674,2.5857898715041574,0.3548387096774194
L-Concrete,concrete,linear,0.00275,0.1,5,7,204,0.7560789388176314,3.055933484504913,0.4482758620689655,2.742504409171076,0.3846153846153846
L-Concrete,concrete,linear,0.00275,0.1,6,7,204,0.7397110463621268,3.055933484504913,0.4482758620689655,2.507432602670698,0.3404255319148936
L-Concrete,concrete,linear,0.0066,0.1,0,1,208,0.6671962313326246,2.5857898715041574,0.3548387096774194,2.5857898715041574,0.3548387096774194
L-Concrete,concrete,linear,0.0066,0.1,0,2,208,0.602425056771327,2.3507180650037798,0.3125,2.977576215671454,0.4318181818181818
L-Concrete,concrete,linear,0.0066,0.1,0,3,208,0.5985034457810251,2.507432602670698,0.3404255319148936,2.1156462585034013,0.2727272727272727
L-Concrete,concrete,linear,0.0066,0.1,0,4,208,0.6881156218561484,2.5857898715041574,0.3548387096774194,2.3507180650037798,0.3125
L-Concrete,concrete,linear,0.0066,0.1,0,5,208,0.6482969596091972,2.507432602670698,0.3404255319148936,2.6641471403376165,0.3695652173913043
L-Concrete,concrete,linear,0.0066,0.1,0,6,208,0.6390645123804899,2.6641471403376165,0.3695652173913043,2.8992189468379945,0.4157303370786517
L-Concrete,concrete,linear,0.0066,0.1,0,7,208,0.5950036785200409,2.742504409171076,0.3846153846153846,2.1156462585034013,0.2727272727272727
L-Concrete,concrete,linear,0.0066,0.1,1,2,208,0.6346048020817527,2.5857898715041574,0.3548387096774194,2.977576215671454,0.4318181818181818
L-Concrete,concrete,linear,0.0066,0.1,1,3,208,0.6407046086012476,2.6641471403376165,0.3695652173913043,2.5857898715041574,0.3548387096774194
L-Concrete,concrete,linear,0.0066,0.1,1,4,208,0.6624272873192528,2.742504409171076,0.3846153846153846,2.2723607961703203,0.2989690721649484
L-Concrete,concrete,linear,0.0066,0.1,1,5,208,0.699688013869022,2.6641471403376165,0.3695652173913043,2.742504409171076,0.3846153846153846
L-Concrete,concrete,linear,0.0066,0.1,1,6,208,0.6090483379809009,2.429075333837239,0.3263157894736842,2.3507180650037798,0.3125
L-Concrete,concrete,linear,0.0066,0.1,1,7,208,0.7031554542569968,2.8208616780045355,0.4,2.1940035273368608,0.2857142857142857
L-Concrete,concrete,linear,0.0066,0.1,2,3,208,0.5895277661871319,2.1940035273368608,0.2857142857142857,2.3507180650037798,0.3125
L-Concrete,concrete,linear,0.0066,0.1,2,4,208,0.6740999199213507,2.742504409171076,0.3846153846153846,2.5857898715041574,0.3548387096774194
L-Concrete,concrete,linear,0.0066,0.1,2,5,208,0.6702942050906856,2.2723607961703203,0.2989690721649484,2.8208616780045355,0.4
L-Concrete,concrete,linear,0.0066,0.1,2,6,208,0.5817058555544673,2.3507180650037798,0.3125,2.5857898715041574,0.3548387096774194
L-Concrete,concrete,linear,0.0066,0.1,2,7,208,0.5794433904795284,2.507432602670698,0.3404255319148936,2.2723607961703203,0.2989690721649484
L-Concrete,concrete,linear,0.0066,0.1,3,4,208,0.6300640856294774,2.5857898715041574,0.3548387096774194,2.1940035273368608,0.2857142857142857
L-Concrete,concrete,linear,0.0066,0.1,3,5,208,0.6220305818355994,2.742504409171076,0.3846153846153846,2.507432602670698,0.3404255319148936
L-Concrete,concrete,linear,0.0066,0.1,3,6,208,0.5793948416528547,2.507432602670698,0.3404255319148936,2.507432602670698,0.3404255319148936
L-Concrete,concrete,linear,0.0066,0.1,3,7,208,0.643239244817935,2.507432602670698,0.3404255319148936,2.5857898715041574,0.3548387096774194
L-Concrete,concrete,linear,0.0066,0.1,4,5,208,0.6175512145915772,2.6641471403376165,0.3695652173913043,2.507432602670698,0.3404255319148936
L-Concrete,concrete,linear,0.0066,0.1,4,6,208,0.5719453742460975,2.429075333837239,0.3263157894736842,2.5857898715041574,0.3548387096774194
L-Concrete,concrete,linear,0.0066,0.1,4,7,208,0.6493395203406219,2.8208616780045355,0.4,2.429075333837239,0.3263157894736842
L-Concrete,concrete,linear,0.0066,0.1,5,6,208,0.5712385914302357,2.8992189468379945,0.4157303370786517,2.507432602670698,0.3404255319148936
L-Concrete,concrete,linear,0.0066,0.1,5,7,208,0.6720724905745044,2.5857898715041574,0.3548387096774194,2.5857898715041574,0.3548387096774194
L-Concrete,concrete,linear,0.0066,0.1,6,7,208,0.585987519463835,2.429075333837239,0.3263157894736842,2.2723607961703203,0.2989690721649484
L-Concrete,concrete,linear,0.00275,0.2,0,1,212,0.8270184694418351,2.8208616780045355,0.4,3.291005291005291,0.5
L-Concrete,concrete,linear,0.00275,0.2,0,2,212,0.8187107905339318,3.291005291005291,0.5,3.4477198286722097,0.5365853658536586
L-Concrete,concrete,linear,0.00275,0.2,0,3,212,0.7976865622633229,2.6641471403376165,0.3695652173913043,3.604434366339128,0.575
L-Concrete,concrete,linear,0.00275,0.2,0,4,212,0.8154356355246349,2.977576215671454,0.4318181818181818,3.212648022171832,0.4823529411764706
L-Concrete,concrete,linear,0.00275,0.2,0,5,212,0.7919396691694023,2.8992189468379945,0.4157303370786517,3.212648022171832,0.4823529411764706
L-Concrete,concrete,linear,0.00275,0.2,0,6,212,0.8203193762668124,3.055933484504913,0.4482758620689655,3.3693625598387507,0.5180722891566265
L-Concrete,concrete,linear,0.00275,0.2,0,7,212,0.8232257440704286,3.1342907533383726,0.4651162790697674,3.3693625598387507,0.5180722891566265
L-Concrete,concrete,linear,0.00275,0.2,1,2,212,0.8020973704796338,3.055933484504913,0.4482758620689655,3.291005291005291,0.5
L-Concrete,concrete,linear,0.00275,0.2,1,3,212,0.8082195909596185,3.055933484504913,0.4482758620689655,3.526077097505669,0.5555555555555556
L-Concrete,concrete,linear,0.00275,0.2,1,4,212,0.8019400196368703,2.977576215671454,0.4318181818181818,3.3693625598387507,0.5180722891566265
L-Concrete,concrete,linear,0.00275,0.2,1,5,212,0.816621003686994,3.291005291005291,0.5,3.212648022171832,0.4823529411764706
L-Concrete,concrete,linear,0.00275,0.2,1,6,212,0.828743538546968,2.742504409171076,0.3846153846153846,3.4477198286722097,0.5365853658536586
L-Concrete,concrete,linear,0.00275,0.2,1,7,212,0.8096529054007335,2.8208616780045355,0.4,3.604434366339128,0.575
L-Concrete,concrete,linear,0.00275,0.2,2,3,212,0.8076951548514428,3.1342907533383726,0.4651162790697674,3.055933484504913,0.4482758620689655
L-Concrete,concrete,linear,0.00275,0.2,2,4,212,0.7953280855828523,3.055933484504913,0.4482758620689655,3.4477198286722097,0.5365853658536586
L-Concrete,concrete,linear,0.00275,0.2,2,5,212,0.8015427561504409,3.1342907533383726,0.4651162790697674,3.1342907533383726,0.4651162790697674
L-Concrete,concrete,linear,0.00275,0.2,2,6,212,0.7888561169053404,2.742504409171076,0.3846153846153846,3.291005291005291,0.5
L-Concrete,concrete,linear,0.00275,0.2,2,7,212,0.790787194445539,3.055933484504913,0.4482758620689655,3.3693625598387507,0.5180722891566265
L-Concrete,concrete,linear,0.00275,0.2,3,4,212,0.8106255128749338,3.3693625598387507,0.5180722891566265,3.526077097505669,0.5555555555555556
L-Concrete,concrete,linear,0.00275,0.2,3,5,212,0.7772932298163272,3.3693625598387507,0.5180722891566265,3.1342907533383726,0.4651162790697674
L-Concrete,concrete,linear,0.00275,0.2,3,6,212,0.8144845554118838,3.526077097505669,0.5555555555555556,3.3693625598387507,0.5180722891566265
L-Concrete,concrete,linear,0.00275,0.2,3,7,212,0.8054676118834035,3.3693625598387507,0.5180722891566265,3.291005291005291,0.5
L-Concrete,concrete,linear,0.00275,0.2,4,5,212,0.8004803509546777,3.291005291005291,0.5,2.8992189468379945,0.4157303370786517
L-Concrete,concrete,linear,0.00275,0.2,4,6,212,0.8116045673939363,3.3693625598387507,0.5180722891566265,3.3693625598387507,0.5180722891566265
L-Concrete,concrete,linear,0.00275,0.2,4,7,212,0.8042800749316351,3.1342907533383726,0.4651162790697674,3.3693625598387507,0.5180722891566265
L-Concrete,concrete,linear,0.00275,0.2,5,6,212,0.8178174302917045,3.291005291005291,0.5,3.1342907533383726,0.4651162790697674
L-Concrete,concrete,linear,0.00275,0.2,5,7,212,0.8000565040630848,3.1342907533383726,0.4651162790697674,2.8992189468379945,0.4157303370786517
L-Concrete,concrete,linear,0.00275,0.2,6,7,212,0.8075046060131882,3.1342907533383726,0.4651162790697674,3.604434366339128,0.575
L-Concrete,concrete,linear,0.0066,0.2,0,1,216,0.6660634258373591,2.507432602670698,0.3404255319148936,2.507432602670698,0.3404255319148936
L-Concrete,concrete,linear,0.0066,0.2,0,2,216,0.642304874826165,2.507432602670698,0.3404255319148936,2.2723607961703203,0.2989690721649484
L-Concrete,concrete,linear,0.0066,0.2,0,3,216,0.6957264231564023,2.429075333837239,0.3263157894736842,3.055933484504913,0.4482758620689655
L-Concrete,concrete,linear,0.0066,0.2,0,4,216,0.6803644859408439,2.8992189468379945,0.4157303370786517,2.6641471403376165,0.3695652173913043
L-Concrete,concrete,linear,0.0066,0.2,0,5,216,0.6856605967185357,2.6641471403376165,0.3695652173913043,3.055933484504913,0.4482758620689655
L-Concrete,concrete,linear,0.0066,0.2,0,6,216,0.6677945174688569,2.742504409171076,0.3846153846153846,2.8208616780045355,0.4
L-Concrete,concrete,linear,0.0066,0.2,0,7,216,0.6474790987683188,2.507432602670698,0.3404255319148936,2.977576215671454,0.4318181818181818
L-Concrete,concrete,linear,0.0066,0.2,1,2,216,0.6759501252786637,2.429075333837239,0.3263157894736842,2.742504409171076,0.3846153846153846
L-Concrete,concrete,linear,0.0066,0.2,1,3,216,0.6427775360813164,2.2723607961703203,0.2989690721649484,2.507432602670698,0.3404255319148936
L-Concrete,concrete,linear,0.0066,0.2,1,4,216,0.6398486627750869,2.8992189468379945,0.4157303370786517,2.429075333837239,0.3263157894736842
L-Concrete,concrete,linear,0.0066,0.2,1,5,216,0.6526642776848177,2.742504409171076,0.3846153846153846,2.507432602670698,0.3404255319148936
L-Concrete,concrete,linear,0.0066,0.2,1,6,216,0.6697707319077462,2.8208616780045355,0.4,2.5857898715041574,0.3548387096774194
L-Concrete,concrete,linear,0.0066,0.2,1,7,216,0.6042134195775598,1.880574452003024,0.2352941176470588,2.507432602670698,0.3404255319148936
L-Concrete,concrete,linear,0.0066,0.2,2,3,216,0.6712174130081625,2.8992189468379945,0.4157303370786517,2.3507180650037798,0.3125
L-Concrete,concrete,linear,0.0066,0.2,2,4,216,0.6555049783939181,3.055933484504913,0.4482758620689655,2.1156462585034013,0.2727272727272727
L-Concrete,concrete,linear,0.0066,0.2,2,5,216,0.6486165417983304,2.429075333837239,0.3263157894736842,2.6641471403376165,0.3695652173913043
L-Concrete,concrete,linear,0.0066,0.2,2,6,216,0.6425645553505732,2.8992189468379945,0.4157303370786517,2.429075333837239,0.3263157894736842
L-Concrete,concrete,linear,0.0066,0.2,2,7,216,0.650430074696557,2.429075333837239,0.3263157894736842,2.507432602670698,0.3404255319148936
L-Concrete,concrete,linear,0.0066,0.2,3,4,216,0.6377785447578259,2.5857898715041574,0.3548387096774194,2.507432602670698,0.3404255319148936
L-Concrete,concrete,linear,0.0066,0.2,3,5,216,0.6637504520204729,2.8992189468379945,0.4157303370786517,2.507432602670698,0.3404255319148936
L-Concrete,concrete,linear,0.0066,0.2,3,6,216,0.7016906561088494,3.212648022171832,0.4823529411764706,2.5857898715041574,0.3548387096774194
L-Concrete,concrete,linear,0.0066,0.2,3,7,216,0.6794478585322741,2.742504409171076,0.3846153846153846,3.1342907533383726,0.4651162790697674
L-Concrete,concrete,linear,0.0066,0.2,4,5,216,0.6305761275661891,2.8992189468379945,0.4157303370786517,2.6641471403376165,0.3695652173913043
L-Concrete,concrete,linear,0.0066,0.2,4,6,216,0.638718453190079,2.742504409171076,0.3846153846153846,2.5857898715041574,0.3548387096774194
L-Concrete,concrete,linear,0.0066,0.2,4,7,216,0.6317216382657898,2.742504409171076,0.3846153846153846,2.8208616780045355,0.4
L-Concrete,concrete,linear,0.0066,0.2,5,6,216,0.7002700070764,3.055933484504913,0.4482758620689655,2.8992189468379945,0.4157303370786517
L-Concrete,concrete,linear,0.0066,0.2,5,7,216,0.6824508094918506,2.507432602670698,0.3404255319148936,2.8208616780045355,0.4
L-Concrete,concrete,linear,0.0066,0.2,6,7,216,0.6274594259966492,2.6641471403376165,0.3695652173913043,2.507432602670698,0.3404255319148936
L-Concrete,concrete,linear,0.00275,0.4,0,1,220,0.7861390889101326,2.8992189468379945,0.4157303370786517,2.8992189468379945,0.4157303370786517
L-Concrete,concrete,linear,0.00275,0.4,0,2,220,0.8550245796644328,3.291005291005291,0.5,3.212648022171832,0.4823529411764706
L-Concrete,concrete,linear,0.00275,0.4,0,3,220,0.8076084464727699,3.1342907533383726,0.4651162790697674,3.291005291005291,0.5
L-Concrete,concrete,linear,0.00275,0.4,0,4,220,0.7898707736464272,3.3693625598387507,0.5180722891566265,3.055933484504913,0.4482758620689655
L-Concrete,concrete,linear,0.00275,0.4,0,5,220,0.8035593329172178,3.212648022171832,0.4823529411764706,3.212648022171832,0.4823529411764706
L-Concrete,concrete,linear,0.00275,0.4,0,6,220,0.7945310791130281,3.4477198286722097,0.5365853658536586,3.1342907533383726,0.4651162790697674
L-Concrete,concrete,linear,0.00275,0.4,0,7,220,0.8013010829725264,3.4477198286722097,0.5365853658536586,3.3693625598387507,0.5180722891566265
L-Concrete,concrete,linear,0.00275,0.4,1,2,220,0.800135095102617,3.291005291005291,0.5,3.212648022171832,0.4823529411764706
L-Concrete,concrete,linear,0.00275,0.4,1,3,220,0.738331125201876,2.8208616780045355,0.4,2.977576215671454,0.4318181818181818
L-Concrete,concrete,linear,0.00275,0.4,1,4,220,0.7558691437875849,2.8992189468379945,0.4157303370786517,3.055933484504913,0.4482758620689655
L-Concrete,concrete,linear,0.00275,0.4,1,5,220,0.782981117397159,2.977576215671454,0.4318181818181818,2.977576215671454,0.4318181818181818
L-Concrete,concrete,linear,0.00275,0.4,1,6,220,0.7527744933942951,2.977576215671454,0.4318181818181818,2.8992189468379945,0.4157303370786517
L-Concrete,concrete,linear,0.00275,0.4,1,7,220,0.7438543788749185,2.6641471403376165,0.3695652173913043,3.1342907533383726,0.4651162790697674
L-Concrete,concrete,linear,0.00275,0.4,2,3,220,0.7664333738961941,3.1342907533383726,0.4651162790697674,2.977576215671454,0.4318181818181818
L-Concrete,concrete,linear,0.00275,0.4,2,4,220,0.8077639622664513,3.4477198286722097,0.5365853658536586,3.212648022171832,0.4823529411764706
L-Concrete,concrete,linear,0.00275,0.4,2,5,220,0.7979231244530596,3.3693625598387507,0.5180722891566265,2.8992189468379945,0.4157303370786517
L-Concrete,concrete,linear,0.00275,0.4,2,6,220,0.7706350188260886,3.4477198286722097,0.5365853658536586,3.1342907533383726,0.4651162790697674
L-Concrete,concrete,linear,0.00275,0.4,2,7,220,0.7516953194526718,2.977576215671454,0.4318181818181818,2.8992189468379945,0.4157303370786517
L-Concrete,concrete,linear,0.00275,0.4,3,4,220,0.7874479148237573,3.1342907533383726,0.4651162790697674,3.291005291005291,0.5
L-Concrete,concrete,linear,0.00275,0.4,3,5,220,0.7717852940130401,2.8208616780045355,0.4,3.3693625598387507,0.5180722891566265
L-Concrete,concrete,linear,0.00275,0.4,3,6,220,0.7813662998035903,3.055933484504913,0.4482758620689655,3.291005291005291,0.5
L-Concrete,concrete,linear,0.00275,0.4,3,7,220,0.8022908667652092,3.291005291005291,0.5,3.4477198286722097,0.5365853658536586
L-Concrete,concrete,linear,0.00275,0.4,4,5,220,0.7776913567435484,3.291005291005291,0.5,3.1342907533383726,0.4651162790697674
L-Concrete,concrete,linear,0.00275,0.4,4,6,220,0.8096195056129206,3.526077097505669,0.5555555555555556,3.212648022171832,0.4823529411764706
L-Concrete,concrete,linear,0.00275,0.4,4,7,220,0.7807573764876583,3.3693625598387507,0.5180722891566265,3.212648022171832,0.4823529411764706
L-Concrete,concrete,linear,0.00275,0.4,5,6,220,0.7659225023561593,3.291005291005291,0.5,3.212648022171832,0.4823529411764706
L-Concrete,concrete,linear,0.00275,0.4,5,7,220,0.7644096074718744,2.6641471403376165,0.3695652173913043,3.3693625598387507,0.5180722891566265
L-Concrete,concrete,linear,0.00275,0.4,6,7,220,0.7643963347635019,3.055933484504913,0.4482758620689655,3.212648022171832,0.4823529411764706
L-Concrete,concrete,linear,0.0066,0.4,0,1,224,0.5781232266307367,2.3507180650037798,0.3125,2.507432602670698,0.3404255319148936
L-Concrete,concrete,linear,0.0066,0.4,0,2,224,0.5341800394122351,2.1156462585034013,0.2727272727272727,2.5857898715041574,0.3548387096774194
L-Concrete,concrete,linear,0.0066,0.4,0,3,224,0.5030352425044237,2.1940035273368608,0.2857142857142857,1.802217183169564,0.2233009708737864
L-Concrete,concrete,linear,0.0066,0.4,0,4,224,0.5722712466027547,2.1940035273368608,0.2857142857142857,2.5857898715041574,0.3548387096774194
L-Concrete,concrete,linear,0.0066,0.4,0,5,224,0.6008394154726381,2.429075333837239,0.3263157894736842,2.429075333837239,0.3263157894736842
L-Concrete,concrete,linear,0.0066,0.4,0,6,224,0.5591849477098452,2.3507180650037798,0.3125,1.958931720836483,0.2475247524752475
L-Concrete,concrete,linear,0.0066,0.4,0,7,224,0.589675673180757,2.6641471403376165,0.3695652173913043,2.1156462585034013,0.2727272727272727
L-Concrete,concrete,linear,0.0066,0.4,1,2,224,0.6565545970404311,2.507432602670698,0.3404255319148936,2.8208616780045355,0.4
L-Concrete,concrete,linear,0.0066,0.4,1,3,224,0.5794861849746934,2.8992189468379945,0.4157303370786517,2.3507180650037798,0.3125
L-Concrete,concrete,linear,0.0066,0.4,1,4,224,0.6394871363727911,2.6641471403376165,0.3695652173913043,2.742504409171076,0.3846153846153846
L-Concrete,concrete,linear,0.0066,0.4,1,5,224,0.6355100695137812,2.3507180650037798,0.3125,2.3507180650037798,0.3125
L-Concrete,concrete,linear,0.0066,0.4,1,6,224,0.6198046221944433,2.6641471403376165,0.3695652173913043,2.507432602670698,0.3404255319148936
L-Concrete,concrete,linear,0.0066,0.4,1,7,224,0.6054432859001747,2.1156462585034013,0.2727272727272727,2.1940035273368608,0.2857142857142857
L-Concrete,concrete,linear,0.0066,0.4,2,3,224,0.5771543661952411,2.429075333837239,0.3263157894736842,2.429075333837239,0.3263157894736842
L-Concrete,concrete,linear,0.0066,0.4,2,4,224,0.656715466235927,2.507432602670698,0.3404255319148936,2.8992189468379945,0.4157303370786517
L-Concrete,concrete,linear,0.0066,0.4,2,5,224,0.630983194639978,2.8992189468379945,0.4157303370786517,2.507432602670698,0.3404255319148936
L-Concrete,concrete,linear,0.0066,0.4,2,6,224,0.5664883283438602,2.6641471403376165,0.3695652173913043,2.3507180650037798,0.3125
L-Concrete,concrete,linear,0.0066,0.4,2,7,224,0.645653761404866,2.507432602670698,0.3404255319148936,2.507432602670698,0.3404255319148936
L-Concrete,concrete,linear,0.0066,0.4,3,4,224,0.5572876208613801,2.742504409171076,0.3846153846153846,1.880574452003024,0.2352941176470588
L-Concrete,concrete,linear,0.0066,0.4,3,5,224,0.5241744328742975,2.3507180650037798,0.3125,2.3507180650037798,0.3125
L-Concrete,concrete,linear,0.0066,0.4,3,6,224,0.5676850729688431,2.6641471403376165,0.3695652173913043,2.429075333837239,0.3263157894736842
L-Concrete,concrete,linear,0.0066,0.4,3,7,224,0.5490665637823603,2.3507180650037798,0.3125,2.6641471403376165,0.3695652173913043
L-Concrete,concrete,linear,0.0066,0.4,4,5,224,0.5995362876576574,2.5857898715041574,0.3548387096774194,2.6641471403376165,0.3695652173913043
L-Concrete,concrete,linear,0.0066,0.4,4,6,224,0.5662733677115075,2.6641471403376165,0.3695652173913043,2.3507180650037798,0.3125
L-Concrete,concrete,linear,0.0066,0.4,4,7,224,0.5381029637155651,2.1940035273368608,0.2857142857142857,2.037288989669942,0.26
L-Concrete,concrete,linear,0.0066,0.4,5,6,224,0.5585968518500057,2.5857898715041574,0.3548387096774194,2.1940035273368608,0.2857142857142857
L-Concrete,concrete,linear,0.0066,0.4,5,7,224,0.5919651350974888,2.1940035273368608,0.2857142857142857,1.958931720836483,0.2475247524752475
L-Concrete,concrete,linear,0.0066,0.4,6,7,224,0.6068329039517564,2.1940035273368608,0.2857142857142857,2.1940035273368608,0.2857142857142857
L-Concrete,concrete,linear,0.00275,0.0,0,1,228,0.7772424070955073,3.212648022171832,0.4823529411764706,2.742504409171076,0.3846153846153846
L-Concrete,concrete,linear,0.00275,0.0,0,2,228,0.7981055301302997,3.3693625598387507,0.5180722891566265,2.977576215671454,0.4318181818181818
L-Concrete,concrete,linear,0.00275,0.0,0,3,228,0.7692573576843782,3.212648022171832,0.4823529411764706,2.977576215671454,0.4318181818181818
L-Concrete,concrete,linear,0.00275,0.0,0,4,228,0.7598354633195443,3.1342907533383726,0.4651162790697674,2.742504409171076,0.3846153846153846
L-Concrete,concrete,linear,0.00275,0.0,0,5,228,0.7634536191708347,2.8992189468379945,0.4157303370786517,2.742504409171076,0.3846153846153846
L-Concrete,concrete,linear,0.00275,0.0,0,6,228,0.7758774933396184,3.4477198286722097,0.5365853658536586,3.291005291005291,0.5
L-Concrete,concrete,linear,0.00275,0.0,0,7,228,0.7553785478423172,3.212648022171832,0.4823529411764706,2.6641471403376165,0.3695652173913043
L-Concrete,concrete,linear,0.00275,0.0,1,2,228,0.750383174526022,3.212648022171832,0.4823529411764706,2.5857898715041574,0.3548387096774194
L-Concrete,concrete,linear,0.00275,0.0,1,3,228,0.7632767050758795,3.212648022171832,0.4823529411764706,2.977576215671454,0.4318181818181818
L-Concrete,concrete,linear,0.00275,0.0,1,4,228,0.7671284139165098,2.977576215671454,0.4318181818181818,3.1342907533383726,0.4651162790697674
L-Concrete,concrete,linear,0.00275,0.0,1,5,228,0.7106474161247823,3.055933484504913,0.4482758620689655,2.8992189468379945,0.4157303370786517
L-Concrete,concrete,linear,0.00275,0.0,1,6,228,0.7733133632764476,3.4477198286722097,0.5365853658536586,2.977576215671454,0.4318181818181818
L-Concrete,concrete,linear,0.00275,0.0,1,7,228,0.6963556003780134,2.8992189468379945,0.4157303370786517,2.5857898715041574,0.3548387096774194
L-Concrete,concrete,linear,0.00275,0.0,2,3,228,0.7912288061365057,3.212648022171832,0.4823529411764706,2.977576215671454,0.4318181818181818
L-Concrete,concrete,linear,0.00275,0.0,2,4,228,0.7459948596097439,3.055933484504913,0.4482758620689655,2.8208616780045355,0.4
L-Concrete,concrete,linear,0.00275,0.0,2,5,228,0.7764267632364639,3.1342907533383726,0.4651162790697674,2.742504409171076,0.3846153846153846
L-Concrete,concrete,linear,0.00275,0.0,2,6,228,0.768035493529404,3.055933484504913,0.4482758620689655,2.977576215671454,0.4318181818181818
L-Concrete,concrete,linear,0.00275,0.0,2,7,228,0.7096919260326271,2.8992189468379945,0.4157303370786517,2.507432602670698,0.3404255319148936
L-Concrete,concrete,linear,0.00275,0.0,3,4,228,0.7518867876318585,3.1342907533383726,0.4651162790697674,2.8992189468379945,0.4157303370786517
L-Concrete,concrete,linear,0.00275,0.0,3,5,228,0.7768680880489541,2.977576215671454,0.4318181818181818,3.1342907533383726,0.4651162790697674
L-Concrete,concrete,linear,0.00275,0.0,3,6,228,0.8125798347202433,3.4477198286722097,0.5365853658536586,3.3693625598387507,0.5180722891566265
L-Concrete,concrete,linear,0.00275,0.0,3,7,228,0.7534411162799575,3.291005291005291,0.5,2.977576215671454,0.4318181818181818
L-Concrete,concrete,linear,0.00275,0.0,4,5,228,0.7772478872283355,2.6641471403376165,0.3695652173913043,2.8992189468379945,0.4157303370786517
L-Concrete,concrete,linear,0.00275,0.0,4,6,228,0.792940731951073,3.3693625598387507,0.5180722891566265,2.8992189468379945,0.4157303370786517
L-Concrete,concrete,linear,0.00275,0.0,4,7,228,0.7734867147181453,2.977576215671454,0.4318181818181818,2.8992189468379945,0.4157303370786517
L-Concrete,concrete,linear,0.00275,0.0,5,6,228,0.785751503211928,3.055933484504913,0.4482758620689655,3.055933484504913,0.4482758620689655
L-Concrete,concrete,linear,0.00275,0.0,5,7,228,0.7733173041254376,3.212648022171832,0.4823529411764706,2.742504409171076,0.3846153846153846
L-Concrete,concrete,linear,0.00275,0.0,6,7,228,0.7517480822409827,3.291005291005291,0.5,2.8992189468379945,0.4157303370786517
L-Concrete,concrete,linear,0.0066,0.0,0,1,232,0.7144051548197606,3.055933484504913,0.4482758620689655,2.429075333837239,0.3263157894736842
L-Concrete,concrete,linear,0.0066,0.0,0,2,232,0.8058879437723885,2.8992189468379945,0.4157303370786517,2.507432602670698,0.3404255319148936
L-Concrete,concrete,linear,0.0066,0.0,0,3,232,0.7467515031339075,3.212648022171832,0.4823529411764706,2.8208616780045355,0.4
L-Concrete,concrete,linear,0.0066,0.0,0,4,232,0.7065363911312347,2.977576215671454,0.4318181818181818,2.2723607961703203,0.2989690721649484
L-Concrete,concrete,linear,0.0066,0.0,0,5,232,0.7579130832243662,3.4477198286722097,0.5365853658536586,2.977576215671454,0.4318181818181818
L-Concrete,concrete,linear,0.0066,0.0,0,6,232,0.755590875687178,3.055933484504913,0.4482758620689655,2.742504409171076,0.3846153846153846
L-Concrete,concrete,linear,0.0066,0.0,0,7,232,0.6929145204440922,2.977576215671454,0.4318181818181818,2.1940035273368608,0.2857142857142857
L-Concrete,concrete,linear,0.0066,0.0,1,2,232,0.8031377945621976,3.055933484504913,0.4482758620689655,2.8992189468379945,0.4157303370786517
L-Concrete,concrete,linear,0.0066,0.0,1,3,232,0.7912314350183013,3.291005291005291,0.5,2.429075333837239,0.3263157894736842
L-Concrete,concrete,linear,0.0066,0.0,1,4,232,0.7136554402434955,3.1342907533383726,0.4651162790697674,1.802217183169564,0.2233009708737864
L-Concrete,concrete,linear,0.0066,0.0,1,5,232,0.7615316738269983,2.977576215671454,0.4318181818181818,2.429075333837239,0.3263157894736842
L-Concrete,concrete,linear,0.0066,0.0,1,6,232,0.7675715156827103,3.3693625598387507,0.5180722891566265,2.977576215671454,0.4318181818181818
L-Concrete,concrete,linear,0.0066,0.0,1,7,232,0.7160058239495549,3.212648022171832,0.4823529411764706,2.429075333837239,0.3263157894736842
L-Concrete,concrete,linear,0.0066,0.0,2,3,232,0.7752085846492757,3.1342907533383726,0.4651162790697674,2.5857898715041574,0.3548387096774194
L-Concrete,concrete,linear,0.0066,0.0,2,4,232,0.7916668686903039,3.3693625598387507,0.5180722891566265,2.507432602670698,0.3404255319148936
L-Concrete,concrete,linear,0.0066,0.0,2,5,232,0.7845743988273621,3.291005291005291,0.5,2.742504409171076,0.3846153846153846
L-Concrete,concrete,linear,0.0066,0.0,2,6,232,0.7698430485023315,2.977576215671454,0.4318181818181818,2.5857898715041574,0.3548387096774194
L-Concrete,concrete,linear,0.0066,0.0,2,7,232,0.7852983247345597,3.212648022171832,0.4823529411764706,2.6641471403376165,0.3695652173913043
L-Concrete,concrete,linear,0.0066,0.0,3,4,232,0.7192196069889609,3.212648022171832,0.4823529411764706,2.1940035273368608,0.2857142857142857
L-Concrete,concrete,linear,0.0066,0.0,3,5,232,0.7423152750839997,3.1342907533383726,0.4651162790697674,2.8208616780045355,0.4
L-Concrete,concrete,linear,0.0066,0.0,3,6,232,0.7222807621346237,2.8208616780045355,0.4,2.8992189468379945,0.4157303370786517
L-Concrete,concrete,linear,0.0066,0.0,3,7,232,0.707210542366988,3.291005291005291,0.5,2.507432602670698,0.3404255319148936
L-Concrete,concrete,linear,0.0066,0.0,4,5,232,0.7580375434792481,3.291005291005291,0.5,2.2723607961703203,0.2989690721649484
L-Concrete,concrete,linear,0.0066,0.0,4,6,232,0.7272111443064881,3.3693625598387507,0.5180722891566265,2.1940035273368608,0.2857142857142857
L-Concrete,concrete,linear,0.0066,0.0,4,7,232,0.6251282254554352,2.742504409171076,0.3846153846153846,2.1156462585034013,0.2727272727272727
L-Concrete,concrete,linear,0.0066,0.0,5,6,232,0.7762387373988479,3.055933484504913,0.4482758620689655,2.742504409171076,0.3846153846153846
L-Concrete,concrete,linear,0.0066,0.0,5,7,232,0.6584467634327559,2.5857898715041574,0.3548387096774194,2.429075333837239,0.3263157894736842
L-Concrete,concrete,linear,0.0066,0.0,6,7,232,0.7167774850905118,2.8992189468379945,0.4157303370786517,2.6641471403376165,0.3695652173913043
L-Concrete,concrete,linear,0.00275,0.1,0,1,236,0.7823264827096695,3.212648022171832,0.4823529411764706,2.8992189468379945,0.4157303370786517
L-Concrete,concrete,linear,0.00275,0.1,0,2,236,0.8237721096963638,3.604434366339128,0.575,3.1342907533383726,0.4651162790697674
L-Concrete,concrete,linear,0.00275,0.1,0,3,236,0.8040667184459346,3.1342907533383726,0.4651162790697674,3.3693625598387507,0.5180722891566265
L-Concrete,concrete,linear,0.00275,0.1,0,4,236,0.7970817830629287,2.742504409171076,0.3846153846153846,2.977576215671454,0.4318181818181818
L-Concrete,concrete,linear,0.00275,0.1,0,5,236,0.8170890037788426,3.212648022171832,0.4823529411764706,2.977576215671454,0.4318181818181818
L-Concrete,concrete,linear,0.00275,0.1,0,6,236,0.7641558834441499,2.8992189468379945,0.4157303370786517,2.8208616780045355,0.4
L-Concrete,concrete,linear,0.00275,0.1,0,7,236,0.7953378562019182,2.977576215671454,0.4318181818181818,3.1342907533383726,0.4651162790697674
L-Concrete,concrete,linear,0.00275,0.1,1,2,236,0.7860481553962196,3.055933484504913,0.4482758620689655,3.291005291005291,0.5
L-Concrete,concrete,linear,0.00275,0.1,1,3,236,0.8100743011907663,3.212648022171832,0.4823529411764706,3.212648022171832,0.4823529411764706
L-Concrete,concrete,linear,0.00275,0.1,1,4,236,0.7839905650407895,2.8208616780045355,0.4,3.682791635172588,0.5949367088607594
L-Concrete,concrete,linear,0.00275,0.1,1,5,236,0.7957778341155911,2.8992189468379945,0.4157303370786517,3.212648022171832,0.4823529411764706
L-Concrete,concrete,linear,0.00275,0.1,1,6,236,0.7989568987492002,2.977576215671454,0.4318181818181818,3.212648022171832,0.4823529411764706
L-Concrete,concrete,linear,0.00275,0.1,1,7,236,0.7885288706654409,2.742504409171076,0.3846153846153846,3.291005291005291,0.5
L-Concrete,concrete,linear,0.00275,0.1,2,3,236,0.8187203888234189,2.977576215671454,0.4318181818181818,3.291005291005291,0.5
L-Concrete,concrete,linear,0.00275,0.1,2,4,236,0.7897308722966417,2.8992189468379945,0.4157303370786517,3.1342907533383726,0.4651162790697674
L-Concrete,concrete,linear,0.00275,0.1,2,5,236,0.7998284363690543,3.1342907533383726,0.4651162790697674,3.1342907533383726,0.4651162790697674
L-Concrete,concrete,linear,0.00275,0.1,2,6,236,0.825661273082603,3.1342907533383726,0.4651162790697674,3.1342907533383726,0.4651162790697674
L-Concrete,concrete,linear,0.00275,0.1,2,7,236,0.8167133872825754,3.526077097505669,0.5555555555555556,2.8992189468379945,0.4157303370786517
L-Concrete,concrete,linear,0.00275,0.1,3,4,236,0.7934287568272858,2.8208616780045355,0.4,3.1342907533383726,0.4651162790697674
L-Concrete,concrete,linear,0.00275,0.1,3,5,236,0.8454418529595219,2.742504409171076,0.3846153846153846,3.604434366339128,0.575
L-Concrete,concrete,linear,0.00275,0.1,3,6,236,0.7884301312095351,3.212648022171832,0.4823529411764706,2.977576215671454,0.4318181818181818
L-Concrete,concrete,linear,0.00275,0.1,3,7,236,0.7768447259907499,2.742504409171076,0.3846153846153846,3.212648022171832,0.4823529411764706
L-Concrete,concrete,linear,0.00275,0.1,4,5,236,0.8325174685987604,3.1342907533383726,0.4651162790697674,3.526077097505669,0.5555555555555556
L-Concrete,concrete,linear,0.00275,0.1,4,6,236,0.8203021298284436,3.4477198286722097,0.5365853658536586,3.291005291005291,0.5
L-Concrete,concrete,linear,0.00275,0.1,4,7,236,0.7723938370135469,3.055933484504913,0.4482758620689655,3.4477198286722097,0.5365853658536586
L-Concrete,concrete,linear,0.00275,0.1,5,6,236,0.7963891584231612,3.212648022171832,0.4823529411764706,2.8208616780045355,0.4
L-Concrete,concrete,linear,0.00275,0.1,5,7,236,0.7947914792332199,2.8992189468379945,0.4157303370786517,3.1342907533383726,0.4651162790697674
L-Concrete,concrete,linear,0.00275,0.1,6,7,236,0.7986253709333757,3.291005291005291,0.5,3.055933484504913,0.4482758620689655
L-Concrete,concrete,linear,0.0066,0.1,0,1,240,0.663709507617117,2.5857898715041574,0.3548387096774194,2.5857898715041574,0.3548387096774194
L-Concrete,concrete,linear,0.0066,0.1,0,2,240,0.600077556511911,2.3507180650037798,0.3125,2.6641471403376165,0.3695652173913043
L-Concrete,concrete,linear,0.0066,0.1,0,3,240,0.5959779226807836,2.507432602670698,0.3404255319148936,2.5857898715041574,0.3548387096774194
L-Concrete,concrete,linear,0.0066,0.1,0,4,240,0.592126097462723,2.5857898715041574,0.3548387096774194,2.507432602670698,0.3404255319148936
L-Concrete,concrete,linear,0.0066,0.1,0,5,240,0.620795379164221,2.6641471403376165,0.3695652173913043,2.507432602670698,0.3404255319148936
L-Concrete,concrete,linear,0.0066,0.1,0,6,240,0.6238970773849147,2.3507180650037798,0.3125,2.6641471403376165,0.3695652173913043
L-Concrete,concrete,linear,0.0066,0.1,0,7,240,0.6261192631883256,2.429075333837239,0.3263157894736842,2.1156462585034013,0.2727272727272727
L-Concrete,concrete,linear,0.0066,0.1,1,2,240,0.6039776012929168,2.429075333837239,0.3263157894736842,2.2723607961703203,0.2989690721649484
L-Concrete,concrete,linear,0.0066,0.1,1,3,240,0.6121743519060161,2.429075333837239,0.3263157894736842,2.3507180650037798,0.3125
L-Concrete,concrete,linear,0.0066,0.1,1,4,240,0.6336582633277517,2.507432602670698,0.3404255319148936,2.742504409171076,0.3846153846153846
L-Concrete,concrete,linear,0.0066,0.1,1,5,240,0.5935649671323687,2.6641471403376165,0.3695652173913043,2.1940035273368608,0.2857142857142857
L-Concrete,concrete,linear,0.0066,0.1,1,6,240,0.6599093679995002,2.507432602670698,0.3404255319148936,2.6641471403376165,0.3695652173913043
L-Concrete,concrete,linear,0.0066,0.1,1,7,240,0.6263931361859827,2.1940035273368608,0.2857142857142857,2.507432602670698,0.3404255319148936
L-Concrete,concrete,linear,0.0066,0.1,2,3,240,0.576447288503796,2.037288989669942,0.26,2.742504409171076,0.3846153846153846
L-Concrete,concrete,linear,0.0066,0.1,2,4,240,0.6834032362051803,2.742504409171076,0.3846153846153846,2.8208616780045355,0.4
L-Concrete,concrete,linear,0.0066,0.1,2,5,240,0.5813869788844762,2.6641471403376165,0.3695652173913043,2.037288989669942,0.26
L-Concrete,concrete,linear,0.0066,0.1,2,6,240,0.657735908561123,2.6641471403376165,0.3695652173913043,2.507432602670698,0.3404255319148936
L-Concrete,concrete,linear,0.0066,0.1,2,7,240,0.6337681409676842,2.429075333837239,0.3263157894736842,2.1940035273368608,0.2857142857142857
L-Concrete,concrete,linear,0.0066,0.1,3,4,240,0.648419737644433,2.5857898715041574,0.3548387096774194,2.507432602670698,0.3404255319148936
L-Concrete,concrete,linear,0.0066,0.1,3,5,240,0.5789621700444233,2.507432602670698,0.3404255319148936,2.1156462585034013,0.2727272727272727
L-Concrete,concrete,linear,0.0066,0.1,3,6,240,0.6660690504248661,2.742504409171076,0.3846153846153846,2.507432602670698,0.3404255319148936
L-Concrete,concrete,linear,0.0066,0.1,3,7,240,0.6106869392690523,2.429075333837239,0.3263157894736842,2.429075333837239,0.3263157894736842
L-Concrete,concrete,linear,0.0066,0.1,4,5,240,0.6214463905370131,2.507432602670698,0.3404255319148936,2.742504409171076,0.3846153846153846
L-Concrete,concrete,linear,0.0066,0.1,4,6,240,0.6667791913257007,2.8208616780045355,0.4,2.8208616780045355,0.4
L-Concrete,concrete,linear,0.0066,0.1,4,7,240,0.7150447829310821,2.977576215671454,0.4318181818181818,2.977576215671454,0.4318181818181818
L-Concrete,concrete,linear,0.0066,0.1,5,6,240,0.6321553581435586,2.3507180650037798,0.3125,2.8208616780045355,0.4
L-Concrete,concrete,linear,0.0066,0.1,5,7,240,0.5842297230036723,2.507432602670698,0.3404255319148936,2.2723607961703203,0.2989690721649484
L-Concrete,concrete,linear,0.0066,0.1,6,7,240,0.6178276054144135,2.429075333837239,0.3263157894736842,1.880574452003024,0.2352941176470588
L-Concrete,concrete,linear,0.00275,0.2,0,1,244,0.7840541107672592,3.055933484504913,0.4482758620689655,3.291005291005291,0.5
L-Concrete,concrete,linear,0.00275,0.2,0,2,244,0.8216321029634248,3.526077097505669,0.5555555555555556,3.4477198286722097,0.5365853658536586
L-Concrete,concrete,linear,0.00275,0.2,0,3,244,0.8419116713950633,3.4477198286722097,0.5365853658536586,3.212648022171832,0.4823529411764706
L-Concrete,concrete,linear,0.00275,0.2,0,4,244,0.8087868219177563,3.291005291005291,0.5,3.291005291005291,0.5
L-Concrete,concrete,linear,0.00275,0.2,0,5,244,0.8140310124086554,3.212648022171832,0.4823529411764706,2.742504409171076,0.3846153846153846
L-Concrete,concrete,linear,0.00275,0.2,0,6,244,0.832223420494176,3.3693625598387507,0.5180722891566265,3.3693625598387507,0.5180722891566265
L-Concrete,concrete,linear,0.00275,0.2,0,7,244,0.8245879249141107,3.1342907533383726,0.4651162790697674,3.1342907533383726,0.4651162790697674
L-Concrete,concrete,linear,0.00275,0.2,1,2,244,0.8039989383315352,2.977576215671454,0.4318181818181818,3.291005291005291,0.5
L-Concrete,concrete,linear,0.00275,0.2,1,3,244,0.7754783903362975,3.055933484504913,0.4482758620689655,2.977576215671454,0.4318181818181818
L-Concrete,concrete,linear,0.00275,0.2,1,4,244,0.7766463977225058,3.1342907533383726,0.4651162790697674,3.055933484504913,0.4482758620689655
L-Concrete,concrete,linear,0.00275,0.2,1,5,244,0.7472999560170742,3.1342907533383726,0.4651162790697674,2.8208616780045355,0.4
L-Concrete,concrete,linear,0.00275,0.2,1,6,244,0.7771421797214659,3.3693625598387507,0.5180722891566265,3.055933484504913,0.4482758620689655
L-Concrete,concrete,linear,0.00275,0.2,1,7,244,0.7913274844120475,3.1342907533383726,0.4651162790697674,2.8992189468379945,0.4157303370786517
L-Concrete,concrete,linear,0.00275,0.2,2,3,244,0.8171014416459711,3.526077097505669,0.5555555555555556,3.055933484504913,0.4482758620689655
L-Concrete,concrete,linear,0.00275,0.2,2,4,244,0.8080764499997455,3.291005291005291,0.5,3.604434366339128,0.575
L-Concrete,concrete,linear,0.00275,0.2,2,5,244,0.7845954958426504,3.212648022171832,0.4823529411764706,2.8208616780045355,0.4
L-Concrete,concrete,linear,0.00275,0.2,2,6,244,0.8159437298299415,3.212648022171832,0.4823529411764706,3.4477198286722097,0.5365853658536586
L-Concrete,concrete,linear,0.00275,0.2,2,7,244,0.8486244531985312,3.3693625598387507,0.5180722891566265,3.1342907533383726,0.4651162790697674
L-Concrete,concrete,linear,0.00275,0.2,3,4,244,0.808179800977635,2.977576215671454,0.4318181818181818,3.4477198286722097,0.5365853658536586
L-Concrete,concrete,linear,0.00275,0.2,3,5,244,0.7896816014643069,3.291005291005291,0.5,2.977576215671454,0.4318181818181818
L-Concrete,concrete,linear,0.00275,0.2,3,6,244,0.8169299099927644,3.3693625598387507,0.5180722891566265,3.212648022171832,0.4823529411764706
L-Concrete,concrete,linear,0.00275,0.2,3,7,244,0.8312667016010183,3.1342907533383726,0.4651162790697674,3.055933484504913,0.4482758620689655
L-Concrete,concrete,linear,0.00275,0.2,4,5,244,0.7802311572817866,3.3693625598387507,0.5180722891566265,3.1342907533383726,0.4651162790697674
L-Concrete,concrete,linear,0.00275,0.2,4,6,244,0.7918644853666928,2.977576215671454,0.4318181818181818,3.4477198286722097,0.5365853658536586
L-Concrete,concrete,linear,0.00275,0.2,4,7,244,0.804923568756671,3.1342907533383726,0.4651162790697674,3.212648022171832,0.4823529411764706
L-Concrete,concrete,linear,0.00275,0.2,5,6,244,0.78265489939854,3.3693625598387507,0.5180722891566265,3.055933484504913,0.4482758620689655
L-Concrete,concrete,linear,0.00275,0.2,5,7,244,0.7632681341107314,3.291005291005291,0.5,2.742504409171076,0.3846153846153846
L-Concrete,concrete,linear,0.00275,0.2,6,7,244,0.843771804800823,3.291005291005291,0.5,3.291005291005291,0.5
L-Concrete,concrete,linear,0.0066,0.2,0,1,248,0.6916840862241017,2.8208616780045355,0.4,2.8208616780045355,0.4
L-Concrete,concrete,linear,0.0066,0.2,0,2,248,0.6113097037581418,2.6641471403376165,0.3695652173913043,2.429075333837239,0.3263157894736842
L-Concrete,concrete,linear,0.0066,0.2,0,3,248,0.6626877602883692,2.5857898715041574,0.3548387096774194,2.6641471403376165,0.3695652173913043
L-Concrete,concrete,linear,0.0066,0.2,0,4,248,0.659475176939911,2.429075333837239,0.3263157894736842,2.5857898715041574,0.3548387096774194
L-Concrete,concrete,linear,0.0066,0.2,0,5,248,0.6510171284473133,2.6641471403376165,0.3695652173913043,2.5857898715041574,0.3548387096774194
L-Concrete,concrete,linear,0.0066,0.2,0,6,248,0.5412602609958105,2.429075333837239,0.3263157894736842,2.1940035273368608,0.2857142857142857
L-Concrete,concrete,linear,0.0066,0.2,0,7,248,0.5844913901342247,2.5857898715041574,0.3548387096774194,1.7238599143361049,0.2115384615384615
L-Concrete,concrete,linear,0.0066,0.2,1,2,248,0.5948146318279648,2.8992189468379945,0.4157303370786517,2.2723607961703203,0.2989690721649484
L-Concrete,concrete,linear,0.0066,0.2,1,3,248,0.629597618920716,2.429075333837239,0.3263157894736842,2.5857898715041574,0.3548387096774194
L-Concrete,concrete,linear,0.0066,0.2,1,4,248,0.6570593188210627,2.429075333837239,0.3263157894736842,2.429075333837239,0.3263157894736842
L-Concrete,concrete,linear,0.0066,0.2,1,5,248,0.6276200956576004,2.742504409171076,0.3846153846153846,2.429075333837239,0.3263157894736842
L-Concrete,concrete,linear,0.0066,0.2,1,6,248,0.5735115820219477,2.6641471403376165,0.3695652173913043,2.1940035273368608,0.2857142857142857
L-Concrete,concrete,linear,0.0066,0.2,1,7,248,0.6562663573544552,2.6641471403376165,0.3695652173913043,2.6641471403376165,0.3695652173913043
L-Concrete,concrete,linear,0.0066,0.2,2,3,248,0.6493564861736995,2.8992189468379945,0.4157303370786517,2.8208616780045355,0.4
L-Concrete,concrete,linear,0.0066,0.2,2,4,248,0.6677902650864016,2.6641471403376165,0.3695652173913043,2.2723607961703203,0.2989690721649484
L-Concrete,concrete,linear,0.0066,0.2,2,5,248,0.5832286953988874,2.429075333837239,0.3263157894736842,2.507432602670698,0.3404255319148936
L-Concrete,concrete,linear,0.0066,0.2,2,6,248,0.5706199929649761,2.8208616780045355,0.4,2.2723607961703203,0.2989690721649484
L-Concrete,concrete,linear,0.0066,0.2,2,7,248,0.677339243998762,2.742504409171076,0.3846153846153846,2.507432602670698,0.3404255319148936
L-Concrete,concrete,linear,0.0066,0.2,3,4,248,0.6537950146615324,2.429075333837239,0.3263157894736842,2.6641471403376165,0.3695652173913043
L-Concrete,concrete,linear,0.0066,0.2,3,5,248,0.6307117135976194,2.6641471403376165,0.3695652173913043,2.5857898715041574,0.3548387096774194
L-Concrete,concrete,linear,0.0066,0.2,3,6,248,0.5633129355923783,2.507432602670698,0.3404255319148936,2.1940035273368608,0.2857142857142857
L-Concrete,concrete,linear,0.0066,0.2,3,7,248,0.6007433208220437,2.1940035273368608,0.2857142857142857,2.2723607961703203,0.2989690721649484
L-Concrete,concrete,linear,0.0066,0.2,4,5,248,0.6378139518123541,2.8208616780045355,0.4,2.507432602670698,0.3404255319148936
L-Concrete,concrete,linear,0.0066,0.2,4,6,248,0.5905555094245525,2.429075333837239,0.3263157894736842,2.2723607961703203,0.2989690721649484
L-Concrete,concrete,linear,0.0066,0.2,4,7,248,0.6805014766263885,2.977576215671454,0.4318181818181818,2.037288989669942,0.26
L-Concrete,concrete,linear,0.0066,0.2,5,6,248,0.5899456684049443,2.6641471403376165,0.3695652173913043,2.037288989669942,0.26
L-Concrete,concrete,linear,0.0066,0.2,5,7,248,0.5565882169628493,2.6641471403376165,0.3695652173913043,2.3507180650037798,0.3125
L-Concrete,concrete,linear,0.0066,0.2,6,7,248,0.5156760598972651,2.6641471403376165,0.3695652173913043,1.6455026455026456,0.2
L-Concrete,concrete,linear,0.00275,0.4,0,1,252,0.7776266791656363,2.8208616780045355,0.4,3.291005291005291,0.5
L-Concrete,concrete,linear,0.00275,0.4,0,2,252,0.7793172572419099,2.977576215671454,0.4318181818181818,3.3693625598387507,0.5180722891566265
L-Concrete,concrete,linear,0.00275,0.4,0,3,252,0.7862084124756608,2.742504409171076,0.3846153846153846,3.526077097505669,0.5555555555555556
L-Concrete,concrete,linear,0.00275,0.4,0,4,252,0.7978334264223904,3.055933484504913,0.4482758620689655,3.3693625598387507,0.5180722891566265
L-Concrete,concrete,linear,0.00275,0.4,0,5,252,0.806222471883478,3.055933484504913,0.4482758620689655,3.682791635172588,0.5949367088607594
L-Concrete,concrete,linear,0.00275,0.4,0,6,252,0.7712603001208777,2.5857898715041574,0.3548387096774194,3.526077097505669,0.5555555555555556
L-Concrete,concrete,linear,0.00275,0.4,0,7,252,0.7810218198255245,3.055933484504913,0.4482758620689655,3.3693625598387507,0.5180722891566265
L-Concrete,concrete,linear,0.00275,0.4,1,2,252,0.7938120805079125,3.055933484504913,0.4482758620689655,3.212648022171832,0.4823529411764706
L-Concrete,concrete,linear,0.00275,0.4,1,3,252,0.7925094863043366,3.291005291005291,0.5,3.3693625598387507,0.5180722891566265
L-Concrete,concrete,linear,0.00275,0.4,1,4,252,0.7833177552419305,3.055933484504913,0.4482758620689655,3.604434366339128,0.575
L-Concrete,concrete,linear,0.00275,0.4,1,5,252,0.7971126379928027,3.212648022171832,0.4823529411764706,3.4477198286722097,0.5365853658536586
L-Concrete,concrete,linear,0.00275,0.4,1,6,252,0.786575595759424,2.742504409171076,0.3846153846153846,3.3693625598387507,0.5180722891566265
L-Concrete,concrete,linear,0.00275,0.4,1,7,252,0.7471603719788837,2.8208616780045355,0.4,2.8992189468379945,0.4157303370786517
L-Concrete,concrete,linear,0.00275,0.4,2,3,252,0.7790449066505801,3.1342907533383726,0.4651162790697674,2.8992189468379945,0.4157303370786517
L-Concrete,concrete,linear,0.00275,0.4,2,4,252,0.7855368374972936,3.055933484504913,0.4482758620689655,3.1342907533383726,0.4651162790697674
L-Concrete,concrete,linear,0.00275,0.4,2,5,252,0.7937937357560775,3.1342907533383726,0.4651162790697674,3.4477198286722097,0.5365853658536586
L-Concrete,concrete,linear,0.00275,0.4,2,6,252,0.7856583275598468,3.055933484504913,0.4482758620689655,3.055933484504913,0.4482758620689655
L-Concrete,concrete,linear,0.00275,0.4,2,7,252,0.7894572615076753,3.055933484504913,0.4482758620689655,3.212648022171832,0.4823529411764706
L-Concrete,concrete,linear,0.00275,0.4,3,4,252,0.7831832709081845,3.212648022171832,0.4823529411764706,3.055933484504913,0.4482758620689655
L-Concrete,concrete,linear,0.00275,0.4,3,5,252,0.8008681554895527,3.4477198286722097,0.5365853658536586,3.291005291005291,0.5
L-Concrete,concrete,linear,0.00275,0.4,3,6,252,0.784608250621705,2.8992189468379945,0.4157303370786517,3.055933484504913,0.4482758620689655
L-Concrete,concrete,linear,0.00275,0.4,3,7,252,0.7928961590312459,2.977576215671454,0.4318181818181818,3.212648022171832,0.4823529411764706
L-Concrete,concrete,linear,0.00275,0.4,4,5,252,0.8047956611317405,3.212648022171832,0.4823529411764706,3.526077097505669,0.5555555555555556
L-Concrete,concrete,linear,0.00275,0.4,4,6,252,0.7892137539184253,2.977576215671454,0.4318181818181818,3.291005291005291,0.5
L-Concrete,concrete,linear,0.00275,0.4,4,7,252,0.7892173423623147,3.055933484504913,0.4482758620689655,3.526077097505669,0.5555555555555556
L-Concrete,concrete,linear,0.00275,0.4,5,6,252,0.7723712934862731,2.742504409171076,0.3846153846153846,3.526077097505669,0.5555555555555556
L-Concrete,concrete,linear,0.00275,0.4,5,7,252,0.7718552419615096,3.055933484504913,0.4482758620689655,3.212648022171832,0.4823529411764706
L-Concrete,concrete,linear,0.00275,0.4,6,7,252,0.7800976408122517,3.1342907533383726,0.4651162790697674,3.1342907533383726,0.4651162790697674
L-Concrete,concrete,linear,0.0066,0.4,0,1,256,0.6387613099811235,2.8208616780045355,0.4,2.429075333837239,0.3263157894736842
L-Concrete,concrete,linear,0.0066,0.4,0,2,256,0.6899849295697245,2.742504409171076,0.3846153846153846,2.8992189468379945,0.4157303370786517
L-Concrete,concrete,linear,0.0066,0.4,0,3,256,0.5807026890592932,2.507432602670698,0.3404255319148936,2.5857898715041574,0.3548387096774194
L-Concrete,concrete,linear,0.0066,0.4,0,4,256,0.6329948837095195,2.8208616780045355,0.4,2.977576215671454,0.4318181818181818
L-Concrete,concrete,linear,0.0066,0.4,0,5,256,0.6419584077393046,2.6641471403376165,0.3695652173913043,2.5857898715041574,0.3548387096774194
L-Concrete,concrete,linear,0.0066,0.4,0,6,256,0.6660631799437782,2.742504409171076,0.3846153846153846,3.055933484504913,0.4482758620689655
L-Concrete,concrete,linear,0.0066,0.4,0,7,256,0.6308983254926043,2.507432602670698,0.3404255319148936,2.742504409171076,0.3846153846153846
L-Concrete,concrete,linear,0.0066,0.4,1,2,256,0.6704782044562746,2.977576215671454,0.4318181818181818,2.5857898715041574,0.3548387096774194
L-Concrete,concrete,linear,0.0066,0.4,1,3,256,0.6302829853498937,2.8992189468379945,0.4157303370786517,2.8208616780045355,0.4
L-Concrete,concrete,linear,0.0066,0.4,1,4,256,0.5686852852891204,2.2723607961703203,0.2989690721649484,2.1940035273368608,0.2857142857142857
L-Concrete,concrete,linear,0.0066,0.4,1,5,256,0.6410985421514197,2.8992189468379945,0.4157303370786517,2.3507180650037798,0.3125
L-Concrete,concrete,linear,0.0066,0.4,1,6,256,0.6388101106857252,2.742504409171076,0.3846153846153846,2.742504409171076,0.3846153846153846
L-Concrete,concrete,linear,0.0066,0.4,1,7,256,0.7039642029349829,2.977576215671454,0.4318181818181818,2.8208616780045355,0.4
L-Concrete,concrete,linear,0.0066,0.4,2,3,256,0.5953260915189428,2.6641471403376165,0.3695652173913043,2.742504409171076,0.3846153846153846
L-Concrete,concrete,linear,0.0066,0.4,2,4,256,0.5842347170843976,2.6641471403376165,0.3695652173913043,2.429075333837239,0.3263157894736842
L-Concrete,concrete,linear,0.0066,0.4,2,5,256,0.6212136309105614,2.3507180650037798,0.3125,2.5857898715041574,0.3548387096774194
L-Concrete,concrete,linear,0.0066,0.4,2,6,256,0.6464927840129353,2.8208616780045355,0.4,2.5857898715041574,0.3548387096774194
L-Concrete,concrete,linear,0.0066,0.4,2,7,256,0.654841171072741,2.8208616780045355,0.4,2.742504409171076,0.3846153846153846
L-Concrete,concrete,linear,0.0066,0.4,3,4,256,0.59519870154644,2.2723607961703203,0.2989690721649484,2.6641471403376165,0.3695652173913043
L-Concrete,concrete,linear,0.0066,0.4,3,5,256,0.5657914924886834,2.2723607961703203,0.2989690721649484,2.5857898715041574,0.3548387096774194
L-Concrete,concrete,linear,0.0066,0.4,3,6,256,0.6578553894185386,2.5857898715041574,0.3548387096774194,2.8208616780045355,0.4
L-Concrete,concrete,linear,0.0066,0.4,3,7,256,0.6300128866172252,2.6641471403376165,0.3695652173913043,2.8992189468379945,0.4157303370786517
L-Concrete,concrete,linear,0.0066,0.4,4,5,256,0.6177405134096223,2.5857898715041574,0.3548387096774194,2.5857898715041574,0.3548387096774194
L-Concrete,concrete,linear,0.0066,0.4,4,6,256,0.5950354721984666,2.507432602670698,0.3404255319148936,2.6641471403376165,0.3695652173913043
L-Concrete,concrete,linear,0.0066,0.4,4,7,256,0.6503048558543911,2.429075333837239,0.3263157894736842,2.8992189468379945,0.4157303370786517
L-Concrete,concrete,linear,0.0066,0.4,5,6,256,0.6292165635316994,2.5857898715041574,0.3548387096774194,2.507432602670698,0.3404255319148936
L-Concrete,concrete,linear,0.0066,0.4,5,7,256,0.6585846224826427,2.8208616780045355,0.4,3.055933484504913,0.4482758620689655
L-Concrete,concrete,linear,0.0066,0.4,6,7,256,0.6842312580203322,3.055933484504913,0.4482758620689655,2.8992189468379945,0.4157303370786517
