model_family,gate_type,lambda_sparse,lambda_sample_smooth,run_i,run_j,risk_corr,top_risk_overlap_ratio,top_risk_jaccard,bottom_risk_overlap_ratio,bottom_risk_jaccard
LSPIN,lspin_tf,0.02,0.0,0,1,0.26842598878676477,1.3320735701688082,0.1559633027522936,1.8022171831695641,0.22330097087378642
LSPIN,lspin_tf,0.02,0.0,0,2,0.3877160635878859,1.8805744520030236,0.23529411764705882,1.8805744520030236,0.23529411764705882
LSPIN,lspin_tf,0.02,0.0,0,3,0.3598204011314805,1.7238599143361049,0.21153846153846154,1.8805744520030236,0.23529411764705882
LSPIN,lspin_tf,0.02,0.0,0,4,0.2512418965721555,1.488788107835727,0.17757009345794392,1.6455026455026456,0.2
LSPIN,lspin_tf,0.02,0.0,0,5,0.4534958763300009,1.5671453766691863,0.18867924528301888,2.2723607961703203,0.29896907216494845
LSPIN,lspin_tf,0.02,0.0,0,6,0.4348498227259474,1.958931720836483,0.24752475247524752,1.8022171831695641,0.22330097087378642
LSPIN,lspin_tf,0.02,0.0,0,7,0.421003897192486,1.8805744520030236,0.23529411764705882,2.1940035273368608,0.2857142857142857
LSPIN,lspin_tf,0.02,0.0,0,8,0.4646280339088992,1.7238599143361049,0.21153846153846154,2.3507180650037793,0.3125
LSPIN,lspin_tf,0.02,0.0,0,9,0.32669131564962833,1.8022171831695641,0.22330097087378642,1.7238599143361049,0.21153846153846154
LSPIN,lspin_tf,0.02,0.0,1,2,0.2843174255185073,1.5671453766691863,0.18867924528301888,1.6455026455026456,0.2
LSPIN,lspin_tf,0.02,0.0,1,3,0.33770012741906347,1.6455026455026456,0.2,1.6455026455026456,0.2
LSPIN,lspin_tf,0.02,0.0,1,4,0.19417161460577542,1.1753590325018897,0.13513513513513514,1.958931720836483,0.24752475247524752
LSPIN,lspin_tf,0.02,0.0,1,5,0.3605467683022903,1.6455026455026456,0.2,2.1156462585034013,0.2727272727272727
LSPIN,lspin_tf,0.02,0.0,1,6,0.4175694953989617,1.5671453766691863,0.18867924528301888,2.037288989669942,0.26
LSPIN,lspin_tf,0.02,0.0,1,7,0.35713209223919434,1.488788107835727,0.17757009345794392,2.037288989669942,0.26
LSPIN,lspin_tf,0.02,0.0,1,8,0.2826490924228239,1.4104308390022677,0.16666666666666666,1.8805744520030236,0.23529411764705882
LSPIN,lspin_tf,0.02,0.0,1,9,0.37974576137188054,1.8022171831695641,0.22330097087378642,2.3507180650037793,0.3125
LSPIN,lspin_tf,0.02,0.0,2,3,0.29763806994967595,1.6455026455026456,0.2,1.8022171831695641,0.22330097087378642
LSPIN,lspin_tf,0.02,0.0,2,4,0.24116749969067808,1.018644494834971,0.11504424778761062,1.7238599143361049,0.21153846153846154
LSPIN,lspin_tf,0.02,0.0,2,5,0.3878840692984762,1.5671453766691863,0.18867924528301888,1.8022171831695641,0.22330097087378642
LSPIN,lspin_tf,0.02,0.0,2,6,0.33630657361792243,1.488788107835727,0.17757009345794392,1.8805744520030236,0.23529411764705882
LSPIN,lspin_tf,0.02,0.0,2,7,0.2825551718536,1.958931720836483,0.24752475247524752,1.488788107835727,0.17757009345794392
LSPIN,lspin_tf,0.02,0.0,2,8,0.2604731144203336,1.6455026455026456,0.2,1.6455026455026456,0.2
LSPIN,lspin_tf,0.02,0.0,2,9,0.301269919982353,1.6455026455026456,0.2,1.8805744520030236,0.23529411764705882
LSPIN,lspin_tf,0.02,0.0,3,4,0.04721265360688935,1.0970017636684304,0.125,1.0970017636684304,0.125
LSPIN,lspin_tf,0.02,0.0,3,5,0.30633632484752754,1.488788107835727,0.17757009345794392,1.6455026455026456,0.2
LSPIN,lspin_tf,0.02,0.0,3,6,0.35886764114649244,1.7238599143361049,0.21153846153846154,1.5671453766691863,0.18867924528301888
LSPIN,lspin_tf,0.02,0.0,3,7,0.37725730551870834,2.1940035273368608,0.2857142857142857,1.8022171831695641,0.22330097087378642
LSPIN,lspin_tf,0.02,0.0,3,8,0.30689842132617834,1.6455026455026456,0.2,1.8022171831695641,0.22330097087378642
LSPIN,lspin_tf,0.02,0.0,3,9,0.18531061558389925,1.3320735701688082,0.1559633027522936,1.488788107835727,0.17757009345794392
LSPIN,lspin_tf,0.02,0.0,4,5,0.22931433422733105,1.253716301335349,0.14545454545454545,1.488788107835727,0.17757009345794392
LSPIN,lspin_tf,0.02,0.0,4,6,0.15270052995652192,1.488788107835727,0.17757009345794392,1.8022171831695641,0.22330097087378642
LSPIN,lspin_tf,0.02,0.0,4,7,0.1693740190286019,1.1753590325018897,0.13513513513513514,1.3320735701688082,0.1559633027522936
LSPIN,lspin_tf,0.02,0.0,4,8,0.17277028146734144,1.018644494834971,0.11504424778761062,1.8805744520030236,0.23529411764705882
LSPIN,lspin_tf,0.02,0.0,4,9,0.2020081337131851,1.1753590325018897,0.13513513513513514,1.6455026455026456,0.2
LSPIN,lspin_tf,0.02,0.0,5,6,0.5041852706718547,1.7238599143361049,0.21153846153846154,2.3507180650037793,0.3125
LSPIN,lspin_tf,0.02,0.0,5,7,0.3949053222669134,1.5671453766691863,0.18867924528301888,2.2723607961703203,0.29896907216494845
LSPIN,lspin_tf,0.02,0.0,5,8,0.34215994384518267,1.1753590325018897,0.13513513513513514,1.958931720836483,0.24752475247524752
LSPIN,lspin_tf,0.02,0.0,5,9,0.3951323784292522,1.6455026455026456,0.2,1.958931720836483,0.24752475247524752
LSPIN,lspin_tf,0.02,0.0,6,7,0.4906426187428274,2.037288989669942,0.26,2.1156462585034013,0.2727272727272727
LSPIN,lspin_tf,0.02,0.0,6,8,0.29993066067413743,1.488788107835727,0.17757009345794392,1.7238599143361049,0.21153846153846154
LSPIN,lspin_tf,0.02,0.0,6,9,0.34141557557622676,1.4104308390022677,0.16666666666666666,1.958931720836483,0.24752475247524752
LSPIN,lspin_tf,0.02,0.0,7,8,0.2707826471266769,1.6455026455026456,0.2,1.5671453766691863,0.18867924528301888
LSPIN,lspin_tf,0.02,0.0,7,9,0.3708304097701881,1.8805744520030236,0.23529411764705882,2.037288989669942,0.26
LSPIN,lspin_tf,0.02,0.0,8,9,0.213705682132577,1.253716301335349,0.14545454545454545,1.5671453766691863,0.18867924528301888
LSPIN,lspin_tf,0.015,0.0,0,1,0.28720015901815826,1.6455026455026456,0.2,1.958931720836483,0.24752475247524752
LSPIN,lspin_tf,0.015,0.0,0,2,0.3403755351342407,1.8022171831695641,0.22330097087378642,1.8805744520030236,0.23529411764705882
LSPIN,lspin_tf,0.015,0.0,0,3,0.28448776788627245,1.7238599143361049,0.21153846153846154,1.488788107835727,0.17757009345794392
LSPIN,lspin_tf,0.015,0.0,0,4,0.45436098523104385,2.1940035273368608,0.2857142857142857,2.3507180650037793,0.3125
LSPIN,lspin_tf,0.015,0.0,0,5,0.4018964154727818,2.037288989669942,0.26,2.5857898715041574,0.3548387096774194
LSPIN,lspin_tf,0.015,0.0,0,6,0.27098651361226483,1.8022171831695641,0.22330097087378642,1.8022171831695641,0.22330097087378642
LSPIN,lspin_tf,0.015,0.0,0,7,0.4622081462671073,1.8805744520030236,0.23529411764705882,2.507432602670698,0.3404255319148936
LSPIN,lspin_tf,0.015,0.0,0,8,0.3652754158338046,1.958931720836483,0.24752475247524752,2.1156462585034013,0.2727272727272727
LSPIN,lspin_tf,0.015,0.0,0,9,0.42449702215562574,1.4104308390022677,0.16666666666666666,2.742504409171076,0.38461538461538464
LSPIN,lspin_tf,0.015,0.0,1,2,0.3790863515604791,1.8805744520030236,0.23529411764705882,1.8022171831695641,0.22330097087378642
LSPIN,lspin_tf,0.015,0.0,1,3,0.3111225689021721,1.8022171831695641,0.22330097087378642,1.4104308390022677,0.16666666666666666
LSPIN,lspin_tf,0.015,0.0,1,4,0.4139168763792686,1.958931720836483,0.24752475247524752,1.8805744520030236,0.23529411764705882
LSPIN,lspin_tf,0.015,0.0,1,5,0.34911063267319653,1.6455026455026456,0.2,1.6455026455026456,0.2
LSPIN,lspin_tf,0.015,0.0,1,6,0.39078599024286925,1.5671453766691863,0.18867924528301888,1.8022171831695641,0.22330097087378642
LSPIN,lspin_tf,0.015,0.0,1,7,0.3887826353174748,1.958931720836483,0.24752475247524752,1.8805744520030236,0.23529411764705882
LSPIN,lspin_tf,0.015,0.0,1,8,0.3784897491301572,1.958931720836483,0.24752475247524752,1.8805744520030236,0.23529411764705882
LSPIN,lspin_tf,0.015,0.0,1,9,0.3103611701974092,1.8805744520030236,0.23529411764705882,1.8805744520030236,0.23529411764705882
LSPIN,lspin_tf,0.015,0.0,2,3,0.30763074085668185,1.488788107835727,0.17757009345794392,2.037288989669942,0.26
LSPIN,lspin_tf,0.015,0.0,2,4,0.4237526435167734,1.8805744520030236,0.23529411764705882,1.958931720836483,0.24752475247524752
LSPIN,lspin_tf,0.015,0.0,2,5,0.3753190632361791,1.7238599143361049,0.21153846153846154,1.958931720836483,0.24752475247524752
LSPIN,lspin_tf,0.015,0.0,2,6,0.36857678575159875,2.2723607961703203,0.29896907216494845,2.037288989669942,0.26
LSPIN,lspin_tf,0.015,0.0,2,7,0.3599725246669749,1.6455026455026456,0.2,2.1156462585034013,0.2727272727272727
LSPIN,lspin_tf,0.015,0.0,2,8,0.34534593858799617,1.1753590325018897,0.13513513513513514,1.8022171831695641,0.22330097087378642
LSPIN,lspin_tf,0.015,0.0,2,9,0.40951796950096225,1.958931720836483,0.24752475247524752,2.2723607961703203,0.29896907216494845
LSPIN,lspin_tf,0.015,0.0,3,4,0.3385497350275581,1.958931720836483,0.24752475247524752,1.8022171831695641,0.22330097087378642
LSPIN,lspin_tf,0.015,0.0,3,5,0.28349325460536173,1.5671453766691863,0.18867924528301888,1.4104308390022677,0.16666666666666666
LSPIN,lspin_tf,0.015,0.0,3,6,0.35908068984316127,1.7238599143361049,0.21153846153846154,1.958931720836483,0.24752475247524752
LSPIN,lspin_tf,0.015,0.0,3,7,0.3337299127966289,1.958931720836483,0.24752475247524752,1.8022171831695641,0.22330097087378642
LSPIN,lspin_tf,0.015,0.0,3,8,0.2847010410940577,1.7238599143361049,0.21153846153846154,1.5671453766691863,0.18867924528301888
LSPIN,lspin_tf,0.015,0.0,3,9,0.3331553615605162,2.1940035273368608,0.2857142857142857,1.488788107835727,0.17757009345794392
LSPIN,lspin_tf,0.015,0.0,4,5,0.4334800038080895,1.8022171831695641,0.22330097087378642,1.8805744520030236,0.23529411764705882
LSPIN,lspin_tf,0.015,0.0,4,6,0.4379341785254898,2.1940035273368608,0.2857142857142857,2.037288989669942,0.26
LSPIN,lspin_tf,0.015,0.0,4,7,0.3692914737074762,1.8805744520030236,0.23529411764705882,2.1940035273368608,0.2857142857142857
LSPIN,lspin_tf,0.015,0.0,4,8,0.5030100071145658,2.1940035273368608,0.2857142857142857,2.429075333837239,0.3263157894736842
LSPIN,lspin_tf,0.015,0.0,4,9,0.4892923564528551,2.1156462585034013,0.2727272727272727,2.5857898715041574,0.3548387096774194
LSPIN,lspin_tf,0.015,0.0,5,6,0.32667156031395456,1.6455026455026456,0.2,1.5671453766691863,0.18867924528301888
LSPIN,lspin_tf,0.015,0.0,5,7,0.35500866205920184,1.6455026455026456,0.2,2.1940035273368608,0.2857142857142857
LSPIN,lspin_tf,0.015,0.0,5,8,0.3725375371806446,2.1156462585034013,0.2727272727272727,1.958931720836483,0.24752475247524752
LSPIN,lspin_tf,0.015,0.0,5,9,0.4060252726649284,2.037288989669942,0.26,2.037288989669942,0.26
LSPIN,lspin_tf,0.015,0.0,6,7,0.3975731384322027,1.7238599143361049,0.21153846153846154,2.1156462585034013,0.2727272727272727
LSPIN,lspin_tf,0.015,0.0,6,8,0.41244063419304094,1.6455026455026456,0.2,1.8022171831695641,0.22330097087378642
LSPIN,lspin_tf,0.015,0.0,6,9,0.28711213487914916,2.1156462585034013,0.2727272727272727,1.5671453766691863,0.18867924528301888
LSPIN,lspin_tf,0.015,0.0,7,8,0.3291036352224944,1.8022171831695641,0.22330097087378642,1.8805744520030236,0.23529411764705882
LSPIN,lspin_tf,0.015,0.0,7,9,0.44788383872868043,2.1156462585034013,0.2727272727272727,2.429075333837239,0.3263157894736842
LSPIN,lspin_tf,0.015,0.0,8,9,0.40868866509276935,2.037288989669942,0.26,2.2723607961703203,0.29896907216494845
LSPIN,lspin_tf,0.012,0.0,0,1,0.4543806213993759,2.1156462585034013,0.2727272727272727,2.429075333837239,0.3263157894736842
LSPIN,lspin_tf,0.012,0.0,0,2,0.5041314007921743,1.958931720836483,0.24752475247524752,2.1940035273368608,0.2857142857142857
LSPIN,lspin_tf,0.012,0.0,0,3,0.5527436596109369,2.1940035273368608,0.2857142857142857,2.1940035273368608,0.2857142857142857
LSPIN,lspin_tf,0.012,0.0,0,4,0.401909235867071,1.7238599143361049,0.21153846153846154,1.7238599143361049,0.21153846153846154
LSPIN,lspin_tf,0.012,0.0,0,5,0.47092086310483194,2.1940035273368608,0.2857142857142857,2.2723607961703203,0.29896907216494845
LSPIN,lspin_tf,0.012,0.0,0,6,0.51708196445383,2.507432602670698,0.3404255319148936,2.8208616780045355,0.4
LSPIN,lspin_tf,0.012,0.0,0,7,0.5819714125848272,2.742504409171076,0.38461538461538464,2.5857898715041574,0.3548387096774194
LSPIN,lspin_tf,0.012,0.0,0,8,0.5170818638975188,2.1940035273368608,0.2857142857142857,2.5857898715041574,0.3548387096774194
LSPIN,lspin_tf,0.012,0.0,0,9,0.5534134627237687,2.1940035273368608,0.2857142857142857,2.2723607961703203,0.29896907216494845
LSPIN,lspin_tf,0.012,0.0,1,2,0.40087083377039884,1.958931720836483,0.24752475247524752,2.1156462585034013,0.2727272727272727
LSPIN,lspin_tf,0.012,0.0,1,3,0.42208889201166805,1.7238599143361049,0.21153846153846154,2.1156462585034013,0.2727272727272727
LSPIN,lspin_tf,0.012,0.0,1,4,0.4112084695419779,1.958931720836483,0.24752475247524752,2.1940035273368608,0.2857142857142857
LSPIN,lspin_tf,0.012,0.0,1,5,0.39562945618403406,1.8022171831695641,0.22330097087378642,2.037288989669942,0.26
LSPIN,lspin_tf,0.012,0.0,1,6,0.3659939989891901,1.958931720836483,0.24752475247524752,1.958931720836483,0.24752475247524752
LSPIN,lspin_tf,0.012,0.0,1,7,0.43625747624508054,2.1156462585034013,0.2727272727272727,2.1156462585034013,0.2727272727272727
LSPIN,lspin_tf,0.012,0.0,1,8,0.37197219561152095,2.037288989669942,0.26,2.3507180650037793,0.3125
LSPIN,lspin_tf,0.012,0.0,1,9,0.4357271298777065,1.958931720836483,0.24752475247524752,1.8805744520030236,0.23529411764705882
LSPIN,lspin_tf,0.012,0.0,2,3,0.5376385740817617,2.5857898715041574,0.3548387096774194,2.1156462585034013,0.2727272727272727
LSPIN,lspin_tf,0.012,0.0,2,4,0.3789369123861466,1.4104308390022677,0.16666666666666666,2.1940035273368608,0.2857142857142857
LSPIN,lspin_tf,0.012,0.0,2,5,0.4905679940006603,1.8805744520030236,0.23529411764705882,2.3507180650037793,0.3125
LSPIN,lspin_tf,0.012,0.0,2,6,0.41796516433977066,1.8805744520030236,0.23529411764705882,2.1940035273368608,0.2857142857142857
LSPIN,lspin_tf,0.012,0.0,2,7,0.6085852092961831,2.5857898715041574,0.3548387096774194,2.742504409171076,0.38461538461538464
LSPIN,lspin_tf,0.012,0.0,2,8,0.4402252494857021,1.8805744520030236,0.23529411764705882,2.037288989669942,0.26
LSPIN,lspin_tf,0.012,0.0,2,9,0.45193615708464985,1.5671453766691863,0.18867924528301888,2.507432602670698,0.3404255319148936
LSPIN,lspin_tf,0.012,0.0,3,4,0.34236165486539516,1.8805744520030236,0.23529411764705882,1.7238599143361049,0.21153846153846154
LSPIN,lspin_tf,0.012,0.0,3,5,0.46116211321955874,2.2723607961703203,0.29896907216494845,1.958931720836483,0.24752475247524752
LSPIN,lspin_tf,0.012,0.0,3,6,0.4859870361952597,2.5857898715041574,0.3548387096774194,2.1940035273368608,0.2857142857142857
LSPIN,lspin_tf,0.012,0.0,3,7,0.6054156543537664,2.429075333837239,0.3263157894736842,2.1156462585034013,0.2727272727272727
LSPIN,lspin_tf,0.012,0.0,3,8,0.4788048269416179,2.1940035273368608,0.2857142857142857,2.3507180650037793,0.3125
LSPIN,lspin_tf,0.012,0.0,3,9,0.5183279097442234,1.958931720836483,0.24752475247524752,2.429075333837239,0.3263157894736842
LSPIN,lspin_tf,0.012,0.0,4,5,0.3613844595809803,1.958931720836483,0.24752475247524752,1.958931720836483,0.24752475247524752
LSPIN,lspin_tf,0.012,0.0,4,6,0.33005913629291633,1.7238599143361049,0.21153846153846154,1.488788107835727,0.17757009345794392
LSPIN,lspin_tf,0.012,0.0,4,7,0.3824589420227258,1.6455026455026456,0.2,2.3507180650037793,0.3125
LSPIN,lspin_tf,0.012,0.0,4,8,0.3081508880510746,1.5671453766691863,0.18867924528301888,1.6455026455026456,0.2
LSPIN,lspin_tf,0.012,0.0,4,9,0.3396051848239663,1.6455026455026456,0.2,2.2723607961703203,0.29896907216494845
LSPIN,lspin_tf,0.012,0.0,5,6,0.3643590453837604,2.1156462585034013,0.2727272727272727,1.958931720836483,0.24752475247524752
LSPIN,lspin_tf,0.012,0.0,5,7,0.5375320408897796,2.1940035273368608,0.2857142857142857,2.3507180650037793,0.3125
LSPIN,lspin_tf,0.012,0.0,5,8,0.4460506070455081,1.958931720836483,0.24752475247524752,1.958931720836483,0.24752475247524752
LSPIN,lspin_tf,0.012,0.0,5,9,0.494159137559046,1.5671453766691863,0.18867924528301888,2.2723607961703203,0.29896907216494845
LSPIN,lspin_tf,0.012,0.0,6,7,0.509335430851804,2.6641471403376165,0.3695652173913043,2.742504409171076,0.38461538461538464
LSPIN,lspin_tf,0.012,0.0,6,8,0.4136167493883716,2.2723607961703203,0.29896907216494845,2.037288989669942,0.26
LSPIN,lspin_tf,0.012,0.0,6,9,0.4242055284102799,2.037288989669942,0.26,2.1940035273368608,0.2857142857142857
LSPIN,lspin_tf,0.012,0.0,7,8,0.4796266827409285,2.3507180650037793,0.3125,2.1156462585034013,0.2727272727272727
LSPIN,lspin_tf,0.012,0.0,7,9,0.5590131366070187,2.2723607961703203,0.29896907216494845,2.6641471403376165,0.3695652173913043
LSPIN,lspin_tf,0.012,0.0,8,9,0.5113995299350993,2.1156462585034013,0.2727272727272727,2.1940035273368608,0.2857142857142857
LSPIN,lspin_tf,0.01,0.0,0,1,0.413783453218445,2.1156462585034013,0.2727272727272727,1.6455026455026456,0.2
LSPIN,lspin_tf,0.01,0.0,0,2,0.3892731695384863,2.1156462585034013,0.2727272727272727,2.1940035273368608,0.2857142857142857
LSPIN,lspin_tf,0.01,0.0,0,3,0.35475576329319597,1.8022171831695641,0.22330097087378642,1.958931720836483,0.24752475247524752
LSPIN,lspin_tf,0.01,0.0,0,4,0.5004157503771709,2.2723607961703203,0.29896907216494845,2.2723607961703203,0.29896907216494845
LSPIN,lspin_tf,0.01,0.0,0,5,0.4952868108021742,1.7238599143361049,0.21153846153846154,2.1940035273368608,0.2857142857142857
LSPIN,lspin_tf,0.01,0.0,0,6,0.5331708676070526,1.8805744520030236,0.23529411764705882,2.429075333837239,0.3263157894736842
LSPIN,lspin_tf,0.01,0.0,0,7,0.33113246337718594,1.8022171831695641,0.22330097087378642,1.7238599143361049,0.21153846153846154
LSPIN,lspin_tf,0.01,0.0,0,8,0.5501029109643593,2.507432602670698,0.3404255319148936,2.1156462585034013,0.2727272727272727
LSPIN,lspin_tf,0.01,0.0,0,9,0.43569244397081475,2.1940035273368608,0.2857142857142857,2.1940035273368608,0.2857142857142857
LSPIN,lspin_tf,0.01,0.0,1,2,0.47181828627882444,2.1156462585034013,0.2727272727272727,2.2723607961703203,0.29896907216494845
LSPIN,lspin_tf,0.01,0.0,1,3,0.1848803135413284,1.488788107835727,0.17757009345794392,1.7238599143361049,0.21153846153846154
LSPIN,lspin_tf,0.01,0.0,1,4,0.37850565197540936,1.6455026455026456,0.2,1.8022171831695641,0.22330097087378642
LSPIN,lspin_tf,0.01,0.0,1,5,0.38996738496214745,1.253716301335349,0.14545454545454545,1.7238599143361049,0.21153846153846154
LSPIN,lspin_tf,0.01,0.0,1,6,0.460986760359221,1.7238599143361049,0.21153846153846154,2.1156462585034013,0.2727272727272727
LSPIN,lspin_tf,0.01,0.0,1,7,0.3647731963834727,1.8805744520030236,0.23529411764705882,1.8805744520030236,0.23529411764705882
LSPIN,lspin_tf,0.01,0.0,1,8,0.4731653785031337,2.037288989669942,0.26,1.7238599143361049,0.21153846153846154
LSPIN,lspin_tf,0.01,0.0,1,9,0.4560239860236529,2.037288989669942,0.26,2.1156462585034013,0.2727272727272727
LSPIN,lspin_tf,0.01,0.0,2,3,0.3007740206152316,1.8022171831695641,0.22330097087378642,1.7238599143361049,0.21153846153846154
LSPIN,lspin_tf,0.01,0.0,2,4,0.5879154734634517,2.1156462585034013,0.2727272727272727,2.1940035273368608,0.2857142857142857
LSPIN,lspin_tf,0.01,0.0,2,5,0.35111118081997167,1.4104308390022677,0.16666666666666666,2.1156462585034013,0.2727272727272727
LSPIN,lspin_tf,0.01,0.0,2,6,0.5296269738924693,2.507432602670698,0.3404255319148936,2.037288989669942,0.26
LSPIN,lspin_tf,0.01,0.0,2,7,0.4485372977446894,2.1156462585034013,0.2727272727272727,2.1156462585034013,0.2727272727272727
LSPIN,lspin_tf,0.01,0.0,2,8,0.4294616199822813,2.037288989669942,0.26,2.037288989669942,0.26
LSPIN,lspin_tf,0.01,0.0,2,9,0.4411462446820613,1.8805744520030236,0.23529411764705882,2.1940035273368608,0.2857142857142857
LSPIN,lspin_tf,0.01,0.0,3,4,0.2884925235079857,1.8022171831695641,0.22330097087378642,1.4104308390022677,0.16666666666666666
LSPIN,lspin_tf,0.01,0.0,3,5,0.3251742115237094,1.3320735701688082,0.1559633027522936,1.8805744520030236,0.23529411764705882
LSPIN,lspin_tf,0.01,0.0,3,6,0.33642846285643396,1.488788107835727,0.17757009345794392,1.958931720836483,0.24752475247524752
LSPIN,lspin_tf,0.01,0.0,3,7,0.15576000806630375,1.5671453766691863,0.18867924528301888,1.4104308390022677,0.16666666666666666
LSPIN,lspin_tf,0.01,0.0,3,8,0.296760331854263,1.5671453766691863,0.18867924528301888,1.958931720836483,0.24752475247524752
LSPIN,lspin_tf,0.01,0.0,3,9,0.28740787227682585,1.5671453766691863,0.18867924528301888,1.8805744520030236,0.23529411764705882
LSPIN,lspin_tf,0.01,0.0,4,5,0.4047892651307995,1.6455026455026456,0.2,2.1156462585034013,0.2727272727272727
LSPIN,lspin_tf,0.01,0.0,4,6,0.5244624838978932,2.2723607961703203,0.29896907216494845,2.1156462585034013,0.2727272727272727
LSPIN,lspin_tf,0.01,0.0,4,7,0.3484438176438035,1.6455026455026456,0.2,1.8805744520030236,0.23529411764705882
LSPIN,lspin_tf,0.01,0.0,4,8,0.4096020523503854,2.1156462585034013,0.2727272727272727,1.4104308390022677,0.16666666666666666
LSPIN,lspin_tf,0.01,0.0,4,9,0.41594947429276247,1.958931720836483,0.24752475247524752,2.037288989669942,0.26
LSPIN,lspin_tf,0.01,0.0,5,6,0.3935921696589928,1.7238599143361049,0.21153846153846154,2.429075333837239,0.3263157894736842
LSPIN,lspin_tf,0.01,0.0,5,7,0.2692958324036492,1.5671453766691863,0.18867924528301888,2.037288989669942,0.26
LSPIN,lspin_tf,0.01,0.0,5,8,0.4018141944384163,1.488788107835727,0.17757009345794392,1.958931720836483,0.24752475247524752
LSPIN,lspin_tf,0.01,0.0,5,9,0.42201484496897074,1.7238599143361049,0.21153846153846154,2.6641471403376165,0.3695652173913043
LSPIN,lspin_tf,0.01,0.0,6,7,0.4530589077747592,1.6455026455026456,0.2,2.3507180650037793,0.3125
LSPIN,lspin_tf,0.01,0.0,6,8,0.5438330136752908,2.1940035273368608,0.2857142857142857,2.3507180650037793,0.3125
LSPIN,lspin_tf,0.01,0.0,6,9,0.5502811204496051,2.037288989669942,0.26,2.6641471403376165,0.3695652173913043
LSPIN,lspin_tf,0.01,0.0,7,8,0.377116775080238,2.037288989669942,0.26,1.8022171831695641,0.22330097087378642
LSPIN,lspin_tf,0.01,0.0,7,9,0.45104361505071516,1.958931720836483,0.24752475247524752,2.3507180650037793,0.3125
LSPIN,lspin_tf,0.01,0.0,8,9,0.49910251194138666,2.1156462585034013,0.2727272727272727,2.742504409171076,0.38461538461538464
LSPIN,lspin_tf,0.008,0.0,0,1,0.3648796521644395,1.958931720836483,0.24752475247524752,1.8022171831695641,0.22330097087378642
LSPIN,lspin_tf,0.008,0.0,0,2,0.4343856723033173,1.958931720836483,0.24752475247524752,2.1156462585034013,0.2727272727272727
LSPIN,lspin_tf,0.008,0.0,0,3,0.40319507053077513,1.8805744520030236,0.23529411764705882,1.8805744520030236,0.23529411764705882
LSPIN,lspin_tf,0.008,0.0,0,4,0.5223202158421271,1.958931720836483,0.24752475247524752,2.5857898715041574,0.3548387096774194
LSPIN,lspin_tf,0.008,0.0,0,5,0.4512384054910447,1.958931720836483,0.24752475247524752,2.037288989669942,0.26
LSPIN,lspin_tf,0.008,0.0,0,6,0.392203050142135,1.958931720836483,0.24752475247524752,2.1156462585034013,0.2727272727272727
LSPIN,lspin_tf,0.008,0.0,0,7,0.49623239233061794,2.037288989669942,0.26,2.507432602670698,0.3404255319148936
LSPIN,lspin_tf,0.008,0.0,0,8,0.4358791152162377,1.8022171831695641,0.22330097087378642,2.2723607961703203,0.29896907216494845
LSPIN,lspin_tf,0.008,0.0,0,9,0.43788023201913867,1.6455026455026456,0.2,2.429075333837239,0.3263157894736842
LSPIN,lspin_tf,0.008,0.0,1,2,0.47418042693449974,2.3507180650037793,0.3125,2.1940035273368608,0.2857142857142857
LSPIN,lspin_tf,0.008,0.0,1,3,0.40749652122645713,1.488788107835727,0.17757009345794392,2.1156462585034013,0.2727272727272727
LSPIN,lspin_tf,0.008,0.0,1,4,0.45963467753803494,2.037288989669942,0.26,1.958931720836483,0.24752475247524752
LSPIN,lspin_tf,0.008,0.0,1,5,0.3958789934019385,1.6455026455026456,0.2,1.5671453766691863,0.18867924528301888
LSPIN,lspin_tf,0.008,0.0,1,6,0.39620220995278804,1.5671453766691863,0.18867924528301888,1.958931720836483,0.24752475247524752
LSPIN,lspin_tf,0.008,0.0,1,7,0.3319373557001071,1.958931720836483,0.24752475247524752,1.488788107835727,0.17757009345794392
LSPIN,lspin_tf,0.008,0.0,1,8,0.3907325598003678,2.2723607961703203,0.29896907216494845,1.8805744520030236,0.23529411764705882
LSPIN,lspin_tf,0.008,0.0,1,9,0.40436744097727517,1.488788107835727,0.17757009345794392,2.1156462585034013,0.2727272727272727
LSPIN,lspin_tf,0.008,0.0,2,3,0.544614487697854,2.1940035273368608,0.2857142857142857,2.5857898715041574,0.3548387096774194
LSPIN,lspin_tf,0.008,0.0,2,4,0.46155865895808174,2.037288989669942,0.26,2.429075333837239,0.3263157894736842
LSPIN,lspin_tf,0.008,0.0,2,5,0.4683826920779258,2.037288989669942,0.26,2.3507180650037793,0.3125
LSPIN,lspin_tf,0.008,0.0,2,6,0.5112295104823451,1.7238599143361049,0.21153846153846154,2.507432602670698,0.3404255319148936
LSPIN,lspin_tf,0.008,0.0,2,7,0.42853003949666796,2.037288989669942,0.26,2.037288989669942,0.26
LSPIN,lspin_tf,0.008,0.0,2,8,0.42595469504370836,2.1940035273368608,0.2857142857142857,2.1156462585034013,0.2727272727272727
LSPIN,lspin_tf,0.008,0.0,2,9,0.48410593865178925,1.8022171831695641,0.22330097087378642,2.2723607961703203,0.29896907216494845
LSPIN,lspin_tf,0.008,0.0,3,4,0.5015106786663243,1.958931720836483,0.24752475247524752,2.3507180650037793,0.3125
LSPIN,lspin_tf,0.008,0.0,3,5,0.4292344798795004,1.8805744520030236,0.23529411764705882,2.037288989669942,0.26
LSPIN,lspin_tf,0.008,0.0,3,6,0.4892526169104291,1.958931720836483,0.24752475247524752,2.507432602670698,0.3404255319148936
LSPIN,lspin_tf,0.008,0.0,3,7,0.46220240876590346,1.8022171831695641,0.22330097087378642,2.2723607961703203,0.29896907216494845
LSPIN,lspin_tf,0.008,0.0,3,8,0.4148186809289611,2.1156462585034013,0.2727272727272727,1.958931720836483,0.24752475247524752
LSPIN,lspin_tf,0.008,0.0,3,9,0.4502115815556332,1.5671453766691863,0.18867924528301888,2.1940035273368608,0.2857142857142857
LSPIN,lspin_tf,0.008,0.0,4,5,0.5838496117247891,2.1156462585034013,0.2727272727272727,2.5857898715041574,0.3548387096774194
LSPIN,lspin_tf,0.008,0.0,4,6,0.5561926362011215,2.429075333837239,0.3263157894736842,2.507432602670698,0.3404255319148936
LSPIN,lspin_tf,0.008,0.0,4,7,0.5557351331489842,2.429075333837239,0.3263157894736842,2.507432602670698,0.3404255319148936
LSPIN,lspin_tf,0.008,0.0,4,8,0.4954588186741576,2.3507180650037793,0.3125,2.037288989669942,0.26
LSPIN,lspin_tf,0.008,0.0,4,9,0.560007792816566,2.3507180650037793,0.3125,2.6641471403376165,0.3695652173913043
LSPIN,lspin_tf,0.008,0.0,5,6,0.484945006446002,2.1156462585034013,0.2727272727272727,2.2723607961703203,0.29896907216494845
LSPIN,lspin_tf,0.008,0.0,5,7,0.5691980866580139,1.958931720836483,0.24752475247524752,2.8208616780045355,0.4
LSPIN,lspin_tf,0.008,0.0,5,8,0.4024328431957177,1.8022171831695641,0.22330097087378642,2.1940035273368608,0.2857142857142857
LSPIN,lspin_tf,0.008,0.0,5,9,0.5146919947649837,1.8805744520030236,0.23529411764705882,2.1940035273368608,0.2857142857142857
LSPIN,lspin_tf,0.008,0.0,6,7,0.4759052681666667,1.8805744520030236,0.23529411764705882,2.5857898715041574,0.3548387096774194
LSPIN,lspin_tf,0.008,0.0,6,8,0.4504798506753778,1.8805744520030236,0.23529411764705882,2.2723607961703203,0.29896907216494845
LSPIN,lspin_tf,0.008,0.0,6,9,0.5280603247793686,1.958931720836483,0.24752475247524752,2.5857898715041574,0.3548387096774194
LSPIN,lspin_tf,0.008,0.0,7,8,0.4452419631619022,1.958931720836483,0.24752475247524752,2.429075333837239,0.3263157894736842
LSPIN,lspin_tf,0.008,0.0,7,9,0.5094402366594509,2.1940035273368608,0.2857142857142857,2.429075333837239,0.3263157894736842
LSPIN,lspin_tf,0.008,0.0,8,9,0.4325249062877323,1.8022171831695641,0.22330097087378642,2.2723607961703203,0.29896907216494845
LSPIN,lspin_tf,0.0065,0.0,0,1,0.40811785707545084,1.7238599143361049,0.21153846153846154,1.8805744520030236,0.23529411764705882
LSPIN,lspin_tf,0.0065,0.0,0,2,0.4465970952678083,1.8022171831695641,0.22330097087378642,2.1156462585034013,0.2727272727272727
LSPIN,lspin_tf,0.0065,0.0,0,3,0.530188903288147,2.1940035273368608,0.2857142857142857,2.2723607961703203,0.29896907216494845
LSPIN,lspin_tf,0.0065,0.0,0,4,0.5797735780162838,2.429075333837239,0.3263157894736842,2.3507180650037793,0.3125
LSPIN,lspin_tf,0.0065,0.0,0,5,0.41378394843060945,2.3507180650037793,0.3125,1.7238599143361049,0.21153846153846154
LSPIN,lspin_tf,0.0065,0.0,0,6,0.40395193601296053,2.1156462585034013,0.2727272727272727,1.5671453766691863,0.18867924528301888
LSPIN,lspin_tf,0.0065,0.0,0,7,0.611641527422587,2.429075333837239,0.3263157894736842,2.977576215671454,0.4318181818181818
LSPIN,lspin_tf,0.0065,0.0,0,8,0.6299826957750173,2.507432602670698,0.3404255319148936,2.6641471403376165,0.3695652173913043
LSPIN,lspin_tf,0.0065,0.0,0,9,0.5350472170596652,2.429075333837239,0.3263157894736842,1.7238599143361049,0.21153846153846154
LSPIN,lspin_tf,0.0065,0.0,1,2,0.4226530930050559,2.429075333837239,0.3263157894736842,2.1156462585034013,0.2727272727272727
LSPIN,lspin_tf,0.0065,0.0,1,3,0.51173541548405,2.507432602670698,0.3404255319148936,2.6641471403376165,0.3695652173913043
LSPIN,lspin_tf,0.0065,0.0,1,4,0.4616142513536472,2.1940035273368608,0.2857142857142857,2.037288989669942,0.26
LSPIN,lspin_tf,0.0065,0.0,1,5,0.4434956934806113,1.958931720836483,0.24752475247524752,2.2723607961703203,0.29896907216494845
LSPIN,lspin_tf,0.0065,0.0,1,6,0.3095350787169349,1.8022171831695641,0.22330097087378642,1.5671453766691863,0.18867924528301888
LSPIN,lspin_tf,0.0065,0.0,1,7,0.505802248738068,2.037288989669942,0.26,2.2723607961703203,0.29896907216494845
LSPIN,lspin_tf,0.0065,0.0,1,8,0.4572419293220523,1.8805744520030236,0.23529411764705882,2.3507180650037793,0.3125
LSPIN,lspin_tf,0.0065,0.0,1,9,0.3963286877001193,1.958931720836483,0.24752475247524752,1.8805744520030236,0.23529411764705882
LSPIN,lspin_tf,0.0065,0.0,2,3,0.48288173437939286,1.8805744520030236,0.23529411764705882,2.429075333837239,0.3263157894736842
LSPIN,lspin_tf,0.0065,0.0,2,4,0.4750444889075551,2.1940035273368608,0.2857142857142857,2.037288989669942,0.26
LSPIN,lspin_tf,0.0065,0.0,2,5,0.38877579105589954,2.1156462585034013,0.2727272727272727,1.8805744520030236,0.23529411764705882
LSPIN,lspin_tf,0.0065,0.0,2,6,0.3366362297945867,2.1156462585034013,0.2727272727272727,1.6455026455026456,0.2
LSPIN,lspin_tf,0.0065,0.0,2,7,0.4025946946356572,1.8805744520030236,0.23529411764705882,1.958931720836483,0.24752475247524752
LSPIN,lspin_tf,0.0065,0.0,2,8,0.42991470960724193,1.8022171831695641,0.22330097087378642,2.3507180650037793,0.3125
LSPIN,lspin_tf,0.0065,0.0,2,9,0.4555780777927396,2.1156462585034013,0.2727272727272727,2.037288989669942,0.26
LSPIN,lspin_tf,0.0065,0.0,3,4,0.632641241558692,2.2723607961703203,0.29896907216494845,2.507432602670698,0.3404255319148936
LSPIN,lspin_tf,0.0065,0.0,3,5,0.5375176228128186,2.037288989669942,0.26,2.5857898715041574,0.3548387096774194
LSPIN,lspin_tf,0.0065,0.0,3,6,0.42791904546069687,1.8805744520030236,0.23529411764705882,2.037288989669942,0.26
LSPIN,lspin_tf,0.0065,0.0,3,7,0.6356772284141972,2.429075333837239,0.3263157894736842,2.742504409171076,0.38461538461538464
LSPIN,lspin_tf,0.0065,0.0,3,8,0.6108473867432537,2.2723607961703203,0.29896907216494845,2.742504409171076,0.38461538461538464
LSPIN,lspin_tf,0.0065,0.0,3,9,0.5322297371204648,2.2723607961703203,0.29896907216494845,2.2723607961703203,0.29896907216494845
LSPIN,lspin_tf,0.0065,0.0,4,5,0.4674736071989863,2.037288989669942,0.26,2.037288989669942,0.26
LSPIN,lspin_tf,0.0065,0.0,4,6,0.3952912199308023,2.3507180650037793,0.3125,1.6455026455026456,0.2
LSPIN,lspin_tf,0.0065,0.0,4,7,0.653516746444125,2.507432602670698,0.3404255319148936,2.742504409171076,0.38461538461538464
LSPIN,lspin_tf,0.0065,0.0,4,8,0.6056076947626642,2.3507180650037793,0.3125,2.429075333837239,0.3263157894736842
LSPIN,lspin_tf,0.0065,0.0,4,9,0.5468779444114495,2.429075333837239,0.3263157894736842,1.958931720836483,0.24752475247524752
LSPIN,lspin_tf,0.0065,0.0,5,6,0.45667012119378764,2.429075333837239,0.3263157894736842,1.8805744520030236,0.23529411764705882
LSPIN,lspin_tf,0.0065,0.0,5,7,0.5176568884874729,2.6641471403376165,0.3695652173913043,1.958931720836483,0.24752475247524752
LSPIN,lspin_tf,0.0065,0.0,5,8,0.5493356627537743,2.429075333837239,0.3263157894736842,2.037288989669942,0.26
LSPIN,lspin_tf,0.0065,0.0,5,9,0.4437329029329096,2.1156462585034013,0.2727272727272727,1.7238599143361049,0.21153846153846154
LSPIN,lspin_tf,0.0065,0.0,6,7,0.3797875554590661,2.1156462585034013,0.2727272727272727,1.3320735701688082,0.1559633027522936
LSPIN,lspin_tf,0.0065,0.0,6,8,0.45811429142197485,2.2723607961703203,0.29896907216494845,1.8022171831695641,0.22330097087378642
LSPIN,lspin_tf,0.0065,0.0,6,9,0.45175606664968115,2.1156462585034013,0.2727272727272727,2.1156462585034013,0.2727272727272727
LSPIN,lspin_tf,0.0065,0.0,7,8,0.6203519092998597,2.429075333837239,0.3263157894736842,2.6641471403376165,0.3695652173913043
LSPIN,lspin_tf,0.0065,0.0,7,9,0.55415172876528,2.3507180650037793,0.3125,2.037288989669942,0.26
LSPIN,lspin_tf,0.0065,0.0,8,9,0.5900512000097174,2.3507180650037793,0.3125,2.429075333837239,0.3263157894736842
LSPIN,lspin_tf,0.005,0.0,0,1,0.5692879302491936,2.429075333837239,0.3263157894736842,2.1940035273368608,0.2857142857142857
LSPIN,lspin_tf,0.005,0.0,0,2,0.521792758593585,2.429075333837239,0.3263157894736842,2.1156462585034013,0.2727272727272727
LSPIN,lspin_tf,0.005,0.0,0,3,0.5564743876452283,2.1156462585034013,0.2727272727272727,2.3507180650037793,0.3125
LSPIN,lspin_tf,0.005,0.0,0,4,0.5992067201526928,2.1156462585034013,0.2727272727272727,2.6641471403376165,0.3695652173913043
LSPIN,lspin_tf,0.005,0.0,0,5,0.5134455941593188,2.1156462585034013,0.2727272727272727,2.5857898715041574,0.3548387096774194
LSPIN,lspin_tf,0.005,0.0,0,6,0.471518281686028,2.429075333837239,0.3263157894736842,2.2723607961703203,0.29896907216494845
LSPIN,lspin_tf,0.005,0.0,0,7,0.5176903940520333,2.037288989669942,0.26,2.507432602670698,0.3404255319148936
LSPIN,lspin_tf,0.005,0.0,0,8,0.34216171402196793,1.5671453766691863,0.18867924528301888,1.7238599143361049,0.21153846153846154
LSPIN,lspin_tf,0.005,0.0,0,9,0.48315643347318926,1.8805744520030236,0.23529411764705882,2.3507180650037793,0.3125
LSPIN,lspin_tf,0.005,0.0,1,2,0.5125145965219953,2.2723607961703203,0.29896907216494845,2.2723607961703203,0.29896907216494845
LSPIN,lspin_tf,0.005,0.0,1,3,0.5334717319323711,2.2723607961703203,0.29896907216494845,2.5857898715041574,0.3548387096774194
LSPIN,lspin_tf,0.005,0.0,1,4,0.5467575108090204,2.1940035273368608,0.2857142857142857,2.507432602670698,0.3404255319148936
LSPIN,lspin_tf,0.005,0.0,1,5,0.47008386417411807,2.037288989669942,0.26,2.1156462585034013,0.2727272727272727
LSPIN,lspin_tf,0.005,0.0,1,6,0.4759694354133664,2.2723607961703203,0.29896907216494845,2.3507180650037793,0.3125
LSPIN,lspin_tf,0.005,0.0,1,7,0.510824680505689,2.3507180650037793,0.3125,2.429075333837239,0.3263157894736842
LSPIN,lspin_tf,0.005,0.0,1,8,0.3660519490326026,1.8022171831695641,0.22330097087378642,2.037288989669942,0.26
LSPIN,lspin_tf,0.005,0.0,1,9,0.4807209575171894,2.2723607961703203,0.29896907216494845,2.037288989669942,0.26
LSPIN,lspin_tf,0.005,0.0,2,3,0.5611220988793272,2.5857898715041574,0.3548387096774194,2.5857898715041574,0.3548387096774194
LSPIN,lspin_tf,0.005,0.0,2,4,0.5035261850072013,1.8022171831695641,0.22330097087378642,2.429075333837239,0.3263157894736842
LSPIN,lspin_tf,0.005,0.0,2,5,0.5536403304937307,2.5857898715041574,0.3548387096774194,2.037288989669942,0.26
LSPIN,lspin_tf,0.005,0.0,2,6,0.4549831232635218,2.037288989669942,0.26,2.1940035273368608,0.2857142857142857
LSPIN,lspin_tf,0.005,0.0,2,7,0.47270097130694555,2.1940035273368608,0.2857142857142857,2.5857898715041574,0.3548387096774194
LSPIN,lspin_tf,0.005,0.0,2,8,0.4205451871497689,1.8805744520030236,0.23529411764705882,1.958931720836483,0.24752475247524752
LSPIN,lspin_tf,0.005,0.0,2,9,0.4262490553101705,2.1940035273368608,0.2857142857142857,1.8022171831695641,0.22330097087378642
LSPIN,lspin_tf,0.005,0.0,3,4,0.5020261577039004,1.8022171831695641,0.22330097087378642,2.6641471403376165,0.3695652173913043
LSPIN,lspin_tf,0.005,0.0,3,5,0.502302452838391,1.958931720836483,0.24752475247524752,2.037288989669942,0.26
LSPIN,lspin_tf,0.005,0.0,3,6,0.45402749424368855,1.8805744520030236,0.23529411764705882,2.3507180650037793,0.3125
LSPIN,lspin_tf,0.005,0.0,3,7,0.5577873005827032,1.958931720836483,0.24752475247524752,2.8208616780045355,0.4
LSPIN,lspin_tf,0.005,0.0,3,8,0.2843963258995617,1.7238599143361049,0.21153846153846154,1.8022171831695641,0.22330097087378642
LSPIN,lspin_tf,0.005,0.0,3,9,0.4556079703998012,1.8022171831695641,0.22330097087378642,1.958931720836483,0.24752475247524752
LSPIN,lspin_tf,0.005,0.0,4,5,0.5569406921661965,2.3507180650037793,0.3125,2.8208616780045355,0.4
LSPIN,lspin_tf,0.005,0.0,4,6,0.44834647256216664,2.3507180650037793,0.3125,2.429075333837239,0.3263157894736842
LSPIN,lspin_tf,0.005,0.0,4,7,0.5387532903702952,2.1940035273368608,0.2857142857142857,2.8992189468379945,0.4157303370786517
LSPIN,lspin_tf,0.005,0.0,4,8,0.34529918440056406,1.6455026455026456,0.2,1.7238599143361049,0.21153846153846154
LSPIN,lspin_tf,0.005,0.0,4,9,0.45529778942368415,1.8022171831695641,0.22330097087378642,2.507432602670698,0.3404255319148936
LSPIN,lspin_tf,0.005,0.0,5,6,0.6279187333390034,2.6641471403376165,0.3695652173913043,2.3507180650037793,0.3125
LSPIN,lspin_tf,0.005,0.0,5,7,0.5521626316688022,2.2723607961703203,0.29896907216494845,2.429075333837239,0.3263157894736842
LSPIN,lspin_tf,0.005,0.0,5,8,0.44529572817982466,1.6455026455026456,0.2,2.1156462585034013,0.2727272727272727
LSPIN,lspin_tf,0.005,0.0,5,9,0.5488975426499746,1.958931720836483,0.24752475247524752,2.429075333837239,0.3263157894736842
LSPIN,lspin_tf,0.005,0.0,6,7,0.5140668450322229,2.1940035273368608,0.2857142857142857,2.507432602670698,0.3404255319148936
LSPIN,lspin_tf,0.005,0.0,6,8,0.43303019124450426,1.5671453766691863,0.18867924528301888,2.429075333837239,0.3263157894736842
LSPIN,lspin_tf,0.005,0.0,6,9,0.49778202406801175,1.6455026455026456,0.2,2.2723607961703203,0.29896907216494845
LSPIN,lspin_tf,0.005,0.0,7,8,0.326991405839097,1.488788107835727,0.17757009345794392,1.8805744520030236,0.23529411764705882
LSPIN,lspin_tf,0.005,0.0,7,9,0.5364899628219388,2.1156462585034013,0.2727272727272727,2.5857898715041574,0.3548387096774194
LSPIN,lspin_tf,0.005,0.0,8,9,0.3878883648290782,1.8022171831695641,0.22330097087378642,1.958931720836483,0.24752475247524752
LSPIN,lspin_tf,0.004,0.0,0,1,0.4762472086015019,2.5857898715041574,0.3548387096774194,1.958931720836483,0.24752475247524752
LSPIN,lspin_tf,0.004,0.0,0,2,0.5242892422997376,2.429075333837239,0.3263157894736842,2.2723607961703203,0.29896907216494845
LSPIN,lspin_tf,0.004,0.0,0,3,0.4880667256069023,2.429075333837239,0.3263157894736842,2.037288989669942,0.26
LSPIN,lspin_tf,0.004,0.0,0,4,0.5096391766295749,2.1156462585034013,0.2727272727272727,2.3507180650037793,0.3125
LSPIN,lspin_tf,0.004,0.0,0,5,0.46296105981039987,2.1940035273368608,0.2857142857142857,2.507432602670698,0.3404255319148936
LSPIN,lspin_tf,0.004,0.0,0,6,0.5958708719799858,2.2723607961703203,0.29896907216494845,2.977576215671454,0.4318181818181818
LSPIN,lspin_tf,0.004,0.0,0,7,0.518978311645198,2.037288989669942,0.26,2.5857898715041574,0.3548387096774194
LSPIN,lspin_tf,0.004,0.0,0,8,0.44058782023315907,1.8022171831695641,0.22330097087378642,2.1940035273368608,0.2857142857142857
LSPIN,lspin_tf,0.004,0.0,0,9,0.61737412253284,2.8208616780045355,0.4,2.8992189468379945,0.4157303370786517
LSPIN,lspin_tf,0.004,0.0,1,2,0.6188511548927836,2.8208616780045355,0.4,2.8208616780045355,0.4
LSPIN,lspin_tf,0.004,0.0,1,3,0.38442726512042424,2.2723607961703203,0.29896907216494845,2.037288989669942,0.26
LSPIN,lspin_tf,0.004,0.0,1,4,0.4621213390578475,1.958931720836483,0.24752475247524752,2.1940035273368608,0.2857142857142857
LSPIN,lspin_tf,0.004,0.0,1,5,0.4345972184363555,2.1156462585034013,0.2727272727272727,2.3507180650037793,0.3125
LSPIN,lspin_tf,0.004,0.0,1,6,0.48263055582670605,2.429075333837239,0.3263157894736842,2.037288989669942,0.26
LSPIN,lspin_tf,0.004,0.0,1,7,0.5456790601044971,2.2723607961703203,0.29896907216494845,2.6641471403376165,0.3695652173913043
LSPIN,lspin_tf,0.004,0.0,1,8,0.19826781282736722,1.4104308390022677,0.16666666666666666,1.4104308390022677,0.16666666666666666
LSPIN,lspin_tf,0.004,0.0,1,9,0.36910350182680207,2.037288989669942,0.26,1.8022171831695641,0.22330097087378642
LSPIN,lspin_tf,0.004,0.0,2,3,0.491445682646339,2.429075333837239,0.3263157894736842,2.2723607961703203,0.29896907216494845
LSPIN,lspin_tf,0.004,0.0,2,4,0.5528946414124196,2.1156462585034013,0.2727272727272727,2.3507180650037793,0.3125
LSPIN,lspin_tf,0.004,0.0,2,5,0.464340841305136,2.2723607961703203,0.29896907216494845,2.507432602670698,0.3404255319148936
LSPIN,lspin_tf,0.004,0.0,2,6,0.5269790235644335,2.1940035273368608,0.2857142857142857,2.429075333837239,0.3263157894736842
LSPIN,lspin_tf,0.004,0.0,2,7,0.5742191173810182,2.507432602670698,0.3404255319148936,2.5857898715041574,0.3548387096774194
LSPIN,lspin_tf,0.004,0.0,2,8,0.27138889576261954,1.4104308390022677,0.16666666666666666,1.6455026455026456,0.2
LSPIN,lspin_tf,0.004,0.0,2,9,0.490398298456646,2.2723607961703203,0.29896907216494845,1.958931720836483,0.24752475247524752
LSPIN,lspin_tf,0.004,0.0,3,4,0.5962130856916683,2.507432602670698,0.3404255319148936,2.8208616780045355,0.4
LSPIN,lspin_tf,0.004,0.0,3,5,0.4911700787357043,2.037288989669942,0.26,2.429075333837239,0.3263157894736842
LSPIN,lspin_tf,0.004,0.0,3,6,0.4876904817326247,1.7238599143361049,0.21153846153846154,2.1940035273368608,0.2857142857142857
LSPIN,lspin_tf,0.004,0.0,3,7,0.5213100386621802,2.037288989669942,0.26,2.3507180650037793,0.3125
LSPIN,lspin_tf,0.004,0.0,3,8,0.29269506904434817,1.488788107835727,0.17757009345794392,1.5671453766691863,0.18867924528301888
LSPIN,lspin_tf,0.004,0.0,3,9,0.5229075169339551,2.2723607961703203,0.29896907216494845,2.507432602670698,0.3404255319148936
LSPIN,lspin_tf,0.004,0.0,4,5,0.55659779775092,1.7238599143361049,0.21153846153846154,2.5857898715041574,0.3548387096774194
LSPIN,lspin_tf,0.004,0.0,4,6,0.5752777542313507,1.6455026455026456,0.2,2.5857898715041574,0.3548387096774194
LSPIN,lspin_tf,0.004,0.0,4,7,0.6583475463164877,1.958931720836483,0.24752475247524752,3.1342907533383726,0.46511627906976744
LSPIN,lspin_tf,0.004,0.0,4,8,0.378575463537259,1.5671453766691863,0.18867924528301888,1.8022171831695641,0.22330097087378642
LSPIN,lspin_tf,0.004,0.0,4,9,0.6067483558667637,2.037288989669942,0.26,2.6641471403376165,0.3695652173913043
LSPIN,lspin_tf,0.004,0.0,5,6,0.5242076044082674,2.037288989669942,0.26,2.5857898715041574,0.3548387096774194
LSPIN,lspin_tf,0.004,0.0,5,7,0.5927730206974667,2.429075333837239,0.3263157894736842,2.742504409171076,0.38461538461538464
LSPIN,lspin_tf,0.004,0.0,5,8,0.31501134027988337,1.3320735701688082,0.1559633027522936,1.6455026455026456,0.2
LSPIN,lspin_tf,0.004,0.0,5,9,0.46228122435442626,2.037288989669942,0.26,2.2723607961703203,0.29896907216494845
LSPIN,lspin_tf,0.004,0.0,6,7,0.5988523853205051,2.1940035273368608,0.2857142857142857,2.8208616780045355,0.4
LSPIN,lspin_tf,0.004,0.0,6,8,0.4491390423062644,2.037288989669942,0.26,2.3507180650037793,0.3125
LSPIN,lspin_tf,0.004,0.0,6,9,0.6720918030664346,2.1940035273368608,0.2857142857142857,2.8208616780045355,0.4
LSPIN,lspin_tf,0.004,0.0,7,8,0.27596577740257644,2.1156462585034013,0.2727272727272727,1.958931720836483,0.24752475247524752
LSPIN,lspin_tf,0.004,0.0,7,9,0.5078144151755561,1.8805744520030236,0.23529411764705882,2.429075333837239,0.3263157894736842
LSPIN,lspin_tf,0.004,0.0,8,9,0.4711910550890205,1.958931720836483,0.24752475247524752,2.3507180650037793,0.3125
LSPIN,lspin_tf,0.0033,0.0,0,1,0.5794643664163233,2.3507180650037793,0.3125,2.8992189468379945,0.4157303370786517
LSPIN,lspin_tf,0.0033,0.0,0,2,0.5367830523937731,2.1156462585034013,0.2727272727272727,2.3507180650037793,0.3125
LSPIN,lspin_tf,0.0033,0.0,0,3,0.5804059257813001,2.507432602670698,0.3404255319148936,2.5857898715041574,0.3548387096774194
LSPIN,lspin_tf,0.0033,0.0,0,4,0.5602771338018286,2.507432602670698,0.3404255319148936,2.6641471403376165,0.3695652173913043
LSPIN,lspin_tf,0.0033,0.0,0,5,0.5888310530377123,2.429075333837239,0.3263157894736842,2.5857898715041574,0.3548387096774194
LSPIN,lspin_tf,0.0033,0.0,0,6,0.5942479554701523,2.507432602670698,0.3404255319148936,2.429075333837239,0.3263157894736842
LSPIN,lspin_tf,0.0033,0.0,0,7,0.5340962513092229,2.037288989669942,0.26,2.507432602670698,0.3404255319148936
LSPIN,lspin_tf,0.0033,0.0,0,8,0.4064215984865091,1.6455026455026456,0.2,1.8805744520030236,0.23529411764705882
LSPIN,lspin_tf,0.0033,0.0,0,9,0.594755772145554,2.1156462585034013,0.2727272727272727,2.5857898715041574,0.3548387096774194
LSPIN,lspin_tf,0.0033,0.0,1,2,0.7196561297255999,2.8992189468379945,0.4157303370786517,3.291005291005291,0.5
LSPIN,lspin_tf,0.0033,0.0,1,3,0.6087364605048666,2.742504409171076,0.38461538461538464,2.742504409171076,0.38461538461538464
LSPIN,lspin_tf,0.0033,0.0,1,4,0.6543094424851814,2.977576215671454,0.4318181818181818,3.1342907533383726,0.46511627906976744
LSPIN,lspin_tf,0.0033,0.0,1,5,0.6587584437602271,2.8208616780045355,0.4,3.055933484504913,0.4482758620689655
LSPIN,lspin_tf,0.0033,0.0,1,6,0.6520981679165053,2.3507180650037793,0.3125,2.742504409171076,0.38461538461538464
LSPIN,lspin_tf,0.0033,0.0,1,7,0.6966403187903789,2.8208616780045355,0.4,3.055933484504913,0.4482758620689655
LSPIN,lspin_tf,0.0033,0.0,1,8,0.4305007693201627,1.7238599143361049,0.21153846153846154,1.8022171831695641,0.22330097087378642
LSPIN,lspin_tf,0.0033,0.0,1,9,0.6296922569981805,2.507432602670698,0.3404255319148936,2.5857898715041574,0.3548387096774194
LSPIN,lspin_tf,0.0033,0.0,2,3,0.5735196153681762,2.507432602670698,0.3404255319148936,2.429075333837239,0.3263157894736842
LSPIN,lspin_tf,0.0033,0.0,2,4,0.5734701922983272,2.5857898715041574,0.3548387096774194,2.429075333837239,0.3263157894736842
LSPIN,lspin_tf,0.0033,0.0,2,5,0.5707803460970363,2.1156462585034013,0.2727272727272727,2.6641471403376165,0.3695652173913043
LSPIN,lspin_tf,0.0033,0.0,2,6,0.6396974565177235,2.429075333837239,0.3263157894736842,2.8208616780045355,0.4
LSPIN,lspin_tf,0.0033,0.0,2,7,0.5745957584623954,2.1156462585034013,0.2727272727272727,2.5857898715041574,0.3548387096774194
LSPIN,lspin_tf,0.0033,0.0,2,8,0.37915558848473313,1.5671453766691863,0.18867924528301888,1.8022171831695641,0.22330097087378642
LSPIN,lspin_tf,0.0033,0.0,2,9,0.5794683563082426,2.2723607961703203,0.29896907216494845,2.3507180650037793,0.3125
LSPIN,lspin_tf,0.0033,0.0,3,4,0.5771522281974845,2.5857898715041574,0.3548387096774194,2.429075333837239,0.3263157894736842
LSPIN,lspin_tf,0.0033,0.0,3,5,0.5903119627562388,2.6641471403376165,0.3695652173913043,2.5857898715041574,0.3548387096774194
LSPIN,lspin_tf,0.0033,0.0,3,6,0.5880420773621619,2.2723607961703203,0.29896907216494845,2.977576215671454,0.4318181818181818
LSPIN,lspin_tf,0.0033,0.0,3,7,0.6216072854528535,2.6641471403376165,0.3695652173913043,2.8208616780045355,0.4
LSPIN,lspin_tf,0.0033,0.0,3,8,0.33593010282797964,1.7238599143361049,0.21153846153846154,1.8022171831695641,0.22330097087378642
LSPIN,lspin_tf,0.0033,0.0,3,9,0.6319671871458141,3.1342907533383726,0.46511627906976744,2.5857898715041574,0.3548387096774194
LSPIN,lspin_tf,0.0033,0.0,4,5,0.5736301401856668,2.429075333837239,0.3263157894736842,2.507432602670698,0.3404255319148936
LSPIN,lspin_tf,0.0033,0.0,4,6,0.5887803305912932,2.2723607961703203,0.29896907216494845,2.429075333837239,0.3263157894736842
LSPIN,lspin_tf,0.0033,0.0,4,7,0.6257220438505442,2.6641471403376165,0.3695652173913043,2.507432602670698,0.3404255319148936
LSPIN,lspin_tf,0.0033,0.0,4,8,0.31300480006381887,1.8022171831695641,0.22330097087378642,1.488788107835727,0.17757009345794392
LSPIN,lspin_tf,0.0033,0.0,4,9,0.5762556992960545,2.1940035273368608,0.2857142857142857,2.507432602670698,0.3404255319148936
LSPIN,lspin_tf,0.0033,0.0,5,6,0.6342884632816548,2.507432602670698,0.3404255319148936,2.742504409171076,0.38461538461538464
LSPIN,lspin_tf,0.0033,0.0,5,7,0.6400657840133888,2.429075333837239,0.3263157894736842,2.8992189468379945,0.4157303370786517
LSPIN,lspin_tf,0.0033,0.0,5,8,0.3473298379369174,1.8805744520030236,0.23529411764705882,1.8805744520030236,0.23529411764705882
LSPIN,lspin_tf,0.0033,0.0,5,9,0.5897656998333054,2.1940035273368608,0.2857142857142857,2.6641471403376165,0.3695652173913043
LSPIN,lspin_tf,0.0033,0.0,6,7,0.6578881313527299,2.429075333837239,0.3263157894736842,2.742504409171076,0.38461538461538464
LSPIN,lspin_tf,0.0033,0.0,6,8,0.29834522594872037,1.4104308390022677,0.16666666666666666,1.8805744520030236,0.23529411764705882
LSPIN,lspin_tf,0.0033,0.0,6,9,0.5574226696769881,1.8022171831695641,0.22330097087378642,2.5857898715041574,0.3548387096774194
LSPIN,lspin_tf,0.0033,0.0,7,8,0.2685838485609954,1.3320735701688082,0.1559633027522936,1.8022171831695641,0.22330097087378642
LSPIN,lspin_tf,0.0033,0.0,7,9,0.5793294212873227,2.3507180650037793,0.3125,2.3507180650037793,0.3125
LSPIN,lspin_tf,0.0033,0.0,8,9,0.33078688181628296,1.958931720836483,0.24752475247524752,1.6455026455026456,0.2
LSPIN,lspin_tf,0.0027,0.0,0,1,0.6462804116607825,2.507432602670698,0.3404255319148936,2.8992189468379945,0.4157303370786517
LSPIN,lspin_tf,0.0027,0.0,0,2,0.641321406668815,2.429075333837239,0.3263157894736842,2.8208616780045355,0.4
LSPIN,lspin_tf,0.0027,0.0,0,3,0.6830991075824998,2.3507180650037793,0.3125,3.1342907533383726,0.46511627906976744
LSPIN,lspin_tf,0.0027,0.0,0,4,0.27461840390247616,1.5671453766691863,0.18867924528301888,1.8022171831695641,0.22330097087378642
LSPIN,lspin_tf,0.0027,0.0,0,5,0.6539052788999795,2.507432602670698,0.3404255319148936,2.977576215671454,0.4318181818181818
LSPIN,lspin_tf,0.0027,0.0,0,6,0.6325314395813426,1.958931720836483,0.24752475247524752,2.5857898715041574,0.3548387096774194
LSPIN,lspin_tf,0.0027,0.0,0,7,0.6532111904599901,2.507432602670698,0.3404255319148936,3.055933484504913,0.4482758620689655
LSPIN,lspin_tf,0.0027,0.0,0,8,0.6364319640212523,2.742504409171076,0.38461538461538464,2.8208616780045355,0.4
LSPIN,lspin_tf,0.0027,0.0,0,9,0.6885378935063936,2.429075333837239,0.3263157894736842,2.8992189468379945,0.4157303370786517
LSPIN,lspin_tf,0.0027,0.0,1,2,0.5887684040909081,2.1156462585034013,0.2727272727272727,2.6641471403376165,0.3695652173913043
LSPIN,lspin_tf,0.0027,0.0,1,3,0.6299856318918234,2.3507180650037793,0.3125,2.8992189468379945,0.4157303370786517
LSPIN,lspin_tf,0.0027,0.0,1,4,0.22853603849084625,1.7238599143361049,0.21153846153846154,1.5671453766691863,0.18867924528301888
LSPIN,lspin_tf,0.0027,0.0,1,5,0.6126522091998915,2.429075333837239,0.3263157894736842,2.507432602670698,0.3404255319148936
LSPIN,lspin_tf,0.0027,0.0,1,6,0.5168230462778738,2.1940035273368608,0.2857142857142857,2.3507180650037793,0.3125
LSPIN,lspin_tf,0.0027,0.0,1,7,0.6288587581309522,2.742504409171076,0.38461538461538464,2.507432602670698,0.3404255319148936
LSPIN,lspin_tf,0.0027,0.0,1,8,0.5948439055034286,2.3507180650037793,0.3125,2.742504409171076,0.38461538461538464
LSPIN,lspin_tf,0.0027,0.0,1,9,0.6670210788504675,2.429075333837239,0.3263157894736842,2.8208616780045355,0.4
LSPIN,lspin_tf,0.0027,0.0,2,3,0.6439213160203398,2.507432602670698,0.3404255319148936,2.742504409171076,0.38461538461538464
LSPIN,lspin_tf,0.0027,0.0,2,4,0.24548426171654036,1.8022171831695641,0.22330097087378642,1.488788107835727,0.17757009345794392
LSPIN,lspin_tf,0.0027,0.0,2,5,0.6398021358009243,2.429075333837239,0.3263157894736842,2.6641471403376165,0.3695652173913043
LSPIN,lspin_tf,0.0027,0.0,2,6,0.6158297951047043,2.507432602670698,0.3404255319148936,2.429075333837239,0.3263157894736842
LSPIN,lspin_tf,0.0027,0.0,2,7,0.662380352966736,2.6641471403376165,0.3695652173913043,2.8208616780045355,0.4
LSPIN,lspin_tf,0.0027,0.0,2,8,0.592086403100635,2.3507180650037793,0.3125,2.6641471403376165,0.3695652173913043
LSPIN,lspin_tf,0.0027,0.0,2,9,0.6236812055499814,2.6641471403376165,0.3695652173913043,2.742504409171076,0.38461538461538464
LSPIN,lspin_tf,0.0027,0.0,3,4,0.22375451729359294,1.488788107835727,0.17757009345794392,1.7238599143361049,0.21153846153846154
LSPIN,lspin_tf,0.0027,0.0,3,5,0.6654239373502908,2.742504409171076,0.38461538461538464,2.6641471403376165,0.3695652173913043
LSPIN,lspin_tf,0.0027,0.0,3,6,0.6271251142850978,2.429075333837239,0.3263157894736842,2.507432602670698,0.3404255319148936
LSPIN,lspin_tf,0.0027,0.0,3,7,0.6748132265030676,2.5857898715041574,0.3548387096774194,3.1342907533383726,0.46511627906976744
LSPIN,lspin_tf,0.0027,0.0,3,8,0.673094280622916,3.055933484504913,0.4482758620689655,3.055933484504913,0.4482758620689655
LSPIN,lspin_tf,0.0027,0.0,3,9,0.7213757553383159,2.507432602670698,0.3404255319148936,3.212648022171832,0.4823529411764706
LSPIN,lspin_tf,0.0027,0.0,4,5,0.27934672140554057,2.037288989669942,0.26,1.7238599143361049,0.21153846153846154
LSPIN,lspin_tf,0.0027,0.0,4,6,0.32744232271742546,1.7238599143361049,0.21153846153846154,2.1156462585034013,0.2727272727272727
LSPIN,lspin_tf,0.0027,0.0,4,7,0.31785449025034385,1.6455026455026456,0.2,1.958931720836483,0.24752475247524752
LSPIN,lspin_tf,0.0027,0.0,4,8,0.2683067720076821,1.8022171831695641,0.22330097087378642,1.6455026455026456,0.2
LSPIN,lspin_tf,0.0027,0.0,4,9,0.24087940693127755,1.8022171831695641,0.22330097087378642,1.8022171831695641,0.22330097087378642
LSPIN,lspin_tf,0.0027,0.0,5,6,0.6213415327571774,1.958931720836483,0.24752475247524752,2.742504409171076,0.38461538461538464
LSPIN,lspin_tf,0.0027,0.0,5,7,0.6533235069175086,2.3507180650037793,0.3125,2.6641471403376165,0.3695652173913043
LSPIN,lspin_tf,0.0027,0.0,5,8,0.6674048627706024,2.742504409171076,0.38461538461538464,2.8992189468379945,0.4157303370786517
LSPIN,lspin_tf,0.0027,0.0,5,9,0.6771028218690749,2.507432602670698,0.3404255319148936,2.6641471403376165,0.3695652173913043
LSPIN,lspin_tf,0.0027,0.0,6,7,0.6416986640983073,2.742504409171076,0.38461538461538464,2.507432602670698,0.3404255319148936
LSPIN,lspin_tf,0.0027,0.0,6,8,0.5931439341429074,2.2723607961703203,0.29896907216494845,2.5857898715041574,0.3548387096774194
LSPIN,lspin_tf,0.0027,0.0,6,9,0.6413695225880112,2.1940035273368608,0.2857142857142857,2.742504409171076,0.38461538461538464
LSPIN,lspin_tf,0.0027,0.0,7,8,0.6160144309992738,2.5857898715041574,0.3548387096774194,2.8208616780045355,0.4
LSPIN,lspin_tf,0.0027,0.0,7,9,0.5966161821101046,2.3507180650037793,0.3125,2.8992189468379945,0.4157303370786517
LSPIN,lspin_tf,0.0027,0.0,8,9,0.744280623394794,2.5857898715041574,0.3548387096774194,3.055933484504913,0.4482758620689655
LSPIN,lspin_tf,0.0022,0.0,0,1,0.4821856180071587,2.2723607961703203,0.29896907216494845,2.5857898715041574,0.3548387096774194
LSPIN,lspin_tf,0.0022,0.0,0,2,0.20859727593396285,1.7238599143361049,0.21153846153846154,1.8022171831695641,0.22330097087378642
LSPIN,lspin_tf,0.0022,0.0,0,3,0.43047655213845,1.6455026455026456,0.2,2.429075333837239,0.3263157894736842
LSPIN,lspin_tf,0.0022,0.0,0,4,0.3428148094205455,1.7238599143361049,0.21153846153846154,1.8022171831695641,0.22330097087378642
LSPIN,lspin_tf,0.0022,0.0,0,5,0.577882648370691,2.8992189468379945,0.4157303370786517,2.3507180650037793,0.3125
LSPIN,lspin_tf,0.0022,0.0,0,6,0.5659427118715217,2.1940035273368608,0.2857142857142857,2.429075333837239,0.3263157894736842
LSPIN,lspin_tf,0.0022,0.0,0,7,0.26750287512369525,1.6455026455026456,0.2,1.3320735701688082,0.1559633027522936
LSPIN,lspin_tf,0.0022,0.0,0,8,0.49127427658220607,2.429075333837239,0.3263157894736842,2.6641471403376165,0.3695652173913043
LSPIN,lspin_tf,0.0022,0.0,0,9,0.404929319165585,1.7238599143361049,0.21153846153846154,2.2723607961703203,0.29896907216494845
LSPIN,lspin_tf,0.0022,0.0,1,2,0.29356992664402626,1.488788107835727,0.17757009345794392,1.7238599143361049,0.21153846153846154
LSPIN,lspin_tf,0.0022,0.0,1,3,0.49392438753022055,1.7238599143361049,0.21153846153846154,2.507432602670698,0.3404255319148936
LSPIN,lspin_tf,0.0022,0.0,1,4,0.42698533374788467,1.3320735701688082,0.1559633027522936,2.1940035273368608,0.2857142857142857
LSPIN,lspin_tf,0.0022,0.0,1,5,0.43403990995805986,2.037288989669942,0.26,2.3507180650037793,0.3125
LSPIN,lspin_tf,0.0022,0.0,1,6,0.4338890041809126,1.4104308390022677,0.16666666666666666,1.8805744520030236,0.23529411764705882
LSPIN,lspin_tf,0.0022,0.0,1,7,0.4205967109565171,1.8805744520030236,0.23529411764705882,1.7238599143361049,0.21153846153846154
LSPIN,lspin_tf,0.0022,0.0,1,8,0.5954725756201644,2.3507180650037793,0.3125,2.742504409171076,0.38461538461538464
LSPIN,lspin_tf,0.0022,0.0,1,9,0.5377222610679744,2.037288989669942,0.26,2.429075333837239,0.3263157894736842
LSPIN,lspin_tf,0.0022,0.0,2,3,0.39255674157547843,1.958931720836483,0.24752475247524752,2.429075333837239,0.3263157894736842
LSPIN,lspin_tf,0.0022,0.0,2,4,0.3839370450733417,1.1753590325018897,0.13513513513513514,2.1156462585034013,0.2727272727272727
LSPIN,lspin_tf,0.0022,0.0,2,5,0.2648654252983726,1.6455026455026456,0.2,1.958931720836483,0.24752475247524752
LSPIN,lspin_tf,0.0022,0.0,2,6,0.30601624737006444,1.253716301335349,0.14545454545454545,2.1156462585034013,0.2727272727272727
LSPIN,lspin_tf,0.0022,0.0,2,7,0.2957989846077125,1.1753590325018897,0.13513513513513514,1.8022171831695641,0.22330097087378642
LSPIN,lspin_tf,0.0022,0.0,2,8,0.31335276071868207,1.0970017636684304,0.125,2.2723607961703203,0.29896907216494845
LSPIN,lspin_tf,0.0022,0.0,2,9,0.40127379495404925,1.5671453766691863,0.18867924528301888,2.2723607961703203,0.29896907216494845
LSPIN,lspin_tf,0.0022,0.0,3,4,0.431332087372166,1.8805744520030236,0.23529411764705882,2.037288989669942,0.26
LSPIN,lspin_tf,0.0022,0.0,3,5,0.3636169511490691,1.6455026455026456,0.2,2.1156462585034013,0.2727272727272727
LSPIN,lspin_tf,0.0022,0.0,3,6,0.3567665592794063,1.4104308390022677,0.16666666666666666,2.037288989669942,0.26
LSPIN,lspin_tf,0.0022,0.0,3,7,0.43226026362602843,2.037288989669942,0.26,2.1940035273368608,0.2857142857142857
LSPIN,lspin_tf,0.0022,0.0,3,8,0.4295918364289564,1.8022171831695641,0.22330097087378642,2.1940035273368608,0.2857142857142857
LSPIN,lspin_tf,0.0022,0.0,3,9,0.4550371804788461,2.1156462585034013,0.2727272727272727,2.429075333837239,0.3263157894736842
LSPIN,lspin_tf,0.0022,0.0,4,5,0.5003964546644634,1.3320735701688082,0.1559633027522936,2.507432602670698,0.3404255319148936
LSPIN,lspin_tf,0.0022,0.0,4,6,0.43850379029119296,1.8805744520030236,0.23529411764705882,2.1156462585034013,0.2727272727272727
LSPIN,lspin_tf,0.0022,0.0,4,7,0.39559547634037256,2.2723607961703203,0.29896907216494845,2.1940035273368608,0.2857142857142857
LSPIN,lspin_tf,0.0022,0.0,4,8,0.46185923487834,1.8022171831695641,0.22330097087378642,1.8022171831695641,0.22330097087378642
LSPIN,lspin_tf,0.0022,0.0,4,9,0.5415312638908722,1.958931720836483,0.24752475247524752,2.742504409171076,0.38461538461538464
LSPIN,lspin_tf,0.0022,0.0,5,6,0.6368184181998939,2.1156462585034013,0.2727272727272727,2.8992189468379945,0.4157303370786517
LSPIN,lspin_tf,0.0022,0.0,5,7,0.3852358336791478,1.958931720836483,0.24752475247524752,1.958931720836483,0.24752475247524752
LSPIN,lspin_tf,0.0022,0.0,5,8,0.42118207146344244,2.5857898715041574,0.3548387096774194,2.2723607961703203,0.29896907216494845
LSPIN,lspin_tf,0.0022,0.0,5,9,0.4235660175730907,1.8805744520030236,0.23529411764705882,2.037288989669942,0.26
LSPIN,lspin_tf,0.0022,0.0,6,7,0.3159405904592041,1.958931720836483,0.24752475247524752,1.5671453766691863,0.18867924528301888
LSPIN,lspin_tf,0.0022,0.0,6,8,0.5905202261702942,2.2723607961703203,0.29896907216494845,2.429075333837239,0.3263157894736842
LSPIN,lspin_tf,0.0022,0.0,6,9,0.4380739608002738,1.958931720836483,0.24752475247524752,2.3507180650037793,0.3125
LSPIN,lspin_tf,0.0022,0.0,7,8,0.28899488592582856,1.7238599143361049,0.21153846153846154,1.3320735701688082,0.1559633027522936
LSPIN,lspin_tf,0.0022,0.0,7,9,0.4684332511067365,2.3507180650037793,0.3125,1.958931720836483,0.24752475247524752
LSPIN,lspin_tf,0.0022,0.0,8,9,0.5350984813958288,2.1156462585034013,0.2727272727272727,2.2723607961703203,0.29896907216494845
LSPIN,lspin_tf,0.0018,0.0,0,1,0.3981389087188552,1.6455026455026456,0.2,2.2723607961703203,0.29896907216494845
LSPIN,lspin_tf,0.0018,0.0,0,2,0.38258552861309314,1.4104308390022677,0.16666666666666666,2.1940035273368608,0.2857142857142857
LSPIN,lspin_tf,0.0018,0.0,0,3,0.4387621652335017,1.8022171831695641,0.22330097087378642,2.2723607961703203,0.29896907216494845
LSPIN,lspin_tf,0.0018,0.0,0,4,0.402458338000465,1.488788107835727,0.17757009345794392,2.429075333837239,0.3263157894736842
LSPIN,lspin_tf,0.0018,0.0,0,5,0.3151865834603798,1.1753590325018897,0.13513513513513514,2.1156462585034013,0.2727272727272727
LSPIN,lspin_tf,0.0018,0.0,0,6,0.3234216122278792,1.3320735701688082,0.1559633027522936,2.037288989669942,0.26
LSPIN,lspin_tf,0.0018,0.0,0,7,0.49378741102856055,1.8805744520030236,0.23529411764705882,2.742504409171076,0.38461538461538464
LSPIN,lspin_tf,0.0018,0.0,0,8,0.4272839678863437,1.488788107835727,0.17757009345794392,2.3507180650037793,0.3125
LSPIN,lspin_tf,0.0018,0.0,0,9,0.4118483659713416,2.507432602670698,0.3404255319148936,2.1156462585034013,0.2727272727272727
LSPIN,lspin_tf,0.0018,0.0,1,2,0.6554653051514788,2.5857898715041574,0.3548387096774194,3.1342907533383726,0.46511627906976744
LSPIN,lspin_tf,0.0018,0.0,1,3,0.6109049860867515,2.2723607961703203,0.29896907216494845,2.8992189468379945,0.4157303370786517
LSPIN,lspin_tf,0.0018,0.0,1,4,0.7002217429630252,2.5857898715041574,0.3548387096774194,3.1342907533383726,0.46511627906976744
LSPIN,lspin_tf,0.0018,0.0,1,5,0.6536375354029259,2.5857898715041574,0.3548387096774194,2.977576215671454,0.4318181818181818
LSPIN,lspin_tf,0.0018,0.0,1,6,0.5784345623106856,1.958931720836483,0.24752475247524752,2.742504409171076,0.38461538461538464
LSPIN,lspin_tf,0.0018,0.0,1,7,0.6231981469636799,2.8208616780045355,0.4,2.8208616780045355,0.4
LSPIN,lspin_tf,0.0018,0.0,1,8,0.5397492153474714,1.7238599143361049,0.21153846153846154,2.507432602670698,0.3404255319148936
LSPIN,lspin_tf,0.0018,0.0,1,9,0.26661153611256466,1.4104308390022677,0.16666666666666666,1.488788107835727,0.17757009345794392
LSPIN,lspin_tf,0.0018,0.0,2,3,0.7577035208728632,2.429075333837239,0.3263157894736842,3.5260770975056692,0.5555555555555556
LSPIN,lspin_tf,0.0018,0.0,2,4,0.674001381993756,2.507432602670698,0.3404255319148936,2.977576215671454,0.4318181818181818
LSPIN,lspin_tf,0.0018,0.0,2,5,0.6513599708603282,2.5857898715041574,0.3548387096774194,2.977576215671454,0.4318181818181818
LSPIN,lspin_tf,0.0018,0.0,2,6,0.5386880523827435,2.1156462585034013,0.2727272727272727,2.5857898715041574,0.3548387096774194
LSPIN,lspin_tf,0.0018,0.0,2,7,0.6068492920631202,2.5857898715041574,0.3548387096774194,2.8208616780045355,0.4
LSPIN,lspin_tf,0.0018,0.0,2,8,0.5088803882188644,1.7238599143361049,0.21153846153846154,2.507432602670698,0.3404255319148936
LSPIN,lspin_tf,0.0018,0.0,2,9,0.26304608327504286,1.3320735701688082,0.1559633027522936,1.488788107835727,0.17757009345794392
LSPIN,lspin_tf,0.0018,0.0,3,4,0.6097655016890644,1.8805744520030236,0.23529411764705882,2.6641471403376165,0.3695652173913043
LSPIN,lspin_tf,0.0018,0.0,3,5,0.637155866983301,2.5857898715041574,0.3548387096774194,2.8208616780045355,0.4
LSPIN,lspin_tf,0.0018,0.0,3,6,0.5416136021293854,1.8022171831695641,0.22330097087378642,2.429075333837239,0.3263157894736842
LSPIN,lspin_tf,0.0018,0.0,3,7,0.5912877274615992,2.429075333837239,0.3263157894736842,2.6641471403376165,0.3695652173913043
LSPIN,lspin_tf,0.0018,0.0,3,8,0.48154817183290777,1.488788107835727,0.17757009345794392,2.507432602670698,0.3404255319148936
LSPIN,lspin_tf,0.0018,0.0,3,9,0.35627641084595635,1.253716301335349,0.14545454545454545,1.7238599143361049,0.21153846153846154
LSPIN,lspin_tf,0.0018,0.0,4,5,0.7113935552379114,2.1940035273368608,0.2857142857142857,3.1342907533383726,0.46511627906976744
LSPIN,lspin_tf,0.0018,0.0,4,6,0.6410994163846604,2.3507180650037793,0.3125,2.8992189468379945,0.4157303370786517
LSPIN,lspin_tf,0.0018,0.0,4,7,0.7046023970115478,2.3507180650037793,0.3125,2.977576215671454,0.4318181818181818
LSPIN,lspin_tf,0.0018,0.0,4,8,0.6287203182440436,2.2723607961703203,0.29896907216494845,3.055933484504913,0.4482758620689655
LSPIN,lspin_tf,0.0018,0.0,4,9,0.2995311813604167,1.7238599143361049,0.21153846153846154,1.958931720836483,0.24752475247524752
LSPIN,lspin_tf,0.0018,0.0,5,6,0.7301652051850095,2.3507180650037793,0.3125,3.1342907533383726,0.46511627906976744
LSPIN,lspin_tf,0.0018,0.0,5,7,0.7157291283338773,2.1156462585034013,0.2727272727272727,3.291005291005291,0.5
LSPIN,lspin_tf,0.0018,0.0,5,8,0.612540587129564,1.958931720836483,0.24752475247524752,2.5857898715041574,0.3548387096774194
LSPIN,lspin_tf,0.0018,0.0,5,9,0.17037084411583048,1.4104308390022677,0.16666666666666666,1.4104308390022677,0.16666666666666666
LSPIN,lspin_tf,0.0018,0.0,6,7,0.6796168869991343,2.037288989669942,0.26,2.8992189468379945,0.4157303370786517
LSPIN,lspin_tf,0.0018,0.0,6,8,0.6251570519157946,2.8208616780045355,0.4,2.742504409171076,0.38461538461538464
LSPIN,lspin_tf,0.0018,0.0,6,9,0.2412358291514664,1.488788107835727,0.17757009345794392,1.5671453766691863,0.18867924528301888
LSPIN,lspin_tf,0.0018,0.0,7,8,0.5751317118901754,2.1156462585034013,0.2727272727272727,2.742504409171076,0.38461538461538464
LSPIN,lspin_tf,0.0018,0.0,7,9,0.2308760548789338,1.7238599143361049,0.21153846153846154,1.5671453766691863,0.18867924528301888
LSPIN,lspin_tf,0.0018,0.0,8,9,0.33514568257343175,1.488788107835727,0.17757009345794392,1.958931720836483,0.24752475247524752
LSPIN,lspin_tf,0.0015,0.0,0,1,0.6604300767901233,2.1156462585034013,0.2727272727272727,2.742504409171076,0.38461538461538464
LSPIN,lspin_tf,0.0015,0.0,0,2,0.6868908572111667,2.2723607961703203,0.29896907216494845,3.1342907533383726,0.46511627906976744
LSPIN,lspin_tf,0.0015,0.0,0,3,0.5465144674602546,2.429075333837239,0.3263157894736842,2.507432602670698,0.3404255319148936
LSPIN,lspin_tf,0.0015,0.0,0,4,0.6706030519932954,2.742504409171076,0.38461538461538464,2.977576215671454,0.4318181818181818
LSPIN,lspin_tf,0.0015,0.0,0,5,0.677420753481909,2.507432602670698,0.3404255319148936,2.507432602670698,0.3404255319148936
LSPIN,lspin_tf,0.0015,0.0,0,6,0.5567215850325797,2.3507180650037793,0.3125,2.1940035273368608,0.2857142857142857
LSPIN,lspin_tf,0.0015,0.0,0,7,0.6902789304967151,2.507432602670698,0.3404255319148936,3.055933484504913,0.4482758620689655
LSPIN,lspin_tf,0.0015,0.0,0,8,0.42312826565287526,1.5671453766691863,0.18867924528301888,2.1940035273368608,0.2857142857142857
LSPIN,lspin_tf,0.0015,0.0,0,9,0.6121995847640271,2.429075333837239,0.3263157894736842,2.6641471403376165,0.3695652173913043
LSPIN,lspin_tf,0.0015,0.0,1,2,0.6712176530370408,2.1940035273368608,0.2857142857142857,3.055933484504913,0.4482758620689655
LSPIN,lspin_tf,0.0015,0.0,1,3,0.5117330897510057,2.429075333837239,0.3263157894736842,2.2723607961703203,0.29896907216494845
LSPIN,lspin_tf,0.0015,0.0,1,4,0.7350932942083934,2.5857898715041574,0.3548387096774194,3.4477198286722097,0.5365853658536586
LSPIN,lspin_tf,0.0015,0.0,1,5,0.7323636985455376,2.8208616780045355,0.4,3.1342907533383726,0.46511627906976744
LSPIN,lspin_tf,0.0015,0.0,1,6,0.6373135821471033,2.3507180650037793,0.3125,2.8992189468379945,0.4157303370786517
LSPIN,lspin_tf,0.0015,0.0,1,7,0.7225326614324116,2.977576215671454,0.4318181818181818,3.1342907533383726,0.46511627906976744
LSPIN,lspin_tf,0.0015,0.0,1,8,0.48841555638885514,2.1940035273368608,0.2857142857142857,2.3507180650037793,0.3125
LSPIN,lspin_tf,0.0015,0.0,1,9,0.7047788004370363,2.8992189468379945,0.4157303370786517,3.212648022171832,0.4823529411764706
LSPIN,lspin_tf,0.0015,0.0,2,3,0.5728029701800476,2.429075333837239,0.3263157894736842,2.429075333837239,0.3263157894736842
LSPIN,lspin_tf,0.0015,0.0,2,4,0.708853590472956,2.507432602670698,0.3404255319148936,3.3693625598387507,0.5180722891566265
LSPIN,lspin_tf,0.0015,0.0,2,5,0.7085405515077995,3.055933484504913,0.4482758620689655,2.6641471403376165,0.3695652173913043
LSPIN,lspin_tf,0.0015,0.0,2,6,0.630555530185178,2.6641471403376165,0.3695652173913043,2.6641471403376165,0.3695652173913043
LSPIN,lspin_tf,0.0015,0.0,2,7,0.732219334079829,2.6641471403376165,0.3695652173913043,2.977576215671454,0.4318181818181818
LSPIN,lspin_tf,0.0015,0.0,2,8,0.49717706485781393,1.958931720836483,0.24752475247524752,2.6641471403376165,0.3695652173913043
LSPIN,lspin_tf,0.0015,0.0,2,9,0.6777366325424494,2.3507180650037793,0.3125,2.977576215671454,0.4318181818181818
LSPIN,lspin_tf,0.0015,0.0,3,4,0.5558191760384096,2.3507180650037793,0.3125,2.1940035273368608,0.2857142857142857
LSPIN,lspin_tf,0.0015,0.0,3,5,0.586985064553548,2.1940035273368608,0.2857142857142857,2.6641471403376165,0.3695652173913043
LSPIN,lspin_tf,0.0015,0.0,3,6,0.6887026552000148,2.6641471403376165,0.3695652173913043,2.742504409171076,0.38461538461538464
LSPIN,lspin_tf,0.0015,0.0,3,7,0.5368786921065618,2.429075333837239,0.3263157894736842,2.6641471403376165,0.3695652173913043
LSPIN,lspin_tf,0.0015,0.0,3,8,0.39103735800665174,1.958931720836483,0.24752475247524752,1.8805744520030236,0.23529411764705882
LSPIN,lspin_tf,0.0015,0.0,3,9,0.4532482119158817,2.2723607961703203,0.29896907216494845,1.958931720836483,0.24752475247524752
LSPIN,lspin_tf,0.0015,0.0,4,5,0.7611532049621883,2.977576215671454,0.4318181818181818,2.977576215671454,0.4318181818181818
LSPIN,lspin_tf,0.0015,0.0,4,6,0.6658048768177435,2.3507180650037793,0.3125,2.742504409171076,0.38461538461538464
LSPIN,lspin_tf,0.0015,0.0,4,7,0.6965737432595244,2.507432602670698,0.3404255319148936,2.8208616780045355,0.4
LSPIN,lspin_tf,0.0015,0.0,4,8,0.49444511491494497,1.958931720836483,0.24752475247524752,2.1940035273368608,0.2857142857142857
LSPIN,lspin_tf,0.0015,0.0,4,9,0.7017396098025501,2.5857898715041574,0.3548387096774194,2.8992189468379945,0.4157303370786517
LSPIN,lspin_tf,0.0015,0.0,5,6,0.7329362321812292,2.6641471403376165,0.3695652173913043,2.977576215671454,0.4318181818181818
LSPIN,lspin_tf,0.0015,0.0,5,7,0.7563871403031553,3.291005291005291,0.5,2.742504409171076,0.38461538461538464
LSPIN,lspin_tf,0.0015,0.0,5,8,0.4807494175266916,2.037288989669942,0.26,2.037288989669942,0.26
LSPIN,lspin_tf,0.0015,0.0,5,9,0.6627989039618934,2.8992189468379945,0.4157303370786517,2.742504409171076,0.38461538461538464
LSPIN,lspin_tf,0.0015,0.0,6,7,0.6623212693523522,2.5857898715041574,0.3548387096774194,2.742504409171076,0.38461538461538464
LSPIN,lspin_tf,0.0015,0.0,6,8,0.41051047366905197,1.8805744520030236,0.23529411764705882,2.037288989669942,0.26
LSPIN,lspin_tf,0.0015,0.0,6,9,0.5530011286224035,2.1156462585034013,0.2727272727272727,2.3507180650037793,0.3125
LSPIN,lspin_tf,0.0015,0.0,7,8,0.46649921017504004,2.2723607961703203,0.29896907216494845,2.507432602670698,0.3404255319148936
LSPIN,lspin_tf,0.0015,0.0,7,9,0.6894121154230872,2.507432602670698,0.3404255319148936,2.8992189468379945,0.4157303370786517
LSPIN,lspin_tf,0.0015,0.0,8,9,0.4599768006714178,1.8805744520030236,0.23529411764705882,2.037288989669942,0.26
LSPIN,lspin_tf,0.0012,0.0,0,1,0.47492739615689317,1.8805744520030236,0.23529411764705882,2.2723607961703203,0.29896907216494845
LSPIN,lspin_tf,0.0012,0.0,0,2,0.40368230444952397,1.8022171831695641,0.22330097087378642,2.1940035273368608,0.2857142857142857
LSPIN,lspin_tf,0.0012,0.0,0,3,0.48175286910498527,1.8805744520030236,0.23529411764705882,2.3507180650037793,0.3125
LSPIN,lspin_tf,0.0012,0.0,0,4,0.30470717414482346,1.5671453766691863,0.18867924528301888,1.3320735701688082,0.1559633027522936
LSPIN,lspin_tf,0.0012,0.0,0,5,0.496070628715073,2.1940035273368608,0.2857142857142857,2.3507180650037793,0.3125
LSPIN,lspin_tf,0.0012,0.0,0,6,0.3499814249891806,1.488788107835727,0.17757009345794392,2.1156462585034013,0.2727272727272727
LSPIN,lspin_tf,0.0012,0.0,0,7,0.42553185069846244,1.6455026455026456,0.2,2.037288989669942,0.26
LSPIN,lspin_tf,0.0012,0.0,0,8,0.44266043402161825,1.8805744520030236,0.23529411764705882,2.5857898715041574,0.3548387096774194
LSPIN,lspin_tf,0.0012,0.0,0,9,0.3632950693129448,1.7238599143361049,0.21153846153846154,1.8805744520030236,0.23529411764705882
LSPIN,lspin_tf,0.0012,0.0,1,2,0.6959978730915205,2.977576215671454,0.4318181818181818,3.212648022171832,0.4823529411764706
LSPIN,lspin_tf,0.0012,0.0,1,3,0.6458859777939446,2.507432602670698,0.3404255319148936,2.8208616780045355,0.4
LSPIN,lspin_tf,0.0012,0.0,1,4,0.4415576286641617,2.1156462585034013,0.2727272727272727,1.8805744520030236,0.23529411764705882
LSPIN,lspin_tf,0.0012,0.0,1,5,0.6844685384901706,3.1342907533383726,0.46511627906976744,3.1342907533383726,0.46511627906976744
LSPIN,lspin_tf,0.0012,0.0,1,6,0.7198000839984159,2.8992189468379945,0.4157303370786517,3.5260770975056692,0.5555555555555556
LSPIN,lspin_tf,0.0012,0.0,1,7,0.654308547000092,2.6641471403376165,0.3695652173913043,2.8992189468379945,0.4157303370786517
LSPIN,lspin_tf,0.0012,0.0,1,8,0.6935068668689912,2.8208616780045355,0.4,3.1342907533383726,0.46511627906976744
LSPIN,lspin_tf,0.0012,0.0,1,9,0.6784558648423936,2.8208616780045355,0.4,3.212648022171832,0.4823529411764706
LSPIN,lspin_tf,0.0012,0.0,2,3,0.6803542571290034,2.429075333837239,0.3263157894736842,2.977576215671454,0.4318181818181818
LSPIN,lspin_tf,0.0012,0.0,2,4,0.28245922612149277,1.7238599143361049,0.21153846153846154,1.488788107835727,0.17757009345794392
LSPIN,lspin_tf,0.0012,0.0,2,5,0.7685700588335833,2.8208616780045355,0.4,3.5260770975056692,0.5555555555555556
LSPIN,lspin_tf,0.0012,0.0,2,6,0.7612629860283878,2.8208616780045355,0.4,3.055933484504913,0.4482758620689655
LSPIN,lspin_tf,0.0012,0.0,2,7,0.7371119617228744,2.977576215671454,0.4318181818181818,3.1342907533383726,0.46511627906976744
LSPIN,lspin_tf,0.0012,0.0,2,8,0.6827516255576327,2.507432602670698,0.3404255319148936,2.8992189468379945,0.4157303370786517
LSPIN,lspin_tf,0.0012,0.0,2,9,0.7697135945175381,2.8208616780045355,0.4,3.4477198286722097,0.5365853658536586
LSPIN,lspin_tf,0.0012,0.0,3,4,0.42928216892818816,2.3507180650037793,0.3125,2.037288989669942,0.26
LSPIN,lspin_tf,0.0012,0.0,3,5,0.7344026236766512,3.055933484504913,0.4482758620689655,2.977576215671454,0.4318181818181818
LSPIN,lspin_tf,0.0012,0.0,3,6,0.6839904500446182,2.8992189468379945,0.4157303370786517,2.8208616780045355,0.4
LSPIN,lspin_tf,0.0012,0.0,3,7,0.6340822101309183,2.2723607961703203,0.29896907216494845,2.742504409171076,0.38461538461538464
LSPIN,lspin_tf,0.0012,0.0,3,8,0.7333334823705074,2.8992189468379945,0.4157303370786517,3.212648022171832,0.4823529411764706
LSPIN,lspin_tf,0.0012,0.0,3,9,0.6569119736698198,2.8208616780045355,0.4,2.5857898715041574,0.3548387096774194
LSPIN,lspin_tf,0.0012,0.0,4,5,0.3314269781694702,1.7238599143361049,0.21153846153846154,2.037288989669942,0.26
LSPIN,lspin_tf,0.0012,0.0,4,6,0.4550539016755216,2.1940035273368608,0.2857142857142857,2.037288989669942,0.26
LSPIN,lspin_tf,0.0012,0.0,4,7,0.46735744956260866,1.958931720836483,0.24752475247524752,2.037288989669942,0.26
LSPIN,lspin_tf,0.0012,0.0,4,8,0.5619694948584153,2.429075333837239,0.3263157894736842,2.429075333837239,0.3263157894736842
LSPIN,lspin_tf,0.0012,0.0,4,9,0.2108952426873107,1.488788107835727,0.17757009345794392,1.488788107835727,0.17757009345794392
LSPIN,lspin_tf,0.0012,0.0,5,6,0.6673884467466845,2.742504409171076,0.38461538461538464,3.1342907533383726,0.46511627906976744
LSPIN,lspin_tf,0.0012,0.0,5,7,0.7151987974966433,2.429075333837239,0.3263157894736842,3.291005291005291,0.5
LSPIN,lspin_tf,0.0012,0.0,5,8,0.7049215822905547,2.507432602670698,0.3404255319148936,3.1342907533383726,0.46511627906976744
LSPIN,lspin_tf,0.0012,0.0,5,9,0.7441175850279592,2.977576215671454,0.4318181818181818,3.291005291005291,0.5
LSPIN,lspin_tf,0.0012,0.0,6,7,0.7447535915225697,2.8992189468379945,0.4157303370786517,3.055933484504913,0.4482758620689655
LSPIN,lspin_tf,0.0012,0.0,6,8,0.7222931713207212,2.5857898715041574,0.3548387096774194,3.055933484504913,0.4482758620689655
LSPIN,lspin_tf,0.0012,0.0,6,9,0.7289016061856994,2.5857898715041574,0.3548387096774194,3.3693625598387507,0.5180722891566265
LSPIN,lspin_tf,0.0012,0.0,7,8,0.6937004866505819,2.742504409171076,0.38461538461538464,2.742504409171076,0.38461538461538464
LSPIN,lspin_tf,0.0012,0.0,7,9,0.7006916518630676,2.429075333837239,0.3263157894736842,3.1342907533383726,0.46511627906976744
LSPIN,lspin_tf,0.0012,0.0,8,9,0.6747301160437026,2.2723607961703203,0.29896907216494845,2.742504409171076,0.38461538461538464
LSPIN,lspin_tf,0.001,0.0,0,1,0.19314682827602367,1.0970017636684304,0.125,1.488788107835727,0.17757009345794392
LSPIN,lspin_tf,0.001,0.0,0,2,0.7218813765440026,2.5857898715041574,0.3548387096774194,2.742504409171076,0.38461538461538464
LSPIN,lspin_tf,0.001,0.0,0,3,0.6283859560450801,1.958931720836483,0.24752475247524752,2.742504409171076,0.38461538461538464
LSPIN,lspin_tf,0.001,0.0,0,4,0.6865697954723088,2.5857898715041574,0.3548387096774194,3.1342907533383726,0.46511627906976744
LSPIN,lspin_tf,0.001,0.0,0,5,0.6347984743001672,2.1940035273368608,0.2857142857142857,3.055933484504913,0.4482758620689655
LSPIN,lspin_tf,0.001,0.0,0,6,0.6393688019979951,1.958931720836483,0.24752475247524752,3.055933484504913,0.4482758620689655
LSPIN,lspin_tf,0.001,0.0,0,7,0.6030861269408465,2.1156462585034013,0.2727272727272727,2.6641471403376165,0.3695652173913043
LSPIN,lspin_tf,0.001,0.0,0,8,0.7119590265107436,3.055933484504913,0.4482758620689655,2.8208616780045355,0.4
LSPIN,lspin_tf,0.001,0.0,0,9,0.6078552087989193,1.958931720836483,0.24752475247524752,2.507432602670698,0.3404255319148936
LSPIN,lspin_tf,0.001,0.0,1,2,0.15931816885763167,1.4104308390022677,0.16666666666666666,1.5671453766691863,0.18867924528301888
LSPIN,lspin_tf,0.001,0.0,1,3,0.16929174132925315,1.5671453766691863,0.18867924528301888,1.4104308390022677,0.16666666666666666
LSPIN,lspin_tf,0.001,0.0,1,4,0.2859683049611273,1.253716301335349,0.14545454545454545,1.6455026455026456,0.2
LSPIN,lspin_tf,0.001,0.0,1,5,0.15050228676777241,0.7835726883345931,0.08620689655172414,1.4104308390022677,0.16666666666666666
LSPIN,lspin_tf,0.001,0.0,1,6,0.1955412161681612,1.018644494834971,0.11504424778761062,1.488788107835727,0.17757009345794392
LSPIN,lspin_tf,0.001,0.0,1,7,0.24188467544094816,2.1156462585034013,0.2727272727272727,1.7238599143361049,0.21153846153846154
LSPIN,lspin_tf,0.001,0.0,1,8,0.0821578446441494,1.0970017636684304,0.125,1.1753590325018897,0.13513513513513514
LSPIN,lspin_tf,0.001,0.0,1,9,0.2860508015041553,1.4104308390022677,0.16666666666666666,1.5671453766691863,0.18867924528301888
LSPIN,lspin_tf,0.001,0.0,2,3,0.7133891133934104,2.8992189468379945,0.4157303370786517,2.8208616780045355,0.4
LSPIN,lspin_tf,0.001,0.0,2,4,0.779531931382954,3.055933484504913,0.4482758620689655,3.055933484504913,0.4482758620689655
LSPIN,lspin_tf,0.001,0.0,2,5,0.6029787569773465,2.037288989669942,0.26,2.8992189468379945,0.4157303370786517
LSPIN,lspin_tf,0.001,0.0,2,6,0.6843117408653655,2.2723607961703203,0.29896907216494845,3.3693625598387507,0.5180722891566265
LSPIN,lspin_tf,0.001,0.0,2,7,0.5796113261467744,2.1940035273368608,0.2857142857142857,2.6641471403376165,0.3695652173913043
LSPIN,lspin_tf,0.001,0.0,2,8,0.667330736999399,2.5857898715041574,0.3548387096774194,2.977576215671454,0.4318181818181818
LSPIN,lspin_tf,0.001,0.0,2,9,0.6832696259365371,2.5857898715041574,0.3548387096774194,2.8208616780045355,0.4
LSPIN,lspin_tf,0.001,0.0,3,4,0.689205675258586,2.6641471403376165,0.3695652173913043,3.055933484504913,0.4482758620689655
LSPIN,lspin_tf,0.001,0.0,3,5,0.5984336458802999,2.1940035273368608,0.2857142857142857,2.6641471403376165,0.3695652173913043
LSPIN,lspin_tf,0.001,0.0,3,6,0.4785686775102956,1.8022171831695641,0.22330097087378642,2.5857898715041574,0.3548387096774194
LSPIN,lspin_tf,0.001,0.0,3,7,0.5198367223745358,2.1156462585034013,0.2727272727272727,2.3507180650037793,0.3125
LSPIN,lspin_tf,0.001,0.0,3,8,0.6343617039202226,2.037288989669942,0.26,2.5857898715041574,0.3548387096774194
LSPIN,lspin_tf,0.001,0.0,3,9,0.6923235873957438,2.507432602670698,0.3404255319148936,3.1342907533383726,0.46511627906976744
LSPIN,lspin_tf,0.001,0.0,4,5,0.6306895768097912,2.1940035273368608,0.2857142857142857,3.055933484504913,0.4482758620689655
LSPIN,lspin_tf,0.001,0.0,4,6,0.7251162736132019,2.3507180650037793,0.3125,3.3693625598387507,0.5180722891566265
LSPIN,lspin_tf,0.001,0.0,4,7,0.6018841207255414,2.037288989669942,0.26,2.6641471403376165,0.3695652173913043
LSPIN,lspin_tf,0.001,0.0,4,8,0.7096551103932928,2.6641471403376165,0.3695652173913043,3.212648022171832,0.4823529411764706
LSPIN,lspin_tf,0.001,0.0,4,9,0.7119609556839955,2.507432602670698,0.3404255319148936,3.212648022171832,0.4823529411764706
LSPIN,lspin_tf,0.001,0.0,5,6,0.49344917537700206,0.9402872260015118,0.10526315789473684,2.977576215671454,0.4318181818181818
LSPIN,lspin_tf,0.001,0.0,5,7,0.5983197864993567,1.8022171831695641,0.22330097087378642,2.742504409171076,0.38461538461538464
LSPIN,lspin_tf,0.001,0.0,5,8,0.714778896191457,2.507432602670698,0.3404255319148936,3.212648022171832,0.4823529411764706
LSPIN,lspin_tf,0.001,0.0,5,9,0.7082318020933661,2.977576215671454,0.4318181818181818,2.977576215671454,0.4318181818181818
LSPIN,lspin_tf,0.001,0.0,6,7,0.5107729753497218,1.6455026455026456,0.2,2.5857898715041574,0.3548387096774194
LSPIN,lspin_tf,0.001,0.0,6,8,0.5501797815027464,1.958931720836483,0.24752475247524752,3.212648022171832,0.4823529411764706
LSPIN,lspin_tf,0.001,0.0,6,9,0.5488027727270038,1.0970017636684304,0.125,2.8208616780045355,0.4
LSPIN,lspin_tf,0.001,0.0,7,8,0.6251400199950153,2.2723607961703203,0.29896907216494845,3.1342907533383726,0.46511627906976744
LSPIN,lspin_tf,0.001,0.0,7,9,0.5695952147143057,2.1940035273368608,0.2857142857142857,2.3507180650037793,0.3125
LSPIN,lspin_tf,0.001,0.0,8,9,0.646940676943053,2.3507180650037793,0.3125,2.8992189468379945,0.4157303370786517
LSPIN,lspin_tf,0.0008,0.0,0,1,0.5539569634842688,3.4477198286722097,0.5365853658536586,2.6641471403376165,0.3695652173913043
LSPIN,lspin_tf,0.0008,0.0,0,2,0.34483656040399185,1.3320735701688082,0.1559633027522936,1.8022171831695641,0.22330097087378642
LSPIN,lspin_tf,0.0008,0.0,0,3,0.3411050661499451,3.5260770975056692,0.5555555555555556,2.2723607961703203,0.29896907216494845
LSPIN,lspin_tf,0.0008,0.0,0,4,0.5774114827126029,3.055933484504913,0.4482758620689655,2.507432602670698,0.3404255319148936
LSPIN,lspin_tf,0.0008,0.0,0,5,0.4232315617890746,3.4477198286722097,0.5365853658536586,2.2723607961703203,0.29896907216494845
LSPIN,lspin_tf,0.0008,0.0,0,6,0.5667870318578373,3.7611489040060473,0.6153846153846154,2.742504409171076,0.38461538461538464
LSPIN,lspin_tf,0.0008,0.0,0,7,0.5476965366268995,1.958931720836483,0.24752475247524752,2.507432602670698,0.3404255319148936
LSPIN,lspin_tf,0.0008,0.0,0,8,0.3550848521960041,1.253716301335349,0.14545454545454545,1.8805744520030236,0.23529411764705882
LSPIN,lspin_tf,0.0008,0.0,0,9,0.3690189172874012,1.5671453766691863,0.18867924528301888,1.8022171831695641,0.22330097087378642
LSPIN,lspin_tf,0.0008,0.0,1,2,0.27656852042364927,1.3320735701688082,0.1559633027522936,1.8022171831695641,0.22330097087378642
LSPIN,lspin_tf,0.0008,0.0,1,3,0.3791422766476446,3.682791635172588,0.5949367088607594,2.2723607961703203,0.29896907216494845
LSPIN,lspin_tf,0.0008,0.0,1,4,0.5760248311715068,2.5857898715041574,0.3548387096774194,2.8208616780045355,0.4
LSPIN,lspin_tf,0.0008,0.0,1,5,0.5827342362635937,3.917863441672966,0.6578947368421053,2.6641471403376165,0.3695652173913043
LSPIN,lspin_tf,0.0008,0.0,1,6,0.74034784215193,3.996220710506425,0.68,3.3693625598387507,0.5180722891566265
LSPIN,lspin_tf,0.0008,0.0,1,7,0.49633453648258086,1.6455026455026456,0.2,2.429075333837239,0.3263157894736842
LSPIN,lspin_tf,0.0008,0.0,1,8,0.25413968460801956,1.253716301335349,0.14545454545454545,1.4104308390022677,0.16666666666666666
LSPIN,lspin_tf,0.0008,0.0,1,9,0.40398295104096266,1.488788107835727,0.17757009345794392,1.958931720836483,0.24752475247524752
LSPIN,lspin_tf,0.0008,0.0,2,3,-0.006937900767944074,1.018644494834971,0.11504424778761062,0.9402872260015118,0.10526315789473684
LSPIN,lspin_tf,0.0008,0.0,2,4,0.5143739414580771,1.3320735701688082,0.1559633027522936,2.5857898715041574,0.3548387096774194
LSPIN,lspin_tf,0.0008,0.0,2,5,0.2831066347480153,1.3320735701688082,0.1559633027522936,1.8805744520030236,0.23529411764705882
LSPIN,lspin_tf,0.0008,0.0,2,6,0.2640556922125919,1.1753590325018897,0.13513513513513514,1.6455026455026456,0.2
LSPIN,lspin_tf,0.0008,0.0,2,7,0.4417802356502038,1.8022171831695641,0.22330097087378642,2.3507180650037793,0.3125
LSPIN,lspin_tf,0.0008,0.0,2,8,0.6725657014820743,2.429075333837239,0.3263157894736842,2.977576215671454,0.4318181818181818
LSPIN,lspin_tf,0.0008,0.0,2,9,0.5406791991726133,2.037288989669942,0.26,2.1940035273368608,0.2857142857142857
LSPIN,lspin_tf,0.0008,0.0,3,4,0.3961341544828084,2.8992189468379945,0.4157303370786517,2.3507180650037793,0.3125
LSPIN,lspin_tf,0.0008,0.0,3,5,0.3435013270103802,3.3693625598387507,0.5180722891566265,1.958931720836483,0.24752475247524752
LSPIN,lspin_tf,0.0008,0.0,3,6,0.5239073533140254,3.996220710506425,0.68,2.742504409171076,0.38461538461538464
LSPIN,lspin_tf,0.0008,0.0,3,7,0.21378684184033037,1.7238599143361049,0.21153846153846154,1.8805744520030236,0.23529411764705882
LSPIN,lspin_tf,0.0008,0.0,3,8,0.15570058544739665,1.488788107835727,0.17757009345794392,1.1753590325018897,0.13513513513513514
LSPIN,lspin_tf,0.0008,0.0,3,9,0.17966762706695727,1.3320735701688082,0.1559633027522936,1.6455026455026456,0.2
LSPIN,lspin_tf,0.0008,0.0,4,5,0.5279625307264344,2.5857898715041574,0.3548387096774194,2.5857898715041574,0.3548387096774194
LSPIN,lspin_tf,0.0008,0.0,4,6,0.5326025893835753,2.8992189468379945,0.4157303370786517,2.742504409171076,0.38461538461538464
LSPIN,lspin_tf,0.0008,0.0,4,7,0.6434317232049538,2.1156462585034013,0.2727272727272727,3.1342907533383726,0.46511627906976744
LSPIN,lspin_tf,0.0008,0.0,4,8,0.5425533265506197,1.7238599143361049,0.21153846153846154,2.5857898715041574,0.3548387096774194
LSPIN,lspin_tf,0.0008,0.0,4,9,0.6540962106418224,2.1156462585034013,0.2727272727272727,2.742504409171076,0.38461538461538464
LSPIN,lspin_tf,0.0008,0.0,5,6,0.5352664037840795,3.6044343663391283,0.575,2.3507180650037793,0.3125
LSPIN,lspin_tf,0.0008,0.0,5,7,0.2909835729777114,1.4104308390022677,0.16666666666666666,1.8805744520030236,0.23529411764705882
LSPIN,lspin_tf,0.0008,0.0,5,8,0.3140437948158545,1.253716301335349,0.14545454545454545,1.958931720836483,0.24752475247524752
LSPIN,lspin_tf,0.0008,0.0,5,9,0.33428299904422787,1.488788107835727,0.17757009345794392,1.6455026455026456,0.2
LSPIN,lspin_tf,0.0008,0.0,6,7,0.44727075497309216,1.5671453766691863,0.18867924528301888,2.5857898715041574,0.3548387096774194
LSPIN,lspin_tf,0.0008,0.0,6,8,0.30967227817034754,1.5671453766691863,0.18867924528301888,1.7238599143361049,0.21153846153846154
LSPIN,lspin_tf,0.0008,0.0,6,9,0.39695701956986373,1.6455026455026456,0.2,2.2723607961703203,0.29896907216494845
LSPIN,lspin_tf,0.0008,0.0,7,8,0.44263063114008644,1.958931720836483,0.24752475247524752,2.1940035273368608,0.2857142857142857
LSPIN,lspin_tf,0.0008,0.0,7,9,0.6529559449442778,1.488788107835727,0.17757009345794392,3.291005291005291,0.5
LSPIN,lspin_tf,0.0008,0.0,8,9,0.6237268397815917,2.1156462585034013,0.2727272727272727,2.6641471403376165,0.3695652173913043
LSPIN,lspin_tf,0.00065,0.0,0,1,0.39367916427031024,1.6455026455026456,0.2,2.429075333837239,0.3263157894736842
LSPIN,lspin_tf,0.00065,0.0,0,2,0.6712031965484478,2.8992189468379945,0.4157303370786517,3.1342907533383726,0.46511627906976744
LSPIN,lspin_tf,0.00065,0.0,0,3,0.721054705412069,2.6641471403376165,0.3695652173913043,3.1342907533383726,0.46511627906976744
LSPIN,lspin_tf,0.00065,0.0,0,4,0.4493468067697979,1.8805744520030236,0.23529411764705882,2.1156462585034013,0.2727272727272727
LSPIN,lspin_tf,0.00065,0.0,0,5,0.1284522801511353,1.488788107835727,0.17757009345794392,1.5671453766691863,0.18867924528301888
LSPIN,lspin_tf,0.00065,0.0,0,6,0.6945842519850709,2.507432602670698,0.3404255319148936,3.4477198286722097,0.5365853658536586
LSPIN,lspin_tf,0.00065,0.0,0,7,0.2645257699977662,1.7238599143361049,0.21153846153846154,1.8022171831695641,0.22330097087378642
LSPIN,lspin_tf,0.00065,0.0,0,8,0.21992786082742163,1.7238599143361049,0.21153846153846154,1.6455026455026456,0.2
LSPIN,lspin_tf,0.00065,0.0,0,9,0.7062870524970899,2.507432602670698,0.3404255319148936,3.1342907533383726,0.46511627906976744
LSPIN,lspin_tf,0.00065,0.0,1,2,0.4064355777217475,1.7238599143361049,0.21153846153846154,1.8805744520030236,0.23529411764705882
LSPIN,lspin_tf,0.00065,0.0,1,3,0.3955395548749675,1.7238599143361049,0.21153846153846154,2.037288989669942,0.26
LSPIN,lspin_tf,0.00065,0.0,1,4,0.3266872466903701,1.8022171831695641,0.22330097087378642,1.958931720836483,0.24752475247524752
LSPIN,lspin_tf,0.00065,0.0,1,5,0.3983299497038075,3.7611489040060473,0.6153846153846154,2.429075333837239,0.3263157894736842
LSPIN,lspin_tf,0.00065,0.0,1,6,0.48522428759676717,1.8022171831695641,0.22330097087378642,2.2723607961703203,0.29896907216494845
LSPIN,lspin_tf,0.00065,0.0,1,7,0.38102163141201284,3.4477198286722097,0.5365853658536586,2.1940035273368608,0.2857142857142857
LSPIN,lspin_tf,0.00065,0.0,1,8,0.1277153293603679,2.8992189468379945,0.4157303370786517,1.5671453766691863,0.18867924528301888
LSPIN,lspin_tf,0.00065,0.0,1,9,0.48017427634686227,1.488788107835727,0.17757009345794392,2.3507180650037793,0.3125
LSPIN,lspin_tf,0.00065,0.0,2,3,0.6372628013079414,2.3507180650037793,0.3125,2.8992189468379945,0.4157303370786517
LSPIN,lspin_tf,0.00065,0.0,2,4,0.5832041172923849,2.2723607961703203,0.29896907216494845,2.429075333837239,0.3263157894736842
LSPIN,lspin_tf,0.00065,0.0,2,5,0.16955815283620776,1.488788107835727,0.17757009345794392,1.488788107835727,0.17757009345794392
LSPIN,lspin_tf,0.00065,0.0,2,6,0.736866696278903,2.8208616780045355,0.4,3.1342907533383726,0.46511627906976744
LSPIN,lspin_tf,0.00065,0.0,2,7,0.26582939270782346,1.7238599143361049,0.21153846153846154,1.4104308390022677,0.16666666666666666
LSPIN,lspin_tf,0.00065,0.0,2,8,0.26854118311528713,1.7238599143361049,0.21153846153846154,1.6455026455026456,0.2
LSPIN,lspin_tf,0.00065,0.0,2,9,0.7255974719625244,3.1342907533383726,0.46511627906976744,2.977576215671454,0.4318181818181818
LSPIN,lspin_tf,0.00065,0.0,3,4,0.480749502363565,2.1156462585034013,0.2727272727272727,2.2723607961703203,0.29896907216494845
LSPIN,lspin_tf,0.00065,0.0,3,5,0.2460868049166305,1.4104308390022677,0.16666666666666666,2.037288989669942,0.26
LSPIN,lspin_tf,0.00065,0.0,3,6,0.7012233263498775,2.2723607961703203,0.29896907216494845,3.291005291005291,0.5
LSPIN,lspin_tf,0.00065,0.0,3,7,0.24843341756807977,1.958931720836483,0.24752475247524752,1.8022171831695641,0.22330097087378642
LSPIN,lspin_tf,0.00065,0.0,3,8,0.32433484240503024,1.958931720836483,0.24752475247524752,1.7238599143361049,0.21153846153846154
LSPIN,lspin_tf,0.00065,0.0,3,9,0.6896420085271723,2.1940035273368608,0.2857142857142857,3.1342907533383726,0.46511627906976744
LSPIN,lspin_tf,0.00065,0.0,4,5,0.11800247569766452,1.7238599143361049,0.21153846153846154,1.6455026455026456,0.2
LSPIN,lspin_tf,0.00065,0.0,4,6,0.5238563713769059,2.2723607961703203,0.29896907216494845,2.2723607961703203,0.29896907216494845
LSPIN,lspin_tf,0.00065,0.0,4,7,0.30437058014917756,1.8022171831695641,0.22330097087378642,2.1156462585034013,0.2727272727272727
LSPIN,lspin_tf,0.00065,0.0,4,8,0.28903475670503276,1.7238599143361049,0.21153846153846154,1.6455026455026456,0.2
LSPIN,lspin_tf,0.00065,0.0,4,9,0.4897021798943589,2.507432602670698,0.3404255319148936,2.1940035273368608,0.2857142857142857
LSPIN,lspin_tf,0.00065,0.0,5,6,0.23592458837997887,1.488788107835727,0.17757009345794392,2.037288989669942,0.26
LSPIN,lspin_tf,0.00065,0.0,5,7,0.4708799494144463,3.055933484504913,0.4482758620689655,2.6641471403376165,0.3695652173913043
LSPIN,lspin_tf,0.00065,0.0,5,8,0.40156820051100944,2.977576215671454,0.4318181818181818,1.8805744520030236,0.23529411764705882
LSPIN,lspin_tf,0.00065,0.0,5,9,0.14509809402563587,1.253716301335349,0.14545454545454545,1.5671453766691863,0.18867924528301888
LSPIN,lspin_tf,0.00065,0.0,6,7,0.31297580115659346,1.5671453766691863,0.18867924528301888,1.7238599143361049,0.21153846153846154
LSPIN,lspin_tf,0.00065,0.0,6,8,0.25632058149368864,1.4104308390022677,0.16666666666666666,1.8022171831695641,0.22330097087378642
LSPIN,lspin_tf,0.00065,0.0,6,9,0.777675641386457,2.977576215671454,0.4318181818181818,3.212648022171832,0.4823529411764706
LSPIN,lspin_tf,0.00065,0.0,7,8,0.5547915785221926,4.074577979339884,0.7027027027027027,2.6641471403376165,0.3695652173913043
LSPIN,lspin_tf,0.00065,0.0,7,9,0.21571784101377742,1.4104308390022677,0.16666666666666666,1.3320735701688082,0.1559633027522936
LSPIN,lspin_tf,0.00065,0.0,8,9,0.14401656099380003,1.3320735701688082,0.1559633027522936,1.3320735701688082,0.1559633027522936
LSPIN,lspin_tf,0.0005,0.0,0,1,0.2562290210293346,1.6455026455026456,0.2,1.5671453766691863,0.18867924528301888
LSPIN,lspin_tf,0.0005,0.0,0,2,0.2809659146960755,1.4104308390022677,0.16666666666666666,2.1156462585034013,0.2727272727272727
LSPIN,lspin_tf,0.0005,0.0,0,3,0.3889911725699357,1.8805744520030236,0.23529411764705882,2.429075333837239,0.3263157894736842
LSPIN,lspin_tf,0.0005,0.0,0,4,0.35008352617531574,1.8805744520030236,0.23529411764705882,1.958931720836483,0.24752475247524752
LSPIN,lspin_tf,0.0005,0.0,0,5,0.16159885836438959,1.488788107835727,0.17757009345794392,1.5671453766691863,0.18867924528301888
LSPIN,lspin_tf,0.0005,0.0,0,6,0.5519760152940081,2.429075333837239,0.3263157894736842,2.429075333837239,0.3263157894736842
LSPIN,lspin_tf,0.0005,0.0,0,7,0.2906657679618665,1.3320735701688082,0.1559633027522936,2.3507180650037793,0.3125
LSPIN,lspin_tf,0.0005,0.0,0,8,0.49251640002887787,2.3507180650037793,0.3125,2.1156462585034013,0.2727272727272727
LSPIN,lspin_tf,0.0005,0.0,0,9,0.3324797442374402,1.8805744520030236,0.23529411764705882,2.1940035273368608,0.2857142857142857
LSPIN,lspin_tf,0.0005,0.0,1,2,0.21518309952550402,2.8992189468379945,0.4157303370786517,1.7238599143361049,0.21153846153846154
LSPIN,lspin_tf,0.0005,0.0,1,3,0.38446098008844587,3.996220710506425,0.68,2.507432602670698,0.3404255319148936
LSPIN,lspin_tf,0.0005,0.0,1,4,0.3264235991168249,2.507432602670698,0.3404255319148936,1.958931720836483,0.24752475247524752
LSPIN,lspin_tf,0.0005,0.0,1,5,0.3605280484627948,4.3096497858402625,0.7746478873239436,2.2723607961703203,0.29896907216494845
LSPIN,lspin_tf,0.0005,0.0,1,6,0.18277305871429889,1.8805744520030236,0.23529411764705882,1.3320735701688082,0.1559633027522936
LSPIN,lspin_tf,0.0005,0.0,1,7,0.06798665122246036,3.212648022171832,0.4823529411764706,1.6455026455026456,0.2
LSPIN,lspin_tf,0.0005,0.0,1,8,0.18054734283299576,1.4104308390022677,0.16666666666666666,1.5671453766691863,0.18867924528301888
LSPIN,lspin_tf,0.0005,0.0,1,9,0.4794764523790838,3.8395061728395063,0.6363636363636364,2.3507180650037793,0.3125
LSPIN,lspin_tf,0.0005,0.0,2,3,0.39097110515727207,3.5260770975056692,0.5555555555555556,2.507432602670698,0.3404255319148936
LSPIN,lspin_tf,0.0005,0.0,2,4,0.32704291405260616,2.8208616780045355,0.4,2.1156462585034013,0.2727272727272727
LSPIN,lspin_tf,0.0005,0.0,2,5,0.19268784469271932,3.055933484504913,0.4482758620689655,1.4104308390022677,0.16666666666666666
LSPIN,lspin_tf,0.0005,0.0,2,6,0.41084428260456624,1.7238599143361049,0.21153846153846154,2.3507180650037793,0.3125
LSPIN,lspin_tf,0.0005,0.0,2,7,0.6036544054878632,3.7611489040060473,0.6153846153846154,2.8208616780045355,0.4
LSPIN,lspin_tf,0.0005,0.0,2,8,0.4546978902193479,1.5671453766691863,0.18867924528301888,2.507432602670698,0.3404255319148936
LSPIN,lspin_tf,0.0005,0.0,2,9,0.39060992825342505,3.212648022171832,0.4823529411764706,1.8022171831695641,0.22330097087378642
LSPIN,lspin_tf,0.0005,0.0,3,4,0.3514581719707486,2.6641471403376165,0.3695652173913043,2.037288989669942,0.26
LSPIN,lspin_tf,0.0005,0.0,3,5,0.15337765086234953,3.917863441672966,0.6578947368421053,1.488788107835727,0.17757009345794392
LSPIN,lspin_tf,0.0005,0.0,3,6,0.18864579587221034,1.8022171831695641,0.22330097087378642,1.4104308390022677,0.16666666666666666
LSPIN,lspin_tf,0.0005,0.0,3,7,0.33076735801973733,3.291005291005291,0.5,1.958931720836483,0.24752475247524752
LSPIN,lspin_tf,0.0005,0.0,3,8,0.18994203415060293,1.5671453766691863,0.18867924528301888,1.488788107835727,0.17757009345794392
LSPIN,lspin_tf,0.0005,0.0,3,9,0.34847358394676065,3.8395061728395063,0.6363636363636364,2.2723607961703203,0.29896907216494845
LSPIN,lspin_tf,0.0005,0.0,4,5,0.32403147690222206,2.3507180650037793,0.3125,1.8022171831695641,0.22330097087378642
LSPIN,lspin_tf,0.0005,0.0,4,6,0.22921575106567937,1.7238599143361049,0.21153846153846154,1.488788107835727,0.17757009345794392
LSPIN,lspin_tf,0.0005,0.0,4,7,0.35223476305127477,2.8992189468379945,0.4157303370786517,2.1156462585034013,0.2727272727272727
LSPIN,lspin_tf,0.0005,0.0,4,8,0.26143868964987327,1.6455026455026456,0.2,1.8805744520030236,0.23529411764705882
LSPIN,lspin_tf,0.0005,0.0,4,9,0.3325356485338467,2.8992189468379945,0.4157303370786517,2.1940035273368608,0.2857142857142857
LSPIN,lspin_tf,0.0005,0.0,5,6,0.1191608372496601,1.6455026455026456,0.2,1.5671453766691863,0.18867924528301888
LSPIN,lspin_tf,0.0005,0.0,5,7,0.06733291419514707,3.291005291005291,0.5,1.1753590325018897,0.13513513513513514
LSPIN,lspin_tf,0.0005,0.0,5,8,0.15201582702542876,1.4104308390022677,0.16666666666666666,1.4104308390022677,0.16666666666666666
LSPIN,lspin_tf,0.0005,0.0,5,9,0.32247896011607285,3.682791635172588,0.5949367088607594,1.5671453766691863,0.18867924528301888
LSPIN,lspin_tf,0.0005,0.0,6,7,0.44387195945367414,1.6455026455026456,0.2,2.429075333837239,0.3263157894736842
LSPIN,lspin_tf,0.0005,0.0,6,8,0.7111110503354567,2.8208616780045355,0.4,2.6641471403376165,0.3695652173913043
LSPIN,lspin_tf,0.0005,0.0,6,9,0.2987584975794337,1.8805744520030236,0.23529411764705882,1.7238599143361049,0.21153846153846154
LSPIN,lspin_tf,0.0005,0.0,7,8,0.45938617124216063,1.3320735701688082,0.1559633027522936,2.507432602670698,0.3404255319148936
LSPIN,lspin_tf,0.0005,0.0,7,9,0.30285844872558637,3.291005291005291,0.5,1.8022171831695641,0.22330097087378642
LSPIN,lspin_tf,0.0005,0.0,8,9,0.3222749623685951,1.5671453766691863,0.18867924528301888,2.037288989669942,0.26
LSPIN,lspin_tf,0.0004,0.0,0,1,0.2756655908071134,2.742504409171076,0.38461538461538464,1.7238599143361049,0.21153846153846154
LSPIN,lspin_tf,0.0004,0.0,0,2,0.4140890162971806,3.6044343663391283,0.575,2.037288989669942,0.26
LSPIN,lspin_tf,0.0004,0.0,0,3,0.4112865423605296,1.5671453766691863,0.18867924528301888,2.507432602670698,0.3404255319148936
LSPIN,lspin_tf,0.0004,0.0,0,4,0.3803853243258371,1.5671453766691863,0.18867924528301888,2.1940035273368608,0.2857142857142857
LSPIN,lspin_tf,0.0004,0.0,0,5,0.35689727820096206,1.3320735701688082,0.1559633027522936,2.429075333837239,0.3263157894736842
LSPIN,lspin_tf,0.0004,0.0,0,6,0.4934346209232158,1.7238599143361049,0.21153846153846154,2.507432602670698,0.3404255319148936
LSPIN,lspin_tf,0.0004,0.0,0,7,0.4710515914734961,1.6455026455026456,0.2,2.6641471403376165,0.3695652173913043
LSPIN,lspin_tf,0.0004,0.0,0,8,0.5868780065055097,1.958931720836483,0.24752475247524752,2.6641471403376165,0.3695652173913043
LSPIN,lspin_tf,0.0004,0.0,0,9,0.23524645348521273,2.977576215671454,0.4318181818181818,1.8022171831695641,0.22330097087378642
LSPIN,lspin_tf,0.0004,0.0,1,2,0.5244560589064723,2.6641471403376165,0.3695652173913043,2.429075333837239,0.3263157894736842
LSPIN,lspin_tf,0.0004,0.0,1,3,0.256808315841164,1.4104308390022677,0.16666666666666666,1.488788107835727,0.17757009345794392
LSPIN,lspin_tf,0.0004,0.0,1,4,0.3783346206835585,1.6455026455026456,0.2,1.958931720836483,0.24752475247524752
LSPIN,lspin_tf,0.0004,0.0,1,5,0.21928044253944057,1.488788107835727,0.17757009345794392,1.5671453766691863,0.18867924528301888
LSPIN,lspin_tf,0.0004,0.0,1,6,0.308000989680444,1.3320735701688082,0.1559633027522936,1.8805744520030236,0.23529411764705882
LSPIN,lspin_tf,0.0004,0.0,1,7,0.3786565925779458,1.4104308390022677,0.16666666666666666,2.037288989669942,0.26
LSPIN,lspin_tf,0.0004,0.0,1,8,0.4614184935219209,1.5671453766691863,0.18867924528301888,2.429075333837239,0.3263157894736842
LSPIN,lspin_tf,0.0004,0.0,1,9,0.3547141188373282,2.742504409171076,0.38461538461538464,1.8805744520030236,0.23529411764705882
LSPIN,lspin_tf,0.0004,0.0,2,3,0.4963846043772239,1.3320735701688082,0.1559633027522936,2.507432602670698,0.3404255319148936
LSPIN,lspin_tf,0.0004,0.0,2,4,0.3947286883759018,1.4104308390022677,0.16666666666666666,2.037288989669942,0.26
LSPIN,lspin_tf,0.0004,0.0,2,5,0.40323490043317667,1.253716301335349,0.14545454545454545,2.507432602670698,0.3404255319148936
LSPIN,lspin_tf,0.0004,0.0,2,6,0.4632110242782575,1.3320735701688082,0.1559633027522936,2.429075333837239,0.3263157894736842
LSPIN,lspin_tf,0.0004,0.0,2,7,0.4995404978931757,1.488788107835727,0.17757009345794392,3.1342907533383726,0.46511627906976744
LSPIN,lspin_tf,0.0004,0.0,2,8,0.5133156350996961,1.6455026455026456,0.2,2.6641471403376165,0.3695652173913043
LSPIN,lspin_tf,0.0004,0.0,2,9,0.34557555420798625,3.212648022171832,0.4823529411764706,1.8805744520030236,0.23529411764705882
LSPIN,lspin_tf,0.0004,0.0,3,4,0.5866383257434974,2.507432602670698,0.3404255319148936,2.742504409171076,0.38461538461538464
LSPIN,lspin_tf,0.0004,0.0,3,5,0.6583794304337716,2.2723607961703203,0.29896907216494845,2.977576215671454,0.4318181818181818
LSPIN,lspin_tf,0.0004,0.0,3,6,0.7587500679497701,2.429075333837239,0.3263157894736842,3.291005291005291,0.5
LSPIN,lspin_tf,0.0004,0.0,3,7,0.6726384423890233,2.977576215671454,0.4318181818181818,2.977576215671454,0.4318181818181818
LSPIN,lspin_tf,0.0004,0.0,3,8,0.6195426882748438,2.8208616780045355,0.4,2.3507180650037793,0.3125
LSPIN,lspin_tf,0.0004,0.0,3,9,0.06415305596452028,1.0970017636684304,0.125,1.0970017636684304,0.125
LSPIN,lspin_tf,0.0004,0.0,4,5,0.4684601075519328,1.488788107835727,0.17757009345794392,2.6641471403376165,0.3695652173913043
LSPIN,lspin_tf,0.0004,0.0,4,6,0.6192928955071118,2.429075333837239,0.3263157894736842,2.5857898715041574,0.3548387096774194
LSPIN,lspin_tf,0.0004,0.0,4,7,0.6265843223521431,2.5857898715041574,0.3548387096774194,2.5857898715041574,0.3548387096774194
LSPIN,lspin_tf,0.0004,0.0,4,8,0.6608821992910457,2.8992189468379945,0.4157303370786517,2.8208616780045355,0.4
LSPIN,lspin_tf,0.0004,0.0,4,9,0.21767902060400376,1.5671453766691863,0.18867924528301888,1.3320735701688082,0.1559633027522936
LSPIN,lspin_tf,0.0004,0.0,5,6,0.6214783380458148,2.037288989669942,0.26,2.977576215671454,0.4318181818181818
LSPIN,lspin_tf,0.0004,0.0,5,7,0.5337529449962203,1.958931720836483,0.24752475247524752,2.8992189468379945,0.4157303370786517
LSPIN,lspin_tf,0.0004,0.0,5,8,0.4893012758236548,1.7238599143361049,0.21153846153846154,2.6641471403376165,0.3695652173913043
LSPIN,lspin_tf,0.0004,0.0,5,9,0.06954091310950379,1.5671453766691863,0.18867924528301888,1.1753590325018897,0.13513513513513514
LSPIN,lspin_tf,0.0004,0.0,6,7,0.634439899540692,2.1940035273368608,0.2857142857142857,3.055933484504913,0.4482758620689655
LSPIN,lspin_tf,0.0004,0.0,6,8,0.7016194739952198,2.5857898715041574,0.3548387096774194,2.8208616780045355,0.4
LSPIN,lspin_tf,0.0004,0.0,6,9,0.1376469008158714,1.5671453766691863,0.18867924528301888,1.1753590325018897,0.13513513513513514
LSPIN,lspin_tf,0.0004,0.0,7,8,0.7214400740193874,3.1342907533383726,0.46511627906976744,3.055933484504913,0.4482758620689655
LSPIN,lspin_tf,0.0004,0.0,7,9,0.27710434292070246,1.488788107835727,0.17757009345794392,1.8805744520030236,0.23529411764705882
LSPIN,lspin_tf,0.0004,0.0,8,9,0.31809319475698294,1.6455026455026456,0.2,1.8805744520030236,0.23529411764705882
LSPIN,lspin_tf,0.0003,0.0,0,1,0.3357944693059888,1.3320735701688082,0.1559633027522936,1.958931720836483,0.24752475247524752
LSPIN,lspin_tf,0.0003,0.0,0,2,0.26792779451006854,1.6455026455026456,0.2,1.958931720836483,0.24752475247524752
LSPIN,lspin_tf,0.0003,0.0,0,3,0.05074932359423839,1.488788107835727,0.17757009345794392,1.6455026455026456,0.2
LSPIN,lspin_tf,0.0003,0.0,0,4,0.3438685643299817,1.4104308390022677,0.16666666666666666,2.037288989669942,0.26
LSPIN,lspin_tf,0.0003,0.0,0,5,0.34197394456238067,1.3320735701688082,0.1559633027522936,2.037288989669942,0.26
LSPIN,lspin_tf,0.0003,0.0,0,6,0.2379894553033124,1.488788107835727,0.17757009345794392,2.1156462585034013,0.2727272727272727
LSPIN,lspin_tf,0.0003,0.0,0,7,0.8034850348284717,2.2723607961703203,0.29896907216494845,3.682791635172588,0.5949367088607594
LSPIN,lspin_tf,0.0003,0.0,0,8,0.2990766203173973,1.4104308390022677,0.16666666666666666,1.5671453766691863,0.18867924528301888
LSPIN,lspin_tf,0.0003,0.0,0,9,0.11396981635091616,1.5671453766691863,0.18867924528301888,1.0970017636684304,0.125
LSPIN,lspin_tf,0.0003,0.0,1,2,0.43154219813624267,3.5260770975056692,0.5555555555555556,2.1940035273368608,0.2857142857142857
LSPIN,lspin_tf,0.0003,0.0,1,3,0.11271235750151176,4.3096497858402625,0.7746478873239436,2.2723607961703203,0.29896907216494845
LSPIN,lspin_tf,0.0003,0.0,1,4,0.5251985383127923,4.3880070546737215,0.8,3.917863441672966,0.6578947368421053
LSPIN,lspin_tf,0.0003,0.0,1,5,0.4475901204485353,2.2723607961703203,0.29896907216494845,1.958931720836483,0.24752475247524752
LSPIN,lspin_tf,0.0003,0.0,1,6,0.4477227712368493,3.4477198286722097,0.5365853658536586,1.8022171831695641,0.22330097087378642
LSPIN,lspin_tf,0.0003,0.0,1,7,0.38084578629216836,1.3320735701688082,0.1559633027522936,2.2723607961703203,0.29896907216494845
LSPIN,lspin_tf,0.0003,0.0,1,8,0.4090582371684309,3.291005291005291,0.5,2.037288989669942,0.26
LSPIN,lspin_tf,0.0003,0.0,1,9,0.0828445987010949,4.074577979339884,0.7027027027027027,1.5671453766691863,0.18867924528301888
LSPIN,lspin_tf,0.0003,0.0,2,3,0.34579956562557285,3.4477198286722097,0.5365853658536586,2.2723607961703203,0.29896907216494845
LSPIN,lspin_tf,0.0003,0.0,2,4,0.42532028374333075,3.3693625598387507,0.5180722891566265,2.1156462585034013,0.2727272727272727
LSPIN,lspin_tf,0.0003,0.0,2,5,0.6311593816026462,2.6641471403376165,0.3695652173913043,3.055933484504913,0.4482758620689655
LSPIN,lspin_tf,0.0003,0.0,2,6,0.2957333721142187,3.3693625598387507,0.5180722891566265,1.958931720836483,0.24752475247524752
LSPIN,lspin_tf,0.0003,0.0,2,7,0.31823224369717473,1.488788107835727,0.17757009345794392,2.037288989669942,0.26
LSPIN,lspin_tf,0.0003,0.0,2,8,0.18225516965116206,3.3693625598387507,0.5180722891566265,1.4104308390022677,0.16666666666666666
LSPIN,lspin_tf,0.0003,0.0,2,9,0.27073265713450984,3.3693625598387507,0.5180722891566265,1.8805744520030236,0.23529411764705882
LSPIN,lspin_tf,0.0003,0.0,3,4,0.030099453871661713,4.1529352481733435,0.726027397260274,2.037288989669942,0.26
LSPIN,lspin_tf,0.0003,0.0,3,5,0.2664785983874862,2.1156462585034013,0.2727272727272727,2.1156462585034013,0.2727272727272727
LSPIN,lspin_tf,0.0003,0.0,3,6,0.23135688217881373,3.8395061728395063,0.6363636363636364,1.8805744520030236,0.23529411764705882
LSPIN,lspin_tf,0.0003,0.0,3,7,0.14128643277474162,1.1753590325018897,0.13513513513513514,1.5671453766691863,0.18867924528301888
LSPIN,lspin_tf,0.0003,0.0,3,8,0.15868902966464185,3.212648022171832,0.4823529411764706,1.5671453766691863,0.18867924528301888
LSPIN,lspin_tf,0.0003,0.0,3,9,0.1885956449597458,3.8395061728395063,0.6363636363636364,1.253716301335349,0.14545454545454545
LSPIN,lspin_tf,0.0003,0.0,4,5,0.40022910054354693,2.1156462585034013,0.2727272727272727,2.037288989669942,0.26
LSPIN,lspin_tf,0.0003,0.0,4,6,0.27947315304141734,3.5260770975056692,0.5555555555555556,1.8022171831695641,0.22330097087378642
LSPIN,lspin_tf,0.0003,0.0,4,7,0.31882802453772674,1.253716301335349,0.14545454545454545,2.1156462585034013,0.2727272727272727
LSPIN,lspin_tf,0.0003,0.0,4,8,0.4176614565018889,3.1342907533383726,0.46511627906976744,1.7238599143361049,0.21153846153846154
LSPIN,lspin_tf,0.0003,0.0,4,9,0.14988289598726046,3.917863441672966,0.6578947368421053,1.488788107835727,0.17757009345794392
LSPIN,lspin_tf,0.0003,0.0,5,6,0.33561922861054727,1.8805744520030236,0.23529411764705882,2.3507180650037793,0.3125
LSPIN,lspin_tf,0.0003,0.0,5,7,0.4757352939684819,2.037288989669942,0.26,2.2723607961703203,0.29896907216494845
LSPIN,lspin_tf,0.0003,0.0,5,8,0.3038369823975028,2.429075333837239,0.3263157894736842,1.6455026455026456,0.2
LSPIN,lspin_tf,0.0003,0.0,5,9,0.12013058680231707,2.2723607961703203,0.29896907216494845,1.7238599143361049,0.21153846153846154
LSPIN,lspin_tf,0.0003,0.0,6,7,0.3210795669299958,1.0970017636684304,0.125,2.3507180650037793,0.3125
LSPIN,lspin_tf,0.0003,0.0,6,8,0.2713635511483087,3.055933484504913,0.4482758620689655,1.7238599143361049,0.21153846153846154
LSPIN,lspin_tf,0.0003,0.0,6,9,0.1774434615697797,3.1342907533383726,0.46511627906976744,1.5671453766691863,0.18867924528301888
LSPIN,lspin_tf,0.0003,0.0,7,8,0.35224919373901986,1.5671453766691863,0.18867924528301888,1.7238599143361049,0.21153846153846154
LSPIN,lspin_tf,0.0003,0.0,7,9,0.10648974504023448,1.5671453766691863,0.18867924528301888,1.1753590325018897,0.13513513513513514
LSPIN,lspin_tf,0.0003,0.0,8,9,0.3020289690535918,3.4477198286722097,0.5365853658536586,2.1940035273368608,0.2857142857142857
LSPIN,lspin_tf,0.011,0.1,0,1,0.3186776281477618,1.8022171831695641,0.22330097087378642,1.488788107835727,0.17757009345794392
LSPIN,lspin_tf,0.011,0.1,0,2,0.6318069819703942,2.742504409171076,0.38461538461538464,2.6641471403376165,0.3695652173913043
LSPIN,lspin_tf,0.011,0.1,0,3,0.5855371194774877,2.6641471403376165,0.3695652173913043,2.507432602670698,0.3404255319148936
LSPIN,lspin_tf,0.011,0.1,0,4,0.5659704505671717,2.3507180650037793,0.3125,2.3507180650037793,0.3125
LSPIN,lspin_tf,0.011,0.1,0,5,0.4055747656490131,1.958931720836483,0.24752475247524752,1.8022171831695641,0.22330097087378642
LSPIN,lspin_tf,0.011,0.1,0,6,0.6651446130802214,2.6641471403376165,0.3695652173913043,2.8208616780045355,0.4
LSPIN,lspin_tf,0.011,0.1,0,7,0.5690137877912068,1.958931720836483,0.24752475247524752,2.429075333837239,0.3263157894736842
LSPIN,lspin_tf,0.011,0.1,0,8,0.6605037030000397,2.8992189468379945,0.4157303370786517,2.8992189468379945,0.4157303370786517
LSPIN,lspin_tf,0.011,0.1,0,9,0.5274013124997398,2.1940035273368608,0.2857142857142857,2.1940035273368608,0.2857142857142857
LSPIN,lspin_tf,0.011,0.1,1,2,0.33809801285932417,1.5671453766691863,0.18867924528301888,1.8805744520030236,0.23529411764705882
LSPIN,lspin_tf,0.011,0.1,1,3,0.36191251888278925,1.958931720836483,0.24752475247524752,1.958931720836483,0.24752475247524752
LSPIN,lspin_tf,0.011,0.1,1,4,0.46855611812531234,2.3507180650037793,0.3125,2.2723607961703203,0.29896907216494845
LSPIN,lspin_tf,0.011,0.1,1,5,0.299541184797901,1.4104308390022677,0.16666666666666666,1.8022171831695641,0.22330097087378642
LSPIN,lspin_tf,0.011,0.1,1,6,0.33052348519403857,1.8805744520030236,0.23529411764705882,1.958931720836483,0.24752475247524752
LSPIN,lspin_tf,0.011,0.1,1,7,0.32894967578941814,1.6455026455026456,0.2,1.958931720836483,0.24752475247524752
LSPIN,lspin_tf,0.011,0.1,1,8,0.31918506863672347,1.958931720836483,0.24752475247524752,1.5671453766691863,0.18867924528301888
LSPIN,lspin_tf,0.011,0.1,1,9,0.313549622823145,1.8022171831695641,0.22330097087378642,1.958931720836483,0.24752475247524752
LSPIN,lspin_tf,0.011,0.1,2,3,0.7266450958518048,2.8208616780045355,0.4,2.977576215671454,0.4318181818181818
LSPIN,lspin_tf,0.011,0.1,2,4,0.5807464054949681,2.429075333837239,0.3263157894736842,3.055933484504913,0.4482758620689655
LSPIN,lspin_tf,0.011,0.1,2,5,0.45663369235254964,1.8805744520030236,0.23529411764705882,2.2723607961703203,0.29896907216494845
LSPIN,lspin_tf,0.011,0.1,2,6,0.6217723725594445,2.2723607961703203,0.29896907216494845,2.742504409171076,0.38461538461538464
LSPIN,lspin_tf,0.011,0.1,2,7,0.5427911122576821,1.958931720836483,0.24752475247524752,2.742504409171076,0.38461538461538464
LSPIN,lspin_tf,0.011,0.1,2,8,0.6697901440147842,2.2723607961703203,0.29896907216494845,3.1342907533383726,0.46511627906976744
LSPIN,lspin_tf,0.011,0.1,2,9,0.6618344615250018,2.3507180650037793,0.3125,2.977576215671454,0.4318181818181818
LSPIN,lspin_tf,0.011,0.1,3,4,0.5709846347686994,2.3507180650037793,0.3125,2.6641471403376165,0.3695652173913043
LSPIN,lspin_tf,0.011,0.1,3,5,0.3915435718816762,1.8022171831695641,0.22330097087378642,1.958931720836483,0.24752475247524752
LSPIN,lspin_tf,0.011,0.1,3,6,0.6828961548528166,2.507432602670698,0.3404255319148936,2.8992189468379945,0.4157303370786517
LSPIN,lspin_tf,0.011,0.1,3,7,0.43871488850538143,1.958931720836483,0.24752475247524752,2.3507180650037793,0.3125
LSPIN,lspin_tf,0.011,0.1,3,8,0.5790803006272836,2.1940035273368608,0.2857142857142857,2.742504409171076,0.38461538461538464
LSPIN,lspin_tf,0.011,0.1,3,9,0.690510076051372,2.6641471403376165,0.3695652173913043,2.8992189468379945,0.4157303370786517
LSPIN,lspin_tf,0.011,0.1,4,5,0.4823934433893602,2.1940035273368608,0.2857142857142857,2.3507180650037793,0.3125
LSPIN,lspin_tf,0.011,0.1,4,6,0.6275847618937647,2.6641471403376165,0.3695652173913043,3.1342907533383726,0.46511627906976744
LSPIN,lspin_tf,0.011,0.1,4,7,0.6093037453272344,2.507432602670698,0.3404255319148936,2.6641471403376165,0.3695652173913043
LSPIN,lspin_tf,0.011,0.1,4,8,0.559093504630536,2.5857898715041574,0.3548387096774194,2.6641471403376165,0.3695652173913043
LSPIN,lspin_tf,0.011,0.1,4,9,0.5425374715121807,2.6641471403376165,0.3695652173913043,2.6641471403376165,0.3695652173913043
LSPIN,lspin_tf,0.011,0.1,5,6,0.498735842344999,2.2723607961703203,0.29896907216494845,2.2723607961703203,0.29896907216494845
LSPIN,lspin_tf,0.011,0.1,5,7,0.46423582078929987,2.3507180650037793,0.3125,1.8022171831695641,0.22330097087378642
LSPIN,lspin_tf,0.011,0.1,5,8,0.49150371051989844,2.2723607961703203,0.29896907216494845,1.8022171831695641,0.22330097087378642
LSPIN,lspin_tf,0.011,0.1,5,9,0.4064211448740219,2.2723607961703203,0.29896907216494845,2.037288989669942,0.26
LSPIN,lspin_tf,0.011,0.1,6,7,0.5294860410723502,1.8805744520030236,0.23529411764705882,2.429075333837239,0.3263157894736842
LSPIN,lspin_tf,0.011,0.1,6,8,0.7103571099896104,2.5857898715041574,0.3548387096774194,3.1342907533383726,0.46511627906976744
LSPIN,lspin_tf,0.011,0.1,6,9,0.6210492690284197,2.5857898715041574,0.3548387096774194,2.742504409171076,0.38461538461538464
LSPIN,lspin_tf,0.011,0.1,7,8,0.6020694150264989,2.429075333837239,0.3263157894736842,2.742504409171076,0.38461538461538464
LSPIN,lspin_tf,0.011,0.1,7,9,0.5047322002247453,1.8805744520030236,0.23529411764705882,2.3507180650037793,0.3125
LSPIN,lspin_tf,0.011,0.1,8,9,0.6038934932345414,2.037288989669942,0.26,2.742504409171076,0.38461538461538464
LSPIN,lspin_tf,0.0075,0.1,0,1,0.5787311911910286,2.037288989669942,0.26,2.5857898715041574,0.3548387096774194
LSPIN,lspin_tf,0.0075,0.1,0,2,0.5589533202024783,2.1940035273368608,0.2857142857142857,2.429075333837239,0.3263157894736842
LSPIN,lspin_tf,0.0075,0.1,0,3,0.5868202578978364,2.429075333837239,0.3263157894736842,2.742504409171076,0.38461538461538464
LSPIN,lspin_tf,0.0075,0.1,0,4,0.5220872967391448,2.1156462585034013,0.2727272727272727,2.6641471403376165,0.3695652173913043
LSPIN,lspin_tf,0.0075,0.1,0,5,0.5047907754035326,1.6455026455026456,0.2,2.507432602670698,0.3404255319148936
LSPIN,lspin_tf,0.0075,0.1,0,6,0.6552949630592618,2.3507180650037793,0.3125,3.212648022171832,0.4823529411764706
LSPIN,lspin_tf,0.0075,0.1,0,7,0.4908963175937673,1.6455026455026456,0.2,2.507432602670698,0.3404255319148936
LSPIN,lspin_tf,0.0075,0.1,0,8,0.626134968584983,2.1156462585034013,0.2727272727272727,2.8992189468379945,0.4157303370786517
LSPIN,lspin_tf,0.0075,0.1,0,9,0.5993742505992077,2.1156462585034013,0.2727272727272727,2.5857898715041574,0.3548387096774194
LSPIN,lspin_tf,0.0075,0.1,1,2,0.5719771837410951,1.8805744520030236,0.23529411764705882,2.507432602670698,0.3404255319148936
LSPIN,lspin_tf,0.0075,0.1,1,3,0.6080403243117533,2.2723607961703203,0.29896907216494845,2.742504409171076,0.38461538461538464
LSPIN,lspin_tf,0.0075,0.1,1,4,0.5357425545325715,2.1940035273368608,0.2857142857142857,2.507432602670698,0.3404255319148936
LSPIN,lspin_tf,0.0075,0.1,1,5,0.39027231515307487,1.253716301335349,0.14545454545454545,2.1156462585034013,0.2727272727272727
LSPIN,lspin_tf,0.0075,0.1,1,6,0.5297297678887674,1.6455026455026456,0.2,2.5857898715041574,0.3548387096774194
LSPIN,lspin_tf,0.0075,0.1,1,7,0.4388999689494875,1.958931720836483,0.24752475247524752,2.2723607961703203,0.29896907216494845
LSPIN,lspin_tf,0.0075,0.1,1,8,0.6415284951146831,2.507432602670698,0.3404255319148936,2.742504409171076,0.38461538461538464
LSPIN,lspin_tf,0.0075,0.1,1,9,0.574705535933831,2.507432602670698,0.3404255319148936,2.429075333837239,0.3263157894736842
LSPIN,lspin_tf,0.0075,0.1,2,3,0.558989586177338,2.3507180650037793,0.3125,2.429075333837239,0.3263157894736842
LSPIN,lspin_tf,0.0075,0.1,2,4,0.5585671886148476,2.037288989669942,0.26,2.6641471403376165,0.3695652173913043
LSPIN,lspin_tf,0.0075,0.1,2,5,0.5358892884310584,1.8805744520030236,0.23529411764705882,2.429075333837239,0.3263157894736842
LSPIN,lspin_tf,0.0075,0.1,2,6,0.658933316129137,2.3507180650037793,0.3125,2.507432602670698,0.3404255319148936
LSPIN,lspin_tf,0.0075,0.1,2,7,0.578435605495572,2.1940035273368608,0.2857142857142857,2.8208616780045355,0.4
LSPIN,lspin_tf,0.0075,0.1,2,8,0.6762978334660048,2.5857898715041574,0.3548387096774194,2.8208616780045355,0.4
LSPIN,lspin_tf,0.0075,0.1,2,9,0.6964980403871822,2.429075333837239,0.3263157894736842,2.6641471403376165,0.3695652173913043
LSPIN,lspin_tf,0.0075,0.1,3,4,0.5450976712619308,2.429075333837239,0.3263157894736842,2.742504409171076,0.38461538461538464
LSPIN,lspin_tf,0.0075,0.1,3,5,0.38702170026976834,1.253716301335349,0.14545454545454545,2.1940035273368608,0.2857142857142857
LSPIN,lspin_tf,0.0075,0.1,3,6,0.5617638158157887,1.8805744520030236,0.23529411764705882,2.5857898715041574,0.3548387096774194
LSPIN,lspin_tf,0.0075,0.1,3,7,0.43882726974749586,2.037288989669942,0.26,2.3507180650037793,0.3125
LSPIN,lspin_tf,0.0075,0.1,3,8,0.6158068554704963,2.429075333837239,0.3263157894736842,2.5857898715041574,0.3548387096774194
LSPIN,lspin_tf,0.0075,0.1,3,9,0.574942836433429,2.507432602670698,0.3404255319148936,2.8208616780045355,0.4
LSPIN,lspin_tf,0.0075,0.1,4,5,0.4910909983615653,1.958931720836483,0.24752475247524752,2.5857898715041574,0.3548387096774194
LSPIN,lspin_tf,0.0075,0.1,4,6,0.5244791212515495,2.037288989669942,0.26,2.3507180650037793,0.3125
LSPIN,lspin_tf,0.0075,0.1,4,7,0.6515061006188145,2.1156462585034013,0.2727272727272727,2.8208616780045355,0.4
LSPIN,lspin_tf,0.0075,0.1,4,8,0.6157207986271883,2.6641471403376165,0.3695652173913043,2.8208616780045355,0.4
LSPIN,lspin_tf,0.0075,0.1,4,9,0.6516154846325931,2.037288989669942,0.26,2.8992189468379945,0.4157303370786517
LSPIN,lspin_tf,0.0075,0.1,5,6,0.5899076132869318,2.1940035273368608,0.2857142857142857,2.429075333837239,0.3263157894736842
LSPIN,lspin_tf,0.0075,0.1,5,7,0.5382105269709232,1.8805744520030236,0.23529411764705882,2.507432602670698,0.3404255319148936
LSPIN,lspin_tf,0.0075,0.1,5,8,0.5202120263867551,1.8805744520030236,0.23529411764705882,2.3507180650037793,0.3125
LSPIN,lspin_tf,0.0075,0.1,5,9,0.5063896674482601,1.8022171831695641,0.22330097087378642,2.429075333837239,0.3263157894736842
LSPIN,lspin_tf,0.0075,0.1,6,7,0.6139262542362248,2.742504409171076,0.38461538461538464,2.742504409171076,0.38461538461538464
LSPIN,lspin_tf,0.0075,0.1,6,8,0.6553344267236448,2.3507180650037793,0.3125,3.055933484504913,0.4482758620689655
LSPIN,lspin_tf,0.0075,0.1,6,9,0.6230305635029111,2.742504409171076,0.38461538461538464,2.6641471403376165,0.3695652173913043
LSPIN,lspin_tf,0.0075,0.1,7,8,0.605620784269243,2.3507180650037793,0.3125,2.8208616780045355,0.4
LSPIN,lspin_tf,0.0075,0.1,7,9,0.658646274464586,2.6641471403376165,0.3695652173913043,2.977576215671454,0.4318181818181818
LSPIN,lspin_tf,0.0075,0.1,8,9,0.6793459885898938,2.507432602670698,0.3404255319148936,2.6641471403376165,0.3695652173913043
LSPIN,lspin_tf,0.005,0.1,0,1,0.6024104682388656,2.429075333837239,0.3263157894736842,2.507432602670698,0.3404255319148936
LSPIN,lspin_tf,0.005,0.1,0,2,0.5573852277123021,2.1940035273368608,0.2857142857142857,2.5857898715041574,0.3548387096774194
LSPIN,lspin_tf,0.005,0.1,0,3,0.5940920228151355,2.3507180650037793,0.3125,2.5857898715041574,0.3548387096774194
LSPIN,lspin_tf,0.005,0.1,0,4,0.5255913478329167,2.429075333837239,0.3263157894736842,2.5857898715041574,0.3548387096774194
LSPIN,lspin_tf,0.005,0.1,0,5,0.5736997893044504,2.6641471403376165,0.3695652173913043,2.1940035273368608,0.2857142857142857
LSPIN,lspin_tf,0.005,0.1,0,6,0.4516084232026313,2.3507180650037793,0.3125,2.3507180650037793,0.3125
LSPIN,lspin_tf,0.005,0.1,0,7,0.5407020330552651,2.3507180650037793,0.3125,2.3507180650037793,0.3125
LSPIN,lspin_tf,0.005,0.1,0,8,0.5229418474537932,2.6641471403376165,0.3695652173913043,2.3507180650037793,0.3125
LSPIN,lspin_tf,0.005,0.1,0,9,0.5991435846413892,2.1940035273368608,0.2857142857142857,2.8992189468379945,0.4157303370786517
LSPIN,lspin_tf,0.005,0.1,1,2,0.6984873262700626,2.6641471403376165,0.3695652173913043,2.977576215671454,0.4318181818181818
LSPIN,lspin_tf,0.005,0.1,1,3,0.6549021185985622,2.507432602670698,0.3404255319148936,2.6641471403376165,0.3695652173913043
LSPIN,lspin_tf,0.005,0.1,1,4,0.6051448572454242,2.507432602670698,0.3404255319148936,2.8992189468379945,0.4157303370786517
LSPIN,lspin_tf,0.005,0.1,1,5,0.7569670242804344,2.6641471403376165,0.3695652173913043,3.291005291005291,0.5
LSPIN,lspin_tf,0.005,0.1,1,6,0.631265572715226,2.2723607961703203,0.29896907216494845,2.8208616780045355,0.4
LSPIN,lspin_tf,0.005,0.1,1,7,0.6321638875397424,2.8208616780045355,0.4,2.507432602670698,0.3404255319148936
LSPIN,lspin_tf,0.005,0.1,1,8,0.667980657901068,2.742504409171076,0.38461538461538464,2.8208616780045355,0.4
LSPIN,lspin_tf,0.005,0.1,1,9,0.6386410102928057,2.429075333837239,0.3263157894736842,2.6641471403376165,0.3695652173913043
LSPIN,lspin_tf,0.005,0.1,2,3,0.6845344670579853,2.2723607961703203,0.29896907216494845,3.055933484504913,0.4482758620689655
LSPIN,lspin_tf,0.005,0.1,2,4,0.4962355378666696,2.429075333837239,0.3263157894736842,2.429075333837239,0.3263157894736842
LSPIN,lspin_tf,0.005,0.1,2,5,0.7081827316595606,2.6641471403376165,0.3695652173913043,3.212648022171832,0.4823529411764706
LSPIN,lspin_tf,0.005,0.1,2,6,0.570550300371259,2.1940035273368608,0.2857142857142857,2.6641471403376165,0.3695652173913043
LSPIN,lspin_tf,0.005,0.1,2,7,0.5737577242666084,2.429075333837239,0.3263157894736842,2.507432602670698,0.3404255319148936
LSPIN,lspin_tf,0.005,0.1,2,8,0.6582883708115572,2.6641471403376165,0.3695652173913043,2.8992189468379945,0.4157303370786517
LSPIN,lspin_tf,0.005,0.1,2,9,0.715271051371631,2.5857898715041574,0.3548387096774194,3.212648022171832,0.4823529411764706
LSPIN,lspin_tf,0.005,0.1,3,4,0.6514295081910916,2.507432602670698,0.3404255319148936,2.8208616780045355,0.4
LSPIN,lspin_tf,0.005,0.1,3,5,0.7131058712488851,2.1156462585034013,0.2727272727272727,3.055933484504913,0.4482758620689655
LSPIN,lspin_tf,0.005,0.1,3,6,0.6536298843654464,2.2723607961703203,0.29896907216494845,2.6641471403376165,0.3695652173913043
LSPIN,lspin_tf,0.005,0.1,3,7,0.6582212430850812,2.3507180650037793,0.3125,2.8992189468379945,0.4157303370786517
LSPIN,lspin_tf,0.005,0.1,3,8,0.6024771408588188,2.507432602670698,0.3404255319148936,2.6641471403376165,0.3695652173913043
LSPIN,lspin_tf,0.005,0.1,3,9,0.7084650757648417,2.507432602670698,0.3404255319148936,2.6641471403376165,0.3695652173913043
LSPIN,lspin_tf,0.005,0.1,4,5,0.5993875502248531,2.037288989669942,0.26,2.5857898715041574,0.3548387096774194
LSPIN,lspin_tf,0.005,0.1,4,6,0.7375367119212913,2.6641471403376165,0.3695652173913043,3.3693625598387507,0.5180722891566265
LSPIN,lspin_tf,0.005,0.1,4,7,0.6631034745228803,2.742504409171076,0.38461538461538464,2.742504409171076,0.38461538461538464
LSPIN,lspin_tf,0.005,0.1,4,8,0.6080596175436419,2.742504409171076,0.38461538461538464,2.6641471403376165,0.3695652173913043
LSPIN,lspin_tf,0.005,0.1,4,9,0.5146025510222048,1.8022171831695641,0.22330097087378642,2.507432602670698,0.3404255319148936
LSPIN,lspin_tf,0.005,0.1,5,6,0.6569993522648689,2.1156462585034013,0.2727272727272727,2.429075333837239,0.3263157894736842
LSPIN,lspin_tf,0.005,0.1,5,7,0.6278960600699685,2.3507180650037793,0.3125,2.742504409171076,0.38461538461538464
LSPIN,lspin_tf,0.005,0.1,5,8,0.7053740677816678,2.5857898715041574,0.3548387096774194,2.6641471403376165,0.3695652173913043
LSPIN,lspin_tf,0.005,0.1,5,9,0.6807197903139842,1.8805744520030236,0.23529411764705882,2.8992189468379945,0.4157303370786517
LSPIN,lspin_tf,0.005,0.1,6,7,0.631323970729897,2.3507180650037793,0.3125,2.3507180650037793,0.3125
LSPIN,lspin_tf,0.005,0.1,6,8,0.6886435693500382,2.429075333837239,0.3263157894736842,2.8208616780045355,0.4
LSPIN,lspin_tf,0.005,0.1,6,9,0.5857148914765051,1.8022171831695641,0.22330097087378642,2.507432602670698,0.3404255319148936
LSPIN,lspin_tf,0.005,0.1,7,8,0.5551745321355724,2.2723607961703203,0.29896907216494845,2.2723607961703203,0.29896907216494845
LSPIN,lspin_tf,0.005,0.1,7,9,0.5784926485499969,2.1156462585034013,0.2727272727272727,2.5857898715041574,0.3548387096774194
LSPIN,lspin_tf,0.005,0.1,8,9,0.6221488573698654,2.037288989669942,0.26,2.507432602670698,0.3404255319148936
LSPIN,lspin_tf,0.0033,0.1,0,1,0.5439929802285255,2.2723607961703203,0.29896907216494845,2.3507180650037793,0.3125
LSPIN,lspin_tf,0.0033,0.1,0,2,0.5458411144615588,2.2723607961703203,0.29896907216494845,2.3507180650037793,0.3125
LSPIN,lspin_tf,0.0033,0.1,0,3,0.492462463218356,2.3507180650037793,0.3125,2.1156462585034013,0.2727272727272727
LSPIN,lspin_tf,0.0033,0.1,0,4,0.6795108647157123,2.1940035273368608,0.2857142857142857,2.977576215671454,0.4318181818181818
LSPIN,lspin_tf,0.0033,0.1,0,5,0.6279074521355122,2.1940035273368608,0.2857142857142857,2.8208616780045355,0.4
LSPIN,lspin_tf,0.0033,0.1,0,6,0.5309666152524913,2.507432602670698,0.3404255319148936,2.429075333837239,0.3263157894736842
LSPIN,lspin_tf,0.0033,0.1,0,7,0.6631420684045599,2.429075333837239,0.3263157894736842,2.8992189468379945,0.4157303370786517
LSPIN,lspin_tf,0.0033,0.1,0,8,0.28372123969622853,1.4104308390022677,0.16666666666666666,1.5671453766691863,0.18867924528301888
LSPIN,lspin_tf,0.0033,0.1,0,9,0.6684547766594721,2.3507180650037793,0.3125,2.742504409171076,0.38461538461538464
LSPIN,lspin_tf,0.0033,0.1,1,2,0.7151062442097142,2.429075333837239,0.3263157894736842,2.977576215671454,0.4318181818181818
LSPIN,lspin_tf,0.0033,0.1,1,3,0.6175764080430317,2.2723607961703203,0.29896907216494845,2.6641471403376165,0.3695652173913043
LSPIN,lspin_tf,0.0033,0.1,1,4,0.6187518592070244,2.5857898715041574,0.3548387096774194,2.5857898715041574,0.3548387096774194
LSPIN,lspin_tf,0.0033,0.1,1,5,0.5116676478676061,2.037288989669942,0.26,2.429075333837239,0.3263157894736842
LSPIN,lspin_tf,0.0033,0.1,1,6,0.5908402410267677,1.958931720836483,0.24752475247524752,2.977576215671454,0.4318181818181818
LSPIN,lspin_tf,0.0033,0.1,1,7,0.5853670403600635,2.429075333837239,0.3263157894736842,3.055933484504913,0.4482758620689655
LSPIN,lspin_tf,0.0033,0.1,1,8,0.24399604039804004,1.253716301335349,0.14545454545454545,1.4104308390022677,0.16666666666666666
LSPIN,lspin_tf,0.0033,0.1,1,9,0.6466251166080076,2.3507180650037793,0.3125,2.8208616780045355,0.4
LSPIN,lspin_tf,0.0033,0.1,2,3,0.6199492673545102,2.2723607961703203,0.29896907216494845,2.8208616780045355,0.4
LSPIN,lspin_tf,0.0033,0.1,2,4,0.570093769482503,2.037288989669942,0.26,2.429075333837239,0.3263157894736842
LSPIN,lspin_tf,0.0033,0.1,2,5,0.48967436022680694,2.2723607961703203,0.29896907216494845,1.6455026455026456,0.2
LSPIN,lspin_tf,0.0033,0.1,2,6,0.5956481820151216,2.2723607961703203,0.29896907216494845,2.742504409171076,0.38461538461538464
LSPIN,lspin_tf,0.0033,0.1,2,7,0.569149213895431,2.037288989669942,0.26,2.5857898715041574,0.3548387096774194
LSPIN,lspin_tf,0.0033,0.1,2,8,0.3428007136477695,1.488788107835727,0.17757009345794392,1.8805744520030236,0.23529411764705882
LSPIN,lspin_tf,0.0033,0.1,2,9,0.6177731167287935,2.429075333837239,0.3263157894736842,2.2723607961703203,0.29896907216494845
LSPIN,lspin_tf,0.0033,0.1,3,4,0.5844524335979953,2.507432602670698,0.3404255319148936,2.429075333837239,0.3263157894736842
LSPIN,lspin_tf,0.0033,0.1,3,5,0.5048097773166074,2.2723607961703203,0.29896907216494845,1.958931720836483,0.24752475247524752
LSPIN,lspin_tf,0.0033,0.1,3,6,0.637669336927693,2.6641471403376165,0.3695652173913043,2.5857898715041574,0.3548387096774194
LSPIN,lspin_tf,0.0033,0.1,3,7,0.5844049544425136,2.2723607961703203,0.29896907216494845,2.507432602670698,0.3404255319148936
LSPIN,lspin_tf,0.0033,0.1,3,8,0.2319894116409575,1.488788107835727,0.17757009345794392,1.5671453766691863,0.18867924528301888
LSPIN,lspin_tf,0.0033,0.1,3,9,0.6727433388746964,2.8992189468379945,0.4157303370786517,2.8992189468379945,0.4157303370786517
LSPIN,lspin_tf,0.0033,0.1,4,5,0.543325876612045,2.037288989669942,0.26,2.507432602670698,0.3404255319148936
LSPIN,lspin_tf,0.0033,0.1,4,6,0.5823599312241586,2.2723607961703203,0.29896907216494845,2.507432602670698,0.3404255319148936
LSPIN,lspin_tf,0.0033,0.1,4,7,0.6910595789187788,2.3507180650037793,0.3125,3.1342907533383726,0.46511627906976744
LSPIN,lspin_tf,0.0033,0.1,4,8,0.21338941280923704,1.3320735701688082,0.1559633027522936,1.488788107835727,0.17757009345794392
LSPIN,lspin_tf,0.0033,0.1,4,9,0.6705687484016549,2.3507180650037793,0.3125,3.1342907533383726,0.46511627906976744
LSPIN,lspin_tf,0.0033,0.1,5,6,0.6289512947699359,3.1342907533383726,0.46511627906976744,2.507432602670698,0.3404255319148936
LSPIN,lspin_tf,0.0033,0.1,5,7,0.5968510189514674,2.6641471403376165,0.3695652173913043,2.507432602670698,0.3404255319148936
LSPIN,lspin_tf,0.0033,0.1,5,8,0.16611388283909137,1.7238599143361049,0.21153846153846154,1.3320735701688082,0.1559633027522936
LSPIN,lspin_tf,0.0033,0.1,5,9,0.6690432097739287,2.5857898715041574,0.3548387096774194,3.1342907533383726,0.46511627906976744
LSPIN,lspin_tf,0.0033,0.1,6,7,0.54637799084055,2.429075333837239,0.3263157894736842,2.507432602670698,0.3404255319148936
LSPIN,lspin_tf,0.0033,0.1,6,8,0.24954385484619276,1.7238599143361049,0.21153846153846154,1.5671453766691863,0.18867924528301888
LSPIN,lspin_tf,0.0033,0.1,6,9,0.674097676437759,2.742504409171076,0.38461538461538464,3.055933484504913,0.4482758620689655
LSPIN,lspin_tf,0.0033,0.1,7,8,0.22727062480738677,1.8022171831695641,0.22330097087378642,1.253716301335349,0.14545454545454545
LSPIN,lspin_tf,0.0033,0.1,7,9,0.6441318109550118,2.3507180650037793,0.3125,2.8992189468379945,0.4157303370786517
LSPIN,lspin_tf,0.0033,0.1,8,9,0.2810798680633935,1.4104308390022677,0.16666666666666666,1.7238599143361049,0.21153846153846154
LSPIN,lspin_tf,0.0022,0.1,0,1,0.6869792950705963,2.5857898715041574,0.3548387096774194,2.8992189468379945,0.4157303370786517
LSPIN,lspin_tf,0.0022,0.1,0,2,0.6399518452319078,2.1940035273368608,0.2857142857142857,2.742504409171076,0.38461538461538464
LSPIN,lspin_tf,0.0022,0.1,0,3,0.6730626771252103,2.5857898715041574,0.3548387096774194,3.4477198286722097,0.5365853658536586
LSPIN,lspin_tf,0.0022,0.1,0,4,0.6214738879351822,2.8208616780045355,0.4,2.742504409171076,0.38461538461538464
LSPIN,lspin_tf,0.0022,0.1,0,5,0.41463170092095764,1.1753590325018897,0.13513513513513514,2.6641471403376165,0.3695652173913043
LSPIN,lspin_tf,0.0022,0.1,0,6,0.6196612460843974,2.037288989669942,0.26,3.212648022171832,0.4823529411764706
LSPIN,lspin_tf,0.0022,0.1,0,7,0.5937069520987897,2.742504409171076,0.38461538461538464,2.8208616780045355,0.4
LSPIN,lspin_tf,0.0022,0.1,0,8,0.5698545896931557,2.1156462585034013,0.2727272727272727,2.429075333837239,0.3263157894736842
LSPIN,lspin_tf,0.0022,0.1,0,9,0.5723393206349205,2.3507180650037793,0.3125,2.742504409171076,0.38461538461538464
LSPIN,lspin_tf,0.0022,0.1,1,2,0.6136975019788086,2.429075333837239,0.3263157894736842,2.6641471403376165,0.3695652173913043
LSPIN,lspin_tf,0.0022,0.1,1,3,0.7608902689202073,2.5857898715041574,0.3548387096774194,3.3693625598387507,0.5180722891566265
LSPIN,lspin_tf,0.0022,0.1,1,4,0.7928695705608845,3.3693625598387507,0.5180722891566265,3.5260770975056692,0.5555555555555556
LSPIN,lspin_tf,0.0022,0.1,1,5,0.3523194904695485,1.488788107835727,0.17757009345794392,2.1940035273368608,0.2857142857142857
LSPIN,lspin_tf,0.0022,0.1,1,6,0.7415514911415557,2.742504409171076,0.38461538461538464,3.3693625598387507,0.5180722891566265
LSPIN,lspin_tf,0.0022,0.1,1,7,0.667894010838487,2.6641471403376165,0.3695652173913043,3.055933484504913,0.4482758620689655
LSPIN,lspin_tf,0.0022,0.1,1,8,0.6844882354464968,2.037288989669942,0.26,3.212648022171832,0.4823529411764706
LSPIN,lspin_tf,0.0022,0.1,1,9,0.7073697783152192,2.8208616780045355,0.4,3.1342907533383726,0.46511627906976744
LSPIN,lspin_tf,0.0022,0.1,2,3,0.6797512839307731,2.507432602670698,0.3404255319148936,3.1342907533383726,0.46511627906976744
LSPIN,lspin_tf,0.0022,0.1,2,4,0.6259887384329311,2.5857898715041574,0.3548387096774194,2.8992189468379945,0.4157303370786517
LSPIN,lspin_tf,0.0022,0.1,2,5,0.2803391839819409,1.488788107835727,0.17757009345794392,2.037288989669942,0.26
LSPIN,lspin_tf,0.0022,0.1,2,6,0.6610223744001217,2.6641471403376165,0.3695652173913043,2.977576215671454,0.4318181818181818
LSPIN,lspin_tf,0.0022,0.1,2,7,0.7063508778788797,2.2723607961703203,0.29896907216494845,3.1342907533383726,0.46511627906976744
LSPIN,lspin_tf,0.0022,0.1,2,8,0.6284208053095548,2.3507180650037793,0.3125,2.8992189468379945,0.4157303370786517
LSPIN,lspin_tf,0.0022,0.1,2,9,0.5778236380530781,2.2723607961703203,0.29896907216494845,2.5857898715041574,0.3548387096774194
LSPIN,lspin_tf,0.0022,0.1,3,4,0.711471143494058,2.2723607961703203,0.29896907216494845,3.291005291005291,0.5
LSPIN,lspin_tf,0.0022,0.1,3,5,0.42528513551925384,1.5671453766691863,0.18867924528301888,2.429075333837239,0.3263157894736842
LSPIN,lspin_tf,0.0022,0.1,3,6,0.7932582654425734,2.6641471403376165,0.3695652173913043,3.4477198286722097,0.5365853658536586
LSPIN,lspin_tf,0.0022,0.1,3,7,0.6774984231764677,2.742504409171076,0.38461538461538464,3.055933484504913,0.4482758620689655
LSPIN,lspin_tf,0.0022,0.1,3,8,0.6389294938540119,2.2723607961703203,0.29896907216494845,3.055933484504913,0.4482758620689655
LSPIN,lspin_tf,0.0022,0.1,3,9,0.6720965578794628,2.429075333837239,0.3263157894736842,3.212648022171832,0.4823529411764706
LSPIN,lspin_tf,0.0022,0.1,4,5,0.3432766988542604,1.253716301335349,0.14545454545454545,1.958931720836483,0.24752475247524752
LSPIN,lspin_tf,0.0022,0.1,4,6,0.6976732508685999,2.429075333837239,0.3263157894736842,3.055933484504913,0.4482758620689655
LSPIN,lspin_tf,0.0022,0.1,4,7,0.7389859227641951,2.977576215671454,0.4318181818181818,3.5260770975056692,0.5555555555555556
LSPIN,lspin_tf,0.0022,0.1,4,8,0.6462101832244727,1.958931720836483,0.24752475247524752,3.212648022171832,0.4823529411764706
LSPIN,lspin_tf,0.0022,0.1,4,9,0.7044465707173774,2.8992189468379945,0.4157303370786517,3.1342907533383726,0.46511627906976744
LSPIN,lspin_tf,0.0022,0.1,5,6,0.4111420839307672,1.6455026455026456,0.2,2.429075333837239,0.3263157894736842
LSPIN,lspin_tf,0.0022,0.1,5,7,0.30261174027164367,0.9402872260015118,0.10526315789473684,1.958931720836483,0.24752475247524752
LSPIN,lspin_tf,0.0022,0.1,5,8,0.2545203130064756,0.9402872260015118,0.10526315789473684,1.8022171831695641,0.22330097087378642
LSPIN,lspin_tf,0.0022,0.1,5,9,0.257170635947191,1.488788107835727,0.17757009345794392,1.958931720836483,0.24752475247524752
LSPIN,lspin_tf,0.0022,0.1,6,7,0.5935964113149018,2.1156462585034013,0.2727272727272727,2.8208616780045355,0.4
LSPIN,lspin_tf,0.0022,0.1,6,8,0.6610528552864873,2.2723607961703203,0.29896907216494845,2.8208616780045355,0.4
LSPIN,lspin_tf,0.0022,0.1,6,9,0.6188287273407911,1.958931720836483,0.24752475247524752,2.8992189468379945,0.4157303370786517
LSPIN,lspin_tf,0.0022,0.1,7,8,0.6923652102935508,2.3507180650037793,0.3125,3.3693625598387507,0.5180722891566265
LSPIN,lspin_tf,0.0022,0.1,7,9,0.6201309944741138,2.1940035273368608,0.2857142857142857,3.3693625598387507,0.5180722891566265
LSPIN,lspin_tf,0.0022,0.1,8,9,0.5158401046430163,1.6455026455026456,0.2,2.977576215671454,0.4318181818181818
LSPIN,lspin_tf,0.011,0.2,0,1,0.4173035850930654,1.8022171831695641,0.22330097087378642,2.037288989669942,0.26
LSPIN,lspin_tf,0.011,0.2,0,2,0.5412622894811828,2.3507180650037793,0.3125,2.2723607961703203,0.29896907216494845
LSPIN,lspin_tf,0.011,0.2,0,3,0.5359942061476883,2.2723607961703203,0.29896907216494845,2.429075333837239,0.3263157894736842
LSPIN,lspin_tf,0.011,0.2,0,4,0.38066931682426763,1.8022171831695641,0.22330097087378642,2.037288989669942,0.26
LSPIN,lspin_tf,0.011,0.2,0,5,0.5066579629241343,2.2723607961703203,0.29896907216494845,2.507432602670698,0.3404255319148936
LSPIN,lspin_tf,0.011,0.2,0,6,0.4398444300116314,2.5857898715041574,0.3548387096774194,2.037288989669942,0.26
LSPIN,lspin_tf,0.011,0.2,0,7,0.5133286797326587,2.1156462585034013,0.2727272727272727,2.5857898715041574,0.3548387096774194
LSPIN,lspin_tf,0.011,0.2,0,8,0.4497950245369696,2.1156462585034013,0.2727272727272727,2.3507180650037793,0.3125
LSPIN,lspin_tf,0.011,0.2,0,9,0.4451103582090631,2.1940035273368608,0.2857142857142857,1.8805744520030236,0.23529411764705882
LSPIN,lspin_tf,0.011,0.2,1,2,0.5075142752457853,1.8805744520030236,0.23529411764705882,2.429075333837239,0.3263157894736842
LSPIN,lspin_tf,0.011,0.2,1,3,0.5753997675008552,1.8805744520030236,0.23529411764705882,2.8208616780045355,0.4
LSPIN,lspin_tf,0.011,0.2,1,4,0.5156859437249246,2.429075333837239,0.3263157894736842,2.2723607961703203,0.29896907216494845
LSPIN,lspin_tf,0.011,0.2,1,5,0.6105445655399135,2.1156462585034013,0.2727272727272727,2.8992189468379945,0.4157303370786517
LSPIN,lspin_tf,0.011,0.2,1,6,0.5451651773789713,1.958931720836483,0.24752475247524752,2.6641471403376165,0.3695652173913043
LSPIN,lspin_tf,0.011,0.2,1,7,0.4878567413774995,1.5671453766691863,0.18867924528301888,1.8805744520030236,0.23529411764705882
LSPIN,lspin_tf,0.011,0.2,1,8,0.5124507275086366,1.5671453766691863,0.18867924528301888,2.507432602670698,0.3404255319148936
LSPIN,lspin_tf,0.011,0.2,1,9,0.486344195778021,2.1156462585034013,0.2727272727272727,2.037288989669942,0.26
LSPIN,lspin_tf,0.011,0.2,2,3,0.5419466196820228,1.8022171831695641,0.22330097087378642,2.507432602670698,0.3404255319148936
LSPIN,lspin_tf,0.011,0.2,2,4,0.35845821581300713,1.5671453766691863,0.18867924528301888,2.037288989669942,0.26
LSPIN,lspin_tf,0.011,0.2,2,5,0.49653668139302826,2.1156462585034013,0.2727272727272727,2.507432602670698,0.3404255319148936
LSPIN,lspin_tf,0.011,0.2,2,6,0.5504286647541511,2.1940035273368608,0.2857142857142857,2.977576215671454,0.4318181818181818
LSPIN,lspin_tf,0.011,0.2,2,7,0.5058155850485752,2.037288989669942,0.26,2.2723607961703203,0.29896907216494845
LSPIN,lspin_tf,0.011,0.2,2,8,0.5077976088016909,1.958931720836483,0.24752475247524752,2.3507180650037793,0.3125
LSPIN,lspin_tf,0.011,0.2,2,9,0.4928386488944838,2.1156462585034013,0.2727272727272727,2.1156462585034013,0.2727272727272727
LSPIN,lspin_tf,0.011,0.2,3,4,0.5232681488924118,1.8805744520030236,0.23529411764705882,2.3507180650037793,0.3125
LSPIN,lspin_tf,0.011,0.2,3,5,0.5756676350036741,2.2723607961703203,0.29896907216494845,2.5857898715041574,0.3548387096774194
LSPIN,lspin_tf,0.011,0.2,3,6,0.5937665513410209,2.3507180650037793,0.3125,2.6641471403376165,0.3695652173913043
LSPIN,lspin_tf,0.011,0.2,3,7,0.5878945141615499,2.2723607961703203,0.29896907216494845,2.507432602670698,0.3404255319148936
LSPIN,lspin_tf,0.011,0.2,3,8,0.5736309889702923,1.8022171831695641,0.22330097087378642,2.5857898715041574,0.3548387096774194
LSPIN,lspin_tf,0.011,0.2,3,9,0.5382845966652887,2.429075333837239,0.3263157894736842,2.5857898715041574,0.3548387096774194
LSPIN,lspin_tf,0.011,0.2,4,5,0.5769767487242065,2.1940035273368608,0.2857142857142857,2.429075333837239,0.3263157894736842
LSPIN,lspin_tf,0.011,0.2,4,6,0.5577947886112453,2.3507180650037793,0.3125,2.429075333837239,0.3263157894736842
LSPIN,lspin_tf,0.011,0.2,4,7,0.5224766958074578,1.7238599143361049,0.21153846153846154,2.3507180650037793,0.3125
LSPIN,lspin_tf,0.011,0.2,4,8,0.4008030853300804,1.6455026455026456,0.2,1.958931720836483,0.24752475247524752
LSPIN,lspin_tf,0.011,0.2,4,9,0.5487810008039846,2.3507180650037793,0.3125,2.1156462585034013,0.2727272727272727
LSPIN,lspin_tf,0.011,0.2,5,6,0.5372904808786896,2.2723607961703203,0.29896907216494845,2.742504409171076,0.38461538461538464
LSPIN,lspin_tf,0.011,0.2,5,7,0.5452904826976572,1.958931720836483,0.24752475247524752,2.5857898715041574,0.3548387096774194
LSPIN,lspin_tf,0.011,0.2,5,8,0.5136418406892236,2.037288989669942,0.26,2.3507180650037793,0.3125
LSPIN,lspin_tf,0.011,0.2,5,9,0.5506321094220448,2.3507180650037793,0.3125,2.2723607961703203,0.29896907216494845
LSPIN,lspin_tf,0.011,0.2,6,7,0.5302417576890506,2.429075333837239,0.3263157894736842,2.3507180650037793,0.3125
LSPIN,lspin_tf,0.011,0.2,6,8,0.5282472513832293,2.1940035273368608,0.2857142857142857,2.5857898715041574,0.3548387096774194
LSPIN,lspin_tf,0.011,0.2,6,9,0.5469592344003193,2.507432602670698,0.3404255319148936,2.1940035273368608,0.2857142857142857
LSPIN,lspin_tf,0.011,0.2,7,8,0.5016046497303353,1.8022171831695641,0.22330097087378642,2.3507180650037793,0.3125
LSPIN,lspin_tf,0.011,0.2,7,9,0.5158903393597027,1.8022171831695641,0.22330097087378642,2.1156462585034013,0.2727272727272727
LSPIN,lspin_tf,0.011,0.2,8,9,0.48471588240475205,2.037288989669942,0.26,1.958931720836483,0.24752475247524752
LSPIN,lspin_tf,0.0075,0.2,0,1,0.59631897095791,2.5857898715041574,0.3548387096774194,2.742504409171076,0.38461538461538464
LSPIN,lspin_tf,0.0075,0.2,0,2,0.5680158012122011,2.5857898715041574,0.3548387096774194,2.6641471403376165,0.3695652173913043
LSPIN,lspin_tf,0.0075,0.2,0,3,0.6114295110475861,2.3507180650037793,0.3125,2.8208616780045355,0.4
LSPIN,lspin_tf,0.0075,0.2,0,4,0.5546402283604261,2.3507180650037793,0.3125,2.5857898715041574,0.3548387096774194
LSPIN,lspin_tf,0.0075,0.2,0,5,0.5471336586026003,2.1940035273368608,0.2857142857142857,2.6641471403376165,0.3695652173913043
LSPIN,lspin_tf,0.0075,0.2,0,6,0.6154529189173346,2.507432602670698,0.3404255319148936,2.6641471403376165,0.3695652173913043
LSPIN,lspin_tf,0.0075,0.2,0,7,0.6006603856278828,2.429075333837239,0.3263157894736842,2.742504409171076,0.38461538461538464
LSPIN,lspin_tf,0.0075,0.2,0,8,0.5903462440547088,2.3507180650037793,0.3125,2.6641471403376165,0.3695652173913043
LSPIN,lspin_tf,0.0075,0.2,0,9,0.5856091131626477,1.958931720836483,0.24752475247524752,2.1940035273368608,0.2857142857142857
LSPIN,lspin_tf,0.0075,0.2,1,2,0.560523073963237,2.5857898715041574,0.3548387096774194,2.8992189468379945,0.4157303370786517
LSPIN,lspin_tf,0.0075,0.2,1,3,0.6162416524751897,2.507432602670698,0.3404255319148936,2.742504409171076,0.38461538461538464
LSPIN,lspin_tf,0.0075,0.2,1,4,0.5680009921598669,2.2723607961703203,0.29896907216494845,2.8992189468379945,0.4157303370786517
LSPIN,lspin_tf,0.0075,0.2,1,5,0.5778020276250629,1.8022171831695641,0.22330097087378642,3.055933484504913,0.4482758620689655
LSPIN,lspin_tf,0.0075,0.2,1,6,0.5648293445073734,2.1156462585034013,0.2727272727272727,2.3507180650037793,0.3125
LSPIN,lspin_tf,0.0075,0.2,1,7,0.6284615513682388,2.6641471403376165,0.3695652173913043,3.1342907533383726,0.46511627906976744
LSPIN,lspin_tf,0.0075,0.2,1,8,0.5535248682561004,2.1940035273368608,0.2857142857142857,2.6641471403376165,0.3695652173913043
LSPIN,lspin_tf,0.0075,0.2,1,9,0.5376598395597603,2.3507180650037793,0.3125,2.2723607961703203,0.29896907216494845
LSPIN,lspin_tf,0.0075,0.2,2,3,0.6651287869769559,2.8208616780045355,0.4,3.1342907533383726,0.46511627906976744
LSPIN,lspin_tf,0.0075,0.2,2,4,0.6532842179821187,2.977576215671454,0.4318181818181818,3.1342907533383726,0.46511627906976744
LSPIN,lspin_tf,0.0075,0.2,2,5,0.6402769054181879,2.507432602670698,0.3404255319148936,3.055933484504913,0.4482758620689655
LSPIN,lspin_tf,0.0075,0.2,2,6,0.53163255829024,2.5857898715041574,0.3548387096774194,2.507432602670698,0.3404255319148936
LSPIN,lspin_tf,0.0075,0.2,2,7,0.6244851715906161,2.6641471403376165,0.3695652173913043,2.8208616780045355,0.4
LSPIN,lspin_tf,0.0075,0.2,2,8,0.5556916206347987,2.3507180650037793,0.3125,2.6641471403376165,0.3695652173913043
LSPIN,lspin_tf,0.0075,0.2,2,9,0.5080061089468619,2.6641471403376165,0.3695652173913043,2.1156462585034013,0.2727272727272727
LSPIN,lspin_tf,0.0075,0.2,3,4,0.6176857624360448,2.5857898715041574,0.3548387096774194,2.742504409171076,0.38461538461538464
LSPIN,lspin_tf,0.0075,0.2,3,5,0.6576572826249669,2.429075333837239,0.3263157894736842,2.977576215671454,0.4318181818181818
LSPIN,lspin_tf,0.0075,0.2,3,6,0.5452565327725586,2.3507180650037793,0.3125,2.507432602670698,0.3404255319148936
LSPIN,lspin_tf,0.0075,0.2,3,7,0.6483075309399459,2.742504409171076,0.38461538461538464,3.291005291005291,0.5
LSPIN,lspin_tf,0.0075,0.2,3,8,0.5678976596021543,2.1156462585034013,0.2727272727272727,2.429075333837239,0.3263157894736842
LSPIN,lspin_tf,0.0075,0.2,3,9,0.6346445175677916,2.5857898715041574,0.3548387096774194,2.429075333837239,0.3263157894736842
LSPIN,lspin_tf,0.0075,0.2,4,5,0.5919915241848482,2.3507180650037793,0.3125,2.6641471403376165,0.3695652173913043
LSPIN,lspin_tf,0.0075,0.2,4,6,0.5595996722584059,2.742504409171076,0.38461538461538464,2.429075333837239,0.3263157894736842
LSPIN,lspin_tf,0.0075,0.2,4,7,0.649427622521515,2.6641471403376165,0.3695652173913043,2.977576215671454,0.4318181818181818
LSPIN,lspin_tf,0.0075,0.2,4,8,0.5853397299197444,2.1156462585034013,0.2727272727272727,2.742504409171076,0.38461538461538464
LSPIN,lspin_tf,0.0075,0.2,4,9,0.6101469868487921,2.977576215671454,0.4318181818181818,2.1940035273368608,0.2857142857142857
LSPIN,lspin_tf,0.0075,0.2,5,6,0.5279833286727705,2.2723607961703203,0.29896907216494845,2.5857898715041574,0.3548387096774194
LSPIN,lspin_tf,0.0075,0.2,5,7,0.5954431013238277,2.3507180650037793,0.3125,3.1342907533383726,0.46511627906976744
LSPIN,lspin_tf,0.0075,0.2,5,8,0.6261554348827123,2.1940035273368608,0.2857142857142857,2.977576215671454,0.4318181818181818
LSPIN,lspin_tf,0.0075,0.2,5,9,0.5876567266299866,2.1156462585034013,0.2727272727272727,2.429075333837239,0.3263157894736842
LSPIN,lspin_tf,0.0075,0.2,6,7,0.6598983344837303,2.507432602670698,0.3404255319148936,2.8208616780045355,0.4
LSPIN,lspin_tf,0.0075,0.2,6,8,0.5904202641908982,2.1940035273368608,0.2857142857142857,2.742504409171076,0.38461538461538464
LSPIN,lspin_tf,0.0075,0.2,6,9,0.6223719531997473,2.742504409171076,0.38461538461538464,2.2723607961703203,0.29896907216494845
LSPIN,lspin_tf,0.0075,0.2,7,8,0.5658685732746694,1.8805744520030236,0.23529411764705882,2.5857898715041574,0.3548387096774194
LSPIN,lspin_tf,0.0075,0.2,7,9,0.5729883679299311,2.1940035273368608,0.2857142857142857,2.429075333837239,0.3263157894736842
LSPIN,lspin_tf,0.0075,0.2,8,9,0.5932347480362455,2.3507180650037793,0.3125,2.6641471403376165,0.3695652173913043
LSPIN,lspin_tf,0.005,0.2,0,1,0.6187771305479974,2.429075333837239,0.3263157894736842,2.3507180650037793,0.3125
LSPIN,lspin_tf,0.005,0.2,0,2,0.3466708017206741,1.6455026455026456,0.2,2.037288989669942,0.26
LSPIN,lspin_tf,0.005,0.2,0,3,0.6560174742782304,2.507432602670698,0.3404255319148936,3.055933484504913,0.4482758620689655
LSPIN,lspin_tf,0.005,0.2,0,4,0.6807258031308189,2.5857898715041574,0.3548387096774194,2.8208616780045355,0.4
LSPIN,lspin_tf,0.005,0.2,0,5,0.5083255147802149,2.429075333837239,0.3263157894736842,2.429075333837239,0.3263157894736842
LSPIN,lspin_tf,0.005,0.2,0,6,0.35745290102836824,1.4104308390022677,0.16666666666666666,2.3507180650037793,0.3125
LSPIN,lspin_tf,0.005,0.2,0,7,0.6682132002089368,2.6641471403376165,0.3695652173913043,2.8208616780045355,0.4
LSPIN,lspin_tf,0.005,0.2,0,8,0.6818372820872474,2.8992189468379945,0.4157303370786517,2.742504409171076,0.38461538461538464
LSPIN,lspin_tf,0.005,0.2,0,9,0.7021869610189762,2.742504409171076,0.38461538461538464,2.6641471403376165,0.3695652173913043
LSPIN,lspin_tf,0.005,0.2,1,2,0.4399491136794222,1.958931720836483,0.24752475247524752,2.429075333837239,0.3263157894736842
LSPIN,lspin_tf,0.005,0.2,1,3,0.45261851514058,1.8022171831695641,0.22330097087378642,2.507432602670698,0.3404255319148936
LSPIN,lspin_tf,0.005,0.2,1,4,0.6158972679356363,2.5857898715041574,0.3548387096774194,2.742504409171076,0.38461538461538464
LSPIN,lspin_tf,0.005,0.2,1,5,0.44775028363160657,1.958931720836483,0.24752475247524752,1.8805744520030236,0.23529411764705882
LSPIN,lspin_tf,0.005,0.2,1,6,0.33027972586707877,1.6455026455026456,0.2,2.1156462585034013,0.2727272727272727
LSPIN,lspin_tf,0.005,0.2,1,7,0.6155911994768795,2.742504409171076,0.38461538461538464,2.6641471403376165,0.3695652173913043
LSPIN,lspin_tf,0.005,0.2,1,8,0.631783706985923,2.8208616780045355,0.4,2.742504409171076,0.38461538461538464
LSPIN,lspin_tf,0.005,0.2,1,9,0.618710794201134,2.742504409171076,0.38461538461538464,2.742504409171076,0.38461538461538464
LSPIN,lspin_tf,0.005,0.2,2,3,0.4432779657683449,1.3320735701688082,0.1559633027522936,2.5857898715041574,0.3548387096774194
LSPIN,lspin_tf,0.005,0.2,2,4,0.3222823048761603,1.488788107835727,0.17757009345794392,2.1940035273368608,0.2857142857142857
LSPIN,lspin_tf,0.005,0.2,2,5,0.16349636097854572,1.1753590325018897,0.13513513513513514,1.6455026455026456,0.2
LSPIN,lspin_tf,0.005,0.2,2,6,0.1949356156600141,2.429075333837239,0.3263157894736842,1.488788107835727,0.17757009345794392
LSPIN,lspin_tf,0.005,0.2,2,7,0.2249885303662967,1.4104308390022677,0.16666666666666666,1.8805744520030236,0.23529411764705882
LSPIN,lspin_tf,0.005,0.2,2,8,0.2883233906885851,1.8022171831695641,0.22330097087378642,2.1156462585034013,0.2727272727272727
LSPIN,lspin_tf,0.005,0.2,2,9,0.4984115169387046,1.7238599143361049,0.21153846153846154,2.6641471403376165,0.3695652173913043
LSPIN,lspin_tf,0.005,0.2,3,4,0.5654320992281403,2.1940035273368608,0.2857142857142857,2.8992189468379945,0.4157303370786517
LSPIN,lspin_tf,0.005,0.2,3,5,0.4172391310854025,1.8805744520030236,0.23529411764705882,2.1940035273368608,0.2857142857142857
LSPIN,lspin_tf,0.005,0.2,3,6,0.2897986350754655,1.253716301335349,0.14545454545454545,1.958931720836483,0.24752475247524752
LSPIN,lspin_tf,0.005,0.2,3,7,0.5698638821918046,2.037288989669942,0.26,2.742504409171076,0.38461538461538464
LSPIN,lspin_tf,0.005,0.2,3,8,0.6011436161854652,2.1940035273368608,0.2857142857142857,2.8992189468379945,0.4157303370786517
LSPIN,lspin_tf,0.005,0.2,3,9,0.6580498935388782,2.1156462585034013,0.2727272727272727,3.3693625598387507,0.5180722891566265
LSPIN,lspin_tf,0.005,0.2,4,5,0.47266102084472733,1.8022171831695641,0.22330097087378642,2.1156462585034013,0.2727272727272727
LSPIN,lspin_tf,0.005,0.2,4,6,0.3907948299656436,1.5671453766691863,0.18867924528301888,2.2723607961703203,0.29896907216494845
LSPIN,lspin_tf,0.005,0.2,4,7,0.6529352764240497,2.1156462585034013,0.2727272727272727,2.742504409171076,0.38461538461538464
LSPIN,lspin_tf,0.005,0.2,4,8,0.6527035456722801,2.429075333837239,0.3263157894736842,2.8208616780045355,0.4
LSPIN,lspin_tf,0.005,0.2,4,9,0.7070180647648606,2.8208616780045355,0.4,2.8992189468379945,0.4157303370786517
LSPIN,lspin_tf,0.005,0.2,5,6,0.5556078172239679,1.5671453766691863,0.18867924528301888,2.6641471403376165,0.3695652173913043
LSPIN,lspin_tf,0.005,0.2,5,7,0.6207347581578893,2.429075333837239,0.3263157894736842,2.507432602670698,0.3404255319148936
LSPIN,lspin_tf,0.005,0.2,5,8,0.4596202627297975,1.958931720836483,0.24752475247524752,2.1156462585034013,0.2727272727272727
LSPIN,lspin_tf,0.005,0.2,5,9,0.5679199100240725,2.037288989669942,0.26,2.507432602670698,0.3404255319148936
LSPIN,lspin_tf,0.005,0.2,6,7,0.5236943389358484,1.5671453766691863,0.18867924528301888,2.8992189468379945,0.4157303370786517
LSPIN,lspin_tf,0.005,0.2,6,8,0.37561561283993805,1.4104308390022677,0.16666666666666666,2.1940035273368608,0.2857142857142857
LSPIN,lspin_tf,0.005,0.2,6,9,0.4404795509211504,1.5671453766691863,0.18867924528301888,2.037288989669942,0.26
LSPIN,lspin_tf,0.005,0.2,7,8,0.6817957756736651,2.6641471403376165,0.3695652173913043,2.5857898715041574,0.3548387096774194
LSPIN,lspin_tf,0.005,0.2,7,9,0.671621981958869,2.429075333837239,0.3263157894736842,2.742504409171076,0.38461538461538464
LSPIN,lspin_tf,0.005,0.2,8,9,0.5984571851123617,2.507432602670698,0.3404255319148936,2.3507180650037793,0.3125
LSPIN,lspin_tf,0.0033,0.2,0,1,0.7183882261615047,2.037288989669942,0.26,3.6044343663391283,0.575
LSPIN,lspin_tf,0.0033,0.2,0,2,0.6928984550604254,2.6641471403376165,0.3695652173913043,3.291005291005291,0.5
LSPIN,lspin_tf,0.0033,0.2,0,3,0.44561087094726803,1.958931720836483,0.24752475247524752,2.1940035273368608,0.2857142857142857
LSPIN,lspin_tf,0.0033,0.2,0,4,0.638851360030752,2.2723607961703203,0.29896907216494845,3.1342907533383726,0.46511627906976744
LSPIN,lspin_tf,0.0033,0.2,0,5,0.6384953287867667,2.2723607961703203,0.29896907216494845,2.8208616780045355,0.4
LSPIN,lspin_tf,0.0033,0.2,0,6,0.6074174515081021,2.1940035273368608,0.2857142857142857,2.8208616780045355,0.4
LSPIN,lspin_tf,0.0033,0.2,0,7,0.6032625339076159,1.8805744520030236,0.23529411764705882,2.8208616780045355,0.4
LSPIN,lspin_tf,0.0033,0.2,0,8,0.5831310435488537,1.7238599143361049,0.21153846153846154,2.977576215671454,0.4318181818181818
LSPIN,lspin_tf,0.0033,0.2,0,9,0.6110642579512501,1.958931720836483,0.24752475247524752,3.055933484504913,0.4482758620689655
LSPIN,lspin_tf,0.0033,0.2,1,2,0.7849780412928569,2.6641471403376165,0.3695652173913043,3.5260770975056692,0.5555555555555556
LSPIN,lspin_tf,0.0033,0.2,1,3,0.5111720844045793,1.8805744520030236,0.23529411764705882,2.3507180650037793,0.3125
LSPIN,lspin_tf,0.0033,0.2,1,4,0.7070335486216359,2.037288989669942,0.26,2.8992189468379945,0.4157303370786517
LSPIN,lspin_tf,0.0033,0.2,1,5,0.5923571349374892,1.8022171831695641,0.22330097087378642,2.6641471403376165,0.3695652173913043
LSPIN,lspin_tf,0.0033,0.2,1,6,0.6156218879207769,1.8022171831695641,0.22330097087378642,2.8208616780045355,0.4
LSPIN,lspin_tf,0.0033,0.2,1,7,0.5749934451584817,2.037288989669942,0.26,2.5857898715041574,0.3548387096774194
LSPIN,lspin_tf,0.0033,0.2,1,8,0.674468147557238,2.1156462585034013,0.2727272727272727,3.055933484504913,0.4482758620689655
LSPIN,lspin_tf,0.0033,0.2,1,9,0.7379063544625502,1.958931720836483,0.24752475247524752,3.291005291005291,0.5
LSPIN,lspin_tf,0.0033,0.2,2,3,0.5818406156393328,2.429075333837239,0.3263157894736842,2.6641471403376165,0.3695652173913043
LSPIN,lspin_tf,0.0033,0.2,2,4,0.7529904334942119,2.429075333837239,0.3263157894736842,3.055933484504913,0.4482758620689655
LSPIN,lspin_tf,0.0033,0.2,2,5,0.6001817124757872,2.742504409171076,0.38461538461538464,2.6641471403376165,0.3695652173913043
LSPIN,lspin_tf,0.0033,0.2,2,6,0.6449004243478372,2.1940035273368608,0.2857142857142857,2.977576215671454,0.4318181818181818
LSPIN,lspin_tf,0.0033,0.2,2,7,0.5535165240608473,2.1940035273368608,0.2857142857142857,2.6641471403376165,0.3695652173913043
LSPIN,lspin_tf,0.0033,0.2,2,8,0.6882547797084073,2.429075333837239,0.3263157894736842,3.212648022171832,0.4823529411764706
LSPIN,lspin_tf,0.0033,0.2,2,9,0.6610425505105644,2.037288989669942,0.26,2.8208616780045355,0.4
LSPIN,lspin_tf,0.0033,0.2,3,4,0.5212846685599678,2.507432602670698,0.3404255319148936,2.037288989669942,0.26
LSPIN,lspin_tf,0.0033,0.2,3,5,0.5748839345685007,2.3507180650037793,0.3125,2.8208616780045355,0.4
LSPIN,lspin_tf,0.0033,0.2,3,6,0.598004422073634,2.2723607961703203,0.29896907216494845,2.6641471403376165,0.3695652173913043
LSPIN,lspin_tf,0.0033,0.2,3,7,0.5959329983311352,2.8208616780045355,0.4,2.507432602670698,0.3404255319148936
LSPIN,lspin_tf,0.0033,0.2,3,8,0.5798006175729116,2.742504409171076,0.38461538461538464,2.429075333837239,0.3263157894736842
LSPIN,lspin_tf,0.0033,0.2,3,9,0.5315649927064635,2.3507180650037793,0.3125,2.1940035273368608,0.2857142857142857
LSPIN,lspin_tf,0.0033,0.2,4,5,0.5244945758118185,2.037288989669942,0.26,2.429075333837239,0.3263157894736842
LSPIN,lspin_tf,0.0033,0.2,4,6,0.6084430464463019,2.6641471403376165,0.3695652173913043,2.1940035273368608,0.2857142857142857
LSPIN,lspin_tf,0.0033,0.2,4,7,0.47490493010416734,2.1156462585034013,0.2727272727272727,2.3507180650037793,0.3125
LSPIN,lspin_tf,0.0033,0.2,4,8,0.6057456326512582,2.5857898715041574,0.3548387096774194,2.3507180650037793,0.3125
LSPIN,lspin_tf,0.0033,0.2,4,9,0.7118901136270354,3.055933484504913,0.4482758620689655,2.429075333837239,0.3263157894736842
LSPIN,lspin_tf,0.0033,0.2,5,6,0.7361129335494411,2.742504409171076,0.38461538461538464,3.4477198286722097,0.5365853658536586
LSPIN,lspin_tf,0.0033,0.2,5,7,0.6003697040665418,2.1940035273368608,0.2857142857142857,2.8992189468379945,0.4157303370786517
LSPIN,lspin_tf,0.0033,0.2,5,8,0.5976007331196441,2.037288989669942,0.26,2.6641471403376165,0.3695652173913043
LSPIN,lspin_tf,0.0033,0.2,5,9,0.6947510817082564,2.742504409171076,0.38461538461538464,2.8992189468379945,0.4157303370786517
LSPIN,lspin_tf,0.0033,0.2,6,7,0.6260822491703577,2.1940035273368608,0.2857142857142857,2.8992189468379945,0.4157303370786517
LSPIN,lspin_tf,0.0033,0.2,6,8,0.658384158374426,2.3507180650037793,0.3125,3.1342907533383726,0.46511627906976744
LSPIN,lspin_tf,0.0033,0.2,6,9,0.7172986641350265,2.8992189468379945,0.4157303370786517,2.977576215671454,0.4318181818181818
LSPIN,lspin_tf,0.0033,0.2,7,8,0.6321717538748829,2.3507180650037793,0.3125,3.212648022171832,0.4823529411764706
LSPIN,lspin_tf,0.0033,0.2,7,9,0.6151727903015319,2.037288989669942,0.26,2.742504409171076,0.38461538461538464
LSPIN,lspin_tf,0.0033,0.2,8,9,0.6322489596597715,2.507432602670698,0.3404255319148936,2.977576215671454,0.4318181818181818
LSPIN,lspin_tf,0.0022,0.2,0,1,0.43899489774585315,1.5671453766691863,0.18867924528301888,2.429075333837239,0.3263157894736842
LSPIN,lspin_tf,0.0022,0.2,0,2,0.6058192585595722,1.958931720836483,0.24752475247524752,2.6641471403376165,0.3695652173913043
LSPIN,lspin_tf,0.0022,0.2,0,3,0.4694324019927675,1.8805744520030236,0.23529411764705882,2.1940035273368608,0.2857142857142857
LSPIN,lspin_tf,0.0022,0.2,0,4,0.7043577444101627,1.958931720836483,0.24752475247524752,3.1342907533383726,0.46511627906976744
LSPIN,lspin_tf,0.0022,0.2,0,5,0.7315552048394854,1.958931720836483,0.24752475247524752,3.212648022171832,0.4823529411764706
LSPIN,lspin_tf,0.0022,0.2,0,6,0.5298314805461576,1.958931720836483,0.24752475247524752,2.507432602670698,0.3404255319148936
LSPIN,lspin_tf,0.0022,0.2,0,7,0.6325019315970024,2.1156462585034013,0.2727272727272727,3.055933484504913,0.4482758620689655
LSPIN,lspin_tf,0.0022,0.2,0,8,0.7066156405497338,2.3507180650037793,0.3125,3.055933484504913,0.4482758620689655
LSPIN,lspin_tf,0.0022,0.2,0,9,0.6104189614860638,2.1940035273368608,0.2857142857142857,2.8208616780045355,0.4
LSPIN,lspin_tf,0.0022,0.2,1,2,0.588388889818941,2.1156462585034013,0.2727272727272727,2.977576215671454,0.4318181818181818
LSPIN,lspin_tf,0.0022,0.2,1,3,0.5388401722379956,1.8805744520030236,0.23529411764705882,2.6641471403376165,0.3695652173913043
LSPIN,lspin_tf,0.0022,0.2,1,4,0.41056618839626036,2.1156462585034013,0.2727272727272727,2.1156462585034013,0.2727272727272727
LSPIN,lspin_tf,0.0022,0.2,1,5,0.5577017815843958,2.3507180650037793,0.3125,2.429075333837239,0.3263157894736842
LSPIN,lspin_tf,0.0022,0.2,1,6,0.7311100701524921,2.742504409171076,0.38461538461538464,3.1342907533383726,0.46511627906976744
LSPIN,lspin_tf,0.0022,0.2,1,7,0.6185983492342167,2.429075333837239,0.3263157894736842,3.212648022171832,0.4823529411764706
LSPIN,lspin_tf,0.0022,0.2,1,8,0.6952587271393653,2.8208616780045355,0.4,3.291005291005291,0.5
LSPIN,lspin_tf,0.0022,0.2,1,9,0.632847919488153,2.3507180650037793,0.3125,2.977576215671454,0.4318181818181818
LSPIN,lspin_tf,0.0022,0.2,2,3,0.5404140266143423,2.1940035273368608,0.2857142857142857,2.507432602670698,0.3404255319148936
LSPIN,lspin_tf,0.0022,0.2,2,4,0.6572634624334981,2.977576215671454,0.4318181818181818,2.6641471403376165,0.3695652173913043
LSPIN,lspin_tf,0.0022,0.2,2,5,0.6486651026225934,2.507432602670698,0.3404255319148936,2.977576215671454,0.4318181818181818
LSPIN,lspin_tf,0.0022,0.2,2,6,0.6438422891448781,2.1156462585034013,0.2727272727272727,2.5857898715041574,0.3548387096774194
LSPIN,lspin_tf,0.0022,0.2,2,7,0.6750424817193031,2.429075333837239,0.3263157894736842,2.5857898715041574,0.3548387096774194
LSPIN,lspin_tf,0.0022,0.2,2,8,0.6840246274818385,2.742504409171076,0.38461538461538464,2.8992189468379945,0.4157303370786517
LSPIN,lspin_tf,0.0022,0.2,2,9,0.6189044757833085,2.3507180650037793,0.3125,3.1342907533383726,0.46511627906976744
LSPIN,lspin_tf,0.0022,0.2,3,4,0.5905167862145067,2.1940035273368608,0.2857142857142857,2.3507180650037793,0.3125
LSPIN,lspin_tf,0.0022,0.2,3,5,0.4719748157636233,2.1156462585034013,0.2727272727272727,2.1156462585034013,0.2727272727272727
LSPIN,lspin_tf,0.0022,0.2,3,6,0.6033518908869034,2.2723607961703203,0.29896907216494845,2.5857898715041574,0.3548387096774194
LSPIN,lspin_tf,0.0022,0.2,3,7,0.5681527181849401,2.6641471403376165,0.3695652173913043,2.6641471403376165,0.3695652173913043
LSPIN,lspin_tf,0.0022,0.2,3,8,0.6339675497233301,2.429075333837239,0.3263157894736842,2.8208616780045355,0.4
LSPIN,lspin_tf,0.0022,0.2,3,9,0.641992045170846,2.8992189468379945,0.4157303370786517,2.6641471403376165,0.3695652173913043
LSPIN,lspin_tf,0.0022,0.2,4,5,0.6199171500196006,2.1156462585034013,0.2727272727272727,2.742504409171076,0.38461538461538464
LSPIN,lspin_tf,0.0022,0.2,4,6,0.5041524803806393,1.958931720836483,0.24752475247524752,2.037288989669942,0.26
LSPIN,lspin_tf,0.0022,0.2,4,7,0.6443027456688133,2.429075333837239,0.3263157894736842,2.6641471403376165,0.3695652173913043
LSPIN,lspin_tf,0.0022,0.2,4,8,0.709733364766504,2.3507180650037793,0.3125,3.212648022171832,0.4823529411764706
LSPIN,lspin_tf,0.0022,0.2,4,9,0.5406877606495201,2.1156462585034013,0.2727272727272727,2.507432602670698,0.3404255319148936
LSPIN,lspin_tf,0.0022,0.2,5,6,0.6137136333730524,2.507432602670698,0.3404255319148936,2.429075333837239,0.3263157894736842
LSPIN,lspin_tf,0.0022,0.2,5,7,0.6693289058117078,2.8992189468379945,0.4157303370786517,2.8992189468379945,0.4157303370786517
LSPIN,lspin_tf,0.0022,0.2,5,8,0.6722593039385848,2.5857898715041574,0.3548387096774194,2.8992189468379945,0.4157303370786517
LSPIN,lspin_tf,0.0022,0.2,5,9,0.6317334709622432,2.429075333837239,0.3263157894736842,2.8992189468379945,0.4157303370786517
LSPIN,lspin_tf,0.0022,0.2,6,7,0.6644339238279375,2.8992189468379945,0.4157303370786517,2.977576215671454,0.4318181818181818
LSPIN,lspin_tf,0.0022,0.2,6,8,0.6657167512183948,2.5857898715041574,0.3548387096774194,2.977576215671454,0.4318181818181818
LSPIN,lspin_tf,0.0022,0.2,6,9,0.6889585029344273,2.6641471403376165,0.3695652173913043,2.8992189468379945,0.4157303370786517
LSPIN,lspin_tf,0.0022,0.2,7,8,0.7403494598501511,2.429075333837239,0.3263157894736842,3.4477198286722097,0.5365853658536586
LSPIN,lspin_tf,0.0022,0.2,7,9,0.633766973418036,2.5857898715041574,0.3548387096774194,2.977576215671454,0.4318181818181818
LSPIN,lspin_tf,0.0022,0.2,8,9,0.7277645759480837,3.055933484504913,0.4482758620689655,3.3693625598387507,0.5180722891566265
LSPIN,lspin_tf,0.011,0.4,0,1,0.5108207620562886,2.2723607961703203,0.29896907216494845,2.3507180650037793,0.3125
LSPIN,lspin_tf,0.011,0.4,0,2,0.39621212690069113,2.3507180650037793,0.3125,2.1156462585034013,0.2727272727272727
LSPIN,lspin_tf,0.011,0.4,0,3,0.5241921908437286,2.1156462585034013,0.2727272727272727,2.429075333837239,0.3263157894736842
LSPIN,lspin_tf,0.011,0.4,0,4,0.47154910434162617,2.037288989669942,0.26,2.2723607961703203,0.29896907216494845
LSPIN,lspin_tf,0.011,0.4,0,5,0.5523115679076579,2.3507180650037793,0.3125,2.3507180650037793,0.3125
LSPIN,lspin_tf,0.011,0.4,0,6,0.4826577120373782,1.8022171831695641,0.22330097087378642,2.429075333837239,0.3263157894736842
LSPIN,lspin_tf,0.011,0.4,0,7,0.513822712715544,2.1156462585034013,0.2727272727272727,2.429075333837239,0.3263157894736842
LSPIN,lspin_tf,0.011,0.4,0,8,0.560288400723969,2.1940035273368608,0.2857142857142857,2.742504409171076,0.38461538461538464
LSPIN,lspin_tf,0.011,0.4,0,9,0.5458839570394703,2.429075333837239,0.3263157894736842,2.3507180650037793,0.3125
LSPIN,lspin_tf,0.011,0.4,1,2,0.4790068281086173,2.3507180650037793,0.3125,2.2723607961703203,0.29896907216494845
LSPIN,lspin_tf,0.011,0.4,1,3,0.5468622469788896,2.1940035273368608,0.2857142857142857,2.3507180650037793,0.3125
LSPIN,lspin_tf,0.011,0.4,1,4,0.5131702217657271,2.1940035273368608,0.2857142857142857,2.3507180650037793,0.3125
LSPIN,lspin_tf,0.011,0.4,1,5,0.585469193662494,2.2723607961703203,0.29896907216494845,2.5857898715041574,0.3548387096774194
LSPIN,lspin_tf,0.011,0.4,1,6,0.6159322443018321,1.8022171831695641,0.22330097087378642,2.977576215671454,0.4318181818181818
LSPIN,lspin_tf,0.011,0.4,1,7,0.5488357894665484,2.1940035273368608,0.2857142857142857,2.742504409171076,0.38461538461538464
LSPIN,lspin_tf,0.011,0.4,1,8,0.5755202345031383,2.2723607961703203,0.29896907216494845,2.1940035273368608,0.2857142857142857
LSPIN,lspin_tf,0.011,0.4,1,9,0.5514761671343043,2.037288989669942,0.26,2.2723607961703203,0.29896907216494845
LSPIN,lspin_tf,0.011,0.4,2,3,0.5460979269390922,2.037288989669942,0.26,2.5857898715041574,0.3548387096774194
LSPIN,lspin_tf,0.011,0.4,2,4,0.49534053772961134,2.1156462585034013,0.2727272727272727,2.429075333837239,0.3263157894736842
LSPIN,lspin_tf,0.011,0.4,2,5,0.5387524801510164,2.037288989669942,0.26,2.8992189468379945,0.4157303370786517
LSPIN,lspin_tf,0.011,0.4,2,6,0.4133944531116613,1.6455026455026456,0.2,2.2723607961703203,0.29896907216494845
LSPIN,lspin_tf,0.011,0.4,2,7,0.42430240491477683,1.958931720836483,0.24752475247524752,2.2723607961703203,0.29896907216494845
LSPIN,lspin_tf,0.011,0.4,2,8,0.4884176315843558,1.8805744520030236,0.23529411764705882,2.507432602670698,0.3404255319148936
LSPIN,lspin_tf,0.011,0.4,2,9,0.5458542866643348,2.2723607961703203,0.29896907216494845,2.3507180650037793,0.3125
LSPIN,lspin_tf,0.011,0.4,3,4,0.5692767618938575,1.8805744520030236,0.23529411764705882,2.429075333837239,0.3263157894736842
LSPIN,lspin_tf,0.011,0.4,3,5,0.59605481099495,2.1156462585034013,0.2727272727272727,2.977576215671454,0.4318181818181818
LSPIN,lspin_tf,0.011,0.4,3,6,0.49347423205510665,2.037288989669942,0.26,2.2723607961703203,0.29896907216494845
LSPIN,lspin_tf,0.011,0.4,3,7,0.6608485355700225,2.1156462585034013,0.2727272727272727,2.6641471403376165,0.3695652173913043
LSPIN,lspin_tf,0.011,0.4,3,8,0.5601297241296113,1.7238599143361049,0.21153846153846154,2.742504409171076,0.38461538461538464
LSPIN,lspin_tf,0.011,0.4,3,9,0.6111759362643469,2.3507180650037793,0.3125,2.742504409171076,0.38461538461538464
LSPIN,lspin_tf,0.011,0.4,4,5,0.5567398522354383,2.1156462585034013,0.2727272727272727,2.6641471403376165,0.3695652173913043
LSPIN,lspin_tf,0.011,0.4,4,6,0.536262459798051,1.8805744520030236,0.23529411764705882,2.742504409171076,0.38461538461538464
LSPIN,lspin_tf,0.011,0.4,4,7,0.5710624919529004,2.507432602670698,0.3404255319148936,2.5857898715041574,0.3548387096774194
LSPIN,lspin_tf,0.011,0.4,4,8,0.5576851298969261,2.1940035273368608,0.2857142857142857,2.507432602670698,0.3404255319148936
LSPIN,lspin_tf,0.011,0.4,4,9,0.555751601828447,2.3507180650037793,0.3125,2.1940035273368608,0.2857142857142857
LSPIN,lspin_tf,0.011,0.4,5,6,0.5467429853835772,1.958931720836483,0.24752475247524752,2.507432602670698,0.3404255319148936
LSPIN,lspin_tf,0.011,0.4,5,7,0.5478872991505198,1.958931720836483,0.24752475247524752,2.6641471403376165,0.3695652173913043
LSPIN,lspin_tf,0.011,0.4,5,8,0.6001397530699547,2.1156462585034013,0.2727272727272727,2.507432602670698,0.3404255319148936
LSPIN,lspin_tf,0.011,0.4,5,9,0.5608782831793933,2.2723607961703203,0.29896907216494845,2.2723607961703203,0.29896907216494845
LSPIN,lspin_tf,0.011,0.4,6,7,0.6010513565497783,2.1156462585034013,0.2727272727272727,2.6641471403376165,0.3695652173913043
LSPIN,lspin_tf,0.011,0.4,6,8,0.5887221766401836,2.429075333837239,0.3263157894736842,2.742504409171076,0.38461538461538464
LSPIN,lspin_tf,0.011,0.4,6,9,0.494675657171132,2.037288989669942,0.26,1.8805744520030236,0.23529411764705882
LSPIN,lspin_tf,0.011,0.4,7,8,0.597102947898094,2.8208616780045355,0.4,2.742504409171076,0.38461538461538464
LSPIN,lspin_tf,0.011,0.4,7,9,0.5694024429838063,1.958931720836483,0.24752475247524752,2.429075333837239,0.3263157894736842
LSPIN,lspin_tf,0.011,0.4,8,9,0.548053335726154,2.037288989669942,0.26,2.3507180650037793,0.3125
LSPIN,lspin_tf,0.0075,0.4,0,1,0.17327138285970878,1.7238599143361049,0.21153846153846154,1.018644494834971,0.11504424778761062
LSPIN,lspin_tf,0.0075,0.4,0,2,0.5413484915581621,2.429075333837239,0.3263157894736842,2.5857898715041574,0.3548387096774194
LSPIN,lspin_tf,0.0075,0.4,0,3,0.6886607736939552,2.6641471403376165,0.3695652173913043,2.977576215671454,0.4318181818181818
LSPIN,lspin_tf,0.0075,0.4,0,4,0.5770011150499333,2.2723607961703203,0.29896907216494845,2.507432602670698,0.3404255319148936
LSPIN,lspin_tf,0.0075,0.4,0,5,0.6108015951342194,2.507432602670698,0.3404255319148936,2.3507180650037793,0.3125
LSPIN,lspin_tf,0.0075,0.4,0,6,0.5375168821950969,1.8805744520030236,0.23529411764705882,2.3507180650037793,0.3125
LSPIN,lspin_tf,0.0075,0.4,0,7,0.6820244308050393,2.429075333837239,0.3263157894736842,2.507432602670698,0.3404255319148936
LSPIN,lspin_tf,0.0075,0.4,0,8,0.5375203191276244,1.8805744520030236,0.23529411764705882,2.3507180650037793,0.3125
LSPIN,lspin_tf,0.0075,0.4,0,9,0.628358334212933,2.5857898715041574,0.3548387096774194,2.6641471403376165,0.3695652173913043
LSPIN,lspin_tf,0.0075,0.4,1,2,0.18243345324817442,1.8022171831695641,0.22330097087378642,1.1753590325018897,0.13513513513513514
LSPIN,lspin_tf,0.0075,0.4,1,3,0.06553831450135147,1.4104308390022677,0.16666666666666666,0.7835726883345931,0.08620689655172414
LSPIN,lspin_tf,0.0075,0.4,1,4,0.22337593352314436,1.8022171831695641,0.22330097087378642,1.4104308390022677,0.16666666666666666
LSPIN,lspin_tf,0.0075,0.4,1,5,0.2783646923396883,1.253716301335349,0.14545454545454545,1.253716301335349,0.14545454545454545
LSPIN,lspin_tf,0.0075,0.4,1,6,0.1556519500571812,1.958931720836483,0.24752475247524752,1.253716301335349,0.14545454545454545
LSPIN,lspin_tf,0.0075,0.4,1,7,0.07103367879418046,1.3320735701688082,0.1559633027522936,0.8619299571680524,0.09565217391304348
LSPIN,lspin_tf,0.0075,0.4,1,8,0.1878126445023553,1.8805744520030236,0.23529411764705882,1.4104308390022677,0.16666666666666666
LSPIN,lspin_tf,0.0075,0.4,1,9,0.16480288172200644,1.488788107835727,0.17757009345794392,1.3320735701688082,0.1559633027522936
LSPIN,lspin_tf,0.0075,0.4,2,3,0.5403426007835143,2.507432602670698,0.3404255319148936,2.3507180650037793,0.3125
LSPIN,lspin_tf,0.0075,0.4,2,4,0.5544362403703711,2.2723607961703203,0.29896907216494845,2.3507180650037793,0.3125
LSPIN,lspin_tf,0.0075,0.4,2,5,0.5336334143778276,2.429075333837239,0.3263157894736842,2.3507180650037793,0.3125
LSPIN,lspin_tf,0.0075,0.4,2,6,0.5523818150244232,2.6641471403376165,0.3695652173913043,2.2723607961703203,0.29896907216494845
LSPIN,lspin_tf,0.0075,0.4,2,7,0.5440263690598085,2.1940035273368608,0.2857142857142857,2.2723607961703203,0.29896907216494845
LSPIN,lspin_tf,0.0075,0.4,2,8,0.5944071665986113,2.3507180650037793,0.3125,2.507432602670698,0.3404255319148936
LSPIN,lspin_tf,0.0075,0.4,2,9,0.5079644327956806,2.3507180650037793,0.3125,2.1940035273368608,0.2857142857142857
LSPIN,lspin_tf,0.0075,0.4,3,4,0.5816504622990228,2.1940035273368608,0.2857142857142857,2.3507180650037793,0.3125
LSPIN,lspin_tf,0.0075,0.4,3,5,0.5856820791788272,2.037288989669942,0.26,2.507432602670698,0.3404255319148936
LSPIN,lspin_tf,0.0075,0.4,3,6,0.48448160453137273,1.8805744520030236,0.23529411764705882,2.037288989669942,0.26
LSPIN,lspin_tf,0.0075,0.4,3,7,0.6167075595740312,2.2723607961703203,0.29896907216494845,2.3507180650037793,0.3125
LSPIN,lspin_tf,0.0075,0.4,3,8,0.5239507022649222,1.958931720836483,0.24752475247524752,2.429075333837239,0.3263157894736842
LSPIN,lspin_tf,0.0075,0.4,3,9,0.6189118208722786,2.1156462585034013,0.2727272727272727,2.507432602670698,0.3404255319148936
LSPIN,lspin_tf,0.0075,0.4,4,5,0.5908514533117798,2.3507180650037793,0.3125,2.3507180650037793,0.3125
LSPIN,lspin_tf,0.0075,0.4,4,6,0.5208842475989015,2.1156462585034013,0.2727272727272727,2.1156462585034013,0.2727272727272727
LSPIN,lspin_tf,0.0075,0.4,4,7,0.5289176925117608,2.1156462585034013,0.2727272727272727,2.507432602670698,0.3404255319148936
LSPIN,lspin_tf,0.0075,0.4,4,8,0.575682062233843,2.037288989669942,0.26,2.507432602670698,0.3404255319148936
LSPIN,lspin_tf,0.0075,0.4,4,9,0.6443627756924304,2.6641471403376165,0.3695652173913043,3.212648022171832,0.4823529411764706
LSPIN,lspin_tf,0.0075,0.4,5,6,0.5128593200846868,1.958931720836483,0.24752475247524752,2.1156462585034013,0.2727272727272727
LSPIN,lspin_tf,0.0075,0.4,5,7,0.5767924008897999,1.8805744520030236,0.23529411764705882,2.429075333837239,0.3263157894736842
LSPIN,lspin_tf,0.0075,0.4,5,8,0.6206385892744367,2.2723607961703203,0.29896907216494845,2.3507180650037793,0.3125
LSPIN,lspin_tf,0.0075,0.4,5,9,0.6114809341581245,2.5857898715041574,0.3548387096774194,2.6641471403376165,0.3695652173913043
LSPIN,lspin_tf,0.0075,0.4,6,7,0.5495474652955076,2.037288989669942,0.26,2.1156462585034013,0.2727272727272727
LSPIN,lspin_tf,0.0075,0.4,6,8,0.5721783268813924,2.742504409171076,0.38461538461538464,1.958931720836483,0.24752475247524752
LSPIN,lspin_tf,0.0075,0.4,6,9,0.5644179822810645,2.1156462585034013,0.2727272727272727,2.1156462585034013,0.2727272727272727
LSPIN,lspin_tf,0.0075,0.4,7,8,0.5984145186952649,2.2723607961703203,0.29896907216494845,2.2723607961703203,0.29896907216494845
LSPIN,lspin_tf,0.0075,0.4,7,9,0.6031824151816368,1.958931720836483,0.24752475247524752,2.1156462585034013,0.2727272727272727
LSPIN,lspin_tf,0.0075,0.4,8,9,0.615458220632353,2.2723607961703203,0.29896907216494845,2.6641471403376165,0.3695652173913043
LSPIN,lspin_tf,0.005,0.4,0,1,0.49992298779634625,2.037288989669942,0.26,2.742504409171076,0.38461538461538464
LSPIN,lspin_tf,0.005,0.4,0,2,0.7149153386422935,2.1156462585034013,0.2727272727272727,3.055933484504913,0.4482758620689655
LSPIN,lspin_tf,0.005,0.4,0,3,0.3429259073173234,1.958931720836483,0.24752475247524752,2.1156462585034013,0.2727272727272727
LSPIN,lspin_tf,0.005,0.4,0,4,0.5469969868848648,1.8022171831695641,0.22330097087378642,2.1940035273368608,0.2857142857142857
LSPIN,lspin_tf,0.005,0.4,0,5,0.6090319732280487,2.1156462585034013,0.2727272727272727,2.507432602670698,0.3404255319148936
LSPIN,lspin_tf,0.005,0.4,0,6,0.39277144760046206,1.8022171831695641,0.22330097087378642,2.1156462585034013,0.2727272727272727
LSPIN,lspin_tf,0.005,0.4,0,7,0.6215340804454798,1.958931720836483,0.24752475247524752,2.8208616780045355,0.4
LSPIN,lspin_tf,0.005,0.4,0,8,0.4427923971719736,2.1156462585034013,0.2727272727272727,2.1940035273368608,0.2857142857142857
LSPIN,lspin_tf,0.005,0.4,0,9,0.538195170141195,2.3507180650037793,0.3125,2.8208616780045355,0.4
LSPIN,lspin_tf,0.005,0.4,1,2,0.6623903484653241,2.2723607961703203,0.29896907216494845,2.977576215671454,0.4318181818181818
LSPIN,lspin_tf,0.005,0.4,1,3,0.2948394371778903,1.7238599143361049,0.21153846153846154,1.488788107835727,0.17757009345794392
LSPIN,lspin_tf,0.005,0.4,1,4,0.5686264002443221,2.507432602670698,0.3404255319148936,2.429075333837239,0.3263157894736842
LSPIN,lspin_tf,0.005,0.4,1,5,0.5987888600311961,2.1940035273368608,0.2857142857142857,2.037288989669942,0.26
LSPIN,lspin_tf,0.005,0.4,1,6,0.5101002798336434,2.1940035273368608,0.2857142857142857,2.037288989669942,0.26
LSPIN,lspin_tf,0.005,0.4,1,7,0.6422069235369846,2.3507180650037793,0.3125,2.742504409171076,0.38461538461538464
LSPIN,lspin_tf,0.005,0.4,1,8,0.5644858409755714,2.507432602670698,0.3404255319148936,2.3507180650037793,0.3125
LSPIN,lspin_tf,0.005,0.4,1,9,0.6801728465862411,2.8992189468379945,0.4157303370786517,2.8992189468379945,0.4157303370786517
LSPIN,lspin_tf,0.005,0.4,2,3,0.3775837737386732,1.6455026455026456,0.2,2.037288989669942,0.26
LSPIN,lspin_tf,0.005,0.4,2,4,0.5557915400360122,1.6455026455026456,0.2,2.429075333837239,0.3263157894736842
LSPIN,lspin_tf,0.005,0.4,2,5,0.6478922390692704,2.5857898715041574,0.3548387096774194,2.742504409171076,0.38461538461538464
LSPIN,lspin_tf,0.005,0.4,2,6,0.39564514770382214,1.958931720836483,0.24752475247524752,2.037288989669942,0.26
LSPIN,lspin_tf,0.005,0.4,2,7,0.6859535400152774,2.3507180650037793,0.3125,3.1342907533383726,0.46511627906976744
LSPIN,lspin_tf,0.005,0.4,2,8,0.48712294161061,2.2723607961703203,0.29896907216494845,2.3507180650037793,0.3125
LSPIN,lspin_tf,0.005,0.4,2,9,0.5894342649378832,2.429075333837239,0.3263157894736842,2.8208616780045355,0.4
LSPIN,lspin_tf,0.005,0.4,3,4,0.33615564487973165,1.488788107835727,0.17757009345794392,1.6455026455026456,0.2
LSPIN,lspin_tf,0.005,0.4,3,5,0.4295728982050721,2.1156462585034013,0.2727272727272727,1.958931720836483,0.24752475247524752
LSPIN,lspin_tf,0.005,0.4,3,6,0.34570882067931036,1.7238599143361049,0.21153846153846154,1.6455026455026456,0.2
LSPIN,lspin_tf,0.005,0.4,3,7,0.4553645852560728,1.7238599143361049,0.21153846153846154,2.2723607961703203,0.29896907216494845
LSPIN,lspin_tf,0.005,0.4,3,8,0.5172881346118005,1.8805744520030236,0.23529411764705882,1.958931720836483,0.24752475247524752
LSPIN,lspin_tf,0.005,0.4,3,9,0.3111360665019934,1.6455026455026456,0.2,1.6455026455026456,0.2
LSPIN,lspin_tf,0.005,0.4,4,5,0.6707354638716069,2.5857898715041574,0.3548387096774194,2.5857898715041574,0.3548387096774194
LSPIN,lspin_tf,0.005,0.4,4,6,0.6726207714766181,2.5857898715041574,0.3548387096774194,2.8208616780045355,0.4
LSPIN,lspin_tf,0.005,0.4,4,7,0.6087849458862934,2.2723607961703203,0.29896907216494845,2.6641471403376165,0.3695652173913043
LSPIN,lspin_tf,0.005,0.4,4,8,0.5928624212331483,2.5857898715041574,0.3548387096774194,2.5857898715041574,0.3548387096774194
LSPIN,lspin_tf,0.005,0.4,4,9,0.7023986889303206,2.6641471403376165,0.3695652173913043,3.3693625598387507,0.5180722891566265
LSPIN,lspin_tf,0.005,0.4,5,6,0.5495743628154284,2.6641471403376165,0.3695652173913043,2.037288989669942,0.26
LSPIN,lspin_tf,0.005,0.4,5,7,0.6748059186033265,2.6641471403376165,0.3695652173913043,2.5857898715041574,0.3548387096774194
LSPIN,lspin_tf,0.005,0.4,5,8,0.6641265708617461,2.5857898715041574,0.3548387096774194,2.8208616780045355,0.4
LSPIN,lspin_tf,0.005,0.4,5,9,0.6055751947289219,2.3507180650037793,0.3125,2.2723607961703203,0.29896907216494845
LSPIN,lspin_tf,0.005,0.4,6,7,0.57785596964603,2.6641471403376165,0.3695652173913043,2.3507180650037793,0.3125
LSPIN,lspin_tf,0.005,0.4,6,8,0.6613943057716174,2.5857898715041574,0.3548387096774194,2.5857898715041574,0.3548387096774194
LSPIN,lspin_tf,0.005,0.4,6,9,0.6584199511069615,2.1940035273368608,0.2857142857142857,2.742504409171076,0.38461538461538464
LSPIN,lspin_tf,0.005,0.4,7,8,0.6380810671813636,2.742504409171076,0.38461538461538464,2.5857898715041574,0.3548387096774194
LSPIN,lspin_tf,0.005,0.4,7,9,0.6198676116723504,2.3507180650037793,0.3125,2.8208616780045355,0.4
LSPIN,lspin_tf,0.005,0.4,8,9,0.6081633290861548,2.742504409171076,0.38461538461538464,2.507432602670698,0.3404255319148936
LSPIN,lspin_tf,0.0033,0.4,0,1,0.6254870251734832,2.1156462585034013,0.2727272727272727,2.6641471403376165,0.3695652173913043
LSPIN,lspin_tf,0.0033,0.4,0,2,0.6484287701427733,2.1156462585034013,0.2727272727272727,3.055933484504913,0.4482758620689655
LSPIN,lspin_tf,0.0033,0.4,0,3,0.636384384574047,2.507432602670698,0.3404255319148936,3.212648022171832,0.4823529411764706
LSPIN,lspin_tf,0.0033,0.4,0,4,0.6013887436170071,2.1940035273368608,0.2857142857142857,2.5857898715041574,0.3548387096774194
LSPIN,lspin_tf,0.0033,0.4,0,5,0.6127764003528757,2.037288989669942,0.26,2.507432602670698,0.3404255319148936
LSPIN,lspin_tf,0.0033,0.4,0,6,0.675831224473082,2.429075333837239,0.3263157894736842,3.212648022171832,0.4823529411764706
LSPIN,lspin_tf,0.0033,0.4,0,7,0.6957557355016964,2.2723607961703203,0.29896907216494845,2.8208616780045355,0.4
LSPIN,lspin_tf,0.0033,0.4,0,8,0.4533162944827378,1.5671453766691863,0.18867924528301888,2.3507180650037793,0.3125
LSPIN,lspin_tf,0.0033,0.4,0,9,0.6267233201346295,2.2723607961703203,0.29896907216494845,2.507432602670698,0.3404255319148936
LSPIN,lspin_tf,0.0033,0.4,1,2,0.6405205393615563,2.5857898715041574,0.3548387096774194,2.742504409171076,0.38461538461538464
LSPIN,lspin_tf,0.0033,0.4,1,3,0.6837303607434942,2.2723607961703203,0.29896907216494845,2.8992189468379945,0.4157303370786517
LSPIN,lspin_tf,0.0033,0.4,1,4,0.6491837938979435,2.8992189468379945,0.4157303370786517,2.8208616780045355,0.4
LSPIN,lspin_tf,0.0033,0.4,1,5,0.6953115995941279,2.8208616780045355,0.4,3.1342907533383726,0.46511627906976744
LSPIN,lspin_tf,0.0033,0.4,1,6,0.6269874814647443,2.1940035273368608,0.2857142857142857,2.8208616780045355,0.4
LSPIN,lspin_tf,0.0033,0.4,1,7,0.7080311601501414,2.742504409171076,0.38461538461538464,3.212648022171832,0.4823529411764706
LSPIN,lspin_tf,0.0033,0.4,1,8,0.40140622816124566,1.5671453766691863,0.18867924528301888,2.2723607961703203,0.29896907216494845
LSPIN,lspin_tf,0.0033,0.4,1,9,0.6202498995344252,2.742504409171076,0.38461538461538464,2.507432602670698,0.3404255319148936
LSPIN,lspin_tf,0.0033,0.4,2,3,0.6095321831048929,2.429075333837239,0.3263157894736842,2.8208616780045355,0.4
LSPIN,lspin_tf,0.0033,0.4,2,4,0.5974209860140125,2.429075333837239,0.3263157894736842,2.507432602670698,0.3404255319148936
LSPIN,lspin_tf,0.0033,0.4,2,5,0.6845316204825673,2.507432602670698,0.3404255319148936,2.977576215671454,0.4318181818181818
LSPIN,lspin_tf,0.0033,0.4,2,6,0.6854747353041372,2.2723607961703203,0.29896907216494845,2.977576215671454,0.4318181818181818
LSPIN,lspin_tf,0.0033,0.4,2,7,0.6863231546853851,2.6641471403376165,0.3695652173913043,2.742504409171076,0.38461538461538464
LSPIN,lspin_tf,0.0033,0.4,2,8,0.4763175893368277,2.1940035273368608,0.2857142857142857,2.3507180650037793,0.3125
LSPIN,lspin_tf,0.0033,0.4,2,9,0.630398214840987,2.429075333837239,0.3263157894736842,2.6641471403376165,0.3695652173913043
LSPIN,lspin_tf,0.0033,0.4,3,4,0.7712725677587245,2.742504409171076,0.38461538461538464,3.3693625598387507,0.5180722891566265
LSPIN,lspin_tf,0.0033,0.4,3,5,0.7149433362637526,2.5857898715041574,0.3548387096774194,3.212648022171832,0.4823529411764706
LSPIN,lspin_tf,0.0033,0.4,3,6,0.6278049795024256,1.958931720836483,0.24752475247524752,2.6641471403376165,0.3695652173913043
LSPIN,lspin_tf,0.0033,0.4,3,7,0.7014052987348058,2.2723607961703203,0.29896907216494845,3.055933484504913,0.4482758620689655
LSPIN,lspin_tf,0.0033,0.4,3,8,0.446960519772672,1.3320735701688082,0.1559633027522936,2.6641471403376165,0.3695652173913043
LSPIN,lspin_tf,0.0033,0.4,3,9,0.5397547455147366,2.507432602670698,0.3404255319148936,2.037288989669942,0.26
LSPIN,lspin_tf,0.0033,0.4,4,5,0.7250933315616676,2.742504409171076,0.38461538461538464,3.291005291005291,0.5
LSPIN,lspin_tf,0.0033,0.4,4,6,0.6775005886530168,2.5857898715041574,0.3548387096774194,2.8208616780045355,0.4
LSPIN,lspin_tf,0.0033,0.4,4,7,0.7261024819401206,2.6641471403376165,0.3695652173913043,3.291005291005291,0.5
LSPIN,lspin_tf,0.0033,0.4,4,8,0.5023137227041428,1.488788107835727,0.17757009345794392,2.6641471403376165,0.3695652173913043
LSPIN,lspin_tf,0.0033,0.4,4,9,0.5553333635222881,2.2723607961703203,0.29896907216494845,2.1940035273368608,0.2857142857142857
LSPIN,lspin_tf,0.0033,0.4,5,6,0.7110427318458109,2.507432602670698,0.3404255319148936,2.977576215671454,0.4318181818181818
LSPIN,lspin_tf,0.0033,0.4,5,7,0.6781757686997022,2.3507180650037793,0.3125,2.742504409171076,0.38461538461538464
LSPIN,lspin_tf,0.0033,0.4,5,8,0.5422212375291409,1.8805744520030236,0.23529411764705882,2.507432602670698,0.3404255319148936
LSPIN,lspin_tf,0.0033,0.4,5,9,0.5574559436637325,2.6641471403376165,0.3695652173913043,2.1156462585034013,0.2727272727272727
LSPIN,lspin_tf,0.0033,0.4,6,7,0.7417213407510154,2.507432602670698,0.3404255319148936,2.977576215671454,0.4318181818181818
LSPIN,lspin_tf,0.0033,0.4,6,8,0.5843892666136605,2.1940035273368608,0.2857142857142857,2.8992189468379945,0.4157303370786517
LSPIN,lspin_tf,0.0033,0.4,6,9,0.670781861872022,2.8208616780045355,0.4,2.6641471403376165,0.3695652173913043
LSPIN,lspin_tf,0.0033,0.4,7,8,0.571847708374357,2.1940035273368608,0.2857142857142857,2.6641471403376165,0.3695652173913043
LSPIN,lspin_tf,0.0033,0.4,7,9,0.6782987255850774,2.8208616780045355,0.4,2.8208616780045355,0.4
LSPIN,lspin_tf,0.0033,0.4,8,9,0.4000386417350016,2.1156462585034013,0.2727272727272727,2.3507180650037793,0.3125
LSPIN,lspin_tf,0.0022,0.4,0,1,0.21788796637583485,1.5671453766691863,0.18867924528301888,1.6455026455026456,0.2
LSPIN,lspin_tf,0.0022,0.4,0,2,0.7193254957051959,2.742504409171076,0.38461538461538464,2.8992189468379945,0.4157303370786517
LSPIN,lspin_tf,0.0022,0.4,0,3,0.6867746321515136,2.8208616780045355,0.4,3.1342907533383726,0.46511627906976744
LSPIN,lspin_tf,0.0022,0.4,0,4,0.6247827999347964,2.977576215671454,0.4318181818181818,2.507432602670698,0.3404255319148936
LSPIN,lspin_tf,0.0022,0.4,0,5,0.46298994369367075,1.6455026455026456,0.2,2.037288989669942,0.26
LSPIN,lspin_tf,0.0022,0.4,0,6,0.6982822470285084,2.8208616780045355,0.4,3.055933484504913,0.4482758620689655
LSPIN,lspin_tf,0.0022,0.4,0,7,0.7235511657500333,2.977576215671454,0.4318181818181818,3.212648022171832,0.4823529411764706
LSPIN,lspin_tf,0.0022,0.4,0,8,0.5390007490548857,2.507432602670698,0.3404255319148936,2.3507180650037793,0.3125
LSPIN,lspin_tf,0.0022,0.4,0,9,0.6965655476513686,2.429075333837239,0.3263157894736842,3.055933484504913,0.4482758620689655
LSPIN,lspin_tf,0.0022,0.4,1,2,0.17697847734987204,1.8022171831695641,0.22330097087378642,1.8022171831695641,0.22330097087378642
LSPIN,lspin_tf,0.0022,0.4,1,3,0.2085346923865782,1.6455026455026456,0.2,1.6455026455026456,0.2
LSPIN,lspin_tf,0.0022,0.4,1,4,0.14307853203822385,1.3320735701688082,0.1559633027522936,1.4104308390022677,0.16666666666666666
LSPIN,lspin_tf,0.0022,0.4,1,5,0.3919320100978469,3.1342907533383726,0.46511627906976744,2.1156462585034013,0.2727272727272727
LSPIN,lspin_tf,0.0022,0.4,1,6,0.11609190785298387,1.253716301335349,0.14545454545454545,1.5671453766691863,0.18867924528301888
LSPIN,lspin_tf,0.0022,0.4,1,7,0.215055072102449,1.4104308390022677,0.16666666666666666,1.5671453766691863,0.18867924528301888
LSPIN,lspin_tf,0.0022,0.4,1,8,0.17767879880389145,1.6455026455026456,0.2,1.5671453766691863,0.18867924528301888
LSPIN,lspin_tf,0.0022,0.4,1,9,0.11552261876259096,1.253716301335349,0.14545454545454545,1.4104308390022677,0.16666666666666666
LSPIN,lspin_tf,0.0022,0.4,2,3,0.7458203925562911,3.055933484504913,0.4482758620689655,3.212648022171832,0.4823529411764706
LSPIN,lspin_tf,0.0022,0.4,2,4,0.6349838009746084,2.6641471403376165,0.3695652173913043,2.8992189468379945,0.4157303370786517
LSPIN,lspin_tf,0.0022,0.4,2,5,0.43737665242074175,1.5671453766691863,0.18867924528301888,2.429075333837239,0.3263157894736842
LSPIN,lspin_tf,0.0022,0.4,2,6,0.7385214721867118,2.977576215671454,0.4318181818181818,2.977576215671454,0.4318181818181818
LSPIN,lspin_tf,0.0022,0.4,2,7,0.6836285789123646,2.8992189468379945,0.4157303370786517,2.8992189468379945,0.4157303370786517
LSPIN,lspin_tf,0.0022,0.4,2,8,0.591196618423614,2.507432602670698,0.3404255319148936,2.5857898715041574,0.3548387096774194
LSPIN,lspin_tf,0.0022,0.4,2,9,0.6206631340670379,2.2723607961703203,0.29896907216494845,2.5857898715041574,0.3548387096774194
LSPIN,lspin_tf,0.0022,0.4,3,4,0.725699329794711,3.055933484504913,0.4482758620689655,3.055933484504913,0.4482758620689655
LSPIN,lspin_tf,0.0022,0.4,3,5,0.5271312780969828,1.6455026455026456,0.2,2.742504409171076,0.38461538461538464
LSPIN,lspin_tf,0.0022,0.4,3,6,0.7058140079215931,2.977576215671454,0.4318181818181818,3.055933484504913,0.4482758620689655
LSPIN,lspin_tf,0.0022,0.4,3,7,0.7068561297654421,2.6641471403376165,0.3695652173913043,2.977576215671454,0.4318181818181818
LSPIN,lspin_tf,0.0022,0.4,3,8,0.5426480082987856,1.958931720836483,0.24752475247524752,2.5857898715041574,0.3548387096774194
LSPIN,lspin_tf,0.0022,0.4,3,9,0.5660686201625447,2.037288989669942,0.26,2.429075333837239,0.3263157894736842
LSPIN,lspin_tf,0.0022,0.4,4,5,0.48026453575721356,1.8805744520030236,0.23529411764705882,2.3507180650037793,0.3125
LSPIN,lspin_tf,0.0022,0.4,4,6,0.7250466110819959,3.055933484504913,0.4482758620689655,2.8992189468379945,0.4157303370786517
LSPIN,lspin_tf,0.0022,0.4,4,7,0.7171465281608294,3.055933484504913,0.4482758620689655,2.742504409171076,0.38461538461538464
LSPIN,lspin_tf,0.0022,0.4,4,8,0.5719681362693562,2.2723607961703203,0.29896907216494845,2.8992189468379945,0.4157303370786517
LSPIN,lspin_tf,0.0022,0.4,4,9,0.585466754650042,2.3507180650037793,0.3125,2.1940035273368608,0.2857142857142857
LSPIN,lspin_tf,0.0022,0.4,5,6,0.4061017134041044,1.7238599143361049,0.21153846153846154,2.2723607961703203,0.29896907216494845
LSPIN,lspin_tf,0.0022,0.4,5,7,0.43711631224925723,1.488788107835727,0.17757009345794392,1.958931720836483,0.24752475247524752
LSPIN,lspin_tf,0.0022,0.4,5,8,0.4063632711841502,1.8022171831695641,0.22330097087378642,1.8022171831695641,0.22330097087378642
LSPIN,lspin_tf,0.0022,0.4,5,9,0.3387669247323551,1.488788107835727,0.17757009345794392,1.488788107835727,0.17757009345794392
LSPIN,lspin_tf,0.0022,0.4,6,7,0.7606061025744669,2.977576215671454,0.4318181818181818,3.3693625598387507,0.5180722891566265
LSPIN,lspin_tf,0.0022,0.4,6,8,0.5021597879823066,2.037288989669942,0.26,2.5857898715041574,0.3548387096774194
LSPIN,lspin_tf,0.0022,0.4,6,9,0.6716413938984148,2.429075333837239,0.3263157894736842,2.8992189468379945,0.4157303370786517
LSPIN,lspin_tf,0.0022,0.4,7,8,0.544878840241056,2.3507180650037793,0.3125,2.3507180650037793,0.3125
LSPIN,lspin_tf,0.0022,0.4,7,9,0.7255977268619754,2.429075333837239,0.3263157894736842,3.3693625598387507,0.5180722891566265
LSPIN,lspin_tf,0.0022,0.4,8,9,0.5303571854890932,2.429075333837239,0.3263157894736842,2.037288989669942,0.26
LSPIN,lspin_tf,0.011,0.7,0,1,0.5940614942743679,2.1156462585034013,0.2727272727272727,2.8992189468379945,0.4157303370786517
LSPIN,lspin_tf,0.011,0.7,0,2,0.5282441224113513,2.5857898715041574,0.3548387096774194,2.1156462585034013,0.2727272727272727
LSPIN,lspin_tf,0.011,0.7,0,3,0.47976703021344524,1.8805744520030236,0.23529411764705882,2.429075333837239,0.3263157894736842
LSPIN,lspin_tf,0.011,0.7,0,4,0.5064150666801767,1.7238599143361049,0.21153846153846154,2.3507180650037793,0.3125
LSPIN,lspin_tf,0.011,0.7,0,5,0.4279380430625966,1.4104308390022677,0.16666666666666666,2.742504409171076,0.38461538461538464
LSPIN,lspin_tf,0.011,0.7,0,6,0.5189441544946541,2.1156462585034013,0.2727272727272727,2.2723607961703203,0.29896907216494845
LSPIN,lspin_tf,0.011,0.7,0,7,0.5055776100669439,2.037288989669942,0.26,2.3507180650037793,0.3125
LSPIN,lspin_tf,0.011,0.7,0,8,0.5266439739872137,2.037288989669942,0.26,2.429075333837239,0.3263157894736842
LSPIN,lspin_tf,0.011,0.7,0,9,0.526054496157603,1.8805744520030236,0.23529411764705882,2.1940035273368608,0.2857142857142857
LSPIN,lspin_tf,0.011,0.7,1,2,0.4917066911753257,2.1156462585034013,0.2727272727272727,2.1940035273368608,0.2857142857142857
LSPIN,lspin_tf,0.011,0.7,1,3,0.5506064926351518,2.1940035273368608,0.2857142857142857,2.6641471403376165,0.3695652173913043
LSPIN,lspin_tf,0.011,0.7,1,4,0.608613476958107,2.1156462585034013,0.2727272727272727,2.5857898715041574,0.3548387096774194
LSPIN,lspin_tf,0.011,0.7,1,5,0.6044027061587234,2.037288989669942,0.26,2.6641471403376165,0.3695652173913043
LSPIN,lspin_tf,0.011,0.7,1,6,0.574362421263694,2.507432602670698,0.3404255319148936,2.3507180650037793,0.3125
LSPIN,lspin_tf,0.011,0.7,1,7,0.5493899719916027,2.1156462585034013,0.2727272727272727,2.742504409171076,0.38461538461538464
LSPIN,lspin_tf,0.011,0.7,1,8,0.6493415428353262,2.429075333837239,0.3263157894736842,2.8992189468379945,0.4157303370786517
LSPIN,lspin_tf,0.011,0.7,1,9,0.5342199796355421,2.1940035273368608,0.2857142857142857,2.3507180650037793,0.3125
LSPIN,lspin_tf,0.011,0.7,2,3,0.5722880364894755,1.6455026455026456,0.2,2.742504409171076,0.38461538461538464
LSPIN,lspin_tf,0.011,0.7,2,4,0.5321380766374526,2.3507180650037793,0.3125,2.507432602670698,0.3404255319148936
LSPIN,lspin_tf,0.011,0.7,2,5,0.47755870802216577,1.7238599143361049,0.21153846153846154,2.2723607961703203,0.29896907216494845
LSPIN,lspin_tf,0.011,0.7,2,6,0.4518705290034868,1.8805744520030236,0.23529411764705882,1.8805744520030236,0.23529411764705882
LSPIN,lspin_tf,0.011,0.7,2,7,0.48402874728731854,2.037288989669942,0.26,2.429075333837239,0.3263157894736842
LSPIN,lspin_tf,0.011,0.7,2,8,0.4841352365411256,2.1156462585034013,0.2727272727272727,2.1940035273368608,0.2857142857142857
LSPIN,lspin_tf,0.011,0.7,2,9,0.484016948946594,1.8022171831695641,0.22330097087378642,2.3507180650037793,0.3125
LSPIN,lspin_tf,0.011,0.7,3,4,0.48485779834822046,1.8805744520030236,0.23529411764705882,2.507432602670698,0.3404255319148936
LSPIN,lspin_tf,0.011,0.7,3,5,0.5822504779195514,2.3507180650037793,0.3125,3.055933484504913,0.4482758620689655
LSPIN,lspin_tf,0.011,0.7,3,6,0.5607317035863407,2.1156462585034013,0.2727272727272727,2.3507180650037793,0.3125
LSPIN,lspin_tf,0.011,0.7,3,7,0.46379741175469436,1.8022171831695641,0.22330097087378642,2.429075333837239,0.3263157894736842
LSPIN,lspin_tf,0.011,0.7,3,8,0.6193458565223297,2.429075333837239,0.3263157894736842,3.1342907533383726,0.46511627906976744
LSPIN,lspin_tf,0.011,0.7,3,9,0.5306575540678676,2.3507180650037793,0.3125,2.507432602670698,0.3404255319148936
LSPIN,lspin_tf,0.011,0.7,4,5,0.5212668581796354,1.8805744520030236,0.23529411764705882,2.742504409171076,0.38461538461538464
LSPIN,lspin_tf,0.011,0.7,4,6,0.5145428628340389,2.2723607961703203,0.29896907216494845,2.037288989669942,0.26
LSPIN,lspin_tf,0.011,0.7,4,7,0.5221889022943949,1.8022171831695641,0.22330097087378642,2.507432602670698,0.3404255319148936
LSPIN,lspin_tf,0.011,0.7,4,8,0.5496807498388511,2.1156462585034013,0.2727272727272727,2.6641471403376165,0.3695652173913043
LSPIN,lspin_tf,0.011,0.7,4,9,0.5290867850529332,1.958931720836483,0.24752475247524752,2.3507180650037793,0.3125
LSPIN,lspin_tf,0.011,0.7,5,6,0.5224207247483534,2.037288989669942,0.26,2.429075333837239,0.3263157894736842
LSPIN,lspin_tf,0.011,0.7,5,7,0.426670102978136,1.5671453766691863,0.18867924528301888,2.429075333837239,0.3263157894736842
LSPIN,lspin_tf,0.011,0.7,5,8,0.5357926684080486,2.037288989669942,0.26,2.5857898715041574,0.3548387096774194
LSPIN,lspin_tf,0.011,0.7,5,9,0.46510013019265484,1.6455026455026456,0.2,2.429075333837239,0.3263157894736842
LSPIN,lspin_tf,0.011,0.7,6,7,0.49223221354197116,1.958931720836483,0.24752475247524752,2.2723607961703203,0.29896907216494845
LSPIN,lspin_tf,0.011,0.7,6,8,0.5664038253611012,2.2723607961703203,0.29896907216494845,2.5857898715041574,0.3548387096774194
LSPIN,lspin_tf,0.011,0.7,6,9,0.6047104292052164,2.3507180650037793,0.3125,2.6641471403376165,0.3695652173913043
LSPIN,lspin_tf,0.011,0.7,7,8,0.5034833468017914,2.3507180650037793,0.3125,2.429075333837239,0.3263157894736842
LSPIN,lspin_tf,0.011,0.7,7,9,0.4804607501835143,2.2723607961703203,0.29896907216494845,2.3507180650037793,0.3125
LSPIN,lspin_tf,0.011,0.7,8,9,0.5921203251281183,2.2723607961703203,0.29896907216494845,2.3507180650037793,0.3125
LSPIN,lspin_tf,0.0075,0.7,0,1,0.5610228571705985,2.429075333837239,0.3263157894736842,2.3507180650037793,0.3125
LSPIN,lspin_tf,0.0075,0.7,0,2,0.6070744402448843,2.1156462585034013,0.2727272727272727,2.5857898715041574,0.3548387096774194
LSPIN,lspin_tf,0.0075,0.7,0,3,0.5328659143694611,2.1156462585034013,0.2727272727272727,2.6641471403376165,0.3695652173913043
LSPIN,lspin_tf,0.0075,0.7,0,4,0.5837573486040649,1.4104308390022677,0.16666666666666666,3.055933484504913,0.4482758620689655
LSPIN,lspin_tf,0.0075,0.7,0,5,0.49843099113590217,2.1940035273368608,0.2857142857142857,2.429075333837239,0.3263157894736842
LSPIN,lspin_tf,0.0075,0.7,0,6,0.6081326065073175,2.037288989669942,0.26,3.1342907533383726,0.46511627906976744
LSPIN,lspin_tf,0.0075,0.7,0,7,0.5575293090635064,2.6641471403376165,0.3695652173913043,2.507432602670698,0.3404255319148936
LSPIN,lspin_tf,0.0075,0.7,0,8,0.660213449456107,2.429075333837239,0.3263157894736842,2.8992189468379945,0.4157303370786517
LSPIN,lspin_tf,0.0075,0.7,0,9,0.5577132459789449,2.1940035273368608,0.2857142857142857,2.507432602670698,0.3404255319148936
LSPIN,lspin_tf,0.0075,0.7,1,2,0.5546837921852631,2.1940035273368608,0.2857142857142857,2.507432602670698,0.3404255319148936
LSPIN,lspin_tf,0.0075,0.7,1,3,0.5740892617694413,2.037288989669942,0.26,2.8208616780045355,0.4
LSPIN,lspin_tf,0.0075,0.7,1,4,0.5083333719174125,1.6455026455026456,0.2,2.507432602670698,0.3404255319148936
LSPIN,lspin_tf,0.0075,0.7,1,5,0.5620240436592836,2.3507180650037793,0.3125,2.507432602670698,0.3404255319148936
LSPIN,lspin_tf,0.0075,0.7,1,6,0.6032973509477082,2.507432602670698,0.3404255319148936,2.5857898715041574,0.3548387096774194
LSPIN,lspin_tf,0.0075,0.7,1,7,0.5989806546034451,2.507432602670698,0.3404255319148936,2.507432602670698,0.3404255319148936
LSPIN,lspin_tf,0.0075,0.7,1,8,0.5733634133314818,2.2723607961703203,0.29896907216494845,2.429075333837239,0.3263157894736842
LSPIN,lspin_tf,0.0075,0.7,1,9,0.475556354036106,2.037288989669942,0.26,2.1940035273368608,0.2857142857142857
LSPIN,lspin_tf,0.0075,0.7,2,3,0.6274398302157256,2.3507180650037793,0.3125,2.5857898715041574,0.3548387096774194
LSPIN,lspin_tf,0.0075,0.7,2,4,0.6486135219208083,2.1940035273368608,0.2857142857142857,3.1342907533383726,0.46511627906976744
LSPIN,lspin_tf,0.0075,0.7,2,5,0.5572417832144142,2.429075333837239,0.3263157894736842,2.2723607961703203,0.29896907216494845
LSPIN,lspin_tf,0.0075,0.7,2,6,0.646389129923565,2.1940035273368608,0.2857142857142857,2.8208616780045355,0.4
LSPIN,lspin_tf,0.0075,0.7,2,7,0.5705464934926286,2.3507180650037793,0.3125,2.3507180650037793,0.3125
LSPIN,lspin_tf,0.0075,0.7,2,8,0.6018255604711797,2.1940035273368608,0.2857142857142857,2.429075333837239,0.3263157894736842
LSPIN,lspin_tf,0.0075,0.7,2,9,0.5577064448872514,2.3507180650037793,0.3125,2.3507180650037793,0.3125
LSPIN,lspin_tf,0.0075,0.7,3,4,0.5783649625989775,1.958931720836483,0.24752475247524752,2.6641471403376165,0.3695652173913043
LSPIN,lspin_tf,0.0075,0.7,3,5,0.5362140325763104,2.037288989669942,0.26,2.507432602670698,0.3404255319148936
LSPIN,lspin_tf,0.0075,0.7,3,6,0.5877978415337355,2.3507180650037793,0.3125,2.6641471403376165,0.3695652173913043
LSPIN,lspin_tf,0.0075,0.7,3,7,0.6341760130982913,2.429075333837239,0.3263157894736842,2.6641471403376165,0.3695652173913043
LSPIN,lspin_tf,0.0075,0.7,3,8,0.6357232444350168,2.1940035273368608,0.2857142857142857,2.8208616780045355,0.4
LSPIN,lspin_tf,0.0075,0.7,3,9,0.5350154531387074,1.958931720836483,0.24752475247524752,2.429075333837239,0.3263157894736842
LSPIN,lspin_tf,0.0075,0.7,4,5,0.5496206693798629,1.958931720836483,0.24752475247524752,2.429075333837239,0.3263157894736842
LSPIN,lspin_tf,0.0075,0.7,4,6,0.7029682950202817,2.3507180650037793,0.3125,3.291005291005291,0.5
LSPIN,lspin_tf,0.0075,0.7,4,7,0.5721071190637815,2.037288989669942,0.26,2.8208616780045355,0.4
LSPIN,lspin_tf,0.0075,0.7,4,8,0.5472482415112508,1.3320735701688082,0.1559633027522936,2.742504409171076,0.38461538461538464
LSPIN,lspin_tf,0.0075,0.7,4,9,0.5822404009837744,1.8022171831695641,0.22330097087378642,2.507432602670698,0.3404255319148936
LSPIN,lspin_tf,0.0075,0.7,5,6,0.5939010560282276,2.2723607961703203,0.29896907216494845,2.8208616780045355,0.4
LSPIN,lspin_tf,0.0075,0.7,5,7,0.6599926519293104,2.742504409171076,0.38461538461538464,2.8208616780045355,0.4
LSPIN,lspin_tf,0.0075,0.7,5,8,0.4872236613405474,2.037288989669942,0.26,2.429075333837239,0.3263157894736842
LSPIN,lspin_tf,0.0075,0.7,5,9,0.591420842645886,2.507432602670698,0.3404255319148936,2.742504409171076,0.38461538461538464
LSPIN,lspin_tf,0.0075,0.7,6,7,0.5518806889373956,2.429075333837239,0.3263157894736842,2.5857898715041574,0.3548387096774194
LSPIN,lspin_tf,0.0075,0.7,6,8,0.6962193810146009,2.5857898715041574,0.3548387096774194,3.055933484504913,0.4482758620689655
LSPIN,lspin_tf,0.0075,0.7,6,9,0.6405903956495886,2.429075333837239,0.3263157894736842,3.055933484504913,0.4482758620689655
LSPIN,lspin_tf,0.0075,0.7,7,8,0.4978677076843675,2.037288989669942,0.26,2.3507180650037793,0.3125
LSPIN,lspin_tf,0.0075,0.7,7,9,0.5176347821342857,1.8022171831695641,0.22330097087378642,2.1156462585034013,0.2727272727272727
LSPIN,lspin_tf,0.0075,0.7,8,9,0.5885018047842617,2.1940035273368608,0.2857142857142857,2.429075333837239,0.3263157894736842
LSPIN,lspin_tf,0.005,0.7,0,1,0.26166637899271056,1.958931720836483,0.24752475247524752,1.7238599143361049,0.21153846153846154
LSPIN,lspin_tf,0.005,0.7,0,2,0.6641548491627323,2.507432602670698,0.3404255319148936,3.291005291005291,0.5
LSPIN,lspin_tf,0.005,0.7,0,3,0.3414413673708799,2.037288989669942,0.26,2.037288989669942,0.26
LSPIN,lspin_tf,0.005,0.7,0,4,0.6754477495410809,2.3507180650037793,0.3125,3.1342907533383726,0.46511627906976744
LSPIN,lspin_tf,0.005,0.7,0,5,0.5591301304912679,2.5857898715041574,0.3548387096774194,2.742504409171076,0.38461538461538464
LSPIN,lspin_tf,0.005,0.7,0,6,0.5422997554422561,2.1156462585034013,0.2727272727272727,2.5857898715041574,0.3548387096774194
LSPIN,lspin_tf,0.005,0.7,0,7,0.5106273372399561,2.6641471403376165,0.3695652173913043,2.037288989669942,0.26
LSPIN,lspin_tf,0.005,0.7,0,8,0.5269371191596764,2.1156462585034013,0.2727272727272727,2.507432602670698,0.3404255319148936
LSPIN,lspin_tf,0.005,0.7,0,9,0.6079808997749421,2.3507180650037793,0.3125,2.977576215671454,0.4318181818181818
LSPIN,lspin_tf,0.005,0.7,1,2,0.3001295515197317,1.5671453766691863,0.18867924528301888,1.958931720836483,0.24752475247524752
LSPIN,lspin_tf,0.005,0.7,1,3,0.27580170051336994,3.6044343663391283,0.575,1.958931720836483,0.24752475247524752
LSPIN,lspin_tf,0.005,0.7,1,4,0.2777310806449864,1.8022171831695641,0.22330097087378642,1.5671453766691863,0.18867924528301888
LSPIN,lspin_tf,0.005,0.7,1,5,0.10937219421140618,1.958931720836483,0.24752475247524752,1.1753590325018897,0.13513513513513514
LSPIN,lspin_tf,0.005,0.7,1,6,0.3053566157052743,1.488788107835727,0.17757009345794392,1.8805744520030236,0.23529411764705882
LSPIN,lspin_tf,0.005,0.7,1,7,0.3314874634227432,1.5671453766691863,0.18867924528301888,2.1940035273368608,0.2857142857142857
LSPIN,lspin_tf,0.005,0.7,1,8,0.3066853038774606,1.018644494834971,0.11504424778761062,1.958931720836483,0.24752475247524752
LSPIN,lspin_tf,0.005,0.7,1,9,0.2660529188331017,1.4104308390022677,0.16666666666666666,1.958931720836483,0.24752475247524752
LSPIN,lspin_tf,0.005,0.7,2,3,0.29549931899930315,1.4104308390022677,0.16666666666666666,2.037288989669942,0.26
LSPIN,lspin_tf,0.005,0.7,2,4,0.6650831966478694,2.5857898715041574,0.3548387096774194,2.8992189468379945,0.4157303370786517
LSPIN,lspin_tf,0.005,0.7,2,5,0.5012920089774813,2.3507180650037793,0.3125,2.5857898715041574,0.3548387096774194
LSPIN,lspin_tf,0.005,0.7,2,6,0.6187706655412296,2.507432602670698,0.3404255319148936,2.5857898715041574,0.3548387096774194
LSPIN,lspin_tf,0.005,0.7,2,7,0.5987506378876131,2.5857898715041574,0.3548387096774194,2.742504409171076,0.38461538461538464
LSPIN,lspin_tf,0.005,0.7,2,8,0.6267036841468018,2.8992189468379945,0.4157303370786517,2.507432602670698,0.3404255319148936
LSPIN,lspin_tf,0.005,0.7,2,9,0.6327072325991775,2.507432602670698,0.3404255319148936,2.8992189468379945,0.4157303370786517
LSPIN,lspin_tf,0.005,0.7,3,4,0.219246675180007,1.7238599143361049,0.21153846153846154,1.5671453766691863,0.18867924528301888
LSPIN,lspin_tf,0.005,0.7,3,5,0.20174294135918697,1.958931720836483,0.24752475247524752,1.7238599143361049,0.21153846153846154
LSPIN,lspin_tf,0.005,0.7,3,6,0.214213205307149,1.4104308390022677,0.16666666666666666,1.5671453766691863,0.18867924528301888
LSPIN,lspin_tf,0.005,0.7,3,7,0.39297789193432137,1.8022171831695641,0.22330097087378642,2.037288989669942,0.26
LSPIN,lspin_tf,0.005,0.7,3,8,0.2317451479412808,1.1753590325018897,0.13513513513513514,1.7238599143361049,0.21153846153846154
LSPIN,lspin_tf,0.005,0.7,3,9,0.16581259332000745,1.1753590325018897,0.13513513513513514,1.6455026455026456,0.2
LSPIN,lspin_tf,0.005,0.7,4,5,0.5002641074844126,2.3507180650037793,0.3125,2.507432602670698,0.3404255319148936
LSPIN,lspin_tf,0.005,0.7,4,6,0.6287721573907673,2.6641471403376165,0.3695652173913043,2.5857898715041574,0.3548387096774194
LSPIN,lspin_tf,0.005,0.7,4,7,0.45836154593661255,2.037288989669942,0.26,2.1940035273368608,0.2857142857142857
LSPIN,lspin_tf,0.005,0.7,4,8,0.6002055005499101,2.3507180650037793,0.3125,2.429075333837239,0.3263157894736842
LSPIN,lspin_tf,0.005,0.7,4,9,0.6581028893190237,2.2723607961703203,0.29896907216494845,3.212648022171832,0.4823529411764706
LSPIN,lspin_tf,0.005,0.7,5,6,0.5247031099777308,2.2723607961703203,0.29896907216494845,2.8208616780045355,0.4
LSPIN,lspin_tf,0.005,0.7,5,7,0.4209823332065664,2.1940035273368608,0.2857142857142857,1.958931720836483,0.24752475247524752
LSPIN,lspin_tf,0.005,0.7,5,8,0.3927109510906532,1.8805744520030236,0.23529411764705882,2.1940035273368608,0.2857142857142857
LSPIN,lspin_tf,0.005,0.7,5,9,0.46089094799544694,2.507432602670698,0.3404255319148936,2.429075333837239,0.3263157894736842
LSPIN,lspin_tf,0.005,0.7,6,7,0.5315476768603479,2.1156462585034013,0.2727272727272727,2.429075333837239,0.3263157894736842
LSPIN,lspin_tf,0.005,0.7,6,8,0.6403880082397008,2.2723607961703203,0.29896907216494845,2.507432602670698,0.3404255319148936
LSPIN,lspin_tf,0.005,0.7,6,9,0.5537078288027186,2.1156462585034013,0.2727272727272727,2.3507180650037793,0.3125
LSPIN,lspin_tf,0.005,0.7,7,8,0.559060543075567,2.429075333837239,0.3263157894736842,2.5857898715041574,0.3548387096774194
LSPIN,lspin_tf,0.005,0.7,7,9,0.45776887020429297,2.1156462585034013,0.2727272727272727,2.037288989669942,0.26
LSPIN,lspin_tf,0.005,0.7,8,9,0.5577894855828324,2.3507180650037793,0.3125,2.507432602670698,0.3404255319148936
LSPIN,lspin_tf,0.0033,0.7,0,1,0.6182953991193143,2.2723607961703203,0.29896907216494845,2.742504409171076,0.38461538461538464
LSPIN,lspin_tf,0.0033,0.7,0,2,0.5708236640593735,2.1940035273368608,0.2857142857142857,2.5857898715041574,0.3548387096774194
LSPIN,lspin_tf,0.0033,0.7,0,3,0.7335757855100159,2.8992189468379945,0.4157303370786517,3.055933484504913,0.4482758620689655
LSPIN,lspin_tf,0.0033,0.7,0,4,0.6216757446067148,2.2723607961703203,0.29896907216494845,2.8208616780045355,0.4
LSPIN,lspin_tf,0.0033,0.7,0,5,0.6076039978251659,2.1940035273368608,0.2857142857142857,2.429075333837239,0.3263157894736842
LSPIN,lspin_tf,0.0033,0.7,0,6,0.4726925741204381,1.958931720836483,0.24752475247524752,2.3507180650037793,0.3125
LSPIN,lspin_tf,0.0033,0.7,0,7,0.4751187298829061,2.037288989669942,0.26,2.507432602670698,0.3404255319148936
LSPIN,lspin_tf,0.0033,0.7,0,8,0.7034213844985929,2.977576215671454,0.4318181818181818,2.8992189468379945,0.4157303370786517
LSPIN,lspin_tf,0.0033,0.7,0,9,0.3910368662970577,1.253716301335349,0.14545454545454545,2.1156462585034013,0.2727272727272727
LSPIN,lspin_tf,0.0033,0.7,1,2,0.6444873498741742,1.488788107835727,0.17757009345794392,3.055933484504913,0.4482758620689655
LSPIN,lspin_tf,0.0033,0.7,1,3,0.6188697663098274,1.8805744520030236,0.23529411764705882,2.742504409171076,0.38461538461538464
LSPIN,lspin_tf,0.0033,0.7,1,4,0.4460966247152121,1.488788107835727,0.17757009345794392,2.6641471403376165,0.3695652173913043
LSPIN,lspin_tf,0.0033,0.7,1,5,0.6167117863443625,1.8805744520030236,0.23529411764705882,2.8992189468379945,0.4157303370786517
LSPIN,lspin_tf,0.0033,0.7,1,6,0.31252695380958284,1.3320735701688082,0.1559633027522936,1.958931720836483,0.24752475247524752
LSPIN,lspin_tf,0.0033,0.7,1,7,0.5531238966770177,1.8805744520030236,0.23529411764705882,2.5857898715041574,0.3548387096774194
LSPIN,lspin_tf,0.0033,0.7,1,8,0.5456584668998092,1.4104308390022677,0.16666666666666666,2.5857898715041574,0.3548387096774194
LSPIN,lspin_tf,0.0033,0.7,1,9,0.19216320237970458,0.9402872260015118,0.10526315789473684,1.3320735701688082,0.1559633027522936
LSPIN,lspin_tf,0.0033,0.7,2,3,0.724564944739186,2.1940035273368608,0.2857142857142857,3.212648022171832,0.4823529411764706
LSPIN,lspin_tf,0.0033,0.7,2,4,0.6006028407095103,2.1940035273368608,0.2857142857142857,2.742504409171076,0.38461538461538464
LSPIN,lspin_tf,0.0033,0.7,2,5,0.7075240762309999,2.1940035273368608,0.2857142857142857,3.291005291005291,0.5
LSPIN,lspin_tf,0.0033,0.7,2,6,0.2478932150142501,1.7238599143361049,0.21153846153846154,1.7238599143361049,0.21153846153846154
LSPIN,lspin_tf,0.0033,0.7,2,7,0.5777080569125667,2.429075333837239,0.3263157894736842,2.8208616780045355,0.4
LSPIN,lspin_tf,0.0033,0.7,2,8,0.5397581204229289,2.3507180650037793,0.3125,2.5857898715041574,0.3548387096774194
LSPIN,lspin_tf,0.0033,0.7,2,9,0.22947116245989851,1.5671453766691863,0.18867924528301888,1.7238599143361049,0.21153846153846154
LSPIN,lspin_tf,0.0033,0.7,3,4,0.6945623395724149,2.8208616780045355,0.4,2.8992189468379945,0.4157303370786517
LSPIN,lspin_tf,0.0033,0.7,3,5,0.6799485810931252,2.5857898715041574,0.3548387096774194,2.977576215671454,0.4318181818181818
LSPIN,lspin_tf,0.0033,0.7,3,6,0.45008129827613436,1.8022171831695641,0.22330097087378642,2.507432602670698,0.3404255319148936
LSPIN,lspin_tf,0.0033,0.7,3,7,0.6163117885397024,1.958931720836483,0.24752475247524752,2.8992189468379945,0.4157303370786517
LSPIN,lspin_tf,0.0033,0.7,3,8,0.668876833315074,2.8992189468379945,0.4157303370786517,2.8992189468379945,0.4157303370786517
LSPIN,lspin_tf,0.0033,0.7,3,9,0.3369196812632741,1.5671453766691863,0.18867924528301888,1.8805744520030236,0.23529411764705882
LSPIN,lspin_tf,0.0033,0.7,4,5,0.6381191209778461,2.507432602670698,0.3404255319148936,2.8208616780045355,0.4
LSPIN,lspin_tf,0.0033,0.7,4,6,0.2834910047264134,1.6455026455026456,0.2,1.8805744520030236,0.23529411764705882
LSPIN,lspin_tf,0.0033,0.7,4,7,0.4419631014096912,1.6455026455026456,0.2,2.3507180650037793,0.3125
LSPIN,lspin_tf,0.0033,0.7,4,8,0.6272595058447638,2.507432602670698,0.3404255319148936,2.5857898715041574,0.3548387096774194
LSPIN,lspin_tf,0.0033,0.7,4,9,0.1963706930202337,1.4104308390022677,0.16666666666666666,1.488788107835727,0.17757009345794392
LSPIN,lspin_tf,0.0033,0.7,5,6,0.3104205858365803,1.958931720836483,0.24752475247524752,1.958931720836483,0.24752475247524752
LSPIN,lspin_tf,0.0033,0.7,5,7,0.633033962265189,2.037288989669942,0.26,3.1342907533383726,0.46511627906976744
LSPIN,lspin_tf,0.0033,0.7,5,8,0.5717208442247059,2.1940035273368608,0.2857142857142857,2.742504409171076,0.38461538461538464
LSPIN,lspin_tf,0.0033,0.7,5,9,0.16309713062355802,1.488788107835727,0.17757009345794392,1.253716301335349,0.14545454545454545
LSPIN,lspin_tf,0.0033,0.7,6,7,0.3293838338642839,1.4104308390022677,0.16666666666666666,2.1940035273368608,0.2857142857142857
LSPIN,lspin_tf,0.0033,0.7,6,8,0.4607201067518763,1.958931720836483,0.24752475247524752,2.5857898715041574,0.3548387096774194
LSPIN,lspin_tf,0.0033,0.7,6,9,0.30256295136808614,3.5260770975056692,0.5555555555555556,1.8022171831695641,0.22330097087378642
LSPIN,lspin_tf,0.0033,0.7,7,8,0.34721144622661515,1.958931720836483,0.24752475247524752,2.1940035273368608,0.2857142857142857
LSPIN,lspin_tf,0.0033,0.7,7,9,0.19758820549965728,1.1753590325018897,0.13513513513513514,1.5671453766691863,0.18867924528301888
LSPIN,lspin_tf,0.0033,0.7,8,9,0.2634239952990041,1.6455026455026456,0.2,1.958931720836483,0.24752475247524752
LSPIN,lspin_tf,0.0022,0.7,0,1,0.7502532138455905,2.742504409171076,0.38461538461538464,3.212648022171832,0.4823529411764706
LSPIN,lspin_tf,0.0022,0.7,0,2,0.6073980486359931,1.8022171831695641,0.22330097087378642,2.742504409171076,0.38461538461538464
LSPIN,lspin_tf,0.0022,0.7,0,3,0.57204419609216,2.507432602670698,0.3404255319148936,2.429075333837239,0.3263157894736842
LSPIN,lspin_tf,0.0022,0.7,0,4,0.6521002473313587,1.8805744520030236,0.23529411764705882,3.291005291005291,0.5
LSPIN,lspin_tf,0.0022,0.7,0,5,0.36732002767494343,1.5671453766691863,0.18867924528301888,2.037288989669942,0.26
LSPIN,lspin_tf,0.0022,0.7,0,6,0.2842763835293521,1.1753590325018897,0.13513513513513514,1.5671453766691863,0.18867924528301888
LSPIN,lspin_tf,0.0022,0.7,0,7,0.5222647037433339,2.1156462585034013,0.2727272727272727,2.429075333837239,0.3263157894736842
LSPIN,lspin_tf,0.0022,0.7,0,8,0.6887868342376596,2.429075333837239,0.3263157894736842,2.977576215671454,0.4318181818181818
LSPIN,lspin_tf,0.0022,0.7,0,9,0.648208380280954,2.3507180650037793,0.3125,2.977576215671454,0.4318181818181818
LSPIN,lspin_tf,0.0022,0.7,1,2,0.6468047871385967,2.2723607961703203,0.29896907216494845,2.8992189468379945,0.4157303370786517
LSPIN,lspin_tf,0.0022,0.7,1,3,0.6657612417313643,2.429075333837239,0.3263157894736842,2.8992189468379945,0.4157303370786517
LSPIN,lspin_tf,0.0022,0.7,1,4,0.6338162117598511,2.2723607961703203,0.29896907216494845,2.742504409171076,0.38461538461538464
LSPIN,lspin_tf,0.0022,0.7,1,5,0.36702723608342425,1.6455026455026456,0.2,1.958931720836483,0.24752475247524752
LSPIN,lspin_tf,0.0022,0.7,1,6,0.40684882922122734,1.488788107835727,0.17757009345794392,2.2723607961703203,0.29896907216494845
LSPIN,lspin_tf,0.0022,0.7,1,7,0.6627933811763379,2.1940035273368608,0.2857142857142857,2.742504409171076,0.38461538461538464
LSPIN,lspin_tf,0.0022,0.7,1,8,0.813707536965917,2.8992189468379945,0.4157303370786517,3.7611489040060473,0.6153846153846154
LSPIN,lspin_tf,0.0022,0.7,1,9,0.620639796571518,2.2723607961703203,0.29896907216494845,2.8208616780045355,0.4
LSPIN,lspin_tf,0.0022,0.7,2,3,0.5547207467839208,2.1940035273368608,0.2857142857142857,2.5857898715041574,0.3548387096774194
LSPIN,lspin_tf,0.0022,0.7,2,4,0.6955870653216334,1.6455026455026456,0.2,3.4477198286722097,0.5365853658536586
LSPIN,lspin_tf,0.0022,0.7,2,5,0.35700225252810425,1.5671453766691863,0.18867924528301888,2.1940035273368608,0.2857142857142857
LSPIN,lspin_tf,0.0022,0.7,2,6,0.29671201827374083,1.488788107835727,0.17757009345794392,1.8022171831695641,0.22330097087378642
LSPIN,lspin_tf,0.0022,0.7,2,7,0.5201334258780597,2.1940035273368608,0.2857142857142857,2.507432602670698,0.3404255319148936
LSPIN,lspin_tf,0.0022,0.7,2,8,0.6280172003654653,2.507432602670698,0.3404255319148936,2.8208616780045355,0.4
LSPIN,lspin_tf,0.0022,0.7,2,9,0.6343541053238867,1.958931720836483,0.24752475247524752,3.291005291005291,0.5
LSPIN,lspin_tf,0.0022,0.7,3,4,0.5283269077816409,1.8805744520030236,0.23529411764705882,2.507432602670698,0.3404255319148936
LSPIN,lspin_tf,0.0022,0.7,3,5,0.36022320483338705,1.4104308390022677,0.16666666666666666,2.1156462585034013,0.2727272727272727
LSPIN,lspin_tf,0.0022,0.7,3,6,0.29336809738584396,1.3320735701688082,0.1559633027522936,1.8022171831695641,0.22330097087378642
LSPIN,lspin_tf,0.0022,0.7,3,7,0.7801647016589361,2.6641471403376165,0.3695652173913043,3.055933484504913,0.4482758620689655
LSPIN,lspin_tf,0.0022,0.7,3,8,0.6778644931455069,2.429075333837239,0.3263157894736842,3.055933484504913,0.4482758620689655
LSPIN,lspin_tf,0.0022,0.7,3,9,0.5180495737504506,2.037288989669942,0.26,2.2723607961703203,0.29896907216494845
LSPIN,lspin_tf,0.0022,0.7,4,5,0.377509375681032,1.3320735701688082,0.1559633027522936,2.037288989669942,0.26
LSPIN,lspin_tf,0.0022,0.7,4,6,0.27552703198887957,0.9402872260015118,0.10526315789473684,1.5671453766691863,0.18867924528301888
LSPIN,lspin_tf,0.0022,0.7,4,7,0.4963086342031794,1.958931720836483,0.24752475247524752,2.3507180650037793,0.3125
LSPIN,lspin_tf,0.0022,0.7,4,8,0.554160210947068,2.037288989669942,0.26,2.742504409171076,0.38461538461538464
LSPIN,lspin_tf,0.0022,0.7,4,9,0.6273020988042282,2.1156462585034013,0.2727272727272727,3.1342907533383726,0.46511627906976744
LSPIN,lspin_tf,0.0022,0.7,5,6,0.45700632188647594,3.5260770975056692,0.5555555555555556,2.5857898715041574,0.3548387096774194
LSPIN,lspin_tf,0.0022,0.7,5,7,0.3513066526688926,1.6455026455026456,0.2,1.7238599143361049,0.21153846153846154
LSPIN,lspin_tf,0.0022,0.7,5,8,0.3345131586508464,1.488788107835727,0.17757009345794392,2.037288989669942,0.26
LSPIN,lspin_tf,0.0022,0.7,5,9,0.41270831087852916,1.5671453766691863,0.18867924528301888,2.1156462585034013,0.2727272727272727
LSPIN,lspin_tf,0.0022,0.7,6,7,0.2918736578223379,1.3320735701688082,0.1559633027522936,1.5671453766691863,0.18867924528301888
LSPIN,lspin_tf,0.0022,0.7,6,8,0.40433884122846336,1.253716301335349,0.14545454545454545,2.1940035273368608,0.2857142857142857
LSPIN,lspin_tf,0.0022,0.7,6,9,0.23007483499403233,1.253716301335349,0.14545454545454545,1.6455026455026456,0.2
LSPIN,lspin_tf,0.0022,0.7,7,8,0.6661339901189564,2.429075333837239,0.3263157894736842,2.742504409171076,0.38461538461538464
LSPIN,lspin_tf,0.0022,0.7,7,9,0.49076678713837907,1.8805744520030236,0.23529411764705882,2.507432602670698,0.3404255319148936
LSPIN,lspin_tf,0.0022,0.7,8,9,0.5658223873502602,2.2723607961703203,0.29896907216494845,2.5857898715041574,0.3548387096774194
Concrete,concrete,0.008,0.0,0,1,0.37015197959939566,2.037288989669942,0.26,1.5671453766691863,0.18867924528301888
Concrete,concrete,0.008,0.0,0,2,0.39202852651169395,2.2723607961703203,0.29896907216494845,1.958931720836483,0.24752475247524752
Concrete,concrete,0.008,0.0,0,3,0.3847200277008,1.8805744520030236,0.23529411764705882,2.1156462585034013,0.2727272727272727
Concrete,concrete,0.008,0.0,0,4,0.24896485900581106,2.1156462585034013,0.2727272727272727,1.1753590325018897,0.13513513513513514
Concrete,concrete,0.008,0.0,0,5,0.434083458515803,2.5857898715041574,0.3548387096774194,1.958931720836483,0.24752475247524752
Concrete,concrete,0.008,0.0,0,6,0.33131089962897997,2.2723607961703203,0.29896907216494845,1.6455026455026456,0.2
Concrete,concrete,0.008,0.0,0,7,0.3834536470517006,2.1156462585034013,0.2727272727272727,1.8022171831695641,0.22330097087378642
Concrete,concrete,0.008,0.0,0,8,0.30732291827636515,1.8022171831695641,0.22330097087378642,1.958931720836483,0.24752475247524752
Concrete,concrete,0.008,0.0,0,9,0.244384692130309,1.5671453766691863,0.18867924528301888,1.4104308390022677,0.16666666666666666
Concrete,concrete,0.008,0.0,1,2,0.3685613954612593,1.958931720836483,0.24752475247524752,1.8805744520030236,0.23529411764705882
Concrete,concrete,0.008,0.0,1,3,0.4285336950009574,2.1156462585034013,0.2727272727272727,1.8022171831695641,0.22330097087378642
Concrete,concrete,0.008,0.0,1,4,0.2924194364140274,1.7238599143361049,0.21153846153846154,1.7238599143361049,0.21153846153846154
Concrete,concrete,0.008,0.0,1,5,0.3827342184330521,1.958931720836483,0.24752475247524752,1.8805744520030236,0.23529411764705882
Concrete,concrete,0.008,0.0,1,6,0.36635584708453584,1.8022171831695641,0.22330097087378642,2.1940035273368608,0.2857142857142857
Concrete,concrete,0.008,0.0,1,7,0.45599360941681527,1.8805744520030236,0.23529411764705882,1.8022171831695641,0.22330097087378642
Concrete,concrete,0.008,0.0,1,8,0.4175892354377772,1.3320735701688082,0.1559633027522936,2.1156462585034013,0.2727272727272727
Concrete,concrete,0.008,0.0,1,9,0.3629385665017946,1.7238599143361049,0.21153846153846154,2.1156462585034013,0.2727272727272727
Concrete,concrete,0.008,0.0,2,3,0.4054709245794636,1.8805744520030236,0.23529411764705882,2.1156462585034013,0.2727272727272727
Concrete,concrete,0.008,0.0,2,4,0.30819556960254835,2.037288989669942,0.26,1.7238599143361049,0.21153846153846154
Concrete,concrete,0.008,0.0,2,5,0.297540262449603,1.7238599143361049,0.21153846153846154,1.8022171831695641,0.22330097087378642
Concrete,concrete,0.008,0.0,2,6,0.4308560524222827,1.6455026455026456,0.2,2.1940035273368608,0.2857142857142857
Concrete,concrete,0.008,0.0,2,7,0.4078651810631018,1.7238599143361049,0.21153846153846154,1.958931720836483,0.24752475247524752
Concrete,concrete,0.008,0.0,2,8,0.29409646836280795,1.253716301335349,0.14545454545454545,1.7238599143361049,0.21153846153846154
Concrete,concrete,0.008,0.0,2,9,0.3044939450130328,1.7238599143361049,0.21153846153846154,1.958931720836483,0.24752475247524752
Concrete,concrete,0.008,0.0,3,4,0.3115584747659962,1.958931720836483,0.24752475247524752,1.8022171831695641,0.22330097087378642
Concrete,concrete,0.008,0.0,3,5,0.43151763789032754,2.3507180650037793,0.3125,1.958931720836483,0.24752475247524752
Concrete,concrete,0.008,0.0,3,6,0.36709086462176177,1.8022171831695641,0.22330097087378642,2.2723607961703203,0.29896907216494845
Concrete,concrete,0.008,0.0,3,7,0.38781175218432473,1.7238599143361049,0.21153846153846154,1.7238599143361049,0.21153846153846154
Concrete,concrete,0.008,0.0,3,8,0.29117420345909756,1.7238599143361049,0.21153846153846154,1.7238599143361049,0.21153846153846154
Concrete,concrete,0.008,0.0,3,9,0.3617865795022886,1.8022171831695641,0.22330097087378642,1.5671453766691863,0.18867924528301888
Concrete,concrete,0.008,0.0,4,5,0.25909787621572405,1.7238599143361049,0.21153846153846154,1.6455026455026456,0.2
Concrete,concrete,0.008,0.0,4,6,0.36559698982877803,1.6455026455026456,0.2,1.7238599143361049,0.21153846153846154
Concrete,concrete,0.008,0.0,4,7,0.316231182824489,1.958931720836483,0.24752475247524752,1.253716301335349,0.14545454545454545
Concrete,concrete,0.008,0.0,4,8,0.22422824485297896,1.488788107835727,0.17757009345794392,1.7238599143361049,0.21153846153846154
Concrete,concrete,0.008,0.0,4,9,0.2152985680859001,1.8022171831695641,0.22330097087378642,1.8022171831695641,0.22330097087378642
Concrete,concrete,0.008,0.0,5,6,0.2626549081799632,1.958931720836483,0.24752475247524752,1.7238599143361049,0.21153846153846154
Concrete,concrete,0.008,0.0,5,7,0.3128164735364918,1.8022171831695641,0.22330097087378642,1.958931720836483,0.24752475247524752
Concrete,concrete,0.008,0.0,5,8,0.1878169146315014,1.6455026455026456,0.2,1.8022171831695641,0.22330097087378642
Concrete,concrete,0.008,0.0,5,9,0.36365419557988715,1.8805744520030236,0.23529411764705882,1.8022171831695641,0.22330097087378642
Concrete,concrete,0.008,0.0,6,7,0.38899140016011624,1.958931720836483,0.24752475247524752,1.7238599143361049,0.21153846153846154
Concrete,concrete,0.008,0.0,6,8,0.3294195069645423,2.037288989669942,0.26,1.488788107835727,0.17757009345794392
Concrete,concrete,0.008,0.0,6,9,0.2969865066191753,1.488788107835727,0.17757009345794392,1.958931720836483,0.24752475247524752
Concrete,concrete,0.008,0.0,7,8,0.4257967778267016,1.3320735701688082,0.1559633027522936,1.7238599143361049,0.21153846153846154
Concrete,concrete,0.008,0.0,7,9,0.29313603302998814,1.488788107835727,0.17757009345794392,1.253716301335349,0.14545454545454545
Concrete,concrete,0.008,0.0,8,9,0.3072361814326941,1.6455026455026456,0.2,1.8022171831695641,0.22330097087378642
Concrete,concrete,0.006,0.0,0,1,0.39335313586344206,1.8022171831695641,0.22330097087378642,1.488788107835727,0.17757009345794392
Concrete,concrete,0.006,0.0,0,2,0.4202108974512767,1.8805744520030236,0.23529411764705882,2.1156462585034013,0.2727272727272727
Concrete,concrete,0.006,0.0,0,3,0.5409442615220607,2.037288989669942,0.26,2.1940035273368608,0.2857142857142857
Concrete,concrete,0.006,0.0,0,4,0.5281138053519312,2.2723607961703203,0.29896907216494845,2.3507180650037793,0.3125
Concrete,concrete,0.006,0.0,0,5,0.46882054232241543,1.8805744520030236,0.23529411764705882,2.2723607961703203,0.29896907216494845
Concrete,concrete,0.006,0.0,0,6,0.35486642789281997,1.5671453766691863,0.18867924528301888,1.8022171831695641,0.22330097087378642
Concrete,concrete,0.006,0.0,0,7,0.47258401863704325,1.958931720836483,0.24752475247524752,2.1940035273368608,0.2857142857142857
Concrete,concrete,0.006,0.0,0,8,0.40988514303950474,2.2723607961703203,0.29896907216494845,2.1940035273368608,0.2857142857142857
Concrete,concrete,0.006,0.0,0,9,0.5625109815352366,2.3507180650037793,0.3125,1.958931720836483,0.24752475247524752
Concrete,concrete,0.006,0.0,1,2,0.46306596153047186,2.2723607961703203,0.29896907216494845,1.958931720836483,0.24752475247524752
Concrete,concrete,0.006,0.0,1,3,0.5582633627987774,2.429075333837239,0.3263157894736842,2.3507180650037793,0.3125
Concrete,concrete,0.006,0.0,1,4,0.49420697288719523,2.6641471403376165,0.3695652173913043,2.1156462585034013,0.2727272727272727
Concrete,concrete,0.006,0.0,1,5,0.49629639395137165,2.3507180650037793,0.3125,2.1156462585034013,0.2727272727272727
Concrete,concrete,0.006,0.0,1,6,0.2914034032296192,1.8805744520030236,0.23529411764705882,1.6455026455026456,0.2
Concrete,concrete,0.006,0.0,1,7,0.4571734273322537,2.2723607961703203,0.29896907216494845,2.1940035273368608,0.2857142857142857
Concrete,concrete,0.006,0.0,1,8,0.46896769189107657,2.1940035273368608,0.2857142857142857,2.5857898715041574,0.3548387096774194
Concrete,concrete,0.006,0.0,1,9,0.5297772137145396,2.429075333837239,0.3263157894736842,2.037288989669942,0.26
Concrete,concrete,0.006,0.0,2,3,0.4965864165472346,1.8022171831695641,0.22330097087378642,2.507432602670698,0.3404255319148936
Concrete,concrete,0.006,0.0,2,4,0.5024483604262882,2.1156462585034013,0.2727272727272727,2.1940035273368608,0.2857142857142857
Concrete,concrete,0.006,0.0,2,5,0.6423990080907429,2.3507180650037793,0.3125,2.5857898715041574,0.3548387096774194
Concrete,concrete,0.006,0.0,2,6,0.35615089642675907,1.4104308390022677,0.16666666666666666,2.2723607961703203,0.29896907216494845
Concrete,concrete,0.006,0.0,2,7,0.48539448239985705,2.1156462585034013,0.2727272727272727,2.429075333837239,0.3263157894736842
Concrete,concrete,0.006,0.0,2,8,0.5300030638617099,2.2723607961703203,0.29896907216494845,2.507432602670698,0.3404255319148936
Concrete,concrete,0.006,0.0,2,9,0.4627475159936327,2.429075333837239,0.3263157894736842,2.037288989669942,0.26
Concrete,concrete,0.006,0.0,3,4,0.5179535828767586,2.3507180650037793,0.3125,2.429075333837239,0.3263157894736842
Concrete,concrete,0.006,0.0,3,5,0.5308959239635948,2.2723607961703203,0.29896907216494845,2.507432602670698,0.3404255319148936
Concrete,concrete,0.006,0.0,3,6,0.36588445783790574,1.7238599143361049,0.21153846153846154,1.8022171831695641,0.22330097087378642
Concrete,concrete,0.006,0.0,3,7,0.5197586938552912,2.1156462585034013,0.2727272727272727,2.507432602670698,0.3404255319148936
Concrete,concrete,0.006,0.0,3,8,0.39134169163757043,1.8805744520030236,0.23529411764705882,2.429075333837239,0.3263157894736842
Concrete,concrete,0.006,0.0,3,9,0.5037086829125016,1.958931720836483,0.24752475247524752,1.958931720836483,0.24752475247524752
Concrete,concrete,0.006,0.0,4,5,0.47221954980358194,2.8208616780045355,0.4,2.1156462585034013,0.2727272727272727
Concrete,concrete,0.006,0.0,4,6,0.4192549908586152,1.3320735701688082,0.1559633027522936,2.1940035273368608,0.2857142857142857
Concrete,concrete,0.006,0.0,4,7,0.5605666185431969,2.6641471403376165,0.3695652173913043,2.2723607961703203,0.29896907216494845
Concrete,concrete,0.006,0.0,4,8,0.4226918332697006,2.1940035273368608,0.2857142857142857,1.8022171831695641,0.22330097087378642
Concrete,concrete,0.006,0.0,4,9,0.5439559139571535,2.429075333837239,0.3263157894736842,2.507432602670698,0.3404255319148936
Concrete,concrete,0.006,0.0,5,6,0.34935930360596756,1.4104308390022677,0.16666666666666666,2.3507180650037793,0.3125
Concrete,concrete,0.006,0.0,5,7,0.4750053364482988,2.6641471403376165,0.3695652173913043,2.1156462585034013,0.2727272727272727
Concrete,concrete,0.006,0.0,5,8,0.5161914316922238,2.037288989669942,0.26,2.6641471403376165,0.3695652173913043
Concrete,concrete,0.006,0.0,5,9,0.4946147878059775,2.3507180650037793,0.3125,2.1156462585034013,0.2727272727272727
Concrete,concrete,0.006,0.0,6,7,0.447148955976138,1.488788107835727,0.17757009345794392,2.037288989669942,0.26
Concrete,concrete,0.006,0.0,6,8,0.2955177740303656,1.0970017636684304,0.125,2.1156462585034013,0.2727272727272727
Concrete,concrete,0.006,0.0,6,9,0.3915541882528485,1.8022171831695641,0.22330097087378642,2.1156462585034013,0.2727272727272727
Concrete,concrete,0.006,0.0,7,8,0.39846862809967243,2.1940035273368608,0.2857142857142857,2.1156462585034013,0.2727272727272727
Concrete,concrete,0.006,0.0,7,9,0.4157250713529201,1.958931720836483,0.24752475247524752,1.7238599143361049,0.21153846153846154
Concrete,concrete,0.006,0.0,8,9,0.4154484005808343,2.1940035273368608,0.2857142857142857,1.8022171831695641,0.22330097087378642
Concrete,concrete,0.005,0.0,0,1,0.43064252316996804,1.8022171831695641,0.22330097087378642,2.037288989669942,0.26
Concrete,concrete,0.005,0.0,0,2,0.4468763645403878,2.1156462585034013,0.2727272727272727,1.5671453766691863,0.18867924528301888
Concrete,concrete,0.005,0.0,0,3,0.5765091721801083,2.429075333837239,0.3263157894736842,1.958931720836483,0.24752475247524752
Concrete,concrete,0.005,0.0,0,4,0.5135763512735676,2.1156462585034013,0.2727272727272727,2.1940035273368608,0.2857142857142857
Concrete,concrete,0.005,0.0,0,5,0.37501566880134163,1.958931720836483,0.24752475247524752,1.6455026455026456,0.2
Concrete,concrete,0.005,0.0,0,6,0.35149849048153087,1.6455026455026456,0.2,1.5671453766691863,0.18867924528301888
Concrete,concrete,0.005,0.0,0,7,0.471816829694468,2.1940035273368608,0.2857142857142857,2.507432602670698,0.3404255319148936
Concrete,concrete,0.005,0.0,0,8,0.47480801117572274,2.1940035273368608,0.2857142857142857,2.1940035273368608,0.2857142857142857
Concrete,concrete,0.005,0.0,0,9,0.3071892090504998,1.8805744520030236,0.23529411764705882,1.8022171831695641,0.22330097087378642
Concrete,concrete,0.005,0.0,1,2,0.45397290454388134,1.8022171831695641,0.22330097087378642,1.8805744520030236,0.23529411764705882
Concrete,concrete,0.005,0.0,1,3,0.41179792255936526,2.1156462585034013,0.2727272727272727,1.8022171831695641,0.22330097087378642
Concrete,concrete,0.005,0.0,1,4,0.4937931388917636,1.8022171831695641,0.22330097087378642,2.1940035273368608,0.2857142857142857
Concrete,concrete,0.005,0.0,1,5,0.4027767506568186,2.037288989669942,0.26,1.958931720836483,0.24752475247524752
Concrete,concrete,0.005,0.0,1,6,0.3130167613378886,1.5671453766691863,0.18867924528301888,1.488788107835727,0.17757009345794392
Concrete,concrete,0.005,0.0,1,7,0.49895767500054666,2.1940035273368608,0.2857142857142857,2.3507180650037793,0.3125
Concrete,concrete,0.005,0.0,1,8,0.4032135222333995,1.958931720836483,0.24752475247524752,2.1940035273368608,0.2857142857142857
Concrete,concrete,0.005,0.0,1,9,0.3478846784378916,1.7238599143361049,0.21153846153846154,2.037288989669942,0.26
Concrete,concrete,0.005,0.0,2,3,0.5931036566755472,2.742504409171076,0.38461538461538464,2.6641471403376165,0.3695652173913043
Concrete,concrete,0.005,0.0,2,4,0.5065462425116988,2.3507180650037793,0.3125,2.037288989669942,0.26
Concrete,concrete,0.005,0.0,2,5,0.3331409271229988,1.958931720836483,0.24752475247524752,1.1753590325018897,0.13513513513513514
Concrete,concrete,0.005,0.0,2,6,0.38587177931240524,1.958931720836483,0.24752475247524752,1.6455026455026456,0.2
Concrete,concrete,0.005,0.0,2,7,0.4272228040037604,1.958931720836483,0.24752475247524752,2.037288989669942,0.26
Concrete,concrete,0.005,0.0,2,8,0.5076746048846779,2.429075333837239,0.3263157894736842,2.1156462585034013,0.2727272727272727
Concrete,concrete,0.005,0.0,2,9,0.4146308348530312,2.1156462585034013,0.2727272727272727,1.958931720836483,0.24752475247524752
Concrete,concrete,0.005,0.0,3,4,0.5364929519677484,2.1156462585034013,0.2727272727272727,2.1940035273368608,0.2857142857142857
Concrete,concrete,0.005,0.0,3,5,0.4231172894045655,1.958931720836483,0.24752475247524752,1.6455026455026456,0.2
Concrete,concrete,0.005,0.0,3,6,0.3839344784988391,1.488788107835727,0.17757009345794392,1.5671453766691863,0.18867924528301888
Concrete,concrete,0.005,0.0,3,7,0.5026834113891488,1.8022171831695641,0.22330097087378642,2.429075333837239,0.3263157894736842
Concrete,concrete,0.005,0.0,3,8,0.530091913208707,2.6641471403376165,0.3695652173913043,2.1940035273368608,0.2857142857142857
Concrete,concrete,0.005,0.0,3,9,0.48773383560326783,2.1156462585034013,0.2727272727272727,2.507432602670698,0.3404255319148936
Concrete,concrete,0.005,0.0,4,5,0.34248366323899593,1.8805744520030236,0.23529411764705882,1.7238599143361049,0.21153846153846154
Concrete,concrete,0.005,0.0,4,6,0.39183974145125733,1.8805744520030236,0.23529411764705882,2.1156462585034013,0.2727272727272727
Concrete,concrete,0.005,0.0,4,7,0.6350815392887328,2.507432602670698,0.3404255319148936,2.8992189468379945,0.4157303370786517
Concrete,concrete,0.005,0.0,4,8,0.4880955603491465,2.2723607961703203,0.29896907216494845,2.2723607961703203,0.29896907216494845
Concrete,concrete,0.005,0.0,4,9,0.3981798071917782,1.8805744520030236,0.23529411764705882,2.037288989669942,0.26
Concrete,concrete,0.005,0.0,5,6,0.39325843456719195,1.8805744520030236,0.23529411764705882,1.7238599143361049,0.21153846153846154
Concrete,concrete,0.005,0.0,5,7,0.4403869322682206,2.037288989669942,0.26,1.8022171831695641,0.22330097087378642
Concrete,concrete,0.005,0.0,5,8,0.39749030872447794,2.2723607961703203,0.29896907216494845,1.7238599143361049,0.21153846153846154
Concrete,concrete,0.005,0.0,5,9,0.3046074394352126,1.8805744520030236,0.23529411764705882,2.037288989669942,0.26
Concrete,concrete,0.005,0.0,6,7,0.33727479476595446,1.5671453766691863,0.18867924528301888,1.7238599143361049,0.21153846153846154
Concrete,concrete,0.005,0.0,6,8,0.37525635203667335,1.958931720836483,0.24752475247524752,1.4104308390022677,0.16666666666666666
Concrete,concrete,0.005,0.0,6,9,0.27175476684832467,1.488788107835727,0.17757009345794392,1.4104308390022677,0.16666666666666666
Concrete,concrete,0.005,0.0,7,8,0.46805292013242694,1.7238599143361049,0.21153846153846154,2.429075333837239,0.3263157894736842
Concrete,concrete,0.005,0.0,7,9,0.3733523801444376,1.8805744520030236,0.23529411764705882,2.1940035273368608,0.2857142857142857
Concrete,concrete,0.005,0.0,8,9,0.33588437316733244,1.8022171831695641,0.22330097087378642,2.1156462585034013,0.2727272727272727
Concrete,concrete,0.004,0.0,0,1,0.5257661412387254,1.8022171831695641,0.22330097087378642,2.3507180650037793,0.3125
Concrete,concrete,0.004,0.0,0,2,0.5002554637200862,2.2723607961703203,0.29896907216494845,2.037288989669942,0.26
Concrete,concrete,0.004,0.0,0,3,0.423543666882898,1.5671453766691863,0.18867924528301888,1.958931720836483,0.24752475247524752
Concrete,concrete,0.004,0.0,0,4,0.454786205449162,2.1156462585034013,0.2727272727272727,2.2723607961703203,0.29896907216494845
Concrete,concrete,0.004,0.0,0,5,0.39961241352455656,1.7238599143361049,0.21153846153846154,1.8022171831695641,0.22330097087378642
Concrete,concrete,0.004,0.0,0,6,0.3595121741700957,1.5671453766691863,0.18867924528301888,2.037288989669942,0.26
Concrete,concrete,0.004,0.0,0,7,0.4345987718769596,2.2723607961703203,0.29896907216494845,1.958931720836483,0.24752475247524752
Concrete,concrete,0.004,0.0,0,8,0.44810998907149685,1.7238599143361049,0.21153846153846154,2.1156462585034013,0.2727272727272727
Concrete,concrete,0.004,0.0,0,9,0.4841753687263768,2.1156462585034013,0.2727272727272727,2.2723607961703203,0.29896907216494845
Concrete,concrete,0.004,0.0,1,2,0.4260299378061037,2.1156462585034013,0.2727272727272727,1.8805744520030236,0.23529411764705882
Concrete,concrete,0.004,0.0,1,3,0.5800352583199658,2.1940035273368608,0.2857142857142857,2.1156462585034013,0.2727272727272727
Concrete,concrete,0.004,0.0,1,4,0.4723457025866578,2.1940035273368608,0.2857142857142857,2.5857898715041574,0.3548387096774194
Concrete,concrete,0.004,0.0,1,5,0.5522841337396116,2.1156462585034013,0.2727272727272727,2.429075333837239,0.3263157894736842
Concrete,concrete,0.004,0.0,1,6,0.44613970580535506,1.958931720836483,0.24752475247524752,2.1940035273368608,0.2857142857142857
Concrete,concrete,0.004,0.0,1,7,0.4247844412521863,2.3507180650037793,0.3125,2.037288989669942,0.26
Concrete,concrete,0.004,0.0,1,8,0.5535054053703186,2.1940035273368608,0.2857142857142857,2.3507180650037793,0.3125
Concrete,concrete,0.004,0.0,1,9,0.5792964565629161,2.1940035273368608,0.2857142857142857,2.6641471403376165,0.3695652173913043
Concrete,concrete,0.004,0.0,2,3,0.5294086481627008,1.958931720836483,0.24752475247524752,2.507432602670698,0.3404255319148936
Concrete,concrete,0.004,0.0,2,4,0.405644763810332,1.7238599143361049,0.21153846153846154,2.037288989669942,0.26
Concrete,concrete,0.004,0.0,2,5,0.44233602706884867,2.1156462585034013,0.2727272727272727,2.1156462585034013,0.2727272727272727
Concrete,concrete,0.004,0.0,2,6,0.33779378432773843,1.8805744520030236,0.23529411764705882,1.5671453766691863,0.18867924528301888
Concrete,concrete,0.004,0.0,2,7,0.3492846672250962,2.037288989669942,0.26,1.488788107835727,0.17757009345794392
Concrete,concrete,0.004,0.0,2,8,0.4467588489493132,2.037288989669942,0.26,2.2723607961703203,0.29896907216494845
Concrete,concrete,0.004,0.0,2,9,0.44316389033365494,2.037288989669942,0.26,2.037288989669942,0.26
Concrete,concrete,0.004,0.0,3,4,0.408956821993365,1.8805744520030236,0.23529411764705882,2.1940035273368608,0.2857142857142857
Concrete,concrete,0.004,0.0,3,5,0.5204309214525172,2.1156462585034013,0.2727272727272727,2.1156462585034013,0.2727272727272727
Concrete,concrete,0.004,0.0,3,6,0.4319620433050738,1.958931720836483,0.24752475247524752,1.6455026455026456,0.2
Concrete,concrete,0.004,0.0,3,7,0.35843793339692165,1.958931720836483,0.24752475247524752,1.1753590325018897,0.13513513513513514
Concrete,concrete,0.004,0.0,3,8,0.5553954471917033,1.8805744520030236,0.23529411764705882,2.2723607961703203,0.29896907216494845
Concrete,concrete,0.004,0.0,3,9,0.6113852914012647,2.3507180650037793,0.3125,2.8208616780045355,0.4
Concrete,concrete,0.004,0.0,4,5,0.4153335473855277,1.5671453766691863,0.18867924528301888,2.1156462585034013,0.2727272727272727
Concrete,concrete,0.004,0.0,4,6,0.25981374512107874,1.4104308390022677,0.16666666666666666,1.958931720836483,0.24752475247524752
Concrete,concrete,0.004,0.0,4,7,0.35355762982768757,1.5671453766691863,0.18867924528301888,2.037288989669942,0.26
Concrete,concrete,0.004,0.0,4,8,0.3910242366469574,1.6455026455026456,0.2,2.3507180650037793,0.3125
Concrete,concrete,0.004,0.0,4,9,0.5012413583619608,1.958931720836483,0.24752475247524752,2.5857898715041574,0.3548387096774194
Concrete,concrete,0.004,0.0,5,6,0.40409419993580004,1.6455026455026456,0.2,2.1156462585034013,0.2727272727272727
Concrete,concrete,0.004,0.0,5,7,0.40069457123641794,2.1156462585034013,0.2727272727272727,1.8022171831695641,0.22330097087378642
Concrete,concrete,0.004,0.0,5,8,0.5528338405446,2.3507180650037793,0.3125,2.037288989669942,0.26
Concrete,concrete,0.004,0.0,5,9,0.4968622630365251,2.429075333837239,0.3263157894736842,2.2723607961703203,0.29896907216494845
Concrete,concrete,0.004,0.0,6,7,0.3080232701213101,1.6455026455026456,0.2,1.6455026455026456,0.2
Concrete,concrete,0.004,0.0,6,8,0.38185665675243835,1.8022171831695641,0.22330097087378642,1.8805744520030236,0.23529411764705882
Concrete,concrete,0.004,0.0,6,9,0.28640812744178,1.5671453766691863,0.18867924528301888,1.7238599143361049,0.21153846153846154
Concrete,concrete,0.004,0.0,7,8,0.5159479185672766,2.3507180650037793,0.3125,2.037288989669942,0.26
Concrete,concrete,0.004,0.0,7,9,0.38279202004445584,2.507432602670698,0.3404255319148936,1.5671453766691863,0.18867924528301888
Concrete,concrete,0.004,0.0,8,9,0.5096699902650388,2.3507180650037793,0.3125,2.5857898715041574,0.3548387096774194
Concrete,concrete,0.0033,0.0,0,1,0.5263096315549801,1.8022171831695641,0.22330097087378642,2.3507180650037793,0.3125
Concrete,concrete,0.0033,0.0,0,2,0.47078051839998025,1.8805744520030236,0.23529411764705882,2.1940035273368608,0.2857142857142857
Concrete,concrete,0.0033,0.0,0,3,0.5140406743770568,1.488788107835727,0.17757009345794392,2.2723607961703203,0.29896907216494845
Concrete,concrete,0.0033,0.0,0,4,0.5555876281801093,1.8805744520030236,0.23529411764705882,2.5857898715041574,0.3548387096774194
Concrete,concrete,0.0033,0.0,0,5,0.5212807722066515,2.3507180650037793,0.3125,2.3507180650037793,0.3125
Concrete,concrete,0.0033,0.0,0,6,0.5016829696756254,1.958931720836483,0.24752475247524752,2.2723607961703203,0.29896907216494845
Concrete,concrete,0.0033,0.0,0,7,0.603441417430005,1.958931720836483,0.24752475247524752,2.5857898715041574,0.3548387096774194
Concrete,concrete,0.0033,0.0,0,8,0.3978923679112445,1.958931720836483,0.24752475247524752,1.8022171831695641,0.22330097087378642
Concrete,concrete,0.0033,0.0,0,9,0.4493844317132394,2.1940035273368608,0.2857142857142857,2.1156462585034013,0.2727272727272727
Concrete,concrete,0.0033,0.0,1,2,0.5730539151532332,2.429075333837239,0.3263157894736842,2.429075333837239,0.3263157894736842
Concrete,concrete,0.0033,0.0,1,3,0.5239598344632937,2.429075333837239,0.3263157894736842,2.2723607961703203,0.29896907216494845
Concrete,concrete,0.0033,0.0,1,4,0.5527775993299575,2.3507180650037793,0.3125,2.5857898715041574,0.3548387096774194
Concrete,concrete,0.0033,0.0,1,5,0.38287211353379136,1.6455026455026456,0.2,2.1156462585034013,0.2727272727272727
Concrete,concrete,0.0033,0.0,1,6,0.5238387106257502,2.1940035273368608,0.2857142857142857,2.742504409171076,0.38461538461538464
Concrete,concrete,0.0033,0.0,1,7,0.5695579518506891,2.3507180650037793,0.3125,2.507432602670698,0.3404255319148936
Concrete,concrete,0.0033,0.0,1,8,0.4520850630928108,1.8022171831695641,0.22330097087378642,2.507432602670698,0.3404255319148936
Concrete,concrete,0.0033,0.0,1,9,0.5109511403551589,2.429075333837239,0.3263157894736842,2.429075333837239,0.3263157894736842
Concrete,concrete,0.0033,0.0,2,3,0.5173767500324713,2.1156462585034013,0.2727272727272727,2.2723607961703203,0.29896907216494845
Concrete,concrete,0.0033,0.0,2,4,0.5262513795555899,1.958931720836483,0.24752475247524752,2.507432602670698,0.3404255319148936
Concrete,concrete,0.0033,0.0,2,5,0.27883992939917385,1.253716301335349,0.14545454545454545,1.8022171831695641,0.22330097087378642
Concrete,concrete,0.0033,0.0,2,6,0.4024779362227482,1.488788107835727,0.17757009345794392,2.037288989669942,0.26
Concrete,concrete,0.0033,0.0,2,7,0.4673170375348889,2.429075333837239,0.3263157894736842,2.1940035273368608,0.2857142857142857
Concrete,concrete,0.0033,0.0,2,8,0.39158083405819255,1.7238599143361049,0.21153846153846154,1.8022171831695641,0.22330097087378642
Concrete,concrete,0.0033,0.0,2,9,0.5082243433273973,2.3507180650037793,0.3125,2.1156462585034013,0.2727272727272727
Concrete,concrete,0.0033,0.0,3,4,0.541617023287403,2.3507180650037793,0.3125,2.1156462585034013,0.2727272727272727
Concrete,concrete,0.0033,0.0,3,5,0.44498872350373947,2.037288989669942,0.26,1.8022171831695641,0.22330097087378642
Concrete,concrete,0.0033,0.0,3,6,0.47912996127435425,1.958931720836483,0.24752475247524752,2.037288989669942,0.26
Concrete,concrete,0.0033,0.0,3,7,0.5605304483656179,2.429075333837239,0.3263157894736842,2.1940035273368608,0.2857142857142857
Concrete,concrete,0.0033,0.0,3,8,0.4001116079379796,1.4104308390022677,0.16666666666666666,2.3507180650037793,0.3125
Concrete,concrete,0.0033,0.0,3,9,0.5492144879150349,2.1156462585034013,0.2727272727272727,2.429075333837239,0.3263157894736842
Concrete,concrete,0.0033,0.0,4,5,0.4231180934243783,1.7238599143361049,0.21153846153846154,2.037288989669942,0.26
Concrete,concrete,0.0033,0.0,4,6,0.5631041821538993,1.958931720836483,0.24752475247524752,2.429075333837239,0.3263157894736842
Concrete,concrete,0.0033,0.0,4,7,0.6389848983529341,2.1940035273368608,0.2857142857142857,2.8208616780045355,0.4
Concrete,concrete,0.0033,0.0,4,8,0.41053417709827567,2.037288989669942,0.26,1.8805744520030236,0.23529411764705882
Concrete,concrete,0.0033,0.0,4,9,0.51260003228595,2.2723607961703203,0.29896907216494845,2.3507180650037793,0.3125
Concrete,concrete,0.0033,0.0,5,6,0.4016602473014557,2.037288989669942,0.26,1.958931720836483,0.24752475247524752
Concrete,concrete,0.0033,0.0,5,7,0.46121451204262276,2.037288989669942,0.26,1.958931720836483,0.24752475247524752
Concrete,concrete,0.0033,0.0,5,8,0.3220602706956414,1.3320735701688082,0.1559633027522936,1.958931720836483,0.24752475247524752
Concrete,concrete,0.0033,0.0,5,9,0.4621031661281531,1.8805744520030236,0.23529411764705882,2.429075333837239,0.3263157894736842
Concrete,concrete,0.0033,0.0,6,7,0.4553393829315178,2.1156462585034013,0.2727272727272727,2.1940035273368608,0.2857142857142857
Concrete,concrete,0.0033,0.0,6,8,0.45740519842340494,1.7238599143361049,0.21153846153846154,2.037288989669942,0.26
Concrete,concrete,0.0033,0.0,6,9,0.530906762474811,2.037288989669942,0.26,2.429075333837239,0.3263157894736842
Concrete,concrete,0.0033,0.0,7,8,0.4168595914306575,1.4104308390022677,0.16666666666666666,1.958931720836483,0.24752475247524752
Concrete,concrete,0.0033,0.0,7,9,0.46405960977149374,2.3507180650037793,0.3125,2.507432602670698,0.3404255319148936
Concrete,concrete,0.0033,0.0,8,9,0.4504646452129571,1.958931720836483,0.24752475247524752,2.429075333837239,0.3263157894736842
Concrete,concrete,0.0027,0.0,0,1,0.48988431575269414,2.037288989669942,0.26,2.2723607961703203,0.29896907216494845
Concrete,concrete,0.0027,0.0,0,2,0.6339203181362729,2.3507180650037793,0.3125,2.977576215671454,0.4318181818181818
Concrete,concrete,0.0027,0.0,0,3,0.4011203919450136,2.1940035273368608,0.2857142857142857,1.7238599143361049,0.21153846153846154
Concrete,concrete,0.0027,0.0,0,4,0.5527610955495076,2.037288989669942,0.26,2.429075333837239,0.3263157894736842
Concrete,concrete,0.0027,0.0,0,5,0.5804069233818719,2.6641471403376165,0.3695652173913043,2.742504409171076,0.38461538461538464
Concrete,concrete,0.0027,0.0,0,6,0.523524687143809,2.1940035273368608,0.2857142857142857,2.1156462585034013,0.2727272727272727
Concrete,concrete,0.0027,0.0,0,7,0.5376801406756523,2.6641471403376165,0.3695652173913043,2.429075333837239,0.3263157894736842
Concrete,concrete,0.0027,0.0,0,8,0.5504955041458506,2.2723607961703203,0.29896907216494845,2.2723607961703203,0.29896907216494845
Concrete,concrete,0.0027,0.0,0,9,0.6322857576588571,1.958931720836483,0.24752475247524752,2.8992189468379945,0.4157303370786517
Concrete,concrete,0.0027,0.0,1,2,0.5511893494494541,2.507432602670698,0.3404255319148936,2.3507180650037793,0.3125
Concrete,concrete,0.0027,0.0,1,3,0.3488423989082648,1.5671453766691863,0.18867924528301888,1.7238599143361049,0.21153846153846154
Concrete,concrete,0.0027,0.0,1,4,0.39197910962538046,2.037288989669942,0.26,1.958931720836483,0.24752475247524752
Concrete,concrete,0.0027,0.0,1,5,0.42849744320648364,2.2723607961703203,0.29896907216494845,2.1156462585034013,0.2727272727272727
Concrete,concrete,0.0027,0.0,1,6,0.4594327089872322,2.2723607961703203,0.29896907216494845,2.3507180650037793,0.3125
Concrete,concrete,0.0027,0.0,1,7,0.5875584388809832,2.1940035273368608,0.2857142857142857,2.3507180650037793,0.3125
Concrete,concrete,0.0027,0.0,1,8,0.5634726987439926,2.3507180650037793,0.3125,2.2723607961703203,0.29896907216494845
Concrete,concrete,0.0027,0.0,1,9,0.4284559370788526,2.1940035273368608,0.2857142857142857,1.8805744520030236,0.23529411764705882
Concrete,concrete,0.0027,0.0,2,3,0.3982732928370555,1.5671453766691863,0.18867924528301888,1.8805744520030236,0.23529411764705882
Concrete,concrete,0.0027,0.0,2,4,0.5248659376383026,2.2723607961703203,0.29896907216494845,2.1940035273368608,0.2857142857142857
Concrete,concrete,0.0027,0.0,2,5,0.5532845177604728,2.429075333837239,0.3263157894736842,2.6641471403376165,0.3695652173913043
Concrete,concrete,0.0027,0.0,2,6,0.5286146970526111,2.429075333837239,0.3263157894736842,2.2723607961703203,0.29896907216494845
Concrete,concrete,0.0027,0.0,2,7,0.561579725173062,2.3507180650037793,0.3125,2.6641471403376165,0.3695652173913043
Concrete,concrete,0.0027,0.0,2,8,0.5601411351646631,2.5857898715041574,0.3548387096774194,2.3507180650037793,0.3125
Concrete,concrete,0.0027,0.0,2,9,0.5219032411427436,2.1156462585034013,0.2727272727272727,2.1940035273368608,0.2857142857142857
Concrete,concrete,0.0027,0.0,3,4,0.2974736200901052,1.8022171831695641,0.22330097087378642,1.7238599143361049,0.21153846153846154
Concrete,concrete,0.0027,0.0,3,5,0.29159477481462753,1.4104308390022677,0.16666666666666666,1.6455026455026456,0.2
Concrete,concrete,0.0027,0.0,3,6,0.38769577864268295,1.6455026455026456,0.2,1.7238599143361049,0.21153846153846154
Concrete,concrete,0.0027,0.0,3,7,0.2846476290928035,1.1753590325018897,0.13513513513513514,1.5671453766691863,0.18867924528301888
Concrete,concrete,0.0027,0.0,3,8,0.2752025699977841,1.488788107835727,0.17757009345794392,1.253716301335349,0.14545454545454545
Concrete,concrete,0.0027,0.0,3,9,0.32116978863118373,1.3320735701688082,0.1559633027522936,1.5671453766691863,0.18867924528301888
Concrete,concrete,0.0027,0.0,4,5,0.5319488715373393,1.8022171831695641,0.22330097087378642,2.8208616780045355,0.4
Concrete,concrete,0.0027,0.0,4,6,0.6106654637302034,1.958931720836483,0.24752475247524752,2.429075333837239,0.3263157894736842
Concrete,concrete,0.0027,0.0,4,7,0.4341189517471555,1.8022171831695641,0.22330097087378642,2.2723607961703203,0.29896907216494845
Concrete,concrete,0.0027,0.0,4,8,0.4753000313958786,2.1940035273368608,0.2857142857142857,2.1940035273368608,0.2857142857142857
Concrete,concrete,0.0027,0.0,4,9,0.5642186241800553,2.037288989669942,0.26,2.5857898715041574,0.3548387096774194
Concrete,concrete,0.0027,0.0,5,6,0.5107535814199446,2.1156462585034013,0.2727272727272727,2.429075333837239,0.3263157894736842
Concrete,concrete,0.0027,0.0,5,7,0.47447349447564113,2.1940035273368608,0.2857142857142857,2.037288989669942,0.26
Concrete,concrete,0.0027,0.0,5,8,0.5165627589979951,2.3507180650037793,0.3125,2.6641471403376165,0.3695652173913043
Concrete,concrete,0.0027,0.0,5,9,0.5091747113126915,2.1156462585034013,0.2727272727272727,2.1156462585034013,0.2727272727272727
Concrete,concrete,0.0027,0.0,6,7,0.4564223337563074,2.1940035273368608,0.2857142857142857,2.2723607961703203,0.29896907216494845
Concrete,concrete,0.0027,0.0,6,8,0.46352581799813064,2.429075333837239,0.3263157894736842,2.1156462585034013,0.2727272727272727
Concrete,concrete,0.0027,0.0,6,9,0.49160263972521895,1.8805744520030236,0.23529411764705882,2.1940035273368608,0.2857142857142857
Concrete,concrete,0.0027,0.0,7,8,0.5039401478959772,2.2723607961703203,0.29896907216494845,2.5857898715041574,0.3548387096774194
Concrete,concrete,0.0027,0.0,7,9,0.49480149402866114,1.7238599143361049,0.21153846153846154,2.507432602670698,0.3404255319148936
Concrete,concrete,0.0027,0.0,8,9,0.56366913881879,2.2723607961703203,0.29896907216494845,2.3507180650037793,0.3125
Concrete,concrete,0.0022,0.0,0,1,0.6031027866581039,2.1156462585034013,0.2727272727272727,2.5857898715041574,0.3548387096774194
Concrete,concrete,0.0022,0.0,0,2,0.5934249425692512,1.958931720836483,0.24752475247524752,2.429075333837239,0.3263157894736842
Concrete,concrete,0.0022,0.0,0,3,0.6020952866535593,1.8805744520030236,0.23529411764705882,2.742504409171076,0.38461538461538464
Concrete,concrete,0.0022,0.0,0,4,0.5976829224010531,2.507432602670698,0.3404255319148936,2.507432602670698,0.3404255319148936
Concrete,concrete,0.0022,0.0,0,5,0.41498000718564243,1.488788107835727,0.17757009345794392,1.8805744520030236,0.23529411764705882
Concrete,concrete,0.0022,0.0,0,6,0.530146738597499,2.3507180650037793,0.3125,1.8805744520030236,0.23529411764705882
Concrete,concrete,0.0022,0.0,0,7,0.5508642444651213,2.1156462585034013,0.2727272727272727,2.1156462585034013,0.2727272727272727
Concrete,concrete,0.0022,0.0,0,8,0.6094622209372211,2.037288989669942,0.26,2.8992189468379945,0.4157303370786517
Concrete,concrete,0.0022,0.0,0,9,0.6502793442311559,2.5857898715041574,0.3548387096774194,2.429075333837239,0.3263157894736842
Concrete,concrete,0.0022,0.0,1,2,0.6219968624620769,2.3507180650037793,0.3125,2.977576215671454,0.4318181818181818
Concrete,concrete,0.0022,0.0,1,3,0.6235292304408389,2.037288989669942,0.26,2.6641471403376165,0.3695652173913043
Concrete,concrete,0.0022,0.0,1,4,0.5413546538889896,1.958931720836483,0.24752475247524752,2.6641471403376165,0.3695652173913043
Concrete,concrete,0.0022,0.0,1,5,0.4595975916294115,1.8022171831695641,0.22330097087378642,2.5857898715041574,0.3548387096774194
Concrete,concrete,0.0022,0.0,1,6,0.558035231336784,2.3507180650037793,0.3125,2.2723607961703203,0.29896907216494845
Concrete,concrete,0.0022,0.0,1,7,0.5341752400414969,1.5671453766691863,0.18867924528301888,2.507432602670698,0.3404255319148936
Concrete,concrete,0.0022,0.0,1,8,0.5388538215726207,2.1940035273368608,0.2857142857142857,2.429075333837239,0.3263157894736842
Concrete,concrete,0.0022,0.0,1,9,0.6296570722503335,2.507432602670698,0.3404255319148936,2.5857898715041574,0.3548387096774194
Concrete,concrete,0.0022,0.0,2,3,0.6677571589442146,2.429075333837239,0.3263157894736842,2.977576215671454,0.4318181818181818
Concrete,concrete,0.0022,0.0,2,4,0.6418667311338294,2.507432602670698,0.3404255319148936,2.977576215671454,0.4318181818181818
Concrete,concrete,0.0022,0.0,2,5,0.4844243023904206,2.1156462585034013,0.2727272727272727,2.742504409171076,0.38461538461538464
Concrete,concrete,0.0022,0.0,2,6,0.561826936545007,2.429075333837239,0.3263157894736842,2.1940035273368608,0.2857142857142857
Concrete,concrete,0.0022,0.0,2,7,0.46201615441795413,2.2723607961703203,0.29896907216494845,2.037288989669942,0.26
Concrete,concrete,0.0022,0.0,2,8,0.6765578627709934,2.8992189468379945,0.4157303370786517,2.8992189468379945,0.4157303370786517
Concrete,concrete,0.0022,0.0,2,9,0.6315634243886933,2.8992189468379945,0.4157303370786517,2.6641471403376165,0.3695652173913043
Concrete,concrete,0.0022,0.0,3,4,0.5415562374697497,2.1156462585034013,0.2727272727272727,2.507432602670698,0.3404255319148936
Concrete,concrete,0.0022,0.0,3,5,0.44725115287059963,2.1940035273368608,0.2857142857142857,2.037288989669942,0.26
Concrete,concrete,0.0022,0.0,3,6,0.5766327412444212,2.429075333837239,0.3263157894736842,2.429075333837239,0.3263157894736842
Concrete,concrete,0.0022,0.0,3,7,0.501889375753385,1.958931720836483,0.24752475247524752,2.1940035273368608,0.2857142857142857
Concrete,concrete,0.0022,0.0,3,8,0.6022725017605908,2.2723607961703203,0.29896907216494845,2.429075333837239,0.3263157894736842
Concrete,concrete,0.0022,0.0,3,9,0.5878094868316268,2.1156462585034013,0.2727272727272727,2.429075333837239,0.3263157894736842
Concrete,concrete,0.0022,0.0,4,5,0.4868260873747084,2.1940035273368608,0.2857142857142857,1.958931720836483,0.24752475247524752
Concrete,concrete,0.0022,0.0,4,6,0.4749066227683529,2.429075333837239,0.3263157894736842,2.037288989669942,0.26
Concrete,concrete,0.0022,0.0,4,7,0.4310959035242448,2.037288989669942,0.26,1.958931720836483,0.24752475247524752
Concrete,concrete,0.0022,0.0,4,8,0.5977086229262416,2.5857898715041574,0.3548387096774194,2.507432602670698,0.3404255319148936
Concrete,concrete,0.0022,0.0,4,9,0.5798084113712328,2.1940035273368608,0.2857142857142857,2.1940035273368608,0.2857142857142857
Concrete,concrete,0.0022,0.0,5,6,0.4402081035951552,1.958931720836483,0.24752475247524752,1.8805744520030236,0.23529411764705882
Concrete,concrete,0.0022,0.0,5,7,0.385269245376378,1.8805744520030236,0.23529411764705882,1.8022171831695641,0.22330097087378642
Concrete,concrete,0.0022,0.0,5,8,0.4805277403724989,2.2723607961703203,0.29896907216494845,2.2723607961703203,0.29896907216494845
Concrete,concrete,0.0022,0.0,5,9,0.5013849381091169,2.2723607961703203,0.29896907216494845,2.507432602670698,0.3404255319148936
Concrete,concrete,0.0022,0.0,6,7,0.47831025447889314,2.2723607961703203,0.29896907216494845,2.1156462585034013,0.2727272727272727
Concrete,concrete,0.0022,0.0,6,8,0.4894690714236958,2.3507180650037793,0.3125,2.1156462585034013,0.2727272727272727
Concrete,concrete,0.0022,0.0,6,9,0.4904273231076577,2.742504409171076,0.38461538461538464,1.8022171831695641,0.22330097087378642
Concrete,concrete,0.0022,0.0,7,8,0.4486880711582594,2.1156462585034013,0.2727272727272727,2.1940035273368608,0.2857142857142857
Concrete,concrete,0.0022,0.0,7,9,0.4379490980625452,2.2723607961703203,0.29896907216494845,1.8022171831695641,0.22330097087378642
Concrete,concrete,0.0022,0.0,8,9,0.6229509073498676,2.507432602670698,0.3404255319148936,2.507432602670698,0.3404255319148936
Concrete,concrete,0.0018,0.0,0,1,0.4950225942197813,2.037288989669942,0.26,2.2723607961703203,0.29896907216494845
Concrete,concrete,0.0018,0.0,0,2,0.4809346372903901,2.3507180650037793,0.3125,2.429075333837239,0.3263157894736842
Concrete,concrete,0.0018,0.0,0,3,0.4460196132764627,1.958931720836483,0.24752475247524752,2.1156462585034013,0.2727272727272727
Concrete,concrete,0.0018,0.0,0,4,0.519359392536129,2.3507180650037793,0.3125,2.6641471403376165,0.3695652173913043
Concrete,concrete,0.0018,0.0,0,5,0.673700119555457,2.429075333837239,0.3263157894736842,2.977576215671454,0.4318181818181818
Concrete,concrete,0.0018,0.0,0,6,0.5353945477508393,2.429075333837239,0.3263157894736842,2.1156462585034013,0.2727272727272727
Concrete,concrete,0.0018,0.0,0,7,0.5671873030595282,2.1940035273368608,0.2857142857142857,2.5857898715041574,0.3548387096774194
Concrete,concrete,0.0018,0.0,0,8,0.4864731198076734,1.7238599143361049,0.21153846153846154,2.5857898715041574,0.3548387096774194
Concrete,concrete,0.0018,0.0,0,9,0.5232039170214112,2.6641471403376165,0.3695652173913043,2.507432602670698,0.3404255319148936
Concrete,concrete,0.0018,0.0,1,2,0.43787405614501257,1.8805744520030236,0.23529411764705882,2.1156462585034013,0.2727272727272727
Concrete,concrete,0.0018,0.0,1,3,0.6215865294587744,2.3507180650037793,0.3125,2.5857898715041574,0.3548387096774194
Concrete,concrete,0.0018,0.0,1,4,0.5598785613596252,2.2723607961703203,0.29896907216494845,2.6641471403376165,0.3695652173913043
Concrete,concrete,0.0018,0.0,1,5,0.5131448435858097,2.1156462585034013,0.2727272727272727,2.507432602670698,0.3404255319148936
Concrete,concrete,0.0018,0.0,1,6,0.6103564689134741,2.507432602670698,0.3404255319148936,2.742504409171076,0.38461538461538464
Concrete,concrete,0.0018,0.0,1,7,0.6010384851563235,2.429075333837239,0.3263157894736842,2.8992189468379945,0.4157303370786517
Concrete,concrete,0.0018,0.0,1,8,0.5829585152351576,2.507432602670698,0.3404255319148936,2.507432602670698,0.3404255319148936
Concrete,concrete,0.0018,0.0,1,9,0.5273203957425028,2.2723607961703203,0.29896907216494845,2.3507180650037793,0.3125
Concrete,concrete,0.0018,0.0,2,3,0.43916577070197854,1.4104308390022677,0.16666666666666666,2.037288989669942,0.26
Concrete,concrete,0.0018,0.0,2,4,0.5841457554148107,2.429075333837239,0.3263157894736842,2.507432602670698,0.3404255319148936
Concrete,concrete,0.0018,0.0,2,5,0.49700402284191275,2.1940035273368608,0.2857142857142857,2.742504409171076,0.38461538461538464
Concrete,concrete,0.0018,0.0,2,6,0.4782925430686434,2.2723607961703203,0.29896907216494845,2.037288989669942,0.26
Concrete,concrete,0.0018,0.0,2,7,0.5429086144163213,2.5857898715041574,0.3548387096774194,2.037288989669942,0.26
Concrete,concrete,0.0018,0.0,2,8,0.6220227358785262,2.3507180650037793,0.3125,2.5857898715041574,0.3548387096774194
Concrete,concrete,0.0018,0.0,2,9,0.6455893641694408,2.3507180650037793,0.3125,2.8208616780045355,0.4
Concrete,concrete,0.0018,0.0,3,4,0.5470250915157594,1.7238599143361049,0.21153846153846154,2.2723607961703203,0.29896907216494845
Concrete,concrete,0.0018,0.0,3,5,0.48970779102346607,2.2723607961703203,0.29896907216494845,2.3507180650037793,0.3125
Concrete,concrete,0.0018,0.0,3,6,0.5946203407870768,2.037288989669942,0.26,2.742504409171076,0.38461538461538464
Concrete,concrete,0.0018,0.0,3,7,0.6110330576849982,1.8805744520030236,0.23529411764705882,2.977576215671454,0.4318181818181818
Concrete,concrete,0.0018,0.0,3,8,0.6358655169264124,2.3507180650037793,0.3125,2.5857898715041574,0.3548387096774194
Concrete,concrete,0.0018,0.0,3,9,0.46188104034742816,1.8805744520030236,0.23529411764705882,1.7238599143361049,0.21153846153846154
Concrete,concrete,0.0018,0.0,4,5,0.5456786670885557,2.6641471403376165,0.3695652173913043,2.3507180650037793,0.3125
Concrete,concrete,0.0018,0.0,4,6,0.5717390280275296,2.5857898715041574,0.3548387096774194,2.429075333837239,0.3263157894736842
Concrete,concrete,0.0018,0.0,4,7,0.6668222245393736,2.429075333837239,0.3263157894736842,2.8992189468379945,0.4157303370786517
Concrete,concrete,0.0018,0.0,4,8,0.6934043632237584,2.1940035273368608,0.2857142857142857,2.8992189468379945,0.4157303370786517
Concrete,concrete,0.0018,0.0,4,9,0.5640935225608652,2.429075333837239,0.3263157894736842,2.6641471403376165,0.3695652173913043
Concrete,concrete,0.0018,0.0,5,6,0.5177452585987663,2.037288989669942,0.26,2.3507180650037793,0.3125
Concrete,concrete,0.0018,0.0,5,7,0.6138178370222009,2.507432602670698,0.3404255319148936,2.8208616780045355,0.4
Concrete,concrete,0.0018,0.0,5,8,0.5681458923148354,2.3507180650037793,0.3125,2.6641471403376165,0.3695652173913043
Concrete,concrete,0.0018,0.0,5,9,0.5985489543544906,2.977576215671454,0.4318181818181818,2.742504409171076,0.38461538461538464
Concrete,concrete,0.0018,0.0,6,7,0.5999053980095538,2.1940035273368608,0.2857142857142857,2.742504409171076,0.38461538461538464
Concrete,concrete,0.0018,0.0,6,8,0.6120091676851881,2.3507180650037793,0.3125,2.6641471403376165,0.3695652173913043
Concrete,concrete,0.0018,0.0,6,9,0.4816818743064162,2.5857898715041574,0.3548387096774194,1.958931720836483,0.24752475247524752
Concrete,concrete,0.0018,0.0,7,8,0.624786819938198,2.3507180650037793,0.3125,2.8992189468379945,0.4157303370786517
Concrete,concrete,0.0018,0.0,7,9,0.5400024027512376,2.742504409171076,0.38461538461538464,2.3507180650037793,0.3125
Concrete,concrete,0.0018,0.0,8,9,0.6453755386565294,2.507432602670698,0.3404255319148936,2.429075333837239,0.3263157894736842
Concrete,concrete,0.0015,0.0,0,1,0.5860690983373854,2.1940035273368608,0.2857142857142857,2.8208616780045355,0.4
Concrete,concrete,0.0015,0.0,0,2,0.5511724351724153,2.6641471403376165,0.3695652173913043,2.3507180650037793,0.3125
Concrete,concrete,0.0015,0.0,0,3,0.6055975876252175,2.5857898715041574,0.3548387096774194,2.2723607961703203,0.29896907216494845
Concrete,concrete,0.0015,0.0,0,4,0.3641286134425648,2.3507180650037793,0.3125,1.958931720836483,0.24752475247524752
Concrete,concrete,0.0015,0.0,0,5,0.5922956764862822,2.507432602670698,0.3404255319148936,2.429075333837239,0.3263157894736842
Concrete,concrete,0.0015,0.0,0,6,0.5595546398518626,2.1156462585034013,0.2727272727272727,2.6641471403376165,0.3695652173913043
Concrete,concrete,0.0015,0.0,0,7,0.45584337504618555,2.1156462585034013,0.2727272727272727,2.3507180650037793,0.3125
Concrete,concrete,0.0015,0.0,0,8,0.5456117932223442,2.3507180650037793,0.3125,2.2723607961703203,0.29896907216494845
Concrete,concrete,0.0015,0.0,0,9,0.49751398882241865,2.037288989669942,0.26,2.1940035273368608,0.2857142857142857
Concrete,concrete,0.0015,0.0,1,2,0.6545045240202005,2.507432602670698,0.3404255319148936,2.8992189468379945,0.4157303370786517
Concrete,concrete,0.0015,0.0,1,3,0.7051430909420144,2.5857898715041574,0.3548387096774194,3.1342907533383726,0.46511627906976744
Concrete,concrete,0.0015,0.0,1,4,0.358962285409977,1.7238599143361049,0.21153846153846154,2.037288989669942,0.26
Concrete,concrete,0.0015,0.0,1,5,0.6535824648090217,2.6641471403376165,0.3695652173913043,3.1342907533383726,0.46511627906976744
Concrete,concrete,0.0015,0.0,1,6,0.5546353891157766,2.037288989669942,0.26,2.1940035273368608,0.2857142857142857
Concrete,concrete,0.0015,0.0,1,7,0.47471892362944196,1.8022171831695641,0.22330097087378642,2.5857898715041574,0.3548387096774194
Concrete,concrete,0.0015,0.0,1,8,0.6261913255816149,2.3507180650037793,0.3125,2.977576215671454,0.4318181818181818
Concrete,concrete,0.0015,0.0,1,9,0.5996174131795553,2.507432602670698,0.3404255319148936,2.429075333837239,0.3263157894736842
Concrete,concrete,0.0015,0.0,2,3,0.6063057506199195,2.8208616780045355,0.4,3.212648022171832,0.4823529411764706
Concrete,concrete,0.0015,0.0,2,4,0.29228264612535537,2.1156462585034013,0.2727272727272727,1.4104308390022677,0.16666666666666666
Concrete,concrete,0.0015,0.0,2,5,0.6163445419437498,2.3507180650037793,0.3125,3.055933484504913,0.4482758620689655
Concrete,concrete,0.0015,0.0,2,6,0.5588798839429777,2.429075333837239,0.3263157894736842,2.507432602670698,0.3404255319148936
Concrete,concrete,0.0015,0.0,2,7,0.5566197190779212,2.3507180650037793,0.3125,2.8208616780045355,0.4
Concrete,concrete,0.0015,0.0,2,8,0.5786174921281158,2.507432602670698,0.3404255319148936,2.5857898715041574,0.3548387096774194
Concrete,concrete,0.0015,0.0,2,9,0.5674223619976235,2.429075333837239,0.3263157894736842,2.8992189468379945,0.4157303370786517
Concrete,concrete,0.0015,0.0,3,4,0.33694399828552646,2.3507180650037793,0.3125,1.488788107835727,0.17757009345794392
Concrete,concrete,0.0015,0.0,3,5,0.6155675604280197,2.6641471403376165,0.3695652173913043,3.1342907533383726,0.46511627906976744
Concrete,concrete,0.0015,0.0,3,6,0.533604828413284,2.3507180650037793,0.3125,2.742504409171076,0.38461538461538464
Concrete,concrete,0.0015,0.0,3,7,0.4863291035995693,2.3507180650037793,0.3125,2.5857898715041574,0.3548387096774194
Concrete,concrete,0.0015,0.0,3,8,0.5486649507551723,2.037288989669942,0.26,2.507432602670698,0.3404255319148936
Concrete,concrete,0.0015,0.0,3,9,0.600594238989776,2.429075333837239,0.3263157894736842,2.5857898715041574,0.3548387096774194
Concrete,concrete,0.0015,0.0,4,5,0.34520938802295215,2.2723607961703203,0.29896907216494845,1.488788107835727,0.17757009345794392
Concrete,concrete,0.0015,0.0,4,6,0.3544027687871489,2.037288989669942,0.26,1.958931720836483,0.24752475247524752
Concrete,concrete,0.0015,0.0,4,7,0.2731430752571042,1.958931720836483,0.24752475247524752,1.3320735701688082,0.1559633027522936
Concrete,concrete,0.0015,0.0,4,8,0.3752340316288011,1.8022171831695641,0.22330097087378642,1.8805744520030236,0.23529411764705882
Concrete,concrete,0.0015,0.0,4,9,0.3205156700683422,1.958931720836483,0.24752475247524752,1.488788107835727,0.17757009345794392
Concrete,concrete,0.0015,0.0,5,6,0.654894644142471,2.507432602670698,0.3404255319148936,2.8208616780045355,0.4
Concrete,concrete,0.0015,0.0,5,7,0.42339099259329027,2.1940035273368608,0.2857142857142857,2.1940035273368608,0.2857142857142857
Concrete,concrete,0.0015,0.0,5,8,0.5765695443226824,2.3507180650037793,0.3125,2.6641471403376165,0.3695652173913043
Concrete,concrete,0.0015,0.0,5,9,0.5136268786934666,2.1940035273368608,0.2857142857142857,2.742504409171076,0.38461538461538464
Concrete,concrete,0.0015,0.0,6,7,0.378987903430389,2.037288989669942,0.26,2.1940035273368608,0.2857142857142857
Concrete,concrete,0.0015,0.0,6,8,0.5040811947658256,2.037288989669942,0.26,2.6641471403376165,0.3695652173913043
Concrete,concrete,0.0015,0.0,6,9,0.4831528654337083,1.6455026455026456,0.2,2.3507180650037793,0.3125
Concrete,concrete,0.0015,0.0,7,8,0.5032265793973792,2.1940035273368608,0.2857142857142857,2.742504409171076,0.38461538461538464
Concrete,concrete,0.0015,0.0,7,9,0.47760975468251043,2.037288989669942,0.26,2.6641471403376165,0.3695652173913043
Concrete,concrete,0.0015,0.0,8,9,0.5470490886623042,2.2723607961703203,0.29896907216494845,2.507432602670698,0.3404255319148936
Concrete,concrete,0.0012,0.0,0,1,0.4267994930626744,1.958931720836483,0.24752475247524752,2.037288989669942,0.26
Concrete,concrete,0.0012,0.0,0,2,0.372991926467644,1.6455026455026456,0.2,1.8022171831695641,0.22330097087378642
Concrete,concrete,0.0012,0.0,0,3,0.4699905008719228,2.037288989669942,0.26,2.1940035273368608,0.2857142857142857
Concrete,concrete,0.0012,0.0,0,4,0.4987481600617188,2.037288989669942,0.26,2.5857898715041574,0.3548387096774194
Concrete,concrete,0.0012,0.0,0,5,0.3830163965925577,1.7238599143361049,0.21153846153846154,2.2723607961703203,0.29896907216494845
Concrete,concrete,0.0012,0.0,0,6,0.44089036874266646,1.8022171831695641,0.22330097087378642,2.3507180650037793,0.3125
Concrete,concrete,0.0012,0.0,0,7,0.4056403886814844,1.5671453766691863,0.18867924528301888,2.3507180650037793,0.3125
Concrete,concrete,0.0012,0.0,0,8,0.3628859919153122,1.8805744520030236,0.23529411764705882,2.1156462585034013,0.2727272727272727
Concrete,concrete,0.0012,0.0,0,9,0.29957379315413324,1.7238599143361049,0.21153846153846154,2.037288989669942,0.26
Concrete,concrete,0.0012,0.0,1,2,0.6115653933043557,2.742504409171076,0.38461538461538464,2.5857898715041574,0.3548387096774194
Concrete,concrete,0.0012,0.0,1,3,0.6418482013503831,2.5857898715041574,0.3548387096774194,2.742504409171076,0.38461538461538464
Concrete,concrete,0.0012,0.0,1,4,0.5400256284794265,2.2723607961703203,0.29896907216494845,2.507432602670698,0.3404255319148936
Concrete,concrete,0.0012,0.0,1,5,0.6231847968015548,2.2723607961703203,0.29896907216494845,2.8208616780045355,0.4
Concrete,concrete,0.0012,0.0,1,6,0.6016003380751523,2.429075333837239,0.3263157894736842,2.5857898715041574,0.3548387096774194
Concrete,concrete,0.0012,0.0,1,7,0.3904432096219499,1.488788107835727,0.17757009345794392,2.507432602670698,0.3404255319148936
Concrete,concrete,0.0012,0.0,1,8,0.6053051797221551,2.429075333837239,0.3263157894736842,2.742504409171076,0.38461538461538464
Concrete,concrete,0.0012,0.0,1,9,0.5964193473237076,2.037288989669942,0.26,2.507432602670698,0.3404255319148936
Concrete,concrete,0.0012,0.0,2,3,0.5769610925048543,2.507432602670698,0.3404255319148936,2.507432602670698,0.3404255319148936
Concrete,concrete,0.0012,0.0,2,4,0.47014586638063505,2.742504409171076,0.38461538461538464,1.8805744520030236,0.23529411764705882
Concrete,concrete,0.0012,0.0,2,5,0.5992840542876902,2.742504409171076,0.38461538461538464,2.5857898715041574,0.3548387096774194
Concrete,concrete,0.0012,0.0,2,6,0.47911206536219736,1.958931720836483,0.24752475247524752,2.1156462585034013,0.2727272727272727
Concrete,concrete,0.0012,0.0,2,7,0.3175716928334268,1.6455026455026456,0.2,1.8805744520030236,0.23529411764705882
Concrete,concrete,0.0012,0.0,2,8,0.5223849040728272,2.3507180650037793,0.3125,2.2723607961703203,0.29896907216494845
Concrete,concrete,0.0012,0.0,2,9,0.5595224347467092,2.1940035273368608,0.2857142857142857,2.429075333837239,0.3263157894736842
Concrete,concrete,0.0012,0.0,3,4,0.6161657991237147,2.977576215671454,0.4318181818181818,2.429075333837239,0.3263157894736842
Concrete,concrete,0.0012,0.0,3,5,0.5018482963578418,2.8208616780045355,0.4,2.3507180650037793,0.3125
Concrete,concrete,0.0012,0.0,3,6,0.5694114726808068,1.8805744520030236,0.23529411764705882,2.5857898715041574,0.3548387096774194
Concrete,concrete,0.0012,0.0,3,7,0.38896267824544145,1.488788107835727,0.17757009345794392,2.507432602670698,0.3404255319148936
Concrete,concrete,0.0012,0.0,3,8,0.5659831480806519,2.1156462585034013,0.2727272727272727,2.8992189468379945,0.4157303370786517
Concrete,concrete,0.0012,0.0,3,9,0.5417177551975639,1.8805744520030236,0.23529411764705882,2.6641471403376165,0.3695652173913043
Concrete,concrete,0.0012,0.0,4,5,0.5061568054063317,2.5857898715041574,0.3548387096774194,2.1156462585034013,0.2727272727272727
Concrete,concrete,0.0012,0.0,4,6,0.6596357187339528,2.2723607961703203,0.29896907216494845,3.055933484504913,0.4482758620689655
Concrete,concrete,0.0012,0.0,4,7,0.4003633528132767,1.488788107835727,0.17757009345794392,2.429075333837239,0.3263157894736842
Concrete,concrete,0.0012,0.0,4,8,0.504835320139257,2.3507180650037793,0.3125,2.429075333837239,0.3263157894736842
Concrete,concrete,0.0012,0.0,4,9,0.48873615980850577,2.2723607961703203,0.29896907216494845,2.1940035273368608,0.2857142857142857
Concrete,concrete,0.0012,0.0,5,6,0.514249739838912,1.8022171831695641,0.22330097087378642,2.3507180650037793,0.3125
Concrete,concrete,0.0012,0.0,5,7,0.4441223204880773,1.4104308390022677,0.16666666666666666,2.5857898715041574,0.3548387096774194
Concrete,concrete,0.0012,0.0,5,8,0.5524801176677544,2.2723607961703203,0.29896907216494845,2.3507180650037793,0.3125
Concrete,concrete,0.0012,0.0,5,9,0.5505529706474006,2.2723607961703203,0.29896907216494845,2.2723607961703203,0.29896907216494845
Concrete,concrete,0.0012,0.0,6,7,0.41155625013350455,1.3320735701688082,0.1559633027522936,2.3507180650037793,0.3125
Concrete,concrete,0.0012,0.0,6,8,0.5336679268002363,2.2723607961703203,0.29896907216494845,2.1940035273368608,0.2857142857142857
Concrete,concrete,0.0012,0.0,6,9,0.568008387469246,2.2723607961703203,0.29896907216494845,2.742504409171076,0.38461538461538464
Concrete,concrete,0.0012,0.0,7,8,0.4012342421387643,1.7238599143361049,0.21153846153846154,2.037288989669942,0.26
Concrete,concrete,0.0012,0.0,7,9,0.3622839150108143,2.1940035273368608,0.2857142857142857,2.1156462585034013,0.2727272727272727
Concrete,concrete,0.0012,0.0,8,9,0.5629404552864532,2.3507180650037793,0.3125,2.507432602670698,0.3404255319148936
Concrete,concrete,0.001,0.0,0,1,0.2554977463660451,1.7238599143361049,0.21153846153846154,1.8022171831695641,0.22330097087378642
Concrete,concrete,0.001,0.0,0,2,0.2852910575148305,1.253716301335349,0.14545454545454545,1.8805744520030236,0.23529411764705882
Concrete,concrete,0.001,0.0,0,3,0.26130692890341417,1.6455026455026456,0.2,1.8022171831695641,0.22330097087378642
Concrete,concrete,0.001,0.0,0,4,0.2825654312671933,1.488788107835727,0.17757009345794392,1.5671453766691863,0.18867924528301888
Concrete,concrete,0.001,0.0,0,5,0.5857822097509732,2.3507180650037793,0.3125,2.8208616780045355,0.4
Concrete,concrete,0.001,0.0,0,6,0.5894488532984533,2.742504409171076,0.38461538461538464,2.8208616780045355,0.4
Concrete,concrete,0.001,0.0,0,7,0.3107472843122596,1.7238599143361049,0.21153846153846154,2.2723607961703203,0.29896907216494845
Concrete,concrete,0.001,0.0,0,8,0.5333171712436867,2.3507180650037793,0.3125,2.429075333837239,0.3263157894736842
Concrete,concrete,0.001,0.0,0,9,0.33230993247197704,1.5671453766691863,0.18867924528301888,2.507432602670698,0.3404255319148936
Concrete,concrete,0.001,0.0,1,2,0.39934330359988557,3.212648022171832,0.4823529411764706,2.3507180650037793,0.3125
Concrete,concrete,0.001,0.0,1,3,0.4045974308558207,2.8992189468379945,0.4157303370786517,2.429075333837239,0.3263157894736842
Concrete,concrete,0.001,0.0,1,4,0.12217417412566943,1.8805744520030236,0.23529411764705882,1.4104308390022677,0.16666666666666666
Concrete,concrete,0.001,0.0,1,5,0.2239363512171988,1.8022171831695641,0.22330097087378642,1.7238599143361049,0.21153846153846154
Concrete,concrete,0.001,0.0,1,6,0.22458881170900394,1.7238599143361049,0.21153846153846154,1.3320735701688082,0.1559633027522936
Concrete,concrete,0.001,0.0,1,7,0.3839325992140204,2.8208616780045355,0.4,1.8805744520030236,0.23529411764705882
Concrete,concrete,0.001,0.0,1,8,0.4244894957880019,1.6455026455026456,0.2,2.037288989669942,0.26
Concrete,concrete,0.001,0.0,1,9,0.326465080195916,2.977576215671454,0.4318181818181818,1.958931720836483,0.24752475247524752
Concrete,concrete,0.001,0.0,2,3,0.6218732513643623,3.4477198286722097,0.5365853658536586,3.055933484504913,0.4482758620689655
Concrete,concrete,0.001,0.0,2,4,0.5087846559666909,2.037288989669942,0.26,2.742504409171076,0.38461538461538464
Concrete,concrete,0.001,0.0,2,5,0.36621297128342745,1.5671453766691863,0.18867924528301888,2.1156462585034013,0.2727272727272727
Concrete,concrete,0.001,0.0,2,6,0.36426177518898056,1.488788107835727,0.17757009345794392,2.1940035273368608,0.2857142857142857
Concrete,concrete,0.001,0.0,2,7,0.4478157494302636,3.917863441672966,0.6578947368421053,2.1940035273368608,0.2857142857142857
Concrete,concrete,0.001,0.0,2,8,0.441741557553101,1.8022171831695641,0.22330097087378642,2.429075333837239,0.3263157894736842
Concrete,concrete,0.001,0.0,2,9,0.3243371389869777,3.4477198286722097,0.5365853658536586,1.8805744520030236,0.23529411764705882
Concrete,concrete,0.001,0.0,3,4,0.428825563438642,2.1940035273368608,0.2857142857142857,2.3507180650037793,0.3125
Concrete,concrete,0.001,0.0,3,5,0.35128075842979173,1.6455026455026456,0.2,2.1156462585034013,0.2727272727272727
Concrete,concrete,0.001,0.0,3,6,0.342749753784338,1.7238599143361049,0.21153846153846154,2.1156462585034013,0.2727272727272727
Concrete,concrete,0.001,0.0,3,7,0.49184256286947814,3.682791635172588,0.5949367088607594,2.3507180650037793,0.3125
Concrete,concrete,0.001,0.0,3,8,0.3542655579029382,1.5671453766691863,0.18867924528301888,2.037288989669942,0.26
Concrete,concrete,0.001,0.0,3,9,0.37282429051418886,3.212648022171832,0.4823529411764706,1.958931720836483,0.24752475247524752
Concrete,concrete,0.001,0.0,4,5,0.3511363523936301,1.4104308390022677,0.16666666666666666,2.1940035273368608,0.2857142857142857
Concrete,concrete,0.001,0.0,4,6,0.33809369388066807,1.8022171831695641,0.22330097087378642,2.037288989669942,0.26
Concrete,concrete,0.001,0.0,4,7,0.26093548212102086,2.037288989669942,0.26,1.8805744520030236,0.23529411764705882
Concrete,concrete,0.001,0.0,4,8,0.40529631520365395,1.958931720836483,0.24752475247524752,1.958931720836483,0.24752475247524752
Concrete,concrete,0.001,0.0,4,9,0.22354483254438753,1.8805744520030236,0.23529411764705882,1.8022171831695641,0.22330097087378642
Concrete,concrete,0.001,0.0,5,6,0.6672127085241638,2.5857898715041574,0.3548387096774194,2.8992189468379945,0.4157303370786517
Concrete,concrete,0.001,0.0,5,7,0.3127332690057587,1.4104308390022677,0.16666666666666666,2.037288989669942,0.26
Concrete,concrete,0.001,0.0,5,8,0.44278346400523577,2.037288989669942,0.26,2.2723607961703203,0.29896907216494845
Concrete,concrete,0.001,0.0,5,9,0.32842206084081244,1.8022171831695641,0.22330097087378642,1.8022171831695641,0.22330097087378642
Concrete,concrete,0.001,0.0,6,7,0.32034248989408165,1.8805744520030236,0.23529411764705882,2.1156462585034013,0.2727272727272727
Concrete,concrete,0.001,0.0,6,8,0.4568395639358731,2.429075333837239,0.3263157894736842,2.2723607961703203,0.29896907216494845
Concrete,concrete,0.001,0.0,6,9,0.3941172357375383,1.6455026455026456,0.2,2.1156462585034013,0.2727272727272727
Concrete,concrete,0.001,0.0,7,8,0.3477379347130933,1.6455026455026456,0.2,2.1940035273368608,0.2857142857142857
Concrete,concrete,0.001,0.0,7,9,0.5826999508686729,3.5260770975056692,0.5555555555555556,2.8208616780045355,0.4
Concrete,concrete,0.001,0.0,8,9,0.25329832848449263,1.488788107835727,0.17757009345794392,1.8022171831695641,0.22330097087378642
Concrete,concrete,0.00085,0.0,0,1,0.34184191223401433,1.958931720836483,0.24752475247524752,1.6455026455026456,0.2
Concrete,concrete,0.00085,0.0,0,2,0.6043116046320527,2.507432602670698,0.3404255319148936,2.742504409171076,0.38461538461538464
Concrete,concrete,0.00085,0.0,0,3,0.5377678897392786,1.958931720836483,0.24752475247524752,2.507432602670698,0.3404255319148936
Concrete,concrete,0.00085,0.0,0,4,0.3861564573655842,1.6455026455026456,0.2,2.037288989669942,0.26
Concrete,concrete,0.00085,0.0,0,5,0.6235999451807768,2.2723607961703203,0.29896907216494845,2.6641471403376165,0.3695652173913043
Concrete,concrete,0.00085,0.0,0,6,0.31516868140254845,1.488788107835727,0.17757009345794392,2.037288989669942,0.26
Concrete,concrete,0.00085,0.0,0,7,0.4842154807534055,2.1156462585034013,0.2727272727272727,2.1156462585034013,0.2727272727272727
Concrete,concrete,0.00085,0.0,0,8,0.14324497069424588,1.5671453766691863,0.18867924528301888,1.6455026455026456,0.2
Concrete,concrete,0.00085,0.0,0,9,0.24427989733908176,1.4104308390022677,0.16666666666666666,2.2723607961703203,0.29896907216494845
Concrete,concrete,0.00085,0.0,1,2,0.38985667533315316,2.037288989669942,0.26,1.8022171831695641,0.22330097087378642
Concrete,concrete,0.00085,0.0,1,3,0.48387799650117286,2.429075333837239,0.3263157894736842,2.1940035273368608,0.2857142857142857
Concrete,concrete,0.00085,0.0,1,4,0.36714058103472685,1.4104308390022677,0.16666666666666666,1.8805744520030236,0.23529411764705882
Concrete,concrete,0.00085,0.0,1,5,0.40438685779440353,1.958931720836483,0.24752475247524752,1.6455026455026456,0.2
Concrete,concrete,0.00085,0.0,1,6,0.36688453472812244,1.1753590325018897,0.13513513513513514,2.1156462585034013,0.2727272727272727
Concrete,concrete,0.00085,0.0,1,7,0.3064191701077776,1.4104308390022677,0.16666666666666666,1.8022171831695641,0.22330097087378642
Concrete,concrete,0.00085,0.0,1,8,0.40912608959172164,0.9402872260015118,0.10526315789473684,2.507432602670698,0.3404255319148936
Concrete,concrete,0.00085,0.0,1,9,0.2292662123931123,1.253716301335349,0.14545454545454545,1.958931720836483,0.24752475247524752
Concrete,concrete,0.00085,0.0,2,3,0.6246963965145897,2.1156462585034013,0.2727272727272727,2.6641471403376165,0.3695652173913043
Concrete,concrete,0.00085,0.0,2,4,0.4575863713142493,1.1753590325018897,0.13513513513513514,2.2723607961703203,0.29896907216494845
Concrete,concrete,0.00085,0.0,2,5,0.6560757464179138,2.2723607961703203,0.29896907216494845,2.977576215671454,0.4318181818181818
Concrete,concrete,0.00085,0.0,2,6,0.34020509527414944,1.253716301335349,0.14545454545454545,2.1940035273368608,0.2857142857142857
Concrete,concrete,0.00085,0.0,2,7,0.6901628450944537,2.507432602670698,0.3404255319148936,3.1342907533383726,0.46511627906976744
Concrete,concrete,0.00085,0.0,2,8,0.3031089664981021,1.018644494834971,0.11504424778761062,1.958931720836483,0.24752475247524752
Concrete,concrete,0.00085,0.0,2,9,0.2582040271213453,1.3320735701688082,0.1559633027522936,1.958931720836483,0.24752475247524752
Concrete,concrete,0.00085,0.0,3,4,0.32654526898319425,1.253716301335349,0.14545454545454545,1.8805744520030236,0.23529411764705882
Concrete,concrete,0.00085,0.0,3,5,0.6879491446991125,2.742504409171076,0.38461538461538464,2.977576215671454,0.4318181818181818
Concrete,concrete,0.00085,0.0,3,6,0.3988437282359749,1.3320735701688082,0.1559633027522936,2.2723607961703203,0.29896907216494845
Concrete,concrete,0.00085,0.0,3,7,0.6818508674694151,2.2723607961703203,0.29896907216494845,2.5857898715041574,0.3548387096774194
Concrete,concrete,0.00085,0.0,3,8,0.3026111267842121,1.018644494834971,0.11504424778761062,1.958931720836483,0.24752475247524752
Concrete,concrete,0.00085,0.0,3,9,0.1209832183982182,1.0970017636684304,0.125,1.4104308390022677,0.16666666666666666
Concrete,concrete,0.00085,0.0,4,5,0.4175642881501992,1.6455026455026456,0.2,2.1940035273368608,0.2857142857142857
Concrete,concrete,0.00085,0.0,4,6,0.630674709261873,3.7611489040060473,0.6153846153846154,2.8992189468379945,0.4157303370786517
Concrete,concrete,0.00085,0.0,4,7,0.3221213260772173,1.3320735701688082,0.1559633027522936,1.8022171831695641,0.22330097087378642
Concrete,concrete,0.00085,0.0,4,8,0.4726536615570577,3.291005291005291,0.5,2.3507180650037793,0.3125
Concrete,concrete,0.00085,0.0,4,9,0.5540352814251518,3.6044343663391283,0.575,2.6641471403376165,0.3695652173913043
Concrete,concrete,0.00085,0.0,5,6,0.31641610745320714,1.5671453766691863,0.18867924528301888,1.8805744520030236,0.23529411764705882
Concrete,concrete,0.00085,0.0,5,7,0.5609101213891543,2.2723607961703203,0.29896907216494845,2.2723607961703203,0.29896907216494845
Concrete,concrete,0.00085,0.0,5,8,0.27839208732618426,1.6455026455026456,0.2,1.958931720836483,0.24752475247524752
Concrete,concrete,0.00085,0.0,5,9,0.2069714614938625,1.5671453766691863,0.18867924528301888,1.8022171831695641,0.22330097087378642
Concrete,concrete,0.00085,0.0,6,7,0.2497692176465113,1.253716301335349,0.14545454545454545,1.8022171831695641,0.22330097087378642
Concrete,concrete,0.00085,0.0,6,8,0.6007922147587841,3.8395061728395063,0.6363636363636364,3.212648022171832,0.4823529411764706
Concrete,concrete,0.00085,0.0,6,9,0.543663360326883,3.917863441672966,0.6578947368421053,2.6641471403376165,0.3695652173913043
Concrete,concrete,0.00085,0.0,7,8,0.18293739452741808,1.0970017636684304,0.125,1.7238599143361049,0.21153846153846154
Concrete,concrete,0.00085,0.0,7,9,0.1590085817233227,1.3320735701688082,0.1559633027522936,1.6455026455026456,0.2
Concrete,concrete,0.00085,0.0,8,9,0.39168678082794106,3.7611489040060473,0.6153846153846154,2.507432602670698,0.3404255319148936
Concrete,concrete,0.0007,0.0,0,1,0.288776160339595,1.253716301335349,0.14545454545454545,1.5671453766691863,0.18867924528301888
Concrete,concrete,0.0007,0.0,0,2,0.44320882036000336,1.488788107835727,0.17757009345794392,1.8805744520030236,0.23529411764705882
Concrete,concrete,0.0007,0.0,0,3,0.3544650689320197,2.037288989669942,0.26,1.8022171831695641,0.22330097087378642
Concrete,concrete,0.0007,0.0,0,4,0.5064037017774283,1.4104308390022677,0.16666666666666666,2.507432602670698,0.3404255319148936
Concrete,concrete,0.0007,0.0,0,5,0.4355867192576656,1.8022171831695641,0.22330097087378642,2.429075333837239,0.3263157894736842
Concrete,concrete,0.0007,0.0,0,6,0.5345932803502542,1.6455026455026456,0.2,2.429075333837239,0.3263157894736842
Concrete,concrete,0.0007,0.0,0,7,0.6908972267423551,2.2723607961703203,0.29896907216494845,3.291005291005291,0.5
Concrete,concrete,0.0007,0.0,0,8,0.39399405288938727,1.5671453766691863,0.18867924528301888,2.1156462585034013,0.2727272727272727
Concrete,concrete,0.0007,0.0,0,9,0.5136936097391497,1.4104308390022677,0.16666666666666666,2.5857898715041574,0.3548387096774194
Concrete,concrete,0.0007,0.0,1,2,0.4353393048244772,2.977576215671454,0.4318181818181818,2.2723607961703203,0.29896907216494845
Concrete,concrete,0.0007,0.0,1,3,0.25256257528146026,1.3320735701688082,0.1559633027522936,1.5671453766691863,0.18867924528301888
Concrete,concrete,0.0007,0.0,1,4,0.4805402240870685,3.8395061728395063,0.6363636363636364,2.5857898715041574,0.3548387096774194
Concrete,concrete,0.0007,0.0,1,5,0.4181093956194981,1.4104308390022677,0.16666666666666666,2.3507180650037793,0.3125
Concrete,concrete,0.0007,0.0,1,6,0.4557848496444645,2.8992189468379945,0.4157303370786517,2.2723607961703203,0.29896907216494845
Concrete,concrete,0.0007,0.0,1,7,0.19934954272912903,0.9402872260015118,0.10526315789473684,1.958931720836483,0.24752475247524752
Concrete,concrete,0.0007,0.0,1,8,0.3790387582217336,1.488788107835727,0.17757009345794392,2.037288989669942,0.26
Concrete,concrete,0.0007,0.0,1,9,0.542202328207241,3.996220710506425,0.68,2.8992189468379945,0.4157303370786517
Concrete,concrete,0.0007,0.0,2,3,0.417609323241084,1.488788107835727,0.17757009345794392,2.037288989669942,0.26
Concrete,concrete,0.0007,0.0,2,4,0.3974789041069117,2.8992189468379945,0.4157303370786517,2.037288989669942,0.26
Concrete,concrete,0.0007,0.0,2,5,0.5099499376571286,1.8805744520030236,0.23529411764705882,2.6641471403376165,0.3695652173913043
Concrete,concrete,0.0007,0.0,2,6,0.4319501064068849,2.742504409171076,0.38461538461538464,1.8022171831695641,0.22330097087378642
Concrete,concrete,0.0007,0.0,2,7,0.3924127858612944,1.5671453766691863,0.18867924528301888,1.958931720836483,0.24752475247524752
Concrete,concrete,0.0007,0.0,2,8,0.41420284025830006,2.2723607961703203,0.29896907216494845,2.2723607961703203,0.29896907216494845
Concrete,concrete,0.0007,0.0,2,9,0.49712578969454324,2.977576215671454,0.4318181818181818,2.3507180650037793,0.3125
Concrete,concrete,0.0007,0.0,3,4,0.22296728722971623,1.253716301335349,0.14545454545454545,1.7238599143361049,0.21153846153846154
Concrete,concrete,0.0007,0.0,3,5,0.32406851728766595,1.6455026455026456,0.2,2.1940035273368608,0.2857142857142857
Concrete,concrete,0.0007,0.0,3,6,0.40623506764570555,1.7238599143361049,0.21153846153846154,2.037288989669942,0.26
Concrete,concrete,0.0007,0.0,3,7,0.2830895169574143,1.3320735701688082,0.1559633027522936,1.8022171831695641,0.22330097087378642
Concrete,concrete,0.0007,0.0,3,8,0.32453244079899374,1.488788107835727,0.17757009345794392,1.8022171831695641,0.22330097087378642
Concrete,concrete,0.0007,0.0,3,9,0.2736149968554856,1.253716301335349,0.14545454545454545,1.958931720836483,0.24752475247524752
Concrete,concrete,0.0007,0.0,4,5,0.4192039727074881,1.5671453766691863,0.18867924528301888,2.429075333837239,0.3263157894736842
Concrete,concrete,0.0007,0.0,4,6,0.44674009602928455,2.977576215671454,0.4318181818181818,2.1156462585034013,0.2727272727272727
Concrete,concrete,0.0007,0.0,4,7,0.41733154344703177,1.253716301335349,0.14545454545454545,2.2723607961703203,0.29896907216494845
Concrete,concrete,0.0007,0.0,4,8,0.38001765602291854,1.7238599143361049,0.21153846153846154,2.2723607961703203,0.29896907216494845
Concrete,concrete,0.0007,0.0,4,9,0.5767284081909317,4.1529352481733435,0.726027397260274,2.742504409171076,0.38461538461538464
Concrete,concrete,0.0007,0.0,5,6,0.6093992449389813,1.8805744520030236,0.23529411764705882,2.8992189468379945,0.4157303370786517
Concrete,concrete,0.0007,0.0,5,7,0.3350427203706891,1.6455026455026456,0.2,1.8022171831695641,0.22330097087378642
Concrete,concrete,0.0007,0.0,5,8,0.4402138655014887,1.958931720836483,0.24752475247524752,2.1940035273368608,0.2857142857142857
Concrete,concrete,0.0007,0.0,5,9,0.4377945246612438,1.3320735701688082,0.1559633027522936,2.6641471403376165,0.3695652173913043
Concrete,concrete,0.0007,0.0,6,7,0.35520215367872787,1.5671453766691863,0.18867924528301888,1.8805744520030236,0.23529411764705882
Concrete,concrete,0.0007,0.0,6,8,0.31737225246282647,1.8022171831695641,0.22330097087378642,1.958931720836483,0.24752475247524752
Concrete,concrete,0.0007,0.0,6,9,0.5020003054670417,2.8992189468379945,0.4157303370786517,2.507432602670698,0.3404255319148936
Concrete,concrete,0.0007,0.0,7,8,0.4433145432670704,2.1156462585034013,0.2727272727272727,2.037288989669942,0.26
Concrete,concrete,0.0007,0.0,7,9,0.41203797972726774,1.018644494834971,0.11504424778761062,2.429075333837239,0.3263157894736842
Concrete,concrete,0.0007,0.0,8,9,0.3536317774446363,1.8022171831695641,0.22330097087378642,2.1940035273368608,0.2857142857142857
Concrete,concrete,0.0006,0.0,0,1,0.30659832613803856,1.253716301335349,0.14545454545454545,2.1940035273368608,0.2857142857142857
Concrete,concrete,0.0006,0.0,0,2,0.30303001227276954,1.018644494834971,0.11504424778761062,2.1940035273368608,0.2857142857142857
Concrete,concrete,0.0006,0.0,0,3,0.5939087066038472,2.037288989669942,0.26,2.742504409171076,0.38461538461538464
Concrete,concrete,0.0006,0.0,0,4,0.37451114436409866,1.5671453766691863,0.18867924528301888,2.1940035273368608,0.2857142857142857
Concrete,concrete,0.0006,0.0,0,5,0.33909720386540937,1.5671453766691863,0.18867924528301888,2.3507180650037793,0.3125
Concrete,concrete,0.0006,0.0,0,6,0.42394113035050957,1.3320735701688082,0.1559633027522936,2.1156462585034013,0.2727272727272727
Concrete,concrete,0.0006,0.0,0,7,0.38743082970683235,1.6455026455026456,0.2,2.429075333837239,0.3263157894736842
Concrete,concrete,0.0006,0.0,0,8,0.2258676505934923,1.488788107835727,0.17757009345794392,1.488788107835727,0.17757009345794392
Concrete,concrete,0.0006,0.0,0,9,0.19712933697910914,1.3320735701688082,0.1559633027522936,1.6455026455026456,0.2
Concrete,concrete,0.0006,0.0,1,2,0.29955919185778257,1.5671453766691863,0.18867924528301888,1.7238599143361049,0.21153846153846154
Concrete,concrete,0.0006,0.0,1,3,0.44238765280413167,1.4104308390022677,0.16666666666666666,2.507432602670698,0.3404255319148936
Concrete,concrete,0.0006,0.0,1,4,0.5409053867807285,3.291005291005291,0.5,2.742504409171076,0.38461538461538464
Concrete,concrete,0.0006,0.0,1,5,0.5694516395677939,3.682791635172588,0.5949367088607594,2.977576215671454,0.4318181818181818
Concrete,concrete,0.0006,0.0,1,6,0.40674218362694947,2.977576215671454,0.4318181818181818,2.507432602670698,0.3404255319148936
Concrete,concrete,0.0006,0.0,1,7,0.5623389971336341,3.5260770975056692,0.5555555555555556,2.6641471403376165,0.3695652173913043
Concrete,concrete,0.0006,0.0,1,8,0.6010028106184758,3.4477198286722097,0.5365853658536586,2.8208616780045355,0.4
Concrete,concrete,0.0006,0.0,1,9,0.4823845667836191,3.8395061728395063,0.6363636363636364,2.2723607961703203,0.29896907216494845
Concrete,concrete,0.0006,0.0,2,3,0.580652792986691,1.958931720836483,0.24752475247524752,2.742504409171076,0.38461538461538464
Concrete,concrete,0.0006,0.0,2,4,0.49402090896391865,1.8022171831695641,0.22330097087378642,2.6641471403376165,0.3695652173913043
Concrete,concrete,0.0006,0.0,2,5,0.3085808159920436,1.4104308390022677,0.16666666666666666,1.8022171831695641,0.22330097087378642
Concrete,concrete,0.0006,0.0,2,6,0.37957837462749033,1.5671453766691863,0.18867924528301888,2.2723607961703203,0.29896907216494845
Concrete,concrete,0.0006,0.0,2,7,0.4666173623310668,1.488788107835727,0.17757009345794392,2.742504409171076,0.38461538461538464
Concrete,concrete,0.0006,0.0,2,8,0.36371487572441064,1.488788107835727,0.17757009345794392,2.1940035273368608,0.2857142857142857
Concrete,concrete,0.0006,0.0,2,9,0.306235109584403,1.488788107835727,0.17757009345794392,2.037288989669942,0.26
Concrete,concrete,0.0006,0.0,3,4,0.5306139712730801,1.958931720836483,0.24752475247524752,2.6641471403376165,0.3695652173913043
Concrete,concrete,0.0006,0.0,3,5,0.4334151950684319,1.488788107835727,0.17757009345794392,2.429075333837239,0.3263157894736842
Concrete,concrete,0.0006,0.0,3,6,0.43945072485159486,1.6455026455026456,0.2,2.2723607961703203,0.29896907216494845
Concrete,concrete,0.0006,0.0,3,7,0.45105316930554384,1.3320735701688082,0.1559633027522936,2.037288989669942,0.26
Concrete,concrete,0.0006,0.0,3,8,0.4130325528997046,1.4104308390022677,0.16666666666666666,1.958931720836483,0.24752475247524752
Concrete,concrete,0.0006,0.0,3,9,0.36757676954385177,1.3320735701688082,0.1559633027522936,1.958931720836483,0.24752475247524752
Concrete,concrete,0.0006,0.0,4,5,0.4456078034640166,3.4477198286722097,0.5365853658536586,2.6641471403376165,0.3695652173913043
Concrete,concrete,0.0006,0.0,4,6,0.5893842460255466,3.6044343663391283,0.575,2.977576215671454,0.4318181818181818
Concrete,concrete,0.0006,0.0,4,7,0.5217001622998477,3.291005291005291,0.5,2.8992189468379945,0.4157303370786517
Concrete,concrete,0.0006,0.0,4,8,0.4850996344064716,3.3693625598387507,0.5180722891566265,2.5857898715041574,0.3548387096774194
Concrete,concrete,0.0006,0.0,4,9,0.4574855907234302,3.055933484504913,0.4482758620689655,2.3507180650037793,0.3125
Concrete,concrete,0.0006,0.0,5,6,0.32683765229889933,3.291005291005291,0.5,2.2723607961703203,0.29896907216494845
Concrete,concrete,0.0006,0.0,5,7,0.5193731228785018,4.2312925170068025,0.75,2.5857898715041574,0.3548387096774194
Concrete,concrete,0.0006,0.0,5,8,0.6115177984120495,4.2312925170068025,0.75,3.055933484504913,0.4482758620689655
Concrete,concrete,0.0006,0.0,5,9,0.5476542828392745,3.4477198286722097,0.5365853658536586,2.6641471403376165,0.3695652173913043
Concrete,concrete,0.0006,0.0,6,7,0.391653890934451,3.3693625598387507,0.5180722891566265,2.2723607961703203,0.29896907216494845
Concrete,concrete,0.0006,0.0,6,8,0.49519384634850583,3.4477198286722097,0.5365853658536586,2.8992189468379945,0.4157303370786517
Concrete,concrete,0.0006,0.0,6,9,0.30802802888569014,2.977576215671454,0.4318181818181818,1.8805744520030236,0.23529411764705882
Concrete,concrete,0.0006,0.0,7,8,0.5991255092320401,4.074577979339884,0.7027027027027027,2.5857898715041574,0.3548387096774194
Concrete,concrete,0.0006,0.0,7,9,0.5312836123724382,3.4477198286722097,0.5365853658536586,2.5857898715041574,0.3548387096774194
Concrete,concrete,0.0006,0.0,8,9,0.547917078633982,3.6044343663391283,0.575,2.742504409171076,0.38461538461538464
Concrete,concrete,0.0005,0.0,0,1,0.45185133721278525,1.488788107835727,0.17757009345794392,2.6641471403376165,0.3695652173913043
Concrete,concrete,0.0005,0.0,0,2,0.3419542714024117,1.488788107835727,0.17757009345794392,2.1940035273368608,0.2857142857142857
Concrete,concrete,0.0005,0.0,0,3,0.379271757878269,1.8805744520030236,0.23529411764705882,2.037288989669942,0.26
Concrete,concrete,0.0005,0.0,0,4,0.35225644610895157,1.5671453766691863,0.18867924528301888,2.1156462585034013,0.2727272727272727
Concrete,concrete,0.0005,0.0,0,5,0.6147224063374245,2.429075333837239,0.3263157894736842,2.5857898715041574,0.3548387096774194
Concrete,concrete,0.0005,0.0,0,6,0.2378123143028991,1.4104308390022677,0.16666666666666666,1.7238599143361049,0.21153846153846154
Concrete,concrete,0.0005,0.0,0,7,0.5793706702005442,2.3507180650037793,0.3125,2.8992189468379945,0.4157303370786517
Concrete,concrete,0.0005,0.0,0,8,0.5729232581571586,2.742504409171076,0.38461538461538464,2.429075333837239,0.3263157894736842
Concrete,concrete,0.0005,0.0,0,9,0.31033144831668763,1.4104308390022677,0.16666666666666666,1.958931720836483,0.24752475247524752
Concrete,concrete,0.0005,0.0,1,2,0.40885636978013573,3.682791635172588,0.5949367088607594,2.037288989669942,0.26
Concrete,concrete,0.0005,0.0,1,3,0.4245523574765734,2.5857898715041574,0.3548387096774194,2.3507180650037793,0.3125
Concrete,concrete,0.0005,0.0,1,4,0.4710230881786313,4.1529352481733435,0.726027397260274,2.1156462585034013,0.2727272727272727
Concrete,concrete,0.0005,0.0,1,5,0.3680288778137603,1.5671453766691863,0.18867924528301888,2.1156462585034013,0.2727272727272727
Concrete,concrete,0.0005,0.0,1,6,0.5299142465752317,3.996220710506425,0.68,2.429075333837239,0.3263157894736842
Concrete,concrete,0.0005,0.0,1,7,0.36449000011273025,1.7238599143361049,0.21153846153846154,2.3507180650037793,0.3125
Concrete,concrete,0.0005,0.0,1,8,0.36994444745918287,1.8022171831695641,0.22330097087378642,2.5857898715041574,0.3548387096774194
Concrete,concrete,0.0005,0.0,1,9,0.47202288266851783,3.212648022171832,0.4823529411764706,2.507432602670698,0.3404255319148936
Concrete,concrete,0.0005,0.0,2,3,0.3692206424975295,3.1342907533383726,0.46511627906976744,2.2723607961703203,0.29896907216494845
Concrete,concrete,0.0005,0.0,2,4,0.44647329250816564,3.917863441672966,0.6578947368421053,2.429075333837239,0.3263157894736842
Concrete,concrete,0.0005,0.0,2,5,0.33522432526313994,1.6455026455026456,0.2,1.958931720836483,0.24752475247524752
Concrete,concrete,0.0005,0.0,2,6,0.19633433647848864,3.6044343663391283,0.575,1.6455026455026456,0.2
Concrete,concrete,0.0005,0.0,2,7,0.2896283385888992,1.7238599143361049,0.21153846153846154,1.7238599143361049,0.21153846153846154
Concrete,concrete,0.0005,0.0,2,8,0.22063191005969127,1.7238599143361049,0.21153846153846154,1.7238599143361049,0.21153846153846154
Concrete,concrete,0.0005,0.0,2,9,0.2351698895302784,3.291005291005291,0.5,1.7238599143361049,0.21153846153846154
Concrete,concrete,0.0005,0.0,3,4,0.345841657608554,2.8992189468379945,0.4157303370786517,2.1940035273368608,0.2857142857142857
Concrete,concrete,0.0005,0.0,3,5,0.3841427438202439,1.8805744520030236,0.23529411764705882,1.8805744520030236,0.23529411764705882
Concrete,concrete,0.0005,0.0,3,6,0.3263578058568977,2.8208616780045355,0.4,1.958931720836483,0.24752475247524752
Concrete,concrete,0.0005,0.0,3,7,0.28081420196299084,1.3320735701688082,0.1559633027522936,1.8805744520030236,0.23529411764705882
Concrete,concrete,0.0005,0.0,3,8,0.38522062205379387,2.2723607961703203,0.29896907216494845,1.958931720836483,0.24752475247524752
Concrete,concrete,0.0005,0.0,3,9,0.31241340089453895,2.8992189468379945,0.4157303370786517,1.958931720836483,0.24752475247524752
Concrete,concrete,0.0005,0.0,4,5,0.3005088593689271,1.5671453766691863,0.18867924528301888,1.8022171831695641,0.22330097087378642
Concrete,concrete,0.0005,0.0,4,6,0.27712234430409427,4.074577979339884,0.7027027027027027,1.4104308390022677,0.16666666666666666
Concrete,concrete,0.0005,0.0,4,7,0.3216642421861365,1.8022171831695641,0.22330097087378642,1.8805744520030236,0.23529411764705882
Concrete,concrete,0.0005,0.0,4,8,0.2875265225262956,1.8022171831695641,0.22330097087378642,1.7238599143361049,0.21153846153846154
Concrete,concrete,0.0005,0.0,4,9,0.33531318083770045,3.212648022171832,0.4823529411764706,1.7238599143361049,0.21153846153846154
Concrete,concrete,0.0005,0.0,5,6,0.23567757438734316,1.3320735701688082,0.1559633027522936,1.7238599143361049,0.21153846153846154
Concrete,concrete,0.0005,0.0,5,7,0.48328306268978044,2.037288989669942,0.26,2.507432602670698,0.3404255319148936
Concrete,concrete,0.0005,0.0,5,8,0.7131247007640021,2.977576215671454,0.4318181818181818,3.1342907533383726,0.46511627906976744
Concrete,concrete,0.0005,0.0,5,9,0.31179604882925366,1.3320735701688082,0.1559633027522936,1.958931720836483,0.24752475247524752
Concrete,concrete,0.0005,0.0,6,7,0.21401059124558483,1.7238599143361049,0.21153846153846154,1.5671453766691863,0.18867924528301888
Concrete,concrete,0.0005,0.0,6,8,0.1810283754532018,1.5671453766691863,0.18867924528301888,1.8022171831695641,0.22330097087378642
Concrete,concrete,0.0005,0.0,6,9,0.5307135906764289,3.4477198286722097,0.5365853658536586,2.977576215671454,0.4318181818181818
Concrete,concrete,0.0005,0.0,7,8,0.44737040521414195,2.037288989669942,0.26,2.1940035273368608,0.2857142857142857
Concrete,concrete,0.0005,0.0,7,9,0.19682606056210913,1.7238599143361049,0.21153846153846154,1.5671453766691863,0.18867924528301888
Concrete,concrete,0.0005,0.0,8,9,0.19265525815846715,1.7238599143361049,0.21153846153846154,1.4104308390022677,0.16666666666666666
Concrete,concrete,0.00042,0.0,0,1,0.388473257585622,2.5857898715041574,0.3548387096774194,1.8022171831695641,0.22330097087378642
Concrete,concrete,0.00042,0.0,0,2,0.5759290917214469,3.3693625598387507,0.5180722891566265,2.6641471403376165,0.3695652173913043
Concrete,concrete,0.00042,0.0,0,3,0.2855315054157363,3.682791635172588,0.5949367088607594,1.958931720836483,0.24752475247524752
Concrete,concrete,0.00042,0.0,0,4,0.39805010475744856,3.7611489040060473,0.6153846153846154,2.2723607961703203,0.29896907216494845
Concrete,concrete,0.00042,0.0,0,5,0.5375658414215518,3.682791635172588,0.5949367088607594,2.742504409171076,0.38461538461538464
Concrete,concrete,0.00042,0.0,0,6,0.38739483213290277,3.6044343663391283,0.575,1.958931720836483,0.24752475247524752
Concrete,concrete,0.00042,0.0,0,7,0.599331621951793,3.212648022171832,0.4823529411764706,2.8208616780045355,0.4
Concrete,concrete,0.00042,0.0,0,8,0.4072911626110992,3.4477198286722097,0.5365853658536586,2.1156462585034013,0.2727272727272727
Concrete,concrete,0.00042,0.0,0,9,0.6432898550765072,3.5260770975056692,0.5555555555555556,2.8992189468379945,0.4157303370786517
Concrete,concrete,0.00042,0.0,1,2,0.45834077296580056,3.055933484504913,0.4482758620689655,1.8805744520030236,0.23529411764705882
Concrete,concrete,0.00042,0.0,1,3,0.27882405630785395,2.6641471403376165,0.3695652173913043,1.6455026455026456,0.2
Concrete,concrete,0.00042,0.0,1,4,0.37292119026180665,2.3507180650037793,0.3125,2.037288989669942,0.26
Concrete,concrete,0.00042,0.0,1,5,0.3761034692821323,2.8208616780045355,0.4,1.8022171831695641,0.22330097087378642
Concrete,concrete,0.00042,0.0,1,6,0.4192711064709973,2.8992189468379945,0.4157303370786517,1.5671453766691863,0.18867924528301888
Concrete,concrete,0.00042,0.0,1,7,0.556614004144829,2.429075333837239,0.3263157894736842,2.3507180650037793,0.3125
Concrete,concrete,0.00042,0.0,1,8,0.46945506863881026,2.8208616780045355,0.4,1.958931720836483,0.24752475247524752
Concrete,concrete,0.00042,0.0,1,9,0.3655548375216472,2.1156462585034013,0.2727272727272727,1.7238599143361049,0.21153846153846154
Concrete,concrete,0.00042,0.0,2,3,0.33900820025539363,3.8395061728395063,0.6363636363636364,2.5857898715041574,0.3548387096774194
Concrete,concrete,0.00042,0.0,2,4,0.4482433507489811,3.5260770975056692,0.5555555555555556,2.6641471403376165,0.3695652173913043
Concrete,concrete,0.00042,0.0,2,5,0.502502092460694,4.2312925170068025,0.75,2.8208616780045355,0.4
Concrete,concrete,0.00042,0.0,2,6,0.6043596093752882,4.2312925170068025,0.75,2.8208616780045355,0.4
Concrete,concrete,0.00042,0.0,2,7,0.5324750766493116,3.3693625598387507,0.5180722891566265,2.507432602670698,0.3404255319148936
Concrete,concrete,0.00042,0.0,2,8,0.5522629015305573,4.1529352481733435,0.726027397260274,2.8208616780045355,0.4
Concrete,concrete,0.00042,0.0,2,9,0.6357943104133336,3.212648022171832,0.4823529411764706,2.6641471403376165,0.3695652173913043
Concrete,concrete,0.00042,0.0,3,4,0.32120104099125685,3.7611489040060473,0.6153846153846154,2.429075333837239,0.3263157894736842
Concrete,concrete,0.00042,0.0,3,5,0.42172229246026505,3.996220710506425,0.68,2.507432602670698,0.3404255319148936
Concrete,concrete,0.00042,0.0,3,6,0.1829766369350045,4.1529352481733435,0.726027397260274,2.6641471403376165,0.3695652173913043
Concrete,concrete,0.00042,0.0,3,7,0.4400816024430447,3.291005291005291,0.5,2.1940035273368608,0.2857142857142857
Concrete,concrete,0.00042,0.0,3,8,0.4366413227072069,4.2312925170068025,0.75,3.291005291005291,0.5
Concrete,concrete,0.00042,0.0,3,9,0.4302269294694405,3.3693625598387507,0.5180722891566265,2.037288989669942,0.26
Concrete,concrete,0.00042,0.0,4,5,0.4212408045740653,3.8395061728395063,0.6363636363636364,2.6641471403376165,0.3695652173913043
Concrete,concrete,0.00042,0.0,4,6,0.46607848051231193,3.7611489040060473,0.6153846153846154,2.507432602670698,0.3404255319148936
Concrete,concrete,0.00042,0.0,4,7,0.5010832726109249,3.1342907533383726,0.46511627906976744,2.5857898715041574,0.3548387096774194
Concrete,concrete,0.00042,0.0,4,8,0.46131928792231197,3.8395061728395063,0.6363636363636364,2.3507180650037793,0.3125
Concrete,concrete,0.00042,0.0,4,9,0.35915813369297006,3.4477198286722097,0.5365853658536586,2.1940035273368608,0.2857142857142857
Concrete,concrete,0.00042,0.0,5,6,0.36086066048586035,4.3096497858402625,0.7746478873239436,2.1940035273368608,0.2857142857142857
Concrete,concrete,0.00042,0.0,5,7,0.6457574849723606,3.4477198286722097,0.5365853658536586,2.8208616780045355,0.4
Concrete,concrete,0.00042,0.0,5,8,0.5057887694346592,4.3096497858402625,0.7746478873239436,2.6641471403376165,0.3695652173913043
Concrete,concrete,0.00042,0.0,5,9,0.5956054580894544,3.3693625598387507,0.5180722891566265,2.742504409171076,0.38461538461538464
Concrete,concrete,0.00042,0.0,6,7,0.4342355156415145,3.4477198286722097,0.5365853658536586,1.6455026455026456,0.2
Concrete,concrete,0.00042,0.0,6,8,0.49057834402952755,4.6230788611741,0.8805970149253731,2.977576215671454,0.4318181818181818
Concrete,concrete,0.00042,0.0,6,9,0.5160155021233482,3.291005291005291,0.5,1.958931720836483,0.24752475247524752
Concrete,concrete,0.00042,0.0,7,8,0.5725794920737353,3.4477198286722097,0.5365853658536586,2.1940035273368608,0.2857142857142857
Concrete,concrete,0.00042,0.0,7,9,0.6207665503763893,3.5260770975056692,0.5555555555555556,2.742504409171076,0.38461538461538464
Concrete,concrete,0.00042,0.0,8,9,0.6140856761114828,3.212648022171832,0.4823529411764706,2.429075333837239,0.3263157894736842
Concrete,concrete,0.00035,0.0,0,1,0.5189987878159946,4.1529352481733435,0.726027397260274,3.1342907533383726,0.46511627906976744
Concrete,concrete,0.00035,0.0,0,2,0.3267015743196365,3.6044343663391283,0.575,2.037288989669942,0.26
Concrete,concrete,0.00035,0.0,0,3,0.584003534474909,4.074577979339884,0.7027027027027027,2.1940035273368608,0.2857142857142857
Concrete,concrete,0.00035,0.0,0,4,0.5800074293095931,4.466364323507181,0.8260869565217391,3.682791635172588,0.5949367088607594
Concrete,concrete,0.00035,0.0,0,5,0.584146126653712,4.3880070546737215,0.8,3.291005291005291,0.5
Concrete,concrete,0.00035,0.0,0,6,0.4593750422295497,2.977576215671454,0.4318181818181818,2.2723607961703203,0.29896907216494845
Concrete,concrete,0.00035,0.0,0,7,0.456718337575678,3.682791635172588,0.5949367088607594,2.1940035273368608,0.2857142857142857
Concrete,concrete,0.00035,0.0,0,8,0.3732424071316171,2.8992189468379945,0.4157303370786517,1.8805744520030236,0.23529411764705882
Concrete,concrete,0.00035,0.0,0,9,0.47824868732400183,2.742504409171076,0.38461538461538464,2.1940035273368608,0.2857142857142857
Concrete,concrete,0.00035,0.0,1,2,0.3342880169723049,3.8395061728395063,0.6363636363636364,2.1156462585034013,0.2727272727272727
Concrete,concrete,0.00035,0.0,1,3,0.4926060997361159,3.996220710506425,0.68,2.037288989669942,0.26
Concrete,concrete,0.00035,0.0,1,4,0.6122384454644876,4.3096497858402625,0.7746478873239436,3.1342907533383726,0.46511627906976744
Concrete,concrete,0.00035,0.0,1,5,0.5643575785456193,4.074577979339884,0.7027027027027027,2.8992189468379945,0.4157303370786517
Concrete,concrete,0.00035,0.0,1,6,0.44726231506211855,3.291005291005291,0.5,2.1156462585034013,0.2727272727272727
Concrete,concrete,0.00035,0.0,1,7,0.48586314813586334,3.996220710506425,0.68,2.429075333837239,0.3263157894736842
Concrete,concrete,0.00035,0.0,1,8,0.47016548901159394,3.4477198286722097,0.5365853658536586,2.3507180650037793,0.3125
Concrete,concrete,0.00035,0.0,1,9,0.4058587008804184,2.977576215671454,0.4318181818181818,1.8805744520030236,0.23529411764705882
Concrete,concrete,0.00035,0.0,2,3,0.2626115825366119,4.074577979339884,0.7027027027027027,1.5671453766691863,0.18867924528301888
Concrete,concrete,0.00035,0.0,2,4,0.19807437988471513,3.5260770975056692,0.5555555555555556,1.8022171831695641,0.22330097087378642
Concrete,concrete,0.00035,0.0,2,5,0.31614482116435166,3.7611489040060473,0.6153846153846154,2.1156462585034013,0.2727272727272727
Concrete,concrete,0.00035,0.0,2,6,0.34203612262338273,3.682791635172588,0.5949367088607594,2.3507180650037793,0.3125
Concrete,concrete,0.00035,0.0,2,7,0.33234723945647837,4.3096497858402625,0.7746478873239436,2.2723607961703203,0.29896907216494845
Concrete,concrete,0.00035,0.0,2,8,0.32545064932416445,3.4477198286722097,0.5365853658536586,2.037288989669942,0.26
Concrete,concrete,0.00035,0.0,2,9,0.4169219207035169,3.4477198286722097,0.5365853658536586,2.742504409171076,0.38461538461538464
Concrete,concrete,0.00035,0.0,3,4,0.5410104405612521,3.996220710506425,0.68,1.8022171831695641,0.22330097087378642
Concrete,concrete,0.00035,0.0,3,5,0.45415299128368813,3.682791635172588,0.5949367088607594,1.8022171831695641,0.22330097087378642
Concrete,concrete,0.00035,0.0,3,6,0.42896788497125893,3.291005291005291,0.5,2.037288989669942,0.26
Concrete,concrete,0.00035,0.0,3,7,0.4840579586762715,4.074577979339884,0.7027027027027027,2.429075333837239,0.3263157894736842
Concrete,concrete,0.00035,0.0,3,8,0.2956914008450779,3.055933484504913,0.4482758620689655,1.8022171831695641,0.22330097087378642
Concrete,concrete,0.00035,0.0,3,9,0.46850337712926743,3.1342907533383726,0.46511627906976744,2.429075333837239,0.3263157894736842
Concrete,concrete,0.00035,0.0,4,5,0.5515151389567943,4.3096497858402625,0.7746478873239436,3.055933484504913,0.4482758620689655
Concrete,concrete,0.00035,0.0,4,6,0.4266198547515516,3.291005291005291,0.5,1.958931720836483,0.24752475247524752
Concrete,concrete,0.00035,0.0,4,7,0.4812621102929339,3.7611489040060473,0.6153846153846154,1.8805744520030236,0.23529411764705882
Concrete,concrete,0.00035,0.0,4,8,0.2611094035870046,3.055933484504913,0.4482758620689655,1.7238599143361049,0.21153846153846154
Concrete,concrete,0.00035,0.0,4,9,0.4231234953708964,2.977576215671454,0.4318181818181818,1.8805744520030236,0.23529411764705882
Concrete,concrete,0.00035,0.0,5,6,0.435481687968687,3.291005291005291,0.5,2.1940035273368608,0.2857142857142857
Concrete,concrete,0.00035,0.0,5,7,0.40425857996120784,3.6044343663391283,0.575,2.037288989669942,0.26
Concrete,concrete,0.00035,0.0,5,8,0.3908969586523566,3.1342907533383726,0.46511627906976744,1.958931720836483,0.24752475247524752
Concrete,concrete,0.00035,0.0,5,9,0.3241954138266004,2.8992189468379945,0.4157303370786517,1.8022171831695641,0.22330097087378642
Concrete,concrete,0.00035,0.0,6,7,0.5950769015893395,3.6044343663391283,0.575,2.977576215671454,0.4318181818181818
Concrete,concrete,0.00035,0.0,6,8,0.49030348839742344,3.7611489040060473,0.6153846153846154,2.3507180650037793,0.3125
Concrete,concrete,0.00035,0.0,6,9,0.5606188229090416,4.1529352481733435,0.726027397260274,2.507432602670698,0.3404255319148936
Concrete,concrete,0.00035,0.0,7,8,0.44525391521366636,3.212648022171832,0.4823529411764706,2.742504409171076,0.38461538461538464
Concrete,concrete,0.00035,0.0,7,9,0.5778040719407954,3.291005291005291,0.5,2.8992189468379945,0.4157303370786517
Concrete,concrete,0.00035,0.0,8,9,0.3525715951926462,3.682791635172588,0.5949367088607594,2.1156462585034013,0.2727272727272727
Concrete,concrete,0.0003,0.0,0,1,0.4726247070456272,2.8992189468379945,0.4157303370786517,2.1940035273368608,0.2857142857142857
Concrete,concrete,0.0003,0.0,0,2,0.5132269643233082,2.742504409171076,0.38461538461538464,2.5857898715041574,0.3548387096774194
Concrete,concrete,0.0003,0.0,0,3,0.6199542325729375,2.977576215671454,0.4318181818181818,2.742504409171076,0.38461538461538464
Concrete,concrete,0.0003,0.0,0,4,0.5419763918111851,2.6641471403376165,0.3695652173913043,2.6641471403376165,0.3695652173913043
Concrete,concrete,0.0003,0.0,0,5,0.459812258334098,2.429075333837239,0.3263157894736842,1.8805744520030236,0.23529411764705882
Concrete,concrete,0.0003,0.0,0,6,0.608714733801068,2.3507180650037793,0.3125,2.977576215671454,0.4318181818181818
Concrete,concrete,0.0003,0.0,0,7,0.41525108710842085,2.3507180650037793,0.3125,1.8805744520030236,0.23529411764705882
Concrete,concrete,0.0003,0.0,0,8,0.47722317186645924,2.742504409171076,0.38461538461538464,2.2723607961703203,0.29896907216494845
Concrete,concrete,0.0003,0.0,0,9,0.1488228778337415,2.037288989669942,0.26,1.7238599143361049,0.21153846153846154
Concrete,concrete,0.0003,0.0,1,2,0.16825609912197573,3.055933484504913,0.4482758620689655,1.5671453766691863,0.18867924528301888
Concrete,concrete,0.0003,0.0,1,3,0.4644287836429554,2.429075333837239,0.3263157894736842,2.2723607961703203,0.29896907216494845
Concrete,concrete,0.0003,0.0,1,4,0.580874692423662,3.4477198286722097,0.5365853658536586,2.977576215671454,0.4318181818181818
Concrete,concrete,0.0003,0.0,1,5,0.3682654294033437,3.1342907533383726,0.46511627906976744,2.1156462585034013,0.2727272727272727
Concrete,concrete,0.0003,0.0,1,6,0.4013748787333694,3.291005291005291,0.5,2.429075333837239,0.3263157894736842
Concrete,concrete,0.0003,0.0,1,7,0.45240876806580527,2.977576215671454,0.4318181818181818,2.1156462585034013,0.2727272727272727
Concrete,concrete,0.0003,0.0,1,8,0.5780337386828813,3.5260770975056692,0.5555555555555556,3.055933484504913,0.4482758620689655
Concrete,concrete,0.0003,0.0,1,9,0.4095922056451443,3.212648022171832,0.4823529411764706,2.507432602670698,0.3404255319148936
Concrete,concrete,0.0003,0.0,2,3,0.31807268246299714,2.6641471403376165,0.3695652173913043,2.1940035273368608,0.2857142857142857
Concrete,concrete,0.0003,0.0,2,4,0.25731894136764,3.212648022171832,0.4823529411764706,1.8805744520030236,0.23529411764705882
Concrete,concrete,0.0003,0.0,2,5,0.3239650402963192,3.1342907533383726,0.46511627906976744,1.8022171831695641,0.22330097087378642
Concrete,concrete,0.0003,0.0,2,6,0.4780208234247901,3.4477198286722097,0.5365853658536586,2.8208616780045355,0.4
Concrete,concrete,0.0003,0.0,2,7,0.3190140583543907,3.055933484504913,0.4482758620689655,1.7238599143361049,0.21153846153846154
Concrete,concrete,0.0003,0.0,2,8,0.19431887481422475,3.1342907533383726,0.46511627906976744,1.5671453766691863,0.18867924528301888
Concrete,concrete,0.0003,0.0,2,9,0.055042993353135936,2.8992189468379945,0.4157303370786517,1.1753590325018897,0.13513513513513514
Concrete,concrete,0.0003,0.0,3,4,0.2976343010637039,1.958931720836483,0.24752475247524752,1.8022171831695641,0.22330097087378642
Concrete,concrete,0.0003,0.0,3,5,0.33862282191782783,2.037288989669942,0.26,1.8805744520030236,0.23529411764705882
Concrete,concrete,0.0003,0.0,3,6,0.3807128169257225,2.1156462585034013,0.2727272727272727,1.8805744520030236,0.23529411764705882
Concrete,concrete,0.0003,0.0,3,7,0.3861820520586669,1.958931720836483,0.24752475247524752,2.1156462585034013,0.2727272727272727
Concrete,concrete,0.0003,0.0,3,8,0.4159232808703385,2.3507180650037793,0.3125,2.1940035273368608,0.2857142857142857
Concrete,concrete,0.0003,0.0,3,9,0.14557858716020908,1.8022171831695641,0.22330097087378642,1.5671453766691863,0.18867924528301888
Concrete,concrete,0.0003,0.0,4,5,0.4168274809115503,3.917863441672966,0.6578947368421053,2.1156462585034013,0.2727272727272727
Concrete,concrete,0.0003,0.0,4,6,0.49781202618785414,3.4477198286722097,0.5365853658536586,2.429075333837239,0.3263157894736842
Concrete,concrete,0.0003,0.0,4,7,0.331933750765208,3.8395061728395063,0.6363636363636364,1.6455026455026456,0.2
Concrete,concrete,0.0003,0.0,4,8,0.3966910933790092,3.1342907533383726,0.46511627906976744,2.2723607961703203,0.29896907216494845
Concrete,concrete,0.0003,0.0,4,9,0.36554164747781703,3.7611489040060473,0.6153846153846154,2.507432602670698,0.3404255319148936
Concrete,concrete,0.0003,0.0,5,6,0.6281535799264573,4.1529352481733435,0.726027397260274,2.3507180650037793,0.3125
Concrete,concrete,0.0003,0.0,5,7,0.577732997133605,4.3880070546737215,0.8,3.3693625598387507,0.5180722891566265
Concrete,concrete,0.0003,0.0,5,8,0.4584138751281835,2.977576215671454,0.4318181818181818,1.958931720836483,0.24752475247524752
Concrete,concrete,0.0003,0.0,5,9,0.22131676810918754,3.917863441672966,0.6578947368421053,1.8805744520030236,0.23529411764705882
Concrete,concrete,0.0003,0.0,6,7,0.47055277868200757,3.917863441672966,0.6578947368421053,2.037288989669942,0.26
Concrete,concrete,0.0003,0.0,6,8,0.49997177474047366,2.977576215671454,0.4318181818181818,2.6641471403376165,0.3695652173913043
Concrete,concrete,0.0003,0.0,6,9,0.13160942531338302,3.7611489040060473,0.6153846153846154,1.6455026455026456,0.2
Concrete,concrete,0.0003,0.0,7,8,0.5404487511204609,3.055933484504913,0.4482758620689655,2.1940035273368608,0.2857142857142857
Concrete,concrete,0.0003,0.0,7,9,0.24414126439498918,4.074577979339884,0.7027027027027027,1.8805744520030236,0.23529411764705882
Concrete,concrete,0.0003,0.0,8,9,0.3434573902323873,2.8208616780045355,0.4,2.2723607961703203,0.29896907216494845
Concrete,concrete,0.00025,0.0,0,1,0.1472942896976287,3.7611489040060473,0.6153846153846154,1.5671453766691863,0.18867924528301888
Concrete,concrete,0.00025,0.0,0,2,0.31895862256923735,2.8992189468379945,0.4157303370786517,1.5671453766691863,0.18867924528301888
Concrete,concrete,0.00025,0.0,0,3,-0.01290832826833846,3.4477198286722097,0.5365853658536586,1.1753590325018897,0.13513513513513514
Concrete,concrete,0.00025,0.0,0,4,0.3432076839834773,3.682791635172588,0.5949367088607594,1.3320735701688082,0.1559633027522936
Concrete,concrete,0.00025,0.0,0,5,0.20948708219249967,3.5260770975056692,0.5555555555555556,2.1156462585034013,0.2727272727272727
Concrete,concrete,0.00025,0.0,0,6,0.2994103635935464,4.074577979339884,0.7027027027027027,3.055933484504913,0.4482758620689655
Concrete,concrete,0.00025,0.0,0,7,0.3032605228992429,4.466364323507181,0.8260869565217391,2.977576215671454,0.4318181818181818
Concrete,concrete,0.00025,0.0,0,8,0.49793914616715856,3.3693625598387507,0.5180722891566265,1.5671453766691863,0.18867924528301888
Concrete,concrete,0.00025,0.0,0,9,0.2051485525022358,3.8395061728395063,0.6363636363636364,2.037288989669942,0.26
Concrete,concrete,0.00025,0.0,1,2,0.22062647706353092,3.3693625598387507,0.5180722891566265,2.037288989669942,0.26
Concrete,concrete,0.00025,0.0,1,3,0.20474118476587624,3.996220710506425,0.68,1.8022171831695641,0.22330097087378642
Concrete,concrete,0.00025,0.0,1,4,0.31832233983228353,4.2312925170068025,0.75,2.1156462585034013,0.2727272727272727
Concrete,concrete,0.00025,0.0,1,5,0.17438990610068383,4.2312925170068025,0.75,1.958931720836483,0.24752475247524752
Concrete,concrete,0.00025,0.0,1,6,0.33493206938609565,4.2312925170068025,0.75,2.2723607961703203,0.29896907216494845
Concrete,concrete,0.00025,0.0,1,7,0.21518446808794042,3.917863441672966,0.6578947368421053,2.1940035273368608,0.2857142857142857
Concrete,concrete,0.00025,0.0,1,8,0.2771029513995082,3.5260770975056692,0.5555555555555556,1.958931720836483,0.24752475247524752
Concrete,concrete,0.00025,0.0,1,9,0.129027589427981,4.074577979339884,0.7027027027027027,1.8805744520030236,0.23529411764705882
Concrete,concrete,0.00025,0.0,2,3,0.44308810715012054,3.682791635172588,0.5949367088607594,2.1940035273368608,0.2857142857142857
Concrete,concrete,0.00025,0.0,2,4,0.41940724568438104,3.212648022171832,0.4823529411764706,2.429075333837239,0.3263157894736842
Concrete,concrete,0.00025,0.0,2,5,0.458726443666646,3.5260770975056692,0.5555555555555556,2.1940035273368608,0.2857142857142857
Concrete,concrete,0.00025,0.0,2,6,0.5293758722936661,3.291005291005291,0.5,2.1156462585034013,0.2727272727272727
Concrete,concrete,0.00025,0.0,2,7,0.5092530058292251,2.977576215671454,0.4318181818181818,2.1940035273368608,0.2857142857142857
Concrete,concrete,0.00025,0.0,2,8,0.3957618912524725,3.3693625598387507,0.5180722891566265,2.1156462585034013,0.2727272727272727
Concrete,concrete,0.00025,0.0,2,9,0.2941298936036574,3.4477198286722097,0.5365853658536586,1.8805744520030236,0.23529411764705882
Concrete,concrete,0.00025,0.0,3,4,0.3602744730283076,3.7611489040060473,0.6153846153846154,2.037288989669942,0.26
Concrete,concrete,0.00025,0.0,3,5,0.3463484693649121,3.8395061728395063,0.6363636363636364,1.8805744520030236,0.23529411764705882
Concrete,concrete,0.00025,0.0,3,6,0.508014774946076,3.996220710506425,0.68,2.1156462585034013,0.2727272727272727
Concrete,concrete,0.00025,0.0,3,7,0.37439569398732647,3.6044343663391283,0.575,1.8805744520030236,0.23529411764705882
Concrete,concrete,0.00025,0.0,3,8,0.1625555762527138,3.212648022171832,0.4823529411764706,1.8022171831695641,0.22330097087378642
Concrete,concrete,0.00025,0.0,3,9,0.27418942148166053,4.2312925170068025,0.75,2.1940035273368608,0.2857142857142857
Concrete,concrete,0.00025,0.0,4,5,0.3886724390080911,4.074577979339884,0.7027027027027027,2.1940035273368608,0.2857142857142857
Concrete,concrete,0.00025,0.0,4,6,0.5591042836609401,4.074577979339884,0.7027027027027027,2.1156462585034013,0.2727272727272727
Concrete,concrete,0.00025,0.0,4,7,0.3884149462251397,3.917863441672966,0.6578947368421053,1.8805744520030236,0.23529411764705882
Concrete,concrete,0.00025,0.0,4,8,0.45247834349508986,3.5260770975056692,0.5555555555555556,2.429075333837239,0.3263157894736842
Concrete,concrete,0.00025,0.0,4,9,0.503100446978587,3.8395061728395063,0.6363636363636364,2.429075333837239,0.3263157894736842
Concrete,concrete,0.00025,0.0,5,6,0.4957859484685734,4.1529352481733435,0.726027397260274,2.8208616780045355,0.4
Concrete,concrete,0.00025,0.0,5,7,0.31108251766262307,3.8395061728395063,0.6363636363636364,2.6641471403376165,0.3695652173913043
Concrete,concrete,0.00025,0.0,5,8,0.3235532008156123,3.3693625598387507,0.5180722891566265,2.037288989669942,0.26
Concrete,concrete,0.00025,0.0,5,9,0.16039410018567277,3.917863441672966,0.6578947368421053,2.2723607961703203,0.29896907216494845
Concrete,concrete,0.00025,0.0,6,7,0.5599165478630734,4.2312925170068025,0.75,3.291005291005291,0.5
Concrete,concrete,0.00025,0.0,6,8,0.38332567330902195,3.917863441672966,0.6578947368421053,2.429075333837239,0.3263157894736842
Concrete,concrete,0.00025,0.0,6,9,0.3193622227144514,4.3880070546737215,0.8,2.5857898715041574,0.3548387096774194
Concrete,concrete,0.00025,0.0,7,8,0.2508925065564617,3.291005291005291,0.5,1.3320735701688082,0.1559633027522936
Concrete,concrete,0.00025,0.0,7,9,0.5617123131051024,3.917863441672966,0.6578947368421053,2.5857898715041574,0.3548387096774194
Concrete,concrete,0.00025,0.0,8,9,0.2631738950750059,3.5260770975056692,0.5555555555555556,2.1940035273368608,0.2857142857142857
Concrete,concrete,0.0002,0.0,0,1,0.4970823685440636,3.3693625598387507,0.5180722891566265,2.037288989669942,0.26
Concrete,concrete,0.0002,0.0,0,2,0.5454020780145851,3.3693625598387507,0.5180722891566265,2.3507180650037793,0.3125
Concrete,concrete,0.0002,0.0,0,3,0.6307709887614711,3.7611489040060473,0.6153846153846154,2.8208616780045355,0.4
Concrete,concrete,0.0002,0.0,0,4,0.41000880823563135,3.7611489040060473,0.6153846153846154,2.8208616780045355,0.4
Concrete,concrete,0.0002,0.0,0,5,0.3905684833422077,3.8395061728395063,0.6363636363636364,2.8208616780045355,0.4
Concrete,concrete,0.0002,0.0,0,6,0.368128981725748,3.7611489040060473,0.6153846153846154,2.429075333837239,0.3263157894736842
Concrete,concrete,0.0002,0.0,0,7,0.3756575643521128,3.5260770975056692,0.5555555555555556,2.1940035273368608,0.2857142857142857
Concrete,concrete,0.0002,0.0,0,8,0.5117901853770512,4.1529352481733435,0.726027397260274,2.429075333837239,0.3263157894736842
Concrete,concrete,0.0002,0.0,0,9,0.472963113115507,4.1529352481733435,0.726027397260274,2.8992189468379945,0.4157303370786517
Concrete,concrete,0.0002,0.0,1,2,0.4398867108279108,3.212648022171832,0.4823529411764706,2.1156462585034013,0.2727272727272727
Concrete,concrete,0.0002,0.0,1,3,0.37901418131642023,2.8208616780045355,0.4,1.488788107835727,0.17757009345794392
Concrete,concrete,0.0002,0.0,1,4,0.38318318246953237,3.055933484504913,0.4482758620689655,1.5671453766691863,0.18867924528301888
Concrete,concrete,0.0002,0.0,1,5,0.4275935888112102,3.055933484504913,0.4482758620689655,1.8022171831695641,0.22330097087378642
Concrete,concrete,0.0002,0.0,1,6,0.4358128165491556,3.055933484504913,0.4482758620689655,1.7238599143361049,0.21153846153846154
Concrete,concrete,0.0002,0.0,1,7,0.43543610565353075,2.742504409171076,0.38461538461538464,1.6455026455026456,0.2
Concrete,concrete,0.0002,0.0,1,8,0.48640400089685537,3.291005291005291,0.5,2.6641471403376165,0.3695652173913043
Concrete,concrete,0.0002,0.0,1,9,0.48136592415798407,3.1342907533383726,0.46511627906976744,2.037288989669942,0.26
Concrete,concrete,0.0002,0.0,2,3,0.5366965806375371,3.3693625598387507,0.5180722891566265,1.958931720836483,0.24752475247524752
Concrete,concrete,0.0002,0.0,2,4,0.43536665957078824,3.6044343663391283,0.575,2.1156462585034013,0.2727272727272727
Concrete,concrete,0.0002,0.0,2,5,0.465234924044865,3.6044343663391283,0.575,2.037288989669942,0.26
Concrete,concrete,0.0002,0.0,2,6,0.377883283933918,3.6044343663391283,0.575,1.8805744520030236,0.23529411764705882
Concrete,concrete,0.0002,0.0,2,7,0.29259077651832066,3.291005291005291,0.5,1.4104308390022677,0.16666666666666666
Concrete,concrete,0.0002,0.0,2,8,0.3031244664647355,3.055933484504913,0.4482758620689655,1.8022171831695641,0.22330097087378642
Concrete,concrete,0.0002,0.0,2,9,0.3220036124970049,3.4477198286722097,0.5365853658536586,1.7238599143361049,0.21153846153846154
Concrete,concrete,0.0002,0.0,3,4,0.4182312014059026,4.3096497858402625,0.7746478873239436,3.682791635172588,0.5949367088607594
Concrete,concrete,0.0002,0.0,3,5,0.26840750401355756,4.2312925170068025,0.75,3.3693625598387507,0.5180722891566265
Concrete,concrete,0.0002,0.0,3,6,0.37510157931729365,4.3096497858402625,0.7746478873239436,3.3693625598387507,0.5180722891566265
Concrete,concrete,0.0002,0.0,3,7,0.42288422771446343,4.5447215923406405,0.8529411764705882,3.3693625598387507,0.5180722891566265
Concrete,concrete,0.0002,0.0,3,8,0.4127171501332132,3.5260770975056692,0.5555555555555556,1.8022171831695641,0.22330097087378642
Concrete,concrete,0.0002,0.0,3,9,0.4514606220645189,3.917863441672966,0.6578947368421053,2.8992189468379945,0.4157303370786517
Concrete,concrete,0.0002,0.0,4,5,0.3743737282415806,4.701436130007559,0.9090909090909091,3.3693625598387507,0.5180722891566265
Concrete,concrete,0.0002,0.0,4,6,0.2576046513674413,4.779793398841018,0.9384615384615385,3.1342907533383726,0.46511627906976744
Concrete,concrete,0.0002,0.0,4,7,0.208068156119506,4.3880070546737215,0.8,3.055933484504913,0.4482758620689655
Concrete,concrete,0.0002,0.0,4,8,0.22820469799540158,3.6044343663391283,0.575,1.5671453766691863,0.18867924528301888
Concrete,concrete,0.0002,0.0,4,9,0.18440793831363073,4.2312925170068025,0.75,2.977576215671454,0.4318181818181818
Concrete,concrete,0.0002,0.0,5,6,0.5327533760157376,4.701436130007559,0.9090909090909091,3.682791635172588,0.5949367088607594
Concrete,concrete,0.0002,0.0,5,7,0.3244972762989879,4.2312925170068025,0.75,3.055933484504913,0.4482758620689655
Concrete,concrete,0.0002,0.0,5,8,0.22741613748525522,3.7611489040060473,0.6153846153846154,1.8022171831695641,0.22330097087378642
Concrete,concrete,0.0002,0.0,5,9,0.2571500410151792,4.3096497858402625,0.7746478873239436,3.055933484504913,0.4482758620689655
Concrete,concrete,0.0002,0.0,6,7,0.27811994060489703,4.3880070546737215,0.8,3.682791635172588,0.5949367088607594
Concrete,concrete,0.0002,0.0,6,8,0.20776020611059753,3.682791635172588,0.5949367088607594,1.6455026455026456,0.2
Concrete,concrete,0.0002,0.0,6,9,0.33875969636261066,4.3096497858402625,0.7746478873239436,3.055933484504913,0.4482758620689655
Concrete,concrete,0.0002,0.0,7,8,0.42270018619543476,3.291005291005291,0.5,1.6455026455026456,0.2
Concrete,concrete,0.0002,0.0,7,9,0.33626621097983334,3.8395061728395063,0.6363636363636364,2.5857898715041574,0.3548387096774194
Concrete,concrete,0.0002,0.0,8,9,0.42767854641761194,4.2312925170068025,0.75,2.3507180650037793,0.3125
Concrete,concrete,0.003,0.1,0,1,0.44976443359091045,2.1940035273368608,0.2857142857142857,2.2723607961703203,0.29896907216494845
Concrete,concrete,0.003,0.1,0,2,0.3903206034813449,1.958931720836483,0.24752475247524752,2.1156462585034013,0.2727272727272727
Concrete,concrete,0.003,0.1,0,3,0.5064548672090468,1.8805744520030236,0.23529411764705882,2.507432602670698,0.3404255319148936
Concrete,concrete,0.003,0.1,0,4,0.4040376197102449,2.1940035273368608,0.2857142857142857,2.1940035273368608,0.2857142857142857
Concrete,concrete,0.003,0.1,0,5,0.626797671785143,2.1940035273368608,0.2857142857142857,2.8992189468379945,0.4157303370786517
Concrete,concrete,0.003,0.1,0,6,0.02092481311452031,1.3320735701688082,0.1559633027522936,0.8619299571680524,0.09565217391304348
Concrete,concrete,0.003,0.1,0,7,0.47924324864359596,2.1940035273368608,0.2857142857142857,2.6641471403376165,0.3695652173913043
Concrete,concrete,0.003,0.1,0,8,0.49533281743062346,1.8805744520030236,0.23529411764705882,2.5857898715041574,0.3548387096774194
Concrete,concrete,0.003,0.1,0,9,0.32890840152149114,2.037288989669942,0.26,1.7238599143361049,0.21153846153846154
Concrete,concrete,0.003,0.1,1,2,0.5136961855487324,2.037288989669942,0.26,2.1940035273368608,0.2857142857142857
Concrete,concrete,0.003,0.1,1,3,0.4927492938940307,2.037288989669942,0.26,2.429075333837239,0.3263157894736842
Concrete,concrete,0.003,0.1,1,4,0.49219735664170916,2.6641471403376165,0.3695652173913043,1.958931720836483,0.24752475247524752
Concrete,concrete,0.003,0.1,1,5,0.5018029554178344,1.8805744520030236,0.23529411764705882,2.1940035273368608,0.2857142857142857
Concrete,concrete,0.003,0.1,1,6,0.23211529025487312,1.6455026455026456,0.2,1.5671453766691863,0.18867924528301888
Concrete,concrete,0.003,0.1,1,7,0.6003979637443039,2.5857898715041574,0.3548387096774194,2.742504409171076,0.38461538461538464
Concrete,concrete,0.003,0.1,1,8,0.5280674595631143,2.2723607961703203,0.29896907216494845,2.429075333837239,0.3263157894736842
Concrete,concrete,0.003,0.1,1,9,0.4277488093492183,1.8022171831695641,0.22330097087378642,1.8022171831695641,0.22330097087378642
Concrete,concrete,0.003,0.1,2,3,0.5202382298328475,2.1156462585034013,0.2727272727272727,2.2723607961703203,0.29896907216494845
Concrete,concrete,0.003,0.1,2,4,0.5694716275877574,2.507432602670698,0.3404255319148936,2.507432602670698,0.3404255319148936
Concrete,concrete,0.003,0.1,2,5,0.43096714973766637,2.037288989669942,0.26,2.1940035273368608,0.2857142857142857
Concrete,concrete,0.003,0.1,2,6,0.21162072072679372,1.8022171831695641,0.22330097087378642,1.1753590325018897,0.13513513513513514
Concrete,concrete,0.003,0.1,2,7,0.47058292114308614,1.8805744520030236,0.23529411764705882,2.3507180650037793,0.3125
Concrete,concrete,0.003,0.1,2,8,0.48502657146827843,1.8022171831695641,0.22330097087378642,2.2723607961703203,0.29896907216494845
Concrete,concrete,0.003,0.1,2,9,0.3649697910787568,2.1156462585034013,0.2727272727272727,1.8022171831695641,0.22330097087378642
Concrete,concrete,0.003,0.1,3,4,0.5341041218708671,2.3507180650037793,0.3125,2.5857898715041574,0.3548387096774194
Concrete,concrete,0.003,0.1,3,5,0.5166970076059658,2.5857898715041574,0.3548387096774194,2.3507180650037793,0.3125
Concrete,concrete,0.003,0.1,3,6,0.10856933144063731,1.3320735701688082,0.1559633027522936,1.1753590325018897,0.13513513513513514
Concrete,concrete,0.003,0.1,3,7,0.5395306385608786,2.1156462585034013,0.2727272727272727,2.3507180650037793,0.3125
Concrete,concrete,0.003,0.1,3,8,0.5862340975340461,2.1940035273368608,0.2857142857142857,2.8208616780045355,0.4
Concrete,concrete,0.003,0.1,3,9,0.4424297735278294,2.037288989669942,0.26,1.8805744520030236,0.23529411764705882
Concrete,concrete,0.003,0.1,4,5,0.46973168021025696,2.2723607961703203,0.29896907216494845,2.1156462585034013,0.2727272727272727
Concrete,concrete,0.003,0.1,4,6,0.12681539274737705,1.5671453766691863,0.18867924528301888,1.0970017636684304,0.125
Concrete,concrete,0.003,0.1,4,7,0.41959616279651063,2.1940035273368608,0.2857142857142857,1.958931720836483,0.24752475247524752
Concrete,concrete,0.003,0.1,4,8,0.5132841917293748,2.037288989669942,0.26,2.8208616780045355,0.4
Concrete,concrete,0.003,0.1,4,9,0.37679146978755834,1.7238599143361049,0.21153846153846154,1.7238599143361049,0.21153846153846154
Concrete,concrete,0.003,0.1,5,6,-0.029208795106955683,1.0970017636684304,0.125,0.5485008818342152,0.058823529411764705
Concrete,concrete,0.003,0.1,5,7,0.4546520620077352,2.3507180650037793,0.3125,2.507432602670698,0.3404255319148936
Concrete,concrete,0.003,0.1,5,8,0.6440770855041098,2.3507180650037793,0.3125,2.8208616780045355,0.4
Concrete,concrete,0.003,0.1,5,9,0.36294122770340165,2.3507180650037793,0.3125,1.6455026455026456,0.2
Concrete,concrete,0.003,0.1,6,7,0.13540837553118307,0.9402872260015118,0.10526315789473684,0.9402872260015118,0.10526315789473684
Concrete,concrete,0.003,0.1,6,8,0.08630495846591416,1.3320735701688082,0.1559633027522936,1.018644494834971,0.11504424778761062
Concrete,concrete,0.003,0.1,6,9,-0.029174493179205428,1.1753590325018897,0.13513513513513514,0.7835726883345931,0.08620689655172414
Concrete,concrete,0.003,0.1,7,8,0.5478538960012375,2.3507180650037793,0.3125,2.3507180650037793,0.3125
Concrete,concrete,0.003,0.1,7,9,0.4774023086906693,2.507432602670698,0.3404255319148936,2.1156462585034013,0.2727272727272727
Concrete,concrete,0.003,0.1,8,9,0.37795995327102894,2.1156462585034013,0.2727272727272727,1.8805744520030236,0.23529411764705882
Concrete,concrete,0.0022,0.1,0,1,0.5721529217084761,2.6641471403376165,0.3695652173913043,2.742504409171076,0.38461538461538464
Concrete,concrete,0.0022,0.1,0,2,0.5441063772651255,2.507432602670698,0.3404255319148936,2.429075333837239,0.3263157894736842
Concrete,concrete,0.0022,0.1,0,3,0.5519340296321038,2.429075333837239,0.3263157894736842,2.429075333837239,0.3263157894736842
Concrete,concrete,0.0022,0.1,0,4,0.5433874988748686,2.429075333837239,0.3263157894736842,2.507432602670698,0.3404255319148936
Concrete,concrete,0.0022,0.1,0,5,0.6373053992072671,2.429075333837239,0.3263157894736842,2.8208616780045355,0.4
Concrete,concrete,0.0022,0.1,0,6,0.5396870890579464,1.958931720836483,0.24752475247524752,2.5857898715041574,0.3548387096774194
Concrete,concrete,0.0022,0.1,0,7,0.6394027376976688,2.1940035273368608,0.2857142857142857,3.212648022171832,0.4823529411764706
Concrete,concrete,0.0022,0.1,0,8,0.5533839323428359,1.958931720836483,0.24752475247524752,2.5857898715041574,0.3548387096774194
Concrete,concrete,0.0022,0.1,0,9,0.4359316589469957,2.1940035273368608,0.2857142857142857,2.429075333837239,0.3263157894736842
Concrete,concrete,0.0022,0.1,1,2,0.48341142555202277,2.429075333837239,0.3263157894736842,2.5857898715041574,0.3548387096774194
Concrete,concrete,0.0022,0.1,1,3,0.4262436446501708,2.1940035273368608,0.2857142857142857,2.1156462585034013,0.2727272727272727
Concrete,concrete,0.0022,0.1,1,4,0.5221917317603221,1.8022171831695641,0.22330097087378642,2.507432602670698,0.3404255319148936
Concrete,concrete,0.0022,0.1,1,5,0.5771251640535235,2.429075333837239,0.3263157894736842,2.6641471403376165,0.3695652173913043
Concrete,concrete,0.0022,0.1,1,6,0.5327551012787244,2.5857898715041574,0.3548387096774194,2.6641471403376165,0.3695652173913043
Concrete,concrete,0.0022,0.1,1,7,0.5834394294991342,2.507432602670698,0.3404255319148936,2.742504409171076,0.38461538461538464
Concrete,concrete,0.0022,0.1,1,8,0.45528547278060894,1.8805744520030236,0.23529411764705882,2.742504409171076,0.38461538461538464
Concrete,concrete,0.0022,0.1,1,9,0.32207637194479255,2.1940035273368608,0.2857142857142857,2.1156462585034013,0.2727272727272727
Concrete,concrete,0.0022,0.1,2,3,0.4951815711579214,2.5857898715041574,0.3548387096774194,2.2723607961703203,0.29896907216494845
Concrete,concrete,0.0022,0.1,2,4,0.6212638059046529,2.1940035273368608,0.2857142857142857,2.742504409171076,0.38461538461538464
Concrete,concrete,0.0022,0.1,2,5,0.5217084945938683,2.3507180650037793,0.3125,2.2723607961703203,0.29896907216494845
Concrete,concrete,0.0022,0.1,2,6,0.5686704458633806,2.3507180650037793,0.3125,2.5857898715041574,0.3548387096774194
Concrete,concrete,0.0022,0.1,2,7,0.5897812304059893,2.3507180650037793,0.3125,2.429075333837239,0.3263157894736842
Concrete,concrete,0.0022,0.1,2,8,0.5264616915698274,2.037288989669942,0.26,2.429075333837239,0.3263157894736842
Concrete,concrete,0.0022,0.1,2,9,0.4611854754131184,2.742504409171076,0.38461538461538464,2.1156462585034013,0.2727272727272727
Concrete,concrete,0.0022,0.1,3,4,0.5953561915713055,2.3507180650037793,0.3125,2.742504409171076,0.38461538461538464
Concrete,concrete,0.0022,0.1,3,5,0.584308732995068,2.037288989669942,0.26,2.1156462585034013,0.2727272727272727
Concrete,concrete,0.0022,0.1,3,6,0.5314014721943214,1.958931720836483,0.24752475247524752,2.1940035273368608,0.2857142857142857
Concrete,concrete,0.0022,0.1,3,7,0.48764982962241443,2.507432602670698,0.3404255319148936,2.3507180650037793,0.3125
Concrete,concrete,0.0022,0.1,3,8,0.5858407995548015,1.8022171831695641,0.22330097087378642,2.507432602670698,0.3404255319148936
Concrete,concrete,0.0022,0.1,3,9,0.37405928637059455,2.2723607961703203,0.29896907216494845,2.2723607961703203,0.29896907216494845
Concrete,concrete,0.0022,0.1,4,5,0.5636416935312474,2.037288989669942,0.26,2.429075333837239,0.3263157894736842
Concrete,concrete,0.0022,0.1,4,6,0.6339230648442584,1.7238599143361049,0.21153846153846154,3.212648022171832,0.4823529411764706
Concrete,concrete,0.0022,0.1,4,7,0.4499648691052774,1.8805744520030236,0.23529411764705882,2.1156462585034013,0.2727272727272727
Concrete,concrete,0.0022,0.1,4,8,0.6220146089995563,2.1156462585034013,0.2727272727272727,2.977576215671454,0.4318181818181818
Concrete,concrete,0.0022,0.1,4,9,0.33453355182887434,1.8022171831695641,0.22330097087378642,2.037288989669942,0.26
Concrete,concrete,0.0022,0.1,5,6,0.5700040948718462,2.1156462585034013,0.2727272727272727,2.429075333837239,0.3263157894736842
Concrete,concrete,0.0022,0.1,5,7,0.5576939296492481,2.1156462585034013,0.2727272727272727,2.507432602670698,0.3404255319148936
Concrete,concrete,0.0022,0.1,5,8,0.5561999136493389,1.958931720836483,0.24752475247524752,2.5857898715041574,0.3548387096774194
Concrete,concrete,0.0022,0.1,5,9,0.4041289371959693,1.8022171831695641,0.22330097087378642,2.507432602670698,0.3404255319148936
Concrete,concrete,0.0022,0.1,6,7,0.5044377840106753,2.1156462585034013,0.2727272727272727,2.429075333837239,0.3263157894736842
Concrete,concrete,0.0022,0.1,6,8,0.5350830629404169,1.958931720836483,0.24752475247524752,2.6641471403376165,0.3695652173913043
Concrete,concrete,0.0022,0.1,6,9,0.3470652793171234,1.7238599143361049,0.21153846153846154,2.1940035273368608,0.2857142857142857
Concrete,concrete,0.0022,0.1,7,8,0.5348475074024572,1.958931720836483,0.24752475247524752,2.507432602670698,0.3404255319148936
Concrete,concrete,0.0022,0.1,7,9,0.5998519046043446,2.5857898715041574,0.3548387096774194,2.742504409171076,0.38461538461538464
Concrete,concrete,0.0022,0.1,8,9,0.4938118466283366,1.7238599143361049,0.21153846153846154,2.5857898715041574,0.3548387096774194
Concrete,concrete,0.0018,0.1,0,1,0.6194494896366143,1.8805744520030236,0.23529411764705882,3.212648022171832,0.4823529411764706
Concrete,concrete,0.0018,0.1,0,2,0.4198529921661922,1.4104308390022677,0.16666666666666666,2.3507180650037793,0.3125
Concrete,concrete,0.0018,0.1,0,3,0.6974713113070822,1.958931720836483,0.24752475247524752,3.5260770975056692,0.5555555555555556
Concrete,concrete,0.0018,0.1,0,4,0.65968952335193,1.8022171831695641,0.22330097087378642,3.291005291005291,0.5
Concrete,concrete,0.0018,0.1,0,5,0.4576641620138054,1.8805744520030236,0.23529411764705882,2.2723607961703203,0.29896907216494845
Concrete,concrete,0.0018,0.1,0,6,0.6328020093319001,1.6455026455026456,0.2,3.212648022171832,0.4823529411764706
Concrete,concrete,0.0018,0.1,0,7,0.5395766034944968,1.958931720836483,0.24752475247524752,2.742504409171076,0.38461538461538464
Concrete,concrete,0.0018,0.1,0,8,0.3675602403422988,1.958931720836483,0.24752475247524752,2.1940035273368608,0.2857142857142857
Concrete,concrete,0.0018,0.1,0,9,0.13152724770842347,1.0970017636684304,0.125,1.488788107835727,0.17757009345794392
Concrete,concrete,0.0018,0.1,1,2,0.5140902512557397,2.1156462585034013,0.2727272727272727,2.2723607961703203,0.29896907216494845
Concrete,concrete,0.0018,0.1,1,3,0.7004351626908704,2.5857898715041574,0.3548387096774194,3.3693625598387507,0.5180722891566265
Concrete,concrete,0.0018,0.1,1,4,0.6093751361698617,2.037288989669942,0.26,2.8992189468379945,0.4157303370786517
Concrete,concrete,0.0018,0.1,1,5,0.5591915812920091,2.742504409171076,0.38461538461538464,2.6641471403376165,0.3695652173913043
Concrete,concrete,0.0018,0.1,1,6,0.7105987991205329,2.8208616780045355,0.4,3.4477198286722097,0.5365853658536586
Concrete,concrete,0.0018,0.1,1,7,0.581542034891977,2.5857898715041574,0.3548387096774194,2.2723607961703203,0.29896907216494845
Concrete,concrete,0.0018,0.1,1,8,0.5211872557016165,2.5857898715041574,0.3548387096774194,2.507432602670698,0.3404255319148936
Concrete,concrete,0.0018,0.1,1,9,0.17918152867195547,1.488788107835727,0.17757009345794392,1.7238599143361049,0.21153846153846154
Concrete,concrete,0.0018,0.1,2,3,0.4551138390665793,1.7238599143361049,0.21153846153846154,2.429075333837239,0.3263157894736842
Concrete,concrete,0.0018,0.1,2,4,0.4661532034782231,1.6455026455026456,0.2,2.742504409171076,0.38461538461538464
Concrete,concrete,0.0018,0.1,2,5,0.49521610882286116,2.037288989669942,0.26,2.429075333837239,0.3263157894736842
Concrete,concrete,0.0018,0.1,2,6,0.5546077647427613,1.8805744520030236,0.23529411764705882,2.6641471403376165,0.3695652173913043
Concrete,concrete,0.0018,0.1,2,7,0.5260851232850536,2.1940035273368608,0.2857142857142857,2.429075333837239,0.3263157894736842
Concrete,concrete,0.0018,0.1,2,8,0.5448122080703702,2.5857898715041574,0.3548387096774194,2.429075333837239,0.3263157894736842
Concrete,concrete,0.0018,0.1,2,9,0.27529988656568605,1.488788107835727,0.17757009345794392,1.7238599143361049,0.21153846153846154
Concrete,concrete,0.0018,0.1,3,4,0.6578451063072807,2.1940035273368608,0.2857142857142857,3.1342907533383726,0.46511627906976744
Concrete,concrete,0.0018,0.1,3,5,0.5141189050251505,2.5857898715041574,0.3548387096774194,2.429075333837239,0.3263157894736842
Concrete,concrete,0.0018,0.1,3,6,0.686364185079924,2.507432602670698,0.3404255319148936,3.5260770975056692,0.5555555555555556
Concrete,concrete,0.0018,0.1,3,7,0.5418150752889259,2.1940035273368608,0.2857142857142857,2.6641471403376165,0.3695652173913043
Concrete,concrete,0.0018,0.1,3,8,0.47310856143847274,2.2723607961703203,0.29896907216494845,2.429075333837239,0.3263157894736842
Concrete,concrete,0.0018,0.1,3,9,0.16727545864336868,1.7238599143361049,0.21153846153846154,1.8022171831695641,0.22330097087378642
Concrete,concrete,0.0018,0.1,4,5,0.5599897876785133,1.8022171831695641,0.22330097087378642,2.5857898715041574,0.3548387096774194
Concrete,concrete,0.0018,0.1,4,6,0.7234522603888043,2.2723607961703203,0.29896907216494845,3.4477198286722097,0.5365853658536586
Concrete,concrete,0.0018,0.1,4,7,0.5913426874024743,1.8805744520030236,0.23529411764705882,3.055933484504913,0.4482758620689655
Concrete,concrete,0.0018,0.1,4,8,0.5967567201208138,2.6641471403376165,0.3695652173913043,2.8208616780045355,0.4
Concrete,concrete,0.0018,0.1,4,9,0.23447586019259717,1.1753590325018897,0.13513513513513514,1.8805744520030236,0.23529411764705882
Concrete,concrete,0.0018,0.1,5,6,0.63373114017908,2.742504409171076,0.38461538461538464,2.5857898715041574,0.3548387096774194
Concrete,concrete,0.0018,0.1,5,7,0.4555682278481531,2.037288989669942,0.26,2.1156462585034013,0.2727272727272727
Concrete,concrete,0.0018,0.1,5,8,0.5854672262596472,2.3507180650037793,0.3125,2.5857898715041574,0.3548387096774194
Concrete,concrete,0.0018,0.1,5,9,0.22476882910962664,1.4104308390022677,0.16666666666666666,1.958931720836483,0.24752475247524752
Concrete,concrete,0.0018,0.1,6,7,0.6285814295182393,2.1940035273368608,0.2857142857142857,2.6641471403376165,0.3695652173913043
Concrete,concrete,0.0018,0.1,6,8,0.6467180443818081,2.5857898715041574,0.3548387096774194,2.8208616780045355,0.4
Concrete,concrete,0.0018,0.1,6,9,0.26676518808736926,1.488788107835727,0.17757009345794392,1.8805744520030236,0.23529411764705882
Concrete,concrete,0.0018,0.1,7,8,0.5147176316325469,2.5857898715041574,0.3548387096774194,2.1156462585034013,0.2727272727272727
Concrete,concrete,0.0018,0.1,7,9,0.15142666207007544,1.3320735701688082,0.1559633027522936,1.4104308390022677,0.16666666666666666
Concrete,concrete,0.0018,0.1,8,9,0.3165263426694841,1.5671453766691863,0.18867924528301888,1.8022171831695641,0.22330097087378642
Concrete,concrete,0.0014,0.1,0,1,0.2939095849896118,1.8022171831695641,0.22330097087378642,1.8805744520030236,0.23529411764705882
Concrete,concrete,0.0014,0.1,0,2,0.4092639642269323,1.488788107835727,0.17757009345794392,2.1940035273368608,0.2857142857142857
Concrete,concrete,0.0014,0.1,0,3,0.4936591563483335,1.4104308390022677,0.16666666666666666,2.5857898715041574,0.3548387096774194
Concrete,concrete,0.0014,0.1,0,4,0.3914374271669594,1.3320735701688082,0.1559633027522936,2.2723607961703203,0.29896907216494845
Concrete,concrete,0.0014,0.1,0,5,0.3244898869000198,1.8805744520030236,0.23529411764705882,2.2723607961703203,0.29896907216494845
Concrete,concrete,0.0014,0.1,0,6,0.39457592194528146,1.8805744520030236,0.23529411764705882,2.507432602670698,0.3404255319148936
Concrete,concrete,0.0014,0.1,0,7,0.4323970319468441,1.488788107835727,0.17757009345794392,2.3507180650037793,0.3125
Concrete,concrete,0.0014,0.1,0,8,0.23539597971617254,1.4104308390022677,0.16666666666666666,1.7238599143361049,0.21153846153846154
Concrete,concrete,0.0014,0.1,0,9,0.4545509993294302,1.488788107835727,0.17757009345794392,2.2723607961703203,0.29896907216494845
Concrete,concrete,0.0014,0.1,1,2,0.6516227643793551,2.037288989669942,0.26,3.1342907533383726,0.46511627906976744
Concrete,concrete,0.0014,0.1,1,3,0.6217531677166601,1.958931720836483,0.24752475247524752,2.8208616780045355,0.4
Concrete,concrete,0.0014,0.1,1,4,0.5722591151103106,2.507432602670698,0.3404255319148936,2.5857898715041574,0.3548387096774194
Concrete,concrete,0.0014,0.1,1,5,0.6108905883274821,2.977576215671454,0.4318181818181818,2.8992189468379945,0.4157303370786517
Concrete,concrete,0.0014,0.1,1,6,0.5064599224941063,2.2723607961703203,0.29896907216494845,2.2723607961703203,0.29896907216494845
Concrete,concrete,0.0014,0.1,1,7,0.5885777647868891,1.958931720836483,0.24752475247524752,2.742504409171076,0.38461538461538464
Concrete,concrete,0.0014,0.1,1,8,0.4585050457090535,1.7238599143361049,0.21153846153846154,1.958931720836483,0.24752475247524752
Concrete,concrete,0.0014,0.1,1,9,0.6183142798146728,2.3507180650037793,0.3125,2.507432602670698,0.3404255319148936
Concrete,concrete,0.0014,0.1,2,3,0.675625175765729,1.8805744520030236,0.23529411764705882,3.291005291005291,0.5
Concrete,concrete,0.0014,0.1,2,4,0.6275253607745733,2.3507180650037793,0.3125,2.742504409171076,0.38461538461538464
Concrete,concrete,0.0014,0.1,2,5,0.4436066329852431,1.488788107835727,0.17757009345794392,2.429075333837239,0.3263157894736842
Concrete,concrete,0.0014,0.1,2,6,0.5611314437287065,2.1940035273368608,0.2857142857142857,2.507432602670698,0.3404255319148936
Concrete,concrete,0.0014,0.1,2,7,0.6536517135757484,1.8805744520030236,0.23529411764705882,3.212648022171832,0.4823529411764706
Concrete,concrete,0.0014,0.1,2,8,0.40882850884729804,0.7835726883345931,0.08620689655172414,1.958931720836483,0.24752475247524752
Concrete,concrete,0.0014,0.1,2,9,0.6730987038433526,1.958931720836483,0.24752475247524752,3.055933484504913,0.4482758620689655
Concrete,concrete,0.0014,0.1,3,4,0.5975738853849051,2.3507180650037793,0.3125,2.977576215671454,0.4318181818181818
Concrete,concrete,0.0014,0.1,3,5,0.5907576480850727,2.5857898715041574,0.3548387096774194,2.507432602670698,0.3404255319148936
Concrete,concrete,0.0014,0.1,3,6,0.5649163560351996,2.037288989669942,0.26,2.507432602670698,0.3404255319148936
Concrete,concrete,0.0014,0.1,3,7,0.7258171762114696,2.8992189468379945,0.4157303370786517,3.3693625598387507,0.5180722891566265
Concrete,concrete,0.0014,0.1,3,8,0.5715970799901321,1.958931720836483,0.24752475247524752,2.6641471403376165,0.3695652173913043
Concrete,concrete,0.0014,0.1,3,9,0.706854064199624,2.742504409171076,0.38461538461538464,3.1342907533383726,0.46511627906976744
Concrete,concrete,0.0014,0.1,4,5,0.45540348222699323,2.2723607961703203,0.29896907216494845,1.958931720836483,0.24752475247524752
Concrete,concrete,0.0014,0.1,4,6,0.36993424122117113,1.7238599143361049,0.21153846153846154,2.3507180650037793,0.3125
Concrete,concrete,0.0014,0.1,4,7,0.6880471207109706,2.507432602670698,0.3404255319148936,3.5260770975056692,0.5555555555555556
Concrete,concrete,0.0014,0.1,4,8,0.4625341450161593,1.3320735701688082,0.1559633027522936,2.429075333837239,0.3263157894736842
Concrete,concrete,0.0014,0.1,4,9,0.6424582979049629,2.429075333837239,0.3263157894736842,3.1342907533383726,0.46511627906976744
Concrete,concrete,0.0014,0.1,5,6,0.415676496017362,2.1940035273368608,0.2857142857142857,1.8805744520030236,0.23529411764705882
Concrete,concrete,0.0014,0.1,5,7,0.44160625614656246,2.429075333837239,0.3263157894736842,2.037288989669942,0.26
Concrete,concrete,0.0014,0.1,5,8,0.5081314088570665,2.037288989669942,0.26,2.1940035273368608,0.2857142857142857
Concrete,concrete,0.0014,0.1,5,9,0.4969940902859327,2.507432602670698,0.3404255319148936,2.037288989669942,0.26
Concrete,concrete,0.0014,0.1,6,7,0.5095344037980282,2.1940035273368608,0.2857142857142857,2.6641471403376165,0.3695652173913043
Concrete,concrete,0.0014,0.1,6,8,0.48185217391340196,1.8805744520030236,0.23529411764705882,2.1156462585034013,0.2727272727272727
Concrete,concrete,0.0014,0.1,6,9,0.5261623489764673,2.1156462585034013,0.2727272727272727,2.507432602670698,0.3404255319148936
Concrete,concrete,0.0014,0.1,7,8,0.5368906773485329,2.1940035273368608,0.2857142857142857,2.429075333837239,0.3263157894736842
Concrete,concrete,0.0014,0.1,7,9,0.6512434529585903,2.429075333837239,0.3263157894736842,3.6044343663391283,0.575
Concrete,concrete,0.0014,0.1,8,9,0.4477824113157679,1.5671453766691863,0.18867924528301888,2.2723607961703203,0.29896907216494845
Concrete,concrete,0.0012,0.1,0,1,0.32778237843433,1.018644494834971,0.11504424778761062,1.958931720836483,0.24752475247524752
Concrete,concrete,0.0012,0.1,0,2,0.3754308117049159,1.6455026455026456,0.2,2.037288989669942,0.26
Concrete,concrete,0.0012,0.1,0,3,0.32827771414452717,1.4104308390022677,0.16666666666666666,1.8805744520030236,0.23529411764705882
Concrete,concrete,0.0012,0.1,0,4,0.33923891822195923,1.1753590325018897,0.13513513513513514,1.958931720836483,0.24752475247524752
Concrete,concrete,0.0012,0.1,0,5,0.3331147828791642,1.6455026455026456,0.2,1.8022171831695641,0.22330097087378642
Concrete,concrete,0.0012,0.1,0,6,0.3655295645446542,1.4104308390022677,0.16666666666666666,1.8022171831695641,0.22330097087378642
Concrete,concrete,0.0012,0.1,0,7,0.20894436690780377,0.5485008818342152,0.058823529411764705,1.958931720836483,0.24752475247524752
Concrete,concrete,0.0012,0.1,0,8,0.2727214770573917,1.253716301335349,0.14545454545454545,1.8805744520030236,0.23529411764705882
Concrete,concrete,0.0012,0.1,0,9,0.46684280248707416,1.4104308390022677,0.16666666666666666,2.1156462585034013,0.2727272727272727
Concrete,concrete,0.0012,0.1,1,2,0.606681384888279,1.3320735701688082,0.1559633027522936,2.6641471403376165,0.3695652173913043
Concrete,concrete,0.0012,0.1,1,3,0.5562005321293175,1.253716301335349,0.14545454545454545,2.507432602670698,0.3404255319148936
Concrete,concrete,0.0012,0.1,1,4,0.3281393745382965,1.5671453766691863,0.18867924528301888,1.5671453766691863,0.18867924528301888
Concrete,concrete,0.0012,0.1,1,5,0.35197293485374725,1.488788107835727,0.17757009345794392,1.958931720836483,0.24752475247524752
Concrete,concrete,0.0012,0.1,1,6,0.3449272811907173,1.4104308390022677,0.16666666666666666,2.037288989669942,0.26
Concrete,concrete,0.0012,0.1,1,7,0.4931417310087765,1.3320735701688082,0.1559633027522936,2.1156462585034013,0.2727272727272727
Concrete,concrete,0.0012,0.1,1,8,0.5582139602596666,2.3507180650037793,0.3125,2.3507180650037793,0.3125
Concrete,concrete,0.0012,0.1,1,9,0.5229633984898562,1.6455026455026456,0.2,2.8208616780045355,0.4
Concrete,concrete,0.0012,0.1,2,3,0.530907904323741,1.8805744520030236,0.23529411764705882,2.6641471403376165,0.3695652173913043
Concrete,concrete,0.0012,0.1,2,4,0.30591227996693476,1.8805744520030236,0.23529411764705882,1.8022171831695641,0.22330097087378642
Concrete,concrete,0.0012,0.1,2,5,0.3239894708997928,2.2723607961703203,0.29896907216494845,1.6455026455026456,0.2
Concrete,concrete,0.0012,0.1,2,6,0.4401509543261441,1.8022171831695641,0.22330097087378642,2.429075333837239,0.3263157894736842
Concrete,concrete,0.0012,0.1,2,7,0.5825651489958423,1.6455026455026456,0.2,2.8992189468379945,0.4157303370786517
Concrete,concrete,0.0012,0.1,2,8,0.7058164517061724,2.1940035273368608,0.2857142857142857,3.055933484504913,0.4482758620689655
Concrete,concrete,0.0012,0.1,2,9,0.5906904491870881,1.8805744520030236,0.23529411764705882,2.6641471403376165,0.3695652173913043
Concrete,concrete,0.0012,0.1,3,4,0.2662379437105725,1.1753590325018897,0.13513513513513514,1.7238599143361049,0.21153846153846154
Concrete,concrete,0.0012,0.1,3,5,0.071279020762992,1.018644494834971,0.11504424778761062,1.1753590325018897,0.13513513513513514
Concrete,concrete,0.0012,0.1,3,6,0.45833961703962095,1.5671453766691863,0.18867924528301888,2.5857898715041574,0.3548387096774194
Concrete,concrete,0.0012,0.1,3,7,0.5501373848771617,1.253716301335349,0.14545454545454545,2.429075333837239,0.3263157894736842
Concrete,concrete,0.0012,0.1,3,8,0.5767545280295355,1.5671453766691863,0.18867924528301888,2.5857898715041574,0.3548387096774194
Concrete,concrete,0.0012,0.1,3,9,0.4536102295895857,1.018644494834971,0.11504424778761062,2.6641471403376165,0.3695652173913043
Concrete,concrete,0.0012,0.1,4,5,0.17264522000768773,0.8619299571680524,0.09565217391304348,1.4104308390022677,0.16666666666666666
Concrete,concrete,0.0012,0.1,4,6,0.42322701969736143,2.2723607961703203,0.29896907216494845,2.1156462585034013,0.2727272727272727
Concrete,concrete,0.0012,0.1,4,7,0.1736695096949295,1.1753590325018897,0.13513513513513514,1.488788107835727,0.17757009345794392
Concrete,concrete,0.0012,0.1,4,8,0.30408184673263444,1.6455026455026456,0.2,1.958931720836483,0.24752475247524752
Concrete,concrete,0.0012,0.1,4,9,0.31303929037977796,1.6455026455026456,0.2,1.8805744520030236,0.23529411764705882
Concrete,concrete,0.0012,0.1,5,6,0.14366362950712427,0.8619299571680524,0.09565217391304348,1.4104308390022677,0.16666666666666666
Concrete,concrete,0.0012,0.1,5,7,0.11521937201858201,1.4104308390022677,0.16666666666666666,1.5671453766691863,0.18867924528301888
Concrete,concrete,0.0012,0.1,5,8,0.13931606685818243,1.488788107835727,0.17757009345794392,1.488788107835727,0.17757009345794392
Concrete,concrete,0.0012,0.1,5,9,0.2820004879892078,1.8805744520030236,0.23529411764705882,1.488788107835727,0.17757009345794392
Concrete,concrete,0.0012,0.1,6,7,0.513002123013474,1.8805744520030236,0.23529411764705882,2.507432602670698,0.3404255319148936
Concrete,concrete,0.0012,0.1,6,8,0.5415729153876657,2.3507180650037793,0.3125,2.8208616780045355,0.4
Concrete,concrete,0.0012,0.1,6,9,0.4962024370358273,1.4104308390022677,0.16666666666666666,2.429075333837239,0.3263157894736842
Concrete,concrete,0.0012,0.1,7,8,0.625690252138879,1.5671453766691863,0.18867924528301888,2.977576215671454,0.4318181818181818
Concrete,concrete,0.0012,0.1,7,9,0.5885994681195231,1.958931720836483,0.24752475247524752,2.5857898715041574,0.3548387096774194
Concrete,concrete,0.0012,0.1,8,9,0.5998872406301395,2.037288989669942,0.26,2.507432602670698,0.3404255319148936
Concrete,concrete,0.003,0.2,0,1,0.5045592655166047,1.7238599143361049,0.21153846153846154,2.742504409171076,0.38461538461538464
Concrete,concrete,0.003,0.2,0,2,0.5155235760437251,1.8805744520030236,0.23529411764705882,2.1940035273368608,0.2857142857142857
Concrete,concrete,0.003,0.2,0,3,0.48825464324182233,2.429075333837239,0.3263157894736842,2.5857898715041574,0.3548387096774194
Concrete,concrete,0.003,0.2,0,4,0.5304128260142768,1.958931720836483,0.24752475247524752,2.5857898715041574,0.3548387096774194
Concrete,concrete,0.003,0.2,0,5,0.5013845916631664,2.037288989669942,0.26,2.1940035273368608,0.2857142857142857
Concrete,concrete,0.003,0.2,0,6,0.6173406996835642,2.1940035273368608,0.2857142857142857,2.8208616780045355,0.4
Concrete,concrete,0.003,0.2,0,7,0.4851726167019049,1.8805744520030236,0.23529411764705882,2.6641471403376165,0.3695652173913043
Concrete,concrete,0.003,0.2,0,8,0.6142690804710619,1.5671453766691863,0.18867924528301888,3.1342907533383726,0.46511627906976744
Concrete,concrete,0.003,0.2,0,9,0.4598456979885904,1.488788107835727,0.17757009345794392,2.507432602670698,0.3404255319148936
Concrete,concrete,0.003,0.2,1,2,0.5138138063984338,2.1156462585034013,0.2727272727272727,2.037288989669942,0.26
Concrete,concrete,0.003,0.2,1,3,0.5609111246602957,2.037288989669942,0.26,2.6641471403376165,0.3695652173913043
Concrete,concrete,0.003,0.2,1,4,0.5789410941658522,2.1940035273368608,0.2857142857142857,2.742504409171076,0.38461538461538464
Concrete,concrete,0.003,0.2,1,5,0.5337879774966445,2.3507180650037793,0.3125,2.2723607961703203,0.29896907216494845
Concrete,concrete,0.003,0.2,1,6,0.5590838520444426,1.7238599143361049,0.21153846153846154,2.6641471403376165,0.3695652173913043
Concrete,concrete,0.003,0.2,1,7,0.5316314550622876,2.1156462585034013,0.2727272727272727,2.3507180650037793,0.3125
Concrete,concrete,0.003,0.2,1,8,0.6267944198248123,1.958931720836483,0.24752475247524752,2.8208616780045355,0.4
Concrete,concrete,0.003,0.2,1,9,0.5417458004870306,2.037288989669942,0.26,2.8208616780045355,0.4
Concrete,concrete,0.003,0.2,2,3,0.5686427581163092,2.2723607961703203,0.29896907216494845,2.429075333837239,0.3263157894736842
Concrete,concrete,0.003,0.2,2,4,0.5312341837731539,2.1940035273368608,0.2857142857142857,2.1156462585034013,0.2727272727272727
Concrete,concrete,0.003,0.2,2,5,0.5356554750383193,2.1940035273368608,0.2857142857142857,2.5857898715041574,0.3548387096774194
Concrete,concrete,0.003,0.2,2,6,0.48487249589318693,1.6455026455026456,0.2,2.429075333837239,0.3263157894736842
Concrete,concrete,0.003,0.2,2,7,0.5802649897653753,2.2723607961703203,0.29896907216494845,2.429075333837239,0.3263157894736842
Concrete,concrete,0.003,0.2,2,8,0.5886170368159221,2.3507180650037793,0.3125,2.6641471403376165,0.3695652173913043
Concrete,concrete,0.003,0.2,2,9,0.5405385641119053,1.8022171831695641,0.22330097087378642,2.6641471403376165,0.3695652173913043
Concrete,concrete,0.003,0.2,3,4,0.5695650465887696,2.3507180650037793,0.3125,2.8208616780045355,0.4
Concrete,concrete,0.003,0.2,3,5,0.4805070988172589,2.1940035273368608,0.2857142857142857,2.429075333837239,0.3263157894736842
Concrete,concrete,0.003,0.2,3,6,0.46792086578003705,2.1156462585034013,0.2727272727272727,2.3507180650037793,0.3125
Concrete,concrete,0.003,0.2,3,7,0.5575419357932403,1.6455026455026456,0.2,2.742504409171076,0.38461538461538464
Concrete,concrete,0.003,0.2,3,8,0.5491326281487564,2.1156462585034013,0.2727272727272727,2.5857898715041574,0.3548387096774194
Concrete,concrete,0.003,0.2,3,9,0.4680586245719122,1.6455026455026456,0.2,2.429075333837239,0.3263157894736842
Concrete,concrete,0.003,0.2,4,5,0.5270319745694415,2.037288989669942,0.26,2.3507180650037793,0.3125
Concrete,concrete,0.003,0.2,4,6,0.5243423240512477,2.037288989669942,0.26,2.429075333837239,0.3263157894736842
Concrete,concrete,0.003,0.2,4,7,0.6112658435220774,1.958931720836483,0.24752475247524752,3.1342907533383726,0.46511627906976744
Concrete,concrete,0.003,0.2,4,8,0.5561721267767114,1.8022171831695641,0.22330097087378642,2.5857898715041574,0.3548387096774194
Concrete,concrete,0.003,0.2,4,9,0.6079887184136255,2.2723607961703203,0.29896907216494845,3.055933484504913,0.4482758620689655
Concrete,concrete,0.003,0.2,5,6,0.4233570959994533,1.8805744520030236,0.23529411764705882,2.1156462585034013,0.2727272727272727
Concrete,concrete,0.003,0.2,5,7,0.5701676289697962,2.507432602670698,0.3404255319148936,2.5857898715041574,0.3548387096774194
Concrete,concrete,0.003,0.2,5,8,0.48582849985185167,2.1156462585034013,0.2727272727272727,2.3507180650037793,0.3125
Concrete,concrete,0.003,0.2,5,9,0.5160144333987496,1.8022171831695641,0.22330097087378642,2.2723607961703203,0.29896907216494845
Concrete,concrete,0.003,0.2,6,7,0.41190875793439236,1.7238599143361049,0.21153846153846154,2.2723607961703203,0.29896907216494845
Concrete,concrete,0.003,0.2,6,8,0.5800939241069177,2.1156462585034013,0.2727272727272727,2.8992189468379945,0.4157303370786517
Concrete,concrete,0.003,0.2,6,9,0.40881316733440637,2.037288989669942,0.26,2.429075333837239,0.3263157894736842
Concrete,concrete,0.003,0.2,7,8,0.6322265170202782,1.6455026455026456,0.2,2.8992189468379945,0.4157303370786517
Concrete,concrete,0.003,0.2,7,9,0.5403517216679333,2.037288989669942,0.26,2.8992189468379945,0.4157303370786517
Concrete,concrete,0.003,0.2,8,9,0.5053616074588685,1.8022171831695641,0.22330097087378642,2.8208616780045355,0.4
Concrete,concrete,0.0022,0.2,0,1,0.5849170252107424,1.8805744520030236,0.23529411764705882,2.8208616780045355,0.4
Concrete,concrete,0.0022,0.2,0,2,0.6050374228387885,2.1156462585034013,0.2727272727272727,2.5857898715041574,0.3548387096774194
Concrete,concrete,0.0022,0.2,0,3,0.6097399155842054,2.6641471403376165,0.3695652173913043,2.8208616780045355,0.4
Concrete,concrete,0.0022,0.2,0,4,0.5515337558929637,2.3507180650037793,0.3125,2.3507180650037793,0.3125
Concrete,concrete,0.0022,0.2,0,5,0.6889127265639203,2.5857898715041574,0.3548387096774194,2.8208616780045355,0.4
Concrete,concrete,0.0022,0.2,0,6,0.5916078028975089,2.3507180650037793,0.3125,2.742504409171076,0.38461538461538464
Concrete,concrete,0.0022,0.2,0,7,0.46117607689908285,2.037288989669942,0.26,2.1940035273368608,0.2857142857142857
Concrete,concrete,0.0022,0.2,0,8,0.5799281810393405,2.429075333837239,0.3263157894736842,2.507432602670698,0.3404255319148936
Concrete,concrete,0.0022,0.2,0,9,0.5105939337637503,2.1156462585034013,0.2727272727272727,2.1156462585034013,0.2727272727272727
Concrete,concrete,0.0022,0.2,1,2,0.7128266295124811,2.3507180650037793,0.3125,3.212648022171832,0.4823529411764706
Concrete,concrete,0.0022,0.2,1,3,0.5667598070280231,2.1156462585034013,0.2727272727272727,2.6641471403376165,0.3695652173913043
Concrete,concrete,0.0022,0.2,1,4,0.5036118694831941,2.1156462585034013,0.2727272727272727,2.5857898715041574,0.3548387096774194
Concrete,concrete,0.0022,0.2,1,5,0.6337009544754508,2.429075333837239,0.3263157894736842,2.742504409171076,0.38461538461538464
Concrete,concrete,0.0022,0.2,1,6,0.5031168418734777,2.1156462585034013,0.2727272727272727,2.977576215671454,0.4318181818181818
Concrete,concrete,0.0022,0.2,1,7,0.3947819815841018,1.8022171831695641,0.22330097087378642,2.429075333837239,0.3263157894736842
Concrete,concrete,0.0022,0.2,1,8,0.6172879512439761,2.507432602670698,0.3404255319148936,2.5857898715041574,0.3548387096774194
Concrete,concrete,0.0022,0.2,1,9,0.27178877510640553,1.7238599143361049,0.21153846153846154,2.037288989669942,0.26
Concrete,concrete,0.0022,0.2,2,3,0.597556833263075,2.742504409171076,0.38461538461538464,2.5857898715041574,0.3548387096774194
Concrete,concrete,0.0022,0.2,2,4,0.5488159154699285,1.8805744520030236,0.23529411764705882,2.507432602670698,0.3404255319148936
Concrete,concrete,0.0022,0.2,2,5,0.6862617866763214,2.507432602670698,0.3404255319148936,2.8992189468379945,0.4157303370786517
Concrete,concrete,0.0022,0.2,2,6,0.5367571399374469,1.7238599143361049,0.21153846153846154,2.8992189468379945,0.4157303370786517
Concrete,concrete,0.0022,0.2,2,7,0.38132844959701195,1.3320735701688082,0.1559633027522936,2.037288989669942,0.26
Concrete,concrete,0.0022,0.2,2,8,0.5776716638150048,2.429075333837239,0.3263157894736842,2.1940035273368608,0.2857142857142857
Concrete,concrete,0.0022,0.2,2,9,0.3526020855845651,1.5671453766691863,0.18867924528301888,2.037288989669942,0.26
Concrete,concrete,0.0022,0.2,3,4,0.6816031912588641,2.5857898715041574,0.3548387096774194,3.212648022171832,0.4823529411764706
Concrete,concrete,0.0022,0.2,3,5,0.6937170836913661,2.8208616780045355,0.4,3.212648022171832,0.4823529411764706
Concrete,concrete,0.0022,0.2,3,6,0.5976188431890452,2.507432602670698,0.3404255319148936,2.8992189468379945,0.4157303370786517
Concrete,concrete,0.0022,0.2,3,7,0.5101079225890115,2.037288989669942,0.26,2.507432602670698,0.3404255319148936
Concrete,concrete,0.0022,0.2,3,8,0.6363784391518984,2.507432602670698,0.3404255319148936,2.6641471403376165,0.3695652173913043
Concrete,concrete,0.0022,0.2,3,9,0.6028672967069184,2.1940035273368608,0.2857142857142857,2.8208616780045355,0.4
Concrete,concrete,0.0022,0.2,4,5,0.6416954921763173,2.6641471403376165,0.3695652173913043,2.742504409171076,0.38461538461538464
Concrete,concrete,0.0022,0.2,4,6,0.5657468795142866,1.7238599143361049,0.21153846153846154,2.5857898715041574,0.3548387096774194
Concrete,concrete,0.0022,0.2,4,7,0.5075281969313138,2.3507180650037793,0.3125,2.3507180650037793,0.3125
Concrete,concrete,0.0022,0.2,4,8,0.5173617500927891,2.1156462585034013,0.2727272727272727,2.3507180650037793,0.3125
Concrete,concrete,0.0022,0.2,4,9,0.5884509481406132,1.7238599143361049,0.21153846153846154,2.977576215671454,0.4318181818181818
Concrete,concrete,0.0022,0.2,5,6,0.6693172222174305,2.507432602670698,0.3404255319148936,3.3693625598387507,0.5180722891566265
Concrete,concrete,0.0022,0.2,5,7,0.5324498616882855,2.1156462585034013,0.2727272727272727,2.507432602670698,0.3404255319148936
Concrete,concrete,0.0022,0.2,5,8,0.6252626743807427,2.2723607961703203,0.29896907216494845,2.6641471403376165,0.3695652173913043
Concrete,concrete,0.0022,0.2,5,9,0.5346400258790119,2.1940035273368608,0.2857142857142857,2.8208616780045355,0.4
Concrete,concrete,0.0022,0.2,6,7,0.4226406857312906,1.5671453766691863,0.18867924528301888,2.1156462585034013,0.2727272727272727
Concrete,concrete,0.0022,0.2,6,8,0.5509282089100969,2.3507180650037793,0.3125,2.5857898715041574,0.3548387096774194
Concrete,concrete,0.0022,0.2,6,9,0.5263378480548451,2.037288989669942,0.26,2.8208616780045355,0.4
Concrete,concrete,0.0022,0.2,7,8,0.5207675707009358,2.2723607961703203,0.29896907216494845,2.5857898715041574,0.3548387096774194
Concrete,concrete,0.0022,0.2,7,9,0.4804292851233938,2.2723607961703203,0.29896907216494845,2.429075333837239,0.3263157894736842
Concrete,concrete,0.0022,0.2,8,9,0.390094937634397,1.8805744520030236,0.23529411764705882,1.958931720836483,0.24752475247524752
Concrete,concrete,0.0018,0.2,0,1,0.6988213655161278,2.1156462585034013,0.2727272727272727,2.977576215671454,0.4318181818181818
Concrete,concrete,0.0018,0.2,0,2,0.5530956847061572,1.958931720836483,0.24752475247524752,2.507432602670698,0.3404255319148936
Concrete,concrete,0.0018,0.2,0,3,0.31011108571072454,1.0970017636684304,0.125,1.958931720836483,0.24752475247524752
Concrete,concrete,0.0018,0.2,0,4,0.6089095705115706,2.5857898715041574,0.3548387096774194,2.429075333837239,0.3263157894736842
Concrete,concrete,0.0018,0.2,0,5,0.54716104472494,2.3507180650037793,0.3125,2.6641471403376165,0.3695652173913043
Concrete,concrete,0.0018,0.2,0,6,0.4364604356002625,2.1156462585034013,0.2727272727272727,2.3507180650037793,0.3125
Concrete,concrete,0.0018,0.2,0,7,0.5815610839145807,2.1940035273368608,0.2857142857142857,2.6641471403376165,0.3695652173913043
Concrete,concrete,0.0018,0.2,0,8,0.6845340424846432,2.1940035273368608,0.2857142857142857,3.055933484504913,0.4482758620689655
Concrete,concrete,0.0018,0.2,0,9,0.7080932964379644,2.2723607961703203,0.29896907216494845,3.212648022171832,0.4823529411764706
Concrete,concrete,0.0018,0.2,1,2,0.5177138536298128,2.2723607961703203,0.29896907216494845,2.429075333837239,0.3263157894736842
Concrete,concrete,0.0018,0.2,1,3,0.2413857078605835,1.3320735701688082,0.1559633027522936,1.7238599143361049,0.21153846153846154
Concrete,concrete,0.0018,0.2,1,4,0.6002393659705595,2.2723607961703203,0.29896907216494845,2.8992189468379945,0.4157303370786517
Concrete,concrete,0.0018,0.2,1,5,0.6322487729215555,1.958931720836483,0.24752475247524752,3.3693625598387507,0.5180722891566265
Concrete,concrete,0.0018,0.2,1,6,0.3956688759048957,1.6455026455026456,0.2,2.429075333837239,0.3263157894736842
Concrete,concrete,0.0018,0.2,1,7,0.636831199170356,2.2723607961703203,0.29896907216494845,3.055933484504913,0.4482758620689655
Concrete,concrete,0.0018,0.2,1,8,0.6883046290302827,2.429075333837239,0.3263157894736842,2.977576215671454,0.4318181818181818
Concrete,concrete,0.0018,0.2,1,9,0.6404663025516174,1.8022171831695641,0.22330097087378642,2.8208616780045355,0.4
Concrete,concrete,0.0018,0.2,2,3,0.3122049749521638,1.6455026455026456,0.2,1.8805744520030236,0.23529411764705882
Concrete,concrete,0.0018,0.2,2,4,0.5328090053803319,2.3507180650037793,0.3125,2.2723607961703203,0.29896907216494845
Concrete,concrete,0.0018,0.2,2,5,0.37242861911344655,1.7238599143361049,0.21153846153846154,2.2723607961703203,0.29896907216494845
Concrete,concrete,0.0018,0.2,2,6,0.26041033340138414,1.6455026455026456,0.2,1.4104308390022677,0.16666666666666666
Concrete,concrete,0.0018,0.2,2,7,0.5176817326874357,2.1156462585034013,0.2727272727272727,2.507432602670698,0.3404255319148936
Concrete,concrete,0.0018,0.2,2,8,0.5791713290833901,2.2723607961703203,0.29896907216494845,2.3507180650037793,0.3125
Concrete,concrete,0.0018,0.2,2,9,0.6300730469104588,2.3507180650037793,0.3125,2.5857898715041574,0.3548387096774194
Concrete,concrete,0.0018,0.2,3,4,0.3392306481621571,1.6455026455026456,0.2,2.037288989669942,0.26
Concrete,concrete,0.0018,0.2,3,5,0.2732727153774215,0.9402872260015118,0.10526315789473684,1.8805744520030236,0.23529411764705882
Concrete,concrete,0.0018,0.2,3,6,0.2187866030004193,1.3320735701688082,0.1559633027522936,1.5671453766691863,0.18867924528301888
Concrete,concrete,0.0018,0.2,3,7,0.23250714842348988,1.6455026455026456,0.2,1.5671453766691863,0.18867924528301888
Concrete,concrete,0.0018,0.2,3,8,0.3234878727019568,1.6455026455026456,0.2,1.8805744520030236,0.23529411764705882
Concrete,concrete,0.0018,0.2,3,9,0.433877482104114,1.7238599143361049,0.21153846153846154,2.1156462585034013,0.2727272727272727
Concrete,concrete,0.0018,0.2,4,5,0.4431632320256307,1.958931720836483,0.24752475247524752,2.507432602670698,0.3404255319148936
Concrete,concrete,0.0018,0.2,4,6,0.3441373907907264,2.1940035273368608,0.2857142857142857,1.5671453766691863,0.18867924528301888
Concrete,concrete,0.0018,0.2,4,7,0.4822165183494007,2.2723607961703203,0.29896907216494845,2.3507180650037793,0.3125
Concrete,concrete,0.0018,0.2,4,8,0.6108858297470358,2.1156462585034013,0.2727272727272727,2.8992189468379945,0.4157303370786517
Concrete,concrete,0.0018,0.2,4,9,0.6130054484294052,2.507432602670698,0.3404255319148936,2.429075333837239,0.3263157894736842
Concrete,concrete,0.0018,0.2,5,6,0.45409552191700087,1.6455026455026456,0.2,2.3507180650037793,0.3125
Concrete,concrete,0.0018,0.2,5,7,0.6140623096767956,2.1156462585034013,0.2727272727272727,2.977576215671454,0.4318181818181818
Concrete,concrete,0.0018,0.2,5,8,0.6783466169084486,2.3507180650037793,0.3125,2.8992189468379945,0.4157303370786517
Concrete,concrete,0.0018,0.2,5,9,0.5887942095521672,1.7238599143361049,0.21153846153846154,3.055933484504913,0.4482758620689655
Concrete,concrete,0.0018,0.2,6,7,0.44991020969721685,2.507432602670698,0.3404255319148936,1.8805744520030236,0.23529411764705882
Concrete,concrete,0.0018,0.2,6,8,0.43930117493659365,1.6455026455026456,0.2,2.2723607961703203,0.29896907216494845
Concrete,concrete,0.0018,0.2,6,9,0.46804182006707756,2.037288989669942,0.26,2.1940035273368608,0.2857142857142857
Concrete,concrete,0.0018,0.2,7,8,0.6850576815898263,2.742504409171076,0.38461538461538464,2.8992189468379945,0.4157303370786517
Concrete,concrete,0.0018,0.2,7,9,0.6334221160067718,2.037288989669942,0.26,3.1342907533383726,0.46511627906976744
Concrete,concrete,0.0018,0.2,8,9,0.704503195981501,1.8022171831695641,0.22330097087378642,2.8208616780045355,0.4
Concrete,concrete,0.0014,0.2,0,1,0.1074324679056202,1.3320735701688082,0.1559633027522936,1.4104308390022677,0.16666666666666666
Concrete,concrete,0.0014,0.2,0,2,0.11681122258936329,1.253716301335349,0.14545454545454545,1.4104308390022677,0.16666666666666666
Concrete,concrete,0.0014,0.2,0,3,0.3797144982504817,1.488788107835727,0.17757009345794392,2.2723607961703203,0.29896907216494845
Concrete,concrete,0.0014,0.2,0,4,0.3115098752497777,1.8022171831695641,0.22330097087378642,1.8805744520030236,0.23529411764705882
Concrete,concrete,0.0014,0.2,0,5,0.16137167101398178,1.3320735701688082,0.1559633027522936,1.8022171831695641,0.22330097087378642
Concrete,concrete,0.0014,0.2,0,6,0.07816984247235792,0.9402872260015118,0.10526315789473684,1.0970017636684304,0.125
Concrete,concrete,0.0014,0.2,0,7,0.20668385966983688,1.018644494834971,0.11504424778761062,1.8805744520030236,0.23529411764705882
Concrete,concrete,0.0014,0.2,0,8,0.2001167989002428,1.3320735701688082,0.1559633027522936,1.3320735701688082,0.1559633027522936
Concrete,concrete,0.0014,0.2,0,9,0.1639203235364695,1.5671453766691863,0.18867924528301888,1.7238599143361049,0.21153846153846154
Concrete,concrete,0.0014,0.2,1,2,0.5752453532624476,2.1940035273368608,0.2857142857142857,2.8208616780045355,0.4
Concrete,concrete,0.0014,0.2,1,3,0.43923537346720376,2.5857898715041574,0.3548387096774194,1.7238599143361049,0.21153846153846154
Concrete,concrete,0.0014,0.2,1,4,0.5061962470253641,2.3507180650037793,0.3125,2.6641471403376165,0.3695652173913043
Concrete,concrete,0.0014,0.2,1,5,0.5271865669154524,2.429075333837239,0.3263157894736842,2.742504409171076,0.38461538461538464
Concrete,concrete,0.0014,0.2,1,6,0.6976121210971034,2.429075333837239,0.3263157894736842,2.8208616780045355,0.4
Concrete,concrete,0.0014,0.2,1,7,0.4362890970011805,2.2723607961703203,0.29896907216494845,2.5857898715041574,0.3548387096774194
Concrete,concrete,0.0014,0.2,1,8,0.537395533690852,1.958931720836483,0.24752475247524752,3.055933484504913,0.4482758620689655
Concrete,concrete,0.0014,0.2,1,9,0.48499505827380923,1.8022171831695641,0.22330097087378642,2.5857898715041574,0.3548387096774194
Concrete,concrete,0.0014,0.2,2,3,0.4536183911959946,2.1156462585034013,0.2727272727272727,2.1156462585034013,0.2727272727272727
Concrete,concrete,0.0014,0.2,2,4,0.6089807615447517,2.1940035273368608,0.2857142857142857,2.5857898715041574,0.3548387096774194
Concrete,concrete,0.0014,0.2,2,5,0.5846468240474921,2.507432602670698,0.3404255319148936,3.055933484504913,0.4482758620689655
Concrete,concrete,0.0014,0.2,2,6,0.6059980292976581,2.1156462585034013,0.2727272727272727,2.6641471403376165,0.3695652173913043
Concrete,concrete,0.0014,0.2,2,7,0.5250534042335205,2.2723607961703203,0.29896907216494845,2.6641471403376165,0.3695652173913043
Concrete,concrete,0.0014,0.2,2,8,0.6413159295960806,1.8022171831695641,0.22330097087378642,3.291005291005291,0.5
Concrete,concrete,0.0014,0.2,2,9,0.7074228337437372,2.742504409171076,0.38461538461538464,2.8208616780045355,0.4
Concrete,concrete,0.0014,0.2,3,4,0.5649202672547244,2.8208616780045355,0.4,2.3507180650037793,0.3125
Concrete,concrete,0.0014,0.2,3,5,0.43404145419629364,2.1940035273368608,0.2857142857142857,2.1940035273368608,0.2857142857142857
Concrete,concrete,0.0014,0.2,3,6,0.3764784784373682,2.3507180650037793,0.3125,2.1156462585034013,0.2727272727272727
Concrete,concrete,0.0014,0.2,3,7,0.3123191453059566,2.1940035273368608,0.2857142857142857,1.8022171831695641,0.22330097087378642
Concrete,concrete,0.0014,0.2,3,8,0.36186979460391755,1.488788107835727,0.17757009345794392,1.8805744520030236,0.23529411764705882
Concrete,concrete,0.0014,0.2,3,9,0.464620166871892,2.507432602670698,0.3404255319148936,2.1940035273368608,0.2857142857142857
Concrete,concrete,0.0014,0.2,4,5,0.5778582571540437,2.429075333837239,0.3263157894736842,2.507432602670698,0.3404255319148936
Concrete,concrete,0.0014,0.2,4,6,0.42772162700291727,2.3507180650037793,0.3125,2.1940035273368608,0.2857142857142857
Concrete,concrete,0.0014,0.2,4,7,0.5403881989777638,2.1940035273368608,0.2857142857142857,2.8208616780045355,0.4
Concrete,concrete,0.0014,0.2,4,8,0.4375367065212948,1.5671453766691863,0.18867924528301888,2.429075333837239,0.3263157894736842
Concrete,concrete,0.0014,0.2,4,9,0.6179656795969988,2.2723607961703203,0.29896907216494845,2.742504409171076,0.38461538461538464
Concrete,concrete,0.0014,0.2,5,6,0.431982603524357,2.429075333837239,0.3263157894736842,2.1156462585034013,0.2727272727272727
Concrete,concrete,0.0014,0.2,5,7,0.3437073962271682,1.8805744520030236,0.23529411764705882,2.1940035273368608,0.2857142857142857
Concrete,concrete,0.0014,0.2,5,8,0.42088506242052737,2.1940035273368608,0.2857142857142857,2.2723607961703203,0.29896907216494845
Concrete,concrete,0.0014,0.2,5,9,0.5415641619385242,2.8208616780045355,0.4,2.5857898715041574,0.3548387096774194
Concrete,concrete,0.0014,0.2,6,7,0.5115561459577448,2.2723607961703203,0.29896907216494845,2.3507180650037793,0.3125
Concrete,concrete,0.0014,0.2,6,8,0.6618305122580616,2.2723607961703203,0.29896907216494845,3.055933484504913,0.4482758620689655
Concrete,concrete,0.0014,0.2,6,9,0.6112672361698994,2.2723607961703203,0.29896907216494845,2.8992189468379945,0.4157303370786517
Concrete,concrete,0.0014,0.2,7,8,0.6345083472084772,1.8805744520030236,0.23529411764705882,2.8208616780045355,0.4
Concrete,concrete,0.0014,0.2,7,9,0.5633790678517354,2.507432602670698,0.3404255319148936,2.429075333837239,0.3263157894736842
Concrete,concrete,0.0014,0.2,8,9,0.5867791699454737,1.8805744520030236,0.23529411764705882,2.742504409171076,0.38461538461538464
Concrete,concrete,0.0012,0.2,0,1,0.10835191838373821,1.4104308390022677,0.16666666666666666,1.488788107835727,0.17757009345794392
Concrete,concrete,0.0012,0.2,0,2,0.5408871103842203,2.5857898715041574,0.3548387096774194,2.1156462585034013,0.2727272727272727
Concrete,concrete,0.0012,0.2,0,3,0.6433781082920171,2.1940035273368608,0.2857142857142857,2.8992189468379945,0.4157303370786517
Concrete,concrete,0.0012,0.2,0,4,0.4694260351716717,1.7238599143361049,0.21153846153846154,2.5857898715041574,0.3548387096774194
Concrete,concrete,0.0012,0.2,0,5,0.596094402548004,2.1156462585034013,0.2727272727272727,2.6641471403376165,0.3695652173913043
Concrete,concrete,0.0012,0.2,0,6,0.6187909757839027,1.5671453766691863,0.18867924528301888,2.977576215671454,0.4318181818181818
Concrete,concrete,0.0012,0.2,0,7,0.4869859282771879,1.253716301335349,0.14545454545454545,2.3507180650037793,0.3125
Concrete,concrete,0.0012,0.2,0,8,0.5387882906527403,2.1156462585034013,0.2727272727272727,2.507432602670698,0.3404255319148936
Concrete,concrete,0.0012,0.2,0,9,0.5670666657550838,1.8022171831695641,0.22330097087378642,2.8208616780045355,0.4
Concrete,concrete,0.0012,0.2,1,2,0.29130260310650824,1.7238599143361049,0.21153846153846154,1.8022171831695641,0.22330097087378642
Concrete,concrete,0.0012,0.2,1,3,0.23435459680600526,1.253716301335349,0.14545454545454545,1.958931720836483,0.24752475247524752
Concrete,concrete,0.0012,0.2,1,4,0.2816393738988826,1.4104308390022677,0.16666666666666666,2.1156462585034013,0.2727272727272727
Concrete,concrete,0.0012,0.2,1,5,0.24455136691446577,1.7238599143361049,0.21153846153846154,1.4104308390022677,0.16666666666666666
Concrete,concrete,0.0012,0.2,1,6,0.23248481829286766,1.3320735701688082,0.1559633027522936,1.5671453766691863,0.18867924528301888
Concrete,concrete,0.0012,0.2,1,7,0.34092060372363864,1.0970017636684304,0.125,1.7238599143361049,0.21153846153846154
Concrete,concrete,0.0012,0.2,1,8,0.2673669686138739,1.8022171831695641,0.22330097087378642,1.958931720836483,0.24752475247524752
Concrete,concrete,0.0012,0.2,1,9,0.26074247163012204,1.4104308390022677,0.16666666666666666,1.8022171831695641,0.22330097087378642
Concrete,concrete,0.0012,0.2,2,3,0.5754369836572456,2.429075333837239,0.3263157894736842,2.2723607961703203,0.29896907216494845
Concrete,concrete,0.0012,0.2,2,4,0.5757317368948964,2.429075333837239,0.3263157894736842,2.6641471403376165,0.3695652173913043
Concrete,concrete,0.0012,0.2,2,5,0.670579194961142,2.742504409171076,0.38461538461538464,2.8992189468379945,0.4157303370786517
Concrete,concrete,0.0012,0.2,2,6,0.6406301690433029,2.429075333837239,0.3263157894736842,2.742504409171076,0.38461538461538464
Concrete,concrete,0.0012,0.2,2,7,0.6937750315046085,2.429075333837239,0.3263157894736842,3.1342907533383726,0.46511627906976744
Concrete,concrete,0.0012,0.2,2,8,0.5461948647231614,2.429075333837239,0.3263157894736842,2.5857898715041574,0.3548387096774194
Concrete,concrete,0.0012,0.2,2,9,0.6096450604813926,2.2723607961703203,0.29896907216494845,2.5857898715041574,0.3548387096774194
Concrete,concrete,0.0012,0.2,3,4,0.6319319238007345,2.742504409171076,0.38461538461538464,3.3693625598387507,0.5180722891566265
Concrete,concrete,0.0012,0.2,3,5,0.6632924493733879,2.1156462585034013,0.2727272727272727,3.1342907533383726,0.46511627906976744
Concrete,concrete,0.0012,0.2,3,6,0.7058198299985591,2.5857898715041574,0.3548387096774194,2.977576215671454,0.4318181818181818
Concrete,concrete,0.0012,0.2,3,7,0.5988767132041288,1.8022171831695641,0.22330097087378642,2.977576215671454,0.4318181818181818
Concrete,concrete,0.0012,0.2,3,8,0.635157293106299,2.1940035273368608,0.2857142857142857,2.742504409171076,0.38461538461538464
Concrete,concrete,0.0012,0.2,3,9,0.7122043059147456,2.429075333837239,0.3263157894736842,3.212648022171832,0.4823529411764706
Concrete,concrete,0.0012,0.2,4,5,0.4798144536133043,1.8022171831695641,0.22330097087378642,2.8208616780045355,0.4
Concrete,concrete,0.0012,0.2,4,6,0.6902534420198028,2.429075333837239,0.3263157894736842,3.055933484504913,0.4482758620689655
Concrete,concrete,0.0012,0.2,4,7,0.509222678879446,1.4104308390022677,0.16666666666666666,2.742504409171076,0.38461538461538464
Concrete,concrete,0.0012,0.2,4,8,0.5481954683040005,2.8208616780045355,0.4,2.5857898715041574,0.3548387096774194
Concrete,concrete,0.0012,0.2,4,9,0.6357242051195122,2.6641471403376165,0.3695652173913043,3.055933484504913,0.4482758620689655
Concrete,concrete,0.0012,0.2,5,6,0.7262669525513502,2.3507180650037793,0.3125,3.4477198286722097,0.5365853658536586
Concrete,concrete,0.0012,0.2,5,7,0.8347483345269434,2.1940035273368608,0.2857142857142857,3.4477198286722097,0.5365853658536586
Concrete,concrete,0.0012,0.2,5,8,0.5605002743685198,2.2723607961703203,0.29896907216494845,2.507432602670698,0.3404255319148936
Concrete,concrete,0.0012,0.2,5,9,0.6541193336944312,1.958931720836483,0.24752475247524752,2.8992189468379945,0.4157303370786517
Concrete,concrete,0.0012,0.2,6,7,0.7306273550691003,2.742504409171076,0.38461538461538464,3.055933484504913,0.4482758620689655
Concrete,concrete,0.0012,0.2,6,8,0.6193817972992592,2.429075333837239,0.3263157894736842,2.507432602670698,0.3404255319148936
Concrete,concrete,0.0012,0.2,6,9,0.7493181429651872,2.507432602670698,0.3404255319148936,3.291005291005291,0.5
Concrete,concrete,0.0012,0.2,7,8,0.5045108249638705,2.037288989669942,0.26,2.507432602670698,0.3404255319148936
Concrete,concrete,0.0012,0.2,7,9,0.6023055054087876,1.8022171831695641,0.22330097087378642,2.507432602670698,0.3404255319148936
Concrete,concrete,0.0012,0.2,8,9,0.6767578547772505,2.5857898715041574,0.3548387096774194,2.977576215671454,0.4318181818181818
Concrete,concrete,0.003,0.4,0,1,0.5822274509241905,1.8805744520030236,0.23529411764705882,3.1342907533383726,0.46511627906976744
Concrete,concrete,0.003,0.4,0,2,0.6883149374801089,2.3507180650037793,0.3125,3.212648022171832,0.4823529411764706
Concrete,concrete,0.003,0.4,0,3,0.6520281718175263,2.1156462585034013,0.2727272727272727,2.8992189468379945,0.4157303370786517
Concrete,concrete,0.003,0.4,0,4,0.55925705672411,1.8805744520030236,0.23529411764705882,2.429075333837239,0.3263157894736842
Concrete,concrete,0.003,0.4,0,5,0.5524337441351802,2.037288989669942,0.26,2.5857898715041574,0.3548387096774194
Concrete,concrete,0.003,0.4,0,6,0.5539876112023857,1.958931720836483,0.24752475247524752,2.6641471403376165,0.3695652173913043
Concrete,concrete,0.003,0.4,0,7,0.4975719473258779,1.8022171831695641,0.22330097087378642,2.507432602670698,0.3404255319148936
Concrete,concrete,0.003,0.4,0,8,0.47004866557951075,2.1156462585034013,0.2727272727272727,1.8805744520030236,0.23529411764705882
Concrete,concrete,0.003,0.4,0,9,0.4178238865488863,1.7238599143361049,0.21153846153846154,2.1940035273368608,0.2857142857142857
Concrete,concrete,0.003,0.4,1,2,0.6713193451498253,2.429075333837239,0.3263157894736842,3.212648022171832,0.4823529411764706
Concrete,concrete,0.003,0.4,1,3,0.617082122761613,2.037288989669942,0.26,3.055933484504913,0.4482758620689655
Concrete,concrete,0.003,0.4,1,4,0.5601910388662928,1.958931720836483,0.24752475247524752,2.5857898715041574,0.3548387096774194
Concrete,concrete,0.003,0.4,1,5,0.5198309930656313,1.8805744520030236,0.23529411764705882,2.2723607961703203,0.29896907216494845
Concrete,concrete,0.003,0.4,1,6,0.5409695478462749,2.3507180650037793,0.3125,2.429075333837239,0.3263157894736842
Concrete,concrete,0.003,0.4,1,7,0.5200273525961598,2.1940035273368608,0.2857142857142857,2.6641471403376165,0.3695652173913043
Concrete,concrete,0.003,0.4,1,8,0.5179368456256019,2.1156462585034013,0.2727272727272727,2.1940035273368608,0.2857142857142857
Concrete,concrete,0.003,0.4,1,9,0.37853522744363766,1.5671453766691863,0.18867924528301888,1.8805744520030236,0.23529411764705882
Concrete,concrete,0.003,0.4,2,3,0.6654401643350859,2.1940035273368608,0.2857142857142857,3.291005291005291,0.5
Concrete,concrete,0.003,0.4,2,4,0.6013140575615131,2.037288989669942,0.26,2.8208616780045355,0.4
Concrete,concrete,0.003,0.4,2,5,0.5955671573526685,2.429075333837239,0.3263157894736842,2.8208616780045355,0.4
Concrete,concrete,0.003,0.4,2,6,0.6184693794477861,1.8022171831695641,0.22330097087378642,2.977576215671454,0.4318181818181818
Concrete,concrete,0.003,0.4,2,7,0.6123685944103239,2.429075333837239,0.3263157894736842,2.977576215671454,0.4318181818181818
Concrete,concrete,0.003,0.4,2,8,0.5484173530539667,2.5857898715041574,0.3548387096774194,2.3507180650037793,0.3125
Concrete,concrete,0.003,0.4,2,9,0.48556047566683364,1.8805744520030236,0.23529411764705882,2.1940035273368608,0.2857142857142857
Concrete,concrete,0.003,0.4,3,4,0.5200379964846075,1.7238599143361049,0.21153846153846154,2.8208616780045355,0.4
Concrete,concrete,0.003,0.4,3,5,0.5443748428331295,1.6455026455026456,0.2,2.742504409171076,0.38461538461538464
Concrete,concrete,0.003,0.4,3,6,0.5818538270520206,2.1156462585034013,0.2727272727272727,2.5857898715041574,0.3548387096774194
Concrete,concrete,0.003,0.4,3,7,0.5287357966143821,2.1940035273368608,0.2857142857142857,2.742504409171076,0.38461538461538464
Concrete,concrete,0.003,0.4,3,8,0.43039117006718114,2.2723607961703203,0.29896907216494845,2.1156462585034013,0.2727272727272727
Concrete,concrete,0.003,0.4,3,9,0.4139945961514286,2.1940035273368608,0.2857142857142857,2.037288989669942,0.26
Concrete,concrete,0.003,0.4,4,5,0.548412589729264,1.8805744520030236,0.23529411764705882,2.5857898715041574,0.3548387096774194
Concrete,concrete,0.003,0.4,4,6,0.5144795018244274,2.2723607961703203,0.29896907216494845,2.1940035273368608,0.2857142857142857
Concrete,concrete,0.003,0.4,4,7,0.4645552076184622,2.037288989669942,0.26,2.3507180650037793,0.3125
Concrete,concrete,0.003,0.4,4,8,0.5138307734162988,2.2723607961703203,0.29896907216494845,2.2723607961703203,0.29896907216494845
Concrete,concrete,0.003,0.4,4,9,0.39094849740873777,1.7238599143361049,0.21153846153846154,1.958931720836483,0.24752475247524752
Concrete,concrete,0.003,0.4,5,6,0.39213905971400354,1.8022171831695641,0.22330097087378642,1.8805744520030236,0.23529411764705882
Concrete,concrete,0.003,0.4,5,7,0.3990469586434029,1.8805744520030236,0.23529411764705882,2.1156462585034013,0.2727272727272727
Concrete,concrete,0.003,0.4,5,8,0.4636540131333259,2.429075333837239,0.3263157894736842,1.8805744520030236,0.23529411764705882
Concrete,concrete,0.003,0.4,5,9,0.3461055761412429,1.8022171831695641,0.22330097087378642,1.6455026455026456,0.2
Concrete,concrete,0.003,0.4,6,7,0.6291754629335423,1.958931720836483,0.24752475247524752,3.055933484504913,0.4482758620689655
Concrete,concrete,0.003,0.4,6,8,0.48149413648748945,2.3507180650037793,0.3125,2.1940035273368608,0.2857142857142857
Concrete,concrete,0.003,0.4,6,9,0.523781515996751,2.2723607961703203,0.29896907216494845,2.5857898715041574,0.3548387096774194
Concrete,concrete,0.003,0.4,7,8,0.4975049566261189,2.037288989669942,0.26,2.2723607961703203,0.29896907216494845
Concrete,concrete,0.003,0.4,7,9,0.49024098979847724,1.8022171831695641,0.22330097087378642,2.429075333837239,0.3263157894736842
Concrete,concrete,0.003,0.4,8,9,0.44145444480478857,2.1940035273368608,0.2857142857142857,1.8805744520030236,0.23529411764705882
Concrete,concrete,0.0022,0.4,0,1,0.553790953978426,2.1940035273368608,0.2857142857142857,2.5857898715041574,0.3548387096774194
Concrete,concrete,0.0022,0.4,0,2,0.5860888278009324,2.429075333837239,0.3263157894736842,2.5857898715041574,0.3548387096774194
Concrete,concrete,0.0022,0.4,0,3,0.507863859948607,2.429075333837239,0.3263157894736842,2.1940035273368608,0.2857142857142857
Concrete,concrete,0.0022,0.4,0,4,0.5739596621201934,2.1940035273368608,0.2857142857142857,2.6641471403376165,0.3695652173913043
Concrete,concrete,0.0022,0.4,0,5,0.27680254507433955,1.6455026455026456,0.2,1.488788107835727,0.17757009345794392
Concrete,concrete,0.0022,0.4,0,6,0.6084426644930673,2.1156462585034013,0.2727272727272727,2.507432602670698,0.3404255319148936
Concrete,concrete,0.0022,0.4,0,7,0.41499095754463206,2.1940035273368608,0.2857142857142857,2.037288989669942,0.26
Concrete,concrete,0.0022,0.4,0,8,0.4790528310225741,2.037288989669942,0.26,2.037288989669942,0.26
Concrete,concrete,0.0022,0.4,0,9,0.6452890016676806,2.3507180650037793,0.3125,2.6641471403376165,0.3695652173913043
Concrete,concrete,0.0022,0.4,1,2,0.5680287382675969,1.8805744520030236,0.23529411764705882,2.6641471403376165,0.3695652173913043
Concrete,concrete,0.0022,0.4,1,3,0.5146804896694084,2.1156462585034013,0.2727272727272727,1.8022171831695641,0.22330097087378642
Concrete,concrete,0.0022,0.4,1,4,0.5560337392281501,2.2723607961703203,0.29896907216494845,2.429075333837239,0.3263157894736842
Concrete,concrete,0.0022,0.4,1,5,0.2966711450603753,1.6455026455026456,0.2,1.5671453766691863,0.18867924528301888
Concrete,concrete,0.0022,0.4,1,6,0.4014604576238331,2.037288989669942,0.26,2.1156462585034013,0.2727272727272727
Concrete,concrete,0.0022,0.4,1,7,0.5459865817530123,2.429075333837239,0.3263157894736842,2.3507180650037793,0.3125
Concrete,concrete,0.0022,0.4,1,8,0.6482736066508339,2.2723607961703203,0.29896907216494845,2.6641471403376165,0.3695652173913043
Concrete,concrete,0.0022,0.4,1,9,0.5774719679177618,2.037288989669942,0.26,2.5857898715041574,0.3548387096774194
Concrete,concrete,0.0022,0.4,2,3,0.6174000210949866,2.5857898715041574,0.3548387096774194,2.2723607961703203,0.29896907216494845
Concrete,concrete,0.0022,0.4,2,4,0.6398936012130558,2.2723607961703203,0.29896907216494845,2.8208616780045355,0.4
Concrete,concrete,0.0022,0.4,2,5,0.16715633738242852,1.3320735701688082,0.1559633027522936,0.9402872260015118,0.10526315789473684
Concrete,concrete,0.0022,0.4,2,6,0.6107032467342975,2.1156462585034013,0.2727272727272727,2.8992189468379945,0.4157303370786517
Concrete,concrete,0.0022,0.4,2,7,0.5937627333901299,2.429075333837239,0.3263157894736842,2.977576215671454,0.4318181818181818
Concrete,concrete,0.0022,0.4,2,8,0.6193659964080666,2.3507180650037793,0.3125,2.5857898715041574,0.3548387096774194
Concrete,concrete,0.0022,0.4,2,9,0.6057790652346341,2.2723607961703203,0.29896907216494845,2.6641471403376165,0.3695652173913043
Concrete,concrete,0.0022,0.4,3,4,0.6254365553179417,2.429075333837239,0.3263157894736842,2.5857898715041574,0.3548387096774194
Concrete,concrete,0.0022,0.4,3,5,0.18221252204098812,1.253716301335349,0.14545454545454545,1.3320735701688082,0.1559633027522936
Concrete,concrete,0.0022,0.4,3,6,0.4372020286114366,1.8805744520030236,0.23529411764705882,1.958931720836483,0.24752475247524752
Concrete,concrete,0.0022,0.4,3,7,0.5083264311642834,2.1940035273368608,0.2857142857142857,2.1156462585034013,0.2727272727272727
Concrete,concrete,0.0022,0.4,3,8,0.5636181321476258,2.2723607961703203,0.29896907216494845,2.507432602670698,0.3404255319148936
Concrete,concrete,0.0022,0.4,3,9,0.5907458465305059,2.2723607961703203,0.29896907216494845,2.5857898715041574,0.3548387096774194
Concrete,concrete,0.0022,0.4,4,5,0.23687403819694677,1.253716301335349,0.14545454545454545,1.488788107835727,0.17757009345794392
Concrete,concrete,0.0022,0.4,4,6,0.5724802764566193,2.2723607961703203,0.29896907216494845,2.742504409171076,0.38461538461538464
Concrete,concrete,0.0022,0.4,4,7,0.5288346029890285,2.3507180650037793,0.3125,2.6641471403376165,0.3695652173913043
Concrete,concrete,0.0022,0.4,4,8,0.6423868027185776,2.3507180650037793,0.3125,2.8208616780045355,0.4
Concrete,concrete,0.0022,0.4,4,9,0.5935886515916151,2.037288989669942,0.26,2.8208616780045355,0.4
Concrete,concrete,0.0022,0.4,5,6,0.19376236199423602,1.6455026455026456,0.2,1.7238599143361049,0.21153846153846154
Concrete,concrete,0.0022,0.4,5,7,0.2908981796476294,2.1940035273368608,0.2857142857142857,1.1753590325018897,0.13513513513513514
Concrete,concrete,0.0022,0.4,5,8,0.20983063933159568,1.5671453766691863,0.18867924528301888,1.4104308390022677,0.16666666666666666
Concrete,concrete,0.0022,0.4,5,9,0.2562760887466502,1.5671453766691863,0.18867924528301888,1.5671453766691863,0.18867924528301888
Concrete,concrete,0.0022,0.4,6,7,0.4719220977017146,2.3507180650037793,0.3125,2.507432602670698,0.3404255319148936
Concrete,concrete,0.0022,0.4,6,8,0.5357551500160277,2.3507180650037793,0.3125,2.429075333837239,0.3263157894736842
Concrete,concrete,0.0022,0.4,6,9,0.586896347458215,2.3507180650037793,0.3125,2.507432602670698,0.3404255319148936
Concrete,concrete,0.0022,0.4,7,8,0.6084144281036348,2.977576215671454,0.4318181818181818,2.8992189468379945,0.4157303370786517
Concrete,concrete,0.0022,0.4,7,9,0.44169046434840953,2.3507180650037793,0.3125,2.2723607961703203,0.29896907216494845
Concrete,concrete,0.0022,0.4,8,9,0.5579671374857783,2.429075333837239,0.3263157894736842,2.429075333837239,0.3263157894736842
Concrete,concrete,0.0018,0.4,0,1,0.5709842802425631,2.3507180650037793,0.3125,2.507432602670698,0.3404255319148936
Concrete,concrete,0.0018,0.4,0,2,0.5820400870019825,1.8022171831695641,0.22330097087378642,2.5857898715041574,0.3548387096774194
Concrete,concrete,0.0018,0.4,0,3,0.600660163926303,2.3507180650037793,0.3125,2.5857898715041574,0.3548387096774194
Concrete,concrete,0.0018,0.4,0,4,0.5517143518009574,1.5671453766691863,0.18867924528301888,2.742504409171076,0.38461538461538464
Concrete,concrete,0.0018,0.4,0,5,0.4706781045604344,1.7238599143361049,0.21153846153846154,2.429075333837239,0.3263157894736842
Concrete,concrete,0.0018,0.4,0,6,0.5880615312949872,2.507432602670698,0.3404255319148936,2.429075333837239,0.3263157894736842
Concrete,concrete,0.0018,0.4,0,7,0.5303222554385179,2.1156462585034013,0.2727272727272727,2.507432602670698,0.3404255319148936
Concrete,concrete,0.0018,0.4,0,8,0.24782960261368106,1.8022171831695641,0.22330097087378642,1.5671453766691863,0.18867924528301888
Concrete,concrete,0.0018,0.4,0,9,0.7023277285701129,2.8992189468379945,0.4157303370786517,2.429075333837239,0.3263157894736842
Concrete,concrete,0.0018,0.4,1,2,0.34500835312237854,1.0970017636684304,0.125,2.1940035273368608,0.2857142857142857
Concrete,concrete,0.0018,0.4,1,3,0.5315095580051888,1.958931720836483,0.24752475247524752,2.742504409171076,0.38461538461538464
Concrete,concrete,0.0018,0.4,1,4,0.3506241501019261,1.5671453766691863,0.18867924528301888,1.958931720836483,0.24752475247524752
Concrete,concrete,0.0018,0.4,1,5,0.29522128873100506,1.488788107835727,0.17757009345794392,1.958931720836483,0.24752475247524752
Concrete,concrete,0.0018,0.4,1,6,0.5281424337567227,2.1156462585034013,0.2727272727272727,2.6641471403376165,0.3695652173913043
Concrete,concrete,0.0018,0.4,1,7,0.41891957805494057,1.958931720836483,0.24752475247524752,2.037288989669942,0.26
Concrete,concrete,0.0018,0.4,1,8,0.34222822308309203,1.6455026455026456,0.2,1.4104308390022677,0.16666666666666666
Concrete,concrete,0.0018,0.4,1,9,0.5857317243170039,2.3507180650037793,0.3125,3.055933484504913,0.4482758620689655
Concrete,concrete,0.0018,0.4,2,3,0.5021781217345397,2.037288989669942,0.26,2.3507180650037793,0.3125
Concrete,concrete,0.0018,0.4,2,4,0.5767996119342746,1.958931720836483,0.24752475247524752,2.6641471403376165,0.3695652173913043
Concrete,concrete,0.0018,0.4,2,5,0.5931065511689815,1.8805744520030236,0.23529411764705882,3.055933484504913,0.4482758620689655
Concrete,concrete,0.0018,0.4,2,6,0.5506497398386546,1.7238599143361049,0.21153846153846154,2.2723607961703203,0.29896907216494845
Concrete,concrete,0.0018,0.4,2,7,0.483550117719991,1.8805744520030236,0.23529411764705882,2.1940035273368608,0.2857142857142857
Concrete,concrete,0.0018,0.4,2,8,0.36362918005530737,1.6455026455026456,0.2,1.8805744520030236,0.23529411764705882
Concrete,concrete,0.0018,0.4,2,9,0.5343369306322102,1.6455026455026456,0.2,2.742504409171076,0.38461538461538464
Concrete,concrete,0.0018,0.4,3,4,0.40888389064878217,1.8022171831695641,0.22330097087378642,2.1940035273368608,0.2857142857142857
Concrete,concrete,0.0018,0.4,3,5,0.3661971672998857,1.7238599143361049,0.21153846153846154,2.2723607961703203,0.29896907216494845
Concrete,concrete,0.0018,0.4,3,6,0.4988448019721062,1.7238599143361049,0.21153846153846154,2.1940035273368608,0.2857142857142857
Concrete,concrete,0.0018,0.4,3,7,0.4596911431297897,2.1156462585034013,0.2727272727272727,2.037288989669942,0.26
Concrete,concrete,0.0018,0.4,3,8,0.31033584893780247,1.6455026455026456,0.2,1.6455026455026456,0.2
Concrete,concrete,0.0018,0.4,3,9,0.6058588988942704,2.429075333837239,0.3263157894736842,3.055933484504913,0.4482758620689655
Concrete,concrete,0.0018,0.4,4,5,0.6077316660931352,2.1940035273368608,0.2857142857142857,2.8208616780045355,0.4
Concrete,concrete,0.0018,0.4,4,6,0.501806832551454,1.3320735701688082,0.1559633027522936,2.1940035273368608,0.2857142857142857
Concrete,concrete,0.0018,0.4,4,7,0.4942951648730761,1.5671453766691863,0.18867924528301888,2.1940035273368608,0.2857142857142857
Concrete,concrete,0.0018,0.4,4,8,0.31539503583813827,1.6455026455026456,0.2,2.1940035273368608,0.2857142857142857
Concrete,concrete,0.0018,0.4,4,9,0.48748840414203176,1.5671453766691863,0.18867924528301888,2.2723607961703203,0.29896907216494845
Concrete,concrete,0.0018,0.4,5,6,0.39848504678475344,2.3507180650037793,0.3125,1.8805744520030236,0.23529411764705882
Concrete,concrete,0.0018,0.4,5,7,0.4711339283176873,1.8805744520030236,0.23529411764705882,2.1940035273368608,0.2857142857142857
Concrete,concrete,0.0018,0.4,5,8,0.2705838129558189,1.6455026455026456,0.2,1.8022171831695641,0.22330097087378642
Concrete,concrete,0.0018,0.4,5,9,0.36374388103833993,1.8022171831695641,0.22330097087378642,1.8805744520030236,0.23529411764705882
Concrete,concrete,0.0018,0.4,6,7,0.4933138980506985,2.3507180650037793,0.3125,2.2723607961703203,0.29896907216494845
Concrete,concrete,0.0018,0.4,6,8,0.38411251560297155,1.958931720836483,0.24752475247524752,2.1940035273368608,0.2857142857142857
Concrete,concrete,0.0018,0.4,6,9,0.6551511565666716,2.1156462585034013,0.2727272727272727,2.5857898715041574,0.3548387096774194
Concrete,concrete,0.0018,0.4,7,8,0.17013161974108695,1.3320735701688082,0.1559633027522936,0.9402872260015118,0.10526315789473684
Concrete,concrete,0.0018,0.4,7,9,0.5900887426182766,2.6641471403376165,0.3695652173913043,2.429075333837239,0.3263157894736842
Concrete,concrete,0.0018,0.4,8,9,0.22281722788948283,1.5671453766691863,0.18867924528301888,1.488788107835727,0.17757009345794392
Concrete,concrete,0.0014,0.4,0,1,0.5587213790863906,1.8022171831695641,0.22330097087378642,2.977576215671454,0.4318181818181818
Concrete,concrete,0.0014,0.4,0,2,0.6303440490345052,2.3507180650037793,0.3125,2.977576215671454,0.4318181818181818
Concrete,concrete,0.0014,0.4,0,3,0.5378339651352606,2.1940035273368608,0.2857142857142857,2.429075333837239,0.3263157894736842
Concrete,concrete,0.0014,0.4,0,4,0.483714372825886,2.1156462585034013,0.2727272727272727,2.1940035273368608,0.2857142857142857
Concrete,concrete,0.0014,0.4,0,5,0.4634364850465732,1.5671453766691863,0.18867924528301888,2.3507180650037793,0.3125
Concrete,concrete,0.0014,0.4,0,6,0.5348388423224945,2.2723607961703203,0.29896907216494845,2.742504409171076,0.38461538461538464
Concrete,concrete,0.0014,0.4,0,7,0.5320454989650321,2.5857898715041574,0.3548387096774194,2.3507180650037793,0.3125
Concrete,concrete,0.0014,0.4,0,8,0.5910546280969385,1.8805744520030236,0.23529411764705882,2.8208616780045355,0.4
Concrete,concrete,0.0014,0.4,0,9,0.387086740824495,1.488788107835727,0.17757009345794392,2.3507180650037793,0.3125
Concrete,concrete,0.0014,0.4,1,2,0.5537259805928052,1.8022171831695641,0.22330097087378642,2.8208616780045355,0.4
Concrete,concrete,0.0014,0.4,1,3,0.5014170293191398,1.488788107835727,0.17757009345794392,2.8208616780045355,0.4
Concrete,concrete,0.0014,0.4,1,4,0.4026073735508058,1.4104308390022677,0.16666666666666666,1.7238599143361049,0.21153846153846154
Concrete,concrete,0.0014,0.4,1,5,0.43360393562211885,1.5671453766691863,0.18867924528301888,1.958931720836483,0.24752475247524752
Concrete,concrete,0.0014,0.4,1,6,0.5538793974230645,1.488788107835727,0.17757009345794392,2.8208616780045355,0.4
Concrete,concrete,0.0014,0.4,1,7,0.3517896936492462,1.6455026455026456,0.2,1.958931720836483,0.24752475247524752
Concrete,concrete,0.0014,0.4,1,8,0.587727743168311,1.5671453766691863,0.18867924528301888,2.742504409171076,0.38461538461538464
Concrete,concrete,0.0014,0.4,1,9,0.5721628879521371,3.055933484504913,0.4482758620689655,2.507432602670698,0.3404255319148936
Concrete,concrete,0.0014,0.4,2,3,0.5826987770341491,2.5857898715041574,0.3548387096774194,2.742504409171076,0.38461538461538464
Concrete,concrete,0.0014,0.4,2,4,0.5586226601521795,1.8022171831695641,0.22330097087378642,2.977576215671454,0.4318181818181818
Concrete,concrete,0.0014,0.4,2,5,0.5394164222312198,2.1940035273368608,0.2857142857142857,2.5857898715041574,0.3548387096774194
Concrete,concrete,0.0014,0.4,2,6,0.5406542287601938,2.2723607961703203,0.29896907216494845,2.8992189468379945,0.4157303370786517
Concrete,concrete,0.0014,0.4,2,7,0.5413168729169143,2.6641471403376165,0.3695652173913043,2.3507180650037793,0.3125
Concrete,concrete,0.0014,0.4,2,8,0.6222174024898166,2.507432602670698,0.3404255319148936,2.8208616780045355,0.4
Concrete,concrete,0.0014,0.4,2,9,0.4321282532368205,1.4104308390022677,0.16666666666666666,2.1940035273368608,0.2857142857142857
Concrete,concrete,0.0014,0.4,3,4,0.3827161585243837,1.958931720836483,0.24752475247524752,2.2723607961703203,0.29896907216494845
Concrete,concrete,0.0014,0.4,3,5,0.40005357911715866,1.8022171831695641,0.22330097087378642,1.8805744520030236,0.23529411764705882
Concrete,concrete,0.0014,0.4,3,6,0.6003756373263605,2.3507180650037793,0.3125,2.8208616780045355,0.4
Concrete,concrete,0.0014,0.4,3,7,0.562768108995725,2.6641471403376165,0.3695652173913043,2.3507180650037793,0.3125
Concrete,concrete,0.0014,0.4,3,8,0.6259202366999871,2.507432602670698,0.3404255319148936,2.742504409171076,0.38461538461538464
Concrete,concrete,0.0014,0.4,3,9,0.255564461039829,1.0970017636684304,0.125,1.5671453766691863,0.18867924528301888
Concrete,concrete,0.0014,0.4,4,5,0.4357538402661759,1.958931720836483,0.24752475247524752,2.507432602670698,0.3404255319148936
Concrete,concrete,0.0014,0.4,4,6,0.6008605500376477,2.429075333837239,0.3263157894736842,2.8992189468379945,0.4157303370786517
Concrete,concrete,0.0014,0.4,4,7,0.37458264721435747,2.3507180650037793,0.3125,1.958931720836483,0.24752475247524752
Concrete,concrete,0.0014,0.4,4,8,0.2734992298464987,1.4104308390022677,0.16666666666666666,1.8022171831695641,0.22330097087378642
Concrete,concrete,0.0014,0.4,4,9,0.2525242523603612,1.253716301335349,0.14545454545454545,1.6455026455026456,0.2
Concrete,concrete,0.0014,0.4,5,6,0.41902853246511723,2.1156462585034013,0.2727272727272727,1.8022171831695641,0.22330097087378642
Concrete,concrete,0.0014,0.4,5,7,0.37770974827583376,1.8022171831695641,0.22330097087378642,1.8022171831695641,0.22330097087378642
Concrete,concrete,0.0014,0.4,5,8,0.41797365464952574,1.958931720836483,0.24752475247524752,2.037288989669942,0.26
Concrete,concrete,0.0014,0.4,5,9,0.42239567960700075,1.488788107835727,0.17757009345794392,2.037288989669942,0.26
Concrete,concrete,0.0014,0.4,6,7,0.3891491982981399,2.1940035273368608,0.2857142857142857,1.8022171831695641,0.22330097087378642
Concrete,concrete,0.0014,0.4,6,8,0.5693820096508269,2.037288989669942,0.26,3.055933484504913,0.4482758620689655
Concrete,concrete,0.0014,0.4,6,9,0.328902694877744,1.3320735701688082,0.1559633027522936,1.8022171831695641,0.22330097087378642
Concrete,concrete,0.0014,0.4,7,8,0.49552380122357365,1.958931720836483,0.24752475247524752,1.958931720836483,0.24752475247524752
Concrete,concrete,0.0014,0.4,7,9,0.15883872898449072,1.1753590325018897,0.13513513513513514,1.488788107835727,0.17757009345794392
Concrete,concrete,0.0014,0.4,8,9,0.4371055864147329,1.488788107835727,0.17757009345794392,2.2723607961703203,0.29896907216494845
Concrete,concrete,0.0012,0.4,0,1,0.0876451896874068,1.253716301335349,0.14545454545454545,1.4104308390022677,0.16666666666666666
Concrete,concrete,0.0012,0.4,0,2,0.2143526201001434,1.5671453766691863,0.18867924528301888,1.8022171831695641,0.22330097087378642
Concrete,concrete,0.0012,0.4,0,3,0.12218231933396462,1.488788107835727,0.17757009345794392,1.5671453766691863,0.18867924528301888
Concrete,concrete,0.0012,0.4,0,4,0.20995443807498962,1.3320735701688082,0.1559633027522936,1.8805744520030236,0.23529411764705882
Concrete,concrete,0.0012,0.4,0,5,0.16018994183464466,1.1753590325018897,0.13513513513513514,1.7238599143361049,0.21153846153846154
Concrete,concrete,0.0012,0.4,0,6,0.18667374077145651,1.253716301335349,0.14545454545454545,1.7238599143361049,0.21153846153846154
Concrete,concrete,0.0012,0.4,0,7,0.3582593183045243,3.6044343663391283,0.575,2.1940035273368608,0.2857142857142857
Concrete,concrete,0.0012,0.4,0,8,0.17290991650414905,1.4104308390022677,0.16666666666666666,1.488788107835727,0.17757009345794392
Concrete,concrete,0.0012,0.4,0,9,0.2479759578418009,2.8992189468379945,0.4157303370786517,1.8805744520030236,0.23529411764705882
Concrete,concrete,0.0012,0.4,1,2,0.6509200630829591,2.507432602670698,0.3404255319148936,2.5857898715041574,0.3548387096774194
Concrete,concrete,0.0012,0.4,1,3,0.4632715817908984,2.3507180650037793,0.3125,2.1156462585034013,0.2727272727272727
Concrete,concrete,0.0012,0.4,1,4,0.6101326501245377,2.2723607961703203,0.29896907216494845,2.742504409171076,0.38461538461538464
Concrete,concrete,0.0012,0.4,1,5,0.47165330991004356,2.429075333837239,0.3263157894736842,2.037288989669942,0.26
Concrete,concrete,0.0012,0.4,1,6,0.41698991916023115,2.1940035273368608,0.2857142857142857,1.7238599143361049,0.21153846153846154
Concrete,concrete,0.0012,0.4,1,7,0.4988210899320767,1.4104308390022677,0.16666666666666666,2.742504409171076,0.38461538461538464
Concrete,concrete,0.0012,0.4,1,8,0.41597887483218343,2.1940035273368608,0.2857142857142857,2.1940035273368608,0.2857142857142857
Concrete,concrete,0.0012,0.4,1,9,0.49666670086028825,1.6455026455026456,0.2,2.5857898715041574,0.3548387096774194
Concrete,concrete,0.0012,0.4,2,3,0.4315658922954694,2.1156462585034013,0.2727272727272727,2.1940035273368608,0.2857142857142857
Concrete,concrete,0.0012,0.4,2,4,0.6484477659245445,2.3507180650037793,0.3125,2.8208616780045355,0.4
Concrete,concrete,0.0012,0.4,2,5,0.3463888958509264,1.8022171831695641,0.22330097087378642,2.429075333837239,0.3263157894736842
Concrete,concrete,0.0012,0.4,2,6,0.49248036663041445,2.2723607961703203,0.29896907216494845,1.958931720836483,0.24752475247524752
Concrete,concrete,0.0012,0.4,2,7,0.49391311484848605,1.5671453766691863,0.18867924528301888,2.429075333837239,0.3263157894736842
Concrete,concrete,0.0012,0.4,2,8,0.5502304212052873,2.429075333837239,0.3263157894736842,3.055933484504913,0.4482758620689655
Concrete,concrete,0.0012,0.4,2,9,0.3200190227497461,1.6455026455026456,0.2,2.037288989669942,0.26
Concrete,concrete,0.0012,0.4,3,4,0.6355167226639763,2.5857898715041574,0.3548387096774194,2.8208616780045355,0.4
Concrete,concrete,0.0012,0.4,3,5,0.6013514938050641,1.958931720836483,0.24752475247524752,2.5857898715041574,0.3548387096774194
Concrete,concrete,0.0012,0.4,3,6,0.588336279155797,2.429075333837239,0.3263157894736842,2.6641471403376165,0.3695652173913043
Concrete,concrete,0.0012,0.4,3,7,0.29299174958286445,1.8022171831695641,0.22330097087378642,1.8805744520030236,0.23529411764705882
Concrete,concrete,0.0012,0.4,3,8,0.5069012637629396,1.8022171831695641,0.22330097087378642,2.8992189468379945,0.4157303370786517
Concrete,concrete,0.0012,0.4,3,9,0.09923642344635587,1.6455026455026456,0.2,1.253716301335349,0.14545454545454545
Concrete,concrete,0.0012,0.4,4,5,0.6875406031884927,2.5857898715041574,0.3548387096774194,2.977576215671454,0.4318181818181818
Concrete,concrete,0.0012,0.4,4,6,0.570899156581701,2.507432602670698,0.3404255319148936,2.429075333837239,0.3263157894736842
Concrete,concrete,0.0012,0.4,4,7,0.5460025934367485,1.7238599143361049,0.21153846153846154,2.977576215671454,0.4318181818181818
Concrete,concrete,0.0012,0.4,4,8,0.5772067407727316,2.1156462585034013,0.2727272727272727,2.8208616780045355,0.4
Concrete,concrete,0.0012,0.4,4,9,0.23755604733861257,1.488788107835727,0.17757009345794392,1.8022171831695641,0.22330097087378642
Concrete,concrete,0.0012,0.4,5,6,0.5061817904212441,2.037288989669942,0.26,2.507432602670698,0.3404255319148936
Concrete,concrete,0.0012,0.4,5,7,0.32051487991148503,1.3320735701688082,0.1559633027522936,2.037288989669942,0.26
Concrete,concrete,0.0012,0.4,5,8,0.5011229763280292,1.5671453766691863,0.18867924528301888,2.5857898715041574,0.3548387096774194
Concrete,concrete,0.0012,0.4,5,9,0.10181160406994343,1.3320735701688082,0.1559633027522936,1.1753590325018897,0.13513513513513514
Concrete,concrete,0.0012,0.4,6,7,0.2876101752736187,1.1753590325018897,0.13513513513513514,1.8022171831695641,0.22330097087378642
Concrete,concrete,0.0012,0.4,6,8,0.5535908819072267,2.1940035273368608,0.2857142857142857,2.507432602670698,0.3404255319148936
Concrete,concrete,0.0012,0.4,6,9,0.10365568296696899,1.488788107835727,0.17757009345794392,1.1753590325018897,0.13513513513513514
Concrete,concrete,0.0012,0.4,7,8,0.327786841906823,1.0970017636684304,0.125,2.1156462585034013,0.2727272727272727
Concrete,concrete,0.0012,0.4,7,9,0.4727845903558434,3.291005291005291,0.5,2.507432602670698,0.3404255319148936
Concrete,concrete,0.0012,0.4,8,9,0.1521596689724333,1.3320735701688082,0.1559633027522936,1.5671453766691863,0.18867924528301888
Concrete,concrete,0.003,0.7,0,1,0.5865641655712114,2.507432602670698,0.3404255319148936,2.742504409171076,0.38461538461538464
Concrete,concrete,0.003,0.7,0,2,0.5259137774396145,2.037288989669942,0.26,2.3507180650037793,0.3125
Concrete,concrete,0.003,0.7,0,3,0.5956480895420273,2.1156462585034013,0.2727272727272727,2.5857898715041574,0.3548387096774194
Concrete,concrete,0.003,0.7,0,4,0.5364063109697971,1.8022171831695641,0.22330097087378642,2.742504409171076,0.38461538461538464
Concrete,concrete,0.003,0.7,0,5,0.4987864111565967,1.7238599143361049,0.21153846153846154,2.037288989669942,0.26
Concrete,concrete,0.003,0.7,0,6,0.5966800309739859,2.1156462585034013,0.2727272727272727,2.742504409171076,0.38461538461538464
Concrete,concrete,0.003,0.7,0,7,0.5236350373279195,1.7238599143361049,0.21153846153846154,2.2723607961703203,0.29896907216494845
Concrete,concrete,0.003,0.7,0,8,0.5403786663215743,2.1156462585034013,0.2727272727272727,2.1940035273368608,0.2857142857142857
Concrete,concrete,0.003,0.7,0,9,0.5656828947070525,2.3507180650037793,0.3125,2.5857898715041574,0.3548387096774194
Concrete,concrete,0.003,0.7,1,2,0.5579266014410298,2.3507180650037793,0.3125,2.507432602670698,0.3404255319148936
Concrete,concrete,0.003,0.7,1,3,0.5466981687474912,2.429075333837239,0.3263157894736842,2.6641471403376165,0.3695652173913043
Concrete,concrete,0.003,0.7,1,4,0.6152992221968197,2.2723607961703203,0.29896907216494845,2.429075333837239,0.3263157894736842
Concrete,concrete,0.003,0.7,1,5,0.5054163100400411,1.958931720836483,0.24752475247524752,2.6641471403376165,0.3695652173913043
Concrete,concrete,0.003,0.7,1,6,0.5583310860996165,2.2723607961703203,0.29896907216494845,2.8208616780045355,0.4
Concrete,concrete,0.003,0.7,1,7,0.5921948014697449,2.1940035273368608,0.2857142857142857,2.507432602670698,0.3404255319148936
Concrete,concrete,0.003,0.7,1,8,0.5054857962796396,2.1156462585034013,0.2727272727272727,2.1156462585034013,0.2727272727272727
Concrete,concrete,0.003,0.7,1,9,0.6051458585416919,2.429075333837239,0.3263157894736842,2.8992189468379945,0.4157303370786517
Concrete,concrete,0.003,0.7,2,3,0.44987766446821637,2.2723607961703203,0.29896907216494845,2.1940035273368608,0.2857142857142857
Concrete,concrete,0.003,0.7,2,4,0.5456257778509924,1.958931720836483,0.24752475247524752,2.5857898715041574,0.3548387096774194
Concrete,concrete,0.003,0.7,2,5,0.5167772457124173,1.7238599143361049,0.21153846153846154,2.977576215671454,0.4318181818181818
Concrete,concrete,0.003,0.7,2,6,0.3463041404839185,1.8805744520030236,0.23529411764705882,2.3507180650037793,0.3125
Concrete,concrete,0.003,0.7,2,7,0.5131492903567874,2.1940035273368608,0.2857142857142857,2.429075333837239,0.3263157894736842
Concrete,concrete,0.003,0.7,2,8,0.3964469417721215,1.8805744520030236,0.23529411764705882,1.958931720836483,0.24752475247524752
Concrete,concrete,0.003,0.7,2,9,0.5712618186108498,2.5857898715041574,0.3548387096774194,2.507432602670698,0.3404255319148936
Concrete,concrete,0.003,0.7,3,4,0.4982183029666983,2.1156462585034013,0.2727272727272727,2.8992189468379945,0.4157303370786517
Concrete,concrete,0.003,0.7,3,5,0.4380098671728044,2.037288989669942,0.26,1.8805744520030236,0.23529411764705882
Concrete,concrete,0.003,0.7,3,6,0.5645367868733853,2.429075333837239,0.3263157894736842,2.742504409171076,0.38461538461538464
Concrete,concrete,0.003,0.7,3,7,0.4842963374364083,2.037288989669942,0.26,2.3507180650037793,0.3125
Concrete,concrete,0.003,0.7,3,8,0.49966712553743053,2.037288989669942,0.26,2.2723607961703203,0.29896907216494845
Concrete,concrete,0.003,0.7,3,9,0.5404854557229852,2.5857898715041574,0.3548387096774194,2.429075333837239,0.3263157894736842
Concrete,concrete,0.003,0.7,4,5,0.59725798474025,2.1940035273368608,0.2857142857142857,2.3507180650037793,0.3125
Concrete,concrete,0.003,0.7,4,6,0.5309222375441628,1.8805744520030236,0.23529411764705882,2.8208616780045355,0.4
Concrete,concrete,0.003,0.7,4,7,0.6244011685549223,2.1940035273368608,0.2857142857142857,2.742504409171076,0.38461538461538464
Concrete,concrete,0.003,0.7,4,8,0.5034602957790593,2.507432602670698,0.3404255319148936,1.958931720836483,0.24752475247524752
Concrete,concrete,0.003,0.7,4,9,0.6285590844837239,1.958931720836483,0.24752475247524752,2.8208616780045355,0.4
Concrete,concrete,0.003,0.7,5,6,0.4519071269738285,1.7238599143361049,0.21153846153846154,2.1940035273368608,0.2857142857142857
Concrete,concrete,0.003,0.7,5,7,0.5595469013143507,1.8805744520030236,0.23529411764705882,2.3507180650037793,0.3125
Concrete,concrete,0.003,0.7,5,8,0.44385910581981836,1.8805744520030236,0.23529411764705882,2.037288989669942,0.26
Concrete,concrete,0.003,0.7,5,9,0.5165604994562186,2.429075333837239,0.3263157894736842,2.507432602670698,0.3404255319148936
Concrete,concrete,0.003,0.7,6,7,0.41685406387942664,1.6455026455026456,0.2,2.2723607961703203,0.29896907216494845
Concrete,concrete,0.003,0.7,6,8,0.5137257011884879,2.037288989669942,0.26,2.1940035273368608,0.2857142857142857
Concrete,concrete,0.003,0.7,6,9,0.46328643553386073,2.2723607961703203,0.29896907216494845,2.5857898715041574,0.3548387096774194
Concrete,concrete,0.003,0.7,7,8,0.5875813591579783,2.5857898715041574,0.3548387096774194,2.742504409171076,0.38461538461538464
Concrete,concrete,0.003,0.7,7,9,0.6213212509864805,2.507432602670698,0.3404255319148936,2.429075333837239,0.3263157894736842
Concrete,concrete,0.003,0.7,8,9,0.48245909559219274,2.3507180650037793,0.3125,2.1156462585034013,0.2727272727272727
Concrete,concrete,0.0022,0.7,0,1,0.5590455860667585,2.1156462585034013,0.2727272727272727,2.429075333837239,0.3263157894736842
Concrete,concrete,0.0022,0.7,0,2,0.6642197662044381,1.8022171831695641,0.22330097087378642,3.1342907533383726,0.46511627906976744
Concrete,concrete,0.0022,0.7,0,3,0.5400328376878322,1.958931720836483,0.24752475247524752,2.742504409171076,0.38461538461538464
Concrete,concrete,0.0022,0.7,0,4,0.42450816185068296,2.037288989669942,0.26,2.5857898715041574,0.3548387096774194
Concrete,concrete,0.0022,0.7,0,5,0.06517172722071285,1.018644494834971,0.11504424778761062,1.0970017636684304,0.125
Concrete,concrete,0.0022,0.7,0,6,0.6717995408479479,2.429075333837239,0.3263157894736842,3.212648022171832,0.4823529411764706
Concrete,concrete,0.0022,0.7,0,7,0.48004089640133973,1.8022171831695641,0.22330097087378642,2.429075333837239,0.3263157894736842
Concrete,concrete,0.0022,0.7,0,8,0.4757802486233128,2.1940035273368608,0.2857142857142857,2.2723607961703203,0.29896907216494845
Concrete,concrete,0.0022,0.7,0,9,0.3000658226582134,1.5671453766691863,0.18867924528301888,1.7238599143361049,0.21153846153846154
Concrete,concrete,0.0022,0.7,1,2,0.5680810388787546,2.507432602670698,0.3404255319148936,2.5857898715041574,0.3548387096774194
Concrete,concrete,0.0022,0.7,1,3,0.6943819987241052,2.507432602670698,0.3404255319148936,3.291005291005291,0.5
Concrete,concrete,0.0022,0.7,1,4,0.3091411429516713,2.1940035273368608,0.2857142857142857,1.8022171831695641,0.22330097087378642
Concrete,concrete,0.0022,0.7,1,5,0.054737750106773536,1.4104308390022677,0.16666666666666666,1.488788107835727,0.17757009345794392
Concrete,concrete,0.0022,0.7,1,6,0.5906187634784331,2.1940035273368608,0.2857142857142857,2.977576215671454,0.4318181818181818
Concrete,concrete,0.0022,0.7,1,7,0.5384916709738826,2.6641471403376165,0.3695652173913043,2.3507180650037793,0.3125
Concrete,concrete,0.0022,0.7,1,8,0.5853533051785577,2.3507180650037793,0.3125,2.5857898715041574,0.3548387096774194
Concrete,concrete,0.0022,0.7,1,9,0.24380493151501378,1.6455026455026456,0.2,1.5671453766691863,0.18867924528301888
Concrete,concrete,0.0022,0.7,2,3,0.6013680741174825,2.3507180650037793,0.3125,2.977576215671454,0.4318181818181818
Concrete,concrete,0.0022,0.7,2,4,0.37799519344819205,1.958931720836483,0.24752475247524752,2.1940035273368608,0.2857142857142857
Concrete,concrete,0.0022,0.7,2,5,0.03923550088165285,1.253716301335349,0.14545454545454545,1.1753590325018897,0.13513513513513514
Concrete,concrete,0.0022,0.7,2,6,0.7030754186702247,2.742504409171076,0.38461538461538464,3.1342907533383726,0.46511627906976744
Concrete,concrete,0.0022,0.7,2,7,0.5614486997733696,2.037288989669942,0.26,2.429075333837239,0.3263157894736842
Concrete,concrete,0.0022,0.7,2,8,0.5025778724839495,2.5857898715041574,0.3548387096774194,2.3507180650037793,0.3125
Concrete,concrete,0.0022,0.7,2,9,0.22561452241029475,1.7238599143361049,0.21153846153846154,1.5671453766691863,0.18867924528301888
Concrete,concrete,0.0022,0.7,3,4,0.33764503013333674,2.1156462585034013,0.2727272727272727,1.958931720836483,0.24752475247524752
Concrete,concrete,0.0022,0.7,3,5,0.10393645951590894,1.3320735701688082,0.1559633027522936,1.6455026455026456,0.2
Concrete,concrete,0.0022,0.7,3,6,0.6239279087939033,2.507432602670698,0.3404255319148936,3.055933484504913,0.4482758620689655
Concrete,concrete,0.0022,0.7,3,7,0.5112884415743523,2.3507180650037793,0.3125,2.429075333837239,0.3263157894736842
Concrete,concrete,0.0022,0.7,3,8,0.6231600516338217,2.8208616780045355,0.4,2.8992189468379945,0.4157303370786517
Concrete,concrete,0.0022,0.7,3,9,0.3512070803435821,1.5671453766691863,0.18867924528301888,1.958931720836483,0.24752475247524752
Concrete,concrete,0.0022,0.7,4,5,0.13072926666409415,1.6455026455026456,0.2,1.488788107835727,0.17757009345794392
Concrete,concrete,0.0022,0.7,4,6,0.4384673408757183,2.1156462585034013,0.2727272727272727,2.2723607961703203,0.29896907216494845
Concrete,concrete,0.0022,0.7,4,7,0.42300235295817057,1.958931720836483,0.24752475247524752,1.7238599143361049,0.21153846153846154
Concrete,concrete,0.0022,0.7,4,8,0.4375273206150778,2.742504409171076,0.38461538461538464,1.8805744520030236,0.23529411764705882
Concrete,concrete,0.0022,0.7,4,9,0.23324974299766857,1.488788107835727,0.17757009345794392,1.488788107835727,0.17757009345794392
Concrete,concrete,0.0022,0.7,5,6,0.061257421808339756,1.3320735701688082,0.1559633027522936,1.253716301335349,0.14545454545454545
Concrete,concrete,0.0022,0.7,5,7,0.13138291046340067,1.488788107835727,0.17757009345794392,1.4104308390022677,0.16666666666666666
Concrete,concrete,0.0022,0.7,5,8,0.17476767905547475,1.6455026455026456,0.2,2.037288989669942,0.26
Concrete,concrete,0.0022,0.7,5,9,0.28380954967530747,2.3507180650037793,0.3125,2.1940035273368608,0.2857142857142857
Concrete,concrete,0.0022,0.7,6,7,0.6301843222959844,2.2723607961703203,0.29896907216494845,2.6641471403376165,0.3695652173913043
Concrete,concrete,0.0022,0.7,6,8,0.6266635218826386,2.5857898715041574,0.3548387096774194,2.507432602670698,0.3404255319148936
Concrete,concrete,0.0022,0.7,6,9,0.2757958367056921,1.8022171831695641,0.22330097087378642,1.5671453766691863,0.18867924528301888
Concrete,concrete,0.0022,0.7,7,8,0.6157234974078981,2.3507180650037793,0.3125,2.2723607961703203,0.29896907216494845
Concrete,concrete,0.0022,0.7,7,9,0.3094305226033097,1.5671453766691863,0.18867924528301888,1.958931720836483,0.24752475247524752
Concrete,concrete,0.0022,0.7,8,9,0.2943692636056623,1.7238599143361049,0.21153846153846154,1.7238599143361049,0.21153846153846154
Concrete,concrete,0.0018,0.7,0,1,0.670765295354248,2.3507180650037793,0.3125,2.977576215671454,0.4318181818181818
Concrete,concrete,0.0018,0.7,0,2,0.5297037600436746,2.1156462585034013,0.2727272727272727,2.2723607961703203,0.29896907216494845
Concrete,concrete,0.0018,0.7,0,3,0.18385689597651708,1.253716301335349,0.14545454545454545,1.253716301335349,0.14545454545454545
Concrete,concrete,0.0018,0.7,0,4,0.5921911152780402,2.2723607961703203,0.29896907216494845,2.6641471403376165,0.3695652173913043
Concrete,concrete,0.0018,0.7,0,5,0.6833669644072886,2.2723607961703203,0.29896907216494845,3.055933484504913,0.4482758620689655
Concrete,concrete,0.0018,0.7,0,6,0.5925066993904802,2.1156462585034013,0.2727272727272727,2.8208616780045355,0.4
Concrete,concrete,0.0018,0.7,0,7,0.7133535133820693,2.3507180650037793,0.3125,3.3693625598387507,0.5180722891566265
Concrete,concrete,0.0018,0.7,0,8,0.7079218313478952,2.3507180650037793,0.3125,2.977576215671454,0.4318181818181818
Concrete,concrete,0.0018,0.7,0,9,0.6207001505487253,2.2723607961703203,0.29896907216494845,2.6641471403376165,0.3695652173913043
Concrete,concrete,0.0018,0.7,1,2,0.5490880445279188,2.5857898715041574,0.3548387096774194,2.6641471403376165,0.3695652173913043
Concrete,concrete,0.0018,0.7,1,3,0.33547248651651623,1.8805744520030236,0.23529411764705882,1.4104308390022677,0.16666666666666666
Concrete,concrete,0.0018,0.7,1,4,0.6127500333455925,2.5857898715041574,0.3548387096774194,2.3507180650037793,0.3125
Concrete,concrete,0.0018,0.7,1,5,0.6323473492559628,2.037288989669942,0.26,2.977576215671454,0.4318181818181818
Concrete,concrete,0.0018,0.7,1,6,0.6210593744701278,2.2723607961703203,0.29896907216494845,2.977576215671454,0.4318181818181818
Concrete,concrete,0.0018,0.7,1,7,0.6363148305758756,2.429075333837239,0.3263157894736842,3.1342907533383726,0.46511627906976744
Concrete,concrete,0.0018,0.7,1,8,0.6963900470299872,2.3507180650037793,0.3125,2.977576215671454,0.4318181818181818
Concrete,concrete,0.0018,0.7,1,9,0.7350830133911228,2.742504409171076,0.38461538461538464,2.742504409171076,0.38461538461538464
Concrete,concrete,0.0018,0.7,2,3,0.44997752629190885,1.6455026455026456,0.2,2.5857898715041574,0.3548387096774194
Concrete,concrete,0.0018,0.7,2,4,0.5003699902478476,2.5857898715041574,0.3548387096774194,2.3507180650037793,0.3125
Concrete,concrete,0.0018,0.7,2,5,0.3477370959207471,1.7238599143361049,0.21153846153846154,1.8805744520030236,0.23529411764705882
Concrete,concrete,0.0018,0.7,2,6,0.6028194033794915,1.958931720836483,0.24752475247524752,2.977576215671454,0.4318181818181818
Concrete,concrete,0.0018,0.7,2,7,0.5831389348558934,1.958931720836483,0.24752475247524752,2.507432602670698,0.3404255319148936
Concrete,concrete,0.0018,0.7,2,8,0.5496253360411189,2.3507180650037793,0.3125,2.429075333837239,0.3263157894736842
Concrete,concrete,0.0018,0.7,2,9,0.5435880400019506,2.8208616780045355,0.4,2.507432602670698,0.3404255319148936
Concrete,concrete,0.0018,0.7,3,4,0.2929348306098854,1.7238599143361049,0.21153846153846154,1.6455026455026456,0.2
Concrete,concrete,0.0018,0.7,3,5,0.1254846740134066,1.4104308390022677,0.16666666666666666,1.018644494834971,0.11504424778761062
Concrete,concrete,0.0018,0.7,3,6,0.42559956804167415,2.1940035273368608,0.2857142857142857,1.958931720836483,0.24752475247524752
Concrete,concrete,0.0018,0.7,3,7,0.18524511101304522,1.958931720836483,0.24752475247524752,1.1753590325018897,0.13513513513513514
Concrete,concrete,0.0018,0.7,3,8,0.3296192707682219,1.7238599143361049,0.21153846153846154,1.5671453766691863,0.18867924528301888
Concrete,concrete,0.0018,0.7,3,9,0.2729138800067918,1.6455026455026456,0.2,1.5671453766691863,0.18867924528301888
Concrete,concrete,0.0018,0.7,4,5,0.5701235947202732,2.1940035273368608,0.2857142857142857,2.5857898715041574,0.3548387096774194
Concrete,concrete,0.0018,0.7,4,6,0.4864154491400512,1.958931720836483,0.24752475247524752,2.742504409171076,0.38461538461538464
Concrete,concrete,0.0018,0.7,4,7,0.44745314342573667,1.8805744520030236,0.23529411764705882,2.507432602670698,0.3404255319148936
Concrete,concrete,0.0018,0.7,4,8,0.5899852569312376,2.6641471403376165,0.3695652173913043,2.6641471403376165,0.3695652173913043
Concrete,concrete,0.0018,0.7,4,9,0.6332173289193681,2.977576215671454,0.4318181818181818,2.507432602670698,0.3404255319148936
Concrete,concrete,0.0018,0.7,5,6,0.5430785837795742,1.8022171831695641,0.22330097087378642,2.6641471403376165,0.3695652173913043
Concrete,concrete,0.0018,0.7,5,7,0.6103912426426945,1.958931720836483,0.24752475247524752,2.8208616780045355,0.4
Concrete,concrete,0.0018,0.7,5,8,0.6587769250305159,2.1156462585034013,0.2727272727272727,2.742504409171076,0.38461538461538464
Concrete,concrete,0.0018,0.7,5,9,0.6354730932096649,2.037288989669942,0.26,2.3507180650037793,0.3125
Concrete,concrete,0.0018,0.7,6,7,0.7024558464678311,2.6641471403376165,0.3695652173913043,3.291005291005291,0.5
Concrete,concrete,0.0018,0.7,6,8,0.6834253445771289,2.1156462585034013,0.2727272727272727,3.3693625598387507,0.5180722891566265
Concrete,concrete,0.0018,0.7,6,9,0.47233477625659687,1.8022171831695641,0.22330097087378642,2.6641471403376165,0.3695652173913043
Concrete,concrete,0.0018,0.7,7,8,0.6494836051652578,2.1156462585034013,0.2727272727272727,3.212648022171832,0.4823529411764706
Concrete,concrete,0.0018,0.7,7,9,0.5830642368034924,2.1940035273368608,0.2857142857142857,2.977576215671454,0.4318181818181818
Concrete,concrete,0.0018,0.7,8,9,0.6303020556630384,2.507432602670698,0.3404255319148936,2.742504409171076,0.38461538461538464
Concrete,concrete,0.0014,0.7,0,1,0.7058303183274084,2.5857898715041574,0.3548387096774194,3.212648022171832,0.4823529411764706
Concrete,concrete,0.0014,0.7,0,2,0.6931441410803202,2.6641471403376165,0.3695652173913043,3.3693625598387507,0.5180722891566265
Concrete,concrete,0.0014,0.7,0,3,0.6503230400418735,2.8992189468379945,0.4157303370786517,2.8208616780045355,0.4
Concrete,concrete,0.0014,0.7,0,4,0.7211494420223021,2.5857898715041574,0.3548387096774194,3.212648022171832,0.4823529411764706
Concrete,concrete,0.0014,0.7,0,5,0.666353057945079,2.742504409171076,0.38461538461538464,2.742504409171076,0.38461538461538464
Concrete,concrete,0.0014,0.7,0,6,0.6563550733547722,2.429075333837239,0.3263157894736842,2.8992189468379945,0.4157303370786517
Concrete,concrete,0.0014,0.7,0,7,0.6232488702952597,2.429075333837239,0.3263157894736842,2.507432602670698,0.3404255319148936
Concrete,concrete,0.0014,0.7,0,8,0.6561856161826821,2.2723607961703203,0.29896907216494845,2.977576215671454,0.4318181818181818
Concrete,concrete,0.0014,0.7,0,9,0.6014697696928727,2.507432602670698,0.3404255319148936,2.6641471403376165,0.3695652173913043
Concrete,concrete,0.0014,0.7,1,2,0.6766177431532232,2.742504409171076,0.38461538461538464,2.8992189468379945,0.4157303370786517
Concrete,concrete,0.0014,0.7,1,3,0.6788383032513515,2.742504409171076,0.38461538461538464,2.8992189468379945,0.4157303370786517
Concrete,concrete,0.0014,0.7,1,4,0.564445856881236,2.2723607961703203,0.29896907216494845,2.6641471403376165,0.3695652173913043
Concrete,concrete,0.0014,0.7,1,5,0.6401026108393846,2.8992189468379945,0.4157303370786517,2.742504409171076,0.38461538461538464
Concrete,concrete,0.0014,0.7,1,6,0.6125837174129554,1.7238599143361049,0.21153846153846154,2.8992189468379945,0.4157303370786517
Concrete,concrete,0.0014,0.7,1,7,0.5662612072927551,2.5857898715041574,0.3548387096774194,2.3507180650037793,0.3125
Concrete,concrete,0.0014,0.7,1,8,0.4812481404481632,2.3507180650037793,0.3125,2.2723607961703203,0.29896907216494845
Concrete,concrete,0.0014,0.7,1,9,0.5630557222592011,2.1940035273368608,0.2857142857142857,2.5857898715041574,0.3548387096774194
Concrete,concrete,0.0014,0.7,2,3,0.5853406892191232,2.429075333837239,0.3263157894736842,2.2723607961703203,0.29896907216494845
Concrete,concrete,0.0014,0.7,2,4,0.6030758206415187,2.1940035273368608,0.2857142857142857,2.742504409171076,0.38461538461538464
Concrete,concrete,0.0014,0.7,2,5,0.5308718636131672,1.958931720836483,0.24752475247524752,3.055933484504913,0.4482758620689655
Concrete,concrete,0.0014,0.7,2,6,0.5153706439941125,1.7238599143361049,0.21153846153846154,2.5857898715041574,0.3548387096774194
Concrete,concrete,0.0014,0.7,2,7,0.524227798705026,2.6641471403376165,0.3695652173913043,2.507432602670698,0.3404255319148936
Concrete,concrete,0.0014,0.7,2,8,0.4573349026479626,2.1156462585034013,0.2727272727272727,2.507432602670698,0.3404255319148936
Concrete,concrete,0.0014,0.7,2,9,0.5083304472396583,2.507432602670698,0.3404255319148936,2.3507180650037793,0.3125
Concrete,concrete,0.0014,0.7,3,4,0.5792689765824456,3.055933484504913,0.4482758620689655,2.5857898715041574,0.3548387096774194
Concrete,concrete,0.0014,0.7,3,5,0.5973987980104627,2.8208616780045355,0.4,2.5857898715041574,0.3548387096774194
Concrete,concrete,0.0014,0.7,3,6,0.5836163741514242,1.8022171831695641,0.22330097087378642,2.429075333837239,0.3263157894736842
Concrete,concrete,0.0014,0.7,3,7,0.5760915301029513,2.429075333837239,0.3263157894736842,2.3507180650037793,0.3125
Concrete,concrete,0.0014,0.7,3,8,0.45643012695873864,2.1156462585034013,0.2727272727272727,2.1940035273368608,0.2857142857142857
Concrete,concrete,0.0014,0.7,3,9,0.4886541196126308,2.3507180650037793,0.3125,2.1940035273368608,0.2857142857142857
Concrete,concrete,0.0014,0.7,4,5,0.5253083174722422,2.429075333837239,0.3263157894736842,2.507432602670698,0.3404255319148936
Concrete,concrete,0.0014,0.7,4,6,0.4760816072380828,2.1156462585034013,0.2727272727272727,2.037288989669942,0.26
Concrete,concrete,0.0014,0.7,4,7,0.6224217427494364,2.1940035273368608,0.2857142857142857,3.055933484504913,0.4482758620689655
Concrete,concrete,0.0014,0.7,4,8,0.43662445573333075,1.958931720836483,0.24752475247524752,2.1940035273368608,0.2857142857142857
Concrete,concrete,0.0014,0.7,4,9,0.3916827505724874,1.958931720836483,0.24752475247524752,2.1156462585034013,0.2727272727272727
Concrete,concrete,0.0014,0.7,5,6,0.5862980602372879,2.429075333837239,0.3263157894736842,2.507432602670698,0.3404255319148936
Concrete,concrete,0.0014,0.7,5,7,0.5294281220785269,2.507432602670698,0.3404255319148936,1.958931720836483,0.24752475247524752
Concrete,concrete,0.0014,0.7,5,8,0.49314194127409355,2.2723607961703203,0.29896907216494845,2.3507180650037793,0.3125
Concrete,concrete,0.0014,0.7,5,9,0.4892904144525882,1.958931720836483,0.24752475247524752,2.037288989669942,0.26
Concrete,concrete,0.0014,0.7,6,7,0.4703665754647692,1.8805744520030236,0.23529411764705882,2.037288989669942,0.26
Concrete,concrete,0.0014,0.7,6,8,0.4626527686716314,1.0970017636684304,0.125,2.6641471403376165,0.3695652173913043
Concrete,concrete,0.0014,0.7,6,9,0.718927650100331,2.1940035273368608,0.2857142857142857,3.1342907533383726,0.46511627906976744
Concrete,concrete,0.0014,0.7,7,8,0.4968258475194472,2.507432602670698,0.3404255319148936,2.037288989669942,0.26
Concrete,concrete,0.0014,0.7,7,9,0.44322715877442076,2.1156462585034013,0.2727272727272727,1.8805744520030236,0.23529411764705882
Concrete,concrete,0.0014,0.7,8,9,0.4797616196718221,1.5671453766691863,0.18867924528301888,2.507432602670698,0.3404255319148936
Concrete,concrete,0.0012,0.7,0,1,0.633420909455638,2.1940035273368608,0.2857142857142857,2.8992189468379945,0.4157303370786517
Concrete,concrete,0.0012,0.7,0,2,0.22201884174642697,1.488788107835727,0.17757009345794392,1.5671453766691863,0.18867924528301888
Concrete,concrete,0.0012,0.7,0,3,0.5397677433182853,1.8805744520030236,0.23529411764705882,2.5857898715041574,0.3548387096774194
Concrete,concrete,0.0012,0.7,0,4,0.4946203033153928,2.1156462585034013,0.2727272727272727,2.2723607961703203,0.29896907216494845
Concrete,concrete,0.0012,0.7,0,5,0.4625821379612316,1.7238599143361049,0.21153846153846154,2.3507180650037793,0.3125
Concrete,concrete,0.0012,0.7,0,6,0.5882281994540445,2.5857898715041574,0.3548387096774194,2.507432602670698,0.3404255319148936
Concrete,concrete,0.0012,0.7,0,7,0.4292828734834396,1.5671453766691863,0.18867924528301888,2.2723607961703203,0.29896907216494845
Concrete,concrete,0.0012,0.7,0,8,0.6029750152596278,2.3507180650037793,0.3125,2.5857898715041574,0.3548387096774194
Concrete,concrete,0.0012,0.7,0,9,0.5231862148038051,2.1940035273368608,0.2857142857142857,2.2723607961703203,0.29896907216494845
Concrete,concrete,0.0012,0.7,1,2,0.3491793068658803,1.253716301335349,0.14545454545454545,2.1940035273368608,0.2857142857142857
Concrete,concrete,0.0012,0.7,1,3,0.5513788687781623,2.1156462585034013,0.2727272727272727,2.8208616780045355,0.4
Concrete,concrete,0.0012,0.7,1,4,0.49991861477069305,1.8805744520030236,0.23529411764705882,2.2723607961703203,0.29896907216494845
Concrete,concrete,0.0012,0.7,1,5,0.5385153259528532,1.6455026455026456,0.2,2.977576215671454,0.4318181818181818
Concrete,concrete,0.0012,0.7,1,6,0.5116607991159036,1.8022171831695641,0.22330097087378642,2.5857898715041574,0.3548387096774194
Concrete,concrete,0.0012,0.7,1,7,0.5079583361779022,1.8022171831695641,0.22330097087378642,2.3507180650037793,0.3125
Concrete,concrete,0.0012,0.7,1,8,0.4884545376073381,1.5671453766691863,0.18867924528301888,2.6641471403376165,0.3695652173913043
Concrete,concrete,0.0012,0.7,1,9,0.6136128369099181,2.037288989669942,0.26,3.055933484504913,0.4482758620689655
Concrete,concrete,0.0012,0.7,2,3,0.2953482688445409,1.1753590325018897,0.13513513513513514,1.8805744520030236,0.23529411764705882
Concrete,concrete,0.0012,0.7,2,4,0.17026388461801983,1.253716301335349,0.14545454545454545,1.3320735701688082,0.1559633027522936
Concrete,concrete,0.0012,0.7,2,5,0.37301907527225503,3.6044343663391283,0.575,2.2723607961703203,0.29896907216494845
Concrete,concrete,0.0012,0.7,2,6,0.2631678681667233,1.5671453766691863,0.18867924528301888,1.7238599143361049,0.21153846153846154
Concrete,concrete,0.0012,0.7,2,7,0.27771092537280906,1.0970017636684304,0.125,2.1156462585034013,0.2727272727272727
Concrete,concrete,0.0012,0.7,2,8,0.19408482854954454,1.0970017636684304,0.125,1.5671453766691863,0.18867924528301888
Concrete,concrete,0.0012,0.7,2,9,0.3064895945254258,1.8022171831695641,0.22330097087378642,1.958931720836483,0.24752475247524752
Concrete,concrete,0.0012,0.7,3,4,0.5557719087352757,2.507432602670698,0.3404255319148936,2.6641471403376165,0.3695652173913043
Concrete,concrete,0.0012,0.7,3,5,0.4967235174035008,0.9402872260015118,0.10526315789473684,2.5857898715041574,0.3548387096774194
Concrete,concrete,0.0012,0.7,3,6,0.5545614236451357,1.6455026455026456,0.2,2.977576215671454,0.4318181818181818
Concrete,concrete,0.0012,0.7,3,7,0.5724415330857606,2.5857898715041574,0.3548387096774194,2.507432602670698,0.3404255319148936
Concrete,concrete,0.0012,0.7,3,8,0.5707925901113069,2.1940035273368608,0.2857142857142857,2.742504409171076,0.38461538461538464
Concrete,concrete,0.0012,0.7,3,9,0.7118108241520161,2.2723607961703203,0.29896907216494845,3.1342907533383726,0.46511627906976744
Concrete,concrete,0.0012,0.7,4,5,0.3823280044293241,1.488788107835727,0.17757009345794392,1.8022171831695641,0.22330097087378642
Concrete,concrete,0.0012,0.7,4,6,0.49565668011909036,1.5671453766691863,0.18867924528301888,2.507432602670698,0.3404255319148936
Concrete,concrete,0.0012,0.7,4,7,0.5283682583309393,2.1156462585034013,0.2727272727272727,2.429075333837239,0.3263157894736842
Concrete,concrete,0.0012,0.7,4,8,0.40097033856152814,1.8805744520030236,0.23529411764705882,1.958931720836483,0.24752475247524752
Concrete,concrete,0.0012,0.7,4,9,0.5133272298900969,1.8022171831695641,0.22330097087378642,2.429075333837239,0.3263157894736842
Concrete,concrete,0.0012,0.7,5,6,0.2868419678090341,1.7238599143361049,0.21153846153846154,2.037288989669942,0.26
Concrete,concrete,0.0012,0.7,5,7,0.18897162340618326,0.9402872260015118,0.10526315789473684,1.5671453766691863,0.18867924528301888
Concrete,concrete,0.0012,0.7,5,8,0.3712673903380983,1.4104308390022677,0.16666666666666666,2.037288989669942,0.26
Concrete,concrete,0.0012,0.7,5,9,0.5953257345167265,1.7238599143361049,0.21153846153846154,2.6641471403376165,0.3695652173913043
Concrete,concrete,0.0012,0.7,6,7,0.6077659379166488,2.037288989669942,0.26,2.742504409171076,0.38461538461538464
Concrete,concrete,0.0012,0.7,6,8,0.6599338102449065,2.507432602670698,0.3404255319148936,2.742504409171076,0.38461538461538464
Concrete,concrete,0.0012,0.7,6,9,0.5162010587234033,2.5857898715041574,0.3548387096774194,2.429075333837239,0.3263157894736842
Concrete,concrete,0.0012,0.7,7,8,0.4326367907514048,2.037288989669942,0.26,1.958931720836483,0.24752475247524752
Concrete,concrete,0.0012,0.7,7,9,0.40894784172076754,2.507432602670698,0.3404255319148936,1.8022171831695641,0.22330097087378642
Concrete,concrete,0.0012,0.7,8,9,0.4424114222154094,1.8805744520030236,0.23529411764705882,2.1940035273368608,0.2857142857142857
