model_family,gate_type,lambda_sparse,lambda_sample_smooth,run_i,run_j,cluster_ari,cluster_nmi
LSPIN,lspin_tf,0.02,0.0,0,1,0.49617950941097866,0.45737622212757967
LSPIN,lspin_tf,0.02,0.0,0,2,0.1792303016495381,0.2240813717102192
LSPIN,lspin_tf,0.02,0.0,0,3,0.41073995244971584,0.41441498071193883
LSPIN,lspin_tf,0.02,0.0,0,4,0.25125246477248087,0.2876622063844159
LSPIN,lspin_tf,0.02,0.0,0,5,0.6227808116732477,0.5331253313416571
LSPIN,lspin_tf,0.02,0.0,0,6,0.3110742435305604,0.3548840134243281
LSPIN,lspin_tf,0.02,0.0,0,7,0.2773078080850675,0.3322436177312305
LSPIN,lspin_tf,0.02,0.0,0,8,0.6188262691712049,0.5677615654657203
LSPIN,lspin_tf,0.02,0.0,0,9,0.2534817093457769,0.3122472758683715
LSPIN,lspin_tf,0.02,0.0,1,2,0.278253338230569,0.3182730077098724
LSPIN,lspin_tf,0.02,0.0,1,3,0.25695439990044633,0.2938702017268908
LSPIN,lspin_tf,0.02,0.0,1,4,0.25919451249626446,0.2564586303605997
LSPIN,lspin_tf,0.02,0.0,1,5,0.5287379173023063,0.48105835172052896
LSPIN,lspin_tf,0.02,0.0,1,6,0.39428350885116265,0.3859023146230892
LSPIN,lspin_tf,0.02,0.0,1,7,0.19214314179690434,0.26979186377289904
LSPIN,lspin_tf,0.02,0.0,1,8,0.6312977336197998,0.5599622067967264
LSPIN,lspin_tf,0.02,0.0,1,9,0.18494706603315145,0.2690047592096719
LSPIN,lspin_tf,0.02,0.0,2,3,0.290969866752393,0.3343232725942697
LSPIN,lspin_tf,0.02,0.0,2,4,0.3081297060975907,0.3221623344855849
LSPIN,lspin_tf,0.02,0.0,2,5,0.2039215057072723,0.2511094164006353
LSPIN,lspin_tf,0.02,0.0,2,6,0.3591958385581302,0.40406044471499625
LSPIN,lspin_tf,0.02,0.0,2,7,0.3120411421537182,0.37055968048937676
LSPIN,lspin_tf,0.02,0.0,2,8,0.3065901985769578,0.3509167053389547
LSPIN,lspin_tf,0.02,0.0,2,9,0.15521298089109875,0.20322743936246557
LSPIN,lspin_tf,0.02,0.0,3,4,0.26010966551806197,0.3251301092853548
LSPIN,lspin_tf,0.02,0.0,3,5,0.3865871361843048,0.371011800540398
LSPIN,lspin_tf,0.02,0.0,3,6,0.2450151705942484,0.3096827197144434
LSPIN,lspin_tf,0.02,0.0,3,7,0.5610770584971256,0.6000406507034572
LSPIN,lspin_tf,0.02,0.0,3,8,0.4106723466961478,0.46110534942402415
LSPIN,lspin_tf,0.02,0.0,3,9,0.329052928314967,0.3588754807063985
LSPIN,lspin_tf,0.02,0.0,4,5,0.19241130540847678,0.22341137734554875
LSPIN,lspin_tf,0.02,0.0,4,6,0.43211891514577677,0.4507176789512018
LSPIN,lspin_tf,0.02,0.0,4,7,0.23084435132561723,0.28154024694436675
LSPIN,lspin_tf,0.02,0.0,4,8,0.30807349741559936,0.31525716155202066
LSPIN,lspin_tf,0.02,0.0,4,9,0.21464519662350454,0.26618580549130927
LSPIN,lspin_tf,0.02,0.0,5,6,0.29859708381541905,0.31813783130593754
LSPIN,lspin_tf,0.02,0.0,5,7,0.2945393876424146,0.3318309123790582
LSPIN,lspin_tf,0.02,0.0,5,8,0.6211132211491679,0.5394415477131117
LSPIN,lspin_tf,0.02,0.0,5,9,0.24806986599364556,0.3127522478912277
LSPIN,lspin_tf,0.02,0.0,6,7,0.26370275940735766,0.31728654901292697
LSPIN,lspin_tf,0.02,0.0,6,8,0.43519666771457777,0.46002421724626824
LSPIN,lspin_tf,0.02,0.0,6,9,0.28189532754814517,0.3646271972705831
LSPIN,lspin_tf,0.02,0.0,7,8,0.3036965390175455,0.38677754901138756
LSPIN,lspin_tf,0.02,0.0,7,9,0.4672271650616696,0.43757923412309335
LSPIN,lspin_tf,0.02,0.0,8,9,0.24352752006082443,0.30906826816704985
LSPIN,lspin_tf,0.015,0.0,0,1,0.19113212446865102,0.21593538506955096
LSPIN,lspin_tf,0.015,0.0,0,2,0.21938570331637544,0.251532478590888
LSPIN,lspin_tf,0.015,0.0,0,3,0.5151219290230762,0.4712195724346906
LSPIN,lspin_tf,0.015,0.0,0,4,0.5341200105884921,0.5035742749085436
LSPIN,lspin_tf,0.015,0.0,0,5,0.40547993108544406,0.41856876248309327
LSPIN,lspin_tf,0.015,0.0,0,6,0.4804970221164835,0.4499657265355837
LSPIN,lspin_tf,0.015,0.0,0,7,0.4969465003849891,0.47632492026276535
LSPIN,lspin_tf,0.015,0.0,0,8,0.4357511658854973,0.40161197110648755
LSPIN,lspin_tf,0.015,0.0,0,9,0.2999623931339504,0.32525229941292216
LSPIN,lspin_tf,0.015,0.0,1,2,0.25082038395061046,0.30712900579013125
LSPIN,lspin_tf,0.015,0.0,1,3,0.4113222761510258,0.43756961008034473
LSPIN,lspin_tf,0.015,0.0,1,4,0.24751169456343788,0.3260912518272972
LSPIN,lspin_tf,0.015,0.0,1,5,0.322918201778772,0.35361716010648786
LSPIN,lspin_tf,0.015,0.0,1,6,0.40242206479590475,0.4106951320919054
LSPIN,lspin_tf,0.015,0.0,1,7,0.3560036905617341,0.322242370134442
LSPIN,lspin_tf,0.015,0.0,1,8,0.48171698695512344,0.4455533839555129
LSPIN,lspin_tf,0.015,0.0,1,9,0.34233731798662453,0.34416154960995615
LSPIN,lspin_tf,0.015,0.0,2,3,0.25416026595142677,0.36356737193423183
LSPIN,lspin_tf,0.015,0.0,2,4,0.3847914700114291,0.46005312770798046
LSPIN,lspin_tf,0.015,0.0,2,5,0.24258436812006756,0.3223599306936264
LSPIN,lspin_tf,0.015,0.0,2,6,0.2493257472823496,0.320927802864927
LSPIN,lspin_tf,0.015,0.0,2,7,0.1746719816048694,0.21281671739412406
LSPIN,lspin_tf,0.015,0.0,2,8,0.1693395171354812,0.23283359857496294
LSPIN,lspin_tf,0.015,0.0,2,9,0.2196942633195115,0.2863421029644071
LSPIN,lspin_tf,0.015,0.0,3,4,0.5117668732856414,0.5319650447784142
LSPIN,lspin_tf,0.015,0.0,3,5,0.4796350212153012,0.4688809239331278
LSPIN,lspin_tf,0.015,0.0,3,6,0.6382235284199831,0.6083549645527766
LSPIN,lspin_tf,0.015,0.0,3,7,0.5082608617803264,0.46842491491824784
LSPIN,lspin_tf,0.015,0.0,3,8,0.5079614129961417,0.44972662199260627
LSPIN,lspin_tf,0.015,0.0,3,9,0.47133787332045757,0.4515304255379096
LSPIN,lspin_tf,0.015,0.0,4,5,0.3899512043359889,0.4109963371268095
LSPIN,lspin_tf,0.015,0.0,4,6,0.5690259795721074,0.5449151753646618
LSPIN,lspin_tf,0.015,0.0,4,7,0.43325705054660585,0.3877125004122762
LSPIN,lspin_tf,0.015,0.0,4,8,0.3906688956797486,0.37488562062898684
LSPIN,lspin_tf,0.015,0.0,4,9,0.3739736527463016,0.38159889084546267
LSPIN,lspin_tf,0.015,0.0,5,6,0.5569826482121502,0.5482401791037185
LSPIN,lspin_tf,0.015,0.0,5,7,0.5315295283413675,0.504463074841237
LSPIN,lspin_tf,0.015,0.0,5,8,0.44399700423669425,0.3710090912334426
LSPIN,lspin_tf,0.015,0.0,5,9,0.623519359296409,0.529331466450291
LSPIN,lspin_tf,0.015,0.0,6,7,0.7025269008730123,0.5832551516426477
LSPIN,lspin_tf,0.015,0.0,6,8,0.6315754589694395,0.5223595554496006
LSPIN,lspin_tf,0.015,0.0,6,9,0.5202256489599077,0.44868756954758765
LSPIN,lspin_tf,0.015,0.0,7,8,0.6449296419666968,0.5214824145501012
LSPIN,lspin_tf,0.015,0.0,7,9,0.5690114627887896,0.5096484416521965
LSPIN,lspin_tf,0.015,0.0,8,9,0.5177872858379432,0.45111074306361804
LSPIN,lspin_tf,0.012,0.0,0,1,0.30118040413433417,0.36973151598446424
LSPIN,lspin_tf,0.012,0.0,0,2,0.5600687260578435,0.5120978671389278
LSPIN,lspin_tf,0.012,0.0,0,3,0.3113735159478019,0.372145017744847
LSPIN,lspin_tf,0.012,0.0,0,4,0.17541317751866364,0.20174753420703678
LSPIN,lspin_tf,0.012,0.0,0,5,0.21850711471521148,0.28587020621203363
LSPIN,lspin_tf,0.012,0.0,0,6,0.5443488439577555,0.48197361242711
LSPIN,lspin_tf,0.012,0.0,0,7,0.724990941655778,0.6759796060110074
LSPIN,lspin_tf,0.012,0.0,0,8,0.16587545637880913,0.20376091862856646
LSPIN,lspin_tf,0.012,0.0,0,9,0.5273370876936897,0.47356784576199806
LSPIN,lspin_tf,0.012,0.0,1,2,0.32015986049637996,0.3670028000213683
LSPIN,lspin_tf,0.012,0.0,1,3,0.20495321770475225,0.2938610393695108
LSPIN,lspin_tf,0.012,0.0,1,4,0.19360317448689196,0.22296197880752758
LSPIN,lspin_tf,0.012,0.0,1,5,0.4277538384583777,0.4808212993690299
LSPIN,lspin_tf,0.012,0.0,1,6,0.19618622772978964,0.24702702226492326
LSPIN,lspin_tf,0.012,0.0,1,7,0.28231219397476837,0.3564935450792118
LSPIN,lspin_tf,0.012,0.0,1,8,0.31122926299047593,0.3679125834043386
LSPIN,lspin_tf,0.012,0.0,1,9,0.31781352674170055,0.3368248503421717
LSPIN,lspin_tf,0.012,0.0,2,3,0.26860763699451173,0.3690424188548431
LSPIN,lspin_tf,0.012,0.0,2,4,0.12678844753467639,0.14921865491115988
LSPIN,lspin_tf,0.012,0.0,2,5,0.19213044165718973,0.25351666365069253
LSPIN,lspin_tf,0.012,0.0,2,6,0.4534062883812421,0.4118364888559566
LSPIN,lspin_tf,0.012,0.0,2,7,0.5315311524849529,0.4654608064094551
LSPIN,lspin_tf,0.012,0.0,2,8,0.22179798791794772,0.2903588915040127
LSPIN,lspin_tf,0.012,0.0,2,9,0.4056900280725089,0.40080258142285397
LSPIN,lspin_tf,0.012,0.0,3,4,0.32211793439862113,0.31595862560517535
LSPIN,lspin_tf,0.012,0.0,3,5,0.1546041751232904,0.20850381689036346
LSPIN,lspin_tf,0.012,0.0,3,6,0.22837448065345134,0.2925019830340771
LSPIN,lspin_tf,0.012,0.0,3,7,0.2754395030578715,0.3443595411695928
LSPIN,lspin_tf,0.012,0.0,3,8,0.21047312768178625,0.23364396346790928
LSPIN,lspin_tf,0.012,0.0,3,9,0.34762503409766327,0.3644909935202316
LSPIN,lspin_tf,0.012,0.0,4,5,0.08904979081648595,0.1334111673944578
LSPIN,lspin_tf,0.012,0.0,4,6,0.0588405564424645,0.10853767468964128
LSPIN,lspin_tf,0.012,0.0,4,7,0.13366895328873854,0.18342120976174928
LSPIN,lspin_tf,0.012,0.0,4,8,0.15559421022934544,0.19074011901520999
LSPIN,lspin_tf,0.012,0.0,4,9,0.27660842012461584,0.3145496406129092
LSPIN,lspin_tf,0.012,0.0,5,6,0.23690160290618092,0.269759285525204
LSPIN,lspin_tf,0.012,0.0,5,7,0.25761451809377756,0.32528224694956204
LSPIN,lspin_tf,0.012,0.0,5,8,0.3475517055206817,0.3247955279322633
LSPIN,lspin_tf,0.012,0.0,5,9,0.16361087054174955,0.22360517231721697
LSPIN,lspin_tf,0.012,0.0,6,7,0.6393279358848015,0.6013840132134142
LSPIN,lspin_tf,0.012,0.0,6,8,0.18350941399725884,0.23527662475494152
LSPIN,lspin_tf,0.012,0.0,6,9,0.3142556502411737,0.29767685267040395
LSPIN,lspin_tf,0.012,0.0,7,8,0.15002243775322213,0.2028361224168923
LSPIN,lspin_tf,0.012,0.0,7,9,0.4374091204295408,0.4337435475915431
LSPIN,lspin_tf,0.012,0.0,8,9,0.2341359844026886,0.25271321699808996
LSPIN,lspin_tf,0.01,0.0,0,1,0.4983502236768828,0.43587010146646155
LSPIN,lspin_tf,0.01,0.0,0,2,0.4834558464916332,0.47579085364106843
LSPIN,lspin_tf,0.01,0.0,0,3,0.15069557424742125,0.2329982818111358
LSPIN,lspin_tf,0.01,0.0,0,4,0.48110888865915463,0.4342122495209114
LSPIN,lspin_tf,0.01,0.0,0,5,0.13301842370512726,0.186704104480929
LSPIN,lspin_tf,0.01,0.0,0,6,0.1961524179689134,0.23067281084756242
LSPIN,lspin_tf,0.01,0.0,0,7,0.08830167961787504,0.1360574962845042
LSPIN,lspin_tf,0.01,0.0,0,8,0.3453683823296487,0.32640687847758126
LSPIN,lspin_tf,0.01,0.0,0,9,0.23978959034586572,0.25410427105285677
LSPIN,lspin_tf,0.01,0.0,1,2,0.23837137306453487,0.24043156073435093
LSPIN,lspin_tf,0.01,0.0,1,3,0.1496198252955839,0.1770420566193182
LSPIN,lspin_tf,0.01,0.0,1,4,0.7710733049107815,0.6879309215097432
LSPIN,lspin_tf,0.01,0.0,1,5,0.13017631453622255,0.18241314212120827
LSPIN,lspin_tf,0.01,0.0,1,6,0.2826494516494932,0.29327765322248
LSPIN,lspin_tf,0.01,0.0,1,7,0.33913901251011025,0.347503745809089
LSPIN,lspin_tf,0.01,0.0,1,8,0.308372588191271,0.3538533832930806
LSPIN,lspin_tf,0.01,0.0,1,9,0.26250847616897305,0.29120242468525365
LSPIN,lspin_tf,0.01,0.0,2,3,0.15097241168095324,0.24309744241475628
LSPIN,lspin_tf,0.01,0.0,2,4,0.23298554195630997,0.2372517471881126
LSPIN,lspin_tf,0.01,0.0,2,5,0.2057948831935975,0.24123028606176328
LSPIN,lspin_tf,0.01,0.0,2,6,0.2436337550902928,0.2682831763779788
LSPIN,lspin_tf,0.01,0.0,2,7,0.080544134760954,0.12628961828181662
LSPIN,lspin_tf,0.01,0.0,2,8,0.5597209539959793,0.4886743296294443
LSPIN,lspin_tf,0.01,0.0,2,9,0.27963620127245886,0.30460705855117676
LSPIN,lspin_tf,0.01,0.0,3,4,0.14015986134661568,0.17706942799570202
LSPIN,lspin_tf,0.01,0.0,3,5,0.3436172612301654,0.3636402247433894
LSPIN,lspin_tf,0.01,0.0,3,6,0.2754831096946221,0.2952545902683913
LSPIN,lspin_tf,0.01,0.0,3,7,0.19739925093405933,0.23363212037854125
LSPIN,lspin_tf,0.01,0.0,3,8,0.1512380747528099,0.22861105354907332
LSPIN,lspin_tf,0.01,0.0,3,9,0.19356887957386715,0.24571334242892162
LSPIN,lspin_tf,0.01,0.0,4,5,0.11665625781393722,0.17152408231366179
LSPIN,lspin_tf,0.01,0.0,4,6,0.28929813679310273,0.2991437821241102
LSPIN,lspin_tf,0.01,0.0,4,7,0.3268075349814091,0.33755015289732193
LSPIN,lspin_tf,0.01,0.0,4,8,0.3052753681406447,0.32850990311907896
LSPIN,lspin_tf,0.01,0.0,4,9,0.28811589803917514,0.3194533783933246
LSPIN,lspin_tf,0.01,0.0,5,6,0.15463531731331112,0.18293925238055442
LSPIN,lspin_tf,0.01,0.0,5,7,0.15565447869910648,0.21175817829297292
LSPIN,lspin_tf,0.01,0.0,5,8,0.1647652016643578,0.20199354423837027
LSPIN,lspin_tf,0.01,0.0,5,9,0.1645092049899096,0.23884734637263466
LSPIN,lspin_tf,0.01,0.0,6,7,0.35706709690246996,0.3443840326454926
LSPIN,lspin_tf,0.01,0.0,6,8,0.4166695519512716,0.4413819184022852
LSPIN,lspin_tf,0.01,0.0,6,9,0.5701938869234687,0.5123062375755918
LSPIN,lspin_tf,0.01,0.0,7,8,0.19691652037865212,0.25032105763466833
LSPIN,lspin_tf,0.01,0.0,7,9,0.2232787919808165,0.23475307636954904
LSPIN,lspin_tf,0.01,0.0,8,9,0.33894182699050585,0.38967584320519766
LSPIN,lspin_tf,0.008,0.0,0,1,0.479175668405165,0.43848218187042853
LSPIN,lspin_tf,0.008,0.0,0,2,0.12313650408263567,0.14398328607440367
LSPIN,lspin_tf,0.008,0.0,0,3,0.24315577825227588,0.2813339941473402
LSPIN,lspin_tf,0.008,0.0,0,4,0.1808865235803726,0.206277510113999
LSPIN,lspin_tf,0.008,0.0,0,5,0.2064424925854784,0.2024132939235623
LSPIN,lspin_tf,0.008,0.0,0,6,0.1374665886017005,0.1681038816766616
LSPIN,lspin_tf,0.008,0.0,0,7,0.16172788141052286,0.17598387335802784
LSPIN,lspin_tf,0.008,0.0,0,8,0.17064719505654294,0.22244086516500702
LSPIN,lspin_tf,0.008,0.0,0,9,0.3014054699239887,0.30897202048799455
LSPIN,lspin_tf,0.008,0.0,1,2,0.22067474837451803,0.22652947477516738
LSPIN,lspin_tf,0.008,0.0,1,3,0.3186187024277503,0.37612190264341616
LSPIN,lspin_tf,0.008,0.0,1,4,0.2891531335842805,0.30307499027538815
LSPIN,lspin_tf,0.008,0.0,1,5,0.28973660303263604,0.28039306562879995
LSPIN,lspin_tf,0.008,0.0,1,6,0.20119836535332053,0.22101597712539917
LSPIN,lspin_tf,0.008,0.0,1,7,0.30343388336130317,0.3293056969300721
LSPIN,lspin_tf,0.008,0.0,1,8,0.21763082696482683,0.2576366616523495
LSPIN,lspin_tf,0.008,0.0,1,9,0.33001801221537624,0.33504290058084435
LSPIN,lspin_tf,0.008,0.0,2,3,0.16850333692716984,0.22675329708033792
LSPIN,lspin_tf,0.008,0.0,2,4,0.1688337580911925,0.18949283898547037
LSPIN,lspin_tf,0.008,0.0,2,5,0.223470172239617,0.24436629811546295
LSPIN,lspin_tf,0.008,0.0,2,6,0.23258869860718612,0.22362193916042583
LSPIN,lspin_tf,0.008,0.0,2,7,0.24992847397519635,0.2561829507925682
LSPIN,lspin_tf,0.008,0.0,2,8,0.2608400059612532,0.24870186257886367
LSPIN,lspin_tf,0.008,0.0,2,9,0.17370010186751425,0.20407615059958564
LSPIN,lspin_tf,0.008,0.0,3,4,0.17606199268096764,0.20812653721190505
LSPIN,lspin_tf,0.008,0.0,3,5,0.18572875763119806,0.2327866495343248
LSPIN,lspin_tf,0.008,0.0,3,6,0.23159212781901833,0.26325232574835
LSPIN,lspin_tf,0.008,0.0,3,7,0.1426116860186318,0.1960050508678581
LSPIN,lspin_tf,0.008,0.0,3,8,0.27172857683538976,0.29510129393418427
LSPIN,lspin_tf,0.008,0.0,3,9,0.25388928365513314,0.2519761261558171
LSPIN,lspin_tf,0.008,0.0,4,5,0.5568335496606883,0.4946700772786024
LSPIN,lspin_tf,0.008,0.0,4,6,0.40240184413458613,0.37927223870296617
LSPIN,lspin_tf,0.008,0.0,4,7,0.35605997713704574,0.323997477034853
LSPIN,lspin_tf,0.008,0.0,4,8,0.36697936574243145,0.37932139478734556
LSPIN,lspin_tf,0.008,0.0,4,9,0.23237149489263048,0.2659594816208078
LSPIN,lspin_tf,0.008,0.0,5,6,0.2991246170250911,0.31607202565993925
LSPIN,lspin_tf,0.008,0.0,5,7,0.3867467136262416,0.34362979929953597
LSPIN,lspin_tf,0.008,0.0,5,8,0.29195666872407416,0.29307416998039476
LSPIN,lspin_tf,0.008,0.0,5,9,0.18185091152269794,0.20429158488030602
LSPIN,lspin_tf,0.008,0.0,6,7,0.1631365486441061,0.13379491121601417
LSPIN,lspin_tf,0.008,0.0,6,8,0.5187022205000453,0.46309877267479416
LSPIN,lspin_tf,0.008,0.0,6,9,0.20873778140007582,0.2207310977746195
LSPIN,lspin_tf,0.008,0.0,7,8,0.15231553255247124,0.13286327968997672
LSPIN,lspin_tf,0.008,0.0,7,9,0.22144805058665704,0.2435175852996005
LSPIN,lspin_tf,0.008,0.0,8,9,0.23080233438153663,0.2804814069943407
LSPIN,lspin_tf,0.0065,0.0,0,1,0.4084162940419769,0.3414677521349544
LSPIN,lspin_tf,0.0065,0.0,0,2,0.21727497423947775,0.23318195883645157
LSPIN,lspin_tf,0.0065,0.0,0,3,0.39321041238230536,0.3167715374756753
LSPIN,lspin_tf,0.0065,0.0,0,4,0.35833903359149855,0.3426998760939185
LSPIN,lspin_tf,0.0065,0.0,0,5,0.19435524364871243,0.2337381856353414
LSPIN,lspin_tf,0.0065,0.0,0,6,0.22296668807863013,0.26883328471886647
LSPIN,lspin_tf,0.0065,0.0,0,7,0.26159740640801266,0.26535776914272635
LSPIN,lspin_tf,0.0065,0.0,0,8,0.5789805610310071,0.5351672564157295
LSPIN,lspin_tf,0.0065,0.0,0,9,0.2676468303834151,0.3094424599904903
LSPIN,lspin_tf,0.0065,0.0,1,2,0.2515972388797721,0.3292559004596307
LSPIN,lspin_tf,0.0065,0.0,1,3,0.6082587996662912,0.5226499113540582
LSPIN,lspin_tf,0.0065,0.0,1,4,0.4478806231503978,0.42470947330441255
LSPIN,lspin_tf,0.0065,0.0,1,5,0.30161107917951957,0.3702673754617847
LSPIN,lspin_tf,0.0065,0.0,1,6,0.22301668473140696,0.2801449727187843
LSPIN,lspin_tf,0.0065,0.0,1,7,0.45531381679664057,0.445209785369796
LSPIN,lspin_tf,0.0065,0.0,1,8,0.32469327096901496,0.3148668730172188
LSPIN,lspin_tf,0.0065,0.0,1,9,0.2163004444900953,0.28288422929447227
LSPIN,lspin_tf,0.0065,0.0,2,3,0.27733431782452517,0.31869440033517354
LSPIN,lspin_tf,0.0065,0.0,2,4,0.37995909135474726,0.4237871982380236
LSPIN,lspin_tf,0.0065,0.0,2,5,0.31681618954912727,0.3569681150239999
LSPIN,lspin_tf,0.0065,0.0,2,6,0.4375702345978506,0.438605204868835
LSPIN,lspin_tf,0.0065,0.0,2,7,0.27932321181255254,0.313600580466559
LSPIN,lspin_tf,0.0065,0.0,2,8,0.20196178415570748,0.2325751300141389
LSPIN,lspin_tf,0.0065,0.0,2,9,0.4267245518984439,0.45902883809600575
LSPIN,lspin_tf,0.0065,0.0,3,4,0.38257998049189135,0.35042326621287073
LSPIN,lspin_tf,0.0065,0.0,3,5,0.24704571729566194,0.2915505906277264
LSPIN,lspin_tf,0.0065,0.0,3,6,0.20186483702410765,0.2346285255340098
LSPIN,lspin_tf,0.0065,0.0,3,7,0.3843924554083725,0.37546677692308345
LSPIN,lspin_tf,0.0065,0.0,3,8,0.3139686153451626,0.2937341084421159
LSPIN,lspin_tf,0.0065,0.0,3,9,0.18580578905455203,0.21191792446386226
LSPIN,lspin_tf,0.0065,0.0,4,5,0.5276148203264123,0.48544064671598486
LSPIN,lspin_tf,0.0065,0.0,4,6,0.41718494592206623,0.4130945169561476
LSPIN,lspin_tf,0.0065,0.0,4,7,0.48123950476609395,0.43687456702651867
LSPIN,lspin_tf,0.0065,0.0,4,8,0.2322467748911096,0.23092289882028472
LSPIN,lspin_tf,0.0065,0.0,4,9,0.3613148967036089,0.3996521155051717
LSPIN,lspin_tf,0.0065,0.0,5,6,0.5534224263983185,0.5121881770101523
LSPIN,lspin_tf,0.0065,0.0,5,7,0.4513201250712907,0.4613239822558889
LSPIN,lspin_tf,0.0065,0.0,5,8,0.1078364443424153,0.14559675990121135
LSPIN,lspin_tf,0.0065,0.0,5,9,0.46867703867091887,0.45376206336448005
LSPIN,lspin_tf,0.0065,0.0,6,7,0.38547050902091884,0.3789600097231549
LSPIN,lspin_tf,0.0065,0.0,6,8,0.20279791768099129,0.2420460253198375
LSPIN,lspin_tf,0.0065,0.0,6,9,0.6652554640546797,0.612032253368776
LSPIN,lspin_tf,0.0065,0.0,7,8,0.16788627934516492,0.1601290591321233
LSPIN,lspin_tf,0.0065,0.0,7,9,0.3103159409276221,0.31704729034904583
LSPIN,lspin_tf,0.0065,0.0,8,9,0.3012689118222108,0.3342572347216365
LSPIN,lspin_tf,0.005,0.0,0,1,0.36036186471142606,0.3533284691643695
LSPIN,lspin_tf,0.005,0.0,0,2,0.3895551697187679,0.3761338869519342
LSPIN,lspin_tf,0.005,0.0,0,3,0.19867337745682812,0.269109873066297
LSPIN,lspin_tf,0.005,0.0,0,4,0.28942998165179346,0.33937266815427675
LSPIN,lspin_tf,0.005,0.0,0,5,0.2110780005252496,0.2277883639638885
LSPIN,lspin_tf,0.005,0.0,0,6,0.28247496814758494,0.2913621101948703
LSPIN,lspin_tf,0.005,0.0,0,7,0.20100463931871143,0.2806422001179743
LSPIN,lspin_tf,0.005,0.0,0,8,0.20888528518757798,0.2376204837231873
LSPIN,lspin_tf,0.005,0.0,0,9,0.3986219094933641,0.3495515856448582
LSPIN,lspin_tf,0.005,0.0,1,2,0.2727596656848016,0.2623600263204865
LSPIN,lspin_tf,0.005,0.0,1,3,0.2765530304141147,0.29577975805993156
LSPIN,lspin_tf,0.005,0.0,1,4,0.22988651240011276,0.25540579377637057
LSPIN,lspin_tf,0.005,0.0,1,5,0.21264906368369516,0.2830345684287748
LSPIN,lspin_tf,0.005,0.0,1,6,0.26578877454069155,0.2537767943204876
LSPIN,lspin_tf,0.005,0.0,1,7,0.42488154762998714,0.46325547702560654
LSPIN,lspin_tf,0.005,0.0,1,8,0.26203522783972316,0.2496672760950372
LSPIN,lspin_tf,0.005,0.0,1,9,0.19124863132614203,0.2111507186583688
LSPIN,lspin_tf,0.005,0.0,2,3,0.24959336313094754,0.2845909013610479
LSPIN,lspin_tf,0.005,0.0,2,4,0.6211208378329847,0.5763876585802151
LSPIN,lspin_tf,0.005,0.0,2,5,0.26323368019825216,0.295314276103628
LSPIN,lspin_tf,0.005,0.0,2,6,0.5042027093349779,0.4624083758375088
LSPIN,lspin_tf,0.005,0.0,2,7,0.2740544547288737,0.31946560344243335
LSPIN,lspin_tf,0.005,0.0,2,8,0.34507602083421185,0.33870359985469195
LSPIN,lspin_tf,0.005,0.0,2,9,0.5266426898182363,0.5070919922897039
LSPIN,lspin_tf,0.005,0.0,3,4,0.27541490385815026,0.30750696210445044
LSPIN,lspin_tf,0.005,0.0,3,5,0.4665739279393415,0.41182673809445813
LSPIN,lspin_tf,0.005,0.0,3,6,0.2324290232569799,0.2596625666289163
LSPIN,lspin_tf,0.005,0.0,3,7,0.48861147131409693,0.3921206836754162
LSPIN,lspin_tf,0.005,0.0,3,8,0.30016527223387857,0.3299099612388475
LSPIN,lspin_tf,0.005,0.0,3,9,0.2619606355297482,0.2735243534822222
LSPIN,lspin_tf,0.005,0.0,4,5,0.21565786918649113,0.24659548299457834
LSPIN,lspin_tf,0.005,0.0,4,6,0.38551274393093654,0.32905253612157076
LSPIN,lspin_tf,0.005,0.0,4,7,0.2780826062187455,0.30183485831495716
LSPIN,lspin_tf,0.005,0.0,4,8,0.3019075998408496,0.25353293042561026
LSPIN,lspin_tf,0.005,0.0,4,9,0.34477563980877585,0.3597572641503262
LSPIN,lspin_tf,0.005,0.0,5,6,0.21594980124375185,0.28184803678473935
LSPIN,lspin_tf,0.005,0.0,5,7,0.3892274675604166,0.37044690370898775
LSPIN,lspin_tf,0.005,0.0,5,8,0.18807686288353298,0.20782056309155944
LSPIN,lspin_tf,0.005,0.0,5,9,0.3391445984517986,0.30145170197413906
LSPIN,lspin_tf,0.005,0.0,6,7,0.33940298823590814,0.3591524756799029
LSPIN,lspin_tf,0.005,0.0,6,8,0.30832530762574595,0.29306794727049074
LSPIN,lspin_tf,0.005,0.0,6,9,0.45066404249941866,0.4753297334719754
LSPIN,lspin_tf,0.005,0.0,7,8,0.30988878575096784,0.29632192759611453
LSPIN,lspin_tf,0.005,0.0,7,9,0.2715401377573422,0.31866118284109446
LSPIN,lspin_tf,0.005,0.0,8,9,0.2250254028357567,0.2749089737157545
LSPIN,lspin_tf,0.004,0.0,0,1,0.1620952578786101,0.18908091538848049
LSPIN,lspin_tf,0.004,0.0,0,2,0.2646966553169178,0.2675066097502867
LSPIN,lspin_tf,0.004,0.0,0,3,0.2737601568986257,0.34324641320071
LSPIN,lspin_tf,0.004,0.0,0,4,0.1609433538279035,0.17989777537189663
LSPIN,lspin_tf,0.004,0.0,0,5,0.22979569361820093,0.2760410230247632
LSPIN,lspin_tf,0.004,0.0,0,6,0.18269498642347673,0.2108384203149468
LSPIN,lspin_tf,0.004,0.0,0,7,0.13499513630782087,0.19194474761545371
LSPIN,lspin_tf,0.004,0.0,0,8,0.36862323224344296,0.33449255392221094
LSPIN,lspin_tf,0.004,0.0,0,9,0.39150262458929874,0.3717824239032339
LSPIN,lspin_tf,0.004,0.0,1,2,0.12799812220122656,0.1683189094321882
LSPIN,lspin_tf,0.004,0.0,1,3,0.29037922374760683,0.3160371255915477
LSPIN,lspin_tf,0.004,0.0,1,4,0.2758307450576365,0.3542479350627987
LSPIN,lspin_tf,0.004,0.0,1,5,0.41740932093938476,0.4464831056954661
LSPIN,lspin_tf,0.004,0.0,1,6,0.23730705182305561,0.29368067212166
LSPIN,lspin_tf,0.004,0.0,1,7,0.2294539486878361,0.31495794274172484
LSPIN,lspin_tf,0.004,0.0,1,8,0.24657558683779954,0.25241650951146166
LSPIN,lspin_tf,0.004,0.0,1,9,0.36806165298970955,0.3379790684952774
LSPIN,lspin_tf,0.004,0.0,2,3,0.1897661984632235,0.20989128194021228
LSPIN,lspin_tf,0.004,0.0,2,4,0.3644353650569367,0.36296389964336523
LSPIN,lspin_tf,0.004,0.0,2,5,0.1937764015734677,0.19930064449954196
LSPIN,lspin_tf,0.004,0.0,2,6,0.5136111473977083,0.4685129511137211
LSPIN,lspin_tf,0.004,0.0,2,7,0.37909238467845136,0.36543218389291776
LSPIN,lspin_tf,0.004,0.0,2,8,0.26696356539544064,0.26015258131274505
LSPIN,lspin_tf,0.004,0.0,2,9,0.20175012426300984,0.21922835249396047
LSPIN,lspin_tf,0.004,0.0,3,4,0.2952591759040311,0.2633704045876609
LSPIN,lspin_tf,0.004,0.0,3,5,0.26832857712200037,0.3194293694940161
LSPIN,lspin_tf,0.004,0.0,3,6,0.36115618837605035,0.382644373887873
LSPIN,lspin_tf,0.004,0.0,3,7,0.23816086555831714,0.2968643453886532
LSPIN,lspin_tf,0.004,0.0,3,8,0.27506442201980597,0.275988838599942
LSPIN,lspin_tf,0.004,0.0,3,9,0.4383281605193365,0.40373050098481567
LSPIN,lspin_tf,0.004,0.0,4,5,0.24075396975968272,0.2945071123568883
LSPIN,lspin_tf,0.004,0.0,4,6,0.5419524414737777,0.4577383488889518
LSPIN,lspin_tf,0.004,0.0,4,7,0.41362310600080354,0.4826228117714302
LSPIN,lspin_tf,0.004,0.0,4,8,0.2329875567594349,0.24900096229325056
LSPIN,lspin_tf,0.004,0.0,4,9,0.21135292221008573,0.20495008895235303
LSPIN,lspin_tf,0.004,0.0,5,6,0.23970724947483538,0.28387033012539126
LSPIN,lspin_tf,0.004,0.0,5,7,0.35295159029565354,0.3794874795975487
LSPIN,lspin_tf,0.004,0.0,5,8,0.2300449033027865,0.2932226005319338
LSPIN,lspin_tf,0.004,0.0,5,9,0.2852813821731306,0.3457908628242157
LSPIN,lspin_tf,0.004,0.0,6,7,0.40398960661791306,0.4371932383669653
LSPIN,lspin_tf,0.004,0.0,6,8,0.31988824558043005,0.3374399673747317
LSPIN,lspin_tf,0.004,0.0,6,9,0.26120398013182083,0.2914773038362534
LSPIN,lspin_tf,0.004,0.0,7,8,0.21329801145588842,0.27323333919937653
LSPIN,lspin_tf,0.004,0.0,7,9,0.2319342151983362,0.3060810190719052
LSPIN,lspin_tf,0.004,0.0,8,9,0.5538367426218913,0.479819819404241
LSPIN,lspin_tf,0.0033,0.0,0,1,0.23768705180019203,0.24480231807868497
LSPIN,lspin_tf,0.0033,0.0,0,2,0.22492581150979507,0.26969809651464377
LSPIN,lspin_tf,0.0033,0.0,0,3,0.17036579100366409,0.17734970646410672
LSPIN,lspin_tf,0.0033,0.0,0,4,0.2729453198530528,0.2994302112954521
LSPIN,lspin_tf,0.0033,0.0,0,5,0.245692926777173,0.2367337407929903
LSPIN,lspin_tf,0.0033,0.0,0,6,0.2811137901526804,0.3065693570905893
LSPIN,lspin_tf,0.0033,0.0,0,7,0.22323394984325942,0.2595888243216112
LSPIN,lspin_tf,0.0033,0.0,0,8,0.2595084731040461,0.3347961987622467
LSPIN,lspin_tf,0.0033,0.0,0,9,0.2800444608557805,0.32384303712691853
LSPIN,lspin_tf,0.0033,0.0,1,2,0.2893196013372598,0.3111325191894441
LSPIN,lspin_tf,0.0033,0.0,1,3,0.23475082538244518,0.29541054062676286
LSPIN,lspin_tf,0.0033,0.0,1,4,0.19972750989325044,0.2115261099566461
LSPIN,lspin_tf,0.0033,0.0,1,5,0.2112276664672658,0.22124835377113727
LSPIN,lspin_tf,0.0033,0.0,1,6,0.18741238969121535,0.2377989247550739
LSPIN,lspin_tf,0.0033,0.0,1,7,0.1914407623781949,0.21845856588359117
LSPIN,lspin_tf,0.0033,0.0,1,8,0.266326283348156,0.3279756709881131
LSPIN,lspin_tf,0.0033,0.0,1,9,0.24963372584273197,0.31627101810968483
LSPIN,lspin_tf,0.0033,0.0,2,3,0.18402148320553346,0.23282236126923472
LSPIN,lspin_tf,0.0033,0.0,2,4,0.4691603139548505,0.45048286222047845
LSPIN,lspin_tf,0.0033,0.0,2,5,0.10375164315891612,0.1515975799689178
LSPIN,lspin_tf,0.0033,0.0,2,6,0.2784707618124025,0.2936625749553226
LSPIN,lspin_tf,0.0033,0.0,2,7,0.4955558898944847,0.4562633796497632
LSPIN,lspin_tf,0.0033,0.0,2,8,0.293810936905899,0.3010612139900108
LSPIN,lspin_tf,0.0033,0.0,2,9,0.2590975407912853,0.31422323690815224
LSPIN,lspin_tf,0.0033,0.0,3,4,0.31735634614257985,0.316324140873851
LSPIN,lspin_tf,0.0033,0.0,3,5,0.18698831656624493,0.22641254672723174
LSPIN,lspin_tf,0.0033,0.0,3,6,0.3299836333705221,0.3384553291529081
LSPIN,lspin_tf,0.0033,0.0,3,7,0.28371001188452327,0.2712994641400899
LSPIN,lspin_tf,0.0033,0.0,3,8,0.2635128728707942,0.3012548667158697
LSPIN,lspin_tf,0.0033,0.0,3,9,0.40044783631845965,0.4379941648379033
LSPIN,lspin_tf,0.0033,0.0,4,5,0.11135078220984032,0.13738454847414297
LSPIN,lspin_tf,0.0033,0.0,4,6,0.3591869824276046,0.31895978492101157
LSPIN,lspin_tf,0.0033,0.0,4,7,0.6070344439331049,0.5590981649508758
LSPIN,lspin_tf,0.0033,0.0,4,8,0.4685116739975229,0.42476546379638547
LSPIN,lspin_tf,0.0033,0.0,4,9,0.3413250188655356,0.37360971726366976
LSPIN,lspin_tf,0.0033,0.0,5,6,0.23027087948899974,0.2850628528194238
LSPIN,lspin_tf,0.0033,0.0,5,7,0.17218609013369435,0.18649750010716978
LSPIN,lspin_tf,0.0033,0.0,5,8,0.11289111660404673,0.18307556891837978
LSPIN,lspin_tf,0.0033,0.0,5,9,0.2975716516793033,0.33765650995404045
LSPIN,lspin_tf,0.0033,0.0,6,7,0.39687448655552265,0.36497536431709665
LSPIN,lspin_tf,0.0033,0.0,6,8,0.4557890806573631,0.4357005499173363
LSPIN,lspin_tf,0.0033,0.0,6,9,0.5279924894686591,0.4736773503998893
LSPIN,lspin_tf,0.0033,0.0,7,8,0.30949561290679956,0.2884411306580474
LSPIN,lspin_tf,0.0033,0.0,7,9,0.4364288905022722,0.47239176019678975
LSPIN,lspin_tf,0.0033,0.0,8,9,0.3578999536760503,0.3896663268136962
LSPIN,lspin_tf,0.0027,0.0,0,1,0.34819776191777224,0.3480625519385753
LSPIN,lspin_tf,0.0027,0.0,0,2,0.3488649089407452,0.396748918336501
LSPIN,lspin_tf,0.0027,0.0,0,3,0.47541705521148114,0.4854027244929252
LSPIN,lspin_tf,0.0027,0.0,0,4,0.1621134104662318,0.17038457750523844
LSPIN,lspin_tf,0.0027,0.0,0,5,0.3754706302463329,0.3890699067463805
LSPIN,lspin_tf,0.0027,0.0,0,6,0.4858951074265727,0.5045359287604676
LSPIN,lspin_tf,0.0027,0.0,0,7,0.4028629976629241,0.3918028618676687
LSPIN,lspin_tf,0.0027,0.0,0,8,0.24659790087355676,0.24993258478945754
LSPIN,lspin_tf,0.0027,0.0,0,9,0.3394486249703805,0.3205857003697683
LSPIN,lspin_tf,0.0027,0.0,1,2,0.41548296647361044,0.38181636091814003
LSPIN,lspin_tf,0.0027,0.0,1,3,0.4542530621238022,0.4055153174560313
LSPIN,lspin_tf,0.0027,0.0,1,4,0.3183342677958832,0.35008789194408313
LSPIN,lspin_tf,0.0027,0.0,1,5,0.40774358736891647,0.35769928142524865
LSPIN,lspin_tf,0.0027,0.0,1,6,0.46497707315884995,0.4071991464663784
LSPIN,lspin_tf,0.0027,0.0,1,7,0.48180989505618893,0.41019929792208604
LSPIN,lspin_tf,0.0027,0.0,1,8,0.432413302400484,0.3756274824835612
LSPIN,lspin_tf,0.0027,0.0,1,9,0.40081442690666147,0.3460107171845413
LSPIN,lspin_tf,0.0027,0.0,2,3,0.6487837898651371,0.5813867512885781
LSPIN,lspin_tf,0.0027,0.0,2,4,0.18628724713436245,0.27011744718138914
LSPIN,lspin_tf,0.0027,0.0,2,5,0.6340252443521743,0.5588433311563541
LSPIN,lspin_tf,0.0027,0.0,2,6,0.5833359493660776,0.5146655374535702
LSPIN,lspin_tf,0.0027,0.0,2,7,0.6390962600285444,0.5658875763613755
LSPIN,lspin_tf,0.0027,0.0,2,8,0.2795568707947765,0.30861419906472476
LSPIN,lspin_tf,0.0027,0.0,2,9,0.5736599235118648,0.5254285270195403
LSPIN,lspin_tf,0.0027,0.0,3,4,0.1881577097417892,0.2347183590411809
LSPIN,lspin_tf,0.0027,0.0,3,5,0.6772788271339584,0.5896261351900334
LSPIN,lspin_tf,0.0027,0.0,3,6,0.7894656448987429,0.6825340458261211
LSPIN,lspin_tf,0.0027,0.0,3,7,0.626545120499438,0.5433655040367743
LSPIN,lspin_tf,0.0027,0.0,3,8,0.35641796459414726,0.3744435661242746
LSPIN,lspin_tf,0.0027,0.0,3,9,0.5407904003843567,0.48947689913605036
LSPIN,lspin_tf,0.0027,0.0,4,5,0.22957668292492217,0.26942887369025603
LSPIN,lspin_tf,0.0027,0.0,4,6,0.1751840228646366,0.23305317348597082
LSPIN,lspin_tf,0.0027,0.0,4,7,0.30845509089149786,0.3640629685280859
LSPIN,lspin_tf,0.0027,0.0,4,8,0.34838215450578663,0.369713774314204
LSPIN,lspin_tf,0.0027,0.0,4,9,0.2615834266148136,0.31875245624796705
LSPIN,lspin_tf,0.0027,0.0,5,6,0.6065964421394648,0.5276739204544267
LSPIN,lspin_tf,0.0027,0.0,5,7,0.6775563035664404,0.5954030147568977
LSPIN,lspin_tf,0.0027,0.0,5,8,0.3046526658341219,0.3388345937381211
LSPIN,lspin_tf,0.0027,0.0,5,9,0.5379177962465548,0.47180571722141956
LSPIN,lspin_tf,0.0027,0.0,6,7,0.6149633396544107,0.5323423819011928
LSPIN,lspin_tf,0.0027,0.0,6,8,0.3467116808728386,0.35138760328951996
LSPIN,lspin_tf,0.0027,0.0,6,9,0.5220416350414199,0.4639019954937298
LSPIN,lspin_tf,0.0027,0.0,7,8,0.3839355704272302,0.39527653630934456
LSPIN,lspin_tf,0.0027,0.0,7,9,0.6288947414416777,0.5568839658703225
LSPIN,lspin_tf,0.0027,0.0,8,9,0.4210643651767612,0.4509751001728563
LSPIN,lspin_tf,0.0022,0.0,0,1,0.29649340441015004,0.27369010472957195
LSPIN,lspin_tf,0.0022,0.0,0,2,0.11902906629880924,0.16124196266992413
LSPIN,lspin_tf,0.0022,0.0,0,3,0.189767006419313,0.23252530386315978
LSPIN,lspin_tf,0.0022,0.0,0,4,0.19167261910634079,0.24537165414916917
LSPIN,lspin_tf,0.0022,0.0,0,5,0.32119566182314585,0.33083396244503255
LSPIN,lspin_tf,0.0022,0.0,0,6,0.3086605822586273,0.2934854323681093
LSPIN,lspin_tf,0.0022,0.0,0,7,0.15493302107712711,0.1944978080784872
LSPIN,lspin_tf,0.0022,0.0,0,8,0.21037985488943925,0.2542668346253754
LSPIN,lspin_tf,0.0022,0.0,0,9,0.2636777808257441,0.2444992735932933
LSPIN,lspin_tf,0.0022,0.0,1,2,0.11243098502303527,0.1525769537012621
LSPIN,lspin_tf,0.0022,0.0,1,3,0.1436851018610572,0.21467185783311124
LSPIN,lspin_tf,0.0022,0.0,1,4,0.18473789739225002,0.24438476601448725
LSPIN,lspin_tf,0.0022,0.0,1,5,0.2184436286508049,0.23249099435833276
LSPIN,lspin_tf,0.0022,0.0,1,6,0.5429773649467,0.5143702654026029
LSPIN,lspin_tf,0.0022,0.0,1,7,0.3262611088170302,0.376464353099285
LSPIN,lspin_tf,0.0022,0.0,1,8,0.33168314540768135,0.34375071348838426
LSPIN,lspin_tf,0.0022,0.0,1,9,0.2534164499921109,0.2686040030385662
LSPIN,lspin_tf,0.0022,0.0,2,3,0.5216331764184354,0.5181715714232121
LSPIN,lspin_tf,0.0022,0.0,2,4,0.2648028718308952,0.24916491616984116
LSPIN,lspin_tf,0.0022,0.0,2,5,0.14729648855135008,0.19246949999035015
LSPIN,lspin_tf,0.0022,0.0,2,6,0.24790108227260446,0.2712581054379945
LSPIN,lspin_tf,0.0022,0.0,2,7,0.171446420413937,0.1738909230845709
LSPIN,lspin_tf,0.0022,0.0,2,8,0.16062133355910677,0.19955290611166226
LSPIN,lspin_tf,0.0022,0.0,2,9,0.15178777859910597,0.18355358607909986
LSPIN,lspin_tf,0.0022,0.0,3,4,0.3394436297615464,0.3342756935106084
LSPIN,lspin_tf,0.0022,0.0,3,5,0.16130955562061952,0.20687273028376862
LSPIN,lspin_tf,0.0022,0.0,3,6,0.2564820805918579,0.29987103866219605
LSPIN,lspin_tf,0.0022,0.0,3,7,0.18103041812196832,0.19670561968784941
LSPIN,lspin_tf,0.0022,0.0,3,8,0.08455293800637591,0.12850565551464144
LSPIN,lspin_tf,0.0022,0.0,3,9,0.22487357292454846,0.27762872223288204
LSPIN,lspin_tf,0.0022,0.0,4,5,0.12928181165483865,0.12544206577989264
LSPIN,lspin_tf,0.0022,0.0,4,6,0.1713670253243346,0.19678118166965325
LSPIN,lspin_tf,0.0022,0.0,4,7,0.17994991369483854,0.17172379324418627
LSPIN,lspin_tf,0.0022,0.0,4,8,0.10920826297464002,0.12432613793168588
LSPIN,lspin_tf,0.0022,0.0,4,9,0.21117489885691454,0.18401936583089376
LSPIN,lspin_tf,0.0022,0.0,5,6,0.21286376538062385,0.270284818645001
LSPIN,lspin_tf,0.0022,0.0,5,7,0.2307703179563476,0.25139804605709404
LSPIN,lspin_tf,0.0022,0.0,5,8,0.35890533664731933,0.3672193332496699
LSPIN,lspin_tf,0.0022,0.0,5,9,0.4437838664126038,0.3695562192033635
LSPIN,lspin_tf,0.0022,0.0,6,7,0.3858300719597512,0.39530028077898643
LSPIN,lspin_tf,0.0022,0.0,6,8,0.22130704737447615,0.2672339422526143
LSPIN,lspin_tf,0.0022,0.0,6,9,0.2417759403201535,0.2856525291429707
LSPIN,lspin_tf,0.0022,0.0,7,8,0.3292820342978358,0.33130076386758245
LSPIN,lspin_tf,0.0022,0.0,7,9,0.3009247991772906,0.3081578178420601
LSPIN,lspin_tf,0.0022,0.0,8,9,0.2623648068071191,0.29303682126345754
LSPIN,lspin_tf,0.0018,0.0,0,1,0.2796670828960639,0.28926236088906443
LSPIN,lspin_tf,0.0018,0.0,0,2,0.3073408276360717,0.4010033503153264
LSPIN,lspin_tf,0.0018,0.0,0,3,0.3261611544485515,0.33823954109345433
LSPIN,lspin_tf,0.0018,0.0,0,4,0.23125795728535162,0.27181697619292966
LSPIN,lspin_tf,0.0018,0.0,0,5,0.37980218956983486,0.4031982329355689
LSPIN,lspin_tf,0.0018,0.0,0,6,0.3339364895276935,0.35504965583024195
LSPIN,lspin_tf,0.0018,0.0,0,7,0.22918006465955176,0.2597013501428924
LSPIN,lspin_tf,0.0018,0.0,0,8,0.5003160968028685,0.49784559571917203
LSPIN,lspin_tf,0.0018,0.0,0,9,0.37638569189487076,0.30790870657424807
LSPIN,lspin_tf,0.0018,0.0,1,2,0.23994014693820284,0.2843339765586313
LSPIN,lspin_tf,0.0018,0.0,1,3,0.17717467887405744,0.20427480716713853
LSPIN,lspin_tf,0.0018,0.0,1,4,0.3541798668548377,0.35254280757919093
LSPIN,lspin_tf,0.0018,0.0,1,5,0.2679370511149488,0.3272388697438159
LSPIN,lspin_tf,0.0018,0.0,1,6,0.27852510668239877,0.2945548327129112
LSPIN,lspin_tf,0.0018,0.0,1,7,0.20213847420433487,0.21298208224062504
LSPIN,lspin_tf,0.0018,0.0,1,8,0.301289396935598,0.34680149579826
LSPIN,lspin_tf,0.0018,0.0,1,9,0.24527679409525532,0.22609858754060363
LSPIN,lspin_tf,0.0018,0.0,2,3,0.2716467070696578,0.33524313831898317
LSPIN,lspin_tf,0.0018,0.0,2,4,0.26279690574645054,0.32250911523159737
LSPIN,lspin_tf,0.0018,0.0,2,5,0.299670891515137,0.3367737661896935
LSPIN,lspin_tf,0.0018,0.0,2,6,0.27663842089824386,0.3616094165968429
LSPIN,lspin_tf,0.0018,0.0,2,7,0.41353528857614286,0.3654932119639443
LSPIN,lspin_tf,0.0018,0.0,2,8,0.32159094309565384,0.39284827067713685
LSPIN,lspin_tf,0.0018,0.0,2,9,0.13285028498816523,0.15511487709864238
LSPIN,lspin_tf,0.0018,0.0,3,4,0.18738951558440486,0.23446471953704978
LSPIN,lspin_tf,0.0018,0.0,3,5,0.4433100449881759,0.454599080546064
LSPIN,lspin_tf,0.0018,0.0,3,6,0.5351326706977321,0.537196182662477
LSPIN,lspin_tf,0.0018,0.0,3,7,0.3425456855432078,0.3667283114709364
LSPIN,lspin_tf,0.0018,0.0,3,8,0.482930874291705,0.4797924077389913
LSPIN,lspin_tf,0.0018,0.0,3,9,0.23359538577202807,0.19867916123547422
LSPIN,lspin_tf,0.0018,0.0,4,5,0.1738347974147454,0.25370109649245903
LSPIN,lspin_tf,0.0018,0.0,4,6,0.16761432970540915,0.21234828240385226
LSPIN,lspin_tf,0.0018,0.0,4,7,0.1758253023826822,0.2327634848552508
LSPIN,lspin_tf,0.0018,0.0,4,8,0.17605946933189554,0.23417338364732146
LSPIN,lspin_tf,0.0018,0.0,4,9,0.15815736119001775,0.17784873296476608
LSPIN,lspin_tf,0.0018,0.0,5,6,0.5697399951573249,0.5420179009273165
LSPIN,lspin_tf,0.0018,0.0,5,7,0.3775072244979858,0.33844611146069975
LSPIN,lspin_tf,0.0018,0.0,5,8,0.6479387270333572,0.5893065350434114
LSPIN,lspin_tf,0.0018,0.0,5,9,0.18939283063579032,0.22199050837919565
LSPIN,lspin_tf,0.0018,0.0,6,7,0.31257322196029635,0.32747568459674614
LSPIN,lspin_tf,0.0018,0.0,6,8,0.5535493102780593,0.5386323075618974
LSPIN,lspin_tf,0.0018,0.0,6,9,0.1517731822035124,0.14842213189584208
LSPIN,lspin_tf,0.0018,0.0,7,8,0.3176311633630496,0.2975749810274995
LSPIN,lspin_tf,0.0018,0.0,7,9,0.10316597752786708,0.1327080779836547
LSPIN,lspin_tf,0.0018,0.0,8,9,0.26012627580262093,0.2787671695960342
LSPIN,lspin_tf,0.0015,0.0,0,1,0.46133709541836304,0.42856650561323545
LSPIN,lspin_tf,0.0015,0.0,0,2,0.21661170251592066,0.2812685511664487
LSPIN,lspin_tf,0.0015,0.0,0,3,0.6916470370620378,0.6274104472539332
LSPIN,lspin_tf,0.0015,0.0,0,4,0.17714274144569847,0.20931140703817508
LSPIN,lspin_tf,0.0015,0.0,0,5,0.2580642341874158,0.2810892357945421
LSPIN,lspin_tf,0.0015,0.0,0,6,0.31746363117556914,0.2982361035980962
LSPIN,lspin_tf,0.0015,0.0,0,7,0.38262696342937497,0.3370213004495757
LSPIN,lspin_tf,0.0015,0.0,0,8,0.21569095218739107,0.2731333537898197
LSPIN,lspin_tf,0.0015,0.0,0,9,0.3482510511869368,0.3645637286821681
LSPIN,lspin_tf,0.0015,0.0,1,2,0.2535675216726731,0.3517925171567409
LSPIN,lspin_tf,0.0015,0.0,1,3,0.5649918308829375,0.4989376285115654
LSPIN,lspin_tf,0.0015,0.0,1,4,0.2749924394360988,0.2882544582692539
LSPIN,lspin_tf,0.0015,0.0,1,5,0.41159781419735525,0.4779940824592239
LSPIN,lspin_tf,0.0015,0.0,1,6,0.5250535119042999,0.4787626435627354
LSPIN,lspin_tf,0.0015,0.0,1,7,0.4402849415779632,0.42001510780386186
LSPIN,lspin_tf,0.0015,0.0,1,8,0.18183919617708347,0.25561277343020583
LSPIN,lspin_tf,0.0015,0.0,1,9,0.4759798708931031,0.5625551206334015
LSPIN,lspin_tf,0.0015,0.0,2,3,0.18170309090696943,0.22303128134497258
LSPIN,lspin_tf,0.0015,0.0,2,4,0.2135735101105282,0.1940885522113346
LSPIN,lspin_tf,0.0015,0.0,2,5,0.1723789113872935,0.25635262370709927
LSPIN,lspin_tf,0.0015,0.0,2,6,0.3132974646270306,0.36250716796781246
LSPIN,lspin_tf,0.0015,0.0,2,7,0.2672079758303669,0.3138360812310996
LSPIN,lspin_tf,0.0015,0.0,2,8,0.4109138232647755,0.3520552225170727
LSPIN,lspin_tf,0.0015,0.0,2,9,0.2324268771518127,0.32903503180285976
LSPIN,lspin_tf,0.0015,0.0,3,4,0.2874028299560661,0.30825479131773126
LSPIN,lspin_tf,0.0015,0.0,3,5,0.3449895857506958,0.36590093191204714
LSPIN,lspin_tf,0.0015,0.0,3,6,0.3150884237410571,0.28936147184489097
LSPIN,lspin_tf,0.0015,0.0,3,7,0.3462576380185089,0.30361928212079825
LSPIN,lspin_tf,0.0015,0.0,3,8,0.17016148788675323,0.21490028505619888
LSPIN,lspin_tf,0.0015,0.0,3,9,0.4225445731427578,0.4280081877760235
LSPIN,lspin_tf,0.0015,0.0,4,5,0.15045314980017765,0.18311385274302233
LSPIN,lspin_tf,0.0015,0.0,4,6,0.20954626226058487,0.2351128659867445
LSPIN,lspin_tf,0.0015,0.0,4,7,0.14946643829442657,0.15852691286273787
LSPIN,lspin_tf,0.0015,0.0,4,8,0.24948992919453375,0.259414171752421
LSPIN,lspin_tf,0.0015,0.0,4,9,0.15764029166894653,0.1778214940350582
LSPIN,lspin_tf,0.0015,0.0,5,6,0.3379804640615399,0.4466002817690488
LSPIN,lspin_tf,0.0015,0.0,5,7,0.3344469609365576,0.3718603576616201
LSPIN,lspin_tf,0.0015,0.0,5,8,0.1825075583725579,0.25171085318290604
LSPIN,lspin_tf,0.0015,0.0,5,9,0.4806138949586055,0.472686207291313
LSPIN,lspin_tf,0.0015,0.0,6,7,0.455780597339055,0.4325237325746149
LSPIN,lspin_tf,0.0015,0.0,6,8,0.2519106623384203,0.32819097532912755
LSPIN,lspin_tf,0.0015,0.0,6,9,0.38585159876152747,0.46955974606094597
LSPIN,lspin_tf,0.0015,0.0,7,8,0.1618706451895221,0.22419637266357065
LSPIN,lspin_tf,0.0015,0.0,7,9,0.3276528467618634,0.3913876948692132
LSPIN,lspin_tf,0.0015,0.0,8,9,0.177223971719796,0.23060922672160716
LSPIN,lspin_tf,0.0012,0.0,0,1,0.47361770924195734,0.48429804542759475
LSPIN,lspin_tf,0.0012,0.0,0,2,0.1587459425406685,0.2042456325235604
LSPIN,lspin_tf,0.0012,0.0,0,3,0.2358043485717994,0.3024529258754144
LSPIN,lspin_tf,0.0012,0.0,0,4,0.20510808507004522,0.25734886391256584
LSPIN,lspin_tf,0.0012,0.0,0,5,0.665456391584043,0.5908474996756305
LSPIN,lspin_tf,0.0012,0.0,0,6,0.3333795089751819,0.3392524435933216
LSPIN,lspin_tf,0.0012,0.0,0,7,0.476178063583642,0.43133141243512235
LSPIN,lspin_tf,0.0012,0.0,0,8,0.48824085537102324,0.4466393887367436
LSPIN,lspin_tf,0.0012,0.0,0,9,0.2127945124372392,0.2950596340882319
LSPIN,lspin_tf,0.0012,0.0,1,2,0.26074385366803865,0.2618908248282158
LSPIN,lspin_tf,0.0012,0.0,1,3,0.3354477011702951,0.36462855690729
LSPIN,lspin_tf,0.0012,0.0,1,4,0.258867194243912,0.2832465776336653
LSPIN,lspin_tf,0.0012,0.0,1,5,0.4235643388312546,0.4880914914874266
LSPIN,lspin_tf,0.0012,0.0,1,6,0.1687721223633015,0.24561331002151957
LSPIN,lspin_tf,0.0012,0.0,1,7,0.4959451859674607,0.48535349599732336
LSPIN,lspin_tf,0.0012,0.0,1,8,0.5427624870012715,0.5322490869650179
LSPIN,lspin_tf,0.0012,0.0,1,9,0.33758614245665386,0.3684650632804752
LSPIN,lspin_tf,0.0012,0.0,2,3,0.5341960927815532,0.47383686005508446
LSPIN,lspin_tf,0.0012,0.0,2,4,0.4186241936165771,0.40469344491564896
LSPIN,lspin_tf,0.0012,0.0,2,5,0.20178866643069435,0.24532652517324702
LSPIN,lspin_tf,0.0012,0.0,2,6,0.1778301627476894,0.21277518434612322
LSPIN,lspin_tf,0.0012,0.0,2,7,0.22122486492954152,0.2141687335004828
LSPIN,lspin_tf,0.0012,0.0,2,8,0.2091041995600943,0.22499066209248356
LSPIN,lspin_tf,0.0012,0.0,2,9,0.6589051788102909,0.5812411276979852
LSPIN,lspin_tf,0.0012,0.0,3,4,0.5392936927044444,0.48835861467695507
LSPIN,lspin_tf,0.0012,0.0,3,5,0.2211940218799881,0.28761944395807737
LSPIN,lspin_tf,0.0012,0.0,3,6,0.17579648744048515,0.20800426721337914
LSPIN,lspin_tf,0.0012,0.0,3,7,0.2763640737764168,0.32377561008698125
LSPIN,lspin_tf,0.0012,0.0,3,8,0.2546408672514494,0.29391551804087424
LSPIN,lspin_tf,0.0012,0.0,3,9,0.6069026663720323,0.5528465417038454
LSPIN,lspin_tf,0.0012,0.0,4,5,0.1922653948422688,0.26144931236076413
LSPIN,lspin_tf,0.0012,0.0,4,6,0.21842401433875466,0.24585451127702265
LSPIN,lspin_tf,0.0012,0.0,4,7,0.20870972223567882,0.23251141542615972
LSPIN,lspin_tf,0.0012,0.0,4,8,0.16688016414904128,0.18842917939980752
LSPIN,lspin_tf,0.0012,0.0,4,9,0.5166859942350666,0.5317305629693215
LSPIN,lspin_tf,0.0012,0.0,5,6,0.29729375369252886,0.2813867436856883
LSPIN,lspin_tf,0.0012,0.0,5,7,0.4777418710002007,0.46132930002687544
LSPIN,lspin_tf,0.0012,0.0,5,8,0.5025404474355872,0.502803042878615
LSPIN,lspin_tf,0.0012,0.0,5,9,0.26627785041633517,0.3519091041441048
LSPIN,lspin_tf,0.0012,0.0,6,7,0.19543451840459425,0.20780902772548318
LSPIN,lspin_tf,0.0012,0.0,6,8,0.26558243051031516,0.27345665237550293
LSPIN,lspin_tf,0.0012,0.0,6,9,0.17916359974952695,0.23620637959556035
LSPIN,lspin_tf,0.0012,0.0,7,8,0.49031518624881454,0.4559957529537404
LSPIN,lspin_tf,0.0012,0.0,7,9,0.2868288542891093,0.32598033756994493
LSPIN,lspin_tf,0.0012,0.0,8,9,0.2531175479303672,0.29254109981682547
LSPIN,lspin_tf,0.001,0.0,0,1,0.1553086329975557,0.21554780195794376
LSPIN,lspin_tf,0.001,0.0,0,2,0.27446795514281125,0.31687856493689853
LSPIN,lspin_tf,0.001,0.0,0,3,0.4139879530264055,0.43337418508983416
LSPIN,lspin_tf,0.001,0.0,0,4,0.5489604878137159,0.5178946580569127
LSPIN,lspin_tf,0.001,0.0,0,5,0.3959419630724164,0.3642529394421339
LSPIN,lspin_tf,0.001,0.0,0,6,0.37263988317711866,0.3911419942355804
LSPIN,lspin_tf,0.001,0.0,0,7,0.20711652469037697,0.30139705681003587
LSPIN,lspin_tf,0.001,0.0,0,8,0.5570565943905883,0.633398896108566
LSPIN,lspin_tf,0.001,0.0,0,9,0.49647069755591344,0.5204820384576939
LSPIN,lspin_tf,0.001,0.0,1,2,0.3578538489167738,0.3327901390161047
LSPIN,lspin_tf,0.001,0.0,1,3,0.20690002940521476,0.25941642704241585
LSPIN,lspin_tf,0.001,0.0,1,4,0.24066884607627081,0.24329505688926906
LSPIN,lspin_tf,0.001,0.0,1,5,0.18549991445946157,0.1906973616013458
LSPIN,lspin_tf,0.001,0.0,1,6,0.3330562648744944,0.3265301878483012
LSPIN,lspin_tf,0.001,0.0,1,7,0.17645632300244157,0.1973362444584239
LSPIN,lspin_tf,0.001,0.0,1,8,0.22142413014486562,0.23718581533118424
LSPIN,lspin_tf,0.001,0.0,1,9,0.2611111129384901,0.29740347765178593
LSPIN,lspin_tf,0.001,0.0,2,3,0.19095171207032807,0.21002433888300834
LSPIN,lspin_tf,0.001,0.0,2,4,0.36406991322865745,0.34413056275980713
LSPIN,lspin_tf,0.001,0.0,2,5,0.2982339967520098,0.26982969762096143
LSPIN,lspin_tf,0.001,0.0,2,6,0.31161302749209163,0.3302230039336068
LSPIN,lspin_tf,0.001,0.0,2,7,0.33274802415611354,0.32187167025825586
LSPIN,lspin_tf,0.001,0.0,2,8,0.45806792522883905,0.37258817601439403
LSPIN,lspin_tf,0.001,0.0,2,9,0.4617914404113213,0.4101174797959604
LSPIN,lspin_tf,0.001,0.0,3,4,0.29571871001345595,0.2758275024754436
LSPIN,lspin_tf,0.001,0.0,3,5,0.28714706735535617,0.2711301132019389
LSPIN,lspin_tf,0.001,0.0,3,6,0.15654731461580185,0.19665622886510412
LSPIN,lspin_tf,0.001,0.0,3,7,0.2576654521253018,0.3404396614388076
LSPIN,lspin_tf,0.001,0.0,3,8,0.3537374610552688,0.3770312530249619
LSPIN,lspin_tf,0.001,0.0,3,9,0.32845133240363533,0.3473813728043697
LSPIN,lspin_tf,0.001,0.0,4,5,0.5968082034001285,0.5155177039086197
LSPIN,lspin_tf,0.001,0.0,4,6,0.5910222940296467,0.5744040625647018
LSPIN,lspin_tf,0.001,0.0,4,7,0.1637268646151188,0.22853389281431433
LSPIN,lspin_tf,0.001,0.0,4,8,0.522126141640269,0.4994272868325178
LSPIN,lspin_tf,0.001,0.0,4,9,0.5008049047793844,0.430018572414409
LSPIN,lspin_tf,0.001,0.0,5,6,0.42347611117539163,0.371566778689513
LSPIN,lspin_tf,0.001,0.0,5,7,0.13990130439286053,0.18822113297869672
LSPIN,lspin_tf,0.001,0.0,5,8,0.4045489732754424,0.37662059668233244
LSPIN,lspin_tf,0.001,0.0,5,9,0.356921171551524,0.29973219499060993
LSPIN,lspin_tf,0.001,0.0,6,7,0.16357738898340424,0.22447217258279412
LSPIN,lspin_tf,0.001,0.0,6,8,0.3882252827727038,0.4316842927165898
LSPIN,lspin_tf,0.001,0.0,6,9,0.3547888840344268,0.38020807184959127
LSPIN,lspin_tf,0.001,0.0,7,8,0.21114428585963124,0.2868188189957582
LSPIN,lspin_tf,0.001,0.0,7,9,0.2500103185414264,0.31755558508224657
LSPIN,lspin_tf,0.001,0.0,8,9,0.6094601435510726,0.5493100935035388
LSPIN,lspin_tf,0.0008,0.0,0,1,0.14571274111972402,0.1521988889752415
LSPIN,lspin_tf,0.0008,0.0,0,2,0.20689166558280675,0.22894402049466003
LSPIN,lspin_tf,0.0008,0.0,0,3,0.2344534605660722,0.20815463902338682
LSPIN,lspin_tf,0.0008,0.0,0,4,0.20808415636836095,0.1985290010503978
LSPIN,lspin_tf,0.0008,0.0,0,5,0.30209998113740477,0.2732521153123856
LSPIN,lspin_tf,0.0008,0.0,0,6,0.21860341403759004,0.2225983633300579
LSPIN,lspin_tf,0.0008,0.0,0,7,0.19178997911095919,0.19531229222911436
LSPIN,lspin_tf,0.0008,0.0,0,8,0.20087332714760048,0.18313103267584932
LSPIN,lspin_tf,0.0008,0.0,0,9,0.17459168286262133,0.17487248766345906
LSPIN,lspin_tf,0.0008,0.0,1,2,0.25233929904947944,0.3236270836428393
LSPIN,lspin_tf,0.0008,0.0,1,3,0.23070561840812923,0.26145279429739443
LSPIN,lspin_tf,0.0008,0.0,1,4,0.1788136197347372,0.20085692039689867
LSPIN,lspin_tf,0.0008,0.0,1,5,0.16334767177507417,0.18541649222645534
LSPIN,lspin_tf,0.0008,0.0,1,6,0.14963375804450538,0.16149797127560836
LSPIN,lspin_tf,0.0008,0.0,1,7,0.24628684500783496,0.21872892483293868
LSPIN,lspin_tf,0.0008,0.0,1,8,0.394184640233292,0.4023098977384318
LSPIN,lspin_tf,0.0008,0.0,1,9,0.29694753031641646,0.3043989699309435
LSPIN,lspin_tf,0.0008,0.0,2,3,0.3627063544308375,0.34411319201845225
LSPIN,lspin_tf,0.0008,0.0,2,4,0.17762785092947894,0.23634115735686215
LSPIN,lspin_tf,0.0008,0.0,2,5,0.23422160598638997,0.251327830085278
LSPIN,lspin_tf,0.0008,0.0,2,6,0.30679451871400854,0.30716143441040644
LSPIN,lspin_tf,0.0008,0.0,2,7,0.2520778744234545,0.25131482802772304
LSPIN,lspin_tf,0.0008,0.0,2,8,0.5271596902953004,0.4702394172951735
LSPIN,lspin_tf,0.0008,0.0,2,9,0.593312590918291,0.5048663349102203
LSPIN,lspin_tf,0.0008,0.0,3,4,0.22920404780515644,0.2748650716022696
LSPIN,lspin_tf,0.0008,0.0,3,5,0.21706216540088022,0.27363580155528816
LSPIN,lspin_tf,0.0008,0.0,3,6,0.20426748742567763,0.3255021619209117
LSPIN,lspin_tf,0.0008,0.0,3,7,0.14897089331856192,0.2185995580581838
LSPIN,lspin_tf,0.0008,0.0,3,8,0.42865773352659237,0.4641053642727021
LSPIN,lspin_tf,0.0008,0.0,3,9,0.2943434432431393,0.35375929748096835
LSPIN,lspin_tf,0.0008,0.0,4,5,0.3830709980192389,0.34460448753469963
LSPIN,lspin_tf,0.0008,0.0,4,6,0.30889846866846676,0.3293309046100062
LSPIN,lspin_tf,0.0008,0.0,4,7,0.32810752473060734,0.27557856655836893
LSPIN,lspin_tf,0.0008,0.0,4,8,0.20036287642660558,0.2524910296380523
LSPIN,lspin_tf,0.0008,0.0,4,9,0.19416259748163694,0.2586371167442339
LSPIN,lspin_tf,0.0008,0.0,5,6,0.4906578682646706,0.449315543599864
LSPIN,lspin_tf,0.0008,0.0,5,7,0.3366914206645576,0.28599920022990183
LSPIN,lspin_tf,0.0008,0.0,5,8,0.27673645763609667,0.29980237002885346
LSPIN,lspin_tf,0.0008,0.0,5,9,0.3108658478503172,0.3248297642124539
LSPIN,lspin_tf,0.0008,0.0,6,7,0.5901956252053122,0.5207715786842074
LSPIN,lspin_tf,0.0008,0.0,6,8,0.3429463283610604,0.3723577826313915
LSPIN,lspin_tf,0.0008,0.0,6,9,0.5172537102859235,0.5214867295739791
LSPIN,lspin_tf,0.0008,0.0,7,8,0.3093649186980996,0.3255172163751084
LSPIN,lspin_tf,0.0008,0.0,7,9,0.46665785247712427,0.4750150119325004
LSPIN,lspin_tf,0.0008,0.0,8,9,0.6709555208134352,0.6421738325237547
LSPIN,lspin_tf,0.00065,0.0,0,1,0.40848647927077136,0.37447716899105943
LSPIN,lspin_tf,0.00065,0.0,0,2,0.4183561427315759,0.4358145953131147
LSPIN,lspin_tf,0.00065,0.0,0,3,0.45550682084556293,0.3962284555542065
LSPIN,lspin_tf,0.00065,0.0,0,4,0.42552419357539883,0.3894654122819242
LSPIN,lspin_tf,0.00065,0.0,0,5,0.23019547950625585,0.25146752548390205
LSPIN,lspin_tf,0.00065,0.0,0,6,0.5825552242164408,0.5172007062437948
LSPIN,lspin_tf,0.00065,0.0,0,7,0.23606033328766837,0.2381764488971484
LSPIN,lspin_tf,0.00065,0.0,0,8,0.12698171548386672,0.12828636710983507
LSPIN,lspin_tf,0.00065,0.0,0,9,0.47275473614400537,0.4388737197596793
LSPIN,lspin_tf,0.00065,0.0,1,2,0.3556725623798232,0.38827225347601096
LSPIN,lspin_tf,0.00065,0.0,1,3,0.42663909555891727,0.3932549464724709
LSPIN,lspin_tf,0.00065,0.0,1,4,0.44071573374438167,0.4602983429845954
LSPIN,lspin_tf,0.00065,0.0,1,5,0.2914420587045642,0.3087418486320861
LSPIN,lspin_tf,0.00065,0.0,1,6,0.3745492759348336,0.3815295990845592
LSPIN,lspin_tf,0.00065,0.0,1,7,0.21811807087553878,0.25119137091195304
LSPIN,lspin_tf,0.00065,0.0,1,8,0.22627645126870186,0.2714873344075186
LSPIN,lspin_tf,0.00065,0.0,1,9,0.3194281550385913,0.30261577230928716
LSPIN,lspin_tf,0.00065,0.0,2,3,0.35464041477613467,0.40924882114499955
LSPIN,lspin_tf,0.00065,0.0,2,4,0.36628866534406057,0.36521584050912503
LSPIN,lspin_tf,0.00065,0.0,2,5,0.3575732750365589,0.3300132890315686
LSPIN,lspin_tf,0.00065,0.0,2,6,0.4487344326547457,0.4145610614892873
LSPIN,lspin_tf,0.00065,0.0,2,7,0.28740628263498746,0.313959961079813
LSPIN,lspin_tf,0.00065,0.0,2,8,0.2087863523746318,0.20831816841870865
LSPIN,lspin_tf,0.00065,0.0,2,9,0.4572536147876188,0.4086037996673381
LSPIN,lspin_tf,0.00065,0.0,3,4,0.5469229604298987,0.5660478075175527
LSPIN,lspin_tf,0.00065,0.0,3,5,0.19757076758043243,0.25893919747102023
LSPIN,lspin_tf,0.00065,0.0,3,6,0.34555800933653724,0.338475419150735
LSPIN,lspin_tf,0.00065,0.0,3,7,0.36510191666322295,0.3379127913270845
LSPIN,lspin_tf,0.00065,0.0,3,8,0.15591459454459572,0.17977577203791037
LSPIN,lspin_tf,0.00065,0.0,3,9,0.38365434990646236,0.361344144469525
LSPIN,lspin_tf,0.00065,0.0,4,5,0.17385027753212906,0.21938673605786532
LSPIN,lspin_tf,0.00065,0.0,4,6,0.39912532003810886,0.35323102420241537
LSPIN,lspin_tf,0.00065,0.0,4,7,0.2474224402932118,0.2698961443478433
LSPIN,lspin_tf,0.00065,0.0,4,8,0.2157314329846318,0.2199605122926028
LSPIN,lspin_tf,0.00065,0.0,4,9,0.3959186983268703,0.3586690294019974
LSPIN,lspin_tf,0.00065,0.0,5,6,0.3232453933368143,0.3272154250831843
LSPIN,lspin_tf,0.00065,0.0,5,7,0.2937016681698308,0.3632167519701982
LSPIN,lspin_tf,0.00065,0.0,5,8,0.20265238800319704,0.25594834302276875
LSPIN,lspin_tf,0.00065,0.0,5,9,0.2208167295789658,0.23484129718519195
LSPIN,lspin_tf,0.00065,0.0,6,7,0.24186598785651522,0.2601663043088732
LSPIN,lspin_tf,0.00065,0.0,6,8,0.12486218847468511,0.13620175541143317
LSPIN,lspin_tf,0.00065,0.0,6,9,0.46273358445751167,0.4307130146964983
LSPIN,lspin_tf,0.00065,0.0,7,8,0.150362183003508,0.22640347745700573
LSPIN,lspin_tf,0.00065,0.0,7,9,0.31307692131739634,0.29327347937096765
LSPIN,lspin_tf,0.00065,0.0,8,9,0.1657610068004307,0.17820395544105286
LSPIN,lspin_tf,0.0005,0.0,0,1,0.13886564045948593,0.13141345807247562
LSPIN,lspin_tf,0.0005,0.0,0,2,0.19964414741838013,0.21556604731861506
LSPIN,lspin_tf,0.0005,0.0,0,3,0.5035911445078833,0.5021067690844203
LSPIN,lspin_tf,0.0005,0.0,0,4,0.21164604789879063,0.19533012670955083
LSPIN,lspin_tf,0.0005,0.0,0,5,0.11878144124442223,0.1116170296713202
LSPIN,lspin_tf,0.0005,0.0,0,6,0.18335676791517933,0.2078758201376268
LSPIN,lspin_tf,0.0005,0.0,0,7,0.07638625852118767,0.10514049640322372
LSPIN,lspin_tf,0.0005,0.0,0,8,0.0763681128449585,0.11988824735125464
LSPIN,lspin_tf,0.0005,0.0,0,9,0.2670835877090464,0.24482454785518198
LSPIN,lspin_tf,0.0005,0.0,1,2,0.373781720807418,0.3761974644241623
LSPIN,lspin_tf,0.0005,0.0,1,3,0.1120261391603774,0.12886793394102913
LSPIN,lspin_tf,0.0005,0.0,1,4,0.1139920596726415,0.16011010288977676
LSPIN,lspin_tf,0.0005,0.0,1,5,0.6449809440372462,0.5785678642040575
LSPIN,lspin_tf,0.0005,0.0,1,6,0.3439300614956526,0.3474033602591285
LSPIN,lspin_tf,0.0005,0.0,1,7,0.21459085240296155,0.25893633359328183
LSPIN,lspin_tf,0.0005,0.0,1,8,0.26861414421476215,0.2759481624368425
LSPIN,lspin_tf,0.0005,0.0,1,9,0.17046861600687493,0.22946207998237833
LSPIN,lspin_tf,0.0005,0.0,2,3,0.2155077628013308,0.22732995868178252
LSPIN,lspin_tf,0.0005,0.0,2,4,0.2341323785903229,0.31970223227216554
LSPIN,lspin_tf,0.0005,0.0,2,5,0.3592926003915384,0.36788352162481763
LSPIN,lspin_tf,0.0005,0.0,2,6,0.5336383205572827,0.4394997166090352
LSPIN,lspin_tf,0.0005,0.0,2,7,0.47171934333279236,0.4845733509714018
LSPIN,lspin_tf,0.0005,0.0,2,8,0.5941844917525785,0.5388683384998711
LSPIN,lspin_tf,0.0005,0.0,2,9,0.10344843337651316,0.15381827150749225
LSPIN,lspin_tf,0.0005,0.0,3,4,0.25130711794008087,0.2441763932121438
LSPIN,lspin_tf,0.0005,0.0,3,5,0.12452112548251447,0.1320066461377136
LSPIN,lspin_tf,0.0005,0.0,3,6,0.24359048980784445,0.23463441154591314
LSPIN,lspin_tf,0.0005,0.0,3,7,0.15030304570421343,0.14138344359150867
LSPIN,lspin_tf,0.0005,0.0,3,8,0.11549360516811889,0.13131158864621592
LSPIN,lspin_tf,0.0005,0.0,3,9,0.28651764181139266,0.26474155304023067
LSPIN,lspin_tf,0.0005,0.0,4,5,0.13335561333064663,0.19364097261131064
LSPIN,lspin_tf,0.0005,0.0,4,6,0.174270094906232,0.23385316418348906
LSPIN,lspin_tf,0.0005,0.0,4,7,0.3575805075878492,0.42652635603695915
LSPIN,lspin_tf,0.0005,0.0,4,8,0.2778414906724399,0.3371418247375611
LSPIN,lspin_tf,0.0005,0.0,4,9,0.30048596043631476,0.3029993998702141
LSPIN,lspin_tf,0.0005,0.0,5,6,0.3088002685364235,0.29820568678622467
LSPIN,lspin_tf,0.0005,0.0,5,7,0.20212224333811515,0.26390710460792355
LSPIN,lspin_tf,0.0005,0.0,5,8,0.24468038985426538,0.2776278985246563
LSPIN,lspin_tf,0.0005,0.0,5,9,0.17167600908281747,0.22668948357132163
LSPIN,lspin_tf,0.0005,0.0,6,7,0.39773178686676247,0.35909519973742987
LSPIN,lspin_tf,0.0005,0.0,6,8,0.40259067144281035,0.3187748853805487
LSPIN,lspin_tf,0.0005,0.0,6,9,0.08035420100933433,0.11816490010582992
LSPIN,lspin_tf,0.0005,0.0,7,8,0.5728996599383057,0.5441549299288801
LSPIN,lspin_tf,0.0005,0.0,7,9,0.11154494458140779,0.1681553579002533
LSPIN,lspin_tf,0.0005,0.0,8,9,0.0729194724193281,0.12646570254451844
LSPIN,lspin_tf,0.0004,0.0,0,1,0.3124013621887397,0.38798389911101316
LSPIN,lspin_tf,0.0004,0.0,0,2,0.3842290004425456,0.390888560749356
LSPIN,lspin_tf,0.0004,0.0,0,3,0.5709386648620207,0.5250936792906002
LSPIN,lspin_tf,0.0004,0.0,0,4,0.3504022281846531,0.352361277377182
LSPIN,lspin_tf,0.0004,0.0,0,5,0.3805842879388208,0.3650262626515998
LSPIN,lspin_tf,0.0004,0.0,0,6,0.27566230153221916,0.24373373659610978
LSPIN,lspin_tf,0.0004,0.0,0,7,0.47537036288003726,0.42639551128811315
LSPIN,lspin_tf,0.0004,0.0,0,8,0.339933418746202,0.3810903373351379
LSPIN,lspin_tf,0.0004,0.0,0,9,0.23266747281012487,0.31620385098137516
LSPIN,lspin_tf,0.0004,0.0,1,2,0.14464287990377944,0.18656347774826101
LSPIN,lspin_tf,0.0004,0.0,1,3,0.2738488252008077,0.31266458062994884
LSPIN,lspin_tf,0.0004,0.0,1,4,0.27447725174046084,0.23449062144093616
LSPIN,lspin_tf,0.0004,0.0,1,5,0.20065328141363223,0.20309963456045557
LSPIN,lspin_tf,0.0004,0.0,1,6,0.08807489720632347,0.14098373782647
LSPIN,lspin_tf,0.0004,0.0,1,7,0.20509391447325392,0.1848929142792651
LSPIN,lspin_tf,0.0004,0.0,1,8,0.17294676220998356,0.22976298985774363
LSPIN,lspin_tf,0.0004,0.0,1,9,0.1840729183222002,0.22092026212887628
LSPIN,lspin_tf,0.0004,0.0,2,3,0.4226028975819894,0.4326551284350301
LSPIN,lspin_tf,0.0004,0.0,2,4,0.2673326736379182,0.29053934856920594
LSPIN,lspin_tf,0.0004,0.0,2,5,0.2561349192713076,0.25884235773967906
LSPIN,lspin_tf,0.0004,0.0,2,6,0.44292026038101134,0.40012154956503276
LSPIN,lspin_tf,0.0004,0.0,2,7,0.4457951329832676,0.42278247818915415
LSPIN,lspin_tf,0.0004,0.0,2,8,0.25472116785109833,0.31723217374740714
LSPIN,lspin_tf,0.0004,0.0,2,9,0.14711770894781367,0.20944696384116676
LSPIN,lspin_tf,0.0004,0.0,3,4,0.20481114934860728,0.21940248701671555
LSPIN,lspin_tf,0.0004,0.0,3,5,0.23628901386473608,0.2410461207482481
LSPIN,lspin_tf,0.0004,0.0,3,6,0.34939042044261837,0.3292523926827946
LSPIN,lspin_tf,0.0004,0.0,3,7,0.4626989627387007,0.427574100812467
LSPIN,lspin_tf,0.0004,0.0,3,8,0.2998709442056336,0.3513603473069944
LSPIN,lspin_tf,0.0004,0.0,3,9,0.16193176857754935,0.24423752134695256
LSPIN,lspin_tf,0.0004,0.0,4,5,0.5840271843486895,0.4949800874269648
LSPIN,lspin_tf,0.0004,0.0,4,6,0.19046247743629033,0.18464747524123276
LSPIN,lspin_tf,0.0004,0.0,4,7,0.2828765624666282,0.26584709561291225
LSPIN,lspin_tf,0.0004,0.0,4,8,0.5211804419200387,0.44247120863345324
LSPIN,lspin_tf,0.0004,0.0,4,9,0.28602310712632867,0.34886479740895465
LSPIN,lspin_tf,0.0004,0.0,5,6,0.22185220453454924,0.20828830460097414
LSPIN,lspin_tf,0.0004,0.0,5,7,0.3095840775711614,0.27038219368575567
LSPIN,lspin_tf,0.0004,0.0,5,8,0.4810695376250512,0.4318467686969326
LSPIN,lspin_tf,0.0004,0.0,5,9,0.32388630282480835,0.3782158858675176
LSPIN,lspin_tf,0.0004,0.0,6,7,0.44048391659514846,0.40564976967148564
LSPIN,lspin_tf,0.0004,0.0,6,8,0.22425275827159483,0.2421609500221735
LSPIN,lspin_tf,0.0004,0.0,6,9,0.15017811119109464,0.16371953565358818
LSPIN,lspin_tf,0.0004,0.0,7,8,0.33393771839281494,0.3491272950654777
LSPIN,lspin_tf,0.0004,0.0,7,9,0.18216461352983007,0.2580744870252688
LSPIN,lspin_tf,0.0004,0.0,8,9,0.3896287350839224,0.44677556790016726
LSPIN,lspin_tf,0.0003,0.0,0,1,0.13169836193231602,0.18857712687516598
LSPIN,lspin_tf,0.0003,0.0,0,2,0.12132622348967885,0.1962528294432782
LSPIN,lspin_tf,0.0003,0.0,0,3,0.2342999622753833,0.31274226741650435
LSPIN,lspin_tf,0.0003,0.0,0,4,0.16170519373121184,0.19451615938179315
LSPIN,lspin_tf,0.0003,0.0,0,5,0.30637659701422876,0.32342205508172056
LSPIN,lspin_tf,0.0003,0.0,0,6,0.22107506468399063,0.2773709592220299
LSPIN,lspin_tf,0.0003,0.0,0,7,0.27720219503919424,0.31486265534982144
LSPIN,lspin_tf,0.0003,0.0,0,8,0.4866679468923299,0.4207935360902726
LSPIN,lspin_tf,0.0003,0.0,0,9,0.23479787857326473,0.22222775448755028
LSPIN,lspin_tf,0.0003,0.0,1,2,0.35118739774697977,0.32308917404975485
LSPIN,lspin_tf,0.0003,0.0,1,3,0.17812996558562494,0.24723708765022315
LSPIN,lspin_tf,0.0003,0.0,1,4,0.19498130276083767,0.20914837190864816
LSPIN,lspin_tf,0.0003,0.0,1,5,0.17090536683501426,0.24830001792390768
LSPIN,lspin_tf,0.0003,0.0,1,6,0.165436071231832,0.22349585319478807
LSPIN,lspin_tf,0.0003,0.0,1,7,0.41030968822333236,0.37894036960454747
LSPIN,lspin_tf,0.0003,0.0,1,8,0.16813246274022775,0.24611043943284255
LSPIN,lspin_tf,0.0003,0.0,1,9,0.4550726950590073,0.4494923168274111
LSPIN,lspin_tf,0.0003,0.0,2,3,0.19688032492670296,0.2426764254610043
LSPIN,lspin_tf,0.0003,0.0,2,4,0.10921361137951102,0.15115257890832673
LSPIN,lspin_tf,0.0003,0.0,2,5,0.24825855732316948,0.358972026806763
LSPIN,lspin_tf,0.0003,0.0,2,6,0.21986403963398893,0.2818920662617635
LSPIN,lspin_tf,0.0003,0.0,2,7,0.2647617547065451,0.2932255728217379
LSPIN,lspin_tf,0.0003,0.0,2,8,0.14055687785803883,0.1978793923509452
LSPIN,lspin_tf,0.0003,0.0,2,9,0.26224893507622754,0.2763373630694939
LSPIN,lspin_tf,0.0003,0.0,3,4,0.10158403393844337,0.11409713404435322
LSPIN,lspin_tf,0.0003,0.0,3,5,0.40438301000604765,0.38637648817959885
LSPIN,lspin_tf,0.0003,0.0,3,6,0.6274483471431826,0.552707692646683
LSPIN,lspin_tf,0.0003,0.0,3,7,0.2161947081816456,0.25633389968759057
LSPIN,lspin_tf,0.0003,0.0,3,8,0.1635281962404239,0.20755743143174424
LSPIN,lspin_tf,0.0003,0.0,3,9,0.16158502292810772,0.22864864648761332
LSPIN,lspin_tf,0.0003,0.0,4,5,0.16611914614489406,0.16720477669685083
LSPIN,lspin_tf,0.0003,0.0,4,6,0.07097420229210144,0.07668496051020238
LSPIN,lspin_tf,0.0003,0.0,4,7,0.13625028702934372,0.13426350866578274
LSPIN,lspin_tf,0.0003,0.0,4,8,0.20467748522379578,0.24480539853579245
LSPIN,lspin_tf,0.0003,0.0,4,9,0.27162634579967393,0.23908548221162085
LSPIN,lspin_tf,0.0003,0.0,5,6,0.5140488774886034,0.49250464051500953
LSPIN,lspin_tf,0.0003,0.0,5,7,0.20369487094068528,0.2810437700802767
LSPIN,lspin_tf,0.0003,0.0,5,8,0.2551926118263271,0.24922542672815312
LSPIN,lspin_tf,0.0003,0.0,5,9,0.19223141501542523,0.26948581967279145
LSPIN,lspin_tf,0.0003,0.0,6,7,0.24769462559163685,0.3049098702271882
LSPIN,lspin_tf,0.0003,0.0,6,8,0.15164231497274439,0.18022597175519542
LSPIN,lspin_tf,0.0003,0.0,6,9,0.15643259331008738,0.2458980854035604
LSPIN,lspin_tf,0.0003,0.0,7,8,0.24048579297256312,0.3013410644316116
LSPIN,lspin_tf,0.0003,0.0,7,9,0.4819500410596006,0.43065226495650083
LSPIN,lspin_tf,0.0003,0.0,8,9,0.24866000961064783,0.2792048018577244
LSPIN,lspin_tf,0.011,0.1,0,1,0.6253996846731539,0.5386408792546854
LSPIN,lspin_tf,0.011,0.1,0,2,0.3528017286679246,0.44750324418850873
LSPIN,lspin_tf,0.011,0.1,0,3,0.6851736610306081,0.6172628275648862
LSPIN,lspin_tf,0.011,0.1,0,4,0.6279735770827265,0.5990106361644565
LSPIN,lspin_tf,0.011,0.1,0,5,0.3480159565554027,0.3280446028097635
LSPIN,lspin_tf,0.011,0.1,0,6,0.5771877863194228,0.5274918269572801
LSPIN,lspin_tf,0.011,0.1,0,7,0.27808915252714445,0.3561356002545286
LSPIN,lspin_tf,0.011,0.1,0,8,0.573494033112018,0.510727673020095
LSPIN,lspin_tf,0.011,0.1,0,9,0.3519520432467894,0.42771894591265186
LSPIN,lspin_tf,0.011,0.1,1,2,0.25825969733931703,0.32548089066610464
LSPIN,lspin_tf,0.011,0.1,1,3,0.6880272099017417,0.5991778844466941
LSPIN,lspin_tf,0.011,0.1,1,4,0.44236556553502554,0.42257438969553507
LSPIN,lspin_tf,0.011,0.1,1,5,0.38674258796730265,0.34104982350891117
LSPIN,lspin_tf,0.011,0.1,1,6,0.6956426389075371,0.6351899902932243
LSPIN,lspin_tf,0.011,0.1,1,7,0.28420772310713294,0.28641136039267084
LSPIN,lspin_tf,0.011,0.1,1,8,0.7137839263682143,0.6399552599335375
LSPIN,lspin_tf,0.011,0.1,1,9,0.37790260764882466,0.4117811445543069
LSPIN,lspin_tf,0.011,0.1,2,3,0.2822490639541871,0.3357222248658543
LSPIN,lspin_tf,0.011,0.1,2,4,0.26833310737763066,0.3340407666422495
LSPIN,lspin_tf,0.011,0.1,2,5,0.24306014458585962,0.28909992595759515
LSPIN,lspin_tf,0.011,0.1,2,6,0.259639509677756,0.3165431588971307
LSPIN,lspin_tf,0.011,0.1,2,7,0.32790390494720667,0.3721816074403183
LSPIN,lspin_tf,0.011,0.1,2,8,0.2673972733114341,0.3378198012761966
LSPIN,lspin_tf,0.011,0.1,2,9,0.5644771221032774,0.4966939050886315
LSPIN,lspin_tf,0.011,0.1,3,4,0.4824364203745437,0.47315974114652926
LSPIN,lspin_tf,0.011,0.1,3,5,0.4002841421213148,0.3458900996493112
LSPIN,lspin_tf,0.011,0.1,3,6,0.6453533925735164,0.578553488031577
LSPIN,lspin_tf,0.011,0.1,3,7,0.3148243737454025,0.3527720113104208
LSPIN,lspin_tf,0.011,0.1,3,8,0.5886772326591393,0.5063576865259977
LSPIN,lspin_tf,0.011,0.1,3,9,0.3684531955506253,0.40431184273704174
LSPIN,lspin_tf,0.011,0.1,4,5,0.19684075633782194,0.2063525803402654
LSPIN,lspin_tf,0.011,0.1,4,6,0.46997152154627375,0.4572068971132912
LSPIN,lspin_tf,0.011,0.1,4,7,0.26734336789800034,0.35083383865623674
LSPIN,lspin_tf,0.011,0.1,4,8,0.45690240903399226,0.416885842365781
LSPIN,lspin_tf,0.011,0.1,4,9,0.2509734126030644,0.32542381587489105
LSPIN,lspin_tf,0.011,0.1,5,6,0.2746746784119657,0.235338638452788
LSPIN,lspin_tf,0.011,0.1,5,7,0.3419573135322821,0.3452838047632096
LSPIN,lspin_tf,0.011,0.1,5,8,0.3236667658965641,0.29250232328583864
LSPIN,lspin_tf,0.011,0.1,5,9,0.3769647826939117,0.391945537670738
LSPIN,lspin_tf,0.011,0.1,6,7,0.27719971641979385,0.31820627366788284
LSPIN,lspin_tf,0.011,0.1,6,8,0.6878247865734429,0.6101454928387423
LSPIN,lspin_tf,0.011,0.1,6,9,0.31109957708844094,0.33221795282949595
LSPIN,lspin_tf,0.011,0.1,7,8,0.25820221243450475,0.2904549779571579
LSPIN,lspin_tf,0.011,0.1,7,9,0.4402607250557635,0.4295692235767991
LSPIN,lspin_tf,0.011,0.1,8,9,0.28514010071226586,0.30462367428206577
LSPIN,lspin_tf,0.0075,0.1,0,1,0.6747766876919183,0.5949410319702594
LSPIN,lspin_tf,0.0075,0.1,0,2,0.5234950794027435,0.5109542117197239
LSPIN,lspin_tf,0.0075,0.1,0,3,0.6221258798937553,0.574219988355807
LSPIN,lspin_tf,0.0075,0.1,0,4,0.6534841212823402,0.6008584805508226
LSPIN,lspin_tf,0.0075,0.1,0,5,0.6081398741827501,0.5960585329465095
LSPIN,lspin_tf,0.0075,0.1,0,6,0.3463624406324267,0.3806568775225913
LSPIN,lspin_tf,0.0075,0.1,0,7,0.2910103568346438,0.3730179731431592
LSPIN,lspin_tf,0.0075,0.1,0,8,0.8006163032664658,0.7337478082874278
LSPIN,lspin_tf,0.0075,0.1,0,9,0.7234121069194078,0.6187686677896256
LSPIN,lspin_tf,0.0075,0.1,1,2,0.7227693157749345,0.6546933171003384
LSPIN,lspin_tf,0.0075,0.1,1,3,0.8031101624702034,0.7508449835928662
LSPIN,lspin_tf,0.0075,0.1,1,4,0.6346391826670188,0.5620970829568787
LSPIN,lspin_tf,0.0075,0.1,1,5,0.4876475723471509,0.46528467314574645
LSPIN,lspin_tf,0.0075,0.1,1,6,0.3650934230480305,0.3689447242476361
LSPIN,lspin_tf,0.0075,0.1,1,7,0.24883392632328105,0.3156338160996477
LSPIN,lspin_tf,0.0075,0.1,1,8,0.6395559665404035,0.5660003907849714
LSPIN,lspin_tf,0.0075,0.1,1,9,0.7515005864861375,0.6455204934301303
LSPIN,lspin_tf,0.0075,0.1,2,3,0.6921156928702944,0.6388931237488733
LSPIN,lspin_tf,0.0075,0.1,2,4,0.48932406903630626,0.46176701300886075
LSPIN,lspin_tf,0.0075,0.1,2,5,0.35594262860827847,0.392110909183069
LSPIN,lspin_tf,0.0075,0.1,2,6,0.28865409103590284,0.30467492299329946
LSPIN,lspin_tf,0.0075,0.1,2,7,0.20579892322131838,0.2879356167470838
LSPIN,lspin_tf,0.0075,0.1,2,8,0.4929402301374933,0.4947676453156352
LSPIN,lspin_tf,0.0075,0.1,2,9,0.574176493548487,0.5184949920672196
LSPIN,lspin_tf,0.0075,0.1,3,4,0.6332928817186653,0.5659272341000757
LSPIN,lspin_tf,0.0075,0.1,3,5,0.4642426067226125,0.44636211858923475
LSPIN,lspin_tf,0.0075,0.1,3,6,0.3974168873072883,0.38702929138331
LSPIN,lspin_tf,0.0075,0.1,3,7,0.22028558381383687,0.2904907787686367
LSPIN,lspin_tf,0.0075,0.1,3,8,0.6012562702669981,0.5625360978102146
LSPIN,lspin_tf,0.0075,0.1,3,9,0.6871915484283051,0.6003149808463354
LSPIN,lspin_tf,0.0075,0.1,4,5,0.629396865240275,0.5700752596135907
LSPIN,lspin_tf,0.0075,0.1,4,6,0.4343412344916093,0.4294098230318213
LSPIN,lspin_tf,0.0075,0.1,4,7,0.26344524597910485,0.33956158948195403
LSPIN,lspin_tf,0.0075,0.1,4,8,0.648873435284067,0.5997190055547534
LSPIN,lspin_tf,0.0075,0.1,4,9,0.6825544855121709,0.5984150320022662
LSPIN,lspin_tf,0.0075,0.1,5,6,0.3220300053681544,0.3515141959184052
LSPIN,lspin_tf,0.0075,0.1,5,7,0.21599650361591066,0.2821998740578597
LSPIN,lspin_tf,0.0075,0.1,5,8,0.6092127857838245,0.5863026617764143
LSPIN,lspin_tf,0.0075,0.1,5,9,0.5414514621034215,0.49442658515758625
LSPIN,lspin_tf,0.0075,0.1,6,7,0.32795501510495007,0.3513611602591432
LSPIN,lspin_tf,0.0075,0.1,6,8,0.37361749446654974,0.3862436027624113
LSPIN,lspin_tf,0.0075,0.1,6,9,0.39157879702017295,0.38240053699107773
LSPIN,lspin_tf,0.0075,0.1,7,8,0.27911682903729423,0.35108749750344975
LSPIN,lspin_tf,0.0075,0.1,7,9,0.24255763379205356,0.2985669166154751
LSPIN,lspin_tf,0.0075,0.1,8,9,0.7276574438622614,0.6602020162180234
LSPIN,lspin_tf,0.005,0.1,0,1,0.2988019181746611,0.2984816254604596
LSPIN,lspin_tf,0.005,0.1,0,2,0.7093167983609651,0.6165126095426373
LSPIN,lspin_tf,0.005,0.1,0,3,0.2527184104775877,0.3531726153054946
LSPIN,lspin_tf,0.005,0.1,0,4,0.36412913657456747,0.39905961204524765
LSPIN,lspin_tf,0.005,0.1,0,5,0.23551309154179742,0.28871711654210136
LSPIN,lspin_tf,0.005,0.1,0,6,0.28665365072745647,0.3519759226733421
LSPIN,lspin_tf,0.005,0.1,0,7,0.6197829796316002,0.5580373599498328
LSPIN,lspin_tf,0.005,0.1,0,8,0.3561136903970621,0.3758016956223214
LSPIN,lspin_tf,0.005,0.1,0,9,0.6116709992262517,0.5429142424133336
LSPIN,lspin_tf,0.005,0.1,1,2,0.40660473721577584,0.41689683079954387
LSPIN,lspin_tf,0.005,0.1,1,3,0.3570610920893252,0.3909039500101019
LSPIN,lspin_tf,0.005,0.1,1,4,0.2605113879231572,0.30664642755666466
LSPIN,lspin_tf,0.005,0.1,1,5,0.44060230419362173,0.4642854427752344
LSPIN,lspin_tf,0.005,0.1,1,6,0.36391821301541644,0.4103322903285559
LSPIN,lspin_tf,0.005,0.1,1,7,0.4036701886655706,0.406414437725319
LSPIN,lspin_tf,0.005,0.1,1,8,0.6712087847216042,0.636157837045541
LSPIN,lspin_tf,0.005,0.1,1,9,0.4876360584216862,0.47511609654267856
LSPIN,lspin_tf,0.005,0.1,2,3,0.25837339751450256,0.3436174693344888
LSPIN,lspin_tf,0.005,0.1,2,4,0.324012100575385,0.390619734079734
LSPIN,lspin_tf,0.005,0.1,2,5,0.2802754372117505,0.356384851091045
LSPIN,lspin_tf,0.005,0.1,2,6,0.36404829875831163,0.4529521393892661
LSPIN,lspin_tf,0.005,0.1,2,7,0.6530072334116221,0.5885408098264905
LSPIN,lspin_tf,0.005,0.1,2,8,0.4796398657774149,0.5171316258164856
LSPIN,lspin_tf,0.005,0.1,2,9,0.7715202963671592,0.7221801840989331
LSPIN,lspin_tf,0.005,0.1,3,4,0.438694172919902,0.4353135304833927
LSPIN,lspin_tf,0.005,0.1,3,5,0.4487530741750917,0.48535253392097805
LSPIN,lspin_tf,0.005,0.1,3,6,0.35049822789847784,0.4123149387406304
LSPIN,lspin_tf,0.005,0.1,3,7,0.25148069622264435,0.3247857370890074
LSPIN,lspin_tf,0.005,0.1,3,8,0.3892721032083635,0.4531370074127981
LSPIN,lspin_tf,0.005,0.1,3,9,0.2679788075892984,0.35477883278483047
LSPIN,lspin_tf,0.005,0.1,4,5,0.3290697304384399,0.34821768286532734
LSPIN,lspin_tf,0.005,0.1,4,6,0.41240497532183334,0.43168187437609645
LSPIN,lspin_tf,0.005,0.1,4,7,0.2976863836758813,0.3568487735219477
LSPIN,lspin_tf,0.005,0.1,4,8,0.22388941122867337,0.2907374423118472
LSPIN,lspin_tf,0.005,0.1,4,9,0.2687656380220123,0.3473040187191373
LSPIN,lspin_tf,0.005,0.1,5,6,0.5752677754367449,0.5729465430916366
LSPIN,lspin_tf,0.005,0.1,5,7,0.2560191859997273,0.33101885349899335
LSPIN,lspin_tf,0.005,0.1,5,8,0.42476419438767166,0.4706520263442902
LSPIN,lspin_tf,0.005,0.1,5,9,0.2799049879607386,0.3647687458120723
LSPIN,lspin_tf,0.005,0.1,6,7,0.26910686815132523,0.3522787696430302
LSPIN,lspin_tf,0.005,0.1,6,8,0.3114528045823406,0.37912872592810654
LSPIN,lspin_tf,0.005,0.1,6,9,0.3269647609793749,0.4083798021583107
LSPIN,lspin_tf,0.005,0.1,7,8,0.44759105226832785,0.5153241478624297
LSPIN,lspin_tf,0.005,0.1,7,9,0.6341298386451293,0.5947872670243339
LSPIN,lspin_tf,0.005,0.1,8,9,0.5825306283846315,0.5965423716238333
LSPIN,lspin_tf,0.0033,0.1,0,1,0.2822254662345718,0.29154418273916194
LSPIN,lspin_tf,0.0033,0.1,0,2,0.5050297041374681,0.42810973759389104
LSPIN,lspin_tf,0.0033,0.1,0,3,0.21853459668066036,0.2578736202921047
LSPIN,lspin_tf,0.0033,0.1,0,4,0.6074398533096876,0.5219894865284198
LSPIN,lspin_tf,0.0033,0.1,0,5,0.5673101303519286,0.5089186087376726
LSPIN,lspin_tf,0.0033,0.1,0,6,0.35631136840819294,0.37140248260490266
LSPIN,lspin_tf,0.0033,0.1,0,7,0.2624430794762732,0.2838778392229661
LSPIN,lspin_tf,0.0033,0.1,0,8,0.4339449957397962,0.34769335469741053
LSPIN,lspin_tf,0.0033,0.1,0,9,0.18859234245690498,0.22724047058902289
LSPIN,lspin_tf,0.0033,0.1,1,2,0.4940102570874436,0.55682875056803
LSPIN,lspin_tf,0.0033,0.1,1,3,0.5189879718180377,0.5214859370969815
LSPIN,lspin_tf,0.0033,0.1,1,4,0.48681205851062076,0.5877987240947237
LSPIN,lspin_tf,0.0033,0.1,1,5,0.3099383729481636,0.3718472081120171
LSPIN,lspin_tf,0.0033,0.1,1,6,0.23367294765656652,0.30831700750881247
LSPIN,lspin_tf,0.0033,0.1,1,7,0.12342321911826325,0.20316959957582229
LSPIN,lspin_tf,0.0033,0.1,1,8,0.32646740005241115,0.42763887357225144
LSPIN,lspin_tf,0.0033,0.1,1,9,0.2912935697568932,0.34365376734523384
LSPIN,lspin_tf,0.0033,0.1,2,3,0.3131387339675568,0.3685895211519125
LSPIN,lspin_tf,0.0033,0.1,2,4,0.7182741567539495,0.6409107633719558
LSPIN,lspin_tf,0.0033,0.1,2,5,0.45566226179272584,0.4605575433457284
LSPIN,lspin_tf,0.0033,0.1,2,6,0.3471541667399994,0.40758761770855556
LSPIN,lspin_tf,0.0033,0.1,2,7,0.12551244238630768,0.21770959267850418
LSPIN,lspin_tf,0.0033,0.1,2,8,0.46499640631464234,0.44665791437375774
LSPIN,lspin_tf,0.0033,0.1,2,9,0.234626229739266,0.31422090491610755
LSPIN,lspin_tf,0.0033,0.1,3,4,0.33390121175908877,0.4160177010172643
LSPIN,lspin_tf,0.0033,0.1,3,5,0.28857090035991795,0.3748484266212188
LSPIN,lspin_tf,0.0033,0.1,3,6,0.2965557448283176,0.35256773328828994
LSPIN,lspin_tf,0.0033,0.1,3,7,0.27241061981902026,0.3240420296304583
LSPIN,lspin_tf,0.0033,0.1,3,8,0.3145031192188586,0.41729269033070504
LSPIN,lspin_tf,0.0033,0.1,3,9,0.4899343684179579,0.4998074568474233
LSPIN,lspin_tf,0.0033,0.1,4,5,0.5867819890632721,0.5958723175571938
LSPIN,lspin_tf,0.0033,0.1,4,6,0.33917904619465983,0.3778661697167505
LSPIN,lspin_tf,0.0033,0.1,4,7,0.21032448216992444,0.3067101340191108
LSPIN,lspin_tf,0.0033,0.1,4,8,0.5640965223757186,0.5450238894972611
LSPIN,lspin_tf,0.0033,0.1,4,9,0.2571874449771136,0.33610437694590195
LSPIN,lspin_tf,0.0033,0.1,5,6,0.33228598033664175,0.36705888572236606
LSPIN,lspin_tf,0.0033,0.1,5,7,0.3237904063650008,0.4050866164799193
LSPIN,lspin_tf,0.0033,0.1,5,8,0.4922617271822031,0.5314994622394291
LSPIN,lspin_tf,0.0033,0.1,5,9,0.2738004669172434,0.33563047895828746
LSPIN,lspin_tf,0.0033,0.1,6,7,0.263318564597627,0.26590087305572246
LSPIN,lspin_tf,0.0033,0.1,6,8,0.21983098623336908,0.26722158321057793
LSPIN,lspin_tf,0.0033,0.1,6,9,0.4761787638888785,0.5040857912993087
LSPIN,lspin_tf,0.0033,0.1,7,8,0.2597399129577914,0.36854708599259234
LSPIN,lspin_tf,0.0033,0.1,7,9,0.25581399030430846,0.33194581773184
LSPIN,lspin_tf,0.0033,0.1,8,9,0.3434113920657978,0.408876380115407
LSPIN,lspin_tf,0.0022,0.1,0,1,0.2575840050039158,0.3180635570491641
LSPIN,lspin_tf,0.0022,0.1,0,2,0.39061376047760415,0.381602707548345
LSPIN,lspin_tf,0.0022,0.1,0,3,0.3718822117108005,0.4278890656004967
LSPIN,lspin_tf,0.0022,0.1,0,4,0.5246375382949521,0.5025239148003772
LSPIN,lspin_tf,0.0022,0.1,0,5,0.47558492862840784,0.47610707250053047
LSPIN,lspin_tf,0.0022,0.1,0,6,0.3347326276722484,0.3736642881704222
LSPIN,lspin_tf,0.0022,0.1,0,7,0.41491011059192795,0.4418879523170394
LSPIN,lspin_tf,0.0022,0.1,0,8,0.3611955705773004,0.3895358711508703
LSPIN,lspin_tf,0.0022,0.1,0,9,0.23296571028781243,0.3305392346882074
LSPIN,lspin_tf,0.0022,0.1,1,2,0.2962454807933282,0.3396694852455991
LSPIN,lspin_tf,0.0022,0.1,1,3,0.32736300416130615,0.4264459544327673
LSPIN,lspin_tf,0.0022,0.1,1,4,0.2756254475506083,0.35164096359448893
LSPIN,lspin_tf,0.0022,0.1,1,5,0.2723887360474088,0.35259765492889045
LSPIN,lspin_tf,0.0022,0.1,1,6,0.30683065733734705,0.3519802828568973
LSPIN,lspin_tf,0.0022,0.1,1,7,0.29248158822162706,0.3854262797188002
LSPIN,lspin_tf,0.0022,0.1,1,8,0.29414211639230586,0.3681795240313708
LSPIN,lspin_tf,0.0022,0.1,1,9,0.4713902597781352,0.5205057332757727
LSPIN,lspin_tf,0.0022,0.1,2,3,0.5868887517831468,0.5557853873496079
LSPIN,lspin_tf,0.0022,0.1,2,4,0.45003282552548546,0.4273135574167701
LSPIN,lspin_tf,0.0022,0.1,2,5,0.6765574169748748,0.5997584482909138
LSPIN,lspin_tf,0.0022,0.1,2,6,0.6883387148760318,0.6213873519122575
LSPIN,lspin_tf,0.0022,0.1,2,7,0.6650768916620328,0.5894939062288257
LSPIN,lspin_tf,0.0022,0.1,2,8,0.5339037868667759,0.4651400779376956
LSPIN,lspin_tf,0.0022,0.1,2,9,0.3643042671436584,0.40559492979534484
LSPIN,lspin_tf,0.0022,0.1,3,4,0.43390423461297883,0.4725207572536513
LSPIN,lspin_tf,0.0022,0.1,3,5,0.6645791206267738,0.6635828555380962
LSPIN,lspin_tf,0.0022,0.1,3,6,0.5612969702722331,0.5108219721284075
LSPIN,lspin_tf,0.0022,0.1,3,7,0.7635355135377916,0.7217748249811688
LSPIN,lspin_tf,0.0022,0.1,3,8,0.7328578099516073,0.6833796922121488
LSPIN,lspin_tf,0.0022,0.1,3,9,0.3730984492513924,0.4013396054023735
LSPIN,lspin_tf,0.0022,0.1,4,5,0.5278783093794411,0.49715937864429327
LSPIN,lspin_tf,0.0022,0.1,4,6,0.32711229689070953,0.34414363152087646
LSPIN,lspin_tf,0.0022,0.1,4,7,0.4437413360913502,0.4603557962807144
LSPIN,lspin_tf,0.0022,0.1,4,8,0.3826391848857293,0.3954011652273822
LSPIN,lspin_tf,0.0022,0.1,4,9,0.23564178830467072,0.3153999351933518
LSPIN,lspin_tf,0.0022,0.1,5,6,0.48224828207484804,0.43779615622693446
LSPIN,lspin_tf,0.0022,0.1,5,7,0.7550210525894963,0.7096506151042655
LSPIN,lspin_tf,0.0022,0.1,5,8,0.6217741160561838,0.5937696209341778
LSPIN,lspin_tf,0.0022,0.1,5,9,0.313150993932896,0.33774168148340805
LSPIN,lspin_tf,0.0022,0.1,6,7,0.5709708092974126,0.5193798164925576
LSPIN,lspin_tf,0.0022,0.1,6,8,0.5255912260166278,0.4649711184416233
LSPIN,lspin_tf,0.0022,0.1,6,9,0.47552135324180284,0.5127686639233477
LSPIN,lspin_tf,0.0022,0.1,7,8,0.7636940741002404,0.7148734593798972
LSPIN,lspin_tf,0.0022,0.1,7,9,0.3289483960787608,0.3458694943995917
LSPIN,lspin_tf,0.0022,0.1,8,9,0.3197967488974688,0.3387989187686941
LSPIN,lspin_tf,0.011,0.2,0,1,0.40202560619857164,0.39163450936456007
LSPIN,lspin_tf,0.011,0.2,0,2,0.2715746656126988,0.3361658273759477
LSPIN,lspin_tf,0.011,0.2,0,3,0.22741542373250234,0.31246006409646154
LSPIN,lspin_tf,0.011,0.2,0,4,0.33969364465339413,0.36829144436009276
LSPIN,lspin_tf,0.011,0.2,0,5,0.5330695540036834,0.47993932016566304
LSPIN,lspin_tf,0.011,0.2,0,6,0.29679871207996766,0.3580431079656627
LSPIN,lspin_tf,0.011,0.2,0,7,0.28567668431387944,0.3495971798795335
LSPIN,lspin_tf,0.011,0.2,0,8,0.36307049284926307,0.3623821253356995
LSPIN,lspin_tf,0.011,0.2,0,9,0.22754408785259858,0.2892700437735969
LSPIN,lspin_tf,0.011,0.2,1,2,0.31709647873912405,0.3827593462185713
LSPIN,lspin_tf,0.011,0.2,1,3,0.2808103724605908,0.36293452938467047
LSPIN,lspin_tf,0.011,0.2,1,4,0.2757544686785531,0.33451413639444705
LSPIN,lspin_tf,0.011,0.2,1,5,0.5657224094556452,0.5533305724924888
LSPIN,lspin_tf,0.011,0.2,1,6,0.3354928791164137,0.450075935548469
LSPIN,lspin_tf,0.011,0.2,1,7,0.2932376609502975,0.37670958735988164
LSPIN,lspin_tf,0.011,0.2,1,8,0.5215205342401116,0.48674330257090237
LSPIN,lspin_tf,0.011,0.2,1,9,0.3087071772329591,0.36310696667399556
LSPIN,lspin_tf,0.011,0.2,2,3,0.5617591977739601,0.5544107738747547
LSPIN,lspin_tf,0.011,0.2,2,4,0.5128210814218794,0.5140829478706237
LSPIN,lspin_tf,0.011,0.2,2,5,0.2841589673607643,0.3305956374876406
LSPIN,lspin_tf,0.011,0.2,2,6,0.7262050224724673,0.645181742341749
LSPIN,lspin_tf,0.011,0.2,2,7,0.6983968799305266,0.6299476065647813
LSPIN,lspin_tf,0.011,0.2,2,8,0.30897391811916736,0.35840706341269196
LSPIN,lspin_tf,0.011,0.2,2,9,0.7629868808620086,0.6908675211209547
LSPIN,lspin_tf,0.011,0.2,3,4,0.34078102802037774,0.35752001929647864
LSPIN,lspin_tf,0.011,0.2,3,5,0.2584703317771781,0.329829067527497
LSPIN,lspin_tf,0.011,0.2,3,6,0.4963022447326748,0.49930595397022737
LSPIN,lspin_tf,0.011,0.2,3,7,0.5077062575564166,0.5546019168564317
LSPIN,lspin_tf,0.011,0.2,3,8,0.3171604984370643,0.36222213809069903
LSPIN,lspin_tf,0.011,0.2,3,9,0.6803734616401824,0.661654123238115
LSPIN,lspin_tf,0.011,0.2,4,5,0.21311807036326819,0.23379847354272196
LSPIN,lspin_tf,0.011,0.2,4,6,0.5136640390493098,0.5261330100568312
LSPIN,lspin_tf,0.011,0.2,4,7,0.44984726089188665,0.47774421450590976
LSPIN,lspin_tf,0.011,0.2,4,8,0.2570116776675287,0.31486497368981736
LSPIN,lspin_tf,0.011,0.2,4,9,0.4746244428925866,0.4801752333267676
LSPIN,lspin_tf,0.011,0.2,5,6,0.3155671050842366,0.36973604676185634
LSPIN,lspin_tf,0.011,0.2,5,7,0.3101809979790241,0.3476238791790983
LSPIN,lspin_tf,0.011,0.2,5,8,0.3679441756697108,0.3924037716743309
LSPIN,lspin_tf,0.011,0.2,5,9,0.27275987357750753,0.3228943008933423
LSPIN,lspin_tf,0.011,0.2,6,7,0.7838757457973127,0.6978863924393248
LSPIN,lspin_tf,0.011,0.2,6,8,0.2567049696277735,0.3221942847882082
LSPIN,lspin_tf,0.011,0.2,6,9,0.6355426120018661,0.5564650361469277
LSPIN,lspin_tf,0.011,0.2,7,8,0.25360727189064247,0.3123038320558832
LSPIN,lspin_tf,0.011,0.2,7,9,0.6142360850037497,0.550938294631508
LSPIN,lspin_tf,0.011,0.2,8,9,0.3178465134108751,0.34456597425550417
LSPIN,lspin_tf,0.0075,0.2,0,1,0.5375033388998814,0.4940841727967486
LSPIN,lspin_tf,0.0075,0.2,0,2,0.17725791669034996,0.20175627035582694
LSPIN,lspin_tf,0.0075,0.2,0,3,0.3833506541944247,0.3806643404586357
LSPIN,lspin_tf,0.0075,0.2,0,4,0.14383513362003486,0.18872192068874585
LSPIN,lspin_tf,0.0075,0.2,0,5,0.4152446486047035,0.4519422061827276
LSPIN,lspin_tf,0.0075,0.2,0,6,0.47470126780626587,0.4792787100198583
LSPIN,lspin_tf,0.0075,0.2,0,7,0.48192663933456764,0.45274234463766094
LSPIN,lspin_tf,0.0075,0.2,0,8,0.2627603514714375,0.3086931095796252
LSPIN,lspin_tf,0.0075,0.2,0,9,0.26796773351453557,0.3406675161299315
LSPIN,lspin_tf,0.0075,0.2,1,2,0.33102190810633836,0.3496032317930609
LSPIN,lspin_tf,0.0075,0.2,1,3,0.568757632868239,0.4926097546630827
LSPIN,lspin_tf,0.0075,0.2,1,4,0.27074151468892776,0.3341690594034836
LSPIN,lspin_tf,0.0075,0.2,1,5,0.5903912502636481,0.512213003337551
LSPIN,lspin_tf,0.0075,0.2,1,6,0.6951652841753071,0.6184602077478075
LSPIN,lspin_tf,0.0075,0.2,1,7,0.6950594761923038,0.6038193381786054
LSPIN,lspin_tf,0.0075,0.2,1,8,0.2724122729457792,0.33652919748679316
LSPIN,lspin_tf,0.0075,0.2,1,9,0.3859483007389883,0.37716094591036753
LSPIN,lspin_tf,0.0075,0.2,2,3,0.5417910400173686,0.5161687181787148
LSPIN,lspin_tf,0.0075,0.2,2,4,0.34211966473381517,0.4286897518457629
LSPIN,lspin_tf,0.0075,0.2,2,5,0.4538359450133021,0.44579864197747493
LSPIN,lspin_tf,0.0075,0.2,2,6,0.46503224584676534,0.4577620334821826
LSPIN,lspin_tf,0.0075,0.2,2,7,0.4207921588654538,0.4314700735150557
LSPIN,lspin_tf,0.0075,0.2,2,8,0.26056111836301105,0.3020615867419184
LSPIN,lspin_tf,0.0075,0.2,2,9,0.6793504059759692,0.6142615408581836
LSPIN,lspin_tf,0.0075,0.2,3,4,0.3552973905120057,0.4387082172598193
LSPIN,lspin_tf,0.0075,0.2,3,5,0.6913785882898134,0.6353695490832052
LSPIN,lspin_tf,0.0075,0.2,3,6,0.709877300414457,0.6422680071226445
LSPIN,lspin_tf,0.0075,0.2,3,7,0.6843758686826397,0.6336341553803798
LSPIN,lspin_tf,0.0075,0.2,3,8,0.2815564201871621,0.38424486707336747
LSPIN,lspin_tf,0.0075,0.2,3,9,0.5905572829185938,0.5723553501488686
LSPIN,lspin_tf,0.0075,0.2,4,5,0.3243638708403709,0.4250403445801756
LSPIN,lspin_tf,0.0075,0.2,4,6,0.2907560012506601,0.3720159635358489
LSPIN,lspin_tf,0.0075,0.2,4,7,0.31946978751367877,0.38670165234875586
LSPIN,lspin_tf,0.0075,0.2,4,8,0.3113114939506993,0.3668043430233623
LSPIN,lspin_tf,0.0075,0.2,4,9,0.328932707907767,0.44321505013990453
LSPIN,lspin_tf,0.0075,0.2,5,6,0.8178403150886566,0.7193650465518414
LSPIN,lspin_tf,0.0075,0.2,5,7,0.6477993325786116,0.5746162634731702
LSPIN,lspin_tf,0.0075,0.2,5,8,0.21634609062912305,0.29287326485509463
LSPIN,lspin_tf,0.0075,0.2,5,9,0.5904187417606773,0.5849240992966204
LSPIN,lspin_tf,0.0075,0.2,6,7,0.7800961977931306,0.7114094351359544
LSPIN,lspin_tf,0.0075,0.2,6,8,0.2717188062364516,0.37077355688035557
LSPIN,lspin_tf,0.0075,0.2,6,9,0.5469303399470009,0.5261376121295084
LSPIN,lspin_tf,0.0075,0.2,7,8,0.3036389719861415,0.409502588608071
LSPIN,lspin_tf,0.0075,0.2,7,9,0.4834858262984646,0.48141056070111
LSPIN,lspin_tf,0.0075,0.2,8,9,0.2604337694618912,0.3308733731388558
LSPIN,lspin_tf,0.005,0.2,0,1,0.7665997316306475,0.6474528521543458
LSPIN,lspin_tf,0.005,0.2,0,2,0.704715618855825,0.5987718164482118
LSPIN,lspin_tf,0.005,0.2,0,3,0.8155167684036119,0.7148849101984308
LSPIN,lspin_tf,0.005,0.2,0,4,0.7498802522820593,0.6605095788285024
LSPIN,lspin_tf,0.005,0.2,0,5,0.38863438385373045,0.42154861539279714
LSPIN,lspin_tf,0.005,0.2,0,6,0.5354994956303881,0.4654462555735545
LSPIN,lspin_tf,0.005,0.2,0,7,0.7509611389100552,0.661344786153813
LSPIN,lspin_tf,0.005,0.2,0,8,0.5035672121228211,0.43564949421186056
LSPIN,lspin_tf,0.005,0.2,0,9,0.7171688059639888,0.6274221700725354
LSPIN,lspin_tf,0.005,0.2,1,2,0.7293038571593952,0.672676663770926
LSPIN,lspin_tf,0.005,0.2,1,3,0.8088850136685295,0.7083816082849231
LSPIN,lspin_tf,0.005,0.2,1,4,0.7400701225199922,0.6609399044961299
LSPIN,lspin_tf,0.005,0.2,1,5,0.38772581209085316,0.45547408183657184
LSPIN,lspin_tf,0.005,0.2,1,6,0.5283702127964279,0.48309366708499835
LSPIN,lspin_tf,0.005,0.2,1,7,0.7257816930008552,0.6635337136758076
LSPIN,lspin_tf,0.005,0.2,1,8,0.5385946927187591,0.5107225008463941
LSPIN,lspin_tf,0.005,0.2,1,9,0.6575465927423533,0.5861004483667874
LSPIN,lspin_tf,0.005,0.2,2,3,0.7364628153576275,0.6452014406722147
LSPIN,lspin_tf,0.005,0.2,2,4,0.8175469014706832,0.7284186248758795
LSPIN,lspin_tf,0.005,0.2,2,5,0.45846665804666503,0.4725865988498483
LSPIN,lspin_tf,0.005,0.2,2,6,0.6912219874318875,0.6214843371975994
LSPIN,lspin_tf,0.005,0.2,2,7,0.7070249837041059,0.6429691830974854
LSPIN,lspin_tf,0.005,0.2,2,8,0.42721287761392657,0.40190782029245903
LSPIN,lspin_tf,0.005,0.2,2,9,0.7726118656135943,0.6760585410294178
LSPIN,lspin_tf,0.005,0.2,3,4,0.7419320159012996,0.664363160064256
LSPIN,lspin_tf,0.005,0.2,3,5,0.3917900220431372,0.4393192646631864
LSPIN,lspin_tf,0.005,0.2,3,6,0.559368419064955,0.5174145140448361
LSPIN,lspin_tf,0.005,0.2,3,7,0.7825905885352997,0.690641026571709
LSPIN,lspin_tf,0.005,0.2,3,8,0.5046438728795557,0.4663865824155682
LSPIN,lspin_tf,0.005,0.2,3,9,0.7439405734161744,0.6791907596051023
LSPIN,lspin_tf,0.005,0.2,4,5,0.49622980890425167,0.5243259601720459
LSPIN,lspin_tf,0.005,0.2,4,6,0.6739908168061807,0.5960452147897577
LSPIN,lspin_tf,0.005,0.2,4,7,0.7496925763138317,0.7044920818425574
LSPIN,lspin_tf,0.005,0.2,4,8,0.4456174340516769,0.4122093440445499
LSPIN,lspin_tf,0.005,0.2,4,9,0.7902179553848823,0.7240026290457962
LSPIN,lspin_tf,0.005,0.2,5,6,0.5407925962789781,0.5252683322649879
LSPIN,lspin_tf,0.005,0.2,5,7,0.4446437936353901,0.4944956718890833
LSPIN,lspin_tf,0.005,0.2,5,8,0.26801790354381866,0.35817020916346276
LSPIN,lspin_tf,0.005,0.2,5,9,0.49238333476392787,0.5228099887984331
LSPIN,lspin_tf,0.005,0.2,6,7,0.6146616500084778,0.5798897516745355
LSPIN,lspin_tf,0.005,0.2,6,8,0.3021978968846182,0.2831621275133608
LSPIN,lspin_tf,0.005,0.2,6,9,0.7160433052024504,0.6704439887438796
LSPIN,lspin_tf,0.005,0.2,7,8,0.4338112587414605,0.4285626872340622
LSPIN,lspin_tf,0.005,0.2,7,9,0.8165693874820397,0.7523217068709794
LSPIN,lspin_tf,0.005,0.2,8,9,0.414073623893037,0.41368390890906176
LSPIN,lspin_tf,0.0033,0.2,0,1,0.4968357779709145,0.48384307231607654
LSPIN,lspin_tf,0.0033,0.2,0,2,0.4140809013160412,0.39508709986113466
LSPIN,lspin_tf,0.0033,0.2,0,3,0.3422392513836052,0.32097588048797754
LSPIN,lspin_tf,0.0033,0.2,0,4,0.5651930591170868,0.48765040000509996
LSPIN,lspin_tf,0.0033,0.2,0,5,0.19930910485226686,0.26215799203571627
LSPIN,lspin_tf,0.0033,0.2,0,6,0.4390386548409675,0.4059100453316043
LSPIN,lspin_tf,0.0033,0.2,0,7,0.5293351039039144,0.5273882412312189
LSPIN,lspin_tf,0.0033,0.2,0,8,0.5471705666384773,0.5175683727574066
LSPIN,lspin_tf,0.0033,0.2,0,9,0.404077194594646,0.39762679470084356
LSPIN,lspin_tf,0.0033,0.2,1,2,0.6893375808070481,0.6193276004865516
LSPIN,lspin_tf,0.0033,0.2,1,3,0.6122771088557174,0.5272893525156884
LSPIN,lspin_tf,0.0033,0.2,1,4,0.5614225263725472,0.5274370083024397
LSPIN,lspin_tf,0.0033,0.2,1,5,0.37675396541353545,0.4672480597175075
LSPIN,lspin_tf,0.0033,0.2,1,6,0.8070824835803508,0.7221645677977943
LSPIN,lspin_tf,0.0033,0.2,1,7,0.6914781806601273,0.6262544637951232
LSPIN,lspin_tf,0.0033,0.2,1,8,0.7223127886111419,0.7002183101422339
LSPIN,lspin_tf,0.0033,0.2,1,9,0.7018516564401166,0.6187486198377606
LSPIN,lspin_tf,0.0033,0.2,2,3,0.6530755153838701,0.5830400781558478
LSPIN,lspin_tf,0.0033,0.2,2,4,0.5059425695214652,0.4754679315958993
LSPIN,lspin_tf,0.0033,0.2,2,5,0.3137926523932434,0.36308385811939103
LSPIN,lspin_tf,0.0033,0.2,2,6,0.7443619238324555,0.6432908582900383
LSPIN,lspin_tf,0.0033,0.2,2,7,0.6223091601578365,0.5715836621785597
LSPIN,lspin_tf,0.0033,0.2,2,8,0.579800702397354,0.5410637948459802
LSPIN,lspin_tf,0.0033,0.2,2,9,0.6853922269048329,0.5910041645204015
LSPIN,lspin_tf,0.0033,0.2,3,4,0.4220646477536663,0.3943420208253612
LSPIN,lspin_tf,0.0033,0.2,3,5,0.4381901073914538,0.4474596170001902
LSPIN,lspin_tf,0.0033,0.2,3,6,0.645873496190273,0.5557308346331452
LSPIN,lspin_tf,0.0033,0.2,3,7,0.5159644872057834,0.4510240919801708
LSPIN,lspin_tf,0.0033,0.2,3,8,0.4907485164406213,0.4646087302446861
LSPIN,lspin_tf,0.0033,0.2,3,9,0.7188111934966164,0.6073932553298883
LSPIN,lspin_tf,0.0033,0.2,4,5,0.2435144761409051,0.3239563085858461
LSPIN,lspin_tf,0.0033,0.2,4,6,0.5236122099272482,0.4772832810509259
LSPIN,lspin_tf,0.0033,0.2,4,7,0.6118076048923146,0.6039216750441024
LSPIN,lspin_tf,0.0033,0.2,4,8,0.6822968134657403,0.6544952471455132
LSPIN,lspin_tf,0.0033,0.2,4,9,0.47480294453298305,0.43829215075527916
LSPIN,lspin_tf,0.0033,0.2,5,6,0.36393881160707836,0.41293695220055715
LSPIN,lspin_tf,0.0033,0.2,5,7,0.2756879620424097,0.3402472666411179
LSPIN,lspin_tf,0.0033,0.2,5,8,0.28301560014713456,0.38078712620754784
LSPIN,lspin_tf,0.0033,0.2,5,9,0.4408253091590424,0.48729970448135307
LSPIN,lspin_tf,0.0033,0.2,6,7,0.6398069417363327,0.5629958563909578
LSPIN,lspin_tf,0.0033,0.2,6,8,0.72486298030831,0.701601268223302
LSPIN,lspin_tf,0.0033,0.2,6,9,0.6694773975593616,0.5599847256496289
LSPIN,lspin_tf,0.0033,0.2,7,8,0.7483368437719901,0.6788630835164857
LSPIN,lspin_tf,0.0033,0.2,7,9,0.5631240303875179,0.5004147553941272
LSPIN,lspin_tf,0.0033,0.2,8,9,0.5446619718002196,0.5184568241113781
LSPIN,lspin_tf,0.0022,0.2,0,1,0.801710954624465,0.7099925254906777
LSPIN,lspin_tf,0.0022,0.2,0,2,0.8278609621209528,0.7753104402297271
LSPIN,lspin_tf,0.0022,0.2,0,3,0.6829424948161315,0.652259368168491
LSPIN,lspin_tf,0.0022,0.2,0,4,0.37282169731041553,0.4364672102451101
LSPIN,lspin_tf,0.0022,0.2,0,5,0.6365021846634222,0.5395345154955845
LSPIN,lspin_tf,0.0022,0.2,0,6,0.3670086442970035,0.3733611884738108
LSPIN,lspin_tf,0.0022,0.2,0,7,0.7330222876459885,0.6448326192881726
LSPIN,lspin_tf,0.0022,0.2,0,8,0.6334451458352277,0.5683957558785843
LSPIN,lspin_tf,0.0022,0.2,0,9,0.30317337268056604,0.36735457073178923
LSPIN,lspin_tf,0.0022,0.2,1,2,0.7212735334611107,0.624440382028673
LSPIN,lspin_tf,0.0022,0.2,1,3,0.6970999464616268,0.6342339490324502
LSPIN,lspin_tf,0.0022,0.2,1,4,0.3895713960927199,0.4413709517738408
LSPIN,lspin_tf,0.0022,0.2,1,5,0.7276548452900315,0.6292878447893856
LSPIN,lspin_tf,0.0022,0.2,1,6,0.41206059781232895,0.423913779254546
LSPIN,lspin_tf,0.0022,0.2,1,7,0.815760674048168,0.7572269667935172
LSPIN,lspin_tf,0.0022,0.2,1,8,0.6715538840915688,0.5950660805539063
LSPIN,lspin_tf,0.0022,0.2,1,9,0.3287008484790334,0.4043964971735224
LSPIN,lspin_tf,0.0022,0.2,2,3,0.7240041713279596,0.6701402675871191
LSPIN,lspin_tf,0.0022,0.2,2,4,0.36135173320935127,0.40147470058409984
LSPIN,lspin_tf,0.0022,0.2,2,5,0.7346347329547356,0.6282017449307736
LSPIN,lspin_tf,0.0022,0.2,2,6,0.3687484763464832,0.36524281108980955
LSPIN,lspin_tf,0.0022,0.2,2,7,0.7807195737608659,0.6766791282483084
LSPIN,lspin_tf,0.0022,0.2,2,8,0.6813157805121953,0.6113455902452457
LSPIN,lspin_tf,0.0022,0.2,2,9,0.3307508642771868,0.3814552731445181
LSPIN,lspin_tf,0.0022,0.2,3,4,0.4008948554505249,0.389049236563621
LSPIN,lspin_tf,0.0022,0.2,3,5,0.7511548925823586,0.6647438483837486
LSPIN,lspin_tf,0.0022,0.2,3,6,0.47560175040703917,0.45767685544137565
LSPIN,lspin_tf,0.0022,0.2,3,7,0.7868617602139754,0.7216096095752194
LSPIN,lspin_tf,0.0022,0.2,3,8,0.8008965739990878,0.7244837185302923
LSPIN,lspin_tf,0.0022,0.2,3,9,0.4520584173039077,0.46525112132133034
LSPIN,lspin_tf,0.0022,0.2,4,5,0.3801318721274844,0.3950428646923132
LSPIN,lspin_tf,0.0022,0.2,4,6,0.6194271848110428,0.5427208796876277
LSPIN,lspin_tf,0.0022,0.2,4,7,0.40734490273760754,0.4410270075860678
LSPIN,lspin_tf,0.0022,0.2,4,8,0.3873477683102369,0.3792585285697976
LSPIN,lspin_tf,0.0022,0.2,4,9,0.468631659296872,0.44736676112138074
LSPIN,lspin_tf,0.0022,0.2,5,6,0.4509051712812349,0.4361293434899108
LSPIN,lspin_tf,0.0022,0.2,5,7,0.8438191994625321,0.7447734367070191
LSPIN,lspin_tf,0.0022,0.2,5,8,0.8106599261833365,0.7338417927776936
LSPIN,lspin_tf,0.0022,0.2,5,9,0.3601875784537889,0.39967470622538764
LSPIN,lspin_tf,0.0022,0.2,6,7,0.46020737712862037,0.47920937994429735
LSPIN,lspin_tf,0.0022,0.2,6,8,0.44953986293355574,0.4044694149991213
LSPIN,lspin_tf,0.0022,0.2,6,9,0.5516293503347819,0.538040461217
LSPIN,lspin_tf,0.0022,0.2,7,8,0.7798199933832464,0.689493876128068
LSPIN,lspin_tf,0.0022,0.2,7,9,0.3869768272670806,0.4451782393001561
LSPIN,lspin_tf,0.0022,0.2,8,9,0.39776393338185595,0.40451199018685496
LSPIN,lspin_tf,0.011,0.4,0,1,0.2732108118018922,0.2802012042464381
LSPIN,lspin_tf,0.011,0.4,0,2,0.2953253320802184,0.3366002411658489
LSPIN,lspin_tf,0.011,0.4,0,3,0.21953764764572467,0.28118133657919114
LSPIN,lspin_tf,0.011,0.4,0,4,0.3182534517020506,0.3100152490477765
LSPIN,lspin_tf,0.011,0.4,0,5,0.42085349591172616,0.43299788267130274
LSPIN,lspin_tf,0.011,0.4,0,6,0.22565429674791457,0.2936900056967373
LSPIN,lspin_tf,0.011,0.4,0,7,0.3836407420125543,0.4126746271369505
LSPIN,lspin_tf,0.011,0.4,0,8,0.2395717094683767,0.2702317648438736
LSPIN,lspin_tf,0.011,0.4,0,9,0.2898528976364146,0.3352936970967664
LSPIN,lspin_tf,0.011,0.4,1,2,0.33132853102369286,0.4007121411703876
LSPIN,lspin_tf,0.011,0.4,1,3,0.235685795761931,0.3133596039044496
LSPIN,lspin_tf,0.011,0.4,1,4,0.6674428768972559,0.6896449679760616
LSPIN,lspin_tf,0.011,0.4,1,5,0.6227498981131262,0.6006848479403679
LSPIN,lspin_tf,0.011,0.4,1,6,0.30971533704953225,0.34725916771666837
LSPIN,lspin_tf,0.011,0.4,1,7,0.6281206415877848,0.6089886469338026
LSPIN,lspin_tf,0.011,0.4,1,8,0.20622011107968616,0.2641534148082779
LSPIN,lspin_tf,0.011,0.4,1,9,0.48536226309822306,0.5060910009312173
LSPIN,lspin_tf,0.011,0.4,2,3,0.27203405137942077,0.3168917583778388
LSPIN,lspin_tf,0.011,0.4,2,4,0.3183316170044927,0.4114228227293542
LSPIN,lspin_tf,0.011,0.4,2,5,0.33451604524372236,0.42566556261739
LSPIN,lspin_tf,0.011,0.4,2,6,0.2041371519546705,0.2764741341401777
LSPIN,lspin_tf,0.011,0.4,2,7,0.3591096285114289,0.461758860917693
LSPIN,lspin_tf,0.011,0.4,2,8,0.21099910394685245,0.2891030446736376
LSPIN,lspin_tf,0.011,0.4,2,9,0.3051253310396775,0.45717928618885934
LSPIN,lspin_tf,0.011,0.4,3,4,0.2873253111240304,0.3644888322104115
LSPIN,lspin_tf,0.011,0.4,3,5,0.29296822551940893,0.35605825162466775
LSPIN,lspin_tf,0.011,0.4,3,6,0.5540363879836433,0.49015053005335035
LSPIN,lspin_tf,0.011,0.4,3,7,0.2509062465511146,0.3065346547279292
LSPIN,lspin_tf,0.011,0.4,3,8,0.44367124754437204,0.5052086705751306
LSPIN,lspin_tf,0.011,0.4,3,9,0.2561086741809459,0.2979487080585036
LSPIN,lspin_tf,0.011,0.4,4,5,0.713073742232986,0.6472398728109746
LSPIN,lspin_tf,0.011,0.4,4,6,0.3230513981591826,0.36233938590460185
LSPIN,lspin_tf,0.011,0.4,4,7,0.6551921209277842,0.597396557826415
LSPIN,lspin_tf,0.011,0.4,4,8,0.23225247070970279,0.26275999642358455
LSPIN,lspin_tf,0.011,0.4,4,9,0.5375279183788283,0.5073026551851365
LSPIN,lspin_tf,0.011,0.4,5,6,0.32264313598192035,0.35065920134974793
LSPIN,lspin_tf,0.011,0.4,5,7,0.7976227977293175,0.7102446283587649
LSPIN,lspin_tf,0.011,0.4,5,8,0.2369467023596308,0.2710145214297697
LSPIN,lspin_tf,0.011,0.4,5,9,0.5764249707191167,0.5120653908740733
LSPIN,lspin_tf,0.011,0.4,6,7,0.31152944102817515,0.3347007924822557
LSPIN,lspin_tf,0.011,0.4,6,8,0.3563970313613962,0.40264259359135607
LSPIN,lspin_tf,0.011,0.4,6,9,0.39081645285187816,0.39865310441209406
LSPIN,lspin_tf,0.011,0.4,7,8,0.24013024452044254,0.29860287187437823
LSPIN,lspin_tf,0.011,0.4,7,9,0.6700812210230778,0.6170321962228323
LSPIN,lspin_tf,0.011,0.4,8,9,0.2678503893175034,0.35087117379534155
LSPIN,lspin_tf,0.0075,0.4,0,1,0.753979883895908,0.6670215585432457
LSPIN,lspin_tf,0.0075,0.4,0,2,0.5910142619910025,0.5491558651818434
LSPIN,lspin_tf,0.0075,0.4,0,3,0.250617021301078,0.3666403853907323
LSPIN,lspin_tf,0.0075,0.4,0,4,0.33799158107070937,0.4257077719355848
LSPIN,lspin_tf,0.0075,0.4,0,5,0.7004809384151234,0.6180963010814724
LSPIN,lspin_tf,0.0075,0.4,0,6,0.7574467508983617,0.6775016885564021
LSPIN,lspin_tf,0.0075,0.4,0,7,0.610809631275847,0.5681809293011897
LSPIN,lspin_tf,0.0075,0.4,0,8,0.5569860940332655,0.5392243792859004
LSPIN,lspin_tf,0.0075,0.4,0,9,0.2668551622225594,0.38472720829950935
LSPIN,lspin_tf,0.0075,0.4,1,2,0.649631664165402,0.5822705672553051
LSPIN,lspin_tf,0.0075,0.4,1,3,0.24758654306524205,0.3211028790917871
LSPIN,lspin_tf,0.0075,0.4,1,4,0.35783340678124775,0.45043084824451496
LSPIN,lspin_tf,0.0075,0.4,1,5,0.7530056028496946,0.6611373670229048
LSPIN,lspin_tf,0.0075,0.4,1,6,0.7504382227499914,0.6721242079789784
LSPIN,lspin_tf,0.0075,0.4,1,7,0.6010385756630929,0.5645116979763425
LSPIN,lspin_tf,0.0075,0.4,1,8,0.5414702852110017,0.5133553153025808
LSPIN,lspin_tf,0.0075,0.4,1,9,0.2898493515421108,0.39817057960814406
LSPIN,lspin_tf,0.0075,0.4,2,3,0.2492112686128349,0.3696848019887234
LSPIN,lspin_tf,0.0075,0.4,2,4,0.4119933398314646,0.43728772996193377
LSPIN,lspin_tf,0.0075,0.4,2,5,0.6440816829805734,0.6210020219738923
LSPIN,lspin_tf,0.0075,0.4,2,6,0.5522135107987473,0.5218496388887958
LSPIN,lspin_tf,0.0075,0.4,2,7,0.6142274271803011,0.5468185804717782
LSPIN,lspin_tf,0.0075,0.4,2,8,0.5031386145894001,0.4402330022032565
LSPIN,lspin_tf,0.0075,0.4,2,9,0.2499866943953074,0.3339453609164781
LSPIN,lspin_tf,0.0075,0.4,3,4,0.3929584589816007,0.42347910017020607
LSPIN,lspin_tf,0.0075,0.4,3,5,0.3013715135292201,0.4141380446619011
LSPIN,lspin_tf,0.0075,0.4,3,6,0.2681743927076919,0.3932423639976183
LSPIN,lspin_tf,0.0075,0.4,3,7,0.21694726924112573,0.30554171481355935
LSPIN,lspin_tf,0.0075,0.4,3,8,0.1964872262029859,0.2527653833795528
LSPIN,lspin_tf,0.0075,0.4,3,9,0.5037272363786747,0.49286103221145844
LSPIN,lspin_tf,0.0075,0.4,4,5,0.3075890773772243,0.3866022879138714
LSPIN,lspin_tf,0.0075,0.4,4,6,0.29121394807179757,0.3709192192502401
LSPIN,lspin_tf,0.0075,0.4,4,7,0.47992602035912313,0.49999116163430446
LSPIN,lspin_tf,0.0075,0.4,4,8,0.425948065686305,0.4159756394724153
LSPIN,lspin_tf,0.0075,0.4,4,9,0.36781569909989875,0.4285816220341158
LSPIN,lspin_tf,0.0075,0.4,5,6,0.7539622760195983,0.6882544258569481
LSPIN,lspin_tf,0.0075,0.4,5,7,0.5791914926071139,0.5574627289265899
LSPIN,lspin_tf,0.0075,0.4,5,8,0.4856103208733047,0.4640552656878742
LSPIN,lspin_tf,0.0075,0.4,5,9,0.29648453849460005,0.3845575994131774
LSPIN,lspin_tf,0.0075,0.4,6,7,0.5562503400813135,0.5321996782780364
LSPIN,lspin_tf,0.0075,0.4,6,8,0.5266894827037251,0.5127870928416033
LSPIN,lspin_tf,0.0075,0.4,6,9,0.25110478853574586,0.35253622788930067
LSPIN,lspin_tf,0.0075,0.4,7,8,0.7586730245951592,0.6768245530594816
LSPIN,lspin_tf,0.0075,0.4,7,9,0.26327917308929516,0.3494442036679115
LSPIN,lspin_tf,0.0075,0.4,8,9,0.24609015333279652,0.33243815176428043
LSPIN,lspin_tf,0.005,0.4,0,1,0.6601983097325653,0.5698012237579062
LSPIN,lspin_tf,0.005,0.4,0,2,0.4075870338838391,0.38369601825275257
LSPIN,lspin_tf,0.005,0.4,0,3,0.784824218944944,0.6798435285733925
LSPIN,lspin_tf,0.005,0.4,0,4,0.6142404938012208,0.5543356751416735
LSPIN,lspin_tf,0.005,0.4,0,5,0.6605886924465978,0.5750792982724506
LSPIN,lspin_tf,0.005,0.4,0,6,0.6126504870307444,0.5275500832461059
LSPIN,lspin_tf,0.005,0.4,0,7,0.582139183922012,0.5678840608361299
LSPIN,lspin_tf,0.005,0.4,0,8,0.623036783391283,0.5695463162518665
LSPIN,lspin_tf,0.005,0.4,0,9,0.7201719008209735,0.6361249450757789
LSPIN,lspin_tf,0.005,0.4,1,2,0.5559577777153455,0.49377883084246116
LSPIN,lspin_tf,0.005,0.4,1,3,0.6708408769550598,0.5648500005211752
LSPIN,lspin_tf,0.005,0.4,1,4,0.6937835609078518,0.6260856099666543
LSPIN,lspin_tf,0.005,0.4,1,5,0.6093056808813533,0.5137168072248882
LSPIN,lspin_tf,0.005,0.4,1,6,0.5848521845380549,0.5067872109194187
LSPIN,lspin_tf,0.005,0.4,1,7,0.4574648610979627,0.42301081419415854
LSPIN,lspin_tf,0.005,0.4,1,8,0.6772593802417601,0.5663148324666393
LSPIN,lspin_tf,0.005,0.4,1,9,0.763127454306226,0.6688118220519079
LSPIN,lspin_tf,0.005,0.4,2,3,0.45604000291118385,0.4587496685321518
LSPIN,lspin_tf,0.005,0.4,2,4,0.5911421645156365,0.5612195328367456
LSPIN,lspin_tf,0.005,0.4,2,5,0.39298767831446973,0.4134300351491435
LSPIN,lspin_tf,0.005,0.4,2,6,0.43928903129796243,0.44461733320849045
LSPIN,lspin_tf,0.005,0.4,2,7,0.2864870246171156,0.3432622108947739
LSPIN,lspin_tf,0.005,0.4,2,8,0.5506504204768878,0.4847551853568968
LSPIN,lspin_tf,0.005,0.4,2,9,0.5498725184739323,0.5100527223476056
LSPIN,lspin_tf,0.005,0.4,3,4,0.6192800309489438,0.5395261846433953
LSPIN,lspin_tf,0.005,0.4,3,5,0.7008371555801061,0.6175880131402771
LSPIN,lspin_tf,0.005,0.4,3,6,0.6980603779452653,0.6134358874314152
LSPIN,lspin_tf,0.005,0.4,3,7,0.5831873296014543,0.5337054896890712
LSPIN,lspin_tf,0.005,0.4,3,8,0.6582933269546141,0.6088081219531493
LSPIN,lspin_tf,0.005,0.4,3,9,0.7878705265633289,0.7145474661788825
LSPIN,lspin_tf,0.005,0.4,4,5,0.5133150355529972,0.49009420327855946
LSPIN,lspin_tf,0.005,0.4,4,6,0.6034999298709064,0.5430190310334571
LSPIN,lspin_tf,0.005,0.4,4,7,0.4464944723409449,0.44703713327394173
LSPIN,lspin_tf,0.005,0.4,4,8,0.6062218916355149,0.5135135178655843
LSPIN,lspin_tf,0.005,0.4,4,9,0.7384475788094338,0.640194301333456
LSPIN,lspin_tf,0.005,0.4,5,6,0.6247670702014091,0.5525463942685279
LSPIN,lspin_tf,0.005,0.4,5,7,0.5643470129076311,0.4988172117017134
LSPIN,lspin_tf,0.005,0.4,5,8,0.54595992191136,0.5057486039327126
LSPIN,lspin_tf,0.005,0.4,5,9,0.5761128087497481,0.5089325256513532
LSPIN,lspin_tf,0.005,0.4,6,7,0.5663707833695476,0.49958761844803207
LSPIN,lspin_tf,0.005,0.4,6,8,0.5856052643362251,0.5328360996445098
LSPIN,lspin_tf,0.005,0.4,6,9,0.676140689808687,0.6186735413036581
LSPIN,lspin_tf,0.005,0.4,7,8,0.39900827950161555,0.37988690393274266
LSPIN,lspin_tf,0.005,0.4,7,9,0.4936919425910879,0.45931217661555884
LSPIN,lspin_tf,0.005,0.4,8,9,0.748503106044498,0.6751672031982223
LSPIN,lspin_tf,0.0033,0.4,0,1,0.6305748737539755,0.5809017093817926
LSPIN,lspin_tf,0.0033,0.4,0,2,0.5859595751801621,0.567875947208033
LSPIN,lspin_tf,0.0033,0.4,0,3,0.5858378644618132,0.5433769068600434
LSPIN,lspin_tf,0.0033,0.4,0,4,0.5536013251584222,0.5277831779145671
LSPIN,lspin_tf,0.0033,0.4,0,5,0.6016223339732387,0.5526291279448953
LSPIN,lspin_tf,0.0033,0.4,0,6,0.20712925080976924,0.28173769260416265
LSPIN,lspin_tf,0.0033,0.4,0,7,0.6107136539712393,0.5636438043307231
LSPIN,lspin_tf,0.0033,0.4,0,8,0.38864325736567834,0.37945043642066617
LSPIN,lspin_tf,0.0033,0.4,0,9,0.6686501553460353,0.6310395925731146
LSPIN,lspin_tf,0.0033,0.4,1,2,0.657355428821705,0.6057486661348493
LSPIN,lspin_tf,0.0033,0.4,1,3,0.8385512154843424,0.7805748738957781
LSPIN,lspin_tf,0.0033,0.4,1,4,0.7343878659089657,0.6864656408012425
LSPIN,lspin_tf,0.0033,0.4,1,5,0.8329798285230359,0.7770844729349657
LSPIN,lspin_tf,0.0033,0.4,1,6,0.26065400113332304,0.3857793598869999
LSPIN,lspin_tf,0.0033,0.4,1,7,0.7468516429204257,0.6512774068107398
LSPIN,lspin_tf,0.0033,0.4,1,8,0.43615624607563636,0.4747377290327252
LSPIN,lspin_tf,0.0033,0.4,1,9,0.7431695859232739,0.6685073276301888
LSPIN,lspin_tf,0.0033,0.4,2,3,0.6730591977210036,0.6363114032148494
LSPIN,lspin_tf,0.0033,0.4,2,4,0.7949447149193234,0.714483674489951
LSPIN,lspin_tf,0.0033,0.4,2,5,0.671293645733946,0.6487832149210728
LSPIN,lspin_tf,0.0033,0.4,2,6,0.32957802643715794,0.3958548310659718
LSPIN,lspin_tf,0.0033,0.4,2,7,0.7548434459483505,0.6674720088970852
LSPIN,lspin_tf,0.0033,0.4,2,8,0.34465699103137054,0.3875514993655018
LSPIN,lspin_tf,0.0033,0.4,2,9,0.8148031105217786,0.7552135977717631
LSPIN,lspin_tf,0.0033,0.4,3,4,0.7381776277873318,0.6869003074527174
LSPIN,lspin_tf,0.0033,0.4,3,5,0.8559449642343969,0.8384761626598586
LSPIN,lspin_tf,0.0033,0.4,3,6,0.2719492640554048,0.39743562102082186
LSPIN,lspin_tf,0.0033,0.4,3,7,0.7288717465390302,0.6355057848894793
LSPIN,lspin_tf,0.0033,0.4,3,8,0.4406629598413678,0.4875652888724307
LSPIN,lspin_tf,0.0033,0.4,3,9,0.7705916000160294,0.6985039825630699
LSPIN,lspin_tf,0.0033,0.4,4,5,0.7222250676137,0.6875425416774243
LSPIN,lspin_tf,0.0033,0.4,4,6,0.30339991547559103,0.39169509419724446
LSPIN,lspin_tf,0.0033,0.4,4,7,0.8262229500115585,0.7336879545015035
LSPIN,lspin_tf,0.0033,0.4,4,8,0.35410853729151226,0.42139767453342686
LSPIN,lspin_tf,0.0033,0.4,4,9,0.7438058580875694,0.665623178439309
LSPIN,lspin_tf,0.0033,0.4,5,6,0.27568708544465254,0.4043836166664359
LSPIN,lspin_tf,0.0033,0.4,5,7,0.7080602569670835,0.6265311859454287
LSPIN,lspin_tf,0.0033,0.4,5,8,0.39459812785471043,0.43134442643451043
LSPIN,lspin_tf,0.0033,0.4,5,9,0.7510951450175299,0.6954883007826717
LSPIN,lspin_tf,0.0033,0.4,6,7,0.26227465865896193,0.31697974355363095
LSPIN,lspin_tf,0.0033,0.4,6,8,0.30337062971002254,0.3675091602658895
LSPIN,lspin_tf,0.0033,0.4,6,9,0.27454458415938954,0.34261026529506555
LSPIN,lspin_tf,0.0033,0.4,7,8,0.3736680967005011,0.41396756827804204
LSPIN,lspin_tf,0.0033,0.4,7,9,0.810335397660343,0.7147676249471387
LSPIN,lspin_tf,0.0033,0.4,8,9,0.3673122822335978,0.3883964933786705
LSPIN,lspin_tf,0.0022,0.4,0,1,0.2826096141916694,0.3870977467077925
LSPIN,lspin_tf,0.0022,0.4,0,2,0.3488483097399087,0.4214182493565575
LSPIN,lspin_tf,0.0022,0.4,0,3,0.7098820077020788,0.6419997776859665
LSPIN,lspin_tf,0.0022,0.4,0,4,0.7191349901366179,0.6636395737366713
LSPIN,lspin_tf,0.0022,0.4,0,5,0.3547940925996224,0.4535980406724236
LSPIN,lspin_tf,0.0022,0.4,0,6,0.2901681962496481,0.4166042335053034
LSPIN,lspin_tf,0.0022,0.4,0,7,0.6448170176769062,0.6023081268650381
LSPIN,lspin_tf,0.0022,0.4,0,8,0.6699643791229819,0.5935947814390011
LSPIN,lspin_tf,0.0022,0.4,0,9,0.6884274094948843,0.660479962724895
LSPIN,lspin_tf,0.0022,0.4,1,2,0.4148314266242726,0.4633567106355831
LSPIN,lspin_tf,0.0022,0.4,1,3,0.24504482711880815,0.32066797357689497
LSPIN,lspin_tf,0.0022,0.4,1,4,0.23244940722581597,0.2980202750755841
LSPIN,lspin_tf,0.0022,0.4,1,5,0.6511007855148895,0.6334732073590289
LSPIN,lspin_tf,0.0022,0.4,1,6,0.5215404628162218,0.5369837979994382
LSPIN,lspin_tf,0.0022,0.4,1,7,0.23437563247694954,0.303341451674565
LSPIN,lspin_tf,0.0022,0.4,1,8,0.2925473075765277,0.31580422404001657
LSPIN,lspin_tf,0.0022,0.4,1,9,0.33712957807918204,0.4058611543248086
LSPIN,lspin_tf,0.0022,0.4,2,3,0.3146304541740979,0.36419071815615545
LSPIN,lspin_tf,0.0022,0.4,2,4,0.3498150622817077,0.3796130265203197
LSPIN,lspin_tf,0.0022,0.4,2,5,0.3781040666083098,0.40445658099605764
LSPIN,lspin_tf,0.0022,0.4,2,6,0.21505123157522232,0.3124744217616671
LSPIN,lspin_tf,0.0022,0.4,2,7,0.3303878526491652,0.3579441650388078
LSPIN,lspin_tf,0.0022,0.4,2,8,0.42294703293207775,0.43256748316993854
LSPIN,lspin_tf,0.0022,0.4,2,9,0.41551671894118236,0.45019431664775894
LSPIN,lspin_tf,0.0022,0.4,3,4,0.8088560571078378,0.7419610424135448
LSPIN,lspin_tf,0.0022,0.4,3,5,0.2798471051938155,0.3639912203581872
LSPIN,lspin_tf,0.0022,0.4,3,6,0.306991704398472,0.40069382333144204
LSPIN,lspin_tf,0.0022,0.4,3,7,0.739911288020012,0.672288811271029
LSPIN,lspin_tf,0.0022,0.4,3,8,0.5935046598032673,0.5200773359366841
LSPIN,lspin_tf,0.0022,0.4,3,9,0.7587500805131431,0.691399122249432
LSPIN,lspin_tf,0.0022,0.4,4,5,0.2616215792190016,0.33832328935038736
LSPIN,lspin_tf,0.0022,0.4,4,6,0.284194503697816,0.37298431182867137
LSPIN,lspin_tf,0.0022,0.4,4,7,0.8314784754431681,0.7569633810178229
LSPIN,lspin_tf,0.0022,0.4,4,8,0.6182530303178634,0.5510107328802109
LSPIN,lspin_tf,0.0022,0.4,4,9,0.7391666856205799,0.656480886291759
LSPIN,lspin_tf,0.0022,0.4,5,6,0.3519658544794509,0.43160396512812604
LSPIN,lspin_tf,0.0022,0.4,5,7,0.26102531340781876,0.34658253686371415
LSPIN,lspin_tf,0.0022,0.4,5,8,0.3165744452208669,0.33774486352821975
LSPIN,lspin_tf,0.0022,0.4,5,9,0.3342649152940228,0.4065223662797698
LSPIN,lspin_tf,0.0022,0.4,6,7,0.31064053217101356,0.4113124584114236
LSPIN,lspin_tf,0.0022,0.4,6,8,0.23080542439005544,0.29969197436948375
LSPIN,lspin_tf,0.0022,0.4,6,9,0.38590482493772743,0.5043641228856123
LSPIN,lspin_tf,0.0022,0.4,7,8,0.5829681819073356,0.5217530042340539
LSPIN,lspin_tf,0.0022,0.4,7,9,0.7464380637529635,0.6577131862896524
LSPIN,lspin_tf,0.0022,0.4,8,9,0.6213114513811158,0.5492354731324023
LSPIN,lspin_tf,0.011,0.7,0,1,0.302207366393288,0.39653940613173017
LSPIN,lspin_tf,0.011,0.7,0,2,0.6907253297763948,0.649894772881382
LSPIN,lspin_tf,0.011,0.7,0,3,0.3493036114275516,0.3964702732271344
LSPIN,lspin_tf,0.011,0.7,0,4,0.27579361690157367,0.35274573983939705
LSPIN,lspin_tf,0.011,0.7,0,5,0.2688049034803084,0.30895917448721755
LSPIN,lspin_tf,0.011,0.7,0,6,0.29376058621892936,0.3443271432388885
LSPIN,lspin_tf,0.011,0.7,0,7,0.19796212958162085,0.30004468938501977
LSPIN,lspin_tf,0.011,0.7,0,8,0.6714011318680431,0.6007595898979999
LSPIN,lspin_tf,0.011,0.7,0,9,0.3105365735105054,0.4063462151764832
LSPIN,lspin_tf,0.011,0.7,1,2,0.28777977661859017,0.36953177482906757
LSPIN,lspin_tf,0.011,0.7,1,3,0.5188633277808996,0.49305790721273945
LSPIN,lspin_tf,0.011,0.7,1,4,0.6546235235923074,0.6039268460512115
LSPIN,lspin_tf,0.011,0.7,1,5,0.374127403763247,0.41269040504720017
LSPIN,lspin_tf,0.011,0.7,1,6,0.6305820198661028,0.564987792771671
LSPIN,lspin_tf,0.011,0.7,1,7,0.25818618225850587,0.3391679472269218
LSPIN,lspin_tf,0.011,0.7,1,8,0.3853025156709467,0.46309132716950807
LSPIN,lspin_tf,0.011,0.7,1,9,0.5854893064697052,0.5674422145793364
LSPIN,lspin_tf,0.011,0.7,2,3,0.3100960355501032,0.3326212853420152
LSPIN,lspin_tf,0.011,0.7,2,4,0.3106833250144198,0.36924114167869876
LSPIN,lspin_tf,0.011,0.7,2,5,0.3389855261737603,0.3507700242214352
LSPIN,lspin_tf,0.011,0.7,2,6,0.2891499149681268,0.32455044092030966
LSPIN,lspin_tf,0.011,0.7,2,7,0.2646030589642094,0.32787079627134585
LSPIN,lspin_tf,0.011,0.7,2,8,0.5423683778837874,0.4901263909458628
LSPIN,lspin_tf,0.011,0.7,2,9,0.3032760890497451,0.40354246670766947
LSPIN,lspin_tf,0.011,0.7,3,4,0.6990840755284432,0.6461969867964834
LSPIN,lspin_tf,0.011,0.7,3,5,0.559945426681445,0.5137928037164433
LSPIN,lspin_tf,0.011,0.7,3,6,0.5470766550147935,0.5001669720867153
LSPIN,lspin_tf,0.011,0.7,3,7,0.23002047272658654,0.29378040907737135
LSPIN,lspin_tf,0.011,0.7,3,8,0.2696036089838671,0.2683758569877401
LSPIN,lspin_tf,0.011,0.7,3,9,0.37512302497907835,0.38391551990265765
LSPIN,lspin_tf,0.011,0.7,4,5,0.5655533181326489,0.5378379965230237
LSPIN,lspin_tf,0.011,0.7,4,6,0.5513030028383873,0.5046993294451104
LSPIN,lspin_tf,0.011,0.7,4,7,0.26274976371957165,0.35547640542018516
LSPIN,lspin_tf,0.011,0.7,4,8,0.2721754350892389,0.29273979915666004
LSPIN,lspin_tf,0.011,0.7,4,9,0.4435263612281057,0.4644526088277078
LSPIN,lspin_tf,0.011,0.7,5,6,0.38623936683582394,0.40059187863999235
LSPIN,lspin_tf,0.011,0.7,5,7,0.32762197329398296,0.38975076455296126
LSPIN,lspin_tf,0.011,0.7,5,8,0.22612843783479764,0.21982868279193424
LSPIN,lspin_tf,0.011,0.7,5,9,0.26793651001724555,0.34435697448263264
LSPIN,lspin_tf,0.011,0.7,6,7,0.2530788613395421,0.3219647313802915
LSPIN,lspin_tf,0.011,0.7,6,8,0.3136672507336053,0.3420058671466869
LSPIN,lspin_tf,0.011,0.7,6,9,0.5408616451422933,0.5081770128100763
LSPIN,lspin_tf,0.011,0.7,7,8,0.1564612444574929,0.2315882095502053
LSPIN,lspin_tf,0.011,0.7,7,9,0.361486162727183,0.3989252971830362
LSPIN,lspin_tf,0.011,0.7,8,9,0.273622156890082,0.3341963868417158
LSPIN,lspin_tf,0.0075,0.7,0,1,0.4834562660536835,0.41882395471108874
LSPIN,lspin_tf,0.0075,0.7,0,2,0.6792283905141887,0.5790536731223903
LSPIN,lspin_tf,0.0075,0.7,0,3,0.6024614936854674,0.5213328388423221
LSPIN,lspin_tf,0.0075,0.7,0,4,0.6094749537469176,0.6014837269880172
LSPIN,lspin_tf,0.0075,0.7,0,5,0.7201093526434139,0.6518795273427147
LSPIN,lspin_tf,0.0075,0.7,0,6,0.7888915471117303,0.7247890378219533
LSPIN,lspin_tf,0.0075,0.7,0,7,0.7497716430388445,0.6398835326153536
LSPIN,lspin_tf,0.0075,0.7,0,8,0.52200479170891,0.5471543390670487
LSPIN,lspin_tf,0.0075,0.7,0,9,0.45190233683186753,0.5412779310416342
LSPIN,lspin_tf,0.0075,0.7,1,2,0.5405389547072724,0.42984151660219666
LSPIN,lspin_tf,0.0075,0.7,1,3,0.32185983930695367,0.27618373996802587
LSPIN,lspin_tf,0.0075,0.7,1,4,0.6066532794067869,0.5646130842097676
LSPIN,lspin_tf,0.0075,0.7,1,5,0.42814052126220076,0.3978406504342987
LSPIN,lspin_tf,0.0075,0.7,1,6,0.544465328051088,0.47609263140951963
LSPIN,lspin_tf,0.0075,0.7,1,7,0.4452422913788189,0.3770591491107295
LSPIN,lspin_tf,0.0075,0.7,1,8,0.5403281186008433,0.5032465855864485
LSPIN,lspin_tf,0.0075,0.7,1,9,0.41371101502198043,0.41849846847118427
LSPIN,lspin_tf,0.0075,0.7,2,3,0.5288409881927213,0.5013536131776823
LSPIN,lspin_tf,0.0075,0.7,2,4,0.6040072555961443,0.5753634758715902
LSPIN,lspin_tf,0.0075,0.7,2,5,0.5507257576544237,0.4941904714830831
LSPIN,lspin_tf,0.0075,0.7,2,6,0.673745301121894,0.5871431138321793
LSPIN,lspin_tf,0.0075,0.7,2,7,0.67780764590269,0.6112267583860517
LSPIN,lspin_tf,0.0075,0.7,2,8,0.47957821417692376,0.44998792604469773
LSPIN,lspin_tf,0.0075,0.7,2,9,0.42304673940649373,0.4919120960591078
LSPIN,lspin_tf,0.0075,0.7,3,4,0.4009243101420215,0.3966352595390916
LSPIN,lspin_tf,0.0075,0.7,3,5,0.5841340617337061,0.542336633544252
LSPIN,lspin_tf,0.0075,0.7,3,6,0.5686033143747306,0.518292200561002
LSPIN,lspin_tf,0.0075,0.7,3,7,0.6487794420934532,0.6063480586420423
LSPIN,lspin_tf,0.0075,0.7,3,8,0.30284328748889144,0.3257974614321036
LSPIN,lspin_tf,0.0075,0.7,3,9,0.35072673105148244,0.3975499583633059
LSPIN,lspin_tf,0.0075,0.7,4,5,0.4647499164368883,0.49478465030924307
LSPIN,lspin_tf,0.0075,0.7,4,6,0.6856870108050109,0.6433435561509301
LSPIN,lspin_tf,0.0075,0.7,4,7,0.5476963134818355,0.5315642246181673
LSPIN,lspin_tf,0.0075,0.7,4,8,0.7489384839160674,0.6963119382095199
LSPIN,lspin_tf,0.0075,0.7,4,9,0.4874952806612705,0.519277911655519
LSPIN,lspin_tf,0.0075,0.7,5,6,0.5993610051743251,0.5486885801318021
LSPIN,lspin_tf,0.0075,0.7,5,7,0.694281073776521,0.6184988029037469
LSPIN,lspin_tf,0.0075,0.7,5,8,0.39048965549100095,0.43239592841065266
LSPIN,lspin_tf,0.0075,0.7,5,9,0.3320873834386837,0.43550993069386756
LSPIN,lspin_tf,0.0075,0.7,6,7,0.7122687577921354,0.6349029362826081
LSPIN,lspin_tf,0.0075,0.7,6,8,0.5837451764474499,0.5557001793119029
LSPIN,lspin_tf,0.0075,0.7,6,9,0.4705756349983202,0.5196898464147329
LSPIN,lspin_tf,0.0075,0.7,7,8,0.4108781910713592,0.40958525727517414
LSPIN,lspin_tf,0.0075,0.7,7,9,0.40296698476597703,0.49567467381833513
LSPIN,lspin_tf,0.0075,0.7,8,9,0.46233947235076267,0.4799813901827302
LSPIN,lspin_tf,0.005,0.7,0,1,0.29657567112207306,0.36522293823757135
LSPIN,lspin_tf,0.005,0.7,0,2,0.4067485928561973,0.46745001501443123
LSPIN,lspin_tf,0.005,0.7,0,3,0.22702525282174024,0.28847761361524604
LSPIN,lspin_tf,0.005,0.7,0,4,0.2534944000607449,0.34801781486469935
LSPIN,lspin_tf,0.005,0.7,0,5,0.4721670216075285,0.4895360197206561
LSPIN,lspin_tf,0.005,0.7,0,6,0.26226415132461683,0.3222709689242993
LSPIN,lspin_tf,0.005,0.7,0,7,0.5143710491504585,0.5002181750674322
LSPIN,lspin_tf,0.005,0.7,0,8,0.681732607958663,0.6297811061768993
LSPIN,lspin_tf,0.005,0.7,0,9,0.26469298532594454,0.3451735033687265
LSPIN,lspin_tf,0.005,0.7,1,2,0.39092599942177947,0.37186825887295116
LSPIN,lspin_tf,0.005,0.7,1,3,0.592540000457501,0.524287408041359
LSPIN,lspin_tf,0.005,0.7,1,4,0.5272380900619594,0.5062299788427764
LSPIN,lspin_tf,0.005,0.7,1,5,0.3041556520372948,0.3759528595287093
LSPIN,lspin_tf,0.005,0.7,1,6,0.7091699527440612,0.6031512519040758
LSPIN,lspin_tf,0.005,0.7,1,7,0.22972292705494257,0.3010090617545592
LSPIN,lspin_tf,0.005,0.7,1,8,0.26337739804734556,0.32758474403984333
LSPIN,lspin_tf,0.005,0.7,1,9,0.49000134919168675,0.5042866420631428
LSPIN,lspin_tf,0.005,0.7,2,3,0.4733141261331838,0.39554630552326075
LSPIN,lspin_tf,0.005,0.7,2,4,0.5275006695475654,0.4880819410282424
LSPIN,lspin_tf,0.005,0.7,2,5,0.4313835024330627,0.4480771616550496
LSPIN,lspin_tf,0.005,0.7,2,6,0.44762874875733233,0.3825009123042454
LSPIN,lspin_tf,0.005,0.7,2,7,0.3015909804749902,0.35570942296948377
LSPIN,lspin_tf,0.005,0.7,2,8,0.3194471145483114,0.38913183384924754
LSPIN,lspin_tf,0.005,0.7,2,9,0.5540953747952657,0.5047794872386294
LSPIN,lspin_tf,0.005,0.7,3,4,0.5699027668131963,0.5001167579342705
LSPIN,lspin_tf,0.005,0.7,3,5,0.30445013424303774,0.36649308372718686
LSPIN,lspin_tf,0.005,0.7,3,6,0.7964248669776456,0.7409778506764851
LSPIN,lspin_tf,0.005,0.7,3,7,0.23897210009454423,0.30323789805746826
LSPIN,lspin_tf,0.005,0.7,3,8,0.26217918149331576,0.3532725775339872
LSPIN,lspin_tf,0.005,0.7,3,9,0.5711554419467387,0.518700152067301
LSPIN,lspin_tf,0.005,0.7,4,5,0.43772132574501343,0.47412781204352344
LSPIN,lspin_tf,0.005,0.7,4,6,0.5919778360902966,0.5389508015942044
LSPIN,lspin_tf,0.005,0.7,4,7,0.20415980461199248,0.27431506404902384
LSPIN,lspin_tf,0.005,0.7,4,8,0.2360738246613648,0.34153491260996094
LSPIN,lspin_tf,0.005,0.7,4,9,0.829023447078559,0.7843061733666999
LSPIN,lspin_tf,0.005,0.7,5,6,0.3225493534257131,0.401828392363662
LSPIN,lspin_tf,0.005,0.7,5,7,0.4431545982605617,0.4630198152280351
LSPIN,lspin_tf,0.005,0.7,5,8,0.4357122684769429,0.48235152790032126
LSPIN,lspin_tf,0.005,0.7,5,9,0.5025175195581298,0.5315001568930997
LSPIN,lspin_tf,0.005,0.7,6,7,0.2659121231003222,0.3341031681407601
LSPIN,lspin_tf,0.005,0.7,6,8,0.30556826880337906,0.40506675390352376
LSPIN,lspin_tf,0.005,0.7,6,9,0.5125325400705922,0.4851309422655049
LSPIN,lspin_tf,0.005,0.7,7,8,0.6731653181668069,0.6236645266050972
LSPIN,lspin_tf,0.005,0.7,7,9,0.2283925620708868,0.2943094046590548
LSPIN,lspin_tf,0.005,0.7,8,9,0.24895028997282728,0.3484834890109916
LSPIN,lspin_tf,0.0033,0.7,0,1,0.46610358645530015,0.43944648227620675
LSPIN,lspin_tf,0.0033,0.7,0,2,0.25118567154939064,0.32641079926916716
LSPIN,lspin_tf,0.0033,0.7,0,3,0.3259681458236814,0.39645415673268297
LSPIN,lspin_tf,0.0033,0.7,0,4,0.18922682359130621,0.2681028642474944
LSPIN,lspin_tf,0.0033,0.7,0,5,0.24699870434185411,0.3316928743650826
LSPIN,lspin_tf,0.0033,0.7,0,6,0.4469571632440846,0.4246727793526157
LSPIN,lspin_tf,0.0033,0.7,0,7,0.1926646354084033,0.24388062879336186
LSPIN,lspin_tf,0.0033,0.7,0,8,0.23751564248304913,0.32669982798701924
LSPIN,lspin_tf,0.0033,0.7,0,9,0.2555672058819823,0.29516068677132334
LSPIN,lspin_tf,0.0033,0.7,1,2,0.26520304134570993,0.2971679532164479
LSPIN,lspin_tf,0.0033,0.7,1,3,0.4855818466196909,0.4532034477057338
LSPIN,lspin_tf,0.0033,0.7,1,4,0.31229711066448623,0.34206108135678415
LSPIN,lspin_tf,0.0033,0.7,1,5,0.4061267605505859,0.39011172453976806
LSPIN,lspin_tf,0.0033,0.7,1,6,0.5596990718186389,0.4970776871031142
LSPIN,lspin_tf,0.0033,0.7,1,7,0.2992940103907419,0.29702435745553296
LSPIN,lspin_tf,0.0033,0.7,1,8,0.3509171668821363,0.3480857483137468
LSPIN,lspin_tf,0.0033,0.7,1,9,0.43216797274137314,0.41245674627713924
LSPIN,lspin_tf,0.0033,0.7,2,3,0.4999808871220491,0.47601700282831644
LSPIN,lspin_tf,0.0033,0.7,2,4,0.5891512248745336,0.5436195259460412
LSPIN,lspin_tf,0.0033,0.7,2,5,0.5095970008861493,0.481588662099277
LSPIN,lspin_tf,0.0033,0.7,2,6,0.28687783137199696,0.3349289706348079
LSPIN,lspin_tf,0.0033,0.7,2,7,0.5921159451521547,0.5393328658199208
LSPIN,lspin_tf,0.0033,0.7,2,8,0.5921752533677838,0.5585515896596047
LSPIN,lspin_tf,0.0033,0.7,2,9,0.4809963139545252,0.39160511731924086
LSPIN,lspin_tf,0.0033,0.7,3,4,0.6423793349704983,0.5832872526811356
LSPIN,lspin_tf,0.0033,0.7,3,5,0.7288532157911454,0.6627721698664997
LSPIN,lspin_tf,0.0033,0.7,3,6,0.49946935612260235,0.48334600845119297
LSPIN,lspin_tf,0.0033,0.7,3,7,0.5186867046475596,0.4867801103068979
LSPIN,lspin_tf,0.0033,0.7,3,8,0.737122744332524,0.682960026880116
LSPIN,lspin_tf,0.0033,0.7,3,9,0.6889534833839506,0.5718964456537312
LSPIN,lspin_tf,0.0033,0.7,4,5,0.7593965081289479,0.6847382199313186
LSPIN,lspin_tf,0.0033,0.7,4,6,0.30624672400756525,0.3257448378681989
LSPIN,lspin_tf,0.0033,0.7,4,7,0.6276720710614283,0.5831615377807595
LSPIN,lspin_tf,0.0033,0.7,4,8,0.8761680845349908,0.8122134706620302
LSPIN,lspin_tf,0.0033,0.7,4,9,0.6193054076401178,0.5245334389889953
LSPIN,lspin_tf,0.0033,0.7,5,6,0.40904598169471734,0.39495848815476037
LSPIN,lspin_tf,0.0033,0.7,5,7,0.549067994031742,0.5062695201066069
LSPIN,lspin_tf,0.0033,0.7,5,8,0.8280501221559249,0.7552742978272698
LSPIN,lspin_tf,0.0033,0.7,5,9,0.6431251286941494,0.5483748773354346
LSPIN,lspin_tf,0.0033,0.7,6,7,0.3486381106483629,0.3532302541956343
LSPIN,lspin_tf,0.0033,0.7,6,8,0.35019289947943744,0.3430492567544365
LSPIN,lspin_tf,0.0033,0.7,6,9,0.4857471422711144,0.45912208045052594
LSPIN,lspin_tf,0.0033,0.7,7,8,0.619714670725855,0.5704383059210806
LSPIN,lspin_tf,0.0033,0.7,7,9,0.5837402984410323,0.5137928810409408
LSPIN,lspin_tf,0.0033,0.7,8,9,0.6713257386487725,0.5618389407885502
LSPIN,lspin_tf,0.0022,0.7,0,1,0.8678187579559221,0.8050883466278421
LSPIN,lspin_tf,0.0022,0.7,0,2,0.5605329520728893,0.5856862048984849
LSPIN,lspin_tf,0.0022,0.7,0,3,0.28981466276992546,0.4200185445885856
LSPIN,lspin_tf,0.0022,0.7,0,4,0.8188820480442454,0.7425391093420272
LSPIN,lspin_tf,0.0022,0.7,0,5,0.7931570028473862,0.7200388900142565
LSPIN,lspin_tf,0.0022,0.7,0,6,0.3236372700621758,0.4391240656187633
LSPIN,lspin_tf,0.0022,0.7,0,7,0.7777081472959932,0.6876779322761837
LSPIN,lspin_tf,0.0022,0.7,0,8,0.7703913155010224,0.6797054999697917
LSPIN,lspin_tf,0.0022,0.7,0,9,0.7925061489521321,0.7304441384954502
LSPIN,lspin_tf,0.0022,0.7,1,2,0.6553260838008342,0.6870277135435515
LSPIN,lspin_tf,0.0022,0.7,1,3,0.3380206512407603,0.48416388947619665
LSPIN,lspin_tf,0.0022,0.7,1,4,0.9001792388949004,0.8170470620780005
LSPIN,lspin_tf,0.0022,0.7,1,5,0.8904204501805263,0.8485793873053193
LSPIN,lspin_tf,0.0022,0.7,1,6,0.31331535361714175,0.4187087128636207
LSPIN,lspin_tf,0.0022,0.7,1,7,0.7606570378779456,0.696246787250106
LSPIN,lspin_tf,0.0022,0.7,1,8,0.8313979398571206,0.7525737202279235
LSPIN,lspin_tf,0.0022,0.7,1,9,0.8229579781119092,0.7617200390568718
LSPIN,lspin_tf,0.0022,0.7,2,3,0.3060485717747446,0.41715575968748936
LSPIN,lspin_tf,0.0022,0.7,2,4,0.6334894287365971,0.6203806690380144
LSPIN,lspin_tf,0.0022,0.7,2,5,0.6497465736828184,0.6704669867203407
LSPIN,lspin_tf,0.0022,0.7,2,6,0.30121965849218807,0.3995715069450073
LSPIN,lspin_tf,0.0022,0.7,2,7,0.5428106507428503,0.5458039747970199
LSPIN,lspin_tf,0.0022,0.7,2,8,0.6213329181891827,0.6315740867347203
LSPIN,lspin_tf,0.0022,0.7,2,9,0.6336114972132032,0.6194484747057214
LSPIN,lspin_tf,0.0022,0.7,3,4,0.3044853973855901,0.4144272101427989
LSPIN,lspin_tf,0.0022,0.7,3,5,0.34579935755241636,0.49112283476403745
LSPIN,lspin_tf,0.0022,0.7,3,6,0.721054926840623,0.6816930511723504
LSPIN,lspin_tf,0.0022,0.7,3,7,0.27965780521833383,0.4136746092219641
LSPIN,lspin_tf,0.0022,0.7,3,8,0.3420444381086393,0.48369053202577195
LSPIN,lspin_tf,0.0022,0.7,3,9,0.3208619973239549,0.4504888046104519
LSPIN,lspin_tf,0.0022,0.7,4,5,0.8342036509019604,0.7522770332995823
LSPIN,lspin_tf,0.0022,0.7,4,6,0.31225774033729625,0.38835382483869985
LSPIN,lspin_tf,0.0022,0.7,4,7,0.7157331936681326,0.6512211028441722
LSPIN,lspin_tf,0.0022,0.7,4,8,0.8010603045409225,0.6927108617405727
LSPIN,lspin_tf,0.0022,0.7,4,9,0.8133658133088126,0.7312997678103265
LSPIN,lspin_tf,0.0022,0.7,5,6,0.3244609624624607,0.41721573494289055
LSPIN,lspin_tf,0.0022,0.7,5,7,0.6937186718137541,0.6470107098725076
LSPIN,lspin_tf,0.0022,0.7,5,8,0.8599063758770726,0.7847510458150775
LSPIN,lspin_tf,0.0022,0.7,5,9,0.7431213076702192,0.6804577697041471
LSPIN,lspin_tf,0.0022,0.7,6,7,0.26469730357979077,0.367245750128775
LSPIN,lspin_tf,0.0022,0.7,6,8,0.3175056140123416,0.4090184965114727
LSPIN,lspin_tf,0.0022,0.7,6,9,0.3163639765442974,0.4166334613820149
LSPIN,lspin_tf,0.0022,0.7,7,8,0.6365189614377976,0.55875679417998
LSPIN,lspin_tf,0.0022,0.7,7,9,0.7260971302595824,0.6499914532428832
LSPIN,lspin_tf,0.0022,0.7,8,9,0.7960976200122651,0.7476364946743047
Concrete,concrete,0.008,0.0,0,1,0.5495363750485096,0.514821713709013
Concrete,concrete,0.008,0.0,0,2,0.19046001968307338,0.22140893459943556
Concrete,concrete,0.008,0.0,0,3,0.13345196438260779,0.22297657961375197
Concrete,concrete,0.008,0.0,0,4,0.19136887625143503,0.29015610376459566
Concrete,concrete,0.008,0.0,0,5,0.22757221550824122,0.3428059394515993
Concrete,concrete,0.008,0.0,0,6,0.54972875934979,0.5160667805287206
Concrete,concrete,0.008,0.0,0,7,0.2694043463193346,0.2848879459198512
Concrete,concrete,0.008,0.0,0,8,0.3650963390380602,0.3918258947453796
Concrete,concrete,0.008,0.0,0,9,0.30932551965282423,0.3862099624478279
Concrete,concrete,0.008,0.0,1,2,0.1249396566082826,0.17839138179262073
Concrete,concrete,0.008,0.0,1,3,0.21768314087865875,0.2591472964284671
Concrete,concrete,0.008,0.0,1,4,0.22696262014285037,0.2866881236783758
Concrete,concrete,0.008,0.0,1,5,0.349770299010531,0.4375697743082804
Concrete,concrete,0.008,0.0,1,6,0.35212083696485164,0.34278673973789453
Concrete,concrete,0.008,0.0,1,7,0.4253612093555017,0.4213825179595226
Concrete,concrete,0.008,0.0,1,8,0.2200774374019482,0.25561772481077294
Concrete,concrete,0.008,0.0,1,9,0.20886690954218973,0.28467227224168
Concrete,concrete,0.008,0.0,2,3,0.12907821356694782,0.21563488613620518
Concrete,concrete,0.008,0.0,2,4,0.3729951840671534,0.3607045756237096
Concrete,concrete,0.008,0.0,2,5,0.23142229223874283,0.24872716007963483
Concrete,concrete,0.008,0.0,2,6,0.37697906533114095,0.39214355934812156
Concrete,concrete,0.008,0.0,2,7,0.11319675961647492,0.15649927404399996
Concrete,concrete,0.008,0.0,2,8,0.5292445817630254,0.47932580821566506
Concrete,concrete,0.008,0.0,2,9,0.49580625410213575,0.45033215391365017
Concrete,concrete,0.008,0.0,3,4,0.3230098702547572,0.3266106963346554
Concrete,concrete,0.008,0.0,3,5,0.35472937938655663,0.39205037279976773
Concrete,concrete,0.008,0.0,3,6,0.15765377409541406,0.257006728263088
Concrete,concrete,0.008,0.0,3,7,0.305474067272899,0.32613829355910057
Concrete,concrete,0.008,0.0,3,8,0.13050112515010548,0.21097403396558312
Concrete,concrete,0.008,0.0,3,9,0.18370647523088002,0.24486117760373843
Concrete,concrete,0.008,0.0,4,5,0.4899382499224622,0.4648763267757258
Concrete,concrete,0.008,0.0,4,6,0.2561092322454684,0.2935384649986576
Concrete,concrete,0.008,0.0,4,7,0.30586312367771784,0.3794908142589306
Concrete,concrete,0.008,0.0,4,8,0.40890950954201943,0.41949535969649193
Concrete,concrete,0.008,0.0,4,9,0.44834320057389276,0.4161361673031132
Concrete,concrete,0.008,0.0,5,6,0.29181247043852937,0.33760025152882966
Concrete,concrete,0.008,0.0,5,7,0.21330852787022275,0.30838754447861344
Concrete,concrete,0.008,0.0,5,8,0.31033939324597903,0.3234962358074671
Concrete,concrete,0.008,0.0,5,9,0.39074757501202606,0.39199788861695434
Concrete,concrete,0.008,0.0,6,7,0.1800026069979955,0.20989562715884902
Concrete,concrete,0.008,0.0,6,8,0.5358140289016674,0.5241385294264889
Concrete,concrete,0.008,0.0,6,9,0.4747254915765787,0.44222126699493547
Concrete,concrete,0.008,0.0,7,8,0.1615961037646267,0.2255787249254022
Concrete,concrete,0.008,0.0,7,9,0.17030907006065227,0.24702585374372196
Concrete,concrete,0.008,0.0,8,9,0.6343037651352438,0.5763411540957695
Concrete,concrete,0.006,0.0,0,1,0.5170057857571436,0.41681331055281023
Concrete,concrete,0.006,0.0,0,2,0.43974937116319135,0.47864916755003706
Concrete,concrete,0.006,0.0,0,3,0.4721368940460717,0.40673670378907406
Concrete,concrete,0.006,0.0,0,4,0.3307224323786786,0.38276523830096565
Concrete,concrete,0.006,0.0,0,5,0.5600447524388633,0.4715080954506733
Concrete,concrete,0.006,0.0,0,6,0.21896436910287104,0.26291241972683466
Concrete,concrete,0.006,0.0,0,7,0.4106433608393262,0.4118125886350355
Concrete,concrete,0.006,0.0,0,8,0.3871740395629888,0.2945095372794104
Concrete,concrete,0.006,0.0,0,9,0.3693101079600017,0.4212112785811036
Concrete,concrete,0.006,0.0,1,2,0.4417361673641603,0.4438378620763706
Concrete,concrete,0.006,0.0,1,3,0.36267823997851584,0.3308718660093112
Concrete,concrete,0.006,0.0,1,4,0.2158170297713765,0.2519229348043793
Concrete,concrete,0.006,0.0,1,5,0.56632614658743,0.49818937430638177
Concrete,concrete,0.006,0.0,1,6,0.18456292409971328,0.18744006483449163
Concrete,concrete,0.006,0.0,1,7,0.35298577557567024,0.3411399286721224
Concrete,concrete,0.006,0.0,1,8,0.5037458716493356,0.45948314909484766
Concrete,concrete,0.006,0.0,1,9,0.27568259320116345,0.3119137855811672
Concrete,concrete,0.006,0.0,2,3,0.37988044238871155,0.40250901860613236
Concrete,concrete,0.006,0.0,2,4,0.26464073263661486,0.31853882665633426
Concrete,concrete,0.006,0.0,2,5,0.575679913714104,0.615221049626046
Concrete,concrete,0.006,0.0,2,6,0.2219783993165657,0.2703559673677014
Concrete,concrete,0.006,0.0,2,7,0.3677773449054671,0.38032224787318825
Concrete,concrete,0.006,0.0,2,8,0.29116233535587127,0.3558643620490971
Concrete,concrete,0.006,0.0,2,9,0.2719104169546333,0.3379787756173154
Concrete,concrete,0.006,0.0,3,4,0.26287181453804914,0.35019757408139673
Concrete,concrete,0.006,0.0,3,5,0.4962194762554379,0.434455447262975
Concrete,concrete,0.006,0.0,3,6,0.32590741923137595,0.37382232433431506
Concrete,concrete,0.006,0.0,3,7,0.2127337509223114,0.24080837557535992
Concrete,concrete,0.006,0.0,3,8,0.2679906831687644,0.2209191740897179
Concrete,concrete,0.006,0.0,3,9,0.3314104411617058,0.37236619524173253
Concrete,concrete,0.006,0.0,4,5,0.2438210978004867,0.3069326849367178
Concrete,concrete,0.006,0.0,4,6,0.29464679760132845,0.31067477221237927
Concrete,concrete,0.006,0.0,4,7,0.42192737403199476,0.4107358458166665
Concrete,concrete,0.006,0.0,4,8,0.21306912056116187,0.2568500778490496
Concrete,concrete,0.006,0.0,4,9,0.29086068237127627,0.32395781479773617
Concrete,concrete,0.006,0.0,5,6,0.20542966611307983,0.23651533372193564
Concrete,concrete,0.006,0.0,5,7,0.30770508215388154,0.3318551049042784
Concrete,concrete,0.006,0.0,5,8,0.4464310425148097,0.43131616663322697
Concrete,concrete,0.006,0.0,5,9,0.3456277181891135,0.4038579255336877
Concrete,concrete,0.006,0.0,6,7,0.2464664328504377,0.23243545560083292
Concrete,concrete,0.006,0.0,6,8,0.06370407335973048,0.10402142320209355
Concrete,concrete,0.006,0.0,6,9,0.4110768543108488,0.38945642688919174
Concrete,concrete,0.006,0.0,7,8,0.28573049323715655,0.3384243040330809
Concrete,concrete,0.006,0.0,7,9,0.3157192550384185,0.3233629920239031
Concrete,concrete,0.006,0.0,8,9,0.20903675763788912,0.2734612524614527
Concrete,concrete,0.005,0.0,0,1,0.19124649231357768,0.23408327924840322
Concrete,concrete,0.005,0.0,0,2,0.3632546272532818,0.3586480820407042
Concrete,concrete,0.005,0.0,0,3,0.261081941748914,0.34174704373350245
Concrete,concrete,0.005,0.0,0,4,0.19648130741492645,0.26391546503867
Concrete,concrete,0.005,0.0,0,5,0.2162587204026927,0.30684235221856954
Concrete,concrete,0.005,0.0,0,6,0.35430680110653967,0.3468435049908748
Concrete,concrete,0.005,0.0,0,7,0.2643520765452631,0.28532886223184883
Concrete,concrete,0.005,0.0,0,8,0.5406695096910026,0.5191201790510163
Concrete,concrete,0.005,0.0,0,9,0.285112756493771,0.2674627479984281
Concrete,concrete,0.005,0.0,1,2,0.2828517521694873,0.3381143191609268
Concrete,concrete,0.005,0.0,1,3,0.39046498534380847,0.40098587283505926
Concrete,concrete,0.005,0.0,1,4,0.35430945606569025,0.3693219779923559
Concrete,concrete,0.005,0.0,1,5,0.3249491221364384,0.37359003038577193
Concrete,concrete,0.005,0.0,1,6,0.22382024214327087,0.260594990456404
Concrete,concrete,0.005,0.0,1,7,0.19784019418448928,0.24774407797394132
Concrete,concrete,0.005,0.0,1,8,0.24523553245513813,0.2739594940053829
Concrete,concrete,0.005,0.0,1,9,0.2345809912382789,0.2657491186101935
Concrete,concrete,0.005,0.0,2,3,0.2922205057893989,0.30899231878930394
Concrete,concrete,0.005,0.0,2,4,0.17707309303174698,0.23549371914790038
Concrete,concrete,0.005,0.0,2,5,0.5512340790279723,0.48943384596369643
Concrete,concrete,0.005,0.0,2,6,0.574485375131044,0.49479891182226526
Concrete,concrete,0.005,0.0,2,7,0.21561937688418226,0.2371207337389855
Concrete,concrete,0.005,0.0,2,8,0.3187042363213137,0.322563069999393
Concrete,concrete,0.005,0.0,2,9,0.23406449807613008,0.2700681659117854
Concrete,concrete,0.005,0.0,3,4,0.3300886899035239,0.37454058804547047
Concrete,concrete,0.005,0.0,3,5,0.4418074425131093,0.46919376941798685
Concrete,concrete,0.005,0.0,3,6,0.22890141805209743,0.25489428347656173
Concrete,concrete,0.005,0.0,3,7,0.3442855973971545,0.33494506339274854
Concrete,concrete,0.005,0.0,3,8,0.4789003591571888,0.44644207525699375
Concrete,concrete,0.005,0.0,3,9,0.3714354576768238,0.3959679360255836
Concrete,concrete,0.005,0.0,4,5,0.23758666147830348,0.28706094102128715
Concrete,concrete,0.005,0.0,4,6,0.15088555425802744,0.17899437621572517
Concrete,concrete,0.005,0.0,4,7,0.24767613884293616,0.2891330220202756
Concrete,concrete,0.005,0.0,4,8,0.22585268272722234,0.26075641245513514
Concrete,concrete,0.005,0.0,4,9,0.33821969545056507,0.33890313443051984
Concrete,concrete,0.005,0.0,5,6,0.4686017521136632,0.4254204157325082
Concrete,concrete,0.005,0.0,5,7,0.34731284147172536,0.3964622603824171
Concrete,concrete,0.005,0.0,5,8,0.27252207675127266,0.33223510637047
Concrete,concrete,0.005,0.0,5,9,0.31131026522127225,0.38685251531094017
Concrete,concrete,0.005,0.0,6,7,0.21031550839109614,0.26856678192242595
Concrete,concrete,0.005,0.0,6,8,0.31327390790171683,0.3303508009118484
Concrete,concrete,0.005,0.0,6,9,0.23764470036400226,0.27232997541526643
Concrete,concrete,0.005,0.0,7,8,0.3878320292229092,0.38390336759234506
Concrete,concrete,0.005,0.0,7,9,0.43217926948592256,0.41847494715672895
Concrete,concrete,0.005,0.0,8,9,0.29716637741849034,0.327833860117071
Concrete,concrete,0.004,0.0,0,1,0.28236964659271535,0.29817000904569957
Concrete,concrete,0.004,0.0,0,2,0.452348883805603,0.4356166642103197
Concrete,concrete,0.004,0.0,0,3,0.35410465736791946,0.38770452400973554
Concrete,concrete,0.004,0.0,0,4,0.31041541433904346,0.3828587746167902
Concrete,concrete,0.004,0.0,0,5,0.3351172476642509,0.34300127774637706
Concrete,concrete,0.004,0.0,0,6,0.36919538260214674,0.36613174549654226
Concrete,concrete,0.004,0.0,0,7,0.5692115961286758,0.5111917128894348
Concrete,concrete,0.004,0.0,0,8,0.3259481677517651,0.39410500277600696
Concrete,concrete,0.004,0.0,0,9,0.32176570722187064,0.3931138496418762
Concrete,concrete,0.004,0.0,1,2,0.4005229340846888,0.3821119818039186
Concrete,concrete,0.004,0.0,1,3,0.14474980768700157,0.1917018561232769
Concrete,concrete,0.004,0.0,1,4,0.28368001592967507,0.3519210998447279
Concrete,concrete,0.004,0.0,1,5,0.194518203944287,0.25369301553458334
Concrete,concrete,0.004,0.0,1,6,0.4738280544124973,0.4719743893284459
Concrete,concrete,0.004,0.0,1,7,0.299213030174009,0.3337608902480949
Concrete,concrete,0.004,0.0,1,8,0.15207874238396382,0.27145656037510113
Concrete,concrete,0.004,0.0,1,9,0.18171792224668837,0.2575159220393617
Concrete,concrete,0.004,0.0,2,3,0.3130292947382034,0.3370714867334864
Concrete,concrete,0.004,0.0,2,4,0.3397249283377854,0.3876330690211626
Concrete,concrete,0.004,0.0,2,5,0.3352479949384314,0.34551116398178944
Concrete,concrete,0.004,0.0,2,6,0.6011022584775504,0.5681617134535251
Concrete,concrete,0.004,0.0,2,7,0.4706196428343426,0.41637986560839463
Concrete,concrete,0.004,0.0,2,8,0.24315376254648585,0.2855156408817737
Concrete,concrete,0.004,0.0,2,9,0.22533505247335905,0.2641107730826454
Concrete,concrete,0.004,0.0,3,4,0.20899288183762615,0.28969139094521806
Concrete,concrete,0.004,0.0,3,5,0.514448272688123,0.49831263954213983
Concrete,concrete,0.004,0.0,3,6,0.17213503402036076,0.22589291988620214
Concrete,concrete,0.004,0.0,3,7,0.30998678189470075,0.35521856827787773
Concrete,concrete,0.004,0.0,3,8,0.2356137036414257,0.2894274884081914
Concrete,concrete,0.004,0.0,3,9,0.15577281707468804,0.21171169192668055
Concrete,concrete,0.004,0.0,4,5,0.2079625558418362,0.27199747993168905
Concrete,concrete,0.004,0.0,4,6,0.3014790559215906,0.39687190242298537
Concrete,concrete,0.004,0.0,4,7,0.3593126008930822,0.4379164766607382
Concrete,concrete,0.004,0.0,4,8,0.34155763949275253,0.41256003431659294
Concrete,concrete,0.004,0.0,4,9,0.34947142106765905,0.3627182989855183
Concrete,concrete,0.004,0.0,5,6,0.19067453859663647,0.27696836928465934
Concrete,concrete,0.004,0.0,5,7,0.3244674094689926,0.36938364013932323
Concrete,concrete,0.004,0.0,5,8,0.31641394172008863,0.33389541782939414
Concrete,concrete,0.004,0.0,5,9,0.15262297261001948,0.197174597848259
Concrete,concrete,0.004,0.0,6,7,0.44459215878044395,0.35905738792141345
Concrete,concrete,0.004,0.0,6,8,0.21347385207411007,0.3091323825447686
Concrete,concrete,0.004,0.0,6,9,0.24730049780604318,0.3055855985045267
Concrete,concrete,0.004,0.0,7,8,0.3663016984605669,0.4717841395630296
Concrete,concrete,0.004,0.0,7,9,0.3794224144246895,0.469377717820101
Concrete,concrete,0.004,0.0,8,9,0.43307053096785425,0.4395160878356601
Concrete,concrete,0.0033,0.0,0,1,0.5733932609145448,0.5274484242158375
Concrete,concrete,0.0033,0.0,0,2,0.5831037847362461,0.5450879773262921
Concrete,concrete,0.0033,0.0,0,3,0.4404618606955439,0.4433533056945212
Concrete,concrete,0.0033,0.0,0,4,0.5915292174973437,0.5180543492833098
Concrete,concrete,0.0033,0.0,0,5,0.26573103013294463,0.27679656570540717
Concrete,concrete,0.0033,0.0,0,6,0.1734369224548972,0.17466729529648709
Concrete,concrete,0.0033,0.0,0,7,0.4461816922840465,0.38028354009907916
Concrete,concrete,0.0033,0.0,0,8,0.22500819813851786,0.2853530642528116
Concrete,concrete,0.0033,0.0,0,9,0.2482340809533546,0.3336847740014604
Concrete,concrete,0.0033,0.0,1,2,0.553529027422489,0.5365427542916247
Concrete,concrete,0.0033,0.0,1,3,0.6158319504388491,0.6064097544015827
Concrete,concrete,0.0033,0.0,1,4,0.6192102967022202,0.5444821371958193
Concrete,concrete,0.0033,0.0,1,5,0.24922957719555036,0.26875930879039295
Concrete,concrete,0.0033,0.0,1,6,0.2756107567184026,0.2320580370001775
Concrete,concrete,0.0033,0.0,1,7,0.38854512672340913,0.3343192722257696
Concrete,concrete,0.0033,0.0,1,8,0.19315302763788525,0.2430243537514487
Concrete,concrete,0.0033,0.0,1,9,0.3629017114416083,0.3547066933693317
Concrete,concrete,0.0033,0.0,2,3,0.3754049354792238,0.4324278484998562
Concrete,concrete,0.0033,0.0,2,4,0.4309371366027099,0.4113825528824899
Concrete,concrete,0.0033,0.0,2,5,0.21540347631100787,0.2141547669955086
Concrete,concrete,0.0033,0.0,2,6,0.11730040044459872,0.10746372222619396
Concrete,concrete,0.0033,0.0,2,7,0.34625978149455927,0.30961868340599746
Concrete,concrete,0.0033,0.0,2,8,0.3610688959771615,0.38258994559100956
Concrete,concrete,0.0033,0.0,2,9,0.19402649024673774,0.26288084937714923
Concrete,concrete,0.0033,0.0,3,4,0.4934137375826162,0.4500845094436739
Concrete,concrete,0.0033,0.0,3,5,0.2541008623311446,0.3054184299964919
Concrete,concrete,0.0033,0.0,3,6,0.41710668550299473,0.3626758029793881
Concrete,concrete,0.0033,0.0,3,7,0.4379974393489727,0.41927473807044185
Concrete,concrete,0.0033,0.0,3,8,0.10511280758612791,0.18371005934036277
Concrete,concrete,0.0033,0.0,3,9,0.5208170277931188,0.47035124121113314
Concrete,concrete,0.0033,0.0,4,5,0.31020419209211236,0.28232084883238734
Concrete,concrete,0.0033,0.0,4,6,0.28148129456368054,0.23635899602725058
Concrete,concrete,0.0033,0.0,4,7,0.37434891805675563,0.3211303704832837
Concrete,concrete,0.0033,0.0,4,8,0.1354649300718564,0.2081425944479887
Concrete,concrete,0.0033,0.0,4,9,0.30516413741764026,0.30864613733308444
Concrete,concrete,0.0033,0.0,5,6,0.2660596249360833,0.30900855182438886
Concrete,concrete,0.0033,0.0,5,7,0.2965688245722158,0.35151353689506554
Concrete,concrete,0.0033,0.0,5,8,0.1349609414334372,0.14060908760895083
Concrete,concrete,0.0033,0.0,5,9,0.23621077292782017,0.28262676989006763
Concrete,concrete,0.0033,0.0,6,7,0.26073894291572774,0.30029949172058157
Concrete,concrete,0.0033,0.0,6,8,0.012782486141186121,0.02552487283054285
Concrete,concrete,0.0033,0.0,6,9,0.4639387407257726,0.38162521269469013
Concrete,concrete,0.0033,0.0,7,8,0.1318067997054264,0.1642791182537919
Concrete,concrete,0.0033,0.0,7,9,0.25719973797385437,0.2818276545206496
Concrete,concrete,0.0033,0.0,8,9,0.056270901037389985,0.1538081616514832
Concrete,concrete,0.0027,0.0,0,1,0.2613273129021773,0.2926465332017434
Concrete,concrete,0.0027,0.0,0,2,0.3112756132228561,0.3943505904637815
Concrete,concrete,0.0027,0.0,0,3,0.4456606196039206,0.4123331177040396
Concrete,concrete,0.0027,0.0,0,4,0.3538042327892583,0.3582198093090687
Concrete,concrete,0.0027,0.0,0,5,0.23370900721172644,0.2639504935269664
Concrete,concrete,0.0027,0.0,0,6,0.31934623011724256,0.3355204799770712
Concrete,concrete,0.0027,0.0,0,7,0.4361277816109427,0.37275877560851456
Concrete,concrete,0.0027,0.0,0,8,0.3952914957195142,0.4293635824275237
Concrete,concrete,0.0027,0.0,0,9,0.1662963694931896,0.23145229214367818
Concrete,concrete,0.0027,0.0,1,2,0.4456207933668059,0.43712416944333166
Concrete,concrete,0.0027,0.0,1,3,0.29046166340860985,0.3265131672838007
Concrete,concrete,0.0027,0.0,1,4,0.2416658086733817,0.2941202744258618
Concrete,concrete,0.0027,0.0,1,5,0.3049871509487753,0.35371627068859224
Concrete,concrete,0.0027,0.0,1,6,0.25480432522642044,0.33234610257967184
Concrete,concrete,0.0027,0.0,1,7,0.31863677991532957,0.3061244970320162
Concrete,concrete,0.0027,0.0,1,8,0.6223349762977001,0.6007505784889626
Concrete,concrete,0.0027,0.0,1,9,0.2509827484996975,0.30002063347562224
Concrete,concrete,0.0027,0.0,2,3,0.23710589418715938,0.31186929121989376
Concrete,concrete,0.0027,0.0,2,4,0.20913953009632702,0.2820895141019573
Concrete,concrete,0.0027,0.0,2,5,0.22785385191306004,0.2650522727513215
Concrete,concrete,0.0027,0.0,2,6,0.19746598543117613,0.24095235339360685
Concrete,concrete,0.0027,0.0,2,7,0.2971704881762989,0.3395874187354292
Concrete,concrete,0.0027,0.0,2,8,0.47879776648268335,0.46038110423345985
Concrete,concrete,0.0027,0.0,2,9,0.1963787115452878,0.22074217381629366
Concrete,concrete,0.0027,0.0,3,4,0.26422516058388396,0.30604623640841483
Concrete,concrete,0.0027,0.0,3,5,0.15714852680844896,0.28862966486241065
Concrete,concrete,0.0027,0.0,3,6,0.18463477809716328,0.24823174586866215
Concrete,concrete,0.0027,0.0,3,7,0.3160633293664108,0.2887019596913921
Concrete,concrete,0.0027,0.0,3,8,0.36306382659007835,0.40131234675232214
Concrete,concrete,0.0027,0.0,3,9,0.13587559922456546,0.20226434362339324
Concrete,concrete,0.0027,0.0,4,5,0.46320511630843986,0.4777833254084717
Concrete,concrete,0.0027,0.0,4,6,0.39587434511347896,0.3882644163548863
Concrete,concrete,0.0027,0.0,4,7,0.3719958982085954,0.3913353803849225
Concrete,concrete,0.0027,0.0,4,8,0.2602687141258363,0.2900018070028883
Concrete,concrete,0.0027,0.0,4,9,0.2500233925225339,0.33090659204930745
Concrete,concrete,0.0027,0.0,5,6,0.6162885024939451,0.6055541441081201
Concrete,concrete,0.0027,0.0,5,7,0.2872259816169374,0.3468729641480598
Concrete,concrete,0.0027,0.0,5,8,0.25460825043449564,0.30906898752648804
Concrete,concrete,0.0027,0.0,5,9,0.3371558395616545,0.4022426430037673
Concrete,concrete,0.0027,0.0,6,7,0.270314333195555,0.32240358746725206
Concrete,concrete,0.0027,0.0,6,8,0.17727511860954115,0.2492434201319091
Concrete,concrete,0.0027,0.0,6,9,0.40122384159284885,0.4341291466403351
Concrete,concrete,0.0027,0.0,7,8,0.3232244991173071,0.3220282569231286
Concrete,concrete,0.0027,0.0,7,9,0.19981854808668545,0.2942464623471453
Concrete,concrete,0.0027,0.0,8,9,0.20175517070288143,0.2684695549963688
Concrete,concrete,0.0022,0.0,0,1,0.07545637107691239,0.16370390968017554
Concrete,concrete,0.0022,0.0,0,2,0.30748931365545673,0.32211095770171705
Concrete,concrete,0.0022,0.0,0,3,0.2094718512195573,0.27657665098869577
Concrete,concrete,0.0022,0.0,0,4,0.5045710354721422,0.4398233173004781
Concrete,concrete,0.0022,0.0,0,5,0.3765606633871267,0.36281186218201245
Concrete,concrete,0.0022,0.0,0,6,0.403337894018696,0.43139803884848915
Concrete,concrete,0.0022,0.0,0,7,0.22167516157090608,0.27484039929277215
Concrete,concrete,0.0022,0.0,0,8,0.13881335670059833,0.1960008683881424
Concrete,concrete,0.0022,0.0,0,9,0.4606563588379762,0.3921378387201426
Concrete,concrete,0.0022,0.0,1,2,0.27310935841774026,0.3281198835034324
Concrete,concrete,0.0022,0.0,1,3,0.4172493038590772,0.4784404713781501
Concrete,concrete,0.0022,0.0,1,4,0.2657071440425738,0.32471065407176736
Concrete,concrete,0.0022,0.0,1,5,0.2083013054481184,0.21863805886198553
Concrete,concrete,0.0022,0.0,1,6,0.2011427828626981,0.28831824423611524
Concrete,concrete,0.0022,0.0,1,7,0.2824436095912423,0.3443107982058324
Concrete,concrete,0.0022,0.0,1,8,0.5588143721429318,0.5350498928149828
Concrete,concrete,0.0022,0.0,1,9,0.2590393718732634,0.32846930727358814
Concrete,concrete,0.0022,0.0,2,3,0.24727156069703862,0.30678166115433475
Concrete,concrete,0.0022,0.0,2,4,0.2964220738241292,0.3749362629125088
Concrete,concrete,0.0022,0.0,2,5,0.4972503761623441,0.46838983786695704
Concrete,concrete,0.0022,0.0,2,6,0.2466454673583775,0.27896137166598345
Concrete,concrete,0.0022,0.0,2,7,0.11697178880615462,0.17973135963075956
Concrete,concrete,0.0022,0.0,2,8,0.20266085232104628,0.28223668164266164
Concrete,concrete,0.0022,0.0,2,9,0.34593046006632483,0.3520661300322582
Concrete,concrete,0.0022,0.0,3,4,0.2678789022568961,0.35648285114910994
Concrete,concrete,0.0022,0.0,3,5,0.27624326417066364,0.2910105015811753
Concrete,concrete,0.0022,0.0,3,6,0.43257439550606,0.4511910177633611
Concrete,concrete,0.0022,0.0,3,7,0.37030790416083054,0.4123883670141359
Concrete,concrete,0.0022,0.0,3,8,0.5572630311190386,0.5238100548420748
Concrete,concrete,0.0022,0.0,3,9,0.23137840327876946,0.2979313684400373
Concrete,concrete,0.0022,0.0,4,5,0.4325186946082661,0.44084004720040443
Concrete,concrete,0.0022,0.0,4,6,0.27910868288708357,0.34127165479866844
Concrete,concrete,0.0022,0.0,4,7,0.20471783212222477,0.2735675787290588
Concrete,concrete,0.0022,0.0,4,8,0.2648884791704792,0.3240996625065805
Concrete,concrete,0.0022,0.0,4,9,0.4296202183355685,0.3958595608070375
Concrete,concrete,0.0022,0.0,5,6,0.34044371701302834,0.35467542882124875
Concrete,concrete,0.0022,0.0,5,7,0.1538547744156788,0.1883693102038953
Concrete,concrete,0.0022,0.0,5,8,0.20174862644388433,0.23271643315415141
Concrete,concrete,0.0022,0.0,5,9,0.31750804026666996,0.2845632946093328
Concrete,concrete,0.0022,0.0,6,7,0.44917442302904226,0.4396843184213434
Concrete,concrete,0.0022,0.0,6,8,0.32885313922014286,0.35554024326626205
Concrete,concrete,0.0022,0.0,6,9,0.23178209205579903,0.2603014049519914
Concrete,concrete,0.0022,0.0,7,8,0.46003637698518635,0.45780386693896263
Concrete,concrete,0.0022,0.0,7,9,0.1862661855392951,0.26632795951992116
Concrete,concrete,0.0022,0.0,8,9,0.2238747603244062,0.2919359536469326
Concrete,concrete,0.0018,0.0,0,1,0.17285549906982872,0.2588356934464644
Concrete,concrete,0.0018,0.0,0,2,0.3407136339684217,0.377854291693412
Concrete,concrete,0.0018,0.0,0,3,0.18892514314777845,0.2489698530507592
Concrete,concrete,0.0018,0.0,0,4,0.3612151210774693,0.3747197626790577
Concrete,concrete,0.0018,0.0,0,5,0.24606426281956018,0.24765847348216832
Concrete,concrete,0.0018,0.0,0,6,0.17554785210463061,0.22847214461155124
Concrete,concrete,0.0018,0.0,0,7,0.2314887028862192,0.27713706023196344
Concrete,concrete,0.0018,0.0,0,8,0.45545255991970185,0.44478265766975145
Concrete,concrete,0.0018,0.0,0,9,0.22071119232209302,0.2849325650430224
Concrete,concrete,0.0018,0.0,1,2,0.27580354732880696,0.3369141867564053
Concrete,concrete,0.0018,0.0,1,3,0.33309558344289714,0.37050024340592913
Concrete,concrete,0.0018,0.0,1,4,0.2334185579168388,0.3112400612409641
Concrete,concrete,0.0018,0.0,1,5,0.21433088371638476,0.2661940560995405
Concrete,concrete,0.0018,0.0,1,6,0.2695060051878914,0.30655514380248877
Concrete,concrete,0.0018,0.0,1,7,0.47391327326772864,0.4479507153044331
Concrete,concrete,0.0018,0.0,1,8,0.2448790859788558,0.34122222499577337
Concrete,concrete,0.0018,0.0,1,9,0.3868015449858024,0.4332072003584615
Concrete,concrete,0.0018,0.0,2,3,0.28050041828239686,0.32982265215041756
Concrete,concrete,0.0018,0.0,2,4,0.3373146996658561,0.3433951334260037
Concrete,concrete,0.0018,0.0,2,5,0.4321378569776725,0.39974837841907185
Concrete,concrete,0.0018,0.0,2,6,0.365256343403063,0.4148183756399079
Concrete,concrete,0.0018,0.0,2,7,0.22394888549383588,0.2969680142435311
Concrete,concrete,0.0018,0.0,2,8,0.2516593203145303,0.3114500099449537
Concrete,concrete,0.0018,0.0,2,9,0.26103416658224066,0.3253033909543607
Concrete,concrete,0.0018,0.0,3,4,0.22194087611301164,0.21639598570820232
Concrete,concrete,0.0018,0.0,3,5,0.20991228489893238,0.21535918394538522
Concrete,concrete,0.0018,0.0,3,6,0.48142736687586,0.4088663909067729
Concrete,concrete,0.0018,0.0,3,7,0.340694179419252,0.3512942208069288
Concrete,concrete,0.0018,0.0,3,8,0.1815774383682555,0.20650180146386038
Concrete,concrete,0.0018,0.0,3,9,0.5837032670040239,0.5176065845249483
Concrete,concrete,0.0018,0.0,4,5,0.2528782180193647,0.27343551452144044
Concrete,concrete,0.0018,0.0,4,6,0.27829366426161334,0.2764310507890871
Concrete,concrete,0.0018,0.0,4,7,0.2746751152955141,0.3310753941330003
Concrete,concrete,0.0018,0.0,4,8,0.3352760544275027,0.35058406988686763
Concrete,concrete,0.0018,0.0,4,9,0.2021277928560917,0.22922479309072213
Concrete,concrete,0.0018,0.0,5,6,0.27969003126578035,0.290392220769342
Concrete,concrete,0.0018,0.0,5,7,0.17366337959348557,0.20993851410634526
Concrete,concrete,0.0018,0.0,5,8,0.18745190024137431,0.23248142036613256
Concrete,concrete,0.0018,0.0,5,9,0.16662238523261932,0.16600751699718555
Concrete,concrete,0.0018,0.0,6,7,0.42736001623249764,0.4195184505978131
Concrete,concrete,0.0018,0.0,6,8,0.2500831233687107,0.24992274636114256
Concrete,concrete,0.0018,0.0,6,9,0.40838943507406233,0.3622680691798786
Concrete,concrete,0.0018,0.0,7,8,0.4553644607708119,0.4278108033980785
Concrete,concrete,0.0018,0.0,7,9,0.31882067605436987,0.3303723063132903
Concrete,concrete,0.0018,0.0,8,9,0.21193885502186408,0.26700147571715
Concrete,concrete,0.0015,0.0,0,1,0.21128249886769368,0.2556723774464995
Concrete,concrete,0.0015,0.0,0,2,0.374037890086463,0.4029097529775963
Concrete,concrete,0.0015,0.0,0,3,0.2406394428139399,0.23865424477383396
Concrete,concrete,0.0015,0.0,0,4,0.16985170672508032,0.19260954240029135
Concrete,concrete,0.0015,0.0,0,5,0.185344367457881,0.20735312939229825
Concrete,concrete,0.0015,0.0,0,6,0.31177229484475644,0.2796091930566502
Concrete,concrete,0.0015,0.0,0,7,0.2014101154440872,0.22801370441549154
Concrete,concrete,0.0015,0.0,0,8,0.28594777688044637,0.28672965968257536
Concrete,concrete,0.0015,0.0,0,9,0.19469249769162028,0.236230065154711
Concrete,concrete,0.0015,0.0,1,2,0.18967126302201662,0.24862415652362185
Concrete,concrete,0.0015,0.0,1,3,0.24414203916555965,0.2955835648365748
Concrete,concrete,0.0015,0.0,1,4,0.3371403559807319,0.3994685189038341
Concrete,concrete,0.0015,0.0,1,5,0.5604964954599061,0.5370574205589371
Concrete,concrete,0.0015,0.0,1,6,0.23110678112927965,0.2708750809198899
Concrete,concrete,0.0015,0.0,1,7,0.46611295809305203,0.49921030466230903
Concrete,concrete,0.0015,0.0,1,8,0.25377417700637667,0.3288934545084828
Concrete,concrete,0.0015,0.0,1,9,0.472869151740797,0.43816919205925126
Concrete,concrete,0.0015,0.0,2,3,0.42318900106470864,0.3711496191041261
Concrete,concrete,0.0015,0.0,2,4,0.24076806599112285,0.24406974066333645
Concrete,concrete,0.0015,0.0,2,5,0.18095675534178088,0.20211178798624202
Concrete,concrete,0.0015,0.0,2,6,0.3961448307387209,0.3615506232661547
Concrete,concrete,0.0015,0.0,2,7,0.24327294017407675,0.2605746653371694
Concrete,concrete,0.0015,0.0,2,8,0.4059856022002588,0.3717735073349982
Concrete,concrete,0.0015,0.0,2,9,0.2562138441256815,0.3264622336984128
Concrete,concrete,0.0015,0.0,3,4,0.2691587577986641,0.3346920979699779
Concrete,concrete,0.0015,0.0,3,5,0.2262982459356187,0.296642085641517
Concrete,concrete,0.0015,0.0,3,6,0.38099472828788783,0.3664236193003202
Concrete,concrete,0.0015,0.0,3,7,0.2618782952054141,0.3188461305017434
Concrete,concrete,0.0015,0.0,3,8,0.6262886532531029,0.5365393235332273
Concrete,concrete,0.0015,0.0,3,9,0.2346048940469949,0.2516398289314831
Concrete,concrete,0.0015,0.0,4,5,0.4316069808244899,0.4362099669910663
Concrete,concrete,0.0015,0.0,4,6,0.4030349237537618,0.38214417958948205
Concrete,concrete,0.0015,0.0,4,7,0.5686481092243838,0.520897470301723
Concrete,concrete,0.0015,0.0,4,8,0.31545772782064363,0.3378911552468649
Concrete,concrete,0.0015,0.0,4,9,0.2870670565852334,0.3280616018026831
Concrete,concrete,0.0015,0.0,5,6,0.23168498864691286,0.24171195691531572
Concrete,concrete,0.0015,0.0,5,7,0.3499346864230957,0.3573445223154111
Concrete,concrete,0.0015,0.0,5,8,0.2574060443298472,0.31891689526523315
Concrete,concrete,0.0015,0.0,5,9,0.2580628427787136,0.2881211573568386
Concrete,concrete,0.0015,0.0,6,7,0.4096614489648757,0.4311236835318873
Concrete,concrete,0.0015,0.0,6,8,0.41409475461434797,0.3881629519815221
Concrete,concrete,0.0015,0.0,6,9,0.15339787616246234,0.2099250479979159
Concrete,concrete,0.0015,0.0,7,8,0.34083747092336575,0.3778903237057526
Concrete,concrete,0.0015,0.0,7,9,0.3094740496598099,0.3300336904070961
Concrete,concrete,0.0015,0.0,8,9,0.26342774369875593,0.2942625581273772
Concrete,concrete,0.0012,0.0,0,1,0.25127313941050294,0.29900250568883907
Concrete,concrete,0.0012,0.0,0,2,0.17732592679524053,0.2508633575262421
Concrete,concrete,0.0012,0.0,0,3,0.17798805461093858,0.22805903609306125
Concrete,concrete,0.0012,0.0,0,4,0.22595341318341644,0.2545702460443736
Concrete,concrete,0.0012,0.0,0,5,0.28934540406879,0.2994030685623095
Concrete,concrete,0.0012,0.0,0,6,0.22179399520853826,0.2572973503936887
Concrete,concrete,0.0012,0.0,0,7,0.16629383231965417,0.2303470969803375
Concrete,concrete,0.0012,0.0,0,8,0.17625152723881704,0.20385521382690341
Concrete,concrete,0.0012,0.0,0,9,0.16219957723249584,0.2521325193478531
Concrete,concrete,0.0012,0.0,1,2,0.34499958683618076,0.42627856921091045
Concrete,concrete,0.0012,0.0,1,3,0.2859845221426621,0.3605605678102564
Concrete,concrete,0.0012,0.0,1,4,0.576147660977993,0.5295112400236791
Concrete,concrete,0.0012,0.0,1,5,0.27048029398034745,0.31120425859394063
Concrete,concrete,0.0012,0.0,1,6,0.4210736847317039,0.42994454280908007
Concrete,concrete,0.0012,0.0,1,7,0.4570478296259853,0.3991259597563262
Concrete,concrete,0.0012,0.0,1,8,0.1982936863968704,0.2374504505492815
Concrete,concrete,0.0012,0.0,1,9,0.3553571580174718,0.368144221168367
Concrete,concrete,0.0012,0.0,2,3,0.23905187002468517,0.286397069957237
Concrete,concrete,0.0012,0.0,2,4,0.3354307945098136,0.3754136457077844
Concrete,concrete,0.0012,0.0,2,5,0.5205646844746074,0.4717867780959917
Concrete,concrete,0.0012,0.0,2,6,0.2989839591221638,0.33350464573738275
Concrete,concrete,0.0012,0.0,2,7,0.3327268753517894,0.34851896390040216
Concrete,concrete,0.0012,0.0,2,8,0.1766767905473991,0.3095184053303846
Concrete,concrete,0.0012,0.0,2,9,0.2394342007646487,0.3288089997936413
Concrete,concrete,0.0012,0.0,3,4,0.2082330178623033,0.274120905545576
Concrete,concrete,0.0012,0.0,3,5,0.2533229981896346,0.27486692628189074
Concrete,concrete,0.0012,0.0,3,6,0.15058329252510835,0.21598500328173123
Concrete,concrete,0.0012,0.0,3,7,0.2732637840214504,0.3188555987209476
Concrete,concrete,0.0012,0.0,3,8,0.4562434863637664,0.40414516794789224
Concrete,concrete,0.0012,0.0,3,9,0.2755181569573272,0.34431532431859224
Concrete,concrete,0.0012,0.0,4,5,0.30751584802580245,0.3523383849656685
Concrete,concrete,0.0012,0.0,4,6,0.3559303394066526,0.3572872800016794
Concrete,concrete,0.0012,0.0,4,7,0.36860375678612683,0.3399100532673165
Concrete,concrete,0.0012,0.0,4,8,0.15385998297333237,0.1860636831026616
Concrete,concrete,0.0012,0.0,4,9,0.20243884559661826,0.24912664644766835
Concrete,concrete,0.0012,0.0,5,6,0.28559572953070245,0.3020456361777238
Concrete,concrete,0.0012,0.0,5,7,0.23585596557214952,0.2439860797631651
Concrete,concrete,0.0012,0.0,5,8,0.2041497017395264,0.26953842081532575
Concrete,concrete,0.0012,0.0,5,9,0.2242669604245304,0.29493505725780017
Concrete,concrete,0.0012,0.0,6,7,0.24928213090201765,0.24413131950098835
Concrete,concrete,0.0012,0.0,6,8,0.15477677085517277,0.16919783663088359
Concrete,concrete,0.0012,0.0,6,9,0.30162628973261124,0.3318594039283429
Concrete,concrete,0.0012,0.0,7,8,0.18019728106646157,0.2322078522230717
Concrete,concrete,0.0012,0.0,7,9,0.30923945196616537,0.2840450564946353
Concrete,concrete,0.0012,0.0,8,9,0.25564419685094913,0.35007537776928194
Concrete,concrete,0.001,0.0,0,1,0.24275993147829122,0.30068901070414045
Concrete,concrete,0.001,0.0,0,2,0.20886428001008134,0.289117850998993
Concrete,concrete,0.001,0.0,0,3,0.5011880232322421,0.4567455714225861
Concrete,concrete,0.001,0.0,0,4,0.27196997179753035,0.3843239923769565
Concrete,concrete,0.001,0.0,0,5,0.30998350952577547,0.33959933736058373
Concrete,concrete,0.001,0.0,0,6,0.5019549762405836,0.41715507650032196
Concrete,concrete,0.001,0.0,0,7,0.22625434317842186,0.2651216489874868
Concrete,concrete,0.001,0.0,0,8,0.13171227118123688,0.227669761679878
Concrete,concrete,0.001,0.0,0,9,0.17179403647637914,0.21844508164046447
Concrete,concrete,0.001,0.0,1,2,0.32482949608210865,0.3735679873642589
Concrete,concrete,0.001,0.0,1,3,0.2455038060041758,0.30465562389593837
Concrete,concrete,0.001,0.0,1,4,0.30021594402542356,0.36910570572371265
Concrete,concrete,0.001,0.0,1,5,0.38666101547218523,0.40861695012714416
Concrete,concrete,0.001,0.0,1,6,0.2506753656635797,0.31457710647607967
Concrete,concrete,0.001,0.0,1,7,0.3178822809956368,0.40997098940735094
Concrete,concrete,0.001,0.0,1,8,0.39337885025358715,0.38605250203620683
Concrete,concrete,0.001,0.0,1,9,0.24340336508421606,0.2708210455731159
Concrete,concrete,0.001,0.0,2,3,0.336176363212197,0.36794468962041404
Concrete,concrete,0.001,0.0,2,4,0.24373057724507435,0.2750242568127323
Concrete,concrete,0.001,0.0,2,5,0.5437917626921477,0.5380562038432584
Concrete,concrete,0.001,0.0,2,6,0.1832639947874626,0.24276556006612526
Concrete,concrete,0.001,0.0,2,7,0.5927292896379729,0.5680687360990002
Concrete,concrete,0.001,0.0,2,8,0.465622473121543,0.4593202707888424
Concrete,concrete,0.001,0.0,2,9,0.4748247667433296,0.4622343395165233
Concrete,concrete,0.001,0.0,3,4,0.27681898209517036,0.30825334183148256
Concrete,concrete,0.001,0.0,3,5,0.39627088881345723,0.41595699702895544
Concrete,concrete,0.001,0.0,3,6,0.40690997887929636,0.3645212856977652
Concrete,concrete,0.001,0.0,3,7,0.3251586324464786,0.3495179184583495
Concrete,concrete,0.001,0.0,3,8,0.20699579273999358,0.2756005198359441
Concrete,concrete,0.001,0.0,3,9,0.20491553637568885,0.24777271468498197
Concrete,concrete,0.001,0.0,4,5,0.23882540713276207,0.32467710753932716
Concrete,concrete,0.001,0.0,4,6,0.2795117131187392,0.33812052449372126
Concrete,concrete,0.001,0.0,4,7,0.2361007943906563,0.2843131033846073
Concrete,concrete,0.001,0.0,4,8,0.19794981785072685,0.26391584935038065
Concrete,concrete,0.001,0.0,4,9,0.1687627079154693,0.20065253426398844
Concrete,concrete,0.001,0.0,5,6,0.23090132861914509,0.25983206832678296
Concrete,concrete,0.001,0.0,5,7,0.5478084634469315,0.5167642712793125
Concrete,concrete,0.001,0.0,5,8,0.35539069818065255,0.43583698267044807
Concrete,concrete,0.001,0.0,5,9,0.32496749463486807,0.32968816185043415
Concrete,concrete,0.001,0.0,6,7,0.20568218362515545,0.23134022267932536
Concrete,concrete,0.001,0.0,6,8,0.1167341452190918,0.19926874872108472
Concrete,concrete,0.001,0.0,6,9,0.19716888327952395,0.22900307977412937
Concrete,concrete,0.001,0.0,7,8,0.41029356486111646,0.4685679518224819
Concrete,concrete,0.001,0.0,7,9,0.4959487025519851,0.46967994208216113
Concrete,concrete,0.001,0.0,8,9,0.3525708769037813,0.4111264738983969
Concrete,concrete,0.00085,0.0,0,1,0.24803435250539302,0.3141386540087503
Concrete,concrete,0.00085,0.0,0,2,0.316453070530806,0.4015723049669923
Concrete,concrete,0.00085,0.0,0,3,0.3000729326160089,0.3587645772157993
Concrete,concrete,0.00085,0.0,0,4,0.5224868919664694,0.5388832306058039
Concrete,concrete,0.00085,0.0,0,5,0.21627199599920097,0.22205134921056854
Concrete,concrete,0.00085,0.0,0,6,0.16572182573338298,0.21614620126198128
Concrete,concrete,0.00085,0.0,0,7,0.17652306448214317,0.20389627969981064
Concrete,concrete,0.00085,0.0,0,8,0.3394148589037996,0.346319058838694
Concrete,concrete,0.00085,0.0,0,9,0.18078192562725837,0.18476782376538392
Concrete,concrete,0.00085,0.0,1,2,0.09168252724981742,0.2283236805064595
Concrete,concrete,0.00085,0.0,1,3,-0.00930505443973745,0.11559011599746649
Concrete,concrete,0.00085,0.0,1,4,0.07954280249829945,0.19863032086471752
Concrete,concrete,0.00085,0.0,1,5,0.2649905698136343,0.23480892840240938
Concrete,concrete,0.00085,0.0,1,6,0.25834787437582735,0.30181514068745197
Concrete,concrete,0.00085,0.0,1,7,0.2646725741521924,0.29355087487870374
Concrete,concrete,0.00085,0.0,1,8,0.062455899343672086,0.18499354788244396
Concrete,concrete,0.00085,0.0,1,9,0.221735403376101,0.19404530839098333
Concrete,concrete,0.00085,0.0,2,3,0.2836275140015785,0.3339342005238297
Concrete,concrete,0.00085,0.0,2,4,0.3370216147337575,0.3786505197016389
Concrete,concrete,0.00085,0.0,2,5,0.18135356006807915,0.1987255027006605
Concrete,concrete,0.00085,0.0,2,6,0.1418801885465662,0.16349511643176576
Concrete,concrete,0.00085,0.0,2,7,0.27055603616626744,0.29845760576297514
Concrete,concrete,0.00085,0.0,2,8,0.22709930619611762,0.28221000239033545
Concrete,concrete,0.00085,0.0,2,9,0.103956479124868,0.11450055047912493
Concrete,concrete,0.00085,0.0,3,4,0.58384885627342,0.5534041866575448
Concrete,concrete,0.00085,0.0,3,5,0.15279712159793998,0.19894948520566463
Concrete,concrete,0.00085,0.0,3,6,0.19399763494187883,0.2217255530927713
Concrete,concrete,0.00085,0.0,3,7,0.21570635846866074,0.28407523202289015
Concrete,concrete,0.00085,0.0,3,8,0.6174273466492283,0.5592611019326631
Concrete,concrete,0.00085,0.0,3,9,0.22323490150377118,0.2708910543504002
Concrete,concrete,0.00085,0.0,4,5,0.31322808769083804,0.3402048292823748
Concrete,concrete,0.00085,0.0,4,6,0.2478395921253635,0.2788115242539735
Concrete,concrete,0.00085,0.0,4,7,0.2567215371795117,0.30276806332617984
Concrete,concrete,0.00085,0.0,4,8,0.5749873774851144,0.49837578487033346
Concrete,concrete,0.00085,0.0,4,9,0.24597549034557323,0.25705245939804233
Concrete,concrete,0.00085,0.0,5,6,0.29062318424871236,0.3161285756733568
Concrete,concrete,0.00085,0.0,5,7,0.2516528521793613,0.2297736933388491
Concrete,concrete,0.00085,0.0,5,8,0.2198868552231658,0.23557315621159228
Concrete,concrete,0.00085,0.0,5,9,0.3395748647762366,0.28409888739427935
Concrete,concrete,0.00085,0.0,6,7,0.39818192365250576,0.39481246598898306
Concrete,concrete,0.00085,0.0,6,8,0.2044469772468152,0.2528615486153904
Concrete,concrete,0.00085,0.0,6,9,0.325395686318728,0.32093502529941986
Concrete,concrete,0.00085,0.0,7,8,0.292749714291177,0.3836023122777902
Concrete,concrete,0.00085,0.0,7,9,0.34837450740726367,0.3176514950455046
Concrete,concrete,0.00085,0.0,8,9,0.32333316497349457,0.36759162774498677
Concrete,concrete,0.0007,0.0,0,1,0.21967480036437642,0.24993475620827094
Concrete,concrete,0.0007,0.0,0,2,0.5773128471630291,0.5155167462132013
Concrete,concrete,0.0007,0.0,0,3,0.27737336197170426,0.31827012381814873
Concrete,concrete,0.0007,0.0,0,4,0.27056275145123937,0.30919691548679534
Concrete,concrete,0.0007,0.0,0,5,0.3270310163399313,0.299853849144064
Concrete,concrete,0.0007,0.0,0,6,0.19339890121196696,0.24753629349689382
Concrete,concrete,0.0007,0.0,0,7,0.6037656182290266,0.5391756391897841
Concrete,concrete,0.0007,0.0,0,8,0.21281468931513953,0.2940834193688656
Concrete,concrete,0.0007,0.0,0,9,0.26965484157890285,0.3219844116441161
Concrete,concrete,0.0007,0.0,1,2,0.2759533326171974,0.3109029639296731
Concrete,concrete,0.0007,0.0,1,3,0.127160481133832,0.19947256652634374
Concrete,concrete,0.0007,0.0,1,4,0.29680522565928597,0.3312952275963546
Concrete,concrete,0.0007,0.0,1,5,0.18419394494009597,0.23034514962075264
Concrete,concrete,0.0007,0.0,1,6,0.12405840146235694,0.13803458038348235
Concrete,concrete,0.0007,0.0,1,7,0.21052474385477116,0.24083850872266405
Concrete,concrete,0.0007,0.0,1,8,0.27866209920791346,0.34660933336245703
Concrete,concrete,0.0007,0.0,1,9,0.44037938542552724,0.38255737682412083
Concrete,concrete,0.0007,0.0,2,3,0.30227570225881756,0.3115273647014789
Concrete,concrete,0.0007,0.0,2,4,0.2277054415088362,0.28912656397743364
Concrete,concrete,0.0007,0.0,2,5,0.23471974732320672,0.24150582932506884
Concrete,concrete,0.0007,0.0,2,6,0.15737144876097528,0.1981511457180066
Concrete,concrete,0.0007,0.0,2,7,0.42352120664782994,0.3965858317517829
Concrete,concrete,0.0007,0.0,2,8,0.1571254696463447,0.23069313910828756
Concrete,concrete,0.0007,0.0,2,9,0.3280967263655601,0.34233786327032417
Concrete,concrete,0.0007,0.0,3,4,0.19405259043555279,0.22277610040077622
Concrete,concrete,0.0007,0.0,3,5,0.08640661615094361,0.10382651913087447
Concrete,concrete,0.0007,0.0,3,6,0.13526907154779066,0.13320377819231907
Concrete,concrete,0.0007,0.0,3,7,0.27037229962467335,0.27837625058661175
Concrete,concrete,0.0007,0.0,3,8,0.16871337747746393,0.2187297699595
Concrete,concrete,0.0007,0.0,3,9,0.17266886885537805,0.2239999182390199
Concrete,concrete,0.0007,0.0,4,5,0.4406131024913664,0.39826304798808115
Concrete,concrete,0.0007,0.0,4,6,0.34699929223345743,0.35110586851532744
Concrete,concrete,0.0007,0.0,4,7,0.3524982820803675,0.36599700249595707
Concrete,concrete,0.0007,0.0,4,8,0.571132367020297,0.5330541977088625
Concrete,concrete,0.0007,0.0,4,9,0.3500253349837548,0.3898917346953076
Concrete,concrete,0.0007,0.0,5,6,0.21399735362331376,0.26486312253688216
Concrete,concrete,0.0007,0.0,5,7,0.32264685208141874,0.2826144890353986
Concrete,concrete,0.0007,0.0,5,8,0.3433181877573122,0.31886640610838785
Concrete,concrete,0.0007,0.0,5,9,0.17078560433163223,0.23817105854159862
Concrete,concrete,0.0007,0.0,6,7,0.24151587034615032,0.26232730995401304
Concrete,concrete,0.0007,0.0,6,8,0.33619253911669544,0.35268935011753366
Concrete,concrete,0.0007,0.0,6,9,0.3145068384706071,0.3468864236391036
Concrete,concrete,0.0007,0.0,7,8,0.272991402961935,0.3244135528608356
Concrete,concrete,0.0007,0.0,7,9,0.2361962984059944,0.2948019842330754
Concrete,concrete,0.0007,0.0,8,9,0.3923354671885924,0.43540330045954706
Concrete,concrete,0.0006,0.0,0,1,0.3914363710691636,0.3793013943221012
Concrete,concrete,0.0006,0.0,0,2,0.34425566232065796,0.31428213546173134
Concrete,concrete,0.0006,0.0,0,3,0.47275773334535837,0.42144713867309563
Concrete,concrete,0.0006,0.0,0,4,0.24131209259337175,0.2963737640149066
Concrete,concrete,0.0006,0.0,0,5,0.27651380755816535,0.2510908144930571
Concrete,concrete,0.0006,0.0,0,6,0.33656808965160423,0.3013905734479835
Concrete,concrete,0.0006,0.0,0,7,0.30282398994169896,0.2680757286603408
Concrete,concrete,0.0006,0.0,0,8,0.1443496023183812,0.18908383087816558
Concrete,concrete,0.0006,0.0,0,9,0.2935102774962045,0.3092717702191731
Concrete,concrete,0.0006,0.0,1,2,0.2923125523988326,0.32796375387245275
Concrete,concrete,0.0006,0.0,1,3,0.38033422872616923,0.4270457163693175
Concrete,concrete,0.0006,0.0,1,4,0.1969855537685821,0.24554234479763867
Concrete,concrete,0.0006,0.0,1,5,0.5430800038821526,0.48023676346736544
Concrete,concrete,0.0006,0.0,1,6,0.2385788984635204,0.2703359309482895
Concrete,concrete,0.0006,0.0,1,7,0.48560800039990787,0.411855422567485
Concrete,concrete,0.0006,0.0,1,8,0.19800509205847672,0.24312414566266155
Concrete,concrete,0.0006,0.0,1,9,0.26989877692251335,0.286882565006892
Concrete,concrete,0.0006,0.0,2,3,0.4884837614330573,0.44842727930234694
Concrete,concrete,0.0006,0.0,2,4,0.43446647226273993,0.4616829112727624
Concrete,concrete,0.0006,0.0,2,5,0.2842524834491454,0.2921483410895129
Concrete,concrete,0.0006,0.0,2,6,0.3242242639930964,0.32814661405463513
Concrete,concrete,0.0006,0.0,2,7,0.25331590979859836,0.26497275682680554
Concrete,concrete,0.0006,0.0,2,8,0.26590546120612246,0.26718172620997777
Concrete,concrete,0.0006,0.0,2,9,0.19114025975840732,0.2179003053370902
Concrete,concrete,0.0006,0.0,3,4,0.324955613871213,0.33837545365851657
Concrete,concrete,0.0006,0.0,3,5,0.36717932142920956,0.37667422072313156
Concrete,concrete,0.0006,0.0,3,6,0.2945199645733527,0.28286267515029984
Concrete,concrete,0.0006,0.0,3,7,0.32418870176318987,0.3303821519913801
Concrete,concrete,0.0006,0.0,3,8,0.1580280725987036,0.17419932391298093
Concrete,concrete,0.0006,0.0,3,9,0.21329861687591542,0.26775359438163093
Concrete,concrete,0.0006,0.0,4,5,0.18812272098345634,0.23391968974398444
Concrete,concrete,0.0006,0.0,4,6,0.12579695634266425,0.19121767271397397
Concrete,concrete,0.0006,0.0,4,7,0.20427259892391467,0.21872818159558582
Concrete,concrete,0.0006,0.0,4,8,0.1835145280689076,0.1529388037257133
Concrete,concrete,0.0006,0.0,4,9,0.14699633470609816,0.1930090477494094
Concrete,concrete,0.0006,0.0,5,6,0.22950861290018815,0.27270412738686123
Concrete,concrete,0.0006,0.0,5,7,0.5727865445708237,0.5165712068767057
Concrete,concrete,0.0006,0.0,5,8,0.18132982270286713,0.2360101123919567
Concrete,concrete,0.0006,0.0,5,9,0.27126051194474676,0.31765308544444804
Concrete,concrete,0.0006,0.0,6,7,0.23977869840214538,0.2934700380234161
Concrete,concrete,0.0006,0.0,6,8,0.3171847334360168,0.376722097659553
Concrete,concrete,0.0006,0.0,6,9,0.3087167819934775,0.35279782231343404
Concrete,concrete,0.0006,0.0,7,8,0.2603885034477079,0.30238105888922506
Concrete,concrete,0.0006,0.0,7,9,0.31581298858262935,0.35911738900783713
Concrete,concrete,0.0006,0.0,8,9,0.22919431423585296,0.26254109830381894
Concrete,concrete,0.0005,0.0,0,1,0.22518228586473826,0.23442899540218196
Concrete,concrete,0.0005,0.0,0,2,0.20036006378004145,0.23801145383209812
Concrete,concrete,0.0005,0.0,0,3,0.19532021258896903,0.23901073844119897
Concrete,concrete,0.0005,0.0,0,4,0.2056788639480084,0.25615923281773345
Concrete,concrete,0.0005,0.0,0,5,0.19799696137727013,0.22424358425773055
Concrete,concrete,0.0005,0.0,0,6,0.20746792391769323,0.23603089193103677
Concrete,concrete,0.0005,0.0,0,7,0.1597586981657214,0.21083584263429858
Concrete,concrete,0.0005,0.0,0,8,0.2769471260706889,0.3480131126990849
Concrete,concrete,0.0005,0.0,0,9,0.10881898601942348,0.15184770471879308
Concrete,concrete,0.0005,0.0,1,2,0.4960193336276887,0.4594119032659858
Concrete,concrete,0.0005,0.0,1,3,0.20496722983179383,0.25635727008517273
Concrete,concrete,0.0005,0.0,1,4,0.5575465201341379,0.5098861679367513
Concrete,concrete,0.0005,0.0,1,5,0.6925566359960293,0.642303030121026
Concrete,concrete,0.0005,0.0,1,6,0.44177301878012876,0.40832165760318206
Concrete,concrete,0.0005,0.0,1,7,0.2865518248669694,0.33643750234644754
Concrete,concrete,0.0005,0.0,1,8,0.2442781302427032,0.3010519372470204
Concrete,concrete,0.0005,0.0,1,9,0.16834603708246937,0.20109517650153796
Concrete,concrete,0.0005,0.0,2,3,0.2590004763348062,0.2259761383512835
Concrete,concrete,0.0005,0.0,2,4,0.5262762685247396,0.46471340589402754
Concrete,concrete,0.0005,0.0,2,5,0.47362410237530617,0.47228188067162064
Concrete,concrete,0.0005,0.0,2,6,0.5147214518181888,0.47729921517792406
Concrete,concrete,0.0005,0.0,2,7,0.30918166768849664,0.3941357485354018
Concrete,concrete,0.0005,0.0,2,8,0.1862677402353522,0.23825274662621687
Concrete,concrete,0.0005,0.0,2,9,0.20972729120978112,0.24019233539205978
Concrete,concrete,0.0005,0.0,3,4,0.2895457583629981,0.2612140095259784
Concrete,concrete,0.0005,0.0,3,5,0.214163439581176,0.29919421344734665
Concrete,concrete,0.0005,0.0,3,6,0.28574443810975875,0.2676414468192924
Concrete,concrete,0.0005,0.0,3,7,0.1741957179480912,0.21883259807973215
Concrete,concrete,0.0005,0.0,3,8,0.3408690968051173,0.33161888600388856
Concrete,concrete,0.0005,0.0,3,9,0.2630509871832008,0.2615130344788777
Concrete,concrete,0.0005,0.0,4,5,0.5418581973949275,0.5136997756663259
Concrete,concrete,0.0005,0.0,4,6,0.5043587916298338,0.43517621202169926
Concrete,concrete,0.0005,0.0,4,7,0.2571633786437072,0.3266590009964137
Concrete,concrete,0.0005,0.0,4,8,0.2623026580296564,0.3154865881249893
Concrete,concrete,0.0005,0.0,4,9,0.26501364954310874,0.301200433042953
Concrete,concrete,0.0005,0.0,5,6,0.48355823768532236,0.47452196319521883
Concrete,concrete,0.0005,0.0,5,7,0.3050944047500374,0.37996842866961944
Concrete,concrete,0.0005,0.0,5,8,0.28976312857069136,0.3347505968782726
Concrete,concrete,0.0005,0.0,5,9,0.21480135234766573,0.26401637502084013
Concrete,concrete,0.0005,0.0,6,7,0.30880004859824983,0.36675320156954033
Concrete,concrete,0.0005,0.0,6,8,0.27701539079636145,0.31645967251434665
Concrete,concrete,0.0005,0.0,6,9,0.33295549663371304,0.33577386013304933
Concrete,concrete,0.0005,0.0,7,8,0.23058111592972338,0.26842081761070513
Concrete,concrete,0.0005,0.0,7,9,0.2820516362440363,0.330442683600127
Concrete,concrete,0.0005,0.0,8,9,0.26743145271317825,0.28395196628427977
Concrete,concrete,0.00042,0.0,0,1,0.4854518450168596,0.4256501695387123
Concrete,concrete,0.00042,0.0,0,2,0.1912226879984768,0.2127825706084696
Concrete,concrete,0.00042,0.0,0,3,0.21319199755189439,0.20984983158981269
Concrete,concrete,0.00042,0.0,0,4,0.23793762060459445,0.2785422622172777
Concrete,concrete,0.00042,0.0,0,5,0.18716022735069202,0.215898690104002
Concrete,concrete,0.00042,0.0,0,6,0.30566779155545787,0.3182834274598979
Concrete,concrete,0.00042,0.0,0,7,0.18193309849754621,0.2446289703126742
Concrete,concrete,0.00042,0.0,0,8,0.4816017575620972,0.44652984507206606
Concrete,concrete,0.00042,0.0,0,9,0.5110456720491742,0.4909595250226061
Concrete,concrete,0.00042,0.0,1,2,0.29404869349618246,0.33068230994014797
Concrete,concrete,0.00042,0.0,1,3,0.21899868878358017,0.23898598885873443
Concrete,concrete,0.00042,0.0,1,4,0.24233653857457507,0.3183916924457115
Concrete,concrete,0.00042,0.0,1,5,0.2148090607583959,0.26181396915986704
Concrete,concrete,0.00042,0.0,1,6,0.5022825195024089,0.47509852676700803
Concrete,concrete,0.00042,0.0,1,7,0.30095968101644577,0.3339297630989565
Concrete,concrete,0.00042,0.0,1,8,0.6972954639709245,0.5912714236307353
Concrete,concrete,0.00042,0.0,1,9,0.56975882721052,0.5042038201840322
Concrete,concrete,0.00042,0.0,2,3,0.5264934413234906,0.5192983542231078
Concrete,concrete,0.00042,0.0,2,4,0.4861328318576147,0.4953651403669504
Concrete,concrete,0.00042,0.0,2,5,0.5576623791630559,0.5220378577247535
Concrete,concrete,0.00042,0.0,2,6,0.3134357917608015,0.3427353303101001
Concrete,concrete,0.00042,0.0,2,7,0.47106998680172923,0.4572671505854113
Concrete,concrete,0.00042,0.0,2,8,0.3170732582324659,0.34769791869342387
Concrete,concrete,0.00042,0.0,2,9,0.2344903882588113,0.2675464819133385
Concrete,concrete,0.00042,0.0,3,4,0.6110783917636401,0.544188877810612
Concrete,concrete,0.00042,0.0,3,5,0.5917834192769604,0.5432541164984162
Concrete,concrete,0.00042,0.0,3,6,0.2324527577469935,0.2813635968107748
Concrete,concrete,0.00042,0.0,3,7,0.2994550332318606,0.32329795538371653
Concrete,concrete,0.00042,0.0,3,8,0.24279111986408092,0.2663224511629181
Concrete,concrete,0.00042,0.0,3,9,0.18991506736147168,0.22763761410378103
Concrete,concrete,0.00042,0.0,4,5,0.6069712152936053,0.5492477698570146
Concrete,concrete,0.00042,0.0,4,6,0.30732569223060174,0.3913567754664271
Concrete,concrete,0.00042,0.0,4,7,0.3211240214794085,0.3461096253822323
Concrete,concrete,0.00042,0.0,4,8,0.21808256684453753,0.2698570920606031
Concrete,concrete,0.00042,0.0,4,9,0.17856583381426433,0.2404948538670025
Concrete,concrete,0.00042,0.0,5,6,0.2811741984670689,0.33135318739972425
Concrete,concrete,0.00042,0.0,5,7,0.38042531933168894,0.36814645746360525
Concrete,concrete,0.00042,0.0,5,8,0.21535831174772013,0.25217386944499937
Concrete,concrete,0.00042,0.0,5,9,0.15801980094779317,0.20936786151424444
Concrete,concrete,0.00042,0.0,6,7,0.3227053844281016,0.36501815488419725
Concrete,concrete,0.00042,0.0,6,8,0.4060841682457002,0.39177661657412116
Concrete,concrete,0.00042,0.0,6,9,0.34303637608567206,0.3658787757092442
Concrete,concrete,0.00042,0.0,7,8,0.3473189191268188,0.38607045079036395
Concrete,concrete,0.00042,0.0,7,9,0.30563724771142664,0.3345739752192261
Concrete,concrete,0.00042,0.0,8,9,0.7191744173163203,0.6790774965669121
Concrete,concrete,0.00035,0.0,0,1,0.5671788797590633,0.5055429905856832
Concrete,concrete,0.00035,0.0,0,2,0.21112745438175648,0.2887176978694575
Concrete,concrete,0.00035,0.0,0,3,0.3455604950812748,0.38075591204986897
Concrete,concrete,0.00035,0.0,0,4,0.34162442235494017,0.3467232140131783
Concrete,concrete,0.00035,0.0,0,5,0.32679273075029575,0.374593620428266
Concrete,concrete,0.00035,0.0,0,6,0.2716624777017592,0.3407449496728274
Concrete,concrete,0.00035,0.0,0,7,0.3332103876395218,0.30133049575971566
Concrete,concrete,0.00035,0.0,0,8,0.26696782958688586,0.2818158172400394
Concrete,concrete,0.00035,0.0,0,9,0.201199124175262,0.27940841506293734
Concrete,concrete,0.00035,0.0,1,2,0.08827047845740196,0.12402460361535361
Concrete,concrete,0.00035,0.0,1,3,0.4592804528702996,0.476321760917365
Concrete,concrete,0.00035,0.0,1,4,0.43351807060117276,0.3923690176852506
Concrete,concrete,0.00035,0.0,1,5,0.18355365070333352,0.22381126535220994
Concrete,concrete,0.00035,0.0,1,6,0.140077166080352,0.1741959373784989
Concrete,concrete,0.00035,0.0,1,7,0.3231972796762173,0.2714979131870304
Concrete,concrete,0.00035,0.0,1,8,0.29260359125127516,0.30148526884906357
Concrete,concrete,0.00035,0.0,1,9,0.13363647565437087,0.1945842356481808
Concrete,concrete,0.00035,0.0,2,3,0.09999333844338217,0.12048517583823164
Concrete,concrete,0.00035,0.0,2,4,0.24546195048953842,0.3356434206043391
Concrete,concrete,0.00035,0.0,2,5,0.3499292224568228,0.4108173857962256
Concrete,concrete,0.00035,0.0,2,6,0.489289904966194,0.48141060415534537
Concrete,concrete,0.00035,0.0,2,7,0.23756487985066688,0.3239467191165181
Concrete,concrete,0.00035,0.0,2,8,0.2414210429758815,0.3358367395532646
Concrete,concrete,0.00035,0.0,2,9,0.33125184783308964,0.4128478610325843
Concrete,concrete,0.00035,0.0,3,4,0.37170933256537225,0.3349094654035812
Concrete,concrete,0.00035,0.0,3,5,0.2120861574424223,0.25852256035648696
Concrete,concrete,0.00035,0.0,3,6,0.17172954689252298,0.2080112198204581
Concrete,concrete,0.00035,0.0,3,7,0.2009232668715256,0.2120598574969738
Concrete,concrete,0.00035,0.0,3,8,0.2278066956468687,0.22758156296081933
Concrete,concrete,0.00035,0.0,3,9,0.17459924832599236,0.1812820012435966
Concrete,concrete,0.00035,0.0,4,5,0.24901389806868768,0.3128721823113444
Concrete,concrete,0.00035,0.0,4,6,0.24414006043255013,0.31261248793466573
Concrete,concrete,0.00035,0.0,4,7,0.3044948530697101,0.31147389339383885
Concrete,concrete,0.00035,0.0,4,8,0.516447126371418,0.4921149044748982
Concrete,concrete,0.00035,0.0,4,9,0.2356270843311449,0.3106344679169185
Concrete,concrete,0.00035,0.0,5,6,0.5844981630650949,0.5505261173573539
Concrete,concrete,0.00035,0.0,5,7,0.20933957018156985,0.28974952333771764
Concrete,concrete,0.00035,0.0,5,8,0.2107561943671673,0.2559818704092924
Concrete,concrete,0.00035,0.0,5,9,0.5404107690700612,0.4952535297097839
Concrete,concrete,0.00035,0.0,6,7,0.21968566212409893,0.2815831853534453
Concrete,concrete,0.00035,0.0,6,8,0.2554587966567026,0.31072617612940245
Concrete,concrete,0.00035,0.0,6,9,0.4787938211915802,0.44963022256422575
Concrete,concrete,0.00035,0.0,7,8,0.3937847503213662,0.4341003881104797
Concrete,concrete,0.00035,0.0,7,9,0.24133524210528123,0.30765374802817563
Concrete,concrete,0.00035,0.0,8,9,0.24086347028408506,0.31091128240128796
Concrete,concrete,0.0003,0.0,0,1,0.3872583908944356,0.41353683498454574
Concrete,concrete,0.0003,0.0,0,2,0.6719634979484945,0.6143739260391433
Concrete,concrete,0.0003,0.0,0,3,0.5264848718970219,0.5028636785776325
Concrete,concrete,0.0003,0.0,0,4,0.4444002958941716,0.4367288602881718
Concrete,concrete,0.0003,0.0,0,5,0.20177756179265835,0.25850869304716295
Concrete,concrete,0.0003,0.0,0,6,0.5266915756720943,0.514917506625149
Concrete,concrete,0.0003,0.0,0,7,0.5075996706590679,0.4616316115925086
Concrete,concrete,0.0003,0.0,0,8,0.21292826314380084,0.28373314608538197
Concrete,concrete,0.0003,0.0,0,9,0.28630939845033815,0.32826807637921424
Concrete,concrete,0.0003,0.0,1,2,0.517975495733314,0.4699650504031398
Concrete,concrete,0.0003,0.0,1,3,0.36299827625201897,0.37416167120555704
Concrete,concrete,0.0003,0.0,1,4,0.45777756636195777,0.46433484325431507
Concrete,concrete,0.0003,0.0,1,5,0.2088418069034102,0.26885566992760773
Concrete,concrete,0.0003,0.0,1,6,0.2310311780184943,0.2997835369846604
Concrete,concrete,0.0003,0.0,1,7,0.3142512037815374,0.3731801448768303
Concrete,concrete,0.0003,0.0,1,8,0.24651821848351957,0.319458443036355
Concrete,concrete,0.0003,0.0,1,9,0.4879231723584175,0.4946080696658625
Concrete,concrete,0.0003,0.0,2,3,0.4730509905523656,0.45527914193321617
Concrete,concrete,0.0003,0.0,2,4,0.4600708099643129,0.40531438414438303
Concrete,concrete,0.0003,0.0,2,5,0.2028918935006187,0.2711819189362703
Concrete,concrete,0.0003,0.0,2,6,0.37336808276977584,0.3816142153679183
Concrete,concrete,0.0003,0.0,2,7,0.4503683257870792,0.40511036169621933
Concrete,concrete,0.0003,0.0,2,8,0.21595918533869138,0.2466550229025095
Concrete,concrete,0.0003,0.0,2,9,0.462422360077346,0.4712764917469238
Concrete,concrete,0.0003,0.0,3,4,0.5559353768078392,0.521948043218145
Concrete,concrete,0.0003,0.0,3,5,0.18529568041694194,0.24786318853962283
Concrete,concrete,0.0003,0.0,3,6,0.4153402953418488,0.4161562513712445
Concrete,concrete,0.0003,0.0,3,7,0.5279400497288342,0.49997577135659105
Concrete,concrete,0.0003,0.0,3,8,0.3172321276573002,0.3507676266538794
Concrete,concrete,0.0003,0.0,3,9,0.2523302678736781,0.27672885312282175
Concrete,concrete,0.0003,0.0,4,5,0.16108397725125662,0.214111859121739
Concrete,concrete,0.0003,0.0,4,6,0.3589237597283104,0.3677130746557867
Concrete,concrete,0.0003,0.0,4,7,0.4758809225067746,0.44775047285620245
Concrete,concrete,0.0003,0.0,4,8,0.37694515595811734,0.39752850474366114
Concrete,concrete,0.0003,0.0,4,9,0.39736395936046676,0.38671034543106114
Concrete,concrete,0.0003,0.0,5,6,0.3063338110711746,0.32074518621832954
Concrete,concrete,0.0003,0.0,5,7,0.18827309579524276,0.2275238194045869
Concrete,concrete,0.0003,0.0,5,8,0.20501990215567836,0.24466954790694503
Concrete,concrete,0.0003,0.0,5,9,0.13520139169629783,0.18362151257639006
Concrete,concrete,0.0003,0.0,6,7,0.5651653286274965,0.49636452303129225
Concrete,concrete,0.0003,0.0,6,8,0.24472991414251424,0.27713965490783105
Concrete,concrete,0.0003,0.0,6,9,0.14239479268935873,0.19200167357567718
Concrete,concrete,0.0003,0.0,7,8,0.34209579458279166,0.3201697684228707
Concrete,concrete,0.0003,0.0,7,9,0.2515176081361467,0.29533972463226665
Concrete,concrete,0.0003,0.0,8,9,0.22321204515686408,0.2573067069757154
Concrete,concrete,0.00025,0.0,0,1,0.256166878409798,0.2966305349409928
Concrete,concrete,0.00025,0.0,0,2,0.4140646750158429,0.4108268126297797
Concrete,concrete,0.00025,0.0,0,3,0.364422447935586,0.45533287799051464
Concrete,concrete,0.00025,0.0,0,4,0.23204977898212095,0.328606118762203
Concrete,concrete,0.00025,0.0,0,5,0.47798212367909976,0.502143131473266
Concrete,concrete,0.00025,0.0,0,6,0.38113868827056707,0.3762439101593089
Concrete,concrete,0.00025,0.0,0,7,0.3146935633811896,0.33219531542573855
Concrete,concrete,0.00025,0.0,0,8,0.6198039701796448,0.5559762651648967
Concrete,concrete,0.00025,0.0,0,9,0.3036139200043056,0.3266778326316978
Concrete,concrete,0.00025,0.0,1,2,0.2207465527807478,0.26239151457510523
Concrete,concrete,0.00025,0.0,1,3,0.17898760130416472,0.2788184965038088
Concrete,concrete,0.00025,0.0,1,4,0.3625391243608598,0.36041310260223447
Concrete,concrete,0.00025,0.0,1,5,0.242879136837897,0.30356894843674126
Concrete,concrete,0.00025,0.0,1,6,0.334855188554978,0.3236829815603923
Concrete,concrete,0.00025,0.0,1,7,0.20574145311865022,0.24214762764891778
Concrete,concrete,0.00025,0.0,1,8,0.31816308648622926,0.3765570959906556
Concrete,concrete,0.00025,0.0,1,9,0.2534891150529618,0.26874413799493063
Concrete,concrete,0.00025,0.0,2,3,0.5227571892495921,0.5210850821077352
Concrete,concrete,0.00025,0.0,2,4,0.362043783956737,0.39698280938186076
Concrete,concrete,0.00025,0.0,2,5,0.5802977916837879,0.5146292869472558
Concrete,concrete,0.00025,0.0,2,6,0.35493762719193117,0.3818476533460641
Concrete,concrete,0.00025,0.0,2,7,0.22666378542410276,0.2915202405898188
Concrete,concrete,0.00025,0.0,2,8,0.5411431697054346,0.4972119135323216
Concrete,concrete,0.00025,0.0,2,9,0.2247652123246022,0.2974680778085763
Concrete,concrete,0.00025,0.0,3,4,0.2517013517242812,0.28539272296704044
Concrete,concrete,0.00025,0.0,3,5,0.5619115233177544,0.5792303135733387
Concrete,concrete,0.00025,0.0,3,6,0.36731915773932444,0.4377086862532656
Concrete,concrete,0.00025,0.0,3,7,0.20804638321172705,0.24114994716583293
Concrete,concrete,0.00025,0.0,3,8,0.44399310049632795,0.4836484742876937
Concrete,concrete,0.00025,0.0,3,9,0.18473113241430492,0.2600252422553307
Concrete,concrete,0.00025,0.0,4,5,0.2716400870113303,0.319066159078688
Concrete,concrete,0.00025,0.0,4,6,0.267129902122676,0.29330191103167
Concrete,concrete,0.00025,0.0,4,7,0.1764072451532812,0.2615696329158383
Concrete,concrete,0.00025,0.0,4,8,0.3264339287567604,0.4005344974224561
Concrete,concrete,0.00025,0.0,4,9,0.22311100684899315,0.2824606619988892
Concrete,concrete,0.00025,0.0,5,6,0.36868118352711765,0.41727587205548905
Concrete,concrete,0.00025,0.0,5,7,0.23924682607857953,0.31882275375176555
Concrete,concrete,0.00025,0.0,5,8,0.6202301670444662,0.5846798841589647
Concrete,concrete,0.00025,0.0,5,9,0.20517392343450183,0.27901683301995905
Concrete,concrete,0.00025,0.0,6,7,0.2323766099418043,0.23635123787442205
Concrete,concrete,0.00025,0.0,6,8,0.46913000585568754,0.43368712698308737
Concrete,concrete,0.00025,0.0,6,9,0.1828384731549742,0.1878586495574775
Concrete,concrete,0.00025,0.0,7,8,0.22658414259316959,0.30388421515566016
Concrete,concrete,0.00025,0.0,7,9,0.4963876942701006,0.4656695469738951
Concrete,concrete,0.00025,0.0,8,9,0.23682238538235478,0.3236125090987165
Concrete,concrete,0.0002,0.0,0,1,0.1747497040230734,0.2619393007210659
Concrete,concrete,0.0002,0.0,0,2,0.2599333511687823,0.2757290815464802
Concrete,concrete,0.0002,0.0,0,3,0.43608592304515487,0.41830730998436405
Concrete,concrete,0.0002,0.0,0,4,0.26325678023391624,0.2920003490959194
Concrete,concrete,0.0002,0.0,0,5,0.4591740721932647,0.4500606840173394
Concrete,concrete,0.0002,0.0,0,6,0.3862340669127862,0.3992304160432934
Concrete,concrete,0.0002,0.0,0,7,0.2997572467816312,0.30461078192510327
Concrete,concrete,0.0002,0.0,0,8,0.18928681763462266,0.22127763846714374
Concrete,concrete,0.0002,0.0,0,9,0.33205092285232607,0.31877768237217674
Concrete,concrete,0.0002,0.0,1,2,0.2200514774013134,0.29661694528718235
Concrete,concrete,0.0002,0.0,1,3,0.2156811832257798,0.2702227512941003
Concrete,concrete,0.0002,0.0,1,4,0.5863865483501716,0.5409437916710993
Concrete,concrete,0.0002,0.0,1,5,0.15322973711952767,0.23608642128498566
Concrete,concrete,0.0002,0.0,1,6,0.22276429815160115,0.2887706566888662
Concrete,concrete,0.0002,0.0,1,7,0.1568538928546194,0.20794951700465222
Concrete,concrete,0.0002,0.0,1,8,0.5844597972686474,0.5498558594817174
Concrete,concrete,0.0002,0.0,1,9,0.21388921653188311,0.3048732379256549
Concrete,concrete,0.0002,0.0,2,3,0.24891042921260279,0.28423331988378125
Concrete,concrete,0.0002,0.0,2,4,0.263208505607105,0.3084369464127695
Concrete,concrete,0.0002,0.0,2,5,0.27919920477582316,0.27564378311118237
Concrete,concrete,0.0002,0.0,2,6,0.11708271113721769,0.16694956669593194
Concrete,concrete,0.0002,0.0,2,7,0.24925464101856015,0.2601596517748594
Concrete,concrete,0.0002,0.0,2,8,0.1968845465956306,0.25180401644393857
Concrete,concrete,0.0002,0.0,2,9,0.5045067444365191,0.4530615174852249
Concrete,concrete,0.0002,0.0,3,4,0.2304827926719642,0.25831725274109846
Concrete,concrete,0.0002,0.0,3,5,0.34488286993439177,0.34829115721995857
Concrete,concrete,0.0002,0.0,3,6,0.4935813254019698,0.5044044396091176
Concrete,concrete,0.0002,0.0,3,7,0.5568494465153173,0.48721802870948283
Concrete,concrete,0.0002,0.0,3,8,0.1910473098544557,0.21028437352291407
Concrete,concrete,0.0002,0.0,3,9,0.3150756605647147,0.33982426498809787
Concrete,concrete,0.0002,0.0,4,5,0.21547031370727543,0.25403848001078616
Concrete,concrete,0.0002,0.0,4,6,0.24009207606422894,0.25111361596737036
Concrete,concrete,0.0002,0.0,4,7,0.14773577108811886,0.18067061000771506
Concrete,concrete,0.0002,0.0,4,8,0.5717263503325083,0.4959729980724674
Concrete,concrete,0.0002,0.0,4,9,0.22911384287640704,0.26970293927902556
Concrete,concrete,0.0002,0.0,5,6,0.3058096803775558,0.34106598363502294
Concrete,concrete,0.0002,0.0,5,7,0.34988733738691574,0.33309521655967317
Concrete,concrete,0.0002,0.0,5,8,0.14303724962094372,0.18699380065034485
Concrete,concrete,0.0002,0.0,5,9,0.38912689592499794,0.3366102034568597
Concrete,concrete,0.0002,0.0,6,7,0.329772686682264,0.33188628312819596
Concrete,concrete,0.0002,0.0,6,8,0.21320241654464808,0.19729932813133383
Concrete,concrete,0.0002,0.0,6,9,0.20046904598359713,0.24612480466934408
Concrete,concrete,0.0002,0.0,7,8,0.1283749485439983,0.17221435767357823
Concrete,concrete,0.0002,0.0,7,9,0.3413581533498481,0.33601013238576993
Concrete,concrete,0.0002,0.0,8,9,0.22551432939322638,0.2662650290843795
Concrete,concrete,0.003,0.1,0,1,0.23394869530920223,0.2842374161342284
Concrete,concrete,0.003,0.1,0,2,0.25606097714595316,0.3190228220109448
Concrete,concrete,0.003,0.1,0,3,0.2667190927638017,0.33577529868110756
Concrete,concrete,0.003,0.1,0,4,0.43018865035575,0.4477345645817791
Concrete,concrete,0.003,0.1,0,5,0.2591715162982385,0.3434918079704219
Concrete,concrete,0.003,0.1,0,6,0.2560874517185535,0.31120574978573784
Concrete,concrete,0.003,0.1,0,7,0.2973778537388847,0.32117262953505693
Concrete,concrete,0.003,0.1,0,8,0.4534725075901489,0.4449376982304632
Concrete,concrete,0.003,0.1,0,9,0.255468062068187,0.3296204370780884
Concrete,concrete,0.003,0.1,1,2,0.49567113442333155,0.4829296037021011
Concrete,concrete,0.003,0.1,1,3,0.7720714257720817,0.7013433960997006
Concrete,concrete,0.003,0.1,1,4,0.3655276176676207,0.35123500557723386
Concrete,concrete,0.003,0.1,1,5,0.6852535433925654,0.6121988708226807
Concrete,concrete,0.003,0.1,1,6,0.6568031127008584,0.5967462335104513
Concrete,concrete,0.003,0.1,1,7,0.555542847814957,0.5242787471804655
Concrete,concrete,0.003,0.1,1,8,0.4171908661195505,0.4348102783773197
Concrete,concrete,0.003,0.1,1,9,0.8119687861854,0.7238294216620106
Concrete,concrete,0.003,0.1,2,3,0.5284881779762475,0.5173892152069224
Concrete,concrete,0.003,0.1,2,4,0.23779358165377265,0.28031689450209096
Concrete,concrete,0.003,0.1,2,5,0.5963168071136131,0.5873403857125121
Concrete,concrete,0.003,0.1,2,6,0.6496429174616869,0.6341359866550917
Concrete,concrete,0.003,0.1,2,7,0.3189012473606195,0.3978051388433232
Concrete,concrete,0.003,0.1,2,8,0.2650317194186965,0.34408440118710143
Concrete,concrete,0.003,0.1,2,9,0.45013804318515815,0.45670441554760843
Concrete,concrete,0.003,0.1,3,4,0.36039421722166237,0.3567004177370912
Concrete,concrete,0.003,0.1,3,5,0.7561738568571437,0.7075192678520501
Concrete,concrete,0.003,0.1,3,6,0.73990058853079,0.6554869881494789
Concrete,concrete,0.003,0.1,3,7,0.5212174060608575,0.5230964766929187
Concrete,concrete,0.003,0.1,3,8,0.4117995491834308,0.44506346384292617
Concrete,concrete,0.003,0.1,3,9,0.7791281031243292,0.7413091396162688
Concrete,concrete,0.003,0.1,4,5,0.3419479140906852,0.3517219711139584
Concrete,concrete,0.003,0.1,4,6,0.28085322999012463,0.28058231516181364
Concrete,concrete,0.003,0.1,4,7,0.5100788931131695,0.4550747335739117
Concrete,concrete,0.003,0.1,4,8,0.6900793746247434,0.6038742290453482
Concrete,concrete,0.003,0.1,4,9,0.36925585443560316,0.36235108582651293
Concrete,concrete,0.003,0.1,5,6,0.7281141336577872,0.665498272631998
Concrete,concrete,0.003,0.1,5,7,0.4429235799281882,0.4726044747874964
Concrete,concrete,0.003,0.1,5,8,0.34857873144420404,0.39398050197521656
Concrete,concrete,0.003,0.1,5,9,0.6890819552897648,0.6384011722412442
Concrete,concrete,0.003,0.1,6,7,0.4275132121560449,0.4649130650244667
Concrete,concrete,0.003,0.1,6,8,0.35320023636441816,0.39786651511517523
Concrete,concrete,0.003,0.1,6,9,0.6279169363234602,0.5702810093650421
Concrete,concrete,0.003,0.1,7,8,0.5492666120602268,0.5053714896184537
Concrete,concrete,0.003,0.1,7,9,0.5484793741552383,0.5123030141596145
Concrete,concrete,0.003,0.1,8,9,0.41641787199033775,0.45536940752414184
Concrete,concrete,0.0022,0.1,0,1,0.7544763085694026,0.6962595305273024
Concrete,concrete,0.0022,0.1,0,2,0.4250515497059299,0.46560792740872553
Concrete,concrete,0.0022,0.1,0,3,0.696085921471937,0.6491997844180959
Concrete,concrete,0.0022,0.1,0,4,0.6906171498445525,0.6583830982407746
Concrete,concrete,0.0022,0.1,0,5,0.7261507968589209,0.6991233374249144
Concrete,concrete,0.0022,0.1,0,6,0.7464481567549031,0.6706716090378652
Concrete,concrete,0.0022,0.1,0,7,0.824850294288919,0.7762017353873646
Concrete,concrete,0.0022,0.1,0,8,0.7242653109081396,0.6964103557088902
Concrete,concrete,0.0022,0.1,0,9,0.7576465593454335,0.7312180968522406
Concrete,concrete,0.0022,0.1,1,2,0.48540856993836173,0.5378172020646401
Concrete,concrete,0.0022,0.1,1,3,0.7312820829681329,0.686337711894143
Concrete,concrete,0.0022,0.1,1,4,0.6879666593912825,0.5979624531463733
Concrete,concrete,0.0022,0.1,1,5,0.6991377290884982,0.6690553789441935
Concrete,concrete,0.0022,0.1,1,6,0.7931637230019832,0.7047347996211527
Concrete,concrete,0.0022,0.1,1,7,0.8217384471876106,0.7498618929055646
Concrete,concrete,0.0022,0.1,1,8,0.7400060258393952,0.6706668333070649
Concrete,concrete,0.0022,0.1,1,9,0.8756398220555353,0.8459117634830703
Concrete,concrete,0.0022,0.1,2,3,0.3771090689778257,0.4367932705498654
Concrete,concrete,0.0022,0.1,2,4,0.3717791424533092,0.47957117463738297
Concrete,concrete,0.0022,0.1,2,5,0.3487369011355944,0.4305015166938285
Concrete,concrete,0.0022,0.1,2,6,0.4917989431572278,0.5254194056824668
Concrete,concrete,0.0022,0.1,2,7,0.4623410432712368,0.5025187578246568
Concrete,concrete,0.0022,0.1,2,8,0.4364288594770804,0.5049104437358525
Concrete,concrete,0.0022,0.1,2,9,0.4376742364547494,0.5172615179254004
Concrete,concrete,0.0022,0.1,3,4,0.8658560878872116,0.7574149176204255
Concrete,concrete,0.0022,0.1,3,5,0.8322553976833411,0.7692455629990512
Concrete,concrete,0.0022,0.1,3,6,0.7483965502873058,0.6708629717506451
Concrete,concrete,0.0022,0.1,3,7,0.7668619996240168,0.7222965074137001
Concrete,concrete,0.0022,0.1,3,8,0.8158512514812121,0.7432138697734586
Concrete,concrete,0.0022,0.1,3,9,0.7718416063962057,0.7064443692144288
Concrete,concrete,0.0022,0.1,4,5,0.8323310567421071,0.731641856417666
Concrete,concrete,0.0022,0.1,4,6,0.6980992556063864,0.607974540970812
Concrete,concrete,0.0022,0.1,4,7,0.756394574297798,0.6902781161414003
Concrete,concrete,0.0022,0.1,4,8,0.8258520535620592,0.732446552658439
Concrete,concrete,0.0022,0.1,4,9,0.7342818617683905,0.6310305016729212
Concrete,concrete,0.0022,0.1,5,6,0.6632190967020478,0.586812680286675
Concrete,concrete,0.0022,0.1,5,7,0.7162064835396535,0.6756014983238566
Concrete,concrete,0.0022,0.1,5,8,0.7815313276123295,0.7175138439097974
Concrete,concrete,0.0022,0.1,5,9,0.744244386090124,0.7109839538237364
Concrete,concrete,0.0022,0.1,6,7,0.8142781988342368,0.7250590201603074
Concrete,concrete,0.0022,0.1,6,8,0.7703165474562756,0.6797739903267641
Concrete,concrete,0.0022,0.1,6,9,0.7766844002110712,0.7046715146199761
Concrete,concrete,0.0022,0.1,7,8,0.8219840864026743,0.8003525069438211
Concrete,concrete,0.0022,0.1,7,9,0.8038476231932875,0.7679378484086762
Concrete,concrete,0.0022,0.1,8,9,0.7962181023940389,0.7270797217429039
Concrete,concrete,0.0018,0.1,0,1,0.4514228454647,0.5103753204694564
Concrete,concrete,0.0018,0.1,0,2,0.27242198747292395,0.40367812035889455
Concrete,concrete,0.0018,0.1,0,3,0.7578478745989908,0.7137515833113219
Concrete,concrete,0.0018,0.1,0,4,0.6579597999966661,0.6132280256624898
Concrete,concrete,0.0018,0.1,0,5,0.31914037684379637,0.4257347339179518
Concrete,concrete,0.0018,0.1,0,6,0.8262426102768453,0.7902006074010488
Concrete,concrete,0.0018,0.1,0,7,0.8672313928483772,0.8275103582724963
Concrete,concrete,0.0018,0.1,0,8,0.7307741415792025,0.7048498574663636
Concrete,concrete,0.0018,0.1,0,9,0.8095061308156716,0.761302155602766
Concrete,concrete,0.0018,0.1,1,2,0.3328124977782705,0.4028478391699639
Concrete,concrete,0.0018,0.1,1,3,0.44863937833931344,0.5145277720622079
Concrete,concrete,0.0018,0.1,1,4,0.3261332544331197,0.40427264518328204
Concrete,concrete,0.0018,0.1,1,5,0.2894445367504919,0.3655034022661473
Concrete,concrete,0.0018,0.1,1,6,0.3714493820826815,0.4402510388932529
Concrete,concrete,0.0018,0.1,1,7,0.4661254264609316,0.5314980821297143
Concrete,concrete,0.0018,0.1,1,8,0.3901080514065042,0.47538356693173583
Concrete,concrete,0.0018,0.1,1,9,0.4925873359682684,0.535731584834999
Concrete,concrete,0.0018,0.1,2,3,0.2711151421507152,0.40179417900596265
Concrete,concrete,0.0018,0.1,2,4,0.32796227316488785,0.48200362959719517
Concrete,concrete,0.0018,0.1,2,5,0.25374534927652165,0.3350018877155689
Concrete,concrete,0.0018,0.1,2,6,0.25395861652832297,0.38941980090641953
Concrete,concrete,0.0018,0.1,2,7,0.2686217495702347,0.4026437755213194
Concrete,concrete,0.0018,0.1,2,8,0.27953393858680275,0.41014681127096314
Concrete,concrete,0.0018,0.1,2,9,0.28286018966226867,0.4156877897812985
Concrete,concrete,0.0018,0.1,3,4,0.6962594825229991,0.625335542017015
Concrete,concrete,0.0018,0.1,3,5,0.3526799583637642,0.46518239393455685
Concrete,concrete,0.0018,0.1,3,6,0.7861665925688918,0.7488696136949731
Concrete,concrete,0.0018,0.1,3,7,0.8183740784695512,0.7805309350671576
Concrete,concrete,0.0018,0.1,3,8,0.8497360050924594,0.7980727778351293
Concrete,concrete,0.0018,0.1,3,9,0.8109334446808955,0.7427559660738785
Concrete,concrete,0.0018,0.1,4,5,0.3012951606724717,0.38319481376975484
Concrete,concrete,0.0018,0.1,4,6,0.704758592228451,0.640533042171917
Concrete,concrete,0.0018,0.1,4,7,0.6575878392758555,0.6223596750627931
Concrete,concrete,0.0018,0.1,4,8,0.7891622598286185,0.7224875422960993
Concrete,concrete,0.0018,0.1,4,9,0.6417681271420465,0.6112173107545744
Concrete,concrete,0.0018,0.1,5,6,0.2892738602098657,0.3995837173695094
Concrete,concrete,0.0018,0.1,5,7,0.32258840906155817,0.42642744005520916
Concrete,concrete,0.0018,0.1,5,8,0.3403785122004697,0.4568746263784306
Concrete,concrete,0.0018,0.1,5,9,0.34130193605384845,0.45514726571376457
Concrete,concrete,0.0018,0.1,6,7,0.7489897146316773,0.719430655447544
Concrete,concrete,0.0018,0.1,6,8,0.7878695621554312,0.7231826439398144
Concrete,concrete,0.0018,0.1,6,9,0.7507053208812341,0.682505916740112
Concrete,concrete,0.0018,0.1,7,8,0.7341886608334471,0.7216755798140293
Concrete,concrete,0.0018,0.1,7,9,0.8224278111765309,0.7717089726964114
Concrete,concrete,0.0018,0.1,8,9,0.768247630264685,0.7064325436108911
Concrete,concrete,0.0014,0.1,0,1,0.5694950279987917,0.5771461833966074
Concrete,concrete,0.0014,0.1,0,2,0.8505318528055574,0.789880556371999
Concrete,concrete,0.0014,0.1,0,3,0.6992164794844866,0.6219707597295605
Concrete,concrete,0.0014,0.1,0,4,0.8022824643210208,0.7197285073360175
Concrete,concrete,0.0014,0.1,0,5,0.6421615825891368,0.5687955767330914
Concrete,concrete,0.0014,0.1,0,6,0.7034975451670804,0.6227964748033544
Concrete,concrete,0.0014,0.1,0,7,0.8424170986482725,0.7594398467576827
Concrete,concrete,0.0014,0.1,0,8,0.8636187011123005,0.7984442908550079
Concrete,concrete,0.0014,0.1,0,9,0.7040714280735378,0.6594287212033683
Concrete,concrete,0.0014,0.1,1,2,0.6326914114925856,0.628608064877672
Concrete,concrete,0.0014,0.1,1,3,0.5372955883922061,0.5864716392555569
Concrete,concrete,0.0014,0.1,1,4,0.6510846553505285,0.6280897931967827
Concrete,concrete,0.0014,0.1,1,5,0.5286388741063238,0.5340152361240049
Concrete,concrete,0.0014,0.1,1,6,0.46589303605056187,0.4786319688007305
Concrete,concrete,0.0014,0.1,1,7,0.6613015318844655,0.6744034268156927
Concrete,concrete,0.0014,0.1,1,8,0.5614948856802718,0.56535384039743
Concrete,concrete,0.0014,0.1,1,9,0.7007755823558893,0.7026470865809072
Concrete,concrete,0.0014,0.1,2,3,0.7454649779295787,0.6820940816152268
Concrete,concrete,0.0014,0.1,2,4,0.8113514182858975,0.7261858386935969
Concrete,concrete,0.0014,0.1,2,5,0.7499592501675182,0.6839659939773282
Concrete,concrete,0.0014,0.1,2,6,0.7407751028378008,0.6859232298416363
Concrete,concrete,0.0014,0.1,2,7,0.9142795533588355,0.8547242962554079
Concrete,concrete,0.0014,0.1,2,8,0.8343341722219809,0.7799114320578586
Concrete,concrete,0.0014,0.1,2,9,0.6939948439778496,0.6372544999709487
Concrete,concrete,0.0014,0.1,3,4,0.661988830672068,0.5864385560444594
Concrete,concrete,0.0014,0.1,3,5,0.6944163695743547,0.6311174902519794
Concrete,concrete,0.0014,0.1,3,6,0.7261745455340262,0.6264243091637897
Concrete,concrete,0.0014,0.1,3,7,0.7224094716725735,0.63989278872609
Concrete,concrete,0.0014,0.1,3,8,0.7040824006114379,0.6315056834027797
Concrete,concrete,0.0014,0.1,3,9,0.6583510452432376,0.6053911889443172
Concrete,concrete,0.0014,0.1,4,5,0.6813558579546684,0.6126323492992028
Concrete,concrete,0.0014,0.1,4,6,0.6664680066808024,0.6194133585419348
Concrete,concrete,0.0014,0.1,4,7,0.8314341538682931,0.7459132568150825
Concrete,concrete,0.0014,0.1,4,8,0.7920853908924838,0.7206170516892672
Concrete,concrete,0.0014,0.1,4,9,0.7353360825813223,0.6802108046591344
Concrete,concrete,0.0014,0.1,5,6,0.7745981647086329,0.7068157126990945
Concrete,concrete,0.0014,0.1,5,7,0.6896418037982063,0.6139433178569627
Concrete,concrete,0.0014,0.1,5,8,0.6973853061500747,0.6263955950393721
Concrete,concrete,0.0014,0.1,5,9,0.5160769862715986,0.47106562323401663
Concrete,concrete,0.0014,0.1,6,7,0.68088683993042,0.6178110123189293
Concrete,concrete,0.0014,0.1,6,8,0.7817612300733127,0.7242675579275409
Concrete,concrete,0.0014,0.1,6,9,0.5258877848996605,0.5041590616753202
Concrete,concrete,0.0014,0.1,7,8,0.8259285908738792,0.7571468860190981
Concrete,concrete,0.0014,0.1,7,9,0.7484354061594315,0.6849628147365694
Concrete,concrete,0.0014,0.1,8,9,0.6741399973557096,0.6307338894624824
Concrete,concrete,0.0012,0.1,0,1,0.5026214362057828,0.5732400020082854
Concrete,concrete,0.0012,0.1,0,2,0.7511365528129035,0.7183775039889025
Concrete,concrete,0.0012,0.1,0,3,0.21756049163998833,0.34114256889408945
Concrete,concrete,0.0012,0.1,0,4,0.5785707981266112,0.5433668312032354
Concrete,concrete,0.0012,0.1,0,5,0.6888172464298699,0.629708987978111
Concrete,concrete,0.0012,0.1,0,6,0.5028814506234354,0.4934847296759161
Concrete,concrete,0.0012,0.1,0,7,0.7417762644266394,0.6957908081120695
Concrete,concrete,0.0012,0.1,0,8,0.7779829961659636,0.7129264801007444
Concrete,concrete,0.0012,0.1,0,9,0.6881683164179787,0.6497212493673574
Concrete,concrete,0.0012,0.1,1,2,0.43200085563977064,0.546513898854305
Concrete,concrete,0.0012,0.1,1,3,0.2042124786221747,0.3354369131446335
Concrete,concrete,0.0012,0.1,1,4,0.39823414130009066,0.473482708355542
Concrete,concrete,0.0012,0.1,1,5,0.43967134665977453,0.5112453450011384
Concrete,concrete,0.0012,0.1,1,6,0.3702076804533967,0.44792087137281983
Concrete,concrete,0.0012,0.1,1,7,0.423523256470215,0.5265237370198428
Concrete,concrete,0.0012,0.1,1,8,0.4644824371313407,0.5513146104710296
Concrete,concrete,0.0012,0.1,1,9,0.5411001680350899,0.5955674632417524
Concrete,concrete,0.0012,0.1,2,3,0.21899854135882194,0.33726612165160025
Concrete,concrete,0.0012,0.1,2,4,0.5999584000908407,0.5547021513896397
Concrete,concrete,0.0012,0.1,2,5,0.7423843058608582,0.7213317830848428
Concrete,concrete,0.0012,0.1,2,6,0.5086877553513669,0.5050351221935494
Concrete,concrete,0.0012,0.1,2,7,0.7645543440680369,0.68979728723006
Concrete,concrete,0.0012,0.1,2,8,0.7852857578329036,0.7068007654378737
Concrete,concrete,0.0012,0.1,2,9,0.6299906389304091,0.605515459982131
Concrete,concrete,0.0012,0.1,3,4,0.2326463354276531,0.3521353221843719
Concrete,concrete,0.0012,0.1,3,5,0.2172759943940947,0.3390852118654545
Concrete,concrete,0.0012,0.1,3,6,0.2012029913371239,0.2983402131553711
Concrete,concrete,0.0012,0.1,3,7,0.21796581215731295,0.34813282083510966
Concrete,concrete,0.0012,0.1,3,8,0.20968214617124262,0.3221510482512126
Concrete,concrete,0.0012,0.1,3,9,0.21499333209347218,0.33824146259995247
Concrete,concrete,0.0012,0.1,4,5,0.8036561820737284,0.7265465515886177
Concrete,concrete,0.0012,0.1,4,6,0.7362247146054988,0.6728741120030046
Concrete,concrete,0.0012,0.1,4,7,0.7494198077295355,0.6771085499400369
Concrete,concrete,0.0012,0.1,4,8,0.670826936672757,0.6193419723272249
Concrete,concrete,0.0012,0.1,4,9,0.7163000208052595,0.6680728435534016
Concrete,concrete,0.0012,0.1,5,6,0.6542034494634419,0.5946485618645015
Concrete,concrete,0.0012,0.1,5,7,0.8307048057746091,0.7529823065176414
Concrete,concrete,0.0012,0.1,5,8,0.776249642483892,0.7031571454843715
Concrete,concrete,0.0012,0.1,5,9,0.7888647065385871,0.7259952760347373
Concrete,concrete,0.0012,0.1,6,7,0.6162970360325698,0.5820711487659065
Concrete,concrete,0.0012,0.1,6,8,0.5940890448096114,0.5652083804740861
Concrete,concrete,0.0012,0.1,6,9,0.6241507153438264,0.576854231453975
Concrete,concrete,0.0012,0.1,7,8,0.8382383553442798,0.764685802710939
Concrete,concrete,0.0012,0.1,7,9,0.6833043713564045,0.6496922108414045
Concrete,concrete,0.0012,0.1,8,9,0.7160437025263139,0.6807225758255278
Concrete,concrete,0.003,0.2,0,1,0.33634407057793153,0.34693812914394273
Concrete,concrete,0.003,0.2,0,2,0.44379397697285144,0.43963673868572467
Concrete,concrete,0.003,0.2,0,3,0.4475905444415433,0.4318067267253809
Concrete,concrete,0.003,0.2,0,4,0.40516305817341497,0.4495632368675002
Concrete,concrete,0.003,0.2,0,5,0.3378700025642287,0.34222601765674115
Concrete,concrete,0.003,0.2,0,6,0.302155969808403,0.33399807538866044
Concrete,concrete,0.003,0.2,0,7,0.24610285648221092,0.33794871528101245
Concrete,concrete,0.003,0.2,0,8,0.5136245399591463,0.48862623456155796
Concrete,concrete,0.003,0.2,0,9,0.23406425930074531,0.32755794249015086
Concrete,concrete,0.003,0.2,1,2,0.639751346620164,0.6256299371982396
Concrete,concrete,0.003,0.2,1,3,0.6435680488058267,0.6150875262659498
Concrete,concrete,0.003,0.2,1,4,0.5013969315773584,0.5847115106927815
Concrete,concrete,0.003,0.2,1,5,0.49756388650313793,0.49591922946519046
Concrete,concrete,0.003,0.2,1,6,0.21160161920671738,0.31508969898546496
Concrete,concrete,0.003,0.2,1,7,0.6027255962992678,0.63028932510239
Concrete,concrete,0.003,0.2,1,8,0.6275364956360099,0.6061191530286605
Concrete,concrete,0.003,0.2,1,9,0.4430603940959208,0.5500736722111113
Concrete,concrete,0.003,0.2,2,3,0.7737172664012093,0.733159090931431
Concrete,concrete,0.003,0.2,2,4,0.6721862803091724,0.6706414516978928
Concrete,concrete,0.003,0.2,2,5,0.40964732441586554,0.4509495390658553
Concrete,concrete,0.003,0.2,2,6,0.27624591722561653,0.35469058126695835
Concrete,concrete,0.003,0.2,2,7,0.46890662826938206,0.530928387604469
Concrete,concrete,0.003,0.2,2,8,0.7429745697829898,0.6770819024328912
Concrete,concrete,0.003,0.2,2,9,0.30363486280679597,0.43627310183389556
Concrete,concrete,0.003,0.2,3,4,0.5711110682906883,0.5873963950353359
Concrete,concrete,0.003,0.2,3,5,0.4034624355708071,0.4344339343640132
Concrete,concrete,0.003,0.2,3,6,0.2821182234771948,0.3729885703518046
Concrete,concrete,0.003,0.2,3,7,0.4657946297280074,0.5072597414792739
Concrete,concrete,0.003,0.2,3,8,0.8202878067141214,0.7789905778076691
Concrete,concrete,0.003,0.2,3,9,0.3388980598663152,0.46255617676911015
Concrete,concrete,0.003,0.2,4,5,0.4006221525455323,0.49289737506581444
Concrete,concrete,0.003,0.2,4,6,0.2919596122318686,0.36316411180372127
Concrete,concrete,0.003,0.2,4,7,0.40377412919850064,0.5365813545613447
Concrete,concrete,0.003,0.2,4,8,0.6163377234192918,0.5913914562035604
Concrete,concrete,0.003,0.2,4,9,0.2981632234665428,0.4575114378945803
Concrete,concrete,0.003,0.2,5,6,0.22727581841055297,0.280092331978563
Concrete,concrete,0.003,0.2,5,7,0.4758533442476603,0.4721944473343277
Concrete,concrete,0.003,0.2,5,8,0.41361641745679784,0.42688230671349053
Concrete,concrete,0.003,0.2,5,9,0.3841016552638358,0.4852535003985747
Concrete,concrete,0.003,0.2,6,7,0.22330738681002119,0.33396087697896726
Concrete,concrete,0.003,0.2,6,8,0.31996181963159914,0.4129650796026094
Concrete,concrete,0.003,0.2,6,9,0.3037460666633306,0.40974687974426355
Concrete,concrete,0.003,0.2,7,8,0.447529245625169,0.5007437539327757
Concrete,concrete,0.003,0.2,7,9,0.43222327273241345,0.490034131422539
Concrete,concrete,0.003,0.2,8,9,0.3291562417453251,0.4566609250438072
Concrete,concrete,0.0022,0.2,0,1,0.6522453127875982,0.627638752830747
Concrete,concrete,0.0022,0.2,0,2,0.671934931920854,0.6167863244388081
Concrete,concrete,0.0022,0.2,0,3,0.8353301173536067,0.7428852044561252
Concrete,concrete,0.0022,0.2,0,4,0.39453164744409575,0.46535948457417337
Concrete,concrete,0.0022,0.2,0,5,0.28038684825456384,0.3586516933432445
Concrete,concrete,0.0022,0.2,0,6,0.735040517537496,0.6704505873500429
Concrete,concrete,0.0022,0.2,0,7,0.77554886339211,0.6727928781237965
Concrete,concrete,0.0022,0.2,0,8,0.8079020729754741,0.707609019745258
Concrete,concrete,0.0022,0.2,0,9,0.8239552367562322,0.7470457664172376
Concrete,concrete,0.0022,0.2,1,2,0.5192215452857823,0.4887788565668564
Concrete,concrete,0.0022,0.2,1,3,0.609699418096383,0.5717056453495603
Concrete,concrete,0.0022,0.2,1,4,0.2758432524374484,0.35267299875253827
Concrete,concrete,0.0022,0.2,1,5,0.2416592347364244,0.30302508116212756
Concrete,concrete,0.0022,0.2,1,6,0.5618742550033079,0.4938228332367886
Concrete,concrete,0.0022,0.2,1,7,0.6380130273537585,0.618273601542526
Concrete,concrete,0.0022,0.2,1,8,0.6176204789624756,0.5782943576722477
Concrete,concrete,0.0022,0.2,1,9,0.6275658580626072,0.5796561563017235
Concrete,concrete,0.0022,0.2,2,3,0.7631115954960976,0.6825750311950399
Concrete,concrete,0.0022,0.2,2,4,0.4955962421807108,0.5329300119662131
Concrete,concrete,0.0022,0.2,2,5,0.32109915464632366,0.4034753474835767
Concrete,concrete,0.0022,0.2,2,6,0.7569495262549634,0.6671188828821945
Concrete,concrete,0.0022,0.2,2,7,0.7513690119917775,0.6766707934702324
Concrete,concrete,0.0022,0.2,2,8,0.7042926857812798,0.6545629609019459
Concrete,concrete,0.0022,0.2,2,9,0.7474745949838545,0.6622675013761659
Concrete,concrete,0.0022,0.2,3,4,0.46941731663791925,0.5359189451820174
Concrete,concrete,0.0022,0.2,3,5,0.2882265848639273,0.37750867673282573
Concrete,concrete,0.0022,0.2,3,6,0.8311406156893418,0.769874315722645
Concrete,concrete,0.0022,0.2,3,7,0.8400161133441514,0.762218113079976
Concrete,concrete,0.0022,0.2,3,8,0.8393463938954883,0.768819446772599
Concrete,concrete,0.0022,0.2,3,9,0.9291472483992346,0.8742489812977919
Concrete,concrete,0.0022,0.2,4,5,0.4720379678626534,0.496428813324587
Concrete,concrete,0.0022,0.2,4,6,0.4746272024256076,0.5223121833094446
Concrete,concrete,0.0022,0.2,4,7,0.42248069056800847,0.48458924549291255
Concrete,concrete,0.0022,0.2,4,8,0.4365802809467423,0.5612333706027952
Concrete,concrete,0.0022,0.2,4,9,0.44172630980114613,0.5153939717821587
Concrete,concrete,0.0022,0.2,5,6,0.28363604471668796,0.3800260739882028
Concrete,concrete,0.0022,0.2,5,7,0.29006659373308336,0.3588164813180238
Concrete,concrete,0.0022,0.2,5,8,0.2993415496607874,0.3965260355394579
Concrete,concrete,0.0022,0.2,5,9,0.275203938331577,0.3709891696186742
Concrete,concrete,0.0022,0.2,6,7,0.7252019304596805,0.6511655895154793
Concrete,concrete,0.0022,0.2,6,8,0.7350749307421239,0.6927906819581734
Concrete,concrete,0.0022,0.2,6,9,0.8057922957210396,0.7203121493931477
Concrete,concrete,0.0022,0.2,7,8,0.7897326222664214,0.6946981058597973
Concrete,concrete,0.0022,0.2,7,9,0.834878181458407,0.7482847999367666
Concrete,concrete,0.0022,0.2,8,9,0.8136507004097889,0.7583647637857625
Concrete,concrete,0.0018,0.2,0,1,0.34211897807361524,0.4326222965339697
Concrete,concrete,0.0018,0.2,0,2,0.3714695702219593,0.47667332011912883
Concrete,concrete,0.0018,0.2,0,3,0.35443201289494436,0.4495739056128451
Concrete,concrete,0.0018,0.2,0,4,0.31624046951042784,0.39091028568954445
Concrete,concrete,0.0018,0.2,0,5,0.34022297994113504,0.44191730791648226
Concrete,concrete,0.0018,0.2,0,6,0.37393220049163095,0.459968708068581
Concrete,concrete,0.0018,0.2,0,7,0.29356473414407547,0.3478682367205949
Concrete,concrete,0.0018,0.2,0,8,0.3518553518616707,0.44149907495396806
Concrete,concrete,0.0018,0.2,0,9,0.35375610685435827,0.4633971843223928
Concrete,concrete,0.0018,0.2,1,2,0.7851338268283898,0.7117873959085121
Concrete,concrete,0.0018,0.2,1,3,0.8020299596512036,0.7157174357883712
Concrete,concrete,0.0018,0.2,1,4,0.8158354418167044,0.7630028659237603
Concrete,concrete,0.0018,0.2,1,5,0.7883991395980444,0.703606173282823
Concrete,concrete,0.0018,0.2,1,6,0.5525923122964924,0.48299192131927565
Concrete,concrete,0.0018,0.2,1,7,0.44921808238022726,0.488451256613624
Concrete,concrete,0.0018,0.2,1,8,0.7445887688813023,0.6661578216012539
Concrete,concrete,0.0018,0.2,1,9,0.8450487660261388,0.7791095602951066
Concrete,concrete,0.0018,0.2,2,3,0.9178578224356663,0.8673694729933072
Concrete,concrete,0.0018,0.2,2,4,0.7321903993887426,0.6584715915816702
Concrete,concrete,0.0018,0.2,2,5,0.7836127453842524,0.7085163704505969
Concrete,concrete,0.0018,0.2,2,6,0.6709370917971174,0.5820853121887812
Concrete,concrete,0.0018,0.2,2,7,0.3623123002850581,0.3911551172536641
Concrete,concrete,0.0018,0.2,2,8,0.8267109889205546,0.7475409093114553
Concrete,concrete,0.0018,0.2,2,9,0.7681501643384119,0.6918177362338158
Concrete,concrete,0.0018,0.2,3,4,0.7731538640155466,0.700569357466885
Concrete,concrete,0.0018,0.2,3,5,0.8156705651957162,0.7354608994397349
Concrete,concrete,0.0018,0.2,3,6,0.6100216197135552,0.5244160585240832
Concrete,concrete,0.0018,0.2,3,7,0.3843810106976037,0.40319576750506636
Concrete,concrete,0.0018,0.2,3,8,0.8110930625206577,0.736245682004278
Concrete,concrete,0.0018,0.2,3,9,0.8000761130694527,0.7158903489768764
Concrete,concrete,0.0018,0.2,4,5,0.7691650709975835,0.6901820637455455
Concrete,concrete,0.0018,0.2,4,6,0.5917060792509203,0.5174004150736655
Concrete,concrete,0.0018,0.2,4,7,0.4073380347016875,0.46286309221850436
Concrete,concrete,0.0018,0.2,4,8,0.8310745465134324,0.7593354245705414
Concrete,concrete,0.0018,0.2,4,9,0.8297923338550808,0.7561861474162185
Concrete,concrete,0.0018,0.2,5,6,0.5896120331430266,0.5512472940020022
Concrete,concrete,0.0018,0.2,5,7,0.4238116573616146,0.45682481630791916
Concrete,concrete,0.0018,0.2,5,8,0.7789306609025883,0.7212092378460699
Concrete,concrete,0.0018,0.2,5,9,0.8663554354289557,0.8069289443590392
Concrete,concrete,0.0018,0.2,6,7,0.2775198267781054,0.33512045039104094
Concrete,concrete,0.0018,0.2,6,8,0.6824771908571466,0.611505999396698
Concrete,concrete,0.0018,0.2,6,9,0.5819396189402101,0.5283723063494765
Concrete,concrete,0.0018,0.2,7,8,0.3664155304358058,0.4329725862072021
Concrete,concrete,0.0018,0.2,7,9,0.4242435241919904,0.4828668335120898
Concrete,concrete,0.0018,0.2,8,9,0.795914754241123,0.7271888117010937
Concrete,concrete,0.0014,0.2,0,1,0.5696507938846445,0.5223876195383665
Concrete,concrete,0.0014,0.2,0,2,0.27106402341371144,0.44089039564669646
Concrete,concrete,0.0014,0.2,0,3,0.8097481440629279,0.7539293528762333
Concrete,concrete,0.0014,0.2,0,4,0.7389169959860594,0.6758659839598498
Concrete,concrete,0.0014,0.2,0,5,0.7474709550235795,0.6543501209069723
Concrete,concrete,0.0014,0.2,0,6,0.6279775495959877,0.6316465580814575
Concrete,concrete,0.0014,0.2,0,7,0.3960624304712553,0.4860155027928805
Concrete,concrete,0.0014,0.2,0,8,0.3762346462169011,0.507055383743473
Concrete,concrete,0.0014,0.2,0,9,0.8473201668528093,0.8010144889297335
Concrete,concrete,0.0014,0.2,1,2,0.312706537781495,0.4031917417169653
Concrete,concrete,0.0014,0.2,1,3,0.5621393598014055,0.5126956922453635
Concrete,concrete,0.0014,0.2,1,4,0.6234095173585676,0.5653960589219642
Concrete,concrete,0.0014,0.2,1,5,0.696336194519938,0.6174892145648972
Concrete,concrete,0.0014,0.2,1,6,0.36761977277219404,0.39515784570941503
Concrete,concrete,0.0014,0.2,1,7,0.3326911712986622,0.40748862526339547
Concrete,concrete,0.0014,0.2,1,8,0.3291786892443262,0.3861312988295783
Concrete,concrete,0.0014,0.2,1,9,0.5892386820204033,0.5217342290290109
Concrete,concrete,0.0014,0.2,2,3,0.25365913234182885,0.387550944712585
Concrete,concrete,0.0014,0.2,2,4,0.28286822879524215,0.3985694104954659
Concrete,concrete,0.0014,0.2,2,5,0.2706491368245819,0.363693465785857
Concrete,concrete,0.0014,0.2,2,6,0.22231040241209438,0.351389226440552
Concrete,concrete,0.0014,0.2,2,7,0.23050843679640756,0.31153941675137053
Concrete,concrete,0.0014,0.2,2,8,0.3277999783064342,0.37195488818975647
Concrete,concrete,0.0014,0.2,2,9,0.2666938813297152,0.4097400372295468
Concrete,concrete,0.0014,0.2,3,4,0.7973916418462826,0.7308102681287079
Concrete,concrete,0.0014,0.2,3,5,0.7577690723140447,0.6540203409672931
Concrete,concrete,0.0014,0.2,3,6,0.6819454743347585,0.6556856566896155
Concrete,concrete,0.0014,0.2,3,7,0.4484463730516073,0.5130855148460146
Concrete,concrete,0.0014,0.2,3,8,0.38005173535976555,0.5009702554782988
Concrete,concrete,0.0014,0.2,3,9,0.8315740061359388,0.7753560764949271
Concrete,concrete,0.0014,0.2,4,5,0.8014662752130319,0.7101862228210322
Concrete,concrete,0.0014,0.2,4,6,0.5612721155040851,0.5372221785186936
Concrete,concrete,0.0014,0.2,4,7,0.41560275273067054,0.4742253995213675
Concrete,concrete,0.0014,0.2,4,8,0.3842118485711637,0.4978104913070786
Concrete,concrete,0.0014,0.2,4,9,0.7679075647682894,0.6953183161165667
Concrete,concrete,0.0014,0.2,5,6,0.5192337007305322,0.4870115953380907
Concrete,concrete,0.0014,0.2,5,7,0.3826038858880056,0.42037694732555764
Concrete,concrete,0.0014,0.2,5,8,0.3806645894432914,0.47522071626672685
Concrete,concrete,0.0014,0.2,5,9,0.764252256186565,0.6518566373548103
Concrete,concrete,0.0014,0.2,6,7,0.47778767730255867,0.5152491208307164
Concrete,concrete,0.0014,0.2,6,8,0.3201008529151739,0.42629634714905934
Concrete,concrete,0.0014,0.2,6,9,0.6317534686202374,0.6404051732323319
Concrete,concrete,0.0014,0.2,7,8,0.38814049333882417,0.4515247187751153
Concrete,concrete,0.0014,0.2,7,9,0.41037816374145974,0.4859589971543012
Concrete,concrete,0.0014,0.2,8,9,0.3813417124710343,0.5033493928191799
Concrete,concrete,0.0012,0.2,0,1,0.5406052318689963,0.5558336971118367
Concrete,concrete,0.0012,0.2,0,2,0.26366190500873854,0.33909698203675614
Concrete,concrete,0.0012,0.2,0,3,0.3232833639745614,0.4007062078153979
Concrete,concrete,0.0012,0.2,0,4,0.5105019057560655,0.5304635031052678
Concrete,concrete,0.0012,0.2,0,5,0.2586024940474074,0.33246230745047956
Concrete,concrete,0.0012,0.2,0,6,0.5449999472639337,0.5614719957575021
Concrete,concrete,0.0012,0.2,0,7,0.588384487015997,0.5680934928236049
Concrete,concrete,0.0012,0.2,0,8,0.3327418787398894,0.4191639745983576
Concrete,concrete,0.0012,0.2,0,9,0.38148185172989685,0.3963716048234059
Concrete,concrete,0.0012,0.2,1,2,0.438783089760275,0.5058997108608368
Concrete,concrete,0.0012,0.2,1,3,0.6250426660152297,0.667581095156723
Concrete,concrete,0.0012,0.2,1,4,0.8926403644156103,0.8467640860850558
Concrete,concrete,0.0012,0.2,1,5,0.361570126906462,0.4143201842906921
Concrete,concrete,0.0012,0.2,1,6,0.8587817316343074,0.7743937880105916
Concrete,concrete,0.0012,0.2,1,7,0.8220023143992778,0.7578313310122461
Concrete,concrete,0.0012,0.2,1,8,0.2476519401006815,0.3839552193651948
Concrete,concrete,0.0012,0.2,1,9,0.7099628440610696,0.6453146752707977
Concrete,concrete,0.0012,0.2,2,3,0.5089825875353148,0.5329202123479936
Concrete,concrete,0.0012,0.2,2,4,0.4489374892177659,0.5051213982320868
Concrete,concrete,0.0012,0.2,2,5,0.6904299065026835,0.6145910533266671
Concrete,concrete,0.0012,0.2,2,6,0.43055326507018105,0.48095723939456053
Concrete,concrete,0.0012,0.2,2,7,0.3908114784193864,0.4684336604451179
Concrete,concrete,0.0012,0.2,2,8,0.22506050592398666,0.2819851531464097
Concrete,concrete,0.0012,0.2,2,9,0.41863537679834645,0.4648383683257953
Concrete,concrete,0.0012,0.2,3,4,0.6472649144724009,0.6711827140081957
Concrete,concrete,0.0012,0.2,3,5,0.4382051944921332,0.4515916672781325
Concrete,concrete,0.0012,0.2,3,6,0.5863594736229094,0.6087850916470628
Concrete,concrete,0.0012,0.2,3,7,0.5408831212361703,0.5855903889502575
Concrete,concrete,0.0012,0.2,3,8,0.226998265291476,0.3468863262016924
Concrete,concrete,0.0012,0.2,3,9,0.5515271504028835,0.6056297642237923
Concrete,concrete,0.0012,0.2,4,5,0.395956624588859,0.4496141041559522
Concrete,concrete,0.0012,0.2,4,6,0.8184167417993373,0.7519316385955789
Concrete,concrete,0.0012,0.2,4,7,0.7735446379815577,0.7128241237175285
Concrete,concrete,0.0012,0.2,4,8,0.24071800350942305,0.37475325658176883
Concrete,concrete,0.0012,0.2,4,9,0.7096770860786543,0.6412167586548039
Concrete,concrete,0.0012,0.2,5,6,0.3277662059021042,0.36697027055460535
Concrete,concrete,0.0012,0.2,5,7,0.35285447220274135,0.40694535489332306
Concrete,concrete,0.0012,0.2,5,8,0.26277692310759854,0.369123145007779
Concrete,concrete,0.0012,0.2,5,9,0.29086503906360206,0.35030446931342124
Concrete,concrete,0.0012,0.2,6,7,0.7997580230678353,0.7142102655470138
Concrete,concrete,0.0012,0.2,6,8,0.24205565805231968,0.3710315822928058
Concrete,concrete,0.0012,0.2,6,9,0.7289042306383992,0.6386559873205695
Concrete,concrete,0.0012,0.2,7,8,0.2559148049318047,0.39107402652983736
Concrete,concrete,0.0012,0.2,7,9,0.619997507336216,0.558707629835874
Concrete,concrete,0.0012,0.2,8,9,0.25215768938703637,0.3832692042431382
Concrete,concrete,0.003,0.4,0,1,0.7156933037911161,0.7081876157971609
Concrete,concrete,0.003,0.4,0,2,0.36477108824199955,0.42543551641907007
Concrete,concrete,0.003,0.4,0,3,0.8940568199886698,0.858351244965761
Concrete,concrete,0.003,0.4,0,4,0.7347280219951157,0.6714853173623345
Concrete,concrete,0.003,0.4,0,5,0.7342874947492422,0.6670084864744896
Concrete,concrete,0.003,0.4,0,6,0.5990676189862608,0.6615691249669975
Concrete,concrete,0.003,0.4,0,7,0.29207380141884354,0.36481087010022606
Concrete,concrete,0.003,0.4,0,8,0.8483498949145282,0.8034980269749609
Concrete,concrete,0.003,0.4,0,9,0.24860714008908594,0.38366742316751007
Concrete,concrete,0.003,0.4,1,2,0.35631143656803466,0.42465193378183397
Concrete,concrete,0.003,0.4,1,3,0.680979213695882,0.6659106609413109
Concrete,concrete,0.003,0.4,1,4,0.704453200080633,0.671654621196278
Concrete,concrete,0.003,0.4,1,5,0.6181239677312416,0.5848825366936744
Concrete,concrete,0.003,0.4,1,6,0.6519239584420322,0.6286204789443233
Concrete,concrete,0.003,0.4,1,7,0.29760181810081476,0.39357732029097336
Concrete,concrete,0.003,0.4,1,8,0.753107739521837,0.7100781755277309
Concrete,concrete,0.003,0.4,1,9,0.23347416702441615,0.35527634703385746
Concrete,concrete,0.003,0.4,2,3,0.3923137338555084,0.43582746911330805
Concrete,concrete,0.003,0.4,2,4,0.4447345100220092,0.4556106160077877
Concrete,concrete,0.003,0.4,2,5,0.42520511496253127,0.43320708595786755
Concrete,concrete,0.003,0.4,2,6,0.24658328699826154,0.35811489209407005
Concrete,concrete,0.003,0.4,2,7,0.30413360203415357,0.41368842815481516
Concrete,concrete,0.003,0.4,2,8,0.3848208031047893,0.4288890501982505
Concrete,concrete,0.003,0.4,2,9,0.31151751179748777,0.4302988234620684
Concrete,concrete,0.003,0.4,3,4,0.7902766083056205,0.7219847270213121
Concrete,concrete,0.003,0.4,3,5,0.7702252265385688,0.6976772123310232
Concrete,concrete,0.003,0.4,3,6,0.5556407284017845,0.6250780587468894
Concrete,concrete,0.003,0.4,3,7,0.2673583860707986,0.354034756060293
Concrete,concrete,0.003,0.4,3,8,0.7901203053157659,0.7456840455358843
Concrete,concrete,0.003,0.4,3,9,0.24011442621611714,0.38440148799595103
Concrete,concrete,0.003,0.4,4,5,0.763218456881852,0.6771224509594705
Concrete,concrete,0.003,0.4,4,6,0.4798625430166959,0.5107542584579313
Concrete,concrete,0.003,0.4,4,7,0.24786037605655323,0.33774886547113403
Concrete,concrete,0.003,0.4,4,8,0.7364837557543669,0.6570103528748943
Concrete,concrete,0.003,0.4,4,9,0.23644498463306113,0.38070217636557263
Concrete,concrete,0.003,0.4,5,6,0.47764912244355723,0.5219636514834173
Concrete,concrete,0.003,0.4,5,7,0.24029219830892465,0.3093903132407522
Concrete,concrete,0.003,0.4,5,8,0.7446181459096193,0.6928251943117708
Concrete,concrete,0.003,0.4,5,9,0.22022075186013118,0.3446620932958679
Concrete,concrete,0.003,0.4,6,7,0.4052591080211113,0.4425646494253123
Concrete,concrete,0.003,0.4,6,8,0.6196582628916338,0.6382988515371413
Concrete,concrete,0.003,0.4,6,9,0.33036415516660783,0.42551952820531197
Concrete,concrete,0.003,0.4,7,8,0.2779990059948865,0.351650602079408
Concrete,concrete,0.003,0.4,7,9,0.7030192459640211,0.6324087537599874
Concrete,concrete,0.003,0.4,8,9,0.23799152453293212,0.36866652959666213
Concrete,concrete,0.0022,0.4,0,1,0.8061179127494706,0.7222091532533028
Concrete,concrete,0.0022,0.4,0,2,0.8527059384750788,0.7951020096522272
Concrete,concrete,0.0022,0.4,0,3,0.5734985303844851,0.5784131044103177
Concrete,concrete,0.0022,0.4,0,4,0.36517553184476875,0.5004545322612927
Concrete,concrete,0.0022,0.4,0,5,0.7979886427035773,0.753464777090236
Concrete,concrete,0.0022,0.4,0,6,0.2836220769444788,0.4058798824084344
Concrete,concrete,0.0022,0.4,0,7,0.45568732642501186,0.5479743738604911
Concrete,concrete,0.0022,0.4,0,8,0.8304209488686914,0.755234179840191
Concrete,concrete,0.0022,0.4,0,9,0.7514936806170335,0.6830830359434047
Concrete,concrete,0.0022,0.4,1,2,0.7606071760074075,0.6945982839691104
Concrete,concrete,0.0022,0.4,1,3,0.5744325751008089,0.6159927827541277
Concrete,concrete,0.0022,0.4,1,4,0.33545121778773895,0.4560805341032086
Concrete,concrete,0.0022,0.4,1,5,0.8355557883938504,0.7590403891854159
Concrete,concrete,0.0022,0.4,1,6,0.30868192191236254,0.45414249282478897
Concrete,concrete,0.0022,0.4,1,7,0.4451100915234609,0.5194157607016372
Concrete,concrete,0.0022,0.4,1,8,0.9002513435545818,0.8487655616404804
Concrete,concrete,0.0022,0.4,1,9,0.7133745335790043,0.6528168494803355
Concrete,concrete,0.0022,0.4,2,3,0.5416782801862172,0.5457368778019334
Concrete,concrete,0.0022,0.4,2,4,0.3705726492335859,0.46466070315256336
Concrete,concrete,0.0022,0.4,2,5,0.7280980966480307,0.688486561963131
Concrete,concrete,0.0022,0.4,2,6,0.2708486447265465,0.3875284343462346
Concrete,concrete,0.0022,0.4,2,7,0.43391470625887923,0.4996318306759998
Concrete,concrete,0.0022,0.4,2,8,0.7606410070940409,0.6826216679345855
Concrete,concrete,0.0022,0.4,2,9,0.7278676550430015,0.6911955049833279
Concrete,concrete,0.0022,0.4,3,4,0.24952629210092933,0.3607133976362656
Concrete,concrete,0.0022,0.4,3,5,0.5635259325101664,0.5744756213517302
Concrete,concrete,0.0022,0.4,3,6,0.43610825708676787,0.49450839664391294
Concrete,concrete,0.0022,0.4,3,7,0.6983685037424583,0.6704153550695988
Concrete,concrete,0.0022,0.4,3,8,0.6234162118922038,0.6425833425955604
Concrete,concrete,0.0022,0.4,3,9,0.6301993432063578,0.6429877744540423
Concrete,concrete,0.0022,0.4,4,5,0.306591884304382,0.4217249447554477
Concrete,concrete,0.0022,0.4,4,6,0.2877533729731157,0.38155989003703994
Concrete,concrete,0.0022,0.4,4,7,0.21455439881101832,0.3504050848642297
Concrete,concrete,0.0022,0.4,4,8,0.335958234754553,0.44440094981187456
Concrete,concrete,0.0022,0.4,4,9,0.29214393380284065,0.40424434934228193
Concrete,concrete,0.0022,0.4,5,6,0.30521688038161165,0.4398802206589088
Concrete,concrete,0.0022,0.4,5,7,0.4711373057934097,0.5595786345084998
Concrete,concrete,0.0022,0.4,5,8,0.8173960715826636,0.7412600580820624
Concrete,concrete,0.0022,0.4,5,9,0.7988870738140812,0.7429049347729789
Concrete,concrete,0.0022,0.4,6,7,0.5732471324611601,0.580843419249089
Concrete,concrete,0.0022,0.4,6,8,0.3137105156179869,0.4563609717320486
Concrete,concrete,0.0022,0.4,6,9,0.3478992629400642,0.47079622030985546
Concrete,concrete,0.0022,0.4,7,8,0.4592492698225905,0.532760197988081
Concrete,concrete,0.0022,0.4,7,9,0.5287053717116154,0.5868911490152852
Concrete,concrete,0.0022,0.4,8,9,0.7314339326439327,0.6600071153369338
Concrete,concrete,0.0018,0.4,0,1,0.8017331257644755,0.7285021756140488
Concrete,concrete,0.0018,0.4,0,2,0.8142185170900617,0.7378049939984997
Concrete,concrete,0.0018,0.4,0,3,0.31207628480269967,0.441369952795875
Concrete,concrete,0.0018,0.4,0,4,0.6626543570285717,0.578107123235821
Concrete,concrete,0.0018,0.4,0,5,0.700650196626517,0.6155900128791182
Concrete,concrete,0.0018,0.4,0,6,0.7756920815481798,0.7092002380983912
Concrete,concrete,0.0018,0.4,0,7,0.6823667872031284,0.6306800423031901
Concrete,concrete,0.0018,0.4,0,8,0.8212758503949478,0.7338604450551061
Concrete,concrete,0.0018,0.4,0,9,0.7811447066360645,0.7005075316051712
Concrete,concrete,0.0018,0.4,1,2,0.7478525711862347,0.7207401489056818
Concrete,concrete,0.0018,0.4,1,3,0.32349274339529377,0.4781225711747496
Concrete,concrete,0.0018,0.4,1,4,0.7231491761104162,0.6798101766813174
Concrete,concrete,0.0018,0.4,1,5,0.7491221091021536,0.7153891975986657
Concrete,concrete,0.0018,0.4,1,6,0.6678618817954335,0.6187648233936864
Concrete,concrete,0.0018,0.4,1,7,0.6550080277808467,0.600353933246255
Concrete,concrete,0.0018,0.4,1,8,0.7325198842832704,0.6597673425064776
Concrete,concrete,0.0018,0.4,1,9,0.7886701562346987,0.7478013230198091
Concrete,concrete,0.0018,0.4,2,3,0.3170328866468932,0.4659368366927395
Concrete,concrete,0.0018,0.4,2,4,0.6800631333131433,0.6368420644334987
Concrete,concrete,0.0018,0.4,2,5,0.7462818223901382,0.7027026577431695
Concrete,concrete,0.0018,0.4,2,6,0.7503054834456581,0.6860717703514061
Concrete,concrete,0.0018,0.4,2,7,0.6874473119923925,0.6165149175651362
Concrete,concrete,0.0018,0.4,2,8,0.7363122520505911,0.6400209218885378
Concrete,concrete,0.0018,0.4,2,9,0.7905730203749969,0.7457317559083888
Concrete,concrete,0.0018,0.4,3,4,0.2813485365895577,0.41350084117593633
Concrete,concrete,0.0018,0.4,3,5,0.29240001553758355,0.4546967466539554
Concrete,concrete,0.0018,0.4,3,6,0.27068141828880976,0.41069636165411044
Concrete,concrete,0.0018,0.4,3,7,0.2601612848954936,0.3981233724936291
Concrete,concrete,0.0018,0.4,3,8,0.3140355207035121,0.4524423114716764
Concrete,concrete,0.0018,0.4,3,9,0.3115811871305747,0.4578403273624939
Concrete,concrete,0.0018,0.4,4,5,0.6767053074610391,0.6312997602926987
Concrete,concrete,0.0018,0.4,4,6,0.5941543092047663,0.529170369339439
Concrete,concrete,0.0018,0.4,4,7,0.6222694974271127,0.557840494157577
Concrete,concrete,0.0018,0.4,4,8,0.6360991937513695,0.5636840487164065
Concrete,concrete,0.0018,0.4,4,9,0.7847119060928306,0.7185710531823216
Concrete,concrete,0.0018,0.4,5,6,0.7384202016649767,0.6514635221735204
Concrete,concrete,0.0018,0.4,5,7,0.8426171534160428,0.7723089924664986
Concrete,concrete,0.0018,0.4,5,8,0.6239071102205375,0.5269554735534843
Concrete,concrete,0.0018,0.4,5,9,0.7500901687557587,0.7035380196236558
Concrete,concrete,0.0018,0.4,6,7,0.7363680262993598,0.6608572966852473
Concrete,concrete,0.0018,0.4,6,8,0.7489525224131989,0.6836774612023693
Concrete,concrete,0.0018,0.4,6,9,0.6778131406229949,0.5945877736302261
Concrete,concrete,0.0018,0.4,7,8,0.6101575153455331,0.5426854240328507
Concrete,concrete,0.0018,0.4,7,9,0.6754318107029785,0.6081272808799524
Concrete,concrete,0.0018,0.4,8,9,0.760390830100435,0.6517864411447042
Concrete,concrete,0.0014,0.4,0,1,0.22884200838068935,0.35919758258817674
Concrete,concrete,0.0014,0.4,0,2,0.49772652775233456,0.5420106399755955
Concrete,concrete,0.0014,0.4,0,3,0.3355414807432475,0.43312256667522825
Concrete,concrete,0.0014,0.4,0,4,0.3321999724753988,0.4510715858984175
Concrete,concrete,0.0014,0.4,0,5,0.2653206403389651,0.38859445478773813
Concrete,concrete,0.0014,0.4,0,6,0.22452227972150837,0.34504960022148323
Concrete,concrete,0.0014,0.4,0,7,0.5421931850773075,0.5370084482603081
Concrete,concrete,0.0014,0.4,0,8,0.2794183849875356,0.4061530066633157
Concrete,concrete,0.0014,0.4,0,9,0.28206608904437475,0.3940066971794444
Concrete,concrete,0.0014,0.4,1,2,0.3447760534820564,0.39352209555172596
Concrete,concrete,0.0014,0.4,1,3,0.46954630439436457,0.5210515709465182
Concrete,concrete,0.0014,0.4,1,4,0.5110443880802313,0.5408457356423282
Concrete,concrete,0.0014,0.4,1,5,0.6233429111095479,0.6445224465660804
Concrete,concrete,0.0014,0.4,1,6,0.7177522545414193,0.6903379884799798
Concrete,concrete,0.0014,0.4,1,7,0.20101551610819934,0.28285897762053736
Concrete,concrete,0.0014,0.4,1,8,0.5830721596256877,0.6043177559015326
Concrete,concrete,0.0014,0.4,1,9,0.6871967221816462,0.6890584099019211
Concrete,concrete,0.0014,0.4,2,3,0.2791835041234384,0.3972408761797014
Concrete,concrete,0.0014,0.4,2,4,0.28169909392439924,0.37904657992493146
Concrete,concrete,0.0014,0.4,2,5,0.26032971017369944,0.350860299921943
Concrete,concrete,0.0014,0.4,2,6,0.3494484166871982,0.42801787860398854
Concrete,concrete,0.0014,0.4,2,7,0.47473051979502306,0.45838602589261335
Concrete,concrete,0.0014,0.4,2,8,0.27417096636941624,0.3646293982860092
Concrete,concrete,0.0014,0.4,2,9,0.4282627010465137,0.4702578410699366
Concrete,concrete,0.0014,0.4,3,4,0.837323465991649,0.7485213474395618
Concrete,concrete,0.0014,0.4,3,5,0.7559142661073807,0.728071735578294
Concrete,concrete,0.0014,0.4,3,6,0.43954279776717975,0.5402013114455376
Concrete,concrete,0.0014,0.4,3,7,0.26810810156040427,0.3838570158034014
Concrete,concrete,0.0014,0.4,3,8,0.7306350857789851,0.6711897774927288
Concrete,concrete,0.0014,0.4,3,9,0.36756087069656224,0.47502203498408985
Concrete,concrete,0.0014,0.4,4,5,0.840807479854548,0.7997609310962971
Concrete,concrete,0.0014,0.4,4,6,0.47332206529194426,0.5437919899059649
Concrete,concrete,0.0014,0.4,4,7,0.28812148407275445,0.4166111140088321
Concrete,concrete,0.0014,0.4,4,8,0.8233187317190362,0.7535544130809603
Concrete,concrete,0.0014,0.4,4,9,0.4008087820954735,0.49684212393051347
Concrete,concrete,0.0014,0.4,5,6,0.5470359619570279,0.5820907867932492
Concrete,concrete,0.0014,0.4,5,7,0.22860899982255248,0.32394843774219356
Concrete,concrete,0.0014,0.4,5,8,0.9016177728765333,0.8566327069896386
Concrete,concrete,0.0014,0.4,5,9,0.4581321413883959,0.5286508561963157
Concrete,concrete,0.0014,0.4,6,7,0.2000841337518568,0.29769381310526943
Concrete,concrete,0.0014,0.4,6,8,0.5392094073547606,0.577580695478401
Concrete,concrete,0.0014,0.4,6,9,0.7322158358215796,0.696698254083013
Concrete,concrete,0.0014,0.4,7,8,0.24494098475789947,0.3470682060804438
Concrete,concrete,0.0014,0.4,7,9,0.23907175028579966,0.3267371949707317
Concrete,concrete,0.0014,0.4,8,9,0.4591323945994404,0.5462276763673248
Concrete,concrete,0.0012,0.4,0,1,0.7962100248182437,0.7195314057468207
Concrete,concrete,0.0012,0.4,0,2,0.35858618845677925,0.4551906504981558
Concrete,concrete,0.0012,0.4,0,3,0.7314311895757172,0.6724861172542996
Concrete,concrete,0.0012,0.4,0,4,0.260936913561846,0.34870202609897394
Concrete,concrete,0.0012,0.4,0,5,0.3837854090253059,0.4609062601696028
Concrete,concrete,0.0012,0.4,0,6,0.7841446120915235,0.7413685409160605
Concrete,concrete,0.0012,0.4,0,7,0.8682959177618431,0.8101279479926712
Concrete,concrete,0.0012,0.4,0,8,0.809467987433661,0.7525219078631974
Concrete,concrete,0.0012,0.4,0,9,0.8576819856020955,0.8059241541534979
Concrete,concrete,0.0012,0.4,1,2,0.3092518110142971,0.3822710629486433
Concrete,concrete,0.0012,0.4,1,3,0.6493232924171202,0.5889876925165008
Concrete,concrete,0.0012,0.4,1,4,0.24642599150742153,0.33986894337492657
Concrete,concrete,0.0012,0.4,1,5,0.35702732538840004,0.4332616757501469
Concrete,concrete,0.0012,0.4,1,6,0.8381497542067436,0.7638988085105617
Concrete,concrete,0.0012,0.4,1,7,0.8084386159223552,0.7355248488908614
Concrete,concrete,0.0012,0.4,1,8,0.8372067763773979,0.7737061930783785
Concrete,concrete,0.0012,0.4,1,9,0.8775033996220202,0.8033107043854351
Concrete,concrete,0.0012,0.4,2,3,0.3965062968932316,0.46753517277184975
Concrete,concrete,0.0012,0.4,2,4,0.5501717852423992,0.5504087176956506
Concrete,concrete,0.0012,0.4,2,5,0.7901501673308281,0.7639490286405703
Concrete,concrete,0.0012,0.4,2,6,0.3508367755050819,0.44366699480188015
Concrete,concrete,0.0012,0.4,2,7,0.31169147151437704,0.3976644095396066
Concrete,concrete,0.0012,0.4,2,8,0.31049140839008493,0.4049793662441246
Concrete,concrete,0.0012,0.4,2,9,0.30424352991947673,0.3901172627518305
Concrete,concrete,0.0012,0.4,3,4,0.2839458965373267,0.3819339850844055
Concrete,concrete,0.0012,0.4,3,5,0.45080404286421927,0.5010081592910903
Concrete,concrete,0.0012,0.4,3,6,0.7364378186178908,0.6659152119852862
Concrete,concrete,0.0012,0.4,3,7,0.662145967516455,0.6036760378494951
Concrete,concrete,0.0012,0.4,3,8,0.6212478204572763,0.5812166751497736
Concrete,concrete,0.0012,0.4,3,9,0.6648031468638149,0.591672125867235
Concrete,concrete,0.0012,0.4,4,5,0.4971611033616749,0.526004404913184
Concrete,concrete,0.0012,0.4,4,6,0.24451464785970886,0.3280285770736778
Concrete,concrete,0.0012,0.4,4,7,0.2455655212133229,0.3450184097480887
Concrete,concrete,0.0012,0.4,4,8,0.24431459171318345,0.33387762504634216
Concrete,concrete,0.0012,0.4,4,9,0.2312817931499181,0.3108735604346151
Concrete,concrete,0.0012,0.4,5,6,0.4011007817494075,0.47239958595451975
Concrete,concrete,0.0012,0.4,5,7,0.356333474327463,0.4406068582207995
Concrete,concrete,0.0012,0.4,5,8,0.3443380480946059,0.4369236042271104
Concrete,concrete,0.0012,0.4,5,9,0.34414522755011145,0.4166113970196429
Concrete,concrete,0.0012,0.4,6,7,0.8153444895338686,0.7536197606010617
Concrete,concrete,0.0012,0.4,6,8,0.8039733097725797,0.7422391164556787
Concrete,concrete,0.0012,0.4,6,9,0.8434959468774286,0.7778801181927992
Concrete,concrete,0.0012,0.4,7,8,0.8622051511440041,0.8106849595853364
Concrete,concrete,0.0012,0.4,7,9,0.88250176527451,0.8112728981458115
Concrete,concrete,0.0012,0.4,8,9,0.9030884261511666,0.8354611659445755
Concrete,concrete,0.003,0.7,0,1,0.5994325556695179,0.6077442529625805
Concrete,concrete,0.003,0.7,0,2,0.2186263605100231,0.2901457534579884
Concrete,concrete,0.003,0.7,0,3,0.25304760535426774,0.3533850413972091
Concrete,concrete,0.003,0.7,0,4,0.5797228143263294,0.58627513202019
Concrete,concrete,0.003,0.7,0,5,0.39123661473420956,0.432402494720464
Concrete,concrete,0.003,0.7,0,6,0.5567888837012706,0.5355186257269808
Concrete,concrete,0.003,0.7,0,7,0.6967033098059109,0.7029626978592094
Concrete,concrete,0.003,0.7,0,8,0.5299942841942661,0.5313653473961031
Concrete,concrete,0.003,0.7,0,9,0.7312210049570101,0.6729557601762024
Concrete,concrete,0.003,0.7,1,2,0.28301687586878427,0.36209283821264365
Concrete,concrete,0.003,0.7,1,3,0.3250879919251759,0.4028955331902947
Concrete,concrete,0.003,0.7,1,4,0.851055533662645,0.775325850309474
Concrete,concrete,0.003,0.7,1,5,0.29845035245100254,0.3851005622246471
Concrete,concrete,0.003,0.7,1,6,0.7875584368836913,0.6952840898683365
Concrete,concrete,0.003,0.7,1,7,0.8480144744110897,0.7949436241634272
Concrete,concrete,0.003,0.7,1,8,0.8366155659985384,0.7546280570313665
Concrete,concrete,0.003,0.7,1,9,0.492468944498368,0.5268053715336339
Concrete,concrete,0.003,0.7,2,3,0.630409341758511,0.6361101980545221
Concrete,concrete,0.003,0.7,2,4,0.30871570926511516,0.3953255644608952
Concrete,concrete,0.003,0.7,2,5,0.519329057918941,0.5177363155747841
Concrete,concrete,0.003,0.7,2,6,0.2931776457271044,0.3701829178360888
Concrete,concrete,0.003,0.7,2,7,0.2694493699258317,0.34581573875366994
Concrete,concrete,0.003,0.7,2,8,0.2844857264454003,0.3653015393077188
Concrete,concrete,0.003,0.7,2,9,0.22190606186084366,0.29101184129229246
Concrete,concrete,0.003,0.7,3,4,0.3207555873852324,0.40813746913158006
Concrete,concrete,0.003,0.7,3,5,0.5044069382025952,0.551034468808015
Concrete,concrete,0.003,0.7,3,6,0.33882263686783864,0.40824119744950077
Concrete,concrete,0.003,0.7,3,7,0.3131182180252706,0.4101794335052061
Concrete,concrete,0.003,0.7,3,8,0.33758056131353925,0.4210664268599745
Concrete,concrete,0.003,0.7,3,9,0.2797615462212977,0.3752362493536563
Concrete,concrete,0.003,0.7,4,5,0.2870749048584219,0.38822029657290563
Concrete,concrete,0.003,0.7,4,6,0.8374028774360935,0.7600330442123088
Concrete,concrete,0.003,0.7,4,7,0.7832654613055283,0.7252287357451739
Concrete,concrete,0.003,0.7,4,8,0.8660919180123122,0.8060785752894923
Concrete,concrete,0.003,0.7,4,9,0.4747142026109666,0.4990191428825131
Concrete,concrete,0.003,0.7,5,6,0.3280985919378467,0.4083324587668513
Concrete,concrete,0.003,0.7,5,7,0.33355917933136786,0.42327418030593056
Concrete,concrete,0.003,0.7,5,8,0.2832597048936097,0.38735945515387876
Concrete,concrete,0.003,0.7,5,9,0.44981466451150665,0.4706540213516926
Concrete,concrete,0.003,0.7,6,7,0.7461861693906788,0.6645644271063437
Concrete,concrete,0.003,0.7,6,8,0.8235261846864759,0.7325743013302253
Concrete,concrete,0.003,0.7,6,9,0.44149031184987186,0.4365466275428336
Concrete,concrete,0.003,0.7,7,8,0.7511759324354671,0.6909114075556224
Concrete,concrete,0.003,0.7,7,9,0.568259538712957,0.556903028260992
Concrete,concrete,0.003,0.7,8,9,0.4416673308640928,0.4726298707255784
Concrete,concrete,0.0022,0.7,0,1,0.3355096252243847,0.44992385479909003
Concrete,concrete,0.0022,0.7,0,2,0.5250014056475939,0.4704478687026733
Concrete,concrete,0.0022,0.7,0,3,0.32767547838450073,0.4328667059083958
Concrete,concrete,0.0022,0.7,0,4,0.27340957031533547,0.3937154140821026
Concrete,concrete,0.0022,0.7,0,5,0.24227767748626158,0.37126792288512017
Concrete,concrete,0.0022,0.7,0,6,0.4121420992236075,0.45245837900067837
Concrete,concrete,0.0022,0.7,0,7,0.2195261815048371,0.3485010652158677
Concrete,concrete,0.0022,0.7,0,8,0.21450055484680702,0.29984495770039904
Concrete,concrete,0.0022,0.7,0,9,0.25354799522877347,0.3861890768282045
Concrete,concrete,0.0022,0.7,1,2,0.28793042058069573,0.3631535794279291
Concrete,concrete,0.0022,0.7,1,3,0.2696937695070554,0.4278048369799574
Concrete,concrete,0.0022,0.7,1,4,0.6551965984998012,0.6127646003747734
Concrete,concrete,0.0022,0.7,1,5,0.6283864409814958,0.5981137150867297
Concrete,concrete,0.0022,0.7,1,6,0.2566189201104643,0.3668197817157695
Concrete,concrete,0.0022,0.7,1,7,0.4663448813387704,0.5292276599236277
Concrete,concrete,0.0022,0.7,1,8,0.6239743450468893,0.5768111371221151
Concrete,concrete,0.0022,0.7,1,9,0.6378216579600765,0.5899831952326928
Concrete,concrete,0.0022,0.7,2,3,0.25949330426644185,0.3384795378926985
Concrete,concrete,0.0022,0.7,2,4,0.20531360999880455,0.27325205698321325
Concrete,concrete,0.0022,0.7,2,5,0.2243695132394759,0.30652396525096015
Concrete,concrete,0.0022,0.7,2,6,0.41061169495124056,0.4129266720949852
Concrete,concrete,0.0022,0.7,2,7,0.18835154920469693,0.26866519405107514
Concrete,concrete,0.0022,0.7,2,8,0.25659915922489435,0.35592171984646886
Concrete,concrete,0.0022,0.7,2,9,0.22113511684848788,0.2920979790201905
Concrete,concrete,0.0022,0.7,3,4,0.32634385375725783,0.5109545061088866
Concrete,concrete,0.0022,0.7,3,5,0.3381616347731597,0.4861781877141852
Concrete,concrete,0.0022,0.7,3,6,0.5542177403644755,0.6592622848445229
Concrete,concrete,0.0022,0.7,3,7,0.4957621550813838,0.5783256051841108
Concrete,concrete,0.0022,0.7,3,8,0.30470553213472873,0.4148927923183635
Concrete,concrete,0.0022,0.7,3,9,0.3346101158907731,0.4908967031818063
Concrete,concrete,0.0022,0.7,4,5,0.6818665876312137,0.6463127797978595
Concrete,concrete,0.0022,0.7,4,6,0.3061998954130465,0.4381840055881996
Concrete,concrete,0.0022,0.7,4,7,0.552848923675737,0.6335822966313058
Concrete,concrete,0.0022,0.7,4,8,0.6514994857139227,0.6178217020260475
Concrete,concrete,0.0022,0.7,4,9,0.7529899230660996,0.6729669192422352
Concrete,concrete,0.0022,0.7,5,6,0.3341570121302763,0.42383850502576487
Concrete,concrete,0.0022,0.7,5,7,0.6120915340687776,0.6414397466637747
Concrete,concrete,0.0022,0.7,5,8,0.7423258570445886,0.7166114589804371
Concrete,concrete,0.0022,0.7,5,9,0.8668497495501708,0.8103057465625247
Concrete,concrete,0.0022,0.7,6,7,0.44842963819289033,0.5105228052649661
Concrete,concrete,0.0022,0.7,6,8,0.29362525961125324,0.3596180667224421
Concrete,concrete,0.0022,0.7,6,9,0.32383722706701,0.39820490089156774
Concrete,concrete,0.0022,0.7,7,8,0.6209110337410918,0.59777376940507
Concrete,concrete,0.0022,0.7,7,9,0.592937893118448,0.6371589266099751
Concrete,concrete,0.0022,0.7,8,9,0.6788881243320811,0.6405698644782801
Concrete,concrete,0.0018,0.7,0,1,0.6002679137838195,0.589378752924159
Concrete,concrete,0.0018,0.7,0,2,0.39247329425838606,0.42804696038058043
Concrete,concrete,0.0018,0.7,0,3,0.5254242303069682,0.53901029916327
Concrete,concrete,0.0018,0.7,0,4,0.28220165191039975,0.39537487178656117
Concrete,concrete,0.0018,0.7,0,5,0.31918749587187006,0.34477480825196555
Concrete,concrete,0.0018,0.7,0,6,0.5800330264031606,0.5945608033922206
Concrete,concrete,0.0018,0.7,0,7,0.2849551324890588,0.35666729354722265
Concrete,concrete,0.0018,0.7,0,8,0.5597315030543908,0.5217182996283138
Concrete,concrete,0.0018,0.7,0,9,0.3460940421948159,0.39085305591592756
Concrete,concrete,0.0018,0.7,1,2,0.6248056841898597,0.5738102514838096
Concrete,concrete,0.0018,0.7,1,3,0.6344822374439552,0.5991273003194837
Concrete,concrete,0.0018,0.7,1,4,0.2983275257246672,0.3980631655469441
Concrete,concrete,0.0018,0.7,1,5,0.4290654080896139,0.45829360612609465
Concrete,concrete,0.0018,0.7,1,6,0.781931111661932,0.7304795810140682
Concrete,concrete,0.0018,0.7,1,7,0.3594479440697559,0.4426732631256027
Concrete,concrete,0.0018,0.7,1,8,0.7222069955419939,0.6569338899097543
Concrete,concrete,0.0018,0.7,1,9,0.3459677411558932,0.4424542045477548
Concrete,concrete,0.0018,0.7,2,3,0.43641380035741845,0.49128475968248686
Concrete,concrete,0.0018,0.7,2,4,0.24919840945072666,0.3735893605165433
Concrete,concrete,0.0018,0.7,2,5,0.43061677817255656,0.4272574448095701
Concrete,concrete,0.0018,0.7,2,6,0.5808233222081313,0.5745542275991051
Concrete,concrete,0.0018,0.7,2,7,0.4708299909440226,0.48912853763436187
Concrete,concrete,0.0018,0.7,2,8,0.5317492874742702,0.5261692454054329
Concrete,concrete,0.0018,0.7,2,9,0.3330214957036416,0.41185700095760647
Concrete,concrete,0.0018,0.7,3,4,0.3761333497496787,0.500863479831212
Concrete,concrete,0.0018,0.7,3,5,0.36618512971275147,0.4378721623602813
Concrete,concrete,0.0018,0.7,3,6,0.7430976015638421,0.692449870879037
Concrete,concrete,0.0018,0.7,3,7,0.2979356052878693,0.406364977901801
Concrete,concrete,0.0018,0.7,3,8,0.7440625978610448,0.6967648816033861
Concrete,concrete,0.0018,0.7,3,9,0.32086229885811046,0.40441517674718136
Concrete,concrete,0.0018,0.7,4,5,0.26615911814685905,0.3308424316046246
Concrete,concrete,0.0018,0.7,4,6,0.3108737848631004,0.41419100926569324
Concrete,concrete,0.0018,0.7,4,7,0.37162092440999733,0.4253539712853625
Concrete,concrete,0.0018,0.7,4,8,0.30852513950665705,0.40341175530076023
Concrete,concrete,0.0018,0.7,4,9,0.3550133058650859,0.38458727717714103
Concrete,concrete,0.0018,0.7,5,6,0.40576255022579466,0.4423030581633632
Concrete,concrete,0.0018,0.7,5,7,0.4919535115486509,0.452085404569859
Concrete,concrete,0.0018,0.7,5,8,0.376262409099954,0.41377885454232566
Concrete,concrete,0.0018,0.7,5,9,0.5199050298916159,0.520287310375453
Concrete,concrete,0.0018,0.7,6,7,0.312191077314915,0.3973861524764007
Concrete,concrete,0.0018,0.7,6,8,0.8323214879812258,0.788010637944987
Concrete,concrete,0.0018,0.7,6,9,0.32828167124485136,0.4311229291811698
Concrete,concrete,0.0018,0.7,7,8,0.287687194277064,0.3836371922385776
Concrete,concrete,0.0018,0.7,7,9,0.4098584127210155,0.43291078321530474
Concrete,concrete,0.0018,0.7,8,9,0.29483351693144894,0.3847557117374015
Concrete,concrete,0.0014,0.7,0,1,0.2919990040522681,0.37565731524919976
Concrete,concrete,0.0014,0.7,0,2,0.30012870583556445,0.37692580269484505
Concrete,concrete,0.0014,0.7,0,3,0.3023039771818534,0.4029908662778455
Concrete,concrete,0.0014,0.7,0,4,0.31781337047368546,0.4217782233162524
Concrete,concrete,0.0014,0.7,0,5,0.2781169685066836,0.3901706805529513
Concrete,concrete,0.0014,0.7,0,6,0.48207398163981474,0.49138417161911346
Concrete,concrete,0.0014,0.7,0,7,0.27840546295190804,0.4046068106012336
Concrete,concrete,0.0014,0.7,0,8,0.6957703000333322,0.6679956857360866
Concrete,concrete,0.0014,0.7,0,9,0.33147267600131264,0.35064801083662234
Concrete,concrete,0.0014,0.7,1,2,0.7020833681117253,0.6483185852866374
Concrete,concrete,0.0014,0.7,1,3,0.8180027301400999,0.747356347378694
Concrete,concrete,0.0014,0.7,1,4,0.761754915733697,0.6981341685531105
Concrete,concrete,0.0014,0.7,1,5,0.7996120671253685,0.718307071337147
Concrete,concrete,0.0014,0.7,1,6,0.3136886531732535,0.3943708734747145
Concrete,concrete,0.0014,0.7,1,7,0.8139117387943404,0.7366654358942203
Concrete,concrete,0.0014,0.7,1,8,0.2620486628929865,0.3699538303070906
Concrete,concrete,0.0014,0.7,1,9,0.346921501390492,0.41569510573952945
Concrete,concrete,0.0014,0.7,2,3,0.7137795945359624,0.6678015735722891
Concrete,concrete,0.0014,0.7,2,4,0.6617627917391944,0.637664606621852
Concrete,concrete,0.0014,0.7,2,5,0.6549850831259986,0.6220476821174886
Concrete,concrete,0.0014,0.7,2,6,0.23563582736861843,0.3128125579118992
Concrete,concrete,0.0014,0.7,2,7,0.6781389475222692,0.6253356633954382
Concrete,concrete,0.0014,0.7,2,8,0.259018248370876,0.37255455517803715
Concrete,concrete,0.0014,0.7,2,9,0.27841057340406816,0.3615720684540584
Concrete,concrete,0.0014,0.7,3,4,0.872715896360514,0.8073631835528461
Concrete,concrete,0.0014,0.7,3,5,0.8070978236728846,0.7307588559461279
Concrete,concrete,0.0014,0.7,3,6,0.26092711129593443,0.331860226793195
Concrete,concrete,0.0014,0.7,3,7,0.714302353249406,0.6689712386742611
Concrete,concrete,0.0014,0.7,3,8,0.2579233965503351,0.3493466248708256
Concrete,concrete,0.0014,0.7,3,9,0.34171575276399657,0.4255992263000162
Concrete,concrete,0.0014,0.7,4,5,0.7837756127542559,0.7025232066564316
Concrete,concrete,0.0014,0.7,4,6,0.26999510857481024,0.3421838555871214
Concrete,concrete,0.0014,0.7,4,7,0.6988093908455354,0.6825280386342064
Concrete,concrete,0.0014,0.7,4,8,0.2780864735423726,0.3916487949186698
Concrete,concrete,0.0014,0.7,4,9,0.34801089849811295,0.41935903504961164
Concrete,concrete,0.0014,0.7,5,6,0.27856549076077175,0.3381400194749379
Concrete,concrete,0.0014,0.7,5,7,0.8183663277051654,0.805561615500841
Concrete,concrete,0.0014,0.7,5,8,0.2577718995902213,0.3697178177202089
Concrete,concrete,0.0014,0.7,5,9,0.35915079700956853,0.4242824132333667
Concrete,concrete,0.0014,0.7,6,7,0.2687407505736209,0.3419749535918351
Concrete,concrete,0.0014,0.7,6,8,0.5484693250628551,0.5271663599065909
Concrete,concrete,0.0014,0.7,6,9,0.6212388868431474,0.5483368289922573
Concrete,concrete,0.0014,0.7,7,8,0.23420694320057714,0.34485442528148835
Concrete,concrete,0.0014,0.7,7,9,0.31198630852217535,0.36788573900403254
Concrete,concrete,0.0014,0.7,8,9,0.42964068543826256,0.4213440405964736
Concrete,concrete,0.0012,0.7,0,1,0.7982524688011245,0.7006810014261713
Concrete,concrete,0.0012,0.7,0,2,0.2561813262217774,0.3872431749884331
Concrete,concrete,0.0012,0.7,0,3,0.27562035385895195,0.32846980299472694
Concrete,concrete,0.0012,0.7,0,4,0.4052084957550113,0.42155526669964477
Concrete,concrete,0.0012,0.7,0,5,0.8024445664901417,0.720735857072724
Concrete,concrete,0.0012,0.7,0,6,0.4781078048096427,0.46213933877392505
Concrete,concrete,0.0012,0.7,0,7,0.7090067039280481,0.6633537951337292
Concrete,concrete,0.0012,0.7,0,8,0.9102869879146963,0.8754471570368629
Concrete,concrete,0.0012,0.7,0,9,0.3269186702524538,0.43739923745900816
Concrete,concrete,0.0012,0.7,1,2,0.2592520667750083,0.352832972264588
Concrete,concrete,0.0012,0.7,1,3,0.2900712374828313,0.3300788751984504
Concrete,concrete,0.0012,0.7,1,4,0.4440240384197626,0.44926489653976937
Concrete,concrete,0.0012,0.7,1,5,0.7248312831258377,0.6224859002966608
Concrete,concrete,0.0012,0.7,1,6,0.5264960965219722,0.4862069390744278
Concrete,concrete,0.0012,0.7,1,7,0.6107747807475215,0.539005012905596
Concrete,concrete,0.0012,0.7,1,8,0.7917378954771697,0.6826346469011179
Concrete,concrete,0.0012,0.7,1,9,0.32905016915396945,0.3902092181844845
Concrete,concrete,0.0012,0.7,2,3,0.35506103492938523,0.383324571618683
Concrete,concrete,0.0012,0.7,2,4,0.3451789486942176,0.4314574193836856
Concrete,concrete,0.0012,0.7,2,5,0.3046152924577173,0.4471916239001863
Concrete,concrete,0.0012,0.7,2,6,0.33772650043667896,0.3888199500518586
Concrete,concrete,0.0012,0.7,2,7,0.23210676721019996,0.35498620270847253
Concrete,concrete,0.0012,0.7,2,8,0.24307728755041083,0.361880185243481
Concrete,concrete,0.0012,0.7,2,9,0.7147531373309893,0.6815767400486976
Concrete,concrete,0.0012,0.7,3,4,0.5341916771527095,0.517979200787746
Concrete,concrete,0.0012,0.7,3,5,0.2646309029931771,0.32022968539640606
Concrete,concrete,0.0012,0.7,3,6,0.4666388939057406,0.4695832864660619
Concrete,concrete,0.0012,0.7,3,7,0.2787863110586331,0.38337777437761816
Concrete,concrete,0.0012,0.7,3,8,0.27016206233231405,0.32841451641353264
Concrete,concrete,0.0012,0.7,3,9,0.49593817946400043,0.4873553690326434
Concrete,concrete,0.0012,0.7,4,5,0.4268149166110059,0.4351136633900471
Concrete,concrete,0.0012,0.7,4,6,0.6837413985897083,0.6365691498141993
Concrete,concrete,0.0012,0.7,4,7,0.31115597491672997,0.36758947492989963
Concrete,concrete,0.0012,0.7,4,8,0.3816257291266902,0.4010057243016162
Concrete,concrete,0.0012,0.7,4,9,0.4810332890383606,0.5216891743336202
Concrete,concrete,0.0012,0.7,5,6,0.497704351670338,0.4837015594287973
Concrete,concrete,0.0012,0.7,5,7,0.5877188230770171,0.5394220967089378
Concrete,concrete,0.0012,0.7,5,8,0.8057806927399243,0.7322462527477149
Concrete,concrete,0.0012,0.7,5,9,0.32428059442298884,0.42546347065594897
Concrete,concrete,0.0012,0.7,6,7,0.3342983137639181,0.34136480791344737
Concrete,concrete,0.0012,0.7,6,8,0.4663692157939068,0.44838270103576766
Concrete,concrete,0.0012,0.7,6,9,0.5148405458687196,0.5352453453015059
Concrete,concrete,0.0012,0.7,7,8,0.7028110756479738,0.6453852446378024
Concrete,concrete,0.0012,0.7,7,9,0.2625519252785747,0.3558053839945914
Concrete,concrete,0.0012,0.7,8,9,0.31500894300069426,0.4230800430790287
