model_family,gate_type,lambda_sparse,lambda_sample_smooth,run_i,run_j,affinity_corr
LSPIN,lspin_tf,0.02,0.0,0,1,0.7832230193740175
LSPIN,lspin_tf,0.02,0.0,0,2,0.6963499700957415
LSPIN,lspin_tf,0.02,0.0,0,3,0.7595215872316287
LSPIN,lspin_tf,0.02,0.0,0,4,0.7296384740281523
LSPIN,lspin_tf,0.02,0.0,0,5,0.671080568333639
LSPIN,lspin_tf,0.02,0.0,0,6,0.7758891059847584
LSPIN,lspin_tf,0.02,0.0,0,7,0.7440192638541627
LSPIN,lspin_tf,0.02,0.0,0,8,0.8012021989594069
LSPIN,lspin_tf,0.02,0.0,0,9,0.7251071348211153
LSPIN,lspin_tf,0.02,0.0,1,2,0.6734361839182601
LSPIN,lspin_tf,0.02,0.0,1,3,0.6602455595318802
LSPIN,lspin_tf,0.02,0.0,1,4,0.6805797256254554
LSPIN,lspin_tf,0.02,0.0,1,5,0.6486523073173006
LSPIN,lspin_tf,0.02,0.0,1,6,0.7947495607200866
LSPIN,lspin_tf,0.02,0.0,1,7,0.7633255774342432
LSPIN,lspin_tf,0.02,0.0,1,8,0.741362401612051
LSPIN,lspin_tf,0.02,0.0,1,9,0.6633956739115716
LSPIN,lspin_tf,0.02,0.0,2,3,0.7400763400476589
LSPIN,lspin_tf,0.02,0.0,2,4,0.7091416455138713
LSPIN,lspin_tf,0.02,0.0,2,5,0.6631467347131861
LSPIN,lspin_tf,0.02,0.0,2,6,0.813115099741851
LSPIN,lspin_tf,0.02,0.0,2,7,0.7823014009821145
LSPIN,lspin_tf,0.02,0.0,2,8,0.7327178264032053
LSPIN,lspin_tf,0.02,0.0,2,9,0.6291463949659392
LSPIN,lspin_tf,0.02,0.0,3,4,0.729082593742883
LSPIN,lspin_tf,0.02,0.0,3,5,0.7172901623029512
LSPIN,lspin_tf,0.02,0.0,3,6,0.7450529666576567
LSPIN,lspin_tf,0.02,0.0,3,7,0.7721807367365332
LSPIN,lspin_tf,0.02,0.0,3,8,0.7582139205689276
LSPIN,lspin_tf,0.02,0.0,3,9,0.661082995725987
LSPIN,lspin_tf,0.02,0.0,4,5,0.6680493918918017
LSPIN,lspin_tf,0.02,0.0,4,6,0.7691970647862729
LSPIN,lspin_tf,0.02,0.0,4,7,0.7165971906863278
LSPIN,lspin_tf,0.02,0.0,4,8,0.6885905865401447
LSPIN,lspin_tf,0.02,0.0,4,9,0.6951171786320725
LSPIN,lspin_tf,0.02,0.0,5,6,0.7505766923267304
LSPIN,lspin_tf,0.02,0.0,5,7,0.7210794041971295
LSPIN,lspin_tf,0.02,0.0,5,8,0.738498576270206
LSPIN,lspin_tf,0.02,0.0,5,9,0.5851144774380802
LSPIN,lspin_tf,0.02,0.0,6,7,0.8129236080684175
LSPIN,lspin_tf,0.02,0.0,6,8,0.8164953482548679
LSPIN,lspin_tf,0.02,0.0,6,9,0.7160506322124043
LSPIN,lspin_tf,0.02,0.0,7,8,0.7498172735624155
LSPIN,lspin_tf,0.02,0.0,7,9,0.7047179125861464
LSPIN,lspin_tf,0.02,0.0,8,9,0.6584502725437247
LSPIN,lspin_tf,0.015,0.0,0,1,0.5953773871445076
LSPIN,lspin_tf,0.015,0.0,0,2,0.5176948028141849
LSPIN,lspin_tf,0.015,0.0,0,3,0.6199475002597229
LSPIN,lspin_tf,0.015,0.0,0,4,0.47913500564287487
LSPIN,lspin_tf,0.015,0.0,0,5,0.6889220642348565
LSPIN,lspin_tf,0.015,0.0,0,6,0.5877844088316319
LSPIN,lspin_tf,0.015,0.0,0,7,0.8071864809548325
LSPIN,lspin_tf,0.015,0.0,0,8,0.6205178709238415
LSPIN,lspin_tf,0.015,0.0,0,9,0.6848761567087756
LSPIN,lspin_tf,0.015,0.0,1,2,0.6768788765810236
LSPIN,lspin_tf,0.015,0.0,1,3,0.7551493477081802
LSPIN,lspin_tf,0.015,0.0,1,4,0.7595912323864848
LSPIN,lspin_tf,0.015,0.0,1,5,0.7212379657012961
LSPIN,lspin_tf,0.015,0.0,1,6,0.7831998546916972
LSPIN,lspin_tf,0.015,0.0,1,7,0.7336253669934722
LSPIN,lspin_tf,0.015,0.0,1,8,0.8197251658110026
LSPIN,lspin_tf,0.015,0.0,1,9,0.6376973740918894
LSPIN,lspin_tf,0.015,0.0,2,3,0.7619302171173611
LSPIN,lspin_tf,0.015,0.0,2,4,0.7774083061947415
LSPIN,lspin_tf,0.015,0.0,2,5,0.7436864527865873
LSPIN,lspin_tf,0.015,0.0,2,6,0.7548890164848209
LSPIN,lspin_tf,0.015,0.0,2,7,0.5369507048331521
LSPIN,lspin_tf,0.015,0.0,2,8,0.6953994262058836
LSPIN,lspin_tf,0.015,0.0,2,9,0.460875260407114
LSPIN,lspin_tf,0.015,0.0,3,4,0.6646618790922428
LSPIN,lspin_tf,0.015,0.0,3,5,0.6958023090405148
LSPIN,lspin_tf,0.015,0.0,3,6,0.7730187743639505
LSPIN,lspin_tf,0.015,0.0,3,7,0.6461340830176981
LSPIN,lspin_tf,0.015,0.0,3,8,0.7556906760367226
LSPIN,lspin_tf,0.015,0.0,3,9,0.5464996176455393
LSPIN,lspin_tf,0.015,0.0,4,5,0.6724556897455205
LSPIN,lspin_tf,0.015,0.0,4,6,0.7358193374993137
LSPIN,lspin_tf,0.015,0.0,4,7,0.5543288638113065
LSPIN,lspin_tf,0.015,0.0,4,8,0.7661236432625894
LSPIN,lspin_tf,0.015,0.0,4,9,0.42366109729323087
LSPIN,lspin_tf,0.015,0.0,5,6,0.6907620022014214
LSPIN,lspin_tf,0.015,0.0,5,7,0.7393812088215164
LSPIN,lspin_tf,0.015,0.0,5,8,0.70961194628418
LSPIN,lspin_tf,0.015,0.0,5,9,0.6960212005312613
LSPIN,lspin_tf,0.015,0.0,6,7,0.679195407350469
LSPIN,lspin_tf,0.015,0.0,6,8,0.8040009778295718
LSPIN,lspin_tf,0.015,0.0,6,9,0.5931508988970087
LSPIN,lspin_tf,0.015,0.0,7,8,0.7541655822801615
LSPIN,lspin_tf,0.015,0.0,7,9,0.7697673494534583
LSPIN,lspin_tf,0.015,0.0,8,9,0.6226508862792548
LSPIN,lspin_tf,0.012,0.0,0,1,0.7942315085184767
LSPIN,lspin_tf,0.012,0.0,0,2,0.846282316007927
LSPIN,lspin_tf,0.012,0.0,0,3,0.6373005604060432
LSPIN,lspin_tf,0.012,0.0,0,4,0.6081445526188481
LSPIN,lspin_tf,0.012,0.0,0,5,0.619489018488271
LSPIN,lspin_tf,0.012,0.0,0,6,0.6793320537320489
LSPIN,lspin_tf,0.012,0.0,0,7,0.8356433191138433
LSPIN,lspin_tf,0.012,0.0,0,8,0.661858356033954
LSPIN,lspin_tf,0.012,0.0,0,9,0.8320556766311885
LSPIN,lspin_tf,0.012,0.0,1,2,0.7421593575823326
LSPIN,lspin_tf,0.012,0.0,1,3,0.48786114475114695
LSPIN,lspin_tf,0.012,0.0,1,4,0.5940334324379102
LSPIN,lspin_tf,0.012,0.0,1,5,0.6414626462562386
LSPIN,lspin_tf,0.012,0.0,1,6,0.570827590593199
LSPIN,lspin_tf,0.012,0.0,1,7,0.664964739241129
LSPIN,lspin_tf,0.012,0.0,1,8,0.5823098534738886
LSPIN,lspin_tf,0.012,0.0,1,9,0.717915054278803
LSPIN,lspin_tf,0.012,0.0,2,3,0.6134860964422196
LSPIN,lspin_tf,0.012,0.0,2,4,0.6158864700884742
LSPIN,lspin_tf,0.012,0.0,2,5,0.5827098660606603
LSPIN,lspin_tf,0.012,0.0,2,6,0.6556029039678969
LSPIN,lspin_tf,0.012,0.0,2,7,0.7942873754328795
LSPIN,lspin_tf,0.012,0.0,2,8,0.6874718606460514
LSPIN,lspin_tf,0.012,0.0,2,9,0.7961256034720415
LSPIN,lspin_tf,0.012,0.0,3,4,0.5619849158465849
LSPIN,lspin_tf,0.012,0.0,3,5,0.48414134003592835
LSPIN,lspin_tf,0.012,0.0,3,6,0.5686021844951321
LSPIN,lspin_tf,0.012,0.0,3,7,0.7587447913871459
LSPIN,lspin_tf,0.012,0.0,3,8,0.5772914610402458
LSPIN,lspin_tf,0.012,0.0,3,9,0.6154248225777816
LSPIN,lspin_tf,0.012,0.0,4,5,0.5315518447629709
LSPIN,lspin_tf,0.012,0.0,4,6,0.559911144595316
LSPIN,lspin_tf,0.012,0.0,4,7,0.657223685359001
LSPIN,lspin_tf,0.012,0.0,4,8,0.5528202701657535
LSPIN,lspin_tf,0.012,0.0,4,9,0.6254384487628462
LSPIN,lspin_tf,0.012,0.0,5,6,0.6260207579674696
LSPIN,lspin_tf,0.012,0.0,5,7,0.6735844880396592
LSPIN,lspin_tf,0.012,0.0,5,8,0.7107962097624801
LSPIN,lspin_tf,0.012,0.0,5,9,0.6233447983608986
LSPIN,lspin_tf,0.012,0.0,6,7,0.7892911620655331
LSPIN,lspin_tf,0.012,0.0,6,8,0.6499934145394642
LSPIN,lspin_tf,0.012,0.0,6,9,0.5756466109026971
LSPIN,lspin_tf,0.012,0.0,7,8,0.6853792199483717
LSPIN,lspin_tf,0.012,0.0,7,9,0.744538699533373
LSPIN,lspin_tf,0.012,0.0,8,9,0.6589447359612266
LSPIN,lspin_tf,0.01,0.0,0,1,0.7407959861245055
LSPIN,lspin_tf,0.01,0.0,0,2,0.7769908119250322
LSPIN,lspin_tf,0.01,0.0,0,3,0.4611932939925196
LSPIN,lspin_tf,0.01,0.0,0,4,0.767661159013399
LSPIN,lspin_tf,0.01,0.0,0,5,0.6451769866530872
LSPIN,lspin_tf,0.01,0.0,0,6,0.7376133193698833
LSPIN,lspin_tf,0.01,0.0,0,7,0.552972343736743
LSPIN,lspin_tf,0.01,0.0,0,8,0.7450803169372201
LSPIN,lspin_tf,0.01,0.0,0,9,0.7126837063463671
LSPIN,lspin_tf,0.01,0.0,1,2,0.748414426753107
LSPIN,lspin_tf,0.01,0.0,1,3,0.4852389417955952
LSPIN,lspin_tf,0.01,0.0,1,4,0.832781576205091
LSPIN,lspin_tf,0.01,0.0,1,5,0.604161597981828
LSPIN,lspin_tf,0.01,0.0,1,6,0.7893844533149933
LSPIN,lspin_tf,0.01,0.0,1,7,0.7337526874824667
LSPIN,lspin_tf,0.01,0.0,1,8,0.7896627908747204
LSPIN,lspin_tf,0.01,0.0,1,9,0.7201356528214439
LSPIN,lspin_tf,0.01,0.0,2,3,0.4210265812374285
LSPIN,lspin_tf,0.01,0.0,2,4,0.7169709229260164
LSPIN,lspin_tf,0.01,0.0,2,5,0.5751138083139432
LSPIN,lspin_tf,0.01,0.0,2,6,0.7844478091143703
LSPIN,lspin_tf,0.01,0.0,2,7,0.6097221417752352
LSPIN,lspin_tf,0.01,0.0,2,8,0.8587639139441945
LSPIN,lspin_tf,0.01,0.0,2,9,0.7355515841084662
LSPIN,lspin_tf,0.01,0.0,3,4,0.4158308497343488
LSPIN,lspin_tf,0.01,0.0,3,5,0.5629538156412212
LSPIN,lspin_tf,0.01,0.0,3,6,0.34866347788237295
LSPIN,lspin_tf,0.01,0.0,3,7,0.36694300524292106
LSPIN,lspin_tf,0.01,0.0,3,8,0.38360405543419945
LSPIN,lspin_tf,0.01,0.0,3,9,0.41501961932009385
LSPIN,lspin_tf,0.01,0.0,4,5,0.6173488238360105
LSPIN,lspin_tf,0.01,0.0,4,6,0.7882392454760266
LSPIN,lspin_tf,0.01,0.0,4,7,0.7759955608788419
LSPIN,lspin_tf,0.01,0.0,4,8,0.8132372023053968
LSPIN,lspin_tf,0.01,0.0,4,9,0.7880680821100843
LSPIN,lspin_tf,0.01,0.0,5,6,0.5571432309394699
LSPIN,lspin_tf,0.01,0.0,5,7,0.5266940222665408
LSPIN,lspin_tf,0.01,0.0,5,8,0.5633507538213531
LSPIN,lspin_tf,0.01,0.0,5,9,0.6018282700598012
LSPIN,lspin_tf,0.01,0.0,6,7,0.7573448530776237
LSPIN,lspin_tf,0.01,0.0,6,8,0.8094435612633804
LSPIN,lspin_tf,0.01,0.0,6,9,0.7871410082400002
LSPIN,lspin_tf,0.01,0.0,7,8,0.6880049049993094
LSPIN,lspin_tf,0.01,0.0,7,9,0.7172116578334925
LSPIN,lspin_tf,0.01,0.0,8,9,0.7778776783642959
LSPIN,lspin_tf,0.008,0.0,0,1,0.6407732100067172
LSPIN,lspin_tf,0.008,0.0,0,2,0.5430068386781665
LSPIN,lspin_tf,0.008,0.0,0,3,0.7114420496400391
LSPIN,lspin_tf,0.008,0.0,0,4,0.6252569389631601
LSPIN,lspin_tf,0.008,0.0,0,5,0.6358700871449047
LSPIN,lspin_tf,0.008,0.0,0,6,0.6500266270358928
LSPIN,lspin_tf,0.008,0.0,0,7,0.6476576306399658
LSPIN,lspin_tf,0.008,0.0,0,8,0.6858638213262797
LSPIN,lspin_tf,0.008,0.0,0,9,0.6785888616270406
LSPIN,lspin_tf,0.008,0.0,1,2,0.6180466882284487
LSPIN,lspin_tf,0.008,0.0,1,3,0.6463828773872236
LSPIN,lspin_tf,0.008,0.0,1,4,0.596003047326639
LSPIN,lspin_tf,0.008,0.0,1,5,0.6437125143059176
LSPIN,lspin_tf,0.008,0.0,1,6,0.6474023747415574
LSPIN,lspin_tf,0.008,0.0,1,7,0.7245933451053882
LSPIN,lspin_tf,0.008,0.0,1,8,0.6068206301560727
LSPIN,lspin_tf,0.008,0.0,1,9,0.6404539214685714
LSPIN,lspin_tf,0.008,0.0,2,3,0.690763454588299
LSPIN,lspin_tf,0.008,0.0,2,4,0.628647312811752
LSPIN,lspin_tf,0.008,0.0,2,5,0.6074606765287748
LSPIN,lspin_tf,0.008,0.0,2,6,0.5314139541825551
LSPIN,lspin_tf,0.008,0.0,2,7,0.5486869176332014
LSPIN,lspin_tf,0.008,0.0,2,8,0.6233372801675472
LSPIN,lspin_tf,0.008,0.0,2,9,0.5706790445224158
LSPIN,lspin_tf,0.008,0.0,3,4,0.7589360872367129
LSPIN,lspin_tf,0.008,0.0,3,5,0.7260088711616698
LSPIN,lspin_tf,0.008,0.0,3,6,0.6740459027621987
LSPIN,lspin_tf,0.008,0.0,3,7,0.5784029296254469
LSPIN,lspin_tf,0.008,0.0,3,8,0.840640045144101
LSPIN,lspin_tf,0.008,0.0,3,9,0.7489586884281689
LSPIN,lspin_tf,0.008,0.0,4,5,0.7404239892991528
LSPIN,lspin_tf,0.008,0.0,4,6,0.6763386185661124
LSPIN,lspin_tf,0.008,0.0,4,7,0.5453379889291666
LSPIN,lspin_tf,0.008,0.0,4,8,0.7647787711981868
LSPIN,lspin_tf,0.008,0.0,4,9,0.6704336719912077
LSPIN,lspin_tf,0.008,0.0,5,6,0.6603698795263953
LSPIN,lspin_tf,0.008,0.0,5,7,0.6133019789791724
LSPIN,lspin_tf,0.008,0.0,5,8,0.7263599236850738
LSPIN,lspin_tf,0.008,0.0,5,9,0.731905158909998
LSPIN,lspin_tf,0.008,0.0,6,7,0.637785312497152
LSPIN,lspin_tf,0.008,0.0,6,8,0.6946042355971112
LSPIN,lspin_tf,0.008,0.0,6,9,0.6786478646990218
LSPIN,lspin_tf,0.008,0.0,7,8,0.5749282977872365
LSPIN,lspin_tf,0.008,0.0,7,9,0.6866403634740562
LSPIN,lspin_tf,0.008,0.0,8,9,0.7469890980097587
LSPIN,lspin_tf,0.0065,0.0,0,1,0.769344744557977
LSPIN,lspin_tf,0.0065,0.0,0,2,0.6564043700400422
LSPIN,lspin_tf,0.0065,0.0,0,3,0.6768311339059493
LSPIN,lspin_tf,0.0065,0.0,0,4,0.6431651303116201
LSPIN,lspin_tf,0.0065,0.0,0,5,0.5918196071908108
LSPIN,lspin_tf,0.0065,0.0,0,6,0.6522777132926967
LSPIN,lspin_tf,0.0065,0.0,0,7,0.750243415764591
LSPIN,lspin_tf,0.0065,0.0,0,8,0.7120338119117169
LSPIN,lspin_tf,0.0065,0.0,0,9,0.7656790725067157
LSPIN,lspin_tf,0.0065,0.0,1,2,0.6926795476334969
LSPIN,lspin_tf,0.0065,0.0,1,3,0.7306999803236297
LSPIN,lspin_tf,0.0065,0.0,1,4,0.6809032963708492
LSPIN,lspin_tf,0.0065,0.0,1,5,0.7091215739278313
LSPIN,lspin_tf,0.0065,0.0,1,6,0.6275706982666707
LSPIN,lspin_tf,0.0065,0.0,1,7,0.7723240132117922
LSPIN,lspin_tf,0.0065,0.0,1,8,0.6747149824321018
LSPIN,lspin_tf,0.0065,0.0,1,9,0.7665887609448967
LSPIN,lspin_tf,0.0065,0.0,2,3,0.5733674020541796
LSPIN,lspin_tf,0.0065,0.0,2,4,0.6963885714652763
LSPIN,lspin_tf,0.0065,0.0,2,5,0.6630690093644303
LSPIN,lspin_tf,0.0065,0.0,2,6,0.7331533065342885
LSPIN,lspin_tf,0.0065,0.0,2,7,0.6174252472402475
LSPIN,lspin_tf,0.0065,0.0,2,8,0.6186458508874967
LSPIN,lspin_tf,0.0065,0.0,2,9,0.7969039815891966
LSPIN,lspin_tf,0.0065,0.0,3,4,0.6110306570450932
LSPIN,lspin_tf,0.0065,0.0,3,5,0.6089677828783215
LSPIN,lspin_tf,0.0065,0.0,3,6,0.5776446125850393
LSPIN,lspin_tf,0.0065,0.0,3,7,0.7677506327210466
LSPIN,lspin_tf,0.0065,0.0,3,8,0.6179398047882553
LSPIN,lspin_tf,0.0065,0.0,3,9,0.7122472836205496
LSPIN,lspin_tf,0.0065,0.0,4,5,0.7840625580113153
LSPIN,lspin_tf,0.0065,0.0,4,6,0.7646741041533837
LSPIN,lspin_tf,0.0065,0.0,4,7,0.6847523989818699
LSPIN,lspin_tf,0.0065,0.0,4,8,0.6741746796153606
LSPIN,lspin_tf,0.0065,0.0,4,9,0.7951109616417211
LSPIN,lspin_tf,0.0065,0.0,5,6,0.7710938082483475
LSPIN,lspin_tf,0.0065,0.0,5,7,0.7344849602649218
LSPIN,lspin_tf,0.0065,0.0,5,8,0.48051767654083494
LSPIN,lspin_tf,0.0065,0.0,5,9,0.7583499603183141
LSPIN,lspin_tf,0.0065,0.0,6,7,0.6797954734656935
LSPIN,lspin_tf,0.0065,0.0,6,8,0.540053822000599
LSPIN,lspin_tf,0.0065,0.0,6,9,0.8203813130134514
LSPIN,lspin_tf,0.0065,0.0,7,8,0.5950509935330345
LSPIN,lspin_tf,0.0065,0.0,7,9,0.8044983740437396
LSPIN,lspin_tf,0.0065,0.0,8,9,0.7379552222207715
LSPIN,lspin_tf,0.005,0.0,0,1,0.6881041110241407
LSPIN,lspin_tf,0.005,0.0,0,2,0.742789464747123
LSPIN,lspin_tf,0.005,0.0,0,3,0.7529748426331231
LSPIN,lspin_tf,0.005,0.0,0,4,0.7485547344574595
LSPIN,lspin_tf,0.005,0.0,0,5,0.6783668222808598
LSPIN,lspin_tf,0.005,0.0,0,6,0.6905716815261979
LSPIN,lspin_tf,0.005,0.0,0,7,0.7493169025137313
LSPIN,lspin_tf,0.005,0.0,0,8,0.6003960782877571
LSPIN,lspin_tf,0.005,0.0,0,9,0.7947683589485685
LSPIN,lspin_tf,0.005,0.0,1,2,0.6931725234959789
LSPIN,lspin_tf,0.005,0.0,1,3,0.6642734096445317
LSPIN,lspin_tf,0.005,0.0,1,4,0.6562489048617661
LSPIN,lspin_tf,0.005,0.0,1,5,0.6517306995315079
LSPIN,lspin_tf,0.005,0.0,1,6,0.702849750476555
LSPIN,lspin_tf,0.005,0.0,1,7,0.7498008311900668
LSPIN,lspin_tf,0.005,0.0,1,8,0.5766169026312437
LSPIN,lspin_tf,0.005,0.0,1,9,0.6818469014797934
LSPIN,lspin_tf,0.005,0.0,2,3,0.70590161605856
LSPIN,lspin_tf,0.005,0.0,2,4,0.8000645170979152
LSPIN,lspin_tf,0.005,0.0,2,5,0.5896039660639896
LSPIN,lspin_tf,0.005,0.0,2,6,0.6731014764852103
LSPIN,lspin_tf,0.005,0.0,2,7,0.7600264059638778
LSPIN,lspin_tf,0.005,0.0,2,8,0.6045955479923373
LSPIN,lspin_tf,0.005,0.0,2,9,0.8137200904677121
LSPIN,lspin_tf,0.005,0.0,3,4,0.8087112996147303
LSPIN,lspin_tf,0.005,0.0,3,5,0.73633630491999
LSPIN,lspin_tf,0.005,0.0,3,6,0.710559936664073
LSPIN,lspin_tf,0.005,0.0,3,7,0.8071486656117529
LSPIN,lspin_tf,0.005,0.0,3,8,0.6226883719842417
LSPIN,lspin_tf,0.005,0.0,3,9,0.7520649313138918
LSPIN,lspin_tf,0.005,0.0,4,5,0.5957476546682995
LSPIN,lspin_tf,0.005,0.0,4,6,0.6150073340689665
LSPIN,lspin_tf,0.005,0.0,4,7,0.7222314702927265
LSPIN,lspin_tf,0.005,0.0,4,8,0.6113776813015382
LSPIN,lspin_tf,0.005,0.0,4,9,0.7654000650650933
LSPIN,lspin_tf,0.005,0.0,5,6,0.7565400087252718
LSPIN,lspin_tf,0.005,0.0,5,7,0.7950561700318105
LSPIN,lspin_tf,0.005,0.0,5,8,0.4503337540626239
LSPIN,lspin_tf,0.005,0.0,5,9,0.6415231005391736
LSPIN,lspin_tf,0.005,0.0,6,7,0.7786752372242814
LSPIN,lspin_tf,0.005,0.0,6,8,0.5760766587543655
LSPIN,lspin_tf,0.005,0.0,6,9,0.6893566436161975
LSPIN,lspin_tf,0.005,0.0,7,8,0.6142569665019376
LSPIN,lspin_tf,0.005,0.0,7,9,0.7720656870612749
LSPIN,lspin_tf,0.005,0.0,8,9,0.5700314210000946
LSPIN,lspin_tf,0.004,0.0,0,1,0.6894883970825544
LSPIN,lspin_tf,0.004,0.0,0,2,0.7936774276919345
LSPIN,lspin_tf,0.004,0.0,0,3,0.7398272132547236
LSPIN,lspin_tf,0.004,0.0,0,4,0.6641538774985963
LSPIN,lspin_tf,0.004,0.0,0,5,0.7235432544383913
LSPIN,lspin_tf,0.004,0.0,0,6,0.7760786785087551
LSPIN,lspin_tf,0.004,0.0,0,7,0.6284033333219425
LSPIN,lspin_tf,0.004,0.0,0,8,0.6697656605183698
LSPIN,lspin_tf,0.004,0.0,0,9,0.7409613756427614
LSPIN,lspin_tf,0.004,0.0,1,2,0.6994801803356141
LSPIN,lspin_tf,0.004,0.0,1,3,0.7885650770708633
LSPIN,lspin_tf,0.004,0.0,1,4,0.7406018642231318
LSPIN,lspin_tf,0.004,0.0,1,5,0.7279624971215951
LSPIN,lspin_tf,0.004,0.0,1,6,0.8102176328951836
LSPIN,lspin_tf,0.004,0.0,1,7,0.7092736468485831
LSPIN,lspin_tf,0.004,0.0,1,8,0.6233717316263686
LSPIN,lspin_tf,0.004,0.0,1,9,0.7516357186044207
LSPIN,lspin_tf,0.004,0.0,2,3,0.7254023249978399
LSPIN,lspin_tf,0.004,0.0,2,4,0.7139264013682913
LSPIN,lspin_tf,0.004,0.0,2,5,0.7397056889058137
LSPIN,lspin_tf,0.004,0.0,2,6,0.7978548571637265
LSPIN,lspin_tf,0.004,0.0,2,7,0.7641361106718311
LSPIN,lspin_tf,0.004,0.0,2,8,0.642812789541299
LSPIN,lspin_tf,0.004,0.0,2,9,0.7450329560033815
LSPIN,lspin_tf,0.004,0.0,3,4,0.7005969224923889
LSPIN,lspin_tf,0.004,0.0,3,5,0.7474046576548679
LSPIN,lspin_tf,0.004,0.0,3,6,0.8175113822485462
LSPIN,lspin_tf,0.004,0.0,3,7,0.686923283408691
LSPIN,lspin_tf,0.004,0.0,3,8,0.6382865976692533
LSPIN,lspin_tf,0.004,0.0,3,9,0.8101676866678051
LSPIN,lspin_tf,0.004,0.0,4,5,0.7443356292188671
LSPIN,lspin_tf,0.004,0.0,4,6,0.8336786659814549
LSPIN,lspin_tf,0.004,0.0,4,7,0.820300093318989
LSPIN,lspin_tf,0.004,0.0,4,8,0.6497592909881685
LSPIN,lspin_tf,0.004,0.0,4,9,0.5986402442513191
LSPIN,lspin_tf,0.004,0.0,5,6,0.7842669829123673
LSPIN,lspin_tf,0.004,0.0,5,7,0.6606351245005101
LSPIN,lspin_tf,0.004,0.0,5,8,0.7703852887563518
LSPIN,lspin_tf,0.004,0.0,5,9,0.757584751360635
LSPIN,lspin_tf,0.004,0.0,6,7,0.7614699174194977
LSPIN,lspin_tf,0.004,0.0,6,8,0.6544236210506732
LSPIN,lspin_tf,0.004,0.0,6,9,0.7777364447685013
LSPIN,lspin_tf,0.004,0.0,7,8,0.5492726794524488
LSPIN,lspin_tf,0.004,0.0,7,9,0.6277709677344138
LSPIN,lspin_tf,0.004,0.0,8,9,0.6217002836928799
LSPIN,lspin_tf,0.0033,0.0,0,1,0.6388727701301707
LSPIN,lspin_tf,0.0033,0.0,0,2,0.654431195526999
LSPIN,lspin_tf,0.0033,0.0,0,3,0.6907676498675807
LSPIN,lspin_tf,0.0033,0.0,0,4,0.6995786568013901
LSPIN,lspin_tf,0.0033,0.0,0,5,0.7204420601376279
LSPIN,lspin_tf,0.0033,0.0,0,6,0.7808422436329493
LSPIN,lspin_tf,0.0033,0.0,0,7,0.7008527066418399
LSPIN,lspin_tf,0.0033,0.0,0,8,0.7215559870524134
LSPIN,lspin_tf,0.0033,0.0,0,9,0.814923196042514
LSPIN,lspin_tf,0.0033,0.0,1,2,0.7756363350941909
LSPIN,lspin_tf,0.0033,0.0,1,3,0.729338330545463
LSPIN,lspin_tf,0.0033,0.0,1,4,0.620387379436585
LSPIN,lspin_tf,0.0033,0.0,1,5,0.6425761570099274
LSPIN,lspin_tf,0.0033,0.0,1,6,0.577701153716935
LSPIN,lspin_tf,0.0033,0.0,1,7,0.6275907968271247
LSPIN,lspin_tf,0.0033,0.0,1,8,0.6213812362105875
LSPIN,lspin_tf,0.0033,0.0,1,9,0.7202166827743964
LSPIN,lspin_tf,0.0033,0.0,2,3,0.66881225294345
LSPIN,lspin_tf,0.0033,0.0,2,4,0.69881736126638
LSPIN,lspin_tf,0.0033,0.0,2,5,0.6563716775492814
LSPIN,lspin_tf,0.0033,0.0,2,6,0.6670372289506515
LSPIN,lspin_tf,0.0033,0.0,2,7,0.7341398576199101
LSPIN,lspin_tf,0.0033,0.0,2,8,0.6352628468002456
LSPIN,lspin_tf,0.0033,0.0,2,9,0.7366310294385096
LSPIN,lspin_tf,0.0033,0.0,3,4,0.6895351010093881
LSPIN,lspin_tf,0.0033,0.0,3,5,0.5987094550064423
LSPIN,lspin_tf,0.0033,0.0,3,6,0.615899394573387
LSPIN,lspin_tf,0.0033,0.0,3,7,0.6628345688767513
LSPIN,lspin_tf,0.0033,0.0,3,8,0.7114000700832027
LSPIN,lspin_tf,0.0033,0.0,3,9,0.8216532727606152
LSPIN,lspin_tf,0.0033,0.0,4,5,0.6348590355380607
LSPIN,lspin_tf,0.0033,0.0,4,6,0.6962823578481498
LSPIN,lspin_tf,0.0033,0.0,4,7,0.7578386244952563
LSPIN,lspin_tf,0.0033,0.0,4,8,0.6737624084837384
LSPIN,lspin_tf,0.0033,0.0,4,9,0.757159070665679
LSPIN,lspin_tf,0.0033,0.0,5,6,0.6550027819818208
LSPIN,lspin_tf,0.0033,0.0,5,7,0.6486482999284338
LSPIN,lspin_tf,0.0033,0.0,5,8,0.5876685071777971
LSPIN,lspin_tf,0.0033,0.0,5,9,0.6623359548111535
LSPIN,lspin_tf,0.0033,0.0,6,7,0.7178211930431053
LSPIN,lspin_tf,0.0033,0.0,6,8,0.6168017330605714
LSPIN,lspin_tf,0.0033,0.0,6,9,0.6954358772934343
LSPIN,lspin_tf,0.0033,0.0,7,8,0.6690893610742942
LSPIN,lspin_tf,0.0033,0.0,7,9,0.7851269433211827
LSPIN,lspin_tf,0.0033,0.0,8,9,0.8002321117087905
LSPIN,lspin_tf,0.0027,0.0,0,1,0.6785166096359617
LSPIN,lspin_tf,0.0027,0.0,0,2,0.6556088862343802
LSPIN,lspin_tf,0.0027,0.0,0,3,0.7671709959713768
LSPIN,lspin_tf,0.0027,0.0,0,4,0.705697792910295
LSPIN,lspin_tf,0.0027,0.0,0,5,0.6596319862982395
LSPIN,lspin_tf,0.0027,0.0,0,6,0.7322793899781123
LSPIN,lspin_tf,0.0027,0.0,0,7,0.7483442670882676
LSPIN,lspin_tf,0.0027,0.0,0,8,0.7838930245870545
LSPIN,lspin_tf,0.0027,0.0,0,9,0.7081358466576311
LSPIN,lspin_tf,0.0027,0.0,1,2,0.6729125421057053
LSPIN,lspin_tf,0.0027,0.0,1,3,0.7276888043078141
LSPIN,lspin_tf,0.0027,0.0,1,4,0.6493904235933798
LSPIN,lspin_tf,0.0027,0.0,1,5,0.6876133308920397
LSPIN,lspin_tf,0.0027,0.0,1,6,0.6443808897239527
LSPIN,lspin_tf,0.0027,0.0,1,7,0.7113897614229361
LSPIN,lspin_tf,0.0027,0.0,1,8,0.7144399092780519
LSPIN,lspin_tf,0.0027,0.0,1,9,0.6541923140163981
LSPIN,lspin_tf,0.0027,0.0,2,3,0.7028891211899566
LSPIN,lspin_tf,0.0027,0.0,2,4,0.6391249609374798
LSPIN,lspin_tf,0.0027,0.0,2,5,0.7380079548904025
LSPIN,lspin_tf,0.0027,0.0,2,6,0.7463650400044227
LSPIN,lspin_tf,0.0027,0.0,2,7,0.7554088215802602
LSPIN,lspin_tf,0.0027,0.0,2,8,0.6649847065258639
LSPIN,lspin_tf,0.0027,0.0,2,9,0.7843057532858307
LSPIN,lspin_tf,0.0027,0.0,3,4,0.6918468886077955
LSPIN,lspin_tf,0.0027,0.0,3,5,0.771421108337691
LSPIN,lspin_tf,0.0027,0.0,3,6,0.7168171547735479
LSPIN,lspin_tf,0.0027,0.0,3,7,0.7844001479184424
LSPIN,lspin_tf,0.0027,0.0,3,8,0.7298912907602206
LSPIN,lspin_tf,0.0027,0.0,3,9,0.8003070359612672
LSPIN,lspin_tf,0.0027,0.0,4,5,0.6392923681724219
LSPIN,lspin_tf,0.0027,0.0,4,6,0.6386164869979366
LSPIN,lspin_tf,0.0027,0.0,4,7,0.7732858399086108
LSPIN,lspin_tf,0.0027,0.0,4,8,0.7894482949028632
LSPIN,lspin_tf,0.0027,0.0,4,9,0.6802250570271333
LSPIN,lspin_tf,0.0027,0.0,5,6,0.7482337784725642
LSPIN,lspin_tf,0.0027,0.0,5,7,0.7755007177581229
LSPIN,lspin_tf,0.0027,0.0,5,8,0.6741266172553799
LSPIN,lspin_tf,0.0027,0.0,5,9,0.776878185011957
LSPIN,lspin_tf,0.0027,0.0,6,7,0.7869614351395854
LSPIN,lspin_tf,0.0027,0.0,6,8,0.6801915507994128
LSPIN,lspin_tf,0.0027,0.0,6,9,0.8039587768290175
LSPIN,lspin_tf,0.0027,0.0,7,8,0.7796220259867543
LSPIN,lspin_tf,0.0027,0.0,7,9,0.8078770513505498
LSPIN,lspin_tf,0.0027,0.0,8,9,0.7916826915577663
LSPIN,lspin_tf,0.0022,0.0,0,1,0.7542408675290004
LSPIN,lspin_tf,0.0022,0.0,0,2,0.6399787470246191
LSPIN,lspin_tf,0.0022,0.0,0,3,0.6158572443649662
LSPIN,lspin_tf,0.0022,0.0,0,4,0.6614897800955348
LSPIN,lspin_tf,0.0022,0.0,0,5,0.5783172460306882
LSPIN,lspin_tf,0.0022,0.0,0,6,0.5626786441563443
LSPIN,lspin_tf,0.0022,0.0,0,7,0.5603017573351362
LSPIN,lspin_tf,0.0022,0.0,0,8,0.7372938833166557
LSPIN,lspin_tf,0.0022,0.0,0,9,0.6154957172093942
LSPIN,lspin_tf,0.0022,0.0,1,2,0.5606544183503235
LSPIN,lspin_tf,0.0022,0.0,1,3,0.5412078709374001
LSPIN,lspin_tf,0.0022,0.0,1,4,0.6547109497763989
LSPIN,lspin_tf,0.0022,0.0,1,5,0.6431585735405098
LSPIN,lspin_tf,0.0022,0.0,1,6,0.681038602510331
LSPIN,lspin_tf,0.0022,0.0,1,7,0.6228301862325634
LSPIN,lspin_tf,0.0022,0.0,1,8,0.7591298881666276
LSPIN,lspin_tf,0.0022,0.0,1,9,0.6387513797565881
LSPIN,lspin_tf,0.0022,0.0,2,3,0.7041639491702121
LSPIN,lspin_tf,0.0022,0.0,2,4,0.612769996489387
LSPIN,lspin_tf,0.0022,0.0,2,5,0.5873694994650037
LSPIN,lspin_tf,0.0022,0.0,2,6,0.6201654577927908
LSPIN,lspin_tf,0.0022,0.0,2,7,0.5951619122995024
LSPIN,lspin_tf,0.0022,0.0,2,8,0.6618513824745323
LSPIN,lspin_tf,0.0022,0.0,2,9,0.6262494458995139
LSPIN,lspin_tf,0.0022,0.0,3,4,0.6400588612287014
LSPIN,lspin_tf,0.0022,0.0,3,5,0.5180622990031746
LSPIN,lspin_tf,0.0022,0.0,3,6,0.6498878864502486
LSPIN,lspin_tf,0.0022,0.0,3,7,0.6628341166501287
LSPIN,lspin_tf,0.0022,0.0,3,8,0.569522587007498
LSPIN,lspin_tf,0.0022,0.0,3,9,0.5809915937911471
LSPIN,lspin_tf,0.0022,0.0,4,5,0.5111339996082711
LSPIN,lspin_tf,0.0022,0.0,4,6,0.6720648892145341
LSPIN,lspin_tf,0.0022,0.0,4,7,0.5838533302142026
LSPIN,lspin_tf,0.0022,0.0,4,8,0.5750611187698973
LSPIN,lspin_tf,0.0022,0.0,4,9,0.6044210937174969
LSPIN,lspin_tf,0.0022,0.0,5,6,0.6938295988815935
LSPIN,lspin_tf,0.0022,0.0,5,7,0.6438407960993233
LSPIN,lspin_tf,0.0022,0.0,5,8,0.7938182678493563
LSPIN,lspin_tf,0.0022,0.0,5,9,0.6441623320112608
LSPIN,lspin_tf,0.0022,0.0,6,7,0.7598789336779367
LSPIN,lspin_tf,0.0022,0.0,6,8,0.6970626247364128
LSPIN,lspin_tf,0.0022,0.0,6,9,0.6228770312552849
LSPIN,lspin_tf,0.0022,0.0,7,8,0.724925396510371
LSPIN,lspin_tf,0.0022,0.0,7,9,0.6306427846762908
LSPIN,lspin_tf,0.0022,0.0,8,9,0.7007088184231073
LSPIN,lspin_tf,0.0018,0.0,0,1,0.7680956158626827
LSPIN,lspin_tf,0.0018,0.0,0,2,0.8658148033227774
LSPIN,lspin_tf,0.0018,0.0,0,3,0.6634768601842647
LSPIN,lspin_tf,0.0018,0.0,0,4,0.6636613058506502
LSPIN,lspin_tf,0.0018,0.0,0,5,0.7223090603873973
LSPIN,lspin_tf,0.0018,0.0,0,6,0.6751914638984742
LSPIN,lspin_tf,0.0018,0.0,0,7,0.6277221795160837
LSPIN,lspin_tf,0.0018,0.0,0,8,0.6215805813562895
LSPIN,lspin_tf,0.0018,0.0,0,9,0.6326600171986247
LSPIN,lspin_tf,0.0018,0.0,1,2,0.8209635057646728
LSPIN,lspin_tf,0.0018,0.0,1,3,0.6934096056416703
LSPIN,lspin_tf,0.0018,0.0,1,4,0.7170831560633186
LSPIN,lspin_tf,0.0018,0.0,1,5,0.753649388331049
LSPIN,lspin_tf,0.0018,0.0,1,6,0.6486343041869296
LSPIN,lspin_tf,0.0018,0.0,1,7,0.6120648877128473
LSPIN,lspin_tf,0.0018,0.0,1,8,0.6135982035626271
LSPIN,lspin_tf,0.0018,0.0,1,9,0.6827511513318758
LSPIN,lspin_tf,0.0018,0.0,2,3,0.6765817540048011
LSPIN,lspin_tf,0.0018,0.0,2,4,0.6979396514580503
LSPIN,lspin_tf,0.0018,0.0,2,5,0.7104964699168634
LSPIN,lspin_tf,0.0018,0.0,2,6,0.6857706364884093
LSPIN,lspin_tf,0.0018,0.0,2,7,0.6551684309266053
LSPIN,lspin_tf,0.0018,0.0,2,8,0.5642653942451531
LSPIN,lspin_tf,0.0018,0.0,2,9,0.6171902070614973
LSPIN,lspin_tf,0.0018,0.0,3,4,0.7224059747649698
LSPIN,lspin_tf,0.0018,0.0,3,5,0.7562504494361639
LSPIN,lspin_tf,0.0018,0.0,3,6,0.7692093507014955
LSPIN,lspin_tf,0.0018,0.0,3,7,0.6544496624951746
LSPIN,lspin_tf,0.0018,0.0,3,8,0.6823040572997519
LSPIN,lspin_tf,0.0018,0.0,3,9,0.7503093526894681
LSPIN,lspin_tf,0.0018,0.0,4,5,0.6787861045556892
LSPIN,lspin_tf,0.0018,0.0,4,6,0.6899676671925643
LSPIN,lspin_tf,0.0018,0.0,4,7,0.6290896662153362
LSPIN,lspin_tf,0.0018,0.0,4,8,0.6332699825893459
LSPIN,lspin_tf,0.0018,0.0,4,9,0.7270959560411211
LSPIN,lspin_tf,0.0018,0.0,5,6,0.8055236218691164
LSPIN,lspin_tf,0.0018,0.0,5,7,0.768299282156506
LSPIN,lspin_tf,0.0018,0.0,5,8,0.7601490796480802
LSPIN,lspin_tf,0.0018,0.0,5,9,0.623592239047757
LSPIN,lspin_tf,0.0018,0.0,6,7,0.7442497047495719
LSPIN,lspin_tf,0.0018,0.0,6,8,0.7355289668775361
LSPIN,lspin_tf,0.0018,0.0,6,9,0.6739374668970767
LSPIN,lspin_tf,0.0018,0.0,7,8,0.7189430974379929
LSPIN,lspin_tf,0.0018,0.0,7,9,0.5667964198223459
LSPIN,lspin_tf,0.0018,0.0,8,9,0.6312746020307728
LSPIN,lspin_tf,0.0015,0.0,0,1,0.8083932593768394
LSPIN,lspin_tf,0.0015,0.0,0,2,0.7495955808126412
LSPIN,lspin_tf,0.0015,0.0,0,3,0.7973923713472607
LSPIN,lspin_tf,0.0015,0.0,0,4,0.687189387366761
LSPIN,lspin_tf,0.0015,0.0,0,5,0.6837235648198664
LSPIN,lspin_tf,0.0015,0.0,0,6,0.7309781157648518
LSPIN,lspin_tf,0.0015,0.0,0,7,0.7659724921604517
LSPIN,lspin_tf,0.0015,0.0,0,8,0.6675361677404039
LSPIN,lspin_tf,0.0015,0.0,0,9,0.7587733730487878
LSPIN,lspin_tf,0.0015,0.0,1,2,0.8472409143498777
LSPIN,lspin_tf,0.0015,0.0,1,3,0.8190208407356917
LSPIN,lspin_tf,0.0015,0.0,1,4,0.6210588719742343
LSPIN,lspin_tf,0.0015,0.0,1,5,0.8524227581479707
LSPIN,lspin_tf,0.0015,0.0,1,6,0.8183126382083539
LSPIN,lspin_tf,0.0015,0.0,1,7,0.7547149352559754
LSPIN,lspin_tf,0.0015,0.0,1,8,0.6408345479671984
LSPIN,lspin_tf,0.0015,0.0,1,9,0.8683430408577443
LSPIN,lspin_tf,0.0015,0.0,2,3,0.6599812599327118
LSPIN,lspin_tf,0.0015,0.0,2,4,0.5016150075127861
LSPIN,lspin_tf,0.0015,0.0,2,5,0.8433035302877738
LSPIN,lspin_tf,0.0015,0.0,2,6,0.7451673961686143
LSPIN,lspin_tf,0.0015,0.0,2,7,0.6864253335227536
LSPIN,lspin_tf,0.0015,0.0,2,8,0.6542957108516212
LSPIN,lspin_tf,0.0015,0.0,2,9,0.7019590432294337
LSPIN,lspin_tf,0.0015,0.0,3,4,0.7077809506231253
LSPIN,lspin_tf,0.0015,0.0,3,5,0.6325992471606627
LSPIN,lspin_tf,0.0015,0.0,3,6,0.6718425880005466
LSPIN,lspin_tf,0.0015,0.0,3,7,0.7179386863080048
LSPIN,lspin_tf,0.0015,0.0,3,8,0.5070029717361685
LSPIN,lspin_tf,0.0015,0.0,3,9,0.8525855139494883
LSPIN,lspin_tf,0.0015,0.0,4,5,0.5188433792382532
LSPIN,lspin_tf,0.0015,0.0,4,6,0.6516459367069317
LSPIN,lspin_tf,0.0015,0.0,4,7,0.5790322530953159
LSPIN,lspin_tf,0.0015,0.0,4,8,0.57733180629304
LSPIN,lspin_tf,0.0015,0.0,4,9,0.5919068817908019
LSPIN,lspin_tf,0.0015,0.0,5,6,0.7983669334044097
LSPIN,lspin_tf,0.0015,0.0,5,7,0.7050854362610982
LSPIN,lspin_tf,0.0015,0.0,5,8,0.7001574968449545
LSPIN,lspin_tf,0.0015,0.0,5,9,0.709442504784712
LSPIN,lspin_tf,0.0015,0.0,6,7,0.7238460341346064
LSPIN,lspin_tf,0.0015,0.0,6,8,0.6575624311445621
LSPIN,lspin_tf,0.0015,0.0,6,9,0.709312539383115
LSPIN,lspin_tf,0.0015,0.0,7,8,0.5710942138652958
LSPIN,lspin_tf,0.0015,0.0,7,9,0.7437342794592106
LSPIN,lspin_tf,0.0015,0.0,8,9,0.5595603006835144
LSPIN,lspin_tf,0.0012,0.0,0,1,0.7211544126483072
LSPIN,lspin_tf,0.0012,0.0,0,2,0.5555865098073605
LSPIN,lspin_tf,0.0012,0.0,0,3,0.6278046910143903
LSPIN,lspin_tf,0.0012,0.0,0,4,0.6663015731468954
LSPIN,lspin_tf,0.0012,0.0,0,5,0.7846980310270145
LSPIN,lspin_tf,0.0012,0.0,0,6,0.718388634617152
LSPIN,lspin_tf,0.0012,0.0,0,7,0.6365662566576252
LSPIN,lspin_tf,0.0012,0.0,0,8,0.7886955445113606
LSPIN,lspin_tf,0.0012,0.0,0,9,0.6317652706056801
LSPIN,lspin_tf,0.0012,0.0,1,2,0.6985159118542066
LSPIN,lspin_tf,0.0012,0.0,1,3,0.7249303226153945
LSPIN,lspin_tf,0.0012,0.0,1,4,0.6700360784077593
LSPIN,lspin_tf,0.0012,0.0,1,5,0.8846382594011378
LSPIN,lspin_tf,0.0012,0.0,1,6,0.6393804714526972
LSPIN,lspin_tf,0.0012,0.0,1,7,0.8451230957117826
LSPIN,lspin_tf,0.0012,0.0,1,8,0.8461033937703145
LSPIN,lspin_tf,0.0012,0.0,1,9,0.73444571547564
LSPIN,lspin_tf,0.0012,0.0,2,3,0.7408815576742425
LSPIN,lspin_tf,0.0012,0.0,2,4,0.6608740105632124
LSPIN,lspin_tf,0.0012,0.0,2,5,0.699624145263582
LSPIN,lspin_tf,0.0012,0.0,2,6,0.6270523417320432
LSPIN,lspin_tf,0.0012,0.0,2,7,0.6927839505791967
LSPIN,lspin_tf,0.0012,0.0,2,8,0.6831431912747892
LSPIN,lspin_tf,0.0012,0.0,2,9,0.842791368359462
LSPIN,lspin_tf,0.0012,0.0,3,4,0.7047688277291486
LSPIN,lspin_tf,0.0012,0.0,3,5,0.6920672455982938
LSPIN,lspin_tf,0.0012,0.0,3,6,0.6120568850570105
LSPIN,lspin_tf,0.0012,0.0,3,7,0.705651615313197
LSPIN,lspin_tf,0.0012,0.0,3,8,0.7507822923549725
LSPIN,lspin_tf,0.0012,0.0,3,9,0.7458616913733903
LSPIN,lspin_tf,0.0012,0.0,4,5,0.7260547591178829
LSPIN,lspin_tf,0.0012,0.0,4,6,0.748504689302525
LSPIN,lspin_tf,0.0012,0.0,4,7,0.6613718363740483
LSPIN,lspin_tf,0.0012,0.0,4,8,0.7033092029416605
LSPIN,lspin_tf,0.0012,0.0,4,9,0.6090248554933965
LSPIN,lspin_tf,0.0012,0.0,5,6,0.6675197320913123
LSPIN,lspin_tf,0.0012,0.0,5,7,0.8257133760523347
LSPIN,lspin_tf,0.0012,0.0,5,8,0.8427384670465586
LSPIN,lspin_tf,0.0012,0.0,5,9,0.7066891723875791
LSPIN,lspin_tf,0.0012,0.0,6,7,0.5750278073252396
LSPIN,lspin_tf,0.0012,0.0,6,8,0.7661833197115464
LSPIN,lspin_tf,0.0012,0.0,6,9,0.6514076686693564
LSPIN,lspin_tf,0.0012,0.0,7,8,0.7437322768513599
LSPIN,lspin_tf,0.0012,0.0,7,9,0.7627882657545605
LSPIN,lspin_tf,0.0012,0.0,8,9,0.7366758223332714
LSPIN,lspin_tf,0.001,0.0,0,1,0.7078610181692074
LSPIN,lspin_tf,0.001,0.0,0,2,0.827486106937596
LSPIN,lspin_tf,0.001,0.0,0,3,0.7404619802990903
LSPIN,lspin_tf,0.001,0.0,0,4,0.7491835575566445
LSPIN,lspin_tf,0.001,0.0,0,5,0.8169112374517862
LSPIN,lspin_tf,0.001,0.0,0,6,0.8517358919993405
LSPIN,lspin_tf,0.001,0.0,0,7,0.5793364203062817
LSPIN,lspin_tf,0.001,0.0,0,8,0.8490888890025107
LSPIN,lspin_tf,0.001,0.0,0,9,0.8419537555937477
LSPIN,lspin_tf,0.001,0.0,1,2,0.6801743682899323
LSPIN,lspin_tf,0.001,0.0,1,3,0.5494778860620897
LSPIN,lspin_tf,0.001,0.0,1,4,0.5685426797338515
LSPIN,lspin_tf,0.001,0.0,1,5,0.6804838241467139
LSPIN,lspin_tf,0.001,0.0,1,6,0.7843233923279592
LSPIN,lspin_tf,0.001,0.0,1,7,0.5289608963090683
LSPIN,lspin_tf,0.001,0.0,1,8,0.6366766241138689
LSPIN,lspin_tf,0.001,0.0,1,9,0.6168209960074323
LSPIN,lspin_tf,0.001,0.0,2,3,0.7238780779683801
LSPIN,lspin_tf,0.001,0.0,2,4,0.8185375875631774
LSPIN,lspin_tf,0.001,0.0,2,5,0.8197677104358433
LSPIN,lspin_tf,0.001,0.0,2,6,0.8758921482654588
LSPIN,lspin_tf,0.001,0.0,2,7,0.6363704974017801
LSPIN,lspin_tf,0.001,0.0,2,8,0.8125929144260592
LSPIN,lspin_tf,0.001,0.0,2,9,0.8807133815011436
LSPIN,lspin_tf,0.001,0.0,3,4,0.7044362161177053
LSPIN,lspin_tf,0.001,0.0,3,5,0.7706067790071439
LSPIN,lspin_tf,0.001,0.0,3,6,0.766861379849717
LSPIN,lspin_tf,0.001,0.0,3,7,0.7484962527892047
LSPIN,lspin_tf,0.001,0.0,3,8,0.7900803657099188
LSPIN,lspin_tf,0.001,0.0,3,9,0.71938300646929
LSPIN,lspin_tf,0.001,0.0,4,5,0.7999090744567886
LSPIN,lspin_tf,0.001,0.0,4,6,0.831519535827921
LSPIN,lspin_tf,0.001,0.0,4,7,0.5629980784300515
LSPIN,lspin_tf,0.001,0.0,4,8,0.7589524273694045
LSPIN,lspin_tf,0.001,0.0,4,9,0.764016840754945
LSPIN,lspin_tf,0.001,0.0,5,6,0.8588156587469729
LSPIN,lspin_tf,0.001,0.0,5,7,0.6496825906937131
LSPIN,lspin_tf,0.001,0.0,5,8,0.8015187485942654
LSPIN,lspin_tf,0.001,0.0,5,9,0.7796399922010684
LSPIN,lspin_tf,0.001,0.0,6,7,0.7102810693835815
LSPIN,lspin_tf,0.001,0.0,6,8,0.8094032351926889
LSPIN,lspin_tf,0.001,0.0,6,9,0.83892254152784
LSPIN,lspin_tf,0.001,0.0,7,8,0.6413201356208312
LSPIN,lspin_tf,0.001,0.0,7,9,0.5920411498606297
LSPIN,lspin_tf,0.001,0.0,8,9,0.8202179681624068
LSPIN,lspin_tf,0.0008,0.0,0,1,0.5959378568211514
LSPIN,lspin_tf,0.0008,0.0,0,2,0.6774344362931776
LSPIN,lspin_tf,0.0008,0.0,0,3,0.6001105951592428
LSPIN,lspin_tf,0.0008,0.0,0,4,0.33599774965334045
LSPIN,lspin_tf,0.0008,0.0,0,5,0.6131889691742899
LSPIN,lspin_tf,0.0008,0.0,0,6,0.5910311262968578
LSPIN,lspin_tf,0.0008,0.0,0,7,0.6487146179094261
LSPIN,lspin_tf,0.0008,0.0,0,8,0.513925114864544
LSPIN,lspin_tf,0.0008,0.0,0,9,0.6173142285691716
LSPIN,lspin_tf,0.0008,0.0,1,2,0.7353389255315447
LSPIN,lspin_tf,0.0008,0.0,1,3,0.7471249611316482
LSPIN,lspin_tf,0.0008,0.0,1,4,0.519853733639316
LSPIN,lspin_tf,0.0008,0.0,1,5,0.7346338640793968
LSPIN,lspin_tf,0.0008,0.0,1,6,0.7119169489676759
LSPIN,lspin_tf,0.0008,0.0,1,7,0.6731463369491524
LSPIN,lspin_tf,0.0008,0.0,1,8,0.7111581695059022
LSPIN,lspin_tf,0.0008,0.0,1,9,0.7737038819289275
LSPIN,lspin_tf,0.0008,0.0,2,3,0.7233879162598335
LSPIN,lspin_tf,0.0008,0.0,2,4,0.38280904683296785
LSPIN,lspin_tf,0.0008,0.0,2,5,0.6715915429374352
LSPIN,lspin_tf,0.0008,0.0,2,6,0.6613491736315765
LSPIN,lspin_tf,0.0008,0.0,2,7,0.6641758174843138
LSPIN,lspin_tf,0.0008,0.0,2,8,0.6093004563129872
LSPIN,lspin_tf,0.0008,0.0,2,9,0.7664024153400727
LSPIN,lspin_tf,0.0008,0.0,3,4,0.43433836575572937
LSPIN,lspin_tf,0.0008,0.0,3,5,0.7590246049998306
LSPIN,lspin_tf,0.0008,0.0,3,6,0.6982450449405319
LSPIN,lspin_tf,0.0008,0.0,3,7,0.7330727181093422
LSPIN,lspin_tf,0.0008,0.0,3,8,0.7283753447758492
LSPIN,lspin_tf,0.0008,0.0,3,9,0.719628322399275
LSPIN,lspin_tf,0.0008,0.0,4,5,0.4522641787312172
LSPIN,lspin_tf,0.0008,0.0,4,6,0.5819072767519564
LSPIN,lspin_tf,0.0008,0.0,4,7,0.47101654450954344
LSPIN,lspin_tf,0.0008,0.0,4,8,0.5615234187452086
LSPIN,lspin_tf,0.0008,0.0,4,9,0.6316344876399612
LSPIN,lspin_tf,0.0008,0.0,5,6,0.7507502837228975
LSPIN,lspin_tf,0.0008,0.0,5,7,0.7463075950738663
LSPIN,lspin_tf,0.0008,0.0,5,8,0.7646717251744432
LSPIN,lspin_tf,0.0008,0.0,5,9,0.7744349978844605
LSPIN,lspin_tf,0.0008,0.0,6,7,0.7948246417637244
LSPIN,lspin_tf,0.0008,0.0,6,8,0.8842579361998342
LSPIN,lspin_tf,0.0008,0.0,6,9,0.8902295494231857
LSPIN,lspin_tf,0.0008,0.0,7,8,0.6756073085345428
LSPIN,lspin_tf,0.0008,0.0,7,9,0.8007653561671904
LSPIN,lspin_tf,0.0008,0.0,8,9,0.8541045790181555
LSPIN,lspin_tf,0.00065,0.0,0,1,0.35044410612565036
LSPIN,lspin_tf,0.00065,0.0,0,2,0.6335546009771251
LSPIN,lspin_tf,0.00065,0.0,0,3,0.7381570843853846
LSPIN,lspin_tf,0.00065,0.0,0,4,0.7410548397617343
LSPIN,lspin_tf,0.00065,0.0,0,5,0.7649307224018664
LSPIN,lspin_tf,0.00065,0.0,0,6,0.7380034170116592
LSPIN,lspin_tf,0.00065,0.0,0,7,0.7659625041357916
LSPIN,lspin_tf,0.00065,0.0,0,8,0.6039090962353609
LSPIN,lspin_tf,0.00065,0.0,0,9,0.6353570052262132
LSPIN,lspin_tf,0.00065,0.0,1,2,0.5428391121870147
LSPIN,lspin_tf,0.00065,0.0,1,3,0.5588486124517507
LSPIN,lspin_tf,0.00065,0.0,1,4,0.42885060153058685
LSPIN,lspin_tf,0.00065,0.0,1,5,0.399043906624541
LSPIN,lspin_tf,0.00065,0.0,1,6,0.47567216929922074
LSPIN,lspin_tf,0.00065,0.0,1,7,0.3378146141958262
LSPIN,lspin_tf,0.00065,0.0,1,8,0.5050161866887187
LSPIN,lspin_tf,0.00065,0.0,1,9,0.4201287092832153
LSPIN,lspin_tf,0.00065,0.0,2,3,0.7845228430643122
LSPIN,lspin_tf,0.00065,0.0,2,4,0.729987364355953
LSPIN,lspin_tf,0.00065,0.0,2,5,0.7395661395843893
LSPIN,lspin_tf,0.00065,0.0,2,6,0.7935590415818773
LSPIN,lspin_tf,0.00065,0.0,2,7,0.717414965653951
LSPIN,lspin_tf,0.00065,0.0,2,8,0.5830962110926247
LSPIN,lspin_tf,0.00065,0.0,2,9,0.6712048605230573
LSPIN,lspin_tf,0.00065,0.0,3,4,0.7490587863267165
LSPIN,lspin_tf,0.00065,0.0,3,5,0.7574687469177126
LSPIN,lspin_tf,0.00065,0.0,3,6,0.8086622044720244
LSPIN,lspin_tf,0.00065,0.0,3,7,0.722954328250561
LSPIN,lspin_tf,0.00065,0.0,3,8,0.6540338431996674
LSPIN,lspin_tf,0.00065,0.0,3,9,0.7599874198113832
LSPIN,lspin_tf,0.00065,0.0,4,5,0.7141556177894625
LSPIN,lspin_tf,0.00065,0.0,4,6,0.7484698380736888
LSPIN,lspin_tf,0.00065,0.0,4,7,0.6174451471206434
LSPIN,lspin_tf,0.00065,0.0,4,8,0.4352636031783066
LSPIN,lspin_tf,0.00065,0.0,4,9,0.5332686756945849
LSPIN,lspin_tf,0.00065,0.0,5,6,0.7681842433625653
LSPIN,lspin_tf,0.00065,0.0,5,7,0.7678602387726049
LSPIN,lspin_tf,0.00065,0.0,5,8,0.5742978894188026
LSPIN,lspin_tf,0.00065,0.0,5,9,0.6462987207521518
LSPIN,lspin_tf,0.00065,0.0,6,7,0.7857643857474731
LSPIN,lspin_tf,0.00065,0.0,6,8,0.5796743284120386
LSPIN,lspin_tf,0.00065,0.0,6,9,0.7209725295914624
LSPIN,lspin_tf,0.00065,0.0,7,8,0.6630999638950391
LSPIN,lspin_tf,0.00065,0.0,7,9,0.7715435238881662
LSPIN,lspin_tf,0.00065,0.0,8,9,0.6823621702577792
LSPIN,lspin_tf,0.0005,0.0,0,1,0.7063630854304888
LSPIN,lspin_tf,0.0005,0.0,0,2,0.6453115438740662
LSPIN,lspin_tf,0.0005,0.0,0,3,0.7275555288123022
LSPIN,lspin_tf,0.0005,0.0,0,4,0.6057618658659493
LSPIN,lspin_tf,0.0005,0.0,0,5,0.6237087948642355
LSPIN,lspin_tf,0.0005,0.0,0,6,0.6285416919929326
LSPIN,lspin_tf,0.0005,0.0,0,7,0.5493191128278898
LSPIN,lspin_tf,0.0005,0.0,0,8,0.6532785450707747
LSPIN,lspin_tf,0.0005,0.0,0,9,0.5844741797353743
LSPIN,lspin_tf,0.0005,0.0,1,2,0.7029927929369207
LSPIN,lspin_tf,0.0005,0.0,1,3,0.7310721484102471
LSPIN,lspin_tf,0.0005,0.0,1,4,0.5038578254229218
LSPIN,lspin_tf,0.0005,0.0,1,5,0.7647728070367982
LSPIN,lspin_tf,0.0005,0.0,1,6,0.7442002869269766
LSPIN,lspin_tf,0.0005,0.0,1,7,0.6515061027960192
LSPIN,lspin_tf,0.0005,0.0,1,8,0.7910868909793762
LSPIN,lspin_tf,0.0005,0.0,1,9,0.7150393281954603
LSPIN,lspin_tf,0.0005,0.0,2,3,0.5850382449049207
LSPIN,lspin_tf,0.0005,0.0,2,4,0.5912527978552774
LSPIN,lspin_tf,0.0005,0.0,2,5,0.7882728785350389
LSPIN,lspin_tf,0.0005,0.0,2,6,0.5763159752567111
LSPIN,lspin_tf,0.0005,0.0,2,7,0.7784383606449329
LSPIN,lspin_tf,0.0005,0.0,2,8,0.7306685984474208
LSPIN,lspin_tf,0.0005,0.0,2,9,0.47565685200449975
LSPIN,lspin_tf,0.0005,0.0,3,4,0.5819266991536529
LSPIN,lspin_tf,0.0005,0.0,3,5,0.6595815204894137
LSPIN,lspin_tf,0.0005,0.0,3,6,0.712381703828944
LSPIN,lspin_tf,0.0005,0.0,3,7,0.5313338146335652
LSPIN,lspin_tf,0.0005,0.0,3,8,0.6869441279200289
LSPIN,lspin_tf,0.0005,0.0,3,9,0.6066963320519799
LSPIN,lspin_tf,0.0005,0.0,4,5,0.6372775958499903
LSPIN,lspin_tf,0.0005,0.0,4,6,0.5213287006945995
LSPIN,lspin_tf,0.0005,0.0,4,7,0.6706732448664975
LSPIN,lspin_tf,0.0005,0.0,4,8,0.6247138214898219
LSPIN,lspin_tf,0.0005,0.0,4,9,0.45308631527838344
LSPIN,lspin_tf,0.0005,0.0,5,6,0.6765444263711714
LSPIN,lspin_tf,0.0005,0.0,5,7,0.7783716861361891
LSPIN,lspin_tf,0.0005,0.0,5,8,0.8024616451906219
LSPIN,lspin_tf,0.0005,0.0,5,9,0.5678424390353599
LSPIN,lspin_tf,0.0005,0.0,6,7,0.5415956879075743
LSPIN,lspin_tf,0.0005,0.0,6,8,0.7485060873509449
LSPIN,lspin_tf,0.0005,0.0,6,9,0.6394922054355844
LSPIN,lspin_tf,0.0005,0.0,7,8,0.748946314907372
LSPIN,lspin_tf,0.0005,0.0,7,9,0.37732253289827816
LSPIN,lspin_tf,0.0005,0.0,8,9,0.5496029716007242
LSPIN,lspin_tf,0.0004,0.0,0,1,0.6624340925036892
LSPIN,lspin_tf,0.0004,0.0,0,2,0.7602807199683209
LSPIN,lspin_tf,0.0004,0.0,0,3,0.8326397225197446
LSPIN,lspin_tf,0.0004,0.0,0,4,0.7259098052152108
LSPIN,lspin_tf,0.0004,0.0,0,5,0.7840369176924838
LSPIN,lspin_tf,0.0004,0.0,0,6,0.7420260771039237
LSPIN,lspin_tf,0.0004,0.0,0,7,0.8017798246210952
LSPIN,lspin_tf,0.0004,0.0,0,8,0.7678366608232767
LSPIN,lspin_tf,0.0004,0.0,0,9,0.7739521635376194
LSPIN,lspin_tf,0.0004,0.0,1,2,0.659597557487794
LSPIN,lspin_tf,0.0004,0.0,1,3,0.6813731398924723
LSPIN,lspin_tf,0.0004,0.0,1,4,0.5978760810448781
LSPIN,lspin_tf,0.0004,0.0,1,5,0.6733863416911341
LSPIN,lspin_tf,0.0004,0.0,1,6,0.6828071712722128
LSPIN,lspin_tf,0.0004,0.0,1,7,0.5994370923790301
LSPIN,lspin_tf,0.0004,0.0,1,8,0.770229609002982
LSPIN,lspin_tf,0.0004,0.0,1,9,0.695648975666463
LSPIN,lspin_tf,0.0004,0.0,2,3,0.7758231675963063
LSPIN,lspin_tf,0.0004,0.0,2,4,0.70767347717717
LSPIN,lspin_tf,0.0004,0.0,2,5,0.6894409560088302
LSPIN,lspin_tf,0.0004,0.0,2,6,0.7708397172713158
LSPIN,lspin_tf,0.0004,0.0,2,7,0.668768578055493
LSPIN,lspin_tf,0.0004,0.0,2,8,0.7467600667065817
LSPIN,lspin_tf,0.0004,0.0,2,9,0.7729771832193171
LSPIN,lspin_tf,0.0004,0.0,3,4,0.6953942750528401
LSPIN,lspin_tf,0.0004,0.0,3,5,0.7325796310465446
LSPIN,lspin_tf,0.0004,0.0,3,6,0.7863475062850073
LSPIN,lspin_tf,0.0004,0.0,3,7,0.784764304933485
LSPIN,lspin_tf,0.0004,0.0,3,8,0.8010520618658177
LSPIN,lspin_tf,0.0004,0.0,3,9,0.7994573520820112
LSPIN,lspin_tf,0.0004,0.0,4,5,0.743587814762697
LSPIN,lspin_tf,0.0004,0.0,4,6,0.7625344532803509
LSPIN,lspin_tf,0.0004,0.0,4,7,0.7445729054379604
LSPIN,lspin_tf,0.0004,0.0,4,8,0.7346792335182034
LSPIN,lspin_tf,0.0004,0.0,4,9,0.697542515364743
LSPIN,lspin_tf,0.0004,0.0,5,6,0.7683138776691584
LSPIN,lspin_tf,0.0004,0.0,5,7,0.7111284835374244
LSPIN,lspin_tf,0.0004,0.0,5,8,0.8195574203402451
LSPIN,lspin_tf,0.0004,0.0,5,9,0.777010868056336
LSPIN,lspin_tf,0.0004,0.0,6,7,0.7426964454351263
LSPIN,lspin_tf,0.0004,0.0,6,8,0.7819375125018653
LSPIN,lspin_tf,0.0004,0.0,6,9,0.804105247090442
LSPIN,lspin_tf,0.0004,0.0,7,8,0.729172595129405
LSPIN,lspin_tf,0.0004,0.0,7,9,0.6881101197666002
LSPIN,lspin_tf,0.0004,0.0,8,9,0.8089511228337948
LSPIN,lspin_tf,0.0003,0.0,0,1,0.5677310951131039
LSPIN,lspin_tf,0.0003,0.0,0,2,0.7150139872644493
LSPIN,lspin_tf,0.0003,0.0,0,3,0.7985132535609887
LSPIN,lspin_tf,0.0003,0.0,0,4,0.7011909992989404
LSPIN,lspin_tf,0.0003,0.0,0,5,0.6914230186607551
LSPIN,lspin_tf,0.0003,0.0,0,6,0.7998798420483152
LSPIN,lspin_tf,0.0003,0.0,0,7,0.7742487748520546
LSPIN,lspin_tf,0.0003,0.0,0,8,0.7687462656906404
LSPIN,lspin_tf,0.0003,0.0,0,9,0.6072661023321468
LSPIN,lspin_tf,0.0003,0.0,1,2,0.6721164420816423
LSPIN,lspin_tf,0.0003,0.0,1,3,0.522435957267379
LSPIN,lspin_tf,0.0003,0.0,1,4,0.6429757474201359
LSPIN,lspin_tf,0.0003,0.0,1,5,0.4694046898640585
LSPIN,lspin_tf,0.0003,0.0,1,6,0.5790106125576251
LSPIN,lspin_tf,0.0003,0.0,1,7,0.6447227232103956
LSPIN,lspin_tf,0.0003,0.0,1,8,0.6671759629928928
LSPIN,lspin_tf,0.0003,0.0,1,9,0.5818756940174389
LSPIN,lspin_tf,0.0003,0.0,2,3,0.6660506245578797
LSPIN,lspin_tf,0.0003,0.0,2,4,0.5880439349782738
LSPIN,lspin_tf,0.0003,0.0,2,5,0.7114091158721288
LSPIN,lspin_tf,0.0003,0.0,2,6,0.7428902497555666
LSPIN,lspin_tf,0.0003,0.0,2,7,0.7492754104060514
LSPIN,lspin_tf,0.0003,0.0,2,8,0.6838385390881279
LSPIN,lspin_tf,0.0003,0.0,2,9,0.5348682376212784
LSPIN,lspin_tf,0.0003,0.0,3,4,0.7061500314421373
LSPIN,lspin_tf,0.0003,0.0,3,5,0.7014387589247415
LSPIN,lspin_tf,0.0003,0.0,3,6,0.827268216720139
LSPIN,lspin_tf,0.0003,0.0,3,7,0.7125934240635717
LSPIN,lspin_tf,0.0003,0.0,3,8,0.7947173550908443
LSPIN,lspin_tf,0.0003,0.0,3,9,0.6261010574603016
LSPIN,lspin_tf,0.0003,0.0,4,5,0.587600103301258
LSPIN,lspin_tf,0.0003,0.0,4,6,0.7148235510912676
LSPIN,lspin_tf,0.0003,0.0,4,7,0.6691714755830578
LSPIN,lspin_tf,0.0003,0.0,4,8,0.7804527226249452
LSPIN,lspin_tf,0.0003,0.0,4,9,0.6523994979223593
LSPIN,lspin_tf,0.0003,0.0,5,6,0.7848394666065741
LSPIN,lspin_tf,0.0003,0.0,5,7,0.7624024571279963
LSPIN,lspin_tf,0.0003,0.0,5,8,0.6331513787389365
LSPIN,lspin_tf,0.0003,0.0,5,9,0.43958856489930065
LSPIN,lspin_tf,0.0003,0.0,6,7,0.802090324699388
LSPIN,lspin_tf,0.0003,0.0,6,8,0.7902128292312922
LSPIN,lspin_tf,0.0003,0.0,6,9,0.588157736461119
LSPIN,lspin_tf,0.0003,0.0,7,8,0.7497680273529843
LSPIN,lspin_tf,0.0003,0.0,7,9,0.6944942739808032
LSPIN,lspin_tf,0.0003,0.0,8,9,0.7076089583519025
LSPIN,lspin_tf,0.011,0.1,0,1,0.8277559540577748
LSPIN,lspin_tf,0.011,0.1,0,2,0.8619903500882176
LSPIN,lspin_tf,0.011,0.1,0,3,0.86516409199526
LSPIN,lspin_tf,0.011,0.1,0,4,0.9022900333072021
LSPIN,lspin_tf,0.011,0.1,0,5,0.6712337516133393
LSPIN,lspin_tf,0.011,0.1,0,6,0.8318794757191577
LSPIN,lspin_tf,0.011,0.1,0,7,0.802903496823008
LSPIN,lspin_tf,0.011,0.1,0,8,0.7596841777249155
LSPIN,lspin_tf,0.011,0.1,0,9,0.8434196105208418
LSPIN,lspin_tf,0.011,0.1,1,2,0.7710316178791714
LSPIN,lspin_tf,0.011,0.1,1,3,0.8852473191245714
LSPIN,lspin_tf,0.011,0.1,1,4,0.8733791021662809
LSPIN,lspin_tf,0.011,0.1,1,5,0.6139483913998266
LSPIN,lspin_tf,0.011,0.1,1,6,0.8459083777572743
LSPIN,lspin_tf,0.011,0.1,1,7,0.8092262560833817
LSPIN,lspin_tf,0.011,0.1,1,8,0.8366674610466668
LSPIN,lspin_tf,0.011,0.1,1,9,0.7804237560492193
LSPIN,lspin_tf,0.011,0.1,2,3,0.7667020927907897
LSPIN,lspin_tf,0.011,0.1,2,4,0.8410422102766281
LSPIN,lspin_tf,0.011,0.1,2,5,0.6881677300081787
LSPIN,lspin_tf,0.011,0.1,2,6,0.7942125559045583
LSPIN,lspin_tf,0.011,0.1,2,7,0.7948643820392927
LSPIN,lspin_tf,0.011,0.1,2,8,0.7755581420999058
LSPIN,lspin_tf,0.011,0.1,2,9,0.8329126520445915
LSPIN,lspin_tf,0.011,0.1,3,4,0.8800401269041516
LSPIN,lspin_tf,0.011,0.1,3,5,0.601321478973486
LSPIN,lspin_tf,0.011,0.1,3,6,0.9045333089453036
LSPIN,lspin_tf,0.011,0.1,3,7,0.7882707671670797
LSPIN,lspin_tf,0.011,0.1,3,8,0.8201016687141444
LSPIN,lspin_tf,0.011,0.1,3,9,0.8206152350227708
LSPIN,lspin_tf,0.011,0.1,4,5,0.5664489447530919
LSPIN,lspin_tf,0.011,0.1,4,6,0.8491630682679809
LSPIN,lspin_tf,0.011,0.1,4,7,0.7801871341499159
LSPIN,lspin_tf,0.011,0.1,4,8,0.8104564806138002
LSPIN,lspin_tf,0.011,0.1,4,9,0.8080597967661786
LSPIN,lspin_tf,0.011,0.1,5,6,0.5681123788777174
LSPIN,lspin_tf,0.011,0.1,5,7,0.724379378030042
LSPIN,lspin_tf,0.011,0.1,5,8,0.5844910537816593
LSPIN,lspin_tf,0.011,0.1,5,9,0.7992643162907445
LSPIN,lspin_tf,0.011,0.1,6,7,0.7833074411696551
LSPIN,lspin_tf,0.011,0.1,6,8,0.8932007887090178
LSPIN,lspin_tf,0.011,0.1,6,9,0.7653439645498108
LSPIN,lspin_tf,0.011,0.1,7,8,0.7858726495277615
LSPIN,lspin_tf,0.011,0.1,7,9,0.8367781630911618
LSPIN,lspin_tf,0.011,0.1,8,9,0.7292886136609744
LSPIN,lspin_tf,0.0075,0.1,0,1,0.8104582979389202
LSPIN,lspin_tf,0.0075,0.1,0,2,0.8298270672969137
LSPIN,lspin_tf,0.0075,0.1,0,3,0.8213614039682613
LSPIN,lspin_tf,0.0075,0.1,0,4,0.9180202397185306
LSPIN,lspin_tf,0.0075,0.1,0,5,0.8673442880002976
LSPIN,lspin_tf,0.0075,0.1,0,6,0.7608503774492602
LSPIN,lspin_tf,0.0075,0.1,0,7,0.8232604068086301
LSPIN,lspin_tf,0.0075,0.1,0,8,0.8979456035155897
LSPIN,lspin_tf,0.0075,0.1,0,9,0.8684372073723431
LSPIN,lspin_tf,0.0075,0.1,1,2,0.8029144320079296
LSPIN,lspin_tf,0.0075,0.1,1,3,0.856251342913226
LSPIN,lspin_tf,0.0075,0.1,1,4,0.7867960594352612
LSPIN,lspin_tf,0.0075,0.1,1,5,0.636883712937108
LSPIN,lspin_tf,0.0075,0.1,1,6,0.7184320580640947
LSPIN,lspin_tf,0.0075,0.1,1,7,0.7884194412882604
LSPIN,lspin_tf,0.0075,0.1,1,8,0.6861327270914451
LSPIN,lspin_tf,0.0075,0.1,1,9,0.8202254692936871
LSPIN,lspin_tf,0.0075,0.1,2,3,0.7654189180284369
LSPIN,lspin_tf,0.0075,0.1,2,4,0.7862587341985428
LSPIN,lspin_tf,0.0075,0.1,2,5,0.7403616539457327
LSPIN,lspin_tf,0.0075,0.1,2,6,0.6643071291453678
LSPIN,lspin_tf,0.0075,0.1,2,7,0.7453566313419472
LSPIN,lspin_tf,0.0075,0.1,2,8,0.7727795913924222
LSPIN,lspin_tf,0.0075,0.1,2,9,0.8805712846940887
LSPIN,lspin_tf,0.0075,0.1,3,4,0.8196421643594972
LSPIN,lspin_tf,0.0075,0.1,3,5,0.7125032416179677
LSPIN,lspin_tf,0.0075,0.1,3,6,0.8094216342039875
LSPIN,lspin_tf,0.0075,0.1,3,7,0.7749496162544492
LSPIN,lspin_tf,0.0075,0.1,3,8,0.7088731155710912
LSPIN,lspin_tf,0.0075,0.1,3,9,0.790849025243546
LSPIN,lspin_tf,0.0075,0.1,4,5,0.900308212244278
LSPIN,lspin_tf,0.0075,0.1,4,6,0.8153164359691699
LSPIN,lspin_tf,0.0075,0.1,4,7,0.8491607957171412
LSPIN,lspin_tf,0.0075,0.1,4,8,0.8869514664473359
LSPIN,lspin_tf,0.0075,0.1,4,9,0.8137607173390449
LSPIN,lspin_tf,0.0075,0.1,5,6,0.738050142160335
LSPIN,lspin_tf,0.0075,0.1,5,7,0.7414051822176226
LSPIN,lspin_tf,0.0075,0.1,5,8,0.8920622263571346
LSPIN,lspin_tf,0.0075,0.1,5,9,0.754890403628015
LSPIN,lspin_tf,0.0075,0.1,6,7,0.8334288742814835
LSPIN,lspin_tf,0.0075,0.1,6,8,0.6780976780238138
LSPIN,lspin_tf,0.0075,0.1,6,9,0.656863168765183
LSPIN,lspin_tf,0.0075,0.1,7,8,0.7671553176783287
LSPIN,lspin_tf,0.0075,0.1,7,9,0.7522426151108222
LSPIN,lspin_tf,0.0075,0.1,8,9,0.8584189908215355
LSPIN,lspin_tf,0.005,0.1,0,1,0.7221617705900569
LSPIN,lspin_tf,0.005,0.1,0,2,0.7306347065270625
LSPIN,lspin_tf,0.005,0.1,0,3,0.78200861088291
LSPIN,lspin_tf,0.005,0.1,0,4,0.8195189463914314
LSPIN,lspin_tf,0.005,0.1,0,5,0.7616048726984783
LSPIN,lspin_tf,0.005,0.1,0,6,0.7645950233577462
LSPIN,lspin_tf,0.005,0.1,0,7,0.7040720970842907
LSPIN,lspin_tf,0.005,0.1,0,8,0.7326751403914934
LSPIN,lspin_tf,0.005,0.1,0,9,0.7964347317426731
LSPIN,lspin_tf,0.005,0.1,1,2,0.750578167500525
LSPIN,lspin_tf,0.005,0.1,1,3,0.7839606277568115
LSPIN,lspin_tf,0.005,0.1,1,4,0.7731570378535311
LSPIN,lspin_tf,0.005,0.1,1,5,0.8108449652106479
LSPIN,lspin_tf,0.005,0.1,1,6,0.8914238098450963
LSPIN,lspin_tf,0.005,0.1,1,7,0.731545040273329
LSPIN,lspin_tf,0.005,0.1,1,8,0.8188609687059852
LSPIN,lspin_tf,0.005,0.1,1,9,0.856744435683907
LSPIN,lspin_tf,0.005,0.1,2,3,0.8361563314791707
LSPIN,lspin_tf,0.005,0.1,2,4,0.7861202673441497
LSPIN,lspin_tf,0.005,0.1,2,5,0.9206132570997808
LSPIN,lspin_tf,0.005,0.1,2,6,0.7402525282519538
LSPIN,lspin_tf,0.005,0.1,2,7,0.9025163301233619
LSPIN,lspin_tf,0.005,0.1,2,8,0.9239255799336763
LSPIN,lspin_tf,0.005,0.1,2,9,0.9134022439186018
LSPIN,lspin_tf,0.005,0.1,3,4,0.8594930774196137
LSPIN,lspin_tf,0.005,0.1,3,5,0.8944657122810691
LSPIN,lspin_tf,0.005,0.1,3,6,0.8437889696558579
LSPIN,lspin_tf,0.005,0.1,3,7,0.8330132404765427
LSPIN,lspin_tf,0.005,0.1,3,8,0.8659095759598774
LSPIN,lspin_tf,0.005,0.1,3,9,0.8769375733839656
LSPIN,lspin_tf,0.005,0.1,4,5,0.8268164753623327
LSPIN,lspin_tf,0.005,0.1,4,6,0.8260076896983446
LSPIN,lspin_tf,0.005,0.1,4,7,0.7968677177459148
LSPIN,lspin_tf,0.005,0.1,4,8,0.7893303842122037
LSPIN,lspin_tf,0.005,0.1,4,9,0.8447519692735823
LSPIN,lspin_tf,0.005,0.1,5,6,0.8280804682664445
LSPIN,lspin_tf,0.005,0.1,5,7,0.8995301782927421
LSPIN,lspin_tf,0.005,0.1,5,8,0.9541320062853453
LSPIN,lspin_tf,0.005,0.1,5,9,0.9179729310704465
LSPIN,lspin_tf,0.005,0.1,6,7,0.7893061180555117
LSPIN,lspin_tf,0.005,0.1,6,8,0.7932867115438368
LSPIN,lspin_tf,0.005,0.1,6,9,0.8679158174848229
LSPIN,lspin_tf,0.005,0.1,7,8,0.9002475341991427
LSPIN,lspin_tf,0.005,0.1,7,9,0.8863916718988178
LSPIN,lspin_tf,0.005,0.1,8,9,0.909188380088938
LSPIN,lspin_tf,0.0033,0.1,0,1,0.5607995601997532
LSPIN,lspin_tf,0.0033,0.1,0,2,0.6478842354481763
LSPIN,lspin_tf,0.0033,0.1,0,3,0.7242028640049262
LSPIN,lspin_tf,0.0033,0.1,0,4,0.7902368177648312
LSPIN,lspin_tf,0.0033,0.1,0,5,0.779608140399998
LSPIN,lspin_tf,0.0033,0.1,0,6,0.8092033391276698
LSPIN,lspin_tf,0.0033,0.1,0,7,0.7168230006103249
LSPIN,lspin_tf,0.0033,0.1,0,8,0.49716131632220384
LSPIN,lspin_tf,0.0033,0.1,0,9,0.6352562844727199
LSPIN,lspin_tf,0.0033,0.1,1,2,0.892448515655768
LSPIN,lspin_tf,0.0033,0.1,1,3,0.8821448487918174
LSPIN,lspin_tf,0.0033,0.1,1,4,0.8401984755078699
LSPIN,lspin_tf,0.0033,0.1,1,5,0.8195429434899062
LSPIN,lspin_tf,0.0033,0.1,1,6,0.6468177891843314
LSPIN,lspin_tf,0.0033,0.1,1,7,0.6930639897039382
LSPIN,lspin_tf,0.0033,0.1,1,8,0.9149671761700261
LSPIN,lspin_tf,0.0033,0.1,1,9,0.6918282758500321
LSPIN,lspin_tf,0.0033,0.1,2,3,0.8357312315171018
LSPIN,lspin_tf,0.0033,0.1,2,4,0.8770144124979369
LSPIN,lspin_tf,0.0033,0.1,2,5,0.8137194918940848
LSPIN,lspin_tf,0.0033,0.1,2,6,0.6728967434068845
LSPIN,lspin_tf,0.0033,0.1,2,7,0.674347454544846
LSPIN,lspin_tf,0.0033,0.1,2,8,0.8774974590382819
LSPIN,lspin_tf,0.0033,0.1,2,9,0.6832691058132303
LSPIN,lspin_tf,0.0033,0.1,3,4,0.8576865180236574
LSPIN,lspin_tf,0.0033,0.1,3,5,0.8738576900288202
LSPIN,lspin_tf,0.0033,0.1,3,6,0.8015195918758828
LSPIN,lspin_tf,0.0033,0.1,3,7,0.8396121691495012
LSPIN,lspin_tf,0.0033,0.1,3,8,0.7893727704533477
LSPIN,lspin_tf,0.0033,0.1,3,9,0.794409521694646
LSPIN,lspin_tf,0.0033,0.1,4,5,0.8860047274119152
LSPIN,lspin_tf,0.0033,0.1,4,6,0.7312007504613702
LSPIN,lspin_tf,0.0033,0.1,4,7,0.7511946535369138
LSPIN,lspin_tf,0.0033,0.1,4,8,0.8296265141754455
LSPIN,lspin_tf,0.0033,0.1,4,9,0.6936861052107854
LSPIN,lspin_tf,0.0033,0.1,5,6,0.7273490158036735
LSPIN,lspin_tf,0.0033,0.1,5,7,0.8260523403847657
LSPIN,lspin_tf,0.0033,0.1,5,8,0.8186059933705385
LSPIN,lspin_tf,0.0033,0.1,5,9,0.715477077992051
LSPIN,lspin_tf,0.0033,0.1,6,7,0.7226768240313832
LSPIN,lspin_tf,0.0033,0.1,6,8,0.5203409282412128
LSPIN,lspin_tf,0.0033,0.1,6,9,0.8034321165125957
LSPIN,lspin_tf,0.0033,0.1,7,8,0.6129398707788984
LSPIN,lspin_tf,0.0033,0.1,7,9,0.8103204438836897
LSPIN,lspin_tf,0.0033,0.1,8,9,0.5805464063084793
LSPIN,lspin_tf,0.0022,0.1,0,1,0.8275841442029758
LSPIN,lspin_tf,0.0022,0.1,0,2,0.7475544236457041
LSPIN,lspin_tf,0.0022,0.1,0,3,0.8399434665888031
LSPIN,lspin_tf,0.0022,0.1,0,4,0.8935141628098888
LSPIN,lspin_tf,0.0022,0.1,0,5,0.9161330421586065
LSPIN,lspin_tf,0.0022,0.1,0,6,0.8312495780517063
LSPIN,lspin_tf,0.0022,0.1,0,7,0.82984147982937
LSPIN,lspin_tf,0.0022,0.1,0,8,0.7536045766965005
LSPIN,lspin_tf,0.0022,0.1,0,9,0.7896292410524409
LSPIN,lspin_tf,0.0022,0.1,1,2,0.7702745551770045
LSPIN,lspin_tf,0.0022,0.1,1,3,0.8869423193245232
LSPIN,lspin_tf,0.0022,0.1,1,4,0.8558461428781342
LSPIN,lspin_tf,0.0022,0.1,1,5,0.8905176456295323
LSPIN,lspin_tf,0.0022,0.1,1,6,0.8451595986281605
LSPIN,lspin_tf,0.0022,0.1,1,7,0.849466165076047
LSPIN,lspin_tf,0.0022,0.1,1,8,0.8347262109871304
LSPIN,lspin_tf,0.0022,0.1,1,9,0.8676505081781847
LSPIN,lspin_tf,0.0022,0.1,2,3,0.8640818904325948
LSPIN,lspin_tf,0.0022,0.1,2,4,0.823198358168324
LSPIN,lspin_tf,0.0022,0.1,2,5,0.7991659477369805
LSPIN,lspin_tf,0.0022,0.1,2,6,0.9074988927878458
LSPIN,lspin_tf,0.0022,0.1,2,7,0.9107428788848199
LSPIN,lspin_tf,0.0022,0.1,2,8,0.8239569599120361
LSPIN,lspin_tf,0.0022,0.1,2,9,0.7774526830824754
LSPIN,lspin_tf,0.0022,0.1,3,4,0.8571243224965662
LSPIN,lspin_tf,0.0022,0.1,3,5,0.8958645405638098
LSPIN,lspin_tf,0.0022,0.1,3,6,0.8693610554560139
LSPIN,lspin_tf,0.0022,0.1,3,7,0.9396962088059722
LSPIN,lspin_tf,0.0022,0.1,3,8,0.8800360348740741
LSPIN,lspin_tf,0.0022,0.1,3,9,0.8439684045688793
LSPIN,lspin_tf,0.0022,0.1,4,5,0.9193884491157063
LSPIN,lspin_tf,0.0022,0.1,4,6,0.8963918317748129
LSPIN,lspin_tf,0.0022,0.1,4,7,0.8906387052091035
LSPIN,lspin_tf,0.0022,0.1,4,8,0.8337067859697704
LSPIN,lspin_tf,0.0022,0.1,4,9,0.7931458029923685
LSPIN,lspin_tf,0.0022,0.1,5,6,0.8466528790341548
LSPIN,lspin_tf,0.0022,0.1,5,7,0.8850668250801524
LSPIN,lspin_tf,0.0022,0.1,5,8,0.832694350222183
LSPIN,lspin_tf,0.0022,0.1,5,9,0.8623430247167926
LSPIN,lspin_tf,0.0022,0.1,6,7,0.911670900918022
LSPIN,lspin_tf,0.0022,0.1,6,8,0.8426216194423977
LSPIN,lspin_tf,0.0022,0.1,6,9,0.8305836181414873
LSPIN,lspin_tf,0.0022,0.1,7,8,0.9184921458574471
LSPIN,lspin_tf,0.0022,0.1,7,9,0.8621269848631021
LSPIN,lspin_tf,0.0022,0.1,8,9,0.8361455774742566
LSPIN,lspin_tf,0.011,0.2,0,1,0.7950283589757159
LSPIN,lspin_tf,0.011,0.2,0,2,0.8317013727542781
LSPIN,lspin_tf,0.011,0.2,0,3,0.8696243182827672
LSPIN,lspin_tf,0.011,0.2,0,4,0.7247506866310575
LSPIN,lspin_tf,0.011,0.2,0,5,0.6967451269805494
LSPIN,lspin_tf,0.011,0.2,0,6,0.8471031570777707
LSPIN,lspin_tf,0.011,0.2,0,7,0.8468477831626355
LSPIN,lspin_tf,0.011,0.2,0,8,0.7733559055093798
LSPIN,lspin_tf,0.011,0.2,0,9,0.7417338226068251
LSPIN,lspin_tf,0.011,0.2,1,2,0.8392540257546487
LSPIN,lspin_tf,0.011,0.2,1,3,0.8630171820257928
LSPIN,lspin_tf,0.011,0.2,1,4,0.7931726583413873
LSPIN,lspin_tf,0.011,0.2,1,5,0.8438195350767717
LSPIN,lspin_tf,0.011,0.2,1,6,0.88216475233354
LSPIN,lspin_tf,0.011,0.2,1,7,0.8170321539598695
LSPIN,lspin_tf,0.011,0.2,1,8,0.8874668075049849
LSPIN,lspin_tf,0.011,0.2,1,9,0.88468992713835
LSPIN,lspin_tf,0.011,0.2,2,3,0.8863357878268081
LSPIN,lspin_tf,0.011,0.2,2,4,0.6886126475808987
LSPIN,lspin_tf,0.011,0.2,2,5,0.7382788773160227
LSPIN,lspin_tf,0.011,0.2,2,6,0.9175357312243126
LSPIN,lspin_tf,0.011,0.2,2,7,0.8562913799710844
LSPIN,lspin_tf,0.011,0.2,2,8,0.8117102675929114
LSPIN,lspin_tf,0.011,0.2,2,9,0.8741066925157915
LSPIN,lspin_tf,0.011,0.2,3,4,0.7920693375108103
LSPIN,lspin_tf,0.011,0.2,3,5,0.8324307519066956
LSPIN,lspin_tf,0.011,0.2,3,6,0.9142545119537133
LSPIN,lspin_tf,0.011,0.2,3,7,0.8911779441976009
LSPIN,lspin_tf,0.011,0.2,3,8,0.8567148864034236
LSPIN,lspin_tf,0.011,0.2,3,9,0.8625149319375331
LSPIN,lspin_tf,0.011,0.2,4,5,0.769561388101657
LSPIN,lspin_tf,0.011,0.2,4,6,0.7784499836339821
LSPIN,lspin_tf,0.011,0.2,4,7,0.7164440290648989
LSPIN,lspin_tf,0.011,0.2,4,8,0.749517635249179
LSPIN,lspin_tf,0.011,0.2,4,9,0.7384344765651831
LSPIN,lspin_tf,0.011,0.2,5,6,0.8038409140362734
LSPIN,lspin_tf,0.011,0.2,5,7,0.7558491554646165
LSPIN,lspin_tf,0.011,0.2,5,8,0.7614142786226415
LSPIN,lspin_tf,0.011,0.2,5,9,0.7688248497499833
LSPIN,lspin_tf,0.011,0.2,6,7,0.8937282183951961
LSPIN,lspin_tf,0.011,0.2,6,8,0.8390279788458734
LSPIN,lspin_tf,0.011,0.2,6,9,0.8761473169177688
LSPIN,lspin_tf,0.011,0.2,7,8,0.767710168250572
LSPIN,lspin_tf,0.011,0.2,7,9,0.8003845089111199
LSPIN,lspin_tf,0.011,0.2,8,9,0.8351223592754747
LSPIN,lspin_tf,0.0075,0.2,0,1,0.6995654711598426
LSPIN,lspin_tf,0.0075,0.2,0,2,0.6148662172731648
LSPIN,lspin_tf,0.0075,0.2,0,3,0.7842235139494088
LSPIN,lspin_tf,0.0075,0.2,0,4,0.648596984481693
LSPIN,lspin_tf,0.0075,0.2,0,5,0.871552102716957
LSPIN,lspin_tf,0.0075,0.2,0,6,0.7014251415075935
LSPIN,lspin_tf,0.0075,0.2,0,7,0.8632161604755457
LSPIN,lspin_tf,0.0075,0.2,0,8,0.8138398159543744
LSPIN,lspin_tf,0.0075,0.2,0,9,0.7931462201655696
LSPIN,lspin_tf,0.0075,0.2,1,2,0.7618327439628011
LSPIN,lspin_tf,0.0075,0.2,1,3,0.8035813979688802
LSPIN,lspin_tf,0.0075,0.2,1,4,0.7491407119996785
LSPIN,lspin_tf,0.0075,0.2,1,5,0.7761089451264638
LSPIN,lspin_tf,0.0075,0.2,1,6,0.8591401601277051
LSPIN,lspin_tf,0.0075,0.2,1,7,0.6809854746254129
LSPIN,lspin_tf,0.0075,0.2,1,8,0.6579356614308807
LSPIN,lspin_tf,0.0075,0.2,1,9,0.7242152682603706
LSPIN,lspin_tf,0.0075,0.2,2,3,0.8747713646706229
LSPIN,lspin_tf,0.0075,0.2,2,4,0.8853152667092539
LSPIN,lspin_tf,0.0075,0.2,2,5,0.7867874958549202
LSPIN,lspin_tf,0.0075,0.2,2,6,0.8274259490076895
LSPIN,lspin_tf,0.0075,0.2,2,7,0.7412665886437522
LSPIN,lspin_tf,0.0075,0.2,2,8,0.7728146992365105
LSPIN,lspin_tf,0.0075,0.2,2,9,0.8470935358914886
LSPIN,lspin_tf,0.0075,0.2,3,4,0.8234954727980923
LSPIN,lspin_tf,0.0075,0.2,3,5,0.9121443811413174
LSPIN,lspin_tf,0.0075,0.2,3,6,0.831868704737576
LSPIN,lspin_tf,0.0075,0.2,3,7,0.873448005190383
LSPIN,lspin_tf,0.0075,0.2,3,8,0.8571254550477805
LSPIN,lspin_tf,0.0075,0.2,3,9,0.881585519925224
LSPIN,lspin_tf,0.0075,0.2,4,5,0.7765936224473882
LSPIN,lspin_tf,0.0075,0.2,4,6,0.8241621427333745
LSPIN,lspin_tf,0.0075,0.2,4,7,0.6961626479393154
LSPIN,lspin_tf,0.0075,0.2,4,8,0.7515344808985062
LSPIN,lspin_tf,0.0075,0.2,4,9,0.8723134989882609
LSPIN,lspin_tf,0.0075,0.2,5,6,0.795334352928558
LSPIN,lspin_tf,0.0075,0.2,5,7,0.9143107586032629
LSPIN,lspin_tf,0.0075,0.2,5,8,0.8577586518788741
LSPIN,lspin_tf,0.0075,0.2,5,9,0.8483147413155685
LSPIN,lspin_tf,0.0075,0.2,6,7,0.6790038744071047
LSPIN,lspin_tf,0.0075,0.2,6,8,0.6881542932474135
LSPIN,lspin_tf,0.0075,0.2,6,9,0.860068594132538
LSPIN,lspin_tf,0.0075,0.2,7,8,0.9067131506347641
LSPIN,lspin_tf,0.0075,0.2,7,9,0.7964127748009041
LSPIN,lspin_tf,0.0075,0.2,8,9,0.82217172475021
LSPIN,lspin_tf,0.005,0.2,0,1,0.741545570652477
LSPIN,lspin_tf,0.005,0.2,0,2,0.7077305793531442
LSPIN,lspin_tf,0.005,0.2,0,3,0.8678616967052285
LSPIN,lspin_tf,0.005,0.2,0,4,0.746998727258282
LSPIN,lspin_tf,0.005,0.2,0,5,0.7692250472032586
LSPIN,lspin_tf,0.005,0.2,0,6,0.766448328755511
LSPIN,lspin_tf,0.005,0.2,0,7,0.8127419046878918
LSPIN,lspin_tf,0.005,0.2,0,8,0.8962060656479739
LSPIN,lspin_tf,0.005,0.2,0,9,0.7978687815983337
LSPIN,lspin_tf,0.005,0.2,1,2,0.9111921263807147
LSPIN,lspin_tf,0.005,0.2,1,3,0.7124667798730909
LSPIN,lspin_tf,0.005,0.2,1,4,0.9398984817860612
LSPIN,lspin_tf,0.005,0.2,1,5,0.873051553175845
LSPIN,lspin_tf,0.005,0.2,1,6,0.8115325729738193
LSPIN,lspin_tf,0.005,0.2,1,7,0.889236090197376
LSPIN,lspin_tf,0.005,0.2,1,8,0.8427464850693238
LSPIN,lspin_tf,0.005,0.2,1,9,0.8945602066636948
LSPIN,lspin_tf,0.005,0.2,2,3,0.6844417988447404
LSPIN,lspin_tf,0.005,0.2,2,4,0.9557282231785987
LSPIN,lspin_tf,0.005,0.2,2,5,0.9012459595552713
LSPIN,lspin_tf,0.005,0.2,2,6,0.8321153691540589
LSPIN,lspin_tf,0.005,0.2,2,7,0.8712822832240937
LSPIN,lspin_tf,0.005,0.2,2,8,0.8260411394916949
LSPIN,lspin_tf,0.005,0.2,2,9,0.9129004177890224
LSPIN,lspin_tf,0.005,0.2,3,4,0.6914397454280506
LSPIN,lspin_tf,0.005,0.2,3,5,0.7702793181045066
LSPIN,lspin_tf,0.005,0.2,3,6,0.7987168900705647
LSPIN,lspin_tf,0.005,0.2,3,7,0.7574026023044044
LSPIN,lspin_tf,0.005,0.2,3,8,0.8893406865059007
LSPIN,lspin_tf,0.005,0.2,3,9,0.7508562985683435
LSPIN,lspin_tf,0.005,0.2,4,5,0.9036565172946099
LSPIN,lspin_tf,0.005,0.2,4,6,0.8272928797081459
LSPIN,lspin_tf,0.005,0.2,4,7,0.9038074887715517
LSPIN,lspin_tf,0.005,0.2,4,8,0.8320486736679935
LSPIN,lspin_tf,0.005,0.2,4,9,0.9387182620286234
LSPIN,lspin_tf,0.005,0.2,5,6,0.8752867190504968
LSPIN,lspin_tf,0.005,0.2,5,7,0.8474994808510626
LSPIN,lspin_tf,0.005,0.2,5,8,0.8569742498327539
LSPIN,lspin_tf,0.005,0.2,5,9,0.8957899473279095
LSPIN,lspin_tf,0.005,0.2,6,7,0.7728566845692834
LSPIN,lspin_tf,0.005,0.2,6,8,0.8311908976132185
LSPIN,lspin_tf,0.005,0.2,6,9,0.8272911936686635
LSPIN,lspin_tf,0.005,0.2,7,8,0.8746595451234991
LSPIN,lspin_tf,0.005,0.2,7,9,0.8818784296789303
LSPIN,lspin_tf,0.005,0.2,8,9,0.8414816151102968
LSPIN,lspin_tf,0.0033,0.2,0,1,0.851374544603429
LSPIN,lspin_tf,0.0033,0.2,0,2,0.7917907038599495
LSPIN,lspin_tf,0.0033,0.2,0,3,0.6731310434106856
LSPIN,lspin_tf,0.0033,0.2,0,4,0.8711893146387294
LSPIN,lspin_tf,0.0033,0.2,0,5,0.6258096458322279
LSPIN,lspin_tf,0.0033,0.2,0,6,0.740404284785704
LSPIN,lspin_tf,0.0033,0.2,0,7,0.7896384311943861
LSPIN,lspin_tf,0.0033,0.2,0,8,0.7412338607426509
LSPIN,lspin_tf,0.0033,0.2,0,9,0.8206206912575459
LSPIN,lspin_tf,0.0033,0.2,1,2,0.9099714369182105
LSPIN,lspin_tf,0.0033,0.2,1,3,0.8267660664367992
LSPIN,lspin_tf,0.0033,0.2,1,4,0.9151158858077725
LSPIN,lspin_tf,0.0033,0.2,1,5,0.7718038125742389
LSPIN,lspin_tf,0.0033,0.2,1,6,0.885368074165967
LSPIN,lspin_tf,0.0033,0.2,1,7,0.8757791114117512
LSPIN,lspin_tf,0.0033,0.2,1,8,0.8744934087937365
LSPIN,lspin_tf,0.0033,0.2,1,9,0.9229385922461671
LSPIN,lspin_tf,0.0033,0.2,2,3,0.8871226771970616
LSPIN,lspin_tf,0.0033,0.2,2,4,0.8883089673359507
LSPIN,lspin_tf,0.0033,0.2,2,5,0.775508602116172
LSPIN,lspin_tf,0.0033,0.2,2,6,0.9119405253130187
LSPIN,lspin_tf,0.0033,0.2,2,7,0.9000653697884484
LSPIN,lspin_tf,0.0033,0.2,2,8,0.8734784637233374
LSPIN,lspin_tf,0.0033,0.2,2,9,0.9244921436906108
LSPIN,lspin_tf,0.0033,0.2,3,4,0.8274686658527802
LSPIN,lspin_tf,0.0033,0.2,3,5,0.7925808555372771
LSPIN,lspin_tf,0.0033,0.2,3,6,0.8894638608908598
LSPIN,lspin_tf,0.0033,0.2,3,7,0.8697038304926608
LSPIN,lspin_tf,0.0033,0.2,3,8,0.889888392860844
LSPIN,lspin_tf,0.0033,0.2,3,9,0.8627567583212977
LSPIN,lspin_tf,0.0033,0.2,4,5,0.764799216653424
LSPIN,lspin_tf,0.0033,0.2,4,6,0.8509329088989134
LSPIN,lspin_tf,0.0033,0.2,4,7,0.891430571031825
LSPIN,lspin_tf,0.0033,0.2,4,8,0.8668199159969815
LSPIN,lspin_tf,0.0033,0.2,4,9,0.9056612153088544
LSPIN,lspin_tf,0.0033,0.2,5,6,0.7919693052090361
LSPIN,lspin_tf,0.0033,0.2,5,7,0.7420026152324964
LSPIN,lspin_tf,0.0033,0.2,5,8,0.8249003176692652
LSPIN,lspin_tf,0.0033,0.2,5,9,0.8396011618008907
LSPIN,lspin_tf,0.0033,0.2,6,7,0.8936963745880666
LSPIN,lspin_tf,0.0033,0.2,6,8,0.9333165992920996
LSPIN,lspin_tf,0.0033,0.2,6,9,0.8945448999995284
LSPIN,lspin_tf,0.0033,0.2,7,8,0.9223443917894849
LSPIN,lspin_tf,0.0033,0.2,7,9,0.8780556935155899
LSPIN,lspin_tf,0.0033,0.2,8,9,0.880325518566346
LSPIN,lspin_tf,0.0022,0.2,0,1,0.9041640388803528
LSPIN,lspin_tf,0.0022,0.2,0,2,0.8704754496068989
LSPIN,lspin_tf,0.0022,0.2,0,3,0.9030599813376585
LSPIN,lspin_tf,0.0022,0.2,0,4,0.815606129496129
LSPIN,lspin_tf,0.0022,0.2,0,5,0.8643331563225167
LSPIN,lspin_tf,0.0022,0.2,0,6,0.8512074344772044
LSPIN,lspin_tf,0.0022,0.2,0,7,0.893614388129839
LSPIN,lspin_tf,0.0022,0.2,0,8,0.8749232119466307
LSPIN,lspin_tf,0.0022,0.2,0,9,0.887280019498327
LSPIN,lspin_tf,0.0022,0.2,1,2,0.7953600637342173
LSPIN,lspin_tf,0.0022,0.2,1,3,0.8969495841380766
LSPIN,lspin_tf,0.0022,0.2,1,4,0.8652875408502854
LSPIN,lspin_tf,0.0022,0.2,1,5,0.8870755717270803
LSPIN,lspin_tf,0.0022,0.2,1,6,0.9161920087214486
LSPIN,lspin_tf,0.0022,0.2,1,7,0.9518142629512836
LSPIN,lspin_tf,0.0022,0.2,1,8,0.9105643579225139
LSPIN,lspin_tf,0.0022,0.2,1,9,0.868399260480729
LSPIN,lspin_tf,0.0022,0.2,2,3,0.9068280341371474
LSPIN,lspin_tf,0.0022,0.2,2,4,0.6005294476671329
LSPIN,lspin_tf,0.0022,0.2,2,5,0.7372002107687683
LSPIN,lspin_tf,0.0022,0.2,2,6,0.6746166385013088
LSPIN,lspin_tf,0.0022,0.2,2,7,0.8606886462214989
LSPIN,lspin_tf,0.0022,0.2,2,8,0.7478034700754861
LSPIN,lspin_tf,0.0022,0.2,2,9,0.8842523874569964
LSPIN,lspin_tf,0.0022,0.2,3,4,0.7576369837788792
LSPIN,lspin_tf,0.0022,0.2,3,5,0.844038014246621
LSPIN,lspin_tf,0.0022,0.2,3,6,0.8389664171434723
LSPIN,lspin_tf,0.0022,0.2,3,7,0.9150152930005654
LSPIN,lspin_tf,0.0022,0.2,3,8,0.8556001759117767
LSPIN,lspin_tf,0.0022,0.2,3,9,0.9271840456992536
LSPIN,lspin_tf,0.0022,0.2,4,5,0.8585941721844642
LSPIN,lspin_tf,0.0022,0.2,4,6,0.9005873894451647
LSPIN,lspin_tf,0.0022,0.2,4,7,0.8070537456970502
LSPIN,lspin_tf,0.0022,0.2,4,8,0.8801951504389474
LSPIN,lspin_tf,0.0022,0.2,4,9,0.7951197905812036
LSPIN,lspin_tf,0.0022,0.2,5,6,0.8839708632453364
LSPIN,lspin_tf,0.0022,0.2,5,7,0.8731803854768472
LSPIN,lspin_tf,0.0022,0.2,5,8,0.913120160921478
LSPIN,lspin_tf,0.0022,0.2,5,9,0.8668496319280574
LSPIN,lspin_tf,0.0022,0.2,6,7,0.8633510538916381
LSPIN,lspin_tf,0.0022,0.2,6,8,0.872923148625819
LSPIN,lspin_tf,0.0022,0.2,6,9,0.8422431733565143
LSPIN,lspin_tf,0.0022,0.2,7,8,0.917155397878898
LSPIN,lspin_tf,0.0022,0.2,7,9,0.9049310897529941
LSPIN,lspin_tf,0.0022,0.2,8,9,0.8690488759812113
LSPIN,lspin_tf,0.011,0.4,0,1,0.6256421857561401
LSPIN,lspin_tf,0.011,0.4,0,2,0.7045013816246539
LSPIN,lspin_tf,0.011,0.4,0,3,0.7585494960761673
LSPIN,lspin_tf,0.011,0.4,0,4,0.6984499105412346
LSPIN,lspin_tf,0.011,0.4,0,5,0.8034422826399724
LSPIN,lspin_tf,0.011,0.4,0,6,0.7606986655472125
LSPIN,lspin_tf,0.011,0.4,0,7,0.8006964112747175
LSPIN,lspin_tf,0.011,0.4,0,8,0.7226384765069914
LSPIN,lspin_tf,0.011,0.4,0,9,0.7703389735526767
LSPIN,lspin_tf,0.011,0.4,1,2,0.8517603062418748
LSPIN,lspin_tf,0.011,0.4,1,3,0.7368674735902374
LSPIN,lspin_tf,0.011,0.4,1,4,0.8494910315718708
LSPIN,lspin_tf,0.011,0.4,1,5,0.6218540686379831
LSPIN,lspin_tf,0.011,0.4,1,6,0.7794977481316655
LSPIN,lspin_tf,0.011,0.4,1,7,0.8073514244169808
LSPIN,lspin_tf,0.011,0.4,1,8,0.792070007858499
LSPIN,lspin_tf,0.011,0.4,1,9,0.8340412864096182
LSPIN,lspin_tf,0.011,0.4,2,3,0.7320082555070168
LSPIN,lspin_tf,0.011,0.4,2,4,0.7734349400017192
LSPIN,lspin_tf,0.011,0.4,2,5,0.6395014505630626
LSPIN,lspin_tf,0.011,0.4,2,6,0.7686412373485056
LSPIN,lspin_tf,0.011,0.4,2,7,0.8334291034642629
LSPIN,lspin_tf,0.011,0.4,2,8,0.8024232815375324
LSPIN,lspin_tf,0.011,0.4,2,9,0.9020117502700995
LSPIN,lspin_tf,0.011,0.4,3,4,0.7950657922966362
LSPIN,lspin_tf,0.011,0.4,3,5,0.8127653417677437
LSPIN,lspin_tf,0.011,0.4,3,6,0.8601316167683455
LSPIN,lspin_tf,0.011,0.4,3,7,0.84100514498025
LSPIN,lspin_tf,0.011,0.4,3,8,0.8684469097685626
LSPIN,lspin_tf,0.011,0.4,3,9,0.7913066521921478
LSPIN,lspin_tf,0.011,0.4,4,5,0.755866607488936
LSPIN,lspin_tf,0.011,0.4,4,6,0.7978259432871453
LSPIN,lspin_tf,0.011,0.4,4,7,0.7969460801474457
LSPIN,lspin_tf,0.011,0.4,4,8,0.7964698417745693
LSPIN,lspin_tf,0.011,0.4,4,9,0.8147583040455323
LSPIN,lspin_tf,0.011,0.4,5,6,0.7266307874756223
LSPIN,lspin_tf,0.011,0.4,5,7,0.8042815121403112
LSPIN,lspin_tf,0.011,0.4,5,8,0.7084385360937276
LSPIN,lspin_tf,0.011,0.4,5,9,0.7098101685155446
LSPIN,lspin_tf,0.011,0.4,6,7,0.810463065005611
LSPIN,lspin_tf,0.011,0.4,6,8,0.8665123324176426
LSPIN,lspin_tf,0.011,0.4,6,9,0.834926634605037
LSPIN,lspin_tf,0.011,0.4,7,8,0.7850597323061949
LSPIN,lspin_tf,0.011,0.4,7,9,0.9004945898674429
LSPIN,lspin_tf,0.011,0.4,8,9,0.8166810751040429
LSPIN,lspin_tf,0.0075,0.4,0,1,0.8701842516310843
LSPIN,lspin_tf,0.0075,0.4,0,2,0.8793821867957092
LSPIN,lspin_tf,0.0075,0.4,0,3,0.8143254640304651
LSPIN,lspin_tf,0.0075,0.4,0,4,0.8585177485695856
LSPIN,lspin_tf,0.0075,0.4,0,5,0.8903002984953919
LSPIN,lspin_tf,0.0075,0.4,0,6,0.7920600131361011
LSPIN,lspin_tf,0.0075,0.4,0,7,0.9134553581528139
LSPIN,lspin_tf,0.0075,0.4,0,8,0.8957746637263017
LSPIN,lspin_tf,0.0075,0.4,0,9,0.903515166783385
LSPIN,lspin_tf,0.0075,0.4,1,2,0.8712154719786888
LSPIN,lspin_tf,0.0075,0.4,1,3,0.6888424964054642
LSPIN,lspin_tf,0.0075,0.4,1,4,0.7836035702859545
LSPIN,lspin_tf,0.0075,0.4,1,5,0.9462322452385136
LSPIN,lspin_tf,0.0075,0.4,1,6,0.9254896500966809
LSPIN,lspin_tf,0.0075,0.4,1,7,0.8549645037833647
LSPIN,lspin_tf,0.0075,0.4,1,8,0.8565161181023132
LSPIN,lspin_tf,0.0075,0.4,1,9,0.8284783359934096
LSPIN,lspin_tf,0.0075,0.4,2,3,0.7159306591882637
LSPIN,lspin_tf,0.0075,0.4,2,4,0.7951655407895
LSPIN,lspin_tf,0.0075,0.4,2,5,0.902675115428942
LSPIN,lspin_tf,0.0075,0.4,2,6,0.8404045980188264
LSPIN,lspin_tf,0.0075,0.4,2,7,0.8796516600828342
LSPIN,lspin_tf,0.0075,0.4,2,8,0.8494201281685343
LSPIN,lspin_tf,0.0075,0.4,2,9,0.8388363497052246
LSPIN,lspin_tf,0.0075,0.4,3,4,0.7772468841807181
LSPIN,lspin_tf,0.0075,0.4,3,5,0.7575436383516791
LSPIN,lspin_tf,0.0075,0.4,3,6,0.6741720336665309
LSPIN,lspin_tf,0.0075,0.4,3,7,0.7814525253821785
LSPIN,lspin_tf,0.0075,0.4,3,8,0.7474023621029805
LSPIN,lspin_tf,0.0075,0.4,3,9,0.8092163841202785
LSPIN,lspin_tf,0.0075,0.4,4,5,0.788321014500447
LSPIN,lspin_tf,0.0075,0.4,4,6,0.663727837838213
LSPIN,lspin_tf,0.0075,0.4,4,7,0.8098719911391106
LSPIN,lspin_tf,0.0075,0.4,4,8,0.7591132873126969
LSPIN,lspin_tf,0.0075,0.4,4,9,0.809599591849006
LSPIN,lspin_tf,0.0075,0.4,5,6,0.9279999756534576
LSPIN,lspin_tf,0.0075,0.4,5,7,0.8950198685980522
LSPIN,lspin_tf,0.0075,0.4,5,8,0.8814029526030221
LSPIN,lspin_tf,0.0075,0.4,5,9,0.8709159843515286
LSPIN,lspin_tf,0.0075,0.4,6,7,0.7820560992436701
LSPIN,lspin_tf,0.0075,0.4,6,8,0.807884054313925
LSPIN,lspin_tf,0.0075,0.4,6,9,0.7692875746183907
LSPIN,lspin_tf,0.0075,0.4,7,8,0.9020801754016218
LSPIN,lspin_tf,0.0075,0.4,7,9,0.8801503782610817
LSPIN,lspin_tf,0.0075,0.4,8,9,0.9074501484308717
LSPIN,lspin_tf,0.005,0.4,0,1,0.7207736549833068
LSPIN,lspin_tf,0.005,0.4,0,2,0.6708390810548005
LSPIN,lspin_tf,0.005,0.4,0,3,0.8329952846264463
LSPIN,lspin_tf,0.005,0.4,0,4,0.8434302321784346
LSPIN,lspin_tf,0.005,0.4,0,5,0.808477373632451
LSPIN,lspin_tf,0.005,0.4,0,6,0.8074444968765303
LSPIN,lspin_tf,0.005,0.4,0,7,0.8950660837048325
LSPIN,lspin_tf,0.005,0.4,0,8,0.8131056106778873
LSPIN,lspin_tf,0.005,0.4,0,9,0.8127254763997938
LSPIN,lspin_tf,0.005,0.4,1,2,0.8227314582018053
LSPIN,lspin_tf,0.005,0.4,1,3,0.8350064263509658
LSPIN,lspin_tf,0.005,0.4,1,4,0.8397413391560317
LSPIN,lspin_tf,0.005,0.4,1,5,0.880299724842771
LSPIN,lspin_tf,0.005,0.4,1,6,0.7116291104197989
LSPIN,lspin_tf,0.005,0.4,1,7,0.6398426555188496
LSPIN,lspin_tf,0.005,0.4,1,8,0.8326464434682852
LSPIN,lspin_tf,0.005,0.4,1,9,0.9169549106217291
LSPIN,lspin_tf,0.005,0.4,2,3,0.7717602360113925
LSPIN,lspin_tf,0.005,0.4,2,4,0.850754946108628
LSPIN,lspin_tf,0.005,0.4,2,5,0.8294429613117834
LSPIN,lspin_tf,0.005,0.4,2,6,0.7586471496347647
LSPIN,lspin_tf,0.005,0.4,2,7,0.6607328348305822
LSPIN,lspin_tf,0.005,0.4,2,8,0.8509938718778444
LSPIN,lspin_tf,0.005,0.4,2,9,0.8447875588279616
LSPIN,lspin_tf,0.005,0.4,3,4,0.8366659040986826
LSPIN,lspin_tf,0.005,0.4,3,5,0.8888159250412725
LSPIN,lspin_tf,0.005,0.4,3,6,0.8012382431074867
LSPIN,lspin_tf,0.005,0.4,3,7,0.8188126434564185
LSPIN,lspin_tf,0.005,0.4,3,8,0.8844272938049831
LSPIN,lspin_tf,0.005,0.4,3,9,0.9100456752894517
LSPIN,lspin_tf,0.005,0.4,4,5,0.8951301207791964
LSPIN,lspin_tf,0.005,0.4,4,6,0.8566715783976269
LSPIN,lspin_tf,0.005,0.4,4,7,0.8037272035100342
LSPIN,lspin_tf,0.005,0.4,4,8,0.8408272330687714
LSPIN,lspin_tf,0.005,0.4,4,9,0.8930703826850286
LSPIN,lspin_tf,0.005,0.4,5,6,0.8419227991677543
LSPIN,lspin_tf,0.005,0.4,5,7,0.7812091511339463
LSPIN,lspin_tf,0.005,0.4,5,8,0.8960559867919424
LSPIN,lspin_tf,0.005,0.4,5,9,0.9182932287313835
LSPIN,lspin_tf,0.005,0.4,6,7,0.8470899398223356
LSPIN,lspin_tf,0.005,0.4,6,8,0.8120013411051332
LSPIN,lspin_tf,0.005,0.4,6,9,0.8285252965233842
LSPIN,lspin_tf,0.005,0.4,7,8,0.7933027698566981
LSPIN,lspin_tf,0.005,0.4,7,9,0.7898918216429864
LSPIN,lspin_tf,0.005,0.4,8,9,0.8932053230270534
LSPIN,lspin_tf,0.0033,0.4,0,1,0.8794910370563801
LSPIN,lspin_tf,0.0033,0.4,0,2,0.9041470644106446
LSPIN,lspin_tf,0.0033,0.4,0,3,0.8869858331020085
LSPIN,lspin_tf,0.0033,0.4,0,4,0.8173256419126911
LSPIN,lspin_tf,0.0033,0.4,0,5,0.8819315196958238
LSPIN,lspin_tf,0.0033,0.4,0,6,0.8664600615932632
LSPIN,lspin_tf,0.0033,0.4,0,7,0.8472937846991622
LSPIN,lspin_tf,0.0033,0.4,0,8,0.8542246828106105
LSPIN,lspin_tf,0.0033,0.4,0,9,0.9268505843547766
LSPIN,lspin_tf,0.0033,0.4,1,2,0.9125974480877365
LSPIN,lspin_tf,0.0033,0.4,1,3,0.9153653953477517
LSPIN,lspin_tf,0.0033,0.4,1,4,0.9211147563259079
LSPIN,lspin_tf,0.0033,0.4,1,5,0.922103483500511
LSPIN,lspin_tf,0.0033,0.4,1,6,0.8701930776200443
LSPIN,lspin_tf,0.0033,0.4,1,7,0.9096710037424705
LSPIN,lspin_tf,0.0033,0.4,1,8,0.9226850305711457
LSPIN,lspin_tf,0.0033,0.4,1,9,0.9258477711302463
LSPIN,lspin_tf,0.0033,0.4,2,3,0.8837951059073591
LSPIN,lspin_tf,0.0033,0.4,2,4,0.9074518575055738
LSPIN,lspin_tf,0.0033,0.4,2,5,0.933486904008318
LSPIN,lspin_tf,0.0033,0.4,2,6,0.8899760128279437
LSPIN,lspin_tf,0.0033,0.4,2,7,0.8768912635182449
LSPIN,lspin_tf,0.0033,0.4,2,8,0.8902702132005784
LSPIN,lspin_tf,0.0033,0.4,2,9,0.9486664743787818
LSPIN,lspin_tf,0.0033,0.4,3,4,0.8840735851964678
LSPIN,lspin_tf,0.0033,0.4,3,5,0.8703549553999712
LSPIN,lspin_tf,0.0033,0.4,3,6,0.8603274579379725
LSPIN,lspin_tf,0.0033,0.4,3,7,0.8893898744135313
LSPIN,lspin_tf,0.0033,0.4,3,8,0.9310529858072925
LSPIN,lspin_tf,0.0033,0.4,3,9,0.8892130008987864
LSPIN,lspin_tf,0.0033,0.4,4,5,0.8611193708293611
LSPIN,lspin_tf,0.0033,0.4,4,6,0.8466408301058411
LSPIN,lspin_tf,0.0033,0.4,4,7,0.8994651305176814
LSPIN,lspin_tf,0.0033,0.4,4,8,0.9135917107347463
LSPIN,lspin_tf,0.0033,0.4,4,9,0.8575603089506376
LSPIN,lspin_tf,0.0033,0.4,5,6,0.9214410251341152
LSPIN,lspin_tf,0.0033,0.4,5,7,0.8300989889081635
LSPIN,lspin_tf,0.0033,0.4,5,8,0.8759183355169345
LSPIN,lspin_tf,0.0033,0.4,5,9,0.9539926636166405
LSPIN,lspin_tf,0.0033,0.4,6,7,0.8116477338469976
LSPIN,lspin_tf,0.0033,0.4,6,8,0.8577410420536207
LSPIN,lspin_tf,0.0033,0.4,6,9,0.8985114298031798
LSPIN,lspin_tf,0.0033,0.4,7,8,0.9027057562732277
LSPIN,lspin_tf,0.0033,0.4,7,9,0.868142933060453
LSPIN,lspin_tf,0.0033,0.4,8,9,0.8831717352930203
LSPIN,lspin_tf,0.0022,0.4,0,1,0.9055322612333926
LSPIN,lspin_tf,0.0022,0.4,0,2,0.8692262151856512
LSPIN,lspin_tf,0.0022,0.4,0,3,0.9400134822663838
LSPIN,lspin_tf,0.0022,0.4,0,4,0.9149583189789269
LSPIN,lspin_tf,0.0022,0.4,0,5,0.8626580698508511
LSPIN,lspin_tf,0.0022,0.4,0,6,0.9265114330522378
LSPIN,lspin_tf,0.0022,0.4,0,7,0.8791359233913272
LSPIN,lspin_tf,0.0022,0.4,0,8,0.7882336962613102
LSPIN,lspin_tf,0.0022,0.4,0,9,0.9416143901939162
LSPIN,lspin_tf,0.0022,0.4,1,2,0.9237976515302366
LSPIN,lspin_tf,0.0022,0.4,1,3,0.8783242654712677
LSPIN,lspin_tf,0.0022,0.4,1,4,0.8179997127811899
LSPIN,lspin_tf,0.0022,0.4,1,5,0.9160459375388934
LSPIN,lspin_tf,0.0022,0.4,1,6,0.9028941107466478
LSPIN,lspin_tf,0.0022,0.4,1,7,0.865892427454229
LSPIN,lspin_tf,0.0022,0.4,1,8,0.7875182620044283
LSPIN,lspin_tf,0.0022,0.4,1,9,0.9351005635252875
LSPIN,lspin_tf,0.0022,0.4,2,3,0.819411796114165
LSPIN,lspin_tf,0.0022,0.4,2,4,0.7478343053265588
LSPIN,lspin_tf,0.0022,0.4,2,5,0.8834204419048871
LSPIN,lspin_tf,0.0022,0.4,2,6,0.845529131585053
LSPIN,lspin_tf,0.0022,0.4,2,7,0.7884259641240459
LSPIN,lspin_tf,0.0022,0.4,2,8,0.8094688993222284
LSPIN,lspin_tf,0.0022,0.4,2,9,0.8773707624342147
LSPIN,lspin_tf,0.0022,0.4,3,4,0.9528773438131796
LSPIN,lspin_tf,0.0022,0.4,3,5,0.7954112268950202
LSPIN,lspin_tf,0.0022,0.4,3,6,0.8886453584226159
LSPIN,lspin_tf,0.0022,0.4,3,7,0.8834482054637378
LSPIN,lspin_tf,0.0022,0.4,3,8,0.7050221710570007
LSPIN,lspin_tf,0.0022,0.4,3,9,0.9234148980761443
LSPIN,lspin_tf,0.0022,0.4,4,5,0.7326178149170613
LSPIN,lspin_tf,0.0022,0.4,4,6,0.8623316780855049
LSPIN,lspin_tf,0.0022,0.4,4,7,0.8608012721915158
LSPIN,lspin_tf,0.0022,0.4,4,8,0.6513369052239083
LSPIN,lspin_tf,0.0022,0.4,4,9,0.9001250583175491
LSPIN,lspin_tf,0.0022,0.4,5,6,0.8605667321583443
LSPIN,lspin_tf,0.0022,0.4,5,7,0.8293433622727416
LSPIN,lspin_tf,0.0022,0.4,5,8,0.7900716514291232
LSPIN,lspin_tf,0.0022,0.4,5,9,0.8726962560208282
LSPIN,lspin_tf,0.0022,0.4,6,7,0.8756917063013889
LSPIN,lspin_tf,0.0022,0.4,6,8,0.7434374979802185
LSPIN,lspin_tf,0.0022,0.4,6,9,0.8984026300170516
LSPIN,lspin_tf,0.0022,0.4,7,8,0.7777862665434697
LSPIN,lspin_tf,0.0022,0.4,7,9,0.8609812947192338
LSPIN,lspin_tf,0.0022,0.4,8,9,0.726545970232342
LSPIN,lspin_tf,0.011,0.7,0,1,0.7988163384221896
LSPIN,lspin_tf,0.011,0.7,0,2,0.8202045292277127
LSPIN,lspin_tf,0.011,0.7,0,3,0.8263070958723389
LSPIN,lspin_tf,0.011,0.7,0,4,0.8048277686134512
LSPIN,lspin_tf,0.011,0.7,0,5,0.7504301310834247
LSPIN,lspin_tf,0.011,0.7,0,6,0.8197228475898078
LSPIN,lspin_tf,0.011,0.7,0,7,0.6574342015449923
LSPIN,lspin_tf,0.011,0.7,0,8,0.8771375352038951
LSPIN,lspin_tf,0.011,0.7,0,9,0.8747692748607181
LSPIN,lspin_tf,0.011,0.7,1,2,0.7580388439922741
LSPIN,lspin_tf,0.011,0.7,1,3,0.8243479902625823
LSPIN,lspin_tf,0.011,0.7,1,4,0.8179100247961236
LSPIN,lspin_tf,0.011,0.7,1,5,0.8230949985079838
LSPIN,lspin_tf,0.011,0.7,1,6,0.8458310889701007
LSPIN,lspin_tf,0.011,0.7,1,7,0.7875195879808147
LSPIN,lspin_tf,0.011,0.7,1,8,0.8434118283910781
LSPIN,lspin_tf,0.011,0.7,1,9,0.7746566068741225
LSPIN,lspin_tf,0.011,0.7,2,3,0.770250522457246
LSPIN,lspin_tf,0.011,0.7,2,4,0.8194005792847242
LSPIN,lspin_tf,0.011,0.7,2,5,0.7614281269422708
LSPIN,lspin_tf,0.011,0.7,2,6,0.7755242002557008
LSPIN,lspin_tf,0.011,0.7,2,7,0.7389757761706789
LSPIN,lspin_tf,0.011,0.7,2,8,0.7631159494397851
LSPIN,lspin_tf,0.011,0.7,2,9,0.7416536951229372
LSPIN,lspin_tf,0.011,0.7,3,4,0.8994567386605471
LSPIN,lspin_tf,0.011,0.7,3,5,0.8964065761339075
LSPIN,lspin_tf,0.011,0.7,3,6,0.8377166292793568
LSPIN,lspin_tf,0.011,0.7,3,7,0.7309766514992653
LSPIN,lspin_tf,0.011,0.7,3,8,0.7745532915378727
LSPIN,lspin_tf,0.011,0.7,3,9,0.7934708238456748
LSPIN,lspin_tf,0.011,0.7,4,5,0.9010180172496829
LSPIN,lspin_tf,0.011,0.7,4,6,0.8724597271372605
LSPIN,lspin_tf,0.011,0.7,4,7,0.8272883897437019
LSPIN,lspin_tf,0.011,0.7,4,8,0.7605237457481795
LSPIN,lspin_tf,0.011,0.7,4,9,0.7336584116453699
LSPIN,lspin_tf,0.011,0.7,5,6,0.8547445664220146
LSPIN,lspin_tf,0.011,0.7,5,7,0.8090966369769609
LSPIN,lspin_tf,0.011,0.7,5,8,0.7064156245816874
LSPIN,lspin_tf,0.011,0.7,5,9,0.6878409565155743
LSPIN,lspin_tf,0.011,0.7,6,7,0.8206770610665287
LSPIN,lspin_tf,0.011,0.7,6,8,0.805557838570159
LSPIN,lspin_tf,0.011,0.7,6,9,0.7413074295192189
LSPIN,lspin_tf,0.011,0.7,7,8,0.6455678820117607
LSPIN,lspin_tf,0.011,0.7,7,9,0.6102042483911495
LSPIN,lspin_tf,0.011,0.7,8,9,0.8372625239016112
LSPIN,lspin_tf,0.0075,0.7,0,1,0.7036010198942338
LSPIN,lspin_tf,0.0075,0.7,0,2,0.7479800624567003
LSPIN,lspin_tf,0.0075,0.7,0,3,0.8532498090259026
LSPIN,lspin_tf,0.0075,0.7,0,4,0.8783576762824195
LSPIN,lspin_tf,0.0075,0.7,0,5,0.7887716879927937
LSPIN,lspin_tf,0.0075,0.7,0,6,0.9561927131065251
LSPIN,lspin_tf,0.0075,0.7,0,7,0.8780678250650892
LSPIN,lspin_tf,0.0075,0.7,0,8,0.9115051337031982
LSPIN,lspin_tf,0.0075,0.7,0,9,0.8699530152789982
LSPIN,lspin_tf,0.0075,0.7,1,2,0.8570562366989726
LSPIN,lspin_tf,0.0075,0.7,1,3,0.7296802467813216
LSPIN,lspin_tf,0.0075,0.7,1,4,0.8379971249497271
LSPIN,lspin_tf,0.0075,0.7,1,5,0.8032050012131027
LSPIN,lspin_tf,0.0075,0.7,1,6,0.726389201964201
LSPIN,lspin_tf,0.0075,0.7,1,7,0.7960943266084121
LSPIN,lspin_tf,0.0075,0.7,1,8,0.7750148974716513
LSPIN,lspin_tf,0.0075,0.7,1,9,0.8086532143986291
LSPIN,lspin_tf,0.0075,0.7,2,3,0.7627371294372882
LSPIN,lspin_tf,0.0075,0.7,2,4,0.8330546019175229
LSPIN,lspin_tf,0.0075,0.7,2,5,0.8341720328437123
LSPIN,lspin_tf,0.0075,0.7,2,6,0.7886578236354681
LSPIN,lspin_tf,0.0075,0.7,2,7,0.8110015276436848
LSPIN,lspin_tf,0.0075,0.7,2,8,0.7809303273839467
LSPIN,lspin_tf,0.0075,0.7,2,9,0.8280260204515237
LSPIN,lspin_tf,0.0075,0.7,3,4,0.8714822038677673
LSPIN,lspin_tf,0.0075,0.7,3,5,0.794225841243963
LSPIN,lspin_tf,0.0075,0.7,3,6,0.8514181136641519
LSPIN,lspin_tf,0.0075,0.7,3,7,0.8981821593742468
LSPIN,lspin_tf,0.0075,0.7,3,8,0.8589053465221574
LSPIN,lspin_tf,0.0075,0.7,3,9,0.7990378429195334
LSPIN,lspin_tf,0.0075,0.7,4,5,0.8265506411067888
LSPIN,lspin_tf,0.0075,0.7,4,6,0.8777316755929464
LSPIN,lspin_tf,0.0075,0.7,4,7,0.9114957074992828
LSPIN,lspin_tf,0.0075,0.7,4,8,0.9297006074057821
LSPIN,lspin_tf,0.0075,0.7,4,9,0.8520223861348013
LSPIN,lspin_tf,0.0075,0.7,5,6,0.8089452904009786
LSPIN,lspin_tf,0.0075,0.7,5,7,0.8295258919107822
LSPIN,lspin_tf,0.0075,0.7,5,8,0.7908440440805979
LSPIN,lspin_tf,0.0075,0.7,5,9,0.8080665387441776
LSPIN,lspin_tf,0.0075,0.7,6,7,0.874612296662606
LSPIN,lspin_tf,0.0075,0.7,6,8,0.8901340085292933
LSPIN,lspin_tf,0.0075,0.7,6,9,0.8781294388854807
LSPIN,lspin_tf,0.0075,0.7,7,8,0.8776895920668607
LSPIN,lspin_tf,0.0075,0.7,7,9,0.8604377238665062
LSPIN,lspin_tf,0.0075,0.7,8,9,0.8683877966614872
LSPIN,lspin_tf,0.005,0.7,0,1,0.7667258423331014
LSPIN,lspin_tf,0.005,0.7,0,2,0.8659229417819915
LSPIN,lspin_tf,0.005,0.7,0,3,0.8571846384231615
LSPIN,lspin_tf,0.005,0.7,0,4,0.8112744820806368
LSPIN,lspin_tf,0.005,0.7,0,5,0.8669805406699459
LSPIN,lspin_tf,0.005,0.7,0,6,0.8125792654354776
LSPIN,lspin_tf,0.005,0.7,0,7,0.7929730177343387
LSPIN,lspin_tf,0.005,0.7,0,8,0.9190771691739437
LSPIN,lspin_tf,0.005,0.7,0,9,0.8463083529675687
LSPIN,lspin_tf,0.005,0.7,1,2,0.7710327316999261
LSPIN,lspin_tf,0.005,0.7,1,3,0.7885839278220759
LSPIN,lspin_tf,0.005,0.7,1,4,0.7457682822924124
LSPIN,lspin_tf,0.005,0.7,1,5,0.7394241382893679
LSPIN,lspin_tf,0.005,0.7,1,6,0.7164940567260046
LSPIN,lspin_tf,0.005,0.7,1,7,0.6318266207977089
LSPIN,lspin_tf,0.005,0.7,1,8,0.762696051833238
LSPIN,lspin_tf,0.005,0.7,1,9,0.7852985157262613
LSPIN,lspin_tf,0.005,0.7,2,3,0.8771245872282651
LSPIN,lspin_tf,0.005,0.7,2,4,0.9050329836311193
LSPIN,lspin_tf,0.005,0.7,2,5,0.8850469870865415
LSPIN,lspin_tf,0.005,0.7,2,6,0.8485589123197784
LSPIN,lspin_tf,0.005,0.7,2,7,0.7788411060117938
LSPIN,lspin_tf,0.005,0.7,2,8,0.9078927975381424
LSPIN,lspin_tf,0.005,0.7,2,9,0.8875947026864424
LSPIN,lspin_tf,0.005,0.7,3,4,0.8997079011861846
LSPIN,lspin_tf,0.005,0.7,3,5,0.9406177890752601
LSPIN,lspin_tf,0.005,0.7,3,6,0.9145618443348367
LSPIN,lspin_tf,0.005,0.7,3,7,0.8552388525782176
LSPIN,lspin_tf,0.005,0.7,3,8,0.8871550906278545
LSPIN,lspin_tf,0.005,0.7,3,9,0.9461850376737877
LSPIN,lspin_tf,0.005,0.7,4,5,0.8724970750905597
LSPIN,lspin_tf,0.005,0.7,4,6,0.8725401317992592
LSPIN,lspin_tf,0.005,0.7,4,7,0.7359015174067692
LSPIN,lspin_tf,0.005,0.7,4,8,0.8889283665798274
LSPIN,lspin_tf,0.005,0.7,4,9,0.9283411893364167
LSPIN,lspin_tf,0.005,0.7,5,6,0.8738416173522898
LSPIN,lspin_tf,0.005,0.7,5,7,0.8586848978068901
LSPIN,lspin_tf,0.005,0.7,5,8,0.8972551975828067
LSPIN,lspin_tf,0.005,0.7,5,9,0.9240403740532558
LSPIN,lspin_tf,0.005,0.7,6,7,0.8097649896620763
LSPIN,lspin_tf,0.005,0.7,6,8,0.8648291223401934
LSPIN,lspin_tf,0.005,0.7,6,9,0.8836468399098553
LSPIN,lspin_tf,0.005,0.7,7,8,0.8276351494809672
LSPIN,lspin_tf,0.005,0.7,7,9,0.8272228417693409
LSPIN,lspin_tf,0.005,0.7,8,9,0.9017082938532943
LSPIN,lspin_tf,0.0033,0.7,0,1,0.8784366161713357
LSPIN,lspin_tf,0.0033,0.7,0,2,0.7940997569778476
LSPIN,lspin_tf,0.0033,0.7,0,3,0.9032195428013343
LSPIN,lspin_tf,0.0033,0.7,0,4,0.8177565679165368
LSPIN,lspin_tf,0.0033,0.7,0,5,0.8592688952412422
LSPIN,lspin_tf,0.0033,0.7,0,6,0.8826505566072654
LSPIN,lspin_tf,0.0033,0.7,0,7,0.7994921422660317
LSPIN,lspin_tf,0.0033,0.7,0,8,0.817016583433525
LSPIN,lspin_tf,0.0033,0.7,0,9,0.7702877693177433
LSPIN,lspin_tf,0.0033,0.7,1,2,0.7818067593215206
LSPIN,lspin_tf,0.0033,0.7,1,3,0.9087264711252625
LSPIN,lspin_tf,0.0033,0.7,1,4,0.8275618657764373
LSPIN,lspin_tf,0.0033,0.7,1,5,0.8664371270854473
LSPIN,lspin_tf,0.0033,0.7,1,6,0.9132981992102372
LSPIN,lspin_tf,0.0033,0.7,1,7,0.825180213182011
LSPIN,lspin_tf,0.0033,0.7,1,8,0.8225836486029373
LSPIN,lspin_tf,0.0033,0.7,1,9,0.829994537971192
LSPIN,lspin_tf,0.0033,0.7,2,3,0.8320879948515734
LSPIN,lspin_tf,0.0033,0.7,2,4,0.8018724085855817
LSPIN,lspin_tf,0.0033,0.7,2,5,0.7946278500167259
LSPIN,lspin_tf,0.0033,0.7,2,6,0.8522311563585715
LSPIN,lspin_tf,0.0033,0.7,2,7,0.7347801532955879
LSPIN,lspin_tf,0.0033,0.7,2,8,0.8113737321462704
LSPIN,lspin_tf,0.0033,0.7,2,9,0.6766529532923785
LSPIN,lspin_tf,0.0033,0.7,3,4,0.8629031642153708
LSPIN,lspin_tf,0.0033,0.7,3,5,0.8986675693566292
LSPIN,lspin_tf,0.0033,0.7,3,6,0.900959624196639
LSPIN,lspin_tf,0.0033,0.7,3,7,0.829035678522071
LSPIN,lspin_tf,0.0033,0.7,3,8,0.8889812605146802
LSPIN,lspin_tf,0.0033,0.7,3,9,0.7860435354779979
LSPIN,lspin_tf,0.0033,0.7,4,5,0.9274276194762495
LSPIN,lspin_tf,0.0033,0.7,4,6,0.8101603152756605
LSPIN,lspin_tf,0.0033,0.7,4,7,0.8430724292758431
LSPIN,lspin_tf,0.0033,0.7,4,8,0.9421514744050967
LSPIN,lspin_tf,0.0033,0.7,4,9,0.828797707430592
LSPIN,lspin_tf,0.0033,0.7,5,6,0.8348021829462029
LSPIN,lspin_tf,0.0033,0.7,5,7,0.8150922301384266
LSPIN,lspin_tf,0.0033,0.7,5,8,0.9169092968030453
LSPIN,lspin_tf,0.0033,0.7,5,9,0.8053401815648139
LSPIN,lspin_tf,0.0033,0.7,6,7,0.7963833505851132
LSPIN,lspin_tf,0.0033,0.7,6,8,0.81672906796314
LSPIN,lspin_tf,0.0033,0.7,6,9,0.7854865470880565
LSPIN,lspin_tf,0.0033,0.7,7,8,0.8277309784449208
LSPIN,lspin_tf,0.0033,0.7,7,9,0.9067183689691424
LSPIN,lspin_tf,0.0033,0.7,8,9,0.7886747222216405
LSPIN,lspin_tf,0.0022,0.7,0,1,0.8829236735833406
LSPIN,lspin_tf,0.0022,0.7,0,2,0.8674258000247098
LSPIN,lspin_tf,0.0022,0.7,0,3,0.8365450854108776
LSPIN,lspin_tf,0.0022,0.7,0,4,0.8643372984719654
LSPIN,lspin_tf,0.0022,0.7,0,5,0.8817534988347532
LSPIN,lspin_tf,0.0022,0.7,0,6,0.8377856119795781
LSPIN,lspin_tf,0.0022,0.7,0,7,0.9026074806837073
LSPIN,lspin_tf,0.0022,0.7,0,8,0.8685734547586866
LSPIN,lspin_tf,0.0022,0.7,0,9,0.9138535448593267
LSPIN,lspin_tf,0.0022,0.7,1,2,0.93308800522542
LSPIN,lspin_tf,0.0022,0.7,1,3,0.7878710550959521
LSPIN,lspin_tf,0.0022,0.7,1,4,0.9025573290367978
LSPIN,lspin_tf,0.0022,0.7,1,5,0.9545618829176477
LSPIN,lspin_tf,0.0022,0.7,1,6,0.927267577729547
LSPIN,lspin_tf,0.0022,0.7,1,7,0.8866977875068012
LSPIN,lspin_tf,0.0022,0.7,1,8,0.9398879067211453
LSPIN,lspin_tf,0.0022,0.7,1,9,0.8509408939546791
LSPIN,lspin_tf,0.0022,0.7,2,3,0.7982266330646189
LSPIN,lspin_tf,0.0022,0.7,2,4,0.8766953338175418
LSPIN,lspin_tf,0.0022,0.7,2,5,0.9099477426996875
LSPIN,lspin_tf,0.0022,0.7,2,6,0.906188383840413
LSPIN,lspin_tf,0.0022,0.7,2,7,0.8879559201880759
LSPIN,lspin_tf,0.0022,0.7,2,8,0.8826781789122776
LSPIN,lspin_tf,0.0022,0.7,2,9,0.8380277111326225
LSPIN,lspin_tf,0.0022,0.7,3,4,0.823684845073727
LSPIN,lspin_tf,0.0022,0.7,3,5,0.8434062244860955
LSPIN,lspin_tf,0.0022,0.7,3,6,0.783973531233333
LSPIN,lspin_tf,0.0022,0.7,3,7,0.8954804418390112
LSPIN,lspin_tf,0.0022,0.7,3,8,0.7571796629296009
LSPIN,lspin_tf,0.0022,0.7,3,9,0.8693457115655618
LSPIN,lspin_tf,0.0022,0.7,4,5,0.8732010091111444
LSPIN,lspin_tf,0.0022,0.7,4,6,0.8369143171029446
LSPIN,lspin_tf,0.0022,0.7,4,7,0.8706287995369604
LSPIN,lspin_tf,0.0022,0.7,4,8,0.8432138910192765
LSPIN,lspin_tf,0.0022,0.7,4,9,0.863275746798838
LSPIN,lspin_tf,0.0022,0.7,5,6,0.8936798841241745
LSPIN,lspin_tf,0.0022,0.7,5,7,0.8954321612842238
LSPIN,lspin_tf,0.0022,0.7,5,8,0.9496752900876846
LSPIN,lspin_tf,0.0022,0.7,5,9,0.8924051942587387
LSPIN,lspin_tf,0.0022,0.7,6,7,0.844803651260201
LSPIN,lspin_tf,0.0022,0.7,6,8,0.8833924940178763
LSPIN,lspin_tf,0.0022,0.7,6,9,0.784060428599898
LSPIN,lspin_tf,0.0022,0.7,7,8,0.822887064835842
LSPIN,lspin_tf,0.0022,0.7,7,9,0.9091516930620511
LSPIN,lspin_tf,0.0022,0.7,8,9,0.8493365735392577
Concrete,concrete,0.008,0.0,0,1,0.8830692157830579
Concrete,concrete,0.008,0.0,0,2,0.771091480725853
Concrete,concrete,0.008,0.0,0,3,0.7863880728910569
Concrete,concrete,0.008,0.0,0,4,0.6960974536608396
Concrete,concrete,0.008,0.0,0,5,0.805376703528453
Concrete,concrete,0.008,0.0,0,6,0.8418396323481845
Concrete,concrete,0.008,0.0,0,7,0.8073773676637555
Concrete,concrete,0.008,0.0,0,8,0.8514524574987461
Concrete,concrete,0.008,0.0,0,9,0.7670744773740552
Concrete,concrete,0.008,0.0,1,2,0.7638013938866863
Concrete,concrete,0.008,0.0,1,3,0.8126461234158223
Concrete,concrete,0.008,0.0,1,4,0.7284436006082813
Concrete,concrete,0.008,0.0,1,5,0.8497316172797309
Concrete,concrete,0.008,0.0,1,6,0.8525222542701382
Concrete,concrete,0.008,0.0,1,7,0.7996487016954148
Concrete,concrete,0.008,0.0,1,8,0.8390861260288216
Concrete,concrete,0.008,0.0,1,9,0.7877753304193862
Concrete,concrete,0.008,0.0,2,3,0.8000421626038057
Concrete,concrete,0.008,0.0,2,4,0.7676236299196209
Concrete,concrete,0.008,0.0,2,5,0.793722082177503
Concrete,concrete,0.008,0.0,2,6,0.7624927062467387
Concrete,concrete,0.008,0.0,2,7,0.8006119743301784
Concrete,concrete,0.008,0.0,2,8,0.7876419514197427
Concrete,concrete,0.008,0.0,2,9,0.7131362461132614
Concrete,concrete,0.008,0.0,3,4,0.736167144467415
Concrete,concrete,0.008,0.0,3,5,0.8469077534561598
Concrete,concrete,0.008,0.0,3,6,0.7988229975149963
Concrete,concrete,0.008,0.0,3,7,0.7952847048832793
Concrete,concrete,0.008,0.0,3,8,0.7989753850497612
Concrete,concrete,0.008,0.0,3,9,0.7610676428379088
Concrete,concrete,0.008,0.0,4,5,0.7572889488901966
Concrete,concrete,0.008,0.0,4,6,0.7030246753466409
Concrete,concrete,0.008,0.0,4,7,0.7866574795429703
Concrete,concrete,0.008,0.0,4,8,0.7663213287748117
Concrete,concrete,0.008,0.0,4,9,0.7559506390824539
Concrete,concrete,0.008,0.0,5,6,0.7870758887730012
Concrete,concrete,0.008,0.0,5,7,0.7756883853139024
Concrete,concrete,0.008,0.0,5,8,0.8040384980915002
Concrete,concrete,0.008,0.0,5,9,0.765083027183321
Concrete,concrete,0.008,0.0,6,7,0.7176752830726202
Concrete,concrete,0.008,0.0,6,8,0.8287791194703836
Concrete,concrete,0.008,0.0,6,9,0.8081989629134065
Concrete,concrete,0.008,0.0,7,8,0.8465492934406091
Concrete,concrete,0.008,0.0,7,9,0.7554397912320778
Concrete,concrete,0.008,0.0,8,9,0.8236752277884928
Concrete,concrete,0.006,0.0,0,1,0.7881493180455057
Concrete,concrete,0.006,0.0,0,2,0.8914992946040592
Concrete,concrete,0.006,0.0,0,3,0.8266476437397767
Concrete,concrete,0.006,0.0,0,4,0.8447134046814931
Concrete,concrete,0.006,0.0,0,5,0.878361632239925
Concrete,concrete,0.006,0.0,0,6,0.820308911062692
Concrete,concrete,0.006,0.0,0,7,0.8136209545150414
Concrete,concrete,0.006,0.0,0,8,0.7626176849425429
Concrete,concrete,0.006,0.0,0,9,0.8374489637234266
Concrete,concrete,0.006,0.0,1,2,0.8096218435563872
Concrete,concrete,0.006,0.0,1,3,0.7236937999599096
Concrete,concrete,0.006,0.0,1,4,0.7640308220212145
Concrete,concrete,0.006,0.0,1,5,0.8357096244527769
Concrete,concrete,0.006,0.0,1,6,0.621363683788361
Concrete,concrete,0.006,0.0,1,7,0.8183514268622808
Concrete,concrete,0.006,0.0,1,8,0.8541762501379242
Concrete,concrete,0.006,0.0,1,9,0.7324561926975022
Concrete,concrete,0.006,0.0,2,3,0.8405325645161396
Concrete,concrete,0.006,0.0,2,4,0.8897880703644286
Concrete,concrete,0.006,0.0,2,5,0.9192592434949703
Concrete,concrete,0.006,0.0,2,6,0.8083057321332533
Concrete,concrete,0.006,0.0,2,7,0.8374072135210956
Concrete,concrete,0.006,0.0,2,8,0.7975331054678183
Concrete,concrete,0.006,0.0,2,9,0.857922177730944
Concrete,concrete,0.006,0.0,3,4,0.8232256295291539
Concrete,concrete,0.006,0.0,3,5,0.8260547311685127
Concrete,concrete,0.006,0.0,3,6,0.8348528290490381
Concrete,concrete,0.006,0.0,3,7,0.7933297744655333
Concrete,concrete,0.006,0.0,3,8,0.7093167871830067
Concrete,concrete,0.006,0.0,3,9,0.8148547282534372
Concrete,concrete,0.006,0.0,4,5,0.8658735608794591
Concrete,concrete,0.006,0.0,4,6,0.8020034460178647
Concrete,concrete,0.006,0.0,4,7,0.8305691020243838
Concrete,concrete,0.006,0.0,4,8,0.8062137011669729
Concrete,concrete,0.006,0.0,4,9,0.8058620509566046
Concrete,concrete,0.006,0.0,5,6,0.7585617143414002
Concrete,concrete,0.006,0.0,5,7,0.86681357393775
Concrete,concrete,0.006,0.0,5,8,0.839252277501748
Concrete,concrete,0.006,0.0,5,9,0.8714436624317805
Concrete,concrete,0.006,0.0,6,7,0.6972805461451522
Concrete,concrete,0.006,0.0,6,8,0.6194682455917846
Concrete,concrete,0.006,0.0,6,9,0.7760394299361875
Concrete,concrete,0.006,0.0,7,8,0.8477958595221073
Concrete,concrete,0.006,0.0,7,9,0.7915042190049743
Concrete,concrete,0.006,0.0,8,9,0.7462656688819784
Concrete,concrete,0.005,0.0,0,1,0.8462890916035901
Concrete,concrete,0.005,0.0,0,2,0.8556254371535025
Concrete,concrete,0.005,0.0,0,3,0.8485615546072242
Concrete,concrete,0.005,0.0,0,4,0.8143526601781831
Concrete,concrete,0.005,0.0,0,5,0.8046506144270801
Concrete,concrete,0.005,0.0,0,6,0.8088140870340521
Concrete,concrete,0.005,0.0,0,7,0.766551824682503
Concrete,concrete,0.005,0.0,0,8,0.8327814695653732
Concrete,concrete,0.005,0.0,0,9,0.7681751606788072
Concrete,concrete,0.005,0.0,1,2,0.8467498046700926
Concrete,concrete,0.005,0.0,1,3,0.8299913529976798
Concrete,concrete,0.005,0.0,1,4,0.8315678413148351
Concrete,concrete,0.005,0.0,1,5,0.8053014159301404
Concrete,concrete,0.005,0.0,1,6,0.7654249108874628
Concrete,concrete,0.005,0.0,1,7,0.7633105984106687
Concrete,concrete,0.005,0.0,1,8,0.7538152045466863
Concrete,concrete,0.005,0.0,1,9,0.7485376194866786
Concrete,concrete,0.005,0.0,2,3,0.8142020091976266
Concrete,concrete,0.005,0.0,2,4,0.8089165482120796
Concrete,concrete,0.005,0.0,2,5,0.8546631543277535
Concrete,concrete,0.005,0.0,2,6,0.884923881215198
Concrete,concrete,0.005,0.0,2,7,0.802534715398994
Concrete,concrete,0.005,0.0,2,8,0.8094971079588364
Concrete,concrete,0.005,0.0,2,9,0.7904054857511833
Concrete,concrete,0.005,0.0,3,4,0.7994429170415218
Concrete,concrete,0.005,0.0,3,5,0.8889851542952903
Concrete,concrete,0.005,0.0,3,6,0.7482857600520244
Concrete,concrete,0.005,0.0,3,7,0.8316006546039009
Concrete,concrete,0.005,0.0,3,8,0.8382524054455204
Concrete,concrete,0.005,0.0,3,9,0.8240882083607308
Concrete,concrete,0.005,0.0,4,5,0.7669292038257527
Concrete,concrete,0.005,0.0,4,6,0.7364657780047219
Concrete,concrete,0.005,0.0,4,7,0.7851294813436746
Concrete,concrete,0.005,0.0,4,8,0.7868472309344765
Concrete,concrete,0.005,0.0,4,9,0.7786672426008316
Concrete,concrete,0.005,0.0,5,6,0.7883354157276142
Concrete,concrete,0.005,0.0,5,7,0.8456822436019599
Concrete,concrete,0.005,0.0,5,8,0.775532257864424
Concrete,concrete,0.005,0.0,5,9,0.7992719737613785
Concrete,concrete,0.005,0.0,6,7,0.8077869812349706
Concrete,concrete,0.005,0.0,6,8,0.7802169596737367
Concrete,concrete,0.005,0.0,6,9,0.7550331294956039
Concrete,concrete,0.005,0.0,7,8,0.8191946395436474
Concrete,concrete,0.005,0.0,7,9,0.8018637406396537
Concrete,concrete,0.005,0.0,8,9,0.746188386905299
Concrete,concrete,0.004,0.0,0,1,0.8493183550513069
Concrete,concrete,0.004,0.0,0,2,0.8418626928894566
Concrete,concrete,0.004,0.0,0,3,0.8053288658901833
Concrete,concrete,0.004,0.0,0,4,0.8203185307389409
Concrete,concrete,0.004,0.0,0,5,0.7896583134869172
Concrete,concrete,0.004,0.0,0,6,0.8041290843821048
Concrete,concrete,0.004,0.0,0,7,0.8194340120977246
Concrete,concrete,0.004,0.0,0,8,0.804838014522124
Concrete,concrete,0.004,0.0,0,9,0.7911044824292384
Concrete,concrete,0.004,0.0,1,2,0.8505835919745584
Concrete,concrete,0.004,0.0,1,3,0.7553546884847475
Concrete,concrete,0.004,0.0,1,4,0.8027916677296572
Concrete,concrete,0.004,0.0,1,5,0.8248595478307027
Concrete,concrete,0.004,0.0,1,6,0.8372673528980631
Concrete,concrete,0.004,0.0,1,7,0.8236596301730791
Concrete,concrete,0.004,0.0,1,8,0.8194898014196069
Concrete,concrete,0.004,0.0,1,9,0.7341232489456798
Concrete,concrete,0.004,0.0,2,3,0.8317762846951151
Concrete,concrete,0.004,0.0,2,4,0.8043171629813958
Concrete,concrete,0.004,0.0,2,5,0.8074255078436727
Concrete,concrete,0.004,0.0,2,6,0.8819235957062376
Concrete,concrete,0.004,0.0,2,7,0.8169164474258864
Concrete,concrete,0.004,0.0,2,8,0.793690968510134
Concrete,concrete,0.004,0.0,2,9,0.7450483419875665
Concrete,concrete,0.004,0.0,3,4,0.8067466759849706
Concrete,concrete,0.004,0.0,3,5,0.87031019440004
Concrete,concrete,0.004,0.0,3,6,0.7846203967006087
Concrete,concrete,0.004,0.0,3,7,0.7604211953399038
Concrete,concrete,0.004,0.0,3,8,0.8565069958291557
Concrete,concrete,0.004,0.0,3,9,0.7752260260929251
Concrete,concrete,0.004,0.0,4,5,0.7788383409246815
Concrete,concrete,0.004,0.0,4,6,0.8330350976538501
Concrete,concrete,0.004,0.0,4,7,0.8164770512577586
Concrete,concrete,0.004,0.0,4,8,0.8177892956411695
Concrete,concrete,0.004,0.0,4,9,0.8165123714845198
Concrete,concrete,0.004,0.0,5,6,0.8087532635925629
Concrete,concrete,0.004,0.0,5,7,0.7518990140879819
Concrete,concrete,0.004,0.0,5,8,0.859239218077293
Concrete,concrete,0.004,0.0,5,9,0.7295446102175154
Concrete,concrete,0.004,0.0,6,7,0.8339110066414968
Concrete,concrete,0.004,0.0,6,8,0.7716507921566076
Concrete,concrete,0.004,0.0,6,9,0.7235615809410307
Concrete,concrete,0.004,0.0,7,8,0.8183367050285862
Concrete,concrete,0.004,0.0,7,9,0.7923158415731919
Concrete,concrete,0.004,0.0,8,9,0.8177507226331209
Concrete,concrete,0.0033,0.0,0,1,0.8899716598435462
Concrete,concrete,0.0033,0.0,0,2,0.8615343123195766
Concrete,concrete,0.0033,0.0,0,3,0.8721545475880661
Concrete,concrete,0.0033,0.0,0,4,0.8272396913820672
Concrete,concrete,0.0033,0.0,0,5,0.7925467104477447
Concrete,concrete,0.0033,0.0,0,6,0.7135676833442173
Concrete,concrete,0.0033,0.0,0,7,0.8249103914053465
Concrete,concrete,0.0033,0.0,0,8,0.6206008699859022
Concrete,concrete,0.0033,0.0,0,9,0.8203203169591926
Concrete,concrete,0.0033,0.0,1,2,0.8941754368590051
Concrete,concrete,0.0033,0.0,1,3,0.91133261267719
Concrete,concrete,0.0033,0.0,1,4,0.8026312007999626
Concrete,concrete,0.0033,0.0,1,5,0.7886316372955797
Concrete,concrete,0.0033,0.0,1,6,0.7767142522976977
Concrete,concrete,0.0033,0.0,1,7,0.8444546295224061
Concrete,concrete,0.0033,0.0,1,8,0.6275105980734282
Concrete,concrete,0.0033,0.0,1,9,0.8188714970778883
Concrete,concrete,0.0033,0.0,2,3,0.8766936580701392
Concrete,concrete,0.0033,0.0,2,4,0.7915533665391156
Concrete,concrete,0.0033,0.0,2,5,0.7793763114661254
Concrete,concrete,0.0033,0.0,2,6,0.6558488352111511
Concrete,concrete,0.0033,0.0,2,7,0.8341397247605031
Concrete,concrete,0.0033,0.0,2,8,0.707590392953942
Concrete,concrete,0.0033,0.0,2,9,0.7542390987626408
Concrete,concrete,0.0033,0.0,3,4,0.772838296255798
Concrete,concrete,0.0033,0.0,3,5,0.7837939461799992
Concrete,concrete,0.0033,0.0,3,6,0.746277258639228
Concrete,concrete,0.0033,0.0,3,7,0.8305472293294004
Concrete,concrete,0.0033,0.0,3,8,0.6377908931150056
Concrete,concrete,0.0033,0.0,3,9,0.809754707285951
Concrete,concrete,0.0033,0.0,4,5,0.8080511430733914
Concrete,concrete,0.0033,0.0,4,6,0.7248702231508739
Concrete,concrete,0.0033,0.0,4,7,0.8113225740941442
Concrete,concrete,0.0033,0.0,4,8,0.6250029145209408
Concrete,concrete,0.0033,0.0,4,9,0.7398009307624114
Concrete,concrete,0.0033,0.0,5,6,0.7584820495221746
Concrete,concrete,0.0033,0.0,5,7,0.856305985550616
Concrete,concrete,0.0033,0.0,5,8,0.6292185614264699
Concrete,concrete,0.0033,0.0,5,9,0.831703914136836
Concrete,concrete,0.0033,0.0,6,7,0.7837957910793745
Concrete,concrete,0.0033,0.0,6,8,0.4232476190537294
Concrete,concrete,0.0033,0.0,6,9,0.8416782014024285
Concrete,concrete,0.0033,0.0,7,8,0.6198814780608723
Concrete,concrete,0.0033,0.0,7,9,0.7815565116532633
Concrete,concrete,0.0033,0.0,8,9,0.5431080344427832
Concrete,concrete,0.0027,0.0,0,1,0.8662047942555428
Concrete,concrete,0.0027,0.0,0,2,0.8754958739335331
Concrete,concrete,0.0027,0.0,0,3,0.6737254562839287
Concrete,concrete,0.0027,0.0,0,4,0.7783072318019365
Concrete,concrete,0.0027,0.0,0,5,0.8188899048672736
Concrete,concrete,0.0027,0.0,0,6,0.8598476687766866
Concrete,concrete,0.0027,0.0,0,7,0.8173529790752212
Concrete,concrete,0.0027,0.0,0,8,0.8281050700006325
Concrete,concrete,0.0027,0.0,0,9,0.7465324153890697
Concrete,concrete,0.0027,0.0,1,2,0.8798367080819527
Concrete,concrete,0.0027,0.0,1,3,0.6719692380255512
Concrete,concrete,0.0027,0.0,1,4,0.7670148076492475
Concrete,concrete,0.0027,0.0,1,5,0.8541070422195199
Concrete,concrete,0.0027,0.0,1,6,0.8712271246728672
Concrete,concrete,0.0027,0.0,1,7,0.843131953436734
Concrete,concrete,0.0027,0.0,1,8,0.864958416611078
Concrete,concrete,0.0027,0.0,1,9,0.8485254670961537
Concrete,concrete,0.0027,0.0,2,3,0.6654349085574163
Concrete,concrete,0.0027,0.0,2,4,0.7662627373264019
Concrete,concrete,0.0027,0.0,2,5,0.7927079443707371
Concrete,concrete,0.0027,0.0,2,6,0.835233235292686
Concrete,concrete,0.0027,0.0,2,7,0.8719846640101789
Concrete,concrete,0.0027,0.0,2,8,0.8027823287524855
Concrete,concrete,0.0027,0.0,2,9,0.7607709899051465
Concrete,concrete,0.0027,0.0,3,4,0.6926849525256257
Concrete,concrete,0.0027,0.0,3,5,0.6894089702341536
Concrete,concrete,0.0027,0.0,3,6,0.6505320705271964
Concrete,concrete,0.0027,0.0,3,7,0.6516070395624239
Concrete,concrete,0.0027,0.0,3,8,0.6969741785643236
Concrete,concrete,0.0027,0.0,3,9,0.638813156332222
Concrete,concrete,0.0027,0.0,4,5,0.8096482970171458
Concrete,concrete,0.0027,0.0,4,6,0.8094040470516037
Concrete,concrete,0.0027,0.0,4,7,0.8224007509068547
Concrete,concrete,0.0027,0.0,4,8,0.765594058049456
Concrete,concrete,0.0027,0.0,4,9,0.7972657096348662
Concrete,concrete,0.0027,0.0,5,6,0.8580346348918
Concrete,concrete,0.0027,0.0,5,7,0.8450029875394008
Concrete,concrete,0.0027,0.0,5,8,0.7688873477716225
Concrete,concrete,0.0027,0.0,5,9,0.853268401271585
Concrete,concrete,0.0027,0.0,6,7,0.8320818774496198
Concrete,concrete,0.0027,0.0,6,8,0.8159059114771369
Concrete,concrete,0.0027,0.0,6,9,0.8218915146945066
Concrete,concrete,0.0027,0.0,7,8,0.7617061847936489
Concrete,concrete,0.0027,0.0,7,9,0.8287079691258605
Concrete,concrete,0.0027,0.0,8,9,0.7843785807589178
Concrete,concrete,0.0022,0.0,0,1,0.5003625990430671
Concrete,concrete,0.0022,0.0,0,2,0.6963211302231308
Concrete,concrete,0.0022,0.0,0,3,0.6679114466572609
Concrete,concrete,0.0022,0.0,0,4,0.8071623666083139
Concrete,concrete,0.0022,0.0,0,5,0.7398748122539134
Concrete,concrete,0.0022,0.0,0,6,0.8207677622435517
Concrete,concrete,0.0022,0.0,0,7,0.6814764604093472
Concrete,concrete,0.0022,0.0,0,8,0.6254766361718394
Concrete,concrete,0.0022,0.0,0,9,0.8451172008970271
Concrete,concrete,0.0022,0.0,1,2,0.8620061284172462
Concrete,concrete,0.0022,0.0,1,3,0.7687641648374175
Concrete,concrete,0.0022,0.0,1,4,0.6887943410223732
Concrete,concrete,0.0022,0.0,1,5,0.683463558425356
Concrete,concrete,0.0022,0.0,1,6,0.6767309206972254
Concrete,concrete,0.0022,0.0,1,7,0.6492530832984741
Concrete,concrete,0.0022,0.0,1,8,0.8000510409885061
Concrete,concrete,0.0022,0.0,1,9,0.6928872533214172
Concrete,concrete,0.0022,0.0,2,3,0.8968028936512393
Concrete,concrete,0.0022,0.0,2,4,0.8137077825568239
Concrete,concrete,0.0022,0.0,2,5,0.8222750371818135
Concrete,concrete,0.0022,0.0,2,6,0.821028464676101
Concrete,concrete,0.0022,0.0,2,7,0.7002231210203169
Concrete,concrete,0.0022,0.0,2,8,0.8383301365753381
Concrete,concrete,0.0022,0.0,2,9,0.8196484979744741
Concrete,concrete,0.0022,0.0,3,4,0.805439183123134
Concrete,concrete,0.0022,0.0,3,5,0.7793520080946424
Concrete,concrete,0.0022,0.0,3,6,0.8254532417138881
Concrete,concrete,0.0022,0.0,3,7,0.7374349407822729
Concrete,concrete,0.0022,0.0,3,8,0.8542157804554334
Concrete,concrete,0.0022,0.0,3,9,0.7913226948984214
Concrete,concrete,0.0022,0.0,4,5,0.7962350000526441
Concrete,concrete,0.0022,0.0,4,6,0.8677749745283994
Concrete,concrete,0.0022,0.0,4,7,0.7036959332147662
Concrete,concrete,0.0022,0.0,4,8,0.8217162326629109
Concrete,concrete,0.0022,0.0,4,9,0.838138263356759
Concrete,concrete,0.0022,0.0,5,6,0.8698982938964879
Concrete,concrete,0.0022,0.0,5,7,0.7076781508281568
Concrete,concrete,0.0022,0.0,5,8,0.7505641828448071
Concrete,concrete,0.0022,0.0,5,9,0.791546515578358
Concrete,concrete,0.0022,0.0,6,7,0.7722598616913238
Concrete,concrete,0.0022,0.0,6,8,0.8269061777138597
Concrete,concrete,0.0022,0.0,6,9,0.8376908450199642
Concrete,concrete,0.0022,0.0,7,8,0.7505761330773475
Concrete,concrete,0.0022,0.0,7,9,0.7415084459132296
Concrete,concrete,0.0022,0.0,8,9,0.7557000661664687
Concrete,concrete,0.0018,0.0,0,1,0.8324959347265399
Concrete,concrete,0.0018,0.0,0,2,0.8069588731249903
Concrete,concrete,0.0018,0.0,0,3,0.7615524346489124
Concrete,concrete,0.0018,0.0,0,4,0.8266725728088764
Concrete,concrete,0.0018,0.0,0,5,0.7668968955451468
Concrete,concrete,0.0018,0.0,0,6,0.7054752502928063
Concrete,concrete,0.0018,0.0,0,7,0.7293578791293606
Concrete,concrete,0.0018,0.0,0,8,0.824198016755922
Concrete,concrete,0.0018,0.0,0,9,0.7669454681903924
Concrete,concrete,0.0018,0.0,1,2,0.80961049477072
Concrete,concrete,0.0018,0.0,1,3,0.7742208122295327
Concrete,concrete,0.0018,0.0,1,4,0.7622234109821435
Concrete,concrete,0.0018,0.0,1,5,0.804306049559602
Concrete,concrete,0.0018,0.0,1,6,0.7467069781333784
Concrete,concrete,0.0018,0.0,1,7,0.8055198614574215
Concrete,concrete,0.0018,0.0,1,8,0.7810220503510252
Concrete,concrete,0.0018,0.0,1,9,0.8024011241447786
Concrete,concrete,0.0018,0.0,2,3,0.8139209401486206
Concrete,concrete,0.0018,0.0,2,4,0.8200352827332913
Concrete,concrete,0.0018,0.0,2,5,0.8281823998064521
Concrete,concrete,0.0018,0.0,2,6,0.8316335011712701
Concrete,concrete,0.0018,0.0,2,7,0.8289462698781532
Concrete,concrete,0.0018,0.0,2,8,0.797575473973119
Concrete,concrete,0.0018,0.0,2,9,0.8251382710210827
Concrete,concrete,0.0018,0.0,3,4,0.6821981196069873
Concrete,concrete,0.0018,0.0,3,5,0.7103688076371616
Concrete,concrete,0.0018,0.0,3,6,0.7721293717933561
Concrete,concrete,0.0018,0.0,3,7,0.6828892227827478
Concrete,concrete,0.0018,0.0,3,8,0.7692827158696086
Concrete,concrete,0.0018,0.0,3,9,0.8495722060444518
Concrete,concrete,0.0018,0.0,4,5,0.7878687557757647
Concrete,concrete,0.0018,0.0,4,6,0.7616912522245312
Concrete,concrete,0.0018,0.0,4,7,0.771096668246812
Concrete,concrete,0.0018,0.0,4,8,0.780798964616532
Concrete,concrete,0.0018,0.0,4,9,0.7071055239834982
Concrete,concrete,0.0018,0.0,5,6,0.8025523210122635
Concrete,concrete,0.0018,0.0,5,7,0.8085632491643382
Concrete,concrete,0.0018,0.0,5,8,0.82289026993034
Concrete,concrete,0.0018,0.0,5,9,0.7413503229151727
Concrete,concrete,0.0018,0.0,6,7,0.8107199323440955
Concrete,concrete,0.0018,0.0,6,8,0.7862094238698851
Concrete,concrete,0.0018,0.0,6,9,0.8119194279431118
Concrete,concrete,0.0018,0.0,7,8,0.8011389979326227
Concrete,concrete,0.0018,0.0,7,9,0.7493677275303559
Concrete,concrete,0.0018,0.0,8,9,0.8074411386144293
Concrete,concrete,0.0015,0.0,0,1,0.8534321179580662
Concrete,concrete,0.0015,0.0,0,2,0.8132169272249532
Concrete,concrete,0.0015,0.0,0,3,0.7470959724766438
Concrete,concrete,0.0015,0.0,0,4,0.6978008889113345
Concrete,concrete,0.0015,0.0,0,5,0.7513806397730561
Concrete,concrete,0.0015,0.0,0,6,0.7795238773496056
Concrete,concrete,0.0015,0.0,0,7,0.8032012914118671
Concrete,concrete,0.0015,0.0,0,8,0.7853581015369815
Concrete,concrete,0.0015,0.0,0,9,0.7545790350408013
Concrete,concrete,0.0015,0.0,1,2,0.8635062551782812
Concrete,concrete,0.0015,0.0,1,3,0.8188307485801927
Concrete,concrete,0.0015,0.0,1,4,0.7194206414242464
Concrete,concrete,0.0015,0.0,1,5,0.8133207490750218
Concrete,concrete,0.0015,0.0,1,6,0.7819878260824616
Concrete,concrete,0.0015,0.0,1,7,0.8469397892288988
Concrete,concrete,0.0015,0.0,1,8,0.8204891315235805
Concrete,concrete,0.0015,0.0,1,9,0.8223697754472374
Concrete,concrete,0.0015,0.0,2,3,0.7671054211843634
Concrete,concrete,0.0015,0.0,2,4,0.6190984038565144
Concrete,concrete,0.0015,0.0,2,5,0.7398565632444994
Concrete,concrete,0.0015,0.0,2,6,0.76940082529372
Concrete,concrete,0.0015,0.0,2,7,0.7844105022594788
Concrete,concrete,0.0015,0.0,2,8,0.7711158336564752
Concrete,concrete,0.0015,0.0,2,9,0.7304658372887013
Concrete,concrete,0.0015,0.0,3,4,0.6798267071380281
Concrete,concrete,0.0015,0.0,3,5,0.7192000034443441
Concrete,concrete,0.0015,0.0,3,6,0.7724871240107059
Concrete,concrete,0.0015,0.0,3,7,0.7657919532227226
Concrete,concrete,0.0015,0.0,3,8,0.8246641046069052
Concrete,concrete,0.0015,0.0,3,9,0.8098427442475667
Concrete,concrete,0.0015,0.0,4,5,0.7342391349813601
Concrete,concrete,0.0015,0.0,4,6,0.6241217877618956
Concrete,concrete,0.0015,0.0,4,7,0.7668844522945351
Concrete,concrete,0.0015,0.0,4,8,0.6523751658970414
Concrete,concrete,0.0015,0.0,4,9,0.766879745857675
Concrete,concrete,0.0015,0.0,5,6,0.7173553267651344
Concrete,concrete,0.0015,0.0,5,7,0.7778363407424549
Concrete,concrete,0.0015,0.0,5,8,0.7507239822142673
Concrete,concrete,0.0015,0.0,5,9,0.7405795445769265
Concrete,concrete,0.0015,0.0,6,7,0.801212970163162
Concrete,concrete,0.0015,0.0,6,8,0.7886873496300574
Concrete,concrete,0.0015,0.0,6,9,0.6922302491927255
Concrete,concrete,0.0015,0.0,7,8,0.8375225090821743
Concrete,concrete,0.0015,0.0,7,9,0.7719467380658086
Concrete,concrete,0.0015,0.0,8,9,0.740694598881033
Concrete,concrete,0.0012,0.0,0,1,0.6626238300180469
Concrete,concrete,0.0012,0.0,0,2,0.326956277760165
Concrete,concrete,0.0012,0.0,0,3,0.5418537848817684
Concrete,concrete,0.0012,0.0,0,4,0.5004525876462078
Concrete,concrete,0.0012,0.0,0,5,0.4935544830770675
Concrete,concrete,0.0012,0.0,0,6,0.5044518544722748
Concrete,concrete,0.0012,0.0,0,7,0.609231722782911
Concrete,concrete,0.0012,0.0,0,8,0.5845485336463879
Concrete,concrete,0.0012,0.0,0,9,0.5424200507479081
Concrete,concrete,0.0012,0.0,1,2,0.6266790201865842
Concrete,concrete,0.0012,0.0,1,3,0.8124519785561419
Concrete,concrete,0.0012,0.0,1,4,0.8265156480476805
Concrete,concrete,0.0012,0.0,1,5,0.7297825082361388
Concrete,concrete,0.0012,0.0,1,6,0.7092688013731699
Concrete,concrete,0.0012,0.0,1,7,0.8109951113876874
Concrete,concrete,0.0012,0.0,1,8,0.6811927512982029
Concrete,concrete,0.0012,0.0,1,9,0.7371694028852981
Concrete,concrete,0.0012,0.0,2,3,0.7346570086670389
Concrete,concrete,0.0012,0.0,2,4,0.7522534865556667
Concrete,concrete,0.0012,0.0,2,5,0.7687551624934856
Concrete,concrete,0.0012,0.0,2,6,0.6669512112024134
Concrete,concrete,0.0012,0.0,2,7,0.6556151513179326
Concrete,concrete,0.0012,0.0,2,8,0.6651204094583673
Concrete,concrete,0.0012,0.0,2,9,0.829938296449273
Concrete,concrete,0.0012,0.0,3,4,0.8495324115529795
Concrete,concrete,0.0012,0.0,3,5,0.7703419680620227
Concrete,concrete,0.0012,0.0,3,6,0.6267955874810696
Concrete,concrete,0.0012,0.0,3,7,0.7980498761405128
Concrete,concrete,0.0012,0.0,3,8,0.7839620494137918
Concrete,concrete,0.0012,0.0,3,9,0.8095910696581912
Concrete,concrete,0.0012,0.0,4,5,0.8283071414624791
Concrete,concrete,0.0012,0.0,4,6,0.7099277465824256
Concrete,concrete,0.0012,0.0,4,7,0.8100904739219101
Concrete,concrete,0.0012,0.0,4,8,0.7070180266823304
Concrete,concrete,0.0012,0.0,4,9,0.7756466093753319
Concrete,concrete,0.0012,0.0,5,6,0.6136000882475237
Concrete,concrete,0.0012,0.0,5,7,0.7486318964966819
Concrete,concrete,0.0012,0.0,5,8,0.7718091612193939
Concrete,concrete,0.0012,0.0,5,9,0.8124006044374659
Concrete,concrete,0.0012,0.0,6,7,0.6710417061029814
Concrete,concrete,0.0012,0.0,6,8,0.5339386019343272
Concrete,concrete,0.0012,0.0,6,9,0.7254964737919074
Concrete,concrete,0.0012,0.0,7,8,0.7689120228458007
Concrete,concrete,0.0012,0.0,7,9,0.7388548672773628
Concrete,concrete,0.0012,0.0,8,9,0.7745574705010266
Concrete,concrete,0.001,0.0,0,1,0.7065348970976959
Concrete,concrete,0.001,0.0,0,2,0.7606493617823448
Concrete,concrete,0.001,0.0,0,3,0.8610492079851786
Concrete,concrete,0.001,0.0,0,4,0.6858424929439239
Concrete,concrete,0.001,0.0,0,5,0.8112970487976904
Concrete,concrete,0.001,0.0,0,6,0.7770219210965832
Concrete,concrete,0.001,0.0,0,7,0.7640208594636582
Concrete,concrete,0.001,0.0,0,8,0.58410924668559
Concrete,concrete,0.001,0.0,0,9,0.8051604686391912
Concrete,concrete,0.001,0.0,1,2,0.8316834410978015
Concrete,concrete,0.001,0.0,1,3,0.6950027291658832
Concrete,concrete,0.001,0.0,1,4,0.6392839480689309
Concrete,concrete,0.001,0.0,1,5,0.7900251457578811
Concrete,concrete,0.001,0.0,1,6,0.823819885894344
Concrete,concrete,0.001,0.0,1,7,0.7750144055276648
Concrete,concrete,0.001,0.0,1,8,0.7288558297682058
Concrete,concrete,0.001,0.0,1,9,0.7667546929689654
Concrete,concrete,0.001,0.0,2,3,0.7607545642863782
Concrete,concrete,0.001,0.0,2,4,0.6470829940048636
Concrete,concrete,0.001,0.0,2,5,0.8259667862737011
Concrete,concrete,0.001,0.0,2,6,0.7965096609921422
Concrete,concrete,0.001,0.0,2,7,0.8399321074473176
Concrete,concrete,0.001,0.0,2,8,0.6813264376007918
Concrete,concrete,0.001,0.0,2,9,0.801825797613565
Concrete,concrete,0.001,0.0,3,4,0.6549455335513388
Concrete,concrete,0.001,0.0,3,5,0.837566858151198
Concrete,concrete,0.001,0.0,3,6,0.7983094991895314
Concrete,concrete,0.001,0.0,3,7,0.820947852337916
Concrete,concrete,0.001,0.0,3,8,0.6306052583541827
Concrete,concrete,0.001,0.0,3,9,0.834594444730158
Concrete,concrete,0.001,0.0,4,5,0.6452420153097811
Concrete,concrete,0.001,0.0,4,6,0.6301830853398775
Concrete,concrete,0.001,0.0,4,7,0.6055918742638087
Concrete,concrete,0.001,0.0,4,8,0.5410190239240081
Concrete,concrete,0.001,0.0,4,9,0.6540984624481414
Concrete,concrete,0.001,0.0,5,6,0.8082583205689239
Concrete,concrete,0.001,0.0,5,7,0.8477494700815387
Concrete,concrete,0.001,0.0,5,8,0.6428394687248052
Concrete,concrete,0.001,0.0,5,9,0.8142159701186426
Concrete,concrete,0.001,0.0,6,7,0.7852506813510794
Concrete,concrete,0.001,0.0,6,8,0.7055084248986101
Concrete,concrete,0.001,0.0,6,9,0.8153965311894067
Concrete,concrete,0.001,0.0,7,8,0.6952315472886013
Concrete,concrete,0.001,0.0,7,9,0.8494425644022244
Concrete,concrete,0.001,0.0,8,9,0.6668902345789289
Concrete,concrete,0.00085,0.0,0,1,0.5285833812784525
Concrete,concrete,0.00085,0.0,0,2,0.8640157138325716
Concrete,concrete,0.00085,0.0,0,3,0.7703814384268068
Concrete,concrete,0.00085,0.0,0,4,0.8376130298937006
Concrete,concrete,0.00085,0.0,0,5,0.7776024253679351
Concrete,concrete,0.00085,0.0,0,6,0.7340966334125917
Concrete,concrete,0.00085,0.0,0,7,0.7656458070431277
Concrete,concrete,0.00085,0.0,0,8,0.784820252443748
Concrete,concrete,0.00085,0.0,0,9,0.6544325279944004
Concrete,concrete,0.00085,0.0,1,2,0.5250308281078875
Concrete,concrete,0.00085,0.0,1,3,0.38113509562104025
Concrete,concrete,0.00085,0.0,1,4,0.5295868611079879
Concrete,concrete,0.00085,0.0,1,5,0.5146055930399912
Concrete,concrete,0.00085,0.0,1,6,0.5113640783728507
Concrete,concrete,0.00085,0.0,1,7,0.5162479575278818
Concrete,concrete,0.00085,0.0,1,8,0.4030493508540342
Concrete,concrete,0.00085,0.0,1,9,0.44711074044563826
Concrete,concrete,0.00085,0.0,2,3,0.762485179535484
Concrete,concrete,0.00085,0.0,2,4,0.8436488904956545
Concrete,concrete,0.00085,0.0,2,5,0.6619643468296442
Concrete,concrete,0.00085,0.0,2,6,0.6579195661529932
Concrete,concrete,0.00085,0.0,2,7,0.7647023844259356
Concrete,concrete,0.00085,0.0,2,8,0.7496253742455041
Concrete,concrete,0.00085,0.0,2,9,0.5736530100814731
Concrete,concrete,0.00085,0.0,3,4,0.8102649999280914
Concrete,concrete,0.00085,0.0,3,5,0.6613873062296353
Concrete,concrete,0.00085,0.0,3,6,0.6702043275005597
Concrete,concrete,0.00085,0.0,3,7,0.7550506232775123
Concrete,concrete,0.00085,0.0,3,8,0.8396135279695474
Concrete,concrete,0.00085,0.0,3,9,0.7637439217363913
Concrete,concrete,0.00085,0.0,4,5,0.7377886604434601
Concrete,concrete,0.00085,0.0,4,6,0.7103038099666934
Concrete,concrete,0.00085,0.0,4,7,0.7118726594208686
Concrete,concrete,0.00085,0.0,4,8,0.8130669169758191
Concrete,concrete,0.00085,0.0,4,9,0.7245821369102563
Concrete,concrete,0.00085,0.0,5,6,0.7722707341742099
Concrete,concrete,0.00085,0.0,5,7,0.6505906149583847
Concrete,concrete,0.00085,0.0,5,8,0.6859784830898478
Concrete,concrete,0.00085,0.0,5,9,0.7396781452097385
Concrete,concrete,0.00085,0.0,6,7,0.7128008060853952
Concrete,concrete,0.00085,0.0,6,8,0.6760875543588584
Concrete,concrete,0.00085,0.0,6,9,0.7607999031100232
Concrete,concrete,0.00085,0.0,7,8,0.8676648181274207
Concrete,concrete,0.00085,0.0,7,9,0.7645151078128146
Concrete,concrete,0.00085,0.0,8,9,0.8019198443325012
Concrete,concrete,0.0007,0.0,0,1,0.7911179432459462
Concrete,concrete,0.0007,0.0,0,2,0.899855746895514
Concrete,concrete,0.0007,0.0,0,3,0.5526051378373018
Concrete,concrete,0.0007,0.0,0,4,0.8272376864589263
Concrete,concrete,0.0007,0.0,0,5,0.6801071452752872
Concrete,concrete,0.0007,0.0,0,6,0.7085822490213843
Concrete,concrete,0.0007,0.0,0,7,0.8542038252011973
Concrete,concrete,0.0007,0.0,0,8,0.6684374328397297
Concrete,concrete,0.0007,0.0,0,9,0.8780030416949556
Concrete,concrete,0.0007,0.0,1,2,0.8202594004199896
Concrete,concrete,0.0007,0.0,1,3,0.46456575092122276
Concrete,concrete,0.0007,0.0,1,4,0.819108564861629
Concrete,concrete,0.0007,0.0,1,5,0.7332301266663724
Concrete,concrete,0.0007,0.0,1,6,0.7135797532754465
Concrete,concrete,0.0007,0.0,1,7,0.7049193609785414
Concrete,concrete,0.0007,0.0,1,8,0.6370044472378202
Concrete,concrete,0.0007,0.0,1,9,0.8004908755015805
Concrete,concrete,0.0007,0.0,2,3,0.5832643225222
Concrete,concrete,0.0007,0.0,2,4,0.8711062623825058
Concrete,concrete,0.0007,0.0,2,5,0.7042890939473878
Concrete,concrete,0.0007,0.0,2,6,0.7174397629308713
Concrete,concrete,0.0007,0.0,2,7,0.7845912805260018
Concrete,concrete,0.0007,0.0,2,8,0.6386350937183908
Concrete,concrete,0.0007,0.0,2,9,0.8982885675194874
Concrete,concrete,0.0007,0.0,3,4,0.5669480828332595
Concrete,concrete,0.0007,0.0,3,5,0.376499059089775
Concrete,concrete,0.0007,0.0,3,6,0.49521597659565725
Concrete,concrete,0.0007,0.0,3,7,0.5488776266375199
Concrete,concrete,0.0007,0.0,3,8,0.5027260830494861
Concrete,concrete,0.0007,0.0,3,9,0.5496646368399187
Concrete,concrete,0.0007,0.0,4,5,0.6874344789744914
Concrete,concrete,0.0007,0.0,4,6,0.710368763410421
Concrete,concrete,0.0007,0.0,4,7,0.7715357017873231
Concrete,concrete,0.0007,0.0,4,8,0.6724654047688092
Concrete,concrete,0.0007,0.0,4,9,0.8609057502465419
Concrete,concrete,0.0007,0.0,5,6,0.646165331033459
Concrete,concrete,0.0007,0.0,5,7,0.6552327937611679
Concrete,concrete,0.0007,0.0,5,8,0.5530471154154257
Concrete,concrete,0.0007,0.0,5,9,0.6527115020185353
Concrete,concrete,0.0007,0.0,6,7,0.7130604087626675
Concrete,concrete,0.0007,0.0,6,8,0.6610656463862659
Concrete,concrete,0.0007,0.0,6,9,0.759996773698996
Concrete,concrete,0.0007,0.0,7,8,0.7150171798377213
Concrete,concrete,0.0007,0.0,7,9,0.7846440458419079
Concrete,concrete,0.0007,0.0,8,9,0.6682159224550165
Concrete,concrete,0.0006,0.0,0,1,0.7831601818872019
Concrete,concrete,0.0006,0.0,0,2,0.7568240482543376
Concrete,concrete,0.0006,0.0,0,3,0.8172915266263425
Concrete,concrete,0.0006,0.0,0,4,0.8314750733065849
Concrete,concrete,0.0006,0.0,0,5,0.8109203491844902
Concrete,concrete,0.0006,0.0,0,6,0.6761620413949948
Concrete,concrete,0.0006,0.0,0,7,0.7800993499336583
Concrete,concrete,0.0006,0.0,0,8,0.7398778076935564
Concrete,concrete,0.0006,0.0,0,9,0.8355038595465654
Concrete,concrete,0.0006,0.0,1,2,0.8154199475848962
Concrete,concrete,0.0006,0.0,1,3,0.8320550169934301
Concrete,concrete,0.0006,0.0,1,4,0.8191437734092607
Concrete,concrete,0.0006,0.0,1,5,0.8419511642992799
Concrete,concrete,0.0006,0.0,1,6,0.6689728353676668
Concrete,concrete,0.0006,0.0,1,7,0.8268030675313226
Concrete,concrete,0.0006,0.0,1,8,0.826461262179767
Concrete,concrete,0.0006,0.0,1,9,0.7548173352840126
Concrete,concrete,0.0006,0.0,2,3,0.7971023347141898
Concrete,concrete,0.0006,0.0,2,4,0.8192993784324666
Concrete,concrete,0.0006,0.0,2,5,0.7844337382605534
Concrete,concrete,0.0006,0.0,2,6,0.645551328213024
Concrete,concrete,0.0006,0.0,2,7,0.8055716573553996
Concrete,concrete,0.0006,0.0,2,8,0.8225451693523085
Concrete,concrete,0.0006,0.0,2,9,0.7072698495972668
Concrete,concrete,0.0006,0.0,3,4,0.856205803925754
Concrete,concrete,0.0006,0.0,3,5,0.834913372009722
Concrete,concrete,0.0006,0.0,3,6,0.7004171752048061
Concrete,concrete,0.0006,0.0,3,7,0.8141587331562758
Concrete,concrete,0.0006,0.0,3,8,0.7643509833716462
Concrete,concrete,0.0006,0.0,3,9,0.772027463906273
Concrete,concrete,0.0006,0.0,4,5,0.8174230674827762
Concrete,concrete,0.0006,0.0,4,6,0.6844037405183239
Concrete,concrete,0.0006,0.0,4,7,0.7757945842016579
Concrete,concrete,0.0006,0.0,4,8,0.7794946254682312
Concrete,concrete,0.0006,0.0,4,9,0.7845271154192403
Concrete,concrete,0.0006,0.0,5,6,0.6934112395562642
Concrete,concrete,0.0006,0.0,5,7,0.8736592714921811
Concrete,concrete,0.0006,0.0,5,8,0.7880646803756681
Concrete,concrete,0.0006,0.0,5,9,0.8073663475483188
Concrete,concrete,0.0006,0.0,6,7,0.7750770841322279
Concrete,concrete,0.0006,0.0,6,8,0.7592476895522962
Concrete,concrete,0.0006,0.0,6,9,0.6654824061287933
Concrete,concrete,0.0006,0.0,7,8,0.8628074688267733
Concrete,concrete,0.0006,0.0,7,9,0.8177646845232863
Concrete,concrete,0.0006,0.0,8,9,0.717734557315077
Concrete,concrete,0.0005,0.0,0,1,0.691427560101476
Concrete,concrete,0.0005,0.0,0,2,0.5418220288315867
Concrete,concrete,0.0005,0.0,0,3,0.5383870678166711
Concrete,concrete,0.0005,0.0,0,4,0.6118951788329619
Concrete,concrete,0.0005,0.0,0,5,0.5661357251607999
Concrete,concrete,0.0005,0.0,0,6,0.5901331986289614
Concrete,concrete,0.0005,0.0,0,7,0.42037168691552423
Concrete,concrete,0.0005,0.0,0,8,0.6794379650742497
Concrete,concrete,0.0005,0.0,0,9,0.49973676980313425
Concrete,concrete,0.0005,0.0,1,2,0.8027862387107221
Concrete,concrete,0.0005,0.0,1,3,0.781717709329514
Concrete,concrete,0.0005,0.0,1,4,0.8674269645089221
Concrete,concrete,0.0005,0.0,1,5,0.8547911009005154
Concrete,concrete,0.0005,0.0,1,6,0.8240015426464208
Concrete,concrete,0.0005,0.0,1,7,0.6312380551806464
Concrete,concrete,0.0005,0.0,1,8,0.8627363207523099
Concrete,concrete,0.0005,0.0,1,9,0.756915875391048
Concrete,concrete,0.0005,0.0,2,3,0.7321365071670242
Concrete,concrete,0.0005,0.0,2,4,0.7759807977870945
Concrete,concrete,0.0005,0.0,2,5,0.805405388201297
Concrete,concrete,0.0005,0.0,2,6,0.8022178427707
Concrete,concrete,0.0005,0.0,2,7,0.660920612756336
Concrete,concrete,0.0005,0.0,2,8,0.7309053939179957
Concrete,concrete,0.0005,0.0,2,9,0.8052105698277626
Concrete,concrete,0.0005,0.0,3,4,0.7516299927080041
Concrete,concrete,0.0005,0.0,3,5,0.7929639989794559
Concrete,concrete,0.0005,0.0,3,6,0.795484454029122
Concrete,concrete,0.0005,0.0,3,7,0.5425550464516058
Concrete,concrete,0.0005,0.0,3,8,0.7883661255269526
Concrete,concrete,0.0005,0.0,3,9,0.7885999653946701
Concrete,concrete,0.0005,0.0,4,5,0.8028032301218312
Concrete,concrete,0.0005,0.0,4,6,0.816122459167028
Concrete,concrete,0.0005,0.0,4,7,0.524239666913184
Concrete,concrete,0.0005,0.0,4,8,0.8104852362539424
Concrete,concrete,0.0005,0.0,4,9,0.7571862827446499
Concrete,concrete,0.0005,0.0,5,6,0.7996176677572133
Concrete,concrete,0.0005,0.0,5,7,0.627554020111547
Concrete,concrete,0.0005,0.0,5,8,0.7788178421438077
Concrete,concrete,0.0005,0.0,5,9,0.7426557394468206
Concrete,concrete,0.0005,0.0,6,7,0.5800865477472622
Concrete,concrete,0.0005,0.0,6,8,0.8269033894582029
Concrete,concrete,0.0005,0.0,6,9,0.806561926045928
Concrete,concrete,0.0005,0.0,7,8,0.5806982936816547
Concrete,concrete,0.0005,0.0,7,9,0.5851733363740812
Concrete,concrete,0.0005,0.0,8,9,0.8248510728970552
Concrete,concrete,0.00042,0.0,0,1,0.7277018358642039
Concrete,concrete,0.00042,0.0,0,2,0.7456865733408181
Concrete,concrete,0.00042,0.0,0,3,0.7593947696684996
Concrete,concrete,0.00042,0.0,0,4,0.7664566303067397
Concrete,concrete,0.00042,0.0,0,5,0.762575064924259
Concrete,concrete,0.00042,0.0,0,6,0.6638840081812928
Concrete,concrete,0.00042,0.0,0,7,0.7734684208707321
Concrete,concrete,0.00042,0.0,0,8,0.7499288700737832
Concrete,concrete,0.00042,0.0,0,9,0.8014506012490672
Concrete,concrete,0.00042,0.0,1,2,0.8070630075991306
Concrete,concrete,0.00042,0.0,1,3,0.7299285293935424
Concrete,concrete,0.00042,0.0,1,4,0.8654867336587017
Concrete,concrete,0.00042,0.0,1,5,0.7470222137311106
Concrete,concrete,0.00042,0.0,1,6,0.8699150149742492
Concrete,concrete,0.00042,0.0,1,7,0.7760609515831635
Concrete,concrete,0.00042,0.0,1,8,0.8588731675258802
Concrete,concrete,0.00042,0.0,1,9,0.8105552388950408
Concrete,concrete,0.00042,0.0,2,3,0.8586424091568161
Concrete,concrete,0.00042,0.0,2,4,0.8829830330709308
Concrete,concrete,0.00042,0.0,2,5,0.8224331674249916
Concrete,concrete,0.00042,0.0,2,6,0.7861051467627707
Concrete,concrete,0.00042,0.0,2,7,0.8872412658506127
Concrete,concrete,0.00042,0.0,2,8,0.8190161648598494
Concrete,concrete,0.00042,0.0,2,9,0.7974427276804552
Concrete,concrete,0.00042,0.0,3,4,0.8225868564943715
Concrete,concrete,0.00042,0.0,3,5,0.8035646996518029
Concrete,concrete,0.00042,0.0,3,6,0.7131676925448353
Concrete,concrete,0.00042,0.0,3,7,0.8602664418876534
Concrete,concrete,0.00042,0.0,3,8,0.8022149560282748
Concrete,concrete,0.00042,0.0,3,9,0.8006446796876583
Concrete,concrete,0.00042,0.0,4,5,0.8189800208340192
Concrete,concrete,0.00042,0.0,4,6,0.8882276488630353
Concrete,concrete,0.00042,0.0,4,7,0.8344411437371727
Concrete,concrete,0.00042,0.0,4,8,0.8040706195567445
Concrete,concrete,0.00042,0.0,4,9,0.7583237884872438
Concrete,concrete,0.00042,0.0,5,6,0.6764761484065877
Concrete,concrete,0.00042,0.0,5,7,0.8204134655582418
Concrete,concrete,0.00042,0.0,5,8,0.7242671024124233
Concrete,concrete,0.00042,0.0,5,9,0.7411669312713473
Concrete,concrete,0.00042,0.0,6,7,0.7849877394923493
Concrete,concrete,0.00042,0.0,6,8,0.762740068640203
Concrete,concrete,0.00042,0.0,6,9,0.7140913504944649
Concrete,concrete,0.00042,0.0,7,8,0.7826382849677865
Concrete,concrete,0.00042,0.0,7,9,0.8119527624401043
Concrete,concrete,0.00042,0.0,8,9,0.891886768636125
Concrete,concrete,0.00035,0.0,0,1,0.8277956981372261
Concrete,concrete,0.00035,0.0,0,2,0.7623228408449136
Concrete,concrete,0.00035,0.0,0,3,0.7990709537134872
Concrete,concrete,0.00035,0.0,0,4,0.8477345713431702
Concrete,concrete,0.00035,0.0,0,5,0.8063643784145753
Concrete,concrete,0.00035,0.0,0,6,0.6927315315730982
Concrete,concrete,0.00035,0.0,0,7,0.7709801651123431
Concrete,concrete,0.00035,0.0,0,8,0.7587943281187062
Concrete,concrete,0.00035,0.0,0,9,0.6688316626132244
Concrete,concrete,0.00035,0.0,1,2,0.6463610395979076
Concrete,concrete,0.00035,0.0,1,3,0.8359276819488379
Concrete,concrete,0.00035,0.0,1,4,0.7963329947744108
Concrete,concrete,0.00035,0.0,1,5,0.7646815669718644
Concrete,concrete,0.00035,0.0,1,6,0.6178565251744719
Concrete,concrete,0.00035,0.0,1,7,0.7409859520556598
Concrete,concrete,0.00035,0.0,1,8,0.6636169180880984
Concrete,concrete,0.00035,0.0,1,9,0.5999414281750827
Concrete,concrete,0.00035,0.0,2,3,0.6909475336078794
Concrete,concrete,0.00035,0.0,2,4,0.7529980503973139
Concrete,concrete,0.00035,0.0,2,5,0.793451983815114
Concrete,concrete,0.00035,0.0,2,6,0.7678833799618436
Concrete,concrete,0.00035,0.0,2,7,0.7247793035918834
Concrete,concrete,0.00035,0.0,2,8,0.823373753992369
Concrete,concrete,0.00035,0.0,2,9,0.6896417500579601
Concrete,concrete,0.00035,0.0,3,4,0.8658651472178877
Concrete,concrete,0.00035,0.0,3,5,0.7268431947845857
Concrete,concrete,0.00035,0.0,3,6,0.7249342248393947
Concrete,concrete,0.00035,0.0,3,7,0.768113946268468
Concrete,concrete,0.00035,0.0,3,8,0.6792441257228986
Concrete,concrete,0.00035,0.0,3,9,0.5974100352385993
Concrete,concrete,0.00035,0.0,4,5,0.7748341980073317
Concrete,concrete,0.00035,0.0,4,6,0.6976794099495833
Concrete,concrete,0.00035,0.0,4,7,0.7913542011446246
Concrete,concrete,0.00035,0.0,4,8,0.7603578853785807
Concrete,concrete,0.00035,0.0,4,9,0.6340756689864356
Concrete,concrete,0.00035,0.0,5,6,0.7978890368380404
Concrete,concrete,0.00035,0.0,5,7,0.7776233259363157
Concrete,concrete,0.00035,0.0,5,8,0.797497180546076
Concrete,concrete,0.00035,0.0,5,9,0.7587235172750586
Concrete,concrete,0.00035,0.0,6,7,0.631482131071449
Concrete,concrete,0.00035,0.0,6,8,0.7319803467066889
Concrete,concrete,0.00035,0.0,6,9,0.6315134811991239
Concrete,concrete,0.00035,0.0,7,8,0.7658563356182081
Concrete,concrete,0.00035,0.0,7,9,0.7628247210662715
Concrete,concrete,0.00035,0.0,8,9,0.7315963596180691
Concrete,concrete,0.0003,0.0,0,1,0.7923422232874848
Concrete,concrete,0.0003,0.0,0,2,0.8814657947973228
Concrete,concrete,0.0003,0.0,0,3,0.6993198254717026
Concrete,concrete,0.0003,0.0,0,4,0.7492519795096038
Concrete,concrete,0.0003,0.0,0,5,0.5948529292858912
Concrete,concrete,0.0003,0.0,0,6,0.8351862396621756
Concrete,concrete,0.0003,0.0,0,7,0.7610167614859841
Concrete,concrete,0.0003,0.0,0,8,0.40151936563302415
Concrete,concrete,0.0003,0.0,0,9,0.681658958597551
Concrete,concrete,0.0003,0.0,1,2,0.8286978139264602
Concrete,concrete,0.0003,0.0,1,3,0.6527417387582841
Concrete,concrete,0.0003,0.0,1,4,0.7882836956908122
Concrete,concrete,0.0003,0.0,1,5,0.6930081323777223
Concrete,concrete,0.0003,0.0,1,6,0.8232255077639065
Concrete,concrete,0.0003,0.0,1,7,0.8467157183115165
Concrete,concrete,0.0003,0.0,1,8,0.4559296416443839
Concrete,concrete,0.0003,0.0,1,9,0.7839232265484318
Concrete,concrete,0.0003,0.0,2,3,0.6630605282898867
Concrete,concrete,0.0003,0.0,2,4,0.7689796651385818
Concrete,concrete,0.0003,0.0,2,5,0.7034646409715214
Concrete,concrete,0.0003,0.0,2,6,0.8208654861217665
Concrete,concrete,0.0003,0.0,2,7,0.8135114805968289
Concrete,concrete,0.0003,0.0,2,8,0.4538371273496751
Concrete,concrete,0.0003,0.0,2,9,0.7208176824085194
Concrete,concrete,0.0003,0.0,3,4,0.6767134975393846
Concrete,concrete,0.0003,0.0,3,5,0.4883890895028885
Concrete,concrete,0.0003,0.0,3,6,0.6565523470162329
Concrete,concrete,0.0003,0.0,3,7,0.7028313367092991
Concrete,concrete,0.0003,0.0,3,8,0.3345887837780488
Concrete,concrete,0.0003,0.0,3,9,0.6383043049059887
Concrete,concrete,0.0003,0.0,4,5,0.6464883411238426
Concrete,concrete,0.0003,0.0,4,6,0.7985239515594366
Concrete,concrete,0.0003,0.0,4,7,0.7992793966390243
Concrete,concrete,0.0003,0.0,4,8,0.5069703640808633
Concrete,concrete,0.0003,0.0,4,9,0.7574114690958897
Concrete,concrete,0.0003,0.0,5,6,0.7335724870285911
Concrete,concrete,0.0003,0.0,5,7,0.7375328598071419
Concrete,concrete,0.0003,0.0,5,8,0.46068905172680236
Concrete,concrete,0.0003,0.0,5,9,0.6600465573494333
Concrete,concrete,0.0003,0.0,6,7,0.8155747336194792
Concrete,concrete,0.0003,0.0,6,8,0.48072418839956954
Concrete,concrete,0.0003,0.0,6,9,0.6885111824804515
Concrete,concrete,0.0003,0.0,7,8,0.47498119809338557
Concrete,concrete,0.0003,0.0,7,9,0.7134149786796531
Concrete,concrete,0.0003,0.0,8,9,0.44472973530342125
Concrete,concrete,0.00025,0.0,0,1,0.7782300264180728
Concrete,concrete,0.00025,0.0,0,2,0.758875624392969
Concrete,concrete,0.00025,0.0,0,3,0.7621805119953093
Concrete,concrete,0.00025,0.0,0,4,0.7291857599030811
Concrete,concrete,0.00025,0.0,0,5,0.7701389492392674
Concrete,concrete,0.00025,0.0,0,6,0.7887543697370386
Concrete,concrete,0.00025,0.0,0,7,0.7539095806336681
Concrete,concrete,0.00025,0.0,0,8,0.8264600486653647
Concrete,concrete,0.00025,0.0,0,9,0.8325749060198397
Concrete,concrete,0.00025,0.0,1,2,0.6861152290339678
Concrete,concrete,0.00025,0.0,1,3,0.7142242602233283
Concrete,concrete,0.00025,0.0,1,4,0.8132090658914467
Concrete,concrete,0.00025,0.0,1,5,0.7083430360474101
Concrete,concrete,0.00025,0.0,1,6,0.7000108888987702
Concrete,concrete,0.00025,0.0,1,7,0.6593928037719661
Concrete,concrete,0.00025,0.0,1,8,0.8115844204318234
Concrete,concrete,0.00025,0.0,1,9,0.7272791363785595
Concrete,concrete,0.00025,0.0,2,3,0.8433400260808896
Concrete,concrete,0.00025,0.0,2,4,0.7977120084531164
Concrete,concrete,0.00025,0.0,2,5,0.8246880823242694
Concrete,concrete,0.00025,0.0,2,6,0.8344195658950995
Concrete,concrete,0.00025,0.0,2,7,0.7002236906891431
Concrete,concrete,0.00025,0.0,2,8,0.8152665969967934
Concrete,concrete,0.00025,0.0,2,9,0.7913950161300342
Concrete,concrete,0.00025,0.0,3,4,0.7293447574465004
Concrete,concrete,0.00025,0.0,3,5,0.8388055791510935
Concrete,concrete,0.00025,0.0,3,6,0.8483369382771389
Concrete,concrete,0.00025,0.0,3,7,0.7098137196237505
Concrete,concrete,0.00025,0.0,3,8,0.7608495757335371
Concrete,concrete,0.00025,0.0,3,9,0.6888810046460926
Concrete,concrete,0.00025,0.0,4,5,0.7123989702267252
Concrete,concrete,0.00025,0.0,4,6,0.6695298915051602
Concrete,concrete,0.00025,0.0,4,7,0.6516972584142182
Concrete,concrete,0.00025,0.0,4,8,0.8116235103704934
Concrete,concrete,0.00025,0.0,4,9,0.7618874080056831
Concrete,concrete,0.00025,0.0,5,6,0.8217588207479147
Concrete,concrete,0.00025,0.0,5,7,0.7665626386241141
Concrete,concrete,0.00025,0.0,5,8,0.7997293945547265
Concrete,concrete,0.00025,0.0,5,9,0.7647609855596077
Concrete,concrete,0.00025,0.0,6,7,0.7356448403808928
Concrete,concrete,0.00025,0.0,6,8,0.7708256830473584
Concrete,concrete,0.00025,0.0,6,9,0.7181548610583585
Concrete,concrete,0.00025,0.0,7,8,0.7158621271749763
Concrete,concrete,0.00025,0.0,7,9,0.7558729726147122
Concrete,concrete,0.00025,0.0,8,9,0.8643453199635777
Concrete,concrete,0.0002,0.0,0,1,0.7092220927757726
Concrete,concrete,0.0002,0.0,0,2,0.6176216889648649
Concrete,concrete,0.0002,0.0,0,3,0.8727163248176002
Concrete,concrete,0.0002,0.0,0,4,0.691876946150156
Concrete,concrete,0.0002,0.0,0,5,0.8419135751946197
Concrete,concrete,0.0002,0.0,0,6,0.6691957223290423
Concrete,concrete,0.0002,0.0,0,7,0.8081094648337782
Concrete,concrete,0.0002,0.0,0,8,0.6926405309421949
Concrete,concrete,0.0002,0.0,0,9,0.7084849900674621
Concrete,concrete,0.0002,0.0,1,2,0.5364549499707361
Concrete,concrete,0.0002,0.0,1,3,0.7363979449715528
Concrete,concrete,0.0002,0.0,1,4,0.7010567812840801
Concrete,concrete,0.0002,0.0,1,5,0.6914802705831663
Concrete,concrete,0.0002,0.0,1,6,0.6777115360545661
Concrete,concrete,0.0002,0.0,1,7,0.6489310446204364
Concrete,concrete,0.0002,0.0,1,8,0.7124045970218476
Concrete,concrete,0.0002,0.0,1,9,0.666772017827916
Concrete,concrete,0.0002,0.0,2,3,0.6447849558623494
Concrete,concrete,0.0002,0.0,2,4,0.5490117535758482
Concrete,concrete,0.0002,0.0,2,5,0.643727786758053
Concrete,concrete,0.0002,0.0,2,6,0.49682474022279405
Concrete,concrete,0.0002,0.0,2,7,0.6413783058056316
Concrete,concrete,0.0002,0.0,2,8,0.4514678440283418
Concrete,concrete,0.0002,0.0,2,9,0.6843057158225131
Concrete,concrete,0.0002,0.0,3,4,0.7322195099388957
Concrete,concrete,0.0002,0.0,3,5,0.8719256831169043
Concrete,concrete,0.0002,0.0,3,6,0.7468485864177561
Concrete,concrete,0.0002,0.0,3,7,0.8857976575251938
Concrete,concrete,0.0002,0.0,3,8,0.6735348974849205
Concrete,concrete,0.0002,0.0,3,9,0.7923953884915426
Concrete,concrete,0.0002,0.0,4,5,0.7568424111703483
Concrete,concrete,0.0002,0.0,4,6,0.6281190523718987
Concrete,concrete,0.0002,0.0,4,7,0.7037640013145969
Concrete,concrete,0.0002,0.0,4,8,0.6187187178882495
Concrete,concrete,0.0002,0.0,4,9,0.8322682029396549
Concrete,concrete,0.0002,0.0,5,6,0.6934933106152592
Concrete,concrete,0.0002,0.0,5,7,0.821511562801262
Concrete,concrete,0.0002,0.0,5,8,0.5969091506853422
Concrete,concrete,0.0002,0.0,5,9,0.8106929087663713
Concrete,concrete,0.0002,0.0,6,7,0.6760284066987319
Concrete,concrete,0.0002,0.0,6,8,0.5566664631108171
Concrete,concrete,0.0002,0.0,6,9,0.673539966130231
Concrete,concrete,0.0002,0.0,7,8,0.6307415084916131
Concrete,concrete,0.0002,0.0,7,9,0.783485170482945
Concrete,concrete,0.0002,0.0,8,9,0.5946833542076411
Concrete,concrete,0.003,0.1,0,1,0.8418953376664645
Concrete,concrete,0.003,0.1,0,2,0.8482509048609826
Concrete,concrete,0.003,0.1,0,3,0.8588719589835078
Concrete,concrete,0.003,0.1,0,4,0.8009077319764657
Concrete,concrete,0.003,0.1,0,5,0.8706378668628805
Concrete,concrete,0.003,0.1,0,6,0.8623873264435011
Concrete,concrete,0.003,0.1,0,7,0.7869855274332876
Concrete,concrete,0.003,0.1,0,8,0.8412788755621405
Concrete,concrete,0.003,0.1,0,9,0.8926608899224299
Concrete,concrete,0.003,0.1,1,2,0.8603682650336507
Concrete,concrete,0.003,0.1,1,3,0.9127353196841909
Concrete,concrete,0.003,0.1,1,4,0.8752775308055902
Concrete,concrete,0.003,0.1,1,5,0.896512221564554
Concrete,concrete,0.003,0.1,1,6,0.8854866837834675
Concrete,concrete,0.003,0.1,1,7,0.8542948213678984
Concrete,concrete,0.003,0.1,1,8,0.8956713053930428
Concrete,concrete,0.003,0.1,1,9,0.9321866434396826
Concrete,concrete,0.003,0.1,2,3,0.9151133700239124
Concrete,concrete,0.003,0.1,2,4,0.8238444299714276
Concrete,concrete,0.003,0.1,2,5,0.9472001470181677
Concrete,concrete,0.003,0.1,2,6,0.9229863714114823
Concrete,concrete,0.003,0.1,2,7,0.8913803349184396
Concrete,concrete,0.003,0.1,2,8,0.7983934037483393
Concrete,concrete,0.003,0.1,2,9,0.9039879952745459
Concrete,concrete,0.003,0.1,3,4,0.861921376912527
Concrete,concrete,0.003,0.1,3,5,0.9420430068605513
Concrete,concrete,0.003,0.1,3,6,0.9541588033461128
Concrete,concrete,0.003,0.1,3,7,0.9269881090065732
Concrete,concrete,0.003,0.1,3,8,0.8610686163101
Concrete,concrete,0.003,0.1,3,9,0.9264950475428131
Concrete,concrete,0.003,0.1,4,5,0.8809248044912205
Concrete,concrete,0.003,0.1,4,6,0.8342318688117616
Concrete,concrete,0.003,0.1,4,7,0.8545182609962498
Concrete,concrete,0.003,0.1,4,8,0.8652173370966029
Concrete,concrete,0.003,0.1,4,9,0.8793939429425962
Concrete,concrete,0.003,0.1,5,6,0.9391320445810735
Concrete,concrete,0.003,0.1,5,7,0.9278116311248621
Concrete,concrete,0.003,0.1,5,8,0.8504399178173558
Concrete,concrete,0.003,0.1,5,9,0.9277428372832464
Concrete,concrete,0.003,0.1,6,7,0.9209269058447513
Concrete,concrete,0.003,0.1,6,8,0.8485719427949708
Concrete,concrete,0.003,0.1,6,9,0.9283587405386733
Concrete,concrete,0.003,0.1,7,8,0.8244645579598077
Concrete,concrete,0.003,0.1,7,9,0.8759474767328926
Concrete,concrete,0.003,0.1,8,9,0.9074377795314769
Concrete,concrete,0.0022,0.1,0,1,0.937119382647895
Concrete,concrete,0.0022,0.1,0,2,0.9166518130698801
Concrete,concrete,0.0022,0.1,0,3,0.897341736499374
Concrete,concrete,0.0022,0.1,0,4,0.9124296315798438
Concrete,concrete,0.0022,0.1,0,5,0.9283511487023702
Concrete,concrete,0.0022,0.1,0,6,0.9231501071107985
Concrete,concrete,0.0022,0.1,0,7,0.9431640339882367
Concrete,concrete,0.0022,0.1,0,8,0.8906818439801509
Concrete,concrete,0.0022,0.1,0,9,0.916436042348016
Concrete,concrete,0.0022,0.1,1,2,0.9312037652701219
Concrete,concrete,0.0022,0.1,1,3,0.853182597880492
Concrete,concrete,0.0022,0.1,1,4,0.8954189644769701
Concrete,concrete,0.0022,0.1,1,5,0.8664269087355697
Concrete,concrete,0.0022,0.1,1,6,0.9095693247364578
Concrete,concrete,0.0022,0.1,1,7,0.9011424504559047
Concrete,concrete,0.0022,0.1,1,8,0.8316932835913984
Concrete,concrete,0.0022,0.1,1,9,0.9007653255321479
Concrete,concrete,0.0022,0.1,2,3,0.8709308183094292
Concrete,concrete,0.0022,0.1,2,4,0.9061332957209094
Concrete,concrete,0.0022,0.1,2,5,0.8807949073697303
Concrete,concrete,0.0022,0.1,2,6,0.9399098440502696
Concrete,concrete,0.0022,0.1,2,7,0.8881008096794198
Concrete,concrete,0.0022,0.1,2,8,0.8370466785001277
Concrete,concrete,0.0022,0.1,2,9,0.9108595485522042
Concrete,concrete,0.0022,0.1,3,4,0.8864043743606789
Concrete,concrete,0.0022,0.1,3,5,0.9149977971228636
Concrete,concrete,0.0022,0.1,3,6,0.9118392959260752
Concrete,concrete,0.0022,0.1,3,7,0.9333656953986951
Concrete,concrete,0.0022,0.1,3,8,0.9418138250906029
Concrete,concrete,0.0022,0.1,3,9,0.9427695433551263
Concrete,concrete,0.0022,0.1,4,5,0.9231648120653165
Concrete,concrete,0.0022,0.1,4,6,0.8898785881740121
Concrete,concrete,0.0022,0.1,4,7,0.8873024378750436
Concrete,concrete,0.0022,0.1,4,8,0.8568019603044681
Concrete,concrete,0.0022,0.1,4,9,0.889406160737338
Concrete,concrete,0.0022,0.1,5,6,0.8921448798131116
Concrete,concrete,0.0022,0.1,5,7,0.9096560128236985
Concrete,concrete,0.0022,0.1,5,8,0.8961986264613846
Concrete,concrete,0.0022,0.1,5,9,0.9025274447376973
Concrete,concrete,0.0022,0.1,6,7,0.9198269167001488
Concrete,concrete,0.0022,0.1,6,8,0.8816963068127872
Concrete,concrete,0.0022,0.1,6,9,0.9365705016782329
Concrete,concrete,0.0022,0.1,7,8,0.9559451446289535
Concrete,concrete,0.0022,0.1,7,9,0.9514477088940246
Concrete,concrete,0.0022,0.1,8,9,0.9343338278311272
Concrete,concrete,0.0018,0.1,0,1,0.9019068418065344
Concrete,concrete,0.0018,0.1,0,2,0.8682570914628933
Concrete,concrete,0.0018,0.1,0,3,0.8318740581451547
Concrete,concrete,0.0018,0.1,0,4,0.8722537803150348
Concrete,concrete,0.0018,0.1,0,5,0.8798164135941625
Concrete,concrete,0.0018,0.1,0,6,0.9083211470681227
Concrete,concrete,0.0018,0.1,0,7,0.9052464969499823
Concrete,concrete,0.0018,0.1,0,8,0.7820779992652291
Concrete,concrete,0.0018,0.1,0,9,0.9119710425704596
Concrete,concrete,0.0018,0.1,1,2,0.9229682693942053
Concrete,concrete,0.0018,0.1,1,3,0.852296992517818
Concrete,concrete,0.0018,0.1,1,4,0.8311177459453507
Concrete,concrete,0.0018,0.1,1,5,0.833710523710479
Concrete,concrete,0.0018,0.1,1,6,0.8739944862634089
Concrete,concrete,0.0018,0.1,1,7,0.9145673823239092
Concrete,concrete,0.0018,0.1,1,8,0.8093951035762115
Concrete,concrete,0.0018,0.1,1,9,0.9423752850239869
Concrete,concrete,0.0018,0.1,2,3,0.8883284232480508
Concrete,concrete,0.0018,0.1,2,4,0.8841661451222632
Concrete,concrete,0.0018,0.1,2,5,0.8383249680920041
Concrete,concrete,0.0018,0.1,2,6,0.9232083982412701
Concrete,concrete,0.0018,0.1,2,7,0.9071300975763406
Concrete,concrete,0.0018,0.1,2,8,0.8524030070311064
Concrete,concrete,0.0018,0.1,2,9,0.924046202787209
Concrete,concrete,0.0018,0.1,3,4,0.8361483712725294
Concrete,concrete,0.0018,0.1,3,5,0.7505301684379517
Concrete,concrete,0.0018,0.1,3,6,0.9289953199140428
Concrete,concrete,0.0018,0.1,3,7,0.9215040955236706
Concrete,concrete,0.0018,0.1,3,8,0.9753710116010842
Concrete,concrete,0.0018,0.1,3,9,0.918190895393698
Concrete,concrete,0.0018,0.1,4,5,0.8802505514090638
Concrete,concrete,0.0018,0.1,4,6,0.902958881470569
Concrete,concrete,0.0018,0.1,4,7,0.8860253489074377
Concrete,concrete,0.0018,0.1,4,8,0.7881609090372019
Concrete,concrete,0.0018,0.1,4,9,0.8863509497514853
Concrete,concrete,0.0018,0.1,5,6,0.8683013131260288
Concrete,concrete,0.0018,0.1,5,7,0.8832900077663105
Concrete,concrete,0.0018,0.1,5,8,0.700076789152321
Concrete,concrete,0.0018,0.1,5,9,0.8679662957357487
Concrete,concrete,0.0018,0.1,6,7,0.9458144011742925
Concrete,concrete,0.0018,0.1,6,8,0.9030358073414172
Concrete,concrete,0.0018,0.1,6,9,0.9296720181869947
Concrete,concrete,0.0018,0.1,7,8,0.8965171440532947
Concrete,concrete,0.0018,0.1,7,9,0.9655956683798489
Concrete,concrete,0.0018,0.1,8,9,0.8892832394307734
Concrete,concrete,0.0014,0.1,0,1,0.8909084723962684
Concrete,concrete,0.0014,0.1,0,2,0.9547249796272269
Concrete,concrete,0.0014,0.1,0,3,0.9260883122154189
Concrete,concrete,0.0014,0.1,0,4,0.8339866175470945
Concrete,concrete,0.0014,0.1,0,5,0.8924766361356511
Concrete,concrete,0.0014,0.1,0,6,0.904892242279886
Concrete,concrete,0.0014,0.1,0,7,0.9481089316028549
Concrete,concrete,0.0014,0.1,0,8,0.8929621999775037
Concrete,concrete,0.0014,0.1,0,9,0.9286510483555
Concrete,concrete,0.0014,0.1,1,2,0.9267860441630086
Concrete,concrete,0.0014,0.1,1,3,0.9565073651858007
Concrete,concrete,0.0014,0.1,1,4,0.8427938223602756
Concrete,concrete,0.0014,0.1,1,5,0.9227912843664777
Concrete,concrete,0.0014,0.1,1,6,0.8570903388438779
Concrete,concrete,0.0014,0.1,1,7,0.9454038135869378
Concrete,concrete,0.0014,0.1,1,8,0.8606384240453526
Concrete,concrete,0.0014,0.1,1,9,0.9496099594254325
Concrete,concrete,0.0014,0.1,2,3,0.9508515562846837
Concrete,concrete,0.0014,0.1,2,4,0.8751261154641812
Concrete,concrete,0.0014,0.1,2,5,0.947515616654371
Concrete,concrete,0.0014,0.1,2,6,0.9280773989991037
Concrete,concrete,0.0014,0.1,2,7,0.9778980373059956
Concrete,concrete,0.0014,0.1,2,8,0.9044143831161284
Concrete,concrete,0.0014,0.1,2,9,0.9412524669270651
Concrete,concrete,0.0014,0.1,3,4,0.8446065061856868
Concrete,concrete,0.0014,0.1,3,5,0.9388754362421372
Concrete,concrete,0.0014,0.1,3,6,0.9034628272539342
Concrete,concrete,0.0014,0.1,3,7,0.9668271338882269
Concrete,concrete,0.0014,0.1,3,8,0.8826084798199906
Concrete,concrete,0.0014,0.1,3,9,0.9431934269738761
Concrete,concrete,0.0014,0.1,4,5,0.9049781773954226
Concrete,concrete,0.0014,0.1,4,6,0.861776325484197
Concrete,concrete,0.0014,0.1,4,7,0.8690228733054502
Concrete,concrete,0.0014,0.1,4,8,0.9217405167627601
Concrete,concrete,0.0014,0.1,4,9,0.8648981885808226
Concrete,concrete,0.0014,0.1,5,6,0.9250626769674638
Concrete,concrete,0.0014,0.1,5,7,0.9385279671810598
Concrete,concrete,0.0014,0.1,5,8,0.9259049768934798
Concrete,concrete,0.0014,0.1,5,9,0.9194686356402301
Concrete,concrete,0.0014,0.1,6,7,0.914831495515691
Concrete,concrete,0.0014,0.1,6,8,0.9277115160137591
Concrete,concrete,0.0014,0.1,6,9,0.8688186375035372
Concrete,concrete,0.0014,0.1,7,8,0.8911925690684647
Concrete,concrete,0.0014,0.1,7,9,0.943587824832489
Concrete,concrete,0.0014,0.1,8,9,0.9023709625524765
Concrete,concrete,0.0012,0.1,0,1,0.9025074446710741
Concrete,concrete,0.0012,0.1,0,2,0.8969934537455503
Concrete,concrete,0.0012,0.1,0,3,0.6507471084459673
Concrete,concrete,0.0012,0.1,0,4,0.9004503069303295
Concrete,concrete,0.0012,0.1,0,5,0.9135970856351127
Concrete,concrete,0.0012,0.1,0,6,0.8398792447471599
Concrete,concrete,0.0012,0.1,0,7,0.9386733159617567
Concrete,concrete,0.0012,0.1,0,8,0.9163609446734168
Concrete,concrete,0.0012,0.1,0,9,0.9339510053145842
Concrete,concrete,0.0012,0.1,1,2,0.848199077764822
Concrete,concrete,0.0012,0.1,1,3,0.6132206405537822
Concrete,concrete,0.0012,0.1,1,4,0.860236428857703
Concrete,concrete,0.0012,0.1,1,5,0.8726812447084887
Concrete,concrete,0.0012,0.1,1,6,0.7973284902717763
Concrete,concrete,0.0012,0.1,1,7,0.8930391926574168
Concrete,concrete,0.0012,0.1,1,8,0.8732717765736446
Concrete,concrete,0.0012,0.1,1,9,0.9217209302429744
Concrete,concrete,0.0012,0.1,2,3,0.7466547676626617
Concrete,concrete,0.0012,0.1,2,4,0.8531835814987909
Concrete,concrete,0.0012,0.1,2,5,0.9285901674837203
Concrete,concrete,0.0012,0.1,2,6,0.7425240060567289
Concrete,concrete,0.0012,0.1,2,7,0.881154754607568
Concrete,concrete,0.0012,0.1,2,8,0.9616399697952729
Concrete,concrete,0.0012,0.1,2,9,0.8695589601452841
Concrete,concrete,0.0012,0.1,3,4,0.6346445035820394
Concrete,concrete,0.0012,0.1,3,5,0.754125251316125
Concrete,concrete,0.0012,0.1,3,6,0.42056352190011437
Concrete,concrete,0.0012,0.1,3,7,0.6074412352738011
Concrete,concrete,0.0012,0.1,3,8,0.6434186863679718
Concrete,concrete,0.0012,0.1,3,9,0.6313991270462307
Concrete,concrete,0.0012,0.1,4,5,0.9123834794198241
Concrete,concrete,0.0012,0.1,4,6,0.8734853913826927
Concrete,concrete,0.0012,0.1,4,7,0.9135082690281064
Concrete,concrete,0.0012,0.1,4,8,0.8909488345377437
Concrete,concrete,0.0012,0.1,4,9,0.8857493943743223
Concrete,concrete,0.0012,0.1,5,6,0.7973005955846117
Concrete,concrete,0.0012,0.1,5,7,0.9148381882621742
Concrete,concrete,0.0012,0.1,5,8,0.9192507683859749
Concrete,concrete,0.0012,0.1,5,9,0.8993873233454707
Concrete,concrete,0.0012,0.1,6,7,0.8371766962250234
Concrete,concrete,0.0012,0.1,6,8,0.8107846200411474
Concrete,concrete,0.0012,0.1,6,9,0.8171486381472718
Concrete,concrete,0.0012,0.1,7,8,0.9225388383691943
Concrete,concrete,0.0012,0.1,7,9,0.9310020942807515
Concrete,concrete,0.0012,0.1,8,9,0.9021692845005123
Concrete,concrete,0.003,0.2,0,1,0.8257668262264275
Concrete,concrete,0.003,0.2,0,2,0.8666456066698919
Concrete,concrete,0.003,0.2,0,3,0.8760852560866698
Concrete,concrete,0.003,0.2,0,4,0.8530362643488484
Concrete,concrete,0.003,0.2,0,5,0.8294603437215035
Concrete,concrete,0.003,0.2,0,6,0.8787784483792109
Concrete,concrete,0.003,0.2,0,7,0.8847807122204453
Concrete,concrete,0.003,0.2,0,8,0.8889920229456364
Concrete,concrete,0.003,0.2,0,9,0.8311820058749532
Concrete,concrete,0.003,0.2,1,2,0.9165325218011415
Concrete,concrete,0.003,0.2,1,3,0.9214790515427044
Concrete,concrete,0.003,0.2,1,4,0.8739637633981809
Concrete,concrete,0.003,0.2,1,5,0.9108928525972824
Concrete,concrete,0.003,0.2,1,6,0.8061978504661995
Concrete,concrete,0.003,0.2,1,7,0.8974275194920488
Concrete,concrete,0.003,0.2,1,8,0.9219105033096473
Concrete,concrete,0.003,0.2,1,9,0.9129479327560359
Concrete,concrete,0.003,0.2,2,3,0.9117175744744125
Concrete,concrete,0.003,0.2,2,4,0.8650190833398113
Concrete,concrete,0.003,0.2,2,5,0.9363618727708177
Concrete,concrete,0.003,0.2,2,6,0.8134720256381763
Concrete,concrete,0.003,0.2,2,7,0.8987360800308154
Concrete,concrete,0.003,0.2,2,8,0.9034156385501066
Concrete,concrete,0.003,0.2,2,9,0.8762288285720645
Concrete,concrete,0.003,0.2,3,4,0.909606878112252
Concrete,concrete,0.003,0.2,3,5,0.8814165840988255
Concrete,concrete,0.003,0.2,3,6,0.8376279255827752
Concrete,concrete,0.003,0.2,3,7,0.8887751072857153
Concrete,concrete,0.003,0.2,3,8,0.9137311340440398
Concrete,concrete,0.003,0.2,3,9,0.8995532033734711
Concrete,concrete,0.003,0.2,4,5,0.8241732907037455
Concrete,concrete,0.003,0.2,4,6,0.7919765490073535
Concrete,concrete,0.003,0.2,4,7,0.8956835709187615
Concrete,concrete,0.003,0.2,4,8,0.8656717789136077
Concrete,concrete,0.003,0.2,4,9,0.8812551647264038
Concrete,concrete,0.003,0.2,5,6,0.7745791618608542
Concrete,concrete,0.003,0.2,5,7,0.869274359582138
Concrete,concrete,0.003,0.2,5,8,0.8565072810720815
Concrete,concrete,0.003,0.2,5,9,0.8778556607034546
Concrete,concrete,0.003,0.2,6,7,0.889314060952847
Concrete,concrete,0.003,0.2,6,8,0.902378277741812
Concrete,concrete,0.003,0.2,6,9,0.8547013187285376
Concrete,concrete,0.003,0.2,7,8,0.9191067647668222
Concrete,concrete,0.003,0.2,7,9,0.9056809583386382
Concrete,concrete,0.003,0.2,8,9,0.8991655257071974
Concrete,concrete,0.0022,0.2,0,1,0.8190337945141962
Concrete,concrete,0.0022,0.2,0,2,0.8357369114770772
Concrete,concrete,0.0022,0.2,0,3,0.8195634849023055
Concrete,concrete,0.0022,0.2,0,4,0.7865752676220144
Concrete,concrete,0.0022,0.2,0,5,0.8105774653271757
Concrete,concrete,0.0022,0.2,0,6,0.8869001090690785
Concrete,concrete,0.0022,0.2,0,7,0.8461259981166049
Concrete,concrete,0.0022,0.2,0,8,0.8048662192437321
Concrete,concrete,0.0022,0.2,0,9,0.7674174743978677
Concrete,concrete,0.0022,0.2,1,2,0.7708510243719735
Concrete,concrete,0.0022,0.2,1,3,0.8902888464073612
Concrete,concrete,0.0022,0.2,1,4,0.8731216154421438
Concrete,concrete,0.0022,0.2,1,5,0.8218714647607864
Concrete,concrete,0.0022,0.2,1,6,0.8275978339432739
Concrete,concrete,0.0022,0.2,1,7,0.8757386149190145
Concrete,concrete,0.0022,0.2,1,8,0.8719726671506783
Concrete,concrete,0.0022,0.2,1,9,0.8707852762464409
Concrete,concrete,0.0022,0.2,2,3,0.864656516686356
Concrete,concrete,0.0022,0.2,2,4,0.8312206558401152
Concrete,concrete,0.0022,0.2,2,5,0.8495775036450574
Concrete,concrete,0.0022,0.2,2,6,0.9067301467318978
Concrete,concrete,0.0022,0.2,2,7,0.920296896767933
Concrete,concrete,0.0022,0.2,2,8,0.8348486916232198
Concrete,concrete,0.0022,0.2,2,9,0.8064124898898452
Concrete,concrete,0.0022,0.2,3,4,0.9566857046622707
Concrete,concrete,0.0022,0.2,3,5,0.8739504524746629
Concrete,concrete,0.0022,0.2,3,6,0.9308905225961612
Concrete,concrete,0.0022,0.2,3,7,0.9288359814760266
Concrete,concrete,0.0022,0.2,3,8,0.9600985376534062
Concrete,concrete,0.0022,0.2,3,9,0.9745574180751498
Concrete,concrete,0.0022,0.2,4,5,0.8997164661327741
Concrete,concrete,0.0022,0.2,4,6,0.904642211086937
Concrete,concrete,0.0022,0.2,4,7,0.8948701037356726
Concrete,concrete,0.0022,0.2,4,8,0.9291835605430069
Concrete,concrete,0.0022,0.2,4,9,0.9354096731571245
Concrete,concrete,0.0022,0.2,5,6,0.8634390230559521
Concrete,concrete,0.0022,0.2,5,7,0.8323171700827654
Concrete,concrete,0.0022,0.2,5,8,0.8624103538383274
Concrete,concrete,0.0022,0.2,5,9,0.8171825185445358
Concrete,concrete,0.0022,0.2,6,7,0.9213895616651253
Concrete,concrete,0.0022,0.2,6,8,0.9219369779693526
Concrete,concrete,0.0022,0.2,6,9,0.9066849877076595
Concrete,concrete,0.0022,0.2,7,8,0.9152326967433057
Concrete,concrete,0.0022,0.2,7,9,0.8972824455988562
Concrete,concrete,0.0022,0.2,8,9,0.9452588286517912
Concrete,concrete,0.0018,0.2,0,1,0.8747538319246944
Concrete,concrete,0.0018,0.2,0,2,0.8509864949214019
Concrete,concrete,0.0018,0.2,0,3,0.7689458904550457
Concrete,concrete,0.0018,0.2,0,4,0.7641629660482117
Concrete,concrete,0.0018,0.2,0,5,0.8919574810204373
Concrete,concrete,0.0018,0.2,0,6,0.8760382171730462
Concrete,concrete,0.0018,0.2,0,7,0.8458983368485984
Concrete,concrete,0.0018,0.2,0,8,0.8902089425240474
Concrete,concrete,0.0018,0.2,0,9,0.8220689183500776
Concrete,concrete,0.0018,0.2,1,2,0.9430744715801099
Concrete,concrete,0.0018,0.2,1,3,0.9084382547451179
Concrete,concrete,0.0018,0.2,1,4,0.9222879288715601
Concrete,concrete,0.0018,0.2,1,5,0.9257225143949356
Concrete,concrete,0.0018,0.2,1,6,0.8292485483457207
Concrete,concrete,0.0018,0.2,1,7,0.9129634072095503
Concrete,concrete,0.0018,0.2,1,8,0.9284706696407402
Concrete,concrete,0.0018,0.2,1,9,0.934304041153565
Concrete,concrete,0.0018,0.2,2,3,0.9567743444493875
Concrete,concrete,0.0018,0.2,2,4,0.9258478622683665
Concrete,concrete,0.0018,0.2,2,5,0.9000991233281482
Concrete,concrete,0.0018,0.2,2,6,0.8174013109291419
Concrete,concrete,0.0018,0.2,2,7,0.8897742554920525
Concrete,concrete,0.0018,0.2,2,8,0.9267120928358632
Concrete,concrete,0.0018,0.2,2,9,0.9354506735274472
Concrete,concrete,0.0018,0.2,3,4,0.9525943766994089
Concrete,concrete,0.0018,0.2,3,5,0.8318693696804783
Concrete,concrete,0.0018,0.2,3,6,0.7361276740613016
Concrete,concrete,0.0018,0.2,3,7,0.88073500952004
Concrete,concrete,0.0018,0.2,3,8,0.8864803976800101
Concrete,concrete,0.0018,0.2,3,9,0.9479176095255746
Concrete,concrete,0.0018,0.2,4,5,0.8182802692595563
Concrete,concrete,0.0018,0.2,4,6,0.7824785177075693
Concrete,concrete,0.0018,0.2,4,7,0.9139076782265229
Concrete,concrete,0.0018,0.2,4,8,0.8969736274389531
Concrete,concrete,0.0018,0.2,4,9,0.9584711546612106
Concrete,concrete,0.0018,0.2,5,6,0.8727492355543053
Concrete,concrete,0.0018,0.2,5,7,0.8470600682298179
Concrete,concrete,0.0018,0.2,5,8,0.9205962929510678
Concrete,concrete,0.0018,0.2,5,9,0.8826262552723085
Concrete,concrete,0.0018,0.2,6,7,0.8027235123236759
Concrete,concrete,0.0018,0.2,6,8,0.8965701990142241
Concrete,concrete,0.0018,0.2,6,9,0.8143642897621045
Concrete,concrete,0.0018,0.2,7,8,0.9171715855876692
Concrete,concrete,0.0018,0.2,7,9,0.9125302597999928
Concrete,concrete,0.0018,0.2,8,9,0.9382922883663638
Concrete,concrete,0.0014,0.2,0,1,0.7999634569924625
Concrete,concrete,0.0014,0.2,0,2,0.9223485529674207
Concrete,concrete,0.0014,0.2,0,3,0.9762176701620073
Concrete,concrete,0.0014,0.2,0,4,0.9342133988064288
Concrete,concrete,0.0014,0.2,0,5,0.8083927062782977
Concrete,concrete,0.0014,0.2,0,6,0.9575834688838885
Concrete,concrete,0.0014,0.2,0,7,0.8729420187580731
Concrete,concrete,0.0014,0.2,0,8,0.8638116003412946
Concrete,concrete,0.0014,0.2,0,9,0.9684925901034914
Concrete,concrete,0.0014,0.2,1,2,0.7640059151694121
Concrete,concrete,0.0014,0.2,1,3,0.793584073928342
Concrete,concrete,0.0014,0.2,1,4,0.7869918201171772
Concrete,concrete,0.0014,0.2,1,5,0.89675177537067
Concrete,concrete,0.0014,0.2,1,6,0.8229413935279906
Concrete,concrete,0.0014,0.2,1,7,0.8815139311545616
Concrete,concrete,0.0014,0.2,1,8,0.8971800739109413
Concrete,concrete,0.0014,0.2,1,9,0.8038141099372645
Concrete,concrete,0.0014,0.2,2,3,0.926977101955437
Concrete,concrete,0.0014,0.2,2,4,0.9339145074017323
Concrete,concrete,0.0014,0.2,2,5,0.8082542017172706
Concrete,concrete,0.0014,0.2,2,6,0.9311662962896853
Concrete,concrete,0.0014,0.2,2,7,0.8332748600201002
Concrete,concrete,0.0014,0.2,2,8,0.8057744183007579
Concrete,concrete,0.0014,0.2,2,9,0.9182509277464602
Concrete,concrete,0.0014,0.2,3,4,0.956110463345646
Concrete,concrete,0.0014,0.2,3,5,0.8251845500687668
Concrete,concrete,0.0014,0.2,3,6,0.9660129901169804
Concrete,concrete,0.0014,0.2,3,7,0.876334657958515
Concrete,concrete,0.0014,0.2,3,8,0.8505022880872263
Concrete,concrete,0.0014,0.2,3,9,0.9517378045115152
Concrete,concrete,0.0014,0.2,4,5,0.8158544188618123
Concrete,concrete,0.0014,0.2,4,6,0.9408538147041743
Concrete,concrete,0.0014,0.2,4,7,0.8493713477316917
Concrete,concrete,0.0014,0.2,4,8,0.7804180268949654
Concrete,concrete,0.0014,0.2,4,9,0.9389109015132834
Concrete,concrete,0.0014,0.2,5,6,0.8531752406595822
Concrete,concrete,0.0014,0.2,5,7,0.9159830556218337
Concrete,concrete,0.0014,0.2,5,8,0.8895410742376932
Concrete,concrete,0.0014,0.2,5,9,0.7780774359026612
Concrete,concrete,0.0014,0.2,6,7,0.901513564254496
Concrete,concrete,0.0014,0.2,6,8,0.8706917716453277
Concrete,concrete,0.0014,0.2,6,9,0.9492953336131165
Concrete,concrete,0.0014,0.2,7,8,0.9097728641152603
Concrete,concrete,0.0014,0.2,7,9,0.8609053850848813
Concrete,concrete,0.0014,0.2,8,9,0.8310909007935954
Concrete,concrete,0.0012,0.2,0,1,0.9445674075231971
Concrete,concrete,0.0012,0.2,0,2,0.8397844317528235
Concrete,concrete,0.0012,0.2,0,3,0.9091952982721025
Concrete,concrete,0.0012,0.2,0,4,0.9388739843100018
Concrete,concrete,0.0012,0.2,0,5,0.8646343450569964
Concrete,concrete,0.0012,0.2,0,6,0.9340320439358347
Concrete,concrete,0.0012,0.2,0,7,0.9330270684871763
Concrete,concrete,0.0012,0.2,0,8,0.8459695040673486
Concrete,concrete,0.0012,0.2,0,9,0.6980609084645906
Concrete,concrete,0.0012,0.2,1,2,0.8220766079278534
Concrete,concrete,0.0012,0.2,1,3,0.9581392807510896
Concrete,concrete,0.0012,0.2,1,4,0.9396551925189962
Concrete,concrete,0.0012,0.2,1,5,0.8123629111183827
Concrete,concrete,0.0012,0.2,1,6,0.9404197949495612
Concrete,concrete,0.0012,0.2,1,7,0.9122766250885621
Concrete,concrete,0.0012,0.2,1,8,0.9042151747642458
Concrete,concrete,0.0012,0.2,1,9,0.8319949385723818
Concrete,concrete,0.0012,0.2,2,3,0.8595050776914678
Concrete,concrete,0.0012,0.2,2,4,0.9098293906420508
Concrete,concrete,0.0012,0.2,2,5,0.8710817976422032
Concrete,concrete,0.0012,0.2,2,6,0.8748845898460594
Concrete,concrete,0.0012,0.2,2,7,0.883110532306878
Concrete,concrete,0.0012,0.2,2,8,0.6925849334551297
Concrete,concrete,0.0012,0.2,2,9,0.5333046510616191
Concrete,concrete,0.0012,0.2,3,4,0.9321535619547172
Concrete,concrete,0.0012,0.2,3,5,0.8499179148578181
Concrete,concrete,0.0012,0.2,3,6,0.9419371371297474
Concrete,concrete,0.0012,0.2,3,7,0.924469074543541
Concrete,concrete,0.0012,0.2,3,8,0.8761923341692703
Concrete,concrete,0.0012,0.2,3,9,0.7810196080105799
Concrete,concrete,0.0012,0.2,4,5,0.886364051026078
Concrete,concrete,0.0012,0.2,4,6,0.9410508408106489
Concrete,concrete,0.0012,0.2,4,7,0.9364162202140781
Concrete,concrete,0.0012,0.2,4,8,0.7856251226116433
Concrete,concrete,0.0012,0.2,4,9,0.6714960480914773
Concrete,concrete,0.0012,0.2,5,6,0.8269508415925615
Concrete,concrete,0.0012,0.2,5,7,0.9066782736732625
Concrete,concrete,0.0012,0.2,5,8,0.6884303142825132
Concrete,concrete,0.0012,0.2,5,9,0.5023714262498221
Concrete,concrete,0.0012,0.2,6,7,0.9281014529902791
Concrete,concrete,0.0012,0.2,6,8,0.8728171851877714
Concrete,concrete,0.0012,0.2,6,9,0.7301813388986602
Concrete,concrete,0.0012,0.2,7,8,0.8082535570915231
Concrete,concrete,0.0012,0.2,7,9,0.6554101146222083
Concrete,concrete,0.0012,0.2,8,9,0.8793654919634735
Concrete,concrete,0.003,0.4,0,1,0.9104751929597578
Concrete,concrete,0.003,0.4,0,2,0.9047693968845848
Concrete,concrete,0.003,0.4,0,3,0.9413429020637989
Concrete,concrete,0.003,0.4,0,4,0.905118447360336
Concrete,concrete,0.003,0.4,0,5,0.8810146902545419
Concrete,concrete,0.003,0.4,0,6,0.9188232435716309
Concrete,concrete,0.003,0.4,0,7,0.8630550040079554
Concrete,concrete,0.003,0.4,0,8,0.9240432890146778
Concrete,concrete,0.003,0.4,0,9,0.8388678293009799
Concrete,concrete,0.003,0.4,1,2,0.8871373463624066
Concrete,concrete,0.003,0.4,1,3,0.876017096975622
Concrete,concrete,0.003,0.4,1,4,0.9175539302634058
Concrete,concrete,0.003,0.4,1,5,0.8852675076817368
Concrete,concrete,0.003,0.4,1,6,0.9223652901355275
Concrete,concrete,0.003,0.4,1,7,0.8767333925835685
Concrete,concrete,0.003,0.4,1,8,0.9136621336706245
Concrete,concrete,0.003,0.4,1,9,0.8123200508629618
Concrete,concrete,0.003,0.4,2,3,0.8918390049305973
Concrete,concrete,0.003,0.4,2,4,0.8750025163036826
Concrete,concrete,0.003,0.4,2,5,0.8620306962947798
Concrete,concrete,0.003,0.4,2,6,0.9290734610869914
Concrete,concrete,0.003,0.4,2,7,0.8672303265951551
Concrete,concrete,0.003,0.4,2,8,0.9244180943206391
Concrete,concrete,0.003,0.4,2,9,0.8793580150535967
Concrete,concrete,0.003,0.4,3,4,0.9116216359973295
Concrete,concrete,0.003,0.4,3,5,0.8893546227147074
Concrete,concrete,0.003,0.4,3,6,0.8799622305021145
Concrete,concrete,0.003,0.4,3,7,0.8124748620751586
Concrete,concrete,0.003,0.4,3,8,0.9178695757073518
Concrete,concrete,0.003,0.4,3,9,0.8114860085885791
Concrete,concrete,0.003,0.4,4,5,0.9058534837300442
Concrete,concrete,0.003,0.4,4,6,0.8674717680987865
Concrete,concrete,0.003,0.4,4,7,0.803443788175902
Concrete,concrete,0.003,0.4,4,8,0.914096147859654
Concrete,concrete,0.003,0.4,4,9,0.7922538033634285
Concrete,concrete,0.003,0.4,5,6,0.8410974989406234
Concrete,concrete,0.003,0.4,5,7,0.7729107045593977
Concrete,concrete,0.003,0.4,5,8,0.9007394740507569
Concrete,concrete,0.003,0.4,5,9,0.7202735280878496
Concrete,concrete,0.003,0.4,6,7,0.9253122041099996
Concrete,concrete,0.003,0.4,6,8,0.9287392154042858
Concrete,concrete,0.003,0.4,6,9,0.9156372000136997
Concrete,concrete,0.003,0.4,7,8,0.8680382967886631
Concrete,concrete,0.003,0.4,7,9,0.9119554125857001
Concrete,concrete,0.003,0.4,8,9,0.8676531516181248
Concrete,concrete,0.0022,0.4,0,1,0.9550776614557912
Concrete,concrete,0.0022,0.4,0,2,0.9010751921986327
Concrete,concrete,0.0022,0.4,0,3,0.9030789031782238
Concrete,concrete,0.0022,0.4,0,4,0.9353479157019343
Concrete,concrete,0.0022,0.4,0,5,0.8568628139723619
Concrete,concrete,0.0022,0.4,0,6,0.9284757469984886
Concrete,concrete,0.0022,0.4,0,7,0.858215741180077
Concrete,concrete,0.0022,0.4,0,8,0.9532759075476198
Concrete,concrete,0.0022,0.4,0,9,0.9002729987966979
Concrete,concrete,0.0022,0.4,1,2,0.9061810648554995
Concrete,concrete,0.0022,0.4,1,3,0.9296611790900324
Concrete,concrete,0.0022,0.4,1,4,0.9183193995316059
Concrete,concrete,0.0022,0.4,1,5,0.8562407950923913
Concrete,concrete,0.0022,0.4,1,6,0.9228300988710015
Concrete,concrete,0.0022,0.4,1,7,0.8671167078413031
Concrete,concrete,0.0022,0.4,1,8,0.9457988655591361
Concrete,concrete,0.0022,0.4,1,9,0.8910389930783911
Concrete,concrete,0.0022,0.4,2,3,0.8541031391733191
Concrete,concrete,0.0022,0.4,2,4,0.9049815401595387
Concrete,concrete,0.0022,0.4,2,5,0.9559783234220287
Concrete,concrete,0.0022,0.4,2,6,0.9155633151053962
Concrete,concrete,0.0022,0.4,2,7,0.9632225396892743
Concrete,concrete,0.0022,0.4,2,8,0.8426368438354628
Concrete,concrete,0.0022,0.4,2,9,0.9655825045547817
Concrete,concrete,0.0022,0.4,3,4,0.8533479580285781
Concrete,concrete,0.0022,0.4,3,5,0.7886812535652578
Concrete,concrete,0.0022,0.4,3,6,0.8978513273611309
Concrete,concrete,0.0022,0.4,3,7,0.8424263285149226
Concrete,concrete,0.0022,0.4,3,8,0.9051753970983742
Concrete,concrete,0.0022,0.4,3,9,0.8535960188407443
Concrete,concrete,0.0022,0.4,4,5,0.8537387424741731
Concrete,concrete,0.0022,0.4,4,6,0.895228588396247
Concrete,concrete,0.0022,0.4,4,7,0.8581700243980733
Concrete,concrete,0.0022,0.4,4,8,0.8832036637557076
Concrete,concrete,0.0022,0.4,4,9,0.9058404116739934
Concrete,concrete,0.0022,0.4,5,6,0.8727309491480961
Concrete,concrete,0.0022,0.4,5,7,0.9561620676148672
Concrete,concrete,0.0022,0.4,5,8,0.7852510304719692
Concrete,concrete,0.0022,0.4,5,9,0.9621121511419202
Concrete,concrete,0.0022,0.4,6,7,0.9126896728900589
Concrete,concrete,0.0022,0.4,6,8,0.9005199914491333
Concrete,concrete,0.0022,0.4,6,9,0.9166072695105967
Concrete,concrete,0.0022,0.4,7,8,0.7967604342846666
Concrete,concrete,0.0022,0.4,7,9,0.9567374502630682
Concrete,concrete,0.0022,0.4,8,9,0.8368151724435989
Concrete,concrete,0.0018,0.4,0,1,0.8362287207151549
Concrete,concrete,0.0018,0.4,0,2,0.9254514328024825
Concrete,concrete,0.0018,0.4,0,3,0.8376035715929019
Concrete,concrete,0.0018,0.4,0,4,0.828773397245717
Concrete,concrete,0.0018,0.4,0,5,0.8514403202096069
Concrete,concrete,0.0018,0.4,0,6,0.9442410703676722
Concrete,concrete,0.0018,0.4,0,7,0.8196853634680719
Concrete,concrete,0.0018,0.4,0,8,0.9448291562819302
Concrete,concrete,0.0018,0.4,0,9,0.8544742245828847
Concrete,concrete,0.0018,0.4,1,2,0.8961819736318255
Concrete,concrete,0.0018,0.4,1,3,0.8865836319960552
Concrete,concrete,0.0018,0.4,1,4,0.8284416212275821
Concrete,concrete,0.0018,0.4,1,5,0.9473840365568975
Concrete,concrete,0.0018,0.4,1,6,0.8273222350474974
Concrete,concrete,0.0018,0.4,1,7,0.8171814548743321
Concrete,concrete,0.0018,0.4,1,8,0.8533452032949497
Concrete,concrete,0.0018,0.4,1,9,0.9344492237930432
Concrete,concrete,0.0018,0.4,2,3,0.8793145544997979
Concrete,concrete,0.0018,0.4,2,4,0.8193399611897928
Concrete,concrete,0.0018,0.4,2,5,0.9184813855149497
Concrete,concrete,0.0018,0.4,2,6,0.917946414538347
Concrete,concrete,0.0018,0.4,2,7,0.8181793453454715
Concrete,concrete,0.0018,0.4,2,8,0.919496521443047
Concrete,concrete,0.0018,0.4,2,9,0.9030956186356479
Concrete,concrete,0.0018,0.4,3,4,0.7494373075979249
Concrete,concrete,0.0018,0.4,3,5,0.8718874627499211
Concrete,concrete,0.0018,0.4,3,6,0.8228820428038832
Concrete,concrete,0.0018,0.4,3,7,0.7197475598888152
Concrete,concrete,0.0018,0.4,3,8,0.9005709759812396
Concrete,concrete,0.0018,0.4,3,9,0.9262076310512819
Concrete,concrete,0.0018,0.4,4,5,0.8287772242390608
Concrete,concrete,0.0018,0.4,4,6,0.8472343768147306
Concrete,concrete,0.0018,0.4,4,7,0.8300462646896902
Concrete,concrete,0.0018,0.4,4,8,0.7642937268906054
Concrete,concrete,0.0018,0.4,4,9,0.8279184037723277
Concrete,concrete,0.0018,0.4,5,6,0.8684014793788465
Concrete,concrete,0.0018,0.4,5,7,0.8942853268147686
Concrete,concrete,0.0018,0.4,5,8,0.8482059295480016
Concrete,concrete,0.0018,0.4,5,9,0.9310073498002354
Concrete,concrete,0.0018,0.4,6,7,0.8448245592304809
Concrete,concrete,0.0018,0.4,6,8,0.9216263818235643
Concrete,concrete,0.0018,0.4,6,9,0.842338267388358
Concrete,concrete,0.0018,0.4,7,8,0.7497979675467215
Concrete,concrete,0.0018,0.4,7,9,0.8066585614228823
Concrete,concrete,0.0018,0.4,8,9,0.875831329717005
Concrete,concrete,0.0014,0.4,0,1,0.802608968814199
Concrete,concrete,0.0014,0.4,0,2,0.9419523304420894
Concrete,concrete,0.0014,0.4,0,3,0.9334483639330211
Concrete,concrete,0.0014,0.4,0,4,0.9169760170283908
Concrete,concrete,0.0014,0.4,0,5,0.952381168246021
Concrete,concrete,0.0014,0.4,0,6,0.922013387132305
Concrete,concrete,0.0014,0.4,0,7,0.7723369074328563
Concrete,concrete,0.0014,0.4,0,8,0.9324744703231922
Concrete,concrete,0.0014,0.4,0,9,0.9269807399921289
Concrete,concrete,0.0014,0.4,1,2,0.7449194443605195
Concrete,concrete,0.0014,0.4,1,3,0.7822290525445762
Concrete,concrete,0.0014,0.4,1,4,0.6603064966519258
Concrete,concrete,0.0014,0.4,1,5,0.8936419708357756
Concrete,concrete,0.0014,0.4,1,6,0.7986033032449927
Concrete,concrete,0.0014,0.4,1,7,0.46222662754694166
Concrete,concrete,0.0014,0.4,1,8,0.8509296553553566
Concrete,concrete,0.0014,0.4,1,9,0.9238572011300189
Concrete,concrete,0.0014,0.4,2,3,0.9034762132123383
Concrete,concrete,0.0014,0.4,2,4,0.8917630894218322
Concrete,concrete,0.0014,0.4,2,5,0.9254183905562596
Concrete,concrete,0.0014,0.4,2,6,0.9236197072794426
Concrete,concrete,0.0014,0.4,2,7,0.8363379846241084
Concrete,concrete,0.0014,0.4,2,8,0.9080064944940635
Concrete,concrete,0.0014,0.4,2,9,0.8917577551593695
Concrete,concrete,0.0014,0.4,3,4,0.928542143987216
Concrete,concrete,0.0014,0.4,3,5,0.9362895630196917
Concrete,concrete,0.0014,0.4,3,6,0.9265069732082942
Concrete,concrete,0.0014,0.4,3,7,0.7272240909429043
Concrete,concrete,0.0014,0.4,3,8,0.9464053344710639
Concrete,concrete,0.0014,0.4,3,9,0.9163290937111632
Concrete,concrete,0.0014,0.4,4,5,0.8791788182859076
Concrete,concrete,0.0014,0.4,4,6,0.9142840765048625
Concrete,concrete,0.0014,0.4,4,7,0.7632287501283912
Concrete,concrete,0.0014,0.4,4,8,0.9047982659073996
Concrete,concrete,0.0014,0.4,4,9,0.8452062265170397
Concrete,concrete,0.0014,0.4,5,6,0.9412553058516097
Concrete,concrete,0.0014,0.4,5,7,0.705530342953262
Concrete,concrete,0.0014,0.4,5,8,0.9636190812087662
Concrete,concrete,0.0014,0.4,5,9,0.9705566980591037
Concrete,concrete,0.0014,0.4,6,7,0.7073636432374212
Concrete,concrete,0.0014,0.4,6,8,0.9399131048759077
Concrete,concrete,0.0014,0.4,6,9,0.9296936104892825
Concrete,concrete,0.0014,0.4,7,8,0.6841235288243419
Concrete,concrete,0.0014,0.4,7,9,0.629306067898378
Concrete,concrete,0.0014,0.4,8,9,0.9456903989313511
Concrete,concrete,0.0012,0.4,0,1,0.9086541072648832
Concrete,concrete,0.0012,0.4,0,2,0.9293396872515862
Concrete,concrete,0.0012,0.4,0,3,0.7744520304520413
Concrete,concrete,0.0012,0.4,0,4,0.7413777933587904
Concrete,concrete,0.0012,0.4,0,5,0.799561344031538
Concrete,concrete,0.0012,0.4,0,6,0.9163389395489945
Concrete,concrete,0.0012,0.4,0,7,0.9767175162694055
Concrete,concrete,0.0012,0.4,0,8,0.9287614754251423
Concrete,concrete,0.0012,0.4,0,9,0.9446391933405047
Concrete,concrete,0.0012,0.4,1,2,0.8819017741846905
Concrete,concrete,0.0012,0.4,1,3,0.8056234101482721
Concrete,concrete,0.0012,0.4,1,4,0.6983653505776607
Concrete,concrete,0.0012,0.4,1,5,0.8167466608560277
Concrete,concrete,0.0012,0.4,1,6,0.9235792867302536
Concrete,concrete,0.0012,0.4,1,7,0.8987649477391165
Concrete,concrete,0.0012,0.4,1,8,0.9549331843143939
Concrete,concrete,0.0012,0.4,1,9,0.9571848632243203
Concrete,concrete,0.0012,0.4,2,3,0.7826983538094018
Concrete,concrete,0.0012,0.4,2,4,0.8184293093892766
Concrete,concrete,0.0012,0.4,2,5,0.8275089469038558
Concrete,concrete,0.0012,0.4,2,6,0.9186475800466412
Concrete,concrete,0.0012,0.4,2,7,0.9218476964723291
Concrete,concrete,0.0012,0.4,2,8,0.8954156643457999
Concrete,concrete,0.0012,0.4,2,9,0.8933410273554755
Concrete,concrete,0.0012,0.4,3,4,0.7864760162407598
Concrete,concrete,0.0012,0.4,3,5,0.8700620973724541
Concrete,concrete,0.0012,0.4,3,6,0.8701862474847682
Concrete,concrete,0.0012,0.4,3,7,0.731556009557377
Concrete,concrete,0.0012,0.4,3,8,0.7434047880487435
Concrete,concrete,0.0012,0.4,3,9,0.7737556357012801
Concrete,concrete,0.0012,0.4,4,5,0.8541375360440597
Concrete,concrete,0.0012,0.4,4,6,0.7448543082876132
Concrete,concrete,0.0012,0.4,4,7,0.7172691761660157
Concrete,concrete,0.0012,0.4,4,8,0.6840905061031445
Concrete,concrete,0.0012,0.4,4,9,0.6879222863584744
Concrete,concrete,0.0012,0.4,5,6,0.8479204318524635
Concrete,concrete,0.0012,0.4,5,7,0.7683484470981276
Concrete,concrete,0.0012,0.4,5,8,0.7696556811480977
Concrete,concrete,0.0012,0.4,5,9,0.7744712351088295
Concrete,concrete,0.0012,0.4,6,7,0.8931377279342122
Concrete,concrete,0.0012,0.4,6,8,0.904573914827071
Concrete,concrete,0.0012,0.4,6,9,0.9293233197716849
Concrete,concrete,0.0012,0.4,7,8,0.9162299537857325
Concrete,concrete,0.0012,0.4,7,9,0.9427909777859039
Concrete,concrete,0.0012,0.4,8,9,0.9718957600819557
Concrete,concrete,0.003,0.7,0,1,0.8420623934575341
Concrete,concrete,0.003,0.7,0,2,0.8440223354322209
Concrete,concrete,0.003,0.7,0,3,0.8735470817175184
Concrete,concrete,0.003,0.7,0,4,0.9326924459508139
Concrete,concrete,0.003,0.7,0,5,0.8488854450977371
Concrete,concrete,0.003,0.7,0,6,0.891450451290995
Concrete,concrete,0.003,0.7,0,7,0.8975938395634322
Concrete,concrete,0.003,0.7,0,8,0.8666850954404671
Concrete,concrete,0.003,0.7,0,9,0.8601879476029775
Concrete,concrete,0.003,0.7,1,2,0.8369780790610997
Concrete,concrete,0.003,0.7,1,3,0.8827056092604085
Concrete,concrete,0.003,0.7,1,4,0.8868883027476657
Concrete,concrete,0.003,0.7,1,5,0.8158871863925052
Concrete,concrete,0.003,0.7,1,6,0.9108248501038275
Concrete,concrete,0.003,0.7,1,7,0.871126429829226
Concrete,concrete,0.003,0.7,1,8,0.9042313100255398
Concrete,concrete,0.003,0.7,1,9,0.7632923887861193
Concrete,concrete,0.003,0.7,2,3,0.8927835666797783
Concrete,concrete,0.003,0.7,2,4,0.8855704227125172
Concrete,concrete,0.003,0.7,2,5,0.8207623753668646
Concrete,concrete,0.003,0.7,2,6,0.8975835887388208
Concrete,concrete,0.003,0.7,2,7,0.8344014272002397
Concrete,concrete,0.003,0.7,2,8,0.8142581174166367
Concrete,concrete,0.003,0.7,2,9,0.8031313708016463
Concrete,concrete,0.003,0.7,3,4,0.9471309705801384
Concrete,concrete,0.003,0.7,3,5,0.916284911380604
Concrete,concrete,0.003,0.7,3,6,0.8838026444836394
Concrete,concrete,0.003,0.7,3,7,0.9196437150912838
Concrete,concrete,0.003,0.7,3,8,0.9242078651131326
Concrete,concrete,0.003,0.7,3,9,0.8942710747931665
Concrete,concrete,0.003,0.7,4,5,0.9248090130266098
Concrete,concrete,0.003,0.7,4,6,0.9121851797186223
Concrete,concrete,0.003,0.7,4,7,0.9441144171002884
Concrete,concrete,0.003,0.7,4,8,0.948887714941288
Concrete,concrete,0.003,0.7,4,9,0.9227142058389515
Concrete,concrete,0.003,0.7,5,6,0.8283318973030811
Concrete,concrete,0.003,0.7,5,7,0.945402989238975
Concrete,concrete,0.003,0.7,5,8,0.9396785670769133
Concrete,concrete,0.003,0.7,5,9,0.9399858602939523
Concrete,concrete,0.003,0.7,6,7,0.8700024550101934
Concrete,concrete,0.003,0.7,6,8,0.8795844642639818
Concrete,concrete,0.003,0.7,6,9,0.8014705570112696
Concrete,concrete,0.003,0.7,7,8,0.9398181278193953
Concrete,concrete,0.003,0.7,7,9,0.9328483387152624
Concrete,concrete,0.003,0.7,8,9,0.902142696248998
Concrete,concrete,0.0022,0.7,0,1,0.8170636036507007
Concrete,concrete,0.0022,0.7,0,2,0.7893186494563321
Concrete,concrete,0.0022,0.7,0,3,0.7589940136940718
Concrete,concrete,0.0022,0.7,0,4,0.8203738079102001
Concrete,concrete,0.0022,0.7,0,5,0.6874877545717585
Concrete,concrete,0.0022,0.7,0,6,0.8277945490377491
Concrete,concrete,0.0022,0.7,0,7,0.8313597394949158
Concrete,concrete,0.0022,0.7,0,8,0.7585727026456001
Concrete,concrete,0.0022,0.7,0,9,0.6609105592562124
Concrete,concrete,0.0022,0.7,1,2,0.722757787581139
Concrete,concrete,0.0022,0.7,1,3,0.8508339243838562
Concrete,concrete,0.0022,0.7,1,4,0.8685983653046384
Concrete,concrete,0.0022,0.7,1,5,0.8765396477717137
Concrete,concrete,0.0022,0.7,1,6,0.8915923295865774
Concrete,concrete,0.0022,0.7,1,7,0.8957046422351173
Concrete,concrete,0.0022,0.7,1,8,0.8777420830325292
Concrete,concrete,0.0022,0.7,1,9,0.852624040958336
Concrete,concrete,0.0022,0.7,2,3,0.7345078490922099
Concrete,concrete,0.0022,0.7,2,4,0.7673595420469718
Concrete,concrete,0.0022,0.7,2,5,0.6713870346823546
Concrete,concrete,0.0022,0.7,2,6,0.7839583487216883
Concrete,concrete,0.0022,0.7,2,7,0.7933369409796603
Concrete,concrete,0.0022,0.7,2,8,0.7872699757565715
Concrete,concrete,0.0022,0.7,2,9,0.6724913820685672
Concrete,concrete,0.0022,0.7,3,4,0.9127624146677409
Concrete,concrete,0.0022,0.7,3,5,0.9470432630211384
Concrete,concrete,0.0022,0.7,3,6,0.9528886778960267
Concrete,concrete,0.0022,0.7,3,7,0.9273064050553524
Concrete,concrete,0.0022,0.7,3,8,0.8199373122868692
Concrete,concrete,0.0022,0.7,3,9,0.8990788772922761
Concrete,concrete,0.0022,0.7,4,5,0.8486574971616458
Concrete,concrete,0.0022,0.7,4,6,0.9039083526461335
Concrete,concrete,0.0022,0.7,4,7,0.9327049162759582
Concrete,concrete,0.0022,0.7,4,8,0.8270410642759911
Concrete,concrete,0.0022,0.7,4,9,0.8272977311737691
Concrete,concrete,0.0022,0.7,5,6,0.9098863521514694
Concrete,concrete,0.0022,0.7,5,7,0.90272380972306
Concrete,concrete,0.0022,0.7,5,8,0.8387531433821598
Concrete,concrete,0.0022,0.7,5,9,0.957098901330228
Concrete,concrete,0.0022,0.7,6,7,0.9360483253005176
Concrete,concrete,0.0022,0.7,6,8,0.8516624275910918
Concrete,concrete,0.0022,0.7,6,9,0.8721486682849392
Concrete,concrete,0.0022,0.7,7,8,0.8758865202464597
Concrete,concrete,0.0022,0.7,7,9,0.8753202635739216
Concrete,concrete,0.0022,0.7,8,9,0.847800655239923
Concrete,concrete,0.0018,0.7,0,1,0.9325040612625948
Concrete,concrete,0.0018,0.7,0,2,0.9502230463519054
Concrete,concrete,0.0018,0.7,0,3,0.8933516176425882
Concrete,concrete,0.0018,0.7,0,4,0.9283101786512263
Concrete,concrete,0.0018,0.7,0,5,0.6511496603802366
Concrete,concrete,0.0018,0.7,0,6,0.922913760377437
Concrete,concrete,0.0018,0.7,0,7,0.9186811424733817
Concrete,concrete,0.0018,0.7,0,8,0.9121526390566056
Concrete,concrete,0.0018,0.7,0,9,0.8656975758825409
Concrete,concrete,0.0018,0.7,1,2,0.9451026950154495
Concrete,concrete,0.0018,0.7,1,3,0.9392306334706303
Concrete,concrete,0.0018,0.7,1,4,0.8979986712951878
Concrete,concrete,0.0018,0.7,1,5,0.7108554288507936
Concrete,concrete,0.0018,0.7,1,6,0.9691652792568297
Concrete,concrete,0.0018,0.7,1,7,0.9240411259575027
Concrete,concrete,0.0018,0.7,1,8,0.9294028711120209
Concrete,concrete,0.0018,0.7,1,9,0.8874650299659173
Concrete,concrete,0.0018,0.7,2,3,0.8919185095543876
Concrete,concrete,0.0018,0.7,2,4,0.9439857170962002
Concrete,concrete,0.0018,0.7,2,5,0.6919307440701843
Concrete,concrete,0.0018,0.7,2,6,0.9394447517226009
Concrete,concrete,0.0018,0.7,2,7,0.9541604024701367
Concrete,concrete,0.0018,0.7,2,8,0.9364955876214536
Concrete,concrete,0.0018,0.7,2,9,0.8727987204409973
Concrete,concrete,0.0018,0.7,3,4,0.897141153273083
Concrete,concrete,0.0018,0.7,3,5,0.7196978453198093
Concrete,concrete,0.0018,0.7,3,6,0.904922770393911
Concrete,concrete,0.0018,0.7,3,7,0.8779758678996482
Concrete,concrete,0.0018,0.7,3,8,0.8799006040392884
Concrete,concrete,0.0018,0.7,3,9,0.9057184255846936
Concrete,concrete,0.0018,0.7,4,5,0.6729834305444832
Concrete,concrete,0.0018,0.7,4,6,0.8949518604733228
Concrete,concrete,0.0018,0.7,4,7,0.9130158574287
Concrete,concrete,0.0018,0.7,4,8,0.899551159267338
Concrete,concrete,0.0018,0.7,4,9,0.8915845841173362
Concrete,concrete,0.0018,0.7,5,6,0.6251282845448208
Concrete,concrete,0.0018,0.7,5,7,0.7821785281774085
Concrete,concrete,0.0018,0.7,5,8,0.6018472121303476
Concrete,concrete,0.0018,0.7,5,9,0.752163313875412
Concrete,concrete,0.0018,0.7,6,7,0.8981766336226449
Concrete,concrete,0.0018,0.7,6,8,0.9553492905583681
Concrete,concrete,0.0018,0.7,6,9,0.8532132862176942
Concrete,concrete,0.0018,0.7,7,8,0.8947594881266558
Concrete,concrete,0.0018,0.7,7,9,0.840305685290237
Concrete,concrete,0.0018,0.7,8,9,0.8368907385216275
Concrete,concrete,0.0014,0.7,0,1,0.8703449063707485
Concrete,concrete,0.0014,0.7,0,2,0.8844352240351271
Concrete,concrete,0.0014,0.7,0,3,0.7178308408074605
Concrete,concrete,0.0014,0.7,0,4,0.8427840600724242
Concrete,concrete,0.0014,0.7,0,5,0.8754653405730364
Concrete,concrete,0.0014,0.7,0,6,0.8733180338353704
Concrete,concrete,0.0014,0.7,0,7,0.8998190730318352
Concrete,concrete,0.0014,0.7,0,8,0.9166713536713912
Concrete,concrete,0.0014,0.7,0,9,0.8366781510474058
Concrete,concrete,0.0014,0.7,1,2,0.9516165456341631
Concrete,concrete,0.0014,0.7,1,3,0.880166136645675
Concrete,concrete,0.0014,0.7,1,4,0.9366692257727076
Concrete,concrete,0.0014,0.7,1,5,0.9574964186697958
Concrete,concrete,0.0014,0.7,1,6,0.8980516790475944
Concrete,concrete,0.0014,0.7,1,7,0.8923011395602579
Concrete,concrete,0.0014,0.7,1,8,0.8386340965189295
Concrete,concrete,0.0014,0.7,1,9,0.909458218930414
Concrete,concrete,0.0014,0.7,2,3,0.839935137822786
Concrete,concrete,0.0014,0.7,2,4,0.9173990279436228
Concrete,concrete,0.0014,0.7,2,5,0.9074799223592557
Concrete,concrete,0.0014,0.7,2,6,0.8831253950813419
Concrete,concrete,0.0014,0.7,2,7,0.8898513516110396
Concrete,concrete,0.0014,0.7,2,8,0.8363367788695617
Concrete,concrete,0.0014,0.7,2,9,0.8788513108455684
Concrete,concrete,0.0014,0.7,3,4,0.9137777146004069
Concrete,concrete,0.0014,0.7,3,5,0.8782271971677199
Concrete,concrete,0.0014,0.7,3,6,0.7712839643928628
Concrete,concrete,0.0014,0.7,3,7,0.735594548732859
Concrete,concrete,0.0014,0.7,3,8,0.8049303659758201
Concrete,concrete,0.0014,0.7,3,9,0.8612988735521244
Concrete,concrete,0.0014,0.7,4,5,0.9292139522212518
Concrete,concrete,0.0014,0.7,4,6,0.8464763859953939
Concrete,concrete,0.0014,0.7,4,7,0.880837397072644
Concrete,concrete,0.0014,0.7,4,8,0.8340689923702993
Concrete,concrete,0.0014,0.7,4,9,0.8791911740436695
Concrete,concrete,0.0014,0.7,5,6,0.8832467779747151
Concrete,concrete,0.0014,0.7,5,7,0.885327489545689
Concrete,concrete,0.0014,0.7,5,8,0.8658459462333664
Concrete,concrete,0.0014,0.7,5,9,0.9132630139759123
Concrete,concrete,0.0014,0.7,6,7,0.7919948843015302
Concrete,concrete,0.0014,0.7,6,8,0.8728422121083595
Concrete,concrete,0.0014,0.7,6,9,0.8932521912762827
Concrete,concrete,0.0014,0.7,7,8,0.7631664433515756
Concrete,concrete,0.0014,0.7,7,9,0.7789627085099502
Concrete,concrete,0.0014,0.7,8,9,0.8912065002405293
Concrete,concrete,0.0012,0.7,0,1,0.8792528040404802
Concrete,concrete,0.0012,0.7,0,2,0.9333022033859564
Concrete,concrete,0.0012,0.7,0,3,0.8816600943630596
Concrete,concrete,0.0012,0.7,0,4,0.8806723884235834
Concrete,concrete,0.0012,0.7,0,5,0.9278694457610518
Concrete,concrete,0.0012,0.7,0,6,0.9186046531830587
Concrete,concrete,0.0012,0.7,0,7,0.8096589096197258
Concrete,concrete,0.0012,0.7,0,8,0.9116330868043843
Concrete,concrete,0.0012,0.7,0,9,0.9108344219727758
Concrete,concrete,0.0012,0.7,1,2,0.8626337575350388
Concrete,concrete,0.0012,0.7,1,3,0.8817917403249959
Concrete,concrete,0.0012,0.7,1,4,0.918743789622759
Concrete,concrete,0.0012,0.7,1,5,0.8149086493965743
Concrete,concrete,0.0012,0.7,1,6,0.9101058749476327
Concrete,concrete,0.0012,0.7,1,7,0.8696417388789431
Concrete,concrete,0.0012,0.7,1,8,0.9381232844092235
Concrete,concrete,0.0012,0.7,1,9,0.879501661132975
Concrete,concrete,0.0012,0.7,2,3,0.8535878472814815
Concrete,concrete,0.0012,0.7,2,4,0.8644424608038106
Concrete,concrete,0.0012,0.7,2,5,0.9581722884759164
Concrete,concrete,0.0012,0.7,2,6,0.8974875064184901
Concrete,concrete,0.0012,0.7,2,7,0.7757257815177212
Concrete,concrete,0.0012,0.7,2,8,0.874212305618516
Concrete,concrete,0.0012,0.7,2,9,0.8928705185903091
Concrete,concrete,0.0012,0.7,3,4,0.9376186934422542
Concrete,concrete,0.0012,0.7,3,5,0.800860927513714
Concrete,concrete,0.0012,0.7,3,6,0.9346637420965174
Concrete,concrete,0.0012,0.7,3,7,0.8274668678225415
Concrete,concrete,0.0012,0.7,3,8,0.8817036087989496
Concrete,concrete,0.0012,0.7,3,9,0.9222042198245929
Concrete,concrete,0.0012,0.7,4,5,0.798939498806158
Concrete,concrete,0.0012,0.7,4,6,0.9628879036331646
Concrete,concrete,0.0012,0.7,4,7,0.8306903771209663
Concrete,concrete,0.0012,0.7,4,8,0.8917845367008553
Concrete,concrete,0.0012,0.7,4,9,0.9317241234841628
Concrete,concrete,0.0012,0.7,5,6,0.8556829672866262
Concrete,concrete,0.0012,0.7,5,7,0.7161220925623133
Concrete,concrete,0.0012,0.7,5,8,0.8428865904845996
Concrete,concrete,0.0012,0.7,5,9,0.8131263915088109
Concrete,concrete,0.0012,0.7,6,7,0.8048878746517076
Concrete,concrete,0.0012,0.7,6,8,0.8805498395446656
Concrete,concrete,0.0012,0.7,6,9,0.9219056051403529
Concrete,concrete,0.0012,0.7,7,8,0.8966843917637765
Concrete,concrete,0.0012,0.7,7,9,0.8102833122379313
Concrete,concrete,0.0012,0.7,8,9,0.8803205563321717
