histology,n_test,cindex,model_family,lambda_sparse,lambda_sample_smooth,seed
infiltratingductalcarcinoma,220,0.5911620294599018,LSPIN,0.02,0.0,10123
infiltratinglobularcarcinoma,60,0.26455026455026454,LSPIN,0.02,0.0,10123
other,23,0.4864864864864865,LSPIN,0.02,0.0,10123
infiltratingductalcarcinoma,220,0.6153846153846154,LSPIN,0.02,0.0,10124
infiltratinglobularcarcinoma,60,0.582010582010582,LSPIN,0.02,0.0,10124
other,23,0.2972972972972973,LSPIN,0.02,0.0,10124
infiltratingductalcarcinoma,220,0.47495908346972177,LSPIN,0.02,0.0,10125
infiltratinglobularcarcinoma,60,0.32275132275132273,LSPIN,0.02,0.0,10125
other,23,0.21621621621621623,LSPIN,0.02,0.0,10125
infiltratingductalcarcinoma,220,0.6003273322422259,LSPIN,0.02,0.0,10126
infiltratinglobularcarcinoma,60,0.4973544973544973,LSPIN,0.02,0.0,10126
other,23,0.5945945945945946,LSPIN,0.02,0.0,10126
infiltratingductalcarcinoma,220,0.6009819967266776,LSPIN,0.02,0.0,10127
infiltratinglobularcarcinoma,60,0.3915343915343915,LSPIN,0.02,0.0,10127
other,23,0.7837837837837838,LSPIN,0.02,0.0,10127
infiltratingductalcarcinoma,220,0.6507364975450082,LSPIN,0.02,0.0,10128
infiltratinglobularcarcinoma,60,0.6349206349206349,LSPIN,0.02,0.0,10128
other,23,0.1891891891891892,LSPIN,0.02,0.0,10128
infiltratingductalcarcinoma,220,0.46382978723404256,LSPIN,0.02,0.0,10129
infiltratinglobularcarcinoma,60,0.6296296296296297,LSPIN,0.02,0.0,10129
other,23,0.5135135135135135,LSPIN,0.02,0.0,10129
infiltratingductalcarcinoma,220,0.5584288052373159,LSPIN,0.02,0.0,10130
infiltratinglobularcarcinoma,60,0.7407407407407407,LSPIN,0.02,0.0,10130
other,23,0.2972972972972973,LSPIN,0.02,0.0,10130
infiltratingductalcarcinoma,220,0.563011456628478,LSPIN,0.02,0.0,10131
infiltratinglobularcarcinoma,60,0.6031746031746031,LSPIN,0.02,0.0,10131
other,23,0.4864864864864865,LSPIN,0.02,0.0,10131
infiltratingductalcarcinoma,220,0.492962356792144,LSPIN,0.02,0.0,10132
infiltratinglobularcarcinoma,60,0.6666666666666666,LSPIN,0.02,0.0,10132
other,23,0.6216216216216216,LSPIN,0.02,0.0,10132
infiltratingductalcarcinoma,220,0.5983633387888707,LSPIN,0.015,0.0,20123
infiltratinglobularcarcinoma,60,0.7301587301587301,LSPIN,0.015,0.0,20123
other,23,0.6486486486486487,LSPIN,0.015,0.0,20123
infiltratingductalcarcinoma,220,0.6134206219312602,LSPIN,0.015,0.0,20124
infiltratinglobularcarcinoma,60,0.3968253968253968,LSPIN,0.015,0.0,20124
other,23,0.4594594594594595,LSPIN,0.015,0.0,20124
infiltratingductalcarcinoma,220,0.6343698854337152,LSPIN,0.015,0.0,20125
infiltratinglobularcarcinoma,60,0.4444444444444444,LSPIN,0.015,0.0,20125
other,23,0.5405405405405406,LSPIN,0.015,0.0,20125
infiltratingductalcarcinoma,220,0.5266775777414076,LSPIN,0.015,0.0,20126
infiltratinglobularcarcinoma,60,0.6296296296296297,LSPIN,0.015,0.0,20126
other,23,0.5675675675675675,LSPIN,0.015,0.0,20126
infiltratingductalcarcinoma,220,0.4612111292962357,LSPIN,0.015,0.0,20127
infiltratinglobularcarcinoma,60,0.42328042328042326,LSPIN,0.015,0.0,20127
other,23,0.4864864864864865,LSPIN,0.015,0.0,20127
infiltratingductalcarcinoma,220,0.6314238952536825,LSPIN,0.015,0.0,20128
infiltratinglobularcarcinoma,60,0.43915343915343913,LSPIN,0.015,0.0,20128
other,23,0.6216216216216216,LSPIN,0.015,0.0,20128
infiltratingductalcarcinoma,220,0.5721767594108019,LSPIN,0.015,0.0,20129
infiltratinglobularcarcinoma,60,0.49206349206349204,LSPIN,0.015,0.0,20129
other,23,0.40540540540540543,LSPIN,0.015,0.0,20129
infiltratingductalcarcinoma,220,0.5224222585924714,LSPIN,0.015,0.0,20130
infiltratinglobularcarcinoma,60,0.5132275132275133,LSPIN,0.015,0.0,20130
other,23,0.5135135135135135,LSPIN,0.015,0.0,20130
infiltratingductalcarcinoma,220,0.5957446808510638,LSPIN,0.015,0.0,20131
infiltratinglobularcarcinoma,60,0.5185185185185185,LSPIN,0.015,0.0,20131
other,23,0.6756756756756757,LSPIN,0.015,0.0,20131
infiltratingductalcarcinoma,220,0.6962356792144027,LSPIN,0.015,0.0,20132
infiltratinglobularcarcinoma,60,0.47619047619047616,LSPIN,0.015,0.0,20132
other,23,0.4864864864864865,LSPIN,0.015,0.0,20132
infiltratingductalcarcinoma,220,0.527986906710311,LSPIN,0.012,0.0,30123
infiltratinglobularcarcinoma,60,0.5714285714285714,LSPIN,0.012,0.0,30123
other,23,0.3783783783783784,LSPIN,0.012,0.0,30123
infiltratingductalcarcinoma,220,0.6238952536824878,LSPIN,0.012,0.0,30124
infiltratinglobularcarcinoma,60,0.6666666666666666,LSPIN,0.012,0.0,30124
other,23,0.6216216216216216,LSPIN,0.012,0.0,30124
infiltratingductalcarcinoma,220,0.6222585924713584,LSPIN,0.012,0.0,30125
infiltratinglobularcarcinoma,60,0.5661375661375662,LSPIN,0.012,0.0,30125
other,23,0.5135135135135135,LSPIN,0.012,0.0,30125
infiltratingductalcarcinoma,220,0.5754500818330606,LSPIN,0.012,0.0,30126
infiltratinglobularcarcinoma,60,0.42328042328042326,LSPIN,0.012,0.0,30126
other,23,0.4594594594594595,LSPIN,0.012,0.0,30126
infiltratingductalcarcinoma,220,0.5983633387888707,LSPIN,0.012,0.0,30127
infiltratinglobularcarcinoma,60,0.6666666666666666,LSPIN,0.012,0.0,30127
other,23,0.3783783783783784,LSPIN,0.012,0.0,30127
infiltratingductalcarcinoma,220,0.5417348608837971,LSPIN,0.012,0.0,30128
infiltratinglobularcarcinoma,60,0.5767195767195767,LSPIN,0.012,0.0,30128
other,23,0.40540540540540543,LSPIN,0.012,0.0,30128
infiltratingductalcarcinoma,220,0.6216039279869067,LSPIN,0.012,0.0,30129
infiltratinglobularcarcinoma,60,0.5396825396825397,LSPIN,0.012,0.0,30129
other,23,0.5405405405405406,LSPIN,0.012,0.0,30129
infiltratingductalcarcinoma,220,0.7201309328968903,LSPIN,0.012,0.0,30130
infiltratinglobularcarcinoma,60,0.5714285714285714,LSPIN,0.012,0.0,30130
other,23,0.5675675675675675,LSPIN,0.012,0.0,30130
infiltratingductalcarcinoma,220,0.5738134206219313,LSPIN,0.012,0.0,30131
infiltratinglobularcarcinoma,60,0.49206349206349204,LSPIN,0.012,0.0,30131
other,23,0.5135135135135135,LSPIN,0.012,0.0,30131
infiltratingductalcarcinoma,220,0.6245499181669394,LSPIN,0.012,0.0,30132
infiltratinglobularcarcinoma,60,0.5555555555555556,LSPIN,0.012,0.0,30132
other,23,0.4594594594594595,LSPIN,0.012,0.0,30132
infiltratingductalcarcinoma,220,0.5296235679214403,LSPIN,0.01,0.0,40123
infiltratinglobularcarcinoma,60,0.5396825396825397,LSPIN,0.01,0.0,40123
other,23,0.5135135135135135,LSPIN,0.01,0.0,40123
infiltratingductalcarcinoma,220,0.537152209492635,LSPIN,0.01,0.0,40124
infiltratinglobularcarcinoma,60,0.4021164021164021,LSPIN,0.01,0.0,40124
other,23,0.4864864864864865,LSPIN,0.01,0.0,40124
infiltratingductalcarcinoma,220,0.5499181669394435,LSPIN,0.01,0.0,40125
infiltratinglobularcarcinoma,60,0.5608465608465608,LSPIN,0.01,0.0,40125
other,23,0.40540540540540543,LSPIN,0.01,0.0,40125
infiltratingductalcarcinoma,220,0.4823240589198036,LSPIN,0.01,0.0,40126
infiltratinglobularcarcinoma,60,0.5502645502645502,LSPIN,0.01,0.0,40126
other,23,0.5945945945945946,LSPIN,0.01,0.0,40126
infiltratingductalcarcinoma,220,0.5993453355155482,LSPIN,0.01,0.0,40127
infiltratinglobularcarcinoma,60,0.4973544973544973,LSPIN,0.01,0.0,40127
other,23,0.6216216216216216,LSPIN,0.01,0.0,40127
infiltratingductalcarcinoma,220,0.5459901800327333,LSPIN,0.01,0.0,40128
infiltratinglobularcarcinoma,60,0.5502645502645502,LSPIN,0.01,0.0,40128
other,23,0.5135135135135135,LSPIN,0.01,0.0,40128
infiltratingductalcarcinoma,220,0.6294599018003273,LSPIN,0.01,0.0,40129
infiltratinglobularcarcinoma,60,0.6666666666666666,LSPIN,0.01,0.0,40129
other,23,0.5945945945945946,LSPIN,0.01,0.0,40129
infiltratingductalcarcinoma,220,0.6091653027823241,LSPIN,0.01,0.0,40130
infiltratinglobularcarcinoma,60,0.3915343915343915,LSPIN,0.01,0.0,40130
other,23,0.5135135135135135,LSPIN,0.01,0.0,40130
infiltratingductalcarcinoma,220,0.6193126022913257,LSPIN,0.01,0.0,40131
infiltratinglobularcarcinoma,60,0.5873015873015873,LSPIN,0.01,0.0,40131
other,23,0.4864864864864865,LSPIN,0.01,0.0,40131
infiltratingductalcarcinoma,220,0.6729950900163666,LSPIN,0.01,0.0,40132
infiltratinglobularcarcinoma,60,0.6666666666666666,LSPIN,0.01,0.0,40132
other,23,0.7027027027027027,LSPIN,0.01,0.0,40132
infiltratingductalcarcinoma,220,0.5364975450081833,LSPIN,0.008,0.0,50123
infiltratinglobularcarcinoma,60,0.656084656084656,LSPIN,0.008,0.0,50123
other,23,0.40540540540540543,LSPIN,0.008,0.0,50123
infiltratingductalcarcinoma,220,0.623240589198036,LSPIN,0.008,0.0,50124
infiltratinglobularcarcinoma,60,0.455026455026455,LSPIN,0.008,0.0,50124
other,23,0.43243243243243246,LSPIN,0.008,0.0,50124
infiltratingductalcarcinoma,220,0.5862520458265139,LSPIN,0.008,0.0,50125
infiltratinglobularcarcinoma,60,0.5555555555555556,LSPIN,0.008,0.0,50125
other,23,0.5675675675675675,LSPIN,0.008,0.0,50125
infiltratingductalcarcinoma,220,0.6458265139116203,LSPIN,0.008,0.0,50126
infiltratinglobularcarcinoma,60,0.7619047619047619,LSPIN,0.008,0.0,50126
other,23,0.8918918918918919,LSPIN,0.008,0.0,50126
infiltratingductalcarcinoma,220,0.5378068739770867,LSPIN,0.008,0.0,50127
infiltratinglobularcarcinoma,60,0.5079365079365079,LSPIN,0.008,0.0,50127
other,23,0.6486486486486487,LSPIN,0.008,0.0,50127
infiltratingductalcarcinoma,220,0.43960720130932895,LSPIN,0.008,0.0,50128
infiltratinglobularcarcinoma,60,0.6243386243386243,LSPIN,0.008,0.0,50128
other,23,0.7297297297297297,LSPIN,0.008,0.0,50128
infiltratingductalcarcinoma,220,0.6726677577741408,LSPIN,0.008,0.0,50129
infiltratinglobularcarcinoma,60,0.4656084656084656,LSPIN,0.008,0.0,50129
other,23,0.4594594594594595,LSPIN,0.008,0.0,50129
infiltratingductalcarcinoma,220,0.5440261865793781,LSPIN,0.008,0.0,50130
infiltratinglobularcarcinoma,60,0.6031746031746031,LSPIN,0.008,0.0,50130
other,23,0.7567567567567568,LSPIN,0.008,0.0,50130
infiltratingductalcarcinoma,220,0.7168576104746317,LSPIN,0.008,0.0,50131
infiltratinglobularcarcinoma,60,0.5396825396825397,LSPIN,0.008,0.0,50131
other,23,0.6216216216216216,LSPIN,0.008,0.0,50131
infiltratingductalcarcinoma,220,0.6445171849427168,LSPIN,0.008,0.0,50132
infiltratinglobularcarcinoma,60,0.4708994708994709,LSPIN,0.008,0.0,50132
other,23,0.5405405405405406,LSPIN,0.008,0.0,50132
infiltratingductalcarcinoma,220,0.611456628477905,LSPIN,0.0065,0.0,60123
infiltratinglobularcarcinoma,60,0.5238095238095238,LSPIN,0.0065,0.0,60123
other,23,0.5405405405405406,LSPIN,0.0065,0.0,60123
infiltratingductalcarcinoma,220,0.6841243862520459,LSPIN,0.0065,0.0,60124
infiltratinglobularcarcinoma,60,0.6031746031746031,LSPIN,0.0065,0.0,60124
other,23,0.8108108108108109,LSPIN,0.0065,0.0,60124
infiltratingductalcarcinoma,220,0.6340425531914894,LSPIN,0.0065,0.0,60125
infiltratinglobularcarcinoma,60,0.38095238095238093,LSPIN,0.0065,0.0,60125
other,23,0.4864864864864865,LSPIN,0.0065,0.0,60125
infiltratingductalcarcinoma,220,0.6739770867430442,LSPIN,0.0065,0.0,60126
infiltratinglobularcarcinoma,60,0.47619047619047616,LSPIN,0.0065,0.0,60126
other,23,0.7297297297297297,LSPIN,0.0065,0.0,60126
infiltratingductalcarcinoma,220,0.6517184942716857,LSPIN,0.0065,0.0,60127
infiltratinglobularcarcinoma,60,0.41798941798941797,LSPIN,0.0065,0.0,60127
other,23,0.4594594594594595,LSPIN,0.0065,0.0,60127
infiltratingductalcarcinoma,220,0.6297872340425532,LSPIN,0.0065,0.0,60128
infiltratinglobularcarcinoma,60,0.544973544973545,LSPIN,0.0065,0.0,60128
other,23,0.4864864864864865,LSPIN,0.0065,0.0,60128
infiltratingductalcarcinoma,220,0.5705400981996727,LSPIN,0.0065,0.0,60129
infiltratinglobularcarcinoma,60,0.4656084656084656,LSPIN,0.0065,0.0,60129
other,23,0.7837837837837838,LSPIN,0.0065,0.0,60129
infiltratingductalcarcinoma,220,0.6461538461538462,LSPIN,0.0065,0.0,60130
infiltratinglobularcarcinoma,60,0.5608465608465608,LSPIN,0.0065,0.0,60130
other,23,0.5945945945945946,LSPIN,0.0065,0.0,60130
infiltratingductalcarcinoma,220,0.5214402618657937,LSPIN,0.0065,0.0,60131
infiltratinglobularcarcinoma,60,0.6455026455026455,LSPIN,0.0065,0.0,60131
other,23,0.4594594594594595,LSPIN,0.0065,0.0,60131
infiltratingductalcarcinoma,220,0.5682487725040917,LSPIN,0.0065,0.0,60132
infiltratinglobularcarcinoma,60,0.582010582010582,LSPIN,0.0065,0.0,60132
other,23,0.5675675675675675,LSPIN,0.0065,0.0,60132
infiltratingductalcarcinoma,220,0.611783960720131,LSPIN,0.005,0.0,70123
infiltratinglobularcarcinoma,60,0.5502645502645502,LSPIN,0.005,0.0,70123
other,23,0.5675675675675675,LSPIN,0.005,0.0,70123
infiltratingductalcarcinoma,220,0.5960720130932897,LSPIN,0.005,0.0,70124
infiltratinglobularcarcinoma,60,0.6084656084656085,LSPIN,0.005,0.0,70124
other,23,0.4864864864864865,LSPIN,0.005,0.0,70124
infiltratingductalcarcinoma,220,0.6153846153846154,LSPIN,0.005,0.0,70125
infiltratinglobularcarcinoma,60,0.43386243386243384,LSPIN,0.005,0.0,70125
other,23,0.7297297297297297,LSPIN,0.005,0.0,70125
infiltratingductalcarcinoma,220,0.5675941080196399,LSPIN,0.005,0.0,70126
infiltratinglobularcarcinoma,60,0.5396825396825397,LSPIN,0.005,0.0,70126
other,23,0.6756756756756757,LSPIN,0.005,0.0,70126
infiltratingductalcarcinoma,220,0.6402618657937806,LSPIN,0.005,0.0,70127
infiltratinglobularcarcinoma,60,0.5925925925925926,LSPIN,0.005,0.0,70127
other,23,0.5135135135135135,LSPIN,0.005,0.0,70127
infiltratingductalcarcinoma,220,0.6484451718494272,LSPIN,0.005,0.0,70128
infiltratinglobularcarcinoma,60,0.6243386243386243,LSPIN,0.005,0.0,70128
other,23,0.7027027027027027,LSPIN,0.005,0.0,70128
infiltratingductalcarcinoma,220,0.5692307692307692,LSPIN,0.005,0.0,70129
infiltratinglobularcarcinoma,60,0.3915343915343915,LSPIN,0.005,0.0,70129
other,23,0.4594594594594595,LSPIN,0.005,0.0,70129
infiltratingductalcarcinoma,220,0.5567921440261866,LSPIN,0.005,0.0,70130
infiltratinglobularcarcinoma,60,0.4973544973544973,LSPIN,0.005,0.0,70130
other,23,0.5405405405405406,LSPIN,0.005,0.0,70130
infiltratingductalcarcinoma,220,0.658265139116203,LSPIN,0.005,0.0,70131
infiltratinglobularcarcinoma,60,0.5211640211640212,LSPIN,0.005,0.0,70131
other,23,0.47297297297297297,LSPIN,0.005,0.0,70131
infiltratingductalcarcinoma,220,0.5970540098199673,LSPIN,0.005,0.0,70132
infiltratinglobularcarcinoma,60,0.49206349206349204,LSPIN,0.005,0.0,70132
other,23,0.40540540540540543,LSPIN,0.005,0.0,70132
infiltratingductalcarcinoma,220,0.5757774140752864,LSPIN,0.004,0.0,80123
infiltratinglobularcarcinoma,60,0.4656084656084656,LSPIN,0.004,0.0,80123
other,23,0.35135135135135137,LSPIN,0.004,0.0,80123
infiltratingductalcarcinoma,220,0.6091653027823241,LSPIN,0.004,0.0,80124
infiltratinglobularcarcinoma,60,0.582010582010582,LSPIN,0.004,0.0,80124
other,23,0.6486486486486487,LSPIN,0.004,0.0,80124
infiltratingductalcarcinoma,220,0.6166939443535189,LSPIN,0.004,0.0,80125
infiltratinglobularcarcinoma,60,0.6455026455026455,LSPIN,0.004,0.0,80125
other,23,0.7027027027027027,LSPIN,0.004,0.0,80125
infiltratingductalcarcinoma,220,0.6297872340425532,LSPIN,0.004,0.0,80126
infiltratinglobularcarcinoma,60,0.48148148148148145,LSPIN,0.004,0.0,80126
other,23,0.5675675675675675,LSPIN,0.004,0.0,80126
infiltratingductalcarcinoma,220,0.47921440261865794,LSPIN,0.004,0.0,80127
infiltratinglobularcarcinoma,60,0.5079365079365079,LSPIN,0.004,0.0,80127
other,23,0.5405405405405406,LSPIN,0.004,0.0,80127
infiltratingductalcarcinoma,220,0.6058919803600654,LSPIN,0.004,0.0,80128
infiltratinglobularcarcinoma,60,0.4021164021164021,LSPIN,0.004,0.0,80128
other,23,0.4864864864864865,LSPIN,0.004,0.0,80128
infiltratingductalcarcinoma,220,0.6644844517184942,LSPIN,0.004,0.0,80129
infiltratinglobularcarcinoma,60,0.4497354497354497,LSPIN,0.004,0.0,80129
other,23,0.5405405405405406,LSPIN,0.004,0.0,80129
infiltratingductalcarcinoma,220,0.6939443535188216,LSPIN,0.004,0.0,80130
infiltratinglobularcarcinoma,60,0.5767195767195767,LSPIN,0.004,0.0,80130
other,23,0.5135135135135135,LSPIN,0.004,0.0,80130
infiltratingductalcarcinoma,220,0.527986906710311,LSPIN,0.004,0.0,80131
infiltratinglobularcarcinoma,60,0.35185185185185186,LSPIN,0.004,0.0,80131
other,23,0.527027027027027,LSPIN,0.004,0.0,80131
infiltratingductalcarcinoma,220,0.5430441898527005,LSPIN,0.004,0.0,80132
infiltratinglobularcarcinoma,60,0.48677248677248675,LSPIN,0.004,0.0,80132
other,23,0.35135135135135137,LSPIN,0.004,0.0,80132
infiltratingductalcarcinoma,220,0.6196399345335516,LSPIN,0.0033,0.0,90123
infiltratinglobularcarcinoma,60,0.5925925925925926,LSPIN,0.0033,0.0,90123
other,23,0.6216216216216216,LSPIN,0.0033,0.0,90123
infiltratingductalcarcinoma,220,0.7080196399345335,LSPIN,0.0033,0.0,90124
infiltratinglobularcarcinoma,60,0.5238095238095238,LSPIN,0.0033,0.0,90124
other,23,0.5675675675675675,LSPIN,0.0033,0.0,90124
infiltratingductalcarcinoma,220,0.7011456628477906,LSPIN,0.0033,0.0,90125
infiltratinglobularcarcinoma,60,0.4074074074074074,LSPIN,0.0033,0.0,90125
other,23,0.5945945945945946,LSPIN,0.0033,0.0,90125
infiltratingductalcarcinoma,220,0.6680851063829787,LSPIN,0.0033,0.0,90126
infiltratinglobularcarcinoma,60,0.544973544973545,LSPIN,0.0033,0.0,90126
other,23,0.5135135135135135,LSPIN,0.0033,0.0,90126
infiltratingductalcarcinoma,220,0.6533551554828151,LSPIN,0.0033,0.0,90127
infiltratinglobularcarcinoma,60,0.6931216931216931,LSPIN,0.0033,0.0,90127
other,23,0.5405405405405406,LSPIN,0.0033,0.0,90127
infiltratingductalcarcinoma,220,0.6016366612111292,LSPIN,0.0033,0.0,90128
infiltratinglobularcarcinoma,60,0.5608465608465608,LSPIN,0.0033,0.0,90128
other,23,0.7297297297297297,LSPIN,0.0033,0.0,90128
infiltratingductalcarcinoma,220,0.6972176759410802,LSPIN,0.0033,0.0,90129
infiltratinglobularcarcinoma,60,0.3968253968253968,LSPIN,0.0033,0.0,90129
other,23,0.5945945945945946,LSPIN,0.0033,0.0,90129
infiltratingductalcarcinoma,220,0.6664484451718494,LSPIN,0.0033,0.0,90130
infiltratinglobularcarcinoma,60,0.8253968253968254,LSPIN,0.0033,0.0,90130
other,23,0.5405405405405406,LSPIN,0.0033,0.0,90130
infiltratingductalcarcinoma,220,0.5893617021276596,LSPIN,0.0033,0.0,90131
infiltratinglobularcarcinoma,60,0.5079365079365079,LSPIN,0.0033,0.0,90131
other,23,0.36486486486486486,LSPIN,0.0033,0.0,90131
infiltratingductalcarcinoma,220,0.5610474631751228,LSPIN,0.0033,0.0,90132
infiltratinglobularcarcinoma,60,0.4021164021164021,LSPIN,0.0033,0.0,90132
other,23,0.5945945945945946,LSPIN,0.0033,0.0,90132
infiltratingductalcarcinoma,220,0.6209492635024549,LSPIN,0.0027,0.0,100123
infiltratinglobularcarcinoma,60,0.5714285714285714,LSPIN,0.0027,0.0,100123
other,23,0.4864864864864865,LSPIN,0.0027,0.0,100123
infiltratingductalcarcinoma,220,0.6238952536824878,LSPIN,0.0027,0.0,100124
infiltratinglobularcarcinoma,60,0.4973544973544973,LSPIN,0.0027,0.0,100124
other,23,0.5945945945945946,LSPIN,0.0027,0.0,100124
infiltratingductalcarcinoma,220,0.6062193126022913,LSPIN,0.0027,0.0,100125
infiltratinglobularcarcinoma,60,0.5343915343915344,LSPIN,0.0027,0.0,100125
other,23,0.40540540540540543,LSPIN,0.0027,0.0,100125
infiltratingductalcarcinoma,220,0.6504091653027824,LSPIN,0.0027,0.0,100126
infiltratinglobularcarcinoma,60,0.544973544973545,LSPIN,0.0027,0.0,100126
other,23,0.5945945945945946,LSPIN,0.0027,0.0,100126
infiltratingductalcarcinoma,220,0.5111292962356793,LSPIN,0.0027,0.0,100127
infiltratinglobularcarcinoma,60,0.4603174603174603,LSPIN,0.0027,0.0,100127
other,23,0.35135135135135137,LSPIN,0.0027,0.0,100127
infiltratingductalcarcinoma,220,0.664975450081833,LSPIN,0.0027,0.0,100128
infiltratinglobularcarcinoma,60,0.7566137566137566,LSPIN,0.0027,0.0,100128
other,23,0.5135135135135135,LSPIN,0.0027,0.0,100128
infiltratingductalcarcinoma,220,0.5194762684124387,LSPIN,0.0027,0.0,100129
infiltratinglobularcarcinoma,60,0.6296296296296297,LSPIN,0.0027,0.0,100129
other,23,0.5405405405405406,LSPIN,0.0027,0.0,100129
infiltratingductalcarcinoma,220,0.6818330605564649,LSPIN,0.0027,0.0,100130
infiltratinglobularcarcinoma,60,0.5291005291005291,LSPIN,0.0027,0.0,100130
other,23,0.7567567567567568,LSPIN,0.0027,0.0,100130
infiltratingductalcarcinoma,220,0.6170212765957447,LSPIN,0.0027,0.0,100131
infiltratinglobularcarcinoma,60,0.6137566137566137,LSPIN,0.0027,0.0,100131
other,23,0.6756756756756757,LSPIN,0.0027,0.0,100131
infiltratingductalcarcinoma,220,0.690671031096563,LSPIN,0.0027,0.0,100132
infiltratinglobularcarcinoma,60,0.6402116402116402,LSPIN,0.0027,0.0,100132
other,23,0.5675675675675675,LSPIN,0.0027,0.0,100132
infiltratingductalcarcinoma,220,0.6548281505728314,LSPIN,0.0022,0.0,110123
infiltratinglobularcarcinoma,60,0.5608465608465608,LSPIN,0.0022,0.0,110123
other,23,0.4594594594594595,LSPIN,0.0022,0.0,110123
infiltratingductalcarcinoma,220,0.6029459901800327,LSPIN,0.0022,0.0,110124
infiltratinglobularcarcinoma,60,0.4021164021164021,LSPIN,0.0022,0.0,110124
other,23,0.6216216216216216,LSPIN,0.0022,0.0,110124
infiltratingductalcarcinoma,220,0.5112929623567921,LSPIN,0.0022,0.0,110125
infiltratinglobularcarcinoma,60,0.6111111111111112,LSPIN,0.0022,0.0,110125
other,23,0.5,LSPIN,0.0022,0.0,110125
infiltratingductalcarcinoma,220,0.46939443535188213,LSPIN,0.0022,0.0,110126
infiltratinglobularcarcinoma,60,0.544973544973545,LSPIN,0.0022,0.0,110126
other,23,0.527027027027027,LSPIN,0.0022,0.0,110126
infiltratingductalcarcinoma,220,0.6639934533551555,LSPIN,0.0022,0.0,110127
infiltratinglobularcarcinoma,60,0.6111111111111112,LSPIN,0.0022,0.0,110127
other,23,0.5,LSPIN,0.0022,0.0,110127
infiltratingductalcarcinoma,220,0.6756137479541735,LSPIN,0.0022,0.0,110128
infiltratinglobularcarcinoma,60,0.7301587301587301,LSPIN,0.0022,0.0,110128
other,23,0.5945945945945946,LSPIN,0.0022,0.0,110128
infiltratingductalcarcinoma,220,0.6183306055646481,LSPIN,0.0022,0.0,110129
infiltratinglobularcarcinoma,60,0.5502645502645502,LSPIN,0.0022,0.0,110129
other,23,0.6486486486486487,LSPIN,0.0022,0.0,110129
infiltratingductalcarcinoma,220,0.5599018003273323,LSPIN,0.0022,0.0,110130
infiltratinglobularcarcinoma,60,0.42328042328042326,LSPIN,0.0022,0.0,110130
other,23,0.5945945945945946,LSPIN,0.0022,0.0,110130
infiltratingductalcarcinoma,220,0.5639934533551555,LSPIN,0.0022,0.0,110131
infiltratinglobularcarcinoma,60,0.4497354497354497,LSPIN,0.0022,0.0,110131
other,23,0.6216216216216216,LSPIN,0.0022,0.0,110131
infiltratingductalcarcinoma,220,0.5875613747954174,LSPIN,0.0022,0.0,110132
infiltratinglobularcarcinoma,60,0.42328042328042326,LSPIN,0.0022,0.0,110132
other,23,0.43243243243243246,LSPIN,0.0022,0.0,110132
infiltratingductalcarcinoma,220,0.5381342062193126,LSPIN,0.0018,0.0,120123
infiltratinglobularcarcinoma,60,0.5105820105820106,LSPIN,0.0018,0.0,120123
other,23,0.43243243243243246,LSPIN,0.0018,0.0,120123
infiltratingductalcarcinoma,220,0.6369885433715221,LSPIN,0.0018,0.0,120124
infiltratinglobularcarcinoma,60,0.5767195767195767,LSPIN,0.0018,0.0,120124
other,23,0.5945945945945946,LSPIN,0.0018,0.0,120124
infiltratingductalcarcinoma,220,0.6733224222585925,LSPIN,0.0018,0.0,120125
infiltratinglobularcarcinoma,60,0.6137566137566137,LSPIN,0.0018,0.0,120125
other,23,0.43243243243243246,LSPIN,0.0018,0.0,120125
infiltratingductalcarcinoma,220,0.6726677577741408,LSPIN,0.0018,0.0,120126
infiltratinglobularcarcinoma,60,0.5502645502645502,LSPIN,0.0018,0.0,120126
other,23,0.5135135135135135,LSPIN,0.0018,0.0,120126
infiltratingductalcarcinoma,220,0.6032733224222586,LSPIN,0.0018,0.0,120127
infiltratinglobularcarcinoma,60,0.42328042328042326,LSPIN,0.0018,0.0,120127
other,23,0.5405405405405406,LSPIN,0.0018,0.0,120127
infiltratingductalcarcinoma,220,0.6261865793780688,LSPIN,0.0018,0.0,120128
infiltratinglobularcarcinoma,60,0.48148148148148145,LSPIN,0.0018,0.0,120128
other,23,0.5675675675675675,LSPIN,0.0018,0.0,120128
infiltratingductalcarcinoma,220,0.5855973813420622,LSPIN,0.0018,0.0,120129
infiltratinglobularcarcinoma,60,0.49206349206349204,LSPIN,0.0018,0.0,120129
other,23,0.7567567567567568,LSPIN,0.0018,0.0,120129
infiltratingductalcarcinoma,220,0.6641571194762684,LSPIN,0.0018,0.0,120130
infiltratinglobularcarcinoma,60,0.3544973544973545,LSPIN,0.0018,0.0,120130
other,23,0.3783783783783784,LSPIN,0.0018,0.0,120130
infiltratingductalcarcinoma,220,0.548772504091653,LSPIN,0.0018,0.0,120131
infiltratinglobularcarcinoma,60,0.5740740740740741,LSPIN,0.0018,0.0,120131
other,23,0.8378378378378378,LSPIN,0.0018,0.0,120131
infiltratingductalcarcinoma,220,0.502454991816694,LSPIN,0.0018,0.0,120132
infiltratinglobularcarcinoma,60,0.5211640211640212,LSPIN,0.0018,0.0,120132
other,23,0.2702702702702703,LSPIN,0.0018,0.0,120132
infiltratingductalcarcinoma,220,0.6003273322422259,LSPIN,0.0015,0.0,130123
infiltratinglobularcarcinoma,60,0.6084656084656085,LSPIN,0.0015,0.0,130123
other,23,0.5135135135135135,LSPIN,0.0015,0.0,130123
infiltratingductalcarcinoma,220,0.6671031096563012,LSPIN,0.0015,0.0,130124
infiltratinglobularcarcinoma,60,0.5502645502645502,LSPIN,0.0015,0.0,130124
other,23,0.5675675675675675,LSPIN,0.0015,0.0,130124
infiltratingductalcarcinoma,220,0.6589198036006547,LSPIN,0.0015,0.0,130125
infiltratinglobularcarcinoma,60,0.47619047619047616,LSPIN,0.0015,0.0,130125
other,23,0.5405405405405406,LSPIN,0.0015,0.0,130125
infiltratingductalcarcinoma,220,0.4968903436988543,LSPIN,0.0015,0.0,130126
infiltratinglobularcarcinoma,60,0.6190476190476191,LSPIN,0.0015,0.0,130126
other,23,0.6486486486486487,LSPIN,0.0015,0.0,130126
infiltratingductalcarcinoma,220,0.6458265139116203,LSPIN,0.0015,0.0,130127
infiltratinglobularcarcinoma,60,0.5608465608465608,LSPIN,0.0015,0.0,130127
other,23,0.5945945945945946,LSPIN,0.0015,0.0,130127
infiltratingductalcarcinoma,220,0.6422258592471358,LSPIN,0.0015,0.0,130128
infiltratinglobularcarcinoma,60,0.6772486772486772,LSPIN,0.0015,0.0,130128
other,23,0.5675675675675675,LSPIN,0.0015,0.0,130128
infiltratingductalcarcinoma,220,0.6101472995090016,LSPIN,0.0015,0.0,130129
infiltratinglobularcarcinoma,60,0.6825396825396826,LSPIN,0.0015,0.0,130129
other,23,0.6756756756756757,LSPIN,0.0015,0.0,130129
infiltratingductalcarcinoma,220,0.6919803600654665,LSPIN,0.0015,0.0,130130
infiltratinglobularcarcinoma,60,0.582010582010582,LSPIN,0.0015,0.0,130130
other,23,0.5945945945945946,LSPIN,0.0015,0.0,130130
infiltratingductalcarcinoma,220,0.6080196399345336,LSPIN,0.0015,0.0,130131
infiltratinglobularcarcinoma,60,0.5767195767195767,LSPIN,0.0015,0.0,130131
other,23,0.6216216216216216,LSPIN,0.0015,0.0,130131
infiltratingductalcarcinoma,220,0.6693944353518821,LSPIN,0.0015,0.0,130132
infiltratinglobularcarcinoma,60,0.4656084656084656,LSPIN,0.0015,0.0,130132
other,23,0.5945945945945946,LSPIN,0.0015,0.0,130132
infiltratingductalcarcinoma,220,0.560392798690671,LSPIN,0.0012,0.0,140123
infiltratinglobularcarcinoma,60,0.46825396825396826,LSPIN,0.0012,0.0,140123
other,23,0.527027027027027,LSPIN,0.0012,0.0,140123
infiltratingductalcarcinoma,220,0.6130932896890343,LSPIN,0.0012,0.0,140124
infiltratinglobularcarcinoma,60,0.6190476190476191,LSPIN,0.0012,0.0,140124
other,23,0.5135135135135135,LSPIN,0.0012,0.0,140124
infiltratingductalcarcinoma,220,0.6291325695581015,LSPIN,0.0012,0.0,140125
infiltratinglobularcarcinoma,60,0.48148148148148145,LSPIN,0.0012,0.0,140125
other,23,0.43243243243243246,LSPIN,0.0012,0.0,140125
infiltratingductalcarcinoma,220,0.6248772504091653,LSPIN,0.0012,0.0,140126
infiltratinglobularcarcinoma,60,0.7248677248677249,LSPIN,0.0012,0.0,140126
other,23,0.5675675675675675,LSPIN,0.0012,0.0,140126
infiltratingductalcarcinoma,220,0.6147299509001637,LSPIN,0.0012,0.0,140127
infiltratinglobularcarcinoma,60,0.6402116402116402,LSPIN,0.0012,0.0,140127
other,23,0.4594594594594595,LSPIN,0.0012,0.0,140127
infiltratingductalcarcinoma,220,0.6085106382978723,LSPIN,0.0012,0.0,140128
infiltratinglobularcarcinoma,60,0.6031746031746031,LSPIN,0.0012,0.0,140128
other,23,0.5675675675675675,LSPIN,0.0012,0.0,140128
infiltratingductalcarcinoma,220,0.6546644844517185,LSPIN,0.0012,0.0,140129
infiltratinglobularcarcinoma,60,0.5555555555555556,LSPIN,0.0012,0.0,140129
other,23,0.6486486486486487,LSPIN,0.0012,0.0,140129
infiltratingductalcarcinoma,220,0.6536824877250409,LSPIN,0.0012,0.0,140130
infiltratinglobularcarcinoma,60,0.4656084656084656,LSPIN,0.0012,0.0,140130
other,23,0.5135135135135135,LSPIN,0.0012,0.0,140130
infiltratingductalcarcinoma,220,0.6759410801963993,LSPIN,0.0012,0.0,140131
infiltratinglobularcarcinoma,60,0.656084656084656,LSPIN,0.0012,0.0,140131
other,23,0.6486486486486487,LSPIN,0.0012,0.0,140131
infiltratingductalcarcinoma,220,0.6713584288052373,LSPIN,0.0012,0.0,140132
infiltratinglobularcarcinoma,60,0.5238095238095238,LSPIN,0.0012,0.0,140132
other,23,0.5405405405405406,LSPIN,0.0012,0.0,140132
infiltratingductalcarcinoma,220,0.6055646481178396,LSPIN,0.001,0.0,150123
infiltratinglobularcarcinoma,60,0.2857142857142857,LSPIN,0.001,0.0,150123
other,23,0.4864864864864865,LSPIN,0.001,0.0,150123
infiltratingductalcarcinoma,220,0.5243862520458266,LSPIN,0.001,0.0,150124
infiltratinglobularcarcinoma,60,0.5502645502645502,LSPIN,0.001,0.0,150124
other,23,0.3783783783783784,LSPIN,0.001,0.0,150124
infiltratingductalcarcinoma,220,0.6644844517184942,LSPIN,0.001,0.0,150125
infiltratinglobularcarcinoma,60,0.5502645502645502,LSPIN,0.001,0.0,150125
other,23,0.4864864864864865,LSPIN,0.001,0.0,150125
infiltratingductalcarcinoma,220,0.6471358428805237,LSPIN,0.001,0.0,150126
infiltratinglobularcarcinoma,60,0.7195767195767195,LSPIN,0.001,0.0,150126
other,23,0.5675675675675675,LSPIN,0.001,0.0,150126
infiltratingductalcarcinoma,220,0.646481178396072,LSPIN,0.001,0.0,150127
infiltratinglobularcarcinoma,60,0.5608465608465608,LSPIN,0.001,0.0,150127
other,23,0.5405405405405406,LSPIN,0.001,0.0,150127
infiltratingductalcarcinoma,220,0.5806873977086743,LSPIN,0.001,0.0,150128
infiltratinglobularcarcinoma,60,0.5079365079365079,LSPIN,0.001,0.0,150128
other,23,0.5405405405405406,LSPIN,0.001,0.0,150128
infiltratingductalcarcinoma,220,0.6494271685761047,LSPIN,0.001,0.0,150129
infiltratinglobularcarcinoma,60,0.48677248677248675,LSPIN,0.001,0.0,150129
other,23,0.5675675675675675,LSPIN,0.001,0.0,150129
infiltratingductalcarcinoma,220,0.6014729950900164,LSPIN,0.001,0.0,150130
infiltratinglobularcarcinoma,60,0.46296296296296297,LSPIN,0.001,0.0,150130
other,23,0.6216216216216216,LSPIN,0.001,0.0,150130
infiltratingductalcarcinoma,220,0.5587561374795418,LSPIN,0.001,0.0,150131
infiltratinglobularcarcinoma,60,0.328042328042328,LSPIN,0.001,0.0,150131
other,23,0.5405405405405406,LSPIN,0.001,0.0,150131
infiltratingductalcarcinoma,220,0.6016366612111292,LSPIN,0.001,0.0,150132
infiltratinglobularcarcinoma,60,0.582010582010582,LSPIN,0.001,0.0,150132
other,23,0.4864864864864865,LSPIN,0.001,0.0,150132
infiltratingductalcarcinoma,220,0.5967266775777414,LSPIN,0.0008,0.0,160123
infiltratinglobularcarcinoma,60,0.626984126984127,LSPIN,0.0008,0.0,160123
other,23,0.7297297297297297,LSPIN,0.0008,0.0,160123
infiltratingductalcarcinoma,220,0.5543371522094926,LSPIN,0.0008,0.0,160124
infiltratinglobularcarcinoma,60,0.48677248677248675,LSPIN,0.0008,0.0,160124
other,23,0.581081081081081,LSPIN,0.0008,0.0,160124
infiltratingductalcarcinoma,220,0.5374795417348609,LSPIN,0.0008,0.0,160125
infiltratinglobularcarcinoma,60,0.5502645502645502,LSPIN,0.0008,0.0,160125
other,23,0.4594594594594595,LSPIN,0.0008,0.0,160125
infiltratingductalcarcinoma,220,0.4685761047463175,LSPIN,0.0008,0.0,160126
infiltratinglobularcarcinoma,60,0.5687830687830688,LSPIN,0.0008,0.0,160126
other,23,0.5,LSPIN,0.0008,0.0,160126
infiltratingductalcarcinoma,220,0.5270049099836334,LSPIN,0.0008,0.0,160127
infiltratinglobularcarcinoma,60,0.3994708994708995,LSPIN,0.0008,0.0,160127
other,23,0.5135135135135135,LSPIN,0.0008,0.0,160127
infiltratingductalcarcinoma,220,0.4564648117839607,LSPIN,0.0008,0.0,160128
infiltratinglobularcarcinoma,60,0.5582010582010583,LSPIN,0.0008,0.0,160128
other,23,0.5,LSPIN,0.0008,0.0,160128
infiltratingductalcarcinoma,220,0.5631751227495908,LSPIN,0.0008,0.0,160129
infiltratinglobularcarcinoma,60,0.58994708994709,LSPIN,0.0008,0.0,160129
other,23,0.4864864864864865,LSPIN,0.0008,0.0,160129
infiltratingductalcarcinoma,220,0.616366612111293,LSPIN,0.0008,0.0,160130
infiltratinglobularcarcinoma,60,0.4444444444444444,LSPIN,0.0008,0.0,160130
other,23,0.5405405405405406,LSPIN,0.0008,0.0,160130
infiltratingductalcarcinoma,220,0.5888707037643208,LSPIN,0.0008,0.0,160131
infiltratinglobularcarcinoma,60,0.5238095238095238,LSPIN,0.0008,0.0,160131
other,23,0.5135135135135135,LSPIN,0.0008,0.0,160131
infiltratingductalcarcinoma,220,0.5751227495908346,LSPIN,0.0008,0.0,160132
infiltratinglobularcarcinoma,60,0.48677248677248675,LSPIN,0.0008,0.0,160132
other,23,0.5135135135135135,LSPIN,0.0008,0.0,160132
infiltratingductalcarcinoma,220,0.5983633387888707,LSPIN,0.00065,0.0,170123
infiltratinglobularcarcinoma,60,0.5185185185185185,LSPIN,0.00065,0.0,170123
other,23,0.5945945945945946,LSPIN,0.00065,0.0,170123
infiltratingductalcarcinoma,220,0.5918166939443535,LSPIN,0.00065,0.0,170124
infiltratinglobularcarcinoma,60,0.335978835978836,LSPIN,0.00065,0.0,170124
other,23,0.40540540540540543,LSPIN,0.00065,0.0,170124
infiltratingductalcarcinoma,220,0.6173486088379705,LSPIN,0.00065,0.0,170125
infiltratinglobularcarcinoma,60,0.6137566137566137,LSPIN,0.00065,0.0,170125
other,23,0.5405405405405406,LSPIN,0.00065,0.0,170125
infiltratingductalcarcinoma,220,0.6039279869067103,LSPIN,0.00065,0.0,170126
infiltratinglobularcarcinoma,60,0.47619047619047616,LSPIN,0.00065,0.0,170126
other,23,0.6216216216216216,LSPIN,0.00065,0.0,170126
infiltratingductalcarcinoma,220,0.5947626841243863,LSPIN,0.00065,0.0,170127
infiltratinglobularcarcinoma,60,0.4444444444444444,LSPIN,0.00065,0.0,170127
other,23,0.7297297297297297,LSPIN,0.00065,0.0,170127
infiltratingductalcarcinoma,220,0.5438625204582651,LSPIN,0.00065,0.0,170128
infiltratinglobularcarcinoma,60,0.49206349206349204,LSPIN,0.00065,0.0,170128
other,23,0.5540540540540541,LSPIN,0.00065,0.0,170128
infiltratingductalcarcinoma,220,0.676923076923077,LSPIN,0.00065,0.0,170129
infiltratinglobularcarcinoma,60,0.582010582010582,LSPIN,0.00065,0.0,170129
other,23,0.5945945945945946,LSPIN,0.00065,0.0,170129
infiltratingductalcarcinoma,220,0.6127659574468085,LSPIN,0.00065,0.0,170130
infiltratinglobularcarcinoma,60,0.4417989417989418,LSPIN,0.00065,0.0,170130
other,23,0.4594594594594595,LSPIN,0.00065,0.0,170130
infiltratingductalcarcinoma,220,0.5864157119476269,LSPIN,0.00065,0.0,170131
infiltratinglobularcarcinoma,60,0.4523809523809524,LSPIN,0.00065,0.0,170131
other,23,0.4864864864864865,LSPIN,0.00065,0.0,170131
infiltratingductalcarcinoma,220,0.6409165302782324,LSPIN,0.00065,0.0,170132
infiltratinglobularcarcinoma,60,0.5132275132275133,LSPIN,0.00065,0.0,170132
other,23,0.5945945945945946,LSPIN,0.00065,0.0,170132
infiltratingductalcarcinoma,220,0.6088379705400983,LSPIN,0.0005,0.0,180123
infiltratinglobularcarcinoma,60,0.8042328042328042,LSPIN,0.0005,0.0,180123
other,23,0.5675675675675675,LSPIN,0.0005,0.0,180123
infiltratingductalcarcinoma,220,0.5561374795417349,LSPIN,0.0005,0.0,180124
infiltratinglobularcarcinoma,60,0.48677248677248675,LSPIN,0.0005,0.0,180124
other,23,0.4594594594594595,LSPIN,0.0005,0.0,180124
infiltratingductalcarcinoma,220,0.5158756137479542,LSPIN,0.0005,0.0,180125
infiltratinglobularcarcinoma,60,0.3544973544973545,LSPIN,0.0005,0.0,180125
other,23,0.4594594594594595,LSPIN,0.0005,0.0,180125
infiltratingductalcarcinoma,220,0.5379705400981997,LSPIN,0.0005,0.0,180126
infiltratinglobularcarcinoma,60,0.4576719576719577,LSPIN,0.0005,0.0,180126
other,23,0.4594594594594595,LSPIN,0.0005,0.0,180126
infiltratingductalcarcinoma,220,0.5577741407528641,LSPIN,0.0005,0.0,180127
infiltratinglobularcarcinoma,60,0.5132275132275133,LSPIN,0.0005,0.0,180127
other,23,0.43243243243243246,LSPIN,0.0005,0.0,180127
infiltratingductalcarcinoma,220,0.4950900163666121,LSPIN,0.0005,0.0,180128
infiltratinglobularcarcinoma,60,0.46825396825396826,LSPIN,0.0005,0.0,180128
other,23,0.5,LSPIN,0.0005,0.0,180128
infiltratingductalcarcinoma,220,0.5741407528641571,LSPIN,0.0005,0.0,180129
infiltratinglobularcarcinoma,60,0.6666666666666666,LSPIN,0.0005,0.0,180129
other,23,0.6486486486486487,LSPIN,0.0005,0.0,180129
infiltratingductalcarcinoma,220,0.5556464811783961,LSPIN,0.0005,0.0,180130
infiltratinglobularcarcinoma,60,0.4444444444444444,LSPIN,0.0005,0.0,180130
other,23,0.4189189189189189,LSPIN,0.0005,0.0,180130
infiltratingductalcarcinoma,220,0.6320785597381342,LSPIN,0.0005,0.0,180131
infiltratinglobularcarcinoma,60,0.5396825396825397,LSPIN,0.0005,0.0,180131
other,23,0.5405405405405406,LSPIN,0.0005,0.0,180131
infiltratingductalcarcinoma,220,0.5364975450081833,LSPIN,0.0005,0.0,180132
infiltratinglobularcarcinoma,60,0.4444444444444444,LSPIN,0.0005,0.0,180132
other,23,0.4594594594594595,LSPIN,0.0005,0.0,180132
infiltratingductalcarcinoma,220,0.5597381342062193,LSPIN,0.0004,0.0,190123
infiltratinglobularcarcinoma,60,0.37566137566137564,LSPIN,0.0004,0.0,190123
other,23,0.36486486486486486,LSPIN,0.0004,0.0,190123
infiltratingductalcarcinoma,220,0.5551554828150573,LSPIN,0.0004,0.0,190124
infiltratinglobularcarcinoma,60,0.5502645502645502,LSPIN,0.0004,0.0,190124
other,23,0.44594594594594594,LSPIN,0.0004,0.0,190124
infiltratingductalcarcinoma,220,0.6306055646481178,LSPIN,0.0004,0.0,190125
infiltratinglobularcarcinoma,60,0.47619047619047616,LSPIN,0.0004,0.0,190125
other,23,0.44594594594594594,LSPIN,0.0004,0.0,190125
infiltratingductalcarcinoma,220,0.662847790507365,LSPIN,0.0004,0.0,190126
infiltratinglobularcarcinoma,60,0.5026455026455027,LSPIN,0.0004,0.0,190126
other,23,0.5945945945945946,LSPIN,0.0004,0.0,190126
infiltratingductalcarcinoma,220,0.5666121112929624,LSPIN,0.0004,0.0,190127
infiltratinglobularcarcinoma,60,0.582010582010582,LSPIN,0.0004,0.0,190127
other,23,0.4864864864864865,LSPIN,0.0004,0.0,190127
infiltratingductalcarcinoma,220,0.616366612111293,LSPIN,0.0004,0.0,190128
infiltratinglobularcarcinoma,60,0.5343915343915344,LSPIN,0.0004,0.0,190128
other,23,0.6756756756756757,LSPIN,0.0004,0.0,190128
infiltratingductalcarcinoma,220,0.5567921440261866,LSPIN,0.0004,0.0,190129
infiltratinglobularcarcinoma,60,0.48677248677248675,LSPIN,0.0004,0.0,190129
other,23,0.5945945945945946,LSPIN,0.0004,0.0,190129
infiltratingductalcarcinoma,220,0.6805237315875614,LSPIN,0.0004,0.0,190130
infiltratinglobularcarcinoma,60,0.5661375661375662,LSPIN,0.0004,0.0,190130
other,23,0.4594594594594595,LSPIN,0.0004,0.0,190130
infiltratingductalcarcinoma,220,0.6304418985270049,LSPIN,0.0004,0.0,190131
infiltratinglobularcarcinoma,60,0.4973544973544973,LSPIN,0.0004,0.0,190131
other,23,0.5945945945945946,LSPIN,0.0004,0.0,190131
infiltratingductalcarcinoma,220,0.4654664484451719,LSPIN,0.0004,0.0,190132
infiltratinglobularcarcinoma,60,0.582010582010582,LSPIN,0.0004,0.0,190132
other,23,0.44594594594594594,LSPIN,0.0004,0.0,190132
infiltratingductalcarcinoma,220,0.6101472995090016,LSPIN,0.0003,0.0,200123
infiltratinglobularcarcinoma,60,0.4708994708994709,LSPIN,0.0003,0.0,200123
other,23,0.5135135135135135,LSPIN,0.0003,0.0,200123
infiltratingductalcarcinoma,220,0.5157119476268412,LSPIN,0.0003,0.0,200124
infiltratinglobularcarcinoma,60,0.5767195767195767,LSPIN,0.0003,0.0,200124
other,23,0.4864864864864865,LSPIN,0.0003,0.0,200124
infiltratingductalcarcinoma,220,0.5805237315875613,LSPIN,0.0003,0.0,200125
infiltratinglobularcarcinoma,60,0.5396825396825397,LSPIN,0.0003,0.0,200125
other,23,0.3783783783783784,LSPIN,0.0003,0.0,200125
infiltratingductalcarcinoma,220,0.544189852700491,LSPIN,0.0003,0.0,200126
infiltratinglobularcarcinoma,60,0.5396825396825397,LSPIN,0.0003,0.0,200126
other,23,0.5,LSPIN,0.0003,0.0,200126
infiltratingductalcarcinoma,220,0.5540098199672667,LSPIN,0.0003,0.0,200127
infiltratinglobularcarcinoma,60,0.47883597883597884,LSPIN,0.0003,0.0,200127
other,23,0.581081081081081,LSPIN,0.0003,0.0,200127
infiltratingductalcarcinoma,220,0.6108019639934533,LSPIN,0.0003,0.0,200128
infiltratinglobularcarcinoma,60,0.4021164021164021,LSPIN,0.0003,0.0,200128
other,23,0.527027027027027,LSPIN,0.0003,0.0,200128
infiltratingductalcarcinoma,220,0.49934533551554827,LSPIN,0.0003,0.0,200129
infiltratinglobularcarcinoma,60,0.6455026455026455,LSPIN,0.0003,0.0,200129
other,23,0.5135135135135135,LSPIN,0.0003,0.0,200129
infiltratingductalcarcinoma,220,0.6111292962356792,LSPIN,0.0003,0.0,200130
infiltratinglobularcarcinoma,60,0.5925925925925926,LSPIN,0.0003,0.0,200130
other,23,0.5405405405405406,LSPIN,0.0003,0.0,200130
infiltratingductalcarcinoma,220,0.5500818330605565,LSPIN,0.0003,0.0,200131
infiltratinglobularcarcinoma,60,0.7248677248677249,LSPIN,0.0003,0.0,200131
other,23,0.35135135135135137,LSPIN,0.0003,0.0,200131
infiltratingductalcarcinoma,220,0.4381342062193126,LSPIN,0.0003,0.0,200132
infiltratinglobularcarcinoma,60,0.5105820105820106,LSPIN,0.0003,0.0,200132
other,23,0.32432432432432434,LSPIN,0.0003,0.0,200132
infiltratingductalcarcinoma,220,0.5253682487725041,LSPIN,0.011,0.1,210123
infiltratinglobularcarcinoma,60,0.49206349206349204,LSPIN,0.011,0.1,210123
other,23,0.43243243243243246,LSPIN,0.011,0.1,210123
infiltratingductalcarcinoma,220,0.6376432078559738,LSPIN,0.011,0.1,210124
infiltratinglobularcarcinoma,60,0.5925925925925926,LSPIN,0.011,0.1,210124
other,23,0.5135135135135135,LSPIN,0.011,0.1,210124
infiltratingductalcarcinoma,220,0.6271685761047463,LSPIN,0.011,0.1,210125
infiltratinglobularcarcinoma,60,0.5396825396825397,LSPIN,0.011,0.1,210125
other,23,0.5945945945945946,LSPIN,0.011,0.1,210125
infiltratingductalcarcinoma,220,0.6101472995090016,LSPIN,0.011,0.1,210126
infiltratinglobularcarcinoma,60,0.582010582010582,LSPIN,0.011,0.1,210126
other,23,0.40540540540540543,LSPIN,0.011,0.1,210126
infiltratingductalcarcinoma,220,0.5819967266775777,LSPIN,0.011,0.1,210127
infiltratinglobularcarcinoma,60,0.43386243386243384,LSPIN,0.011,0.1,210127
other,23,0.3783783783783784,LSPIN,0.011,0.1,210127
infiltratingductalcarcinoma,220,0.6265139116202946,LSPIN,0.011,0.1,210128
infiltratinglobularcarcinoma,60,0.4603174603174603,LSPIN,0.011,0.1,210128
other,23,0.32432432432432434,LSPIN,0.011,0.1,210128
infiltratingductalcarcinoma,220,0.6847790507364976,LSPIN,0.011,0.1,210129
infiltratinglobularcarcinoma,60,0.5185185185185185,LSPIN,0.011,0.1,210129
other,23,0.43243243243243246,LSPIN,0.011,0.1,210129
infiltratingductalcarcinoma,220,0.7250409165302782,LSPIN,0.011,0.1,210130
infiltratinglobularcarcinoma,60,0.6402116402116402,LSPIN,0.011,0.1,210130
other,23,0.5945945945945946,LSPIN,0.011,0.1,210130
infiltratingductalcarcinoma,220,0.6297872340425532,LSPIN,0.011,0.1,210131
infiltratinglobularcarcinoma,60,0.5767195767195767,LSPIN,0.011,0.1,210131
other,23,0.6756756756756757,LSPIN,0.011,0.1,210131
infiltratingductalcarcinoma,220,0.6225859247135843,LSPIN,0.011,0.1,210132
infiltratinglobularcarcinoma,60,0.582010582010582,LSPIN,0.011,0.1,210132
other,23,0.6756756756756757,LSPIN,0.011,0.1,210132
infiltratingductalcarcinoma,220,0.5963993453355155,LSPIN,0.0075,0.1,220123
infiltratinglobularcarcinoma,60,0.5132275132275133,LSPIN,0.0075,0.1,220123
other,23,0.5405405405405406,LSPIN,0.0075,0.1,220123
infiltratingductalcarcinoma,220,0.6733224222585925,LSPIN,0.0075,0.1,220124
infiltratinglobularcarcinoma,60,0.5714285714285714,LSPIN,0.0075,0.1,220124
other,23,0.32432432432432434,LSPIN,0.0075,0.1,220124
infiltratingductalcarcinoma,220,0.660556464811784,LSPIN,0.0075,0.1,220125
infiltratinglobularcarcinoma,60,0.5555555555555556,LSPIN,0.0075,0.1,220125
other,23,0.40540540540540543,LSPIN,0.0075,0.1,220125
infiltratingductalcarcinoma,220,0.5905073649754501,LSPIN,0.0075,0.1,220126
infiltratinglobularcarcinoma,60,0.5925925925925926,LSPIN,0.0075,0.1,220126
other,23,0.5675675675675675,LSPIN,0.0075,0.1,220126
infiltratingductalcarcinoma,220,0.6851063829787234,LSPIN,0.0075,0.1,220127
infiltratinglobularcarcinoma,60,0.41798941798941797,LSPIN,0.0075,0.1,220127
other,23,0.4864864864864865,LSPIN,0.0075,0.1,220127
infiltratingductalcarcinoma,220,0.5509001636661212,LSPIN,0.0075,0.1,220128
infiltratinglobularcarcinoma,60,0.5502645502645502,LSPIN,0.0075,0.1,220128
other,23,0.7027027027027027,LSPIN,0.0075,0.1,220128
infiltratingductalcarcinoma,220,0.5924713584288053,LSPIN,0.0075,0.1,220129
infiltratinglobularcarcinoma,60,0.5185185185185185,LSPIN,0.0075,0.1,220129
other,23,0.40540540540540543,LSPIN,0.0075,0.1,220129
infiltratingductalcarcinoma,220,0.6127659574468085,LSPIN,0.0075,0.1,220130
infiltratinglobularcarcinoma,60,0.5026455026455027,LSPIN,0.0075,0.1,220130
other,23,0.40540540540540543,LSPIN,0.0075,0.1,220130
infiltratingductalcarcinoma,220,0.6183306055646481,LSPIN,0.0075,0.1,220131
infiltratinglobularcarcinoma,60,0.48677248677248675,LSPIN,0.0075,0.1,220131
other,23,0.5675675675675675,LSPIN,0.0075,0.1,220131
infiltratingductalcarcinoma,220,0.6785597381342062,LSPIN,0.0075,0.1,220132
infiltratinglobularcarcinoma,60,0.43915343915343913,LSPIN,0.0075,0.1,220132
other,23,0.6216216216216216,LSPIN,0.0075,0.1,220132
infiltratingductalcarcinoma,220,0.6546644844517185,LSPIN,0.005,0.1,230123
infiltratinglobularcarcinoma,60,0.6613756613756614,LSPIN,0.005,0.1,230123
other,23,0.5405405405405406,LSPIN,0.005,0.1,230123
infiltratingductalcarcinoma,220,0.5783960720130933,LSPIN,0.005,0.1,230124
infiltratinglobularcarcinoma,60,0.6243386243386243,LSPIN,0.005,0.1,230124
other,23,0.5405405405405406,LSPIN,0.005,0.1,230124
infiltratingductalcarcinoma,220,0.7011456628477906,LSPIN,0.005,0.1,230125
infiltratinglobularcarcinoma,60,0.6137566137566137,LSPIN,0.005,0.1,230125
other,23,0.5135135135135135,LSPIN,0.005,0.1,230125
infiltratingductalcarcinoma,220,0.6212765957446809,LSPIN,0.005,0.1,230126
infiltratinglobularcarcinoma,60,0.48148148148148145,LSPIN,0.005,0.1,230126
other,23,0.5945945945945946,LSPIN,0.005,0.1,230126
infiltratingductalcarcinoma,220,0.5829787234042553,LSPIN,0.005,0.1,230127
infiltratinglobularcarcinoma,60,0.5185185185185185,LSPIN,0.005,0.1,230127
other,23,0.6756756756756757,LSPIN,0.005,0.1,230127
infiltratingductalcarcinoma,220,0.5990180032733224,LSPIN,0.005,0.1,230128
infiltratinglobularcarcinoma,60,0.5502645502645502,LSPIN,0.005,0.1,230128
other,23,0.5945945945945946,LSPIN,0.005,0.1,230128
infiltratingductalcarcinoma,220,0.6166939443535189,LSPIN,0.005,0.1,230129
infiltratinglobularcarcinoma,60,0.48677248677248675,LSPIN,0.005,0.1,230129
other,23,0.4594594594594595,LSPIN,0.005,0.1,230129
infiltratingductalcarcinoma,220,0.6635024549918167,LSPIN,0.005,0.1,230130
infiltratinglobularcarcinoma,60,0.6243386243386243,LSPIN,0.005,0.1,230130
other,23,0.5405405405405406,LSPIN,0.005,0.1,230130
infiltratingductalcarcinoma,220,0.6003273322422259,LSPIN,0.005,0.1,230131
infiltratinglobularcarcinoma,60,0.6666666666666666,LSPIN,0.005,0.1,230131
other,23,0.6486486486486487,LSPIN,0.005,0.1,230131
infiltratingductalcarcinoma,220,0.6618657937806874,LSPIN,0.005,0.1,230132
infiltratinglobularcarcinoma,60,0.49206349206349204,LSPIN,0.005,0.1,230132
other,23,0.43243243243243246,LSPIN,0.005,0.1,230132
infiltratingductalcarcinoma,220,0.5963993453355155,LSPIN,0.0033,0.1,240123
infiltratinglobularcarcinoma,60,0.5555555555555556,LSPIN,0.0033,0.1,240123
other,23,0.5405405405405406,LSPIN,0.0033,0.1,240123
infiltratingductalcarcinoma,220,0.5770867430441898,LSPIN,0.0033,0.1,240124
infiltratinglobularcarcinoma,60,0.6455026455026455,LSPIN,0.0033,0.1,240124
other,23,0.5135135135135135,LSPIN,0.0033,0.1,240124
infiltratingductalcarcinoma,220,0.6729950900163666,LSPIN,0.0033,0.1,240125
infiltratinglobularcarcinoma,60,0.6455026455026455,LSPIN,0.0033,0.1,240125
other,23,0.5675675675675675,LSPIN,0.0033,0.1,240125
infiltratingductalcarcinoma,220,0.63240589198036,LSPIN,0.0033,0.1,240126
infiltratinglobularcarcinoma,60,0.5502645502645502,LSPIN,0.0033,0.1,240126
other,23,0.4864864864864865,LSPIN,0.0033,0.1,240126
infiltratingductalcarcinoma,220,0.6212765957446809,LSPIN,0.0033,0.1,240127
infiltratinglobularcarcinoma,60,0.5291005291005291,LSPIN,0.0033,0.1,240127
other,23,0.5675675675675675,LSPIN,0.0033,0.1,240127
infiltratingductalcarcinoma,220,0.6454991816693945,LSPIN,0.0033,0.1,240128
infiltratinglobularcarcinoma,60,0.6349206349206349,LSPIN,0.0033,0.1,240128
other,23,0.4864864864864865,LSPIN,0.0033,0.1,240128
infiltratingductalcarcinoma,220,0.7152209492635024,LSPIN,0.0033,0.1,240129
infiltratinglobularcarcinoma,60,0.6084656084656085,LSPIN,0.0033,0.1,240129
other,23,0.43243243243243246,LSPIN,0.0033,0.1,240129
infiltratingductalcarcinoma,220,0.6268412438625205,LSPIN,0.0033,0.1,240130
infiltratinglobularcarcinoma,60,0.6507936507936508,LSPIN,0.0033,0.1,240130
other,23,0.35135135135135137,LSPIN,0.0033,0.1,240130
infiltratingductalcarcinoma,220,0.55810147299509,LSPIN,0.0033,0.1,240131
infiltratinglobularcarcinoma,60,0.5582010582010583,LSPIN,0.0033,0.1,240131
other,23,0.3783783783783784,LSPIN,0.0033,0.1,240131
infiltratingductalcarcinoma,220,0.6661211129296236,LSPIN,0.0033,0.1,240132
infiltratinglobularcarcinoma,60,0.5185185185185185,LSPIN,0.0033,0.1,240132
other,23,0.5675675675675675,LSPIN,0.0033,0.1,240132
infiltratingductalcarcinoma,220,0.5584288052373159,LSPIN,0.0022,0.1,250123
infiltratinglobularcarcinoma,60,0.43386243386243384,LSPIN,0.0022,0.1,250123
other,23,0.5135135135135135,LSPIN,0.0022,0.1,250123
infiltratingductalcarcinoma,220,0.7099836333878887,LSPIN,0.0022,0.1,250124
infiltratinglobularcarcinoma,60,0.5343915343915344,LSPIN,0.0022,0.1,250124
other,23,0.5405405405405406,LSPIN,0.0022,0.1,250124
infiltratingductalcarcinoma,220,0.6248772504091653,LSPIN,0.0022,0.1,250125
infiltratinglobularcarcinoma,60,0.4973544973544973,LSPIN,0.0022,0.1,250125
other,23,0.7027027027027027,LSPIN,0.0022,0.1,250125
infiltratingductalcarcinoma,220,0.5787234042553191,LSPIN,0.0022,0.1,250126
infiltratinglobularcarcinoma,60,0.5502645502645502,LSPIN,0.0022,0.1,250126
other,23,0.3783783783783784,LSPIN,0.0022,0.1,250126
infiltratingductalcarcinoma,220,0.7328968903436989,LSPIN,0.0022,0.1,250127
infiltratinglobularcarcinoma,60,0.49206349206349204,LSPIN,0.0022,0.1,250127
other,23,0.5135135135135135,LSPIN,0.0022,0.1,250127
infiltratingductalcarcinoma,220,0.5597381342062193,LSPIN,0.0022,0.1,250128
infiltratinglobularcarcinoma,60,0.4497354497354497,LSPIN,0.0022,0.1,250128
other,23,0.4864864864864865,LSPIN,0.0022,0.1,250128
infiltratingductalcarcinoma,220,0.6733224222585925,LSPIN,0.0022,0.1,250129
infiltratinglobularcarcinoma,60,0.5555555555555556,LSPIN,0.0022,0.1,250129
other,23,0.5675675675675675,LSPIN,0.0022,0.1,250129
infiltratingductalcarcinoma,220,0.5472995090016367,LSPIN,0.0022,0.1,250130
infiltratinglobularcarcinoma,60,0.4656084656084656,LSPIN,0.0022,0.1,250130
other,23,0.5135135135135135,LSPIN,0.0022,0.1,250130
infiltratingductalcarcinoma,220,0.5777414075286416,LSPIN,0.0022,0.1,250131
infiltratinglobularcarcinoma,60,0.5238095238095238,LSPIN,0.0022,0.1,250131
other,23,0.5675675675675675,LSPIN,0.0022,0.1,250131
infiltratingductalcarcinoma,220,0.7001636661211129,LSPIN,0.0022,0.1,250132
infiltratinglobularcarcinoma,60,0.6613756613756614,LSPIN,0.0022,0.1,250132
other,23,0.4594594594594595,LSPIN,0.0022,0.1,250132
infiltratingductalcarcinoma,220,0.5617021276595745,LSPIN,0.011,0.2,260123
infiltratinglobularcarcinoma,60,0.7936507936507936,LSPIN,0.011,0.2,260123
other,23,0.5675675675675675,LSPIN,0.011,0.2,260123
infiltratingductalcarcinoma,220,0.7073649754500818,LSPIN,0.011,0.2,260124
infiltratinglobularcarcinoma,60,0.48148148148148145,LSPIN,0.011,0.2,260124
other,23,0.5405405405405406,LSPIN,0.011,0.2,260124
infiltratingductalcarcinoma,220,0.5639934533551555,LSPIN,0.011,0.2,260125
infiltratinglobularcarcinoma,60,0.5396825396825397,LSPIN,0.011,0.2,260125
other,23,0.2972972972972973,LSPIN,0.011,0.2,260125
infiltratingductalcarcinoma,220,0.5472995090016367,LSPIN,0.011,0.2,260126
infiltratinglobularcarcinoma,60,0.5502645502645502,LSPIN,0.011,0.2,260126
other,23,0.5945945945945946,LSPIN,0.011,0.2,260126
infiltratingductalcarcinoma,220,0.6484451718494272,LSPIN,0.011,0.2,260127
infiltratinglobularcarcinoma,60,0.5608465608465608,LSPIN,0.011,0.2,260127
other,23,0.4864864864864865,LSPIN,0.011,0.2,260127
infiltratingductalcarcinoma,220,0.6513911620294599,LSPIN,0.011,0.2,260128
infiltratinglobularcarcinoma,60,0.5343915343915344,LSPIN,0.011,0.2,260128
other,23,0.5405405405405406,LSPIN,0.011,0.2,260128
infiltratingductalcarcinoma,220,0.5901800327332242,LSPIN,0.011,0.2,260129
infiltratinglobularcarcinoma,60,0.6878306878306878,LSPIN,0.011,0.2,260129
other,23,0.5675675675675675,LSPIN,0.011,0.2,260129
infiltratingductalcarcinoma,220,0.565302782324059,LSPIN,0.011,0.2,260130
infiltratinglobularcarcinoma,60,0.6455026455026455,LSPIN,0.011,0.2,260130
other,23,0.6486486486486487,LSPIN,0.011,0.2,260130
infiltratingductalcarcinoma,220,0.6111292962356792,LSPIN,0.011,0.2,260131
infiltratinglobularcarcinoma,60,0.544973544973545,LSPIN,0.011,0.2,260131
other,23,0.5945945945945946,LSPIN,0.011,0.2,260131
infiltratingductalcarcinoma,220,0.6425531914893617,LSPIN,0.011,0.2,260132
infiltratinglobularcarcinoma,60,0.5502645502645502,LSPIN,0.011,0.2,260132
other,23,0.7297297297297297,LSPIN,0.011,0.2,260132
infiltratingductalcarcinoma,220,0.6150572831423895,LSPIN,0.0075,0.2,270123
infiltratinglobularcarcinoma,60,0.4603174603174603,LSPIN,0.0075,0.2,270123
other,23,0.6216216216216216,LSPIN,0.0075,0.2,270123
infiltratingductalcarcinoma,220,0.623240589198036,LSPIN,0.0075,0.2,270124
infiltratinglobularcarcinoma,60,0.43915343915343913,LSPIN,0.0075,0.2,270124
other,23,0.5135135135135135,LSPIN,0.0075,0.2,270124
infiltratingductalcarcinoma,220,0.6304418985270049,LSPIN,0.0075,0.2,270125
infiltratinglobularcarcinoma,60,0.6349206349206349,LSPIN,0.0075,0.2,270125
other,23,0.4864864864864865,LSPIN,0.0075,0.2,270125
infiltratingductalcarcinoma,220,0.6618657937806874,LSPIN,0.0075,0.2,270126
infiltratinglobularcarcinoma,60,0.47619047619047616,LSPIN,0.0075,0.2,270126
other,23,0.5135135135135135,LSPIN,0.0075,0.2,270126
infiltratingductalcarcinoma,220,0.6432078559738135,LSPIN,0.0075,0.2,270127
infiltratinglobularcarcinoma,60,0.5343915343915344,LSPIN,0.0075,0.2,270127
other,23,0.5135135135135135,LSPIN,0.0075,0.2,270127
infiltratingductalcarcinoma,220,0.688379705400982,LSPIN,0.0075,0.2,270128
infiltratinglobularcarcinoma,60,0.4656084656084656,LSPIN,0.0075,0.2,270128
other,23,0.7297297297297297,LSPIN,0.0075,0.2,270128
infiltratingductalcarcinoma,220,0.5849427168576105,LSPIN,0.0075,0.2,270129
infiltratinglobularcarcinoma,60,0.6137566137566137,LSPIN,0.0075,0.2,270129
other,23,0.5405405405405406,LSPIN,0.0075,0.2,270129
infiltratingductalcarcinoma,220,0.6504091653027824,LSPIN,0.0075,0.2,270130
infiltratinglobularcarcinoma,60,0.6613756613756614,LSPIN,0.0075,0.2,270130
other,23,0.4594594594594595,LSPIN,0.0075,0.2,270130
infiltratingductalcarcinoma,220,0.6248772504091653,LSPIN,0.0075,0.2,270131
infiltratinglobularcarcinoma,60,0.5291005291005291,LSPIN,0.0075,0.2,270131
other,23,0.5135135135135135,LSPIN,0.0075,0.2,270131
infiltratingductalcarcinoma,220,0.6432078559738135,LSPIN,0.0075,0.2,270132
infiltratinglobularcarcinoma,60,0.5238095238095238,LSPIN,0.0075,0.2,270132
other,23,0.7837837837837838,LSPIN,0.0075,0.2,270132
infiltratingductalcarcinoma,220,0.6779050736497545,LSPIN,0.005,0.2,280123
infiltratinglobularcarcinoma,60,0.5185185185185185,LSPIN,0.005,0.2,280123
other,23,0.5675675675675675,LSPIN,0.005,0.2,280123
infiltratingductalcarcinoma,220,0.6543371522094926,LSPIN,0.005,0.2,280124
infiltratinglobularcarcinoma,60,0.43915343915343913,LSPIN,0.005,0.2,280124
other,23,0.5405405405405406,LSPIN,0.005,0.2,280124
infiltratingductalcarcinoma,220,0.567430441898527,LSPIN,0.005,0.2,280125
infiltratinglobularcarcinoma,60,0.4894179894179894,LSPIN,0.005,0.2,280125
other,23,0.581081081081081,LSPIN,0.005,0.2,280125
infiltratingductalcarcinoma,220,0.5885433715220949,LSPIN,0.005,0.2,280126
infiltratinglobularcarcinoma,60,0.5132275132275133,LSPIN,0.005,0.2,280126
other,23,0.5945945945945946,LSPIN,0.005,0.2,280126
infiltratingductalcarcinoma,220,0.625531914893617,LSPIN,0.005,0.2,280127
infiltratinglobularcarcinoma,60,0.48148148148148145,LSPIN,0.005,0.2,280127
other,23,0.3783783783783784,LSPIN,0.005,0.2,280127
infiltratingductalcarcinoma,220,0.6350245499181669,LSPIN,0.005,0.2,280128
infiltratinglobularcarcinoma,60,0.42328042328042326,LSPIN,0.005,0.2,280128
other,23,0.5945945945945946,LSPIN,0.005,0.2,280128
infiltratingductalcarcinoma,220,0.490671031096563,LSPIN,0.005,0.2,280129
infiltratinglobularcarcinoma,60,0.5026455026455027,LSPIN,0.005,0.2,280129
other,23,0.527027027027027,LSPIN,0.005,0.2,280129
infiltratingductalcarcinoma,220,0.6134206219312602,LSPIN,0.005,0.2,280130
infiltratinglobularcarcinoma,60,0.671957671957672,LSPIN,0.005,0.2,280130
other,23,0.5135135135135135,LSPIN,0.005,0.2,280130
infiltratingductalcarcinoma,220,0.5983633387888707,LSPIN,0.005,0.2,280131
infiltratinglobularcarcinoma,60,0.6507936507936508,LSPIN,0.005,0.2,280131
other,23,0.40540540540540543,LSPIN,0.005,0.2,280131
infiltratingductalcarcinoma,220,0.6795417348608838,LSPIN,0.005,0.2,280132
infiltratinglobularcarcinoma,60,0.5291005291005291,LSPIN,0.005,0.2,280132
other,23,0.5945945945945946,LSPIN,0.005,0.2,280132
infiltratingductalcarcinoma,220,0.551227495908347,LSPIN,0.0033,0.2,290123
infiltratinglobularcarcinoma,60,0.5608465608465608,LSPIN,0.0033,0.2,290123
other,23,0.5675675675675675,LSPIN,0.0033,0.2,290123
infiltratingductalcarcinoma,220,0.532569558101473,LSPIN,0.0033,0.2,290124
infiltratinglobularcarcinoma,60,0.38095238095238093,LSPIN,0.0033,0.2,290124
other,23,0.4864864864864865,LSPIN,0.0033,0.2,290124
infiltratingductalcarcinoma,220,0.5188216039279869,LSPIN,0.0033,0.2,290125
infiltratinglobularcarcinoma,60,0.5079365079365079,LSPIN,0.0033,0.2,290125
other,23,0.5405405405405406,LSPIN,0.0033,0.2,290125
infiltratingductalcarcinoma,220,0.6563011456628478,LSPIN,0.0033,0.2,290126
infiltratinglobularcarcinoma,60,0.42328042328042326,LSPIN,0.0033,0.2,290126
other,23,0.6216216216216216,LSPIN,0.0033,0.2,290126
infiltratingductalcarcinoma,220,0.5826513911620295,LSPIN,0.0033,0.2,290127
infiltratinglobularcarcinoma,60,0.582010582010582,LSPIN,0.0033,0.2,290127
other,23,0.6216216216216216,LSPIN,0.0033,0.2,290127
infiltratingductalcarcinoma,220,0.6193126022913257,LSPIN,0.0033,0.2,290128
infiltratinglobularcarcinoma,60,0.5291005291005291,LSPIN,0.0033,0.2,290128
other,23,0.5405405405405406,LSPIN,0.0033,0.2,290128
infiltratingductalcarcinoma,220,0.7456628477905074,LSPIN,0.0033,0.2,290129
infiltratinglobularcarcinoma,60,0.5238095238095238,LSPIN,0.0033,0.2,290129
other,23,0.35135135135135137,LSPIN,0.0033,0.2,290129
infiltratingductalcarcinoma,220,0.6209492635024549,LSPIN,0.0033,0.2,290130
infiltratinglobularcarcinoma,60,0.5978835978835979,LSPIN,0.0033,0.2,290130
other,23,0.5405405405405406,LSPIN,0.0033,0.2,290130
infiltratingductalcarcinoma,220,0.579050736497545,LSPIN,0.0033,0.2,290131
infiltratinglobularcarcinoma,60,0.5132275132275133,LSPIN,0.0033,0.2,290131
other,23,0.5405405405405406,LSPIN,0.0033,0.2,290131
infiltratingductalcarcinoma,220,0.6045826513911621,LSPIN,0.0033,0.2,290132
infiltratinglobularcarcinoma,60,0.4074074074074074,LSPIN,0.0033,0.2,290132
other,23,0.4864864864864865,LSPIN,0.0033,0.2,290132
infiltratingductalcarcinoma,220,0.5905073649754501,LSPIN,0.0022,0.2,300123
infiltratinglobularcarcinoma,60,0.5238095238095238,LSPIN,0.0022,0.2,300123
other,23,0.5135135135135135,LSPIN,0.0022,0.2,300123
infiltratingductalcarcinoma,220,0.5188216039279869,LSPIN,0.0022,0.2,300124
infiltratinglobularcarcinoma,60,0.582010582010582,LSPIN,0.0022,0.2,300124
other,23,0.4594594594594595,LSPIN,0.0022,0.2,300124
infiltratingductalcarcinoma,220,0.6563011456628478,LSPIN,0.0022,0.2,300125
infiltratinglobularcarcinoma,60,0.43386243386243384,LSPIN,0.0022,0.2,300125
other,23,0.5945945945945946,LSPIN,0.0022,0.2,300125
infiltratingductalcarcinoma,220,0.6454991816693945,LSPIN,0.0022,0.2,300126
infiltratinglobularcarcinoma,60,0.656084656084656,LSPIN,0.0022,0.2,300126
other,23,0.5405405405405406,LSPIN,0.0022,0.2,300126
infiltratingductalcarcinoma,220,0.6517184942716857,LSPIN,0.0022,0.2,300127
infiltratinglobularcarcinoma,60,0.3968253968253968,LSPIN,0.0022,0.2,300127
other,23,0.5135135135135135,LSPIN,0.0022,0.2,300127
infiltratingductalcarcinoma,220,0.5986906710310965,LSPIN,0.0022,0.2,300128
infiltratinglobularcarcinoma,60,0.42857142857142855,LSPIN,0.0022,0.2,300128
other,23,0.5945945945945946,LSPIN,0.0022,0.2,300128
infiltratingductalcarcinoma,220,0.6104746317512275,LSPIN,0.0022,0.2,300129
infiltratinglobularcarcinoma,60,0.6137566137566137,LSPIN,0.0022,0.2,300129
other,23,0.4864864864864865,LSPIN,0.0022,0.2,300129
infiltratingductalcarcinoma,220,0.6530278232405892,LSPIN,0.0022,0.2,300130
infiltratinglobularcarcinoma,60,0.4656084656084656,LSPIN,0.0022,0.2,300130
other,23,0.5675675675675675,LSPIN,0.0022,0.2,300130
infiltratingductalcarcinoma,220,0.5738134206219313,LSPIN,0.0022,0.2,300131
infiltratinglobularcarcinoma,60,0.5185185185185185,LSPIN,0.0022,0.2,300131
other,23,0.4864864864864865,LSPIN,0.0022,0.2,300131
infiltratingductalcarcinoma,220,0.6009819967266776,LSPIN,0.0022,0.2,300132
infiltratinglobularcarcinoma,60,0.5767195767195767,LSPIN,0.0022,0.2,300132
other,23,0.6486486486486487,LSPIN,0.0022,0.2,300132
infiltratingductalcarcinoma,220,0.6563011456628478,LSPIN,0.011,0.4,310123
infiltratinglobularcarcinoma,60,0.5502645502645502,LSPIN,0.011,0.4,310123
other,23,0.6486486486486487,LSPIN,0.011,0.4,310123
infiltratingductalcarcinoma,220,0.6124386252045827,LSPIN,0.011,0.4,310124
infiltratinglobularcarcinoma,60,0.5238095238095238,LSPIN,0.011,0.4,310124
other,23,0.5135135135135135,LSPIN,0.011,0.4,310124
infiltratingductalcarcinoma,220,0.5319148936170213,LSPIN,0.011,0.4,310125
infiltratinglobularcarcinoma,60,0.5608465608465608,LSPIN,0.011,0.4,310125
other,23,0.4864864864864865,LSPIN,0.011,0.4,310125
infiltratingductalcarcinoma,220,0.583633387888707,LSPIN,0.011,0.4,310126
infiltratinglobularcarcinoma,60,0.42328042328042326,LSPIN,0.011,0.4,310126
other,23,0.43243243243243246,LSPIN,0.011,0.4,310126
infiltratingductalcarcinoma,220,0.6913256955810148,LSPIN,0.011,0.4,310127
infiltratinglobularcarcinoma,60,0.5767195767195767,LSPIN,0.011,0.4,310127
other,23,0.35135135135135137,LSPIN,0.011,0.4,310127
infiltratingductalcarcinoma,220,0.5944353518821603,LSPIN,0.011,0.4,310128
infiltratinglobularcarcinoma,60,0.5925925925925926,LSPIN,0.011,0.4,310128
other,23,0.4864864864864865,LSPIN,0.011,0.4,310128
infiltratingductalcarcinoma,220,0.6386252045826514,LSPIN,0.011,0.4,310129
infiltratinglobularcarcinoma,60,0.41798941798941797,LSPIN,0.011,0.4,310129
other,23,0.35135135135135137,LSPIN,0.011,0.4,310129
infiltratingductalcarcinoma,220,0.660556464811784,LSPIN,0.011,0.4,310130
infiltratinglobularcarcinoma,60,0.37037037037037035,LSPIN,0.011,0.4,310130
other,23,0.5675675675675675,LSPIN,0.011,0.4,310130
infiltratingductalcarcinoma,220,0.5577741407528641,LSPIN,0.011,0.4,310131
infiltratinglobularcarcinoma,60,0.656084656084656,LSPIN,0.011,0.4,310131
other,23,0.5405405405405406,LSPIN,0.011,0.4,310131
infiltratingductalcarcinoma,220,0.6101472995090016,LSPIN,0.011,0.4,310132
infiltratinglobularcarcinoma,60,0.6507936507936508,LSPIN,0.011,0.4,310132
other,23,0.6216216216216216,LSPIN,0.011,0.4,310132
infiltratingductalcarcinoma,220,0.593126022913257,LSPIN,0.0075,0.4,320123
infiltratinglobularcarcinoma,60,0.5185185185185185,LSPIN,0.0075,0.4,320123
other,23,0.5675675675675675,LSPIN,0.0075,0.4,320123
infiltratingductalcarcinoma,220,0.5502454991816694,LSPIN,0.0075,0.4,320124
infiltratinglobularcarcinoma,60,0.5132275132275133,LSPIN,0.0075,0.4,320124
other,23,0.44594594594594594,LSPIN,0.0075,0.4,320124
infiltratingductalcarcinoma,220,0.6199672667757774,LSPIN,0.0075,0.4,320125
infiltratinglobularcarcinoma,60,0.6666666666666666,LSPIN,0.0075,0.4,320125
other,23,0.6486486486486487,LSPIN,0.0075,0.4,320125
infiltratingductalcarcinoma,220,0.6157119476268412,LSPIN,0.0075,0.4,320126
infiltratinglobularcarcinoma,60,0.5396825396825397,LSPIN,0.0075,0.4,320126
other,23,0.5405405405405406,LSPIN,0.0075,0.4,320126
infiltratingductalcarcinoma,220,0.5842880523731587,LSPIN,0.0075,0.4,320127
infiltratinglobularcarcinoma,60,0.49206349206349204,LSPIN,0.0075,0.4,320127
other,23,0.5135135135135135,LSPIN,0.0075,0.4,320127
infiltratingductalcarcinoma,220,0.6756137479541735,LSPIN,0.0075,0.4,320128
infiltratinglobularcarcinoma,60,0.6243386243386243,LSPIN,0.0075,0.4,320128
other,23,0.5675675675675675,LSPIN,0.0075,0.4,320128
infiltratingductalcarcinoma,220,0.611620294599018,LSPIN,0.0075,0.4,320129
infiltratinglobularcarcinoma,60,0.5343915343915344,LSPIN,0.0075,0.4,320129
other,23,0.5405405405405406,LSPIN,0.0075,0.4,320129
infiltratingductalcarcinoma,220,0.546644844517185,LSPIN,0.0075,0.4,320130
infiltratinglobularcarcinoma,60,0.5978835978835979,LSPIN,0.0075,0.4,320130
other,23,0.6216216216216216,LSPIN,0.0075,0.4,320130
infiltratingductalcarcinoma,220,0.6860883797054009,LSPIN,0.0075,0.4,320131
infiltratinglobularcarcinoma,60,0.708994708994709,LSPIN,0.0075,0.4,320131
other,23,0.5135135135135135,LSPIN,0.0075,0.4,320131
infiltratingductalcarcinoma,220,0.6985270049099837,LSPIN,0.0075,0.4,320132
infiltratinglobularcarcinoma,60,0.6878306878306878,LSPIN,0.0075,0.4,320132
other,23,0.6216216216216216,LSPIN,0.0075,0.4,320132
infiltratingductalcarcinoma,220,0.6134206219312602,LSPIN,0.005,0.4,330123
infiltratinglobularcarcinoma,60,0.582010582010582,LSPIN,0.005,0.4,330123
other,23,0.7027027027027027,LSPIN,0.005,0.4,330123
infiltratingductalcarcinoma,220,0.6068739770867431,LSPIN,0.005,0.4,330124
infiltratinglobularcarcinoma,60,0.6666666666666666,LSPIN,0.005,0.4,330124
other,23,0.5945945945945946,LSPIN,0.005,0.4,330124
infiltratingductalcarcinoma,220,0.5548281505728314,LSPIN,0.005,0.4,330125
infiltratinglobularcarcinoma,60,0.5291005291005291,LSPIN,0.005,0.4,330125
other,23,0.4594594594594595,LSPIN,0.005,0.4,330125
infiltratingductalcarcinoma,220,0.579214402618658,LSPIN,0.005,0.4,330126
infiltratinglobularcarcinoma,60,0.35185185185185186,LSPIN,0.005,0.4,330126
other,23,0.4189189189189189,LSPIN,0.005,0.4,330126
infiltratingductalcarcinoma,220,0.6199672667757774,LSPIN,0.005,0.4,330127
infiltratinglobularcarcinoma,60,0.5396825396825397,LSPIN,0.005,0.4,330127
other,23,0.5405405405405406,LSPIN,0.005,0.4,330127
infiltratingductalcarcinoma,220,0.55810147299509,LSPIN,0.005,0.4,330128
infiltratinglobularcarcinoma,60,0.5661375661375662,LSPIN,0.005,0.4,330128
other,23,0.6216216216216216,LSPIN,0.005,0.4,330128
infiltratingductalcarcinoma,220,0.6422258592471358,LSPIN,0.005,0.4,330129
infiltratinglobularcarcinoma,60,0.7248677248677249,LSPIN,0.005,0.4,330129
other,23,0.7027027027027027,LSPIN,0.005,0.4,330129
infiltratingductalcarcinoma,220,0.6739770867430442,LSPIN,0.005,0.4,330130
infiltratinglobularcarcinoma,60,0.47619047619047616,LSPIN,0.005,0.4,330130
other,23,0.43243243243243246,LSPIN,0.005,0.4,330130
infiltratingductalcarcinoma,220,0.6081833060556465,LSPIN,0.005,0.4,330131
infiltratinglobularcarcinoma,60,0.48677248677248675,LSPIN,0.005,0.4,330131
other,23,0.4594594594594595,LSPIN,0.005,0.4,330131
infiltratingductalcarcinoma,220,0.6320785597381342,LSPIN,0.005,0.4,330132
infiltratinglobularcarcinoma,60,0.5873015873015873,LSPIN,0.005,0.4,330132
other,23,0.3783783783783784,LSPIN,0.005,0.4,330132
infiltratingductalcarcinoma,220,0.6180032733224222,LSPIN,0.0033,0.4,340123
infiltratinglobularcarcinoma,60,0.43386243386243384,LSPIN,0.0033,0.4,340123
other,23,0.4594594594594595,LSPIN,0.0033,0.4,340123
infiltratingductalcarcinoma,220,0.7057283142389525,LSPIN,0.0033,0.4,340124
infiltratinglobularcarcinoma,60,0.5555555555555556,LSPIN,0.0033,0.4,340124
other,23,0.5945945945945946,LSPIN,0.0033,0.4,340124
infiltratingductalcarcinoma,220,0.6644844517184942,LSPIN,0.0033,0.4,340125
infiltratinglobularcarcinoma,60,0.5661375661375662,LSPIN,0.0033,0.4,340125
other,23,0.3783783783783784,LSPIN,0.0033,0.4,340125
infiltratingductalcarcinoma,220,0.6094926350245499,LSPIN,0.0033,0.4,340126
infiltratinglobularcarcinoma,60,0.4656084656084656,LSPIN,0.0033,0.4,340126
other,23,0.4864864864864865,LSPIN,0.0033,0.4,340126
infiltratingductalcarcinoma,220,0.6108019639934533,LSPIN,0.0033,0.4,340127
infiltratinglobularcarcinoma,60,0.47619047619047616,LSPIN,0.0033,0.4,340127
other,23,0.5135135135135135,LSPIN,0.0033,0.4,340127
infiltratingductalcarcinoma,220,0.6049099836333879,LSPIN,0.0033,0.4,340128
infiltratinglobularcarcinoma,60,0.5396825396825397,LSPIN,0.0033,0.4,340128
other,23,0.5405405405405406,LSPIN,0.0033,0.4,340128
infiltratingductalcarcinoma,220,0.5728314238952537,LSPIN,0.0033,0.4,340129
infiltratinglobularcarcinoma,60,0.5661375661375662,LSPIN,0.0033,0.4,340129
other,23,0.6486486486486487,LSPIN,0.0033,0.4,340129
infiltratingductalcarcinoma,220,0.6808510638297872,LSPIN,0.0033,0.4,340130
infiltratinglobularcarcinoma,60,0.5185185185185185,LSPIN,0.0033,0.4,340130
other,23,0.6216216216216216,LSPIN,0.0033,0.4,340130
infiltratingductalcarcinoma,220,0.5086743044189853,LSPIN,0.0033,0.4,340131
infiltratinglobularcarcinoma,60,0.5079365079365079,LSPIN,0.0033,0.4,340131
other,23,0.4594594594594595,LSPIN,0.0033,0.4,340131
infiltratingductalcarcinoma,220,0.665139116202946,LSPIN,0.0033,0.4,340132
infiltratinglobularcarcinoma,60,0.5873015873015873,LSPIN,0.0033,0.4,340132
other,23,0.6216216216216216,LSPIN,0.0033,0.4,340132
infiltratingductalcarcinoma,220,0.6356792144026187,LSPIN,0.0022,0.4,350123
infiltratinglobularcarcinoma,60,0.5026455026455027,LSPIN,0.0022,0.4,350123
other,23,0.5945945945945946,LSPIN,0.0022,0.4,350123
infiltratingductalcarcinoma,220,0.5494271685761047,LSPIN,0.0022,0.4,350124
infiltratinglobularcarcinoma,60,0.5687830687830688,LSPIN,0.0022,0.4,350124
other,23,0.5,LSPIN,0.0022,0.4,350124
infiltratingductalcarcinoma,220,0.6779050736497545,LSPIN,0.0022,0.4,350125
infiltratinglobularcarcinoma,60,0.5185185185185185,LSPIN,0.0022,0.4,350125
other,23,0.5675675675675675,LSPIN,0.0022,0.4,350125
infiltratingductalcarcinoma,220,0.6978723404255319,LSPIN,0.0022,0.4,350126
infiltratinglobularcarcinoma,60,0.7671957671957672,LSPIN,0.0022,0.4,350126
other,23,0.4864864864864865,LSPIN,0.0022,0.4,350126
infiltratingductalcarcinoma,220,0.6458265139116203,LSPIN,0.0022,0.4,350127
infiltratinglobularcarcinoma,60,0.6984126984126984,LSPIN,0.0022,0.4,350127
other,23,0.5405405405405406,LSPIN,0.0022,0.4,350127
infiltratingductalcarcinoma,220,0.6435351882160393,LSPIN,0.0022,0.4,350128
infiltratinglobularcarcinoma,60,0.6031746031746031,LSPIN,0.0022,0.4,350128
other,23,0.4594594594594595,LSPIN,0.0022,0.4,350128
infiltratingductalcarcinoma,220,0.7162029459901801,LSPIN,0.0022,0.4,350129
infiltratinglobularcarcinoma,60,0.544973544973545,LSPIN,0.0022,0.4,350129
other,23,0.5405405405405406,LSPIN,0.0022,0.4,350129
infiltratingductalcarcinoma,220,0.6422258592471358,LSPIN,0.0022,0.4,350130
infiltratinglobularcarcinoma,60,0.6772486772486772,LSPIN,0.0022,0.4,350130
other,23,0.6486486486486487,LSPIN,0.0022,0.4,350130
infiltratingductalcarcinoma,220,0.5250409165302782,LSPIN,0.0022,0.4,350131
infiltratinglobularcarcinoma,60,0.5079365079365079,LSPIN,0.0022,0.4,350131
other,23,0.40540540540540543,LSPIN,0.0022,0.4,350131
infiltratingductalcarcinoma,220,0.5584288052373159,LSPIN,0.0022,0.4,350132
infiltratinglobularcarcinoma,60,0.49206349206349204,LSPIN,0.0022,0.4,350132
other,23,0.6486486486486487,LSPIN,0.0022,0.4,350132
infiltratingductalcarcinoma,220,0.5384615384615384,LSPIN,0.011,0.7,360123
infiltratinglobularcarcinoma,60,0.47619047619047616,LSPIN,0.011,0.7,360123
other,23,0.4864864864864865,LSPIN,0.011,0.7,360123
infiltratingductalcarcinoma,220,0.5731587561374796,LSPIN,0.011,0.7,360124
infiltratinglobularcarcinoma,60,0.5026455026455027,LSPIN,0.011,0.7,360124
other,23,0.35135135135135137,LSPIN,0.011,0.7,360124
infiltratingductalcarcinoma,220,0.5872340425531914,LSPIN,0.011,0.7,360125
infiltratinglobularcarcinoma,60,0.5185185185185185,LSPIN,0.011,0.7,360125
other,23,0.5675675675675675,LSPIN,0.011,0.7,360125
infiltratingductalcarcinoma,220,0.611783960720131,LSPIN,0.011,0.7,360126
infiltratinglobularcarcinoma,60,0.3333333333333333,LSPIN,0.011,0.7,360126
other,23,0.5405405405405406,LSPIN,0.011,0.7,360126
infiltratingductalcarcinoma,220,0.6363338788870704,LSPIN,0.011,0.7,360127
infiltratinglobularcarcinoma,60,0.6507936507936508,LSPIN,0.011,0.7,360127
other,23,0.4864864864864865,LSPIN,0.011,0.7,360127
infiltratingductalcarcinoma,220,0.551227495908347,LSPIN,0.011,0.7,360128
infiltratinglobularcarcinoma,60,0.48148148148148145,LSPIN,0.011,0.7,360128
other,23,0.4594594594594595,LSPIN,0.011,0.7,360128
infiltratingductalcarcinoma,220,0.5941080196399345,LSPIN,0.011,0.7,360129
infiltratinglobularcarcinoma,60,0.5396825396825397,LSPIN,0.011,0.7,360129
other,23,0.5135135135135135,LSPIN,0.011,0.7,360129
infiltratingductalcarcinoma,220,0.5738134206219313,LSPIN,0.011,0.7,360130
infiltratinglobularcarcinoma,60,0.5873015873015873,LSPIN,0.011,0.7,360130
other,23,0.5945945945945946,LSPIN,0.011,0.7,360130
infiltratingductalcarcinoma,220,0.630114566284779,LSPIN,0.011,0.7,360131
infiltratinglobularcarcinoma,60,0.5925925925925926,LSPIN,0.011,0.7,360131
other,23,0.35135135135135137,LSPIN,0.011,0.7,360131
infiltratingductalcarcinoma,220,0.6078559738134206,LSPIN,0.011,0.7,360132
infiltratinglobularcarcinoma,60,0.582010582010582,LSPIN,0.011,0.7,360132
other,23,0.4594594594594595,LSPIN,0.011,0.7,360132
infiltratingductalcarcinoma,220,0.625531914893617,LSPIN,0.0075,0.7,370123
infiltratinglobularcarcinoma,60,0.582010582010582,LSPIN,0.0075,0.7,370123
other,23,0.3783783783783784,LSPIN,0.0075,0.7,370123
infiltratingductalcarcinoma,220,0.614075286415712,LSPIN,0.0075,0.7,370124
infiltratinglobularcarcinoma,60,0.3915343915343915,LSPIN,0.0075,0.7,370124
other,23,0.6486486486486487,LSPIN,0.0075,0.7,370124
infiltratingductalcarcinoma,220,0.5934533551554828,LSPIN,0.0075,0.7,370125
infiltratinglobularcarcinoma,60,0.37566137566137564,LSPIN,0.0075,0.7,370125
other,23,0.6216216216216216,LSPIN,0.0075,0.7,370125
infiltratingductalcarcinoma,220,0.6108019639934533,LSPIN,0.0075,0.7,370126
infiltratinglobularcarcinoma,60,0.5502645502645502,LSPIN,0.0075,0.7,370126
other,23,0.6486486486486487,LSPIN,0.0075,0.7,370126
infiltratingductalcarcinoma,220,0.5898527004909984,LSPIN,0.0075,0.7,370127
infiltratinglobularcarcinoma,60,0.455026455026455,LSPIN,0.0075,0.7,370127
other,23,0.5675675675675675,LSPIN,0.0075,0.7,370127
infiltratingductalcarcinoma,220,0.5165302782324059,LSPIN,0.0075,0.7,370128
infiltratinglobularcarcinoma,60,0.5873015873015873,LSPIN,0.0075,0.7,370128
other,23,0.5675675675675675,LSPIN,0.0075,0.7,370128
infiltratingductalcarcinoma,220,0.6382978723404256,LSPIN,0.0075,0.7,370129
infiltratinglobularcarcinoma,60,0.544973544973545,LSPIN,0.0075,0.7,370129
other,23,0.4864864864864865,LSPIN,0.0075,0.7,370129
infiltratingductalcarcinoma,220,0.6759410801963993,LSPIN,0.0075,0.7,370130
infiltratinglobularcarcinoma,60,0.544973544973545,LSPIN,0.0075,0.7,370130
other,23,0.5675675675675675,LSPIN,0.0075,0.7,370130
infiltratingductalcarcinoma,220,0.5918166939443535,LSPIN,0.0075,0.7,370131
infiltratinglobularcarcinoma,60,0.4973544973544973,LSPIN,0.0075,0.7,370131
other,23,0.5675675675675675,LSPIN,0.0075,0.7,370131
infiltratingductalcarcinoma,220,0.5368248772504092,LSPIN,0.0075,0.7,370132
infiltratinglobularcarcinoma,60,0.6243386243386243,LSPIN,0.0075,0.7,370132
other,23,0.32432432432432434,LSPIN,0.0075,0.7,370132
infiltratingductalcarcinoma,220,0.5073649754500819,LSPIN,0.005,0.7,380123
infiltratinglobularcarcinoma,60,0.5185185185185185,LSPIN,0.005,0.7,380123
other,23,0.43243243243243246,LSPIN,0.005,0.7,380123
infiltratingductalcarcinoma,220,0.5224222585924714,LSPIN,0.005,0.7,380124
infiltratinglobularcarcinoma,60,0.544973544973545,LSPIN,0.005,0.7,380124
other,23,0.4864864864864865,LSPIN,0.005,0.7,380124
infiltratingductalcarcinoma,220,0.6219312602291326,LSPIN,0.005,0.7,380125
infiltratinglobularcarcinoma,60,0.5079365079365079,LSPIN,0.005,0.7,380125
other,23,0.6216216216216216,LSPIN,0.005,0.7,380125
infiltratingductalcarcinoma,220,0.49639934533551555,LSPIN,0.005,0.7,380126
infiltratinglobularcarcinoma,60,0.6243386243386243,LSPIN,0.005,0.7,380126
other,23,0.5,LSPIN,0.005,0.7,380126
infiltratingductalcarcinoma,220,0.602291325695581,LSPIN,0.005,0.7,380127
infiltratinglobularcarcinoma,60,0.4973544973544973,LSPIN,0.005,0.7,380127
other,23,0.5135135135135135,LSPIN,0.005,0.7,380127
infiltratingductalcarcinoma,220,0.574468085106383,LSPIN,0.005,0.7,380128
infiltratinglobularcarcinoma,60,0.5026455026455027,LSPIN,0.005,0.7,380128
other,23,0.7027027027027027,LSPIN,0.005,0.7,380128
infiltratingductalcarcinoma,220,0.6294599018003273,LSPIN,0.005,0.7,380129
infiltratinglobularcarcinoma,60,0.49206349206349204,LSPIN,0.005,0.7,380129
other,23,0.6216216216216216,LSPIN,0.005,0.7,380129
infiltratingductalcarcinoma,220,0.5625204582651391,LSPIN,0.005,0.7,380130
infiltratinglobularcarcinoma,60,0.671957671957672,LSPIN,0.005,0.7,380130
other,23,0.43243243243243246,LSPIN,0.005,0.7,380130
infiltratingductalcarcinoma,220,0.6360065466448446,LSPIN,0.005,0.7,380131
infiltratinglobularcarcinoma,60,0.5238095238095238,LSPIN,0.005,0.7,380131
other,23,0.6486486486486487,LSPIN,0.005,0.7,380131
infiltratingductalcarcinoma,220,0.5420621931260229,LSPIN,0.005,0.7,380132
infiltratinglobularcarcinoma,60,0.6296296296296297,LSPIN,0.005,0.7,380132
other,23,0.7297297297297297,LSPIN,0.005,0.7,380132
infiltratingductalcarcinoma,220,0.5571194762684124,LSPIN,0.0033,0.7,390123
infiltratinglobularcarcinoma,60,0.5132275132275133,LSPIN,0.0033,0.7,390123
other,23,0.5675675675675675,LSPIN,0.0033,0.7,390123
infiltratingductalcarcinoma,220,0.6196399345335516,LSPIN,0.0033,0.7,390124
infiltratinglobularcarcinoma,60,0.4708994708994709,LSPIN,0.0033,0.7,390124
other,23,0.43243243243243246,LSPIN,0.0033,0.7,390124
infiltratingductalcarcinoma,220,0.5882160392798691,LSPIN,0.0033,0.7,390125
infiltratinglobularcarcinoma,60,0.5132275132275133,LSPIN,0.0033,0.7,390125
other,23,0.5405405405405406,LSPIN,0.0033,0.7,390125
infiltratingductalcarcinoma,220,0.6517184942716857,LSPIN,0.0033,0.7,390126
infiltratinglobularcarcinoma,60,0.4708994708994709,LSPIN,0.0033,0.7,390126
other,23,0.5135135135135135,LSPIN,0.0033,0.7,390126
infiltratingductalcarcinoma,220,0.6638297872340425,LSPIN,0.0033,0.7,390127
infiltratinglobularcarcinoma,60,0.5925925925925926,LSPIN,0.0033,0.7,390127
other,23,0.6216216216216216,LSPIN,0.0033,0.7,390127
infiltratingductalcarcinoma,220,0.5531914893617021,LSPIN,0.0033,0.7,390128
infiltratinglobularcarcinoma,60,0.42857142857142855,LSPIN,0.0033,0.7,390128
other,23,0.7027027027027027,LSPIN,0.0033,0.7,390128
infiltratingductalcarcinoma,220,0.5101472995090016,LSPIN,0.0033,0.7,390129
infiltratinglobularcarcinoma,60,0.47619047619047616,LSPIN,0.0033,0.7,390129
other,23,0.3918918918918919,LSPIN,0.0033,0.7,390129
infiltratingductalcarcinoma,220,0.4765957446808511,LSPIN,0.0033,0.7,390130
infiltratinglobularcarcinoma,60,0.37037037037037035,LSPIN,0.0033,0.7,390130
other,23,0.5135135135135135,LSPIN,0.0033,0.7,390130
infiltratingductalcarcinoma,220,0.6454991816693945,LSPIN,0.0033,0.7,390131
infiltratinglobularcarcinoma,60,0.6243386243386243,LSPIN,0.0033,0.7,390131
other,23,0.40540540540540543,LSPIN,0.0033,0.7,390131
infiltratingductalcarcinoma,220,0.6122749590834697,LSPIN,0.0033,0.7,390132
infiltratinglobularcarcinoma,60,0.5396825396825397,LSPIN,0.0033,0.7,390132
other,23,0.6486486486486487,LSPIN,0.0033,0.7,390132
infiltratingductalcarcinoma,220,0.6382978723404256,LSPIN,0.0022,0.7,400123
infiltratinglobularcarcinoma,60,0.5026455026455027,LSPIN,0.0022,0.7,400123
other,23,0.5405405405405406,LSPIN,0.0022,0.7,400123
infiltratingductalcarcinoma,220,0.6955810147299509,LSPIN,0.0022,0.7,400124
infiltratinglobularcarcinoma,60,0.4497354497354497,LSPIN,0.0022,0.7,400124
other,23,0.4594594594594595,LSPIN,0.0022,0.7,400124
infiltratingductalcarcinoma,220,0.5662847790507365,LSPIN,0.0022,0.7,400125
infiltratinglobularcarcinoma,60,0.42857142857142855,LSPIN,0.0022,0.7,400125
other,23,0.3783783783783784,LSPIN,0.0022,0.7,400125
infiltratingductalcarcinoma,220,0.5718494271685761,LSPIN,0.0022,0.7,400126
infiltratinglobularcarcinoma,60,0.544973544973545,LSPIN,0.0022,0.7,400126
other,23,0.5945945945945946,LSPIN,0.0022,0.7,400126
infiltratingductalcarcinoma,220,0.6500818330605564,LSPIN,0.0022,0.7,400127
infiltratinglobularcarcinoma,60,0.3386243386243386,LSPIN,0.0022,0.7,400127
other,23,0.4594594594594595,LSPIN,0.0022,0.7,400127
infiltratingductalcarcinoma,220,0.6253682487725041,LSPIN,0.0022,0.7,400128
infiltratinglobularcarcinoma,60,0.5582010582010583,LSPIN,0.0022,0.7,400128
other,23,0.43243243243243246,LSPIN,0.0022,0.7,400128
infiltratingductalcarcinoma,220,0.5258592471358429,LSPIN,0.0022,0.7,400129
infiltratinglobularcarcinoma,60,0.37566137566137564,LSPIN,0.0022,0.7,400129
other,23,0.3918918918918919,LSPIN,0.0022,0.7,400129
infiltratingductalcarcinoma,220,0.7037643207855974,LSPIN,0.0022,0.7,400130
infiltratinglobularcarcinoma,60,0.4973544973544973,LSPIN,0.0022,0.7,400130
other,23,0.5675675675675675,LSPIN,0.0022,0.7,400130
infiltratingductalcarcinoma,220,0.6353518821603928,LSPIN,0.0022,0.7,400131
infiltratinglobularcarcinoma,60,0.6402116402116402,LSPIN,0.0022,0.7,400131
other,23,0.5135135135135135,LSPIN,0.0022,0.7,400131
infiltratingductalcarcinoma,220,0.613747954173486,LSPIN,0.0022,0.7,400132
infiltratinglobularcarcinoma,60,0.5502645502645502,LSPIN,0.0022,0.7,400132
other,23,0.5405405405405406,LSPIN,0.0022,0.7,400132
infiltratingductalcarcinoma,220,0.47299509001636664,Concrete,0.008,0.0,410123
infiltratinglobularcarcinoma,60,0.43915343915343913,Concrete,0.008,0.0,410123
other,23,0.40540540540540543,Concrete,0.008,0.0,410123
infiltratingductalcarcinoma,220,0.4788870703764321,Concrete,0.008,0.0,410124
infiltratinglobularcarcinoma,60,0.5555555555555556,Concrete,0.008,0.0,410124
other,23,0.43243243243243246,Concrete,0.008,0.0,410124
infiltratingductalcarcinoma,220,0.5171849427168577,Concrete,0.008,0.0,410125
infiltratinglobularcarcinoma,60,0.32275132275132273,Concrete,0.008,0.0,410125
other,23,0.5135135135135135,Concrete,0.008,0.0,410125
infiltratingductalcarcinoma,220,0.5440261865793781,Concrete,0.008,0.0,410126
infiltratinglobularcarcinoma,60,0.4656084656084656,Concrete,0.008,0.0,410126
other,23,0.5135135135135135,Concrete,0.008,0.0,410126
infiltratingductalcarcinoma,220,0.6337152209492635,Concrete,0.008,0.0,410127
infiltratinglobularcarcinoma,60,0.37566137566137564,Concrete,0.008,0.0,410127
other,23,0.6216216216216216,Concrete,0.008,0.0,410127
infiltratingductalcarcinoma,220,0.5761047463175123,Concrete,0.008,0.0,410128
infiltratinglobularcarcinoma,60,0.7407407407407407,Concrete,0.008,0.0,410128
other,23,0.4864864864864865,Concrete,0.008,0.0,410128
infiltratingductalcarcinoma,220,0.6484451718494272,Concrete,0.008,0.0,410129
infiltratinglobularcarcinoma,60,0.5132275132275133,Concrete,0.008,0.0,410129
other,23,0.5945945945945946,Concrete,0.008,0.0,410129
infiltratingductalcarcinoma,220,0.5698854337152209,Concrete,0.008,0.0,410130
infiltratinglobularcarcinoma,60,0.5767195767195767,Concrete,0.008,0.0,410130
other,23,0.5405405405405406,Concrete,0.008,0.0,410130
infiltratingductalcarcinoma,220,0.5217675941080197,Concrete,0.008,0.0,410131
infiltratinglobularcarcinoma,60,0.5238095238095238,Concrete,0.008,0.0,410131
other,23,0.6486486486486487,Concrete,0.008,0.0,410131
infiltratingductalcarcinoma,220,0.5008183306055647,Concrete,0.008,0.0,410132
infiltratinglobularcarcinoma,60,0.6137566137566137,Concrete,0.008,0.0,410132
other,23,0.5945945945945946,Concrete,0.008,0.0,410132
infiltratingductalcarcinoma,220,0.4540098199672668,Concrete,0.006,0.0,420123
infiltratinglobularcarcinoma,60,0.3968253968253968,Concrete,0.006,0.0,420123
other,23,0.5675675675675675,Concrete,0.006,0.0,420123
infiltratingductalcarcinoma,220,0.5256955810147299,Concrete,0.006,0.0,420124
infiltratinglobularcarcinoma,60,0.43915343915343913,Concrete,0.006,0.0,420124
other,23,0.35135135135135137,Concrete,0.006,0.0,420124
infiltratingductalcarcinoma,220,0.5207855973813421,Concrete,0.006,0.0,420125
infiltratinglobularcarcinoma,60,0.6137566137566137,Concrete,0.006,0.0,420125
other,23,0.5405405405405406,Concrete,0.006,0.0,420125
infiltratingductalcarcinoma,220,0.5168576104746317,Concrete,0.006,0.0,420126
infiltratinglobularcarcinoma,60,0.4656084656084656,Concrete,0.006,0.0,420126
other,23,0.4594594594594595,Concrete,0.006,0.0,420126
infiltratingductalcarcinoma,220,0.5633387888707038,Concrete,0.006,0.0,420127
infiltratinglobularcarcinoma,60,0.6190476190476191,Concrete,0.006,0.0,420127
other,23,0.35135135135135137,Concrete,0.006,0.0,420127
infiltratingductalcarcinoma,220,0.6088379705400983,Concrete,0.006,0.0,420128
infiltratinglobularcarcinoma,60,0.7195767195767195,Concrete,0.006,0.0,420128
other,23,0.4594594594594595,Concrete,0.006,0.0,420128
infiltratingductalcarcinoma,220,0.4955810147299509,Concrete,0.006,0.0,420129
infiltratinglobularcarcinoma,60,0.35978835978835977,Concrete,0.006,0.0,420129
other,23,0.7297297297297297,Concrete,0.006,0.0,420129
infiltratingductalcarcinoma,220,0.5076923076923077,Concrete,0.006,0.0,420130
infiltratinglobularcarcinoma,60,0.4708994708994709,Concrete,0.006,0.0,420130
other,23,0.5675675675675675,Concrete,0.006,0.0,420130
infiltratingductalcarcinoma,220,0.6173486088379705,Concrete,0.006,0.0,420131
infiltratinglobularcarcinoma,60,0.4603174603174603,Concrete,0.006,0.0,420131
other,23,0.5405405405405406,Concrete,0.006,0.0,420131
infiltratingductalcarcinoma,220,0.5721767594108019,Concrete,0.006,0.0,420132
infiltratinglobularcarcinoma,60,0.48148148148148145,Concrete,0.006,0.0,420132
other,23,0.6216216216216216,Concrete,0.006,0.0,420132
infiltratingductalcarcinoma,220,0.6248772504091653,Concrete,0.005,0.0,430123
infiltratinglobularcarcinoma,60,0.38095238095238093,Concrete,0.005,0.0,430123
other,23,0.5945945945945946,Concrete,0.005,0.0,430123
infiltratingductalcarcinoma,220,0.6124386252045827,Concrete,0.005,0.0,430124
infiltratinglobularcarcinoma,60,0.5661375661375662,Concrete,0.005,0.0,430124
other,23,0.4594594594594595,Concrete,0.005,0.0,430124
infiltratingductalcarcinoma,220,0.5905073649754501,Concrete,0.005,0.0,430125
infiltratinglobularcarcinoma,60,0.4708994708994709,Concrete,0.005,0.0,430125
other,23,0.35135135135135137,Concrete,0.005,0.0,430125
infiltratingductalcarcinoma,220,0.48314238952536825,Concrete,0.005,0.0,430126
infiltratinglobularcarcinoma,60,0.5608465608465608,Concrete,0.005,0.0,430126
other,23,0.6486486486486487,Concrete,0.005,0.0,430126
infiltratingductalcarcinoma,220,0.6157119476268412,Concrete,0.005,0.0,430127
infiltratinglobularcarcinoma,60,0.4656084656084656,Concrete,0.005,0.0,430127
other,23,0.4864864864864865,Concrete,0.005,0.0,430127
infiltratingductalcarcinoma,220,0.5482815057283142,Concrete,0.005,0.0,430128
infiltratinglobularcarcinoma,60,0.544973544973545,Concrete,0.005,0.0,430128
other,23,0.3783783783783784,Concrete,0.005,0.0,430128
infiltratingductalcarcinoma,220,0.6369885433715221,Concrete,0.005,0.0,430129
infiltratinglobularcarcinoma,60,0.49206349206349204,Concrete,0.005,0.0,430129
other,23,0.5405405405405406,Concrete,0.005,0.0,430129
infiltratingductalcarcinoma,220,0.5695581014729951,Concrete,0.005,0.0,430130
infiltratinglobularcarcinoma,60,0.49206349206349204,Concrete,0.005,0.0,430130
other,23,0.5405405405405406,Concrete,0.005,0.0,430130
infiltratingductalcarcinoma,220,0.5296235679214403,Concrete,0.005,0.0,430131
infiltratinglobularcarcinoma,60,0.544973544973545,Concrete,0.005,0.0,430131
other,23,0.5405405405405406,Concrete,0.005,0.0,430131
infiltratingductalcarcinoma,220,0.5381342062193126,Concrete,0.005,0.0,430132
infiltratinglobularcarcinoma,60,0.7777777777777778,Concrete,0.005,0.0,430132
other,23,0.6216216216216216,Concrete,0.005,0.0,430132
infiltratingductalcarcinoma,220,0.5345335515548282,Concrete,0.004,0.0,440123
infiltratinglobularcarcinoma,60,0.6084656084656085,Concrete,0.004,0.0,440123
other,23,0.4864864864864865,Concrete,0.004,0.0,440123
infiltratingductalcarcinoma,220,0.5266775777414076,Concrete,0.004,0.0,440124
infiltratinglobularcarcinoma,60,0.5026455026455027,Concrete,0.004,0.0,440124
other,23,0.5135135135135135,Concrete,0.004,0.0,440124
infiltratingductalcarcinoma,220,0.6199672667757774,Concrete,0.004,0.0,440125
infiltratinglobularcarcinoma,60,0.5343915343915344,Concrete,0.004,0.0,440125
other,23,0.5405405405405406,Concrete,0.004,0.0,440125
infiltratingductalcarcinoma,220,0.5456628477905073,Concrete,0.004,0.0,440126
infiltratinglobularcarcinoma,60,0.41798941798941797,Concrete,0.004,0.0,440126
other,23,0.4864864864864865,Concrete,0.004,0.0,440126
infiltratingductalcarcinoma,220,0.5129296235679215,Concrete,0.004,0.0,440127
infiltratinglobularcarcinoma,60,0.42857142857142855,Concrete,0.004,0.0,440127
other,23,0.6216216216216216,Concrete,0.004,0.0,440127
infiltratingductalcarcinoma,220,0.6314238952536825,Concrete,0.004,0.0,440128
infiltratinglobularcarcinoma,60,0.5767195767195767,Concrete,0.004,0.0,440128
other,23,0.7027027027027027,Concrete,0.004,0.0,440128
infiltratingductalcarcinoma,220,0.5250409165302782,Concrete,0.004,0.0,440129
infiltratinglobularcarcinoma,60,0.4497354497354497,Concrete,0.004,0.0,440129
other,23,0.5945945945945946,Concrete,0.004,0.0,440129
infiltratingductalcarcinoma,220,0.5509001636661212,Concrete,0.004,0.0,440130
infiltratinglobularcarcinoma,60,0.48677248677248675,Concrete,0.004,0.0,440130
other,23,0.2702702702702703,Concrete,0.004,0.0,440130
infiltratingductalcarcinoma,220,0.6523731587561374,Concrete,0.004,0.0,440131
infiltratinglobularcarcinoma,60,0.5873015873015873,Concrete,0.004,0.0,440131
other,23,0.32432432432432434,Concrete,0.004,0.0,440131
infiltratingductalcarcinoma,220,0.5970540098199673,Concrete,0.004,0.0,440132
infiltratinglobularcarcinoma,60,0.49206349206349204,Concrete,0.004,0.0,440132
other,23,0.43243243243243246,Concrete,0.004,0.0,440132
infiltratingductalcarcinoma,220,0.5973813420621932,Concrete,0.0033,0.0,450123
infiltratinglobularcarcinoma,60,0.5238095238095238,Concrete,0.0033,0.0,450123
other,23,0.5135135135135135,Concrete,0.0033,0.0,450123
infiltratingductalcarcinoma,220,0.5292962356792144,Concrete,0.0033,0.0,450124
infiltratinglobularcarcinoma,60,0.5767195767195767,Concrete,0.0033,0.0,450124
other,23,0.4864864864864865,Concrete,0.0033,0.0,450124
infiltratingductalcarcinoma,220,0.6959083469721767,Concrete,0.0033,0.0,450125
infiltratinglobularcarcinoma,60,0.5079365079365079,Concrete,0.0033,0.0,450125
other,23,0.43243243243243246,Concrete,0.0033,0.0,450125
infiltratingductalcarcinoma,220,0.6739770867430442,Concrete,0.0033,0.0,450126
infiltratinglobularcarcinoma,60,0.6137566137566137,Concrete,0.0033,0.0,450126
other,23,0.5945945945945946,Concrete,0.0033,0.0,450126
infiltratingductalcarcinoma,220,0.6045826513911621,Concrete,0.0033,0.0,450127
infiltratinglobularcarcinoma,60,0.5185185185185185,Concrete,0.0033,0.0,450127
other,23,0.16216216216216217,Concrete,0.0033,0.0,450127
infiltratingductalcarcinoma,220,0.6314238952536825,Concrete,0.0033,0.0,450128
infiltratinglobularcarcinoma,60,0.26455026455026454,Concrete,0.0033,0.0,450128
other,23,0.6216216216216216,Concrete,0.0033,0.0,450128
infiltratingductalcarcinoma,220,0.4847790507364975,Concrete,0.0033,0.0,450129
infiltratinglobularcarcinoma,60,0.5079365079365079,Concrete,0.0033,0.0,450129
other,23,0.5135135135135135,Concrete,0.0033,0.0,450129
infiltratingductalcarcinoma,220,0.5597381342062193,Concrete,0.0033,0.0,450130
infiltratinglobularcarcinoma,60,0.5291005291005291,Concrete,0.0033,0.0,450130
other,23,0.4594594594594595,Concrete,0.0033,0.0,450130
infiltratingductalcarcinoma,220,0.5515548281505729,Concrete,0.0033,0.0,450131
infiltratinglobularcarcinoma,60,0.47619047619047616,Concrete,0.0033,0.0,450131
other,23,0.4864864864864865,Concrete,0.0033,0.0,450131
infiltratingductalcarcinoma,220,0.6049099836333879,Concrete,0.0033,0.0,450132
infiltratinglobularcarcinoma,60,0.4444444444444444,Concrete,0.0033,0.0,450132
other,23,0.43243243243243246,Concrete,0.0033,0.0,450132
infiltratingductalcarcinoma,220,0.6150572831423895,Concrete,0.0027,0.0,460123
infiltratinglobularcarcinoma,60,0.5978835978835979,Concrete,0.0027,0.0,460123
other,23,0.5945945945945946,Concrete,0.0027,0.0,460123
infiltratingductalcarcinoma,220,0.5129296235679215,Concrete,0.0027,0.0,460124
infiltratinglobularcarcinoma,60,0.2962962962962963,Concrete,0.0027,0.0,460124
other,23,0.3783783783783784,Concrete,0.0027,0.0,460124
infiltratingductalcarcinoma,220,0.5525368248772504,Concrete,0.0027,0.0,460125
infiltratinglobularcarcinoma,60,0.48677248677248675,Concrete,0.0027,0.0,460125
other,23,0.5945945945945946,Concrete,0.0027,0.0,460125
infiltratingductalcarcinoma,220,0.5687397708674304,Concrete,0.0027,0.0,460126
infiltratinglobularcarcinoma,60,0.6481481481481481,Concrete,0.0027,0.0,460126
other,23,0.3108108108108108,Concrete,0.0027,0.0,460126
infiltratingductalcarcinoma,220,0.6520458265139116,Concrete,0.0027,0.0,460127
infiltratinglobularcarcinoma,60,0.5079365079365079,Concrete,0.0027,0.0,460127
other,23,0.4594594594594595,Concrete,0.0027,0.0,460127
infiltratingductalcarcinoma,220,0.6536824877250409,Concrete,0.0027,0.0,460128
infiltratinglobularcarcinoma,60,0.5132275132275133,Concrete,0.0027,0.0,460128
other,23,0.5945945945945946,Concrete,0.0027,0.0,460128
infiltratingductalcarcinoma,220,0.611456628477905,Concrete,0.0027,0.0,460129
infiltratinglobularcarcinoma,60,0.4973544973544973,Concrete,0.0027,0.0,460129
other,23,0.4864864864864865,Concrete,0.0027,0.0,460129
infiltratingductalcarcinoma,220,0.4851063829787234,Concrete,0.0027,0.0,460130
infiltratinglobularcarcinoma,60,0.4497354497354497,Concrete,0.0027,0.0,460130
other,23,0.8108108108108109,Concrete,0.0027,0.0,460130
infiltratingductalcarcinoma,220,0.5545008183306056,Concrete,0.0027,0.0,460131
infiltratinglobularcarcinoma,60,0.42328042328042326,Concrete,0.0027,0.0,460131
other,23,0.5135135135135135,Concrete,0.0027,0.0,460131
infiltratingductalcarcinoma,220,0.5541734860883797,Concrete,0.0027,0.0,460132
infiltratinglobularcarcinoma,60,0.5555555555555556,Concrete,0.0027,0.0,460132
other,23,0.6216216216216216,Concrete,0.0027,0.0,460132
infiltratingductalcarcinoma,220,0.6566284779050736,Concrete,0.0022,0.0,470123
infiltratinglobularcarcinoma,60,0.5608465608465608,Concrete,0.0022,0.0,470123
other,23,0.5945945945945946,Concrete,0.0022,0.0,470123
infiltratingductalcarcinoma,220,0.6909983633387888,Concrete,0.0022,0.0,470124
infiltratinglobularcarcinoma,60,0.582010582010582,Concrete,0.0022,0.0,470124
other,23,0.5405405405405406,Concrete,0.0022,0.0,470124
infiltratingductalcarcinoma,220,0.644189852700491,Concrete,0.0022,0.0,470125
infiltratinglobularcarcinoma,60,0.43386243386243384,Concrete,0.0022,0.0,470125
other,23,0.5675675675675675,Concrete,0.0022,0.0,470125
infiltratingductalcarcinoma,220,0.6009819967266776,Concrete,0.0022,0.0,470126
infiltratinglobularcarcinoma,60,0.5026455026455027,Concrete,0.0022,0.0,470126
other,23,0.5945945945945946,Concrete,0.0022,0.0,470126
infiltratingductalcarcinoma,220,0.6075286415711948,Concrete,0.0022,0.0,470127
infiltratinglobularcarcinoma,60,0.48677248677248675,Concrete,0.0022,0.0,470127
other,23,0.6216216216216216,Concrete,0.0022,0.0,470127
infiltratingductalcarcinoma,220,0.5315875613747955,Concrete,0.0022,0.0,470128
infiltratinglobularcarcinoma,60,0.6137566137566137,Concrete,0.0022,0.0,470128
other,23,0.5405405405405406,Concrete,0.0022,0.0,470128
infiltratingductalcarcinoma,220,0.6320785597381342,Concrete,0.0022,0.0,470129
infiltratinglobularcarcinoma,60,0.6931216931216931,Concrete,0.0022,0.0,470129
other,23,0.6756756756756757,Concrete,0.0022,0.0,470129
infiltratingductalcarcinoma,220,0.6180032733224222,Concrete,0.0022,0.0,470130
infiltratinglobularcarcinoma,60,0.4656084656084656,Concrete,0.0022,0.0,470130
other,23,0.5135135135135135,Concrete,0.0022,0.0,470130
infiltratingductalcarcinoma,220,0.6238952536824878,Concrete,0.0022,0.0,470131
infiltratinglobularcarcinoma,60,0.48677248677248675,Concrete,0.0022,0.0,470131
other,23,0.43243243243243246,Concrete,0.0022,0.0,470131
infiltratingductalcarcinoma,220,0.6317512274959084,Concrete,0.0022,0.0,470132
infiltratinglobularcarcinoma,60,0.3862433862433862,Concrete,0.0022,0.0,470132
other,23,0.5135135135135135,Concrete,0.0022,0.0,470132
infiltratingductalcarcinoma,220,0.5342062193126023,Concrete,0.0018,0.0,480123
infiltratinglobularcarcinoma,60,0.4444444444444444,Concrete,0.0018,0.0,480123
other,23,0.5945945945945946,Concrete,0.0018,0.0,480123
infiltratingductalcarcinoma,220,0.6065466448445171,Concrete,0.0018,0.0,480124
infiltratinglobularcarcinoma,60,0.6084656084656085,Concrete,0.0018,0.0,480124
other,23,0.5675675675675675,Concrete,0.0018,0.0,480124
infiltratingductalcarcinoma,220,0.7240589198036007,Concrete,0.0018,0.0,480125
infiltratinglobularcarcinoma,60,0.41798941798941797,Concrete,0.0018,0.0,480125
other,23,0.5675675675675675,Concrete,0.0018,0.0,480125
infiltratingductalcarcinoma,220,0.5993453355155482,Concrete,0.0018,0.0,480126
infiltratinglobularcarcinoma,60,0.6084656084656085,Concrete,0.0018,0.0,480126
other,23,0.5945945945945946,Concrete,0.0018,0.0,480126
infiltratingductalcarcinoma,220,0.6752864157119476,Concrete,0.0018,0.0,480127
infiltratinglobularcarcinoma,60,0.4973544973544973,Concrete,0.0018,0.0,480127
other,23,0.6486486486486487,Concrete,0.0018,0.0,480127
infiltratingductalcarcinoma,220,0.5600654664484451,Concrete,0.0018,0.0,480128
infiltratinglobularcarcinoma,60,0.6613756613756614,Concrete,0.0018,0.0,480128
other,23,0.4594594594594595,Concrete,0.0018,0.0,480128
infiltratingductalcarcinoma,220,0.6150572831423895,Concrete,0.0018,0.0,480129
infiltratinglobularcarcinoma,60,0.6931216931216931,Concrete,0.0018,0.0,480129
other,23,0.5135135135135135,Concrete,0.0018,0.0,480129
infiltratingductalcarcinoma,220,0.5090016366612111,Concrete,0.0018,0.0,480130
infiltratinglobularcarcinoma,60,0.544973544973545,Concrete,0.0018,0.0,480130
other,23,0.4864864864864865,Concrete,0.0018,0.0,480130
infiltratingductalcarcinoma,220,0.6595744680851063,Concrete,0.0018,0.0,480131
infiltratinglobularcarcinoma,60,0.5238095238095238,Concrete,0.0018,0.0,480131
other,23,0.5945945945945946,Concrete,0.0018,0.0,480131
infiltratingductalcarcinoma,220,0.5816693944353519,Concrete,0.0018,0.0,480132
infiltratinglobularcarcinoma,60,0.47619047619047616,Concrete,0.0018,0.0,480132
other,23,0.6216216216216216,Concrete,0.0018,0.0,480132
infiltratingductalcarcinoma,220,0.7076923076923077,Concrete,0.0015,0.0,490123
infiltratinglobularcarcinoma,60,0.455026455026455,Concrete,0.0015,0.0,490123
other,23,0.5135135135135135,Concrete,0.0015,0.0,490123
infiltratingductalcarcinoma,220,0.6474631751227496,Concrete,0.0015,0.0,490124
infiltratinglobularcarcinoma,60,0.6402116402116402,Concrete,0.0015,0.0,490124
other,23,0.4594594594594595,Concrete,0.0015,0.0,490124
infiltratingductalcarcinoma,220,0.6252045826513911,Concrete,0.0015,0.0,490125
infiltratinglobularcarcinoma,60,0.4603174603174603,Concrete,0.0015,0.0,490125
other,23,0.4594594594594595,Concrete,0.0015,0.0,490125
infiltratingductalcarcinoma,220,0.7112929623567922,Concrete,0.0015,0.0,490126
infiltratinglobularcarcinoma,60,0.5502645502645502,Concrete,0.0015,0.0,490126
other,23,0.5405405405405406,Concrete,0.0015,0.0,490126
infiltratingductalcarcinoma,220,0.5924713584288053,Concrete,0.0015,0.0,490127
infiltratinglobularcarcinoma,60,0.6455026455026455,Concrete,0.0015,0.0,490127
other,23,0.5675675675675675,Concrete,0.0015,0.0,490127
infiltratingductalcarcinoma,220,0.6127659574468085,Concrete,0.0015,0.0,490128
infiltratinglobularcarcinoma,60,0.5502645502645502,Concrete,0.0015,0.0,490128
other,23,0.5405405405405406,Concrete,0.0015,0.0,490128
infiltratingductalcarcinoma,220,0.6337152209492635,Concrete,0.0015,0.0,490129
infiltratinglobularcarcinoma,60,0.4656084656084656,Concrete,0.0015,0.0,490129
other,23,0.5945945945945946,Concrete,0.0015,0.0,490129
infiltratingductalcarcinoma,220,0.6569558101472995,Concrete,0.0015,0.0,490130
infiltratinglobularcarcinoma,60,0.5925925925925926,Concrete,0.0015,0.0,490130
other,23,0.5675675675675675,Concrete,0.0015,0.0,490130
infiltratingductalcarcinoma,220,0.5764320785597381,Concrete,0.0015,0.0,490131
infiltratinglobularcarcinoma,60,0.5661375661375662,Concrete,0.0015,0.0,490131
other,23,0.4594594594594595,Concrete,0.0015,0.0,490131
infiltratingductalcarcinoma,220,0.6245499181669394,Concrete,0.0015,0.0,490132
infiltratinglobularcarcinoma,60,0.4126984126984127,Concrete,0.0015,0.0,490132
other,23,0.4864864864864865,Concrete,0.0015,0.0,490132
infiltratingductalcarcinoma,220,0.6019639934533552,Concrete,0.0012,0.0,500123
infiltratinglobularcarcinoma,60,0.5343915343915344,Concrete,0.0012,0.0,500123
other,23,0.7297297297297297,Concrete,0.0012,0.0,500123
infiltratingductalcarcinoma,220,0.623240589198036,Concrete,0.0012,0.0,500124
infiltratinglobularcarcinoma,60,0.6137566137566137,Concrete,0.0012,0.0,500124
other,23,0.5405405405405406,Concrete,0.0012,0.0,500124
infiltratingductalcarcinoma,220,0.6693944353518821,Concrete,0.0012,0.0,500125
infiltratinglobularcarcinoma,60,0.5767195767195767,Concrete,0.0012,0.0,500125
other,23,0.43243243243243246,Concrete,0.0012,0.0,500125
infiltratingductalcarcinoma,220,0.6160392798690671,Concrete,0.0012,0.0,500126
infiltratinglobularcarcinoma,60,0.4656084656084656,Concrete,0.0012,0.0,500126
other,23,0.6756756756756757,Concrete,0.0012,0.0,500126
infiltratingductalcarcinoma,220,0.658265139116203,Concrete,0.0012,0.0,500127
infiltratinglobularcarcinoma,60,0.49206349206349204,Concrete,0.0012,0.0,500127
other,23,0.5405405405405406,Concrete,0.0012,0.0,500127
infiltratingductalcarcinoma,220,0.6700490998363339,Concrete,0.0012,0.0,500128
infiltratinglobularcarcinoma,60,0.671957671957672,Concrete,0.0012,0.0,500128
other,23,0.5945945945945946,Concrete,0.0012,0.0,500128
infiltratingductalcarcinoma,220,0.46873977086743046,Concrete,0.0012,0.0,500129
infiltratinglobularcarcinoma,60,0.4708994708994709,Concrete,0.0012,0.0,500129
other,23,0.4594594594594595,Concrete,0.0012,0.0,500129
infiltratingductalcarcinoma,220,0.5355155482815057,Concrete,0.0012,0.0,500130
infiltratinglobularcarcinoma,60,0.4894179894179894,Concrete,0.0012,0.0,500130
other,23,0.43243243243243246,Concrete,0.0012,0.0,500130
infiltratingductalcarcinoma,220,0.6451718494271685,Concrete,0.0012,0.0,500131
infiltratinglobularcarcinoma,60,0.5661375661375662,Concrete,0.0012,0.0,500131
other,23,0.6216216216216216,Concrete,0.0012,0.0,500131
infiltratingductalcarcinoma,220,0.6196399345335516,Concrete,0.0012,0.0,500132
infiltratinglobularcarcinoma,60,0.5714285714285714,Concrete,0.0012,0.0,500132
other,23,0.40540540540540543,Concrete,0.0012,0.0,500132
infiltratingductalcarcinoma,220,0.6458265139116203,Concrete,0.001,0.0,510123
infiltratinglobularcarcinoma,60,0.5714285714285714,Concrete,0.001,0.0,510123
other,23,0.5945945945945946,Concrete,0.001,0.0,510123
infiltratingductalcarcinoma,220,0.5675941080196399,Concrete,0.001,0.0,510124
infiltratinglobularcarcinoma,60,0.4021164021164021,Concrete,0.001,0.0,510124
other,23,0.43243243243243246,Concrete,0.001,0.0,510124
infiltratingductalcarcinoma,220,0.5520458265139117,Concrete,0.001,0.0,510125
infiltratinglobularcarcinoma,60,0.6058201058201058,Concrete,0.001,0.0,510125
other,23,0.5,Concrete,0.001,0.0,510125
infiltratingductalcarcinoma,220,0.5168576104746317,Concrete,0.001,0.0,510126
infiltratinglobularcarcinoma,60,0.6031746031746031,Concrete,0.001,0.0,510126
other,23,0.3108108108108108,Concrete,0.001,0.0,510126
infiltratingductalcarcinoma,220,0.5548281505728314,Concrete,0.001,0.0,510127
infiltratinglobularcarcinoma,60,0.6164021164021164,Concrete,0.001,0.0,510127
other,23,0.7162162162162162,Concrete,0.001,0.0,510127
infiltratingductalcarcinoma,220,0.5747954173486088,Concrete,0.001,0.0,510128
infiltratinglobularcarcinoma,60,0.47619047619047616,Concrete,0.001,0.0,510128
other,23,0.6486486486486487,Concrete,0.001,0.0,510128
infiltratingductalcarcinoma,220,0.7073649754500818,Concrete,0.001,0.0,510129
infiltratinglobularcarcinoma,60,0.49206349206349204,Concrete,0.001,0.0,510129
other,23,0.5675675675675675,Concrete,0.001,0.0,510129
infiltratingductalcarcinoma,220,0.5561374795417349,Concrete,0.001,0.0,510130
infiltratinglobularcarcinoma,60,0.6243386243386243,Concrete,0.001,0.0,510130
other,23,0.6216216216216216,Concrete,0.001,0.0,510130
infiltratingductalcarcinoma,220,0.6212765957446809,Concrete,0.001,0.0,510131
infiltratinglobularcarcinoma,60,0.6137566137566137,Concrete,0.001,0.0,510131
other,23,0.47297297297297297,Concrete,0.001,0.0,510131
infiltratingductalcarcinoma,220,0.5633387888707038,Concrete,0.001,0.0,510132
infiltratinglobularcarcinoma,60,0.29365079365079366,Concrete,0.001,0.0,510132
other,23,0.4594594594594595,Concrete,0.001,0.0,510132
infiltratingductalcarcinoma,220,0.6477905073649755,Concrete,0.00085,0.0,520123
infiltratinglobularcarcinoma,60,0.5185185185185185,Concrete,0.00085,0.0,520123
other,23,0.43243243243243246,Concrete,0.00085,0.0,520123
infiltratingductalcarcinoma,220,0.4564648117839607,Concrete,0.00085,0.0,520124
infiltratinglobularcarcinoma,60,0.6084656084656085,Concrete,0.00085,0.0,520124
other,23,0.6891891891891891,Concrete,0.00085,0.0,520124
infiltratingductalcarcinoma,220,0.6307692307692307,Concrete,0.00085,0.0,520125
infiltratinglobularcarcinoma,60,0.5502645502645502,Concrete,0.00085,0.0,520125
other,23,0.40540540540540543,Concrete,0.00085,0.0,520125
infiltratingductalcarcinoma,220,0.6235679214402619,Concrete,0.00085,0.0,520126
infiltratinglobularcarcinoma,60,0.4021164021164021,Concrete,0.00085,0.0,520126
other,23,0.5675675675675675,Concrete,0.00085,0.0,520126
infiltratingductalcarcinoma,220,0.5176759410801964,Concrete,0.00085,0.0,520127
infiltratinglobularcarcinoma,60,0.455026455026455,Concrete,0.00085,0.0,520127
other,23,0.5135135135135135,Concrete,0.00085,0.0,520127
infiltratingductalcarcinoma,220,0.602291325695581,Concrete,0.00085,0.0,520128
infiltratinglobularcarcinoma,60,0.5291005291005291,Concrete,0.00085,0.0,520128
other,23,0.5135135135135135,Concrete,0.00085,0.0,520128
infiltratingductalcarcinoma,220,0.5253682487725041,Concrete,0.00085,0.0,520129
infiltratinglobularcarcinoma,60,0.5,Concrete,0.00085,0.0,520129
other,23,0.4594594594594595,Concrete,0.00085,0.0,520129
infiltratingductalcarcinoma,220,0.6811783960720131,Concrete,0.00085,0.0,520130
infiltratinglobularcarcinoma,60,0.5555555555555556,Concrete,0.00085,0.0,520130
other,23,0.5945945945945946,Concrete,0.00085,0.0,520130
infiltratingductalcarcinoma,220,0.46939443535188213,Concrete,0.00085,0.0,520131
infiltratinglobularcarcinoma,60,0.5423280423280423,Concrete,0.00085,0.0,520131
other,23,0.28378378378378377,Concrete,0.00085,0.0,520131
infiltratingductalcarcinoma,220,0.43731587561374796,Concrete,0.00085,0.0,520132
infiltratinglobularcarcinoma,60,0.48148148148148145,Concrete,0.00085,0.0,520132
other,23,0.6486486486486487,Concrete,0.00085,0.0,520132
infiltratingductalcarcinoma,220,0.5574468085106383,Concrete,0.0007,0.0,530123
infiltratinglobularcarcinoma,60,0.48677248677248675,Concrete,0.0007,0.0,530123
other,23,0.35135135135135137,Concrete,0.0007,0.0,530123
infiltratingductalcarcinoma,220,0.5109656301145663,Concrete,0.0007,0.0,530124
infiltratinglobularcarcinoma,60,0.5396825396825397,Concrete,0.0007,0.0,530124
other,23,0.581081081081081,Concrete,0.0007,0.0,530124
infiltratingductalcarcinoma,220,0.5810147299509002,Concrete,0.0007,0.0,530125
infiltratinglobularcarcinoma,60,0.6111111111111112,Concrete,0.0007,0.0,530125
other,23,0.28378378378378377,Concrete,0.0007,0.0,530125
infiltratingductalcarcinoma,220,0.6446808510638298,Concrete,0.0007,0.0,530126
infiltratinglobularcarcinoma,60,0.6190476190476191,Concrete,0.0007,0.0,530126
other,23,0.5,Concrete,0.0007,0.0,530126
infiltratingductalcarcinoma,220,0.5266775777414076,Concrete,0.0007,0.0,530127
infiltratinglobularcarcinoma,60,0.5,Concrete,0.0007,0.0,530127
other,23,0.40540540540540543,Concrete,0.0007,0.0,530127
infiltratingductalcarcinoma,220,0.5283142389525368,Concrete,0.0007,0.0,530128
infiltratinglobularcarcinoma,60,0.48148148148148145,Concrete,0.0007,0.0,530128
other,23,0.6081081081081081,Concrete,0.0007,0.0,530128
infiltratingductalcarcinoma,220,0.5194762684124387,Concrete,0.0007,0.0,530129
infiltratinglobularcarcinoma,60,0.3783068783068783,Concrete,0.0007,0.0,530129
other,23,0.36486486486486486,Concrete,0.0007,0.0,530129
infiltratingductalcarcinoma,220,0.4945990180032733,Concrete,0.0007,0.0,530130
infiltratinglobularcarcinoma,60,0.5343915343915344,Concrete,0.0007,0.0,530130
other,23,0.3783783783783784,Concrete,0.0007,0.0,530130
infiltratingductalcarcinoma,220,0.5286415711947627,Concrete,0.0007,0.0,530131
infiltratinglobularcarcinoma,60,0.3994708994708995,Concrete,0.0007,0.0,530131
other,23,0.5675675675675675,Concrete,0.0007,0.0,530131
infiltratingductalcarcinoma,220,0.5142389525368248,Concrete,0.0007,0.0,530132
infiltratinglobularcarcinoma,60,0.30158730158730157,Concrete,0.0007,0.0,530132
other,23,0.43243243243243246,Concrete,0.0007,0.0,530132
infiltratingductalcarcinoma,220,0.562684124386252,Concrete,0.0006,0.0,540123
infiltratinglobularcarcinoma,60,0.5132275132275133,Concrete,0.0006,0.0,540123
other,23,0.4594594594594595,Concrete,0.0006,0.0,540123
infiltratingductalcarcinoma,220,0.4734860883797054,Concrete,0.0006,0.0,540124
infiltratinglobularcarcinoma,60,0.4894179894179894,Concrete,0.0006,0.0,540124
other,23,0.5,Concrete,0.0006,0.0,540124
infiltratingductalcarcinoma,220,0.5780687397708675,Concrete,0.0006,0.0,540125
infiltratinglobularcarcinoma,60,0.48148148148148145,Concrete,0.0006,0.0,540125
other,23,0.5405405405405406,Concrete,0.0006,0.0,540125
infiltratingductalcarcinoma,220,0.6242225859247136,Concrete,0.0006,0.0,540126
infiltratinglobularcarcinoma,60,0.48677248677248675,Concrete,0.0006,0.0,540126
other,23,0.4594594594594595,Concrete,0.0006,0.0,540126
infiltratingductalcarcinoma,220,0.5289689034369885,Concrete,0.0006,0.0,540127
infiltratinglobularcarcinoma,60,0.5343915343915344,Concrete,0.0006,0.0,540127
other,23,0.6486486486486487,Concrete,0.0006,0.0,540127
infiltratingductalcarcinoma,220,0.5260229132569558,Concrete,0.0006,0.0,540128
infiltratinglobularcarcinoma,60,0.6164021164021164,Concrete,0.0006,0.0,540128
other,23,0.5135135135135135,Concrete,0.0006,0.0,540128
infiltratingductalcarcinoma,220,0.5451718494271686,Concrete,0.0006,0.0,540129
infiltratinglobularcarcinoma,60,0.5264550264550265,Concrete,0.0006,0.0,540129
other,23,0.581081081081081,Concrete,0.0006,0.0,540129
infiltratingductalcarcinoma,220,0.5458265139116203,Concrete,0.0006,0.0,540130
infiltratinglobularcarcinoma,60,0.5529100529100529,Concrete,0.0006,0.0,540130
other,23,0.5540540540540541,Concrete,0.0006,0.0,540130
infiltratingductalcarcinoma,220,0.5432078559738134,Concrete,0.0006,0.0,540131
infiltratinglobularcarcinoma,60,0.4947089947089947,Concrete,0.0006,0.0,540131
other,23,0.3783783783783784,Concrete,0.0006,0.0,540131
infiltratingductalcarcinoma,220,0.5705400981996727,Concrete,0.0006,0.0,540132
infiltratinglobularcarcinoma,60,0.5026455026455027,Concrete,0.0006,0.0,540132
other,23,0.43243243243243246,Concrete,0.0006,0.0,540132
infiltratingductalcarcinoma,220,0.5399345335515549,Concrete,0.0005,0.0,550123
infiltratinglobularcarcinoma,60,0.6084656084656085,Concrete,0.0005,0.0,550123
other,23,0.6486486486486487,Concrete,0.0005,0.0,550123
infiltratingductalcarcinoma,220,0.5785597381342062,Concrete,0.0005,0.0,550124
infiltratinglobularcarcinoma,60,0.544973544973545,Concrete,0.0005,0.0,550124
other,23,0.3783783783783784,Concrete,0.0005,0.0,550124
infiltratingductalcarcinoma,220,0.5142389525368248,Concrete,0.0005,0.0,550125
infiltratinglobularcarcinoma,60,0.6534391534391535,Concrete,0.0005,0.0,550125
other,23,0.3918918918918919,Concrete,0.0005,0.0,550125
infiltratingductalcarcinoma,220,0.5936170212765958,Concrete,0.0005,0.0,550126
infiltratinglobularcarcinoma,60,0.5052910052910053,Concrete,0.0005,0.0,550126
other,23,0.43243243243243246,Concrete,0.0005,0.0,550126
infiltratingductalcarcinoma,220,0.611783960720131,Concrete,0.0005,0.0,550127
infiltratinglobularcarcinoma,60,0.5502645502645502,Concrete,0.0005,0.0,550127
other,23,0.527027027027027,Concrete,0.0005,0.0,550127
infiltratingductalcarcinoma,220,0.6088379705400983,Concrete,0.0005,0.0,550128
infiltratinglobularcarcinoma,60,0.5132275132275133,Concrete,0.0005,0.0,550128
other,23,0.5945945945945946,Concrete,0.0005,0.0,550128
infiltratingductalcarcinoma,220,0.5088379705400982,Concrete,0.0005,0.0,550129
infiltratinglobularcarcinoma,60,0.47354497354497355,Concrete,0.0005,0.0,550129
other,23,0.47297297297297297,Concrete,0.0005,0.0,550129
infiltratingductalcarcinoma,220,0.6608837970540098,Concrete,0.0005,0.0,550130
infiltratinglobularcarcinoma,60,0.5158730158730159,Concrete,0.0005,0.0,550130
other,23,0.6486486486486487,Concrete,0.0005,0.0,550130
infiltratingductalcarcinoma,220,0.6877250409165303,Concrete,0.0005,0.0,550131
infiltratinglobularcarcinoma,60,0.48148148148148145,Concrete,0.0005,0.0,550131
other,23,0.5405405405405406,Concrete,0.0005,0.0,550131
infiltratingductalcarcinoma,220,0.560556464811784,Concrete,0.0005,0.0,550132
infiltratinglobularcarcinoma,60,0.6031746031746031,Concrete,0.0005,0.0,550132
other,23,0.5675675675675675,Concrete,0.0005,0.0,550132
infiltratingductalcarcinoma,220,0.49656301145662846,Concrete,0.00042,0.0,560123
infiltratinglobularcarcinoma,60,0.5264550264550265,Concrete,0.00042,0.0,560123
other,23,0.6486486486486487,Concrete,0.00042,0.0,560123
infiltratingductalcarcinoma,220,0.5774140752864158,Concrete,0.00042,0.0,560124
infiltratinglobularcarcinoma,60,0.31216931216931215,Concrete,0.00042,0.0,560124
other,23,0.43243243243243246,Concrete,0.00042,0.0,560124
infiltratingductalcarcinoma,220,0.54860883797054,Concrete,0.00042,0.0,560125
infiltratinglobularcarcinoma,60,0.5846560846560847,Concrete,0.00042,0.0,560125
other,23,0.5675675675675675,Concrete,0.00042,0.0,560125
infiltratingductalcarcinoma,220,0.46824877250409164,Concrete,0.00042,0.0,560126
infiltratinglobularcarcinoma,60,0.5846560846560847,Concrete,0.00042,0.0,560126
other,23,0.3783783783783784,Concrete,0.00042,0.0,560126
infiltratingductalcarcinoma,220,0.5268412438625204,Concrete,0.00042,0.0,560127
infiltratinglobularcarcinoma,60,0.6190476190476191,Concrete,0.00042,0.0,560127
other,23,0.5675675675675675,Concrete,0.00042,0.0,560127
infiltratingductalcarcinoma,220,0.4978723404255319,Concrete,0.00042,0.0,560128
infiltratinglobularcarcinoma,60,0.5105820105820106,Concrete,0.00042,0.0,560128
other,23,0.43243243243243246,Concrete,0.00042,0.0,560128
infiltratingductalcarcinoma,220,0.46595744680851064,Concrete,0.00042,0.0,560129
infiltratinglobularcarcinoma,60,0.6190476190476191,Concrete,0.00042,0.0,560129
other,23,0.5,Concrete,0.00042,0.0,560129
infiltratingductalcarcinoma,220,0.47528641571194763,Concrete,0.00042,0.0,560130
infiltratinglobularcarcinoma,60,0.36243386243386244,Concrete,0.00042,0.0,560130
other,23,0.3918918918918919,Concrete,0.00042,0.0,560130
infiltratingductalcarcinoma,220,0.49361702127659574,Concrete,0.00042,0.0,560131
infiltratinglobularcarcinoma,60,0.5661375661375662,Concrete,0.00042,0.0,560131
other,23,0.5675675675675675,Concrete,0.00042,0.0,560131
infiltratingductalcarcinoma,220,0.5458265139116203,Concrete,0.00042,0.0,560132
infiltratinglobularcarcinoma,60,0.6190476190476191,Concrete,0.00042,0.0,560132
other,23,0.4864864864864865,Concrete,0.00042,0.0,560132
infiltratingductalcarcinoma,220,0.4711947626841244,Concrete,0.00035,0.0,570123
infiltratinglobularcarcinoma,60,0.47619047619047616,Concrete,0.00035,0.0,570123
other,23,0.4594594594594595,Concrete,0.00035,0.0,570123
infiltratingductalcarcinoma,220,0.53240589198036,Concrete,0.00035,0.0,570124
infiltratinglobularcarcinoma,60,0.5343915343915344,Concrete,0.00035,0.0,570124
other,23,0.5675675675675675,Concrete,0.00035,0.0,570124
infiltratingductalcarcinoma,220,0.5114566284779051,Concrete,0.00035,0.0,570125
infiltratinglobularcarcinoma,60,0.35185185185185186,Concrete,0.00035,0.0,570125
other,23,0.5675675675675675,Concrete,0.00035,0.0,570125
infiltratingductalcarcinoma,220,0.511620294599018,Concrete,0.00035,0.0,570126
infiltratinglobularcarcinoma,60,0.5687830687830688,Concrete,0.00035,0.0,570126
other,23,0.32432432432432434,Concrete,0.00035,0.0,570126
infiltratingductalcarcinoma,220,0.5103109656301146,Concrete,0.00035,0.0,570127
infiltratinglobularcarcinoma,60,0.4603174603174603,Concrete,0.00035,0.0,570127
other,23,0.5675675675675675,Concrete,0.00035,0.0,570127
infiltratingductalcarcinoma,220,0.5055646481178396,Concrete,0.00035,0.0,570128
infiltratinglobularcarcinoma,60,0.46296296296296297,Concrete,0.00035,0.0,570128
other,23,0.3783783783783784,Concrete,0.00035,0.0,570128
infiltratingductalcarcinoma,220,0.6438625204582651,Concrete,0.00035,0.0,570129
infiltratinglobularcarcinoma,60,0.455026455026455,Concrete,0.00035,0.0,570129
other,23,0.5,Concrete,0.00035,0.0,570129
infiltratingductalcarcinoma,220,0.5531914893617021,Concrete,0.00035,0.0,570130
infiltratinglobularcarcinoma,60,0.3492063492063492,Concrete,0.00035,0.0,570130
other,23,0.581081081081081,Concrete,0.00035,0.0,570130
infiltratingductalcarcinoma,220,0.625531914893617,Concrete,0.00035,0.0,570131
infiltratinglobularcarcinoma,60,0.5423280423280423,Concrete,0.00035,0.0,570131
other,23,0.43243243243243246,Concrete,0.00035,0.0,570131
infiltratingductalcarcinoma,220,0.6294599018003273,Concrete,0.00035,0.0,570132
infiltratinglobularcarcinoma,60,0.4470899470899471,Concrete,0.00035,0.0,570132
other,23,0.5675675675675675,Concrete,0.00035,0.0,570132
infiltratingductalcarcinoma,220,0.5893617021276596,Concrete,0.0003,0.0,580123
infiltratinglobularcarcinoma,60,0.5634920634920635,Concrete,0.0003,0.0,580123
other,23,0.5945945945945946,Concrete,0.0003,0.0,580123
infiltratingductalcarcinoma,220,0.49132569558101474,Concrete,0.0003,0.0,580124
infiltratinglobularcarcinoma,60,0.4576719576719577,Concrete,0.0003,0.0,580124
other,23,0.5540540540540541,Concrete,0.0003,0.0,580124
infiltratingductalcarcinoma,220,0.5713584288052374,Concrete,0.0003,0.0,580125
infiltratinglobularcarcinoma,60,0.5132275132275133,Concrete,0.0003,0.0,580125
other,23,0.40540540540540543,Concrete,0.0003,0.0,580125
infiltratingductalcarcinoma,220,0.6126022913256955,Concrete,0.0003,0.0,580126
infiltratinglobularcarcinoma,60,0.4656084656084656,Concrete,0.0003,0.0,580126
other,23,0.7162162162162162,Concrete,0.0003,0.0,580126
infiltratingductalcarcinoma,220,0.4553191489361702,Concrete,0.0003,0.0,580127
infiltratinglobularcarcinoma,60,0.6693121693121693,Concrete,0.0003,0.0,580127
other,23,0.43243243243243246,Concrete,0.0003,0.0,580127
infiltratingductalcarcinoma,220,0.49148936170212765,Concrete,0.0003,0.0,580128
infiltratinglobularcarcinoma,60,0.626984126984127,Concrete,0.0003,0.0,580128
other,23,0.5675675675675675,Concrete,0.0003,0.0,580128
infiltratingductalcarcinoma,220,0.5515548281505729,Concrete,0.0003,0.0,580129
infiltratinglobularcarcinoma,60,0.5608465608465608,Concrete,0.0003,0.0,580129
other,23,0.527027027027027,Concrete,0.0003,0.0,580129
infiltratingductalcarcinoma,220,0.5654664484451718,Concrete,0.0003,0.0,580130
infiltratinglobularcarcinoma,60,0.5079365079365079,Concrete,0.0003,0.0,580130
other,23,0.527027027027027,Concrete,0.0003,0.0,580130
infiltratingductalcarcinoma,220,0.5981996726677578,Concrete,0.0003,0.0,580131
infiltratinglobularcarcinoma,60,0.5264550264550265,Concrete,0.0003,0.0,580131
other,23,0.581081081081081,Concrete,0.0003,0.0,580131
infiltratingductalcarcinoma,220,0.502454991816694,Concrete,0.0003,0.0,580132
infiltratinglobularcarcinoma,60,0.5264550264550265,Concrete,0.0003,0.0,580132
other,23,0.5,Concrete,0.0003,0.0,580132
infiltratingductalcarcinoma,220,0.4869067103109656,Concrete,0.00025,0.0,590123
infiltratinglobularcarcinoma,60,0.5476190476190477,Concrete,0.00025,0.0,590123
other,23,0.5675675675675675,Concrete,0.00025,0.0,590123
infiltratingductalcarcinoma,220,0.5833060556464812,Concrete,0.00025,0.0,590124
infiltratinglobularcarcinoma,60,0.5238095238095238,Concrete,0.00025,0.0,590124
other,23,0.4594594594594595,Concrete,0.00025,0.0,590124
infiltratingductalcarcinoma,220,0.47594108019639936,Concrete,0.00025,0.0,590125
infiltratinglobularcarcinoma,60,0.4656084656084656,Concrete,0.00025,0.0,590125
other,23,0.4864864864864865,Concrete,0.00025,0.0,590125
infiltratingductalcarcinoma,220,0.6026186579378069,Concrete,0.00025,0.0,590126
infiltratinglobularcarcinoma,60,0.5846560846560847,Concrete,0.00025,0.0,590126
other,23,0.3918918918918919,Concrete,0.00025,0.0,590126
infiltratingductalcarcinoma,220,0.4990180032733224,Concrete,0.00025,0.0,590127
infiltratinglobularcarcinoma,60,0.5105820105820106,Concrete,0.00025,0.0,590127
other,23,0.4594594594594595,Concrete,0.00025,0.0,590127
infiltratingductalcarcinoma,220,0.5217675941080197,Concrete,0.00025,0.0,590128
infiltratinglobularcarcinoma,60,0.49206349206349204,Concrete,0.00025,0.0,590128
other,23,0.5540540540540541,Concrete,0.00025,0.0,590128
infiltratingductalcarcinoma,220,0.5019639934533552,Concrete,0.00025,0.0,590129
infiltratinglobularcarcinoma,60,0.5423280423280423,Concrete,0.00025,0.0,590129
other,23,0.5675675675675675,Concrete,0.00025,0.0,590129
infiltratingductalcarcinoma,220,0.47594108019639936,Concrete,0.00025,0.0,590130
infiltratinglobularcarcinoma,60,0.3915343915343915,Concrete,0.00025,0.0,590130
other,23,0.5,Concrete,0.00025,0.0,590130
infiltratingductalcarcinoma,220,0.5050736497545009,Concrete,0.00025,0.0,590131
infiltratinglobularcarcinoma,60,0.5555555555555556,Concrete,0.00025,0.0,590131
other,23,0.5675675675675675,Concrete,0.00025,0.0,590131
infiltratingductalcarcinoma,220,0.5474631751227496,Concrete,0.00025,0.0,590132
infiltratinglobularcarcinoma,60,0.5634920634920635,Concrete,0.00025,0.0,590132
other,23,0.44594594594594594,Concrete,0.00025,0.0,590132
infiltratingductalcarcinoma,220,0.5772504091653028,Concrete,0.0002,0.0,600123
infiltratinglobularcarcinoma,60,0.4894179894179894,Concrete,0.0002,0.0,600123
other,23,0.581081081081081,Concrete,0.0002,0.0,600123
infiltratingductalcarcinoma,220,0.5908346972176759,Concrete,0.0002,0.0,600124
infiltratinglobularcarcinoma,60,0.3412698412698413,Concrete,0.0002,0.0,600124
other,23,0.5,Concrete,0.0002,0.0,600124
infiltratingductalcarcinoma,220,0.467430441898527,Concrete,0.0002,0.0,600125
infiltratinglobularcarcinoma,60,0.5396825396825397,Concrete,0.0002,0.0,600125
other,23,0.44594594594594594,Concrete,0.0002,0.0,600125
infiltratingductalcarcinoma,220,0.49312602291325697,Concrete,0.0002,0.0,600126
infiltratinglobularcarcinoma,60,0.5529100529100529,Concrete,0.0002,0.0,600126
other,23,0.5,Concrete,0.0002,0.0,600126
infiltratingductalcarcinoma,220,0.4765957446808511,Concrete,0.0002,0.0,600127
infiltratinglobularcarcinoma,60,0.36243386243386244,Concrete,0.0002,0.0,600127
other,23,0.5,Concrete,0.0002,0.0,600127
infiltratingductalcarcinoma,220,0.5075286415711948,Concrete,0.0002,0.0,600128
infiltratinglobularcarcinoma,60,0.4947089947089947,Concrete,0.0002,0.0,600128
other,23,0.44594594594594594,Concrete,0.0002,0.0,600128
infiltratingductalcarcinoma,220,0.47430441898527004,Concrete,0.0002,0.0,600129
infiltratinglobularcarcinoma,60,0.5264550264550265,Concrete,0.0002,0.0,600129
other,23,0.5,Concrete,0.0002,0.0,600129
infiltratingductalcarcinoma,220,0.5088379705400982,Concrete,0.0002,0.0,600130
infiltratinglobularcarcinoma,60,0.3439153439153439,Concrete,0.0002,0.0,600130
other,23,0.5,Concrete,0.0002,0.0,600130
infiltratingductalcarcinoma,220,0.5981996726677578,Concrete,0.0002,0.0,600131
infiltratinglobularcarcinoma,60,0.5740740740740741,Concrete,0.0002,0.0,600131
other,23,0.581081081081081,Concrete,0.0002,0.0,600131
infiltratingductalcarcinoma,220,0.5319148936170213,Concrete,0.0002,0.0,600132
infiltratinglobularcarcinoma,60,0.5608465608465608,Concrete,0.0002,0.0,600132
other,23,0.5,Concrete,0.0002,0.0,600132
infiltratingductalcarcinoma,220,0.5996726677577742,Concrete,0.003,0.1,610123
infiltratinglobularcarcinoma,60,0.5502645502645502,Concrete,0.003,0.1,610123
other,23,0.2702702702702703,Concrete,0.003,0.1,610123
infiltratingductalcarcinoma,220,0.6422258592471358,Concrete,0.003,0.1,610124
infiltratinglobularcarcinoma,60,0.582010582010582,Concrete,0.003,0.1,610124
other,23,0.5405405405405406,Concrete,0.003,0.1,610124
infiltratingductalcarcinoma,220,0.5404255319148936,Concrete,0.003,0.1,610125
infiltratinglobularcarcinoma,60,0.4497354497354497,Concrete,0.003,0.1,610125
other,23,0.4864864864864865,Concrete,0.003,0.1,610125
infiltratingductalcarcinoma,220,0.6399345335515548,Concrete,0.003,0.1,610126
infiltratinglobularcarcinoma,60,0.5026455026455027,Concrete,0.003,0.1,610126
other,23,0.32432432432432434,Concrete,0.003,0.1,610126
infiltratingductalcarcinoma,220,0.63240589198036,Concrete,0.003,0.1,610127
infiltratinglobularcarcinoma,60,0.5185185185185185,Concrete,0.003,0.1,610127
other,23,0.6216216216216216,Concrete,0.003,0.1,610127
infiltratingductalcarcinoma,220,0.628150572831424,Concrete,0.003,0.1,610128
infiltratinglobularcarcinoma,60,0.5608465608465608,Concrete,0.003,0.1,610128
other,23,0.5405405405405406,Concrete,0.003,0.1,610128
infiltratingductalcarcinoma,220,0.6026186579378069,Concrete,0.003,0.1,610129
infiltratinglobularcarcinoma,60,0.6587301587301587,Concrete,0.003,0.1,610129
other,23,0.5675675675675675,Concrete,0.003,0.1,610129
infiltratingductalcarcinoma,220,0.6563011456628478,Concrete,0.003,0.1,610130
infiltratinglobularcarcinoma,60,0.7301587301587301,Concrete,0.003,0.1,610130
other,23,0.5945945945945946,Concrete,0.003,0.1,610130
infiltratingductalcarcinoma,220,0.5070376432078559,Concrete,0.003,0.1,610131
infiltratinglobularcarcinoma,60,0.42328042328042326,Concrete,0.003,0.1,610131
other,23,0.5135135135135135,Concrete,0.003,0.1,610131
infiltratingductalcarcinoma,220,0.5787234042553191,Concrete,0.003,0.1,610132
infiltratinglobularcarcinoma,60,0.6402116402116402,Concrete,0.003,0.1,610132
other,23,0.5135135135135135,Concrete,0.003,0.1,610132
infiltratingductalcarcinoma,220,0.6540098199672668,Concrete,0.0022,0.1,620123
infiltratinglobularcarcinoma,60,0.42857142857142855,Concrete,0.0022,0.1,620123
other,23,0.5135135135135135,Concrete,0.0022,0.1,620123
infiltratingductalcarcinoma,220,0.6032733224222586,Concrete,0.0022,0.1,620124
infiltratinglobularcarcinoma,60,0.4973544973544973,Concrete,0.0022,0.1,620124
other,23,0.6216216216216216,Concrete,0.0022,0.1,620124
infiltratingductalcarcinoma,220,0.6386252045826514,Concrete,0.0022,0.1,620125
infiltratinglobularcarcinoma,60,0.4603174603174603,Concrete,0.0022,0.1,620125
other,23,0.4864864864864865,Concrete,0.0022,0.1,620125
infiltratingductalcarcinoma,220,0.6284779050736498,Concrete,0.0022,0.1,620126
infiltratinglobularcarcinoma,60,0.47619047619047616,Concrete,0.0022,0.1,620126
other,23,0.4864864864864865,Concrete,0.0022,0.1,620126
infiltratingductalcarcinoma,220,0.5292962356792144,Concrete,0.0022,0.1,620127
infiltratinglobularcarcinoma,60,0.4497354497354497,Concrete,0.0022,0.1,620127
other,23,0.5405405405405406,Concrete,0.0022,0.1,620127
infiltratingductalcarcinoma,220,0.6235679214402619,Concrete,0.0022,0.1,620128
infiltratinglobularcarcinoma,60,0.3968253968253968,Concrete,0.0022,0.1,620128
other,23,0.5405405405405406,Concrete,0.0022,0.1,620128
infiltratingductalcarcinoma,220,0.583633387888707,Concrete,0.0022,0.1,620129
infiltratinglobularcarcinoma,60,0.42328042328042326,Concrete,0.0022,0.1,620129
other,23,0.43243243243243246,Concrete,0.0022,0.1,620129
infiltratingductalcarcinoma,220,0.6523731587561374,Concrete,0.0022,0.1,620130
infiltratinglobularcarcinoma,60,0.43386243386243384,Concrete,0.0022,0.1,620130
other,23,0.5675675675675675,Concrete,0.0022,0.1,620130
infiltratingductalcarcinoma,220,0.5505728314238952,Concrete,0.0022,0.1,620131
infiltratinglobularcarcinoma,60,0.6084656084656085,Concrete,0.0022,0.1,620131
other,23,0.5945945945945946,Concrete,0.0022,0.1,620131
infiltratingductalcarcinoma,220,0.6585924713584288,Concrete,0.0022,0.1,620132
infiltratinglobularcarcinoma,60,0.43915343915343913,Concrete,0.0022,0.1,620132
other,23,0.6486486486486487,Concrete,0.0022,0.1,620132
infiltratingductalcarcinoma,220,0.55810147299509,Concrete,0.0018,0.1,630123
infiltratinglobularcarcinoma,60,0.37037037037037035,Concrete,0.0018,0.1,630123
other,23,0.43243243243243246,Concrete,0.0018,0.1,630123
infiltratingductalcarcinoma,220,0.5741407528641571,Concrete,0.0018,0.1,630124
infiltratinglobularcarcinoma,60,0.49206349206349204,Concrete,0.0018,0.1,630124
other,23,0.4864864864864865,Concrete,0.0018,0.1,630124
infiltratingductalcarcinoma,220,0.5607201309328969,Concrete,0.0018,0.1,630125
infiltratinglobularcarcinoma,60,0.4074074074074074,Concrete,0.0018,0.1,630125
other,23,0.4864864864864865,Concrete,0.0018,0.1,630125
infiltratingductalcarcinoma,220,0.6291325695581015,Concrete,0.0018,0.1,630126
infiltratinglobularcarcinoma,60,0.48148148148148145,Concrete,0.0018,0.1,630126
other,23,0.5135135135135135,Concrete,0.0018,0.1,630126
infiltratingductalcarcinoma,220,0.644189852700491,Concrete,0.0018,0.1,630127
infiltratinglobularcarcinoma,60,0.47619047619047616,Concrete,0.0018,0.1,630127
other,23,0.5675675675675675,Concrete,0.0018,0.1,630127
infiltratingductalcarcinoma,220,0.6222585924713584,Concrete,0.0018,0.1,630128
infiltratinglobularcarcinoma,60,0.4497354497354497,Concrete,0.0018,0.1,630128
other,23,0.7027027027027027,Concrete,0.0018,0.1,630128
infiltratingductalcarcinoma,220,0.5711947626841244,Concrete,0.0018,0.1,630129
infiltratinglobularcarcinoma,60,0.4708994708994709,Concrete,0.0018,0.1,630129
other,23,0.4864864864864865,Concrete,0.0018,0.1,630129
infiltratingductalcarcinoma,220,0.5499181669394435,Concrete,0.0018,0.1,630130
infiltratinglobularcarcinoma,60,0.4603174603174603,Concrete,0.0018,0.1,630130
other,23,0.4864864864864865,Concrete,0.0018,0.1,630130
infiltratingductalcarcinoma,220,0.6242225859247136,Concrete,0.0018,0.1,630131
infiltratinglobularcarcinoma,60,0.6243386243386243,Concrete,0.0018,0.1,630131
other,23,0.8378378378378378,Concrete,0.0018,0.1,630131
infiltratingductalcarcinoma,220,0.562684124386252,Concrete,0.0018,0.1,630132
infiltratinglobularcarcinoma,60,0.5925925925925926,Concrete,0.0018,0.1,630132
other,23,0.43243243243243246,Concrete,0.0018,0.1,630132
infiltratingductalcarcinoma,220,0.5669394435351882,Concrete,0.0014,0.1,640123
infiltratinglobularcarcinoma,60,0.3439153439153439,Concrete,0.0014,0.1,640123
other,23,0.4594594594594595,Concrete,0.0014,0.1,640123
infiltratingductalcarcinoma,220,0.679214402618658,Concrete,0.0014,0.1,640124
infiltratinglobularcarcinoma,60,0.5079365079365079,Concrete,0.0014,0.1,640124
other,23,0.5945945945945946,Concrete,0.0014,0.1,640124
infiltratingductalcarcinoma,220,0.6127659574468085,Concrete,0.0014,0.1,640125
infiltratinglobularcarcinoma,60,0.3439153439153439,Concrete,0.0014,0.1,640125
other,23,0.4864864864864865,Concrete,0.0014,0.1,640125
infiltratingductalcarcinoma,220,0.6520458265139116,Concrete,0.0014,0.1,640126
infiltratinglobularcarcinoma,60,0.42328042328042326,Concrete,0.0014,0.1,640126
other,23,0.6756756756756757,Concrete,0.0014,0.1,640126
infiltratingductalcarcinoma,220,0.6746317512274959,Concrete,0.0014,0.1,640127
infiltratinglobularcarcinoma,60,0.48148148148148145,Concrete,0.0014,0.1,640127
other,23,0.5405405405405406,Concrete,0.0014,0.1,640127
infiltratingductalcarcinoma,220,0.48707037643207857,Concrete,0.0014,0.1,640128
infiltratinglobularcarcinoma,60,0.42857142857142855,Concrete,0.0014,0.1,640128
other,23,0.8648648648648649,Concrete,0.0014,0.1,640128
infiltratingductalcarcinoma,220,0.5993453355155482,Concrete,0.0014,0.1,640129
infiltratinglobularcarcinoma,60,0.38095238095238093,Concrete,0.0014,0.1,640129
other,23,0.40540540540540543,Concrete,0.0014,0.1,640129
infiltratingductalcarcinoma,220,0.6448445171849427,Concrete,0.0014,0.1,640130
infiltratinglobularcarcinoma,60,0.4074074074074074,Concrete,0.0014,0.1,640130
other,23,0.5675675675675675,Concrete,0.0014,0.1,640130
infiltratingductalcarcinoma,220,0.5963993453355155,Concrete,0.0014,0.1,640131
infiltratinglobularcarcinoma,60,0.43386243386243384,Concrete,0.0014,0.1,640131
other,23,0.40540540540540543,Concrete,0.0014,0.1,640131
infiltratingductalcarcinoma,220,0.5659574468085107,Concrete,0.0014,0.1,640132
infiltratinglobularcarcinoma,60,0.6349206349206349,Concrete,0.0014,0.1,640132
other,23,0.5945945945945946,Concrete,0.0014,0.1,640132
infiltratingductalcarcinoma,220,0.6481178396072013,Concrete,0.0012,0.1,650123
infiltratinglobularcarcinoma,60,0.4708994708994709,Concrete,0.0012,0.1,650123
other,23,0.5135135135135135,Concrete,0.0012,0.1,650123
infiltratingductalcarcinoma,220,0.5797054009819967,Concrete,0.0012,0.1,650124
infiltratinglobularcarcinoma,60,0.43386243386243384,Concrete,0.0012,0.1,650124
other,23,0.40540540540540543,Concrete,0.0012,0.1,650124
infiltratingductalcarcinoma,220,0.6749590834697218,Concrete,0.0012,0.1,650125
infiltratinglobularcarcinoma,60,0.6984126984126984,Concrete,0.0012,0.1,650125
other,23,0.5675675675675675,Concrete,0.0012,0.1,650125
infiltratingductalcarcinoma,220,0.581505728314239,Concrete,0.0012,0.1,650126
infiltratinglobularcarcinoma,60,0.6349206349206349,Concrete,0.0012,0.1,650126
other,23,0.6756756756756757,Concrete,0.0012,0.1,650126
infiltratingductalcarcinoma,220,0.6019639934533552,Concrete,0.0012,0.1,650127
infiltratinglobularcarcinoma,60,0.544973544973545,Concrete,0.0012,0.1,650127
other,23,0.5135135135135135,Concrete,0.0012,0.1,650127
infiltratingductalcarcinoma,220,0.5126022913256956,Concrete,0.0012,0.1,650128
infiltratinglobularcarcinoma,60,0.43386243386243384,Concrete,0.0012,0.1,650128
other,23,0.4594594594594595,Concrete,0.0012,0.1,650128
infiltratingductalcarcinoma,220,0.6238952536824878,Concrete,0.0012,0.1,650129
infiltratinglobularcarcinoma,60,0.4656084656084656,Concrete,0.0012,0.1,650129
other,23,0.4864864864864865,Concrete,0.0012,0.1,650129
infiltratingductalcarcinoma,220,0.4972176759410802,Concrete,0.0012,0.1,650130
infiltratinglobularcarcinoma,60,0.4973544973544973,Concrete,0.0012,0.1,650130
other,23,0.5135135135135135,Concrete,0.0012,0.1,650130
infiltratingductalcarcinoma,220,0.6238952536824878,Concrete,0.0012,0.1,650131
infiltratinglobularcarcinoma,60,0.5132275132275133,Concrete,0.0012,0.1,650131
other,23,0.5945945945945946,Concrete,0.0012,0.1,650131
infiltratingductalcarcinoma,220,0.5443535188216039,Concrete,0.0012,0.1,650132
infiltratinglobularcarcinoma,60,0.3862433862433862,Concrete,0.0012,0.1,650132
other,23,0.6486486486486487,Concrete,0.0012,0.1,650132
infiltratingductalcarcinoma,220,0.5194762684124387,Concrete,0.003,0.2,660123
infiltratinglobularcarcinoma,60,0.5185185185185185,Concrete,0.003,0.2,660123
other,23,0.35135135135135137,Concrete,0.003,0.2,660123
infiltratingductalcarcinoma,220,0.5774140752864158,Concrete,0.003,0.2,660124
infiltratinglobularcarcinoma,60,0.4074074074074074,Concrete,0.003,0.2,660124
other,23,0.5675675675675675,Concrete,0.003,0.2,660124
infiltratingductalcarcinoma,220,0.5895253682487726,Concrete,0.003,0.2,660125
infiltratinglobularcarcinoma,60,0.5661375661375662,Concrete,0.003,0.2,660125
other,23,0.4864864864864865,Concrete,0.003,0.2,660125
infiltratingductalcarcinoma,220,0.6291325695581015,Concrete,0.003,0.2,660126
infiltratinglobularcarcinoma,60,0.42857142857142855,Concrete,0.003,0.2,660126
other,23,0.5135135135135135,Concrete,0.003,0.2,660126
infiltratingductalcarcinoma,220,0.5806873977086743,Concrete,0.003,0.2,660127
infiltratinglobularcarcinoma,60,0.6031746031746031,Concrete,0.003,0.2,660127
other,23,0.43243243243243246,Concrete,0.003,0.2,660127
infiltratingductalcarcinoma,220,0.6150572831423895,Concrete,0.003,0.2,660128
infiltratinglobularcarcinoma,60,0.43915343915343913,Concrete,0.003,0.2,660128
other,23,0.32432432432432434,Concrete,0.003,0.2,660128
infiltratingductalcarcinoma,220,0.5924713584288053,Concrete,0.003,0.2,660129
infiltratinglobularcarcinoma,60,0.4603174603174603,Concrete,0.003,0.2,660129
other,23,0.7027027027027027,Concrete,0.003,0.2,660129
infiltratingductalcarcinoma,220,0.6507364975450082,Concrete,0.003,0.2,660130
infiltratinglobularcarcinoma,60,0.4021164021164021,Concrete,0.003,0.2,660130
other,23,0.5135135135135135,Concrete,0.003,0.2,660130
infiltratingductalcarcinoma,220,0.5993453355155482,Concrete,0.003,0.2,660131
infiltratinglobularcarcinoma,60,0.42328042328042326,Concrete,0.003,0.2,660131
other,23,0.4864864864864865,Concrete,0.003,0.2,660131
infiltratingductalcarcinoma,220,0.7034369885433716,Concrete,0.003,0.2,660132
infiltratinglobularcarcinoma,60,0.6084656084656085,Concrete,0.003,0.2,660132
other,23,0.5675675675675675,Concrete,0.003,0.2,660132
infiltratingductalcarcinoma,220,0.5927986906710311,Concrete,0.0022,0.2,670123
infiltratinglobularcarcinoma,60,0.5238095238095238,Concrete,0.0022,0.2,670123
other,23,0.5945945945945946,Concrete,0.0022,0.2,670123
infiltratingductalcarcinoma,220,0.6795417348608838,Concrete,0.0022,0.2,670124
infiltratinglobularcarcinoma,60,0.5079365079365079,Concrete,0.0022,0.2,670124
other,23,0.4594594594594595,Concrete,0.0022,0.2,670124
infiltratingductalcarcinoma,220,0.583633387888707,Concrete,0.0022,0.2,670125
infiltratinglobularcarcinoma,60,0.5238095238095238,Concrete,0.0022,0.2,670125
other,23,0.4594594594594595,Concrete,0.0022,0.2,670125
infiltratingductalcarcinoma,220,0.6219312602291326,Concrete,0.0022,0.2,670126
infiltratinglobularcarcinoma,60,0.5238095238095238,Concrete,0.0022,0.2,670126
other,23,0.5135135135135135,Concrete,0.0022,0.2,670126
infiltratingductalcarcinoma,220,0.6052373158756138,Concrete,0.0022,0.2,670127
infiltratinglobularcarcinoma,60,0.5291005291005291,Concrete,0.0022,0.2,670127
other,23,0.6216216216216216,Concrete,0.0022,0.2,670127
infiltratingductalcarcinoma,220,0.5656301145662848,Concrete,0.0022,0.2,670128
infiltratinglobularcarcinoma,60,0.5396825396825397,Concrete,0.0022,0.2,670128
other,23,0.5135135135135135,Concrete,0.0022,0.2,670128
infiltratingductalcarcinoma,220,0.6317512274959084,Concrete,0.0022,0.2,670129
infiltratinglobularcarcinoma,60,0.4973544973544973,Concrete,0.0022,0.2,670129
other,23,0.5405405405405406,Concrete,0.0022,0.2,670129
infiltratingductalcarcinoma,220,0.6458265139116203,Concrete,0.0022,0.2,670130
infiltratinglobularcarcinoma,60,0.6243386243386243,Concrete,0.0022,0.2,670130
other,23,0.5945945945945946,Concrete,0.0022,0.2,670130
infiltratingductalcarcinoma,220,0.6834697217675941,Concrete,0.0022,0.2,670131
infiltratinglobularcarcinoma,60,0.5714285714285714,Concrete,0.0022,0.2,670131
other,23,0.4594594594594595,Concrete,0.0022,0.2,670131
infiltratingductalcarcinoma,220,0.6353518821603928,Concrete,0.0022,0.2,670132
infiltratinglobularcarcinoma,60,0.6402116402116402,Concrete,0.0022,0.2,670132
other,23,0.6216216216216216,Concrete,0.0022,0.2,670132
infiltratingductalcarcinoma,220,0.5528641571194762,Concrete,0.0018,0.2,680123
infiltratinglobularcarcinoma,60,0.48148148148148145,Concrete,0.0018,0.2,680123
other,23,0.6756756756756757,Concrete,0.0018,0.2,680123
infiltratingductalcarcinoma,220,0.49918166939443537,Concrete,0.0018,0.2,680124
infiltratinglobularcarcinoma,60,0.3968253968253968,Concrete,0.0018,0.2,680124
other,23,0.5945945945945946,Concrete,0.0018,0.2,680124
infiltratingductalcarcinoma,220,0.6134206219312602,Concrete,0.0018,0.2,680125
infiltratinglobularcarcinoma,60,0.4444444444444444,Concrete,0.0018,0.2,680125
other,23,0.5945945945945946,Concrete,0.0018,0.2,680125
infiltratingductalcarcinoma,220,0.5094926350245499,Concrete,0.0018,0.2,680126
infiltratinglobularcarcinoma,60,0.36772486772486773,Concrete,0.0018,0.2,680126
other,23,0.5135135135135135,Concrete,0.0018,0.2,680126
infiltratingductalcarcinoma,220,0.5757774140752864,Concrete,0.0018,0.2,680127
infiltratinglobularcarcinoma,60,0.4656084656084656,Concrete,0.0018,0.2,680127
other,23,0.32432432432432434,Concrete,0.0018,0.2,680127
infiltratingductalcarcinoma,220,0.5181669394435352,Concrete,0.0018,0.2,680128
infiltratinglobularcarcinoma,60,0.328042328042328,Concrete,0.0018,0.2,680128
other,23,0.5135135135135135,Concrete,0.0018,0.2,680128
infiltratingductalcarcinoma,220,0.47332242225859245,Concrete,0.0018,0.2,680129
infiltratinglobularcarcinoma,60,0.6243386243386243,Concrete,0.0018,0.2,680129
other,23,0.6216216216216216,Concrete,0.0018,0.2,680129
infiltratingductalcarcinoma,220,0.6225859247135843,Concrete,0.0018,0.2,680130
infiltratinglobularcarcinoma,60,0.582010582010582,Concrete,0.0018,0.2,680130
other,23,0.5675675675675675,Concrete,0.0018,0.2,680130
infiltratingductalcarcinoma,220,0.6693944353518821,Concrete,0.0018,0.2,680131
infiltratinglobularcarcinoma,60,0.47619047619047616,Concrete,0.0018,0.2,680131
other,23,0.40540540540540543,Concrete,0.0018,0.2,680131
infiltratingductalcarcinoma,220,0.5869067103109656,Concrete,0.0018,0.2,680132
infiltratinglobularcarcinoma,60,0.5238095238095238,Concrete,0.0018,0.2,680132
other,23,0.6216216216216216,Concrete,0.0018,0.2,680132
infiltratingductalcarcinoma,220,0.5659574468085107,Concrete,0.0014,0.2,690123
infiltratinglobularcarcinoma,60,0.6825396825396826,Concrete,0.0014,0.2,690123
other,23,0.5675675675675675,Concrete,0.0014,0.2,690123
infiltratingductalcarcinoma,220,0.5669394435351882,Concrete,0.0014,0.2,690124
infiltratinglobularcarcinoma,60,0.5767195767195767,Concrete,0.0014,0.2,690124
other,23,0.35135135135135137,Concrete,0.0014,0.2,690124
infiltratingductalcarcinoma,220,0.5891980360065466,Concrete,0.0014,0.2,690125
infiltratinglobularcarcinoma,60,0.5343915343915344,Concrete,0.0014,0.2,690125
other,23,0.40540540540540543,Concrete,0.0014,0.2,690125
infiltratingductalcarcinoma,220,0.5851063829787234,Concrete,0.0014,0.2,690126
infiltratinglobularcarcinoma,60,0.5925925925925926,Concrete,0.0014,0.2,690126
other,23,0.5675675675675675,Concrete,0.0014,0.2,690126
infiltratingductalcarcinoma,220,0.6877250409165303,Concrete,0.0014,0.2,690127
infiltratinglobularcarcinoma,60,0.5978835978835979,Concrete,0.0014,0.2,690127
other,23,0.5945945945945946,Concrete,0.0014,0.2,690127
infiltratingductalcarcinoma,220,0.648772504091653,Concrete,0.0014,0.2,690128
infiltratinglobularcarcinoma,60,0.5502645502645502,Concrete,0.0014,0.2,690128
other,23,0.3783783783783784,Concrete,0.0014,0.2,690128
infiltratingductalcarcinoma,220,0.6258592471358428,Concrete,0.0014,0.2,690129
infiltratinglobularcarcinoma,60,0.5555555555555556,Concrete,0.0014,0.2,690129
other,23,0.5945945945945946,Concrete,0.0014,0.2,690129
infiltratingductalcarcinoma,220,0.5764320785597381,Concrete,0.0014,0.2,690130
infiltratinglobularcarcinoma,60,0.43386243386243384,Concrete,0.0014,0.2,690130
other,23,0.4864864864864865,Concrete,0.0014,0.2,690130
infiltratingductalcarcinoma,220,0.5361702127659574,Concrete,0.0014,0.2,690131
infiltratinglobularcarcinoma,60,0.6031746031746031,Concrete,0.0014,0.2,690131
other,23,0.5135135135135135,Concrete,0.0014,0.2,690131
infiltratingductalcarcinoma,220,0.6638297872340425,Concrete,0.0014,0.2,690132
infiltratinglobularcarcinoma,60,0.4497354497354497,Concrete,0.0014,0.2,690132
other,23,0.5945945945945946,Concrete,0.0014,0.2,690132
infiltratingductalcarcinoma,220,0.5096563011456628,Concrete,0.0012,0.2,700123
infiltratinglobularcarcinoma,60,0.4603174603174603,Concrete,0.0012,0.2,700123
other,23,0.5405405405405406,Concrete,0.0012,0.2,700123
infiltratingductalcarcinoma,220,0.502127659574468,Concrete,0.0012,0.2,700124
infiltratinglobularcarcinoma,60,0.5264550264550265,Concrete,0.0012,0.2,700124
other,23,0.33783783783783783,Concrete,0.0012,0.2,700124
infiltratingductalcarcinoma,220,0.6160392798690671,Concrete,0.0012,0.2,700125
infiltratinglobularcarcinoma,60,0.4444444444444444,Concrete,0.0012,0.2,700125
other,23,0.4594594594594595,Concrete,0.0012,0.2,700125
infiltratingductalcarcinoma,220,0.6180032733224222,Concrete,0.0012,0.2,700126
infiltratinglobularcarcinoma,60,0.4656084656084656,Concrete,0.0012,0.2,700126
other,23,0.7027027027027027,Concrete,0.0012,0.2,700126
infiltratingductalcarcinoma,220,0.6909983633387888,Concrete,0.0012,0.2,700127
infiltratinglobularcarcinoma,60,0.4708994708994709,Concrete,0.0012,0.2,700127
other,23,0.6486486486486487,Concrete,0.0012,0.2,700127
infiltratingductalcarcinoma,220,0.5718494271685761,Concrete,0.0012,0.2,700128
infiltratinglobularcarcinoma,60,0.48148148148148145,Concrete,0.0012,0.2,700128
other,23,0.5135135135135135,Concrete,0.0012,0.2,700128
infiltratingductalcarcinoma,220,0.6026186579378069,Concrete,0.0012,0.2,700129
infiltratinglobularcarcinoma,60,0.49206349206349204,Concrete,0.0012,0.2,700129
other,23,0.5135135135135135,Concrete,0.0012,0.2,700129
infiltratingductalcarcinoma,220,0.5738134206219313,Concrete,0.0012,0.2,700130
infiltratinglobularcarcinoma,60,0.48677248677248675,Concrete,0.0012,0.2,700130
other,23,0.4864864864864865,Concrete,0.0012,0.2,700130
infiltratingductalcarcinoma,220,0.5852700490998364,Concrete,0.0012,0.2,700131
infiltratinglobularcarcinoma,60,0.5767195767195767,Concrete,0.0012,0.2,700131
other,23,0.5405405405405406,Concrete,0.0012,0.2,700131
infiltratingductalcarcinoma,220,0.648772504091653,Concrete,0.0012,0.2,700132
infiltratinglobularcarcinoma,60,0.6296296296296297,Concrete,0.0012,0.2,700132
other,23,0.5135135135135135,Concrete,0.0012,0.2,700132
infiltratingductalcarcinoma,220,0.6,Concrete,0.003,0.4,710123
infiltratinglobularcarcinoma,60,0.42857142857142855,Concrete,0.003,0.4,710123
other,23,0.6216216216216216,Concrete,0.003,0.4,710123
infiltratingductalcarcinoma,220,0.45990180032733224,Concrete,0.003,0.4,710124
infiltratinglobularcarcinoma,60,0.5555555555555556,Concrete,0.003,0.4,710124
other,23,0.4594594594594595,Concrete,0.003,0.4,710124
infiltratingductalcarcinoma,220,0.5387888707037644,Concrete,0.003,0.4,710125
infiltratinglobularcarcinoma,60,0.42857142857142855,Concrete,0.003,0.4,710125
other,23,0.5405405405405406,Concrete,0.003,0.4,710125
infiltratingductalcarcinoma,220,0.6900163666121113,Concrete,0.003,0.4,710126
infiltratinglobularcarcinoma,60,0.38095238095238093,Concrete,0.003,0.4,710126
other,23,0.4594594594594595,Concrete,0.003,0.4,710126
infiltratingductalcarcinoma,220,0.5702127659574469,Concrete,0.003,0.4,710127
infiltratinglobularcarcinoma,60,0.49206349206349204,Concrete,0.003,0.4,710127
other,23,0.5675675675675675,Concrete,0.003,0.4,710127
infiltratingductalcarcinoma,220,0.5859247135842881,Concrete,0.003,0.4,710128
infiltratinglobularcarcinoma,60,0.5396825396825397,Concrete,0.003,0.4,710128
other,23,0.3783783783783784,Concrete,0.003,0.4,710128
infiltratingductalcarcinoma,220,0.6386252045826514,Concrete,0.003,0.4,710129
infiltratinglobularcarcinoma,60,0.4444444444444444,Concrete,0.003,0.4,710129
other,23,0.5135135135135135,Concrete,0.003,0.4,710129
infiltratingductalcarcinoma,220,0.6484451718494272,Concrete,0.003,0.4,710130
infiltratinglobularcarcinoma,60,0.4603174603174603,Concrete,0.003,0.4,710130
other,23,0.5675675675675675,Concrete,0.003,0.4,710130
infiltratingductalcarcinoma,220,0.6058919803600654,Concrete,0.003,0.4,710131
infiltratinglobularcarcinoma,60,0.582010582010582,Concrete,0.003,0.4,710131
other,23,0.4594594594594595,Concrete,0.003,0.4,710131
infiltratingductalcarcinoma,220,0.6422258592471358,Concrete,0.003,0.4,710132
infiltratinglobularcarcinoma,60,0.4444444444444444,Concrete,0.003,0.4,710132
other,23,0.4594594594594595,Concrete,0.003,0.4,710132
infiltratingductalcarcinoma,220,0.5322422258592472,Concrete,0.0022,0.4,720123
infiltratinglobularcarcinoma,60,0.5396825396825397,Concrete,0.0022,0.4,720123
other,23,0.6486486486486487,Concrete,0.0022,0.4,720123
infiltratingductalcarcinoma,220,0.6795417348608838,Concrete,0.0022,0.4,720124
infiltratinglobularcarcinoma,60,0.3492063492063492,Concrete,0.0022,0.4,720124
other,23,0.6216216216216216,Concrete,0.0022,0.4,720124
infiltratingductalcarcinoma,220,0.6055646481178396,Concrete,0.0022,0.4,720125
infiltratinglobularcarcinoma,60,0.5925925925925926,Concrete,0.0022,0.4,720125
other,23,0.5405405405405406,Concrete,0.0022,0.4,720125
infiltratingductalcarcinoma,220,0.5921440261865794,Concrete,0.0022,0.4,720126
infiltratinglobularcarcinoma,60,0.6349206349206349,Concrete,0.0022,0.4,720126
other,23,0.43243243243243246,Concrete,0.0022,0.4,720126
infiltratingductalcarcinoma,220,0.6072013093289689,Concrete,0.0022,0.4,720127
infiltratinglobularcarcinoma,60,0.3968253968253968,Concrete,0.0022,0.4,720127
other,23,0.5405405405405406,Concrete,0.0022,0.4,720127
infiltratingductalcarcinoma,220,0.6250409165302783,Concrete,0.0022,0.4,720128
infiltratinglobularcarcinoma,60,0.40476190476190477,Concrete,0.0022,0.4,720128
other,23,0.47297297297297297,Concrete,0.0022,0.4,720128
infiltratingductalcarcinoma,220,0.502454991816694,Concrete,0.0022,0.4,720129
infiltratinglobularcarcinoma,60,0.5026455026455027,Concrete,0.0022,0.4,720129
other,23,0.5135135135135135,Concrete,0.0022,0.4,720129
infiltratingductalcarcinoma,220,0.6026186579378069,Concrete,0.0022,0.4,720130
infiltratinglobularcarcinoma,60,0.671957671957672,Concrete,0.0022,0.4,720130
other,23,0.5135135135135135,Concrete,0.0022,0.4,720130
infiltratingductalcarcinoma,220,0.6382978723404256,Concrete,0.0022,0.4,720131
infiltratinglobularcarcinoma,60,0.42857142857142855,Concrete,0.0022,0.4,720131
other,23,0.5945945945945946,Concrete,0.0022,0.4,720131
infiltratingductalcarcinoma,220,0.5705400981996727,Concrete,0.0022,0.4,720132
infiltratinglobularcarcinoma,60,0.42857142857142855,Concrete,0.0022,0.4,720132
other,23,0.5135135135135135,Concrete,0.0022,0.4,720132
infiltratingductalcarcinoma,220,0.6612111292962357,Concrete,0.0018,0.4,730123
infiltratinglobularcarcinoma,60,0.30687830687830686,Concrete,0.0018,0.4,730123
other,23,0.43243243243243246,Concrete,0.0018,0.4,730123
infiltratingductalcarcinoma,220,0.5950900163666121,Concrete,0.0018,0.4,730124
infiltratinglobularcarcinoma,60,0.2698412698412698,Concrete,0.0018,0.4,730124
other,23,0.5405405405405406,Concrete,0.0018,0.4,730124
infiltratingductalcarcinoma,220,0.5404255319148936,Concrete,0.0018,0.4,730125
infiltratinglobularcarcinoma,60,0.5978835978835979,Concrete,0.0018,0.4,730125
other,23,0.4864864864864865,Concrete,0.0018,0.4,730125
infiltratingductalcarcinoma,220,0.5708674304418986,Concrete,0.0018,0.4,730126
infiltratinglobularcarcinoma,60,0.48677248677248675,Concrete,0.0018,0.4,730126
other,23,0.40540540540540543,Concrete,0.0018,0.4,730126
infiltratingductalcarcinoma,220,0.5607201309328969,Concrete,0.0018,0.4,730127
infiltratinglobularcarcinoma,60,0.38095238095238093,Concrete,0.0018,0.4,730127
other,23,0.4594594594594595,Concrete,0.0018,0.4,730127
infiltratingductalcarcinoma,220,0.6428805237315875,Concrete,0.0018,0.4,730128
infiltratinglobularcarcinoma,60,0.25925925925925924,Concrete,0.0018,0.4,730128
other,23,0.6216216216216216,Concrete,0.0018,0.4,730128
infiltratingductalcarcinoma,220,0.6713584288052373,Concrete,0.0018,0.4,730129
infiltratinglobularcarcinoma,60,0.2962962962962963,Concrete,0.0018,0.4,730129
other,23,0.5405405405405406,Concrete,0.0018,0.4,730129
infiltratingductalcarcinoma,220,0.5400981996726678,Concrete,0.0018,0.4,730130
infiltratinglobularcarcinoma,60,0.5343915343915344,Concrete,0.0018,0.4,730130
other,23,0.6486486486486487,Concrete,0.0018,0.4,730130
infiltratingductalcarcinoma,220,0.5765957446808511,Concrete,0.0018,0.4,730131
infiltratinglobularcarcinoma,60,0.49206349206349204,Concrete,0.0018,0.4,730131
other,23,0.527027027027027,Concrete,0.0018,0.4,730131
infiltratingductalcarcinoma,220,0.6664484451718494,Concrete,0.0018,0.4,730132
infiltratinglobularcarcinoma,60,0.4656084656084656,Concrete,0.0018,0.4,730132
other,23,0.24324324324324326,Concrete,0.0018,0.4,730132
infiltratingductalcarcinoma,220,0.563011456628478,Concrete,0.0014,0.4,740123
infiltratinglobularcarcinoma,60,0.41798941798941797,Concrete,0.0014,0.4,740123
other,23,0.4594594594594595,Concrete,0.0014,0.4,740123
infiltratingductalcarcinoma,220,0.6008183306055647,Concrete,0.0014,0.4,740124
infiltratinglobularcarcinoma,60,0.4126984126984127,Concrete,0.0014,0.4,740124
other,23,0.47297297297297297,Concrete,0.0014,0.4,740124
infiltratingductalcarcinoma,220,0.616366612111293,Concrete,0.0014,0.4,740125
infiltratinglobularcarcinoma,60,0.5132275132275133,Concrete,0.0014,0.4,740125
other,23,0.43243243243243246,Concrete,0.0014,0.4,740125
infiltratingductalcarcinoma,220,0.6337152209492635,Concrete,0.0014,0.4,740126
infiltratinglobularcarcinoma,60,0.5608465608465608,Concrete,0.0014,0.4,740126
other,23,0.5405405405405406,Concrete,0.0014,0.4,740126
infiltratingductalcarcinoma,220,0.5207855973813421,Concrete,0.0014,0.4,740127
infiltratinglobularcarcinoma,60,0.455026455026455,Concrete,0.0014,0.4,740127
other,23,0.6486486486486487,Concrete,0.0014,0.4,740127
infiltratingductalcarcinoma,220,0.6405891980360066,Concrete,0.0014,0.4,740128
infiltratinglobularcarcinoma,60,0.6931216931216931,Concrete,0.0014,0.4,740128
other,23,0.7027027027027027,Concrete,0.0014,0.4,740128
infiltratingductalcarcinoma,220,0.5086743044189853,Concrete,0.0014,0.4,740129
infiltratinglobularcarcinoma,60,0.4708994708994709,Concrete,0.0014,0.4,740129
other,23,0.6486486486486487,Concrete,0.0014,0.4,740129
infiltratingductalcarcinoma,220,0.6566284779050736,Concrete,0.0014,0.4,740130
infiltratinglobularcarcinoma,60,0.6878306878306878,Concrete,0.0014,0.4,740130
other,23,0.35135135135135137,Concrete,0.0014,0.4,740130
infiltratingductalcarcinoma,220,0.64189852700491,Concrete,0.0014,0.4,740131
infiltratinglobularcarcinoma,60,0.49206349206349204,Concrete,0.0014,0.4,740131
other,23,0.35135135135135137,Concrete,0.0014,0.4,740131
infiltratingductalcarcinoma,220,0.47692307692307695,Concrete,0.0014,0.4,740132
infiltratinglobularcarcinoma,60,0.5132275132275133,Concrete,0.0014,0.4,740132
other,23,0.4594594594594595,Concrete,0.0014,0.4,740132
infiltratingductalcarcinoma,220,0.5042553191489362,Concrete,0.0012,0.4,750123
infiltratinglobularcarcinoma,60,0.42328042328042326,Concrete,0.0012,0.4,750123
other,23,0.581081081081081,Concrete,0.0012,0.4,750123
infiltratingductalcarcinoma,220,0.5368248772504092,Concrete,0.0012,0.4,750124
infiltratinglobularcarcinoma,60,0.5026455026455027,Concrete,0.0012,0.4,750124
other,23,0.4864864864864865,Concrete,0.0012,0.4,750124
infiltratingductalcarcinoma,220,0.6523731587561374,Concrete,0.0012,0.4,750125
infiltratinglobularcarcinoma,60,0.656084656084656,Concrete,0.0012,0.4,750125
other,23,0.4864864864864865,Concrete,0.0012,0.4,750125
infiltratingductalcarcinoma,220,0.6042553191489362,Concrete,0.0012,0.4,750126
infiltratinglobularcarcinoma,60,0.41798941798941797,Concrete,0.0012,0.4,750126
other,23,0.4864864864864865,Concrete,0.0012,0.4,750126
infiltratingductalcarcinoma,220,0.5895253682487726,Concrete,0.0012,0.4,750127
infiltratinglobularcarcinoma,60,0.42857142857142855,Concrete,0.0012,0.4,750127
other,23,0.40540540540540543,Concrete,0.0012,0.4,750127
infiltratingductalcarcinoma,220,0.46219312602291324,Concrete,0.0012,0.4,750128
infiltratinglobularcarcinoma,60,0.5026455026455027,Concrete,0.0012,0.4,750128
other,23,0.5135135135135135,Concrete,0.0012,0.4,750128
infiltratingductalcarcinoma,220,0.6720130932896891,Concrete,0.0012,0.4,750129
infiltratinglobularcarcinoma,60,0.49206349206349204,Concrete,0.0012,0.4,750129
other,23,0.7567567567567568,Concrete,0.0012,0.4,750129
infiltratingductalcarcinoma,220,0.5366612111292962,Concrete,0.0012,0.4,750130
infiltratinglobularcarcinoma,60,0.4576719576719577,Concrete,0.0012,0.4,750130
other,23,0.36486486486486486,Concrete,0.0012,0.4,750130
infiltratingductalcarcinoma,220,0.6494271685761047,Concrete,0.0012,0.4,750131
infiltratinglobularcarcinoma,60,0.5396825396825397,Concrete,0.0012,0.4,750131
other,23,0.5135135135135135,Concrete,0.0012,0.4,750131
infiltratingductalcarcinoma,220,0.5090016366612111,Concrete,0.0012,0.4,750132
infiltratinglobularcarcinoma,60,0.5158730158730159,Concrete,0.0012,0.4,750132
other,23,0.43243243243243246,Concrete,0.0012,0.4,750132
infiltratingductalcarcinoma,220,0.5738134206219313,Concrete,0.003,0.7,760123
infiltratinglobularcarcinoma,60,0.3968253968253968,Concrete,0.003,0.7,760123
other,23,0.5405405405405406,Concrete,0.003,0.7,760123
infiltratingductalcarcinoma,220,0.5584288052373159,Concrete,0.003,0.7,760124
infiltratinglobularcarcinoma,60,0.5396825396825397,Concrete,0.003,0.7,760124
other,23,0.5405405405405406,Concrete,0.003,0.7,760124
infiltratingductalcarcinoma,220,0.5787234042553191,Concrete,0.003,0.7,760125
infiltratinglobularcarcinoma,60,0.5396825396825397,Concrete,0.003,0.7,760125
other,23,0.2702702702702703,Concrete,0.003,0.7,760125
infiltratingductalcarcinoma,220,0.5754500818330606,Concrete,0.003,0.7,760126
infiltratinglobularcarcinoma,60,0.4126984126984127,Concrete,0.003,0.7,760126
other,23,0.35135135135135137,Concrete,0.003,0.7,760126
infiltratingductalcarcinoma,220,0.6438625204582651,Concrete,0.003,0.7,760127
infiltratinglobularcarcinoma,60,0.6243386243386243,Concrete,0.003,0.7,760127
other,23,0.4864864864864865,Concrete,0.003,0.7,760127
infiltratingductalcarcinoma,220,0.6265139116202946,Concrete,0.003,0.7,760128
infiltratinglobularcarcinoma,60,0.5978835978835979,Concrete,0.003,0.7,760128
other,23,0.6216216216216216,Concrete,0.003,0.7,760128
infiltratingductalcarcinoma,220,0.6284779050736498,Concrete,0.003,0.7,760129
infiltratinglobularcarcinoma,60,0.47619047619047616,Concrete,0.003,0.7,760129
other,23,0.4864864864864865,Concrete,0.003,0.7,760129
infiltratingductalcarcinoma,220,0.6409165302782324,Concrete,0.003,0.7,760130
infiltratinglobularcarcinoma,60,0.656084656084656,Concrete,0.003,0.7,760130
other,23,0.5405405405405406,Concrete,0.003,0.7,760130
infiltratingductalcarcinoma,220,0.6340425531914894,Concrete,0.003,0.7,760131
infiltratinglobularcarcinoma,60,0.5714285714285714,Concrete,0.003,0.7,760131
other,23,0.5945945945945946,Concrete,0.003,0.7,760131
infiltratingductalcarcinoma,220,0.5855973813420622,Concrete,0.003,0.7,760132
infiltratinglobularcarcinoma,60,0.5555555555555556,Concrete,0.003,0.7,760132
other,23,0.5405405405405406,Concrete,0.003,0.7,760132
infiltratingductalcarcinoma,220,0.5754500818330606,Concrete,0.0022,0.7,770123
infiltratinglobularcarcinoma,60,0.5185185185185185,Concrete,0.0022,0.7,770123
other,23,0.4594594594594595,Concrete,0.0022,0.7,770123
infiltratingductalcarcinoma,220,0.5702127659574469,Concrete,0.0022,0.7,770124
infiltratinglobularcarcinoma,60,0.5026455026455027,Concrete,0.0022,0.7,770124
other,23,0.5675675675675675,Concrete,0.0022,0.7,770124
infiltratingductalcarcinoma,220,0.5613747954173486,Concrete,0.0022,0.7,770125
infiltratinglobularcarcinoma,60,0.4656084656084656,Concrete,0.0022,0.7,770125
other,23,0.2972972972972973,Concrete,0.0022,0.7,770125
infiltratingductalcarcinoma,220,0.6183306055646481,Concrete,0.0022,0.7,770126
infiltratinglobularcarcinoma,60,0.3544973544973545,Concrete,0.0022,0.7,770126
other,23,0.6216216216216216,Concrete,0.0022,0.7,770126
infiltratingductalcarcinoma,220,0.6075286415711948,Concrete,0.0022,0.7,770127
infiltratinglobularcarcinoma,60,0.455026455026455,Concrete,0.0022,0.7,770127
other,23,0.5405405405405406,Concrete,0.0022,0.7,770127
infiltratingductalcarcinoma,220,0.49410801963993456,Concrete,0.0022,0.7,770128
infiltratinglobularcarcinoma,60,0.5158730158730159,Concrete,0.0022,0.7,770128
other,23,0.5675675675675675,Concrete,0.0022,0.7,770128
infiltratingductalcarcinoma,220,0.6130932896890343,Concrete,0.0022,0.7,770129
infiltratinglobularcarcinoma,60,0.43915343915343913,Concrete,0.0022,0.7,770129
other,23,0.5135135135135135,Concrete,0.0022,0.7,770129
infiltratingductalcarcinoma,220,0.6517184942716857,Concrete,0.0022,0.7,770130
infiltratinglobularcarcinoma,60,0.5132275132275133,Concrete,0.0022,0.7,770130
other,23,0.6216216216216216,Concrete,0.0022,0.7,770130
infiltratingductalcarcinoma,220,0.630114566284779,Concrete,0.0022,0.7,770131
infiltratinglobularcarcinoma,60,0.5343915343915344,Concrete,0.0022,0.7,770131
other,23,0.5135135135135135,Concrete,0.0022,0.7,770131
infiltratingductalcarcinoma,220,0.5983633387888707,Concrete,0.0022,0.7,770132
infiltratinglobularcarcinoma,60,0.35185185185185186,Concrete,0.0022,0.7,770132
other,23,0.527027027027027,Concrete,0.0022,0.7,770132
infiltratingductalcarcinoma,220,0.6153846153846154,Concrete,0.0018,0.7,780123
infiltratinglobularcarcinoma,60,0.3862433862433862,Concrete,0.0018,0.7,780123
other,23,0.4864864864864865,Concrete,0.0018,0.7,780123
infiltratingductalcarcinoma,220,0.6824877250409165,Concrete,0.0018,0.7,780124
infiltratinglobularcarcinoma,60,0.48148148148148145,Concrete,0.0018,0.7,780124
other,23,0.6756756756756757,Concrete,0.0018,0.7,780124
infiltratingductalcarcinoma,220,0.6723404255319149,Concrete,0.0018,0.7,780125
infiltratinglobularcarcinoma,60,0.5608465608465608,Concrete,0.0018,0.7,780125
other,23,0.6756756756756757,Concrete,0.0018,0.7,780125
infiltratingductalcarcinoma,220,0.6877250409165303,Concrete,0.0018,0.7,780126
infiltratinglobularcarcinoma,60,0.6137566137566137,Concrete,0.0018,0.7,780126
other,23,0.7297297297297297,Concrete,0.0018,0.7,780126
infiltratingductalcarcinoma,220,0.67430441898527,Concrete,0.0018,0.7,780127
infiltratinglobularcarcinoma,60,0.4021164021164021,Concrete,0.0018,0.7,780127
other,23,0.5945945945945946,Concrete,0.0018,0.7,780127
infiltratingductalcarcinoma,220,0.5728314238952537,Concrete,0.0018,0.7,780128
infiltratinglobularcarcinoma,60,0.455026455026455,Concrete,0.0018,0.7,780128
other,23,0.5405405405405406,Concrete,0.0018,0.7,780128
infiltratingductalcarcinoma,220,0.6108019639934533,Concrete,0.0018,0.7,780129
infiltratinglobularcarcinoma,60,0.5873015873015873,Concrete,0.0018,0.7,780129
other,23,0.5675675675675675,Concrete,0.0018,0.7,780129
infiltratingductalcarcinoma,220,0.5427168576104746,Concrete,0.0018,0.7,780130
infiltratinglobularcarcinoma,60,0.4497354497354497,Concrete,0.0018,0.7,780130
other,23,0.3783783783783784,Concrete,0.0018,0.7,780130
infiltratingductalcarcinoma,220,0.555810147299509,Concrete,0.0018,0.7,780131
infiltratinglobularcarcinoma,60,0.6031746031746031,Concrete,0.0018,0.7,780131
other,23,0.6756756756756757,Concrete,0.0018,0.7,780131
infiltratingductalcarcinoma,220,0.6399345335515548,Concrete,0.0018,0.7,780132
infiltratinglobularcarcinoma,60,0.3439153439153439,Concrete,0.0018,0.7,780132
other,23,0.5135135135135135,Concrete,0.0018,0.7,780132
infiltratingductalcarcinoma,220,0.627823240589198,Concrete,0.0014,0.7,790123
infiltratinglobularcarcinoma,60,0.5026455026455027,Concrete,0.0014,0.7,790123
other,23,0.5405405405405406,Concrete,0.0014,0.7,790123
infiltratingductalcarcinoma,220,0.6553191489361702,Concrete,0.0014,0.7,790124
infiltratinglobularcarcinoma,60,0.3544973544973545,Concrete,0.0014,0.7,790124
other,23,0.7027027027027027,Concrete,0.0014,0.7,790124
infiltratingductalcarcinoma,220,0.6782324058919803,Concrete,0.0014,0.7,790125
infiltratinglobularcarcinoma,60,0.42328042328042326,Concrete,0.0014,0.7,790125
other,23,0.5945945945945946,Concrete,0.0014,0.7,790125
infiltratingductalcarcinoma,220,0.6173486088379705,Concrete,0.0014,0.7,790126
infiltratinglobularcarcinoma,60,0.5925925925925926,Concrete,0.0014,0.7,790126
other,23,0.5675675675675675,Concrete,0.0014,0.7,790126
infiltratingductalcarcinoma,220,0.5738134206219313,Concrete,0.0014,0.7,790127
infiltratinglobularcarcinoma,60,0.4444444444444444,Concrete,0.0014,0.7,790127
other,23,0.5945945945945946,Concrete,0.0014,0.7,790127
infiltratingductalcarcinoma,220,0.6998363338788871,Concrete,0.0014,0.7,790128
infiltratinglobularcarcinoma,60,0.455026455026455,Concrete,0.0014,0.7,790128
other,23,0.5675675675675675,Concrete,0.0014,0.7,790128
infiltratingductalcarcinoma,220,0.5368248772504092,Concrete,0.0014,0.7,790129
infiltratinglobularcarcinoma,60,0.5714285714285714,Concrete,0.0014,0.7,790129
other,23,0.4594594594594595,Concrete,0.0014,0.7,790129
infiltratingductalcarcinoma,220,0.6808510638297872,Concrete,0.0014,0.7,790130
infiltratinglobularcarcinoma,60,0.5291005291005291,Concrete,0.0014,0.7,790130
other,23,0.8648648648648649,Concrete,0.0014,0.7,790130
infiltratingductalcarcinoma,220,0.6360065466448446,Concrete,0.0014,0.7,790131
infiltratinglobularcarcinoma,60,0.5238095238095238,Concrete,0.0014,0.7,790131
other,23,0.5135135135135135,Concrete,0.0014,0.7,790131
infiltratingductalcarcinoma,220,0.5469721767594108,Concrete,0.0014,0.7,790132
infiltratinglobularcarcinoma,60,0.5079365079365079,Concrete,0.0014,0.7,790132
other,23,0.5945945945945946,Concrete,0.0014,0.7,790132
infiltratingductalcarcinoma,220,0.5761047463175123,Concrete,0.0012,0.7,800123
infiltratinglobularcarcinoma,60,0.5291005291005291,Concrete,0.0012,0.7,800123
other,23,0.5135135135135135,Concrete,0.0012,0.7,800123
infiltratingductalcarcinoma,220,0.5705400981996727,Concrete,0.0012,0.7,800124
infiltratinglobularcarcinoma,60,0.5343915343915344,Concrete,0.0012,0.7,800124
other,23,0.43243243243243246,Concrete,0.0012,0.7,800124
infiltratingductalcarcinoma,220,0.5252045826513911,Concrete,0.0012,0.7,800125
infiltratinglobularcarcinoma,60,0.5052910052910053,Concrete,0.0012,0.7,800125
other,23,0.43243243243243246,Concrete,0.0012,0.7,800125
infiltratingductalcarcinoma,220,0.5495908346972177,Concrete,0.0012,0.7,800126
infiltratinglobularcarcinoma,60,0.4021164021164021,Concrete,0.0012,0.7,800126
other,23,0.6216216216216216,Concrete,0.0012,0.7,800126
infiltratingductalcarcinoma,220,0.5793780687397708,Concrete,0.0012,0.7,800127
infiltratinglobularcarcinoma,60,0.5555555555555556,Concrete,0.0012,0.7,800127
other,23,0.35135135135135137,Concrete,0.0012,0.7,800127
infiltratingductalcarcinoma,220,0.5551554828150573,Concrete,0.0012,0.7,800128
infiltratinglobularcarcinoma,60,0.47354497354497355,Concrete,0.0012,0.7,800128
other,23,0.4594594594594595,Concrete,0.0012,0.7,800128
infiltratingductalcarcinoma,220,0.6091653027823241,Concrete,0.0012,0.7,800129
infiltratinglobularcarcinoma,60,0.4021164021164021,Concrete,0.0012,0.7,800129
other,23,0.6216216216216216,Concrete,0.0012,0.7,800129
infiltratingductalcarcinoma,220,0.5011456628477905,Concrete,0.0012,0.7,800130
infiltratinglobularcarcinoma,60,0.5396825396825397,Concrete,0.0012,0.7,800130
other,23,0.6486486486486487,Concrete,0.0012,0.7,800130
infiltratingductalcarcinoma,220,0.6612111292962357,Concrete,0.0012,0.7,800131
infiltratinglobularcarcinoma,60,0.6666666666666666,Concrete,0.0012,0.7,800131
other,23,0.6486486486486487,Concrete,0.0012,0.7,800131
infiltratingductalcarcinoma,220,0.5692307692307692,Concrete,0.0012,0.7,800132
infiltratinglobularcarcinoma,60,0.4656084656084656,Concrete,0.0012,0.7,800132
other,23,0.5405405405405406,Concrete,0.0012,0.7,800132
