histology,n_test,cindex,model_family,gate_sigma,lambda_sparse,lambda_sample_smooth,seed
infiltratingductalcarcinoma,220,0.6500818330605564,LSPIN,0.15,0.014,0.1,10123
infiltratinglobularcarcinoma,60,0.4603174603174603,LSPIN,0.15,0.014,0.1,10123
other,23,0.5675675675675675,LSPIN,0.15,0.014,0.1,10123
infiltratingductalcarcinoma,220,0.5692307692307692,LSPIN,0.15,0.014,0.1,10124
infiltratinglobularcarcinoma,60,0.5767195767195767,LSPIN,0.15,0.014,0.1,10124
other,23,0.4594594594594595,LSPIN,0.15,0.014,0.1,10124
infiltratingductalcarcinoma,220,0.6657937806873977,LSPIN,0.15,0.014,0.1,10125
infiltratinglobularcarcinoma,60,0.4021164021164021,LSPIN,0.15,0.014,0.1,10125
other,23,0.5945945945945946,LSPIN,0.15,0.014,0.1,10125
infiltratingductalcarcinoma,220,0.5937806873977087,LSPIN,0.15,0.0105,0.1,50123
infiltratinglobularcarcinoma,60,0.4391534391534391,LSPIN,0.15,0.0105,0.1,50123
other,23,0.5135135135135135,LSPIN,0.15,0.0105,0.1,50123
infiltratingductalcarcinoma,220,0.5941080196399345,LSPIN,0.15,0.0105,0.1,50124
infiltratinglobularcarcinoma,60,0.5555555555555556,LSPIN,0.15,0.0105,0.1,50124
other,23,0.4594594594594595,LSPIN,0.15,0.0105,0.1,50124
infiltratingductalcarcinoma,220,0.5711947626841244,LSPIN,0.15,0.0105,0.1,50125
infiltratinglobularcarcinoma,60,0.544973544973545,LSPIN,0.15,0.0105,0.1,50125
other,23,0.4594594594594595,LSPIN,0.15,0.0105,0.1,50125
infiltratingductalcarcinoma,220,0.5191489361702127,LSPIN,0.15,0.00875,0.1,90123
infiltratinglobularcarcinoma,60,0.4761904761904761,LSPIN,0.15,0.00875,0.1,90123
other,23,0.4864864864864865,LSPIN,0.15,0.00875,0.1,90123
infiltratingductalcarcinoma,220,0.5970540098199673,LSPIN,0.15,0.00875,0.1,90124
infiltratinglobularcarcinoma,60,0.6137566137566137,LSPIN,0.15,0.00875,0.1,90124
other,23,0.4054054054054054,LSPIN,0.15,0.00875,0.1,90124
infiltratingductalcarcinoma,220,0.6340425531914894,LSPIN,0.15,0.00875,0.1,90125
infiltratinglobularcarcinoma,60,0.5185185185185185,LSPIN,0.15,0.00875,0.1,90125
other,23,0.5945945945945946,LSPIN,0.15,0.00875,0.1,90125
infiltratingductalcarcinoma,220,0.611456628477905,LSPIN,0.15,0.007,0.1,130123
infiltratinglobularcarcinoma,60,0.492063492063492,LSPIN,0.15,0.007,0.1,130123
other,23,0.5405405405405406,LSPIN,0.15,0.007,0.1,130123
infiltratingductalcarcinoma,220,0.5950900163666121,LSPIN,0.15,0.007,0.1,130124
infiltratinglobularcarcinoma,60,0.4497354497354497,LSPIN,0.15,0.007,0.1,130124
other,23,0.5135135135135135,LSPIN,0.15,0.007,0.1,130124
infiltratingductalcarcinoma,220,0.6202945990180033,LSPIN,0.15,0.007,0.1,130125
infiltratinglobularcarcinoma,60,0.5079365079365079,LSPIN,0.15,0.007,0.1,130125
other,23,0.5135135135135135,LSPIN,0.15,0.007,0.1,130125
infiltratingductalcarcinoma,220,0.6121112929623568,LSPIN,0.15,0.00525,0.1,170123
infiltratinglobularcarcinoma,60,0.5661375661375662,LSPIN,0.15,0.00525,0.1,170123
other,23,0.4324324324324324,LSPIN,0.15,0.00525,0.1,170123
infiltratingductalcarcinoma,220,0.6147299509001637,LSPIN,0.15,0.00525,0.1,170124
infiltratinglobularcarcinoma,60,0.5396825396825397,LSPIN,0.15,0.00525,0.1,170124
other,23,0.5135135135135135,LSPIN,0.15,0.00525,0.1,170124
infiltratingductalcarcinoma,220,0.628150572831424,LSPIN,0.15,0.00525,0.1,170125
infiltratinglobularcarcinoma,60,0.5185185185185185,LSPIN,0.15,0.00525,0.1,170125
other,23,0.5675675675675675,LSPIN,0.15,0.00525,0.1,170125
infiltratingductalcarcinoma,220,0.6409165302782324,LSPIN,0.12,0.014,0.1,210123
infiltratinglobularcarcinoma,60,0.582010582010582,LSPIN,0.12,0.014,0.1,210123
other,23,0.5675675675675675,LSPIN,0.12,0.014,0.1,210123
infiltratingductalcarcinoma,220,0.5322422258592472,LSPIN,0.12,0.014,0.1,210124
infiltratinglobularcarcinoma,60,0.5238095238095238,LSPIN,0.12,0.014,0.1,210124
other,23,0.7027027027027027,LSPIN,0.12,0.014,0.1,210124
infiltratingductalcarcinoma,220,0.6127659574468085,LSPIN,0.12,0.014,0.1,210125
infiltratinglobularcarcinoma,60,0.5925925925925926,LSPIN,0.12,0.014,0.1,210125
other,23,0.5675675675675675,LSPIN,0.12,0.014,0.1,210125
infiltratingductalcarcinoma,220,0.5397708674304419,LSPIN,0.12,0.0105,0.1,250123
infiltratinglobularcarcinoma,60,0.4867724867724867,LSPIN,0.12,0.0105,0.1,250123
other,23,0.5675675675675675,LSPIN,0.12,0.0105,0.1,250123
infiltratingductalcarcinoma,220,0.6098199672667758,LSPIN,0.12,0.0105,0.1,250124
infiltratinglobularcarcinoma,60,0.6137566137566137,LSPIN,0.12,0.0105,0.1,250124
other,23,0.4864864864864865,LSPIN,0.12,0.0105,0.1,250124
infiltratingductalcarcinoma,220,0.6068739770867431,LSPIN,0.12,0.0105,0.1,250125
infiltratinglobularcarcinoma,60,0.4656084656084656,LSPIN,0.12,0.0105,0.1,250125
other,23,0.5135135135135135,LSPIN,0.12,0.0105,0.1,250125
infiltratingductalcarcinoma,220,0.5472995090016367,LSPIN,0.12,0.00875,0.1,290123
infiltratinglobularcarcinoma,60,0.6507936507936508,LSPIN,0.12,0.00875,0.1,290123
other,23,0.6216216216216216,LSPIN,0.12,0.00875,0.1,290123
infiltratingductalcarcinoma,220,0.5450081833060556,LSPIN,0.12,0.00875,0.1,290124
infiltratinglobularcarcinoma,60,0.5079365079365079,LSPIN,0.12,0.00875,0.1,290124
other,23,0.3513513513513513,LSPIN,0.12,0.00875,0.1,290124
infiltratingductalcarcinoma,220,0.5482815057283142,LSPIN,0.12,0.00875,0.1,290125
infiltratinglobularcarcinoma,60,0.5661375661375662,LSPIN,0.12,0.00875,0.1,290125
other,23,0.3783783783783784,LSPIN,0.12,0.00875,0.1,290125
infiltratingductalcarcinoma,220,0.5914893617021276,LSPIN,0.12,0.007,0.1,330123
infiltratinglobularcarcinoma,60,0.582010582010582,LSPIN,0.12,0.007,0.1,330123
other,23,0.2972972972972973,LSPIN,0.12,0.007,0.1,330123
infiltratingductalcarcinoma,220,0.6006546644844517,LSPIN,0.12,0.007,0.1,330124
infiltratinglobularcarcinoma,60,0.5714285714285714,LSPIN,0.12,0.007,0.1,330124
other,23,0.4864864864864865,LSPIN,0.12,0.007,0.1,330124
infiltratingductalcarcinoma,220,0.6435351882160393,LSPIN,0.12,0.007,0.1,330125
infiltratinglobularcarcinoma,60,0.6296296296296297,LSPIN,0.12,0.007,0.1,330125
other,23,0.5945945945945946,LSPIN,0.12,0.007,0.1,330125
infiltratingductalcarcinoma,220,0.6520458265139116,LSPIN,0.12,0.00525,0.1,370123
infiltratinglobularcarcinoma,60,0.6137566137566137,LSPIN,0.12,0.00525,0.1,370123
other,23,0.4594594594594595,LSPIN,0.12,0.00525,0.1,370123
infiltratingductalcarcinoma,220,0.6494271685761047,LSPIN,0.12,0.00525,0.1,370124
infiltratinglobularcarcinoma,60,0.5555555555555556,LSPIN,0.12,0.00525,0.1,370124
other,23,0.5675675675675675,LSPIN,0.12,0.00525,0.1,370124
infiltratingductalcarcinoma,220,0.511620294599018,LSPIN,0.12,0.00525,0.1,370125
infiltratinglobularcarcinoma,60,0.3597883597883597,LSPIN,0.12,0.00525,0.1,370125
other,23,0.5405405405405406,LSPIN,0.12,0.00525,0.1,370125
infiltratingductalcarcinoma,220,0.6569558101472995,L-LSPIN,0.15,0.021,0.1,410123
infiltratinglobularcarcinoma,60,0.5132275132275133,L-LSPIN,0.15,0.021,0.1,410123
other,23,0.2702702702702703,L-LSPIN,0.15,0.021,0.1,410123
infiltratingductalcarcinoma,220,0.5443535188216039,L-LSPIN,0.15,0.021,0.1,410124
infiltratinglobularcarcinoma,60,0.6402116402116402,L-LSPIN,0.15,0.021,0.1,410124
other,23,0.5135135135135135,L-LSPIN,0.15,0.021,0.1,410124
infiltratingductalcarcinoma,220,0.5950900163666121,L-LSPIN,0.15,0.021,0.1,410125
infiltratinglobularcarcinoma,60,0.5396825396825397,L-LSPIN,0.15,0.021,0.1,410125
other,23,0.7567567567567568,L-LSPIN,0.15,0.021,0.1,410125
infiltratingductalcarcinoma,220,0.5937806873977087,L-LSPIN,0.15,0.014,0.1,450123
infiltratinglobularcarcinoma,60,0.291005291005291,L-LSPIN,0.15,0.014,0.1,450123
other,23,0.5405405405405406,L-LSPIN,0.15,0.014,0.1,450123
infiltratingductalcarcinoma,220,0.6608837970540098,L-LSPIN,0.15,0.014,0.1,450124
infiltratinglobularcarcinoma,60,0.5238095238095238,L-LSPIN,0.15,0.014,0.1,450124
other,23,0.5405405405405406,L-LSPIN,0.15,0.014,0.1,450124
infiltratingductalcarcinoma,220,0.5718494271685761,L-LSPIN,0.15,0.014,0.1,450125
infiltratinglobularcarcinoma,60,0.6243386243386243,L-LSPIN,0.15,0.014,0.1,450125
other,23,0.4864864864864865,L-LSPIN,0.15,0.014,0.1,450125
infiltratingductalcarcinoma,220,0.6572831423895253,L-LSPIN,0.15,0.0105,0.1,490123
infiltratinglobularcarcinoma,60,0.582010582010582,L-LSPIN,0.15,0.0105,0.1,490123
other,23,0.4054054054054054,L-LSPIN,0.15,0.0105,0.1,490123
infiltratingductalcarcinoma,220,0.7001636661211129,L-LSPIN,0.15,0.0105,0.1,490124
infiltratinglobularcarcinoma,60,0.455026455026455,L-LSPIN,0.15,0.0105,0.1,490124
other,23,0.5945945945945946,L-LSPIN,0.15,0.0105,0.1,490124
infiltratingductalcarcinoma,220,0.6142389525368249,L-LSPIN,0.15,0.0105,0.1,490125
infiltratinglobularcarcinoma,60,0.4656084656084656,L-LSPIN,0.15,0.0105,0.1,490125
other,23,0.5405405405405406,L-LSPIN,0.15,0.0105,0.1,490125
infiltratingductalcarcinoma,220,0.6363338788870704,L-LSPIN,0.15,0.00875,0.1,530123
infiltratinglobularcarcinoma,60,0.5343915343915344,L-LSPIN,0.15,0.00875,0.1,530123
other,23,0.6216216216216216,L-LSPIN,0.15,0.00875,0.1,530123
infiltratingductalcarcinoma,220,0.5567921440261866,L-LSPIN,0.15,0.00875,0.1,530124
infiltratinglobularcarcinoma,60,0.5291005291005291,L-LSPIN,0.15,0.00875,0.1,530124
other,23,0.4594594594594595,L-LSPIN,0.15,0.00875,0.1,530124
infiltratingductalcarcinoma,220,0.5646481178396072,L-LSPIN,0.15,0.00875,0.1,530125
infiltratinglobularcarcinoma,60,0.5343915343915344,L-LSPIN,0.15,0.00875,0.1,530125
other,23,0.4594594594594595,L-LSPIN,0.15,0.00875,0.1,530125
infiltratingductalcarcinoma,220,0.5314238952536825,L-LSPIN,0.15,0.007,0.1,570123
infiltratinglobularcarcinoma,60,0.3544973544973545,L-LSPIN,0.15,0.007,0.1,570123
other,23,0.3783783783783784,L-LSPIN,0.15,0.007,0.1,570123
infiltratingductalcarcinoma,220,0.6166939443535189,L-LSPIN,0.15,0.007,0.1,570124
infiltratinglobularcarcinoma,60,0.6746031746031746,L-LSPIN,0.15,0.007,0.1,570124
other,23,0.4864864864864865,L-LSPIN,0.15,0.007,0.1,570124
infiltratingductalcarcinoma,220,0.562684124386252,L-LSPIN,0.15,0.007,0.1,570125
infiltratinglobularcarcinoma,60,0.4338624338624338,L-LSPIN,0.15,0.007,0.1,570125
other,23,0.4864864864864865,L-LSPIN,0.15,0.007,0.1,570125
infiltratingductalcarcinoma,220,0.6543371522094926,L-LSPIN,0.12,0.021,0.1,610123
infiltratinglobularcarcinoma,60,0.4338624338624338,L-LSPIN,0.12,0.021,0.1,610123
other,23,0.6756756756756757,L-LSPIN,0.12,0.021,0.1,610123
infiltratingductalcarcinoma,220,0.5253682487725041,L-LSPIN,0.12,0.021,0.1,610124
infiltratinglobularcarcinoma,60,0.6507936507936508,L-LSPIN,0.12,0.021,0.1,610124
other,23,0.7567567567567568,L-LSPIN,0.12,0.021,0.1,610124
infiltratingductalcarcinoma,220,0.6821603927986907,L-LSPIN,0.12,0.021,0.1,610125
infiltratinglobularcarcinoma,60,0.492063492063492,L-LSPIN,0.12,0.021,0.1,610125
other,23,0.6216216216216216,L-LSPIN,0.12,0.021,0.1,610125
infiltratingductalcarcinoma,220,0.6847790507364976,L-LSPIN,0.12,0.014,0.1,650123
infiltratinglobularcarcinoma,60,0.5714285714285714,L-LSPIN,0.12,0.014,0.1,650123
other,23,0.6216216216216216,L-LSPIN,0.12,0.014,0.1,650123
infiltratingductalcarcinoma,220,0.5725040916530278,L-LSPIN,0.12,0.014,0.1,650124
infiltratinglobularcarcinoma,60,0.6666666666666666,L-LSPIN,0.12,0.014,0.1,650124
other,23,0.5945945945945946,L-LSPIN,0.12,0.014,0.1,650124
infiltratingductalcarcinoma,220,0.6490998363338789,L-LSPIN,0.12,0.014,0.1,650125
infiltratinglobularcarcinoma,60,0.4603174603174603,L-LSPIN,0.12,0.014,0.1,650125
other,23,0.4594594594594595,L-LSPIN,0.12,0.014,0.1,650125
infiltratingductalcarcinoma,220,0.6402618657937806,L-LSPIN,0.12,0.0105,0.1,690123
infiltratinglobularcarcinoma,60,0.6931216931216931,L-LSPIN,0.12,0.0105,0.1,690123
other,23,0.8648648648648649,L-LSPIN,0.12,0.0105,0.1,690123
infiltratingductalcarcinoma,220,0.6484451718494272,L-LSPIN,0.12,0.0105,0.1,690124
infiltratinglobularcarcinoma,60,0.4708994708994709,L-LSPIN,0.12,0.0105,0.1,690124
other,23,0.7297297297297297,L-LSPIN,0.12,0.0105,0.1,690124
infiltratingductalcarcinoma,220,0.6112929623567921,L-LSPIN,0.12,0.0105,0.1,690125
infiltratinglobularcarcinoma,60,0.2857142857142857,L-LSPIN,0.12,0.0105,0.1,690125
other,23,0.5135135135135135,L-LSPIN,0.12,0.0105,0.1,690125
infiltratingductalcarcinoma,220,0.690671031096563,L-LSPIN,0.12,0.00875,0.1,730123
infiltratinglobularcarcinoma,60,0.5343915343915344,L-LSPIN,0.12,0.00875,0.1,730123
other,23,0.4864864864864865,L-LSPIN,0.12,0.00875,0.1,730123
infiltratingductalcarcinoma,220,0.6780687397708675,L-LSPIN,0.12,0.00875,0.1,730124
infiltratinglobularcarcinoma,60,0.3386243386243386,L-LSPIN,0.12,0.00875,0.1,730124
other,23,0.5135135135135135,L-LSPIN,0.12,0.00875,0.1,730124
infiltratingductalcarcinoma,220,0.5872340425531914,L-LSPIN,0.12,0.00875,0.1,730125
infiltratinglobularcarcinoma,60,0.5978835978835979,L-LSPIN,0.12,0.00875,0.1,730125
other,23,0.6756756756756757,L-LSPIN,0.12,0.00875,0.1,730125
infiltratingductalcarcinoma,220,0.4972176759410802,L-LSPIN,0.12,0.007,0.1,770123
infiltratinglobularcarcinoma,60,0.4021164021164021,L-LSPIN,0.12,0.007,0.1,770123
other,23,0.4594594594594595,L-LSPIN,0.12,0.007,0.1,770123
infiltratingductalcarcinoma,220,0.6690671031096563,L-LSPIN,0.12,0.007,0.1,770124
infiltratinglobularcarcinoma,60,0.6190476190476191,L-LSPIN,0.12,0.007,0.1,770124
other,23,0.5405405405405406,L-LSPIN,0.12,0.007,0.1,770124
infiltratingductalcarcinoma,220,0.5657937806873977,L-LSPIN,0.12,0.007,0.1,770125
infiltratinglobularcarcinoma,60,0.4603174603174603,L-LSPIN,0.12,0.007,0.1,770125
other,23,0.4324324324324324,L-LSPIN,0.12,0.007,0.1,770125
infiltratingductalcarcinoma,220,0.481178396072013,Concrete,0.15,0.0055,0.1,810123
infiltratinglobularcarcinoma,60,0.3597883597883597,Concrete,0.15,0.0055,0.1,810123
other,23,0.3243243243243243,Concrete,0.15,0.0055,0.1,810123
infiltratingductalcarcinoma,220,0.5204582651391162,Concrete,0.15,0.0055,0.1,810124
infiltratinglobularcarcinoma,60,0.7619047619047619,Concrete,0.15,0.0055,0.1,810124
other,23,0.4054054054054054,Concrete,0.15,0.0055,0.1,810124
infiltratingductalcarcinoma,220,0.5027823240589198,Concrete,0.15,0.0055,0.1,810125
infiltratinglobularcarcinoma,60,0.492063492063492,Concrete,0.15,0.0055,0.1,810125
other,23,0.3783783783783784,Concrete,0.15,0.0055,0.1,810125
infiltratingductalcarcinoma,220,0.5299509001636661,Concrete,0.15,0.0044,0.1,850123
infiltratinglobularcarcinoma,60,0.3809523809523809,Concrete,0.15,0.0044,0.1,850123
other,23,0.3513513513513513,Concrete,0.15,0.0044,0.1,850123
infiltratingductalcarcinoma,220,0.5008183306055647,Concrete,0.15,0.0044,0.1,850124
infiltratinglobularcarcinoma,60,0.671957671957672,Concrete,0.15,0.0044,0.1,850124
other,23,0.3783783783783784,Concrete,0.15,0.0044,0.1,850124
infiltratingductalcarcinoma,220,0.5728314238952537,Concrete,0.15,0.0044,0.1,850125
infiltratinglobularcarcinoma,60,0.2222222222222222,Concrete,0.15,0.0044,0.1,850125
other,23,0.7297297297297297,Concrete,0.15,0.0044,0.1,850125
infiltratingductalcarcinoma,220,0.6009819967266776,Concrete,0.15,0.0033,0.1,890123
infiltratinglobularcarcinoma,60,0.5132275132275133,Concrete,0.15,0.0033,0.1,890123
other,23,0.3783783783783784,Concrete,0.15,0.0033,0.1,890123
infiltratingductalcarcinoma,220,0.6150572831423895,Concrete,0.15,0.0033,0.1,890124
infiltratinglobularcarcinoma,60,0.5185185185185185,Concrete,0.15,0.0033,0.1,890124
other,23,0.4594594594594595,Concrete,0.15,0.0033,0.1,890124
infiltratingductalcarcinoma,220,0.4942716857610474,Concrete,0.15,0.0033,0.1,890125
infiltratinglobularcarcinoma,60,0.746031746031746,Concrete,0.15,0.0033,0.1,890125
other,23,0.4324324324324324,Concrete,0.15,0.0033,0.1,890125
infiltratingductalcarcinoma,220,0.527986906710311,Concrete,0.15,0.00275,0.1,930123
infiltratinglobularcarcinoma,60,0.5873015873015873,Concrete,0.15,0.00275,0.1,930123
other,23,0.5945945945945946,Concrete,0.15,0.00275,0.1,930123
infiltratingductalcarcinoma,220,0.5227495908346972,Concrete,0.15,0.00275,0.1,930124
infiltratinglobularcarcinoma,60,0.5238095238095238,Concrete,0.15,0.00275,0.1,930124
other,23,0.4594594594594595,Concrete,0.15,0.00275,0.1,930124
infiltratingductalcarcinoma,220,0.465139116202946,Concrete,0.15,0.00275,0.1,930125
infiltratinglobularcarcinoma,60,0.544973544973545,Concrete,0.15,0.00275,0.1,930125
other,23,0.4864864864864865,Concrete,0.15,0.00275,0.1,930125
infiltratingductalcarcinoma,220,0.6189852700490999,Concrete,0.15,0.0022,0.1,970123
infiltratinglobularcarcinoma,60,0.492063492063492,Concrete,0.15,0.0022,0.1,970123
other,23,0.4864864864864865,Concrete,0.15,0.0022,0.1,970123
infiltratingductalcarcinoma,220,0.6432078559738135,Concrete,0.15,0.0022,0.1,970124
infiltratinglobularcarcinoma,60,0.4814814814814814,Concrete,0.15,0.0022,0.1,970124
other,23,0.2702702702702703,Concrete,0.15,0.0022,0.1,970124
infiltratingductalcarcinoma,220,0.5126022913256956,Concrete,0.15,0.0022,0.1,970125
infiltratinglobularcarcinoma,60,0.4656084656084656,Concrete,0.15,0.0022,0.1,970125
other,23,0.4054054054054054,Concrete,0.15,0.0022,0.1,970125
infiltratingductalcarcinoma,220,0.5152209492635025,Concrete,0.12,0.0055,0.1,1010123
infiltratinglobularcarcinoma,60,0.5026455026455027,Concrete,0.12,0.0055,0.1,1010123
other,23,0.4594594594594595,Concrete,0.12,0.0055,0.1,1010123
infiltratingductalcarcinoma,220,0.4631751227495908,Concrete,0.12,0.0055,0.1,1010124
infiltratinglobularcarcinoma,60,0.582010582010582,Concrete,0.12,0.0055,0.1,1010124
other,23,0.2972972972972973,Concrete,0.12,0.0055,0.1,1010124
infiltratingductalcarcinoma,220,0.5145662847790508,Concrete,0.12,0.0055,0.1,1010125
infiltratinglobularcarcinoma,60,0.6772486772486772,Concrete,0.12,0.0055,0.1,1010125
other,23,0.5675675675675675,Concrete,0.12,0.0055,0.1,1010125
infiltratingductalcarcinoma,220,0.5322422258592472,Concrete,0.12,0.0044,0.1,1050123
infiltratinglobularcarcinoma,60,0.4603174603174603,Concrete,0.12,0.0044,0.1,1050123
other,23,0.7027027027027027,Concrete,0.12,0.0044,0.1,1050123
infiltratingductalcarcinoma,220,0.6098199672667758,Concrete,0.12,0.0044,0.1,1050124
infiltratinglobularcarcinoma,60,0.2328042328042328,Concrete,0.12,0.0044,0.1,1050124
other,23,0.2702702702702703,Concrete,0.12,0.0044,0.1,1050124
infiltratingductalcarcinoma,220,0.4576104746317512,Concrete,0.12,0.0044,0.1,1050125
infiltratinglobularcarcinoma,60,0.4179894179894179,Concrete,0.12,0.0044,0.1,1050125
other,23,0.6756756756756757,Concrete,0.12,0.0044,0.1,1050125
infiltratingductalcarcinoma,220,0.4749590834697217,Concrete,0.12,0.0033,0.1,1090123
infiltratinglobularcarcinoma,60,0.6296296296296297,Concrete,0.12,0.0033,0.1,1090123
other,23,0.5945945945945946,Concrete,0.12,0.0033,0.1,1090123
infiltratingductalcarcinoma,220,0.5479541734860883,Concrete,0.12,0.0033,0.1,1090124
infiltratinglobularcarcinoma,60,0.544973544973545,Concrete,0.12,0.0033,0.1,1090124
other,23,0.3783783783783784,Concrete,0.12,0.0033,0.1,1090124
infiltratingductalcarcinoma,220,0.5394435351882161,Concrete,0.12,0.0033,0.1,1090125
infiltratinglobularcarcinoma,60,0.5978835978835979,Concrete,0.12,0.0033,0.1,1090125
other,23,0.8378378378378378,Concrete,0.12,0.0033,0.1,1090125
infiltratingductalcarcinoma,220,0.5787234042553191,Concrete,0.12,0.00275,0.1,1130123
infiltratinglobularcarcinoma,60,0.5925925925925926,Concrete,0.12,0.00275,0.1,1130123
other,23,0.5945945945945946,Concrete,0.12,0.00275,0.1,1130123
infiltratingductalcarcinoma,220,0.5823240589198037,Concrete,0.12,0.00275,0.1,1130124
infiltratinglobularcarcinoma,60,0.4179894179894179,Concrete,0.12,0.00275,0.1,1130124
other,23,0.2702702702702703,Concrete,0.12,0.00275,0.1,1130124
infiltratingductalcarcinoma,220,0.4926350245499181,Concrete,0.12,0.00275,0.1,1130125
infiltratinglobularcarcinoma,60,0.4761904761904761,Concrete,0.12,0.00275,0.1,1130125
other,23,0.5405405405405406,Concrete,0.12,0.00275,0.1,1130125
infiltratingductalcarcinoma,220,0.5869067103109656,Concrete,0.12,0.0022,0.1,1170123
infiltratinglobularcarcinoma,60,0.544973544973545,Concrete,0.12,0.0022,0.1,1170123
other,23,0.2432432432432432,Concrete,0.12,0.0022,0.1,1170123
infiltratingductalcarcinoma,220,0.5636661211129296,Concrete,0.12,0.0022,0.1,1170124
infiltratinglobularcarcinoma,60,0.6349206349206349,Concrete,0.12,0.0022,0.1,1170124
other,23,0.4324324324324324,Concrete,0.12,0.0022,0.1,1170124
infiltratingductalcarcinoma,220,0.644189852700491,Concrete,0.12,0.0022,0.1,1170125
infiltratinglobularcarcinoma,60,0.5714285714285714,Concrete,0.12,0.0022,0.1,1170125
other,23,0.4864864864864865,Concrete,0.12,0.0022,0.1,1170125
infiltratingductalcarcinoma,220,0.6405891980360066,L-Concrete,0.15,0.0066,0.1,1210123
infiltratinglobularcarcinoma,60,0.5026455026455027,L-Concrete,0.15,0.0066,0.1,1210123
other,23,0.6216216216216216,L-Concrete,0.15,0.0066,0.1,1210123
infiltratingductalcarcinoma,220,0.5862520458265139,L-Concrete,0.15,0.0066,0.1,1210124
infiltratinglobularcarcinoma,60,0.6296296296296297,L-Concrete,0.15,0.0066,0.1,1210124
other,23,0.4864864864864865,L-Concrete,0.15,0.0066,0.1,1210124
infiltratingductalcarcinoma,220,0.6006546644844517,L-Concrete,0.15,0.0066,0.1,1210125
infiltratinglobularcarcinoma,60,0.6137566137566137,L-Concrete,0.15,0.0066,0.1,1210125
other,23,0.5135135135135135,L-Concrete,0.15,0.0066,0.1,1210125
infiltratingductalcarcinoma,220,0.6039279869067103,L-Concrete,0.15,0.0044,0.1,1250123
infiltratinglobularcarcinoma,60,0.4973544973544973,L-Concrete,0.15,0.0044,0.1,1250123
other,23,0.4864864864864865,L-Concrete,0.15,0.0044,0.1,1250123
infiltratingductalcarcinoma,220,0.7027823240589198,L-Concrete,0.15,0.0044,0.1,1250124
infiltratinglobularcarcinoma,60,0.5608465608465608,L-Concrete,0.15,0.0044,0.1,1250124
other,23,0.5135135135135135,L-Concrete,0.15,0.0044,0.1,1250124
infiltratingductalcarcinoma,220,0.6013093289689034,L-Concrete,0.15,0.0044,0.1,1250125
infiltratinglobularcarcinoma,60,0.6613756613756614,L-Concrete,0.15,0.0044,0.1,1250125
other,23,0.4054054054054054,L-Concrete,0.15,0.0044,0.1,1250125
infiltratingductalcarcinoma,220,0.5908346972176759,L-Concrete,0.15,0.0033,0.1,1290123
infiltratinglobularcarcinoma,60,0.5291005291005291,L-Concrete,0.15,0.0033,0.1,1290123
other,23,0.5405405405405406,L-Concrete,0.15,0.0033,0.1,1290123
infiltratingductalcarcinoma,220,0.6052373158756138,L-Concrete,0.15,0.0033,0.1,1290124
infiltratinglobularcarcinoma,60,0.8042328042328042,L-Concrete,0.15,0.0033,0.1,1290124
other,23,0.4054054054054054,L-Concrete,0.15,0.0033,0.1,1290124
infiltratingductalcarcinoma,220,0.6366612111292962,L-Concrete,0.15,0.0033,0.1,1290125
infiltratinglobularcarcinoma,60,0.4973544973544973,L-Concrete,0.15,0.0033,0.1,1290125
other,23,0.4864864864864865,L-Concrete,0.15,0.0033,0.1,1290125
infiltratingductalcarcinoma,220,0.535024549918167,L-Concrete,0.15,0.00275,0.1,1330123
infiltratinglobularcarcinoma,60,0.4338624338624338,L-Concrete,0.15,0.00275,0.1,1330123
other,23,0.5135135135135135,L-Concrete,0.15,0.00275,0.1,1330123
infiltratingductalcarcinoma,220,0.611456628477905,L-Concrete,0.15,0.00275,0.1,1330124
infiltratinglobularcarcinoma,60,0.6613756613756614,L-Concrete,0.15,0.00275,0.1,1330124
other,23,0.5945945945945946,L-Concrete,0.15,0.00275,0.1,1330124
infiltratingductalcarcinoma,220,0.6112929623567921,L-Concrete,0.15,0.00275,0.1,1330125
infiltratinglobularcarcinoma,60,0.4444444444444444,L-Concrete,0.15,0.00275,0.1,1330125
other,23,0.6216216216216216,L-Concrete,0.15,0.00275,0.1,1330125
infiltratingductalcarcinoma,220,0.5662847790507365,L-Concrete,0.15,0.00165,0.1,1370123
infiltratinglobularcarcinoma,60,0.5555555555555556,L-Concrete,0.15,0.00165,0.1,1370123
other,23,0.4594594594594595,L-Concrete,0.15,0.00165,0.1,1370123
infiltratingductalcarcinoma,220,0.6276595744680851,L-Concrete,0.15,0.00165,0.1,1370124
infiltratinglobularcarcinoma,60,0.4021164021164021,L-Concrete,0.15,0.00165,0.1,1370124
other,23,0.4864864864864865,L-Concrete,0.15,0.00165,0.1,1370124
infiltratingductalcarcinoma,220,0.6530278232405892,L-Concrete,0.15,0.00165,0.1,1370125
infiltratinglobularcarcinoma,60,0.4603174603174603,L-Concrete,0.15,0.00165,0.1,1370125
other,23,0.5135135135135135,L-Concrete,0.15,0.00165,0.1,1370125
infiltratingductalcarcinoma,220,0.5417348608837971,L-Concrete,0.12,0.0066,0.1,1410123
infiltratinglobularcarcinoma,60,0.4021164021164021,L-Concrete,0.12,0.0066,0.1,1410123
other,23,0.5945945945945946,L-Concrete,0.12,0.0066,0.1,1410123
infiltratingductalcarcinoma,220,0.5819967266775777,L-Concrete,0.12,0.0066,0.1,1410124
infiltratinglobularcarcinoma,60,0.4285714285714285,L-Concrete,0.12,0.0066,0.1,1410124
other,23,0.7297297297297297,L-Concrete,0.12,0.0066,0.1,1410124
infiltratingductalcarcinoma,220,0.6307692307692307,L-Concrete,0.12,0.0066,0.1,1410125
infiltratinglobularcarcinoma,60,0.7037037037037037,L-Concrete,0.12,0.0066,0.1,1410125
other,23,0.7027027027027027,L-Concrete,0.12,0.0066,0.1,1410125
infiltratingductalcarcinoma,220,0.5882160392798691,L-Concrete,0.12,0.0044,0.1,1450123
infiltratinglobularcarcinoma,60,0.5978835978835979,L-Concrete,0.12,0.0044,0.1,1450123
other,23,0.4594594594594595,L-Concrete,0.12,0.0044,0.1,1450123
infiltratingductalcarcinoma,220,0.6360065466448446,L-Concrete,0.12,0.0044,0.1,1450124
infiltratinglobularcarcinoma,60,0.4179894179894179,L-Concrete,0.12,0.0044,0.1,1450124
other,23,0.5945945945945946,L-Concrete,0.12,0.0044,0.1,1450124
infiltratingductalcarcinoma,220,0.6546644844517185,L-Concrete,0.12,0.0044,0.1,1450125
infiltratinglobularcarcinoma,60,0.328042328042328,L-Concrete,0.12,0.0044,0.1,1450125
other,23,0.5135135135135135,L-Concrete,0.12,0.0044,0.1,1450125
infiltratingductalcarcinoma,220,0.5617021276595745,L-Concrete,0.12,0.0033,0.1,1490123
infiltratinglobularcarcinoma,60,0.4761904761904761,L-Concrete,0.12,0.0033,0.1,1490123
other,23,0.4864864864864865,L-Concrete,0.12,0.0033,0.1,1490123
infiltratingductalcarcinoma,220,0.6042553191489362,L-Concrete,0.12,0.0033,0.1,1490124
infiltratinglobularcarcinoma,60,0.5238095238095238,L-Concrete,0.12,0.0033,0.1,1490124
other,23,0.5945945945945946,L-Concrete,0.12,0.0033,0.1,1490124
infiltratingductalcarcinoma,220,0.6019639934533552,L-Concrete,0.12,0.0033,0.1,1490125
infiltratinglobularcarcinoma,60,0.5978835978835979,L-Concrete,0.12,0.0033,0.1,1490125
other,23,0.4594594594594595,L-Concrete,0.12,0.0033,0.1,1490125
infiltratingductalcarcinoma,220,0.597708674304419,L-Concrete,0.12,0.00275,0.1,1530123
infiltratinglobularcarcinoma,60,0.4814814814814814,L-Concrete,0.12,0.00275,0.1,1530123
other,23,0.3243243243243243,L-Concrete,0.12,0.00275,0.1,1530123
infiltratingductalcarcinoma,220,0.6288052373158756,L-Concrete,0.12,0.00275,0.1,1530124
infiltratinglobularcarcinoma,60,0.4973544973544973,L-Concrete,0.12,0.00275,0.1,1530124
other,23,0.7027027027027027,L-Concrete,0.12,0.00275,0.1,1530124
infiltratingductalcarcinoma,220,0.5831423895253682,L-Concrete,0.12,0.00275,0.1,1530125
infiltratinglobularcarcinoma,60,0.2777777777777778,L-Concrete,0.12,0.00275,0.1,1530125
other,23,0.5405405405405406,L-Concrete,0.12,0.00275,0.1,1530125
infiltratingductalcarcinoma,220,0.639607201309329,L-Concrete,0.12,0.00165,0.1,1570123
infiltratinglobularcarcinoma,60,0.3597883597883597,L-Concrete,0.12,0.00165,0.1,1570123
other,23,0.4594594594594595,L-Concrete,0.12,0.00165,0.1,1570123
infiltratingductalcarcinoma,220,0.5680851063829787,L-Concrete,0.12,0.00165,0.1,1570124
infiltratinglobularcarcinoma,60,0.4312169312169312,L-Concrete,0.12,0.00165,0.1,1570124
other,23,0.4864864864864865,L-Concrete,0.12,0.00165,0.1,1570124
infiltratingductalcarcinoma,220,0.6561374795417348,L-Concrete,0.12,0.00165,0.1,1570125
infiltratinglobularcarcinoma,60,0.6772486772486772,L-Concrete,0.12,0.00165,0.1,1570125
other,23,0.5405405405405406,L-Concrete,0.12,0.00165,0.1,1570125
infiltratingductalcarcinoma,220,0.4991816693944353,LSPIN,0.15,0.014,0.2,20123
infiltratinglobularcarcinoma,60,0.4867724867724867,LSPIN,0.15,0.014,0.2,20123
other,23,0.5405405405405406,LSPIN,0.15,0.014,0.2,20123
infiltratingductalcarcinoma,220,0.6602291325695581,LSPIN,0.15,0.014,0.2,20124
infiltratinglobularcarcinoma,60,0.6455026455026455,LSPIN,0.15,0.014,0.2,20124
other,23,0.4054054054054054,LSPIN,0.15,0.014,0.2,20124
infiltratingductalcarcinoma,220,0.5312602291325695,LSPIN,0.15,0.014,0.2,20125
infiltratinglobularcarcinoma,60,0.492063492063492,LSPIN,0.15,0.014,0.2,20125
other,23,0.7837837837837838,LSPIN,0.15,0.014,0.2,20125
infiltratingductalcarcinoma,220,0.6094926350245499,LSPIN,0.15,0.0105,0.2,60123
infiltratinglobularcarcinoma,60,0.5608465608465608,LSPIN,0.15,0.0105,0.2,60123
other,23,0.6216216216216216,LSPIN,0.15,0.0105,0.2,60123
infiltratingductalcarcinoma,220,0.628150572831424,LSPIN,0.15,0.0105,0.2,60124
infiltratinglobularcarcinoma,60,0.4126984126984127,LSPIN,0.15,0.0105,0.2,60124
other,23,0.5945945945945946,LSPIN,0.15,0.0105,0.2,60124
infiltratingductalcarcinoma,220,0.6867430441898527,LSPIN,0.15,0.0105,0.2,60125
infiltratinglobularcarcinoma,60,0.6031746031746031,LSPIN,0.15,0.0105,0.2,60125
other,23,0.5405405405405406,LSPIN,0.15,0.0105,0.2,60125
infiltratingductalcarcinoma,220,0.527986906710311,LSPIN,0.15,0.00875,0.2,100123
infiltratinglobularcarcinoma,60,0.5502645502645502,LSPIN,0.15,0.00875,0.2,100123
other,23,0.5675675675675675,LSPIN,0.15,0.00875,0.2,100123
infiltratingductalcarcinoma,220,0.5996726677577742,LSPIN,0.15,0.00875,0.2,100124
infiltratinglobularcarcinoma,60,0.6772486772486772,LSPIN,0.15,0.00875,0.2,100124
other,23,0.3783783783783784,LSPIN,0.15,0.00875,0.2,100124
infiltratingductalcarcinoma,220,0.5126022913256956,LSPIN,0.15,0.00875,0.2,100125
infiltratinglobularcarcinoma,60,0.5608465608465608,LSPIN,0.15,0.00875,0.2,100125
other,23,0.6216216216216216,LSPIN,0.15,0.00875,0.2,100125
infiltratingductalcarcinoma,220,0.6353518821603928,LSPIN,0.15,0.007,0.2,140123
infiltratinglobularcarcinoma,60,0.6455026455026455,LSPIN,0.15,0.007,0.2,140123
other,23,0.6486486486486487,LSPIN,0.15,0.007,0.2,140123
infiltratingductalcarcinoma,220,0.6225859247135843,LSPIN,0.15,0.007,0.2,140124
infiltratinglobularcarcinoma,60,0.5608465608465608,LSPIN,0.15,0.007,0.2,140124
other,23,0.6216216216216216,LSPIN,0.15,0.007,0.2,140124
infiltratingductalcarcinoma,220,0.5639934533551555,LSPIN,0.15,0.007,0.2,140125
infiltratinglobularcarcinoma,60,0.5132275132275133,LSPIN,0.15,0.007,0.2,140125
other,23,0.5945945945945946,LSPIN,0.15,0.007,0.2,140125
infiltratingductalcarcinoma,220,0.6458265139116203,LSPIN,0.15,0.00525,0.2,180123
infiltratinglobularcarcinoma,60,0.5396825396825397,LSPIN,0.15,0.00525,0.2,180123
other,23,0.4594594594594595,LSPIN,0.15,0.00525,0.2,180123
infiltratingductalcarcinoma,220,0.6353518821603928,LSPIN,0.15,0.00525,0.2,180124
infiltratinglobularcarcinoma,60,0.4708994708994709,LSPIN,0.15,0.00525,0.2,180124
other,23,0.5405405405405406,LSPIN,0.15,0.00525,0.2,180124
infiltratingductalcarcinoma,220,0.6684124386252046,LSPIN,0.15,0.00525,0.2,180125
infiltratinglobularcarcinoma,60,0.6507936507936508,LSPIN,0.15,0.00525,0.2,180125
other,23,0.5405405405405406,LSPIN,0.15,0.00525,0.2,180125
infiltratingductalcarcinoma,220,0.6219312602291326,LSPIN,0.12,0.014,0.2,220123
infiltratinglobularcarcinoma,60,0.5291005291005291,LSPIN,0.12,0.014,0.2,220123
other,23,0.3783783783783784,LSPIN,0.12,0.014,0.2,220123
infiltratingductalcarcinoma,220,0.6530278232405892,LSPIN,0.12,0.014,0.2,220124
infiltratinglobularcarcinoma,60,0.6507936507936508,LSPIN,0.12,0.014,0.2,220124
other,23,0.4864864864864865,LSPIN,0.12,0.014,0.2,220124
infiltratingductalcarcinoma,220,0.6042553191489362,LSPIN,0.12,0.014,0.2,220125
infiltratinglobularcarcinoma,60,0.492063492063492,LSPIN,0.12,0.014,0.2,220125
other,23,0.6216216216216216,LSPIN,0.12,0.014,0.2,220125
infiltratingductalcarcinoma,220,0.6170212765957447,LSPIN,0.12,0.0105,0.2,260123
infiltratinglobularcarcinoma,60,0.5238095238095238,LSPIN,0.12,0.0105,0.2,260123
other,23,0.4594594594594595,LSPIN,0.12,0.0105,0.2,260123
infiltratingductalcarcinoma,220,0.6153846153846154,LSPIN,0.12,0.0105,0.2,260124
infiltratinglobularcarcinoma,60,0.5291005291005291,LSPIN,0.12,0.0105,0.2,260124
other,23,0.5675675675675675,LSPIN,0.12,0.0105,0.2,260124
infiltratingductalcarcinoma,220,0.6700490998363339,LSPIN,0.12,0.0105,0.2,260125
infiltratinglobularcarcinoma,60,0.708994708994709,LSPIN,0.12,0.0105,0.2,260125
other,23,0.5405405405405406,LSPIN,0.12,0.0105,0.2,260125
infiltratingductalcarcinoma,220,0.5921440261865794,LSPIN,0.12,0.00875,0.2,300123
infiltratinglobularcarcinoma,60,0.492063492063492,LSPIN,0.12,0.00875,0.2,300123
other,23,0.5675675675675675,LSPIN,0.12,0.00875,0.2,300123
infiltratingductalcarcinoma,220,0.6016366612111292,LSPIN,0.12,0.00875,0.2,300124
infiltratinglobularcarcinoma,60,0.4973544973544973,LSPIN,0.12,0.00875,0.2,300124
other,23,0.4594594594594595,LSPIN,0.12,0.00875,0.2,300124
infiltratingductalcarcinoma,220,0.7014729950900164,LSPIN,0.12,0.00875,0.2,300125
infiltratinglobularcarcinoma,60,0.5396825396825397,LSPIN,0.12,0.00875,0.2,300125
other,23,0.6486486486486487,LSPIN,0.12,0.00875,0.2,300125
infiltratingductalcarcinoma,220,0.6009819967266776,LSPIN,0.12,0.007,0.2,340123
infiltratinglobularcarcinoma,60,0.6084656084656085,LSPIN,0.12,0.007,0.2,340123
other,23,0.5945945945945946,LSPIN,0.12,0.007,0.2,340123
infiltratingductalcarcinoma,220,0.5761047463175123,LSPIN,0.12,0.007,0.2,340124
infiltratinglobularcarcinoma,60,0.6031746031746031,LSPIN,0.12,0.007,0.2,340124
other,23,0.5405405405405406,LSPIN,0.12,0.007,0.2,340124
infiltratingductalcarcinoma,220,0.6271685761047463,LSPIN,0.12,0.007,0.2,340125
infiltratinglobularcarcinoma,60,0.6084656084656085,LSPIN,0.12,0.007,0.2,340125
other,23,0.4324324324324324,LSPIN,0.12,0.007,0.2,340125
infiltratingductalcarcinoma,220,0.6248772504091653,LSPIN,0.12,0.00525,0.2,380123
infiltratinglobularcarcinoma,60,0.544973544973545,LSPIN,0.12,0.00525,0.2,380123
other,23,0.6216216216216216,LSPIN,0.12,0.00525,0.2,380123
infiltratingductalcarcinoma,220,0.6520458265139116,LSPIN,0.12,0.00525,0.2,380124
infiltratinglobularcarcinoma,60,0.5502645502645502,LSPIN,0.12,0.00525,0.2,380124
other,23,0.6486486486486487,LSPIN,0.12,0.00525,0.2,380124
infiltratingductalcarcinoma,220,0.6379705400981996,LSPIN,0.12,0.00525,0.2,380125
infiltratinglobularcarcinoma,60,0.6349206349206349,LSPIN,0.12,0.00525,0.2,380125
other,23,0.6216216216216216,LSPIN,0.12,0.00525,0.2,380125
infiltratingductalcarcinoma,220,0.5702127659574469,L-LSPIN,0.15,0.021,0.2,420123
infiltratinglobularcarcinoma,60,0.2804232804232804,L-LSPIN,0.15,0.021,0.2,420123
other,23,0.5675675675675675,L-LSPIN,0.15,0.021,0.2,420123
infiltratingductalcarcinoma,220,0.5846153846153846,L-LSPIN,0.15,0.021,0.2,420124
infiltratinglobularcarcinoma,60,0.3597883597883597,L-LSPIN,0.15,0.021,0.2,420124
other,23,0.5135135135135135,L-LSPIN,0.15,0.021,0.2,420124
infiltratingductalcarcinoma,220,0.5996726677577742,L-LSPIN,0.15,0.021,0.2,420125
infiltratinglobularcarcinoma,60,0.4391534391534391,L-LSPIN,0.15,0.021,0.2,420125
other,23,0.8378378378378378,L-LSPIN,0.15,0.021,0.2,420125
infiltratingductalcarcinoma,220,0.6212765957446809,L-LSPIN,0.15,0.014,0.2,460123
infiltratinglobularcarcinoma,60,0.5026455026455027,L-LSPIN,0.15,0.014,0.2,460123
other,23,0.4864864864864865,L-LSPIN,0.15,0.014,0.2,460123
infiltratingductalcarcinoma,220,0.6245499181669394,L-LSPIN,0.15,0.014,0.2,460124
infiltratinglobularcarcinoma,60,0.4126984126984127,L-LSPIN,0.15,0.014,0.2,460124
other,23,0.6486486486486487,L-LSPIN,0.15,0.014,0.2,460124
infiltratingductalcarcinoma,220,0.6196399345335516,L-LSPIN,0.15,0.014,0.2,460125
infiltratinglobularcarcinoma,60,0.7777777777777778,L-LSPIN,0.15,0.014,0.2,460125
other,23,0.5675675675675675,L-LSPIN,0.15,0.014,0.2,460125
infiltratingductalcarcinoma,220,0.6271685761047463,L-LSPIN,0.15,0.0105,0.2,500123
infiltratinglobularcarcinoma,60,0.5185185185185185,L-LSPIN,0.15,0.0105,0.2,500123
other,23,0.5405405405405406,L-LSPIN,0.15,0.0105,0.2,500123
infiltratingductalcarcinoma,220,0.7309328968903437,L-LSPIN,0.15,0.0105,0.2,500124
infiltratinglobularcarcinoma,60,0.3915343915343915,L-LSPIN,0.15,0.0105,0.2,500124
other,23,0.5945945945945946,L-LSPIN,0.15,0.0105,0.2,500124
infiltratingductalcarcinoma,220,0.6294599018003273,L-LSPIN,0.15,0.0105,0.2,500125
infiltratinglobularcarcinoma,60,0.6190476190476191,L-LSPIN,0.15,0.0105,0.2,500125
other,23,0.4324324324324324,L-LSPIN,0.15,0.0105,0.2,500125
infiltratingductalcarcinoma,220,0.6937806873977087,L-LSPIN,0.15,0.00875,0.2,540123
infiltratinglobularcarcinoma,60,0.5396825396825397,L-LSPIN,0.15,0.00875,0.2,540123
other,23,0.4594594594594595,L-LSPIN,0.15,0.00875,0.2,540123
infiltratingductalcarcinoma,220,0.7191489361702128,L-LSPIN,0.15,0.00875,0.2,540124
infiltratinglobularcarcinoma,60,0.708994708994709,L-LSPIN,0.15,0.00875,0.2,540124
other,23,0.5945945945945946,L-LSPIN,0.15,0.00875,0.2,540124
infiltratingductalcarcinoma,220,0.5577741407528641,L-LSPIN,0.15,0.00875,0.2,540125
infiltratinglobularcarcinoma,60,0.5846560846560847,L-LSPIN,0.15,0.00875,0.2,540125
other,23,0.4054054054054054,L-LSPIN,0.15,0.00875,0.2,540125
infiltratingductalcarcinoma,220,0.6926350245499182,L-LSPIN,0.15,0.007,0.2,580123
infiltratinglobularcarcinoma,60,0.746031746031746,L-LSPIN,0.15,0.007,0.2,580123
other,23,0.4324324324324324,L-LSPIN,0.15,0.007,0.2,580123
infiltratingductalcarcinoma,220,0.5901800327332242,L-LSPIN,0.15,0.007,0.2,580124
infiltratinglobularcarcinoma,60,0.3756613756613756,L-LSPIN,0.15,0.007,0.2,580124
other,23,0.6486486486486487,L-LSPIN,0.15,0.007,0.2,580124
infiltratingductalcarcinoma,220,0.6422258592471358,L-LSPIN,0.15,0.007,0.2,580125
infiltratinglobularcarcinoma,60,0.5132275132275133,L-LSPIN,0.15,0.007,0.2,580125
other,23,0.5405405405405406,L-LSPIN,0.15,0.007,0.2,580125
infiltratingductalcarcinoma,220,0.602291325695581,L-LSPIN,0.12,0.021,0.2,620123
infiltratinglobularcarcinoma,60,0.5714285714285714,L-LSPIN,0.12,0.021,0.2,620123
other,23,0.8108108108108109,L-LSPIN,0.12,0.021,0.2,620123
infiltratingductalcarcinoma,220,0.6998363338788871,L-LSPIN,0.12,0.021,0.2,620124
infiltratinglobularcarcinoma,60,0.5238095238095238,L-LSPIN,0.12,0.021,0.2,620124
other,23,0.4864864864864865,L-LSPIN,0.12,0.021,0.2,620124
infiltratingductalcarcinoma,220,0.5669394435351882,L-LSPIN,0.12,0.021,0.2,620125
infiltratinglobularcarcinoma,60,0.4867724867724867,L-LSPIN,0.12,0.021,0.2,620125
other,23,0.6756756756756757,L-LSPIN,0.12,0.021,0.2,620125
infiltratingductalcarcinoma,220,0.5793780687397708,L-LSPIN,0.12,0.014,0.2,660123
infiltratinglobularcarcinoma,60,0.8201058201058201,L-LSPIN,0.12,0.014,0.2,660123
other,23,0.7297297297297297,L-LSPIN,0.12,0.014,0.2,660123
infiltratingductalcarcinoma,220,0.5527004909983634,L-LSPIN,0.12,0.014,0.2,660124
infiltratinglobularcarcinoma,60,0.4391534391534391,L-LSPIN,0.12,0.014,0.2,660124
other,23,0.4324324324324324,L-LSPIN,0.12,0.014,0.2,660124
infiltratingductalcarcinoma,220,0.6415711947626841,L-LSPIN,0.12,0.014,0.2,660125
infiltratinglobularcarcinoma,60,0.6772486772486772,L-LSPIN,0.12,0.014,0.2,660125
other,23,0.5405405405405406,L-LSPIN,0.12,0.014,0.2,660125
infiltratingductalcarcinoma,220,0.5481178396072013,L-LSPIN,0.12,0.0105,0.2,700123
infiltratinglobularcarcinoma,60,0.4391534391534391,L-LSPIN,0.12,0.0105,0.2,700123
other,23,0.5405405405405406,L-LSPIN,0.12,0.0105,0.2,700123
infiltratingductalcarcinoma,220,0.5967266775777414,L-LSPIN,0.12,0.0105,0.2,700124
infiltratinglobularcarcinoma,60,0.5978835978835979,L-LSPIN,0.12,0.0105,0.2,700124
other,23,0.5675675675675675,L-LSPIN,0.12,0.0105,0.2,700124
infiltratingductalcarcinoma,220,0.5135842880523731,L-LSPIN,0.12,0.0105,0.2,700125
infiltratinglobularcarcinoma,60,0.6243386243386243,L-LSPIN,0.12,0.0105,0.2,700125
other,23,0.4324324324324324,L-LSPIN,0.12,0.0105,0.2,700125
infiltratingductalcarcinoma,220,0.6219312602291326,L-LSPIN,0.12,0.00875,0.2,740123
infiltratinglobularcarcinoma,60,0.3756613756613756,L-LSPIN,0.12,0.00875,0.2,740123
other,23,0.4864864864864865,L-LSPIN,0.12,0.00875,0.2,740123
infiltratingductalcarcinoma,220,0.711620294599018,L-LSPIN,0.12,0.00875,0.2,740124
infiltratinglobularcarcinoma,60,0.4074074074074074,L-LSPIN,0.12,0.00875,0.2,740124
other,23,0.5945945945945946,L-LSPIN,0.12,0.00875,0.2,740124
infiltratingductalcarcinoma,220,0.5908346972176759,L-LSPIN,0.12,0.00875,0.2,740125
infiltratinglobularcarcinoma,60,0.3386243386243386,L-LSPIN,0.12,0.00875,0.2,740125
other,23,0.4594594594594595,L-LSPIN,0.12,0.00875,0.2,740125
infiltratingductalcarcinoma,220,0.6494271685761047,L-LSPIN,0.12,0.007,0.2,780123
infiltratinglobularcarcinoma,60,0.4179894179894179,L-LSPIN,0.12,0.007,0.2,780123
other,23,0.4594594594594595,L-LSPIN,0.12,0.007,0.2,780123
infiltratingductalcarcinoma,220,0.546644844517185,L-LSPIN,0.12,0.007,0.2,780124
infiltratinglobularcarcinoma,60,0.4708994708994709,L-LSPIN,0.12,0.007,0.2,780124
other,23,0.5945945945945946,L-LSPIN,0.12,0.007,0.2,780124
infiltratingductalcarcinoma,220,0.6134206219312602,L-LSPIN,0.12,0.007,0.2,780125
infiltratinglobularcarcinoma,60,0.3862433862433862,L-LSPIN,0.12,0.007,0.2,780125
other,23,0.5135135135135135,L-LSPIN,0.12,0.007,0.2,780125
infiltratingductalcarcinoma,220,0.5548281505728314,Concrete,0.15,0.0055,0.2,820123
infiltratinglobularcarcinoma,60,0.4285714285714285,Concrete,0.15,0.0055,0.2,820123
other,23,0.5135135135135135,Concrete,0.15,0.0055,0.2,820123
infiltratingductalcarcinoma,220,0.5450081833060556,Concrete,0.15,0.0055,0.2,820124
infiltratinglobularcarcinoma,60,0.4021164021164021,Concrete,0.15,0.0055,0.2,820124
other,23,0.2432432432432432,Concrete,0.15,0.0055,0.2,820124
infiltratingductalcarcinoma,220,0.5204582651391162,Concrete,0.15,0.0055,0.2,820125
infiltratinglobularcarcinoma,60,0.2698412698412698,Concrete,0.15,0.0055,0.2,820125
other,23,0.4864864864864865,Concrete,0.15,0.0055,0.2,820125
infiltratingductalcarcinoma,220,0.5970540098199673,Concrete,0.15,0.0044,0.2,860123
infiltratinglobularcarcinoma,60,0.492063492063492,Concrete,0.15,0.0044,0.2,860123
other,23,0.5675675675675675,Concrete,0.15,0.0044,0.2,860123
infiltratingductalcarcinoma,220,0.5289689034369885,Concrete,0.15,0.0044,0.2,860124
infiltratinglobularcarcinoma,60,0.8201058201058201,Concrete,0.15,0.0044,0.2,860124
other,23,0.3783783783783784,Concrete,0.15,0.0044,0.2,860124
infiltratingductalcarcinoma,220,0.5643207855973813,Concrete,0.15,0.0044,0.2,860125
infiltratinglobularcarcinoma,60,0.5978835978835979,Concrete,0.15,0.0044,0.2,860125
other,23,0.5675675675675675,Concrete,0.15,0.0044,0.2,860125
infiltratingductalcarcinoma,220,0.5273322422258593,Concrete,0.15,0.0033,0.2,900123
infiltratinglobularcarcinoma,60,0.4285714285714285,Concrete,0.15,0.0033,0.2,900123
other,23,0.4594594594594595,Concrete,0.15,0.0033,0.2,900123
infiltratingductalcarcinoma,220,0.527986906710311,Concrete,0.15,0.0033,0.2,900124
infiltratinglobularcarcinoma,60,0.5502645502645502,Concrete,0.15,0.0033,0.2,900124
other,23,0.2972972972972973,Concrete,0.15,0.0033,0.2,900124
infiltratingductalcarcinoma,220,0.5482815057283142,Concrete,0.15,0.0033,0.2,900125
infiltratinglobularcarcinoma,60,0.5185185185185185,Concrete,0.15,0.0033,0.2,900125
other,23,0.5135135135135135,Concrete,0.15,0.0033,0.2,900125
infiltratingductalcarcinoma,220,0.5878887070376432,Concrete,0.15,0.00275,0.2,940123
infiltratinglobularcarcinoma,60,0.5238095238095238,Concrete,0.15,0.00275,0.2,940123
other,23,0.4594594594594595,Concrete,0.15,0.00275,0.2,940123
infiltratingductalcarcinoma,220,0.5374795417348609,Concrete,0.15,0.00275,0.2,940124
infiltratinglobularcarcinoma,60,0.6243386243386243,Concrete,0.15,0.00275,0.2,940124
other,23,0.4594594594594595,Concrete,0.15,0.00275,0.2,940124
infiltratingductalcarcinoma,220,0.5528641571194762,Concrete,0.15,0.00275,0.2,940125
infiltratinglobularcarcinoma,60,0.4867724867724867,Concrete,0.15,0.00275,0.2,940125
other,23,0.4594594594594595,Concrete,0.15,0.00275,0.2,940125
infiltratingductalcarcinoma,220,0.4936170212765957,Concrete,0.15,0.0022,0.2,980123
infiltratinglobularcarcinoma,60,0.5132275132275133,Concrete,0.15,0.0022,0.2,980123
other,23,0.6756756756756757,Concrete,0.15,0.0022,0.2,980123
infiltratingductalcarcinoma,220,0.448772504091653,Concrete,0.15,0.0022,0.2,980124
infiltratinglobularcarcinoma,60,0.7619047619047619,Concrete,0.15,0.0022,0.2,980124
other,23,0.4594594594594595,Concrete,0.15,0.0022,0.2,980124
infiltratingductalcarcinoma,220,0.5738134206219313,Concrete,0.15,0.0022,0.2,980125
infiltratinglobularcarcinoma,60,0.5608465608465608,Concrete,0.15,0.0022,0.2,980125
other,23,0.5405405405405406,Concrete,0.15,0.0022,0.2,980125
infiltratingductalcarcinoma,220,0.5689034369885434,Concrete,0.12,0.0055,0.2,1020123
infiltratinglobularcarcinoma,60,0.4021164021164021,Concrete,0.12,0.0055,0.2,1020123
other,23,0.4594594594594595,Concrete,0.12,0.0055,0.2,1020123
infiltratingductalcarcinoma,220,0.4703764320785597,Concrete,0.12,0.0055,0.2,1020124
infiltratinglobularcarcinoma,60,0.2222222222222222,Concrete,0.12,0.0055,0.2,1020124
other,23,0.4864864864864865,Concrete,0.12,0.0055,0.2,1020124
infiltratingductalcarcinoma,220,0.4936170212765957,Concrete,0.12,0.0055,0.2,1020125
infiltratinglobularcarcinoma,60,0.5608465608465608,Concrete,0.12,0.0055,0.2,1020125
other,23,0.3243243243243243,Concrete,0.12,0.0055,0.2,1020125
infiltratingductalcarcinoma,220,0.5361702127659574,Concrete,0.12,0.0044,0.2,1060123
infiltratinglobularcarcinoma,60,0.3227513227513227,Concrete,0.12,0.0044,0.2,1060123
other,23,0.4054054054054054,Concrete,0.12,0.0044,0.2,1060123
infiltratingductalcarcinoma,220,0.4065466448445172,Concrete,0.12,0.0044,0.2,1060124
infiltratinglobularcarcinoma,60,0.6507936507936508,Concrete,0.12,0.0044,0.2,1060124
other,23,0.7567567567567568,Concrete,0.12,0.0044,0.2,1060124
infiltratingductalcarcinoma,220,0.5639934533551555,Concrete,0.12,0.0044,0.2,1060125
infiltratinglobularcarcinoma,60,0.4761904761904761,Concrete,0.12,0.0044,0.2,1060125
other,23,0.4054054054054054,Concrete,0.12,0.0044,0.2,1060125
infiltratingductalcarcinoma,220,0.5702127659574469,Concrete,0.12,0.0033,0.2,1100123
infiltratinglobularcarcinoma,60,0.5238095238095238,Concrete,0.12,0.0033,0.2,1100123
other,23,0.4324324324324324,Concrete,0.12,0.0033,0.2,1100123
infiltratingductalcarcinoma,220,0.5070376432078559,Concrete,0.12,0.0033,0.2,1100124
infiltratinglobularcarcinoma,60,0.3492063492063492,Concrete,0.12,0.0033,0.2,1100124
other,23,0.3513513513513513,Concrete,0.12,0.0033,0.2,1100124
infiltratingductalcarcinoma,220,0.6202945990180033,Concrete,0.12,0.0033,0.2,1100125
infiltratinglobularcarcinoma,60,0.5079365079365079,Concrete,0.12,0.0033,0.2,1100125
other,23,0.5675675675675675,Concrete,0.12,0.0033,0.2,1100125
infiltratingductalcarcinoma,220,0.6127659574468085,Concrete,0.12,0.00275,0.2,1140123
infiltratinglobularcarcinoma,60,0.6507936507936508,Concrete,0.12,0.00275,0.2,1140123
other,23,0.5135135135135135,Concrete,0.12,0.00275,0.2,1140123
infiltratingductalcarcinoma,220,0.5725040916530278,Concrete,0.12,0.00275,0.2,1140124
infiltratinglobularcarcinoma,60,0.5132275132275133,Concrete,0.12,0.00275,0.2,1140124
other,23,0.6216216216216216,Concrete,0.12,0.00275,0.2,1140124
infiltratingductalcarcinoma,220,0.6065466448445171,Concrete,0.12,0.00275,0.2,1140125
infiltratinglobularcarcinoma,60,0.5555555555555556,Concrete,0.12,0.00275,0.2,1140125
other,23,0.2972972972972973,Concrete,0.12,0.00275,0.2,1140125
infiltratingductalcarcinoma,220,0.5505728314238952,Concrete,0.12,0.0022,0.2,1180123
infiltratinglobularcarcinoma,60,0.3227513227513227,Concrete,0.12,0.0022,0.2,1180123
other,23,0.5675675675675675,Concrete,0.12,0.0022,0.2,1180123
infiltratingductalcarcinoma,220,0.5852700490998364,Concrete,0.12,0.0022,0.2,1180124
infiltratinglobularcarcinoma,60,0.4603174603174603,Concrete,0.12,0.0022,0.2,1180124
other,23,0.4054054054054054,Concrete,0.12,0.0022,0.2,1180124
infiltratingductalcarcinoma,220,0.430114566284779,Concrete,0.12,0.0022,0.2,1180125
infiltratinglobularcarcinoma,60,0.4603174603174603,Concrete,0.12,0.0022,0.2,1180125
other,23,0.2972972972972973,Concrete,0.12,0.0022,0.2,1180125
infiltratingductalcarcinoma,220,0.6641571194762684,L-Concrete,0.15,0.0066,0.2,1220123
infiltratinglobularcarcinoma,60,0.5978835978835979,L-Concrete,0.15,0.0066,0.2,1220123
other,23,0.6216216216216216,L-Concrete,0.15,0.0066,0.2,1220123
infiltratingductalcarcinoma,220,0.5738134206219313,L-Concrete,0.15,0.0066,0.2,1220124
infiltratinglobularcarcinoma,60,0.6084656084656085,L-Concrete,0.15,0.0066,0.2,1220124
other,23,0.6216216216216216,L-Concrete,0.15,0.0066,0.2,1220124
infiltratingductalcarcinoma,220,0.6013093289689034,L-Concrete,0.15,0.0066,0.2,1220125
infiltratinglobularcarcinoma,60,0.5079365079365079,L-Concrete,0.15,0.0066,0.2,1220125
other,23,0.3783783783783784,L-Concrete,0.15,0.0066,0.2,1220125
infiltratingductalcarcinoma,220,0.7054009819967266,L-Concrete,0.15,0.0044,0.2,1260123
infiltratinglobularcarcinoma,60,0.4814814814814814,L-Concrete,0.15,0.0044,0.2,1260123
other,23,0.6756756756756757,L-Concrete,0.15,0.0044,0.2,1260123
infiltratingductalcarcinoma,220,0.6405891980360066,L-Concrete,0.15,0.0044,0.2,1260124
infiltratinglobularcarcinoma,60,0.6243386243386243,L-Concrete,0.15,0.0044,0.2,1260124
other,23,0.6486486486486487,L-Concrete,0.15,0.0044,0.2,1260124
infiltratingductalcarcinoma,220,0.5944353518821603,L-Concrete,0.15,0.0044,0.2,1260125
infiltratinglobularcarcinoma,60,0.6190476190476191,L-Concrete,0.15,0.0044,0.2,1260125
other,23,0.5405405405405406,L-Concrete,0.15,0.0044,0.2,1260125
infiltratingductalcarcinoma,220,0.5476268412438625,L-Concrete,0.15,0.0033,0.2,1300123
infiltratinglobularcarcinoma,60,0.4126984126984127,L-Concrete,0.15,0.0033,0.2,1300123
other,23,0.5675675675675675,L-Concrete,0.15,0.0033,0.2,1300123
infiltratingductalcarcinoma,220,0.5885433715220949,L-Concrete,0.15,0.0033,0.2,1300124
infiltratinglobularcarcinoma,60,0.3492063492063492,L-Concrete,0.15,0.0033,0.2,1300124
other,23,0.4864864864864865,L-Concrete,0.15,0.0033,0.2,1300124
infiltratingductalcarcinoma,220,0.6360065466448446,L-Concrete,0.15,0.0033,0.2,1300125
infiltratinglobularcarcinoma,60,0.7301587301587301,L-Concrete,0.15,0.0033,0.2,1300125
other,23,0.4324324324324324,L-Concrete,0.15,0.0033,0.2,1300125
infiltratingductalcarcinoma,220,0.5990180032733224,L-Concrete,0.15,0.00275,0.2,1340123
infiltratinglobularcarcinoma,60,0.4973544973544973,L-Concrete,0.15,0.00275,0.2,1340123
other,23,0.4324324324324324,L-Concrete,0.15,0.00275,0.2,1340123
infiltratingductalcarcinoma,220,0.6608837970540098,L-Concrete,0.15,0.00275,0.2,1340124
infiltratinglobularcarcinoma,60,0.4391534391534391,L-Concrete,0.15,0.00275,0.2,1340124
other,23,0.5135135135135135,L-Concrete,0.15,0.00275,0.2,1340124
infiltratingductalcarcinoma,220,0.569721767594108,L-Concrete,0.15,0.00275,0.2,1340125
infiltratinglobularcarcinoma,60,0.3915343915343915,L-Concrete,0.15,0.00275,0.2,1340125
other,23,0.5675675675675675,L-Concrete,0.15,0.00275,0.2,1340125
infiltratingductalcarcinoma,220,0.5458265139116203,L-Concrete,0.15,0.00165,0.2,1380123
infiltratinglobularcarcinoma,60,0.4497354497354497,L-Concrete,0.15,0.00165,0.2,1380123
other,23,0.3513513513513513,L-Concrete,0.15,0.00165,0.2,1380123
infiltratingductalcarcinoma,220,0.5754500818330606,L-Concrete,0.15,0.00165,0.2,1380124
infiltratinglobularcarcinoma,60,0.3015873015873015,L-Concrete,0.15,0.00165,0.2,1380124
other,23,0.5405405405405406,L-Concrete,0.15,0.00165,0.2,1380124
infiltratingductalcarcinoma,220,0.6036006546644844,L-Concrete,0.15,0.00165,0.2,1380125
infiltratinglobularcarcinoma,60,0.4603174603174603,L-Concrete,0.15,0.00165,0.2,1380125
other,23,0.6216216216216216,L-Concrete,0.15,0.00165,0.2,1380125
infiltratingductalcarcinoma,220,0.5839607201309329,L-Concrete,0.12,0.0066,0.2,1420123
infiltratinglobularcarcinoma,60,0.6349206349206349,L-Concrete,0.12,0.0066,0.2,1420123
other,23,0.5135135135135135,L-Concrete,0.12,0.0066,0.2,1420123
infiltratingductalcarcinoma,220,0.6602291325695581,L-Concrete,0.12,0.0066,0.2,1420124
infiltratinglobularcarcinoma,60,0.6613756613756614,L-Concrete,0.12,0.0066,0.2,1420124
other,23,0.3243243243243243,L-Concrete,0.12,0.0066,0.2,1420124
infiltratingductalcarcinoma,220,0.5993453355155482,L-Concrete,0.12,0.0066,0.2,1420125
infiltratinglobularcarcinoma,60,0.6402116402116402,L-Concrete,0.12,0.0066,0.2,1420125
other,23,0.5135135135135135,L-Concrete,0.12,0.0066,0.2,1420125
infiltratingductalcarcinoma,220,0.6559738134206219,L-Concrete,0.12,0.0044,0.2,1460123
infiltratinglobularcarcinoma,60,0.7513227513227513,L-Concrete,0.12,0.0044,0.2,1460123
other,23,0.6216216216216216,L-Concrete,0.12,0.0044,0.2,1460123
infiltratingductalcarcinoma,220,0.5924713584288053,L-Concrete,0.12,0.0044,0.2,1460124
infiltratinglobularcarcinoma,60,0.5291005291005291,L-Concrete,0.12,0.0044,0.2,1460124
other,23,0.4324324324324324,L-Concrete,0.12,0.0044,0.2,1460124
infiltratingductalcarcinoma,220,0.6392798690671031,L-Concrete,0.12,0.0044,0.2,1460125
infiltratinglobularcarcinoma,60,0.4867724867724867,L-Concrete,0.12,0.0044,0.2,1460125
other,23,0.6756756756756757,L-Concrete,0.12,0.0044,0.2,1460125
infiltratingductalcarcinoma,220,0.6189852700490999,L-Concrete,0.12,0.0033,0.2,1500123
infiltratinglobularcarcinoma,60,0.4708994708994709,L-Concrete,0.12,0.0033,0.2,1500123
other,23,0.7027027027027027,L-Concrete,0.12,0.0033,0.2,1500123
infiltratingductalcarcinoma,220,0.627823240589198,L-Concrete,0.12,0.0033,0.2,1500124
infiltratinglobularcarcinoma,60,0.4497354497354497,L-Concrete,0.12,0.0033,0.2,1500124
other,23,0.5405405405405406,L-Concrete,0.12,0.0033,0.2,1500124
infiltratingductalcarcinoma,220,0.5459901800327333,L-Concrete,0.12,0.0033,0.2,1500125
infiltratinglobularcarcinoma,60,0.3809523809523809,L-Concrete,0.12,0.0033,0.2,1500125
other,23,0.4054054054054054,L-Concrete,0.12,0.0033,0.2,1500125
infiltratingductalcarcinoma,220,0.6610474631751228,L-Concrete,0.12,0.00275,0.2,1540123
infiltratinglobularcarcinoma,60,0.4074074074074074,L-Concrete,0.12,0.00275,0.2,1540123
other,23,0.5405405405405406,L-Concrete,0.12,0.00275,0.2,1540123
infiltratingductalcarcinoma,220,0.4913256955810147,L-Concrete,0.12,0.00275,0.2,1540124
infiltratinglobularcarcinoma,60,0.4656084656084656,L-Concrete,0.12,0.00275,0.2,1540124
other,23,0.5135135135135135,L-Concrete,0.12,0.00275,0.2,1540124
infiltratingductalcarcinoma,220,0.5330605564648118,L-Concrete,0.12,0.00275,0.2,1540125
infiltratinglobularcarcinoma,60,0.4708994708994709,L-Concrete,0.12,0.00275,0.2,1540125
other,23,0.4054054054054054,L-Concrete,0.12,0.00275,0.2,1540125
infiltratingductalcarcinoma,220,0.5412438625204583,L-Concrete,0.12,0.00165,0.2,1580123
infiltratinglobularcarcinoma,60,0.291005291005291,L-Concrete,0.12,0.00165,0.2,1580123
other,23,0.5405405405405406,L-Concrete,0.12,0.00165,0.2,1580123
infiltratingductalcarcinoma,220,0.6919803600654665,L-Concrete,0.12,0.00165,0.2,1580124
infiltratinglobularcarcinoma,60,0.5396825396825397,L-Concrete,0.12,0.00165,0.2,1580124
other,23,0.5945945945945946,L-Concrete,0.12,0.00165,0.2,1580124
infiltratingductalcarcinoma,220,0.5654664484451718,L-Concrete,0.12,0.00165,0.2,1580125
infiltratinglobularcarcinoma,60,0.3783068783068783,L-Concrete,0.12,0.00165,0.2,1580125
other,23,0.5405405405405406,L-Concrete,0.12,0.00165,0.2,1580125
infiltratingductalcarcinoma,220,0.5404255319148936,LSPIN,0.15,0.014,0.4,30123
infiltratinglobularcarcinoma,60,0.5132275132275133,LSPIN,0.15,0.014,0.4,30123
other,23,0.5675675675675675,LSPIN,0.15,0.014,0.4,30123
infiltratingductalcarcinoma,220,0.6366612111292962,LSPIN,0.15,0.014,0.4,30124
infiltratinglobularcarcinoma,60,0.4973544973544973,LSPIN,0.15,0.014,0.4,30124
other,23,0.5945945945945946,LSPIN,0.15,0.014,0.4,30124
infiltratingductalcarcinoma,220,0.6435351882160393,LSPIN,0.15,0.014,0.4,30125
infiltratinglobularcarcinoma,60,0.455026455026455,LSPIN,0.15,0.014,0.4,30125
other,23,0.2972972972972973,LSPIN,0.15,0.014,0.4,30125
infiltratingductalcarcinoma,220,0.6353518821603928,LSPIN,0.15,0.0105,0.4,70123
infiltratinglobularcarcinoma,60,0.4444444444444444,LSPIN,0.15,0.0105,0.4,70123
other,23,0.6216216216216216,LSPIN,0.15,0.0105,0.4,70123
infiltratingductalcarcinoma,220,0.5862520458265139,LSPIN,0.15,0.0105,0.4,70124
infiltratinglobularcarcinoma,60,0.5396825396825397,LSPIN,0.15,0.0105,0.4,70124
other,23,0.6216216216216216,LSPIN,0.15,0.0105,0.4,70124
infiltratingductalcarcinoma,220,0.5980360065466448,LSPIN,0.15,0.0105,0.4,70125
infiltratinglobularcarcinoma,60,0.5079365079365079,LSPIN,0.15,0.0105,0.4,70125
other,23,0.5945945945945946,LSPIN,0.15,0.0105,0.4,70125
infiltratingductalcarcinoma,220,0.4916530278232406,LSPIN,0.15,0.00875,0.4,110123
infiltratinglobularcarcinoma,60,0.4973544973544973,LSPIN,0.15,0.00875,0.4,110123
other,23,0.5675675675675675,LSPIN,0.15,0.00875,0.4,110123
infiltratingductalcarcinoma,220,0.6130932896890343,LSPIN,0.15,0.00875,0.4,110124
infiltratinglobularcarcinoma,60,0.5555555555555556,LSPIN,0.15,0.00875,0.4,110124
other,23,0.4324324324324324,LSPIN,0.15,0.00875,0.4,110124
infiltratingductalcarcinoma,220,0.688379705400982,LSPIN,0.15,0.00875,0.4,110125
infiltratinglobularcarcinoma,60,0.5873015873015873,LSPIN,0.15,0.00875,0.4,110125
other,23,0.5945945945945946,LSPIN,0.15,0.00875,0.4,110125
infiltratingductalcarcinoma,220,0.6108019639934533,LSPIN,0.15,0.007,0.4,150123
infiltratinglobularcarcinoma,60,0.5132275132275133,LSPIN,0.15,0.007,0.4,150123
other,23,0.5675675675675675,LSPIN,0.15,0.007,0.4,150123
infiltratingductalcarcinoma,220,0.5996726677577742,LSPIN,0.15,0.007,0.4,150124
infiltratinglobularcarcinoma,60,0.5661375661375662,LSPIN,0.15,0.007,0.4,150124
other,23,0.5945945945945946,LSPIN,0.15,0.007,0.4,150124
infiltratingductalcarcinoma,220,0.6036006546644844,LSPIN,0.15,0.007,0.4,150125
infiltratinglobularcarcinoma,60,0.5714285714285714,LSPIN,0.15,0.007,0.4,150125
other,23,0.5405405405405406,LSPIN,0.15,0.007,0.4,150125
infiltratingductalcarcinoma,220,0.6693944353518821,LSPIN,0.15,0.00525,0.4,190123
infiltratinglobularcarcinoma,60,0.5185185185185185,LSPIN,0.15,0.00525,0.4,190123
other,23,0.4594594594594595,LSPIN,0.15,0.00525,0.4,190123
infiltratingductalcarcinoma,220,0.6389525368248773,LSPIN,0.15,0.00525,0.4,190124
infiltratinglobularcarcinoma,60,0.6243386243386243,LSPIN,0.15,0.00525,0.4,190124
other,23,0.5135135135135135,LSPIN,0.15,0.00525,0.4,190124
infiltratingductalcarcinoma,220,0.5623567921440262,LSPIN,0.15,0.00525,0.4,190125
infiltratinglobularcarcinoma,60,0.5925925925925926,LSPIN,0.15,0.00525,0.4,190125
other,23,0.5945945945945946,LSPIN,0.15,0.00525,0.4,190125
infiltratingductalcarcinoma,220,0.5585924713584288,LSPIN,0.12,0.014,0.4,230123
infiltratinglobularcarcinoma,60,0.8095238095238095,LSPIN,0.12,0.014,0.4,230123
other,23,0.6486486486486487,LSPIN,0.12,0.014,0.4,230123
infiltratingductalcarcinoma,220,0.6785597381342062,LSPIN,0.12,0.014,0.4,230124
infiltratinglobularcarcinoma,60,0.5132275132275133,LSPIN,0.12,0.014,0.4,230124
other,23,0.4594594594594595,LSPIN,0.12,0.014,0.4,230124
infiltratingductalcarcinoma,220,0.593126022913257,LSPIN,0.12,0.014,0.4,230125
infiltratinglobularcarcinoma,60,0.5873015873015873,LSPIN,0.12,0.014,0.4,230125
other,23,0.4594594594594595,LSPIN,0.12,0.014,0.4,230125
infiltratingductalcarcinoma,220,0.623240589198036,LSPIN,0.12,0.0105,0.4,270123
infiltratinglobularcarcinoma,60,0.4603174603174603,LSPIN,0.12,0.0105,0.4,270123
other,23,0.5675675675675675,LSPIN,0.12,0.0105,0.4,270123
infiltratingductalcarcinoma,220,0.4959083469721768,LSPIN,0.12,0.0105,0.4,270124
infiltratinglobularcarcinoma,60,0.6243386243386243,LSPIN,0.12,0.0105,0.4,270124
other,23,0.5405405405405406,LSPIN,0.12,0.0105,0.4,270124
infiltratingductalcarcinoma,220,0.6379705400981996,LSPIN,0.12,0.0105,0.4,270125
infiltratinglobularcarcinoma,60,0.3756613756613756,LSPIN,0.12,0.0105,0.4,270125
other,23,0.6216216216216216,LSPIN,0.12,0.0105,0.4,270125
infiltratingductalcarcinoma,220,0.6527004909983634,LSPIN,0.12,0.00875,0.4,310123
infiltratinglobularcarcinoma,60,0.5079365079365079,LSPIN,0.12,0.00875,0.4,310123
other,23,0.5405405405405406,LSPIN,0.12,0.00875,0.4,310123
infiltratingductalcarcinoma,220,0.6052373158756138,LSPIN,0.12,0.00875,0.4,310124
infiltratinglobularcarcinoma,60,0.5396825396825397,LSPIN,0.12,0.00875,0.4,310124
other,23,0.5135135135135135,LSPIN,0.12,0.00875,0.4,310124
infiltratingductalcarcinoma,220,0.623240589198036,LSPIN,0.12,0.00875,0.4,310125
infiltratinglobularcarcinoma,60,0.5185185185185185,LSPIN,0.12,0.00875,0.4,310125
other,23,0.6756756756756757,LSPIN,0.12,0.00875,0.4,310125
infiltratingductalcarcinoma,220,0.5695581014729951,LSPIN,0.12,0.007,0.4,350123
infiltratinglobularcarcinoma,60,0.3703703703703703,LSPIN,0.12,0.007,0.4,350123
other,23,0.6216216216216216,LSPIN,0.12,0.007,0.4,350123
infiltratingductalcarcinoma,220,0.6209492635024549,LSPIN,0.12,0.007,0.4,350124
infiltratinglobularcarcinoma,60,0.5555555555555556,LSPIN,0.12,0.007,0.4,350124
other,23,0.6756756756756757,LSPIN,0.12,0.007,0.4,350124
infiltratingductalcarcinoma,220,0.6065466448445171,LSPIN,0.12,0.007,0.4,350125
infiltratinglobularcarcinoma,60,0.5978835978835979,LSPIN,0.12,0.007,0.4,350125
other,23,0.5405405405405406,LSPIN,0.12,0.007,0.4,350125
infiltratingductalcarcinoma,220,0.6589198036006547,LSPIN,0.12,0.00525,0.4,390123
infiltratinglobularcarcinoma,60,0.5608465608465608,LSPIN,0.12,0.00525,0.4,390123
other,23,0.4324324324324324,LSPIN,0.12,0.00525,0.4,390123
infiltratingductalcarcinoma,220,0.6536824877250409,LSPIN,0.12,0.00525,0.4,390124
infiltratinglobularcarcinoma,60,0.4232804232804232,LSPIN,0.12,0.00525,0.4,390124
other,23,0.4864864864864865,LSPIN,0.12,0.00525,0.4,390124
infiltratingductalcarcinoma,220,0.6631751227495908,LSPIN,0.12,0.00525,0.4,390125
infiltratinglobularcarcinoma,60,0.6455026455026455,LSPIN,0.12,0.00525,0.4,390125
other,23,0.5675675675675675,LSPIN,0.12,0.00525,0.4,390125
infiltratingductalcarcinoma,220,0.5718494271685761,L-LSPIN,0.15,0.021,0.4,430123
infiltratinglobularcarcinoma,60,0.4973544973544973,L-LSPIN,0.15,0.021,0.4,430123
other,23,0.7297297297297297,L-LSPIN,0.15,0.021,0.4,430123
infiltratingductalcarcinoma,220,0.5967266775777414,L-LSPIN,0.15,0.021,0.4,430124
infiltratinglobularcarcinoma,60,0.492063492063492,L-LSPIN,0.15,0.021,0.4,430124
other,23,0.5135135135135135,L-LSPIN,0.15,0.021,0.4,430124
infiltratingductalcarcinoma,220,0.6085106382978723,L-LSPIN,0.15,0.021,0.4,430125
infiltratinglobularcarcinoma,60,0.3968253968253968,L-LSPIN,0.15,0.021,0.4,430125
other,23,0.3513513513513513,L-LSPIN,0.15,0.021,0.4,430125
infiltratingductalcarcinoma,220,0.6052373158756138,L-LSPIN,0.15,0.014,0.4,470123
infiltratinglobularcarcinoma,60,0.7037037037037037,L-LSPIN,0.15,0.014,0.4,470123
other,23,0.5405405405405406,L-LSPIN,0.15,0.014,0.4,470123
infiltratingductalcarcinoma,220,0.6965630114566285,L-LSPIN,0.15,0.014,0.4,470124
infiltratinglobularcarcinoma,60,0.5238095238095238,L-LSPIN,0.15,0.014,0.4,470124
other,23,0.3513513513513513,L-LSPIN,0.15,0.014,0.4,470124
infiltratingductalcarcinoma,220,0.6242225859247136,L-LSPIN,0.15,0.014,0.4,470125
infiltratinglobularcarcinoma,60,0.582010582010582,L-LSPIN,0.15,0.014,0.4,470125
other,23,0.5405405405405406,L-LSPIN,0.15,0.014,0.4,470125
infiltratingductalcarcinoma,220,0.581342062193126,L-LSPIN,0.15,0.0105,0.4,510123
infiltratinglobularcarcinoma,60,0.6243386243386243,L-LSPIN,0.15,0.0105,0.4,510123
other,23,0.7297297297297297,L-LSPIN,0.15,0.0105,0.4,510123
infiltratingductalcarcinoma,220,0.5793780687397708,L-LSPIN,0.15,0.0105,0.4,510124
infiltratinglobularcarcinoma,60,0.4338624338624338,L-LSPIN,0.15,0.0105,0.4,510124
other,23,0.5945945945945946,L-LSPIN,0.15,0.0105,0.4,510124
infiltratingductalcarcinoma,220,0.6847790507364976,L-LSPIN,0.15,0.0105,0.4,510125
infiltratinglobularcarcinoma,60,0.5132275132275133,L-LSPIN,0.15,0.0105,0.4,510125
other,23,0.5405405405405406,L-LSPIN,0.15,0.0105,0.4,510125
infiltratingductalcarcinoma,220,0.6536824877250409,L-LSPIN,0.15,0.00875,0.4,550123
infiltratinglobularcarcinoma,60,0.656084656084656,L-LSPIN,0.15,0.00875,0.4,550123
other,23,0.5405405405405406,L-LSPIN,0.15,0.00875,0.4,550123
infiltratingductalcarcinoma,220,0.6173486088379705,L-LSPIN,0.15,0.00875,0.4,550124
infiltratinglobularcarcinoma,60,0.6296296296296297,L-LSPIN,0.15,0.00875,0.4,550124
other,23,0.4324324324324324,L-LSPIN,0.15,0.00875,0.4,550124
infiltratingductalcarcinoma,220,0.5476268412438625,L-LSPIN,0.15,0.00875,0.4,550125
infiltratinglobularcarcinoma,60,0.4603174603174603,L-LSPIN,0.15,0.00875,0.4,550125
other,23,0.5675675675675675,L-LSPIN,0.15,0.00875,0.4,550125
infiltratingductalcarcinoma,220,0.6733224222585925,L-LSPIN,0.15,0.007,0.4,590123
infiltratinglobularcarcinoma,60,0.7777777777777778,L-LSPIN,0.15,0.007,0.4,590123
other,23,0.4864864864864865,L-LSPIN,0.15,0.007,0.4,590123
infiltratingductalcarcinoma,220,0.646481178396072,L-LSPIN,0.15,0.007,0.4,590124
infiltratinglobularcarcinoma,60,0.5238095238095238,L-LSPIN,0.15,0.007,0.4,590124
other,23,0.5945945945945946,L-LSPIN,0.15,0.007,0.4,590124
infiltratingductalcarcinoma,220,0.5679214402618658,L-LSPIN,0.15,0.007,0.4,590125
infiltratinglobularcarcinoma,60,0.5291005291005291,L-LSPIN,0.15,0.007,0.4,590125
other,23,0.4054054054054054,L-LSPIN,0.15,0.007,0.4,590125
infiltratingductalcarcinoma,220,0.6075286415711948,L-LSPIN,0.12,0.021,0.4,630123
infiltratinglobularcarcinoma,60,0.455026455026455,L-LSPIN,0.12,0.021,0.4,630123
other,23,0.5135135135135135,L-LSPIN,0.12,0.021,0.4,630123
infiltratingductalcarcinoma,220,0.576759410801964,L-LSPIN,0.12,0.021,0.4,630124
infiltratinglobularcarcinoma,60,0.6772486772486772,L-LSPIN,0.12,0.021,0.4,630124
other,23,0.5135135135135135,L-LSPIN,0.12,0.021,0.4,630124
infiltratingductalcarcinoma,220,0.567266775777414,L-LSPIN,0.12,0.021,0.4,630125
infiltratinglobularcarcinoma,60,0.5661375661375662,L-LSPIN,0.12,0.021,0.4,630125
other,23,0.5675675675675675,L-LSPIN,0.12,0.021,0.4,630125
infiltratingductalcarcinoma,220,0.6595744680851063,L-LSPIN,0.12,0.014,0.4,670123
infiltratinglobularcarcinoma,60,0.582010582010582,L-LSPIN,0.12,0.014,0.4,670123
other,23,0.6756756756756757,L-LSPIN,0.12,0.014,0.4,670123
infiltratingductalcarcinoma,220,0.6340425531914894,L-LSPIN,0.12,0.014,0.4,670124
infiltratinglobularcarcinoma,60,0.4285714285714285,L-LSPIN,0.12,0.014,0.4,670124
other,23,0.5405405405405406,L-LSPIN,0.12,0.014,0.4,670124
infiltratingductalcarcinoma,220,0.6543371522094926,L-LSPIN,0.12,0.014,0.4,670125
infiltratinglobularcarcinoma,60,0.4867724867724867,L-LSPIN,0.12,0.014,0.4,670125
other,23,0.5675675675675675,L-LSPIN,0.12,0.014,0.4,670125
infiltratingductalcarcinoma,220,0.6358428805237316,L-LSPIN,0.12,0.0105,0.4,710123
infiltratinglobularcarcinoma,60,0.3809523809523809,L-LSPIN,0.12,0.0105,0.4,710123
other,23,0.5945945945945946,L-LSPIN,0.12,0.0105,0.4,710123
infiltratingductalcarcinoma,220,0.7181669394435352,L-LSPIN,0.12,0.0105,0.4,710124
infiltratinglobularcarcinoma,60,0.6931216931216931,L-LSPIN,0.12,0.0105,0.4,710124
other,23,0.3783783783783784,L-LSPIN,0.12,0.0105,0.4,710124
infiltratingductalcarcinoma,220,0.5342062193126023,L-LSPIN,0.12,0.0105,0.4,710125
infiltratinglobularcarcinoma,60,0.4761904761904761,L-LSPIN,0.12,0.0105,0.4,710125
other,23,0.8108108108108109,L-LSPIN,0.12,0.0105,0.4,710125
infiltratingductalcarcinoma,220,0.6831423895253682,L-LSPIN,0.12,0.00875,0.4,750123
infiltratinglobularcarcinoma,60,0.6507936507936508,L-LSPIN,0.12,0.00875,0.4,750123
other,23,0.6216216216216216,L-LSPIN,0.12,0.00875,0.4,750123
infiltratingductalcarcinoma,220,0.6589198036006547,L-LSPIN,0.12,0.00875,0.4,750124
infiltratinglobularcarcinoma,60,0.4629629629629629,L-LSPIN,0.12,0.00875,0.4,750124
other,23,0.4324324324324324,L-LSPIN,0.12,0.00875,0.4,750124
infiltratingductalcarcinoma,220,0.6490998363338789,L-LSPIN,0.12,0.00875,0.4,750125
infiltratinglobularcarcinoma,60,0.6190476190476191,L-LSPIN,0.12,0.00875,0.4,750125
other,23,0.4594594594594595,L-LSPIN,0.12,0.00875,0.4,750125
infiltratingductalcarcinoma,220,0.523240589198036,L-LSPIN,0.12,0.007,0.4,790123
infiltratinglobularcarcinoma,60,0.6402116402116402,L-LSPIN,0.12,0.007,0.4,790123
other,23,0.5675675675675675,L-LSPIN,0.12,0.007,0.4,790123
infiltratingductalcarcinoma,220,0.7004909983633388,L-LSPIN,0.12,0.007,0.4,790124
infiltratinglobularcarcinoma,60,0.4814814814814814,L-LSPIN,0.12,0.007,0.4,790124
other,23,0.4864864864864865,L-LSPIN,0.12,0.007,0.4,790124
infiltratingductalcarcinoma,220,0.6088379705400983,L-LSPIN,0.12,0.007,0.4,790125
infiltratinglobularcarcinoma,60,0.5132275132275133,L-LSPIN,0.12,0.007,0.4,790125
other,23,0.6486486486486487,L-LSPIN,0.12,0.007,0.4,790125
infiltratingductalcarcinoma,220,0.5358428805237316,Concrete,0.15,0.0055,0.4,830123
infiltratinglobularcarcinoma,60,0.4444444444444444,Concrete,0.15,0.0055,0.4,830123
other,23,0.2162162162162162,Concrete,0.15,0.0055,0.4,830123
infiltratingductalcarcinoma,220,0.5374795417348609,Concrete,0.15,0.0055,0.4,830124
infiltratinglobularcarcinoma,60,0.7724867724867724,Concrete,0.15,0.0055,0.4,830124
other,23,0.3243243243243243,Concrete,0.15,0.0055,0.4,830124
infiltratingductalcarcinoma,220,0.678887070376432,Concrete,0.15,0.0055,0.4,830125
infiltratinglobularcarcinoma,60,0.6296296296296297,Concrete,0.15,0.0055,0.4,830125
other,23,0.4594594594594595,Concrete,0.15,0.0055,0.4,830125
infiltratingductalcarcinoma,220,0.5391162029459902,Concrete,0.15,0.0044,0.4,870123
infiltratinglobularcarcinoma,60,0.455026455026455,Concrete,0.15,0.0044,0.4,870123
other,23,0.4864864864864865,Concrete,0.15,0.0044,0.4,870123
infiltratingductalcarcinoma,220,0.4824877250409165,Concrete,0.15,0.0044,0.4,870124
infiltratinglobularcarcinoma,60,0.2328042328042328,Concrete,0.15,0.0044,0.4,870124
other,23,0.4324324324324324,Concrete,0.15,0.0044,0.4,870124
infiltratingductalcarcinoma,220,0.5073649754500819,Concrete,0.15,0.0044,0.4,870125
infiltratinglobularcarcinoma,60,0.5343915343915344,Concrete,0.15,0.0044,0.4,870125
other,23,0.3783783783783784,Concrete,0.15,0.0044,0.4,870125
infiltratingductalcarcinoma,220,0.6376432078559738,Concrete,0.15,0.0033,0.4,910123
infiltratinglobularcarcinoma,60,0.492063492063492,Concrete,0.15,0.0033,0.4,910123
other,23,0.5135135135135135,Concrete,0.15,0.0033,0.4,910123
infiltratingductalcarcinoma,220,0.4851063829787234,Concrete,0.15,0.0033,0.4,910124
infiltratinglobularcarcinoma,60,0.5132275132275133,Concrete,0.15,0.0033,0.4,910124
other,23,0.4324324324324324,Concrete,0.15,0.0033,0.4,910124
infiltratingductalcarcinoma,220,0.5800327332242226,Concrete,0.15,0.0033,0.4,910125
infiltratinglobularcarcinoma,60,0.5238095238095238,Concrete,0.15,0.0033,0.4,910125
other,23,0.3783783783783784,Concrete,0.15,0.0033,0.4,910125
infiltratingductalcarcinoma,220,0.5842880523731587,Concrete,0.15,0.00275,0.4,950123
infiltratinglobularcarcinoma,60,0.4708994708994709,Concrete,0.15,0.00275,0.4,950123
other,23,0.6216216216216216,Concrete,0.15,0.00275,0.4,950123
infiltratingductalcarcinoma,220,0.6543371522094926,Concrete,0.15,0.00275,0.4,950124
infiltratinglobularcarcinoma,60,0.7301587301587301,Concrete,0.15,0.00275,0.4,950124
other,23,0.4864864864864865,Concrete,0.15,0.00275,0.4,950124
infiltratingductalcarcinoma,220,0.6772504091653028,Concrete,0.15,0.00275,0.4,950125
infiltratinglobularcarcinoma,60,0.4708994708994709,Concrete,0.15,0.00275,0.4,950125
other,23,0.5945945945945946,Concrete,0.15,0.00275,0.4,950125
infiltratingductalcarcinoma,220,0.5963993453355155,Concrete,0.15,0.0022,0.4,990123
infiltratinglobularcarcinoma,60,0.6031746031746031,Concrete,0.15,0.0022,0.4,990123
other,23,0.2702702702702703,Concrete,0.15,0.0022,0.4,990123
infiltratingductalcarcinoma,220,0.639607201309329,Concrete,0.15,0.0022,0.4,990124
infiltratinglobularcarcinoma,60,0.6031746031746031,Concrete,0.15,0.0022,0.4,990124
other,23,0.4864864864864865,Concrete,0.15,0.0022,0.4,990124
infiltratingductalcarcinoma,220,0.5829787234042553,Concrete,0.15,0.0022,0.4,990125
infiltratinglobularcarcinoma,60,0.5767195767195767,Concrete,0.15,0.0022,0.4,990125
other,23,0.3783783783783784,Concrete,0.15,0.0022,0.4,990125
infiltratingductalcarcinoma,220,0.5309328968903437,Concrete,0.12,0.0055,0.4,1030123
infiltratinglobularcarcinoma,60,0.5238095238095238,Concrete,0.12,0.0055,0.4,1030123
other,23,0.4054054054054054,Concrete,0.12,0.0055,0.4,1030123
infiltratingductalcarcinoma,220,0.6523731587561374,Concrete,0.12,0.0055,0.4,1030124
infiltratinglobularcarcinoma,60,0.5925925925925926,Concrete,0.12,0.0055,0.4,1030124
other,23,0.2972972972972973,Concrete,0.12,0.0055,0.4,1030124
infiltratingductalcarcinoma,220,0.6968903436988544,Concrete,0.12,0.0055,0.4,1030125
infiltratinglobularcarcinoma,60,0.582010582010582,Concrete,0.12,0.0055,0.4,1030125
other,23,0.8378378378378378,Concrete,0.12,0.0055,0.4,1030125
infiltratingductalcarcinoma,220,0.6124386252045827,Concrete,0.12,0.0044,0.4,1070123
infiltratinglobularcarcinoma,60,0.7936507936507936,Concrete,0.12,0.0044,0.4,1070123
other,23,0.2162162162162162,Concrete,0.12,0.0044,0.4,1070123
infiltratingductalcarcinoma,220,0.4775777414075286,Concrete,0.12,0.0044,0.4,1070124
infiltratinglobularcarcinoma,60,0.5767195767195767,Concrete,0.12,0.0044,0.4,1070124
other,23,0.3513513513513513,Concrete,0.12,0.0044,0.4,1070124
infiltratingductalcarcinoma,220,0.5037643207855974,Concrete,0.12,0.0044,0.4,1070125
infiltratinglobularcarcinoma,60,0.4285714285714285,Concrete,0.12,0.0044,0.4,1070125
other,23,0.5945945945945946,Concrete,0.12,0.0044,0.4,1070125
infiltratingductalcarcinoma,220,0.5518821603927987,Concrete,0.12,0.0033,0.4,1110123
infiltratinglobularcarcinoma,60,0.291005291005291,Concrete,0.12,0.0033,0.4,1110123
other,23,0.3513513513513513,Concrete,0.12,0.0033,0.4,1110123
infiltratingductalcarcinoma,220,0.5355155482815057,Concrete,0.12,0.0033,0.4,1110124
infiltratinglobularcarcinoma,60,0.6878306878306878,Concrete,0.12,0.0033,0.4,1110124
other,23,0.5405405405405406,Concrete,0.12,0.0033,0.4,1110124
infiltratingductalcarcinoma,220,0.5423895253682488,Concrete,0.12,0.0033,0.4,1110125
infiltratinglobularcarcinoma,60,0.5502645502645502,Concrete,0.12,0.0033,0.4,1110125
other,23,0.5405405405405406,Concrete,0.12,0.0033,0.4,1110125
infiltratingductalcarcinoma,220,0.5358428805237316,Concrete,0.12,0.00275,0.4,1150123
infiltratinglobularcarcinoma,60,0.4179894179894179,Concrete,0.12,0.00275,0.4,1150123
other,23,0.2972972972972973,Concrete,0.12,0.00275,0.4,1150123
infiltratingductalcarcinoma,220,0.5947626841243863,Concrete,0.12,0.00275,0.4,1150124
infiltratinglobularcarcinoma,60,0.6402116402116402,Concrete,0.12,0.00275,0.4,1150124
other,23,0.945945945945946,Concrete,0.12,0.00275,0.4,1150124
infiltratingductalcarcinoma,220,0.5067103109656301,Concrete,0.12,0.00275,0.4,1150125
infiltratinglobularcarcinoma,60,0.3756613756613756,Concrete,0.12,0.00275,0.4,1150125
other,23,0.4324324324324324,Concrete,0.12,0.00275,0.4,1150125
infiltratingductalcarcinoma,220,0.6098199672667758,Concrete,0.12,0.0022,0.4,1190123
infiltratinglobularcarcinoma,60,0.5026455026455027,Concrete,0.12,0.0022,0.4,1190123
other,23,0.5405405405405406,Concrete,0.12,0.0022,0.4,1190123
infiltratingductalcarcinoma,220,0.5112929623567921,Concrete,0.12,0.0022,0.4,1190124
infiltratinglobularcarcinoma,60,0.5608465608465608,Concrete,0.12,0.0022,0.4,1190124
other,23,0.5675675675675675,Concrete,0.12,0.0022,0.4,1190124
infiltratingductalcarcinoma,220,0.5643207855973813,Concrete,0.12,0.0022,0.4,1190125
infiltratinglobularcarcinoma,60,0.3174603174603174,Concrete,0.12,0.0022,0.4,1190125
other,23,0.2972972972972973,Concrete,0.12,0.0022,0.4,1190125
infiltratingductalcarcinoma,220,0.644189852700491,L-Concrete,0.15,0.0066,0.4,1230123
infiltratinglobularcarcinoma,60,0.5079365079365079,L-Concrete,0.15,0.0066,0.4,1230123
other,23,0.4594594594594595,L-Concrete,0.15,0.0066,0.4,1230123
infiltratingductalcarcinoma,220,0.6261865793780688,L-Concrete,0.15,0.0066,0.4,1230124
infiltratinglobularcarcinoma,60,0.4444444444444444,L-Concrete,0.15,0.0066,0.4,1230124
other,23,0.8108108108108109,L-Concrete,0.15,0.0066,0.4,1230124
infiltratingductalcarcinoma,220,0.5839607201309329,L-Concrete,0.15,0.0066,0.4,1230125
infiltratinglobularcarcinoma,60,0.544973544973545,L-Concrete,0.15,0.0066,0.4,1230125
other,23,0.5405405405405406,L-Concrete,0.15,0.0066,0.4,1230125
infiltratingductalcarcinoma,220,0.5564648117839607,L-Concrete,0.15,0.0044,0.4,1270123
infiltratinglobularcarcinoma,60,0.7671957671957672,L-Concrete,0.15,0.0044,0.4,1270123
other,23,0.4054054054054054,L-Concrete,0.15,0.0044,0.4,1270123
infiltratingductalcarcinoma,220,0.611783960720131,L-Concrete,0.15,0.0044,0.4,1270124
infiltratinglobularcarcinoma,60,0.4497354497354497,L-Concrete,0.15,0.0044,0.4,1270124
other,23,0.6216216216216216,L-Concrete,0.15,0.0044,0.4,1270124
infiltratingductalcarcinoma,220,0.6621931260229132,L-Concrete,0.15,0.0044,0.4,1270125
infiltratinglobularcarcinoma,60,0.5873015873015873,L-Concrete,0.15,0.0044,0.4,1270125
other,23,0.5135135135135135,L-Concrete,0.15,0.0044,0.4,1270125
infiltratingductalcarcinoma,220,0.6563011456628478,L-Concrete,0.15,0.0033,0.4,1310123
infiltratinglobularcarcinoma,60,0.6931216931216931,L-Concrete,0.15,0.0033,0.4,1310123
other,23,0.4594594594594595,L-Concrete,0.15,0.0033,0.4,1310123
infiltratingductalcarcinoma,220,0.5702127659574469,L-Concrete,0.15,0.0033,0.4,1310124
infiltratinglobularcarcinoma,60,0.4814814814814814,L-Concrete,0.15,0.0033,0.4,1310124
other,23,0.6216216216216216,L-Concrete,0.15,0.0033,0.4,1310124
infiltratingductalcarcinoma,220,0.579214402618658,L-Concrete,0.15,0.0033,0.4,1310125
infiltratinglobularcarcinoma,60,0.3492063492063492,L-Concrete,0.15,0.0033,0.4,1310125
other,23,0.5405405405405406,L-Concrete,0.15,0.0033,0.4,1310125
infiltratingductalcarcinoma,220,0.5826513911620295,L-Concrete,0.15,0.00275,0.4,1350123
infiltratinglobularcarcinoma,60,0.4391534391534391,L-Concrete,0.15,0.00275,0.4,1350123
other,23,0.5405405405405406,L-Concrete,0.15,0.00275,0.4,1350123
infiltratingductalcarcinoma,220,0.5937806873977087,L-Concrete,0.15,0.00275,0.4,1350124
infiltratinglobularcarcinoma,60,0.3915343915343915,L-Concrete,0.15,0.00275,0.4,1350124
other,23,0.5675675675675675,L-Concrete,0.15,0.00275,0.4,1350124
infiltratingductalcarcinoma,220,0.5458265139116203,L-Concrete,0.15,0.00275,0.4,1350125
infiltratinglobularcarcinoma,60,0.3862433862433862,L-Concrete,0.15,0.00275,0.4,1350125
other,23,0.4594594594594595,L-Concrete,0.15,0.00275,0.4,1350125
infiltratingductalcarcinoma,220,0.5846153846153846,L-Concrete,0.15,0.00165,0.4,1390123
infiltratinglobularcarcinoma,60,0.3571428571428571,L-Concrete,0.15,0.00165,0.4,1390123
other,23,0.5540540540540541,L-Concrete,0.15,0.00165,0.4,1390123
infiltratingductalcarcinoma,220,0.5839607201309329,L-Concrete,0.15,0.00165,0.4,1390124
infiltratinglobularcarcinoma,60,0.3941798941798942,L-Concrete,0.15,0.00165,0.4,1390124
other,23,0.527027027027027,L-Concrete,0.15,0.00165,0.4,1390124
infiltratingductalcarcinoma,220,0.5867430441898527,L-Concrete,0.15,0.00165,0.4,1390125
infiltratinglobularcarcinoma,60,0.455026455026455,L-Concrete,0.15,0.00165,0.4,1390125
other,23,0.5540540540540541,L-Concrete,0.15,0.00165,0.4,1390125
infiltratingductalcarcinoma,220,0.7037643207855974,L-Concrete,0.12,0.0066,0.4,1430123
infiltratinglobularcarcinoma,60,0.6349206349206349,L-Concrete,0.12,0.0066,0.4,1430123
other,23,0.5405405405405406,L-Concrete,0.12,0.0066,0.4,1430123
infiltratingductalcarcinoma,220,0.5564648117839607,L-Concrete,0.12,0.0066,0.4,1430124
infiltratinglobularcarcinoma,60,0.4656084656084656,L-Concrete,0.12,0.0066,0.4,1430124
other,23,0.4324324324324324,L-Concrete,0.12,0.0066,0.4,1430124
infiltratingductalcarcinoma,220,0.6461538461538462,L-Concrete,0.12,0.0066,0.4,1430125
infiltratinglobularcarcinoma,60,0.6190476190476191,L-Concrete,0.12,0.0066,0.4,1430125
other,23,0.6486486486486487,L-Concrete,0.12,0.0066,0.4,1430125
infiltratingductalcarcinoma,220,0.6147299509001637,L-Concrete,0.12,0.0044,0.4,1470123
infiltratinglobularcarcinoma,60,0.5555555555555556,L-Concrete,0.12,0.0044,0.4,1470123
other,23,0.5135135135135135,L-Concrete,0.12,0.0044,0.4,1470123
infiltratingductalcarcinoma,220,0.5957446808510638,L-Concrete,0.12,0.0044,0.4,1470124
infiltratinglobularcarcinoma,60,0.671957671957672,L-Concrete,0.12,0.0044,0.4,1470124
other,23,0.6216216216216216,L-Concrete,0.12,0.0044,0.4,1470124
infiltratingductalcarcinoma,220,0.692962356792144,L-Concrete,0.12,0.0044,0.4,1470125
infiltratinglobularcarcinoma,60,0.5079365079365079,L-Concrete,0.12,0.0044,0.4,1470125
other,23,0.7297297297297297,L-Concrete,0.12,0.0044,0.4,1470125
infiltratingductalcarcinoma,220,0.5888707037643208,L-Concrete,0.12,0.0033,0.4,1510123
infiltratinglobularcarcinoma,60,0.5555555555555556,L-Concrete,0.12,0.0033,0.4,1510123
other,23,0.5945945945945946,L-Concrete,0.12,0.0033,0.4,1510123
infiltratingductalcarcinoma,220,0.5224222585924714,L-Concrete,0.12,0.0033,0.4,1510124
infiltratinglobularcarcinoma,60,0.4391534391534391,L-Concrete,0.12,0.0033,0.4,1510124
other,23,0.5675675675675675,L-Concrete,0.12,0.0033,0.4,1510124
infiltratingductalcarcinoma,220,0.6497545008183306,L-Concrete,0.12,0.0033,0.4,1510125
infiltratinglobularcarcinoma,60,0.7301587301587301,L-Concrete,0.12,0.0033,0.4,1510125
other,23,0.5945945945945946,L-Concrete,0.12,0.0033,0.4,1510125
infiltratingductalcarcinoma,220,0.5890343698854337,L-Concrete,0.12,0.00275,0.4,1550123
infiltratinglobularcarcinoma,60,0.4761904761904761,L-Concrete,0.12,0.00275,0.4,1550123
other,23,0.5675675675675675,L-Concrete,0.12,0.00275,0.4,1550123
infiltratingductalcarcinoma,220,0.6340425531914894,L-Concrete,0.12,0.00275,0.4,1550124
infiltratinglobularcarcinoma,60,0.5714285714285714,L-Concrete,0.12,0.00275,0.4,1550124
other,23,0.5135135135135135,L-Concrete,0.12,0.00275,0.4,1550124
infiltratingductalcarcinoma,220,0.6202945990180033,L-Concrete,0.12,0.00275,0.4,1550125
infiltratinglobularcarcinoma,60,0.3121693121693121,L-Concrete,0.12,0.00275,0.4,1550125
other,23,0.4864864864864865,L-Concrete,0.12,0.00275,0.4,1550125
infiltratingductalcarcinoma,220,0.5968903436988543,L-Concrete,0.12,0.00165,0.4,1590123
infiltratinglobularcarcinoma,60,0.3492063492063492,L-Concrete,0.12,0.00165,0.4,1590123
other,23,0.4054054054054054,L-Concrete,0.12,0.00165,0.4,1590123
infiltratingductalcarcinoma,220,0.6517184942716857,L-Concrete,0.12,0.00165,0.4,1590124
infiltratinglobularcarcinoma,60,0.6296296296296297,L-Concrete,0.12,0.00165,0.4,1590124
other,23,0.5405405405405406,L-Concrete,0.12,0.00165,0.4,1590124
infiltratingductalcarcinoma,220,0.5661211129296235,L-Concrete,0.12,0.00165,0.4,1590125
infiltratinglobularcarcinoma,60,0.5026455026455027,L-Concrete,0.12,0.00165,0.4,1590125
other,23,0.4864864864864865,L-Concrete,0.12,0.00165,0.4,1590125
infiltratingductalcarcinoma,220,0.5682487725040917,LSPIN,0.15,0.014,0.0,123
infiltratinglobularcarcinoma,60,0.544973544973545,LSPIN,0.15,0.014,0.0,123
other,23,0.3513513513513513,LSPIN,0.15,0.014,0.0,123
infiltratingductalcarcinoma,220,0.6481178396072013,LSPIN,0.15,0.014,0.0,124
infiltratinglobularcarcinoma,60,0.4444444444444444,LSPIN,0.15,0.014,0.0,124
other,23,0.3783783783783784,LSPIN,0.15,0.014,0.0,124
infiltratingductalcarcinoma,220,0.5682487725040917,LSPIN,0.15,0.014,0.0,125
infiltratinglobularcarcinoma,60,0.582010582010582,LSPIN,0.15,0.014,0.0,125
other,23,0.6756756756756757,LSPIN,0.15,0.014,0.0,125
infiltratingductalcarcinoma,220,0.5960720130932897,LSPIN,0.15,0.0105,0.0,40123
infiltratinglobularcarcinoma,60,0.4391534391534391,LSPIN,0.15,0.0105,0.0,40123
other,23,0.5405405405405406,LSPIN,0.15,0.0105,0.0,40123
infiltratingductalcarcinoma,220,0.5309328968903437,LSPIN,0.15,0.0105,0.0,40124
infiltratinglobularcarcinoma,60,0.582010582010582,LSPIN,0.15,0.0105,0.0,40124
other,23,0.5405405405405406,LSPIN,0.15,0.0105,0.0,40124
infiltratingductalcarcinoma,220,0.5034369885433715,LSPIN,0.15,0.0105,0.0,40125
infiltratinglobularcarcinoma,60,0.5714285714285714,LSPIN,0.15,0.0105,0.0,40125
other,23,0.5405405405405406,LSPIN,0.15,0.0105,0.0,40125
infiltratingductalcarcinoma,220,0.5888707037643208,LSPIN,0.15,0.00875,0.0,80123
infiltratinglobularcarcinoma,60,0.5873015873015873,LSPIN,0.15,0.00875,0.0,80123
other,23,0.4594594594594595,LSPIN,0.15,0.00875,0.0,80123
infiltratingductalcarcinoma,220,0.6291325695581015,LSPIN,0.15,0.00875,0.0,80124
infiltratinglobularcarcinoma,60,0.5291005291005291,LSPIN,0.15,0.00875,0.0,80124
other,23,0.4864864864864865,LSPIN,0.15,0.00875,0.0,80124
infiltratingductalcarcinoma,220,0.6121112929623568,LSPIN,0.15,0.00875,0.0,80125
infiltratinglobularcarcinoma,60,0.5661375661375662,LSPIN,0.15,0.00875,0.0,80125
other,23,0.5135135135135135,LSPIN,0.15,0.00875,0.0,80125
infiltratingductalcarcinoma,220,0.6,LSPIN,0.15,0.007,0.0,120123
infiltratinglobularcarcinoma,60,0.8148148148148148,LSPIN,0.15,0.007,0.0,120123
other,23,0.4864864864864865,LSPIN,0.15,0.007,0.0,120123
infiltratingductalcarcinoma,220,0.5384615384615384,LSPIN,0.15,0.007,0.0,120124
infiltratinglobularcarcinoma,60,0.5185185185185185,LSPIN,0.15,0.007,0.0,120124
other,23,0.4324324324324324,LSPIN,0.15,0.007,0.0,120124
infiltratingductalcarcinoma,220,0.5918166939443535,LSPIN,0.15,0.007,0.0,120125
infiltratinglobularcarcinoma,60,0.5343915343915344,LSPIN,0.15,0.007,0.0,120125
other,23,0.5945945945945946,LSPIN,0.15,0.007,0.0,120125
infiltratingductalcarcinoma,220,0.6432078559738135,LSPIN,0.15,0.00525,0.0,160123
infiltratinglobularcarcinoma,60,0.4391534391534391,LSPIN,0.15,0.00525,0.0,160123
other,23,0.6756756756756757,LSPIN,0.15,0.00525,0.0,160123
infiltratingductalcarcinoma,220,0.6101472995090016,LSPIN,0.15,0.00525,0.0,160124
infiltratinglobularcarcinoma,60,0.492063492063492,LSPIN,0.15,0.00525,0.0,160124
other,23,0.3513513513513513,LSPIN,0.15,0.00525,0.0,160124
infiltratingductalcarcinoma,220,0.6196399345335516,LSPIN,0.15,0.00525,0.0,160125
infiltratinglobularcarcinoma,60,0.4708994708994709,LSPIN,0.15,0.00525,0.0,160125
other,23,0.6486486486486487,LSPIN,0.15,0.00525,0.0,160125
infiltratingductalcarcinoma,220,0.5803600654664485,LSPIN,0.12,0.014,0.0,200123
infiltratinglobularcarcinoma,60,0.7513227513227513,LSPIN,0.12,0.014,0.0,200123
other,23,0.6216216216216216,LSPIN,0.12,0.014,0.0,200123
infiltratingductalcarcinoma,220,0.6072013093289689,LSPIN,0.12,0.014,0.0,200124
infiltratinglobularcarcinoma,60,0.6243386243386243,LSPIN,0.12,0.014,0.0,200124
other,23,0.5675675675675675,LSPIN,0.12,0.014,0.0,200124
infiltratingductalcarcinoma,220,0.5561374795417349,LSPIN,0.12,0.014,0.0,200125
infiltratinglobularcarcinoma,60,0.6084656084656085,LSPIN,0.12,0.014,0.0,200125
other,23,0.4594594594594595,LSPIN,0.12,0.014,0.0,200125
infiltratingductalcarcinoma,220,0.660556464811784,LSPIN,0.12,0.0105,0.0,240123
infiltratinglobularcarcinoma,60,0.6402116402116402,LSPIN,0.12,0.0105,0.0,240123
other,23,0.5135135135135135,LSPIN,0.12,0.0105,0.0,240123
infiltratingductalcarcinoma,220,0.6245499181669394,LSPIN,0.12,0.0105,0.0,240124
infiltratinglobularcarcinoma,60,0.5238095238095238,LSPIN,0.12,0.0105,0.0,240124
other,23,0.3243243243243243,LSPIN,0.12,0.0105,0.0,240124
infiltratingductalcarcinoma,220,0.5063829787234042,LSPIN,0.12,0.0105,0.0,240125
infiltratinglobularcarcinoma,60,0.4656084656084656,LSPIN,0.12,0.0105,0.0,240125
other,23,0.5405405405405406,LSPIN,0.12,0.0105,0.0,240125
infiltratingductalcarcinoma,220,0.581342062193126,LSPIN,0.12,0.00875,0.0,280123
infiltratinglobularcarcinoma,60,0.5026455026455027,LSPIN,0.12,0.00875,0.0,280123
other,23,0.3783783783783784,LSPIN,0.12,0.00875,0.0,280123
infiltratingductalcarcinoma,220,0.6618657937806874,LSPIN,0.12,0.00875,0.0,280124
infiltratinglobularcarcinoma,60,0.5767195767195767,LSPIN,0.12,0.00875,0.0,280124
other,23,0.4594594594594595,LSPIN,0.12,0.00875,0.0,280124
infiltratingductalcarcinoma,220,0.5414075286415712,LSPIN,0.12,0.00875,0.0,280125
infiltratinglobularcarcinoma,60,0.4285714285714285,LSPIN,0.12,0.00875,0.0,280125
other,23,0.5675675675675675,LSPIN,0.12,0.00875,0.0,280125
infiltratingductalcarcinoma,220,0.576759410801964,LSPIN,0.12,0.007,0.0,320123
infiltratinglobularcarcinoma,60,0.5608465608465608,LSPIN,0.12,0.007,0.0,320123
other,23,0.5675675675675675,LSPIN,0.12,0.007,0.0,320123
infiltratingductalcarcinoma,220,0.6212765957446809,LSPIN,0.12,0.007,0.0,320124
infiltratinglobularcarcinoma,60,0.4074074074074074,LSPIN,0.12,0.007,0.0,320124
other,23,0.5945945945945946,LSPIN,0.12,0.007,0.0,320124
infiltratingductalcarcinoma,220,0.564975450081833,LSPIN,0.12,0.007,0.0,320125
infiltratinglobularcarcinoma,60,0.5343915343915344,LSPIN,0.12,0.007,0.0,320125
other,23,0.6216216216216216,LSPIN,0.12,0.007,0.0,320125
infiltratingductalcarcinoma,220,0.6504091653027824,LSPIN,0.12,0.00525,0.0,360123
infiltratinglobularcarcinoma,60,0.5873015873015873,LSPIN,0.12,0.00525,0.0,360123
other,23,0.4594594594594595,LSPIN,0.12,0.00525,0.0,360123
infiltratingductalcarcinoma,220,0.648772504091653,LSPIN,0.12,0.00525,0.0,360124
infiltratinglobularcarcinoma,60,0.5238095238095238,LSPIN,0.12,0.00525,0.0,360124
other,23,0.4594594594594595,LSPIN,0.12,0.00525,0.0,360124
infiltratingductalcarcinoma,220,0.63240589198036,LSPIN,0.12,0.00525,0.0,360125
infiltratinglobularcarcinoma,60,0.544973544973545,LSPIN,0.12,0.00525,0.0,360125
other,23,0.5945945945945946,LSPIN,0.12,0.00525,0.0,360125
infiltratingductalcarcinoma,220,0.5476268412438625,L-LSPIN,0.15,0.021,0.0,400123
infiltratinglobularcarcinoma,60,0.4761904761904761,L-LSPIN,0.15,0.021,0.0,400123
other,23,0.6756756756756757,L-LSPIN,0.15,0.021,0.0,400123
infiltratingductalcarcinoma,220,0.6055646481178396,L-LSPIN,0.15,0.021,0.0,400124
infiltratinglobularcarcinoma,60,0.5238095238095238,L-LSPIN,0.15,0.021,0.0,400124
other,23,0.7567567567567568,L-LSPIN,0.15,0.021,0.0,400124
infiltratingductalcarcinoma,220,0.5751227495908346,L-LSPIN,0.15,0.021,0.0,400125
infiltratinglobularcarcinoma,60,0.4761904761904761,L-LSPIN,0.15,0.021,0.0,400125
other,23,0.5135135135135135,L-LSPIN,0.15,0.021,0.0,400125
infiltratingductalcarcinoma,220,0.6235679214402619,L-LSPIN,0.15,0.014,0.0,440123
infiltratinglobularcarcinoma,60,0.5608465608465608,L-LSPIN,0.15,0.014,0.0,440123
other,23,0.8378378378378378,L-LSPIN,0.15,0.014,0.0,440123
infiltratingductalcarcinoma,220,0.6235679214402619,L-LSPIN,0.15,0.014,0.0,440124
infiltratinglobularcarcinoma,60,0.5026455026455027,L-LSPIN,0.15,0.014,0.0,440124
other,23,0.5675675675675675,L-LSPIN,0.15,0.014,0.0,440124
infiltratingductalcarcinoma,220,0.6144026186579378,L-LSPIN,0.15,0.014,0.0,440125
infiltratinglobularcarcinoma,60,0.492063492063492,L-LSPIN,0.15,0.014,0.0,440125
other,23,0.5675675675675675,L-LSPIN,0.15,0.014,0.0,440125
infiltratingductalcarcinoma,220,0.5600654664484451,L-LSPIN,0.15,0.0105,0.0,480123
infiltratinglobularcarcinoma,60,0.6137566137566137,L-LSPIN,0.15,0.0105,0.0,480123
other,23,0.4864864864864865,L-LSPIN,0.15,0.0105,0.0,480123
infiltratingductalcarcinoma,220,0.6428805237315875,L-LSPIN,0.15,0.0105,0.0,480124
infiltratinglobularcarcinoma,60,0.6084656084656085,L-LSPIN,0.15,0.0105,0.0,480124
other,23,0.5945945945945946,L-LSPIN,0.15,0.0105,0.0,480124
infiltratingductalcarcinoma,220,0.5440261865793781,L-LSPIN,0.15,0.0105,0.0,480125
infiltratinglobularcarcinoma,60,0.582010582010582,L-LSPIN,0.15,0.0105,0.0,480125
other,23,0.6216216216216216,L-LSPIN,0.15,0.0105,0.0,480125
infiltratingductalcarcinoma,220,0.530278232405892,L-LSPIN,0.15,0.00875,0.0,520123
infiltratinglobularcarcinoma,60,0.4814814814814814,L-LSPIN,0.15,0.00875,0.0,520123
other,23,0.6216216216216216,L-LSPIN,0.15,0.00875,0.0,520123
infiltratingductalcarcinoma,220,0.579050736497545,L-LSPIN,0.15,0.00875,0.0,520124
infiltratinglobularcarcinoma,60,0.492063492063492,L-LSPIN,0.15,0.00875,0.0,520124
other,23,0.5675675675675675,L-LSPIN,0.15,0.00875,0.0,520124
infiltratingductalcarcinoma,220,0.5905073649754501,L-LSPIN,0.15,0.00875,0.0,520125
infiltratinglobularcarcinoma,60,0.4444444444444444,L-LSPIN,0.15,0.00875,0.0,520125
other,23,0.5135135135135135,L-LSPIN,0.15,0.00875,0.0,520125
infiltratingductalcarcinoma,220,0.5610474631751228,L-LSPIN,0.15,0.007,0.0,560123
infiltratinglobularcarcinoma,60,0.5079365079365079,L-LSPIN,0.15,0.007,0.0,560123
other,23,0.6486486486486487,L-LSPIN,0.15,0.007,0.0,560123
infiltratingductalcarcinoma,220,0.5391162029459902,L-LSPIN,0.15,0.007,0.0,560124
infiltratinglobularcarcinoma,60,0.4021164021164021,L-LSPIN,0.15,0.007,0.0,560124
other,23,0.5405405405405406,L-LSPIN,0.15,0.007,0.0,560124
infiltratingductalcarcinoma,220,0.5842880523731587,L-LSPIN,0.15,0.007,0.0,560125
infiltratinglobularcarcinoma,60,0.6825396825396826,L-LSPIN,0.15,0.007,0.0,560125
other,23,0.6486486486486487,L-LSPIN,0.15,0.007,0.0,560125
infiltratingductalcarcinoma,220,0.6042553191489362,L-LSPIN,0.12,0.021,0.0,600123
infiltratinglobularcarcinoma,60,0.544973544973545,L-LSPIN,0.12,0.021,0.0,600123
other,23,0.3243243243243243,L-LSPIN,0.12,0.021,0.0,600123
infiltratingductalcarcinoma,220,0.709328968903437,L-LSPIN,0.12,0.021,0.0,600124
infiltratinglobularcarcinoma,60,0.455026455026455,L-LSPIN,0.12,0.021,0.0,600124
other,23,0.4054054054054054,L-LSPIN,0.12,0.021,0.0,600124
infiltratingductalcarcinoma,220,0.5747954173486088,L-LSPIN,0.12,0.021,0.0,600125
infiltratinglobularcarcinoma,60,0.5132275132275133,L-LSPIN,0.12,0.021,0.0,600125
other,23,0.5135135135135135,L-LSPIN,0.12,0.021,0.0,600125
infiltratingductalcarcinoma,220,0.6710310965630114,L-LSPIN,0.12,0.014,0.0,640123
infiltratinglobularcarcinoma,60,0.582010582010582,L-LSPIN,0.12,0.014,0.0,640123
other,23,0.6756756756756757,L-LSPIN,0.12,0.014,0.0,640123
infiltratingductalcarcinoma,220,0.4746317512274959,L-LSPIN,0.12,0.014,0.0,640124
infiltratinglobularcarcinoma,60,0.4126984126984127,L-LSPIN,0.12,0.014,0.0,640124
other,23,0.7567567567567568,L-LSPIN,0.12,0.014,0.0,640124
infiltratingductalcarcinoma,220,0.6111292962356792,L-LSPIN,0.12,0.014,0.0,640125
infiltratinglobularcarcinoma,60,0.6349206349206349,L-LSPIN,0.12,0.014,0.0,640125
other,23,0.6216216216216216,L-LSPIN,0.12,0.014,0.0,640125
infiltratingductalcarcinoma,220,0.6045826513911621,L-LSPIN,0.12,0.0105,0.0,680123
infiltratinglobularcarcinoma,60,0.6296296296296297,L-LSPIN,0.12,0.0105,0.0,680123
other,23,0.7027027027027027,L-LSPIN,0.12,0.0105,0.0,680123
infiltratingductalcarcinoma,220,0.6451718494271685,L-LSPIN,0.12,0.0105,0.0,680124
infiltratinglobularcarcinoma,60,0.3968253968253968,L-LSPIN,0.12,0.0105,0.0,680124
other,23,0.5135135135135135,L-LSPIN,0.12,0.0105,0.0,680124
infiltratingductalcarcinoma,220,0.5872340425531914,L-LSPIN,0.12,0.0105,0.0,680125
infiltratinglobularcarcinoma,60,0.4761904761904761,L-LSPIN,0.12,0.0105,0.0,680125
other,23,0.6486486486486487,L-LSPIN,0.12,0.0105,0.0,680125
infiltratingductalcarcinoma,220,0.6510638297872341,L-LSPIN,0.12,0.00875,0.0,720123
infiltratinglobularcarcinoma,60,0.5343915343915344,L-LSPIN,0.12,0.00875,0.0,720123
other,23,0.4594594594594595,L-LSPIN,0.12,0.00875,0.0,720123
infiltratingductalcarcinoma,220,0.5531914893617021,L-LSPIN,0.12,0.00875,0.0,720124
infiltratinglobularcarcinoma,60,0.4973544973544973,L-LSPIN,0.12,0.00875,0.0,720124
other,23,0.4864864864864865,L-LSPIN,0.12,0.00875,0.0,720124
infiltratingductalcarcinoma,220,0.6055646481178396,L-LSPIN,0.12,0.00875,0.0,720125
infiltratinglobularcarcinoma,60,0.328042328042328,L-LSPIN,0.12,0.00875,0.0,720125
other,23,0.5135135135135135,L-LSPIN,0.12,0.00875,0.0,720125
infiltratingductalcarcinoma,220,0.565302782324059,L-LSPIN,0.12,0.007,0.0,760123
infiltratinglobularcarcinoma,60,0.6455026455026455,L-LSPIN,0.12,0.007,0.0,760123
other,23,0.8108108108108109,L-LSPIN,0.12,0.007,0.0,760123
infiltratingductalcarcinoma,220,0.630114566284779,L-LSPIN,0.12,0.007,0.0,760124
infiltratinglobularcarcinoma,60,0.4126984126984127,L-LSPIN,0.12,0.007,0.0,760124
other,23,0.4054054054054054,L-LSPIN,0.12,0.007,0.0,760124
infiltratingductalcarcinoma,220,0.6435351882160393,L-LSPIN,0.12,0.007,0.0,760125
infiltratinglobularcarcinoma,60,0.8359788359788359,L-LSPIN,0.12,0.007,0.0,760125
other,23,0.6216216216216216,L-LSPIN,0.12,0.007,0.0,760125
infiltratingductalcarcinoma,220,0.5450081833060556,Concrete,0.15,0.0055,0.0,800123
infiltratinglobularcarcinoma,60,0.4179894179894179,Concrete,0.15,0.0055,0.0,800123
other,23,0.6486486486486487,Concrete,0.15,0.0055,0.0,800123
infiltratingductalcarcinoma,220,0.5675941080196399,Concrete,0.15,0.0055,0.0,800124
infiltratinglobularcarcinoma,60,0.4126984126984127,Concrete,0.15,0.0055,0.0,800124
other,23,0.2162162162162162,Concrete,0.15,0.0055,0.0,800124
infiltratingductalcarcinoma,220,0.3787234042553191,Concrete,0.15,0.0055,0.0,800125
infiltratinglobularcarcinoma,60,0.4603174603174603,Concrete,0.15,0.0055,0.0,800125
other,23,0.4324324324324324,Concrete,0.15,0.0055,0.0,800125
infiltratingductalcarcinoma,220,0.5842880523731587,Concrete,0.15,0.0044,0.0,840123
infiltratinglobularcarcinoma,60,0.671957671957672,Concrete,0.15,0.0044,0.0,840123
other,23,0.3513513513513513,Concrete,0.15,0.0044,0.0,840123
infiltratingductalcarcinoma,220,0.6405891980360066,Concrete,0.15,0.0044,0.0,840124
infiltratinglobularcarcinoma,60,0.3121693121693121,Concrete,0.15,0.0044,0.0,840124
other,23,0.6216216216216216,Concrete,0.15,0.0044,0.0,840124
infiltratingductalcarcinoma,220,0.5878887070376432,Concrete,0.15,0.0044,0.0,840125
infiltratinglobularcarcinoma,60,0.5555555555555556,Concrete,0.15,0.0044,0.0,840125
other,23,0.3513513513513513,Concrete,0.15,0.0044,0.0,840125
infiltratingductalcarcinoma,220,0.5859247135842881,Concrete,0.15,0.0033,0.0,880123
infiltratinglobularcarcinoma,60,0.5555555555555556,Concrete,0.15,0.0033,0.0,880123
other,23,0.4864864864864865,Concrete,0.15,0.0033,0.0,880123
infiltratingductalcarcinoma,220,0.537152209492635,Concrete,0.15,0.0033,0.0,880124
infiltratinglobularcarcinoma,60,0.5608465608465608,Concrete,0.15,0.0033,0.0,880124
other,23,0.6756756756756757,Concrete,0.15,0.0033,0.0,880124
infiltratingductalcarcinoma,220,0.6828150572831424,Concrete,0.15,0.0033,0.0,880125
infiltratinglobularcarcinoma,60,0.4761904761904761,Concrete,0.15,0.0033,0.0,880125
other,23,0.5405405405405406,Concrete,0.15,0.0033,0.0,880125
infiltratingductalcarcinoma,220,0.5734860883797054,Concrete,0.15,0.00275,0.0,920123
infiltratinglobularcarcinoma,60,0.5555555555555556,Concrete,0.15,0.00275,0.0,920123
other,23,0.6486486486486487,Concrete,0.15,0.00275,0.0,920123
infiltratingductalcarcinoma,220,0.565302782324059,Concrete,0.15,0.00275,0.0,920124
infiltratinglobularcarcinoma,60,0.5291005291005291,Concrete,0.15,0.00275,0.0,920124
other,23,0.3513513513513513,Concrete,0.15,0.00275,0.0,920124
infiltratingductalcarcinoma,220,0.6274959083469722,Concrete,0.15,0.00275,0.0,920125
infiltratinglobularcarcinoma,60,0.5079365079365079,Concrete,0.15,0.00275,0.0,920125
other,23,0.5945945945945946,Concrete,0.15,0.00275,0.0,920125
infiltratingductalcarcinoma,220,0.5806873977086743,Concrete,0.15,0.0022,0.0,960123
infiltratinglobularcarcinoma,60,0.5555555555555556,Concrete,0.15,0.0022,0.0,960123
other,23,0.4594594594594595,Concrete,0.15,0.0022,0.0,960123
infiltratingductalcarcinoma,220,0.6150572831423895,Concrete,0.15,0.0022,0.0,960124
infiltratinglobularcarcinoma,60,0.4867724867724867,Concrete,0.15,0.0022,0.0,960124
other,23,0.5135135135135135,Concrete,0.15,0.0022,0.0,960124
infiltratingductalcarcinoma,220,0.5240589198036006,Concrete,0.15,0.0022,0.0,960125
infiltratinglobularcarcinoma,60,0.4021164021164021,Concrete,0.15,0.0022,0.0,960125
other,23,0.4594594594594595,Concrete,0.15,0.0022,0.0,960125
infiltratingductalcarcinoma,220,0.5247135842880524,Concrete,0.12,0.0055,0.0,1000123
infiltratinglobularcarcinoma,60,0.5661375661375662,Concrete,0.12,0.0055,0.0,1000123
other,23,0.6756756756756757,Concrete,0.12,0.0055,0.0,1000123
infiltratingductalcarcinoma,220,0.6402618657937806,Concrete,0.12,0.0055,0.0,1000124
infiltratinglobularcarcinoma,60,0.4338624338624338,Concrete,0.12,0.0055,0.0,1000124
other,23,0.1891891891891892,Concrete,0.12,0.0055,0.0,1000124
infiltratingductalcarcinoma,220,0.5905073649754501,Concrete,0.12,0.0055,0.0,1000125
infiltratinglobularcarcinoma,60,0.3544973544973545,Concrete,0.12,0.0055,0.0,1000125
other,23,0.5675675675675675,Concrete,0.12,0.0055,0.0,1000125
infiltratingductalcarcinoma,220,0.4818330605564648,Concrete,0.12,0.0044,0.0,1040123
infiltratinglobularcarcinoma,60,0.4708994708994709,Concrete,0.12,0.0044,0.0,1040123
other,23,0.4324324324324324,Concrete,0.12,0.0044,0.0,1040123
infiltratingductalcarcinoma,220,0.5718494271685761,Concrete,0.12,0.0044,0.0,1040124
infiltratinglobularcarcinoma,60,0.3809523809523809,Concrete,0.12,0.0044,0.0,1040124
other,23,0.4864864864864865,Concrete,0.12,0.0044,0.0,1040124
infiltratingductalcarcinoma,220,0.5217675941080197,Concrete,0.12,0.0044,0.0,1040125
infiltratinglobularcarcinoma,60,0.5291005291005291,Concrete,0.12,0.0044,0.0,1040125
other,23,0.4864864864864865,Concrete,0.12,0.0044,0.0,1040125
infiltratingductalcarcinoma,220,0.583633387888707,Concrete,0.12,0.0033,0.0,1080123
infiltratinglobularcarcinoma,60,0.4973544973544973,Concrete,0.12,0.0033,0.0,1080123
other,23,0.2432432432432432,Concrete,0.12,0.0033,0.0,1080123
infiltratingductalcarcinoma,220,0.6193126022913257,Concrete,0.12,0.0033,0.0,1080124
infiltratinglobularcarcinoma,60,0.5132275132275133,Concrete,0.12,0.0033,0.0,1080124
other,23,0.3513513513513513,Concrete,0.12,0.0033,0.0,1080124
infiltratingductalcarcinoma,220,0.5345335515548282,Concrete,0.12,0.0033,0.0,1080125
infiltratinglobularcarcinoma,60,0.7195767195767195,Concrete,0.12,0.0033,0.0,1080125
other,23,0.4594594594594595,Concrete,0.12,0.0033,0.0,1080125
infiltratingductalcarcinoma,220,0.5574468085106383,Concrete,0.12,0.00275,0.0,1120123
infiltratinglobularcarcinoma,60,0.7301587301587301,Concrete,0.12,0.00275,0.0,1120123
other,23,0.5135135135135135,Concrete,0.12,0.00275,0.0,1120123
infiltratingductalcarcinoma,220,0.5846153846153846,Concrete,0.12,0.00275,0.0,1120124
infiltratinglobularcarcinoma,60,0.4126984126984127,Concrete,0.12,0.00275,0.0,1120124
other,23,0.2702702702702703,Concrete,0.12,0.00275,0.0,1120124
infiltratingductalcarcinoma,220,0.6065466448445171,Concrete,0.12,0.00275,0.0,1120125
infiltratinglobularcarcinoma,60,0.5925925925925926,Concrete,0.12,0.00275,0.0,1120125
other,23,0.4864864864864865,Concrete,0.12,0.00275,0.0,1120125
infiltratingductalcarcinoma,220,0.5751227495908346,Concrete,0.12,0.0022,0.0,1160123
infiltratinglobularcarcinoma,60,0.6772486772486772,Concrete,0.12,0.0022,0.0,1160123
other,23,0.6486486486486487,Concrete,0.12,0.0022,0.0,1160123
infiltratingductalcarcinoma,220,0.5839607201309329,Concrete,0.12,0.0022,0.0,1160124
infiltratinglobularcarcinoma,60,0.5767195767195767,Concrete,0.12,0.0022,0.0,1160124
other,23,0.4324324324324324,Concrete,0.12,0.0022,0.0,1160124
infiltratingductalcarcinoma,220,0.5306055646481178,Concrete,0.12,0.0022,0.0,1160125
infiltratinglobularcarcinoma,60,0.5873015873015873,Concrete,0.12,0.0022,0.0,1160125
other,23,0.4594594594594595,Concrete,0.12,0.0022,0.0,1160125
infiltratingductalcarcinoma,220,0.6504091653027824,L-Concrete,0.15,0.0066,0.0,1200123
infiltratinglobularcarcinoma,60,0.5978835978835979,L-Concrete,0.15,0.0066,0.0,1200123
other,23,0.5675675675675675,L-Concrete,0.15,0.0066,0.0,1200123
infiltratingductalcarcinoma,220,0.4939443535188216,L-Concrete,0.15,0.0066,0.0,1200124
infiltratinglobularcarcinoma,60,0.6402116402116402,L-Concrete,0.15,0.0066,0.0,1200124
other,23,0.5405405405405406,L-Concrete,0.15,0.0066,0.0,1200124
infiltratingductalcarcinoma,220,0.5839607201309329,L-Concrete,0.15,0.0066,0.0,1200125
infiltratinglobularcarcinoma,60,0.5185185185185185,L-Concrete,0.15,0.0066,0.0,1200125
other,23,0.6216216216216216,L-Concrete,0.15,0.0066,0.0,1200125
infiltratingductalcarcinoma,220,0.4684124386252046,L-Concrete,0.15,0.0044,0.0,1240123
infiltratinglobularcarcinoma,60,0.5132275132275133,L-Concrete,0.15,0.0044,0.0,1240123
other,23,0.4054054054054054,L-Concrete,0.15,0.0044,0.0,1240123
infiltratingductalcarcinoma,220,0.5607201309328969,L-Concrete,0.15,0.0044,0.0,1240124
infiltratinglobularcarcinoma,60,0.5079365079365079,L-Concrete,0.15,0.0044,0.0,1240124
other,23,0.4594594594594595,L-Concrete,0.15,0.0044,0.0,1240124
infiltratingductalcarcinoma,220,0.6055646481178396,L-Concrete,0.15,0.0044,0.0,1240125
infiltratinglobularcarcinoma,60,0.3756613756613756,L-Concrete,0.15,0.0044,0.0,1240125
other,23,0.3513513513513513,L-Concrete,0.15,0.0044,0.0,1240125
infiltratingductalcarcinoma,220,0.6407528641571195,L-Concrete,0.15,0.0033,0.0,1280123
infiltratinglobularcarcinoma,60,0.6137566137566137,L-Concrete,0.15,0.0033,0.0,1280123
other,23,0.4864864864864865,L-Concrete,0.15,0.0033,0.0,1280123
infiltratingductalcarcinoma,220,0.5911620294599018,L-Concrete,0.15,0.0033,0.0,1280124
infiltratinglobularcarcinoma,60,0.6931216931216931,L-Concrete,0.15,0.0033,0.0,1280124
other,23,0.3513513513513513,L-Concrete,0.15,0.0033,0.0,1280124
infiltratingductalcarcinoma,220,0.6196399345335516,L-Concrete,0.15,0.0033,0.0,1280125
infiltratinglobularcarcinoma,60,0.3492063492063492,L-Concrete,0.15,0.0033,0.0,1280125
other,23,0.5135135135135135,L-Concrete,0.15,0.0033,0.0,1280125
infiltratingductalcarcinoma,220,0.5201309328968904,L-Concrete,0.15,0.00275,0.0,1320123
infiltratinglobularcarcinoma,60,0.6190476190476191,L-Concrete,0.15,0.00275,0.0,1320123
other,23,0.5945945945945946,L-Concrete,0.15,0.00275,0.0,1320123
infiltratingductalcarcinoma,220,0.6458265139116203,L-Concrete,0.15,0.00275,0.0,1320124
infiltratinglobularcarcinoma,60,0.5026455026455027,L-Concrete,0.15,0.00275,0.0,1320124
other,23,0.5945945945945946,L-Concrete,0.15,0.00275,0.0,1320124
infiltratingductalcarcinoma,220,0.5901800327332242,L-Concrete,0.15,0.00275,0.0,1320125
infiltratinglobularcarcinoma,60,0.5978835978835979,L-Concrete,0.15,0.00275,0.0,1320125
other,23,0.4864864864864865,L-Concrete,0.15,0.00275,0.0,1320125
infiltratingductalcarcinoma,220,0.5684124386252046,L-Concrete,0.15,0.00165,0.0,1360123
infiltratinglobularcarcinoma,60,0.4973544973544973,L-Concrete,0.15,0.00165,0.0,1360123
other,23,0.6216216216216216,L-Concrete,0.15,0.00165,0.0,1360123
infiltratingductalcarcinoma,220,0.5751227495908346,L-Concrete,0.15,0.00165,0.0,1360124
infiltratinglobularcarcinoma,60,0.4867724867724867,L-Concrete,0.15,0.00165,0.0,1360124
other,23,0.5405405405405406,L-Concrete,0.15,0.00165,0.0,1360124
infiltratingductalcarcinoma,220,0.5761047463175123,L-Concrete,0.15,0.00165,0.0,1360125
infiltratinglobularcarcinoma,60,0.4232804232804232,L-Concrete,0.15,0.00165,0.0,1360125
other,23,0.4324324324324324,L-Concrete,0.15,0.00165,0.0,1360125
infiltratingductalcarcinoma,220,0.5283142389525368,L-Concrete,0.12,0.0066,0.0,1400123
infiltratinglobularcarcinoma,60,0.4867724867724867,L-Concrete,0.12,0.0066,0.0,1400123
other,23,0.4594594594594595,L-Concrete,0.12,0.0066,0.0,1400123
infiltratingductalcarcinoma,220,0.6314238952536825,L-Concrete,0.12,0.0066,0.0,1400124
infiltratinglobularcarcinoma,60,0.5661375661375662,L-Concrete,0.12,0.0066,0.0,1400124
other,23,0.5135135135135135,L-Concrete,0.12,0.0066,0.0,1400124
infiltratingductalcarcinoma,220,0.5361702127659574,L-Concrete,0.12,0.0066,0.0,1400125
infiltratinglobularcarcinoma,60,0.5608465608465608,L-Concrete,0.12,0.0066,0.0,1400125
other,23,0.2972972972972973,L-Concrete,0.12,0.0066,0.0,1400125
infiltratingductalcarcinoma,220,0.502127659574468,L-Concrete,0.12,0.0044,0.0,1440123
infiltratinglobularcarcinoma,60,0.6137566137566137,L-Concrete,0.12,0.0044,0.0,1440123
other,23,0.5405405405405406,L-Concrete,0.12,0.0044,0.0,1440123
infiltratingductalcarcinoma,220,0.6183306055646481,L-Concrete,0.12,0.0044,0.0,1440124
infiltratinglobularcarcinoma,60,0.5396825396825397,L-Concrete,0.12,0.0044,0.0,1440124
other,23,0.4864864864864865,L-Concrete,0.12,0.0044,0.0,1440124
infiltratingductalcarcinoma,220,0.5600654664484451,L-Concrete,0.12,0.0044,0.0,1440125
infiltratinglobularcarcinoma,60,0.5026455026455027,L-Concrete,0.12,0.0044,0.0,1440125
other,23,0.4594594594594595,L-Concrete,0.12,0.0044,0.0,1440125
infiltratingductalcarcinoma,220,0.6130932896890343,L-Concrete,0.12,0.0033,0.0,1480123
infiltratinglobularcarcinoma,60,0.6190476190476191,L-Concrete,0.12,0.0033,0.0,1480123
other,23,0.4324324324324324,L-Concrete,0.12,0.0033,0.0,1480123
infiltratingductalcarcinoma,220,0.534860883797054,L-Concrete,0.12,0.0033,0.0,1480124
infiltratinglobularcarcinoma,60,0.6507936507936508,L-Concrete,0.12,0.0033,0.0,1480124
other,23,0.6756756756756757,L-Concrete,0.12,0.0033,0.0,1480124
infiltratingductalcarcinoma,220,0.5515548281505729,L-Concrete,0.12,0.0033,0.0,1480125
infiltratinglobularcarcinoma,60,0.5079365079365079,L-Concrete,0.12,0.0033,0.0,1480125
other,23,0.5405405405405406,L-Concrete,0.12,0.0033,0.0,1480125
infiltratingductalcarcinoma,220,0.569721767594108,L-Concrete,0.12,0.00275,0.0,1520123
infiltratinglobularcarcinoma,60,0.5079365079365079,L-Concrete,0.12,0.00275,0.0,1520123
other,23,0.5135135135135135,L-Concrete,0.12,0.00275,0.0,1520123
infiltratingductalcarcinoma,220,0.5639934533551555,L-Concrete,0.12,0.00275,0.0,1520124
infiltratinglobularcarcinoma,60,0.6084656084656085,L-Concrete,0.12,0.00275,0.0,1520124
other,23,0.6756756756756757,L-Concrete,0.12,0.00275,0.0,1520124
infiltratingductalcarcinoma,220,0.5122749590834698,L-Concrete,0.12,0.00275,0.0,1520125
infiltratinglobularcarcinoma,60,0.6931216931216931,L-Concrete,0.12,0.00275,0.0,1520125
other,23,0.3243243243243243,L-Concrete,0.12,0.00275,0.0,1520125
infiltratingductalcarcinoma,220,0.5042553191489362,L-Concrete,0.12,0.00165,0.0,1560123
infiltratinglobularcarcinoma,60,0.3862433862433862,L-Concrete,0.12,0.00165,0.0,1560123
other,23,0.5135135135135135,L-Concrete,0.12,0.00165,0.0,1560123
infiltratingductalcarcinoma,220,0.4924713584288052,L-Concrete,0.12,0.00165,0.0,1560124
infiltratinglobularcarcinoma,60,0.5026455026455027,L-Concrete,0.12,0.00165,0.0,1560124
other,23,0.6756756756756757,L-Concrete,0.12,0.00165,0.0,1560124
infiltratingductalcarcinoma,220,0.5260229132569558,L-Concrete,0.12,0.00165,0.0,1560125
infiltratinglobularcarcinoma,60,0.4867724867724867,L-Concrete,0.12,0.00165,0.0,1560125
other,23,0.7027027027027027,L-Concrete,0.12,0.00165,0.0,1560125
infiltratingductalcarcinoma,220,0.676595744680851,LSPIN,0.12,0.00525,0.0,360126
infiltratinglobularcarcinoma,60,0.5714285714285714,LSPIN,0.12,0.00525,0.0,360126
other,23,0.6216216216216216,LSPIN,0.12,0.00525,0.0,360126
infiltratingductalcarcinoma,220,0.6147299509001637,LSPIN,0.12,0.00525,0.0,360127
infiltratinglobularcarcinoma,60,0.6296296296296297,LSPIN,0.12,0.00525,0.0,360127
other,23,0.5405405405405406,LSPIN,0.12,0.00525,0.0,360127
infiltratingductalcarcinoma,220,0.6664484451718494,LSPIN,0.12,0.00525,0.0,360128
infiltratinglobularcarcinoma,60,0.5714285714285714,LSPIN,0.12,0.00525,0.0,360128
other,23,0.6486486486486487,LSPIN,0.12,0.00525,0.0,360128
infiltratingductalcarcinoma,220,0.6124386252045827,LSPIN,0.12,0.00525,0.0,360129
infiltratinglobularcarcinoma,60,0.7037037037037037,LSPIN,0.12,0.00525,0.0,360129
other,23,0.4594594594594595,LSPIN,0.12,0.00525,0.0,360129
infiltratingductalcarcinoma,220,0.5145662847790508,LSPIN,0.12,0.00525,0.0,360130
infiltratinglobularcarcinoma,60,0.6984126984126984,LSPIN,0.12,0.00525,0.0,360130
other,23,0.5675675675675675,LSPIN,0.12,0.00525,0.0,360130
infiltratingductalcarcinoma,220,0.6111292962356792,LSPIN,0.12,0.00525,0.0,360131
infiltratinglobularcarcinoma,60,0.6507936507936508,LSPIN,0.12,0.00525,0.0,360131
other,23,0.5405405405405406,LSPIN,0.12,0.00525,0.0,360131
infiltratingductalcarcinoma,220,0.6379705400981996,LSPIN,0.12,0.00525,0.0,360132
infiltratinglobularcarcinoma,60,0.3968253968253968,LSPIN,0.12,0.00525,0.0,360132
other,23,0.7027027027027027,LSPIN,0.12,0.00525,0.0,360132
infiltratingductalcarcinoma,220,0.5689034369885434,LSPIN,0.12,0.00525,0.0,360133
infiltratinglobularcarcinoma,60,0.6666666666666666,LSPIN,0.12,0.00525,0.0,360133
other,23,0.5675675675675675,LSPIN,0.12,0.00525,0.0,360133
infiltratingductalcarcinoma,220,0.6497545008183306,LSPIN,0.12,0.00525,0.0,360134
infiltratinglobularcarcinoma,60,0.5767195767195767,LSPIN,0.12,0.00525,0.0,360134
other,23,0.5405405405405406,LSPIN,0.12,0.00525,0.0,360134
infiltratingductalcarcinoma,220,0.5718494271685761,Concrete,0.12,0.0022,0.1,1170126
infiltratinglobularcarcinoma,60,0.4708994708994709,Concrete,0.12,0.0022,0.1,1170126
other,23,0.4594594594594595,Concrete,0.12,0.0022,0.1,1170126
infiltratingductalcarcinoma,220,0.6513911620294599,Concrete,0.12,0.0022,0.1,1170127
infiltratinglobularcarcinoma,60,0.455026455026455,Concrete,0.12,0.0022,0.1,1170127
other,23,0.4864864864864865,Concrete,0.12,0.0022,0.1,1170127
infiltratingductalcarcinoma,220,0.5950900163666121,Concrete,0.12,0.0022,0.1,1170128
infiltratinglobularcarcinoma,60,0.6455026455026455,Concrete,0.12,0.0022,0.1,1170128
other,23,0.4054054054054054,Concrete,0.12,0.0022,0.1,1170128
infiltratingductalcarcinoma,220,0.4756137479541735,Concrete,0.12,0.0022,0.1,1170129
infiltratinglobularcarcinoma,60,0.4126984126984127,Concrete,0.12,0.0022,0.1,1170129
other,23,0.3513513513513513,Concrete,0.12,0.0022,0.1,1170129
infiltratingductalcarcinoma,220,0.5400981996726678,Concrete,0.12,0.0022,0.1,1170130
infiltratinglobularcarcinoma,60,0.5185185185185185,Concrete,0.12,0.0022,0.1,1170130
other,23,0.6216216216216216,Concrete,0.12,0.0022,0.1,1170130
infiltratingductalcarcinoma,220,0.6144026186579378,Concrete,0.12,0.0022,0.1,1170131
infiltratinglobularcarcinoma,60,0.4867724867724867,Concrete,0.12,0.0022,0.1,1170131
other,23,0.3243243243243243,Concrete,0.12,0.0022,0.1,1170131
infiltratingductalcarcinoma,220,0.5227495908346972,Concrete,0.12,0.0022,0.1,1170132
infiltratinglobularcarcinoma,60,0.3915343915343915,Concrete,0.12,0.0022,0.1,1170132
other,23,0.3513513513513513,Concrete,0.12,0.0022,0.1,1170132
infiltratingductalcarcinoma,220,0.5895253682487726,Concrete,0.12,0.0022,0.1,1170133
infiltratinglobularcarcinoma,60,0.5608465608465608,Concrete,0.12,0.0022,0.1,1170133
other,23,0.4594594594594595,Concrete,0.12,0.0022,0.1,1170133
infiltratingductalcarcinoma,220,0.5738134206219313,Concrete,0.12,0.0022,0.1,1170134
infiltratinglobularcarcinoma,60,0.5555555555555556,Concrete,0.12,0.0022,0.1,1170134
other,23,0.5135135135135135,Concrete,0.12,0.0022,0.1,1170134
infiltratingductalcarcinoma,220,0.5918166939443535,LSPIN,0.12,0.0105,0.2,260126
infiltratinglobularcarcinoma,60,0.582010582010582,LSPIN,0.12,0.0105,0.2,260126
other,23,0.6216216216216216,LSPIN,0.12,0.0105,0.2,260126
infiltratingductalcarcinoma,220,0.6212765957446809,LSPIN,0.12,0.0105,0.2,260127
infiltratinglobularcarcinoma,60,0.6031746031746031,LSPIN,0.12,0.0105,0.2,260127
other,23,0.4864864864864865,LSPIN,0.12,0.0105,0.2,260127
infiltratingductalcarcinoma,220,0.5109656301145663,LSPIN,0.12,0.0105,0.2,260128
infiltratinglobularcarcinoma,60,0.6455026455026455,LSPIN,0.12,0.0105,0.2,260128
other,23,0.3783783783783784,LSPIN,0.12,0.0105,0.2,260128
infiltratingductalcarcinoma,220,0.6602291325695581,LSPIN,0.12,0.0105,0.2,260129
infiltratinglobularcarcinoma,60,0.708994708994709,LSPIN,0.12,0.0105,0.2,260129
other,23,0.5675675675675675,LSPIN,0.12,0.0105,0.2,260129
infiltratingductalcarcinoma,220,0.6517184942716857,LSPIN,0.12,0.0105,0.2,260130
infiltratinglobularcarcinoma,60,0.6455026455026455,LSPIN,0.12,0.0105,0.2,260130
other,23,0.5675675675675675,LSPIN,0.12,0.0105,0.2,260130
infiltratingductalcarcinoma,220,0.625531914893617,LSPIN,0.12,0.0105,0.2,260131
infiltratinglobularcarcinoma,60,0.6243386243386243,LSPIN,0.12,0.0105,0.2,260131
other,23,0.4594594594594595,LSPIN,0.12,0.0105,0.2,260131
infiltratingductalcarcinoma,220,0.6382978723404256,LSPIN,0.12,0.0105,0.2,260132
infiltratinglobularcarcinoma,60,0.5661375661375662,LSPIN,0.12,0.0105,0.2,260132
other,23,0.6216216216216216,LSPIN,0.12,0.0105,0.2,260132
infiltratingductalcarcinoma,220,0.6147299509001637,LSPIN,0.12,0.0105,0.2,260133
infiltratinglobularcarcinoma,60,0.6666666666666666,LSPIN,0.12,0.0105,0.2,260133
other,23,0.5675675675675675,LSPIN,0.12,0.0105,0.2,260133
infiltratingductalcarcinoma,220,0.5420621931260229,LSPIN,0.12,0.0105,0.2,260134
infiltratinglobularcarcinoma,60,0.3492063492063492,LSPIN,0.12,0.0105,0.2,260134
other,23,0.5675675675675675,LSPIN,0.12,0.0105,0.2,260134
infiltratingductalcarcinoma,220,0.5839607201309329,Concrete,0.12,0.0022,0.0,1160126
infiltratinglobularcarcinoma,60,0.6666666666666666,Concrete,0.12,0.0022,0.0,1160126
other,23,0.4324324324324324,Concrete,0.12,0.0022,0.0,1160126
infiltratingductalcarcinoma,220,0.6386252045826514,Concrete,0.12,0.0022,0.0,1160127
infiltratinglobularcarcinoma,60,0.6349206349206349,Concrete,0.12,0.0022,0.0,1160127
other,23,0.2702702702702703,Concrete,0.12,0.0022,0.0,1160127
infiltratingductalcarcinoma,220,0.5833060556464812,Concrete,0.12,0.0022,0.0,1160128
infiltratinglobularcarcinoma,60,0.5396825396825397,Concrete,0.12,0.0022,0.0,1160128
other,23,0.2702702702702703,Concrete,0.12,0.0022,0.0,1160128
infiltratingductalcarcinoma,220,0.5633387888707038,Concrete,0.12,0.0022,0.0,1160129
infiltratinglobularcarcinoma,60,0.5185185185185185,Concrete,0.12,0.0022,0.0,1160129
other,23,0.6486486486486487,Concrete,0.12,0.0022,0.0,1160129
infiltratingductalcarcinoma,220,0.5705400981996727,Concrete,0.12,0.0022,0.0,1160130
infiltratinglobularcarcinoma,60,0.5026455026455027,Concrete,0.12,0.0022,0.0,1160130
other,23,0.4594594594594595,Concrete,0.12,0.0022,0.0,1160130
infiltratingductalcarcinoma,220,0.6752864157119476,Concrete,0.12,0.0022,0.0,1160131
infiltratinglobularcarcinoma,60,0.5396825396825397,Concrete,0.12,0.0022,0.0,1160131
other,23,0.4864864864864865,Concrete,0.12,0.0022,0.0,1160131
infiltratingductalcarcinoma,220,0.5849427168576105,Concrete,0.12,0.0022,0.0,1160132
infiltratinglobularcarcinoma,60,0.3756613756613756,Concrete,0.12,0.0022,0.0,1160132
other,23,0.2162162162162162,Concrete,0.12,0.0022,0.0,1160132
infiltratingductalcarcinoma,220,0.6448445171849427,Concrete,0.12,0.0022,0.0,1160133
infiltratinglobularcarcinoma,60,0.455026455026455,Concrete,0.12,0.0022,0.0,1160133
other,23,0.4864864864864865,Concrete,0.12,0.0022,0.0,1160133
infiltratingductalcarcinoma,220,0.6098199672667758,Concrete,0.12,0.0022,0.0,1160134
infiltratinglobularcarcinoma,60,0.6137566137566137,Concrete,0.12,0.0022,0.0,1160134
other,23,0.6216216216216216,Concrete,0.12,0.0022,0.0,1160134
infiltratingductalcarcinoma,220,0.5924713584288053,L-LSPIN,0.15,0.021,0.4,430126
infiltratinglobularcarcinoma,60,0.3015873015873015,L-LSPIN,0.15,0.021,0.4,430126
other,23,0.6216216216216216,L-LSPIN,0.15,0.021,0.4,430126
infiltratingductalcarcinoma,220,0.6068739770867431,L-LSPIN,0.15,0.021,0.4,430127
infiltratinglobularcarcinoma,60,0.6084656084656085,L-LSPIN,0.15,0.021,0.4,430127
other,23,0.4864864864864865,L-LSPIN,0.15,0.021,0.4,430127
infiltratingductalcarcinoma,220,0.6003273322422259,L-LSPIN,0.15,0.021,0.4,430128
infiltratinglobularcarcinoma,60,0.5502645502645502,L-LSPIN,0.15,0.021,0.4,430128
other,23,0.4594594594594595,L-LSPIN,0.15,0.021,0.4,430128
infiltratingductalcarcinoma,220,0.7797054009819967,L-LSPIN,0.15,0.021,0.4,430129
infiltratinglobularcarcinoma,60,0.6349206349206349,L-LSPIN,0.15,0.021,0.4,430129
other,23,0.6216216216216216,L-LSPIN,0.15,0.021,0.4,430129
infiltratingductalcarcinoma,220,0.6363338788870704,L-LSPIN,0.15,0.021,0.4,430130
infiltratinglobularcarcinoma,60,0.5873015873015873,L-LSPIN,0.15,0.021,0.4,430130
other,23,0.2972972972972973,L-LSPIN,0.15,0.021,0.4,430130
infiltratingductalcarcinoma,220,0.5996726677577742,L-LSPIN,0.15,0.021,0.4,430131
infiltratinglobularcarcinoma,60,0.7248677248677249,L-LSPIN,0.15,0.021,0.4,430131
other,23,0.5945945945945946,L-LSPIN,0.15,0.021,0.4,430131
infiltratingductalcarcinoma,220,0.7037643207855974,L-LSPIN,0.15,0.021,0.4,430132
infiltratinglobularcarcinoma,60,0.5873015873015873,L-LSPIN,0.15,0.021,0.4,430132
other,23,0.7567567567567568,L-LSPIN,0.15,0.021,0.4,430132
infiltratingductalcarcinoma,220,0.613747954173486,L-LSPIN,0.15,0.021,0.4,430133
infiltratinglobularcarcinoma,60,0.3068783068783068,L-LSPIN,0.15,0.021,0.4,430133
other,23,0.7297297297297297,L-LSPIN,0.15,0.021,0.4,430133
infiltratingductalcarcinoma,220,0.5898527004909984,L-LSPIN,0.15,0.021,0.4,430134
infiltratinglobularcarcinoma,60,0.4761904761904761,L-LSPIN,0.15,0.021,0.4,430134
other,23,0.5945945945945946,L-LSPIN,0.15,0.021,0.4,430134
infiltratingductalcarcinoma,220,0.6206219312602291,L-Concrete,0.12,0.0066,0.1,1410126
infiltratinglobularcarcinoma,60,0.5925925925925926,L-Concrete,0.12,0.0066,0.1,1410126
other,23,0.4594594594594595,L-Concrete,0.12,0.0066,0.1,1410126
infiltratingductalcarcinoma,220,0.6343698854337152,L-Concrete,0.12,0.0066,0.1,1410127
infiltratinglobularcarcinoma,60,0.4656084656084656,L-Concrete,0.12,0.0066,0.1,1410127
other,23,0.3513513513513513,L-Concrete,0.12,0.0066,0.1,1410127
infiltratingductalcarcinoma,220,0.5941080196399345,L-Concrete,0.12,0.0066,0.1,1410128
infiltratinglobularcarcinoma,60,0.5714285714285714,L-Concrete,0.12,0.0066,0.1,1410128
other,23,0.5135135135135135,L-Concrete,0.12,0.0066,0.1,1410128
infiltratingductalcarcinoma,220,0.6919803600654665,L-Concrete,0.12,0.0066,0.1,1410129
infiltratinglobularcarcinoma,60,0.455026455026455,L-Concrete,0.12,0.0066,0.1,1410129
other,23,0.5405405405405406,L-Concrete,0.12,0.0066,0.1,1410129
infiltratingductalcarcinoma,220,0.6029459901800327,L-Concrete,0.12,0.0066,0.1,1410130
infiltratinglobularcarcinoma,60,0.5714285714285714,L-Concrete,0.12,0.0066,0.1,1410130
other,23,0.4054054054054054,L-Concrete,0.12,0.0066,0.1,1410130
infiltratingductalcarcinoma,220,0.6454991816693945,L-Concrete,0.12,0.0066,0.1,1410131
infiltratinglobularcarcinoma,60,0.5714285714285714,L-Concrete,0.12,0.0066,0.1,1410131
other,23,0.6216216216216216,L-Concrete,0.12,0.0066,0.1,1410131
infiltratingductalcarcinoma,220,0.5522094926350245,L-Concrete,0.12,0.0066,0.1,1410132
infiltratinglobularcarcinoma,60,0.6084656084656085,L-Concrete,0.12,0.0066,0.1,1410132
other,23,0.5945945945945946,L-Concrete,0.12,0.0066,0.1,1410132
infiltratingductalcarcinoma,220,0.6078559738134206,L-Concrete,0.12,0.0066,0.1,1410133
infiltratinglobularcarcinoma,60,0.5185185185185185,L-Concrete,0.12,0.0066,0.1,1410133
other,23,0.5135135135135135,L-Concrete,0.12,0.0066,0.1,1410133
infiltratingductalcarcinoma,220,0.5378068739770867,L-Concrete,0.12,0.0066,0.1,1410134
infiltratinglobularcarcinoma,60,0.5343915343915344,L-Concrete,0.12,0.0066,0.1,1410134
other,23,0.4864864864864865,L-Concrete,0.12,0.0066,0.1,1410134
infiltratingductalcarcinoma,220,0.6104746317512275,L-LSPIN,0.15,0.007,0.0,560126
infiltratinglobularcarcinoma,60,0.6613756613756614,L-LSPIN,0.15,0.007,0.0,560126
other,23,0.5405405405405406,L-LSPIN,0.15,0.007,0.0,560126
infiltratingductalcarcinoma,220,0.5004909983633388,L-LSPIN,0.15,0.007,0.0,560127
infiltratinglobularcarcinoma,60,0.7195767195767195,L-LSPIN,0.15,0.007,0.0,560127
other,23,0.2972972972972973,L-LSPIN,0.15,0.007,0.0,560127
infiltratingductalcarcinoma,220,0.502454991816694,L-LSPIN,0.15,0.007,0.0,560128
infiltratinglobularcarcinoma,60,0.544973544973545,L-LSPIN,0.15,0.007,0.0,560128
other,23,0.5405405405405406,L-LSPIN,0.15,0.007,0.0,560128
infiltratingductalcarcinoma,220,0.7106382978723405,L-LSPIN,0.15,0.007,0.0,560129
infiltratinglobularcarcinoma,60,0.4656084656084656,L-LSPIN,0.15,0.007,0.0,560129
other,23,0.5945945945945946,L-LSPIN,0.15,0.007,0.0,560129
infiltratingductalcarcinoma,220,0.597545008183306,L-LSPIN,0.15,0.007,0.0,560130
infiltratinglobularcarcinoma,60,0.4497354497354497,L-LSPIN,0.15,0.007,0.0,560130
other,23,0.4054054054054054,L-LSPIN,0.15,0.007,0.0,560130
infiltratingductalcarcinoma,220,0.593126022913257,L-LSPIN,0.15,0.007,0.0,560131
infiltratinglobularcarcinoma,60,0.6507936507936508,L-LSPIN,0.15,0.007,0.0,560131
other,23,0.8378378378378378,L-LSPIN,0.15,0.007,0.0,560131
infiltratingductalcarcinoma,220,0.5332242225859247,L-LSPIN,0.15,0.007,0.0,560132
infiltratinglobularcarcinoma,60,0.582010582010582,L-LSPIN,0.15,0.007,0.0,560132
other,23,0.7567567567567568,L-LSPIN,0.15,0.007,0.0,560132
infiltratingductalcarcinoma,220,0.5921440261865794,L-LSPIN,0.15,0.007,0.0,560133
infiltratinglobularcarcinoma,60,0.6190476190476191,L-LSPIN,0.15,0.007,0.0,560133
other,23,0.8378378378378378,L-LSPIN,0.15,0.007,0.0,560133
infiltratingductalcarcinoma,220,0.6314238952536825,L-LSPIN,0.15,0.007,0.0,560134
infiltratinglobularcarcinoma,60,0.6243386243386243,L-LSPIN,0.15,0.007,0.0,560134
other,23,0.5945945945945946,L-LSPIN,0.15,0.007,0.0,560134
infiltratingductalcarcinoma,220,0.5063829787234042,L-Concrete,0.12,0.0033,0.0,1480126
infiltratinglobularcarcinoma,60,0.6243386243386243,L-Concrete,0.12,0.0033,0.0,1480126
other,23,0.6486486486486487,L-Concrete,0.12,0.0033,0.0,1480126
infiltratingductalcarcinoma,220,0.6360065466448446,L-Concrete,0.12,0.0033,0.0,1480127
infiltratinglobularcarcinoma,60,0.4708994708994709,L-Concrete,0.12,0.0033,0.0,1480127
other,23,0.6216216216216216,L-Concrete,0.12,0.0033,0.0,1480127
infiltratingductalcarcinoma,220,0.5230769230769231,L-Concrete,0.12,0.0033,0.0,1480128
infiltratinglobularcarcinoma,60,0.3862433862433862,L-Concrete,0.12,0.0033,0.0,1480128
other,23,0.3783783783783784,L-Concrete,0.12,0.0033,0.0,1480128
infiltratingductalcarcinoma,220,0.6680851063829787,L-Concrete,0.12,0.0033,0.0,1480129
infiltratinglobularcarcinoma,60,0.492063492063492,L-Concrete,0.12,0.0033,0.0,1480129
other,23,0.5945945945945946,L-Concrete,0.12,0.0033,0.0,1480129
infiltratingductalcarcinoma,220,0.5178396072013093,L-Concrete,0.12,0.0033,0.0,1480130
infiltratinglobularcarcinoma,60,0.4126984126984127,L-Concrete,0.12,0.0033,0.0,1480130
other,23,0.3513513513513513,L-Concrete,0.12,0.0033,0.0,1480130
infiltratingductalcarcinoma,220,0.581342062193126,L-Concrete,0.12,0.0033,0.0,1480131
infiltratinglobularcarcinoma,60,0.708994708994709,L-Concrete,0.12,0.0033,0.0,1480131
other,23,0.5405405405405406,L-Concrete,0.12,0.0033,0.0,1480131
infiltratingductalcarcinoma,220,0.5456628477905073,L-Concrete,0.12,0.0033,0.0,1480132
infiltratinglobularcarcinoma,60,0.6031746031746031,L-Concrete,0.12,0.0033,0.0,1480132
other,23,0.4054054054054054,L-Concrete,0.12,0.0033,0.0,1480132
infiltratingductalcarcinoma,220,0.6160392798690671,L-Concrete,0.12,0.0033,0.0,1480133
infiltratinglobularcarcinoma,60,0.4867724867724867,L-Concrete,0.12,0.0033,0.0,1480133
other,23,0.3513513513513513,L-Concrete,0.12,0.0033,0.0,1480133
infiltratingductalcarcinoma,220,0.5387888707037644,L-Concrete,0.12,0.0033,0.0,1480134
infiltratinglobularcarcinoma,60,0.656084656084656,L-Concrete,0.12,0.0033,0.0,1480134
other,23,0.5945945945945946,L-Concrete,0.12,0.0033,0.0,1480134
