model_family,gate_type,predictor,lambda_sparse,lambda_sample_smooth,run_i,run_j,cluster_ari,cluster_nmi
LSPIN,lspin_tf,mlp,0.0035,0.0,0,1,0.6712062758010326,0.7131163995338008
LSPIN,lspin_tf,mlp,0.0035,0.0,0,2,0.8054718856192875,0.7800154926897682
LSPIN,lspin_tf,mlp,0.0035,0.0,0,3,0.9471836437973056,0.9067297285597712
LSPIN,lspin_tf,mlp,0.0035,0.0,0,4,0.9650881860393254,0.9227238806657116
LSPIN,lspin_tf,mlp,0.0035,0.0,1,2,0.8541980689126998,0.8215224430465438
LSPIN,lspin_tf,mlp,0.0035,0.0,1,3,0.6949659279697049,0.7033983322353753
LSPIN,lspin_tf,mlp,0.0035,0.0,1,4,0.6773295920603074,0.7158453192727894
LSPIN,lspin_tf,mlp,0.0035,0.0,2,3,0.8323001760995075,0.7891214340280182
LSPIN,lspin_tf,mlp,0.0035,0.0,2,4,0.8117775763621244,0.7837828075907244
LSPIN,lspin_tf,mlp,0.0035,0.0,3,4,0.9472341326565766,0.9064206161828432
LSPIN,lspin_tf,mlp,0.00525,0.0,0,1,0.9645840344202647,0.928611115301901
LSPIN,lspin_tf,mlp,0.00525,0.0,0,2,0.8423430357412028,0.8010029402787058
LSPIN,lspin_tf,mlp,0.00525,0.0,0,3,0.9798267437880552,0.9454588078395924
LSPIN,lspin_tf,mlp,0.00525,0.0,0,4,0.9733816888488362,0.9330670122424866
LSPIN,lspin_tf,mlp,0.00525,0.0,1,2,0.8498213125406108,0.8224035326439991
LSPIN,lspin_tf,mlp,0.00525,0.0,1,3,0.9579465392028405,0.9089067817388384
LSPIN,lspin_tf,mlp,0.00525,0.0,1,4,0.9515204921173748,0.9052415131853664
LSPIN,lspin_tf,mlp,0.00525,0.0,2,3,0.8388359080437892,0.7986455325366131
LSPIN,lspin_tf,mlp,0.00525,0.0,2,4,0.8423783909972082,0.7896181874376627
LSPIN,lspin_tf,mlp,0.00525,0.0,3,4,0.9798450432144928,0.9529992544191214
LSPIN,lspin_tf,mlp,0.007,0.0,0,1,0.9688273975879768,0.9243885374441052
LSPIN,lspin_tf,mlp,0.007,0.0,0,2,0.9890327434966144,0.978723668847058
LSPIN,lspin_tf,mlp,0.007,0.0,0,3,0.9821630957549208,0.9587637952323796
LSPIN,lspin_tf,mlp,0.007,0.0,0,4,0.9378166922935744,0.8852986015357082
LSPIN,lspin_tf,mlp,0.007,0.0,1,2,0.9798098501638076,0.9455433435660132
LSPIN,lspin_tf,mlp,0.007,0.0,1,3,0.9864122093276296,0.9654804902709708
LSPIN,lspin_tf,mlp,0.007,0.0,1,4,0.9547735890446422,0.9144615680576
LSPIN,lspin_tf,mlp,0.007,0.0,2,3,0.993141982826191,0.9799465411251884
LSPIN,lspin_tf,mlp,0.007,0.0,2,4,0.9487826286995306,0.9066557598346764
LSPIN,lspin_tf,mlp,0.007,0.0,3,4,0.9429103785840492,0.8993505170995681
LSPIN,lspin_tf,mlp,0.00875,0.0,0,1,0.6691982761270353,0.731698417039386
LSPIN,lspin_tf,mlp,0.00875,0.0,0,2,0.6387952716704952,0.7006942768053351
LSPIN,lspin_tf,mlp,0.00875,0.0,0,3,0.6523525040227411,0.7242605475492105
LSPIN,lspin_tf,mlp,0.00875,0.0,0,4,0.6620822663870478,0.7285025761690012
LSPIN,lspin_tf,mlp,0.00875,0.0,1,2,0.950664335651125,0.9019304319256802
LSPIN,lspin_tf,mlp,0.00875,0.0,1,3,0.967051393904164,0.9320409559245368
LSPIN,lspin_tf,mlp,0.00875,0.0,1,4,0.9608743372703952,0.9078752385007596
LSPIN,lspin_tf,mlp,0.00875,0.0,2,3,0.9823361054592886,0.958580807404036
LSPIN,lspin_tf,mlp,0.00875,0.0,2,4,0.950495345151414,0.8913360610202268
LSPIN,lspin_tf,mlp,0.00875,0.0,3,4,0.9670191616237156,0.9222475560139354
LSPIN,lspin_tf,mlp,0.0105,0.0,0,1,0.9486767725117332,0.8895267553519111
LSPIN,lspin_tf,mlp,0.0105,0.0,0,2,0.949791129713918,0.8912766702571524
LSPIN,lspin_tf,mlp,0.0105,0.0,0,3,0.960746208794129,0.9230862012025108
LSPIN,lspin_tf,mlp,0.0105,0.0,0,4,0.6851754872486409,0.7110987553512635
LSPIN,lspin_tf,mlp,0.0105,0.0,1,2,0.9496976670989964,0.8860978639719799
LSPIN,lspin_tf,mlp,0.0105,0.0,1,3,0.9864012415450228,0.9655295605281512
LSPIN,lspin_tf,mlp,0.0105,0.0,1,4,0.6846114357876192,0.7131542248071202
LSPIN,lspin_tf,mlp,0.0105,0.0,2,3,0.9622884008077474,0.9124153743863666
LSPIN,lspin_tf,mlp,0.0105,0.0,2,4,0.6890095765271381,0.708494722875534
LSPIN,lspin_tf,mlp,0.0105,0.0,3,4,0.6786044060218812,0.7103247488203652
LSPIN,lspin_tf,mlp,0.014,0.0,0,1,0.9607743904196816,0.9124574182388272
LSPIN,lspin_tf,mlp,0.014,0.0,0,2,0.9670461112027982,0.9188024840919798
LSPIN,lspin_tf,mlp,0.014,0.0,0,3,0.9864705652243422,0.9652051784342418
LSPIN,lspin_tf,mlp,0.014,0.0,0,4,0.7099878356172197,0.7337586929203129
LSPIN,lspin_tf,mlp,0.014,0.0,1,2,0.9798277947934658,0.9530616733235292
LSPIN,lspin_tf,mlp,0.014,0.0,1,3,0.9487278980537298,0.8950251779817285
LSPIN,lspin_tf,mlp,0.014,0.0,1,4,0.6970789912532379,0.7275502224112707
LSPIN,lspin_tf,mlp,0.014,0.0,2,3,0.9547613532453076,0.8982038892068648
LSPIN,lspin_tf,mlp,0.014,0.0,2,4,0.7065744500927303,0.7320900711234039
LSPIN,lspin_tf,mlp,0.014,0.0,3,4,0.7102425789394595,0.732612437265722
LSPIN,lspin_tf,mlp,0.021,0.0,0,1,0.968928868671534,0.9317729378559249
LSPIN,lspin_tf,mlp,0.021,0.0,0,2,0.6031486231695913,0.7063826785569692
LSPIN,lspin_tf,mlp,0.021,0.0,0,3,0.638293008620399,0.7036584164096631
LSPIN,lspin_tf,mlp,0.021,0.0,0,4,0.9669666694563768,0.9322342307248708
LSPIN,lspin_tf,mlp,0.021,0.0,1,2,0.6015529847514209,0.6879868990390542
LSPIN,lspin_tf,mlp,0.021,0.0,1,3,0.643939100955518,0.7209852951875839
LSPIN,lspin_tf,mlp,0.021,0.0,1,4,0.9534841206129072,0.8956008550485971
LSPIN,lspin_tf,mlp,0.021,0.0,2,3,0.922799403124136,0.8734408058589028
LSPIN,lspin_tf,mlp,0.021,0.0,2,4,0.6184831515504192,0.7125172510834544
LSPIN,lspin_tf,mlp,0.021,0.0,3,4,0.6476831545060734,0.7064707511087351
LSPIN,lspin_tf,mlp,0.028,0.0,0,1,0.9371572206515686,0.8924861188153698
LSPIN,lspin_tf,mlp,0.028,0.0,0,2,0.6256349859845042,0.7140765417258277
LSPIN,lspin_tf,mlp,0.028,0.0,0,3,0.9221588348756532,0.8620581533542125
LSPIN,lspin_tf,mlp,0.028,0.0,0,4,0.9797943694910412,0.95318043369774
LSPIN,lspin_tf,mlp,0.028,0.0,1,2,0.6590438892027956,0.7283900960868911
LSPIN,lspin_tf,mlp,0.028,0.0,1,3,0.9277702834905768,0.8532863418438101
LSPIN,lspin_tf,mlp,0.028,0.0,1,4,0.9547735890446422,0.9144615680576
LSPIN,lspin_tf,mlp,0.028,0.0,2,3,0.635172521518154,0.6881174489861147
LSPIN,lspin_tf,mlp,0.028,0.0,2,4,0.6343192690837888,0.7176396316381858
LSPIN,lspin_tf,mlp,0.028,0.0,3,4,0.9283142950673768,0.8577295821614633
LSPIN,lspin_tf,mlp,0.0035,0.025,0,1,0.9891031484068808,0.9787100041769288
LSPIN,lspin_tf,mlp,0.0035,0.025,0,2,0.95728581670756,0.9370468611991848
LSPIN,lspin_tf,mlp,0.0035,0.025,0,3,0.95728581670756,0.9370468611991848
LSPIN,lspin_tf,mlp,0.0035,0.025,0,4,0.9891031484068808,0.9787100041769288
LSPIN,lspin_tf,mlp,0.0035,0.025,1,2,0.9678087536384248,0.9491705004418136
LSPIN,lspin_tf,mlp,0.0035,0.025,1,3,0.9678087536384248,0.9491705004418136
LSPIN,lspin_tf,mlp,0.0035,0.025,1,4,1.0,1.0
LSPIN,lspin_tf,mlp,0.0035,0.025,2,3,1.0,1.0
LSPIN,lspin_tf,mlp,0.0035,0.025,2,4,0.9678087536384248,0.9491705004418136
LSPIN,lspin_tf,mlp,0.0035,0.025,3,4,0.9678087536384248,0.9491705004418136
LSPIN,lspin_tf,mlp,0.00525,0.025,0,1,0.97986151240171,0.9452801171935008
LSPIN,lspin_tf,mlp,0.00525,0.025,0,2,0.9590358022567,0.9161475257378549
LSPIN,lspin_tf,mlp,0.00525,0.025,0,3,0.9759078978686528,0.9440075373227598
LSPIN,lspin_tf,mlp,0.00525,0.025,0,4,0.9617886350996572,0.929087340686576
LSPIN,lspin_tf,mlp,0.00525,0.025,1,2,0.9686541653108252,0.935025513561212
LSPIN,lspin_tf,mlp,0.00525,0.025,1,3,0.9824875598611866,0.9584767709640836
LSPIN,lspin_tf,mlp,0.00525,0.025,1,4,0.9581221592096693,0.9188833375618398
LSPIN,lspin_tf,mlp,0.00525,0.025,2,3,0.9825067015878908,0.9583863031021604
LSPIN,lspin_tf,mlp,0.00525,0.025,2,4,0.9760404543994652,0.9435857366645514
LSPIN,lspin_tf,mlp,0.00525,0.025,3,4,0.971952567724816,0.9424007221439556
LSPIN,lspin_tf,mlp,0.007,0.025,0,1,0.9783945995820656,0.9628504246567072
LSPIN,lspin_tf,mlp,0.007,0.025,0,2,0.9757057281517564,0.9439394502464636
LSPIN,lspin_tf,mlp,0.007,0.025,0,3,0.9608479435723718,0.9229048116551448
LSPIN,lspin_tf,mlp,0.007,0.025,0,4,0.989125056765531,0.9786286105903444
LSPIN,lspin_tf,mlp,0.007,0.025,1,2,0.9759946482458696,0.9439078749165054
LSPIN,lspin_tf,mlp,0.007,0.025,1,3,0.943141412785958,0.8871375965052796
LSPIN,lspin_tf,mlp,0.007,0.025,1,4,0.98914622396049,0.9785449494981008
LSPIN,lspin_tf,mlp,0.007,0.025,2,3,0.966026762648224,0.9290838802563112
LSPIN,lspin_tf,mlp,0.007,0.025,2,4,0.986583403977258,0.9652878613398468
LSPIN,lspin_tf,mlp,0.007,0.025,3,4,0.9533269354831216,0.908374092145605
LSPIN,lspin_tf,mlp,0.00875,0.025,0,1,0.9697189764719156,0.931433525603716
LSPIN,lspin_tf,mlp,0.00875,0.025,0,2,0.9547735890446422,0.9144615680576
LSPIN,lspin_tf,mlp,0.00875,0.025,0,3,0.8502619502827181,0.8029943730858974
LSPIN,lspin_tf,mlp,0.00875,0.025,0,4,0.9547735890446422,0.9144615680576
LSPIN,lspin_tf,mlp,0.00875,0.025,1,2,0.9503603707818596,0.8909387434129762
LSPIN,lspin_tf,mlp,0.00875,0.025,1,3,0.8324766750351151,0.793806509154746
LSPIN,lspin_tf,mlp,0.00875,0.025,1,4,0.9628007692591332,0.920530656570334
LSPIN,lspin_tf,mlp,0.00875,0.025,2,3,0.8327586460349798,0.8008692807528582
LSPIN,lspin_tf,mlp,0.00875,0.025,2,4,0.986423099440726,0.959876456846124
LSPIN,lspin_tf,mlp,0.00875,0.025,3,4,0.8327586460349798,0.8008692807528582
LSPIN,lspin_tf,mlp,0.0105,0.025,0,1,0.9215259290708034,0.8780186060455488
LSPIN,lspin_tf,mlp,0.0105,0.025,0,2,0.8428850768137687,0.8074087779624973
LSPIN,lspin_tf,mlp,0.0105,0.025,0,3,0.839389496454753,0.8051238463336867
LSPIN,lspin_tf,mlp,0.0105,0.025,0,4,0.9911336705314222,0.9783362352410808
LSPIN,lspin_tf,mlp,0.0105,0.025,1,2,0.7752542322591193,0.7815326691120662
LSPIN,lspin_tf,mlp,0.0105,0.025,1,3,0.7720712347670046,0.7798234834433401
LSPIN,lspin_tf,mlp,0.0105,0.025,1,4,0.9292834675768628,0.8822285286074354
LSPIN,lspin_tf,mlp,0.0105,0.025,2,3,0.9670461112027982,0.9188024840919798
LSPIN,lspin_tf,mlp,0.0105,0.025,2,4,0.8340486211634732,0.7979108880959825
LSPIN,lspin_tf,mlp,0.0105,0.025,3,4,0.8305440314188473,0.795663904279228
LSPIN,lspin_tf,mlp,0.014,0.025,0,1,0.9826553341848128,0.9582187259609074
LSPIN,lspin_tf,mlp,0.014,0.025,0,2,0.9734050333869052,0.9329689291033084
LSPIN,lspin_tf,mlp,0.014,0.025,0,3,0.9931772591905416,0.9797150667635708
LSPIN,lspin_tf,mlp,0.014,0.025,0,4,0.9607795236302586,0.923025903152916
LSPIN,lspin_tf,mlp,0.014,0.025,1,2,0.9693638924811296,0.9313703076838876
LSPIN,lspin_tf,mlp,0.014,0.025,1,3,0.9894758924513128,0.978525694564524
LSPIN,lspin_tf,mlp,0.014,0.025,1,4,0.9441917494609448,0.8930924054284598
LSPIN,lspin_tf,mlp,0.014,0.025,2,3,0.9798803862142204,0.9528690352838732
LSPIN,lspin_tf,mlp,0.014,0.025,2,4,0.9733382168624118,0.9421349742664532
LSPIN,lspin_tf,mlp,0.014,0.025,3,4,0.9546938194266744,0.914566218777162
LSPIN,lspin_tf,mlp,0.021,0.025,0,1,0.9689597552595984,0.9301205806219596
LSPIN,lspin_tf,mlp,0.021,0.025,0,2,0.7996362701697199,0.7956546155315153
LSPIN,lspin_tf,mlp,0.021,0.025,0,3,0.822545390598031,0.7926590790408143
LSPIN,lspin_tf,mlp,0.021,0.025,0,4,0.975676372526463,0.9436493846057824
LSPIN,lspin_tf,mlp,0.021,0.025,1,2,0.8219786946648201,0.7910994192396529
LSPIN,lspin_tf,mlp,0.021,0.025,1,3,0.8466014104934232,0.8217625468152152
LSPIN,lspin_tf,mlp,0.021,0.025,1,4,0.9931708668144914,0.9789977467439088
LSPIN,lspin_tf,mlp,0.021,0.025,2,3,0.950213221321148,0.9171264180327912
LSPIN,lspin_tf,mlp,0.021,0.025,2,4,0.8192427728615403,0.7964916214093221
LSPIN,lspin_tf,mlp,0.021,0.025,3,4,0.843511116775263,0.8215452588572131
LSPIN,lspin_tf,mlp,0.028,0.025,0,1,0.9468139081762684,0.8892762108610405
LSPIN,lspin_tf,mlp,0.028,0.025,0,2,0.8156562982364032,0.77149933062727
LSPIN,lspin_tf,mlp,0.028,0.025,0,3,0.9589257464012044,0.9238235319624404
LSPIN,lspin_tf,mlp,0.028,0.025,0,4,0.7699433973147771,0.7642373767410212
LSPIN,lspin_tf,mlp,0.028,0.025,1,2,0.8119824716833648,0.7813784522081065
LSPIN,lspin_tf,mlp,0.028,0.025,1,3,0.9442423759997596,0.881977830894823
LSPIN,lspin_tf,mlp,0.028,0.025,1,4,0.7552996751734474,0.7706983868097715
LSPIN,lspin_tf,mlp,0.028,0.025,2,3,0.8086617417878599,0.7800696217471094
LSPIN,lspin_tf,mlp,0.028,0.025,2,4,0.9290460448022106,0.880073525168348
LSPIN,lspin_tf,mlp,0.028,0.025,3,4,0.7602642264156729,0.7551797312493319
LSPIN,lspin_tf,mlp,0.0035,0.05,0,1,1.0,1.0
LSPIN,lspin_tf,mlp,0.0035,0.05,0,2,0.9783517452100648,0.9629807017481892
LSPIN,lspin_tf,mlp,0.0035,0.05,0,3,0.9677459277913032,0.9493373045664472
LSPIN,lspin_tf,mlp,0.0035,0.05,0,4,0.95728581670756,0.9370468611991848
LSPIN,lspin_tf,mlp,0.0035,0.05,1,2,0.9783517452100648,0.9629807017481892
LSPIN,lspin_tf,mlp,0.0035,0.05,1,3,0.9677459277913032,0.9493373045664474
LSPIN,lspin_tf,mlp,0.0035,0.05,1,4,0.95728581670756,0.9370468611991846
LSPIN,lspin_tf,mlp,0.0035,0.05,2,3,0.98914622396049,0.9785449494981008
LSPIN,lspin_tf,mlp,0.0035,0.05,2,4,0.9784359342832616,0.9627168988162196
LSPIN,lspin_tf,mlp,0.0035,0.05,3,4,0.9891666036602486,0.9784589811222298
LSPIN,lspin_tf,mlp,0.00525,0.05,0,1,1.0,1.0
LSPIN,lspin_tf,mlp,0.00525,0.05,0,2,0.982254644827518,0.9586064664658552
LSPIN,lspin_tf,mlp,0.00525,0.05,0,3,1.0,1.0
LSPIN,lspin_tf,mlp,0.00525,0.05,0,4,0.9610444525327488,0.9291745814003542
LSPIN,lspin_tf,mlp,0.00525,0.05,1,2,0.982254644827518,0.9586064664658552
LSPIN,lspin_tf,mlp,0.00525,0.05,1,3,1.0,1.0
LSPIN,lspin_tf,mlp,0.00525,0.05,1,4,0.9610444525327488,0.9291745814003542
LSPIN,lspin_tf,mlp,0.00525,0.05,2,3,0.982254644827518,0.9586064664658552
LSPIN,lspin_tf,mlp,0.00525,0.05,2,4,0.9785343048969498,0.9628376081202634
LSPIN,lspin_tf,mlp,0.00525,0.05,3,4,0.9610444525327488,0.9291745814003542
LSPIN,lspin_tf,mlp,0.007,0.05,0,1,1.0,1.0
LSPIN,lspin_tf,mlp,0.007,0.05,0,2,0.9689445564905792,0.9317261829977156
LSPIN,lspin_tf,mlp,0.007,0.05,0,3,0.982254644827518,0.9586064664658552
LSPIN,lspin_tf,mlp,0.007,0.05,0,4,0.9755350490663736,0.944109196333274
LSPIN,lspin_tf,mlp,0.007,0.05,1,2,0.9689445564905792,0.9317261829977156
LSPIN,lspin_tf,mlp,0.007,0.05,1,3,0.982254644827518,0.9586064664658552
LSPIN,lspin_tf,mlp,0.007,0.05,1,4,0.9755350490663736,0.944109196333274
LSPIN,lspin_tf,mlp,0.007,0.05,2,3,0.986446639734958,0.9653210382299344
LSPIN,lspin_tf,mlp,0.007,0.05,2,4,0.9931651193605804,0.9797984390748832
LSPIN,lspin_tf,mlp,0.007,0.05,3,4,0.9931591688208916,0.9798378180121748
LSPIN,lspin_tf,mlp,0.00875,0.05,0,1,0.98914622396049,0.9785449494981008
LSPIN,lspin_tf,mlp,0.00875,0.05,0,2,0.9783945995820656,0.9628504246567072
LSPIN,lspin_tf,mlp,0.00875,0.05,0,3,0.9572010024741534,0.9372379980504372
LSPIN,lspin_tf,mlp,0.00875,0.05,0,4,1.0,1.0
LSPIN,lspin_tf,mlp,0.00875,0.05,1,2,0.989125056765531,0.9786286105903444
LSPIN,lspin_tf,mlp,0.00875,0.05,1,3,0.9676809045570076,0.9495003853459963
LSPIN,lspin_tf,mlp,0.00875,0.05,1,4,0.98914622396049,0.9785449494981008
LSPIN,lspin_tf,mlp,0.00875,0.05,2,3,0.978307462861248,0.9631077506509148
LSPIN,lspin_tf,mlp,0.00875,0.05,2,4,0.9783945995820656,0.9628504246567072
LSPIN,lspin_tf,mlp,0.00875,0.05,3,4,0.9572010024741534,0.9372379980504372
LSPIN,lspin_tf,mlp,0.0105,0.05,0,1,0.986583403977258,0.9652878613398468
LSPIN,lspin_tf,mlp,0.0105,0.05,0,2,0.8122580244128995,0.7914055217896941
LSPIN,lspin_tf,mlp,0.0105,0.05,0,3,0.9736989894435027,0.9328120729762424
LSPIN,lspin_tf,mlp,0.0105,0.05,0,4,0.9632261015045293,0.9206663062911696
LSPIN,lspin_tf,mlp,0.0105,0.05,1,2,0.8059638401071223,0.7877034018542077
LSPIN,lspin_tf,mlp,0.0105,0.05,1,3,0.9736787442854806,0.9418990050587096
LSPIN,lspin_tf,mlp,0.0105,0.05,1,4,0.9507678379508644,0.9018672209902692
LSPIN,lspin_tf,mlp,0.0105,0.05,2,3,0.8122999469145118,0.790463861047185
LSPIN,lspin_tf,mlp,0.0105,0.05,2,4,0.8257657743254266,0.7878145088286616
LSPIN,lspin_tf,mlp,0.0105,0.05,3,4,0.976153343675378,0.9437797845921418
LSPIN,lspin_tf,mlp,0.014,0.05,0,1,0.8113193131554178,0.8018743934083472
LSPIN,lspin_tf,mlp,0.014,0.05,0,2,0.9615027582666196,0.9360814718966222
LSPIN,lspin_tf,mlp,0.014,0.05,0,3,0.8239679031740077,0.7968064143942215
LSPIN,lspin_tf,mlp,0.014,0.05,0,4,0.8325346221901538,0.8037162247559807
LSPIN,lspin_tf,mlp,0.014,0.05,1,2,0.8239625215551947,0.7792671404398289
LSPIN,lspin_tf,mlp,0.014,0.05,1,3,0.9756031176944224,0.9431611545880068
LSPIN,lspin_tf,mlp,0.014,0.05,1,4,0.9671027410333678,0.9316790471494648
LSPIN,lspin_tf,mlp,0.014,0.05,2,3,0.8375899157859756,0.789152289316267
LSPIN,lspin_tf,mlp,0.014,0.05,2,4,0.8465265721537631,0.8010631774336875
LSPIN,lspin_tf,mlp,0.014,0.05,3,4,0.9911336705314222,0.9783362352410808
LSPIN,lspin_tf,mlp,0.021,0.05,0,1,0.972776562481582,0.940206831247049
LSPIN,lspin_tf,mlp,0.021,0.05,0,2,0.8363369591484852,0.8040022187140516
LSPIN,lspin_tf,mlp,0.021,0.05,0,3,0.9397278003136202,0.88481777626484
LSPIN,lspin_tf,mlp,0.021,0.05,0,4,0.9587268355714028,0.9216581292536588
LSPIN,lspin_tf,mlp,0.021,0.05,1,2,0.832196123249265,0.7955705021977019
LSPIN,lspin_tf,mlp,0.021,0.05,1,3,0.9372069808368074,0.8771807138003938
LSPIN,lspin_tf,mlp,0.021,0.05,1,4,0.9858205707708072,0.9756142098735586
LSPIN,lspin_tf,mlp,0.021,0.05,2,3,0.8219786946648201,0.7910994192396529
LSPIN,lspin_tf,mlp,0.021,0.05,2,4,0.8356614992005988,0.7954545425819801
LSPIN,lspin_tf,mlp,0.021,0.05,3,4,0.9415513369922296,0.8904201899034578
LSPIN,lspin_tf,mlp,0.028,0.05,0,1,0.8102418095359425,0.7802993144696992
LSPIN,lspin_tf,mlp,0.028,0.05,0,2,0.7901746498140311,0.7583371505069764
LSPIN,lspin_tf,mlp,0.028,0.05,0,3,0.8037146524099077,0.76115150827161
LSPIN,lspin_tf,mlp,0.028,0.05,0,4,0.7465635987483865,0.7358048786682114
LSPIN,lspin_tf,mlp,0.028,0.05,1,2,0.9688213603776624,0.9294079071611222
LSPIN,lspin_tf,mlp,0.028,0.05,1,3,0.9931073907313388,0.978914296090247
LSPIN,lspin_tf,mlp,0.028,0.05,1,4,0.9147108350418895,0.8658651230682375
LSPIN,lspin_tf,mlp,0.028,0.05,2,3,0.9756031176944224,0.9431611545880068
LSPIN,lspin_tf,mlp,0.028,0.05,2,4,0.9437458609050852,0.8978926777226459
LSPIN,lspin_tf,mlp,0.028,0.05,3,4,0.9212866433875084,0.8747416010399907
LSPIN,lspin_tf,mlp,0.0035,0.1,0,1,0.9784908687798864,0.957385985693519
LSPIN,lspin_tf,mlp,0.0035,0.1,0,2,0.989173658564539,0.9786943849641498
LSPIN,lspin_tf,mlp,0.0035,0.1,0,3,0.9714576274480023,0.9430338959480148
LSPIN,lspin_tf,mlp,0.0035,0.1,0,4,0.989173658564539,0.97869438496415
LSPIN,lspin_tf,mlp,0.0035,0.1,1,2,0.989173658564539,0.9786943849641498
LSPIN,lspin_tf,mlp,0.0035,0.1,1,3,0.9714576274480023,0.9430338959480148
LSPIN,lspin_tf,mlp,0.0035,0.1,1,4,0.989173658564539,0.97869438496415
LSPIN,lspin_tf,mlp,0.0035,0.1,2,3,0.982156705887242,0.9587449218353292
LSPIN,lspin_tf,mlp,0.0035,0.1,2,4,1.0,1.0000000000000002
LSPIN,lspin_tf,mlp,0.0035,0.1,3,4,0.982156705887242,0.9587449218353292
LSPIN,lspin_tf,mlp,0.00525,0.1,0,1,0.9825067015878908,0.9583863031021604
LSPIN,lspin_tf,mlp,0.00525,0.1,0,2,0.9823511843290764,0.9584638872603232
LSPIN,lspin_tf,mlp,0.00525,0.1,0,3,0.9715767058961388,0.9428464313313132
LSPIN,lspin_tf,mlp,0.00525,0.1,0,4,0.9785328948160998,0.957221169390314
LSPIN,lspin_tf,mlp,0.00525,0.1,1,2,0.9783945995820656,0.9628504246567072
LSPIN,lspin_tf,mlp,0.00525,0.1,1,3,0.9677459277913032,0.9493373045664474
LSPIN,lspin_tf,mlp,0.00525,0.1,1,4,0.9825067015878908,0.9583863031021604
LSPIN,lspin_tf,mlp,0.00525,0.1,2,3,0.9891031484068808,0.9787100041769288
LSPIN,lspin_tf,mlp,0.00525,0.1,2,4,0.9823511843290764,0.9584638872603232
LSPIN,lspin_tf,mlp,0.00525,0.1,3,4,0.9715767058961388,0.9428464313313132
LSPIN,lspin_tf,mlp,0.007,0.1,0,1,0.9758263933893848,0.9440769179685802
LSPIN,lspin_tf,mlp,0.007,0.1,0,2,0.9864349377287028,0.9653761743689036
LSPIN,lspin_tf,mlp,0.007,0.1,0,3,0.9755350490663736,0.9441091963332742
LSPIN,lspin_tf,mlp,0.007,0.1,0,4,0.9931591688208916,0.9798378180121748
LSPIN,lspin_tf,mlp,0.007,0.1,1,2,0.989125056765531,0.9786286105903444
LSPIN,lspin_tf,mlp,0.007,0.1,1,3,0.9783517452100648,0.9629807017481892
LSPIN,lspin_tf,mlp,0.007,0.1,1,4,0.9824117446711296,0.9585304697106728
LSPIN,lspin_tf,mlp,0.007,0.1,2,3,0.9891031484068808,0.9787100041769288
LSPIN,lspin_tf,mlp,0.007,0.1,2,4,0.9931533191038248,0.979875634787992
LSPIN,lspin_tf,mlp,0.007,0.1,3,4,0.982254644827518,0.9586064664658552
LSPIN,lspin_tf,mlp,0.00875,0.1,0,1,0.989125056765531,0.9786286105903444
LSPIN,lspin_tf,mlp,0.00875,0.1,0,2,0.989125056765531,0.9786286105903444
LSPIN,lspin_tf,mlp,0.00875,0.1,0,3,0.967051393904164,0.9320409559245368
LSPIN,lspin_tf,mlp,0.00875,0.1,0,4,1.0,1.0
LSPIN,lspin_tf,mlp,0.00875,0.1,1,2,1.0,1.0
LSPIN,lspin_tf,mlp,0.00875,0.1,1,3,0.9568397584749104,0.910928147282069
LSPIN,lspin_tf,mlp,0.00875,0.1,1,4,0.989125056765531,0.9786286105903444
LSPIN,lspin_tf,mlp,0.00875,0.1,2,3,0.9568397584749104,0.9109281472820692
LSPIN,lspin_tf,mlp,0.00875,0.1,2,4,0.989125056765531,0.9786286105903444
LSPIN,lspin_tf,mlp,0.00875,0.1,3,4,0.967051393904164,0.9320409559245368
LSPIN,lspin_tf,mlp,0.0105,0.1,0,1,0.9542591038454924,0.914902243374305
LSPIN,lspin_tf,mlp,0.0105,0.1,0,2,0.9289749083687217,0.8723576031682808
LSPIN,lspin_tf,mlp,0.0105,0.1,0,3,0.9676809045570076,0.9495003853459963
LSPIN,lspin_tf,mlp,0.0105,0.1,0,4,0.9647373173534723,0.9285487327426408
LSPIN,lspin_tf,mlp,0.0105,0.1,1,2,0.9737236334856748,0.9417638010433796
LSPIN,lspin_tf,mlp,0.0105,0.1,1,3,0.986583403977258,0.9652878613398468
LSPIN,lspin_tf,mlp,0.0105,0.1,1,4,0.9892653321783492,0.9785931364263128
LSPIN,lspin_tf,mlp,0.0105,0.1,2,3,0.9612872360968784,0.9228139309961212
LSPIN,lspin_tf,mlp,0.0105,0.1,2,4,0.9629872679070804,0.9203512409494796
LSPIN,lspin_tf,mlp,0.0105,0.1,3,4,0.9758263933893848,0.9440769179685802
LSPIN,lspin_tf,mlp,0.014,0.1,0,1,0.7935152635680452,0.7920802321087701
LSPIN,lspin_tf,mlp,0.014,0.1,0,2,0.7907874158921075,0.7726023665673104
LSPIN,lspin_tf,mlp,0.014,0.1,0,3,0.7935152635680452,0.7920802321087701
LSPIN,lspin_tf,mlp,0.014,0.1,0,4,0.7796363898434192,0.7662722429296939
LSPIN,lspin_tf,mlp,0.014,0.1,1,2,0.9761973308976124,0.9434392189683198
LSPIN,lspin_tf,mlp,0.014,0.1,1,3,0.9864945898913856,0.9594006333837762
LSPIN,lspin_tf,mlp,0.014,0.1,1,4,0.9827917268251531,0.9582296760911572
LSPIN,lspin_tf,mlp,0.014,0.1,2,3,0.9761973308976124,0.94343921896832
LSPIN,lspin_tf,mlp,0.014,0.1,2,4,0.980152433472934,0.9525613172279436
LSPIN,lspin_tf,mlp,0.014,0.1,3,4,0.9696574971227964,0.9235881483404942
LSPIN,lspin_tf,mlp,0.021,0.1,0,1,0.9822560500774434,0.9632282124111926
LSPIN,lspin_tf,mlp,0.021,0.1,0,2,0.825010473252752,0.7718896803771897
LSPIN,lspin_tf,mlp,0.021,0.1,0,3,0.8147043229649082,0.7790247807488322
LSPIN,lspin_tf,mlp,0.021,0.1,0,4,0.8181457774340368,0.7689236604270959
LSPIN,lspin_tf,mlp,0.021,0.1,1,2,0.8426790148193134,0.79029055085252
LSPIN,lspin_tf,mlp,0.021,0.1,1,3,0.8324720088298977,0.7972352094484632
LSPIN,lspin_tf,mlp,0.021,0.1,1,4,0.8358285211941804,0.7872839039380223
LSPIN,lspin_tf,mlp,0.021,0.1,2,3,0.9547334191808085,0.9145131808980836
LSPIN,lspin_tf,mlp,0.021,0.1,2,4,0.9864945898913856,0.9594006333837762
LSPIN,lspin_tf,mlp,0.021,0.1,3,4,0.9547334191808085,0.9145131808980836
LSPIN,lspin_tf,mlp,0.028,0.1,0,1,0.8263684101399514,0.7800336120146136
LSPIN,lspin_tf,mlp,0.028,0.1,0,2,0.8201090655138972,0.7667006439233944
LSPIN,lspin_tf,mlp,0.028,0.1,0,3,0.944520518022705,0.8928777818816406
LSPIN,lspin_tf,mlp,0.028,0.1,0,4,0.7697972173283036,0.7413419462556313
LSPIN,lspin_tf,mlp,0.028,0.1,1,2,0.9841752966921964,0.9570864989492318
LSPIN,lspin_tf,mlp,0.028,0.1,1,3,0.8356614992005988,0.7954545425819801
LSPIN,lspin_tf,mlp,0.028,0.1,1,4,0.9335135974376384,0.8938841320923366
LSPIN,lspin_tf,mlp,0.028,0.1,2,3,0.8231250737501499,0.7799523133111465
LSPIN,lspin_tf,mlp,0.028,0.1,2,4,0.934759629627958,0.8878785040309533
LSPIN,lspin_tf,mlp,0.028,0.1,3,4,0.7809956536521868,0.7593145193699163
LSPIN,lspin_tf,mlp,0.0035,0.0,0,1,1.0,1.0
LSPIN,lspin_tf,mlp,0.0035,0.0,0,2,0.9891951665248356,0.9786118419974886
LSPIN,lspin_tf,mlp,0.0035,0.0,0,3,1.0,1.0
LSPIN,lspin_tf,mlp,0.0035,0.0,0,4,0.982254644827518,0.9586064664658552
LSPIN,lspin_tf,mlp,0.0035,0.0,1,2,0.9891951665248356,0.9786118419974884
LSPIN,lspin_tf,mlp,0.0035,0.0,1,3,1.0,1.0
LSPIN,lspin_tf,mlp,0.0035,0.0,1,4,0.982254644827518,0.9586064664658552
LSPIN,lspin_tf,mlp,0.0035,0.0,2,3,0.9891951665248356,0.9786118419974886
LSPIN,lspin_tf,mlp,0.0035,0.0,2,4,0.9715767058961388,0.9428464313313132
LSPIN,lspin_tf,mlp,0.0035,0.0,3,4,0.982254644827518,0.9586064664658552
LSPIN,lspin_tf,mlp,0.00525,0.0,0,1,0.9864234509859758,0.9654293451173658
LSPIN,lspin_tf,mlp,0.00525,0.0,0,2,0.982254644827518,0.9586064664658552
LSPIN,lspin_tf,mlp,0.00525,0.0,0,3,0.9798439795615554,0.9453710294447248
LSPIN,lspin_tf,mlp,0.00525,0.0,0,4,0.9931591688208916,0.9798378180121748
LSPIN,lspin_tf,mlp,0.00525,0.0,1,2,0.9822390843514474,0.9587189170769356
LSPIN,lspin_tf,mlp,0.00525,0.0,1,3,0.9798277947934658,0.953061673323529
LSPIN,lspin_tf,mlp,0.00525,0.0,1,4,0.9798277947934658,0.953061673323529
LSPIN,lspin_tf,mlp,0.00525,0.0,2,3,0.9624463003168834,0.9119917332902402
LSPIN,lspin_tf,mlp,0.00525,0.0,2,4,0.9755350490663736,0.944109196333274
LSPIN,lspin_tf,mlp,0.00525,0.0,3,4,0.9733809817156284,0.9310181372863816
LSPIN,lspin_tf,mlp,0.007,0.0,0,1,0.9931533191038248,0.979875634787992
LSPIN,lspin_tf,mlp,0.007,0.0,0,2,0.9864345820145874,0.9598043885016468
LSPIN,lspin_tf,mlp,0.007,0.0,0,3,0.9798625892110294,0.9529349872834716
LSPIN,lspin_tf,mlp,0.007,0.0,0,4,0.9931533191038248,0.979875634787992
LSPIN,lspin_tf,mlp,0.007,0.0,1,2,0.9798267437880552,0.9454588078395924
LSPIN,lspin_tf,mlp,0.007,0.0,1,3,0.9733838088559076,0.9420041739861296
LSPIN,lspin_tf,mlp,0.007,0.0,1,4,0.986423099440726,0.959876456846124
LSPIN,lspin_tf,mlp,0.007,0.0,2,3,0.9798625892110294,0.9529349872834716
LSPIN,lspin_tf,mlp,0.007,0.0,2,4,0.9931533191038248,0.979875634787992
LSPIN,lspin_tf,mlp,0.007,0.0,3,4,0.9733838088559076,0.9420041739861296
LSPIN,lspin_tf,mlp,0.00875,0.0,0,1,0.9757451413758575,0.944142766195779
LSPIN,lspin_tf,mlp,0.00875,0.0,0,2,0.9670805609883718,0.9319750396431736
LSPIN,lspin_tf,mlp,0.00875,0.0,0,3,0.9798108890300704,0.9531221055460284
LSPIN,lspin_tf,mlp,0.00875,0.0,0,4,0.9595255747389168,0.9079794674234836
LSPIN,lspin_tf,mlp,0.00875,0.0,1,2,0.9447156400271424,0.8935562363360181
LSPIN,lspin_tf,mlp,0.00875,0.0,1,3,0.9821999991420938,0.9585655292272416
LSPIN,lspin_tf,mlp,0.00875,0.0,1,4,0.9619165038919248,0.921001251717165
LSPIN,lspin_tf,mlp,0.00875,0.0,2,3,0.9487373970877114,0.9066976243093952
LSPIN,lspin_tf,mlp,0.00875,0.0,2,4,0.953280093953196,0.9085854208995722
LSPIN,lspin_tf,mlp,0.00875,0.0,3,4,0.9659642841068004,0.9300779499251411
LSPIN,lspin_tf,mlp,0.0105,0.0,0,1,0.960746208794129,0.9230862012025108
LSPIN,lspin_tf,mlp,0.0105,0.0,0,2,0.9329104719370186,0.8825231965857241
LSPIN,lspin_tf,mlp,0.0105,0.0,0,3,0.956247911114251,0.9107992955538212
LSPIN,lspin_tf,mlp,0.0105,0.0,0,4,0.9864012415450228,0.9655295605281514
LSPIN,lspin_tf,mlp,0.0105,0.0,1,2,0.909384942859847,0.8256423518019816
LSPIN,lspin_tf,mlp,0.0105,0.0,1,3,0.969394690421595,0.9239319729674556
LSPIN,lspin_tf,mlp,0.0105,0.0,1,4,0.9733608009703758,0.9420703676215368
LSPIN,lspin_tf,mlp,0.0105,0.0,2,3,0.9167591277990446,0.8339163323668694
LSPIN,lspin_tf,mlp,0.0105,0.0,2,4,0.9329612684295038,0.8717855001052445
LSPIN,lspin_tf,mlp,0.0105,0.0,3,4,0.9691017910988986,0.9316233141920924
LSPIN,lspin_tf,mlp,0.014,0.0,0,1,0.7372294465380549,0.7607532403977635
LSPIN,lspin_tf,mlp,0.014,0.0,0,2,0.962950706754274,0.9115300442446816
LSPIN,lspin_tf,mlp,0.014,0.0,0,3,0.956443168997624,0.91063767970412
LSPIN,lspin_tf,mlp,0.014,0.0,0,4,0.9825791813280322,0.958285133252584
LSPIN,lspin_tf,mlp,0.014,0.0,1,2,0.7356424827744613,0.7458336686262493
LSPIN,lspin_tf,mlp,0.014,0.0,1,3,0.726281732142034,0.7411362501082892
LSPIN,lspin_tf,mlp,0.014,0.0,1,4,0.7390084463710161,0.7475605081130181
LSPIN,lspin_tf,mlp,0.014,0.0,2,3,0.9798277947934658,0.953061673323529
LSPIN,lspin_tf,mlp,0.014,0.0,2,4,0.97986151240171,0.9452801171935008
LSPIN,lspin_tf,mlp,0.014,0.0,3,4,0.9733608009703758,0.9420703676215368
LSPIN,lspin_tf,mlp,0.021,0.0,0,1,0.9733161150984464,0.9421977884171672
LSPIN,lspin_tf,mlp,0.021,0.0,0,2,0.9669892171077266,0.9190125074172476
LSPIN,lspin_tf,mlp,0.021,0.0,0,3,0.9718140080330836,0.9427916511076438
LSPIN,lspin_tf,mlp,0.021,0.0,0,4,0.960805147341635,0.908086123243932
LSPIN,lspin_tf,mlp,0.021,0.0,1,2,0.9797943694910412,0.95318043369774
LSPIN,lspin_tf,mlp,0.021,0.0,1,3,0.9582095840182292,0.9159266681788686
LSPIN,lspin_tf,mlp,0.021,0.0,1,4,0.960746208794129,0.923086201202511
LSPIN,lspin_tf,mlp,0.021,0.0,2,3,0.9522728160259188,0.8941674303788029
LSPIN,lspin_tf,mlp,0.021,0.0,2,4,0.9670191616237156,0.9222475560139354
LSPIN,lspin_tf,mlp,0.021,0.0,3,4,0.9525741877317152,0.904053278963792
LSPIN,lspin_tf,mlp,0.028,0.0,0,1,0.8181514926632069,0.7912128245210331
LSPIN,lspin_tf,mlp,0.028,0.0,0,2,0.923981882158686,0.8436837529467568
LSPIN,lspin_tf,mlp,0.028,0.0,0,3,0.9208118244074116,0.8427671246487719
LSPIN,lspin_tf,mlp,0.028,0.0,0,4,0.9430423471707394,0.8809692529489344
LSPIN,lspin_tf,mlp,0.028,0.0,1,2,0.8275699304124462,0.8023078306455024
LSPIN,lspin_tf,mlp,0.028,0.0,1,3,0.8417429146736083,0.8075863325662351
LSPIN,lspin_tf,mlp,0.028,0.0,1,4,0.841773277401339,0.8004040516512754
LSPIN,lspin_tf,mlp,0.028,0.0,2,3,0.976153343675378,0.9437797845921418
LSPIN,lspin_tf,mlp,0.028,0.0,2,4,0.951014284613032,0.8908367137751944
LSPIN,lspin_tf,mlp,0.028,0.0,3,4,0.9609804699938266,0.9075571572415468
LSPIN,lspin_tf,mlp,0.0035,0.025,0,1,0.971693634932922,0.9426538485093062
LSPIN,lspin_tf,mlp,0.0035,0.025,0,2,0.9891031484068808,0.9787100041769288
LSPIN,lspin_tf,mlp,0.0035,0.025,0,3,0.9891031484068808,0.9787100041769288
LSPIN,lspin_tf,mlp,0.0035,0.025,0,4,0.9891031484068808,0.9787100041769288
LSPIN,lspin_tf,mlp,0.0035,0.025,1,2,0.9610444525327488,0.9291745814003542
LSPIN,lspin_tf,mlp,0.0035,0.025,1,3,0.9610444525327488,0.9291745814003542
LSPIN,lspin_tf,mlp,0.0035,0.025,1,4,0.9610444525327488,0.9291745814003542
LSPIN,lspin_tf,mlp,0.0035,0.025,2,3,1.0,1.0
LSPIN,lspin_tf,mlp,0.0035,0.025,2,4,1.0,1.0
LSPIN,lspin_tf,mlp,0.0035,0.025,3,4,1.0,1.0
LSPIN,lspin_tf,mlp,0.00525,0.025,0,1,0.986446639734958,0.9653210382299344
LSPIN,lspin_tf,mlp,0.00525,0.025,0,2,0.9689445564905792,0.9317261829977156
LSPIN,lspin_tf,mlp,0.00525,0.025,0,3,0.9693691749816168,0.9317551274566443
LSPIN,lspin_tf,mlp,0.00525,0.025,0,4,0.9693691749816168,0.9317551274566443
LSPIN,lspin_tf,mlp,0.00525,0.025,1,2,0.982254644827518,0.9586064664658552
LSPIN,lspin_tf,mlp,0.00525,0.025,1,3,0.9824117446711296,0.9585304697106728
LSPIN,lspin_tf,mlp,0.00525,0.025,1,4,0.9824117446711296,0.9585304697106728
LSPIN,lspin_tf,mlp,0.00525,0.025,2,3,0.9783517452100648,0.9629807017481892
LSPIN,lspin_tf,mlp,0.00525,0.025,2,4,0.9783517452100648,0.9629807017481892
LSPIN,lspin_tf,mlp,0.00525,0.025,3,4,1.0,1.0
LSPIN,lspin_tf,mlp,0.007,0.025,0,1,0.9379344442263858,0.8852350877478685
LSPIN,lspin_tf,mlp,0.007,0.025,0,2,0.9783517452100648,0.9629807017481892
LSPIN,lspin_tf,mlp,0.007,0.025,0,3,0.9755126930491704,0.9387060394129496
LSPIN,lspin_tf,mlp,0.007,0.025,0,4,0.9755350490663736,0.944109196333274
LSPIN,lspin_tf,mlp,0.007,0.025,1,2,0.9390101665772412,0.8857488807438488
LSPIN,lspin_tf,mlp,0.007,0.025,1,3,0.9488284474889038,0.9066169109355736
LSPIN,lspin_tf,mlp,0.007,0.025,1,4,0.960918141914876,0.9227863655745444
LSPIN,lspin_tf,mlp,0.007,0.025,2,3,0.9756841156892208,0.938509336781239
LSPIN,lspin_tf,mlp,0.007,0.025,2,4,0.9758263933893848,0.9440769179685802
LSPIN,lspin_tf,mlp,0.007,0.025,3,4,0.9864349377287028,0.9653761743689034
LSPIN,lspin_tf,mlp,0.00875,0.025,0,1,0.9893148861446128,0.97865735762621
LSPIN,lspin_tf,mlp,0.00875,0.025,0,2,0.9669943731530452,0.9321708898059596
LSPIN,lspin_tf,mlp,0.00875,0.025,0,3,0.8428850768137687,0.8074087779624971
LSPIN,lspin_tf,mlp,0.00875,0.025,0,4,0.9893355266255364,0.9785725204813364
LSPIN,lspin_tf,mlp,0.00875,0.025,1,2,0.95625167235653,0.9112407970617656
LSPIN,lspin_tf,mlp,0.00875,0.025,1,3,0.8500070395442417,0.8155144295579938
LSPIN,lspin_tf,mlp,0.00875,0.025,1,4,0.9787736500073916,0.9629381844588576
LSPIN,lspin_tf,mlp,0.00875,0.025,2,3,0.826608570004107,0.7970107356169243
LSPIN,lspin_tf,mlp,0.00875,0.025,2,4,0.9563452445166488,0.9107199856510284
LSPIN,lspin_tf,mlp,0.00875,0.025,3,4,0.8358860714223766,0.8030616031939924
LSPIN,lspin_tf,mlp,0.0105,0.025,0,1,0.9758742223633065,0.943764960827211
LSPIN,lspin_tf,mlp,0.0105,0.025,0,2,0.9405794539058656,0.871227226944028
LSPIN,lspin_tf,mlp,0.0105,0.025,0,3,0.9587947590026498,0.9081877036742037
LSPIN,lspin_tf,mlp,0.0105,0.025,0,4,0.9456755523329612,0.8949446102712292
LSPIN,lspin_tf,mlp,0.0105,0.025,1,2,0.9630402481969852,0.920822438754122
LSPIN,lspin_tf,mlp,0.0105,0.025,1,3,0.9824117446711296,0.9585304697106728
LSPIN,lspin_tf,mlp,0.0105,0.025,1,4,0.968928868671534,0.9317729378559249
LSPIN,lspin_tf,mlp,0.0105,0.025,2,3,0.9798625892110294,0.9529349872834718
LSPIN,lspin_tf,mlp,0.0105,0.025,2,4,0.9546548944829428,0.9146200854091046
LSPIN,lspin_tf,mlp,0.0105,0.025,3,4,0.9733161150984464,0.9421977884171672
LSPIN,lspin_tf,mlp,0.014,0.025,0,1,0.993141982826191,0.9799465411251884
LSPIN,lspin_tf,mlp,0.014,0.025,0,2,1.0,1.0
LSPIN,lspin_tf,mlp,0.014,0.025,0,3,0.9733382168624118,0.9421349742664532
LSPIN,lspin_tf,mlp,0.014,0.025,0,4,0.9733382168624118,0.9421349742664532
LSPIN,lspin_tf,mlp,0.014,0.025,1,2,0.993141982826191,0.9799465411251884
LSPIN,lspin_tf,mlp,0.014,0.025,1,3,0.9798277947934658,0.9530616733235292
LSPIN,lspin_tf,mlp,0.014,0.025,1,4,0.9798277947934658,0.9530616733235292
LSPIN,lspin_tf,mlp,0.014,0.025,2,3,0.9733382168624118,0.9421349742664532
LSPIN,lspin_tf,mlp,0.014,0.025,2,4,0.9733382168624118,0.9421349742664532
LSPIN,lspin_tf,mlp,0.014,0.025,3,4,0.9733809817156284,0.9310181372863816
LSPIN,lspin_tf,mlp,0.021,0.025,0,1,0.7834823814570208,0.7569440268513422
LSPIN,lspin_tf,mlp,0.021,0.025,0,2,0.9163852049977724,0.8343447333776016
LSPIN,lspin_tf,mlp,0.021,0.025,0,3,0.8124946873748722,0.7851070746267795
LSPIN,lspin_tf,mlp,0.021,0.025,0,4,0.9799165396933224,0.9527328835306886
LSPIN,lspin_tf,mlp,0.021,0.025,1,2,0.7871347943640339,0.7730037556037656
LSPIN,lspin_tf,mlp,0.021,0.025,1,3,0.9667637518731388,0.9296193396521508
LSPIN,lspin_tf,mlp,0.021,0.025,1,4,0.7930412913936,0.7621753667181925
LSPIN,lspin_tf,mlp,0.021,0.025,2,3,0.809078636962993,0.8011501828591029
LSPIN,lspin_tf,mlp,0.021,0.025,2,4,0.9105374616077389,0.8251884940671061
LSPIN,lspin_tf,mlp,0.021,0.025,3,4,0.8223007295386843,0.79085415567382
LSPIN,lspin_tf,mlp,0.028,0.025,0,1,0.7672447132965955,0.7589083558978876
LSPIN,lspin_tf,mlp,0.028,0.025,0,2,0.7532553251848357,0.7693837669280181
LSPIN,lspin_tf,mlp,0.028,0.025,0,3,0.905904603938279,0.8648042112736128
LSPIN,lspin_tf,mlp,0.028,0.025,0,4,0.7712379064970429,0.761142470904478
LSPIN,lspin_tf,mlp,0.028,0.025,1,2,0.944520518022705,0.8928777818816407
LSPIN,lspin_tf,mlp,0.028,0.025,1,3,0.8394978069494419,0.8034609487733794
LSPIN,lspin_tf,mlp,0.028,0.025,1,4,0.9932740886658018,0.9794618146787418
LSPIN,lspin_tf,mlp,0.028,0.025,2,3,0.8360140009751565,0.8029453112857797
LSPIN,lspin_tf,mlp,0.028,0.025,2,4,0.9386543634035828,0.8850377127161477
LSPIN,lspin_tf,mlp,0.028,0.025,3,4,0.8431740409959164,0.8058187878803322
LSPIN,lspin_tf,mlp,0.0035,0.05,0,1,0.9677459277913032,0.9493373045664474
LSPIN,lspin_tf,mlp,0.0035,0.05,0,2,0.9718665080462164,0.9368887255388612
LSPIN,lspin_tf,mlp,0.0035,0.05,0,3,0.9677459277913032,0.9493373045664474
LSPIN,lspin_tf,mlp,0.0035,0.05,0,4,0.9612242691220538,0.9293800987158096
LSPIN,lspin_tf,mlp,0.0035,0.05,1,2,0.9610444525327488,0.9291745814003542
LSPIN,lspin_tf,mlp,0.0035,0.05,1,3,1.0,1.0
LSPIN,lspin_tf,mlp,0.0035,0.05,1,4,0.993078140514175,0.9799352512161912
LSPIN,lspin_tf,mlp,0.0035,0.05,2,3,0.9610444525327488,0.9291745814003542
LSPIN,lspin_tf,mlp,0.0035,0.05,2,4,0.9679559516762976,0.9493377896007172
LSPIN,lspin_tf,mlp,0.0035,0.05,3,4,0.993078140514175,0.9799352512161912
LSPIN,lspin_tf,mlp,0.00525,0.05,0,1,0.9822390843514474,0.9587189170769356
LSPIN,lspin_tf,mlp,0.00525,0.05,0,2,0.9715767058961388,0.942846431331313
LSPIN,lspin_tf,mlp,0.00525,0.05,0,3,1.0,1.0
LSPIN,lspin_tf,mlp,0.00525,0.05,0,4,0.9891031484068808,0.9787100041769288
LSPIN,lspin_tf,mlp,0.00525,0.05,1,2,0.9756243394683782,0.9440100424332843
LSPIN,lspin_tf,mlp,0.00525,0.05,1,3,0.9822390843514474,0.9587189170769356
LSPIN,lspin_tf,mlp,0.00525,0.05,1,4,0.9931475855101408,0.9799118781744536
LSPIN,lspin_tf,mlp,0.00525,0.05,2,3,0.9715767058961388,0.9428464313313132
LSPIN,lspin_tf,mlp,0.00525,0.05,2,4,0.9823511843290764,0.9584638872603232
LSPIN,lspin_tf,mlp,0.00525,0.05,3,4,0.9891031484068808,0.9787100041769288
LSPIN,lspin_tf,mlp,0.007,0.05,0,1,1.0,1.0
LSPIN,lspin_tf,mlp,0.007,0.05,0,2,0.9678087536384248,0.9491705004418136
LSPIN,lspin_tf,mlp,0.007,0.05,0,3,0.971693634932922,0.9426538485093064
LSPIN,lspin_tf,mlp,0.007,0.05,0,4,0.9611807880100818,0.9289445334183676
LSPIN,lspin_tf,mlp,0.007,0.05,1,2,0.9678087536384248,0.9491705004418136
LSPIN,lspin_tf,mlp,0.007,0.05,1,3,0.971693634932922,0.9426538485093064
LSPIN,lspin_tf,mlp,0.007,0.05,1,4,0.9611807880100818,0.9289445334183676
LSPIN,lspin_tf,mlp,0.007,0.05,2,3,0.982600138701474,0.9582380935749228
LSPIN,lspin_tf,mlp,0.007,0.05,2,4,0.9933745695931896,0.979685331632778
LSPIN,lspin_tf,mlp,0.007,0.05,3,4,0.989235857784294,0.9784398961046256
LSPIN,lspin_tf,mlp,0.00875,0.05,0,1,0.9824117446711296,0.9585304697106728
LSPIN,lspin_tf,mlp,0.00875,0.05,0,2,0.949409882126678,0.906564712103321
LSPIN,lspin_tf,mlp,0.00875,0.05,0,3,0.9676809045570076,0.9495003853459963
LSPIN,lspin_tf,mlp,0.00875,0.05,0,4,0.9822754825306016,0.9585164835173612
LSPIN,lspin_tf,mlp,0.00875,0.05,1,2,0.944520518022705,0.8928777818816406
LSPIN,lspin_tf,mlp,0.00875,0.05,1,3,0.9714576274480023,0.9430338959480148
LSPIN,lspin_tf,mlp,0.00875,0.05,1,4,0.9864234509859758,0.9654293451173658
LSPIN,lspin_tf,mlp,0.00875,0.05,2,3,0.9171150073980928,0.8559962599534718
LSPIN,lspin_tf,mlp,0.00875,0.05,2,4,0.932675855870762,0.8778123356114805
LSPIN,lspin_tf,mlp,0.00875,0.05,3,4,0.9714314912248228,0.9432017348936256
LSPIN,lspin_tf,mlp,0.0105,0.05,0,1,0.9756243394683782,0.9440100424332843
LSPIN,lspin_tf,mlp,0.0105,0.05,0,2,0.9691017910988986,0.9316233141920924
LSPIN,lspin_tf,mlp,0.0105,0.05,0,3,0.958521057988008,0.915785259724024
LSPIN,lspin_tf,mlp,0.0105,0.05,0,4,0.8324720088298977,0.7972352094484629
LSPIN,lspin_tf,mlp,0.0105,0.05,1,2,0.9800659701730716,0.9452252749301578
LSPIN,lspin_tf,mlp,0.0105,0.05,1,3,0.96948868852687,0.9237364629842798
LSPIN,lspin_tf,mlp,0.0105,0.05,1,4,0.8256235260366467,0.7826290338008287
LSPIN,lspin_tf,mlp,0.0105,0.05,2,3,0.9892856397502005,0.9785071665974382
LSPIN,lspin_tf,mlp,0.0105,0.05,2,4,0.8355568707768426,0.7981176631233821
LSPIN,lspin_tf,mlp,0.0105,0.05,3,4,0.8286218639330701,0.7952792718440386
LSPIN,lspin_tf,mlp,0.014,0.05,0,1,0.9822754825306016,0.9585164835173612
LSPIN,lspin_tf,mlp,0.014,0.05,0,2,0.9784359342832616,0.9627168988162196
LSPIN,lspin_tf,mlp,0.014,0.05,0,3,0.9756841156892208,0.9385093367812388
LSPIN,lspin_tf,mlp,0.014,0.05,0,4,0.946362367844458,0.895691531766047
LSPIN,lspin_tf,mlp,0.014,0.05,1,2,0.9609666477779158,0.9289816091424526
LSPIN,lspin_tf,mlp,0.014,0.05,1,3,0.9931475855101408,0.9799118781744536
LSPIN,lspin_tf,mlp,0.014,0.05,1,4,0.9502010895573034,0.9020906835840994
LSPIN,lspin_tf,mlp,0.014,0.05,2,3,0.9546396073995986,0.909063065860486
LSPIN,lspin_tf,mlp,0.014,0.05,2,4,0.9266130715199848,0.8705200688476675
LSPIN,lspin_tf,mlp,0.014,0.05,3,4,0.956450367128574,0.9110990557126774
LSPIN,lspin_tf,mlp,0.021,0.05,0,1,0.8249691778236887,0.7851338877733179
LSPIN,lspin_tf,mlp,0.021,0.05,0,2,0.8239679031740077,0.7968064143942214
LSPIN,lspin_tf,mlp,0.021,0.05,0,3,0.7730805663954315,0.7505865993075922
LSPIN,lspin_tf,mlp,0.021,0.05,0,4,0.959148084956948,0.915450153010518
LSPIN,lspin_tf,mlp,0.021,0.05,1,2,0.9775855628836324,0.9437097472145988
LSPIN,lspin_tf,mlp,0.021,0.05,1,3,0.9166303675963346,0.8688988131905704
LSPIN,lspin_tf,mlp,0.021,0.05,1,4,0.8291429887145311,0.7759265160565159
LSPIN,lspin_tf,mlp,0.021,0.05,2,3,0.937396510701226,0.8903437081439936
LSPIN,lspin_tf,mlp,0.021,0.05,2,4,0.8271941076897905,0.7843768960916306
LSPIN,lspin_tf,mlp,0.021,0.05,3,4,0.7832721526976085,0.7863547019353536
LSPIN,lspin_tf,mlp,0.028,0.05,0,1,0.8233220501162268,0.7876098708716748
LSPIN,lspin_tf,mlp,0.028,0.05,0,2,0.8269126892842511,0.7870314979773114
LSPIN,lspin_tf,mlp,0.028,0.05,0,3,0.8303768315723012,0.7884196980136245
LSPIN,lspin_tf,mlp,0.028,0.05,0,4,0.819991838052614,0.7855167627542815
LSPIN,lspin_tf,mlp,0.028,0.05,1,2,0.9553229134909944,0.9143425241140484
LSPIN,lspin_tf,mlp,0.028,0.05,1,3,0.9410709635363164,0.8904904221983764
LSPIN,lspin_tf,mlp,0.028,0.05,1,4,0.993227794200153,0.979814119434771
LSPIN,lspin_tf,mlp,0.028,0.05,2,3,0.985809209426435,0.975657639913968
LSPIN,lspin_tf,mlp,0.028,0.05,2,4,0.949409882126678,0.906564712103321
LSPIN,lspin_tf,mlp,0.028,0.05,3,4,0.9351496697755884,0.8827674024175344
LSPIN,lspin_tf,mlp,0.0035,0.1,0,1,0.9785343048969498,0.9628376081202634
LSPIN,lspin_tf,mlp,0.0035,0.1,0,2,1.0,1.0
LSPIN,lspin_tf,mlp,0.0035,0.1,0,3,0.9576449488395418,0.9368694639843635
LSPIN,lspin_tf,mlp,0.0035,0.1,0,4,0.9785343048969498,0.9628376081202634
LSPIN,lspin_tf,mlp,0.0035,0.1,1,2,0.9785343048969498,0.9628376081202632
LSPIN,lspin_tf,mlp,0.0035,0.1,1,3,0.9786136217030008,0.9625648082920012
LSPIN,lspin_tf,mlp,0.0035,0.1,1,4,1.0,1.0
LSPIN,lspin_tf,mlp,0.0035,0.1,2,3,0.9576449488395418,0.9368694639843635
LSPIN,lspin_tf,mlp,0.0035,0.1,2,4,0.9785343048969498,0.9628376081202634
LSPIN,lspin_tf,mlp,0.0035,0.1,3,4,0.9786136217030008,0.9625648082920012
LSPIN,lspin_tf,mlp,0.00525,0.1,0,1,0.9573676282145837,0.9368518776673536
LSPIN,lspin_tf,mlp,0.00525,0.1,0,2,1.0,1.0
LSPIN,lspin_tf,mlp,0.00525,0.1,0,3,0.9573676282145837,0.9368518776673536
LSPIN,lspin_tf,mlp,0.00525,0.1,0,4,0.9823511843290764,0.9584638872603232
LSPIN,lspin_tf,mlp,0.00525,0.1,1,2,0.9573676282145837,0.9368518776673536
LSPIN,lspin_tf,mlp,0.00525,0.1,1,3,1.0,1.0
LSPIN,lspin_tf,mlp,0.00525,0.1,1,4,0.9614931083728138,0.9289310955465055
LSPIN,lspin_tf,mlp,0.00525,0.1,2,3,0.9573676282145837,0.9368518776673536
LSPIN,lspin_tf,mlp,0.00525,0.1,2,4,0.9823511843290764,0.9584638872603232
LSPIN,lspin_tf,mlp,0.00525,0.1,3,4,0.9614931083728138,0.9289310955465054
LSPIN,lspin_tf,mlp,0.007,0.1,0,1,0.9823511843290764,0.9584638872603234
LSPIN,lspin_tf,mlp,0.007,0.1,0,2,0.9891031484068808,0.9787100041769288
LSPIN,lspin_tf,mlp,0.007,0.1,0,3,0.9783945995820656,0.9628504246567072
LSPIN,lspin_tf,mlp,0.007,0.1,0,4,0.9586774533598073,0.9157075991012902
LSPIN,lspin_tf,mlp,0.007,0.1,1,2,0.9715767058961388,0.942846431331313
LSPIN,lspin_tf,mlp,0.007,0.1,1,3,0.9825067015878908,0.9583863031021604
LSPIN,lspin_tf,mlp,0.007,0.1,1,4,0.97595491829562,0.943688345754062
LSPIN,lspin_tf,mlp,0.007,0.1,2,3,0.9677459277913032,0.9493373045664474
LSPIN,lspin_tf,mlp,0.007,0.1,2,4,0.9480290921839262,0.9022520612819056
LSPIN,lspin_tf,mlp,0.007,0.1,3,4,0.9621555140955856,0.9200122137573408
LSPIN,lspin_tf,mlp,0.00875,0.1,0,1,0.950411449136656,0.9014036365394488
LSPIN,lspin_tf,mlp,0.00875,0.1,0,2,1.0,1.0
LSPIN,lspin_tf,mlp,0.00875,0.1,0,3,0.971693634932922,0.9426538485093062
LSPIN,lspin_tf,mlp,0.00875,0.1,0,4,1.0,1.0
LSPIN,lspin_tf,mlp,0.00875,0.1,1,2,0.950411449136656,0.9014036365394488
LSPIN,lspin_tf,mlp,0.00875,0.1,1,3,0.9573213599393924,0.9106842736184878
LSPIN,lspin_tf,mlp,0.00875,0.1,1,4,0.950411449136656,0.9014036365394488
LSPIN,lspin_tf,mlp,0.00875,0.1,2,3,0.971693634932922,0.9426538485093062
LSPIN,lspin_tf,mlp,0.00875,0.1,2,4,1.0,1.0
LSPIN,lspin_tf,mlp,0.00875,0.1,3,4,0.971693634932922,0.9426538485093064
LSPIN,lspin_tf,mlp,0.0105,0.1,0,1,0.9891951665248356,0.9786118419974884
LSPIN,lspin_tf,mlp,0.0105,0.1,0,2,0.993227794200153,0.9798141194347708
LSPIN,lspin_tf,mlp,0.0105,0.1,0,3,0.9823511843290764,0.9584638872603234
LSPIN,lspin_tf,mlp,0.0105,0.1,0,4,0.9823511843290764,0.9584638872603234
LSPIN,lspin_tf,mlp,0.0105,0.1,1,2,0.9824117446711296,0.9585304697106728
LSPIN,lspin_tf,mlp,0.0105,0.1,1,3,0.9931533191038248,0.979875634787992
LSPIN,lspin_tf,mlp,0.0105,0.1,1,4,0.9931533191038248,0.979875634787992
LSPIN,lspin_tf,mlp,0.0105,0.1,2,3,0.989125056765531,0.9786286105903444
LSPIN,lspin_tf,mlp,0.0105,0.1,2,4,0.989125056765531,0.9786286105903444
LSPIN,lspin_tf,mlp,0.0105,0.1,3,4,1.0,1.0
LSPIN,lspin_tf,mlp,0.014,0.1,0,1,0.908889892683348,0.8408284638926187
LSPIN,lspin_tf,mlp,0.014,0.1,0,2,0.9868759823269332,0.9651039610361414
LSPIN,lspin_tf,mlp,0.014,0.1,0,3,0.9678087536384248,0.9491705004418136
LSPIN,lspin_tf,mlp,0.014,0.1,0,4,0.9655480479020554,0.9281841591469792
LSPIN,lspin_tf,mlp,0.014,0.1,1,2,0.921382272895829,0.8609931117159122
LSPIN,lspin_tf,mlp,0.014,0.1,1,3,0.9362325089955712,0.8786701912452272
LSPIN,lspin_tf,mlp,0.014,0.1,1,4,0.9415900681514152,0.8902370781118238
LSPIN,lspin_tf,mlp,0.014,0.1,2,3,0.9546814488370076,0.9143925331942678
LSPIN,lspin_tf,mlp,0.014,0.1,2,4,0.978713684317836,0.9626861421786344
LSPIN,lspin_tf,mlp,0.014,0.1,3,4,0.9757057281517564,0.9439394502464636
LSPIN,lspin_tf,mlp,0.021,0.1,0,1,0.9553229134909944,0.9143425241140484
LSPIN,lspin_tf,mlp,0.021,0.1,0,2,0.8291347453607528,0.7987795341241092
LSPIN,lspin_tf,mlp,0.021,0.1,0,3,0.9694391303138314,0.9317211696645624
LSPIN,lspin_tf,mlp,0.021,0.1,0,4,0.9509706752446664,0.9011459510659872
LSPIN,lspin_tf,mlp,0.021,0.1,1,2,0.8394978069494419,0.8034609487733793
LSPIN,lspin_tf,mlp,0.021,0.1,1,3,0.9299626349079816,0.8754867494680777
LSPIN,lspin_tf,mlp,0.021,0.1,1,4,0.9858205707708072,0.9756142098735586
LSPIN,lspin_tf,mlp,0.021,0.1,2,3,0.8133321394228062,0.7929538170237628
LSPIN,lspin_tf,mlp,0.021,0.1,2,4,0.8361507925682757,0.8060025965706519
LSPIN,lspin_tf,mlp,0.021,0.1,3,4,0.9442169476131133,0.8992749948317855
LSPIN,lspin_tf,mlp,0.028,0.1,0,1,0.9910702789532272,0.9782342318104263
LSPIN,lspin_tf,mlp,0.028,0.1,0,2,0.8269838954980029,0.7863364659670793
LSPIN,lspin_tf,mlp,0.028,0.1,0,3,0.8200581007617722,0.7861361023901011
LSPIN,lspin_tf,mlp,0.028,0.1,0,4,0.9931073907313388,0.978914296090247
LSPIN,lspin_tf,mlp,0.028,0.1,1,2,0.8358651488504604,0.796269753248748
LSPIN,lspin_tf,mlp,0.028,0.1,1,3,0.8286933047737356,0.7933836234216627
LSPIN,lspin_tf,mlp,0.028,0.1,1,4,0.9843010241947008,0.9576647463479352
LSPIN,lspin_tf,mlp,0.028,0.1,2,3,0.971848355097926,0.9574404126294864
LSPIN,lspin_tf,mlp,0.028,0.1,2,4,0.8306571279207847,0.7930494570364456
LSPIN,lspin_tf,mlp,0.028,0.1,3,4,0.8239679031740077,0.7968064143942215
Concrete,concrete,mlp,0.00075,0.0,0,1,0.9645510533016702,0.923290243976714
Concrete,concrete,mlp,0.00075,0.0,0,2,0.9860977451859276,0.96569148492216
Concrete,concrete,mlp,0.00075,0.0,0,3,0.9579090270452548,0.9091119046824716
Concrete,concrete,mlp,0.00075,0.0,0,4,0.9645208252328934,0.9289604707799768
Concrete,concrete,mlp,0.00075,0.0,1,2,0.9642790791571828,0.9287210914432096
Concrete,concrete,mlp,0.00075,0.0,1,3,0.993141982826191,0.9799465411251884
Concrete,concrete,mlp,0.00075,0.0,1,4,0.9864012415450228,0.9655295605281512
Concrete,concrete,mlp,0.00075,0.0,2,3,0.9710174287010648,0.9431526592665788
Concrete,concrete,mlp,0.00075,0.0,2,4,0.9778851562711612,0.963121056109309
Concrete,concrete,mlp,0.00075,0.0,3,4,0.9931365253138134,0.9799796199505432
Concrete,concrete,mlp,0.001,0.0,0,1,0.9733382168624118,0.9421349742664532
Concrete,concrete,mlp,0.001,0.0,0,2,0.9733587065302448,0.933162342612118
Concrete,concrete,mlp,0.001,0.0,0,3,0.9669909369347622,0.9223422310437492
Concrete,concrete,mlp,0.001,0.0,0,4,0.9669909369347622,0.9223422310437492
Concrete,concrete,mlp,0.001,0.0,1,2,0.9864122093276296,0.9654804902709708
Concrete,concrete,mlp,0.001,0.0,1,3,0.9797933422557414,0.9456245477522074
Concrete,concrete,mlp,0.001,0.0,1,4,0.9797933422557414,0.9456245477522074
Concrete,concrete,mlp,0.001,0.0,2,3,0.9798098501638076,0.945543343566013
Concrete,concrete,mlp,0.001,0.0,2,4,0.9798098501638076,0.945543343566013
Concrete,concrete,mlp,0.001,0.0,3,4,1.0,1.0
Concrete,concrete,mlp,0.0015,0.0,0,1,0.9824117446711296,0.9585304697106728
Concrete,concrete,mlp,0.0015,0.0,0,2,0.973611801855916,0.933191837731216
Concrete,concrete,mlp,0.0015,0.0,0,3,0.7912931253160556,0.7543039359706682
Concrete,concrete,mlp,0.0015,0.0,0,4,0.9822754825306016,0.9585164835173612
Concrete,concrete,mlp,0.0015,0.0,1,2,0.9564830251922016,0.9012514951644424
Concrete,concrete,mlp,0.0015,0.0,1,3,0.8015213512651511,0.7593531967133651
Concrete,concrete,mlp,0.0015,0.0,1,4,0.9864234509859758,0.9654293451173658
Concrete,concrete,mlp,0.0015,0.0,2,3,0.7844136564401271,0.7500657144480651
Concrete,concrete,mlp,0.0015,0.0,2,4,0.9690479513704806,0.9243280489592977
Concrete,concrete,mlp,0.0015,0.0,3,4,0.7942786877121112,0.7547488343642246
Concrete,concrete,mlp,0.002,0.0,0,1,0.993227794200153,0.979814119434771
Concrete,concrete,mlp,0.002,0.0,0,2,0.973611801855916,0.9331918377312162
Concrete,concrete,mlp,0.002,0.0,0,3,0.9822754825306016,0.9585164835173612
Concrete,concrete,mlp,0.002,0.0,0,4,0.989125056765531,0.9786286105903444
Concrete,concrete,mlp,0.002,0.0,1,2,0.9800342229674404,0.953022200256612
Concrete,concrete,mlp,0.002,0.0,1,3,0.9756243394683782,0.9440100424332843
Concrete,concrete,mlp,0.002,0.0,1,4,0.9823511843290764,0.9584638872603232
Concrete,concrete,mlp,0.002,0.0,2,3,0.9690479513704806,0.9243280489592977
Concrete,concrete,mlp,0.002,0.0,2,4,0.962701409353368,0.9121010155938082
Concrete,concrete,mlp,0.002,0.0,3,4,0.9931475855101408,0.9799118781744536
Concrete,concrete,mlp,0.0025,0.0,0,1,0.9691340251105216,0.9242363168770028
Concrete,concrete,mlp,0.0025,0.0,0,2,0.950664335651125,0.9019304319256802
Concrete,concrete,mlp,0.0025,0.0,0,3,0.9673608540020024,0.922186366819508
Concrete,concrete,mlp,0.0025,0.0,0,4,0.9691340251105216,0.9242363168770028
Concrete,concrete,mlp,0.0025,0.0,1,2,0.967051393904164,0.9320409559245368
Concrete,concrete,mlp,0.0025,0.0,1,3,0.9757057281517564,0.9439394502464634
Concrete,concrete,mlp,0.0025,0.0,1,4,1.0,1.0
Concrete,concrete,mlp,0.0025,0.0,2,3,0.969543748451413,0.9315994491938956
Concrete,concrete,mlp,0.0025,0.0,2,4,0.967051393904164,0.9320409559245368
Concrete,concrete,mlp,0.0025,0.0,3,4,0.9757057281517564,0.9439394502464636
Concrete,concrete,mlp,0.003,0.0,0,1,0.9651268874472654,0.9169563424099536
Concrete,concrete,mlp,0.003,0.0,0,2,0.9757732262250904,0.9383925137775894
Concrete,concrete,mlp,0.003,0.0,0,3,0.9646699709903308,0.9283016459769649
Concrete,concrete,mlp,0.003,0.0,0,4,0.9932962750461112,0.9797890243147216
Concrete,concrete,mlp,0.003,0.0,1,2,0.9890765931846124,0.978560915103912
Concrete,concrete,mlp,0.003,0.0,1,3,0.9646699709903308,0.9283016459769649
Concrete,concrete,mlp,0.003,0.0,1,4,0.9717224692854152,0.9369570990241248
Concrete,concrete,mlp,0.003,0.0,2,3,0.975462550227415,0.9441392645218096
Concrete,concrete,mlp,0.003,0.0,2,4,0.9823711970256565,0.9583719281627262
Concrete,concrete,mlp,0.003,0.0,3,4,0.9582095840182292,0.9159266681788686
Concrete,concrete,mlp,0.004,0.0,0,1,0.9161099586158912,0.8592968447476172
Concrete,concrete,mlp,0.004,0.0,0,2,0.9212429585708556,0.8526820642146467
Concrete,concrete,mlp,0.004,0.0,0,3,0.938047434512542,0.8744892232309203
Concrete,concrete,mlp,0.004,0.0,0,4,0.9432815616013804,0.8875232996186123
Concrete,concrete,mlp,0.004,0.0,1,2,0.9798803862142204,0.9528690352838732
Concrete,concrete,mlp,0.004,0.0,1,3,0.9608134649410648,0.9229652921991488
Concrete,concrete,mlp,0.004,0.0,1,4,0.9568397584749104,0.9109281472820688
Concrete,concrete,mlp,0.004,0.0,2,3,0.9798277947934658,0.953061673323529
Concrete,concrete,mlp,0.004,0.0,2,4,0.9758263933893848,0.9440769179685802
Concrete,concrete,mlp,0.004,0.0,3,4,0.9690737729671876,0.924169871682086
Concrete,concrete,mlp,0.006,0.0,0,1,0.938471208388234,0.8735092267648066
Concrete,concrete,mlp,0.006,0.0,0,2,0.993256513849164,0.9796045997806918
Concrete,concrete,mlp,0.006,0.0,0,3,0.993256513849164,0.9796045997806918
Concrete,concrete,mlp,0.006,0.0,0,4,0.9393840421517518,0.8856956678327265
Concrete,concrete,mlp,0.006,0.0,1,2,0.9443512847299494,0.8818760370282833
Concrete,concrete,mlp,0.006,0.0,1,3,0.9443512847299494,0.8818760370282833
Concrete,concrete,mlp,0.006,0.0,1,4,0.952232912704959,0.8964397737095335
Concrete,concrete,mlp,0.006,0.0,2,3,1.0,1.0
Concrete,concrete,mlp,0.006,0.0,2,4,0.945138604417823,0.8934614086138954
Concrete,concrete,mlp,0.006,0.0,3,4,0.945138604417823,0.8934614086138954
Concrete,concrete,mlp,0.00075,0.025,0,1,0.9785328948160998,0.957221169390314
Concrete,concrete,mlp,0.00075,0.025,0,2,0.9785747875467252,0.9627028096625516
Concrete,concrete,mlp,0.00075,0.025,0,3,0.971952567724816,0.9424007221439556
Concrete,concrete,mlp,0.00075,0.025,0,4,0.9785328948160998,0.957221169390314
Concrete,concrete,mlp,0.00075,0.025,1,2,0.9785747875467252,0.9627028096625516
Concrete,concrete,mlp,0.00075,0.025,1,3,0.9544305276049612,0.925488684229281
Concrete,concrete,mlp,0.00075,0.025,1,4,1.0,1.0
Concrete,concrete,mlp,0.00075,0.025,2,3,0.9754015035067712,0.9545901234331324
Concrete,concrete,mlp,0.00075,0.025,2,4,0.9785747875467252,0.9627028096625518
Concrete,concrete,mlp,0.00075,0.025,3,4,0.9544305276049612,0.925488684229281
Concrete,concrete,mlp,0.001,0.025,0,1,0.989254947990624,0.978350425294181
Concrete,concrete,mlp,0.001,0.025,0,2,1.0,1.0
Concrete,concrete,mlp,0.001,0.025,0,3,0.9680175319049632,0.949169933583635
Concrete,concrete,mlp,0.001,0.025,0,4,0.989254947990624,0.978350425294181
Concrete,concrete,mlp,0.001,0.025,1,2,0.989254947990624,0.978350425294181
Concrete,concrete,mlp,0.001,0.025,1,3,0.9576449488395418,0.9368694639843635
Concrete,concrete,mlp,0.001,0.025,1,4,1.0,1.0
Concrete,concrete,mlp,0.001,0.025,2,3,0.9680175319049632,0.949169933583635
Concrete,concrete,mlp,0.001,0.025,2,4,0.989254947990624,0.978350425294181
Concrete,concrete,mlp,0.001,0.025,3,4,0.9576449488395418,0.9368694639843635
Concrete,concrete,mlp,0.0015,0.025,0,1,0.9805348099811624,0.9525563444991983
Concrete,concrete,mlp,0.0015,0.025,0,2,0.9933796639067608,0.9796444219848638
Concrete,concrete,mlp,0.0015,0.025,0,3,1.0,1.0
Concrete,concrete,mlp,0.0015,0.025,0,4,0.9933848083111084,0.9796020068921418
Concrete,concrete,mlp,0.0015,0.025,1,2,0.9742800165604122,0.9416178753575496
Concrete,concrete,mlp,0.0015,0.025,1,3,0.9805348099811624,0.9525563444991983
Concrete,concrete,mlp,0.0015,0.025,1,4,0.9869066582636384,0.9649255062815422
Concrete,concrete,mlp,0.0015,0.025,2,3,0.9933796639067608,0.979644421984864
Concrete,concrete,mlp,0.0015,0.025,2,4,0.9868861343800058,0.9650459973397956
Concrete,concrete,mlp,0.0015,0.025,3,4,0.9933848083111084,0.9796020068921418
Concrete,concrete,mlp,0.002,0.025,0,1,0.986029175694186,0.97614975531481
Concrete,concrete,mlp,0.002,0.025,0,2,0.9656508070194711,0.937583315984126
Concrete,concrete,mlp,0.002,0.025,0,3,0.986029175694186,0.9761497553148096
Concrete,concrete,mlp,0.002,0.025,0,4,0.979416643962966,0.955721992085548
Concrete,concrete,mlp,0.002,0.025,1,2,0.9794967207060632,0.955649195652362
Concrete,concrete,mlp,0.002,0.025,1,3,1.0,1.0
Concrete,concrete,mlp,0.002,0.025,1,4,0.9933848083111084,0.9796020068921418
Concrete,concrete,mlp,0.002,0.025,2,3,0.9794967207060632,0.955649195652362
Concrete,concrete,mlp,0.002,0.025,2,4,0.9730160532368064,0.9352318983922188
Concrete,concrete,mlp,0.002,0.025,3,4,0.9933848083111084,0.9796020068921418
Concrete,concrete,mlp,0.0025,0.025,0,1,0.9600991055745852,0.9174302124914864
Concrete,concrete,mlp,0.0025,0.025,0,2,1.0,1.0
Concrete,concrete,mlp,0.0025,0.025,0,3,1.0,1.0
Concrete,concrete,mlp,0.0025,0.025,0,4,0.9933796639067608,0.979644421984864
Concrete,concrete,mlp,0.0025,0.025,1,2,0.9600991055745852,0.9174302124914862
Concrete,concrete,mlp,0.0025,0.025,1,3,0.9600991055745852,0.9174302124914862
Concrete,concrete,mlp,0.0025,0.025,1,4,0.9539584632605907,0.9076173381020493
Concrete,concrete,mlp,0.0025,0.025,2,3,1.0,1.0
Concrete,concrete,mlp,0.0025,0.025,2,4,0.9933796639067608,0.979644421984864
Concrete,concrete,mlp,0.0025,0.025,3,4,0.9933796639067608,0.979644421984864
Concrete,concrete,mlp,0.003,0.025,0,1,0.9603427280144488,0.9175383821683792
Concrete,concrete,mlp,0.003,0.025,0,2,0.974300240296076,0.9415524110090095
Concrete,concrete,mlp,0.003,0.025,0,3,0.9728761664539478,0.9405184833151776
Concrete,concrete,mlp,0.003,0.025,0,4,0.9603764264457756,0.917341588254323
Concrete,concrete,mlp,0.003,0.025,1,2,0.986029175694186,0.97614975531481
Concrete,concrete,mlp,0.003,0.025,1,3,0.9592348911313276,0.9228934617640774
Concrete,concrete,mlp,0.003,0.025,1,4,0.9721939068577384,0.9580515973835704
Concrete,concrete,mlp,0.003,0.025,2,3,0.9730775405888206,0.9409843515621656
Concrete,concrete,mlp,0.003,0.025,2,4,0.9860426441409172,0.9761015622925306
Concrete,concrete,mlp,0.003,0.025,3,4,0.9870296300918494,0.96494980630341
Concrete,concrete,mlp,0.004,0.025,0,1,0.9869066582636384,0.9649255062815424
Concrete,concrete,mlp,0.004,0.025,0,2,0.9868861343800058,0.9650459973397956
Concrete,concrete,mlp,0.004,0.025,0,3,0.9868861343800058,0.9650459973397956
Concrete,concrete,mlp,0.004,0.025,0,4,0.9730375361874752,0.940781816752886
Concrete,concrete,mlp,0.004,0.025,1,2,0.9742800165604122,0.9416178753575492
Concrete,concrete,mlp,0.004,0.025,1,3,0.9742800165604122,0.9416178753575492
Concrete,concrete,mlp,0.004,0.025,1,4,0.9858929290734408,0.9756766410968224
Concrete,concrete,mlp,0.004,0.025,2,3,1.0,1.0
Concrete,concrete,mlp,0.004,0.025,2,4,0.96998753725096,0.9308754866379256
Concrete,concrete,mlp,0.004,0.025,3,4,0.96998753725096,0.9308754866379256
Concrete,concrete,mlp,0.006,0.025,0,1,0.97937251654895,0.9555387969663716
Concrete,concrete,mlp,0.006,0.025,0,2,0.986773760521011,0.9649589860903056
Concrete,concrete,mlp,0.006,0.025,0,3,0.9933178041794096,0.979626451999885
Concrete,concrete,mlp,0.006,0.025,0,4,0.9406772515843808,0.8889421300585371
Concrete,concrete,mlp,0.006,0.025,1,2,0.9664162271286734,0.9204792070534668
Concrete,concrete,mlp,0.006,0.025,1,3,0.97293130900764,0.941066936354946
Concrete,concrete,mlp,0.006,0.025,1,4,0.9605593858058644,0.9170198090599982
Concrete,concrete,mlp,0.006,0.025,2,3,0.9803351643073768,0.9525949458742174
Concrete,concrete,mlp,0.006,0.025,2,4,0.952694391798671,0.9093625651434396
Concrete,concrete,mlp,0.006,0.025,3,4,0.9348454384458178,0.880102481980669
Concrete,concrete,mlp,0.00075,0.05,0,1,0.9892442469163674,0.9786768289796238
Concrete,concrete,mlp,0.00075,0.05,0,2,0.9438666994928192,0.9134169524885613
Concrete,concrete,mlp,0.00075,0.05,0,3,0.9754801578705532,0.955465086366272
Concrete,concrete,mlp,0.00075,0.05,0,4,1.0,1.0
Concrete,concrete,mlp,0.00075,0.05,1,2,0.9542530068360944,0.9254435111893218
Concrete,concrete,mlp,0.00075,0.05,1,3,0.9861335624648028,0.97666246236742
Concrete,concrete,mlp,0.00075,0.05,1,4,0.9892442469163674,0.9786768289796238
Concrete,concrete,mlp,0.00075,0.05,2,3,0.9405393201675036,0.9076741672868592
Concrete,concrete,mlp,0.00075,0.05,2,4,0.9438666994928192,0.913416952488561
Concrete,concrete,mlp,0.00075,0.05,3,4,0.9754801578705532,0.955465086366272
Concrete,concrete,mlp,0.001,0.05,0,1,0.9575648267882664,0.9370649021587384
Concrete,concrete,mlp,0.001,0.05,0,2,0.989173658564539,0.9786943849641496
Concrete,concrete,mlp,0.001,0.05,0,3,0.96855705595484,0.935407570216113
Concrete,concrete,mlp,0.001,0.05,0,4,0.9754581630211056,0.9555968328654296
Concrete,concrete,mlp,0.001,0.05,1,2,0.9680175319049632,0.949169933583635
Concrete,concrete,mlp,0.001,0.05,1,3,0.9510164125165216,0.9214872198506524
Concrete,concrete,mlp,0.001,0.05,1,4,0.9542281180619157,0.9257828203523516
Concrete,concrete,mlp,0.001,0.05,2,3,0.961804740159624,0.9378134469238742
Concrete,concrete,mlp,0.001,0.05,2,4,0.9861824469652496,0.9767784637373068
Concrete,concrete,mlp,0.001,0.05,3,4,0.9754801578705532,0.955465086366272
Concrete,concrete,mlp,0.0015,0.05,0,1,1.0,1.0
Concrete,concrete,mlp,0.0015,0.05,0,2,0.9860426441409172,0.9761015622925306
Concrete,concrete,mlp,0.0015,0.05,0,3,1.0,1.0
Concrete,concrete,mlp,0.0015,0.05,0,4,0.9805348099811624,0.9525563444991982
Concrete,concrete,mlp,0.0015,0.05,1,2,0.9860426441409172,0.9761015622925306
Concrete,concrete,mlp,0.0015,0.05,1,3,1.0,1.0
Concrete,concrete,mlp,0.0015,0.05,1,4,0.9805348099811624,0.9525563444991983
Concrete,concrete,mlp,0.0015,0.05,2,3,0.9860426441409172,0.9761015622925306
Concrete,concrete,mlp,0.0015,0.05,2,4,0.9666027058010094,0.9284234643583597
Concrete,concrete,mlp,0.0015,0.05,3,4,0.9805348099811624,0.9525563444991983
Concrete,concrete,mlp,0.002,0.05,0,1,0.9860426441409172,0.9761015622925308
Concrete,concrete,mlp,0.002,0.05,0,2,0.9860426441409172,0.9761015622925308
Concrete,concrete,mlp,0.002,0.05,0,3,0.9794359287315164,0.9556224527723348
Concrete,concrete,mlp,0.002,0.05,0,4,0.9934516613568218,0.979576133873546
Concrete,concrete,mlp,0.002,0.05,1,2,1.0,1.0
Concrete,concrete,mlp,0.002,0.05,1,3,0.9933848083111084,0.9796020068921418
Concrete,concrete,mlp,0.002,0.05,1,4,0.9794967207060632,0.955649195652362
Concrete,concrete,mlp,0.002,0.05,2,3,0.9933848083111084,0.9796020068921418
Concrete,concrete,mlp,0.002,0.05,2,4,0.9794967207060632,0.955649195652362
Concrete,concrete,mlp,0.002,0.05,3,4,0.9859926029161848,0.9759659952278196
Concrete,concrete,mlp,0.0025,0.05,0,1,1.0,1.0
Concrete,concrete,mlp,0.0025,0.05,0,2,0.9606198941806908,0.917451328400287
Concrete,concrete,mlp,0.0025,0.05,0,3,0.9860426441409172,0.9761015622925306
Concrete,concrete,mlp,0.0025,0.05,0,4,0.965588865251362,0.9317839691564722
Concrete,concrete,mlp,0.0025,0.05,1,2,0.9606198941806908,0.917451328400287
Concrete,concrete,mlp,0.0025,0.05,1,3,0.9860426441409172,0.9761015622925306
Concrete,concrete,mlp,0.0025,0.05,1,4,0.965588865251362,0.9317839691564722
Concrete,concrete,mlp,0.0025,0.05,2,3,0.9745649593040654,0.9415096110698394
Concrete,concrete,mlp,0.0025,0.05,2,4,0.9667501286946524,0.9282933952127372
Concrete,concrete,mlp,0.0025,0.05,3,4,0.9794359287315164,0.9556224527723348
Concrete,concrete,mlp,0.003,0.05,0,1,0.9794967207060632,0.955649195652362
Concrete,concrete,mlp,0.003,0.05,0,2,0.9859926029161848,0.9759659952278196
Concrete,concrete,mlp,0.003,0.05,0,3,0.9794967207060632,0.9556491956523622
Concrete,concrete,mlp,0.003,0.05,0,4,0.9934565166130174,0.9795327586763096
Concrete,concrete,mlp,0.003,0.05,1,2,0.9933848083111084,0.9796020068921418
Concrete,concrete,mlp,0.003,0.05,1,3,1.0,1.0
Concrete,concrete,mlp,0.003,0.05,1,4,0.9730775405888206,0.9409843515621656
Concrete,concrete,mlp,0.003,0.05,2,3,0.9933848083111084,0.979602006892142
Concrete,concrete,mlp,0.003,0.05,2,4,0.9794517325248506,0.9554668406858444
Concrete,concrete,mlp,0.003,0.05,3,4,0.9730775405888206,0.9409843515621658
Concrete,concrete,mlp,0.004,0.05,0,1,0.9805348099811624,0.9525563444991982
Concrete,concrete,mlp,0.004,0.05,0,2,0.9869066582636384,0.9649255062815422
Concrete,concrete,mlp,0.004,0.05,0,3,0.9664770796993388,0.9205060678291556
Concrete,concrete,mlp,0.004,0.05,0,4,0.972915971406841,0.9407281554675117
Concrete,concrete,mlp,0.004,0.05,1,2,0.9933848083111084,0.9796020068921418
Concrete,concrete,mlp,0.004,0.05,1,3,0.9728095858135322,0.9410136786962372
Concrete,concrete,mlp,0.004,0.05,1,4,0.9794967207060632,0.955649195652362
Concrete,concrete,mlp,0.004,0.05,2,3,0.9793117137802986,0.955512628977086
Concrete,concrete,mlp,0.004,0.05,2,4,0.9859926029161848,0.9759659952278196
Concrete,concrete,mlp,0.004,0.05,3,4,0.9654346606573052,0.9372355213103803
Concrete,concrete,mlp,0.006,0.05,0,1,0.9604067494917568,0.9175482626327872
Concrete,concrete,mlp,0.006,0.05,0,2,0.9934468395922216,0.9796180402375564
Concrete,concrete,mlp,0.006,0.05,0,3,0.9483258669494792,0.8983608599673252
Concrete,concrete,mlp,0.006,0.05,0,4,0.9666378981654168,0.9286278987261016
Concrete,concrete,mlp,0.006,0.05,1,2,0.9666027058010094,0.9284234643583592
Concrete,concrete,mlp,0.006,0.05,1,3,0.9869272585744756,0.9648001688223228
Concrete,concrete,mlp,0.006,0.05,1,4,0.9933951837121596,0.9795128391623954
Concrete,concrete,mlp,0.006,0.05,2,3,0.9542771693687826,0.9073262078956504
Concrete,concrete,mlp,0.006,0.05,2,4,0.9729559094659757,0.9409303112588968
Concrete,concrete,mlp,0.006,0.05,3,4,0.9805654519317047,0.9524221415690296
Concrete,concrete,mlp,0.00075,0.1,0,1,0.9648541260764606,0.9395415767590788
Concrete,concrete,mlp,0.00075,0.1,0,2,0.9576449488395418,0.9368694639843635
Concrete,concrete,mlp,0.00075,0.1,0,3,0.9754463023749858,0.955357265520714
Concrete,concrete,mlp,0.00075,0.1,0,4,0.9724722787784864,0.9592499599479656
Concrete,concrete,mlp,0.00075,0.1,1,2,0.9647448965963789,0.9389027164357804
Concrete,concrete,mlp,0.00075,0.1,1,3,0.9616967534545636,0.9317630532140428
Concrete,concrete,mlp,0.00075,0.1,1,4,0.9648182057440248,0.9396719248067544
Concrete,concrete,mlp,0.00075,0.1,2,3,0.9542530068360944,0.9254435111893218
Concrete,concrete,mlp,0.00075,0.1,2,4,0.9301989442984382,0.8957306032248737
Concrete,concrete,mlp,0.00075,0.1,3,4,0.9754198673322124,0.9554503759978444
Concrete,concrete,mlp,0.001,0.1,0,1,0.9753581435722426,0.9548395978190732
Concrete,concrete,mlp,0.001,0.1,0,2,0.9648541260764606,0.9395415767590788
Concrete,concrete,mlp,0.001,0.1,0,3,0.978713684317836,0.9626861421786344
Concrete,concrete,mlp,0.001,0.1,0,4,0.9753581435722426,0.9548395978190732
Concrete,concrete,mlp,0.001,0.1,1,2,0.9680175319049632,0.949169933583635
Concrete,concrete,mlp,0.001,0.1,1,3,0.9754015035067712,0.9545901234331324
Concrete,concrete,mlp,0.001,0.1,1,4,1.0,1.0
Concrete,concrete,mlp,0.001,0.1,2,3,0.9441021310099622,0.913477871241881
Concrete,concrete,mlp,0.001,0.1,2,4,0.9680175319049632,0.949169933583635
Concrete,concrete,mlp,0.001,0.1,3,4,0.9754015035067712,0.9545901234331324
Concrete,concrete,mlp,0.0015,0.1,0,1,1.0,1.0
Concrete,concrete,mlp,0.0015,0.1,0,2,0.9860426441409172,0.9761015622925308
Concrete,concrete,mlp,0.0015,0.1,0,3,1.0,1.0
Concrete,concrete,mlp,0.0015,0.1,0,4,0.9647448965963789,0.9389027164357804
Concrete,concrete,mlp,0.0015,0.1,1,2,0.9860426441409172,0.9761015622925306
Concrete,concrete,mlp,0.0015,0.1,1,3,1.0,1.0
Concrete,concrete,mlp,0.0015,0.1,1,4,0.9647448965963789,0.9389027164357802
Concrete,concrete,mlp,0.0015,0.1,2,3,0.9860426441409172,0.9761015622925306
Concrete,concrete,mlp,0.0015,0.1,2,4,0.978713684317836,0.9626861421786344
Concrete,concrete,mlp,0.0015,0.1,3,4,0.9647448965963789,0.9389027164357802
Concrete,concrete,mlp,0.002,0.1,0,1,0.9860426441409172,0.9761015622925306
Concrete,concrete,mlp,0.002,0.1,0,2,0.9794967207060632,0.955649195652362
Concrete,concrete,mlp,0.002,0.1,0,3,0.9860426441409172,0.9761015622925306
Concrete,concrete,mlp,0.002,0.1,0,4,1.0,1.0
Concrete,concrete,mlp,0.002,0.1,1,2,0.9934516613568218,0.979576133873546
Concrete,concrete,mlp,0.002,0.1,1,3,1.0,1.0
Concrete,concrete,mlp,0.002,0.1,1,4,0.9860426441409172,0.9761015622925306
Concrete,concrete,mlp,0.002,0.1,2,3,0.9934516613568218,0.979576133873546
Concrete,concrete,mlp,0.002,0.1,2,4,0.9794967207060632,0.9556491956523622
Concrete,concrete,mlp,0.002,0.1,3,4,0.9860426441409172,0.9761015622925306
Concrete,concrete,mlp,0.0025,0.1,0,1,0.9794967207060632,0.955649195652362
Concrete,concrete,mlp,0.0025,0.1,0,2,0.9794967207060632,0.955649195652362
Concrete,concrete,mlp,0.0025,0.1,0,3,0.9860426441409172,0.9761015622925306
Concrete,concrete,mlp,0.0025,0.1,0,4,0.9860426441409172,0.9761015622925308
Concrete,concrete,mlp,0.0025,0.1,1,2,1.0,1.0
Concrete,concrete,mlp,0.0025,0.1,1,3,0.9934516613568218,0.979576133873546
Concrete,concrete,mlp,0.0025,0.1,1,4,0.9934516613568218,0.979576133873546
Concrete,concrete,mlp,0.0025,0.1,2,3,0.9934516613568218,0.979576133873546
Concrete,concrete,mlp,0.0025,0.1,2,4,0.9934516613568218,0.979576133873546
Concrete,concrete,mlp,0.0025,0.1,3,4,1.0,1.0
Concrete,concrete,mlp,0.003,0.1,0,1,0.9859926029161848,0.9759659952278196
Concrete,concrete,mlp,0.003,0.1,0,2,0.9794359287315164,0.9556224527723348
Concrete,concrete,mlp,0.003,0.1,0,3,0.9859926029161848,0.9759659952278196
Concrete,concrete,mlp,0.003,0.1,0,4,0.965588865251362,0.9317839691564722
Concrete,concrete,mlp,0.003,0.1,1,2,0.9934516613568218,0.9795761338735464
Concrete,concrete,mlp,0.003,0.1,1,3,1.0,1.0
Concrete,concrete,mlp,0.003,0.1,1,4,0.9794967207060632,0.9556491956523622
Concrete,concrete,mlp,0.003,0.1,2,3,0.9934516613568218,0.979576133873546
Concrete,concrete,mlp,0.003,0.1,2,4,0.9860426441409172,0.9761015622925306
Concrete,concrete,mlp,0.003,0.1,3,4,0.9794967207060632,0.955649195652362
Concrete,concrete,mlp,0.004,0.1,0,1,0.9794967207060632,0.9556491956523622
Concrete,concrete,mlp,0.004,0.1,0,2,0.9860426441409172,0.9761015622925308
Concrete,concrete,mlp,0.004,0.1,0,3,0.9933848083111084,0.9796020068921418
Concrete,concrete,mlp,0.004,0.1,0,4,0.9933848083111084,0.9796020068921418
Concrete,concrete,mlp,0.004,0.1,1,2,0.9934516613568218,0.979576133873546
Concrete,concrete,mlp,0.004,0.1,1,3,0.9859926029161848,0.9759659952278196
Concrete,concrete,mlp,0.004,0.1,1,4,0.9859926029161848,0.9759659952278196
Concrete,concrete,mlp,0.004,0.1,2,3,0.9794359287315164,0.9556224527723348
Concrete,concrete,mlp,0.004,0.1,2,4,0.9794359287315164,0.9556224527723348
Concrete,concrete,mlp,0.004,0.1,3,4,1.0,1.0
Concrete,concrete,mlp,0.006,0.1,0,1,0.9859926029161848,0.9759659952278196
Concrete,concrete,mlp,0.006,0.1,0,2,1.0,1.0
Concrete,concrete,mlp,0.006,0.1,0,3,0.9934516613568218,0.979576133873546
Concrete,concrete,mlp,0.006,0.1,0,4,0.9934516613568218,0.979576133873546
Concrete,concrete,mlp,0.006,0.1,1,2,0.9859926029161848,0.9759659952278196
Concrete,concrete,mlp,0.006,0.1,1,3,0.9794359287315164,0.9556224527723348
Concrete,concrete,mlp,0.006,0.1,1,4,0.9794359287315164,0.9556224527723348
Concrete,concrete,mlp,0.006,0.1,2,3,0.9934516613568218,0.979576133873546
Concrete,concrete,mlp,0.006,0.1,2,4,0.9934516613568218,0.979576133873546
Concrete,concrete,mlp,0.006,0.1,3,4,0.987019722748644,0.9592971503713694
Concrete,concrete,mlp,0.00075,0.0,0,1,0.9756841156892208,0.9385093367812388
Concrete,concrete,mlp,0.00075,0.0,0,2,0.9757057281517564,0.9439394502464634
Concrete,concrete,mlp,0.00075,0.0,0,3,0.9686814518367356,0.9319503634553792
Concrete,concrete,mlp,0.00075,0.0,0,4,0.978307462861248,0.9631077506509148
Concrete,concrete,mlp,0.00075,0.0,1,2,0.9736546841735244,0.9330074506351348
Concrete,concrete,mlp,0.00075,0.0,1,3,0.9579416611044022,0.9161543088308552
Concrete,concrete,mlp,0.00075,0.0,1,4,0.954214614789094,0.9096173218360324
Concrete,concrete,mlp,0.00075,0.0,2,3,0.9452614710602204,0.8951786278684496
Concrete,concrete,mlp,0.00075,0.0,2,4,0.9542591038454924,0.914902243374305
Concrete,concrete,mlp,0.00075,0.0,3,4,0.9686131074697112,0.932301498795588
Concrete,concrete,mlp,0.001,0.0,0,1,0.9649704081547328,0.9281813266438752
Concrete,concrete,mlp,0.001,0.0,0,2,0.975603111001762,0.9385920259013169
Concrete,concrete,mlp,0.001,0.0,0,3,0.9931475855101408,0.9799118781744536
Concrete,concrete,mlp,0.001,0.0,0,4,0.9752894870532296,0.9443020513434572
Concrete,concrete,mlp,0.001,0.0,1,2,0.9665258309504624,0.9296460421087056
Concrete,concrete,mlp,0.001,0.0,1,3,0.9620548295868048,0.9205908784370688
Concrete,concrete,mlp,0.001,0.0,1,4,0.9410183476747154,0.8914316768610958
Concrete,concrete,mlp,0.001,0.0,2,3,0.9823361054592886,0.958580807404036
Concrete,concrete,mlp,0.001,0.0,2,4,0.9644758738131228,0.928514307425373
Concrete,concrete,mlp,0.001,0.0,3,4,0.9686814518367356,0.9319503634553792
Concrete,concrete,mlp,0.0015,0.0,0,1,0.9544289055536214,0.9093436252048398
Concrete,concrete,mlp,0.0015,0.0,0,2,0.9650895789857104,0.9227364509787258
Concrete,concrete,mlp,0.0015,0.0,0,3,0.964819972821964,0.9282439194962596
Concrete,concrete,mlp,0.0015,0.0,0,4,0.95283849013234,0.9052939582993438
Concrete,concrete,mlp,0.0015,0.0,1,2,0.9755126930491704,0.9387060394129496
Concrete,concrete,mlp,0.0015,0.0,1,3,0.9754921259918328,0.944365628694573
Concrete,concrete,mlp,0.0015,0.0,1,4,0.9624833476779536,0.9207188578739378
Concrete,concrete,mlp,0.0015,0.0,2,3,0.9864122093276296,0.9654804902709708
Concrete,concrete,mlp,0.0015,0.0,2,4,0.9733838088559076,0.9420041739861296
Concrete,concrete,mlp,0.0015,0.0,3,4,0.9607795236302586,0.923025903152916
Concrete,concrete,mlp,0.002,0.0,0,1,1.0,1.0
Concrete,concrete,mlp,0.002,0.0,0,2,0.9800504659040276,0.952960924511128
Concrete,concrete,mlp,0.002,0.0,0,3,0.9623423010612308,0.9209200821711574
Concrete,concrete,mlp,0.002,0.0,0,4,0.9689876273712767,0.9242637889258458
Concrete,concrete,mlp,0.002,0.0,1,2,0.9800504659040276,0.952960924511128
Concrete,concrete,mlp,0.002,0.0,1,3,0.9623423010612308,0.9209200821711574
Concrete,concrete,mlp,0.002,0.0,1,4,0.9689876273712767,0.924263788925846
Concrete,concrete,mlp,0.002,0.0,2,3,0.9438689156333128,0.8933002498105508
Concrete,concrete,mlp,0.002,0.0,2,4,0.950154272984529,0.891152012923256
Concrete,concrete,mlp,0.002,0.0,3,4,0.9797626555963712,0.9532903947493978
Concrete,concrete,mlp,0.0025,0.0,0,1,0.9447565562171576,0.8821733994636894
Concrete,concrete,mlp,0.0025,0.0,0,2,0.9756243394683782,0.9440100424332843
Concrete,concrete,mlp,0.0025,0.0,0,3,0.9756243394683782,0.9440100424332843
Concrete,concrete,mlp,0.0025,0.0,0,4,0.96948868852687,0.92373646298428
Concrete,concrete,mlp,0.0025,0.0,1,2,0.942898221500319,0.8872500964787793
Concrete,concrete,mlp,0.0025,0.0,1,3,0.942898221500319,0.8872500964787792
Concrete,concrete,mlp,0.0025,0.0,1,4,0.95316196016809,0.9051683123355424
Concrete,concrete,mlp,0.0025,0.0,2,3,1.0,1.0
Concrete,concrete,mlp,0.0025,0.0,2,4,0.94595537849614,0.8851438341905482
Concrete,concrete,mlp,0.0025,0.0,3,4,0.94595537849614,0.8851438341905482
Concrete,concrete,mlp,0.003,0.0,0,1,0.969377473366965,0.9240139384138364
Concrete,concrete,mlp,0.003,0.0,0,2,0.967727260143653,0.9220271142945816
Concrete,concrete,mlp,0.003,0.0,0,3,0.9450709443812892,0.8821413051689257
Concrete,concrete,mlp,0.003,0.0,0,4,0.9345332927488096,0.8669524780000596
Concrete,concrete,mlp,0.003,0.0,1,2,0.9758742223633065,0.943764960827211
Concrete,concrete,mlp,0.003,0.0,1,3,0.9736787442854806,0.9418990050587096
Concrete,concrete,mlp,0.003,0.0,1,4,0.9630402481969852,0.920822438754122
Concrete,concrete,mlp,0.003,0.0,2,3,0.976155909199522,0.9437623464821028
Concrete,concrete,mlp,0.003,0.0,2,4,0.9656627172160944,0.928272682856458
Concrete,concrete,mlp,0.003,0.0,3,4,0.9760106591058532,0.938131494862842
Concrete,concrete,mlp,0.004,0.0,0,1,0.9612492624202909,0.9122150812569372
Concrete,concrete,mlp,0.004,0.0,0,2,0.969354122689054,0.9317890576255604
Concrete,concrete,mlp,0.004,0.0,0,3,0.9865615657599572,0.965394429717758
Concrete,concrete,mlp,0.004,0.0,0,4,0.969354122689054,0.9317890576255604
Concrete,concrete,mlp,0.004,0.0,1,2,0.9450328845438624,0.8935107882019471
Concrete,concrete,mlp,0.004,0.0,1,3,0.9492712867432056,0.8949758674999923
Concrete,concrete,mlp,0.004,0.0,1,4,0.9334544455896868,0.8663156591892203
Concrete,concrete,mlp,0.004,0.0,2,3,0.982282264704577,0.9585332291927258
Concrete,concrete,mlp,0.004,0.0,2,4,0.9866891263202552,0.959843755172965
Concrete,concrete,mlp,0.004,0.0,3,4,0.982282264704577,0.9585332291927258
Concrete,concrete,mlp,0.006,0.0,0,1,0.944160039852642,0.8871061667666862
Concrete,concrete,mlp,0.006,0.0,0,2,0.957900498675064,0.916048160187615
Concrete,concrete,mlp,0.006,0.0,0,3,0.9600451703703784,0.9097778174362952
Concrete,concrete,mlp,0.006,0.0,0,4,0.9631719072427264,0.9207894721752028
Concrete,concrete,mlp,0.006,0.0,1,2,0.9162185638940537,0.8552211546486322
Concrete,concrete,mlp,0.006,0.0,1,3,0.9539620692786814,0.9082361250099652
Concrete,concrete,mlp,0.006,0.0,1,4,0.9570790999509112,0.9003579161847066
Concrete,concrete,mlp,0.006,0.0,2,3,0.9316673596133208,0.8721697367121425
Concrete,concrete,mlp,0.006,0.0,2,4,0.9438689156333128,0.8933002498105509
Concrete,concrete,mlp,0.006,0.0,3,4,0.962265552101319,0.920559854864724
Concrete,concrete,mlp,0.00075,0.025,0,1,0.9860426441409172,0.9761015622925306
Concrete,concrete,mlp,0.00075,0.025,0,2,0.9860426441409172,0.9761015622925306
Concrete,concrete,mlp,0.00075,0.025,0,3,1.0,1.0
Concrete,concrete,mlp,0.00075,0.025,0,4,0.968076723379065,0.9489985106151811
Concrete,concrete,mlp,0.00075,0.025,1,2,1.0,1.0
Concrete,concrete,mlp,0.00075,0.025,1,3,0.9860426441409172,0.9761015622925306
Concrete,concrete,mlp,0.00075,0.025,1,4,0.971952567724816,0.9424007221439554
Concrete,concrete,mlp,0.00075,0.025,2,3,0.9860426441409172,0.9761015622925306
Concrete,concrete,mlp,0.00075,0.025,2,4,0.971952567724816,0.9424007221439554
Concrete,concrete,mlp,0.00075,0.025,3,4,0.968076723379065,0.9489985106151814
Concrete,concrete,mlp,0.001,0.025,0,1,0.974300240296076,0.9415524110090095
Concrete,concrete,mlp,0.001,0.025,0,2,0.9754015035067712,0.9545901234331324
Concrete,concrete,mlp,0.001,0.025,0,3,0.971952567724816,0.9424007221439554
Concrete,concrete,mlp,0.001,0.025,0,4,0.9933848083111084,0.9796020068921418
Concrete,concrete,mlp,0.001,0.025,1,2,0.9497352198991474,0.8958225736938299
Concrete,concrete,mlp,0.001,0.025,1,3,0.9467450741839832,0.8943857694905055
Concrete,concrete,mlp,0.001,0.025,1,4,0.9805501288453896,0.9524893845771272
Concrete,concrete,mlp,0.001,0.025,2,3,0.9785747875467252,0.9627028096625518
Concrete,concrete,mlp,0.001,0.025,2,4,0.9687938568116804,0.9341325853339908
Concrete,concrete,mlp,0.001,0.025,3,4,0.9654583455938114,0.9278141153793136
Concrete,concrete,mlp,0.0015,0.025,0,1,0.9860426441409172,0.9761015622925306
Concrete,concrete,mlp,0.0015,0.025,0,2,0.9860426441409172,0.9761015622925306
Concrete,concrete,mlp,0.0015,0.025,0,3,0.9868759823269332,0.9651039610361414
Concrete,concrete,mlp,0.0015,0.025,0,4,1.0,1.0
Concrete,concrete,mlp,0.0015,0.025,1,2,1.0,1.0
Concrete,concrete,mlp,0.0015,0.025,1,3,0.9826317825039314,0.9580108589225432
Concrete,concrete,mlp,0.0015,0.025,1,4,0.9860426441409172,0.9761015622925306
Concrete,concrete,mlp,0.0015,0.025,2,3,0.9826317825039314,0.9580108589225432
Concrete,concrete,mlp,0.0015,0.025,2,4,0.9860426441409172,0.9761015622925306
Concrete,concrete,mlp,0.0015,0.025,3,4,0.9868759823269332,0.9651039610361414
Concrete,concrete,mlp,0.002,0.025,0,1,0.9728924876029243,0.9408632338521096
Concrete,concrete,mlp,0.002,0.025,0,2,0.9728924876029243,0.9408632338521096
Concrete,concrete,mlp,0.002,0.025,0,3,0.9728924876029243,0.9408632338521096
Concrete,concrete,mlp,0.002,0.025,0,4,0.9720942455410504,0.9578069005936066
Concrete,concrete,mlp,0.002,0.025,1,2,1.0,1.0
Concrete,concrete,mlp,0.002,0.025,1,3,1.0,1.0
Concrete,concrete,mlp,0.002,0.025,1,4,0.972915971406841,0.9407281554675118
Concrete,concrete,mlp,0.002,0.025,2,3,1.0,1.0
Concrete,concrete,mlp,0.002,0.025,2,4,0.972915971406841,0.9407281554675118
Concrete,concrete,mlp,0.002,0.025,3,4,0.972915971406841,0.9407281554675118
Concrete,concrete,mlp,0.0025,0.025,0,1,0.966722717274758,0.9206464637348616
Concrete,concrete,mlp,0.0025,0.025,0,2,0.9934613895563216,0.979487968813891
Concrete,concrete,mlp,0.0025,0.025,0,3,0.9793461731165888,0.9552505918089976
Concrete,concrete,mlp,0.0025,0.025,0,4,0.9730775405888206,0.9409843515621656
Concrete,concrete,mlp,0.0025,0.025,1,2,0.9730375361874752,0.9407818167528856
Concrete,concrete,mlp,0.0025,0.025,1,3,0.974298255110105,0.9323878934719034
Concrete,concrete,mlp,0.0025,0.025,1,4,0.9933848083111084,0.979602006892142
Concrete,concrete,mlp,0.0025,0.025,2,3,0.9729362201537683,0.9347689745496884
Concrete,concrete,mlp,0.0025,0.025,2,4,0.9667852275419232,0.9285051969260634
Concrete,concrete,mlp,0.0025,0.025,3,4,0.9805348099811624,0.9525563444991982
Concrete,concrete,mlp,0.003,0.025,0,1,0.986916965579562,0.9648633317628564
Concrete,concrete,mlp,0.003,0.025,0,2,0.986916965579562,0.9648633317628564
Concrete,concrete,mlp,0.003,0.025,0,3,0.9868963702875828,0.9649864591378556
Concrete,concrete,mlp,0.003,0.025,0,4,0.9728309501941048,0.9351001753329192
Concrete,concrete,mlp,0.003,0.025,1,2,1.0,1.0
Concrete,concrete,mlp,0.003,0.025,1,3,0.974300240296076,0.9415524110090095
Concrete,concrete,mlp,0.003,0.025,1,4,0.9728538033770494,0.9406520550517876
Concrete,concrete,mlp,0.003,0.025,2,3,0.974300240296076,0.9415524110090095
Concrete,concrete,mlp,0.003,0.025,2,4,0.9728538033770494,0.9406520550517876
Concrete,concrete,mlp,0.003,0.025,3,4,0.9728095858135322,0.9410136786962372
Concrete,concrete,mlp,0.004,0.025,0,1,0.9762043479359044,0.9434018058132184
Concrete,concrete,mlp,0.004,0.025,0,2,0.9805043808519532,0.9526879368682392
Concrete,concrete,mlp,0.004,0.025,0,3,0.9681426470007722,0.931734748505892
Concrete,concrete,mlp,0.004,0.025,0,4,0.9933745695931896,0.979685331632778
Concrete,concrete,mlp,0.004,0.025,1,2,0.9859926029161848,0.9759659952278196
Concrete,concrete,mlp,0.004,0.025,1,3,0.972915971406841,0.9407281554675117
Concrete,concrete,mlp,0.004,0.025,1,4,0.9827055462052952,0.9579482008210825
Concrete,concrete,mlp,0.004,0.025,2,3,0.9869066582636384,0.9649255062815422
Concrete,concrete,mlp,0.004,0.025,2,4,0.9868861343800058,0.9650459973397956
Concrete,concrete,mlp,0.004,0.025,3,4,0.9742800165604122,0.9416178753575492
Concrete,concrete,mlp,0.006,0.025,0,1,0.986806566801501,0.964767247987091
Concrete,concrete,mlp,0.006,0.025,0,2,0.9727536966470256,0.934617072174734
Concrete,concrete,mlp,0.006,0.025,0,3,0.9803514597763902,0.952526851989932
Concrete,concrete,mlp,0.006,0.025,0,4,0.9462972631778404,0.8990754099728926
Concrete,concrete,mlp,0.006,0.025,1,2,0.9726551298519608,0.940154893042356
Concrete,concrete,mlp,0.006,0.025,1,3,0.9678890330946512,0.931596480580534
Concrete,concrete,mlp,0.006,0.025,1,4,0.9341129598692414,0.8797663020784022
Concrete,concrete,mlp,0.006,0.025,2,3,0.9665396995205338,0.928378637956603
Concrete,concrete,mlp,0.006,0.025,2,4,0.9603764264457756,0.917341588254323
Concrete,concrete,mlp,0.006,0.025,3,4,0.9655290046334268,0.9375292980872352
Concrete,concrete,mlp,0.00075,0.05,0,1,0.9648457549738458,0.9398326188404822
Concrete,concrete,mlp,0.00075,0.05,0,2,0.958197672423408,0.9190723181324087
Concrete,concrete,mlp,0.00075,0.05,0,3,0.9786740978583612,0.9628221432334036
Concrete,concrete,mlp,0.00075,0.05,0,4,0.9861486971724368,0.9766181507701164
Concrete,concrete,mlp,0.00075,0.05,1,2,0.9410005264136192,0.8913000234044853
Concrete,concrete,mlp,0.00075,0.05,1,3,0.944056274300326,0.9138380655911176
Concrete,concrete,mlp,0.00075,0.05,1,4,0.9784922662938054,0.9629692016722592
Concrete,concrete,mlp,0.00075,0.05,2,3,0.9793189008363202,0.9559423034748256
Concrete,concrete,mlp,0.00075,0.05,2,4,0.9445147611726556,0.901150745157732
Concrete,concrete,mlp,0.00075,0.05,3,4,0.9648602261077922,0.9392416187339284
Concrete,concrete,mlp,0.001,0.05,0,1,0.9860426441409172,0.9761015622925306
Concrete,concrete,mlp,0.001,0.05,0,2,0.9860426441409172,0.9761015622925306
Concrete,concrete,mlp,0.001,0.05,0,3,0.9438666994928192,0.913416952488561
Concrete,concrete,mlp,0.001,0.05,0,4,0.968076723379065,0.9489985106151814
Concrete,concrete,mlp,0.001,0.05,1,2,1.0,1.0
Concrete,concrete,mlp,0.001,0.05,1,3,0.9578440036840477,0.9370800924609968
Concrete,concrete,mlp,0.001,0.05,1,4,0.9544305276049612,0.925488684229281
Concrete,concrete,mlp,0.001,0.05,2,3,0.9578440036840477,0.9370800924609968
Concrete,concrete,mlp,0.001,0.05,2,4,0.9544305276049612,0.925488684229281
Concrete,concrete,mlp,0.001,0.05,3,4,0.9753861004681504,0.9553426201015232
Concrete,concrete,mlp,0.0015,0.05,0,1,0.9794967207060632,0.955649195652362
Concrete,concrete,mlp,0.0015,0.05,0,2,0.9934516613568218,0.979576133873546
Concrete,concrete,mlp,0.0015,0.05,0,3,0.9794967207060632,0.955649195652362
Concrete,concrete,mlp,0.0015,0.05,0,4,0.9794967207060632,0.955649195652362
Concrete,concrete,mlp,0.0015,0.05,1,2,0.9860426441409172,0.9761015622925306
Concrete,concrete,mlp,0.0015,0.05,1,3,1.0,1.0
Concrete,concrete,mlp,0.0015,0.05,1,4,1.0,1.0
Concrete,concrete,mlp,0.0015,0.05,2,3,0.9860426441409172,0.9761015622925306
Concrete,concrete,mlp,0.0015,0.05,2,4,0.9860426441409172,0.9761015622925306
Concrete,concrete,mlp,0.0015,0.05,3,4,1.0,1.0
Concrete,concrete,mlp,0.002,0.05,0,1,1.0,1.0
Concrete,concrete,mlp,0.002,0.05,0,2,0.9934516613568218,0.979576133873546
Concrete,concrete,mlp,0.002,0.05,0,3,0.9794359287315164,0.9556224527723348
Concrete,concrete,mlp,0.002,0.05,0,4,0.9729559094659757,0.9409303112588968
Concrete,concrete,mlp,0.002,0.05,1,2,0.9934516613568218,0.979576133873546
Concrete,concrete,mlp,0.002,0.05,1,3,0.9794359287315164,0.9556224527723348
Concrete,concrete,mlp,0.002,0.05,1,4,0.9729559094659757,0.9409303112588968
Concrete,concrete,mlp,0.002,0.05,2,3,0.9859926029161848,0.9759659952278196
Concrete,concrete,mlp,0.002,0.05,2,4,0.979390976574504,0.9554402908589716
Concrete,concrete,mlp,0.002,0.05,3,4,0.9933899870058884,0.9795581280353652
Concrete,concrete,mlp,0.0025,0.05,0,1,1.0,1.0000000000000002
Concrete,concrete,mlp,0.0025,0.05,0,2,1.0,1.0
Concrete,concrete,mlp,0.0025,0.05,0,3,0.9794359287315164,0.9556224527723348
Concrete,concrete,mlp,0.0025,0.05,0,4,0.9794359287315164,0.9556224527723348
Concrete,concrete,mlp,0.0025,0.05,1,2,1.0,1.0
Concrete,concrete,mlp,0.0025,0.05,1,3,0.9794359287315164,0.9556224527723348
Concrete,concrete,mlp,0.0025,0.05,1,4,0.9794359287315164,0.9556224527723348
Concrete,concrete,mlp,0.0025,0.05,2,3,0.9794359287315164,0.9556224527723348
Concrete,concrete,mlp,0.0025,0.05,2,4,0.9794359287315164,0.9556224527723348
Concrete,concrete,mlp,0.0025,0.05,3,4,1.0,1.0
Concrete,concrete,mlp,0.003,0.05,0,1,0.9860426441409172,0.9761015622925306
Concrete,concrete,mlp,0.003,0.05,0,2,0.9794359287315164,0.9556224527723348
Concrete,concrete,mlp,0.003,0.05,0,3,1.0,1.0
Concrete,concrete,mlp,0.003,0.05,0,4,0.9794359287315164,0.9556224527723348
Concrete,concrete,mlp,0.003,0.05,1,2,0.9933848083111084,0.9796020068921418
Concrete,concrete,mlp,0.003,0.05,1,3,0.9860426441409172,0.9761015622925306
Concrete,concrete,mlp,0.003,0.05,1,4,0.965588865251362,0.9317839691564722
Concrete,concrete,mlp,0.003,0.05,2,3,0.9794359287315164,0.9556224527723348
Concrete,concrete,mlp,0.003,0.05,2,4,0.9720934139406662,0.952020269468138
Concrete,concrete,mlp,0.003,0.05,3,4,0.9794359287315164,0.9556224527723348
Concrete,concrete,mlp,0.004,0.05,0,1,0.9933848083111084,0.979602006892142
Concrete,concrete,mlp,0.004,0.05,0,2,0.9794517325248506,0.9554668406858444
Concrete,concrete,mlp,0.004,0.05,0,3,0.9794517325248506,0.9554668406858444
Concrete,concrete,mlp,0.004,0.05,0,4,0.9730160532368064,0.935231898392219
Concrete,concrete,mlp,0.004,0.05,1,2,0.9730775405888206,0.9409843515621656
Concrete,concrete,mlp,0.004,0.05,1,3,0.9730775405888206,0.9409843515621656
Concrete,concrete,mlp,0.004,0.05,1,4,0.9794967207060632,0.9556491956523624
Concrete,concrete,mlp,0.004,0.05,2,3,0.9870389537668856,0.9591299946482256
Concrete,concrete,mlp,0.004,0.05,2,4,0.9807330766938844,0.9446686569013524
Concrete,concrete,mlp,0.004,0.05,3,4,0.9934565166130174,0.9795327586763096
Concrete,concrete,mlp,0.006,0.05,0,1,0.9934613895563216,0.979487968813891
Concrete,concrete,mlp,0.006,0.05,0,2,0.9794068927548644,0.955276960146036
Concrete,concrete,mlp,0.006,0.05,0,3,0.9934613895563216,0.979487968813891
Concrete,concrete,mlp,0.006,0.05,0,4,0.9718957543791632,0.957285569303636
Concrete,concrete,mlp,0.006,0.05,1,2,0.9859427093069898,0.9758244599804684
Concrete,concrete,mlp,0.006,0.05,1,3,1.0,1.0
Concrete,concrete,mlp,0.006,0.05,1,4,0.9653406010490102,0.9369295967532022
Concrete,concrete,mlp,0.006,0.05,2,3,0.9859427093069898,0.9758244599804682
Concrete,concrete,mlp,0.006,0.05,2,4,0.9792677792021774,0.9553221011760218
Concrete,concrete,mlp,0.006,0.05,3,4,0.9653406010490102,0.9369295967532022
Concrete,concrete,mlp,0.00075,0.1,0,1,0.961395153660475,0.9289029609051026
Concrete,concrete,mlp,0.00075,0.1,0,2,0.940713638183456,0.9020202166690776
Concrete,concrete,mlp,0.00075,0.1,0,3,0.9544305276049612,0.925488684229281
Concrete,concrete,mlp,0.00075,0.1,0,4,1.0,1.0
Concrete,concrete,mlp,0.00075,0.1,1,2,0.9754463023749858,0.955357265520714
Concrete,concrete,mlp,0.00075,0.1,1,3,0.9891951665248356,0.9786118419974886
Concrete,concrete,mlp,0.00075,0.1,1,4,0.961395153660475,0.9289029609051026
Concrete,concrete,mlp,0.00075,0.1,2,3,0.9861486971724368,0.9766181507701164
Concrete,concrete,mlp,0.00075,0.1,2,4,0.940713638183456,0.9020202166690776
Concrete,concrete,mlp,0.00075,0.1,3,4,0.9544305276049612,0.925488684229281
Concrete,concrete,mlp,0.001,0.1,0,1,0.9542530068360944,0.9254435111893218
Concrete,concrete,mlp,0.001,0.1,0,2,0.9542530068360944,0.9254435111893218
Concrete,concrete,mlp,0.001,0.1,0,3,0.9542530068360944,0.925443511189322
Concrete,concrete,mlp,0.001,0.1,0,4,0.9860426441409172,0.9761015622925306
Concrete,concrete,mlp,0.001,0.1,1,2,0.9724041370079448,0.9533206349813822
Concrete,concrete,mlp,0.001,0.1,1,3,1.0,1.0
Concrete,concrete,mlp,0.001,0.1,1,4,0.9682264056794292,0.9491665401834004
Concrete,concrete,mlp,0.001,0.1,2,3,0.9724041370079448,0.9533206349813822
Concrete,concrete,mlp,0.001,0.1,2,4,0.940713638183456,0.9020202166690776
Concrete,concrete,mlp,0.001,0.1,3,4,0.9682264056794292,0.9491665401834004
Concrete,concrete,mlp,0.0015,0.1,0,1,0.9933848083111084,0.9796020068921418
Concrete,concrete,mlp,0.0015,0.1,0,2,0.9860426441409172,0.9761015622925306
Concrete,concrete,mlp,0.0015,0.1,0,3,0.9860426441409172,0.9761015622925308
Concrete,concrete,mlp,0.0015,0.1,0,4,0.9860426441409172,0.9761015622925308
Concrete,concrete,mlp,0.0015,0.1,1,2,0.9794359287315164,0.9556224527723348
Concrete,concrete,mlp,0.0015,0.1,1,3,0.9794359287315164,0.9556224527723348
Concrete,concrete,mlp,0.0015,0.1,1,4,0.9794359287315164,0.9556224527723348
Concrete,concrete,mlp,0.0015,0.1,2,3,1.0,1.0
Concrete,concrete,mlp,0.0015,0.1,2,4,1.0,1.0
Concrete,concrete,mlp,0.0015,0.1,3,4,1.0,1.0
Concrete,concrete,mlp,0.002,0.1,0,1,0.9794359287315164,0.9556224527723348
Concrete,concrete,mlp,0.002,0.1,0,2,1.0,1.0
Concrete,concrete,mlp,0.002,0.1,0,3,0.9860426441409172,0.9761015622925306
Concrete,concrete,mlp,0.002,0.1,0,4,1.0,1.0
Concrete,concrete,mlp,0.002,0.1,1,2,0.9794359287315164,0.9556224527723348
Concrete,concrete,mlp,0.002,0.1,1,3,0.965588865251362,0.9317839691564722
Concrete,concrete,mlp,0.002,0.1,1,4,0.9794359287315164,0.9556224527723348
Concrete,concrete,mlp,0.002,0.1,2,3,0.9860426441409172,0.9761015622925306
Concrete,concrete,mlp,0.002,0.1,2,4,1.0,1.0
Concrete,concrete,mlp,0.002,0.1,3,4,0.9860426441409172,0.9761015622925306
Concrete,concrete,mlp,0.0025,0.1,0,1,0.9860426441409172,0.9761015622925308
Concrete,concrete,mlp,0.0025,0.1,0,2,0.9934516613568218,0.979576133873546
Concrete,concrete,mlp,0.0025,0.1,0,3,1.0,1.0
Concrete,concrete,mlp,0.0025,0.1,0,4,0.9860426441409172,0.9761015622925306
Concrete,concrete,mlp,0.0025,0.1,1,2,0.9794967207060632,0.9556491956523624
Concrete,concrete,mlp,0.0025,0.1,1,3,0.9860426441409172,0.9761015622925306
Concrete,concrete,mlp,0.0025,0.1,1,4,1.0,1.0
Concrete,concrete,mlp,0.0025,0.1,2,3,0.9934516613568218,0.979576133873546
Concrete,concrete,mlp,0.0025,0.1,2,4,0.9794967207060632,0.955649195652362
Concrete,concrete,mlp,0.0025,0.1,3,4,0.9860426441409172,0.9761015622925306
Concrete,concrete,mlp,0.003,0.1,0,1,0.9794359287315164,0.9556224527723348
Concrete,concrete,mlp,0.003,0.1,0,2,0.9794359287315164,0.9556224527723348
Concrete,concrete,mlp,0.003,0.1,0,3,0.9933848083111084,0.979602006892142
Concrete,concrete,mlp,0.003,0.1,0,4,0.9794359287315164,0.9556224527723348
Concrete,concrete,mlp,0.003,0.1,1,2,1.0,1.0
Concrete,concrete,mlp,0.003,0.1,1,3,0.9860426441409172,0.9761015622925306
Concrete,concrete,mlp,0.003,0.1,1,4,1.0,1.0
Concrete,concrete,mlp,0.003,0.1,2,3,0.9860426441409172,0.9761015622925306
Concrete,concrete,mlp,0.003,0.1,2,4,1.0,1.0
Concrete,concrete,mlp,0.003,0.1,3,4,0.9860426441409172,0.9761015622925306
Concrete,concrete,mlp,0.004,0.1,0,1,0.9859926029161848,0.9759659952278196
Concrete,concrete,mlp,0.004,0.1,0,2,0.979390976574504,0.9554402908589716
Concrete,concrete,mlp,0.004,0.1,0,3,1.0,1.0
Concrete,concrete,mlp,0.004,0.1,0,4,0.9794967207060632,0.955649195652362
Concrete,concrete,mlp,0.004,0.1,1,2,0.965494519324317,0.9314623676347752
Concrete,concrete,mlp,0.004,0.1,1,3,0.9859926029161848,0.9759659952278196
Concrete,concrete,mlp,0.004,0.1,1,4,0.965588865251362,0.9317839691564724
Concrete,concrete,mlp,0.004,0.1,2,3,0.979390976574504,0.9554402908589716
Concrete,concrete,mlp,0.004,0.1,2,4,0.9868963702875828,0.964986459137856
Concrete,concrete,mlp,0.004,0.1,3,4,0.9794967207060632,0.955649195652362
Concrete,concrete,mlp,0.006,0.1,0,1,0.972915971406841,0.9407281554675117
Concrete,concrete,mlp,0.006,0.1,0,2,0.8517444027532739,0.8177762290709079
Concrete,concrete,mlp,0.006,0.1,0,3,0.972915971406841,0.9407281554675117
Concrete,concrete,mlp,0.006,0.1,0,4,0.972915971406841,0.9407281554675117
Concrete,concrete,mlp,0.006,0.1,1,2,0.8587438339754336,0.8402470786866327
Concrete,concrete,mlp,0.006,0.1,1,3,1.0,1.0
Concrete,concrete,mlp,0.006,0.1,1,4,1.0,1.0
Concrete,concrete,mlp,0.006,0.1,2,3,0.8587438339754336,0.8402470786866327
Concrete,concrete,mlp,0.006,0.1,2,4,0.8587438339754336,0.8402470786866327
Concrete,concrete,mlp,0.006,0.1,3,4,1.0,1.0
L-LSPIN,lspin_tf,linear,0.0035,0.0,0,1,0.5114214054162599,0.6791961537879617
L-LSPIN,lspin_tf,linear,0.0035,0.0,0,2,0.9108535549983218,0.8713385806494377
L-LSPIN,lspin_tf,linear,0.0035,0.0,0,3,0.8513086181345277,0.8150820762382883
L-LSPIN,lspin_tf,linear,0.0035,0.0,0,4,0.6586215547288673,0.646891337541496
L-LSPIN,lspin_tf,linear,0.0035,0.0,1,2,0.5038832679309619,0.6771819782153979
L-LSPIN,lspin_tf,linear,0.0035,0.0,1,3,0.4934733494829855,0.658866552637342
L-LSPIN,lspin_tf,linear,0.0035,0.0,1,4,0.5038832679309619,0.6771819782153979
L-LSPIN,lspin_tf,linear,0.0035,0.0,2,3,0.8509703218251626,0.8057001615666776
L-LSPIN,lspin_tf,linear,0.0035,0.0,2,4,0.6499900683537609,0.6413895017210233
L-LSPIN,lspin_tf,linear,0.0035,0.0,3,4,0.6400481766860738,0.6219251733824991
L-LSPIN,lspin_tf,linear,0.00525,0.0,0,1,0.9150717424372546,0.8662943808331494
L-LSPIN,lspin_tf,linear,0.00525,0.0,0,2,0.9265385892541572,0.8954609483054178
L-LSPIN,lspin_tf,linear,0.00525,0.0,0,3,0.7160983294186704,0.6857527400941941
L-LSPIN,lspin_tf,linear,0.00525,0.0,0,4,0.54211946262839,0.6365133827578857
L-LSPIN,lspin_tf,linear,0.00525,0.0,1,2,0.86907744879426,0.8339033725449926
L-LSPIN,lspin_tf,linear,0.00525,0.0,1,3,0.6896560836096047,0.6697604491532849
L-LSPIN,lspin_tf,linear,0.00525,0.0,1,4,0.526928631018495,0.6318048293186924
L-LSPIN,lspin_tf,linear,0.00525,0.0,2,3,0.7296841003206832,0.6836586123825535
L-LSPIN,lspin_tf,linear,0.00525,0.0,2,4,0.5695984210826796,0.6380337630880645
L-LSPIN,lspin_tf,linear,0.00525,0.0,3,4,0.6278632809790902,0.6746747029963259
L-LSPIN,lspin_tf,linear,0.007,0.0,0,1,0.9471191112828172,0.895821010277221
L-LSPIN,lspin_tf,linear,0.007,0.0,0,2,0.741981292870405,0.7311703717777986
L-LSPIN,lspin_tf,linear,0.007,0.0,0,3,0.7662376582130336,0.746404646635709
L-LSPIN,lspin_tf,linear,0.007,0.0,0,4,0.687597935967387,0.7086626048686825
L-LSPIN,lspin_tf,linear,0.007,0.0,1,2,0.7234079635058731,0.7397234710952237
L-LSPIN,lspin_tf,linear,0.007,0.0,1,3,0.7465047265628197,0.7516389389972519
L-LSPIN,lspin_tf,linear,0.007,0.0,1,4,0.6722858859028407,0.7317663570724233
L-LSPIN,lspin_tf,linear,0.007,0.0,2,3,0.9591837792435726,0.909512724349324
L-LSPIN,lspin_tf,linear,0.007,0.0,2,4,0.9332073927583892,0.891755464461832
L-LSPIN,lspin_tf,linear,0.007,0.0,3,4,0.9101539562604328,0.8699346407271872
L-LSPIN,lspin_tf,linear,0.00875,0.0,0,1,0.8128035516585093,0.7598680358200718
L-LSPIN,lspin_tf,linear,0.00875,0.0,0,2,0.9378994339147856,0.8910987018200387
L-LSPIN,lspin_tf,linear,0.00875,0.0,0,3,0.5171880803920467,0.6552812964719953
L-LSPIN,lspin_tf,linear,0.00875,0.0,0,4,0.9217306977603776,0.8621735161943467
L-LSPIN,lspin_tf,linear,0.00875,0.0,1,2,0.7930943422415718,0.7695854799829517
L-LSPIN,lspin_tf,linear,0.00875,0.0,1,3,0.6724700869022097,0.7139739747373341
L-LSPIN,lspin_tf,linear,0.00875,0.0,1,4,0.820140117095658,0.7762997104495918
L-LSPIN,lspin_tf,linear,0.00875,0.0,2,3,0.4965892517641124,0.6439007776628469
L-LSPIN,lspin_tf,linear,0.00875,0.0,2,4,0.9101055454689276,0.8502942805666055
L-LSPIN,lspin_tf,linear,0.00875,0.0,3,4,0.5649432545031531,0.6988475900741351
L-LSPIN,lspin_tf,linear,0.0105,0.0,0,1,0.9093300878005324,0.8346114427607225
L-LSPIN,lspin_tf,linear,0.0105,0.0,0,2,0.786421813668569,0.729663856921765
L-LSPIN,lspin_tf,linear,0.0105,0.0,0,3,0.926882652266206,0.8548782370307556
L-LSPIN,lspin_tf,linear,0.0105,0.0,0,4,0.5330966434996486,0.6871153604660318
L-LSPIN,lspin_tf,linear,0.0105,0.0,1,2,0.7706656543552767,0.7489962137169532
L-LSPIN,lspin_tf,linear,0.0105,0.0,1,3,0.9526771859821006,0.9053541714984044
L-LSPIN,lspin_tf,linear,0.0105,0.0,1,4,0.4682659297328388,0.615255877517749
L-LSPIN,lspin_tf,linear,0.0105,0.0,2,3,0.7975136554392375,0.7589423478788139
L-LSPIN,lspin_tf,linear,0.0105,0.0,2,4,0.6575605109476611,0.7050551811564427
L-LSPIN,lspin_tf,linear,0.0105,0.0,3,4,0.5018655497699499,0.6463352537755329
L-LSPIN,lspin_tf,linear,0.014,0.0,0,1,0.7884955932167134,0.7676382908849854
L-LSPIN,lspin_tf,linear,0.014,0.0,0,2,0.8534081574085265,0.8172361275391787
L-LSPIN,lspin_tf,linear,0.014,0.0,0,3,0.8012152123839194,0.7712333689784635
L-LSPIN,lspin_tf,linear,0.014,0.0,0,4,0.7011445706257358,0.7364977028914351
L-LSPIN,lspin_tf,linear,0.014,0.0,1,2,0.6578911331951938,0.7078628108373908
L-LSPIN,lspin_tf,linear,0.014,0.0,1,3,0.9544839554786244,0.9073467431383776
L-LSPIN,lspin_tf,linear,0.014,0.0,1,4,0.5007355621794506,0.6237583301881855
L-LSPIN,lspin_tf,linear,0.014,0.0,2,3,0.6681702260438244,0.6978385114780492
L-LSPIN,lspin_tf,linear,0.014,0.0,2,4,0.7858991650629781,0.7689724391779355
L-LSPIN,lspin_tf,linear,0.014,0.0,3,4,0.5171753712856887,0.6387209404499029
L-LSPIN,lspin_tf,linear,0.021,0.0,0,1,0.483117390219875,0.6095710792585012
L-LSPIN,lspin_tf,linear,0.021,0.0,0,2,0.4620023892119587,0.5802337116129369
L-LSPIN,lspin_tf,linear,0.021,0.0,0,3,0.5123318765305384,0.6110674344759716
L-LSPIN,lspin_tf,linear,0.021,0.0,0,4,0.4808799300924872,0.5932371214599951
L-LSPIN,lspin_tf,linear,0.021,0.0,1,2,0.9340499644022572,0.8721256798067065
L-LSPIN,lspin_tf,linear,0.021,0.0,1,3,0.8957992653391104,0.8258126123630857
L-LSPIN,lspin_tf,linear,0.021,0.0,1,4,0.9173971455069744,0.8518569719537581
L-LSPIN,lspin_tf,linear,0.021,0.0,2,3,0.9251641651333896,0.8622694182994779
L-LSPIN,lspin_tf,linear,0.021,0.0,2,4,0.9567783244299805,0.9011176098238584
L-LSPIN,lspin_tf,linear,0.021,0.0,3,4,0.9388253828003316,0.8739845820671122
L-LSPIN,lspin_tf,linear,0.028,0.0,0,1,0.4947917824957879,0.6173100952722934
L-LSPIN,lspin_tf,linear,0.028,0.0,0,2,0.9581270972935448,0.9133127270285398
L-LSPIN,lspin_tf,linear,0.028,0.0,0,3,0.9454339747846366,0.8860750984062933
L-LSPIN,lspin_tf,linear,0.028,0.0,0,4,0.9664583007584848,0.9289163268867664
L-LSPIN,lspin_tf,linear,0.028,0.0,1,2,0.5147544829083991,0.6621833488951646
L-LSPIN,lspin_tf,linear,0.028,0.0,1,3,0.5199414094805842,0.6367872426067319
L-LSPIN,lspin_tf,linear,0.028,0.0,1,4,0.5199414094805842,0.6367872426067319
L-LSPIN,lspin_tf,linear,0.028,0.0,2,3,0.9529284892542768,0.8990917323363079
L-LSPIN,lspin_tf,linear,0.028,0.0,2,4,0.9529284892542768,0.8990917323363079
L-LSPIN,lspin_tf,linear,0.028,0.0,3,4,0.9789899729433476,0.9569272259697011
L-LSPIN,lspin_tf,linear,0.0035,0.025,0,1,0.993078140514175,0.979935251216191
L-LSPIN,lspin_tf,linear,0.0035,0.025,0,2,0.933992685415695,0.8910044376968388
L-LSPIN,lspin_tf,linear,0.0035,0.025,0,3,0.986285061955768,0.965462007682656
L-LSPIN,lspin_tf,linear,0.0035,0.025,0,4,0.982254644827518,0.9586064664658552
L-LSPIN,lspin_tf,linear,0.0035,0.025,1,2,0.9407705952386008,0.905546330498488
L-LSPIN,lspin_tf,linear,0.0035,0.025,1,3,0.9930842205022068,0.9798984782416276
L-LSPIN,lspin_tf,linear,0.0035,0.025,1,4,0.989173658564539,0.9786943849641498
L-LSPIN,lspin_tf,linear,0.0035,0.025,2,3,0.9476666075350508,0.9258416217172664
L-LSPIN,lspin_tf,linear,0.0035,0.025,2,4,0.9510955523915108,0.9165739187158172
L-LSPIN,lspin_tf,linear,0.0035,0.025,3,4,0.9823917908229728,0.9586189606264636
L-LSPIN,lspin_tf,linear,0.00525,0.025,0,1,0.9497352198991474,0.8958225736938301
L-LSPIN,lspin_tf,linear,0.00525,0.025,0,2,0.9465396508045733,0.8933710562738546
L-LSPIN,lspin_tf,linear,0.00525,0.025,0,3,0.9136719064588226,0.8668493683679377
L-LSPIN,lspin_tf,linear,0.00525,0.025,0,4,0.908234543978966,0.8440122945238205
L-LSPIN,lspin_tf,linear,0.00525,0.025,1,2,0.9933796639067608,0.979644421984864
L-LSPIN,lspin_tf,linear,0.00525,0.025,1,3,0.9090300004853428,0.8405659761339187
L-LSPIN,lspin_tf,linear,0.00525,0.025,1,4,0.9575648267882664,0.9370649021587384
L-LSPIN,lspin_tf,linear,0.00525,0.025,2,3,0.9152123094970812,0.8501143070459617
L-LSPIN,lspin_tf,linear,0.00525,0.025,2,4,0.9509427880806596,0.9168343249926808
L-LSPIN,lspin_tf,linear,0.00525,0.025,3,4,0.9463108943354716,0.8995035835238849
L-LSPIN,lspin_tf,linear,0.007,0.025,0,1,0.9372034693036984,0.8854433463704813
L-LSPIN,lspin_tf,linear,0.007,0.025,0,2,0.9655115303927924,0.9285972957327988
L-LSPIN,lspin_tf,linear,0.007,0.025,0,3,0.8316551174607151,0.7685777712899554
L-LSPIN,lspin_tf,linear,0.007,0.025,0,4,0.955030972656888,0.9250677936917656
L-LSPIN,lspin_tf,linear,0.007,0.025,1,2,0.905716911852192,0.8411806157804859
L-LSPIN,lspin_tf,linear,0.007,0.025,1,3,0.8314342481652929,0.791317158768913
L-LSPIN,lspin_tf,linear,0.007,0.025,1,4,0.9028195628427264,0.8403437481698238
L-LSPIN,lspin_tf,linear,0.007,0.025,2,3,0.8251602517755854,0.7824923198047131
L-LSPIN,lspin_tf,linear,0.007,0.025,2,4,0.9302698053369232,0.9124262835087626
L-LSPIN,lspin_tf,linear,0.007,0.025,3,4,0.8078652626911073,0.7755857888860752
L-LSPIN,lspin_tf,linear,0.00875,0.025,0,1,0.8011364650710139,0.7692989222945619
L-LSPIN,lspin_tf,linear,0.00875,0.025,0,2,0.917503084497663,0.8558183165620267
L-LSPIN,lspin_tf,linear,0.00875,0.025,0,3,0.8275116013026398,0.7949203579845712
L-LSPIN,lspin_tf,linear,0.00875,0.025,0,4,0.8334517386068873,0.793672247849352
L-LSPIN,lspin_tf,linear,0.00875,0.025,1,2,0.802567436065438,0.7812513212130926
L-LSPIN,lspin_tf,linear,0.00875,0.025,1,3,0.9737328624773736,0.950787831431632
L-LSPIN,lspin_tf,linear,0.00875,0.025,1,4,0.9600319125003802,0.9167405462820488
L-LSPIN,lspin_tf,linear,0.00875,0.025,2,3,0.8275935109912408,0.7990557291800637
L-LSPIN,lspin_tf,linear,0.00875,0.025,2,4,0.8196647929381171,0.7796542536979573
L-LSPIN,lspin_tf,linear,0.00875,0.025,3,4,0.986331966015824,0.9645558059315502
L-LSPIN,lspin_tf,linear,0.0105,0.025,0,1,0.8440936575661729,0.8062693277936938
L-LSPIN,lspin_tf,linear,0.0105,0.025,0,2,0.9494274139490908,0.8913942310156924
L-LSPIN,lspin_tf,linear,0.0105,0.025,0,3,0.933008523544796,0.8666160870977073
L-LSPIN,lspin_tf,linear,0.0105,0.025,0,4,0.9252450990279332,0.8627738581875916
L-LSPIN,lspin_tf,linear,0.0105,0.025,1,2,0.8302484692240051,0.7722160827480054
L-LSPIN,lspin_tf,linear,0.0105,0.025,1,3,0.814311053395734,0.7750918133322577
L-LSPIN,lspin_tf,linear,0.0105,0.025,1,4,0.823522773395701,0.7522764743703899
L-LSPIN,lspin_tf,linear,0.0105,0.025,2,3,0.9692694260241422,0.9238585071490368
L-LSPIN,lspin_tf,linear,0.0105,0.025,2,4,0.9520135542143856,0.9056791515262592
L-LSPIN,lspin_tf,linear,0.0105,0.025,3,4,0.922973141111304,0.839286366180297
L-LSPIN,lspin_tf,linear,0.014,0.025,0,1,0.8197856666420746,0.7779261169514553
L-LSPIN,lspin_tf,linear,0.014,0.025,0,2,0.984163758892578,0.9573827762648414
L-LSPIN,lspin_tf,linear,0.014,0.025,0,3,0.844133129396519,0.793790238499659
L-LSPIN,lspin_tf,linear,0.014,0.025,0,4,0.934759629627958,0.8878785040309534
L-LSPIN,lspin_tf,linear,0.014,0.025,1,2,0.8148077337814005,0.7774070509166875
L-LSPIN,lspin_tf,linear,0.014,0.025,1,3,0.9004823340190784,0.8120812348108724
L-LSPIN,lspin_tf,linear,0.014,0.025,1,4,0.7773647829477185,0.7572913775295498
L-LSPIN,lspin_tf,linear,0.014,0.025,2,3,0.8317845303113673,0.7814736815134906
L-LSPIN,lspin_tf,linear,0.014,0.025,2,4,0.9497699722061288,0.9095759751454948
L-LSPIN,lspin_tf,linear,0.014,0.025,3,4,0.792144857049846,0.7579634277914724
L-LSPIN,lspin_tf,linear,0.021,0.025,0,1,0.841597758471747,0.7698688173137376
L-LSPIN,lspin_tf,linear,0.021,0.025,0,2,0.8463871165583383,0.7852628149767761
L-LSPIN,lspin_tf,linear,0.021,0.025,0,3,0.7921296952342978,0.7361001868504233
L-LSPIN,lspin_tf,linear,0.021,0.025,0,4,0.7731208844595882,0.7278389587038094
L-LSPIN,lspin_tf,linear,0.021,0.025,1,2,0.985809209426435,0.975657639913968
L-LSPIN,lspin_tf,linear,0.021,0.025,1,3,0.8182705287296501,0.7794842741518531
L-LSPIN,lspin_tf,linear,0.021,0.025,1,4,0.7775742377043292,0.766539567016779
L-LSPIN,lspin_tf,linear,0.021,0.025,2,3,0.8216112578408382,0.7797319999938196
L-LSPIN,lspin_tf,linear,0.021,0.025,2,4,0.7799280765876554,0.7592598075908175
L-LSPIN,lspin_tf,linear,0.021,0.025,3,4,0.9349846206813672,0.8880639606483415
L-LSPIN,lspin_tf,linear,0.028,0.025,0,1,0.670041537376726,0.6980389254343631
L-LSPIN,lspin_tf,linear,0.028,0.025,0,2,0.8748258678126655,0.8105802575961613
L-LSPIN,lspin_tf,linear,0.028,0.025,0,3,0.8070958056095471,0.7386378209274977
L-LSPIN,lspin_tf,linear,0.028,0.025,0,4,0.833384844398356,0.7497533118603201
L-LSPIN,lspin_tf,linear,0.028,0.025,1,2,0.7703656563435389,0.7678320110826766
L-LSPIN,lspin_tf,linear,0.028,0.025,1,3,0.5571787042918119,0.6584928337336894
L-LSPIN,lspin_tf,linear,0.028,0.025,1,4,0.5833720351053989,0.683160375276937
L-LSPIN,lspin_tf,linear,0.028,0.025,2,3,0.7658767635203731,0.7514076519276867
L-LSPIN,lspin_tf,linear,0.028,0.025,2,4,0.7742205689017814,0.7582461599259251
L-LSPIN,lspin_tf,linear,0.028,0.025,3,4,0.9124189172199396,0.8471272589420138
L-LSPIN,lspin_tf,linear,0.0035,0.05,0,1,0.9576449488395418,0.9368694639843635
L-LSPIN,lspin_tf,linear,0.0035,0.05,0,2,0.982254644827518,0.9586064664658552
L-LSPIN,lspin_tf,linear,0.0035,0.05,0,3,0.982254644827518,0.9586064664658552
L-LSPIN,lspin_tf,linear,0.0035,0.05,0,4,0.9510955523915108,0.9165739187158172
L-LSPIN,lspin_tf,linear,0.0035,0.05,1,2,0.94041743385063,0.9055471560597212
L-LSPIN,lspin_tf,linear,0.0035,0.05,1,3,0.94041743385063,0.9055471560597212
L-LSPIN,lspin_tf,linear,0.0035,0.05,1,4,0.9934516613568218,0.979576133873546
L-LSPIN,lspin_tf,linear,0.0035,0.05,2,3,1.0,1.0
L-LSPIN,lspin_tf,linear,0.0035,0.05,2,4,0.933992685415695,0.8910044376968389
L-LSPIN,lspin_tf,linear,0.0035,0.05,3,4,0.933992685415695,0.8910044376968389
L-LSPIN,lspin_tf,linear,0.00525,0.05,0,1,1.0,1.0
L-LSPIN,lspin_tf,linear,0.00525,0.05,0,2,0.9860928656148804,0.976231450254346
L-LSPIN,lspin_tf,linear,0.00525,0.05,0,3,0.9407134035485762,0.905911447978616
L-LSPIN,lspin_tf,linear,0.00525,0.05,0,4,0.9891861490523284,0.978370668051143
L-LSPIN,lspin_tf,linear,0.00525,0.05,1,2,0.9860928656148804,0.976231450254346
L-LSPIN,lspin_tf,linear,0.00525,0.05,1,3,0.9407134035485762,0.9059114479786158
L-LSPIN,lspin_tf,linear,0.00525,0.05,1,4,0.9891861490523284,0.9783706680511433
L-LSPIN,lspin_tf,linear,0.00525,0.05,2,3,0.927323668867261,0.8827372685541666
L-LSPIN,lspin_tf,linear,0.00525,0.05,2,4,0.9753825750939612,0.9547380421322949
L-LSPIN,lspin_tf,linear,0.00525,0.05,3,4,0.9508962615256134,0.917139550096404
L-LSPIN,lspin_tf,linear,0.007,0.05,0,1,0.982691994324196,0.9580858170738804
L-LSPIN,lspin_tf,linear,0.007,0.05,0,2,0.9753227111773166,0.9547234590907
L-LSPIN,lspin_tf,linear,0.007,0.05,0,3,0.9753227111773166,0.9547234590907
L-LSPIN,lspin_tf,linear,0.007,0.05,0,4,0.982691994324196,0.9580858170738804
L-LSPIN,lspin_tf,linear,0.007,0.05,1,2,0.979505559736198,0.9560668426527484
L-LSPIN,lspin_tf,linear,0.007,0.05,1,3,0.979505559736198,0.9560668426527484
L-LSPIN,lspin_tf,linear,0.007,0.05,1,4,1.0,1.0
L-LSPIN,lspin_tf,linear,0.007,0.05,2,3,1.0,1.0
L-LSPIN,lspin_tf,linear,0.007,0.05,2,4,0.979505559736198,0.9560668426527484
L-LSPIN,lspin_tf,linear,0.007,0.05,3,4,0.979505559736198,0.9560668426527484
L-LSPIN,lspin_tf,linear,0.00875,0.05,0,1,0.8952718289115642,0.8257833726562931
L-LSPIN,lspin_tf,linear,0.00875,0.05,0,2,0.8879778961987733,0.8246391932523596
L-LSPIN,lspin_tf,linear,0.00875,0.05,0,3,0.8976502814529871,0.8344930426129813
L-LSPIN,lspin_tf,linear,0.00875,0.05,0,4,0.9577455078326708,0.9205389578982578
L-LSPIN,lspin_tf,linear,0.00875,0.05,1,2,0.9717967835855456,0.9570077634957366
L-LSPIN,lspin_tf,linear,0.00875,0.05,1,3,0.9792239458707024,0.95512379391319
L-LSPIN,lspin_tf,linear,0.00875,0.05,1,4,0.9235532335367506,0.8636364042549325
L-LSPIN,lspin_tf,linear,0.00875,0.05,2,3,0.9793621499873232,0.955079292736044
L-LSPIN,lspin_tf,linear,0.00875,0.05,2,4,0.9154959985082292,0.857616375340349
L-LSPIN,lspin_tf,linear,0.00875,0.05,3,4,0.9254407478107104,0.8689272854382342
L-LSPIN,lspin_tf,linear,0.0105,0.05,0,1,0.9025972475050956,0.840612809101733
L-LSPIN,lspin_tf,linear,0.0105,0.05,0,2,0.9025972475050956,0.840612809101733
L-LSPIN,lspin_tf,linear,0.0105,0.05,0,3,0.960763127430558,0.9296178946657092
L-LSPIN,lspin_tf,linear,0.0105,0.05,0,4,0.8987595290271585,0.8386272940990336
L-LSPIN,lspin_tf,linear,0.0105,0.05,1,2,0.97177345544976,0.9512231409765802
L-LSPIN,lspin_tf,linear,0.0105,0.05,1,3,0.9222962085572228,0.8572317845805365
L-LSPIN,lspin_tf,linear,0.0105,0.05,1,4,0.9858319222564532,0.9755690697552388
L-LSPIN,lspin_tf,linear,0.0105,0.05,2,3,0.9402933308319192,0.8854813968058921
L-LSPIN,lspin_tf,linear,0.0105,0.05,2,4,0.9858319222564532,0.9755690697552388
L-LSPIN,lspin_tf,linear,0.0105,0.05,3,4,0.9361931894935764,0.8809097978011848
L-LSPIN,lspin_tf,linear,0.014,0.05,0,1,0.984104588217676,0.9570676075983372
L-LSPIN,lspin_tf,linear,0.014,0.05,0,2,0.9930390374533248,0.9788615645155572
L-LSPIN,lspin_tf,linear,0.014,0.05,0,3,0.8385638521640115,0.8019738866938171
L-LSPIN,lspin_tf,linear,0.014,0.05,0,4,0.990999723195222,0.978194480131476
L-LSPIN,lspin_tf,linear,0.014,0.05,1,2,0.9910646507622274,0.978222404229967
L-LSPIN,lspin_tf,linear,0.014,0.05,1,3,0.8445511150108211,0.8197183478693202
L-LSPIN,lspin_tf,linear,0.014,0.05,1,4,0.9931041328021264,0.978869976455167
L-LSPIN,lspin_tf,linear,0.014,0.05,2,3,0.8353487260889859,0.801294506450067
L-LSPIN,lspin_tf,linear,0.014,0.05,2,4,0.984163758892578,0.9573827762648414
L-LSPIN,lspin_tf,linear,0.014,0.05,3,4,0.8478299369128771,0.8206224325994581
L-LSPIN,lspin_tf,linear,0.021,0.05,0,1,0.8447852749512657,0.8044795587194251
L-LSPIN,lspin_tf,linear,0.021,0.05,0,2,0.960380113855261,0.9239384627399888
L-LSPIN,lspin_tf,linear,0.021,0.05,0,3,0.9668246536041704,0.9304856869887562
L-LSPIN,lspin_tf,linear,0.021,0.05,0,4,0.8304170383532059,0.793977064879571
L-LSPIN,lspin_tf,linear,0.021,0.05,1,2,0.8259581528964737,0.7832785940858453
L-LSPIN,lspin_tf,linear,0.021,0.05,1,3,0.8214492319095825,0.7678535772534615
L-LSPIN,lspin_tf,linear,0.021,0.05,1,4,0.9081306144100132,0.8512302623979144
L-LSPIN,lspin_tf,linear,0.021,0.05,2,3,0.9278090680645038,0.8711686621496031
L-LSPIN,lspin_tf,linear,0.021,0.05,2,4,0.8428205759475995,0.7796173519399989
L-LSPIN,lspin_tf,linear,0.021,0.05,3,4,0.8011364650710139,0.7692989222945619
L-LSPIN,lspin_tf,linear,0.028,0.05,0,1,0.9514648108103928,0.9023508228609036
L-LSPIN,lspin_tf,linear,0.028,0.05,0,2,0.8467865731598827,0.8184405167262618
L-LSPIN,lspin_tf,linear,0.028,0.05,0,3,0.9841752966921964,0.9570864989492318
L-LSPIN,lspin_tf,linear,0.028,0.05,0,4,0.9841752966921964,0.9570864989492318
L-LSPIN,lspin_tf,linear,0.028,0.05,1,2,0.8188620875085726,0.7785578576521395
L-LSPIN,lspin_tf,linear,0.028,0.05,1,3,0.9666685007904956,0.9321477511605192
L-LSPIN,lspin_tf,linear,0.028,0.05,1,4,0.9666685007904956,0.9321477511605192
L-LSPIN,lspin_tf,linear,0.028,0.05,2,3,0.834240255312167,0.7953583492359776
L-LSPIN,lspin_tf,linear,0.028,0.05,2,4,0.834240255312167,0.7953583492359776
L-LSPIN,lspin_tf,linear,0.028,0.05,3,4,1.0,1.0
L-LSPIN,lspin_tf,linear,0.0035,0.1,0,1,0.937099521552028,0.9155802104363688
L-LSPIN,lspin_tf,linear,0.0035,0.1,0,2,0.94041743385063,0.9055471560597214
L-LSPIN,lspin_tf,linear,0.0035,0.1,0,3,0.94041743385063,0.9055471560597214
L-LSPIN,lspin_tf,linear,0.0035,0.1,0,4,0.9473189873607252,0.9258038231044252
L-LSPIN,lspin_tf,linear,0.0035,0.1,1,2,0.982217519522226,0.9588068182033472
L-LSPIN,lspin_tf,linear,0.0035,0.1,1,3,0.982217519522226,0.9588068182033472
L-LSPIN,lspin_tf,linear,0.0035,0.1,1,4,0.9891514369962938,0.9787746913109218
L-LSPIN,lspin_tf,linear,0.0035,0.1,2,3,1.0,1.0
L-LSPIN,lspin_tf,linear,0.0035,0.1,2,4,0.993078140514175,0.9799352512161912
L-LSPIN,lspin_tf,linear,0.0035,0.1,3,4,0.993078140514175,0.9799352512161912
L-LSPIN,lspin_tf,linear,0.00525,0.1,0,1,0.9576449488395418,0.9368694639843635
L-LSPIN,lspin_tf,linear,0.00525,0.1,0,2,0.9786136217030008,0.9625648082920012
L-LSPIN,lspin_tf,linear,0.00525,0.1,0,3,0.9892731382850686,0.9782585843216988
L-LSPIN,lspin_tf,linear,0.00525,0.1,0,4,0.9508127447734848,0.9165978580076932
L-LSPIN,lspin_tf,linear,0.00525,0.1,1,2,0.9785343048969498,0.9628376081202634
L-LSPIN,lspin_tf,linear,0.00525,0.1,1,3,0.9474166415558312,0.9255876824902844
L-LSPIN,lspin_tf,linear,0.00525,0.1,1,4,0.9931533191038248,0.979875634787992
L-LSPIN,lspin_tf,linear,0.00525,0.1,2,3,0.96813338733995,0.9488235978170676
L-LSPIN,lspin_tf,linear,0.00525,0.1,2,4,0.971693634932922,0.9426538485093064
L-LSPIN,lspin_tf,linear,0.00525,0.1,3,4,0.940589590620016,0.9052658519050052
L-LSPIN,lspin_tf,linear,0.007,0.1,0,1,0.9475598394102962,0.9056710797169544
L-LSPIN,lspin_tf,linear,0.007,0.1,0,2,0.943873635411751,0.9135816211312368
L-LSPIN,lspin_tf,linear,0.007,0.1,0,3,0.9271062629967426,0.8818909972975554
L-LSPIN,lspin_tf,linear,0.007,0.1,0,4,0.9891031484068808,0.9787100041769288
L-LSPIN,lspin_tf,linear,0.007,0.1,1,2,0.9826745758684132,0.95818039619657
L-LSPIN,lspin_tf,linear,0.007,0.1,1,3,0.9787515861424856,0.9625470137246348
L-LSPIN,lspin_tf,linear,0.007,0.1,1,4,0.9371397824230598,0.8936966572901585
L-LSPIN,lspin_tf,linear,0.007,0.1,2,3,0.9827055462052952,0.9579482008210825
L-LSPIN,lspin_tf,linear,0.007,0.1,2,4,0.9335804183746024,0.902605922851208
L-LSPIN,lspin_tf,linear,0.007,0.1,3,4,0.9169428255599704,0.8717805365947333
L-LSPIN,lspin_tf,linear,0.00875,0.1,0,1,0.9868759823269332,0.9651039610361414
L-LSPIN,lspin_tf,linear,0.00875,0.1,0,2,0.9794967207060632,0.955649195652362
L-LSPIN,lspin_tf,linear,0.00875,0.1,0,3,0.9933796639067608,0.979644421984864
L-LSPIN,lspin_tf,linear,0.00875,0.1,0,4,0.9441594161035608,0.9023227238865305
L-LSPIN,lspin_tf,linear,0.00875,0.1,1,2,0.9762043479359044,0.9434018058132184
L-LSPIN,lspin_tf,linear,0.00875,0.1,1,3,0.9933745695931896,0.979685331632778
L-LSPIN,lspin_tf,linear,0.00875,0.1,1,4,0.95728581670756,0.9370468611991846
L-LSPIN,lspin_tf,linear,0.00875,0.1,2,3,0.9827055462052952,0.9579482008210825
L-LSPIN,lspin_tf,linear,0.00875,0.1,2,4,0.933992685415695,0.8910044376968388
L-LSPIN,lspin_tf,linear,0.00875,0.1,3,4,0.9506579967539516,0.9168568866305592
L-LSPIN,lspin_tf,linear,0.0105,0.1,0,1,0.9859427093069898,0.9758244599804682
L-LSPIN,lspin_tf,linear,0.0105,0.1,0,2,0.979469993304088,0.955364769272444
L-LSPIN,lspin_tf,linear,0.0105,0.1,0,3,0.9591932241527926,0.9152226769401888
L-LSPIN,lspin_tf,linear,0.0105,0.1,0,4,0.9699039816437536,0.930964035538938
L-LSPIN,lspin_tf,linear,0.0105,0.1,1,2,0.9655263199740586,0.9371275462220628
L-LSPIN,lspin_tf,linear,0.0105,0.1,1,3,0.9634246035051438,0.9201417164612148
L-LSPIN,lspin_tf,linear,0.0105,0.1,1,4,0.9742598960424436,0.9416834447662676
L-LSPIN,lspin_tf,linear,0.0105,0.1,2,3,0.9614440386621702,0.928467795304294
L-LSPIN,lspin_tf,linear,0.0105,0.1,2,4,0.9720304455687794,0.9420451491961008
L-LSPIN,lspin_tf,linear,0.0105,0.1,3,4,0.9891666036602486,0.9784589811222298
L-LSPIN,lspin_tf,linear,0.014,0.1,0,1,0.9699622644618284,0.9232580083743964
L-LSPIN,lspin_tf,linear,0.014,0.1,0,2,0.7984194734235638,0.7925940764104776
L-LSPIN,lspin_tf,linear,0.014,0.1,0,3,0.9859926029161848,0.9759659952278196
L-LSPIN,lspin_tf,linear,0.014,0.1,0,4,0.9720942455410504,0.9578069005936066
L-LSPIN,lspin_tf,linear,0.014,0.1,1,2,0.8015110035040667,0.7816712871792275
L-LSPIN,lspin_tf,linear,0.014,0.1,1,3,0.974257967486678,0.9325887044443444
L-LSPIN,lspin_tf,linear,0.014,0.1,1,4,0.9602143049370104,0.9087914038350088
L-LSPIN,lspin_tf,linear,0.014,0.1,2,3,0.8015712815549246,0.7806704502649999
L-LSPIN,lspin_tf,linear,0.014,0.1,2,4,0.8048457671424177,0.7755869148586314
L-LSPIN,lspin_tf,linear,0.014,0.1,3,4,0.9859796680562034,0.9760138369657791
L-LSPIN,lspin_tf,linear,0.021,0.1,0,1,0.9576350583522394,0.9113773907288948
L-LSPIN,lspin_tf,linear,0.021,0.1,0,2,0.8110785015048945,0.7727516642341972
L-LSPIN,lspin_tf,linear,0.021,0.1,0,3,0.9773193024519596,0.9365350712766604
L-LSPIN,lspin_tf,linear,0.021,0.1,0,4,0.97945194571584,0.9520983068497386
L-LSPIN,lspin_tf,linear,0.021,0.1,1,2,0.8019081131025235,0.7505818152136008
L-LSPIN,lspin_tf,linear,0.021,0.1,1,3,0.9487715877014284,0.8900222209460128
L-LSPIN,lspin_tf,linear,0.021,0.1,1,4,0.977075894634077,0.9429002257045502
L-LSPIN,lspin_tf,linear,0.021,0.1,2,3,0.8196647929381171,0.7796542536979572
L-LSPIN,lspin_tf,linear,0.021,0.1,2,4,0.799865623024555,0.7527778156846217
L-LSPIN,lspin_tf,linear,0.021,0.1,3,4,0.9704562785430536,0.9303321549925856
L-LSPIN,lspin_tf,linear,0.028,0.1,0,1,0.82959646201813,0.7732385498510468
L-LSPIN,lspin_tf,linear,0.028,0.1,0,2,0.8176762163873347,0.7674982478461558
L-LSPIN,lspin_tf,linear,0.028,0.1,0,3,0.8271734632142623,0.7950956636710692
L-LSPIN,lspin_tf,linear,0.028,0.1,0,4,0.9251273628093032,0.8737333360782382
L-LSPIN,lspin_tf,linear,0.028,0.1,1,2,0.9840945311293934,0.9573239966610332
L-LSPIN,lspin_tf,linear,0.028,0.1,1,3,0.9796738741459176,0.9526286467420676
L-LSPIN,lspin_tf,linear,0.028,0.1,1,4,0.8309273181160041,0.7914082657896656
L-LSPIN,lspin_tf,linear,0.028,0.1,2,3,0.977333925603018,0.9427018792153044
L-LSPIN,lspin_tf,linear,0.028,0.1,2,4,0.8251602517755854,0.7824923198047132
L-LSPIN,lspin_tf,linear,0.028,0.1,3,4,0.8412192922574167,0.8044783212448424
L-LSPIN,lspin_tf,linear,0.0035,0.0,0,1,0.940886916639916,0.8916393792873407
L-LSPIN,lspin_tf,linear,0.0035,0.0,0,2,0.9565557947334028,0.8975610001671238
L-LSPIN,lspin_tf,linear,0.0035,0.0,0,3,0.954660619816814,0.9094859126954524
L-LSPIN,lspin_tf,linear,0.0035,0.0,0,4,0.934789807067714,0.8720761602201098
L-LSPIN,lspin_tf,linear,0.0035,0.0,1,2,0.9449563601552406,0.8857973396896929
L-LSPIN,lspin_tf,linear,0.0035,0.0,1,3,0.9384727072314488,0.87092114664164
L-LSPIN,lspin_tf,linear,0.0035,0.0,1,4,0.9793393728765962,0.94589236619816
L-LSPIN,lspin_tf,linear,0.0035,0.0,2,3,0.9583843859800556,0.9088629812049422
L-LSPIN,lspin_tf,linear,0.0035,0.0,2,4,0.9645840344202647,0.928611115301901
L-LSPIN,lspin_tf,linear,0.0035,0.0,3,4,0.944880561651783,0.8806588295070974
L-LSPIN,lspin_tf,linear,0.00525,0.0,0,1,0.7373444805017828,0.6935861728620102
L-LSPIN,lspin_tf,linear,0.00525,0.0,0,2,0.6962468964399076,0.6698816375842725
L-LSPIN,lspin_tf,linear,0.00525,0.0,0,3,0.5162229298615805,0.6471515932009954
L-LSPIN,lspin_tf,linear,0.00525,0.0,0,4,0.5296977380009478,0.6694643585601839
L-LSPIN,lspin_tf,linear,0.00525,0.0,1,2,0.8330770487723602,0.8006145127780749
L-LSPIN,lspin_tf,linear,0.00525,0.0,1,3,0.5257086363049381,0.6649327787238524
L-LSPIN,lspin_tf,linear,0.00525,0.0,1,4,0.5391939579578932,0.6873400608634409
L-LSPIN,lspin_tf,linear,0.00525,0.0,2,3,0.5879762654967605,0.6833840535600381
L-LSPIN,lspin_tf,linear,0.00525,0.0,2,4,0.6015135705455662,0.7063899072585829
L-LSPIN,lspin_tf,linear,0.00525,0.0,3,4,0.9823361054592886,0.958580807404036
L-LSPIN,lspin_tf,linear,0.007,0.0,0,1,0.9864349377287028,0.9653761743689034
L-LSPIN,lspin_tf,linear,0.007,0.0,0,2,0.9931475855101408,0.9799118781744536
L-LSPIN,lspin_tf,linear,0.007,0.0,0,3,0.9649781560844398,0.9288125985630896
L-LSPIN,lspin_tf,linear,0.007,0.0,0,4,0.9688273975879768,0.9243885374441052
L-LSPIN,lspin_tf,linear,0.007,0.0,1,2,0.9798277947934658,0.953061673323529
L-LSPIN,lspin_tf,linear,0.007,0.0,1,3,0.9650103352025974,0.9230621199988138
L-LSPIN,lspin_tf,linear,0.007,0.0,1,4,0.956007330259253,0.9011754131187516
L-LSPIN,lspin_tf,linear,0.007,0.0,2,3,0.9583476594447664,0.9166375861688064
L-LSPIN,lspin_tf,linear,0.007,0.0,2,4,0.97543089464884,0.9387857736584818
L-LSPIN,lspin_tf,linear,0.007,0.0,3,4,0.947573672439763,0.8956725984522704
L-LSPIN,lspin_tf,linear,0.00875,0.0,0,1,0.935235205342936,0.8717804687560172
L-LSPIN,lspin_tf,linear,0.00875,0.0,0,2,0.9299050036000032,0.8581643886953062
L-LSPIN,lspin_tf,linear,0.00875,0.0,0,3,0.923047829154402,0.8604378669534563
L-LSPIN,lspin_tf,linear,0.00875,0.0,0,4,0.911891079700004,0.8237910589961711
L-LSPIN,lspin_tf,linear,0.00875,0.0,1,2,0.9355085449654144,0.8826938631775079
L-LSPIN,lspin_tf,linear,0.00875,0.0,1,3,0.9493230053738928,0.9066343124398114
L-LSPIN,lspin_tf,linear,0.00875,0.0,1,4,0.9355085449654144,0.8826938631775079
L-LSPIN,lspin_tf,linear,0.00875,0.0,2,3,0.9235634632638006,0.8480869761255199
L-LSPIN,lspin_tf,linear,0.00875,0.0,2,4,0.9786872085285276,0.9576398460212276
L-LSPIN,lspin_tf,linear,0.00875,0.0,3,4,0.9235634632638006,0.8480869761255199
L-LSPIN,lspin_tf,linear,0.0105,0.0,0,1,0.9606882237633222,0.9294316867278004
L-LSPIN,lspin_tf,linear,0.0105,0.0,0,2,0.9540360718285218,0.9149535688074706
L-LSPIN,lspin_tf,linear,0.0105,0.0,0,3,0.9348593250620332,0.8815918290771128
L-LSPIN,lspin_tf,linear,0.0105,0.0,0,4,0.6275086994815959,0.6778286079158092
L-LSPIN,lspin_tf,linear,0.0105,0.0,1,2,0.9586956457072392,0.9027551497543468
L-LSPIN,lspin_tf,linear,0.0105,0.0,1,3,0.9736787442854806,0.9418990050587096
L-LSPIN,lspin_tf,linear,0.0105,0.0,1,4,0.621784365967924,0.6982428383731034
L-LSPIN,lspin_tf,linear,0.0105,0.0,2,3,0.9590103559486248,0.9102094676177284
L-LSPIN,lspin_tf,linear,0.0105,0.0,2,4,0.6251596001399039,0.6996898587302754
L-LSPIN,lspin_tf,linear,0.0105,0.0,3,4,0.6360530059429585,0.7044778630554113
L-LSPIN,lspin_tf,linear,0.014,0.0,0,1,0.9607795236302586,0.923025903152916
L-LSPIN,lspin_tf,linear,0.014,0.0,0,2,0.9625811904090265,0.9119688245015096
L-LSPIN,lspin_tf,linear,0.014,0.0,0,3,0.9821630957549208,0.9587637952323796
L-LSPIN,lspin_tf,linear,0.014,0.0,0,4,0.9583274231212412,0.9084670764075388
L-LSPIN,lspin_tf,linear,0.014,0.0,1,2,0.9630402481969852,0.920822438754122
L-LSPIN,lspin_tf,linear,0.014,0.0,1,3,0.943704372658628,0.8821971714558685
L-LSPIN,lspin_tf,linear,0.014,0.0,1,4,0.9466025739738894,0.8955394409978085
L-LSPIN,lspin_tf,linear,0.014,0.0,2,3,0.9454916252610556,0.8823441366076731
L-LSPIN,lspin_tf,linear,0.014,0.0,2,4,0.9824316978679002,0.9584386826345924
L-LSPIN,lspin_tf,linear,0.014,0.0,3,4,0.9413694218658276,0.8809386787530733
L-LSPIN,lspin_tf,linear,0.021,0.0,0,1,0.9110108418522224,0.8317951508450181
L-LSPIN,lspin_tf,linear,0.021,0.0,0,2,0.9140784747396886,0.8451484059519179
L-LSPIN,lspin_tf,linear,0.021,0.0,0,3,0.8371494620687894,0.7766145386961548
L-LSPIN,lspin_tf,linear,0.021,0.0,0,4,0.9134768488479909,0.8459872982287182
L-LSPIN,lspin_tf,linear,0.021,0.0,1,2,0.9784359342832616,0.9627168988162196
L-LSPIN,lspin_tf,linear,0.021,0.0,1,3,0.8229117904088212,0.783400578269309
L-LSPIN,lspin_tf,linear,0.021,0.0,1,4,0.9315559803787782,0.8947498599730981
L-LSPIN,lspin_tf,linear,0.021,0.0,2,3,0.8094189223300972,0.7795834752888992
L-LSPIN,lspin_tf,linear,0.021,0.0,2,4,0.914259044483756,0.8741647604092745
L-LSPIN,lspin_tf,linear,0.021,0.0,3,4,0.820432828159646,0.752514742768546
L-LSPIN,lspin_tf,linear,0.028,0.0,0,1,0.8248215835917905,0.7723255527449496
L-LSPIN,lspin_tf,linear,0.028,0.0,0,2,0.9846151580315602,0.9680305485088048
L-LSPIN,lspin_tf,linear,0.028,0.0,0,3,0.9259734560790926,0.8891881078250938
L-LSPIN,lspin_tf,linear,0.028,0.0,0,4,0.684695238848055,0.7525021260352059
L-LSPIN,lspin_tf,linear,0.028,0.0,1,2,0.8298654522192938,0.7933138533137121
L-LSPIN,lspin_tf,linear,0.028,0.0,1,3,0.7836263709054545,0.7358998779928567
L-LSPIN,lspin_tf,linear,0.028,0.0,1,4,0.5252013586488439,0.6531392901463005
L-LSPIN,lspin_tf,linear,0.028,0.0,2,3,0.9274640486600828,0.8759447297619576
L-LSPIN,lspin_tf,linear,0.028,0.0,2,4,0.6998673234670088,0.7782883506295045
L-LSPIN,lspin_tf,linear,0.028,0.0,3,4,0.6801734466163262,0.7117125324242087
L-LSPIN,lspin_tf,linear,0.0035,0.025,0,1,0.95728581670756,0.9370468611991848
L-LSPIN,lspin_tf,linear,0.0035,0.025,0,2,0.9826317825039314,0.9580108589225432
L-LSPIN,lspin_tf,linear,0.0035,0.025,0,3,0.9508962615256134,0.917139550096404
L-LSPIN,lspin_tf,linear,0.0035,0.025,0,4,0.9720304455687794,0.9420451491961008
L-LSPIN,lspin_tf,linear,0.0035,0.025,1,2,0.94041743385063,0.9055471560597214
L-LSPIN,lspin_tf,linear,0.0035,0.025,1,3,0.993078140514175,0.9799352512161912
L-LSPIN,lspin_tf,linear,0.0035,0.025,1,4,0.9303228424625246,0.895043105324774
L-LSPIN,lspin_tf,linear,0.0035,0.025,2,3,0.9473189873607252,0.9258038231044252
L-LSPIN,lspin_tf,linear,0.0035,0.025,2,4,0.9892731382850686,0.9782585843216988
L-LSPIN,lspin_tf,linear,0.0035,0.025,3,4,0.9372185128504872,0.9153520028070008
L-LSPIN,lspin_tf,linear,0.00525,0.025,0,1,0.9214929350685664,0.8681520607707948
L-LSPIN,lspin_tf,linear,0.00525,0.025,0,2,0.9929322485405616,0.9800141736447668
L-LSPIN,lspin_tf,linear,0.00525,0.025,0,3,0.9750106922686548,0.9445901044784144
L-LSPIN,lspin_tf,linear,0.00525,0.025,0,4,0.9859812166719544,0.965626142007825
L-LSPIN,lspin_tf,linear,0.00525,0.025,1,2,0.91494368483461,0.8582100607937194
L-LSPIN,lspin_tf,linear,0.00525,0.025,1,3,0.8981931927364746,0.83894151660181
L-LSPIN,lspin_tf,linear,0.00525,0.025,1,4,0.9085134604626726,0.8490856044981339
L-LSPIN,lspin_tf,linear,0.00525,0.025,2,3,0.9819568818410384,0.9590097107175664
L-LSPIN,lspin_tf,linear,0.00525,0.025,2,4,0.992925741818804,0.9800488663206802
L-LSPIN,lspin_tf,linear,0.00525,0.025,3,4,0.9890334335450864,0.9789409979372168
L-LSPIN,lspin_tf,linear,0.007,0.025,0,1,0.9265108998457604,0.8698228578297069
L-LSPIN,lspin_tf,linear,0.007,0.025,0,2,0.7974734946086807,0.7436238410827622
L-LSPIN,lspin_tf,linear,0.007,0.025,0,3,0.9313137297182028,0.878056561708188
L-LSPIN,lspin_tf,linear,0.007,0.025,0,4,0.9313137297182028,0.878056561708188
L-LSPIN,lspin_tf,linear,0.007,0.025,1,2,0.8030374345210523,0.7634715583449095
L-LSPIN,lspin_tf,linear,0.007,0.025,1,3,0.9820410068033354,0.9589832958267211
L-LSPIN,lspin_tf,linear,0.007,0.025,1,4,0.9820410068033354,0.9589832958267211
L-LSPIN,lspin_tf,linear,0.007,0.025,2,3,0.793033529437451,0.7569511680472187
L-LSPIN,lspin_tf,linear,0.007,0.025,2,4,0.793033529437451,0.7569511680472187
L-LSPIN,lspin_tf,linear,0.007,0.025,3,4,1.0,1.0
L-LSPIN,lspin_tf,linear,0.00875,0.025,0,1,0.9579167724905648,0.9168983962587663
L-LSPIN,lspin_tf,linear,0.00875,0.025,0,2,0.8551018801300545,0.8256979379145092
L-LSPIN,lspin_tf,linear,0.00875,0.025,0,3,0.8551018801300545,0.8256979379145092
L-LSPIN,lspin_tf,linear,0.00875,0.025,0,4,0.8423865587469954,0.805991866080837
L-LSPIN,lspin_tf,linear,0.00875,0.025,1,2,0.8301167691425666,0.7914788426610022
L-LSPIN,lspin_tf,linear,0.00875,0.025,1,3,0.8301167691425666,0.7914788426610022
L-LSPIN,lspin_tf,linear,0.00875,0.025,1,4,0.818242195057016,0.7819633813850482
L-LSPIN,lspin_tf,linear,0.00875,0.025,2,3,1.0,1.0
L-LSPIN,lspin_tf,linear,0.00875,0.025,2,4,0.984163758892578,0.9573827762648414
L-LSPIN,lspin_tf,linear,0.00875,0.025,3,4,0.984163758892578,0.9573827762648414
L-LSPIN,lspin_tf,linear,0.0105,0.025,0,1,0.926955717146318,0.8696977113136555
L-LSPIN,lspin_tf,linear,0.0105,0.025,0,2,0.7676416454701867,0.7383732391159789
L-LSPIN,lspin_tf,linear,0.0105,0.025,0,3,0.8223909214591038,0.7808863255819934
L-LSPIN,lspin_tf,linear,0.0105,0.025,0,4,0.9028195628427264,0.8403437481698238
L-LSPIN,lspin_tf,linear,0.0105,0.025,1,2,0.7702449185836315,0.7312871361417871
L-LSPIN,lspin_tf,linear,0.0105,0.025,1,3,0.8159336699931593,0.7575128497848036
L-LSPIN,lspin_tf,linear,0.0105,0.025,1,4,0.965192003118526,0.9384192144939384
L-LSPIN,lspin_tf,linear,0.0105,0.025,2,3,0.940918967124133,0.8998454827528817
L-LSPIN,lspin_tf,linear,0.0105,0.025,2,4,0.7562725473897983,0.7539584617720604
L-LSPIN,lspin_tf,linear,0.0105,0.025,3,4,0.7995123420315831,0.7698399698073713
L-LSPIN,lspin_tf,linear,0.014,0.025,0,1,0.8301969323742053,0.7917574136607389
L-LSPIN,lspin_tf,linear,0.014,0.025,0,2,0.8408112322497343,0.8057567256693071
L-LSPIN,lspin_tf,linear,0.014,0.025,0,3,1.0,1.0
L-LSPIN,lspin_tf,linear,0.014,0.025,0,4,0.961905520261926,0.910001516792844
L-LSPIN,lspin_tf,linear,0.014,0.025,1,2,0.9714576274480023,0.9430338959480146
L-LSPIN,lspin_tf,linear,0.014,0.025,1,3,0.8301969323742053,0.7917574136607389
L-LSPIN,lspin_tf,linear,0.014,0.025,1,4,0.8400817813799142,0.7911207290798958
L-LSPIN,lspin_tf,linear,0.014,0.025,2,3,0.8408112322497343,0.8057567256693071
L-LSPIN,lspin_tf,linear,0.014,0.025,2,4,0.8330488093322465,0.7750485377068566
L-LSPIN,lspin_tf,linear,0.014,0.025,3,4,0.961905520261926,0.9100015167928442
L-LSPIN,lspin_tf,linear,0.021,0.025,0,1,0.8305440314188473,0.795663904279228
L-LSPIN,lspin_tf,linear,0.021,0.025,0,2,0.8204042803361133,0.7908810060161109
L-LSPIN,lspin_tf,linear,0.021,0.025,0,3,0.8340486211634732,0.7979108880959825
L-LSPIN,lspin_tf,linear,0.021,0.025,0,4,0.9580618235594256,0.9184638357852722
L-LSPIN,lspin_tf,linear,0.021,0.025,1,2,0.969307465540686,0.9240381139858028
L-LSPIN,lspin_tf,linear,0.021,0.025,1,3,0.97986151240171,0.9452801171935008
L-LSPIN,lspin_tf,linear,0.021,0.025,1,4,0.7922196939691443,0.7498598792985968
L-LSPIN,lspin_tf,linear,0.021,0.025,2,3,0.9759078978686528,0.9440075373227594
L-LSPIN,lspin_tf,linear,0.021,0.025,2,4,0.7826675032775169,0.7485506900949874
L-LSPIN,lspin_tf,linear,0.021,0.025,3,4,0.7956502423767525,0.7518862628081564
L-LSPIN,lspin_tf,linear,0.028,0.025,0,1,0.8296489367067235,0.7949577536954836
L-LSPIN,lspin_tf,linear,0.028,0.025,0,2,0.9774515186154524,0.9433912959198965
L-LSPIN,lspin_tf,linear,0.028,0.025,0,3,0.7996489213064749,0.776609032205421
L-LSPIN,lspin_tf,linear,0.028,0.025,0,4,0.8090880429959043,0.7771828640212812
L-LSPIN,lspin_tf,linear,0.028,0.025,1,2,0.8300471571869293,0.7743313498217556
L-LSPIN,lspin_tf,linear,0.028,0.025,1,3,0.9435189079437056,0.89933555156078
L-LSPIN,lspin_tf,linear,0.028,0.025,1,4,0.9413605163245204,0.8742791051905161
L-LSPIN,lspin_tf,linear,0.028,0.025,2,3,0.8074821439741716,0.7634886491085005
L-LSPIN,lspin_tf,linear,0.028,0.025,2,4,0.8115129743538048,0.7734872365763827
L-LSPIN,lspin_tf,linear,0.028,0.025,3,4,0.947185909928461,0.8997165373502459
L-LSPIN,lspin_tf,linear,0.0035,0.05,0,1,0.9576449488395418,0.9368694639843635
L-LSPIN,lspin_tf,linear,0.0035,0.05,0,2,0.94041743385063,0.9055471560597212
L-LSPIN,lspin_tf,linear,0.0035,0.05,0,3,0.9576449488395418,0.9368694639843635
L-LSPIN,lspin_tf,linear,0.0035,0.05,0,4,0.9786136217030008,0.9625648082920012
L-LSPIN,lspin_tf,linear,0.0035,0.05,1,2,0.982254644827518,0.9586064664658552
L-LSPIN,lspin_tf,linear,0.0035,0.05,1,3,1.0,1.0
L-LSPIN,lspin_tf,linear,0.0035,0.05,1,4,0.9785343048969498,0.9628376081202634
L-LSPIN,lspin_tf,linear,0.0035,0.05,2,3,0.982254644827518,0.9586064664658552
L-LSPIN,lspin_tf,linear,0.0035,0.05,2,4,0.9610444525327488,0.9291745814003542
L-LSPIN,lspin_tf,linear,0.0035,0.05,3,4,0.9785343048969498,0.9628376081202634
L-LSPIN,lspin_tf,linear,0.00525,0.05,0,1,0.989254947990624,0.9783504252941811
L-LSPIN,lspin_tf,linear,0.00525,0.05,0,2,0.9576449488395418,0.9368694639843635
L-LSPIN,lspin_tf,linear,0.00525,0.05,0,3,0.94041743385063,0.9055471560597214
L-LSPIN,lspin_tf,linear,0.00525,0.05,0,4,1.0,1.0
L-LSPIN,lspin_tf,linear,0.00525,0.05,1,2,0.9680175319049632,0.949169933583635
L-LSPIN,lspin_tf,linear,0.00525,0.05,1,3,0.9506579967539516,0.9168568866305596
L-LSPIN,lspin_tf,linear,0.00525,0.05,1,4,0.989254947990624,0.978350425294181
L-LSPIN,lspin_tf,linear,0.00525,0.05,2,3,0.982254644827518,0.9586064664658552
L-LSPIN,lspin_tf,linear,0.00525,0.05,2,4,0.9576449488395418,0.9368694639843635
L-LSPIN,lspin_tf,linear,0.00525,0.05,3,4,0.94041743385063,0.9055471560597214
L-LSPIN,lspin_tf,linear,0.007,0.05,0,1,0.9656742322377702,0.927419683804944
L-LSPIN,lspin_tf,linear,0.007,0.05,0,2,0.9795307026138342,0.9553917127980044
L-LSPIN,lspin_tf,linear,0.007,0.05,0,3,0.9582711877210162,0.9181153716158398
L-LSPIN,lspin_tf,linear,0.007,0.05,0,4,0.9656479788476392,0.937181975293404
L-LSPIN,lspin_tf,linear,0.007,0.05,1,2,0.9762043479359044,0.9434018058132186
L-LSPIN,lspin_tf,linear,0.007,0.05,1,3,0.9794446418470494,0.956040084427602
L-LSPIN,lspin_tf,linear,0.007,0.05,1,4,0.9805043808519532,0.9526879368682392
L-LSPIN,lspin_tf,linear,0.007,0.05,2,3,0.968795186506393,0.934144815965664
L-LSPIN,lspin_tf,linear,0.007,0.05,2,4,0.9859926029161848,0.9759659952278196
L-LSPIN,lspin_tf,linear,0.007,0.05,3,4,0.9729703354153636,0.9412632863203778
L-LSPIN,lspin_tf,linear,0.00875,0.05,0,1,0.9302698053369232,0.9124262835087626
L-LSPIN,lspin_tf,linear,0.00875,0.05,0,2,0.9795537380867392,0.95264695572436
L-LSPIN,lspin_tf,linear,0.00875,0.05,0,3,0.8982218338375219,0.8455175150229458
L-LSPIN,lspin_tf,linear,0.00875,0.05,0,4,0.930206804373785,0.9021314227771468
L-LSPIN,lspin_tf,linear,0.00875,0.05,1,2,0.941112341255315,0.9068838742284246
L-LSPIN,lspin_tf,linear,0.00875,0.05,1,3,0.9681676603703888,0.9316749175975474
L-LSPIN,lspin_tf,linear,0.00875,0.05,1,4,0.971774206750299,0.9570861640662816
L-LSPIN,lspin_tf,linear,0.00875,0.05,2,3,0.9090300004853428,0.8405659761339187
L-LSPIN,lspin_tf,linear,0.00875,0.05,2,4,0.930844853638164,0.8762269894539468
L-LSPIN,lspin_tf,linear,0.00875,0.05,3,4,0.9398585157107264,0.8894324540653343
L-LSPIN,lspin_tf,linear,0.0105,0.05,0,1,0.9496852331438704,0.8963110626498837
L-LSPIN,lspin_tf,linear,0.0105,0.05,0,2,0.8217893076784942,0.7743835248287227
L-LSPIN,lspin_tf,linear,0.0105,0.05,0,3,0.9754591978576692,0.9540177387786398
L-LSPIN,lspin_tf,linear,0.0105,0.05,0,4,0.9187357710068244,0.8602935232818008
L-LSPIN,lspin_tf,linear,0.0105,0.05,1,2,0.7983503103020795,0.7788040545176388
L-LSPIN,lspin_tf,linear,0.0105,0.05,1,3,0.974300240296076,0.9415524110090095
L-LSPIN,lspin_tf,linear,0.0105,0.05,1,4,0.9303560392856092,0.8956486936917357
L-LSPIN,lspin_tf,linear,0.0105,0.05,2,3,0.8119564432162173,0.7868628562573237
L-LSPIN,lspin_tf,linear,0.0105,0.05,2,4,0.8423865587469954,0.8059918660808371
L-LSPIN,lspin_tf,linear,0.0105,0.05,3,4,0.9051827914251258,0.8477680492808065
L-LSPIN,lspin_tf,linear,0.014,0.05,0,1,0.9518104481964976,0.9040579612061546
L-LSPIN,lspin_tf,linear,0.014,0.05,0,2,0.8456250118816323,0.7732753597389509
L-LSPIN,lspin_tf,linear,0.014,0.05,0,3,0.8130088621230852,0.7591567608594851
L-LSPIN,lspin_tf,linear,0.014,0.05,0,4,0.8142318057137358,0.7731971640918587
L-LSPIN,lspin_tf,linear,0.014,0.05,1,2,0.8552611223462664,0.8270779756720467
L-LSPIN,lspin_tf,linear,0.014,0.05,1,3,0.8278543543310105,0.7975284500663339
L-LSPIN,lspin_tf,linear,0.014,0.05,1,4,0.8415011199280582,0.8139095873880381
L-LSPIN,lspin_tf,linear,0.014,0.05,2,3,0.8996744031222854,0.8386206468231974
L-LSPIN,lspin_tf,linear,0.014,0.05,2,4,0.9352526161276576,0.8924393081968796
L-LSPIN,lspin_tf,linear,0.014,0.05,3,4,0.9036522065904128,0.8640144467189455
L-LSPIN,lspin_tf,linear,0.021,0.05,0,1,0.8964115786721131,0.8327443877385711
L-LSPIN,lspin_tf,linear,0.021,0.05,0,2,0.8158766993011649,0.7723356427925884
L-LSPIN,lspin_tf,linear,0.021,0.05,0,3,0.9858205707708072,0.9756142098735586
L-LSPIN,lspin_tf,linear,0.021,0.05,0,4,0.917503084497663,0.8558183165620267
L-LSPIN,lspin_tf,linear,0.021,0.05,1,2,0.8512392407592176,0.821865698383914
L-LSPIN,lspin_tf,linear,0.021,0.05,1,3,0.9004964237468392,0.8366212348342476
L-LSPIN,lspin_tf,linear,0.021,0.05,1,4,0.978120075308207,0.963237537392882
L-LSPIN,lspin_tf,linear,0.021,0.05,2,3,0.8194551398643254,0.7737759108833293
L-LSPIN,lspin_tf,linear,0.021,0.05,2,4,0.8366158980739349,0.7938985389001016
L-LSPIN,lspin_tf,linear,0.021,0.05,3,4,0.9218424279258608,0.8621441696810831
L-LSPIN,lspin_tf,linear,0.028,0.05,0,1,0.8025010495006758,0.7611613144805759
L-LSPIN,lspin_tf,linear,0.028,0.05,0,2,0.8385638521640115,0.8019738866938171
L-LSPIN,lspin_tf,linear,0.028,0.05,0,3,0.933685671551912,0.8729053418440188
L-LSPIN,lspin_tf,linear,0.028,0.05,0,4,0.8445511150108211,0.8197183478693202
L-LSPIN,lspin_tf,linear,0.028,0.05,1,2,0.9646462401909744,0.9390051505579284
L-LSPIN,lspin_tf,linear,0.028,0.05,1,3,0.7768647469053046,0.7258937830642753
L-LSPIN,lspin_tf,linear,0.028,0.05,1,4,0.9492539406949088,0.9080945198216458
L-LSPIN,lspin_tf,linear,0.028,0.05,2,3,0.7950387402973861,0.7317333146659756
L-LSPIN,lspin_tf,linear,0.028,0.05,2,4,0.984104588217676,0.9570676075983372
L-LSPIN,lspin_tf,linear,0.028,0.05,3,4,0.8013125016502284,0.7438366722350992
L-LSPIN,lspin_tf,linear,0.0035,0.1,0,1,0.9753233849621008,0.9543024721086438
L-LSPIN,lspin_tf,linear,0.0035,0.1,0,2,0.9338794100217584,0.9025267524453788
L-LSPIN,lspin_tf,linear,0.0035,0.1,0,3,0.9441021310099622,0.913477871241881
L-LSPIN,lspin_tf,linear,0.0035,0.1,0,4,0.9648638904545728,0.9389324510865086
L-LSPIN,lspin_tf,linear,0.0035,0.1,1,2,0.9372185128504872,0.9153520028070008
L-LSPIN,lspin_tf,linear,0.0035,0.1,1,3,0.9474166415558312,0.9255876824902844
L-LSPIN,lspin_tf,linear,0.0035,0.1,1,4,0.96813338733995,0.9488235978170676
L-LSPIN,lspin_tf,linear,0.0035,0.1,2,3,0.989173658564539,0.9786943849641496
L-LSPIN,lspin_tf,linear,0.0035,0.1,2,4,0.9679559516762976,0.9493377896007172
L-LSPIN,lspin_tf,linear,0.0035,0.1,3,4,0.9785343048969498,0.9628376081202634
L-LSPIN,lspin_tf,linear,0.00525,0.1,0,1,0.9934516613568218,0.979576133873546
L-LSPIN,lspin_tf,linear,0.00525,0.1,0,2,0.9582362024997506,0.9183114039947048
L-LSPIN,lspin_tf,linear,0.00525,0.1,0,3,0.944143980598966,0.9131081720190274
L-LSPIN,lspin_tf,linear,0.00525,0.1,0,4,0.9544516876408392,0.9251397324064962
L-LSPIN,lspin_tf,linear,0.00525,0.1,1,2,0.9647777407422384,0.9387607329690604
L-LSPIN,lspin_tf,linear,0.00525,0.1,1,3,0.9376736027876984,0.893183357071559
L-LSPIN,lspin_tf,linear,0.00525,0.1,1,4,0.9479922164141156,0.905122261627698
L-LSPIN,lspin_tf,linear,0.00525,0.1,2,3,0.9719284374194296,0.942599384468282
L-LSPIN,lspin_tf,linear,0.00525,0.1,2,4,0.982600138701474,0.958238093574923
L-LSPIN,lspin_tf,linear,0.00525,0.1,3,4,0.98921591502965,0.9785270242680112
L-LSPIN,lspin_tf,linear,0.007,0.1,0,1,0.97534167558956,0.9545754757655268
L-LSPIN,lspin_tf,linear,0.007,0.1,0,2,0.97534167558956,0.9545754757655268
L-LSPIN,lspin_tf,linear,0.007,0.1,0,3,0.97534167558956,0.9545754757655268
L-LSPIN,lspin_tf,linear,0.007,0.1,0,4,0.9475598394102962,0.9056710797169544
L-LSPIN,lspin_tf,linear,0.007,0.1,1,2,1.0,1.0
L-LSPIN,lspin_tf,linear,0.007,0.1,1,3,1.0,1.0
L-LSPIN,lspin_tf,linear,0.007,0.1,1,4,0.9508127447734848,0.9165978580076932
L-LSPIN,lspin_tf,linear,0.007,0.1,2,3,1.0,1.0
L-LSPIN,lspin_tf,linear,0.007,0.1,2,4,0.9508127447734848,0.9165978580076932
L-LSPIN,lspin_tf,linear,0.007,0.1,3,4,0.9508127447734848,0.9165978580076932
L-LSPIN,lspin_tf,linear,0.00875,0.1,0,1,0.9933745695931896,0.979685331632778
L-LSPIN,lspin_tf,linear,0.00875,0.1,0,2,0.9868861343800058,0.9650459973397956
L-LSPIN,lspin_tf,linear,0.00875,0.1,0,3,0.989254947990624,0.978350425294181
L-LSPIN,lspin_tf,linear,0.00875,0.1,0,4,0.9933745695931896,0.979685331632778
L-LSPIN,lspin_tf,linear,0.00875,0.1,1,2,0.9805043808519532,0.9526879368682392
L-LSPIN,lspin_tf,linear,0.00875,0.1,1,3,0.9826317825039314,0.9580108589225432
L-LSPIN,lspin_tf,linear,0.00875,0.1,1,4,1.0,1.0
L-LSPIN,lspin_tf,linear,0.00875,0.1,2,3,0.9794359287315164,0.9556224527723348
L-LSPIN,lspin_tf,linear,0.00875,0.1,2,4,0.9805043808519532,0.9526879368682392
L-LSPIN,lspin_tf,linear,0.00875,0.1,3,4,0.9826317825039314,0.9580108589225432
L-LSPIN,lspin_tf,linear,0.0105,0.1,0,1,0.9742598960424436,0.9416834447662676
L-LSPIN,lspin_tf,linear,0.0105,0.1,0,2,0.9805043808519532,0.9526879368682392
L-LSPIN,lspin_tf,linear,0.0105,0.1,0,3,0.95728581670756,0.9370468611991846
L-LSPIN,lspin_tf,linear,0.0105,0.1,0,4,0.9933745695931896,0.979685331632778
L-LSPIN,lspin_tf,linear,0.0105,0.1,1,2,0.9933899870058884,0.979558128035365
L-LSPIN,lspin_tf,linear,0.0105,0.1,1,3,0.9315506425919702,0.8789060559980076
L-LSPIN,lspin_tf,linear,0.0105,0.1,1,4,0.9805195446704073,0.9526226365709544
L-LSPIN,lspin_tf,linear,0.0105,0.1,2,3,0.9377902459131148,0.8899206750386018
L-LSPIN,lspin_tf,linear,0.0105,0.1,2,4,0.9868861343800058,0.9650459973397956
L-LSPIN,lspin_tf,linear,0.0105,0.1,3,4,0.9506579967539516,0.9168568866305592
L-LSPIN,lspin_tf,linear,0.014,0.1,0,1,0.9292968904064752,0.8958759909669817
L-LSPIN,lspin_tf,linear,0.014,0.1,0,2,0.9891666036602486,0.9784589811222298
L-LSPIN,lspin_tf,linear,0.014,0.1,0,3,0.8133016746881794,0.783973546520657
L-LSPIN,lspin_tf,linear,0.014,0.1,0,4,0.9784756567188292,0.9625801123892684
L-LSPIN,lspin_tf,linear,0.014,0.1,1,2,0.9192281636743008,0.8860577629393838
L-LSPIN,lspin_tf,linear,0.014,0.1,1,3,0.8337254492890794,0.7970676780568516
L-LSPIN,lspin_tf,linear,0.014,0.1,1,4,0.9093088968474388,0.87680370758424
L-LSPIN,lspin_tf,linear,0.014,0.1,2,3,0.806736318809817,0.7855653747559729
L-LSPIN,lspin_tf,linear,0.014,0.1,2,4,0.9891861490523284,0.9783706680511433
L-LSPIN,lspin_tf,linear,0.014,0.1,3,4,0.8002957592883043,0.7940585608184982
L-LSPIN,lspin_tf,linear,0.021,0.1,0,1,0.8267077454335086,0.7824807266369818
L-LSPIN,lspin_tf,linear,0.021,0.1,0,2,0.990999723195222,0.978194480131476
L-LSPIN,lspin_tf,linear,0.021,0.1,0,3,0.8163268995878672,0.7817564080767312
L-LSPIN,lspin_tf,linear,0.021,0.1,0,4,0.984163758892578,0.9573827762648414
L-LSPIN,lspin_tf,linear,0.021,0.1,1,2,0.8178736113157373,0.7735396788527743
L-LSPIN,lspin_tf,linear,0.021,0.1,1,3,0.9578275143906596,0.9408581999723288
L-LSPIN,lspin_tf,linear,0.021,0.1,1,4,0.8216112578408382,0.7797319999938196
L-LSPIN,lspin_tf,linear,0.021,0.1,2,3,0.8078652626911073,0.7755857888860755
L-LSPIN,lspin_tf,linear,0.021,0.1,2,4,0.9930390374533248,0.9788615645155572
L-LSPIN,lspin_tf,linear,0.021,0.1,3,4,0.8119564432162173,0.7868628562573237
L-LSPIN,lspin_tf,linear,0.028,0.1,0,1,0.9794659935102432,0.9522079548186436
L-LSPIN,lspin_tf,linear,0.028,0.1,0,2,0.7967944363612276,0.7568820889717622
L-LSPIN,lspin_tf,linear,0.028,0.1,0,3,0.8214861004533232,0.7642093507436206
L-LSPIN,lspin_tf,linear,0.028,0.1,0,4,0.9640085076558396,0.920234951004806
L-LSPIN,lspin_tf,linear,0.028,0.1,1,2,0.8083744642582505,0.7846960243391222
L-LSPIN,lspin_tf,linear,0.028,0.1,1,3,0.8253766858668166,0.7850623754038875
L-LSPIN,lspin_tf,linear,0.028,0.1,1,4,0.984172807789709,0.9571381106143256
L-LSPIN,lspin_tf,linear,0.028,0.1,2,3,0.9174027470101496,0.8723329276772974
L-LSPIN,lspin_tf,linear,0.028,0.1,2,4,0.8208057305077514,0.8076522915021017
L-LSPIN,lspin_tf,linear,0.028,0.1,3,4,0.8378328775546456,0.8023466845485221
L-Concrete,concrete,linear,0.00075,0.0,0,1,0.9398668478695378,0.8924878335441511
L-Concrete,concrete,linear,0.00075,0.0,0,2,0.9468306928876424,0.9027356126615892
L-Concrete,concrete,linear,0.00075,0.0,0,3,0.946314318459936,0.8817550118290979
L-Concrete,concrete,linear,0.00075,0.0,0,4,0.9712846673086868,0.9429349365028884
L-Concrete,concrete,linear,0.00075,0.0,1,2,0.9427627395925792,0.90271043744693
L-Concrete,concrete,linear,0.00075,0.0,1,3,0.945185270319146,0.8846444969865775
L-Concrete,concrete,linear,0.00075,0.0,1,4,0.9461563299210044,0.91605270317271
L-Concrete,concrete,linear,0.00075,0.0,2,3,0.9074221827818006,0.8387430743723795
L-Concrete,concrete,linear,0.00075,0.0,2,4,0.9532634209522436,0.9079385125394646
L-Concrete,concrete,linear,0.00075,0.0,3,4,0.9308787497548672,0.8704387147095751
L-Concrete,concrete,linear,0.001,0.0,0,1,0.4824812147838057,0.5779623384751519
L-Concrete,concrete,linear,0.001,0.0,0,2,0.4913113148873785,0.5974120370207708
L-Concrete,concrete,linear,0.001,0.0,0,3,0.4824812147838057,0.5779623384751519
L-Concrete,concrete,linear,0.001,0.0,0,4,0.4910808012597944,0.5909013629333402
L-Concrete,concrete,linear,0.001,0.0,1,2,0.9497621073091544,0.9173811253812684
L-Concrete,concrete,linear,0.001,0.0,1,3,1.0,1.0
L-Concrete,concrete,linear,0.001,0.0,1,4,0.9535940632714978,0.9152402683359474
L-Concrete,concrete,linear,0.001,0.0,2,3,0.9497621073091544,0.9173811253812684
L-Concrete,concrete,linear,0.001,0.0,2,4,0.9823361054592886,0.958580807404036
L-Concrete,concrete,linear,0.001,0.0,3,4,0.9535940632714978,0.9152402683359472
L-Concrete,concrete,linear,0.0015,0.0,0,1,0.9512634954262098,0.8949074559637521
L-Concrete,concrete,linear,0.0015,0.0,0,2,0.521089870253036,0.6818254886408246
L-Concrete,concrete,linear,0.0015,0.0,0,3,0.521089870253036,0.6818254886408246
L-Concrete,concrete,linear,0.0015,0.0,0,4,0.9797933422557414,0.9456245477522074
L-Concrete,concrete,linear,0.0015,0.0,1,2,0.5148437006520007,0.6487548934334205
L-Concrete,concrete,linear,0.0015,0.0,1,3,0.5148437006520007,0.6487548934334205
L-Concrete,concrete,linear,0.0015,0.0,1,4,0.9577885821147218,0.9089881220004392
L-Concrete,concrete,linear,0.0015,0.0,2,3,0.9630474303318068,0.933447279291813
L-Concrete,concrete,linear,0.0015,0.0,2,4,0.5242111217223354,0.6829043559374949
L-Concrete,concrete,linear,0.0015,0.0,3,4,0.5242111217223354,0.6829043559374948
L-Concrete,concrete,linear,0.002,0.0,0,1,0.95173102420592,0.8967862003045558
L-Concrete,concrete,linear,0.002,0.0,0,2,0.956229025843074,0.8980640128747654
L-Concrete,concrete,linear,0.002,0.0,0,3,0.5424035163883998,0.672310139440895
L-Concrete,concrete,linear,0.002,0.0,0,4,0.9626105043848412,0.912194315107237
L-Concrete,concrete,linear,0.002,0.0,1,2,0.9688007413720092,0.92454153118156
L-Concrete,concrete,linear,0.002,0.0,1,3,0.5503565682776177,0.6577576934353159
L-Concrete,concrete,linear,0.002,0.0,1,4,0.97543089464884,0.9387857736584818
L-Concrete,concrete,linear,0.002,0.0,2,3,0.5461808166411745,0.663911405476776
L-Concrete,concrete,linear,0.002,0.0,2,4,0.993141982826191,0.9799465411251884
L-Concrete,concrete,linear,0.002,0.0,3,4,0.5495059070352166,0.6652009699762986
L-Concrete,concrete,linear,0.0025,0.0,0,1,0.5420005363058904,0.6700072545301884
L-Concrete,concrete,linear,0.0025,0.0,0,2,0.9016519553392482,0.8609645229838185
L-Concrete,concrete,linear,0.0025,0.0,0,3,0.5432082772285285,0.663040265332776
L-Concrete,concrete,linear,0.0025,0.0,0,4,0.5562865003788616,0.6778004478463981
L-Concrete,concrete,linear,0.0025,0.0,1,2,0.5083304989800234,0.6475291754545738
L-Concrete,concrete,linear,0.0025,0.0,1,3,0.9475752097217428,0.902375895775156
L-Concrete,concrete,linear,0.0025,0.0,1,4,0.958914214081767,0.908335249338782
L-Concrete,concrete,linear,0.0025,0.0,2,3,0.5177786055656565,0.6656050985388899
L-Concrete,concrete,linear,0.0025,0.0,2,4,0.5318027152995546,0.685774187372096
L-Concrete,concrete,linear,0.0025,0.0,3,4,0.9622956164079792,0.9208830562398158
L-Concrete,concrete,linear,0.003,0.0,0,1,0.5263776074763018,0.6492402699256395
L-Concrete,concrete,linear,0.003,0.0,0,2,0.5002241684154216,0.6115166196482442
L-Concrete,concrete,linear,0.003,0.0,0,3,0.5331943951355519,0.6849929667259667
L-Concrete,concrete,linear,0.003,0.0,0,4,0.8165729422316451,0.8094687414486587
L-Concrete,concrete,linear,0.003,0.0,1,2,0.9526745309979489,0.9131103927403076
L-Concrete,concrete,linear,0.003,0.0,1,3,0.9453835684424506,0.8802789975725
L-Concrete,concrete,linear,0.003,0.0,1,4,0.4900883505782182,0.6557030378299998
L-Concrete,concrete,linear,0.003,0.0,2,3,0.9375124568980716,0.8779462138990595
L-Concrete,concrete,linear,0.003,0.0,2,4,0.4689920171218008,0.6207223620446786
L-Concrete,concrete,linear,0.003,0.0,3,4,0.4805185941879172,0.652628279051506
L-Concrete,concrete,linear,0.004,0.0,0,1,0.5571800854706666,0.6575332026386587
L-Concrete,concrete,linear,0.004,0.0,0,2,0.9782550351236388,0.9628604981645116
L-Concrete,concrete,linear,0.004,0.0,0,3,0.5066306715994159,0.6527289481227736
L-Concrete,concrete,linear,0.004,0.0,0,4,0.9732735827213996,0.9423173568955332
L-Concrete,concrete,linear,0.004,0.0,1,2,0.5538387471175784,0.659777627338492
L-Concrete,concrete,linear,0.004,0.0,1,3,0.7591205038689894,0.7278236950408353
L-Concrete,concrete,linear,0.004,0.0,1,4,0.5454102029075597,0.6531825790627711
L-Concrete,concrete,linear,0.004,0.0,2,3,0.509503446073591,0.6789164709954518
L-Concrete,concrete,linear,0.004,0.0,2,4,0.9515581891814756,0.9050574822138716
L-Concrete,concrete,linear,0.004,0.0,3,4,0.4937750401071117,0.6480923125723652
L-Concrete,concrete,linear,0.006,0.0,0,1,0.9237340367813052,0.8462766403805603
L-Concrete,concrete,linear,0.006,0.0,0,2,0.9739271185489292,0.9329435885464225
L-Concrete,concrete,linear,0.006,0.0,0,3,0.9676800010793392,0.932086665189548
L-Concrete,concrete,linear,0.006,0.0,0,4,0.9739086867641572,0.9419861018181448
L-Concrete,concrete,linear,0.006,0.0,1,2,0.9483379210026652,0.902948897453978
L-Concrete,concrete,linear,0.006,0.0,1,3,0.9177075528119896,0.8458932706339493
L-Concrete,concrete,linear,0.006,0.0,1,4,0.9357064751198912,0.882491521015833
L-Concrete,concrete,linear,0.006,0.0,2,3,0.9676524310885496,0.9222995826600564
L-Concrete,concrete,linear,0.006,0.0,2,4,0.9866993666529422,0.965357236743732
L-Concrete,concrete,linear,0.006,0.0,3,4,0.9802097561488032,0.9455000990346538
L-Concrete,concrete,linear,0.00075,0.025,0,1,0.964798268297648,0.933584827513826
L-Concrete,concrete,linear,0.00075,0.025,0,2,0.9680133072913346,0.9414649157575185
L-Concrete,concrete,linear,0.00075,0.025,0,3,1.0,1.0
L-Concrete,concrete,linear,0.00075,0.025,0,4,0.9542813954915804,0.9181060803461826
L-Concrete,concrete,linear,0.00075,0.025,1,2,0.9754329846475468,0.9551098415976264
L-Concrete,concrete,linear,0.00075,0.025,1,3,0.964798268297648,0.933584827513826
L-Concrete,concrete,linear,0.00075,0.025,1,4,0.9892653321783492,0.9785931364263128
L-Concrete,concrete,linear,0.00075,0.025,2,3,0.9680133072913346,0.9414649157575185
L-Concrete,concrete,linear,0.00075,0.025,2,4,0.9861486971724368,0.9766181507701164
L-Concrete,concrete,linear,0.00075,0.025,3,4,0.9542813954915804,0.9181060803461826
L-Concrete,concrete,linear,0.001,0.025,0,1,0.9785343048969498,0.9628376081202634
L-Concrete,concrete,linear,0.001,0.025,0,2,0.9754180917680108,0.9548542408631412
L-Concrete,concrete,linear,0.001,0.025,0,3,0.9861141957990722,0.976452098030786
L-Concrete,concrete,linear,0.001,0.025,0,4,0.9785343048969498,0.9628376081202634
L-Concrete,concrete,linear,0.001,0.025,1,2,0.9544060351094408,0.9258279877533204
L-Concrete,concrete,linear,0.001,0.025,1,3,0.9648541260764606,0.9395415767590788
L-Concrete,concrete,linear,0.001,0.025,1,4,1.0,1.0
L-Concrete,concrete,linear,0.001,0.025,2,3,0.9892856397502005,0.9785071665974382
L-Concrete,concrete,linear,0.001,0.025,2,4,0.9544060351094408,0.9258279877533204
L-Concrete,concrete,linear,0.001,0.025,3,4,0.9648541260764606,0.939541576759079
L-Concrete,concrete,linear,0.0015,0.025,0,1,0.9666027058010094,0.9284234643583592
L-Concrete,concrete,linear,0.0015,0.025,0,2,0.9794359287315164,0.9556224527723348
L-Concrete,concrete,linear,0.0015,0.025,0,3,0.97534167558956,0.9545754757655268
L-Concrete,concrete,linear,0.0015,0.025,0,4,0.9860426441409172,0.9761015622925306
L-Concrete,concrete,linear,0.0015,0.025,1,2,0.9869066582636384,0.9649255062815422
L-Concrete,concrete,linear,0.0015,0.025,1,3,0.9698385339096004,0.930983591048171
L-Concrete,concrete,linear,0.0015,0.025,1,4,0.9805348099811624,0.9525563444991982
L-Concrete,concrete,linear,0.0015,0.025,2,3,0.9826888665019744,0.9580417133042304
L-Concrete,concrete,linear,0.0015,0.025,2,4,0.9933848083111084,0.9796020068921418
L-Concrete,concrete,linear,0.0015,0.025,3,4,0.9893051233643548,0.9784188890743531
L-Concrete,concrete,linear,0.002,0.025,0,1,0.9742800165604122,0.9416178753575496
L-Concrete,concrete,linear,0.002,0.025,0,2,1.0,1.0
L-Concrete,concrete,linear,0.002,0.025,0,3,0.989254947990624,0.978350425294181
L-Concrete,concrete,linear,0.002,0.025,0,4,0.9933796639067608,0.979644421984864
L-Concrete,concrete,linear,0.002,0.025,1,2,0.9742800165604122,0.9416178753575492
L-Concrete,concrete,linear,0.002,0.025,1,3,0.9666027058010094,0.9284234643583592
L-Concrete,concrete,linear,0.002,0.025,1,4,0.9805348099811624,0.9525563444991982
L-Concrete,concrete,linear,0.002,0.025,2,3,0.989254947990624,0.978350425294181
L-Concrete,concrete,linear,0.002,0.025,2,4,0.9933796639067608,0.979644421984864
L-Concrete,concrete,linear,0.002,0.025,3,4,0.9860426441409172,0.9761015622925306
L-Concrete,concrete,linear,0.0025,0.025,0,1,0.986029175694186,0.97614975531481
L-Concrete,concrete,linear,0.0025,0.025,0,2,0.9827323650335932,0.9582094543485302
L-Concrete,concrete,linear,0.0025,0.025,0,3,0.979416643962966,0.955721992085548
L-Concrete,concrete,linear,0.0025,0.025,0,4,0.979400095497772,0.9558713786809402
L-Concrete,concrete,linear,0.0025,0.025,1,2,0.9687638486392668,0.9343362637770952
L-Concrete,concrete,linear,0.0025,0.025,1,3,0.9933848083111084,0.9796020068921418
L-Concrete,concrete,linear,0.0025,0.025,1,4,0.9933796639067608,0.979644421984864
L-Concrete,concrete,linear,0.0025,0.025,2,3,0.9753982457999136,0.9545339736413996
L-Concrete,concrete,linear,0.0025,0.025,2,4,0.9622460189386076,0.9199476825188188
L-Concrete,concrete,linear,0.0025,0.025,3,4,0.9868861343800058,0.9650459973397956
L-Concrete,concrete,linear,0.003,0.025,0,1,0.9589911858697816,0.9227843226917456
L-Concrete,concrete,linear,0.003,0.025,0,2,0.9728538033770494,0.9406520550517876
L-Concrete,concrete,linear,0.003,0.025,0,3,0.9793117137802986,0.9555126289770862
L-Concrete,concrete,linear,0.003,0.025,0,4,0.9728095858135322,0.9410136786962372
L-Concrete,concrete,linear,0.003,0.025,1,2,0.9603764264457756,0.9173415882543228
L-Concrete,concrete,linear,0.003,0.025,1,3,0.9794359287315164,0.9556224527723348
L-Concrete,concrete,linear,0.003,0.025,1,4,0.9860426441409172,0.9761015622925306
L-Concrete,concrete,linear,0.003,0.025,2,3,0.9805501288453896,0.9524893845771272
L-Concrete,concrete,linear,0.003,0.025,2,4,0.974300240296076,0.9415524110090095
L-Concrete,concrete,linear,0.003,0.025,3,4,0.9933848083111084,0.9796020068921418
L-Concrete,concrete,linear,0.004,0.025,0,1,0.9933796639067608,0.979644421984864
L-Concrete,concrete,linear,0.004,0.025,0,2,0.9868858066660404,0.959348821856292
L-Concrete,concrete,linear,0.004,0.025,0,3,0.9539350550157528,0.9074128126755642
L-Concrete,concrete,linear,0.004,0.025,0,4,0.9793558023308452,0.9556956386967732
L-Concrete,concrete,linear,0.004,0.025,1,2,0.9933796639067608,0.979644421984864
L-Concrete,concrete,linear,0.004,0.025,1,3,0.9479169978748266,0.898445351544051
L-Concrete,concrete,linear,0.004,0.025,1,4,0.9728485409264788,0.9412096419963196
L-Concrete,concrete,linear,0.004,0.025,2,3,0.9539350550157528,0.9074128126755642
L-Concrete,concrete,linear,0.004,0.025,2,4,0.9664835379018426,0.9209624109004
L-Concrete,concrete,linear,0.004,0.025,3,4,0.9740565185898288,0.941525394856626
L-Concrete,concrete,linear,0.006,0.025,0,1,0.9601882731264936,0.9059872631953192
L-Concrete,concrete,linear,0.006,0.025,0,2,0.9681426470007722,0.931734748505892
L-Concrete,concrete,linear,0.006,0.025,0,3,0.9542870223080772,0.9079552916802685
L-Concrete,concrete,linear,0.006,0.025,0,4,0.9682128475315102,0.917953629799118
L-Concrete,concrete,linear,0.006,0.025,1,2,0.9539820990406732,0.9078173665354948
L-Concrete,concrete,linear,0.006,0.025,1,3,0.9678089993245932,0.931774998138751
L-Concrete,concrete,linear,0.006,0.025,1,4,0.979284670194522,0.9551496247131208
L-Concrete,concrete,linear,0.006,0.025,2,3,0.9861287819018744,0.9764048630071916
L-Concrete,concrete,linear,0.006,0.025,2,4,0.9621527410648456,0.922634050067686
L-Concrete,concrete,linear,0.006,0.025,3,4,0.9483016176043882,0.898803851418759
L-Concrete,concrete,linear,0.00075,0.05,0,1,0.9786740978583612,0.9628221432334036
L-Concrete,concrete,linear,0.00075,0.05,0,2,1.0,1.0
L-Concrete,concrete,linear,0.00075,0.05,0,3,1.0,1.0
L-Concrete,concrete,linear,0.00075,0.05,0,4,0.9542530068360944,0.9254435111893218
L-Concrete,concrete,linear,0.00075,0.05,1,2,0.9786740978583612,0.9628221432334036
L-Concrete,concrete,linear,0.00075,0.05,1,3,0.9786740978583612,0.9628221432334036
L-Concrete,concrete,linear,0.00075,0.05,1,4,0.9543274385304163,0.917324239880826
L-Concrete,concrete,linear,0.00075,0.05,2,3,1.0,1.0
L-Concrete,concrete,linear,0.00075,0.05,2,4,0.9542530068360944,0.9254435111893218
L-Concrete,concrete,linear,0.00075,0.05,3,4,0.9542530068360944,0.9254435111893218
L-Concrete,concrete,linear,0.001,0.05,0,1,0.9892653321783492,0.9785931364263126
L-Concrete,concrete,linear,0.001,0.05,0,2,0.9892856397502005,0.9785071665974382
L-Concrete,concrete,linear,0.001,0.05,0,3,0.9723354294990558,0.9529899467937922
L-Concrete,concrete,linear,0.001,0.05,0,4,0.9892653321783492,0.9785931364263126
L-Concrete,concrete,linear,0.001,0.05,1,2,0.9786740978583612,0.9628221432334036
L-Concrete,concrete,linear,0.001,0.05,1,3,0.9616967534545636,0.9317630532140426
L-Concrete,concrete,linear,0.001,0.05,1,4,1.0,1.0
L-Concrete,concrete,linear,0.001,0.05,2,3,0.9616474604694676,0.9313404201287666
L-Concrete,concrete,linear,0.001,0.05,2,4,0.9786740978583612,0.9628221432334036
L-Concrete,concrete,linear,0.001,0.05,3,4,0.9616967534545636,0.9317630532140428
L-Concrete,concrete,linear,0.0015,0.05,0,1,0.9825967622101734,0.9581970404348592
L-Concrete,concrete,linear,0.0015,0.05,0,2,0.939327005799776,0.8802910703815208
L-Concrete,concrete,linear,0.0015,0.05,0,3,0.978713684317836,0.9626861421786344
L-Concrete,concrete,linear,0.0015,0.05,0,4,0.9720969124576104,0.9423412747284884
L-Concrete,concrete,linear,0.0015,0.05,1,2,0.9561189278090962,0.9067552632166416
L-Concrete,concrete,linear,0.0015,0.05,1,3,0.9827490691180386,0.9581194924925124
L-Concrete,concrete,linear,0.0015,0.05,1,4,0.9893743737271948,0.9783960008475378
L-Concrete,concrete,linear,0.0015,0.05,2,3,0.9606198941806908,0.9174513284002868
L-Concrete,concrete,linear,0.0015,0.05,2,4,0.9667501286946524,0.9282933952127372
L-Concrete,concrete,linear,0.0015,0.05,3,4,0.9933848083111084,0.9796020068921418
L-Concrete,concrete,linear,0.002,0.05,0,1,0.9582178184778684,0.918694693373796
L-Concrete,concrete,linear,0.002,0.05,0,2,0.9933848083111084,0.9796020068921418
L-Concrete,concrete,linear,0.002,0.05,0,3,0.9341097479099164,0.8816032623709447
L-Concrete,concrete,linear,0.002,0.05,0,4,0.9763995796496662,0.9435072655458556
L-Concrete,concrete,linear,0.002,0.05,1,2,0.964830941222296,0.9390692354204796
L-Concrete,concrete,linear,0.002,0.05,1,3,0.9754676605620832,0.9552200004255708
L-Concrete,concrete,linear,0.002,0.05,1,4,0.9557216920373698,0.9075170290427514
L-Concrete,concrete,linear,0.002,0.05,2,3,0.940713638183456,0.9020202166690776
L-Concrete,concrete,linear,0.002,0.05,2,4,0.9700177129283144,0.931233270763046
L-Concrete,concrete,linear,0.002,0.05,3,4,0.9314895293949468,0.8682284953026396
L-Concrete,concrete,linear,0.0025,0.05,0,1,0.9933796639067608,0.979644421984864
L-Concrete,concrete,linear,0.0025,0.05,0,2,0.9794967207060632,0.955649195652362
L-Concrete,concrete,linear,0.0025,0.05,0,3,0.9615956702629104,0.93090314957386
L-Concrete,concrete,linear,0.0025,0.05,0,4,0.9933796639067608,0.979644421984864
L-Concrete,concrete,linear,0.0025,0.05,1,2,0.9827055462052952,0.9579482008210825
L-Concrete,concrete,linear,0.0025,0.05,1,3,0.9648020330800392,0.9332402570256164
L-Concrete,concrete,linear,0.0025,0.05,1,4,1.0,1.0
L-Concrete,concrete,linear,0.0025,0.05,2,3,0.968795186506393,0.934144815965664
L-Concrete,concrete,linear,0.0025,0.05,2,4,0.9827055462052952,0.9579482008210825
L-Concrete,concrete,linear,0.0025,0.05,3,4,0.9648020330800392,0.9332402570256164
L-Concrete,concrete,linear,0.003,0.05,0,1,0.9933848083111084,0.979602006892142
L-Concrete,concrete,linear,0.003,0.05,0,2,0.9859926029161848,0.9759659952278196
L-Concrete,concrete,linear,0.003,0.05,0,3,0.9933899870058884,0.979558128035365
L-Concrete,concrete,linear,0.003,0.05,0,4,0.979416643962966,0.955721992085548
L-Concrete,concrete,linear,0.003,0.05,1,2,0.9794967207060632,0.955649195652362
L-Concrete,concrete,linear,0.003,0.05,1,3,0.9868963702875828,0.964986459137856
L-Concrete,concrete,linear,0.003,0.05,1,4,0.986029175694186,0.9761497553148096
L-Concrete,concrete,linear,0.003,0.05,2,3,0.979390976574504,0.9554402908589716
L-Concrete,concrete,linear,0.003,0.05,2,4,0.9656508070194711,0.937583315984126
L-Concrete,concrete,linear,0.003,0.05,3,4,0.97293130900764,0.9410669363549458
L-Concrete,concrete,linear,0.004,0.05,0,1,0.9805043808519532,0.9526879368682392
L-Concrete,concrete,linear,0.004,0.05,0,2,0.9869066582636384,0.9649255062815422
L-Concrete,concrete,linear,0.004,0.05,0,3,0.9805501288453896,0.9524893845771272
L-Concrete,concrete,linear,0.004,0.05,0,4,0.9933899870058884,0.979558128035365
L-Concrete,concrete,linear,0.004,0.05,1,2,0.9681426470007722,0.931734748505892
L-Concrete,concrete,linear,0.004,0.05,1,3,0.9621527410648456,0.9226340500676858
L-Concrete,concrete,linear,0.004,0.05,1,4,0.9742598960424436,0.9416834447662676
L-Concrete,concrete,linear,0.004,0.05,2,3,0.9934003816779708,0.9794662089199196
L-Concrete,concrete,linear,0.004,0.05,2,4,0.9933951837121596,0.9795128391623954
L-Concrete,concrete,linear,0.004,0.05,3,4,0.986916965579562,0.9648633317628564
L-Concrete,concrete,linear,0.006,0.05,0,1,0.9869066582636384,0.9649255062815422
L-Concrete,concrete,linear,0.006,0.05,0,2,0.9869066582636384,0.9649255062815422
L-Concrete,concrete,linear,0.006,0.05,0,3,0.9934003816779708,0.9794662089199196
L-Concrete,concrete,linear,0.006,0.05,0,4,0.9718949683146564,0.951440697141269
L-Concrete,concrete,linear,0.006,0.05,1,2,1.0,1.0
L-Concrete,concrete,linear,0.006,0.05,1,3,0.9805501288453896,0.9524893845771272
L-Concrete,concrete,linear,0.006,0.05,1,4,0.9590226897510166,0.9167080231559293
L-Concrete,concrete,linear,0.006,0.05,2,3,0.9805501288453896,0.9524893845771272
L-Concrete,concrete,linear,0.006,0.05,2,4,0.9590226897510166,0.9167080231559293
L-Concrete,concrete,linear,0.006,0.05,3,4,0.965306593591534,0.9307777181580452
L-Concrete,concrete,linear,0.00075,0.1,0,1,0.9581221592096693,0.9188833375618398
L-Concrete,concrete,linear,0.00075,0.1,0,2,0.9786740978583612,0.9628221432334036
L-Concrete,concrete,linear,0.00075,0.1,0,3,0.9892653321783492,0.9785931364263126
L-Concrete,concrete,linear,0.00075,0.1,0,4,0.9792402787867764,0.9564109512314298
L-Concrete,concrete,linear,0.00075,0.1,1,2,0.9794609755519996,0.9558979287755124
L-Concrete,concrete,linear,0.00075,0.1,1,3,0.9687395249696218,0.9344788724725996
L-Concrete,concrete,linear,0.00075,0.1,1,4,0.9510578286852484,0.9212426098856248
L-Concrete,concrete,linear,0.00075,0.1,2,3,0.9892856397502005,0.9785071665974382
L-Concrete,concrete,linear,0.00075,0.1,2,4,0.958198029227219,0.9191933137063328
L-Concrete,concrete,linear,0.00075,0.1,3,4,0.9686473510550936,0.934981144483682
L-Concrete,concrete,linear,0.001,0.1,0,1,0.9786740978583612,0.9628221432334036
L-Concrete,concrete,linear,0.001,0.1,0,2,1.0,1.0
L-Concrete,concrete,linear,0.001,0.1,0,3,0.9892653321783492,0.9785931364263126
L-Concrete,concrete,linear,0.001,0.1,0,4,0.9892653321783492,0.9785931364263126
L-Concrete,concrete,linear,0.001,0.1,1,2,0.9786740978583612,0.9628221432334036
L-Concrete,concrete,linear,0.001,0.1,1,3,0.9892856397502005,0.9785071665974382
L-Concrete,concrete,linear,0.001,0.1,1,4,0.9892856397502005,0.9785071665974382
L-Concrete,concrete,linear,0.001,0.1,2,3,0.9892653321783492,0.9785931364263126
L-Concrete,concrete,linear,0.001,0.1,2,4,0.9892653321783492,0.9785931364263126
L-Concrete,concrete,linear,0.001,0.1,3,4,1.0,1.0
L-Concrete,concrete,linear,0.0015,0.1,0,1,0.9754075010970626,0.9552052945133572
L-Concrete,concrete,linear,0.0015,0.1,0,2,0.9892653321783492,0.9785931364263128
L-Concrete,concrete,linear,0.0015,0.1,0,3,0.9616967534545636,0.9317630532140428
L-Concrete,concrete,linear,0.0015,0.1,0,4,0.9754329846475468,0.9551098415976264
L-Concrete,concrete,linear,0.0015,0.1,1,2,0.9861335624648028,0.97666246236742
L-Concrete,concrete,linear,0.0015,0.1,1,3,0.9861335624648028,0.97666246236742
L-Concrete,concrete,linear,0.0015,0.1,1,4,0.9724050208578214,0.9589659996281288
L-Concrete,concrete,linear,0.0015,0.1,2,3,0.9724041370079448,0.9533206349813822
L-Concrete,concrete,linear,0.0015,0.1,2,4,0.9861486971724368,0.9766181507701164
L-Concrete,concrete,linear,0.0015,0.1,3,4,0.9861486971724368,0.9766181507701164
L-Concrete,concrete,linear,0.002,0.1,0,1,0.940713638183456,0.9020202166690776
L-Concrete,concrete,linear,0.002,0.1,0,2,1.0,1.0
L-Concrete,concrete,linear,0.002,0.1,0,3,0.9754015035067712,0.9545901234331324
L-Concrete,concrete,linear,0.002,0.1,0,4,0.9476587423286984,0.9052702312434616
L-Concrete,concrete,linear,0.002,0.1,1,2,0.940713638183456,0.9020202166690776
L-Concrete,concrete,linear,0.002,0.1,1,3,0.9647409796860528,0.9392118907990594
L-Concrete,concrete,linear,0.002,0.1,1,4,0.9793669721353842,0.956501489812628
L-Concrete,concrete,linear,0.002,0.1,2,3,0.9754015035067712,0.9545901234331324
L-Concrete,concrete,linear,0.002,0.1,2,4,0.9476587423286984,0.9052702312434616
L-Concrete,concrete,linear,0.002,0.1,3,4,0.9718083066551396,0.9424561159965475
L-Concrete,concrete,linear,0.0025,0.1,0,1,0.9720969124576104,0.9423412747284886
L-Concrete,concrete,linear,0.0025,0.1,0,2,0.9720969124576104,0.9423412747284886
L-Concrete,concrete,linear,0.0025,0.1,0,3,0.9933848083111084,0.9796020068921418
L-Concrete,concrete,linear,0.0025,0.1,0,4,0.9794359287315164,0.9556224527723348
L-Concrete,concrete,linear,0.0025,0.1,1,2,1.0,1.0
L-Concrete,concrete,linear,0.0025,0.1,1,3,0.978713684317836,0.9626861421786344
L-Concrete,concrete,linear,0.0025,0.1,1,4,0.9647448965963789,0.9389027164357802
L-Concrete,concrete,linear,0.0025,0.1,2,3,0.978713684317836,0.9626861421786344
L-Concrete,concrete,linear,0.0025,0.1,2,4,0.9647448965963789,0.9389027164357804
L-Concrete,concrete,linear,0.0025,0.1,3,4,0.9860426441409172,0.9761015622925308
L-Concrete,concrete,linear,0.003,0.1,0,1,0.989254947990624,0.978350425294181
L-Concrete,concrete,linear,0.003,0.1,0,2,0.989254947990624,0.978350425294181
L-Concrete,concrete,linear,0.003,0.1,0,3,0.978612185306474,0.9568783060457416
L-Concrete,concrete,linear,0.003,0.1,0,4,0.9681676603703888,0.9316749175975472
L-Concrete,concrete,linear,0.003,0.1,1,2,1.0,1.0
L-Concrete,concrete,linear,0.003,0.1,1,3,0.989254947990624,0.978350425294181
L-Concrete,concrete,linear,0.003,0.1,1,4,0.9603764264457756,0.9173415882543228
L-Concrete,concrete,linear,0.003,0.1,2,3,0.989254947990624,0.978350425294181
L-Concrete,concrete,linear,0.003,0.1,2,4,0.9603764264457756,0.917341588254323
L-Concrete,concrete,linear,0.003,0.1,3,4,0.9497352198991474,0.8958225736938301
L-Concrete,concrete,linear,0.004,0.1,0,1,0.9933848083111084,0.9796020068921418
L-Concrete,concrete,linear,0.004,0.1,0,2,0.9794359287315164,0.9556224527723348
L-Concrete,concrete,linear,0.004,0.1,0,3,0.9933848083111084,0.9796020068921418
L-Concrete,concrete,linear,0.004,0.1,0,4,0.9794359287315164,0.9556224527723348
L-Concrete,concrete,linear,0.004,0.1,1,2,0.9860426441409172,0.9761015622925306
L-Concrete,concrete,linear,0.004,0.1,1,3,1.0,1.0
L-Concrete,concrete,linear,0.004,0.1,1,4,0.9860426441409172,0.9761015622925308
L-Concrete,concrete,linear,0.004,0.1,2,3,0.9860426441409172,0.9761015622925306
L-Concrete,concrete,linear,0.004,0.1,2,4,1.0,1.0
L-Concrete,concrete,linear,0.004,0.1,3,4,0.9860426441409172,0.9761015622925308
L-Concrete,concrete,linear,0.006,0.1,0,1,0.9667501286946524,0.9282933952127372
L-Concrete,concrete,linear,0.006,0.1,0,2,0.9858432263583828,0.9755221934988852
L-Concrete,concrete,linear,0.006,0.1,0,3,0.9729976643540847,0.9405717889503854
L-Concrete,concrete,linear,0.006,0.1,0,4,0.9870489406365592,0.964828366450328
L-Concrete,concrete,linear,0.006,0.1,1,2,0.9805501288453896,0.9524893845771272
L-Concrete,concrete,linear,0.006,0.1,1,3,0.9933899870058884,0.979558128035365
L-Concrete,concrete,linear,0.006,0.1,1,4,0.9794517325248506,0.9554668406858444
L-Concrete,concrete,linear,0.006,0.1,2,3,0.986916965579562,0.9648633317628564
L-Concrete,concrete,linear,0.006,0.1,2,4,0.9728761664539478,0.9405184833151776
L-Concrete,concrete,linear,0.006,0.1,3,4,0.9859427093069898,0.9758244599804682
L-Concrete,concrete,linear,0.00075,0.0,0,1,0.9860860635385053,0.9602908648151602
L-Concrete,concrete,linear,0.00075,0.0,0,2,0.9641986181336724,0.9235680662544558
L-Concrete,concrete,linear,0.00075,0.0,0,3,0.9574137209440856,0.9039070254733084
L-Concrete,concrete,linear,0.00075,0.0,0,4,0.9441457424490042,0.8864917014635235
L-Concrete,concrete,linear,0.00075,0.0,1,2,0.9641986181336724,0.9235680662544558
L-Concrete,concrete,linear,0.00075,0.0,1,3,0.970952711395388,0.9379208063446504
L-Concrete,concrete,linear,0.00075,0.0,1,4,0.957540932928781,0.920538850810156
L-Concrete,concrete,linear,0.00075,0.0,2,3,0.9929901443688453,0.9800597284861484
L-Concrete,concrete,linear,0.00075,0.0,2,4,0.923314054297718,0.8521660552790508
L-Concrete,concrete,linear,0.00075,0.0,3,4,0.9296713212975488,0.8663574674659533
L-Concrete,concrete,linear,0.001,0.0,0,1,0.6657852221883296,0.6466488825129015
L-Concrete,concrete,linear,0.001,0.0,0,2,0.493403847911188,0.6586287914846797
L-Concrete,concrete,linear,0.001,0.0,0,3,0.4832982158831096,0.6377375370600372
L-Concrete,concrete,linear,0.001,0.0,0,4,0.624038345786258,0.5998432027991869
L-Concrete,concrete,linear,0.001,0.0,1,2,0.5136157183765063,0.6464452403044323
L-Concrete,concrete,linear,0.001,0.0,1,3,0.5142248026836106,0.6546076208497834
L-Concrete,concrete,linear,0.001,0.0,1,4,0.848398316994616,0.7974739301653871
L-Concrete,concrete,linear,0.001,0.0,2,3,0.9622271215507914,0.9103340916985894
L-Concrete,concrete,linear,0.001,0.0,2,4,0.5060535749915518,0.6259143372017432
L-Concrete,concrete,linear,0.001,0.0,3,4,0.5069325625718499,0.6360886519168916
L-Concrete,concrete,linear,0.0015,0.0,0,1,0.5520273243422804,0.6628483113831705
L-Concrete,concrete,linear,0.0015,0.0,0,2,0.8534879771861248,0.7879426735317103
L-Concrete,concrete,linear,0.0015,0.0,0,3,0.771347884787748,0.7486853761582454
L-Concrete,concrete,linear,0.0015,0.0,0,4,0.5485714836575104,0.6531802109429157
L-Concrete,concrete,linear,0.0015,0.0,1,2,0.5224476830588369,0.6308785401622076
L-Concrete,concrete,linear,0.0015,0.0,1,3,0.4986202017560586,0.6488683589689453
L-Concrete,concrete,linear,0.0015,0.0,1,4,0.982087404808334,0.9588052346476224
L-Concrete,concrete,linear,0.0015,0.0,2,3,0.763983952133748,0.7033515671971271
L-Concrete,concrete,linear,0.0015,0.0,2,4,0.5261438466478003,0.62263346252252
L-Concrete,concrete,linear,0.0015,0.0,3,4,0.4972290059306738,0.6401613159543839
L-Concrete,concrete,linear,0.002,0.0,0,1,0.975114439705002,0.9444600352768676
L-Concrete,concrete,linear,0.002,0.0,0,2,0.9862501475377418,0.9656118222116468
L-Concrete,concrete,linear,0.002,0.0,0,3,0.9821630957549208,0.9587637952323796
L-Concrete,concrete,linear,0.002,0.0,0,4,0.9820032289433902,0.9588378282939064
L-Concrete,concrete,linear,0.002,0.0,1,2,0.9750930425621844,0.9391127355428734
L-Concrete,concrete,linear,0.002,0.0,1,3,0.9710174287010648,0.9431526592665788
L-Concrete,concrete,linear,0.002,0.0,1,4,0.992984341311598,0.9800907400409772
L-Concrete,concrete,linear,0.002,0.0,2,3,0.968653780565604,0.924565147885914
L-Concrete,concrete,linear,0.002,0.0,2,4,0.968463602580258,0.9248296848443844
L-Concrete,concrete,linear,0.002,0.0,3,4,0.9780256062501046,0.9631195385278428
L-Concrete,concrete,linear,0.0025,0.0,0,1,0.9473491690375128,0.9024300309239432
L-Concrete,concrete,linear,0.0025,0.0,0,2,0.9820265317137415,0.9587470182134832
L-Concrete,concrete,linear,0.0025,0.0,0,3,0.9820265317137415,0.9587470182134832
L-Concrete,concrete,linear,0.0025,0.0,0,4,0.6163683258504974,0.7110331121832357
L-Concrete,concrete,linear,0.0025,0.0,1,2,0.9519939212466384,0.8961665982633665
L-Concrete,concrete,linear,0.0025,0.0,1,3,0.964819972821964,0.9282439194962596
L-Concrete,concrete,linear,0.0025,0.0,1,4,0.5939851643804849,0.6614745391539566
L-Concrete,concrete,linear,0.0025,0.0,2,3,0.9864008978246122,0.9600115702134112
L-Concrete,concrete,linear,0.0025,0.0,2,4,0.6084822836276147,0.6900877145507393
L-Concrete,concrete,linear,0.0025,0.0,3,4,0.6084822836276147,0.6900877145507393
L-Concrete,concrete,linear,0.003,0.0,0,1,0.8908425727958463,0.8472234614841309
L-Concrete,concrete,linear,0.003,0.0,0,2,0.804691504991826,0.7463902288532495
L-Concrete,concrete,linear,0.003,0.0,0,3,0.4836696556459807,0.629505722601864
L-Concrete,concrete,linear,0.003,0.0,0,4,0.4900672330507019,0.6422550719023095
L-Concrete,concrete,linear,0.003,0.0,1,2,0.8337630858871037,0.8016377958816395
L-Concrete,concrete,linear,0.003,0.0,1,3,0.522691623613653,0.6643360195483392
L-Concrete,concrete,linear,0.003,0.0,1,4,0.5294944118751171,0.6843618406355011
L-Concrete,concrete,linear,0.003,0.0,2,3,0.4980355121185548,0.6577610881357707
L-Concrete,concrete,linear,0.003,0.0,2,4,0.5046760493611522,0.677620300672059
L-Concrete,concrete,linear,0.003,0.0,3,4,0.9823711970256565,0.9583719281627262
L-Concrete,concrete,linear,0.004,0.0,0,1,0.9575324274998857,0.916733596357068
L-Concrete,concrete,linear,0.004,0.0,0,2,0.9215005084150474,0.8645388598901929
L-Concrete,concrete,linear,0.004,0.0,0,3,0.9672140979090108,0.9324228649757846
L-Concrete,concrete,linear,0.004,0.0,0,4,0.6001288245045144,0.6874511586711529
L-Concrete,concrete,linear,0.004,0.0,1,2,0.9164868195780116,0.8559992651588049
L-Concrete,concrete,linear,0.004,0.0,1,3,0.9641754868448408,0.9286093413566916
L-Concrete,concrete,linear,0.004,0.0,1,4,0.591614244120466,0.6647654285857716
L-Concrete,concrete,linear,0.004,0.0,2,3,0.9505636567616748,0.901458216420588
L-Concrete,concrete,linear,0.004,0.0,2,4,0.6403740005617683,0.7203885244245628
L-Concrete,concrete,linear,0.004,0.0,3,4,0.6130366720969962,0.6927344653045144
L-Concrete,concrete,linear,0.006,0.0,0,1,0.9353829935251676,0.8781152177404222
L-Concrete,concrete,linear,0.006,0.0,0,2,0.9394254154832872,0.8738034820587945
L-Concrete,concrete,linear,0.006,0.0,0,3,0.9452448455434808,0.8934133823461766
L-Concrete,concrete,linear,0.006,0.0,0,4,0.9635362928334466,0.9204866797309866
L-Concrete,concrete,linear,0.006,0.0,1,2,0.986178942342812,0.976524561923466
L-Concrete,concrete,linear,0.006,0.0,1,3,0.9890973874307392,0.9784761105765668
L-Concrete,concrete,linear,0.006,0.0,1,4,0.9573529377034072,0.900685626583513
L-Concrete,concrete,linear,0.006,0.0,2,3,0.9932962750461112,0.9797890243147214
L-Concrete,concrete,linear,0.006,0.0,2,4,0.9616521570060248,0.9078444895467208
L-Concrete,concrete,linear,0.006,0.0,3,4,0.967727260143653,0.9220271142945816
L-Concrete,concrete,linear,0.00075,0.025,0,1,0.9861486971724368,0.9766181507701166
L-Concrete,concrete,linear,0.00075,0.025,0,2,1.0,1.0
L-Concrete,concrete,linear,0.00075,0.025,0,3,1.0,1.0
L-Concrete,concrete,linear,0.00075,0.025,0,4,1.0,1.0
L-Concrete,concrete,linear,0.00075,0.025,1,2,0.9861486971724368,0.9766181507701164
L-Concrete,concrete,linear,0.00075,0.025,1,3,0.9861486971724368,0.9766181507701164
L-Concrete,concrete,linear,0.00075,0.025,1,4,0.9861486971724368,0.9766181507701164
L-Concrete,concrete,linear,0.00075,0.025,2,3,1.0,1.0
L-Concrete,concrete,linear,0.00075,0.025,2,4,1.0,1.0
L-Concrete,concrete,linear,0.00075,0.025,3,4,1.0,1.0
L-Concrete,concrete,linear,0.001,0.025,0,1,0.9544305276049612,0.9254886842292812
L-Concrete,concrete,linear,0.001,0.025,0,2,0.9893051233643548,0.9784188890743531
L-Concrete,concrete,linear,0.001,0.025,0,3,0.9933796639067608,0.9796444219848638
L-Concrete,concrete,linear,0.001,0.025,0,4,1.0,1.0
L-Concrete,concrete,linear,0.001,0.025,1,2,0.9648602261077922,0.9392416187339284
L-Concrete,concrete,linear,0.001,0.025,1,3,0.957636511740116,0.9278250270703872
L-Concrete,concrete,linear,0.001,0.025,1,4,0.9544305276049612,0.925488684229281
L-Concrete,concrete,linear,0.001,0.025,2,3,0.9826745758684132,0.95818039619657
L-Concrete,concrete,linear,0.001,0.025,2,4,0.9893051233643548,0.9784188890743531
L-Concrete,concrete,linear,0.001,0.025,3,4,0.9933796639067608,0.979644421984864
L-Concrete,concrete,linear,0.0015,0.025,0,1,0.9933848083111084,0.9796020068921418
L-Concrete,concrete,linear,0.0015,0.025,0,2,0.9933848083111084,0.9796020068921418
L-Concrete,concrete,linear,0.0015,0.025,0,3,0.9933848083111084,0.9796020068921418
L-Concrete,concrete,linear,0.0015,0.025,0,4,0.9933848083111084,0.9796020068921418
L-Concrete,concrete,linear,0.0015,0.025,1,2,1.0,1.0
L-Concrete,concrete,linear,0.0015,0.025,1,3,1.0,1.0
L-Concrete,concrete,linear,0.0015,0.025,1,4,1.0,1.0
L-Concrete,concrete,linear,0.0015,0.025,2,3,1.0,1.0
L-Concrete,concrete,linear,0.0015,0.025,2,4,1.0,1.0
L-Concrete,concrete,linear,0.0015,0.025,3,4,1.0,1.0
L-Concrete,concrete,linear,0.002,0.025,0,1,0.9665676981728172,0.9282122197200292
L-Concrete,concrete,linear,0.002,0.025,0,2,0.9805501288453896,0.9524893845771272
L-Concrete,concrete,linear,0.002,0.025,0,3,0.974300240296076,0.9415524110090095
L-Concrete,concrete,linear,0.002,0.025,0,4,0.974300240296076,0.9415524110090095
L-Concrete,concrete,linear,0.002,0.025,1,2,0.9859926029161848,0.9759659952278196
L-Concrete,concrete,linear,0.002,0.025,1,3,0.9794967207060632,0.955649195652362
L-Concrete,concrete,linear,0.002,0.025,1,4,0.9794967207060632,0.955649195652362
L-Concrete,concrete,linear,0.002,0.025,2,3,0.9933848083111084,0.979602006892142
L-Concrete,concrete,linear,0.002,0.025,2,4,0.9933848083111084,0.979602006892142
L-Concrete,concrete,linear,0.002,0.025,3,4,1.0,1.0
L-Concrete,concrete,linear,0.0025,0.025,0,1,0.979416643962966,0.955721992085548
L-Concrete,concrete,linear,0.0025,0.025,0,2,0.9933848083111084,0.9796020068921418
L-Concrete,concrete,linear,0.0025,0.025,0,3,0.9933848083111084,0.979602006892142
L-Concrete,concrete,linear,0.0025,0.025,0,4,0.9933848083111084,0.9796020068921418
L-Concrete,concrete,linear,0.0025,0.025,1,2,0.986029175694186,0.97614975531481
L-Concrete,concrete,linear,0.0025,0.025,1,3,0.986029175694186,0.97614975531481
L-Concrete,concrete,linear,0.0025,0.025,1,4,0.986029175694186,0.97614975531481
L-Concrete,concrete,linear,0.0025,0.025,2,3,1.0,1.0
L-Concrete,concrete,linear,0.0025,0.025,2,4,1.0,1.0
L-Concrete,concrete,linear,0.0025,0.025,3,4,1.0,1.0
L-Concrete,concrete,linear,0.003,0.025,0,1,0.9727322250142026,0.9405995023777928
L-Concrete,concrete,linear,0.003,0.025,0,2,0.9859303134933758,0.9758719649721884
L-Concrete,concrete,linear,0.003,0.025,0,3,0.9868963702875828,0.964986459137856
L-Concrete,concrete,linear,0.003,0.025,0,4,0.9742598960424436,0.9416834447662676
L-Concrete,concrete,linear,0.003,0.025,1,2,0.9867847235557222,0.9648959668224764
L-Concrete,concrete,linear,0.003,0.025,1,3,0.9600991055745852,0.9174302124914864
L-Concrete,concrete,linear,0.003,0.025,1,4,0.9479355888828418,0.8986374925616504
L-Concrete,concrete,linear,0.003,0.025,2,3,0.9728095858135322,0.9410136786962372
L-Concrete,concrete,linear,0.003,0.025,2,4,0.9601563718378252,0.917841108061491
L-Concrete,concrete,linear,0.003,0.025,3,4,0.9868759823269332,0.9651039610361414
L-Concrete,concrete,linear,0.004,0.025,0,1,0.9664926157964968,0.9291086110502742
L-Concrete,concrete,linear,0.004,0.025,0,2,0.9804893650555826,0.9527519720445426
L-Concrete,concrete,linear,0.004,0.025,0,3,0.950516186216674,0.9064914763749968
L-Concrete,concrete,linear,0.004,0.025,0,4,0.9575919139628628,0.9100606554061474
L-Concrete,concrete,linear,0.004,0.025,1,2,0.9729087493895958,0.9355485086852444
L-Concrete,concrete,linear,0.004,0.025,1,3,0.9542397023554752,0.9075488611589912
L-Concrete,concrete,linear,0.004,0.025,1,4,0.952946286428166,0.910384541236476
L-Concrete,concrete,linear,0.004,0.025,2,3,0.9681927629964426,0.9316167585088044
L-Concrete,concrete,linear,0.004,0.025,2,4,0.976361749528011,0.9432372350226462
L-Concrete,concrete,linear,0.004,0.025,3,4,0.9728364255627622,0.9403011822478546
L-Concrete,concrete,linear,0.006,0.025,0,1,0.9720942455410504,0.9578069005936066
L-Concrete,concrete,linear,0.006,0.025,0,2,0.9602453791204034,0.9064974817187272
L-Concrete,concrete,linear,0.006,0.025,0,3,0.960185489199672,0.9180375696018888
L-Concrete,concrete,linear,0.006,0.025,0,4,0.9665396995205338,0.9283786379566028
L-Concrete,concrete,linear,0.006,0.025,1,2,0.9701054252713384,0.9232262675366312
L-Concrete,concrete,linear,0.006,0.025,1,3,0.9698205258529876,0.9310495627164002
L-Concrete,concrete,linear,0.006,0.025,1,4,0.9665676981728172,0.9282122197200292
L-Concrete,concrete,linear,0.006,0.025,2,3,0.974239941133598,0.9417486669057412
L-Concrete,concrete,linear,0.006,0.025,2,4,0.9681894630648896,0.9214815094230132
L-Concrete,concrete,linear,0.006,0.025,3,4,0.9562558258748004,0.9142823791756574
L-Concrete,concrete,linear,0.00075,0.05,0,1,0.96494518786287,0.9394049926807888
L-Concrete,concrete,linear,0.00075,0.05,0,2,0.9545662532313248,0.9257008504498568
L-Concrete,concrete,linear,0.00075,0.05,0,3,0.9647409796860528,0.9392118907990594
L-Concrete,concrete,linear,0.00075,0.05,0,4,0.9545662532313248,0.9257008504498568
L-Concrete,concrete,linear,0.00075,0.05,1,2,0.9893553712368818,0.9784854094723338
L-Concrete,concrete,linear,0.00075,0.05,1,3,0.9722659815725322,0.9583673607925788
L-Concrete,concrete,linear,0.00075,0.05,1,4,0.9893553712368818,0.9784854094723338
L-Concrete,concrete,linear,0.00075,0.05,2,3,0.9616562249530802,0.9366570795079489
L-Concrete,concrete,linear,0.00075,0.05,2,4,1.0,1.0
L-Concrete,concrete,linear,0.00075,0.05,3,4,0.9616562249530802,0.9366570795079489
L-Concrete,concrete,linear,0.001,0.05,0,1,0.9754801578705532,0.955465086366272
L-Concrete,concrete,linear,0.001,0.05,0,2,0.9754075010970626,0.9552052945133572
L-Concrete,concrete,linear,0.001,0.05,0,3,0.9754075010970626,0.9552052945133572
L-Concrete,concrete,linear,0.001,0.05,0,4,0.9861335624648028,0.97666246236742
L-Concrete,concrete,linear,0.001,0.05,1,2,0.9786329192703952,0.962954998038658
L-Concrete,concrete,linear,0.001,0.05,1,3,0.9786329192703952,0.962954998038658
L-Concrete,concrete,linear,0.001,0.05,1,4,0.9617437418729884,0.9321716931439916
L-Concrete,concrete,linear,0.001,0.05,2,3,1.0,1.0
L-Concrete,concrete,linear,0.001,0.05,2,4,0.9616967534545636,0.9317630532140428
L-Concrete,concrete,linear,0.001,0.05,3,4,0.9616967534545636,0.9317630532140428
L-Concrete,concrete,linear,0.0015,0.05,0,1,1.0,1.0
L-Concrete,concrete,linear,0.0015,0.05,0,2,0.9754015035067712,0.9545901234331324
L-Concrete,concrete,linear,0.0015,0.05,0,3,0.9794967207060632,0.9556491956523622
L-Concrete,concrete,linear,0.0015,0.05,0,4,1.0,1.0
L-Concrete,concrete,linear,0.0015,0.05,1,2,0.9754015035067712,0.9545901234331324
L-Concrete,concrete,linear,0.0015,0.05,1,3,0.9794967207060632,0.955649195652362
L-Concrete,concrete,linear,0.0015,0.05,1,4,1.0,1.0
L-Concrete,concrete,linear,0.0015,0.05,2,3,0.9827055462052952,0.9579482008210825
L-Concrete,concrete,linear,0.0015,0.05,2,4,0.9754015035067712,0.9545901234331324
L-Concrete,concrete,linear,0.0015,0.05,3,4,0.9794967207060632,0.9556491956523622
L-Concrete,concrete,linear,0.002,0.05,0,1,1.0,1.0
L-Concrete,concrete,linear,0.002,0.05,0,2,1.0,1.0
L-Concrete,concrete,linear,0.002,0.05,0,3,1.0,1.0
L-Concrete,concrete,linear,0.002,0.05,0,4,0.9933848083111084,0.9796020068921418
L-Concrete,concrete,linear,0.002,0.05,1,2,1.0,1.0
L-Concrete,concrete,linear,0.002,0.05,1,3,1.0,1.0
L-Concrete,concrete,linear,0.002,0.05,1,4,0.9933848083111084,0.9796020068921418
L-Concrete,concrete,linear,0.002,0.05,2,3,1.0,1.0
L-Concrete,concrete,linear,0.002,0.05,2,4,0.9933848083111084,0.9796020068921418
L-Concrete,concrete,linear,0.002,0.05,3,4,0.9933848083111084,0.9796020068921418
L-Concrete,concrete,linear,0.0025,0.05,0,1,1.0,1.0
L-Concrete,concrete,linear,0.0025,0.05,0,2,0.9933848083111084,0.9796020068921418
L-Concrete,concrete,linear,0.0025,0.05,0,3,1.0,1.0
L-Concrete,concrete,linear,0.0025,0.05,0,4,1.0,1.0
L-Concrete,concrete,linear,0.0025,0.05,1,2,0.9933848083111084,0.9796020068921418
L-Concrete,concrete,linear,0.0025,0.05,1,3,1.0,1.0
L-Concrete,concrete,linear,0.0025,0.05,1,4,1.0,1.0
L-Concrete,concrete,linear,0.0025,0.05,2,3,0.9933848083111084,0.9796020068921418
L-Concrete,concrete,linear,0.0025,0.05,2,4,0.9933848083111084,0.9796020068921418
L-Concrete,concrete,linear,0.0025,0.05,3,4,1.0,1.0
L-Concrete,concrete,linear,0.003,0.05,0,1,1.0,1.0
L-Concrete,concrete,linear,0.003,0.05,0,2,1.0,1.0
L-Concrete,concrete,linear,0.003,0.05,0,3,0.9933848083111084,0.9796020068921418
L-Concrete,concrete,linear,0.003,0.05,0,4,1.0,1.0
L-Concrete,concrete,linear,0.003,0.05,1,2,1.0,1.0
L-Concrete,concrete,linear,0.003,0.05,1,3,0.9933848083111084,0.979602006892142
L-Concrete,concrete,linear,0.003,0.05,1,4,1.0,1.0
L-Concrete,concrete,linear,0.003,0.05,2,3,0.9933848083111084,0.9796020068921418
L-Concrete,concrete,linear,0.003,0.05,2,4,1.0,1.0
L-Concrete,concrete,linear,0.003,0.05,3,4,0.9933848083111084,0.9796020068921418
L-Concrete,concrete,linear,0.004,0.05,0,1,0.9933899870058884,0.979558128035365
L-Concrete,concrete,linear,0.004,0.05,0,2,0.9859796680562034,0.976013836965779
L-Concrete,concrete,linear,0.004,0.05,0,3,0.9729960471240904,0.9411250737306656
L-Concrete,concrete,linear,0.004,0.05,0,4,0.9868861343800058,0.9650459973397956
L-Concrete,concrete,linear,0.004,0.05,1,2,0.97937251654895,0.9555387969663716
L-Concrete,concrete,linear,0.004,0.05,1,3,0.9666378981654168,0.9286278987261016
L-Concrete,concrete,linear,0.004,0.05,1,4,0.9805195446704073,0.9526226365709544
L-Concrete,concrete,linear,0.004,0.05,2,3,0.9590806506736164,0.9230887022172212
L-Concrete,concrete,linear,0.004,0.05,2,4,0.9728485409264788,0.9412096419963196
L-Concrete,concrete,linear,0.004,0.05,3,4,0.9860928656148804,0.976231450254346
L-Concrete,concrete,linear,0.006,0.05,0,1,0.9727322250142026,0.9405995023777928
L-Concrete,concrete,linear,0.006,0.05,0,2,0.986916965579562,0.9648633317628564
L-Concrete,concrete,linear,0.006,0.05,0,3,1.0,1.0
L-Concrete,concrete,linear,0.006,0.05,0,4,0.965494519324317,0.9314623676347752
L-Concrete,concrete,linear,0.006,0.05,1,2,0.9858319222564532,0.9755690697552388
L-Concrete,concrete,linear,0.006,0.05,1,3,0.9727322250142026,0.9405995023777928
L-Concrete,concrete,linear,0.006,0.05,1,4,0.9387154584098006,0.8859027481024567
L-Concrete,concrete,linear,0.006,0.05,2,3,0.986916965579562,0.9648633317628564
L-Concrete,concrete,linear,0.006,0.05,2,4,0.9526780393403405,0.904144260268363
L-Concrete,concrete,linear,0.006,0.05,3,4,0.965494519324317,0.9314623676347752
L-Concrete,concrete,linear,0.00075,0.1,0,1,1.0,1.0
L-Concrete,concrete,linear,0.00075,0.1,0,2,0.9892653321783492,0.9785931364263126
L-Concrete,concrete,linear,0.00075,0.1,0,3,0.9892653321783492,0.9785931364263126
L-Concrete,concrete,linear,0.00075,0.1,0,4,1.0,1.0
L-Concrete,concrete,linear,0.00075,0.1,1,2,0.9892653321783492,0.9785931364263126
L-Concrete,concrete,linear,0.00075,0.1,1,3,0.9892653321783492,0.9785931364263126
L-Concrete,concrete,linear,0.00075,0.1,1,4,1.0,1.0
L-Concrete,concrete,linear,0.00075,0.1,2,3,1.0,1.0
L-Concrete,concrete,linear,0.00075,0.1,2,4,0.9892653321783492,0.9785931364263126
L-Concrete,concrete,linear,0.00075,0.1,3,4,0.9892653321783492,0.9785931364263126
L-Concrete,concrete,linear,0.001,0.1,0,1,0.9892653321783492,0.9785931364263126
L-Concrete,concrete,linear,0.001,0.1,0,2,0.9892653321783492,0.9785931364263126
L-Concrete,concrete,linear,0.001,0.1,0,3,0.9892653321783492,0.9785931364263126
L-Concrete,concrete,linear,0.001,0.1,0,4,1.0,1.0
L-Concrete,concrete,linear,0.001,0.1,1,2,1.0,1.0
L-Concrete,concrete,linear,0.001,0.1,1,3,1.0,1.0
L-Concrete,concrete,linear,0.001,0.1,1,4,0.9892653321783492,0.9785931364263126
L-Concrete,concrete,linear,0.001,0.1,2,3,1.0,1.0
L-Concrete,concrete,linear,0.001,0.1,2,4,0.9892653321783492,0.9785931364263126
L-Concrete,concrete,linear,0.001,0.1,3,4,0.9892653321783492,0.9785931364263126
L-Concrete,concrete,linear,0.0015,0.1,0,1,0.9511022919758289,0.915357598058662
L-Concrete,concrete,linear,0.0015,0.1,0,2,0.9647448965963789,0.9389027164357802
L-Concrete,concrete,linear,0.0015,0.1,0,3,0.9860995805102064,0.9764976574451372
L-Concrete,concrete,linear,0.0015,0.1,0,4,0.9723354294990558,0.9529899467937922
L-Concrete,concrete,linear,0.0015,0.1,1,2,0.9860426441409172,0.9761015622925306
L-Concrete,concrete,linear,0.0015,0.1,1,3,0.964830941222296,0.9390692354204796
L-Concrete,concrete,linear,0.0015,0.1,1,4,0.978713684317836,0.9626861421786344
L-Concrete,concrete,linear,0.0015,0.1,2,3,0.9509857339699078,0.9210464371288846
L-Concrete,concrete,linear,0.0015,0.1,2,4,0.9647448965963789,0.9389027164357802
L-Concrete,concrete,linear,0.0015,0.1,3,4,0.9860995805102064,0.9764976574451372
L-Concrete,concrete,linear,0.002,0.1,0,1,0.9542530068360944,0.9254435111893218
L-Concrete,concrete,linear,0.002,0.1,0,2,0.9542530068360944,0.9254435111893218
L-Concrete,concrete,linear,0.002,0.1,0,3,0.9682264056794292,0.9491665401834004
L-Concrete,concrete,linear,0.002,0.1,0,4,0.9823311707607676,0.9585525439160686
L-Concrete,concrete,linear,0.002,0.1,1,2,1.0,1.0
L-Concrete,concrete,linear,0.002,0.1,1,3,0.9860426441409172,0.9761015622925308
L-Concrete,concrete,linear,0.002,0.1,1,4,0.9473189873607252,0.9258038231044252
L-Concrete,concrete,linear,0.002,0.1,2,3,0.9860426441409172,0.9761015622925306
L-Concrete,concrete,linear,0.002,0.1,2,4,0.9473189873607252,0.9258038231044252
L-Concrete,concrete,linear,0.002,0.1,3,4,0.9509427880806596,0.916834324992681
L-Concrete,concrete,linear,0.0025,0.1,0,1,0.9682264056794292,0.9491665401834004
L-Concrete,concrete,linear,0.0025,0.1,0,2,0.9933848083111084,0.9796020068921418
L-Concrete,concrete,linear,0.0025,0.1,0,3,0.9860426441409172,0.9761015622925306
L-Concrete,concrete,linear,0.0025,0.1,0,4,1.0,1.0
L-Concrete,concrete,linear,0.0025,0.1,1,2,0.9616096499826012,0.9288571202421058
L-Concrete,concrete,linear,0.0025,0.1,1,3,0.9542530068360944,0.9254435111893218
L-Concrete,concrete,linear,0.0025,0.1,1,4,0.9682264056794292,0.9491665401834004
L-Concrete,concrete,linear,0.0025,0.1,2,3,0.9794359287315164,0.9556224527723348
L-Concrete,concrete,linear,0.0025,0.1,2,4,0.9933848083111084,0.9796020068921418
L-Concrete,concrete,linear,0.0025,0.1,3,4,0.9860426441409172,0.9761015622925306
L-Concrete,concrete,linear,0.003,0.1,0,1,1.0,1.0
L-Concrete,concrete,linear,0.003,0.1,0,2,1.0,1.0
L-Concrete,concrete,linear,0.003,0.1,0,3,0.9860426441409172,0.9761015622925306
L-Concrete,concrete,linear,0.003,0.1,0,4,1.0,1.0
L-Concrete,concrete,linear,0.003,0.1,1,2,1.0,1.0
L-Concrete,concrete,linear,0.003,0.1,1,3,0.9860426441409172,0.9761015622925306
L-Concrete,concrete,linear,0.003,0.1,1,4,1.0,1.0
L-Concrete,concrete,linear,0.003,0.1,2,3,0.9860426441409172,0.9761015622925306
L-Concrete,concrete,linear,0.003,0.1,2,4,1.0,1.0
L-Concrete,concrete,linear,0.003,0.1,3,4,0.9860426441409172,0.9761015622925306
L-Concrete,concrete,linear,0.004,0.1,0,1,0.9869066582636384,0.9649255062815422
L-Concrete,concrete,linear,0.004,0.1,0,2,0.9869066582636384,0.9649255062815422
L-Concrete,concrete,linear,0.004,0.1,0,3,0.9805348099811624,0.9525563444991982
L-Concrete,concrete,linear,0.004,0.1,0,4,0.9869066582636384,0.9649255062815424
L-Concrete,concrete,linear,0.004,0.1,1,2,1.0,1.0
L-Concrete,concrete,linear,0.004,0.1,1,3,0.9933848083111084,0.9796020068921418
L-Concrete,concrete,linear,0.004,0.1,1,4,1.0,1.0000000000000002
L-Concrete,concrete,linear,0.004,0.1,2,3,0.9933848083111084,0.9796020068921418
L-Concrete,concrete,linear,0.004,0.1,2,4,1.0,1.0000000000000002
L-Concrete,concrete,linear,0.004,0.1,3,4,0.9933848083111084,0.9796020068921418
L-Concrete,concrete,linear,0.006,0.1,0,1,0.9794967207060632,0.9556491956523622
L-Concrete,concrete,linear,0.006,0.1,0,2,0.9859926029161848,0.9759659952278196
L-Concrete,concrete,linear,0.006,0.1,0,3,0.979390976574504,0.9554402908589716
L-Concrete,concrete,linear,0.006,0.1,0,4,0.9934516613568218,0.979576133873546
L-Concrete,concrete,linear,0.006,0.1,1,2,0.9933848083111084,0.979602006892142
L-Concrete,concrete,linear,0.006,0.1,1,3,0.9868963702875828,0.964986459137856
L-Concrete,concrete,linear,0.006,0.1,1,4,0.9860426441409172,0.9761015622925308
L-Concrete,concrete,linear,0.006,0.1,2,3,0.9933899870058884,0.979558128035365
L-Concrete,concrete,linear,0.006,0.1,2,4,0.9794359287315164,0.9556224527723348
L-Concrete,concrete,linear,0.006,0.1,3,4,0.9729559094659757,0.9409303112588968
