model_family,gate_type,predictor,gate_sigma,temperature,lambda_sparse,lambda_sample_smooth,seed,run_id,test_cindex,best_val_cindex,best_epoch,mean_Khard,manifold_alignment,gene_union_count,gene_freq_ge_threshold_count,effective_gene_count
LSPIN,lspin_tf,mlp,0.15,0.5,0.0035,0.0,10123,0,0.726961157654227,0.7753934191702432,7,434.83782958984375,0.9905313927414926,1587.0,994.0,899.3750295019647
LSPIN,lspin_tf,mlp,0.15,0.5,0.0035,0.0,10124,1,0.7254379284082254,0.8125894134477826,8,572.2432250976562,0.9901437327878028,1588.0,1123.0,1046.6550523093613
LSPIN,lspin_tf,mlp,0.15,0.5,0.0035,0.0,10125,2,0.7123952779893374,0.7939914163090128,8,507.57916259765625,0.9918195354293892,1569.0,1020.0,964.0300324973886
LSPIN,lspin_tf,mlp,0.15,0.5,0.0035,0.0,10126,3,0.7358149276466108,0.7832618025751072,5,653.355224609375,0.9942022406000048,2145.0,1393.0,1282.1922008548286
LSPIN,lspin_tf,mlp,0.15,0.5,0.0035,0.0,10127,4,0.7155369383092155,0.7639484978540773,5,606.5984497070312,0.9937631720373328,2061.0,1289.0,1188.7299531433878
LSPIN,lspin_tf,mlp,0.15,0.5,0.00525,0.0,20123,0,0.7205826351865956,0.7746781115879828,7,385.9034729003906,0.9899730730812664,1291.0,819.0,747.4668224475487
LSPIN,lspin_tf,mlp,0.15,0.5,0.00525,0.0,20124,1,0.734006092916984,0.7896995708154506,7,470.5907287597656,0.990800866291932,1385.0,918.0,860.6376691538071
LSPIN,lspin_tf,mlp,0.15,0.5,0.00525,0.0,20125,2,0.7326732673267327,0.7732474964234621,8,383.729736328125,0.9856392732292454,1184.0,772.0,730.0815674873509
LSPIN,lspin_tf,mlp,0.15,0.5,0.00525,0.0,20126,3,0.7391469916222392,0.7825464949928469,7,404.2934265136719,0.9868600480455352,1239.0,820.0,753.8745598762533
LSPIN,lspin_tf,mlp,0.15,0.5,0.00525,0.0,20127,4,0.7356245239908606,0.7775393419170243,5,575.521240234375,0.9940847741274876,1839.0,1197.0,1113.0748360308953
LSPIN,lspin_tf,mlp,0.15,0.5,0.007,0.0,30123,0,0.7273419649657273,0.7675250357653791,9,267.7606201171875,0.979714593710412,809.0,525.0,491.2611920501328
LSPIN,lspin_tf,mlp,0.15,0.5,0.007,0.0,30124,1,0.7236290936785986,0.7918454935622318,8,349.9459533691406,0.9888134857196524,1007.0,678.0,637.4383230376951
LSPIN,lspin_tf,mlp,0.15,0.5,0.007,0.0,30125,2,0.7304836252856055,0.7804005722460658,9,328.4517517089844,0.9875090976037966,798.0,623.0,567.5492723716176
LSPIN,lspin_tf,mlp,0.15,0.5,0.007,0.0,30126,3,0.7334348819497334,0.8111587982832618,7,301.6332092285156,0.9893808574477422,875.0,612.0,560.8701795321425
LSPIN,lspin_tf,mlp,0.15,0.5,0.007,0.0,30127,4,0.6956397562833206,0.7682403433476395,7,377.5868835449219,0.9895398721386862,1011.0,752.0,683.8136270661281
LSPIN,lspin_tf,mlp,0.15,0.5,0.00875,0.0,40123,0,0.7353389185072353,0.8197424892703863,9,258.22393798828125,0.9722305969015764,773.0,477.0,456.9820075139479
LSPIN,lspin_tf,mlp,0.15,0.5,0.00875,0.0,40124,1,0.7163937547600914,0.8082975679542204,8,292.4980773925781,0.9861614810748937,817.0,595.0,535.8938692469186
LSPIN,lspin_tf,mlp,0.15,0.5,0.00875,0.0,40125,2,0.7085872048743336,0.7668097281831188,11,266.0,0.9803112086177102,668.0,513.0,473.3354085540645
LSPIN,lspin_tf,mlp,0.15,0.5,0.00875,0.0,40126,3,0.710967250571211,0.7868383404864091,11,241.7644805908203,0.9741137481387476,631.0,464.0,425.9641580501832
LSPIN,lspin_tf,mlp,0.15,0.5,0.00875,0.0,40127,4,0.7152513328255903,0.7811158798283262,10,258.6177673339844,0.9816054162327452,752.0,498.0,457.6255436819956
LSPIN,lspin_tf,mlp,0.15,0.5,0.0105,0.0,50123,0,0.7355293221629855,0.7725321888412017,8,281.4710388183594,0.9840554334551014,716.0,529.0,491.7561377014097
LSPIN,lspin_tf,mlp,0.15,0.5,0.0105,0.0,50124,1,0.7027798933739527,0.7675250357653791,10,206.5791473388672,0.9747519771562164,577.0,398.0,372.2963280325322
LSPIN,lspin_tf,mlp,0.15,0.5,0.0105,0.0,50125,2,0.6983054074638233,0.7854077253218884,10,233.3436279296875,0.9765998503194576,630.0,434.0,404.9790146058635
LSPIN,lspin_tf,mlp,0.15,0.5,0.0105,0.0,50126,3,0.7197258187357197,0.7911301859799714,10,216.9884185791016,0.9765900130600774,561.0,400.0,370.71654662288006
LSPIN,lspin_tf,mlp,0.15,0.5,0.0105,0.0,50127,4,0.7023990860624524,0.7811158798283262,15,232.84556579589844,0.9741863449134835,652.0,419.0,393.7707723167449
LSPIN,lspin_tf,mlp,0.15,0.5,0.014,0.0,60123,0,0.7462871287128713,0.7932761087267525,9,191.94207763671875,0.9769938600461322,554.0,370.0,337.6604408338219
LSPIN,lspin_tf,mlp,0.15,0.5,0.014,0.0,60124,1,0.7116336633663366,0.7646638054363376,8,215.5173797607422,0.9784019590367148,547.0,389.0,358.5426644985669
LSPIN,lspin_tf,mlp,0.15,0.5,0.014,0.0,60125,2,0.7193450114242194,0.7932761087267525,9,189.0193023681641,0.9726654001292832,552.0,377.0,339.8561337675066
LSPIN,lspin_tf,mlp,0.15,0.5,0.014,0.0,60126,3,0.7232482863670983,0.7639484978540773,9,217.66409301757807,0.9785225594141068,531.0,423.0,381.27042203600223
LSPIN,lspin_tf,mlp,0.15,0.5,0.014,0.0,60127,4,0.7107768469154607,0.8118741058655222,15,166.19691467285156,0.9589394503146312,445.0,277.0,260.07934244002973
LSPIN,lspin_tf,mlp,0.15,0.5,0.021,0.0,70123,0,0.7403846153846154,0.771101573676681,10,150.77992248535156,0.9679729582750533,394.0,259.0,238.8181593042324
LSPIN,lspin_tf,mlp,0.15,0.5,0.021,0.0,70124,1,0.7255331302361006,0.7954220314735336,13,173.56756591796875,0.971630632474096,604.0,297.0,281.96327206397496
LSPIN,lspin_tf,mlp,0.15,0.5,0.021,0.0,70125,2,0.7219154607768469,0.7532188841201717,8,171.9729766845703,0.9726907872193346,492.0,322.0,297.2654137408084
LSPIN,lspin_tf,mlp,0.15,0.5,0.021,0.0,70126,3,0.734006092916984,0.7732474964234621,12,156.6525115966797,0.9659245680623616,372.0,271.0,251.2408714691985
LSPIN,lspin_tf,mlp,0.15,0.5,0.021,0.0,70127,4,0.7272467631378522,0.7896995708154506,11,153.35906982421875,0.970383251765821,431.0,268.0,244.425274442059
LSPIN,lspin_tf,mlp,0.15,0.5,0.028,0.0,80123,0,0.7089680121858339,0.7689556509298998,13,117.40540313720705,0.95972731772849,357.0,190.0,176.8656840799696
LSPIN,lspin_tf,mlp,0.15,0.5,0.028,0.0,80124,1,0.7155369383092155,0.7589413447782547,10,120.20077514648438,0.9703568745941904,361.0,228.0,201.91500546723373
LSPIN,lspin_tf,mlp,0.15,0.5,0.028,0.0,80125,2,0.7202970297029703,0.778969957081545,13,118.2895736694336,0.9650570913716886,262.0,207.0,192.88605451838157
LSPIN,lspin_tf,mlp,0.15,0.5,0.028,0.0,80126,3,0.7251523229246002,0.7825464949928469,13,100.47103881835938,0.9525882145756548,334.0,174.0,164.07204440787345
LSPIN,lspin_tf,mlp,0.15,0.5,0.028,0.0,80127,4,0.7416222391469917,0.7761087267525035,10,121.5521240234375,0.964473533651914,301.0,224.0,203.3530958376065
LSPIN,lspin_tf,mlp,0.15,0.5,0.0035,0.025,90123,0,0.7395277989337395,0.7618025751072961,6,1461.1583251953125,0.99824228375361,2873.0,2701.0,2423.646653675543
LSPIN,lspin_tf,mlp,0.15,0.5,0.0035,0.025,90124,1,0.7291507996953541,0.7818311874105865,4,1516.4710693359375,0.9987270504635118,3088.0,2869.0,2532.6878674550685
LSPIN,lspin_tf,mlp,0.15,0.5,0.0035,0.025,90125,2,0.7370525514089871,0.7782546494992847,7,1540.4903564453125,0.9986148957752484,3002.0,2912.0,2543.442308473528
LSPIN,lspin_tf,mlp,0.15,0.5,0.0035,0.025,90126,3,0.7255331302361006,0.796137339055794,6,1554.2470703125,0.9988476465242606,3013.0,2885.0,2557.821251942393
LSPIN,lspin_tf,mlp,0.15,0.5,0.0035,0.025,90127,4,0.7157273419649657,0.7753934191702432,2,1627.7529296875,0.9988859407040248,3753.0,3228.0,2840.7050928516355
LSPIN,lspin_tf,mlp,0.15,0.5,0.00525,0.025,100123,0,0.7083968012185834,0.7761087267525035,8,1176.891845703125,0.9974942565163832,2225.0,2083.0,1904.185844861164
LSPIN,lspin_tf,mlp,0.15,0.5,0.00525,0.025,100124,1,0.7322924600152323,0.7846924177396281,6,1141.891845703125,0.997760316481828,2239.0,2050.0,1886.1811303728807
LSPIN,lspin_tf,mlp,0.15,0.5,0.00525,0.025,100125,2,0.7222962680883473,0.7696709585121603,10,1034.4014892578125,0.9972323987121804,1991.0,1870.0,1708.9039010757376
LSPIN,lspin_tf,mlp,0.15,0.5,0.00525,0.025,100126,3,0.716012947448591,0.796137339055794,9,1122.6331787109375,0.9976714575483544,2169.0,2046.0,1849.3126258274929
LSPIN,lspin_tf,mlp,0.15,0.5,0.00525,0.025,100127,4,0.7127760853008378,0.7782546494992847,14,1017.9150390625,0.99713899536329,1921.0,1792.0,1634.1051172318894
LSPIN,lspin_tf,mlp,0.15,0.5,0.007,0.025,110123,0,0.7030654988575781,0.7560801144492132,9,814.0347290039062,0.9967137769536748,1575.0,1469.0,1339.7095888907734
LSPIN,lspin_tf,mlp,0.15,0.5,0.007,0.025,110124,1,0.7166793602437167,0.7975679542203148,17,694.2973022460938,0.9944094119245366,1376.0,1225.0,1137.6457953461108
LSPIN,lspin_tf,mlp,0.15,0.5,0.007,0.025,110125,2,0.7228674790555979,0.7732474964234621,5,1014.45947265625,0.9974597685589456,2119.0,1821.0,1696.0849559265218
LSPIN,lspin_tf,mlp,0.15,0.5,0.007,0.025,110126,3,0.7287699923838538,0.7718168812589413,10,802.895751953125,0.9959314463114044,1533.0,1460.0,1307.619748746928
LSPIN,lspin_tf,mlp,0.15,0.5,0.007,0.025,110127,4,0.7118240670220868,0.759656652360515,9,898.5443725585938,0.9960145183031666,1666.0,1580.0,1450.6060963787554
LSPIN,lspin_tf,mlp,0.15,0.5,0.00875,0.025,120123,0,0.7093488194973343,0.7975679542203148,15,571.501953125,0.9931320015873212,1076.0,975.0,905.104437075807
LSPIN,lspin_tf,mlp,0.15,0.5,0.00875,0.025,120124,1,0.7241051028179741,0.7682403433476395,7,729.0656127929688,0.9954778764437612,1492.0,1339.0,1221.9775903490397
LSPIN,lspin_tf,mlp,0.15,0.5,0.00875,0.025,120125,2,0.712014470677837,0.8075822603719599,7,813.5714111328125,0.9954912210853214,1679.0,1482.0,1345.8585210333742
LSPIN,lspin_tf,mlp,0.15,0.5,0.00875,0.025,120126,3,0.710967250571211,0.7932761087267525,17,643.3822631835938,0.991004728979989,1265.0,1060.0,1002.1195960820414
LSPIN,lspin_tf,mlp,0.15,0.5,0.00875,0.025,120127,4,0.705064737242955,0.7675250357653791,10,703.3513793945312,0.9952729118899676,1341.0,1235.0,1136.4055215766225
LSPIN,lspin_tf,mlp,0.15,0.5,0.0105,0.025,130123,0,0.728008377760853,0.7818311874105865,9,640.2780151367188,0.9949633531432288,1228.0,1110.0,1033.0518340299582
LSPIN,lspin_tf,mlp,0.15,0.5,0.0105,0.025,130124,1,0.7103008377760853,0.7689556509298998,13,475.1737365722656,0.9924737216360012,879.0,802.0,748.7735734704636
LSPIN,lspin_tf,mlp,0.15,0.5,0.0105,0.025,130125,2,0.693069306930693,0.7861230329041488,12,500.95751953125,0.9918158465722676,967.0,856.0,789.5147203836933
LSPIN,lspin_tf,mlp,0.15,0.5,0.0105,0.025,130126,3,0.69002284843869,0.7982832618025751,13,510.6100463867188,0.9883758739886356,915.0,868.0,798.7885034322164
LSPIN,lspin_tf,mlp,0.15,0.5,0.0105,0.025,130127,4,0.7207730388423458,0.8068669527896996,12,595.5907592773438,0.993917407920012,1086.0,996.0,924.3456715336794
LSPIN,lspin_tf,mlp,0.15,0.5,0.014,0.025,140123,0,0.7031607006854531,0.7846924177396281,10,418.8223876953125,0.9883649064177265,838.0,719.0,668.1123167637062
LSPIN,lspin_tf,mlp,0.15,0.5,0.014,0.025,140124,1,0.7277227722772277,0.7868383404864091,15,365.3204650878906,0.9890016824622234,751.0,600.0,550.8628678820825
LSPIN,lspin_tf,mlp,0.15,0.5,0.014,0.025,140125,2,0.7121096725057121,0.7682403433476395,12,367.7104187011719,0.9877495351676931,696.0,609.0,557.4674585314073
LSPIN,lspin_tf,mlp,0.15,0.5,0.014,0.025,140126,3,0.7317212490479817,0.7782546494992847,11,446.4401550292969,0.9872582907280684,973.0,762.0,705.1412779586917
LSPIN,lspin_tf,mlp,0.15,0.5,0.014,0.025,140127,4,0.7282939832444782,0.7489270386266095,12,385.6216125488281,0.9885299639634678,775.0,658.0,607.1028480378484
LSPIN,lspin_tf,mlp,0.15,0.5,0.021,0.025,150123,0,0.70496953541508,0.7589413447782547,12,306.4478759765625,0.982992788168592,580.0,482.0,449.3770561331554
LSPIN,lspin_tf,mlp,0.15,0.5,0.021,0.025,150124,1,0.6908796648895659,0.7739628040057225,11,298.2432556152344,0.9848873198245436,620.0,491.0,458.5730440477295
LSPIN,lspin_tf,mlp,0.15,0.5,0.021,0.025,150125,2,0.7391469916222392,0.7932761087267525,17,305.32818603515625,0.9851917857327268,709.0,496.0,467.84534215827966
LSPIN,lspin_tf,mlp,0.15,0.5,0.021,0.025,150126,3,0.6947829398324448,0.7925608011444921,29,243.46717834472656,0.9797795722032124,507.0,364.0,339.9708200225384
LSPIN,lspin_tf,mlp,0.15,0.5,0.021,0.025,150127,4,0.7373381568926123,0.771101573676681,11,328.9884033203125,0.9883402152205624,755.0,539.0,504.6508573994988
LSPIN,lspin_tf,mlp,0.15,0.5,0.028,0.025,160123,0,0.6973533891850724,0.7854077253218884,26,187.32432556152344,0.9673302981577252,394.0,276.0,256.5468202864231
LSPIN,lspin_tf,mlp,0.15,0.5,0.028,0.025,160124,1,0.7314356435643564,0.7954220314735336,15,222.81466674804688,0.9769002384203104,412.0,345.0,317.38828190686115
LSPIN,lspin_tf,mlp,0.15,0.5,0.028,0.025,160125,2,0.7013518659558263,0.7861230329041488,26,212.7142791748047,0.975765752498506,432.0,322.0,300.3759115401358
LSPIN,lspin_tf,mlp,0.15,0.5,0.028,0.025,160126,3,0.7258187357197258,0.7589413447782547,23,201.9729766845703,0.9770405888451296,418.0,288.0,268.62752174092566
LSPIN,lspin_tf,mlp,0.15,0.5,0.028,0.025,160127,4,0.6755521706016756,0.7932761087267525,23,210.1544342041016,0.9768347896581892,412.0,306.0,285.9989779371006
LSPIN,lspin_tf,mlp,0.15,0.5,0.0035,0.05,170123,0,0.7315308453922316,0.8075822603719599,2,1711.5560302734375,0.99907371839704,3714.0,3367.0,2949.9778432659914
LSPIN,lspin_tf,mlp,0.15,0.5,0.0035,0.05,170124,1,0.7225818735719726,0.804005722460658,2,1689.2586669921875,0.999035708371275,3754.0,3299.0,2908.0732323764414
LSPIN,lspin_tf,mlp,0.15,0.5,0.0035,0.05,170125,2,0.7278179741051028,0.7832618025751072,3,1624.328125,0.9989455451013708,3507.0,3282.0,2796.5725678057343
LSPIN,lspin_tf,mlp,0.15,0.5,0.0035,0.05,170126,3,0.732958872810358,0.7846924177396281,4,1554.5753173828125,0.9986129327000618,3178.0,2965.0,2617.6544162777745
LSPIN,lspin_tf,mlp,0.15,0.5,0.0035,0.05,170127,4,0.722105864432597,0.7997138769670958,12,1601.4478759765625,0.9987987879687532,3025.0,2961.0,2617.146454426403
LSPIN,lspin_tf,mlp,0.15,0.5,0.00525,0.05,180123,0,0.7152513328255903,0.7868383404864091,4,1490.7529296875,0.9984946763575786,2975.0,2709.0,2463.7895750126213
LSPIN,lspin_tf,mlp,0.15,0.5,0.00525,0.05,180124,1,0.7313404417364814,0.7603719599427754,3,1387.7181396484375,0.9984622277862588,3012.0,2726.0,2384.5445855818543
LSPIN,lspin_tf,mlp,0.15,0.5,0.00525,0.05,180125,2,0.7259139375476009,0.8140200286123033,4,1443.62548828125,0.9985000873761845,2939.0,2611.0,2392.5264298618717
LSPIN,lspin_tf,mlp,0.15,0.5,0.00525,0.05,180126,3,0.7204874333587205,0.7939914163090128,6,1389.166015625,0.998437280691845,2799.0,2682.0,2373.91527249961
LSPIN,lspin_tf,mlp,0.15,0.5,0.00525,0.05,180127,4,0.7314356435643564,0.7804005722460658,6,1277.33203125,0.9982036373947756,2445.0,2326.0,2108.3740708621344
LSPIN,lspin_tf,mlp,0.15,0.5,0.007,0.05,190123,0,0.7264851485148515,0.7632331902718169,5,1184.6099853515625,0.9975791265692672,2301.0,2096.0,1932.53427686669
LSPIN,lspin_tf,mlp,0.15,0.5,0.007,0.05,190124,1,0.7273419649657273,0.7868383404864091,7,1067.12744140625,0.997604608204506,2061.0,1943.0,1777.1542408007797
LSPIN,lspin_tf,mlp,0.15,0.5,0.007,0.05,190125,2,0.7345773038842346,0.7696709585121603,5,1104.6988525390625,0.997276883703823,2281.0,2096.0,1879.2149507650324
LSPIN,lspin_tf,mlp,0.15,0.5,0.007,0.05,190126,3,0.7338156892612339,0.8104434907010014,5,1110.33203125,0.9977993954899064,2319.0,2113.0,1883.2651341392825
LSPIN,lspin_tf,mlp,0.15,0.5,0.007,0.05,190127,4,0.712014470677837,0.7725321888412017,5,1096.4014892578125,0.997760113275859,2278.0,2079.0,1857.4928641852407
LSPIN,lspin_tf,mlp,0.15,0.5,0.00875,0.05,200123,0,0.7272467631378522,0.765379113018598,10,876.1428833007812,0.994845658702885,1608.0,1538.0,1412.2968013392897
LSPIN,lspin_tf,mlp,0.15,0.5,0.00875,0.05,200124,1,0.7201066260472201,0.7889842632331903,7,849.04248046875,0.9965398194780548,1730.0,1610.0,1431.619184967036
LSPIN,lspin_tf,mlp,0.15,0.5,0.00875,0.05,200125,2,0.7298172124904798,0.7875536480686696,7,912.3204345703124,0.9964529485853488,1697.0,1582.0,1476.8480042638098
LSPIN,lspin_tf,mlp,0.15,0.5,0.00875,0.05,200126,3,0.7216298552932217,0.7603719599427754,7,908.980712890625,0.9970505368182424,1806.0,1692.0,1529.5250692697916
LSPIN,lspin_tf,mlp,0.15,0.5,0.00875,0.05,200127,4,0.734958111195735,0.7660944206008584,8,833.2818603515625,0.9965807818928202,1637.0,1573.0,1385.8432836507045
LSPIN,lspin_tf,mlp,0.15,0.5,0.0105,0.05,210123,0,0.734006092916984,0.7489270386266095,5,870.104248046875,0.9969073934790263,1804.0,1548.0,1451.202513066424
LSPIN,lspin_tf,mlp,0.15,0.5,0.0105,0.05,210124,1,0.7174409748667174,0.7925608011444921,8,800.3359375,0.9960417934947614,1530.0,1439.0,1306.4170957762767
LSPIN,lspin_tf,mlp,0.15,0.5,0.0105,0.05,210125,2,0.7057311500380807,0.7818311874105865,13,654.0270385742188,0.9937666976091112,1155.0,1087.0,1018.353679360668
LSPIN,lspin_tf,mlp,0.15,0.5,0.0105,0.05,210126,3,0.6947829398324448,0.7668097281831188,10,711.5096435546875,0.9954593609225696,1302.0,1237.0,1159.2447432851095
LSPIN,lspin_tf,mlp,0.15,0.5,0.0105,0.05,210127,4,0.719059405940594,0.7896995708154506,9,697.7838134765625,0.9950225119369104,1311.0,1236.0,1132.1254747932264
LSPIN,lspin_tf,mlp,0.15,0.5,0.014,0.05,220123,0,0.7231530845392231,0.7875536480686696,9,587.9691162109375,0.9938151115661992,1129.0,1029.0,945.0257348198946
LSPIN,lspin_tf,mlp,0.15,0.5,0.014,0.05,220124,1,0.7347677075399848,0.7939914163090128,17,477.355224609375,0.988373207219328,947.0,789.0,733.4986720283413
LSPIN,lspin_tf,mlp,0.15,0.5,0.014,0.05,220125,2,0.7207730388423458,0.7939914163090128,14,511.644775390625,0.99311832933766,950.0,859.0,796.9632978999182
LSPIN,lspin_tf,mlp,0.15,0.5,0.014,0.05,220126,3,0.71001523229246,0.7696709585121603,13,476.7606201171875,0.9908261637165412,898.0,802.0,746.4128480099055
LSPIN,lspin_tf,mlp,0.15,0.5,0.014,0.05,220127,4,0.740003808073115,0.7782546494992847,10,514.5907592773438,0.9911946269993528,950.0,867.0,802.000445235372
LSPIN,lspin_tf,mlp,0.15,0.5,0.021,0.05,230123,0,0.7267707539984768,0.7925608011444921,11,404.50579833984375,0.990113839805176,843.0,700.0,643.3099198873488
LSPIN,lspin_tf,mlp,0.15,0.5,0.021,0.05,230124,1,0.7122048743335873,0.7696709585121603,18,339.4208374023437,0.9849758087369672,691.0,561.0,516.5867555411276
LSPIN,lspin_tf,mlp,0.15,0.5,0.021,0.05,230125,2,0.7054455445544554,0.7796852646638054,29,314.1390075683594,0.985117568775602,588.0,475.0,440.08995317666944
LSPIN,lspin_tf,mlp,0.15,0.5,0.021,0.05,230126,3,0.694973343488195,0.7896995708154506,16,324.3629455566406,0.9819854447197568,658.0,528.0,488.6217851455033
LSPIN,lspin_tf,mlp,0.15,0.5,0.021,0.05,230127,4,0.7044935262757045,0.8075822603719599,13,300.52508544921875,0.9866490610621048,611.0,519.0,467.9399572030406
LSPIN,lspin_tf,mlp,0.15,0.5,0.028,0.05,240123,0,0.6988766184310738,0.7761087267525035,25,232.0424652099609,0.979367698098454,518.0,368.0,342.949918530698
LSPIN,lspin_tf,mlp,0.15,0.5,0.028,0.05,240124,1,0.703922315308454,0.7804005722460658,28,249.11196899414065,0.9787130528006766,522.0,393.0,367.8294190720536
LSPIN,lspin_tf,mlp,0.15,0.5,0.028,0.05,240125,2,0.7210586443259711,0.7746781115879828,17,299.9922790527344,0.9823917145645,630.0,463.0,435.2033581432418
LSPIN,lspin_tf,mlp,0.15,0.5,0.028,0.05,240126,3,0.6737433358720487,0.8082975679542204,28,228.6332092285156,0.9773752485979644,426.0,341.0,315.91559770894463
LSPIN,lspin_tf,mlp,0.15,0.5,0.028,0.05,240127,4,0.7185833968012186,0.7875536480686696,20,234.7181396484375,0.9753723276445352,497.0,361.0,337.327549125174
LSPIN,lspin_tf,mlp,0.15,0.5,0.0035,0.1,250123,0,0.7283891850723534,0.7775393419170243,3,1587.20849609375,0.9986204914446272,3337.0,2918.0,2631.172705527532
LSPIN,lspin_tf,mlp,0.15,0.5,0.0035,0.1,250124,1,0.7217250571210967,0.7911301859799714,2,1714.833984375,0.9990989449006448,3810.0,3395.0,2926.549557653489
LSPIN,lspin_tf,mlp,0.15,0.5,0.0035,0.1,250125,2,0.7283891850723534,0.7675250357653791,4,1606.0926513671875,0.998708662339373,3164.0,2938.0,2650.6271085674307
LSPIN,lspin_tf,mlp,0.15,0.5,0.0035,0.1,250126,3,0.7262947448591013,0.7811158798283262,2,1711.5057373046875,0.9990518541287814,3676.0,3377.0,2946.9634245648062
LSPIN,lspin_tf,mlp,0.15,0.5,0.0035,0.1,250127,4,0.7226770753998477,0.796137339055794,3,1727.4053955078125,0.9989484659238044,3536.0,3195.0,2859.9005621413435
LSPIN,lspin_tf,mlp,0.15,0.5,0.00525,0.1,260123,0,0.7166793602437167,0.796137339055794,5,1283.6988525390625,0.9984300984649664,2762.0,2589.0,2243.860076902651
LSPIN,lspin_tf,mlp,0.15,0.5,0.00525,0.1,260124,1,0.7194402132520944,0.7610872675250357,6,1309.66796875,0.9982073931213974,2482.0,2363.0,2178.0364646681705
LSPIN,lspin_tf,mlp,0.15,0.5,0.00525,0.1,260125,2,0.7177265803503428,0.7718168812589413,4,1380.6524658203125,0.997958732554903,2779.0,2481.0,2277.014561756617
LSPIN,lspin_tf,mlp,0.15,0.5,0.00525,0.1,260126,3,0.7263899466869764,0.7675250357653791,4,1296.498046875,0.99830901755604,2850.0,2556.0,2247.7221818811886
LSPIN,lspin_tf,mlp,0.15,0.5,0.00525,0.1,260127,4,0.7188690022848438,0.7925608011444921,5,1305.9112548828125,0.9980917121396754,2546.0,2340.0,2133.266223078771
LSPIN,lspin_tf,mlp,0.15,0.5,0.007,0.1,270123,0,0.7244859101294745,0.7796852646638054,5,1146.54443359375,0.9980814882475436,2341.0,2155.0,1923.164565404448
LSPIN,lspin_tf,mlp,0.15,0.5,0.007,0.1,270124,1,0.7447638994668697,0.778969957081545,6,1008.3281860351562,0.9968831613421556,1905.0,1821.0,1672.846996042246
LSPIN,lspin_tf,mlp,0.15,0.5,0.007,0.1,270125,2,0.7278179741051028,0.7925608011444921,5,1111.6099853515625,0.9975858317334448,2187.0,2037.0,1877.031565076978
LSPIN,lspin_tf,mlp,0.15,0.5,0.007,0.1,270126,3,0.7229626808834729,0.759656652360515,5,1172.54052734375,0.9979649894449444,2520.0,2209.0,2010.3800241157112
LSPIN,lspin_tf,mlp,0.15,0.5,0.007,0.1,270127,4,0.7322924600152323,0.7668097281831188,6,1134.644775390625,0.997717467505603,2277.0,2162.0,1915.033040617425
LSPIN,lspin_tf,mlp,0.15,0.5,0.00875,0.1,280123,0,0.7182025894897182,0.7775393419170243,6,959.28955078125,0.9965410171439332,1805.0,1669.0,1566.7603511788966
LSPIN,lspin_tf,mlp,0.15,0.5,0.00875,0.1,280124,1,0.7103008377760853,0.801859799713877,7,911.29345703125,0.996376339661706,1796.0,1668.0,1526.9363414117363
LSPIN,lspin_tf,mlp,0.15,0.5,0.00875,0.1,280125,2,0.7226770753998477,0.7689556509298998,7,907.3861083984376,0.9963549680049064,1752.0,1654.0,1488.2989892484295
LSPIN,lspin_tf,mlp,0.15,0.5,0.00875,0.1,280126,3,0.7242003046458492,0.7818311874105865,6,906.5830078125,0.9969866895660804,1807.0,1705.0,1519.9537169981636
LSPIN,lspin_tf,mlp,0.15,0.5,0.00875,0.1,280127,4,0.7103960396039604,0.7968526466380543,8,950.1737670898438,0.9970080444152952,1816.0,1731.0,1585.700538322306
LSPIN,lspin_tf,mlp,0.15,0.5,0.0105,0.1,290123,0,0.7207730388423458,0.7939914163090128,10,708.1119995117188,0.9935036830189556,1278.0,1213.0,1121.9452062768505
LSPIN,lspin_tf,mlp,0.15,0.5,0.0105,0.1,290124,1,0.7207730388423458,0.7725321888412017,7,752.2509765625,0.9961264250091908,1474.0,1367.0,1253.1510868163036
LSPIN,lspin_tf,mlp,0.15,0.5,0.0105,0.1,290125,2,0.7053503427265804,0.7932761087267525,8,751.4826049804688,0.9956618773945292,1443.0,1345.0,1242.7762692255485
LSPIN,lspin_tf,mlp,0.15,0.5,0.0105,0.1,290126,3,0.7191546077684692,0.7839771101573677,6,861.6718139648438,0.9964762759650646,1723.0,1525.0,1427.043148047686
LSPIN,lspin_tf,mlp,0.15,0.5,0.0105,0.1,290127,4,0.73000761614623,0.7818311874105865,8,748.7644653320312,0.9947312724949076,1390.0,1329.0,1211.9993862929955
LSPIN,lspin_tf,mlp,0.15,0.5,0.014,0.1,300123,0,0.7022086824067022,0.7825464949928469,9,531.9189453125,0.9926154243499316,981.0,894.0,832.3757418078501
LSPIN,lspin_tf,mlp,0.15,0.5,0.014,0.1,300124,1,0.7170601675552171,0.7896995708154506,8,660.1505737304688,0.9946825524436196,1292.0,1201.0,1102.427081773882
LSPIN,lspin_tf,mlp,0.15,0.5,0.014,0.1,300125,2,0.7092536176694593,0.7939914163090128,10,556.2664184570312,0.9911449208983916,1061.0,966.0,883.4118874978096
LSPIN,lspin_tf,mlp,0.15,0.5,0.014,0.1,300126,3,0.7098248286367098,0.778969957081545,10,610.4865112304688,0.9944529840955189,1129.0,1049.0,975.2689484896754
LSPIN,lspin_tf,mlp,0.15,0.5,0.014,0.1,300127,4,0.7098248286367098,0.7718168812589413,12,511.3667907714844,0.9937359842045096,959.0,874.0,806.466575243339
LSPIN,lspin_tf,mlp,0.15,0.5,0.021,0.1,310123,0,0.7014470677837015,0.8175965665236051,19,376.1158447265625,0.9897307633161144,701.0,620.0,574.1386814528386
LSPIN,lspin_tf,mlp,0.15,0.5,0.021,0.1,310124,1,0.7184881949733435,0.7975679542203148,13,381.5366821289063,0.9881435131103538,777.0,640.0,601.5872105026313
LSPIN,lspin_tf,mlp,0.15,0.5,0.021,0.1,310125,2,0.7057311500380807,0.7875536480686696,10,359.3475036621094,0.9890855049485004,713.0,621.0,565.9247594887896
LSPIN,lspin_tf,mlp,0.15,0.5,0.021,0.1,310126,3,0.7005902513328256,0.771101573676681,11,340.4555969238281,0.9888738372583415,705.0,578.0,536.3638193576869
LSPIN,lspin_tf,mlp,0.15,0.5,0.021,0.1,310127,4,0.7181073876618431,0.7854077253218884,15,376.2895812988281,0.9893959699394754,735.0,635.0,582.5539527387704
LSPIN,lspin_tf,mlp,0.15,0.5,0.028,0.1,320123,0,0.720011424219345,0.7746781115879828,10,372.9150695800781,0.9892104930955864,732.0,648.0,590.9665575736217
LSPIN,lspin_tf,mlp,0.15,0.5,0.028,0.1,320124,1,0.709920030464585,0.82689556509299,14,376.0308837890625,0.9893380106109642,762.0,618.0,584.19145290209
LSPIN,lspin_tf,mlp,0.15,0.5,0.028,0.1,320125,2,0.7205826351865956,0.8161659513590844,22,335.8301086425781,0.9873946133731354,639.0,537.0,498.8751911293255
LSPIN,lspin_tf,mlp,0.15,0.5,0.028,0.1,320126,3,0.6822162985529322,0.7732474964234621,15,335.7104187011719,0.98469198032956,665.0,544.0,498.7865896160427
LSPIN,lspin_tf,mlp,0.15,0.5,0.028,0.1,320127,4,0.7361957349581112,0.7796852646638054,11,397.50579833984375,0.9857104429719772,866.0,680.0,634.9357673737763
LSPIN,lspin_tf,mlp,0.25,0.5,0.0035,0.0,330123,0,0.7111576542269612,0.7968526466380543,7,466.08880615234375,0.98613899363849,1529.0,1016.0,944.3257334730192
LSPIN,lspin_tf,mlp,0.25,0.5,0.0035,0.0,330124,1,0.7145849200304646,0.7875536480686696,6,400.7258605957031,0.9859313646356866,1477.0,873.0,828.9905339551559
LSPIN,lspin_tf,mlp,0.25,0.5,0.0035,0.0,330125,2,0.731054836252856,0.7975679542203148,7,359.0810852050781,0.9884118615784888,1238.0,796.0,741.4161465860943
LSPIN,lspin_tf,mlp,0.25,0.5,0.0035,0.0,330126,3,0.7261043412033511,0.7839771101573677,7,462.7335815429688,0.9846512440913076,1614.0,1000.0,936.8631363790172
LSPIN,lspin_tf,mlp,0.25,0.5,0.0035,0.0,330127,4,0.7187738004569688,0.7753934191702432,6,450.1930541992188,0.990531855352232,1539.0,1014.0,933.2028620913356
LSPIN,lspin_tf,mlp,0.25,0.5,0.00525,0.0,340123,0,0.7294364051789795,0.7839771101573677,6,359.5946044921875,0.9876264575045384,1223.0,750.0,702.8433222305331
LSPIN,lspin_tf,mlp,0.25,0.5,0.00525,0.0,340124,1,0.726961157654227,0.7825464949928469,8,287.95751953125,0.9825814451552604,976.0,637.0,586.5864311581978
LSPIN,lspin_tf,mlp,0.25,0.5,0.00525,0.0,340125,2,0.7432406702208683,0.7868383404864091,8,271.687255859375,0.9816040043798072,858.0,610.0,549.7952281729283
LSPIN,lspin_tf,mlp,0.25,0.5,0.00525,0.0,340126,3,0.738956587966489,0.7811158798283262,6,339.3088684082031,0.9838064480287292,1126.0,753.0,682.7271325152412
LSPIN,lspin_tf,mlp,0.25,0.5,0.00525,0.0,340127,4,0.7301980198019802,0.7811158798283262,6,329.0,0.9875128698199376,1237.0,742.0,684.0778106931092
LSPIN,lspin_tf,mlp,0.25,0.5,0.007,0.0,350123,0,0.7344821020563594,0.7796852646638054,8,227.28958129882807,0.9808447505563248,750.0,512.0,456.4802958874834
LSPIN,lspin_tf,mlp,0.25,0.5,0.007,0.0,350124,1,0.714013709063214,0.7675250357653791,8,200.2007751464844,0.97183743477677,627.0,402.0,381.3659878176789
LSPIN,lspin_tf,mlp,0.25,0.5,0.007,0.0,350125,2,0.7374333587204874,0.7753934191702432,8,204.6679534912109,0.975611647178107,687.0,429.0,400.7729407946503
LSPIN,lspin_tf,mlp,0.25,0.5,0.007,0.0,350126,3,0.7247715156130998,0.7753934191702432,7,215.85714721679688,0.9788335513313856,707.0,455.0,421.90887176516577
LSPIN,lspin_tf,mlp,0.25,0.5,0.007,0.0,350127,4,0.707063975628332,0.7546494992846924,9,207.6293487548828,0.9758433580186682,601.0,434.0,388.2025941065154
LSPIN,lspin_tf,mlp,0.25,0.5,0.00875,0.0,360123,0,0.7417174409748667,0.7632331902718169,10,154.11968994140625,0.9630232162370924,492.0,322.0,290.7393359160711
LSPIN,lspin_tf,mlp,0.25,0.5,0.00875,0.0,360124,1,0.7465727341964966,0.8032904148783977,8,161.9266357421875,0.977366325431643,572.0,346.0,316.08579140955385
LSPIN,lspin_tf,mlp,0.25,0.5,0.00875,0.0,360125,2,0.6975437928408226,0.7911301859799714,8,186.94595336914065,0.968492713642464,595.0,404.0,370.1110489077058
LSPIN,lspin_tf,mlp,0.25,0.5,0.00875,0.0,360126,3,0.7261043412033511,0.7682403433476395,6,244.2432403564453,0.9792652392654682,829.0,497.0,472.4073706064364
LSPIN,lspin_tf,mlp,0.25,0.5,0.00875,0.0,360127,4,0.7289603960396039,0.7775393419170243,8,166.19305419921875,0.9793449581600188,511.0,355.0,328.0622019324734
LSPIN,lspin_tf,mlp,0.25,0.5,0.0105,0.0,370123,0,0.75,0.7689556509298998,8,147.75289916992188,0.9692890287707582,487.0,301.0,286.78219871345146
LSPIN,lspin_tf,mlp,0.25,0.5,0.0105,0.0,370124,1,0.7135376999238385,0.7603719599427754,7,157.38223266601562,0.962063843466058,642.0,354.0,334.1666517903006
LSPIN,lspin_tf,mlp,0.25,0.5,0.0105,0.0,370125,2,0.7301028179741051,0.7818311874105865,8,122.4169921875,0.9653777857171252,489.0,273.0,258.7929807980449
LSPIN,lspin_tf,mlp,0.25,0.5,0.0105,0.0,370126,3,0.7212490479817213,0.7675250357653791,10,154.42471313476562,0.9766139310233284,485.0,339.0,299.7312660399829
LSPIN,lspin_tf,mlp,0.25,0.5,0.0105,0.0,370127,4,0.7224866717440975,0.790414878397711,7,152.22007751464844,0.977405978193953,584.0,365.0,331.07019748617444
LSPIN,lspin_tf,mlp,0.25,0.5,0.014,0.0,380123,0,0.7092536176694593,0.7861230329041488,7,117.61389923095705,0.9534121556230344,590.0,252.0,246.36874439977765
LSPIN,lspin_tf,mlp,0.25,0.5,0.014,0.0,380124,1,0.692974105102818,0.7775393419170243,11,103.54826354980467,0.9416953702261108,340.0,211.0,200.96241178855283
LSPIN,lspin_tf,mlp,0.25,0.5,0.014,0.0,380125,2,0.7236290936785986,0.7474964234620887,6,144.57142639160156,0.9686963565874058,605.0,326.0,303.61344817144004
LSPIN,lspin_tf,mlp,0.25,0.5,0.014,0.0,380126,3,0.7341012947448591,0.7975679542203148,11,98.53668212890624,0.9503387163436994,302.0,203.0,192.21382338278772
LSPIN,lspin_tf,mlp,0.25,0.5,0.014,0.0,380127,4,0.7272467631378522,0.7668097281831188,6,149.80308532714844,0.9638315434337604,558.0,344.0,310.0213448234336
LSPIN,lspin_tf,mlp,0.25,0.5,0.021,0.0,390123,0,0.6895468392993146,0.7675250357653791,12,66.0810775756836,0.9199615204174796,216.0,129.0,120.99954155628204
LSPIN,lspin_tf,mlp,0.25,0.5,0.021,0.0,390124,1,0.7163937547600914,0.7625178826895566,12,71.10810852050781,0.9194444580395742,204.0,135.0,126.12063732525704
LSPIN,lspin_tf,mlp,0.25,0.5,0.021,0.0,390125,2,0.704017517136329,0.7703862660944206,14,54.8532829284668,0.9241454348310542,215.0,122.0,112.65224147383262
LSPIN,lspin_tf,mlp,0.25,0.5,0.021,0.0,390126,3,0.7177265803503428,0.7675250357653791,15,64.99613952636719,0.921097390217451,189.0,129.0,116.1702321876961
LSPIN,lspin_tf,mlp,0.25,0.5,0.021,0.0,390127,4,0.7122048743335873,0.7796852646638054,10,61.96139144897461,0.9287724908961348,205.0,135.0,125.7346516285703
LSPIN,lspin_tf,mlp,0.25,0.5,0.028,0.0,400123,0,0.7257235338918507,0.7646638054363376,10,65.62162017822266,0.9364973280200936,263.0,131.0,126.2409361693074
LSPIN,lspin_tf,mlp,0.25,0.5,0.028,0.0,400124,1,0.7162985529322163,0.7739628040057225,13,65.77220153808594,0.9238756574581122,183.0,120.0,115.83434703316696
LSPIN,lspin_tf,mlp,0.25,0.5,0.028,0.0,400125,2,0.7154417364813405,0.7804005722460658,11,57.87258529663086,0.9061073599787768,211.0,122.0,111.64441318028648
LSPIN,lspin_tf,mlp,0.25,0.5,0.028,0.0,400126,3,0.686976389946687,0.7682403433476395,12,60.81467056274414,0.9449188671346072,195.0,123.0,112.6001734065798
LSPIN,lspin_tf,mlp,0.25,0.5,0.028,0.0,400127,4,0.7254379284082254,0.7882689556509299,10,78.5521240234375,0.9498149079198084,215.0,153.0,142.55545232057673
LSPIN,lspin_tf,mlp,0.25,0.5,0.0035,0.025,410123,0,0.7368621477532369,0.790414878397711,3,1465.169921875,0.9985762721206406,3359.0,2965.0,2591.655911642152
LSPIN,lspin_tf,mlp,0.25,0.5,0.0035,0.025,410124,1,0.7196306169078446,0.7875536480686696,4,1464.0,0.998839567018679,3225.0,3051.0,2615.125743564229
LSPIN,lspin_tf,mlp,0.25,0.5,0.0035,0.025,410125,2,0.7321972581873571,0.7975679542203148,6,1331.498046875,0.9984436193028364,2811.0,2669.0,2326.281789510594
LSPIN,lspin_tf,mlp,0.25,0.5,0.0035,0.025,410126,3,0.7394325971058644,0.7896995708154506,4,1343.79541015625,0.998485148443036,2921.0,2642.0,2362.290969136579
LSPIN,lspin_tf,mlp,0.25,0.5,0.0035,0.025,410127,4,0.7282939832444782,0.7839771101573677,5,1334.4053955078125,0.9981700334372544,2786.0,2591.0,2302.438609169023
LSPIN,lspin_tf,mlp,0.25,0.5,0.00525,0.025,420123,0,0.7434310738766184,0.8183118741058655,5,1036.1390380859375,0.9978491835087556,2315.0,2108.0,1826.96507861238
LSPIN,lspin_tf,mlp,0.25,0.5,0.00525,0.025,420124,1,0.7178217821782178,0.7932761087267525,7,1051.9112548828125,0.9972572013516472,2090.0,1971.0,1791.0581962821973
LSPIN,lspin_tf,mlp,0.25,0.5,0.00525,0.025,420125,2,0.7312452399086062,0.7753934191702432,8,976.644775390625,0.997281237040408,2008.0,1857.0,1677.645877638896
LSPIN,lspin_tf,mlp,0.25,0.5,0.00525,0.025,420126,3,0.703922315308454,0.7918454935622318,6,1053.0,0.9971483871854142,2060.0,1877.0,1759.178701414044
LSPIN,lspin_tf,mlp,0.25,0.5,0.00525,0.025,420127,4,0.699067022086824,0.7939914163090128,6,1041.3668212890625,0.9974392009220432,2187.0,1994.0,1794.5351197646194
LSPIN,lspin_tf,mlp,0.25,0.5,0.007,0.025,430123,0,0.7122048743335873,0.776824034334764,6,778.4169921875,0.996547380851222,1709.0,1540.0,1376.395484311163
LSPIN,lspin_tf,mlp,0.25,0.5,0.007,0.025,430124,1,0.7362909367859863,0.771101573676681,6,777.8687133789062,0.995765026169638,1650.0,1528.0,1347.332915320362
LSPIN,lspin_tf,mlp,0.25,0.5,0.007,0.025,430125,2,0.725057121096725,0.796137339055794,8,764.4865112304688,0.9955629678780012,1460.0,1358.0,1271.3847098187962
LSPIN,lspin_tf,mlp,0.25,0.5,0.007,0.025,430126,3,0.7297220106626047,0.7610872675250357,8,712.853271484375,0.9954613062799388,1405.0,1284.0,1190.75814201294
LSPIN,lspin_tf,mlp,0.25,0.5,0.007,0.025,430127,4,0.7243907083015994,0.7660944206008584,5,781.6988525390625,0.9961146299784356,1699.0,1522.0,1389.999566086159
LSPIN,lspin_tf,mlp,0.25,0.5,0.00875,0.025,440123,0,0.7131568926123382,0.7882689556509299,8,580.0733642578125,0.993776276150666,1147.0,1068.0,984.1060970682912
LSPIN,lspin_tf,mlp,0.25,0.5,0.00875,0.025,440124,1,0.693069306930693,0.7925608011444921,13,502.355224609375,0.992778817939691,1038.0,930.0,855.1635222198361
LSPIN,lspin_tf,mlp,0.25,0.5,0.00875,0.025,440125,2,0.7027798933739527,0.7703862660944206,12,491.4285583496094,0.9925901643176872,980.0,899.0,826.0978869915605
LSPIN,lspin_tf,mlp,0.25,0.5,0.00875,0.025,440126,3,0.7366717440974867,0.7896995708154506,9,483.4440002441406,0.9914850035410192,976.0,875.0,821.5335574048856
LSPIN,lspin_tf,mlp,0.25,0.5,0.00875,0.025,440127,4,0.7059215536938309,0.7839771101573677,12,482.1853332519531,0.990582452758569,991.0,882.0,806.1480803519687
LSPIN,lspin_tf,mlp,0.25,0.5,0.0105,0.025,450123,0,0.7275323686214775,0.7954220314735336,14,332.07720947265625,0.9824036475548644,643.0,583.0,541.5117966827221
LSPIN,lspin_tf,mlp,0.25,0.5,0.0105,0.025,450124,1,0.7132520944402132,0.7439198855507868,9,463.5984497070313,0.9895732400088824,939.0,833.0,776.709235114693
LSPIN,lspin_tf,mlp,0.25,0.5,0.0105,0.025,450125,2,0.720963442498096,0.7603719599427754,12,348.1737365722656,0.9882975919302762,729.0,621.0,578.0665371847551
LSPIN,lspin_tf,mlp,0.25,0.5,0.0105,0.025,450126,3,0.7007806549885758,0.7761087267525035,12,365.0502014160156,0.9897070879033836,701.0,645.0,592.7000909371127
LSPIN,lspin_tf,mlp,0.25,0.5,0.0105,0.025,450127,4,0.7268659558263518,0.7625178826895566,6,526.7567749023438,0.9931282048184172,1086.0,947.0,889.0996068742379
LSPIN,lspin_tf,mlp,0.25,0.5,0.014,0.025,460123,0,0.7188690022848438,0.7618025751072961,9,282.18145751953125,0.9826620909018852,642.0,538.0,492.18990901148527
LSPIN,lspin_tf,mlp,0.25,0.5,0.014,0.025,460124,1,0.7126808834729627,0.7689556509298998,10,256.166015625,0.9838810026489098,533.0,489.0,441.47594487838927
LSPIN,lspin_tf,mlp,0.25,0.5,0.014,0.025,460125,2,0.7144897182025894,0.7603719599427754,12,277.6293334960937,0.982783316472792,583.0,501.0,465.0416432417882
LSPIN,lspin_tf,mlp,0.25,0.5,0.014,0.025,460126,3,0.7214394516374715,0.778969957081545,8,326.5752868652344,0.9850209380633502,749.0,601.0,564.0320974812172
LSPIN,lspin_tf,mlp,0.25,0.5,0.014,0.025,460127,4,0.6917364813404417,0.8054363376251789,14,267.7142944335937,0.9812691500890834,600.0,499.0,463.2672397390007
LSPIN,lspin_tf,mlp,0.25,0.5,0.021,0.025,470123,0,0.7113480578827114,0.7875536480686696,13,172.1351318359375,0.9705043878753076,365.0,288.0,263.8302137420636
LSPIN,lspin_tf,mlp,0.25,0.5,0.021,0.025,470124,1,0.6975437928408226,0.7846924177396281,12,196.45559692382807,0.9772746213401996,444.0,326.0,300.63603211185944
LSPIN,lspin_tf,mlp,0.25,0.5,0.021,0.025,470125,2,0.718012185833968,0.7618025751072961,18,172.59844970703125,0.9652383890101942,365.0,279.0,257.99455941899043
LSPIN,lspin_tf,mlp,0.25,0.5,0.021,0.025,470126,3,0.7177265803503428,0.7567954220314735,10,256.938232421875,0.9819782614002214,568.0,455.0,426.92020331968337
LSPIN,lspin_tf,mlp,0.25,0.5,0.021,0.025,470127,4,0.6777418126428028,0.7546494992846924,19,147.1737518310547,0.968321715248356,394.0,250.0,230.77493748604184
LSPIN,lspin_tf,mlp,0.25,0.5,0.028,0.025,480123,0,0.6977341964965728,0.7739628040057225,12,193.19305419921875,0.9734556193721738,380.0,307.0,286.8864889739959
LSPIN,lspin_tf,mlp,0.25,0.5,0.028,0.025,480124,1,0.7341012947448591,0.7861230329041488,9,193.4169921875,0.9680668832931256,460.0,346.0,314.7528100226658
LSPIN,lspin_tf,mlp,0.25,0.5,0.028,0.025,480125,2,0.6995430312261995,0.7675250357653791,18,143.71041870117188,0.9704470363229856,340.0,248.0,232.27438531108507
LSPIN,lspin_tf,mlp,0.25,0.5,0.028,0.025,480126,3,0.7113480578827114,0.7746781115879828,13,207.39768981933597,0.972201218575237,412.0,333.0,314.40660736270434
LSPIN,lspin_tf,mlp,0.25,0.5,0.028,0.025,480127,4,0.6958301599390708,0.7775393419170243,17,131.06178283691406,0.9536162736568812,304.0,232.0,209.1279767724241
LSPIN,lspin_tf,mlp,0.25,0.5,0.0035,0.05,490123,0,0.7259139375476009,0.7668097281831188,3,1451.1929931640625,0.9986836978556152,3138.0,2834.0,2530.253268854761
LSPIN,lspin_tf,mlp,0.25,0.5,0.0035,0.05,490124,1,0.7264851485148515,0.7746781115879828,3,1556.6563720703125,0.9983717442038954,3289.0,2998.0,2686.467619509354
LSPIN,lspin_tf,mlp,0.25,0.5,0.0035,0.05,490125,2,0.7327684691546078,0.8104434907010014,3,1445.8648681640625,0.9985761625165565,2990.0,2773.0,2487.7927474925723
LSPIN,lspin_tf,mlp,0.25,0.5,0.0035,0.05,490126,3,0.727056359482102,0.7811158798283262,3,1564.0540771484375,0.9988357069230844,3345.0,2969.0,2684.679421959198
LSPIN,lspin_tf,mlp,0.25,0.5,0.0035,0.05,490127,4,0.7318164508758568,0.7775393419170243,3,1434.185302734375,0.9986034282400814,2998.0,2802.0,2453.2606757505773
LSPIN,lspin_tf,mlp,0.25,0.5,0.00525,0.05,500123,0,0.7374333587204874,0.7875536480686696,5,1212.308837890625,0.9980926717946312,2590.0,2381.0,2128.601835671364
LSPIN,lspin_tf,mlp,0.25,0.5,0.00525,0.05,500124,1,0.7262947448591013,0.7925608011444921,5,1201.7142333984375,0.9976579204036122,2426.0,2286.0,2079.308665578148
LSPIN,lspin_tf,mlp,0.25,0.5,0.00525,0.05,500125,2,0.7273419649657273,0.7839771101573677,5,1146.8070068359375,0.9975836433199596,2151.0,2063.0,1914.1627687382645
LSPIN,lspin_tf,mlp,0.25,0.5,0.00525,0.05,500126,3,0.7337204874333587,0.7882689556509299,5,1164.729736328125,0.9980305939692564,2419.0,2236.0,2033.0002759232043
LSPIN,lspin_tf,mlp,0.25,0.5,0.00525,0.05,500127,4,0.7421934501142422,0.7911301859799714,5,1242.270263671875,0.9980037170531194,2416.0,2245.0,2095.165225008361
LSPIN,lspin_tf,mlp,0.25,0.5,0.007,0.05,510123,0,0.7133472962680883,0.7939914163090128,5,995.3165893554688,0.9972991666331144,1979.0,1787.0,1674.9972613912166
LSPIN,lspin_tf,mlp,0.25,0.5,0.007,0.05,510124,1,0.7321020563594821,0.776824034334764,5,1008.355224609375,0.9973716264469444,2068.0,1907.0,1737.870022897088
LSPIN,lspin_tf,mlp,0.25,0.5,0.007,0.05,510125,2,0.715917745620716,0.759656652360515,6,997.6718139648438,0.9971910417652342,1986.0,1893.0,1740.6537310771012
LSPIN,lspin_tf,mlp,0.25,0.5,0.007,0.05,510126,3,0.7242003046458492,0.8047210300429185,5,1099.95751953125,0.9980284298265938,2315.0,2173.0,1915.7469595847256
LSPIN,lspin_tf,mlp,0.25,0.5,0.007,0.05,510127,4,0.7255331302361006,0.7432045779685265,5,1011.5868530273438,0.9974138510538064,2052.0,1927.0,1753.1145913243477
LSPIN,lspin_tf,mlp,0.25,0.5,0.00875,0.05,520123,0,0.7056359482102056,0.7896995708154506,7,807.0115966796875,0.995853851104084,1652.0,1566.0,1414.5180178952392
LSPIN,lspin_tf,mlp,0.25,0.5,0.00875,0.05,520124,1,0.718012185833968,0.7639484978540773,16,691.5907592773438,0.9953617183042948,1391.0,1335.0,1186.714089240263
LSPIN,lspin_tf,mlp,0.25,0.5,0.00875,0.05,520125,2,0.702018278750952,0.7882689556509299,16,649.9691162109375,0.9949231654558324,1272.0,1214.0,1098.9342957759416
LSPIN,lspin_tf,mlp,0.25,0.5,0.00875,0.05,520126,3,0.7445734958111195,0.7947067238912733,6,844.2973022460938,0.9967782337283408,1771.0,1684.0,1521.4874775957478
LSPIN,lspin_tf,mlp,0.25,0.5,0.00875,0.05,520127,4,0.6863099771515613,0.759656652360515,14,638.6100463867188,0.9939621340320268,1240.0,1173.0,1092.7193571490286
LSPIN,lspin_tf,mlp,0.25,0.5,0.0105,0.05,530123,0,0.7339108910891089,0.7525035765379113,7,576.8648681640625,0.9932478679145332,1121.0,1064.0,993.6259918997551
LSPIN,lspin_tf,mlp,0.25,0.5,0.0105,0.05,530124,1,0.713061690784463,0.7804005722460658,12,585.4749145507812,0.9944215473641066,1144.0,1085.0,977.4821801303174
LSPIN,lspin_tf,mlp,0.25,0.5,0.0105,0.05,530125,2,0.7257235338918507,0.7911301859799714,7,610.3822631835938,0.9946225113442888,1266.0,1119.0,1044.034964861685
LSPIN,lspin_tf,mlp,0.25,0.5,0.0105,0.05,530126,3,0.712014470677837,0.7875536480686696,9,628.7606201171875,0.994070229416021,1267.0,1194.0,1087.703837548504
LSPIN,lspin_tf,mlp,0.25,0.5,0.0105,0.05,530127,4,0.7293412033511043,0.7875536480686696,6,643.8031005859375,0.9942096719013754,1243.0,1146.0,1077.3535631410327
LSPIN,lspin_tf,mlp,0.25,0.5,0.014,0.05,540123,0,0.7335300837776085,0.7846924177396281,9,429.7683410644531,0.990820780906958,898.0,797.0,727.5684420926259
LSPIN,lspin_tf,mlp,0.25,0.5,0.014,0.05,540124,1,0.698019801980198,0.7818311874105865,8,395.4478759765625,0.9885542994156846,816.0,757.0,694.9658961403704
LSPIN,lspin_tf,mlp,0.25,0.5,0.014,0.05,540125,2,0.7192498095963442,0.7582260371959942,10,403.8609924316406,0.9912575605750112,810.0,751.0,689.9403675647143
LSPIN,lspin_tf,mlp,0.25,0.5,0.014,0.05,540126,3,0.7114432597105864,0.7725321888412017,12,325.9806823730469,0.9854563952920012,665.0,595.0,553.3163397190059
LSPIN,lspin_tf,mlp,0.25,0.5,0.014,0.05,540127,4,0.7136329017517137,0.7639484978540773,9,433.4826354980469,0.9922628065945648,876.0,836.0,759.9650849647144
LSPIN,lspin_tf,mlp,0.25,0.5,0.021,0.05,550123,0,0.699067022086824,0.7918454935622318,15,229.1814727783203,0.9846860799889104,474.0,422.0,374.6633030569414
LSPIN,lspin_tf,mlp,0.25,0.5,0.021,0.05,550124,1,0.7243907083015994,0.7725321888412017,14,271.312744140625,0.9839912202891004,525.0,450.0,417.1374362331685
LSPIN,lspin_tf,mlp,0.25,0.5,0.021,0.05,550125,2,0.7024942878903275,0.7911301859799714,19,226.53668212890625,0.9770419243311954,450.0,385.0,361.31282564379904
LSPIN,lspin_tf,mlp,0.25,0.5,0.021,0.05,550126,3,0.720011424219345,0.7625178826895566,10,309.32818603515625,0.9889851853723712,614.0,535.0,497.3601806529744
LSPIN,lspin_tf,mlp,0.25,0.5,0.021,0.05,550127,4,0.6952589489718203,0.7675250357653791,12,311.32818603515625,0.9878757509050768,585.0,550.0,502.6988943357335
LSPIN,lspin_tf,mlp,0.25,0.5,0.028,0.05,560123,0,0.7206778370144706,0.7868383404864091,28,178.5482635498047,0.9703817375411936,373.0,297.0,278.50614503176695
LSPIN,lspin_tf,mlp,0.25,0.5,0.028,0.05,560124,1,0.7061119573495811,0.7846924177396281,11,283.5714416503906,0.9838077243377948,612.0,502.0,462.8799956164715
LSPIN,lspin_tf,mlp,0.25,0.5,0.028,0.05,560125,2,0.7008758568164509,0.7839771101573677,18,179.8996124267578,0.9777117807761831,408.0,312.0,278.6883936069872
LSPIN,lspin_tf,mlp,0.25,0.5,0.028,0.05,560126,3,0.726009139375476,0.7882689556509299,14,210.3783721923828,0.9791460823185856,416.0,371.0,331.3973293122384
LSPIN,lspin_tf,mlp,0.25,0.5,0.028,0.05,560127,4,0.690974866717441,0.7818311874105865,15,198.4054107666016,0.9791127794681752,425.0,336.0,306.8752655826408
LSPIN,lspin_tf,mlp,0.25,0.5,0.0035,0.1,570123,0,0.7412414318354913,0.8047210300429185,4,1521.4903564453125,0.99888706225671,3189.0,3022.0,2615.958190804917
LSPIN,lspin_tf,mlp,0.25,0.5,0.0035,0.1,570124,1,0.7326732673267327,0.7818311874105865,4,1423.7142333984375,0.9985131486146293,2848.0,2598.0,2375.3690976230014
LSPIN,lspin_tf,mlp,0.25,0.5,0.0035,0.1,570125,2,0.7257235338918507,0.7918454935622318,4,1500.8416748046875,0.999095269631876,3274.0,3189.0,2670.296546859197
LSPIN,lspin_tf,mlp,0.25,0.5,0.0035,0.1,570126,3,0.7034463061690784,0.7911301859799714,6,1467.8262939453125,0.9984965922010396,2749.0,2639.0,2391.1619810278416
LSPIN,lspin_tf,mlp,0.25,0.5,0.0035,0.1,570127,4,0.7243907083015994,0.7782546494992847,4,1485.9073486328125,0.9984202158804756,2998.0,2805.0,2504.1105498190504
LSPIN,lspin_tf,mlp,0.25,0.5,0.00525,0.1,580123,0,0.7225818735719726,0.7846924177396281,4,1123.2857666015625,0.9975807773342682,2430.0,2202.0,1980.2230559009467
LSPIN,lspin_tf,mlp,0.25,0.5,0.00525,0.1,580124,1,0.7214394516374715,0.8068669527896996,8,1122.04248046875,0.9972183950428178,2138.0,2082.0,1904.646733790075
LSPIN,lspin_tf,mlp,0.25,0.5,0.00525,0.1,580125,2,0.7273419649657273,0.790414878397711,3,1228.2779541015625,0.9982780828477396,2868.0,2465.0,2202.520874196326
LSPIN,lspin_tf,mlp,0.25,0.5,0.00525,0.1,580126,3,0.7206778370144706,0.7939914163090128,8,1162.474853515625,0.9980543547212116,2278.0,2243.0,1984.2625502124115
LSPIN,lspin_tf,mlp,0.25,0.5,0.00525,0.1,580127,4,0.7254379284082254,0.8082975679542204,6,1237.227783203125,0.9981627556427268,2523.0,2425.0,2154.037879436452
LSPIN,lspin_tf,mlp,0.25,0.5,0.007,0.1,590123,0,0.7264851485148515,0.7918454935622318,5,997.7567749023438,0.997632447927942,2082.0,2000.0,1749.9333880620625
LSPIN,lspin_tf,mlp,0.25,0.5,0.007,0.1,590124,1,0.7255331302361006,0.7939914163090128,6,911.37451171875,0.996911333663357,1875.0,1767.0,1591.64985909679
LSPIN,lspin_tf,mlp,0.25,0.5,0.007,0.1,590125,2,0.7243907083015994,0.7832618025751072,5,1029.166015625,0.997598267766043,2179.0,2032.0,1801.9808361934688
LSPIN,lspin_tf,mlp,0.25,0.5,0.007,0.1,590126,3,0.7059215536938309,0.8140200286123033,12,887.45947265625,0.9962338941328908,1665.0,1603.0,1472.1181237826636
LSPIN,lspin_tf,mlp,0.25,0.5,0.007,0.1,590127,4,0.7224866717440975,0.7796852646638054,7,961.3397827148438,0.9969423870301732,1862.0,1796.0,1623.2993801631364
LSPIN,lspin_tf,mlp,0.25,0.5,0.00875,0.1,600123,0,0.7222962680883473,0.8011444921316166,10,759.5830078125,0.9939976185170822,1410.0,1345.0,1267.3047307807703
LSPIN,lspin_tf,mlp,0.25,0.5,0.00875,0.1,600124,1,0.7268659558263518,0.7632331902718169,6,829.393798828125,0.9963804749003584,1717.0,1608.0,1444.3787286142883
LSPIN,lspin_tf,mlp,0.25,0.5,0.00875,0.1,600125,2,0.7338156892612339,0.7739628040057225,6,814.3397827148438,0.9966878647032636,1702.0,1607.0,1437.3704811193993
LSPIN,lspin_tf,mlp,0.25,0.5,0.00875,0.1,600126,3,0.7290555978674791,0.7682403433476395,8,717.7413330078125,0.995249403726712,1446.0,1371.0,1246.5984466920709
LSPIN,lspin_tf,mlp,0.25,0.5,0.00875,0.1,600127,4,0.7147753236862148,0.7839771101573677,6,895.7142944335938,0.9968166590610272,1818.0,1693.0,1551.1260671190646
LSPIN,lspin_tf,mlp,0.25,0.5,0.0105,0.1,610123,0,0.7036367098248286,0.7675250357653791,6,725.1351318359375,0.996394998898824,1498.0,1380.0,1260.978505271377
LSPIN,lspin_tf,mlp,0.25,0.5,0.0105,0.1,610124,1,0.716012947448591,0.7718168812589413,7,624.9884033203125,0.9949664279652718,1246.0,1176.0,1072.6092939013708
LSPIN,lspin_tf,mlp,0.25,0.5,0.0105,0.1,610125,2,0.7096344249809596,0.7639484978540773,7,714.355224609375,0.995273121706674,1371.0,1289.0,1210.1937891966795
LSPIN,lspin_tf,mlp,0.25,0.5,0.0105,0.1,610126,3,0.7045887281035796,0.7839771101573677,11,629.5598754882812,0.994316721016246,1180.0,1113.0,1042.9690600088015
LSPIN,lspin_tf,mlp,0.25,0.5,0.0105,0.1,610127,4,0.7060167555217061,0.7925608011444921,11,599.5521240234375,0.99451784369708,1173.0,1127.0,1027.9084487670148
LSPIN,lspin_tf,mlp,0.25,0.5,0.014,0.1,620123,0,0.6977341964965728,0.8240343347639485,17,471.74517822265625,0.9927385010198606,941.0,864.0,801.449670713224
LSPIN,lspin_tf,mlp,0.25,0.5,0.014,0.1,620124,1,0.704017517136329,0.7796852646638054,8,495.5173645019531,0.9914061717557024,985.0,906.0,838.7872299421751
LSPIN,lspin_tf,mlp,0.25,0.5,0.014,0.1,620125,2,0.7065879664889566,0.8147353361945636,12,407.5521240234375,0.990810565285676,823.0,764.0,704.271518176466
LSPIN,lspin_tf,mlp,0.25,0.5,0.014,0.1,620126,3,0.7202970297029703,0.776824034334764,8,518.8262329101562,0.9938768537076668,995.0,935.0,875.8353814330964
LSPIN,lspin_tf,mlp,0.25,0.5,0.014,0.1,620127,4,0.7361957349581112,0.7875536480686696,7,561.5559692382812,0.9940279077687124,1141.0,1080.0,968.7855358490976
LSPIN,lspin_tf,mlp,0.25,0.5,0.021,0.1,630123,0,0.7071591774562072,0.8061516452074392,11,276.2007751464844,0.9865176943832178,521.0,497.0,451.57414591102906
LSPIN,lspin_tf,mlp,0.25,0.5,0.021,0.1,630124,1,0.7163937547600914,0.7896995708154506,10,355.5714416503906,0.9882690342173102,715.0,640.0,590.334067960106
LSPIN,lspin_tf,mlp,0.25,0.5,0.021,0.1,630125,2,0.7046839299314547,0.7911301859799714,9,347.01544189453125,0.9886344345477716,727.0,623.0,577.7797197166637
LSPIN,lspin_tf,mlp,0.25,0.5,0.021,0.1,630126,3,0.7095392231530845,0.7947067238912733,13,279.7567443847656,0.983743418872016,536.0,496.0,455.3664057700174
LSPIN,lspin_tf,mlp,0.25,0.5,0.021,0.1,630127,4,0.7138233054074639,0.7646638054363376,11,330.7220153808594,0.9889087329391524,656.0,620.0,550.3404801627654
LSPIN,lspin_tf,mlp,0.25,0.5,0.028,0.1,640123,0,0.7183929931454683,0.7839771101573677,16,275.5868835449219,0.9852582642361551,522.0,458.0,432.1856639547821
LSPIN,lspin_tf,mlp,0.25,0.5,0.028,0.1,640124,1,0.7114432597105864,0.7989985693848355,16,246.7220001220703,0.98270475939476,497.0,418.0,389.18453286953263
LSPIN,lspin_tf,mlp,0.25,0.5,0.028,0.1,640125,2,0.6878332063975628,0.8104434907010014,13,263.5173645019531,0.9868128882321296,491.0,468.0,428.8754323429994
LSPIN,lspin_tf,mlp,0.25,0.5,0.028,0.1,640126,3,0.6808834729626809,0.7982832618025751,13,215.1969146728516,0.9802669978572112,468.0,371.0,336.87321346791924
LSPIN,lspin_tf,mlp,0.25,0.5,0.028,0.1,640127,4,0.6948781416603199,0.7846924177396281,21,245.2046356201172,0.9776025085056588,555.0,414.0,393.4355717114493
Concrete,concrete,mlp,0.15,0.2,0.00075,0.0,650123,0,0.7333396801218584,0.7832618025751072,4,1171.5985107421875,0.9991277105509112,5225.0,3447.0,3096.948261335
Concrete,concrete,mlp,0.15,0.2,0.00075,0.0,650124,1,0.7312452399086062,0.7732474964234621,5,911.397705078125,0.9983048882167912,4838.0,2872.0,2653.332945658251
Concrete,concrete,mlp,0.15,0.2,0.00075,0.0,650125,2,0.7418126428027418,0.7854077253218884,4,1071.644775390625,0.9986942038323252,5105.0,3358.0,2997.0218727176057
Concrete,concrete,mlp,0.15,0.2,0.00075,0.0,650126,3,0.718012185833968,0.7832618025751072,7,751.8494262695312,0.9967384828104288,4508.0,2520.0,2366.464455036349
Concrete,concrete,mlp,0.15,0.2,0.00075,0.0,650127,4,0.726961157654227,0.7925608011444921,5,988.7451782226562,0.9985135737896074,4918.0,3127.0,2823.3362207953683
Concrete,concrete,mlp,0.15,0.2,0.001,0.0,660123,0,0.7242955064737243,0.7925608011444921,9,521.4517211914062,0.9952196665046904,3622.0,1737.0,1677.1308848667427
Concrete,concrete,mlp,0.15,0.2,0.001,0.0,660124,1,0.7404798172124905,0.7947067238912733,6,582.023193359375,0.9956971627584694,3951.0,1955.0,1901.463625551594
Concrete,concrete,mlp,0.15,0.2,0.001,0.0,660125,2,0.734958111195735,0.7804005722460658,6,617.7451782226562,0.9957648274371158,4146.0,2060.0,1986.3123340970296
Concrete,concrete,mlp,0.15,0.2,0.001,0.0,660126,3,0.7259139375476009,0.8047210300429185,7,585.4478759765625,0.9950421023005356,4009.0,1967.0,1915.9727635562635
Concrete,concrete,mlp,0.15,0.2,0.001,0.0,660127,4,0.7301028179741051,0.7804005722460658,6,630.3359375,0.9960454548566005,4090.0,2040.0,1960.1293804388847
Concrete,concrete,mlp,0.15,0.2,0.0015,0.0,670123,0,0.7274371667936025,0.7939914163090128,10,362.4285583496094,0.990973203493498,2623.0,1126.0,1142.1871765804335
Concrete,concrete,mlp,0.15,0.2,0.0015,0.0,670124,1,0.7279131759329779,0.7918454935622318,6,460.6563720703125,0.9943385937907564,3183.0,1478.0,1444.750873088301
Concrete,concrete,mlp,0.15,0.2,0.0015,0.0,670125,2,0.7399086062452399,0.7753934191702432,9,324.8146667480469,0.9871396293590484,2503.0,1030.0,1041.892835432193
Concrete,concrete,mlp,0.15,0.2,0.0015,0.0,670126,3,0.7212490479817213,0.7775393419170243,5,506.4131164550781,0.9939479638994188,3467.0,1503.0,1536.7844670892514
Concrete,concrete,mlp,0.15,0.2,0.0015,0.0,670127,4,0.7216298552932217,0.7975679542203148,7,361.5946044921875,0.9908107349167592,2942.0,1390.0,1355.7306190566503
Concrete,concrete,mlp,0.15,0.2,0.002,0.0,680123,0,0.7125856816450876,0.7932761087267525,8,277.6332092285156,0.9891555639379056,2255.0,888.0,921.3984774080914
Concrete,concrete,mlp,0.15,0.2,0.002,0.0,680124,1,0.7296268088347296,0.7839771101573677,8,267.49420166015625,0.9880974351380384,2330.0,834.0,897.3265563117759
Concrete,concrete,mlp,0.15,0.2,0.002,0.0,680125,2,0.7271515613099772,0.7818311874105865,6,344.1853332519531,0.993080205192044,3038.0,1236.0,1272.1996159677346
Concrete,concrete,mlp,0.15,0.2,0.002,0.0,680126,3,0.7288651942117289,0.7989985693848355,7,278.4169921875,0.9901294011138104,2380.0,890.0,933.405398289063
Concrete,concrete,mlp,0.15,0.2,0.002,0.0,680127,4,0.7308644325971059,0.7839771101573677,7,283.8571472167969,0.987538148336334,2385.0,875.0,916.5330011372184
Concrete,concrete,mlp,0.15,0.2,0.0025,0.0,690123,0,0.7210586443259711,0.7882689556509299,8,223.1814727783203,0.9844266492026152,1849.0,682.0,718.3092628583696
Concrete,concrete,mlp,0.15,0.2,0.0025,0.0,690124,1,0.7278179741051028,0.7825464949928469,10,198.4131317138672,0.9857373783534152,1665.0,647.0,670.5563759276072
Concrete,concrete,mlp,0.15,0.2,0.0025,0.0,690125,2,0.7359101294744859,0.7896995708154506,7,252.8417053222656,0.986348769739877,1916.0,735.0,758.779657993388
Concrete,concrete,mlp,0.15,0.2,0.0025,0.0,690126,3,0.7326732673267327,0.7861230329041488,10,203.54054260253903,0.9869195988840008,1795.0,683.0,718.4583448053922
Concrete,concrete,mlp,0.15,0.2,0.0025,0.0,690127,4,0.7248667174409749,0.8125894134477826,8,222.166015625,0.985060938094441,2041.0,709.0,768.8305980087576
Concrete,concrete,mlp,0.15,0.2,0.003,0.0,700123,0,0.7301028179741051,0.7861230329041488,10,149.3474884033203,0.9803589666179496,1362.0,494.0,519.7845610324335
Concrete,concrete,mlp,0.15,0.2,0.003,0.0,700124,1,0.7408606245239908,0.7775393419170243,8,174.56756591796875,0.9851659619445934,1700.0,577.0,618.5139478247377
Concrete,concrete,mlp,0.15,0.2,0.003,0.0,700125,2,0.7266755521706016,0.7703862660944206,7,203.91119384765625,0.9818379159385352,1859.0,630.0,681.02099099089
Concrete,concrete,mlp,0.15,0.2,0.003,0.0,700126,3,0.7282939832444782,0.7918454935622318,8,190.5752868652344,0.9831842770433904,1548.0,572.0,593.0115256764707
Concrete,concrete,mlp,0.15,0.2,0.003,0.0,700127,4,0.7286747905559787,0.7689556509298998,7,210.6100311279297,0.9839911105017508,1924.0,758.0,780.9999936572412
Concrete,concrete,mlp,0.15,0.2,0.004,0.0,710123,0,0.7212490479817213,0.7839771101573677,8,134.32818603515625,0.9763101091531924,1196.0,435.0,459.6525356134249
Concrete,concrete,mlp,0.15,0.2,0.004,0.0,710124,1,0.7197258187357197,0.7854077253218884,10,132.04246520996094,0.9759645092156808,1237.0,425.0,458.267250241997
Concrete,concrete,mlp,0.15,0.2,0.004,0.0,710125,2,0.7286747905559787,0.7746781115879828,12,92.7413101196289,0.951199980523896,957.0,315.0,336.5743348085231
Concrete,concrete,mlp,0.15,0.2,0.004,0.0,710126,3,0.736100533130236,0.759656652360515,10,107.61775970458984,0.9664080193787296,1185.0,380.0,416.805104367405
Concrete,concrete,mlp,0.15,0.2,0.004,0.0,710127,4,0.7307692307692307,0.7753934191702432,13,114.94208526611328,0.9639915576649788,999.0,323.0,349.1078876807025
Concrete,concrete,mlp,0.15,0.2,0.006,0.0,720123,0,0.7024942878903275,0.7818311874105865,9,81.37451934814453,0.9529463687842528,939.0,246.0,286.6048669202154
Concrete,concrete,mlp,0.15,0.2,0.006,0.0,720124,1,0.7315308453922316,0.7796852646638054,11,77.20849609375,0.9574188731619856,613.0,237.0,239.18976130984407
Concrete,concrete,mlp,0.15,0.2,0.006,0.0,720125,2,0.7381949733434882,0.7775393419170243,11,92.85713958740234,0.9535058246195208,843.0,256.0,274.5994307982746
Concrete,concrete,mlp,0.15,0.2,0.006,0.0,720126,3,0.7315308453922316,0.7753934191702432,12,87.21621704101562,0.9614261207714788,940.0,246.0,274.9546338869886
Concrete,concrete,mlp,0.15,0.2,0.006,0.0,720127,4,0.7097296268088348,0.765379113018598,10,87.3667984008789,0.9662622799019092,1052.0,237.0,273.77352895482204
Concrete,concrete,mlp,0.15,0.2,0.00075,0.025,730123,0,0.7422886519421172,0.7761087267525035,10,542.8648681640625,0.9904969414574356,2319.0,1413.0,1257.0740787449122
Concrete,concrete,mlp,0.15,0.2,0.00075,0.025,730124,1,0.7255331302361006,0.7861230329041488,4,848.7219848632812,0.9966682549798348,3688.0,2136.0,1916.593710452464
Concrete,concrete,mlp,0.15,0.2,0.00075,0.025,730125,2,0.7248667174409749,0.7868383404864091,9,594.1428833007812,0.9931264926561556,2373.0,1515.0,1340.418096927866
Concrete,concrete,mlp,0.15,0.2,0.00075,0.025,730126,3,0.7355293221629855,0.801859799713877,6,582.04248046875,0.9947586430042968,2567.0,1679.0,1433.5550685174928
Concrete,concrete,mlp,0.15,0.2,0.00075,0.025,730127,4,0.7276275704493527,0.8047210300429185,7,564.9884033203125,0.9945300123777008,2543.0,1569.0,1371.2102510352995
Concrete,concrete,mlp,0.15,0.2,0.001,0.025,740123,0,0.7419078446306169,0.7982832618025751,6,477.5946044921875,0.994305961390218,2260.0,1505.0,1276.3429905744815
Concrete,concrete,mlp,0.15,0.2,0.001,0.025,740124,1,0.7288651942117289,0.7925608011444921,6,466.478759765625,0.9937338347692104,2143.0,1380.0,1173.5147993875687
Concrete,concrete,mlp,0.15,0.2,0.001,0.025,740125,2,0.7251523229246002,0.8097281831187411,6,486.0656433105469,0.9909641948346948,2279.0,1267.0,1142.587563844639
Concrete,concrete,mlp,0.15,0.2,0.001,0.025,740126,3,0.7355293221629855,0.801859799713877,9,454.91119384765625,0.9856634795934894,1947.0,1188.0,1060.7392001681192
Concrete,concrete,mlp,0.15,0.2,0.001,0.025,740127,4,0.7365765422696116,0.8032904148783977,11,344.0656433105469,0.9842790472298448,1516.0,1009.0,862.6010291085203
Concrete,concrete,mlp,0.15,0.2,0.0015,0.025,750123,0,0.7289603960396039,0.8111587982832618,5,416.21234130859375,0.9903029662401848,2149.0,1056.0,995.585919958128
Concrete,concrete,mlp,0.15,0.2,0.0015,0.025,750124,1,0.7290555978674791,0.7954220314735336,6,340.7181396484375,0.9851087323326552,1762.0,941.0,832.9708943831342
Concrete,concrete,mlp,0.15,0.2,0.0015,0.025,750125,2,0.742003046458492,0.7861230329041488,6,296.1968994140625,0.9851228448495332,1486.0,896.0,785.2179238377242
Concrete,concrete,mlp,0.15,0.2,0.0015,0.025,750126,3,0.734006092916984,0.771101573676681,11,233.3706512451172,0.982869542628262,1079.0,710.0,603.6770802399528
Concrete,concrete,mlp,0.15,0.2,0.0015,0.025,750127,4,0.7374333587204874,0.8190271816881259,8,272.9806823730469,0.9826597184326794,1285.0,746.0,664.3697926472573
Concrete,concrete,mlp,0.15,0.2,0.002,0.025,760123,0,0.7134424980959635,0.7811158798283262,8,206.3783721923828,0.9747543998964604,1013.0,566.0,503.8879226889875
Concrete,concrete,mlp,0.15,0.2,0.002,0.025,760124,1,0.7306740289413557,0.7982832618025751,6,269.80694580078125,0.9897302981521964,1458.0,826.0,734.3892454077708
Concrete,concrete,mlp,0.15,0.2,0.002,0.025,760125,2,0.7321972581873571,0.7925608011444921,6,255.0038604736328,0.9878585461307308,1259.0,735.0,667.7425208061894
Concrete,concrete,mlp,0.15,0.2,0.002,0.025,760126,3,0.7328636709824828,0.7718168812589413,8,200.2741241455078,0.9811185301977824,1008.0,620.0,538.5803285907442
Concrete,concrete,mlp,0.15,0.2,0.002,0.025,760127,4,0.7293412033511043,0.7932761087267525,7,232.88803100585935,0.9837067674806036,1175.0,714.0,617.4298349996925
Concrete,concrete,mlp,0.15,0.2,0.0025,0.025,770123,0,0.7244859101294745,0.8333333333333334,8,177.23165893554688,0.9792428454084028,971.0,487.0,443.740229509142
Concrete,concrete,mlp,0.15,0.2,0.0025,0.025,770124,1,0.7399086062452399,0.7825464949928469,13,131.76834106445312,0.964945040181464,915.0,361.0,346.8366376875078
Concrete,concrete,mlp,0.15,0.2,0.0025,0.025,770125,2,0.7387661843107388,0.7782546494992847,13,134.895751953125,0.9658945096534718,790.0,358.0,341.22470896181244
Concrete,concrete,mlp,0.15,0.2,0.0025,0.025,770126,3,0.7127760853008378,0.7947067238912733,8,197.0772247314453,0.9775769653733348,891.0,570.0,487.400115670124
Concrete,concrete,mlp,0.15,0.2,0.0025,0.025,770127,4,0.7354341203351105,0.7639484978540773,8,175.2393798828125,0.978082869419305,981.0,529.0,479.4537254721463
Concrete,concrete,mlp,0.15,0.2,0.003,0.025,780123,0,0.7266755521706016,0.7703862660944206,10,129.08494567871094,0.9700895350217188,751.0,376.0,333.9980910024736
Concrete,concrete,mlp,0.15,0.2,0.003,0.025,780124,1,0.7228674790555979,0.7696709585121603,7,171.26254272460938,0.9777552638790584,889.0,482.0,434.6021453233967
Concrete,concrete,mlp,0.15,0.2,0.003,0.025,780125,2,0.7237242955064738,0.7925608011444921,7,171.8378448486328,0.97599552831212,796.0,499.0,432.4450519502593
Concrete,concrete,mlp,0.15,0.2,0.003,0.025,780126,3,0.7229626808834729,0.776824034334764,12,115.96138763427734,0.9678935941245274,833.0,350.0,323.7321297924817
Concrete,concrete,mlp,0.15,0.2,0.003,0.025,780127,4,0.73000761614623,0.8118741058655222,9,134.01930236816406,0.9756863370142168,801.0,418.0,371.301361250117
Concrete,concrete,mlp,0.15,0.2,0.004,0.025,790123,0,0.7148705255140899,0.7832618025751072,9,121.8108139038086,0.9703214571006792,656.0,374.0,326.47302678827856
Concrete,concrete,mlp,0.15,0.2,0.004,0.025,790124,1,0.7060167555217061,0.7854077253218884,10,121.79150390625,0.9637710475111336,589.0,312.0,282.96883538229963
Concrete,concrete,mlp,0.15,0.2,0.004,0.025,790125,2,0.7311500380807312,0.7796852646638054,10,118.21621704101562,0.958389147329399,638.0,300.0,286.0212457678167
Concrete,concrete,mlp,0.15,0.2,0.004,0.025,790126,3,0.7093488194973343,0.7775393419170243,12,100.56370544433594,0.9502982689677948,637.0,251.0,249.4065559195699
Concrete,concrete,mlp,0.15,0.2,0.004,0.025,790127,4,0.7204874333587205,0.7882689556509299,9,109.3667984008789,0.964151208710156,753.0,301.0,291.2916679703978
Concrete,concrete,mlp,0.15,0.2,0.006,0.025,800123,0,0.7264851485148515,0.7746781115879828,9,90.32432556152344,0.9489182925582074,669.0,214.0,222.5050512170993
Concrete,concrete,mlp,0.15,0.2,0.006,0.025,800124,1,0.700971058644326,0.7947067238912733,13,64.24710083007812,0.9562569958057636,637.0,196.0,192.63600996555755
Concrete,concrete,mlp,0.15,0.2,0.006,0.025,800125,2,0.7222010662604722,0.7875536480686696,13,73.69498443603516,0.9544381365164338,641.0,193.0,192.33407795476276
Concrete,concrete,mlp,0.15,0.2,0.006,0.025,800126,3,0.732958872810358,0.7732474964234621,12,79.92278289794922,0.9564563034089534,503.0,200.0,198.2377336979331
Concrete,concrete,mlp,0.15,0.2,0.006,0.025,800127,4,0.733054074638233,0.778969957081545,10,81.14672088623047,0.9598873861042548,520.0,244.0,220.5025915480422
Concrete,concrete,mlp,0.15,0.2,0.00075,0.05,810123,0,0.7288651942117289,0.7896995708154506,7,652.1196899414062,0.994296548177788,2526.0,1643.0,1412.2132815670443
Concrete,concrete,mlp,0.15,0.2,0.00075,0.05,810124,1,0.7318164508758568,0.7854077253218884,9,518.853271484375,0.988865699664564,2149.0,1349.0,1165.4266127616927
Concrete,concrete,mlp,0.15,0.2,0.00075,0.05,810125,2,0.7373381568926123,0.7882689556509299,4,1019.7181396484376,0.997924531960287,3817.0,2516.0,2159.737132073524
Concrete,concrete,mlp,0.15,0.2,0.00075,0.05,810126,3,0.7263899466869764,0.8090128755364807,5,961.0386352539062,0.9971425192475482,3303.0,2413.0,2012.0385835670609
Concrete,concrete,mlp,0.15,0.2,0.00075,0.05,810127,4,0.7347677075399848,0.7818311874105865,9,600.0964965820312,0.9910671683407418,2246.0,1449.0,1282.8618200188128
Concrete,concrete,mlp,0.15,0.2,0.001,0.05,820123,0,0.7381949733434882,0.7911301859799714,5,642.2046508789062,0.994768393537522,3146.0,1549.0,1442.381925175943
Concrete,concrete,mlp,0.15,0.2,0.001,0.05,820124,1,0.7324828636709825,0.8061516452074392,6,474.2316589355469,0.9937188765786016,1985.0,1249.0,1080.5732033207362
Concrete,concrete,mlp,0.15,0.2,0.001,0.05,820125,2,0.7286747905559787,0.8032904148783977,8,474.7992248535156,0.9911512088279018,1965.0,1307.0,1113.24377184871
Concrete,concrete,mlp,0.15,0.2,0.001,0.05,820126,3,0.7343869002284844,0.7746781115879828,5,528.8378295898438,0.994123922623265,2600.0,1460.0,1283.6905010821567
Concrete,concrete,mlp,0.15,0.2,0.001,0.05,820127,4,0.7284843869002284,0.7753934191702432,8,411.0386047363281,0.9886091617371952,1634.0,1162.0,962.0444663398284
Concrete,concrete,mlp,0.15,0.2,0.0015,0.05,830123,0,0.7198210205635949,0.804005722460658,9,240.9884185791016,0.970610748725909,1053.0,688.0,582.2418234125522
Concrete,concrete,mlp,0.15,0.2,0.0015,0.05,830124,1,0.7354341203351105,0.7696709585121603,6,274.2509765625,0.9848654466655028,1254.0,684.0,630.2967825884202
Concrete,concrete,mlp,0.15,0.2,0.0015,0.05,830125,2,0.7261043412033511,0.8104434907010014,9,237.94207763671875,0.9778871690103936,1172.0,665.0,584.1801086220763
Concrete,concrete,mlp,0.15,0.2,0.0015,0.05,830126,3,0.7258187357197258,0.8111587982832618,13,210.74903869628903,0.9807801851504055,985.0,526.0,480.1944270312714
Concrete,concrete,mlp,0.15,0.2,0.0015,0.05,830127,4,0.7556169078446306,0.778969957081545,11,213.3629302978516,0.9829736001371332,1078.0,586.0,526.1031273465521
Concrete,concrete,mlp,0.15,0.2,0.002,0.05,840123,0,0.7037319116527038,0.7761087267525035,11,185.11582946777344,0.9746560223382172,806.0,546.0,460.849127596967
Concrete,concrete,mlp,0.15,0.2,0.002,0.05,840124,1,0.7178217821782178,0.771101573676681,4,404.0193176269531,0.9929842805279436,1943.0,943.0,899.5667993638958
Concrete,concrete,mlp,0.15,0.2,0.002,0.05,840125,2,0.7216298552932217,0.8075822603719599,8,196.80308532714844,0.9783691752105512,935.0,515.0,480.4383311772002
Concrete,concrete,mlp,0.15,0.2,0.002,0.05,840126,3,0.7309596344249809,0.7818311874105865,7,227.2779998779297,0.9850371402510362,1112.0,627.0,561.8271320647725
Concrete,concrete,mlp,0.15,0.2,0.002,0.05,840127,4,0.7229626808834729,0.804005722460658,9,178.00772094726562,0.9731014184576076,799.0,483.0,426.12586746435744
Concrete,concrete,mlp,0.15,0.2,0.0025,0.05,850123,0,0.7185833968012186,0.7896995708154506,5,269.0849304199219,0.9872616842403972,1346.0,691.0,639.2404483248301
Concrete,concrete,mlp,0.15,0.2,0.0025,0.05,850124,1,0.7341964965727342,0.7796852646638054,7,182.94207763671875,0.9805079569233868,918.0,548.0,461.6946077241785
Concrete,concrete,mlp,0.15,0.2,0.0025,0.05,850125,2,0.7286747905559787,0.778969957081545,14,139.15057373046875,0.965477184396586,728.0,399.0,342.6205075415695
Concrete,concrete,mlp,0.15,0.2,0.0025,0.05,850126,3,0.7305788271134805,0.7839771101573677,7,188.2857208251953,0.9802343676064788,858.0,537.0,465.6787590844259
Concrete,concrete,mlp,0.15,0.2,0.0025,0.05,850127,4,0.7561881188118812,0.7947067238912733,9,148.61776733398438,0.9751335539892688,684.0,446.0,378.6883618566463
Concrete,concrete,mlp,0.15,0.2,0.003,0.05,860123,0,0.7247715156130998,0.801859799713877,12,121.32818603515624,0.9604379189448624,710.0,302.0,287.5182430751355
Concrete,concrete,mlp,0.15,0.2,0.003,0.05,860124,1,0.7207730388423458,0.8054363376251789,5,242.6332092285156,0.9897400457854424,1383.0,696.0,638.5966935738425
Concrete,concrete,mlp,0.15,0.2,0.003,0.05,860125,2,0.7226770753998477,0.7761087267525035,8,138.6911163330078,0.9664009118850788,597.0,370.0,325.78004004895547
Concrete,concrete,mlp,0.15,0.2,0.003,0.05,860126,3,0.7231530845392231,0.7932761087267525,8,126.93436431884766,0.966010643443134,577.0,332.0,302.5148041635616
Concrete,concrete,mlp,0.15,0.2,0.003,0.05,860127,4,0.7242955064737243,0.7811158798283262,13,107.1853256225586,0.9511672753379874,628.0,296.0,272.2657086183101
Concrete,concrete,mlp,0.15,0.2,0.004,0.05,870123,0,0.7183929931454683,0.7854077253218884,13,93.9189224243164,0.9604902799787748,464.0,313.0,251.8186343065068
Concrete,concrete,mlp,0.15,0.2,0.004,0.05,870124,1,0.7254379284082254,0.771101573676681,7,140.1351318359375,0.973369246749886,639.0,383.0,342.9293358077838
Concrete,concrete,mlp,0.15,0.2,0.004,0.05,870125,2,0.7298172124904798,0.7818311874105865,9,109.53668212890624,0.9545893877075338,660.0,291.0,269.9535060234668
Concrete,concrete,mlp,0.15,0.2,0.004,0.05,870126,3,0.706968773800457,0.7861230329041488,13,88.97297668457031,0.9625793056322544,606.0,280.0,249.47171536928585
Concrete,concrete,mlp,0.15,0.2,0.004,0.05,870127,4,0.7334348819497334,0.7854077253218884,13,98.8108139038086,0.9533279203418086,498.0,271.0,240.8495163026432
Concrete,concrete,mlp,0.15,0.2,0.006,0.05,880123,0,0.7367669459253617,0.796137339055794,10,71.20463562011719,0.9533805981627816,369.0,177.0,173.3020780949238
Concrete,concrete,mlp,0.15,0.2,0.006,0.05,880124,1,0.7229626808834729,0.7782546494992847,8,88.45173645019531,0.9668988950603088,407.0,250.0,220.2620768888041
Concrete,concrete,mlp,0.15,0.2,0.006,0.05,880125,2,0.7164889565879665,0.7753934191702432,7,116.57528686523438,0.97592394893755,541.0,357.0,305.8697391128858
Concrete,concrete,mlp,0.15,0.2,0.006,0.05,880126,3,0.7055407463823306,0.7668097281831188,15,69.02316284179688,0.952213320304834,421.0,174.0,170.8553508972509
Concrete,concrete,mlp,0.15,0.2,0.006,0.05,880127,4,0.7206778370144706,0.7911301859799714,7,123.72972869873048,0.976503195367061,512.0,344.0,300.1872530717852
Concrete,concrete,mlp,0.15,0.2,0.00075,0.1,890123,0,0.731054836252856,0.796137339055794,7,640.5057983398438,0.9915930659400096,2553.0,1608.0,1340.8619558935764
Concrete,concrete,mlp,0.15,0.2,0.00075,0.1,890124,1,0.734006092916984,0.7761087267525035,5,827.9420776367188,0.9966863710649156,3119.0,2009.0,1715.852525452195
Concrete,concrete,mlp,0.15,0.2,0.00075,0.1,890125,2,0.7319116527037319,0.7932761087267525,9,526.9304809570312,0.987397699552013,2132.0,1173.0,1048.9090615951322
Concrete,concrete,mlp,0.15,0.2,0.00075,0.1,890126,3,0.7331492764661082,0.8082975679542204,4,1017.0038452148438,0.9980220163141283,3623.0,2526.0,2145.6785333555777
Concrete,concrete,mlp,0.15,0.2,0.00075,0.1,890127,4,0.7365765422696116,0.7882689556509299,11,387.3011474609375,0.9835197312678255,1471.0,975.0,805.04860345749
Concrete,concrete,mlp,0.15,0.2,0.001,0.1,900123,0,0.7232482863670983,0.7839771101573677,7,458.9420776367188,0.9886447447796868,1922.0,1114.0,966.39509054606
Concrete,concrete,mlp,0.15,0.2,0.001,0.1,900124,1,0.733054074638233,0.7911301859799714,5,632.0463256835938,0.9919776763756212,2647.0,1558.0,1358.0559358737344
Concrete,concrete,mlp,0.15,0.2,0.001,0.1,900125,2,0.7347677075399848,0.8276108726752504,8,395.5482482910156,0.9873008669633814,1721.0,994.0,837.3685410939243
Concrete,concrete,mlp,0.15,0.2,0.001,0.1,900126,3,0.7314356435643564,0.8226037195994278,7,481.9922790527344,0.9893613436903796,2487.0,1223.0,1071.5398484015386
Concrete,concrete,mlp,0.15,0.2,0.001,0.1,900127,4,0.7459063214013709,0.7868383404864091,6,514.976806640625,0.9912394972666028,2255.0,1419.0,1168.4085048543718
Concrete,concrete,mlp,0.15,0.2,0.0015,0.1,910123,0,0.7314356435643564,0.7854077253218884,9,218.7799224853516,0.9825726834893348,1105.0,589.0,510.4192984434033
Concrete,concrete,mlp,0.15,0.2,0.0015,0.1,910124,1,0.7391469916222392,0.7925608011444921,7,275.68341064453125,0.9855964190896508,1231.0,725.0,632.2798854855765
Concrete,concrete,mlp,0.15,0.2,0.0015,0.1,910125,2,0.7118240670220868,0.7882689556509299,5,353.1351318359375,0.9918250810833654,1758.0,889.0,811.2946360938608
Concrete,concrete,mlp,0.15,0.2,0.0015,0.1,910126,3,0.7425742574257426,0.801859799713877,9,256.3938293457031,0.9815032673903814,1174.0,682.0,583.695982812305
Concrete,concrete,mlp,0.15,0.2,0.0015,0.1,910127,4,0.7317212490479817,0.7739628040057225,8,246.1351318359375,0.9812385486211412,1122.0,681.0,585.4791250486734
Concrete,concrete,mlp,0.15,0.2,0.002,0.1,920123,0,0.7527608530083778,0.7696709585121603,12,156.91505432128906,0.9681323398565054,766.0,411.0,370.1417471267704
Concrete,concrete,mlp,0.15,0.2,0.002,0.1,920124,1,0.7163937547600914,0.7854077253218884,5,298.2046203613281,0.9880556048678012,1457.0,768.0,693.5573654330593
Concrete,concrete,mlp,0.15,0.2,0.002,0.1,920125,2,0.7315308453922316,0.7989985693848355,9,176.00772094726562,0.9694619052161704,780.0,455.0,398.3322171709477
Concrete,concrete,mlp,0.15,0.2,0.002,0.1,920126,3,0.7298172124904798,0.7968526466380543,6,243.3706512451172,0.9836210728667972,1083.0,730.0,593.4658734577132
Concrete,concrete,mlp,0.15,0.2,0.002,0.1,920127,4,0.7433358720487433,0.7911301859799714,10,174.729736328125,0.9695959874874288,719.0,417.0,372.75886775397606
Concrete,concrete,mlp,0.15,0.2,0.0025,0.1,930123,0,0.7295316070068545,0.7703862660944206,11,128.52896118164062,0.9585481799942752,557.0,346.0,299.7325256531251
Concrete,concrete,mlp,0.15,0.2,0.0025,0.1,930124,1,0.7082063975628332,0.776824034334764,15,120.6061782836914,0.9603855592085792,563.0,329.0,285.73282570477176
Concrete,concrete,mlp,0.15,0.2,0.0025,0.1,930125,2,0.7242955064737243,0.790414878397711,15,115.40926361083984,0.9580762433618314,594.0,297.0,269.3867459703274
Concrete,concrete,mlp,0.15,0.2,0.0025,0.1,930126,3,0.7287699923838538,0.7775393419170243,11,133.37451171875,0.966059944425028,529.0,362.0,299.94108504592833
Concrete,concrete,mlp,0.15,0.2,0.0025,0.1,930127,4,0.7259139375476009,0.7725321888412017,5,295.2046203613281,0.988665625081556,1398.0,771.0,689.0563481447738
Concrete,concrete,mlp,0.15,0.2,0.003,0.1,940123,0,0.7291507996953541,0.7725321888412017,8,138.3474884033203,0.9634290420801888,529.0,333.0,300.82518861413456
Concrete,concrete,mlp,0.15,0.2,0.003,0.1,940124,1,0.7432406702208683,0.7739628040057225,6,199.4478759765625,0.9843262067346216,864.0,552.0,473.6621998168176
Concrete,concrete,mlp,0.15,0.2,0.003,0.1,940125,2,0.7184881949733435,0.8218884120171673,8,129.3436279296875,0.9754666972447203,555.0,328.0,299.4577833784451
Concrete,concrete,mlp,0.15,0.2,0.003,0.1,940126,3,0.7188690022848438,0.7861230329041488,13,104.16216278076172,0.9690693528832068,566.0,304.0,262.80564636124694
Concrete,concrete,mlp,0.15,0.2,0.003,0.1,940127,4,0.7334348819497334,0.7668097281831188,6,201.02316284179688,0.987321183132186,1046.0,648.0,532.7558366820911
Concrete,concrete,mlp,0.15,0.2,0.004,0.1,950123,0,0.7206778370144706,0.7553648068669528,6,148.47103881835938,0.9750543834190452,818.0,361.0,350.7679905267348
Concrete,concrete,mlp,0.15,0.2,0.004,0.1,950124,1,0.7155369383092155,0.7782546494992847,10,97.77606201171876,0.9590602258838972,499.0,255.0,227.9460850183429
Concrete,concrete,mlp,0.15,0.2,0.004,0.1,950125,2,0.7305788271134805,0.7753934191702432,9,116.85327911376952,0.9714495631786106,464.0,320.0,277.4736777618542
Concrete,concrete,mlp,0.15,0.2,0.004,0.1,950126,3,0.7115384615384616,0.7560801144492132,12,86.01930236816406,0.9622683437359196,372.0,243.0,206.3356056519506
Concrete,concrete,mlp,0.15,0.2,0.004,0.1,950127,4,0.7283891850723534,0.7975679542203148,8,119.22007751464844,0.9684314707175268,489.0,326.0,282.6801465705581
Concrete,concrete,mlp,0.15,0.2,0.006,0.1,960123,0,0.7103008377760853,0.796137339055794,13,73.78764343261719,0.9526507818438812,409.0,178.0,167.16069623884158
Concrete,concrete,mlp,0.15,0.2,0.006,0.1,960124,1,0.7302932216298553,0.7925608011444921,11,69.90733337402344,0.9496097032896476,346.0,192.0,165.2137192509291
Concrete,concrete,mlp,0.15,0.2,0.006,0.1,960125,2,0.6747905559786748,0.796137339055794,22,59.687259674072266,0.9148897203214784,397.0,145.0,140.98133083089334
Concrete,concrete,mlp,0.15,0.2,0.006,0.1,960126,3,0.7084920030464585,0.7761087267525035,8,91.42471313476562,0.9665053925039624,355.0,227.0,208.20658714407327
Concrete,concrete,mlp,0.15,0.2,0.006,0.1,960127,4,0.7406702208682406,0.778969957081545,8,94.27413177490234,0.9667958570235076,431.0,234.0,219.37918151148756
Concrete,concrete,mlp,0.15,0.5,0.00075,0.0,970123,0,0.723914699162224,0.796137339055794,5,753.6370849609375,0.996416002200306,4408.0,2327.0,2208.6826154961577
Concrete,concrete,mlp,0.15,0.5,0.00075,0.0,970124,1,0.7467631378522468,0.7818311874105865,8,525.231689453125,0.9943796228813928,3668.0,1698.0,1694.8151078287308
Concrete,concrete,mlp,0.15,0.5,0.00075,0.0,970125,2,0.7143945163747144,0.796137339055794,6,633.6525268554688,0.9952177760538912,3985.0,1970.0,1907.8361508502269
Concrete,concrete,mlp,0.15,0.5,0.00075,0.0,970126,3,0.7236290936785986,0.7796852646638054,4,904.3513793945312,0.9980599654024634,4587.0,2654.0,2488.5965571213023
Concrete,concrete,mlp,0.15,0.5,0.00075,0.0,970127,4,0.7313404417364814,0.804005722460658,5,827.9073486328125,0.99734214676277,4771.0,2718.0,2509.194779480953
Concrete,concrete,mlp,0.15,0.5,0.001,0.0,980123,0,0.7313404417364814,0.7939914163090128,8,425.9497985839844,0.9921888470742644,3192.0,1437.0,1423.296967575076
Concrete,concrete,mlp,0.15,0.5,0.001,0.0,980124,1,0.725057121096725,0.7989985693848355,6,420.9073486328125,0.9928109244784398,3343.0,1503.0,1500.6349783513062
Concrete,concrete,mlp,0.15,0.5,0.001,0.0,980125,2,0.7272467631378522,0.7868383404864091,5,556.7528686523438,0.9958944554842962,3828.0,1778.0,1739.6285339751912
Concrete,concrete,mlp,0.15,0.5,0.001,0.0,980126,3,0.7168697638994669,0.7753934191702432,7,405.6988525390625,0.9926672019172076,3448.0,1545.0,1570.656526215479
Concrete,concrete,mlp,0.15,0.5,0.001,0.0,980127,4,0.7404798172124905,0.7839771101573677,6,453.853271484375,0.9918227689181226,3351.0,1411.0,1437.3897645128066
Concrete,concrete,mlp,0.15,0.5,0.0015,0.0,990123,0,0.732958872810358,0.7911301859799714,7,291.2818603515625,0.9896175037025132,2384.0,1037.0,1023.2927698355676
Concrete,concrete,mlp,0.15,0.5,0.0015,0.0,990124,1,0.7322924600152323,0.8068669527896996,8,277.312744140625,0.9871266217764744,2446.0,949.0,999.9697633598862
Concrete,concrete,mlp,0.15,0.5,0.0015,0.0,990125,2,0.7184881949733435,0.8133047210300429,8,257.2625427246094,0.9859590753116584,2374.0,914.0,952.0050847341143
Concrete,concrete,mlp,0.15,0.5,0.0015,0.0,990126,3,0.7264851485148515,0.7947067238912733,5,401.5444030761719,0.9926864379944754,3162.0,1282.0,1326.2275210943735
Concrete,concrete,mlp,0.15,0.5,0.0015,0.0,990127,4,0.7279131759329779,0.7854077253218884,7,322.7683410644531,0.989283189528958,2656.0,1087.0,1106.834826441373
Concrete,concrete,mlp,0.15,0.5,0.002,0.0,1000123,0,0.7267707539984768,0.7639484978540773,8,223.7799224853516,0.9781549321559656,1722.0,690.0,695.6137534845393
Concrete,concrete,mlp,0.15,0.5,0.002,0.0,1000124,1,0.7186785986290937,0.7975679542203148,8,239.7181396484375,0.9836222538856296,2014.0,674.0,736.8822831500908
Concrete,concrete,mlp,0.15,0.5,0.002,0.0,1000125,2,0.7274371667936025,0.7753934191702432,8,222.4092712402344,0.9827642881721728,1768.0,676.0,711.2958161800948
Concrete,concrete,mlp,0.15,0.5,0.002,0.0,1000126,3,0.7293412033511043,0.7896995708154506,6,261.1158447265625,0.988170477175236,1971.0,756.0,778.4977660615716
Concrete,concrete,mlp,0.15,0.5,0.002,0.0,1000127,4,0.7359101294744859,0.7696709585121603,6,278.6640930175781,0.988985888618046,2630.0,884.0,973.0978125838238
Concrete,concrete,mlp,0.15,0.5,0.0025,0.0,1010123,0,0.7213442498095963,0.7732474964234621,9,163.0772247314453,0.9750892452678966,1425.0,501.0,526.715203010943
Concrete,concrete,mlp,0.15,0.5,0.0025,0.0,1010124,1,0.7208682406702208,0.7839771101573677,12,135.8996124267578,0.9730860292776128,1302.0,467.0,488.508667125939
Concrete,concrete,mlp,0.15,0.5,0.0025,0.0,1010125,2,0.7367669459253617,0.7703862660944206,7,205.312744140625,0.9789805995019122,1705.0,602.0,633.5692976519853
Concrete,concrete,mlp,0.15,0.5,0.0025,0.0,1010126,3,0.7217250571210967,0.7725321888412017,10,183.12355041503903,0.9768432985948764,1528.0,533.0,558.7793523118053
Concrete,concrete,mlp,0.15,0.5,0.0025,0.0,1010127,4,0.718964204112719,0.7975679542203148,8,186.94981384277344,0.9857152309363212,1719.0,592.0,649.8356492198346
Concrete,concrete,mlp,0.15,0.5,0.003,0.0,1020123,0,0.7284843869002284,0.778969957081545,7,191.46331787109372,0.9803473113440132,1652.0,587.0,627.1882688579159
Concrete,concrete,mlp,0.15,0.5,0.003,0.0,1020124,1,0.7322924600152323,0.7660944206008584,6,223.0347442626953,0.990975917658794,1847.0,710.0,752.7017360562095
Concrete,concrete,mlp,0.15,0.5,0.003,0.0,1020125,2,0.7324828636709825,0.771101573676681,13,119.895751953125,0.9674290246302962,1214.0,367.0,407.2653298404684
Concrete,concrete,mlp,0.15,0.5,0.003,0.0,1020126,3,0.7184881949733435,0.7932761087267525,6,238.32432556152344,0.987979363018947,1847.0,637.0,689.8971035960981
Concrete,concrete,mlp,0.15,0.5,0.003,0.0,1020127,4,0.7254379284082254,0.8154506437768241,9,144.81080627441406,0.974892262729209,1375.0,459.0,493.0478680819394
Concrete,concrete,mlp,0.15,0.5,0.004,0.0,1030123,0,0.7338156892612339,0.7718168812589413,10,112.01544189453124,0.9692495520897948,1048.0,343.0,366.7015181146271
Concrete,concrete,mlp,0.15,0.5,0.004,0.0,1030124,1,0.722010662604722,0.7746781115879828,7,142.7142791748047,0.9822575552373172,1413.0,429.0,489.1986991578681
Concrete,concrete,mlp,0.15,0.5,0.004,0.0,1030125,2,0.7302932216298553,0.7739628040057225,9,111.85327911376952,0.9663788948755032,864.0,316.0,325.15892219740067
Concrete,concrete,mlp,0.15,0.5,0.004,0.0,1030126,3,0.7304836252856055,0.7761087267525035,7,147.32046508789062,0.9816448425421124,1368.0,476.0,507.106112487708
Concrete,concrete,mlp,0.15,0.5,0.004,0.0,1030127,4,0.7361957349581112,0.7832618025751072,7,137.18919372558594,0.9822626564349972,1441.0,455.0,501.64830207463217
Concrete,concrete,mlp,0.15,0.5,0.006,0.0,1040123,0,0.7191546077684692,0.7775393419170243,8,85.47103881835938,0.971786582277254,887.0,301.0,324.8856704838132
Concrete,concrete,mlp,0.15,0.5,0.006,0.0,1040124,1,0.7243907083015994,0.790414878397711,9,76.25096893310547,0.9542910225410616,872.0,249.0,276.3294321023149
Concrete,concrete,mlp,0.15,0.5,0.006,0.0,1040125,2,0.7098248286367098,0.7889842632331903,9,82.0810775756836,0.9607189196124014,734.0,247.0,253.7473832561417
Concrete,concrete,mlp,0.15,0.5,0.006,0.0,1040126,3,0.7113480578827114,0.7882689556509299,10,78.03089141845703,0.955173263531366,742.0,251.0,266.97883330413833
Concrete,concrete,mlp,0.15,0.5,0.006,0.0,1040127,4,0.7385757806549885,0.759656652360515,8,106.0540542602539,0.9777182822576744,969.0,367.0,384.67694934029817
Concrete,concrete,mlp,0.15,0.5,0.00075,0.025,1050123,0,0.7236290936785986,0.7968526466380543,7,436.1390075683594,0.9886218989513798,1823.0,1210.0,1026.080453220438
Concrete,concrete,mlp,0.15,0.5,0.00075,0.025,1050124,1,0.73000761614623,0.7975679542203148,7,449.07720947265625,0.990281999990872,1885.0,1186.0,1036.1086615294937
Concrete,concrete,mlp,0.15,0.5,0.00075,0.025,1050125,2,0.7261995430312262,0.7889842632331903,7,409.146728515625,0.987471181952026,1746.0,979.0,906.9072234738994
Concrete,concrete,mlp,0.15,0.5,0.00075,0.025,1050126,3,0.7264851485148515,0.796137339055794,5,571.5675659179688,0.9928312156979496,2484.0,1426.0,1281.5611118250922
Concrete,concrete,mlp,0.15,0.5,0.00075,0.025,1050127,4,0.7423838537699924,0.7868383404864091,7,466.25482177734375,0.9908188664720337,1875.0,1323.0,1120.4605388456869
Concrete,concrete,mlp,0.15,0.5,0.001,0.025,1060123,0,0.7266755521706016,0.7968526466380543,7,293.9768371582031,0.981495539007729,1600.0,814.0,744.7061104226465
Concrete,concrete,mlp,0.15,0.5,0.001,0.025,1060124,1,0.7471439451637472,0.8097281831187411,9,321.37451171875,0.9801250048320926,1532.0,918.0,803.4572740297494
Concrete,concrete,mlp,0.15,0.5,0.001,0.025,1060125,2,0.7311500380807312,0.7882689556509299,4,597.2200927734375,0.9944785971059424,2833.0,1616.0,1437.5581050401129
Concrete,concrete,mlp,0.15,0.5,0.001,0.025,1060126,3,0.733054074638233,0.7868383404864091,4,639.9845581054688,0.9958267457992628,2851.0,1714.0,1510.3159477464376
Concrete,concrete,mlp,0.15,0.5,0.001,0.025,1060127,4,0.7386709824828637,0.7875536480686696,9,312.5135192871094,0.984785959428268,1421.0,933.0,790.5796367632774
Concrete,concrete,mlp,0.15,0.5,0.0015,0.025,1070123,0,0.7348629093678599,0.7947067238912733,8,230.59844970703125,0.9798454598736612,1268.0,624.0,575.3771261279692
Concrete,concrete,mlp,0.15,0.5,0.0015,0.025,1070124,1,0.7413366336633663,0.7796852646638054,7,230.4748992919922,0.9815999940027412,1215.0,648.0,585.0623809780525
Concrete,concrete,mlp,0.15,0.5,0.0015,0.025,1070125,2,0.7352437166793603,0.8032904148783977,4,433.4671936035156,0.9932611229372484,2118.0,1139.0,1049.500538350071
Concrete,concrete,mlp,0.15,0.5,0.0015,0.025,1070126,3,0.7277227722772277,0.7739628040057225,5,311.45947265625,0.9819520719462952,1532.0,761.0,736.0390508306007
Concrete,concrete,mlp,0.15,0.5,0.0015,0.025,1070127,4,0.7186785986290937,0.8140200286123033,8,218.0617828369141,0.9868031119642428,1122.0,646.0,553.2394726351131
Concrete,concrete,mlp,0.15,0.5,0.002,0.025,1080123,0,0.723914699162224,0.7982832618025751,9,160.0347442626953,0.9717092327347936,1014.0,510.0,458.15718838040885
Concrete,concrete,mlp,0.15,0.5,0.002,0.025,1080124,1,0.7413366336633663,0.8075822603719599,11,147.3088836669922,0.9657657192945084,792.0,426.0,376.9904779094021
Concrete,concrete,mlp,0.15,0.5,0.002,0.025,1080125,2,0.7354341203351105,0.8168812589413448,8,159.3397674560547,0.9679730493977764,863.0,445.0,403.299168307236
Concrete,concrete,mlp,0.15,0.5,0.002,0.025,1080126,3,0.719059405940594,0.7954220314735336,13,133.44015502929688,0.969629020796233,725.0,383.0,343.2065600373052
Concrete,concrete,mlp,0.15,0.5,0.002,0.025,1080127,4,0.7421934501142422,0.8104434907010014,9,154.478759765625,0.9735038508842668,960.0,443.0,406.1391694642601
Concrete,concrete,mlp,0.15,0.5,0.0025,0.025,1090123,0,0.7143945163747144,0.7846924177396281,9,137.3474884033203,0.970485889676904,826.0,367.0,345.83056401437113
Concrete,concrete,mlp,0.15,0.5,0.0025,0.025,1090124,1,0.733054074638233,0.7761087267525035,6,172.94595336914062,0.9727713294710616,1006.0,489.0,441.5546774019023
Concrete,concrete,mlp,0.15,0.5,0.0025,0.025,1090125,2,0.7481911652703732,0.7689556509298998,8,165.52896118164062,0.983440015323499,907.0,513.0,441.7675807678142
Concrete,concrete,mlp,0.15,0.5,0.0025,0.025,1090126,3,0.7366717440974867,0.7911301859799714,9,152.40927124023438,0.977048963348526,827.0,441.0,388.6960416075105
Concrete,concrete,mlp,0.15,0.5,0.0025,0.025,1090127,4,0.734958111195735,0.7703862660944206,8,143.26254272460938,0.9730683106569608,824.0,444.0,393.5860104352825
Concrete,concrete,mlp,0.15,0.5,0.003,0.025,1100123,0,0.710967250571211,0.7925608011444921,8,118.9459457397461,0.9682337903741608,673.0,325.0,298.79964313651806
Concrete,concrete,mlp,0.15,0.5,0.003,0.025,1100124,1,0.7222962680883473,0.7725321888412017,10,120.11968994140624,0.9691620439173604,632.0,322.0,292.3969809581609
Concrete,concrete,mlp,0.15,0.5,0.003,0.025,1100125,2,0.7245811119573495,0.8197424892703863,10,116.96910858154295,0.9647108849104148,661.0,319.0,290.20380898101695
Concrete,concrete,mlp,0.15,0.5,0.003,0.025,1100126,3,0.7164889565879665,0.7589413447782547,5,227.38609313964844,0.9857539765382518,1144.0,547.0,536.5542658795162
Concrete,concrete,mlp,0.15,0.5,0.003,0.025,1100127,4,0.7363861386138614,0.7796852646638054,14,97.20077514648438,0.948165370521001,615.0,258.0,251.1776908608906
Concrete,concrete,mlp,0.15,0.5,0.004,0.025,1110123,0,0.7201066260472201,0.7932761087267525,15,84.70270538330078,0.9392185803985996,603.0,221.0,222.37141621031537
Concrete,concrete,mlp,0.15,0.5,0.004,0.025,1110124,1,0.7144897182025894,0.8233190271816881,10,95.3088836669922,0.960845681681892,870.0,280.0,268.68879487182767
Concrete,concrete,mlp,0.15,0.5,0.004,0.025,1110125,2,0.7133472962680883,0.8004291845493562,14,74.12741088867188,0.9417577892952388,615.0,211.0,201.56235337851808
Concrete,concrete,mlp,0.15,0.5,0.004,0.025,1110126,3,0.7118240670220868,0.8068669527896996,9,99.71428680419922,0.9450038932025916,569.0,255.0,241.82569912942
Concrete,concrete,mlp,0.15,0.5,0.004,0.025,1110127,4,0.7304836252856055,0.7725321888412017,6,145.26254272460938,0.9744836373177544,988.0,368.0,371.4082059540953
Concrete,concrete,mlp,0.15,0.5,0.006,0.025,1120123,0,0.7104912414318355,0.7846924177396281,15,57.31660079956055,0.9305537958574736,551.0,148.0,152.0507329884339
Concrete,concrete,mlp,0.15,0.5,0.006,0.025,1120124,1,0.716012947448591,0.7668097281831188,8,92.8455581665039,0.9678863237219932,478.0,260.0,231.9603971730316
Concrete,concrete,mlp,0.15,0.5,0.006,0.025,1120125,2,0.7125856816450876,0.7739628040057225,9,88.25096893310547,0.9549975867923732,498.0,225.0,214.67394981696836
Concrete,concrete,mlp,0.15,0.5,0.006,0.025,1120126,3,0.7235338918507236,0.7782546494992847,11,67.45173645019531,0.9480674324239892,646.0,171.0,178.1988105869562
Concrete,concrete,mlp,0.15,0.5,0.006,0.025,1120127,4,0.7148705255140899,0.8032904148783977,20,45.02702713012695,0.9184449862936376,570.0,132.0,146.47839874553168
Concrete,concrete,mlp,0.15,0.5,0.00075,0.05,1130123,0,0.7301028179741051,0.7732474964234621,4,710.1814575195312,0.996535928103424,3050.0,2012.0,1683.8184510967403
Concrete,concrete,mlp,0.15,0.5,0.00075,0.05,1130124,1,0.7385757806549885,0.7896995708154506,6,552.12744140625,0.9923530339620376,2480.0,1453.0,1279.0053679707537
Concrete,concrete,mlp,0.15,0.5,0.00075,0.05,1130125,2,0.7364813404417365,0.8111587982832618,11,394.0270385742188,0.985005789226134,1659.0,1028.0,863.1752949441985
Concrete,concrete,mlp,0.15,0.5,0.00075,0.05,1130126,3,0.7268659558263518,0.801859799713877,4,712.7335815429688,0.9957506686997916,2980.0,1772.0,1559.2606023145074
Concrete,concrete,mlp,0.15,0.5,0.00075,0.05,1130127,4,0.7261995430312262,0.7868383404864091,4,742.70654296875,0.9962545607377302,3346.0,1795.0,1644.4999253837293
Concrete,concrete,mlp,0.15,0.5,0.001,0.05,1140123,0,0.7346725057121096,0.7839771101573677,6,367.644775390625,0.986108479232364,1533.0,984.0,839.8330334934301
Concrete,concrete,mlp,0.15,0.5,0.001,0.05,1140124,1,0.7364813404417365,0.7718168812589413,5,445.3861083984375,0.9902493052357084,1983.0,1115.0,999.693789167617
Concrete,concrete,mlp,0.15,0.5,0.001,0.05,1140125,2,0.7364813404417365,0.7804005722460658,6,338.1853332519531,0.9865099819902596,1747.0,865.0,797.7987226310321
Concrete,concrete,mlp,0.15,0.5,0.001,0.05,1140126,3,0.725057121096725,0.7796852646638054,4,574.9884033203125,0.993768802476819,2707.0,1411.0,1331.6596795225644
Concrete,concrete,mlp,0.15,0.5,0.001,0.05,1140127,4,0.7342916984006093,0.7796852646638054,4,642.7219848632812,0.9961047387771012,2927.0,1651.0,1480.0319418379192
Concrete,concrete,mlp,0.15,0.5,0.0015,0.05,1150123,0,0.7206778370144706,0.8011444921316166,8,211.88031005859372,0.9811181087734372,1046.0,611.0,525.4208208538759
Concrete,concrete,mlp,0.15,0.5,0.0015,0.05,1150124,1,0.7141089108910891,0.8004291845493562,10,201.94207763671875,0.9741028427368756,959.0,513.0,462.2278467734047
Concrete,concrete,mlp,0.15,0.5,0.0015,0.05,1150125,2,0.7314356435643564,0.790414878397711,7,237.9922790527344,0.9808551275619188,1235.0,703.0,605.5556458467275
Concrete,concrete,mlp,0.15,0.5,0.0015,0.05,1150126,3,0.7170601675552171,0.8175965665236051,7,264.0308837890625,0.9851285584085352,1269.0,712.0,617.1975422011012
Concrete,concrete,mlp,0.15,0.5,0.0015,0.05,1150127,4,0.7103008377760853,0.7889842632331903,9,205.5752868652344,0.9792251091657684,1002.0,570.0,507.5170711348164
Concrete,concrete,mlp,0.15,0.5,0.002,0.05,1160123,0,0.7305788271134805,0.7932761087267525,8,150.59844970703125,0.9683074389003962,885.0,418.0,383.89298596575287
Concrete,concrete,mlp,0.15,0.5,0.002,0.05,1160124,1,0.7393373952779894,0.7832618025751072,8,186.6023101806641,0.9747355382475776,907.0,575.0,484.5269682249669
Concrete,concrete,mlp,0.15,0.5,0.002,0.05,1160125,2,0.7174409748667174,0.7975679542203148,10,154.06564331054688,0.9730603912586624,749.0,421.0,367.3186659679429
Concrete,concrete,mlp,0.15,0.5,0.002,0.05,1160126,3,0.700971058644326,0.7989985693848355,14,132.15057373046875,0.9644026709059136,674.0,365.0,324.29270340803174
Concrete,concrete,mlp,0.15,0.5,0.002,0.05,1160127,4,0.7447638994668697,0.7939914163090128,13,124.83783721923828,0.9621806336831424,622.0,349.0,302.66638489128707
Concrete,concrete,mlp,0.15,0.5,0.0025,0.05,1170123,0,0.7312452399086062,0.7889842632331903,13,109.87644958496094,0.9540062251384368,568.0,283.0,261.7995066773569
Concrete,concrete,mlp,0.15,0.5,0.0025,0.05,1170124,1,0.7146801218583397,0.7668097281831188,7,153.2664031982422,0.9684086806558676,707.0,439.0,373.9141047766193
Concrete,concrete,mlp,0.15,0.5,0.0025,0.05,1170125,2,0.7052551408987052,0.7675250357653791,11,122.7065658569336,0.9604606919078212,612.0,329.0,294.2755496809559
Concrete,concrete,mlp,0.15,0.5,0.0025,0.05,1170126,3,0.7363861386138614,0.7875536480686696,8,151.09266662597656,0.970134668535252,735.0,413.0,361.3133319607828
Concrete,concrete,mlp,0.15,0.5,0.0025,0.05,1170127,4,0.7271515613099772,0.7982832618025751,6,182.01544189453125,0.9810277803463424,965.0,512.0,454.0523904829551
Concrete,concrete,mlp,0.15,0.5,0.003,0.05,1180123,0,0.7289603960396039,0.7982832618025751,8,139.70269775390625,0.9755236683040228,576.0,412.0,339.5381925194281
Concrete,concrete,mlp,0.15,0.5,0.003,0.05,1180124,1,0.7166793602437167,0.790414878397711,5,218.7644805908203,0.9871348485673312,880.0,544.0,483.44417732336194
Concrete,concrete,mlp,0.15,0.5,0.003,0.05,1180125,2,0.7234386900228484,0.7925608011444921,10,104.61775970458984,0.9673696677633612,600.0,283.0,261.77741838049064
Concrete,concrete,mlp,0.15,0.5,0.003,0.05,1180126,3,0.727056359482102,0.7625178826895566,6,178.11196899414062,0.9816788204916173,708.0,483.0,429.0165522270667
Concrete,concrete,mlp,0.15,0.5,0.003,0.05,1180127,4,0.7275323686214775,0.7839771101573677,14,92.73358917236328,0.9540719013301006,505.0,300.0,252.7397225864363
Concrete,concrete,mlp,0.15,0.5,0.004,0.05,1190123,0,0.7316260472201066,0.7782546494992847,6,136.16989135742188,0.981953137040323,645.0,378.0,337.5274730664696
Concrete,concrete,mlp,0.15,0.5,0.004,0.05,1190124,1,0.7168697638994669,0.7718168812589413,6,150.01544189453125,0.9778057633199048,823.0,411.0,376.03704514941234
Concrete,concrete,mlp,0.15,0.5,0.004,0.05,1190125,2,0.7384805788271135,0.7718168812589413,11,78.37065887451172,0.9315599886644764,542.0,200.0,192.75196825195076
Concrete,concrete,mlp,0.15,0.5,0.004,0.05,1190126,3,0.7176313785224676,0.7639484978540773,7,110.7104263305664,0.9675425332942538,584.0,291.0,264.96363255689283
Concrete,concrete,mlp,0.15,0.5,0.004,0.05,1190127,4,0.7323876618431074,0.7796852646638054,9,104.93050384521484,0.9669638027795991,666.0,283.0,259.748067442071
Concrete,concrete,mlp,0.15,0.5,0.006,0.05,1200123,0,0.7150609291698401,0.7854077253218884,9,72.89189147949219,0.9527349504664034,569.0,222.0,203.85237864685797
Concrete,concrete,mlp,0.15,0.5,0.006,0.05,1200124,1,0.7156321401370906,0.7947067238912733,9,76.08880615234375,0.9438230305723876,462.0,187.0,184.7434589388126
Concrete,concrete,mlp,0.15,0.5,0.006,0.05,1200125,2,0.7207730388423458,0.7839771101573677,10,73.00386047363281,0.957638897007684,323.0,171.0,163.2195787765077
Concrete,concrete,mlp,0.15,0.5,0.006,0.05,1200126,3,0.7287699923838538,0.765379113018598,10,79.76834106445312,0.9606854852694576,366.0,244.0,203.30094850919917
Concrete,concrete,mlp,0.15,0.5,0.006,0.05,1200127,4,0.7174409748667174,0.7775393419170243,9,88.1853256225586,0.9493402626536396,411.0,202.0,187.22334949781632
Concrete,concrete,mlp,0.15,0.5,0.00075,0.1,1210123,0,0.73000761614623,0.7982832618025751,7,436.8996276855469,0.9827261057517538,1927.0,931.0,865.2751972873084
Concrete,concrete,mlp,0.15,0.5,0.00075,0.1,1210124,1,0.7232482863670983,0.7796852646638054,3,1190.849365234375,0.9981491477164544,3963.0,2572.0,2295.497818702249
Concrete,concrete,mlp,0.15,0.5,0.00075,0.1,1210125,2,0.7333396801218584,0.7846924177396281,4,769.9459228515625,0.9957693399865736,3091.0,1896.0,1649.075394007847
Concrete,concrete,mlp,0.15,0.5,0.00075,0.1,1210126,3,0.7309596344249809,0.8047210300429185,6,575.5907592773438,0.9927095201978408,2312.0,1483.0,1237.4141143243044
Concrete,concrete,mlp,0.15,0.5,0.00075,0.1,1210127,4,0.7217250571210967,0.7932761087267525,5,697.2509765625,0.9943393629496516,2737.0,1557.0,1384.6797226160286
Concrete,concrete,mlp,0.15,0.5,0.001,0.1,1220123,0,0.7255331302361006,0.7846924177396281,10,331.4710388183594,0.9795971925756918,1426.0,717.0,656.6437871088292
Concrete,concrete,mlp,0.15,0.5,0.001,0.1,1220124,1,0.7328636709824828,0.7997138769670958,5,461.7837829589844,0.9925205434070176,2371.0,1112.0,1023.7657187859978
Concrete,concrete,mlp,0.15,0.5,0.001,0.1,1220125,2,0.7294364051789795,0.7739628040057225,4,608.5907592773438,0.9955259341147884,2630.0,1649.0,1415.797042883646
Concrete,concrete,mlp,0.15,0.5,0.001,0.1,1220126,3,0.7211538461538461,0.7796852646638054,5,489.0386047363281,0.9919876438453492,2117.0,1355.0,1108.3374356612846
Concrete,concrete,mlp,0.15,0.5,0.001,0.1,1220127,4,0.7335300837776085,0.796137339055794,7,341.8841552734375,0.9873597204833422,1626.0,845.0,740.8354123228161
Concrete,concrete,mlp,0.15,0.5,0.0015,0.1,1230123,0,0.722105864432597,0.790414878397711,5,368.2200622558594,0.98994973395491,1851.0,1007.0,874.3333908795443
Concrete,concrete,mlp,0.15,0.5,0.0015,0.1,1230124,1,0.7416222391469917,0.8061516452074392,10,184.6447906494141,0.978430961801482,747.0,492.0,413.9299908680045
Concrete,concrete,mlp,0.15,0.5,0.0015,0.1,1230125,2,0.7365765422696116,0.7804005722460658,9,196.2393798828125,0.9691712250252554,796.0,532.0,439.5028259424857
Concrete,concrete,mlp,0.15,0.5,0.0015,0.1,1230126,3,0.7278179741051028,0.7989985693848355,10,157.39768981933594,0.9663035083509668,902.0,433.0,386.21854876828473
Concrete,concrete,mlp,0.15,0.5,0.0015,0.1,1230127,4,0.7230578827113481,0.8004291845493562,6,264.40155029296875,0.9851184278940855,1155.0,665.0,579.7918032720095
Concrete,concrete,mlp,0.15,0.5,0.002,0.1,1240123,0,0.709920030464585,0.7861230329041488,5,293.4633178710937,0.9901406069430508,1321.0,747.0,665.8142389951569
Concrete,concrete,mlp,0.15,0.5,0.002,0.1,1240124,1,0.7336252856054837,0.8011444921316166,13,135.77606201171875,0.957731726016168,555.0,372.0,301.8758823159123
Concrete,concrete,mlp,0.15,0.5,0.002,0.1,1240125,2,0.7252475247524752,0.790414878397711,9,166.166015625,0.970004505176738,772.0,429.0,373.7402396230625
Concrete,concrete,mlp,0.15,0.5,0.002,0.1,1240126,3,0.7203922315308454,0.776824034334764,8,168.74903869628906,0.9754785234106828,834.0,556.0,440.6068165177265
Concrete,concrete,mlp,0.15,0.5,0.002,0.1,1240127,4,0.7261995430312262,0.8118741058655222,10,133.80308532714844,0.9689143478439004,556.0,321.0,288.0172296082906
Concrete,concrete,mlp,0.15,0.5,0.0025,0.1,1250123,0,0.7283891850723534,0.7954220314735336,8,142.6293487548828,0.9636146690358754,607.0,321.0,302.03303144893994
Concrete,concrete,mlp,0.15,0.5,0.0025,0.1,1250124,1,0.7281987814166032,0.7911301859799714,8,133.93435668945312,0.9601632976792432,582.0,333.0,302.1325272051779
Concrete,concrete,mlp,0.15,0.5,0.0025,0.1,1250125,2,0.7235338918507236,0.7832618025751072,14,101.25482940673828,0.9367280575973086,416.0,260.0,224.26442814227025
Concrete,concrete,mlp,0.15,0.5,0.0025,0.1,1250126,3,0.7248667174409749,0.7703862660944206,8,142.56756591796875,0.9723709824268324,593.0,381.0,327.50669450635166
Concrete,concrete,mlp,0.15,0.5,0.0025,0.1,1250127,4,0.7103008377760853,0.8125894134477826,8,138.0308837890625,0.963982249070246,585.0,343.0,299.8414139774961
Concrete,concrete,mlp,0.15,0.5,0.003,0.1,1260123,0,0.7075399847677075,0.7632331902718169,10,105.16216278076172,0.942953804512845,603.0,258.0,237.7774787827682
Concrete,concrete,mlp,0.15,0.5,0.003,0.1,1260124,1,0.7297220106626047,0.7832618025751072,5,237.01158142089844,0.9900643132443296,1145.0,725.0,608.4205404417733
Concrete,concrete,mlp,0.15,0.5,0.003,0.1,1260125,2,0.7281987814166032,0.7682403433476395,10,98.50965118408205,0.9349019440803884,578.0,228.0,217.75327149066496
Concrete,concrete,mlp,0.15,0.5,0.003,0.1,1260126,3,0.7168697638994669,0.7732474964234621,9,102.0038604736328,0.9579547050558956,548.0,336.0,278.3753169927044
Concrete,concrete,mlp,0.15,0.5,0.003,0.1,1260127,4,0.7324828636709825,0.771101573676681,6,144.69497680664062,0.9739293186989528,583.0,387.0,335.6711243405777
Concrete,concrete,mlp,0.15,0.5,0.004,0.1,1270123,0,0.7157273419649657,0.778969957081545,12,81.01158142089844,0.9294982262239764,380.0,194.0,177.6685794180936
Concrete,concrete,mlp,0.15,0.5,0.004,0.1,1270124,1,0.7108720487433359,0.7975679542203148,13,72.38996124267578,0.9407931139901894,429.0,174.0,161.9350018006149
Concrete,concrete,mlp,0.15,0.5,0.004,0.1,1270125,2,0.7223914699162224,0.7839771101573677,15,79.08880615234375,0.9278732007643092,436.0,179.0,170.9756847708464
Concrete,concrete,mlp,0.15,0.5,0.004,0.1,1270126,3,0.7230578827113481,0.7954220314735336,11,85.95366668701172,0.9478002440057596,403.0,197.0,187.98943631962788
Concrete,concrete,mlp,0.15,0.5,0.004,0.1,1270127,4,0.7205826351865956,0.7796852646638054,8,105.87258911132812,0.9366869767212525,511.0,259.0,239.77130061710832
Concrete,concrete,mlp,0.15,0.5,0.006,0.1,1280123,0,0.7081111957349581,0.7939914163090128,8,80.08880615234375,0.9352766787318232,396.0,188.0,173.3058647973413
Concrete,concrete,mlp,0.15,0.5,0.006,0.1,1280124,1,0.709920030464585,0.7682403433476395,11,59.44401550292969,0.924764831948603,307.0,150.0,140.47058765883432
Concrete,concrete,mlp,0.15,0.5,0.006,0.1,1280125,2,0.7084920030464585,0.7739628040057225,15,57.50579071044922,0.936514780811182,624.0,138.0,143.66676156458627
Concrete,concrete,mlp,0.15,0.5,0.006,0.1,1280126,3,0.7083015993907082,0.7896995708154506,13,51.95366668701172,0.9285324195835696,468.0,145.0,138.1133528239587
Concrete,concrete,mlp,0.15,0.5,0.006,0.1,1280127,4,0.7195354150799695,0.7646638054363376,13,57.6988410949707,0.9253908526395292,351.0,141.0,135.72439122826765
L-LSPIN,lspin_tf,linear,0.15,0.5,0.0035,0.0,1290123,0,0.7356245239908606,0.7947067238912733,20,451.9691162109375,0.988652673319172,1592.0,988.0,904.1584021984148
L-LSPIN,lspin_tf,linear,0.15,0.5,0.0035,0.0,1290124,1,0.7093488194973343,0.804005722460658,10,735.3088989257812,0.995120235966644,2138.0,1565.0,1417.9093266165246
L-LSPIN,lspin_tf,linear,0.15,0.5,0.0035,0.0,1290125,2,0.7097296268088348,0.7782546494992847,42,339.1582946777344,0.9867801829311984,1318.0,717.0,654.4684073451991
L-LSPIN,lspin_tf,linear,0.15,0.5,0.0035,0.0,1290126,3,0.7102056359482102,0.7989985693848355,39,301.22393798828125,0.9780229378133664,1292.0,667.0,611.4186578471406
L-LSPIN,lspin_tf,linear,0.15,0.5,0.0035,0.0,1290127,4,0.732958872810358,0.778969957081545,12,588.3783569335938,0.9928199586603328,1872.0,1264.0,1148.5822005803043
L-LSPIN,lspin_tf,linear,0.15,0.5,0.00525,0.0,1300123,0,0.7261043412033511,0.7918454935622318,15,407.3667907714844,0.9903391469483724,1485.0,812.0,772.151652692135
L-LSPIN,lspin_tf,linear,0.15,0.5,0.00525,0.0,1300124,1,0.7430502665651181,0.7918454935622318,30,287.3050231933594,0.9846223381267702,997.0,590.0,523.2058562402754
L-LSPIN,lspin_tf,linear,0.15,0.5,0.00525,0.0,1300125,2,0.7261995430312262,0.7875536480686696,37,276.9961242675781,0.9803440220090704,965.0,536.0,504.54136355353126
L-LSPIN,lspin_tf,linear,0.15,0.5,0.00525,0.0,1300126,3,0.714965727341965,0.7911301859799714,20,322.7721862792969,0.9880079181672397,1094.0,672.0,616.140190839647
L-LSPIN,lspin_tf,linear,0.15,0.5,0.00525,0.0,1300127,4,0.7041127189642041,0.7861230329041488,31,289.8841552734375,0.9792556572779576,928.0,574.0,525.2053297761955
L-LSPIN,lspin_tf,linear,0.15,0.5,0.007,0.0,1310123,0,0.7169649657273419,0.7703862660944206,53,181.4440155029297,0.9673378356713094,629.0,338.0,303.9933376291581
L-LSPIN,lspin_tf,linear,0.15,0.5,0.007,0.0,1310124,1,0.6973533891850724,0.771101573676681,31,233.9922790527344,0.9745437227641732,784.0,442.0,405.52052340730495
L-LSPIN,lspin_tf,linear,0.15,0.5,0.007,0.0,1310125,2,0.6883092155369384,0.7804005722460658,38,216.53668212890625,0.9729050209999446,782.0,407.0,382.6794663597614
L-LSPIN,lspin_tf,linear,0.15,0.5,0.007,0.0,1310126,3,0.7164889565879665,0.7660944206008584,23,328.1582946777344,0.986018397129972,957.0,598.0,557.0938912069247
L-LSPIN,lspin_tf,linear,0.15,0.5,0.007,0.0,1310127,4,0.7046839299314547,0.7582260371959942,18,315.5521240234375,0.9846449798860712,924.0,586.0,545.9751966468793
L-LSPIN,lspin_tf,linear,0.15,0.5,0.00875,0.0,1320123,0,0.7182977913175933,0.8104434907010014,42,159.73745727539062,0.952397889343244,646.0,284.0,266.206079074116
L-LSPIN,lspin_tf,linear,0.15,0.5,0.00875,0.0,1320124,1,0.6788842345773038,0.7689556509298998,33,225.104248046875,0.9714992382556372,787.0,395.0,377.1165547434919
L-LSPIN,lspin_tf,linear,0.15,0.5,0.00875,0.0,1320125,2,0.7370525514089871,0.7997138769670958,18,238.1969146728516,0.9726879643150704,840.0,448.0,421.4786214130161
L-LSPIN,lspin_tf,linear,0.15,0.5,0.00875,0.0,1320126,3,0.7058263518659559,0.7804005722460658,48,191.1737518310547,0.9714046809351556,627.0,347.0,312.2036717017116
L-LSPIN,lspin_tf,linear,0.15,0.5,0.00875,0.0,1320127,4,0.7488575780654989,0.7725321888412017,50,153.8262481689453,0.9528548749577508,624.0,292.0,270.56253627026155
L-LSPIN,lspin_tf,linear,0.15,0.5,0.0105,0.0,1330123,0,0.7051599390708302,0.7761087267525035,29,195.49034118652344,0.9737661593088072,544.0,345.0,311.5603934174121
L-LSPIN,lspin_tf,linear,0.15,0.5,0.0105,0.0,1330124,1,0.7194402132520944,0.7811158798283262,50,163.54054260253906,0.9458506577276812,543.0,278.0,258.35425610551886
L-LSPIN,lspin_tf,linear,0.15,0.5,0.0105,0.0,1330125,2,0.7206778370144706,0.7911301859799714,45,159.49420166015625,0.9423168437703,612.0,272.0,261.0225051293074
L-LSPIN,lspin_tf,linear,0.15,0.5,0.0105,0.0,1330126,3,0.7034463061690784,0.7925608011444921,50,148.0347442626953,0.9482571835064452,476.0,247.0,233.92740886356023
L-LSPIN,lspin_tf,linear,0.15,0.5,0.0105,0.0,1330127,4,0.7067783701447068,0.7675250357653791,36,191.5830078125,0.9702217720142132,495.0,310.0,287.7604100058961
L-LSPIN,lspin_tf,linear,0.15,0.5,0.014,0.0,1340123,0,0.6946877380045697,0.7761087267525035,47,140.7335968017578,0.9527209251613686,476.0,231.0,214.9551946987298
L-LSPIN,lspin_tf,linear,0.15,0.5,0.014,0.0,1340124,1,0.7357197258187357,0.7696709585121603,35,129.30116271972656,0.9615725588442852,488.0,223.0,205.5156329425469
L-LSPIN,lspin_tf,linear,0.15,0.5,0.014,0.0,1340125,2,0.7233434881949733,0.7532188841201717,40,162.4517364501953,0.9584736139471662,462.0,261.0,244.53996800981
L-LSPIN,lspin_tf,linear,0.15,0.5,0.014,0.0,1340126,3,0.6852627570449352,0.790414878397711,59,100.28185272216795,0.9277318978794548,423.0,176.0,163.4360731680559
L-LSPIN,lspin_tf,linear,0.15,0.5,0.014,0.0,1340127,4,0.7001142421934501,0.7896995708154506,83,130.87644958496094,0.9540419878894356,410.0,205.0,190.96147515806896
L-LSPIN,lspin_tf,linear,0.15,0.5,0.021,0.0,1350123,0,0.7264851485148515,0.7868383404864091,79,86.44015502929688,0.936793979027441,281.0,132.0,124.39829675101764
L-LSPIN,lspin_tf,linear,0.15,0.5,0.021,0.0,1350124,1,0.6928789032749428,0.7746781115879828,74,90.88031005859376,0.9418076025631256,326.0,126.0,122.69095195816055
L-LSPIN,lspin_tf,linear,0.15,0.5,0.021,0.0,1350125,2,0.7035415079969536,0.7804005722460658,45,91.57528686523438,0.93370282202417,271.0,137.0,129.80077224100745
L-LSPIN,lspin_tf,linear,0.15,0.5,0.021,0.0,1350126,3,0.727056359482102,0.7646638054363376,57,88.93436431884766,0.9287136732003792,275.0,131.0,121.55622523822016
L-LSPIN,lspin_tf,linear,0.15,0.5,0.021,0.0,1350127,4,0.7078255902513328,0.7782546494992847,57,92.90347290039062,0.9181812544975942,337.0,138.0,132.47141358191337
L-LSPIN,lspin_tf,linear,0.15,0.5,0.028,0.0,1360123,0,0.7116336633663366,0.7925608011444921,77,65.69111633300781,0.8958216178415132,282.0,99.0,93.04903446880095
L-LSPIN,lspin_tf,linear,0.15,0.5,0.028,0.0,1360124,1,0.7052551408987052,0.790414878397711,73,87.80308532714844,0.9515079887682704,273.0,119.0,116.63235502047846
L-LSPIN,lspin_tf,linear,0.15,0.5,0.028,0.0,1360125,2,0.6811690784463061,0.7689556509298998,69,86.3436279296875,0.93326837340581,378.0,119.0,115.37056603541976
L-LSPIN,lspin_tf,linear,0.15,0.5,0.028,0.0,1360126,3,0.6643183549124143,0.7625178826895566,108,79.83783721923828,0.947715934037488,260.0,111.0,104.69981368155484
L-LSPIN,lspin_tf,linear,0.15,0.5,0.028,0.0,1360127,4,0.7202018278750952,0.7947067238912733,48,88.45945739746094,0.93244484909461,325.0,126.0,122.09850474134656
L-LSPIN,lspin_tf,linear,0.15,0.5,0.0035,0.025,1370123,0,0.7156321401370906,0.7932761087267525,1,2314.432373046875,0.999539588817158,4775.0,4401.0,3794.779313861442
L-LSPIN,lspin_tf,linear,0.15,0.5,0.0035,0.025,1370124,1,0.7478103579588729,0.7811158798283262,5,2126.13525390625,0.9992461819947888,3960.0,3714.0,3333.365948258286
L-LSPIN,lspin_tf,linear,0.15,0.5,0.0035,0.025,1370125,2,0.7264851485148515,0.7832618025751072,8,2083.887939453125,0.9993624076283538,3924.0,3844.0,3287.63504470503
L-LSPIN,lspin_tf,linear,0.15,0.5,0.0035,0.025,1370126,3,0.7257235338918507,0.7832618025751072,3,2221.559814453125,0.9995114466906349,4432.0,4145.0,3611.603972349597
L-LSPIN,lspin_tf,linear,0.15,0.5,0.0035,0.025,1370127,4,0.7275323686214775,0.8011444921316166,6,1922.7991943359373,0.999046408178795,3758.0,3566.0,3127.464866692131
L-LSPIN,lspin_tf,linear,0.15,0.5,0.00525,0.025,1380123,0,0.7253427265803504,0.8047210300429185,49,1079.189208984375,0.9970771500131856,1996.0,1851.0,1638.3218291090482
L-LSPIN,lspin_tf,linear,0.15,0.5,0.00525,0.025,1380124,1,0.7293412033511043,0.778969957081545,17,1555.0694580078125,0.9984117300411052,2766.0,2666.0,2390.683024316369
L-LSPIN,lspin_tf,linear,0.15,0.5,0.00525,0.025,1380125,2,0.7166793602437167,0.8047210300429185,31,1308.4169921875,0.9979088325483286,2359.0,2232.0,2017.6408332954009
L-LSPIN,lspin_tf,linear,0.15,0.5,0.00525,0.025,1380126,3,0.7234386900228484,0.7761087267525035,37,1264.849365234375,0.9981348392194366,2427.0,2338.0,1979.361715470628
L-LSPIN,lspin_tf,linear,0.15,0.5,0.00525,0.025,1380127,4,0.7267707539984768,0.7818311874105865,34,1304.1312255859375,0.9977199469282716,2305.0,2223.0,2019.8805941915684
L-LSPIN,lspin_tf,linear,0.15,0.5,0.007,0.025,1390123,0,0.7211538461538461,0.7732474964234621,34,788.1389770507812,0.9942279138385192,1482.0,1343.0,1182.4436081381048
L-LSPIN,lspin_tf,linear,0.15,0.5,0.007,0.025,1390124,1,0.6976389946686976,0.7875536480686696,67,663.7528686523438,0.9917901385270947,1168.0,1033.0,946.6842782390136
L-LSPIN,lspin_tf,linear,0.15,0.5,0.007,0.025,1390125,2,0.7063975628332064,0.790414878397711,35,846.3243408203125,0.9923795049854592,1564.0,1471.0,1281.8193720194074
L-LSPIN,lspin_tf,linear,0.15,0.5,0.007,0.025,1390126,3,0.7301980198019802,0.7846924177396281,47,754.0964965820312,0.994153132610758,1324.0,1168.0,1073.70975394351
L-LSPIN,lspin_tf,linear,0.15,0.5,0.007,0.025,1390127,4,0.7163937547600914,0.776824034334764,34,832.8416748046875,0.9962069581430828,1546.0,1385.0,1249.234206201908
L-LSPIN,lspin_tf,linear,0.15,0.5,0.00875,0.025,1400123,0,0.7071591774562072,0.7882689556509299,36,640.2007446289062,0.992864465072827,1129.0,991.0,910.3352248699894
L-LSPIN,lspin_tf,linear,0.15,0.5,0.00875,0.025,1400124,1,0.706968773800457,0.7503576537911302,61,536.498046875,0.990783345042586,919.0,787.0,731.8048029680115
L-LSPIN,lspin_tf,linear,0.15,0.5,0.00875,0.025,1400125,2,0.7367669459253617,0.7832618025751072,31,601.0386352539062,0.993605208097346,1095.0,981.0,887.6949289447596
L-LSPIN,lspin_tf,linear,0.15,0.5,0.00875,0.025,1400126,3,0.7032559025133283,0.7918454935622318,30,599.0,0.9926622995379148,1168.0,938.0,871.2270043012882
L-LSPIN,lspin_tf,linear,0.15,0.5,0.00875,0.025,1400127,4,0.7127760853008378,0.7868383404864091,42,514.9459228515625,0.9886893751465576,1000.0,806.0,754.8502823695762
L-LSPIN,lspin_tf,linear,0.15,0.5,0.0105,0.025,1410123,0,0.7305788271134805,0.7868383404864091,50,372.2278137207031,0.9812379453756666,663.0,560.0,517.1014142305877
L-LSPIN,lspin_tf,linear,0.15,0.5,0.0105,0.025,1410124,1,0.6962109672505712,0.771101573676681,64,393.3088684082031,0.9876599855392252,730.0,557.0,527.186422988405
L-LSPIN,lspin_tf,linear,0.15,0.5,0.0105,0.025,1410125,2,0.7174409748667174,0.8104434907010014,45,401.5907287597656,0.9885708295438278,740.0,611.0,555.0422120617595
L-LSPIN,lspin_tf,linear,0.15,0.5,0.0105,0.025,1410126,3,0.6964965727341965,0.7660944206008584,57,374.8069458007813,0.986665464896436,667.0,559.0,510.9083260073934
L-LSPIN,lspin_tf,linear,0.15,0.5,0.0105,0.025,1410127,4,0.7242955064737243,0.7610872675250357,65,371.0308837890625,0.9836795018443748,680.0,544.0,499.64630146971786
L-LSPIN,lspin_tf,linear,0.15,0.5,0.014,0.025,1420123,0,0.7178217821782178,0.778969957081545,40,360.66796875,0.983613381815535,701.0,524.0,490.13864666008425
L-LSPIN,lspin_tf,linear,0.15,0.5,0.014,0.025,1420124,1,0.7142041127189642,0.7861230329041488,44,317.66021728515625,0.9825436411442848,547.0,453.0,412.8361858814883
L-LSPIN,lspin_tf,linear,0.15,0.5,0.014,0.025,1420125,2,0.6934501142421935,0.7796852646638054,56,285.2393798828125,0.9813753824637048,506.0,402.0,375.02330195230974
L-LSPIN,lspin_tf,linear,0.15,0.5,0.014,0.025,1420126,3,0.6999238385376999,0.7832618025751072,58,272.1544494628906,0.9793151710364372,494.0,387.0,358.16782770925005
L-LSPIN,lspin_tf,linear,0.15,0.5,0.014,0.025,1420127,4,0.6974485910129474,0.7646638054363376,72,294.0733642578125,0.9741960976928724,527.0,407.0,379.3305312011072
L-LSPIN,lspin_tf,linear,0.15,0.5,0.021,0.025,1430123,0,0.7207730388423458,0.7746781115879828,87,179.55984497070312,0.9588521598362856,414.0,238.0,225.25592016264372
L-LSPIN,lspin_tf,linear,0.15,0.5,0.021,0.025,1430124,1,0.7265803503427266,0.7682403433476395,24,240.84942626953125,0.9708528283780108,456.0,362.0,329.48422440675466
L-LSPIN,lspin_tf,linear,0.15,0.5,0.021,0.025,1430125,2,0.6973533891850724,0.8068669527896996,75,195.70655822753903,0.960661159458904,344.0,254.0,239.4001974948796
L-LSPIN,lspin_tf,linear,0.15,0.5,0.021,0.025,1430126,3,0.712014470677837,0.7854077253218884,85,217.26254272460935,0.9710989374583474,389.0,281.0,268.2712455774193
L-LSPIN,lspin_tf,linear,0.15,0.5,0.021,0.025,1430127,4,0.7294364051789795,0.7660944206008584,88,179.0,0.9637091253466796,349.0,233.0,221.5942106011221
L-LSPIN,lspin_tf,linear,0.15,0.5,0.028,0.025,1440123,0,0.7065879664889566,0.751788268955651,138,148.38609313964844,0.9547982721286348,381.0,186.0,179.41816298053376
L-LSPIN,lspin_tf,linear,0.15,0.5,0.028,0.025,1440124,1,0.7302932216298553,0.7861230329041488,33,181.7142791748047,0.9620260812585846,390.0,229.0,220.1142058161733
L-LSPIN,lspin_tf,linear,0.15,0.5,0.028,0.025,1440125,2,0.7091584158415841,0.7753934191702432,66,166.18919372558594,0.9610925450611836,326.0,207.0,200.0400074633939
L-LSPIN,lspin_tf,linear,0.15,0.5,0.028,0.025,1440126,3,0.7201066260472201,0.7718168812589413,76,133.04632568359375,0.9534555910582826,422.0,170.0,163.51158510341276
L-LSPIN,lspin_tf,linear,0.15,0.5,0.028,0.025,1440127,4,0.7244859101294745,0.7660944206008584,37,177.0772247314453,0.9598863973571174,281.0,231.0,216.1824250591133
L-LSPIN,lspin_tf,linear,0.15,0.5,0.0035,0.05,1450123,0,0.7181073876618431,0.790414878397711,3,2229.764404296875,0.9994831122609948,4316.0,4122.0,3591.088493634763
L-LSPIN,lspin_tf,linear,0.15,0.5,0.0035,0.05,1450124,1,0.7362909367859863,0.7804005722460658,4,2128.150634765625,0.9993612732268348,4012.0,3791.0,3339.767050687245
L-LSPIN,lspin_tf,linear,0.15,0.5,0.0035,0.05,1450125,2,0.727056359482102,0.7911301859799714,3,2101.312744140625,0.9993543236370854,4137.0,3897.0,3431.2276157829306
L-LSPIN,lspin_tf,linear,0.15,0.5,0.0035,0.05,1450126,3,0.7264851485148515,0.7567954220314735,2,2136.142822265625,0.9993274493547932,4345.0,3991.0,3486.6351466983774
L-LSPIN,lspin_tf,linear,0.15,0.5,0.0035,0.05,1450127,4,0.7339108910891089,0.7782546494992847,4,2095.38232421875,0.9993298386690844,4097.0,3933.0,3400.605312765027
L-LSPIN,lspin_tf,linear,0.15,0.5,0.00525,0.05,1460123,0,0.7323876618431074,0.778969957081545,8,1844.227783203125,0.9991404313862472,3379.0,3302.0,2938.4660019632397
L-LSPIN,lspin_tf,linear,0.15,0.5,0.00525,0.05,1460124,1,0.7142993145468393,0.7882689556509299,5,1996.04638671875,0.9991727539073944,3748.0,3575.0,3207.815209926593
L-LSPIN,lspin_tf,linear,0.15,0.5,0.00525,0.05,1460125,2,0.7118240670220868,0.7982832618025751,11,1849.976806640625,0.9991020963022712,3479.0,3448.0,3010.7140930829387
L-LSPIN,lspin_tf,linear,0.15,0.5,0.00525,0.05,1460126,3,0.7414318354912415,0.7567954220314735,3,1958.0076904296875,0.9993202433858616,3992.0,3752.0,3258.1308854898884
L-LSPIN,lspin_tf,linear,0.15,0.5,0.00525,0.05,1460127,4,0.73000761614623,0.7939914163090128,11,1746.521240234375,0.9988273025249756,3153.0,3082.0,2777.537779161005
L-LSPIN,lspin_tf,linear,0.15,0.5,0.007,0.05,1470123,0,0.7386709824828637,0.7696709585121603,16,1499.9498291015625,0.9987722412389164,2741.0,2714.0,2407.5083565322407
L-LSPIN,lspin_tf,linear,0.15,0.5,0.007,0.05,1470124,1,0.7151561309977151,0.7825464949928469,37,1312.478759765625,0.9980745907257014,2410.0,2333.0,2083.337290217391
L-LSPIN,lspin_tf,linear,0.15,0.5,0.007,0.05,1470125,2,0.714013709063214,0.7875536480686696,16,1457.482666015625,0.9984055700215512,2701.0,2644.0,2371.415614045572
L-LSPIN,lspin_tf,linear,0.15,0.5,0.007,0.05,1470126,3,0.7199162223914699,0.801859799713877,17,1561.1776123046875,0.9985963871654324,2866.0,2817.0,2487.480866128984
L-LSPIN,lspin_tf,linear,0.15,0.5,0.007,0.05,1470127,4,0.7136329017517137,0.7875536480686696,15,1557.8648681640625,0.9984692196094797,2830.0,2774.0,2473.8437652464336
L-LSPIN,lspin_tf,linear,0.15,0.5,0.00875,0.05,1480123,0,0.7186785986290937,0.7553648068669528,27,1313.501953125,0.9979158788996746,2328.0,2250.0,2057.900448181113
L-LSPIN,lspin_tf,linear,0.15,0.5,0.00875,0.05,1480124,1,0.7228674790555979,0.7889842632331903,27,1177.482666015625,0.9974724993557122,2213.0,2162.0,1886.6413397091903
L-LSPIN,lspin_tf,linear,0.15,0.5,0.00875,0.05,1480125,2,0.723914699162224,0.7889842632331903,40,937.8803100585938,0.9963016994579904,1666.0,1572.0,1411.3164832360478
L-LSPIN,lspin_tf,linear,0.15,0.5,0.00875,0.05,1480126,3,0.7182025894897182,0.7997138769670958,31,1101.4710693359375,0.9972097305144758,2018.0,1925.0,1718.968975128254
L-LSPIN,lspin_tf,linear,0.15,0.5,0.00875,0.05,1480127,4,0.7296268088347296,0.7689556509298998,16,1210.316650390625,0.9977003904490788,2268.0,2219.0,1979.1021720848112
L-LSPIN,lspin_tf,linear,0.15,0.5,0.0105,0.05,1490123,0,0.70496953541508,0.7846924177396281,42,740.29345703125,0.99494708775432,1308.0,1196.0,1100.8231371334914
L-LSPIN,lspin_tf,linear,0.15,0.5,0.0105,0.05,1490124,1,0.7365765422696116,0.7782546494992847,41,760.0308837890625,0.9944475249907196,1407.0,1233.0,1136.9979622983842
L-LSPIN,lspin_tf,linear,0.15,0.5,0.0105,0.05,1490125,2,0.7179169840060929,0.7854077253218884,41,767.7838134765625,0.9954987926945672,1379.0,1314.0,1155.0372855597311
L-LSPIN,lspin_tf,linear,0.15,0.5,0.0105,0.05,1490126,3,0.7097296268088348,0.7775393419170243,48,699.1351318359375,0.9945416832918632,1249.0,1130.0,1029.9251760810405
L-LSPIN,lspin_tf,linear,0.15,0.5,0.0105,0.05,1490127,4,0.7224866717440975,0.790414878397711,65,555.95751953125,0.9918737363040055,962.0,890.0,794.9748117022433
L-LSPIN,lspin_tf,linear,0.15,0.5,0.014,0.05,1500123,0,0.7148705255140899,0.7718168812589413,80,415.0077209472656,0.984248586144998,756.0,643.0,584.9089897285332
L-LSPIN,lspin_tf,linear,0.15,0.5,0.014,0.05,1500124,1,0.7298172124904798,0.7825464949928469,51,417.104248046875,0.9885690784011334,757.0,621.0,580.6130738927177
L-LSPIN,lspin_tf,linear,0.15,0.5,0.014,0.05,1500125,2,0.7213442498095963,0.7804005722460658,83,396.7065734863281,0.9880845372420743,677.0,585.0,545.3515141379685
L-LSPIN,lspin_tf,linear,0.15,0.5,0.014,0.05,1500126,3,0.7282939832444782,0.7682403433476395,75,377.9922790527344,0.9837083634349564,657.0,571.0,519.9121740874338
L-LSPIN,lspin_tf,linear,0.15,0.5,0.014,0.05,1500127,4,0.7206778370144706,0.7818311874105865,82,367.7026977539063,0.9844127694217384,656.0,534.0,494.9945214598236
L-LSPIN,lspin_tf,linear,0.15,0.5,0.021,0.05,1510123,0,0.6938309215536939,0.7689556509298998,78,277.833984375,0.9769754718285416,502.0,368.0,348.9838494452195
L-LSPIN,lspin_tf,linear,0.15,0.5,0.021,0.05,1510124,1,0.6935453160700685,0.771101573676681,68,209.54440307617188,0.967065830371278,377.0,292.0,268.6267134160173
L-LSPIN,lspin_tf,linear,0.15,0.5,0.021,0.05,1510125,2,0.7063975628332064,0.776824034334764,66,244.7876434326172,0.9724120130559614,445.0,329.0,309.4775570911743
L-LSPIN,lspin_tf,linear,0.15,0.5,0.021,0.05,1510126,3,0.7029702970297029,0.776824034334764,92,250.7567596435547,0.9773220370034352,407.0,317.0,299.64875392195927
L-LSPIN,lspin_tf,linear,0.15,0.5,0.021,0.05,1510127,4,0.7037319116527038,0.790414878397711,63,257.91119384765625,0.9743433742898794,536.0,341.0,323.6280237743838
L-LSPIN,lspin_tf,linear,0.15,0.5,0.028,0.05,1520123,0,0.7087776085300838,0.7804005722460658,87,175.3436279296875,0.9645157822635028,417.0,227.0,219.20732956276285
L-LSPIN,lspin_tf,linear,0.15,0.5,0.028,0.05,1520124,1,0.6902132520944402,0.7682403433476395,92,203.1737518310547,0.9708814927569168,334.0,248.0,238.13677873471755
L-LSPIN,lspin_tf,linear,0.15,0.5,0.028,0.05,1520125,2,0.7031607006854531,0.7746781115879828,63,178.7953643798828,0.9545135134634276,364.0,238.0,223.8230034032612
L-LSPIN,lspin_tf,linear,0.15,0.5,0.028,0.05,1520126,3,0.7323876618431074,0.7868383404864091,141,171.94981384277344,0.962953209209256,317.0,212.0,203.6141397334348
L-LSPIN,lspin_tf,linear,0.15,0.5,0.028,0.05,1520127,4,0.7123952779893374,0.7854077253218884,62,201.22007751464844,0.963434409262822,404.0,251.0,240.46912344511924
L-LSPIN,lspin_tf,linear,0.15,0.5,0.0035,0.1,1530123,0,0.7210586443259711,0.8011444921316166,4,2260.571533203125,0.9994354937830816,4265.0,4120.0,3576.007106542053
L-LSPIN,lspin_tf,linear,0.15,0.5,0.0035,0.1,1530124,1,0.7408606245239908,0.7918454935622318,3,2112.444091796875,0.99945376308415,4222.0,4067.0,3491.759333149648
L-LSPIN,lspin_tf,linear,0.15,0.5,0.0035,0.1,1530125,2,0.7032559025133283,0.7668097281831188,1,2303.20458984375,0.9995448552943098,4845.0,4286.0,3769.470326827623
L-LSPIN,lspin_tf,linear,0.15,0.5,0.0035,0.1,1530126,3,0.7371477532368621,0.7918454935622318,2,2278.397705078125,0.9995335743709572,4546.0,4149.0,3669.311988283936
L-LSPIN,lspin_tf,linear,0.15,0.5,0.0035,0.1,1530127,4,0.7188690022848438,0.7761087267525035,3,2198.444091796875,0.9993895061342554,4253.0,4030.0,3539.8288103975124
L-LSPIN,lspin_tf,linear,0.15,0.5,0.00525,0.1,1540123,0,0.7404798172124905,0.7753934191702432,6,1851.023193359375,0.9989132076551192,3531.0,3431.0,2996.984297799304
L-LSPIN,lspin_tf,linear,0.15,0.5,0.00525,0.1,1540124,1,0.7278179741051028,0.776824034334764,4,1963.814697265625,0.9993179548396982,3844.0,3635.0,3193.082124225743
L-LSPIN,lspin_tf,linear,0.15,0.5,0.00525,0.1,1540125,2,0.7181073876618431,0.7804005722460658,3,1919.6563720703125,0.9992237206679788,3865.0,3614.0,3152.9819830657234
L-LSPIN,lspin_tf,linear,0.15,0.5,0.00525,0.1,1540126,3,0.7341964965727342,0.8032904148783977,9,1832.2470703125,0.9990177321552234,3406.0,3359.0,2909.449472486021
L-LSPIN,lspin_tf,linear,0.15,0.5,0.00525,0.1,1540127,4,0.7397182025894897,0.7947067238912733,5,2019.4169921875,0.9991928057420718,3833.0,3676.0,3235.3457153874238
L-LSPIN,lspin_tf,linear,0.15,0.5,0.007,0.1,1550123,0,0.7429550647372429,0.7882689556509299,7,1701.9034423828125,0.998650476552549,3253.0,3088.0,2758.49904227914
L-LSPIN,lspin_tf,linear,0.15,0.5,0.007,0.1,1550124,1,0.7254379284082254,0.7918454935622318,11,1687.6099853515625,0.9989750669931308,3346.0,3305.0,2766.602731130759
L-LSPIN,lspin_tf,linear,0.15,0.5,0.007,0.1,1550125,2,0.7232482863670983,0.7947067238912733,13,1633.563720703125,0.9988501314675682,3064.0,3012.0,2643.220531997951
L-LSPIN,lspin_tf,linear,0.15,0.5,0.007,0.1,1550126,3,0.7531416603198782,0.8090128755364807,14,1585.9459228515625,0.9987397378150884,2889.0,2840.0,2503.7837662915995
L-LSPIN,lspin_tf,linear,0.15,0.5,0.007,0.1,1550127,4,0.7112528560548362,0.7889842632331903,7,1577.8841552734375,0.9987823484881448,3055.0,2878.0,2586.1741177136187
L-LSPIN,lspin_tf,linear,0.15,0.5,0.00875,0.1,1560123,0,0.7405750190403656,0.7639484978540773,18,1371.980712890625,0.9981548842213476,2519.0,2484.0,2196.11465923003
L-LSPIN,lspin_tf,linear,0.15,0.5,0.00875,0.1,1560124,1,0.7203922315308454,0.7839771101573677,16,1252.5560302734375,0.9978716633562976,2255.0,2213.0,1982.3077669014303
L-LSPIN,lspin_tf,linear,0.15,0.5,0.00875,0.1,1560125,2,0.7215346534653465,0.7660944206008584,27,1123.2548828125,0.9978466408905972,2026.0,1962.0,1771.1026130400048
L-LSPIN,lspin_tf,linear,0.15,0.5,0.00875,0.1,1560126,3,0.7182977913175933,0.8190271816881259,16,1233.62548828125,0.9976999983197374,2268.0,2228.0,1966.324342493054
L-LSPIN,lspin_tf,linear,0.15,0.5,0.00875,0.1,1560127,4,0.7393373952779894,0.7618025751072961,21,1221.185302734375,0.9978805576816862,2130.0,2108.0,1927.1606115732693
L-LSPIN,lspin_tf,linear,0.15,0.5,0.0105,0.1,1570123,0,0.7026846915460777,0.7696709585121603,25,1049.2239990234375,0.9971517638773936,1874.0,1812.0,1631.0698941114742
L-LSPIN,lspin_tf,linear,0.15,0.5,0.0105,0.1,1570124,1,0.7127760853008378,0.7989985693848355,22,1057.501953125,0.9976009472565984,1947.0,1882.0,1672.3802999445857
L-LSPIN,lspin_tf,linear,0.15,0.5,0.0105,0.1,1570125,2,0.7018278750952018,0.7796852646638054,29,965.6177368164062,0.9964179042760094,1745.0,1657.0,1508.5731659162966
L-LSPIN,lspin_tf,linear,0.15,0.5,0.0105,0.1,1570126,3,0.7182977913175933,0.8011444921316166,28,941.95751953125,0.9966081989417862,1718.0,1660.0,1477.8357345195216
L-LSPIN,lspin_tf,linear,0.15,0.5,0.0105,0.1,1570127,4,0.728008377760853,0.7896995708154506,18,981.895751953125,0.9963676569987572,1735.0,1658.0,1543.178417490443
L-LSPIN,lspin_tf,linear,0.15,0.5,0.014,0.1,1580123,0,0.7499047981721249,0.7939914163090128,45,602.2239379882812,0.992575678534793,1131.0,1021.0,903.566502211875
L-LSPIN,lspin_tf,linear,0.15,0.5,0.014,0.1,1580124,1,0.7289603960396039,0.7889842632331903,25,646.4517211914062,0.9940470158013042,1143.0,1061.0,982.0938753379676
L-LSPIN,lspin_tf,linear,0.15,0.5,0.014,0.1,1580125,2,0.7381949733434882,0.7804005722460658,52,723.8378295898438,0.9943989025876296,1245.0,1171.0,1076.8489545586244
L-LSPIN,lspin_tf,linear,0.15,0.5,0.014,0.1,1580126,3,0.7317212490479817,0.7896995708154506,23,644.2393798828125,0.9941222779007168,1143.0,1074.0,976.0004576132832
L-LSPIN,lspin_tf,linear,0.15,0.5,0.014,0.1,1580127,4,0.7186785986290937,0.765379113018598,46,616.023193359375,0.9938780078561495,1085.0,1026.0,910.9076768131686
L-LSPIN,lspin_tf,linear,0.15,0.5,0.021,0.1,1590123,0,0.7033511043412034,0.7703862660944206,55,359.4478759765625,0.9874005534018032,645.0,541.0,500.30409439917446
L-LSPIN,lspin_tf,linear,0.15,0.5,0.021,0.1,1590124,1,0.707063975628332,0.7825464949928469,89,357.7953796386719,0.9883322141477652,668.0,518.0,485.4045251365133
L-LSPIN,lspin_tf,linear,0.15,0.5,0.021,0.1,1590125,2,0.7024942878903275,0.7696709585121603,93,329.6216125488281,0.9875593824025526,563.0,480.0,436.4421178990388
L-LSPIN,lspin_tf,linear,0.15,0.5,0.021,0.1,1590126,3,0.7261995430312262,0.7625178826895566,63,387.5482482910156,0.9860794474023472,691.0,585.0,542.352755210515
L-LSPIN,lspin_tf,linear,0.15,0.5,0.021,0.1,1590127,4,0.7042079207920792,0.7804005722460658,77,305.6023254394531,0.9825648462742618,586.0,441.0,410.998342385965
L-LSPIN,lspin_tf,linear,0.15,0.5,0.028,0.1,1600123,0,0.6999238385376999,0.7618025751072961,84,239.8223876953125,0.9773547153588424,513.0,325.0,305.17522847213
L-LSPIN,lspin_tf,linear,0.15,0.5,0.028,0.1,1600124,1,0.727056359482102,0.7997138769670958,57,318.6640930175781,0.9853226205432172,527.0,424.0,399.25807621755575
L-LSPIN,lspin_tf,linear,0.15,0.5,0.028,0.1,1600125,2,0.6371858339680122,0.7825464949928469,116,204.33590698242188,0.969460167912579,402.0,275.0,256.97689455865145
L-LSPIN,lspin_tf,linear,0.15,0.5,0.028,0.1,1600126,3,0.722010662604722,0.7796852646638054,45,293.3050231933594,0.9822139822810634,561.0,413.0,385.85456963268166
L-LSPIN,lspin_tf,linear,0.15,0.5,0.028,0.1,1600127,4,0.7022086824067022,0.778969957081545,59,211.0308837890625,0.9625582334185936,391.0,304.0,279.0916804824928
L-LSPIN,lspin_tf,linear,0.25,0.5,0.0035,0.0,1610123,0,0.7152513328255903,0.7782546494992847,21,415.0849304199219,0.99018575779335,1467.0,926.0,828.0474415633383
L-LSPIN,lspin_tf,linear,0.25,0.5,0.0035,0.0,1610124,1,0.7217250571210967,0.7696709585121603,12,527.4169921875,0.9909857845476376,1710.0,1135.0,1033.600344053238
L-LSPIN,lspin_tf,linear,0.25,0.5,0.0035,0.0,1610125,2,0.7263899466869764,0.8054363376251789,17,428.91119384765625,0.9919991820451118,1459.0,930.0,845.6203612811356
L-LSPIN,lspin_tf,linear,0.25,0.5,0.0035,0.0,1610126,3,0.7293412033511043,0.778969957081545,16,461.5830078125,0.9912803233848674,1653.0,1013.0,935.3084862523089
L-LSPIN,lspin_tf,linear,0.25,0.5,0.0035,0.0,1610127,4,0.7182025894897182,0.7882689556509299,15,470.9536743164063,0.9913086145201248,1581.0,1024.0,935.5108022947372
L-LSPIN,lspin_tf,linear,0.25,0.5,0.00525,0.0,1620123,0,0.7123952779893374,0.7746781115879828,24,262.35906982421875,0.9808994326546282,1027.0,560.0,519.9774638566303
L-LSPIN,lspin_tf,linear,0.25,0.5,0.00525,0.0,1620124,1,0.734958111195735,0.801859799713877,16,356.853271484375,0.9859120777537174,1120.0,702.0,662.4322571550297
L-LSPIN,lspin_tf,linear,0.25,0.5,0.00525,0.0,1620125,2,0.7241051028179741,0.7725321888412017,26,257.4053955078125,0.9787751155136996,962.0,542.0,497.1011755279936
L-LSPIN,lspin_tf,linear,0.25,0.5,0.00525,0.0,1620126,3,0.7104912414318355,0.7632331902718169,25,287.4169921875,0.9828297269769718,993.0,570.0,538.5996805981586
L-LSPIN,lspin_tf,linear,0.25,0.5,0.00525,0.0,1620127,4,0.6984006092916984,0.7868383404864091,33,232.7953643798828,0.966641236092394,919.0,474.0,432.641952332216
L-LSPIN,lspin_tf,linear,0.25,0.5,0.007,0.0,1630123,0,0.7307692307692307,0.7968526466380543,22,253.5019378662109,0.9770908366120914,1011.0,493.0,460.63066751125655
L-LSPIN,lspin_tf,linear,0.25,0.5,0.007,0.0,1630124,1,0.7105864432597105,0.7818311874105865,34,169.3166046142578,0.9694246234431124,652.0,343.0,308.98325470814274
L-LSPIN,lspin_tf,linear,0.25,0.5,0.007,0.0,1630125,2,0.7204874333587205,0.7782546494992847,28,173.60231018066406,0.9699408718335026,732.0,360.0,326.36615140041647
L-LSPIN,lspin_tf,linear,0.25,0.5,0.007,0.0,1630126,3,0.7253427265803504,0.7896995708154506,44,153.6602325439453,0.9548234858106474,637.0,321.0,294.3718658307705
L-LSPIN,lspin_tf,linear,0.25,0.5,0.007,0.0,1630127,4,0.7199162223914699,0.7939914163090128,27,199.2509613037109,0.9638309332335556,749.0,401.0,369.11533957953895
L-LSPIN,lspin_tf,linear,0.25,0.5,0.00875,0.0,1640123,0,0.7298172124904798,0.7861230329041488,44,162.4478759765625,0.9702209398356152,500.0,286.0,264.7283202863846
L-LSPIN,lspin_tf,linear,0.25,0.5,0.00875,0.0,1640124,1,0.7244859101294745,0.7725321888412017,14,231.0695037841797,0.9722252304122396,794.0,462.0,432.4406306860874
L-LSPIN,lspin_tf,linear,0.25,0.5,0.00875,0.0,1640125,2,0.6995430312261995,0.801859799713877,42,133.57528686523438,0.950859141881781,561.0,240.0,227.24763444182364
L-LSPIN,lspin_tf,linear,0.25,0.5,0.00875,0.0,1640126,3,0.7252475247524752,0.7982832618025751,26,163.93821716308594,0.9560608179894492,686.0,330.0,297.6332180425885
L-LSPIN,lspin_tf,linear,0.25,0.5,0.00875,0.0,1640127,4,0.719059405940594,0.778969957081545,51,123.53668212890624,0.9269598588973826,504.0,249.0,228.70814061335923
L-LSPIN,lspin_tf,linear,0.25,0.5,0.0105,0.0,1650123,0,0.7398134044173648,0.8054363376251789,31,140.1737518310547,0.9598983076294768,457.0,250.0,228.92498353662089
L-LSPIN,lspin_tf,linear,0.25,0.5,0.0105,0.0,1650124,1,0.7057311500380807,0.7675250357653791,24,166.9266357421875,0.9661527924561418,598.0,306.0,287.88253736549046
L-LSPIN,lspin_tf,linear,0.25,0.5,0.0105,0.0,1650125,2,0.7353389185072353,0.776824034334764,17,188.0347442626953,0.973993805895181,563.0,356.0,324.0623786913588
L-LSPIN,lspin_tf,linear,0.25,0.5,0.0105,0.0,1650126,3,0.6962109672505712,0.7846924177396281,40,115.35134887695312,0.9497510338659816,465.0,200.0,188.80891738695183
L-LSPIN,lspin_tf,linear,0.25,0.5,0.0105,0.0,1650127,4,0.712014470677837,0.7932761087267525,49,102.1081085205078,0.9434211769916432,492.0,209.0,192.3523994537029
L-LSPIN,lspin_tf,linear,0.25,0.5,0.014,0.0,1660123,0,0.7087776085300838,0.7932761087267525,50,107.6370620727539,0.942406130119575,377.0,190.0,177.56321811803906
L-LSPIN,lspin_tf,linear,0.25,0.5,0.014,0.0,1660124,1,0.7115384615384616,0.7718168812589413,47,87.70270538330078,0.9414179821018288,368.0,151.0,140.11993732711707
L-LSPIN,lspin_tf,linear,0.25,0.5,0.014,0.0,1660125,2,0.742003046458492,0.796137339055794,16,134.1003875732422,0.9419318733939837,434.0,251.0,232.24789967698476
L-LSPIN,lspin_tf,linear,0.25,0.5,0.014,0.0,1660126,3,0.722105864432597,0.7875536480686696,11,162.78378295898438,0.964991582911536,445.0,299.0,276.4288799969329
L-LSPIN,lspin_tf,linear,0.25,0.5,0.014,0.0,1660127,4,0.718964204112719,0.7861230329041488,29,105.88417053222656,0.9504481115038294,437.0,185.0,175.54192827967674
L-LSPIN,lspin_tf,linear,0.25,0.5,0.021,0.0,1670123,0,0.7154417364813405,0.7775393419170243,61,58.2509651184082,0.9180946171247456,260.0,97.0,91.4703518702143
L-LSPIN,lspin_tf,linear,0.25,0.5,0.021,0.0,1670124,1,0.7312452399086062,0.7918454935622318,53,69.48648834228516,0.9128716147314524,201.0,117.0,103.73237584493631
L-LSPIN,lspin_tf,linear,0.25,0.5,0.021,0.0,1670125,2,0.7086824067022087,0.7947067238912733,56,53.61003875732422,0.8691499266424543,201.0,97.0,86.68373797210596
L-LSPIN,lspin_tf,linear,0.25,0.5,0.021,0.0,1670126,3,0.7538080731150039,0.7818311874105865,19,99.40154266357422,0.94256413022409,257.0,161.0,150.22300243719133
L-LSPIN,lspin_tf,linear,0.25,0.5,0.021,0.0,1670127,4,0.7328636709824828,0.7818311874105865,47,61.664093017578125,0.8676980486685874,261.0,104.0,99.08053528566764
L-LSPIN,lspin_tf,linear,0.25,0.5,0.028,0.0,1680123,0,0.6726961157654227,0.8025751072961373,99,32.61389923095703,0.7812963478370635,514.0,53.0,63.82136898358843
L-LSPIN,lspin_tf,linear,0.25,0.5,0.028,0.0,1680124,1,0.7157273419649657,0.7818311874105865,73,44.18918991088867,0.8696354586226752,266.0,77.0,69.95618113137996
L-LSPIN,lspin_tf,linear,0.25,0.5,0.028,0.0,1680125,2,0.7184881949733435,0.7975679542203148,58,52.20463180541992,0.9135374407866254,264.0,89.0,84.41963310362021
L-LSPIN,lspin_tf,linear,0.25,0.5,0.028,0.0,1680126,3,0.6902132520944402,0.7825464949928469,65,48.40154266357422,0.880253973071045,196.0,79.0,75.75701171203363
L-LSPIN,lspin_tf,linear,0.25,0.5,0.028,0.0,1680127,4,0.7155369383092155,0.7832618025751072,49,46.79922866821289,0.8947778519076803,184.0,72.0,69.0706063318372
L-LSPIN,lspin_tf,linear,0.25,0.5,0.0035,0.025,1690123,0,0.7367669459253617,0.7753934191702432,13,1801.04638671875,0.9989992655365908,3321.0,3250.0,2865.049521004624
L-LSPIN,lspin_tf,linear,0.25,0.5,0.0035,0.025,1690124,1,0.7440974866717441,0.7739628040057225,2,2075.988525390625,0.9993944650811316,4308.0,4081.0,3490.514174890704
L-LSPIN,lspin_tf,linear,0.25,0.5,0.0035,0.025,1690125,2,0.7085872048743336,0.7753934191702432,13,1919.6524658203125,0.9992454138312664,3732.0,3668.0,3117.2773548270347
L-LSPIN,lspin_tf,linear,0.25,0.5,0.0035,0.025,1690126,3,0.733054074638233,0.7868383404864091,4,2034.328125,0.999170809597965,3977.0,3763.0,3301.5571410197213
L-LSPIN,lspin_tf,linear,0.25,0.5,0.0035,0.025,1690127,4,0.7337204874333587,0.7811158798283262,29,1686.9730224609375,0.9988044236894028,3174.0,3087.0,2689.2039909999858
L-LSPIN,lspin_tf,linear,0.25,0.5,0.00525,0.025,1700123,0,0.7196306169078446,0.7868383404864091,44,967.45947265625,0.9963427605875738,1785.0,1701.0,1495.6784270023045
L-LSPIN,lspin_tf,linear,0.25,0.5,0.00525,0.025,1700124,1,0.7053503427265804,0.7796852646638054,44,1046.95361328125,0.9976506231539832,1975.0,1871.0,1640.6980533864023
L-LSPIN,lspin_tf,linear,0.25,0.5,0.00525,0.025,1700125,2,0.7292460015232293,0.7761087267525035,42,1000.9691162109376,0.9964388532964986,1769.0,1677.0,1517.0792800810843
L-LSPIN,lspin_tf,linear,0.25,0.5,0.00525,0.025,1700126,3,0.6998286367098249,0.7689556509298998,52,970.1312866210938,0.9961118735850494,1750.0,1639.0,1460.3120736977703
L-LSPIN,lspin_tf,linear,0.25,0.5,0.00525,0.025,1700127,4,0.7261043412033511,0.7846924177396281,39,973.9613647460938,0.997030977647414,1885.0,1809.0,1572.5403273460472
L-LSPIN,lspin_tf,linear,0.25,0.5,0.007,0.025,1710123,0,0.6992574257425742,0.8054363376251789,76,498.50579833984375,0.9879761942936136,935.0,819.0,730.4089179190886
L-LSPIN,lspin_tf,linear,0.25,0.5,0.007,0.025,1710124,1,0.7279131759329779,0.7775393419170243,67,564.4053955078125,0.991247978150256,1014.0,893.0,819.9693751467399
L-LSPIN,lspin_tf,linear,0.25,0.5,0.007,0.025,1710125,2,0.7174409748667174,0.7725321888412017,73,576.563720703125,0.9921430335671272,1049.0,885.0,821.9701382092901
L-LSPIN,lspin_tf,linear,0.25,0.5,0.007,0.025,1710126,3,0.7161081492764662,0.8054363376251789,55,549.9189453125,0.9915641192856636,982.0,875.0,791.6777415863171
L-LSPIN,lspin_tf,linear,0.25,0.5,0.007,0.025,1710127,4,0.7051599390708302,0.7982832618025751,39,625.66796875,0.9937574111712486,1158.0,1031.0,952.0019994330752
L-LSPIN,lspin_tf,linear,0.25,0.5,0.00875,0.025,1720123,0,0.6952589489718203,0.7811158798283262,62,359.5559997558594,0.9853425835057256,689.0,543.0,506.4754233758985
L-LSPIN,lspin_tf,linear,0.25,0.5,0.00875,0.025,1720124,1,0.7447638994668697,0.7625178826895566,48,393.3899536132813,0.9874310483146176,736.0,627.0,570.8252804453823
L-LSPIN,lspin_tf,linear,0.25,0.5,0.00875,0.025,1720125,2,0.6948781416603199,0.7932761087267525,46,411.5521240234375,0.989550632776388,769.0,616.0,578.3897032464733
L-LSPIN,lspin_tf,linear,0.25,0.5,0.00875,0.025,1720126,3,0.6926884996191927,0.7732474964234621,66,436.6023254394531,0.9874010365274684,775.0,627.0,586.494989408511
L-LSPIN,lspin_tf,linear,0.25,0.5,0.00875,0.025,1720127,4,0.708015993907083,0.7696709585121603,31,579.4285888671875,0.992049039677768,1035.0,924.0,854.9431822736362
L-LSPIN,lspin_tf,linear,0.25,0.5,0.0105,0.025,1730123,0,0.7505712109672505,0.7832618025751072,44,324.54052734375,0.9811964489680554,684.0,490.0,458.0939604753308
L-LSPIN,lspin_tf,linear,0.25,0.5,0.0105,0.025,1730124,1,0.718964204112719,0.7796852646638054,63,270.5096435546875,0.979232321697894,622.0,414.0,382.6992516697444
L-LSPIN,lspin_tf,linear,0.25,0.5,0.0105,0.025,1730125,2,0.7268659558263518,0.7775393419170243,80,299.56756591796875,0.979260373797676,600.0,431.0,406.2674541291127
L-LSPIN,lspin_tf,linear,0.25,0.5,0.0105,0.025,1730126,3,0.6922124904798173,0.7467811158798283,48,338.28570556640625,0.9823213721988509,682.0,493.0,463.0721928346628
L-LSPIN,lspin_tf,linear,0.25,0.5,0.0105,0.025,1730127,4,0.7123952779893374,0.7753934191702432,51,301.7374572753906,0.981885984288127,656.0,475.0,432.1037652231094
L-LSPIN,lspin_tf,linear,0.25,0.5,0.014,0.025,1740123,0,0.7003046458492003,0.7882689556509299,65,224.2162170410156,0.974551014360386,419.0,312.0,294.5774192997657
L-LSPIN,lspin_tf,linear,0.25,0.5,0.014,0.025,1740124,1,0.7231530845392231,0.7503576537911302,25,270.6293334960937,0.9697361323278122,571.0,444.0,404.4133503736347
L-LSPIN,lspin_tf,linear,0.25,0.5,0.014,0.025,1740125,2,0.7004950495049505,0.8011444921316166,82,186.63706970214844,0.9622630018429336,416.0,267.0,251.02774257175335
L-LSPIN,lspin_tf,linear,0.25,0.5,0.014,0.025,1740126,3,0.7038271134805788,0.7947067238912733,28,325.3436279296875,0.9830818107632304,581.0,501.0,463.3736541783479
L-LSPIN,lspin_tf,linear,0.25,0.5,0.014,0.025,1740127,4,0.6988766184310738,0.776824034334764,72,205.05018615722656,0.9701752775643262,467.0,295.0,279.3083416455217
L-LSPIN,lspin_tf,linear,0.25,0.5,0.021,0.025,1750123,0,0.7034463061690784,0.7632331902718169,40,158.93821716308594,0.9463963635378486,359.0,223.0,212.12748168624552
L-LSPIN,lspin_tf,linear,0.25,0.5,0.021,0.025,1750124,1,0.7355293221629855,0.7925608011444921,56,153.32432556152344,0.96484626489464,288.0,211.0,197.02109548965896
L-LSPIN,lspin_tf,linear,0.25,0.5,0.021,0.025,1750125,2,0.7147753236862148,0.7932761087267525,76,127.18146514892578,0.938231857366916,264.0,177.0,166.38892811104645
L-LSPIN,lspin_tf,linear,0.25,0.5,0.021,0.025,1750126,3,0.7068735719725818,0.7818311874105865,36,174.22007751464844,0.9651034383591592,405.0,246.0,232.29608478666336
L-LSPIN,lspin_tf,linear,0.25,0.5,0.021,0.025,1750127,4,0.6704112718964204,0.7718168812589413,84,161.5251007080078,0.9548732327908388,335.0,217.0,205.7529776768323
L-LSPIN,lspin_tf,linear,0.25,0.5,0.028,0.025,1760123,0,0.7214394516374715,0.7610872675250357,37,115.34748840332033,0.9507416466256956,292.0,161.0,154.1761817442662
L-LSPIN,lspin_tf,linear,0.25,0.5,0.028,0.025,1760124,1,0.7242003046458492,0.7682403433476395,38,146.03860473632812,0.9564448216887964,320.0,202.0,189.4186262960316
L-LSPIN,lspin_tf,linear,0.25,0.5,0.028,0.025,1760125,2,0.7509520182787509,0.7668097281831188,67,127.44401550292967,0.9325858582330244,359.0,155.0,154.64843356143
L-LSPIN,lspin_tf,linear,0.25,0.5,0.028,0.025,1760126,3,0.6985910129474486,0.7689556509298998,95,108.76448059082033,0.939244423528485,210.0,134.0,127.57497528458556
L-LSPIN,lspin_tf,linear,0.25,0.5,0.028,0.025,1760127,4,0.706968773800457,0.7632331902718169,32,151.03860473632812,0.9628028075312756,309.0,219.0,201.77805648859896
L-LSPIN,lspin_tf,linear,0.25,0.5,0.0035,0.05,1770123,0,0.7365765422696116,0.7775393419170243,5,2015.21240234375,0.9993227778323256,3920.0,3749.0,3263.569919689973
L-LSPIN,lspin_tf,linear,0.25,0.5,0.0035,0.05,1770124,1,0.7298172124904798,0.7832618025751072,3,2005.2008056640625,0.9994606271099468,4235.0,4045.0,3425.1513814410737
L-LSPIN,lspin_tf,linear,0.25,0.5,0.0035,0.05,1770125,2,0.7237242955064738,0.7968526466380543,2,2050.304931640625,0.999386476133136,4270.0,4004.0,3433.300362210064
L-LSPIN,lspin_tf,linear,0.25,0.5,0.0035,0.05,1770126,3,0.7207730388423458,0.7846924177396281,2,2116.3359375,0.999432474611249,4455.0,4116.0,3557.6671824783666
L-LSPIN,lspin_tf,linear,0.25,0.5,0.0035,0.05,1770127,4,0.7248667174409749,0.790414878397711,2,2104.270263671875,0.9994236152481706,4300.0,3970.0,3458.1165077558585
L-LSPIN,lspin_tf,linear,0.25,0.5,0.00525,0.05,1780123,0,0.7369573495811119,0.7997138769670958,5,1730.1583251953125,0.9989180577401766,3331.0,3200.0,2814.7936329826885
L-LSPIN,lspin_tf,linear,0.25,0.5,0.00525,0.05,1780124,1,0.7321972581873571,0.7832618025751072,7,1821.8841552734373,0.9991386476037684,3508.0,3405.0,2989.1867333366463
L-LSPIN,lspin_tf,linear,0.25,0.5,0.00525,0.05,1780125,2,0.7402894135567403,0.7846924177396281,6,1827.7451171875,0.9990140152637008,3593.0,3480.0,3018.2434002435684
L-LSPIN,lspin_tf,linear,0.25,0.5,0.00525,0.05,1780126,3,0.7359101294744859,0.7918454935622318,2,1949.7799072265625,0.999135703035022,4071.0,3870.0,3318.921794185616
L-LSPIN,lspin_tf,linear,0.25,0.5,0.00525,0.05,1780127,4,0.7317212490479817,0.7861230329041488,6,1749.0733642578125,0.9990560055376998,3383.0,3288.0,2876.7270147274257
L-LSPIN,lspin_tf,linear,0.25,0.5,0.007,0.05,1790123,0,0.7352437166793603,0.7825464949928469,9,1441.9150390625,0.9985335900364044,2761.0,2722.0,2363.933227394825
L-LSPIN,lspin_tf,linear,0.25,0.5,0.007,0.05,1790124,1,0.7295316070068545,0.8004291845493562,11,1437.1351318359375,0.9983170962101948,2647.0,2611.0,2351.589319841439
L-LSPIN,lspin_tf,linear,0.25,0.5,0.007,0.05,1790125,2,0.7417174409748667,0.7682403433476395,20,1357.0,0.9980934841513888,2394.0,2360.0,2117.508682120743
L-LSPIN,lspin_tf,linear,0.25,0.5,0.007,0.05,1790126,3,0.7254379284082254,0.8104434907010014,22,1338.6795654296875,0.998304893730456,2564.0,2510.0,2198.4964894274217
L-LSPIN,lspin_tf,linear,0.25,0.5,0.007,0.05,1790127,4,0.7137281035795887,0.7625178826895566,21,1296.640869140625,0.9980855191423044,2477.0,2439.0,2099.2100901616527
L-LSPIN,lspin_tf,linear,0.25,0.5,0.00875,0.05,1800123,0,0.7380997715156131,0.7618025751072961,70,678.3706665039062,0.9950003771129668,1338.0,1181.0,1046.6359084937849
L-LSPIN,lspin_tf,linear,0.25,0.5,0.00875,0.05,1800124,1,0.7213442498095963,0.7832618025751072,30,945.5791625976562,0.996238007782438,1761.0,1651.0,1472.550991539074
L-LSPIN,lspin_tf,linear,0.25,0.5,0.00875,0.05,1800125,2,0.7420982482863671,0.7689556509298998,53,869.9420776367188,0.9965164657796314,1644.0,1568.0,1364.310140842898
L-LSPIN,lspin_tf,linear,0.25,0.5,0.00875,0.05,1800126,3,0.7233434881949733,0.7875536480686696,43,957.7026977539062,0.9968693977918116,1695.0,1594.0,1451.608802160608
L-LSPIN,lspin_tf,linear,0.25,0.5,0.00875,0.05,1800127,4,0.7030654988575781,0.7854077253218884,54,886.9884033203125,0.996265644833264,1646.0,1563.0,1372.9730441743802
L-LSPIN,lspin_tf,linear,0.25,0.5,0.0105,0.05,1810123,0,0.7307692307692307,0.7689556509298998,52,683.0347290039062,0.993783817967208,1260.0,1166.0,1032.2541904940406
L-LSPIN,lspin_tf,linear,0.25,0.5,0.0105,0.05,1810124,1,0.6892612338156893,0.7639484978540773,42,687.8494262695312,0.9936302344574904,1279.0,1154.0,1060.8781369563835
L-LSPIN,lspin_tf,linear,0.25,0.5,0.0105,0.05,1810125,2,0.7356245239908606,0.7718168812589413,81,532.9536743164062,0.9920351722049842,958.0,822.0,763.534960576381
L-LSPIN,lspin_tf,linear,0.25,0.5,0.0105,0.05,1810126,3,0.7143945163747144,0.7825464949928469,37,751.8378295898438,0.9939714298126556,1377.0,1257.0,1136.1907155982756
L-LSPIN,lspin_tf,linear,0.25,0.5,0.0105,0.05,1810127,4,0.685072353389185,0.778969957081545,88,480.42083740234375,0.9895699768692064,883.0,765.0,706.9665044925476
L-LSPIN,lspin_tf,linear,0.25,0.5,0.014,0.05,1820123,0,0.7179169840060929,0.7882689556509299,86,352.5482482910156,0.9844967434985924,692.0,513.0,482.2770638380425
L-LSPIN,lspin_tf,linear,0.25,0.5,0.014,0.05,1820124,1,0.7195354150799695,0.7689556509298998,74,312.6524963378906,0.9827236853335368,615.0,473.0,437.5650455495776
L-LSPIN,lspin_tf,linear,0.25,0.5,0.014,0.05,1820125,2,0.7307692307692307,0.790414878397711,57,343.0965270996094,0.9870199517489016,603.0,531.0,486.70779934594486
L-LSPIN,lspin_tf,linear,0.25,0.5,0.014,0.05,1820126,3,0.6625095201827875,0.7811158798283262,73,360.312744140625,0.9817184441792092,699.0,531.0,489.6665617938874
L-LSPIN,lspin_tf,linear,0.25,0.5,0.014,0.05,1820127,4,0.7037319116527038,0.7825464949928469,56,370.20849609375,0.9829446927928592,685.0,593.0,533.5151450010997
L-LSPIN,lspin_tf,linear,0.25,0.5,0.021,0.05,1830123,0,0.7217250571210967,0.7975679542203148,98,170.77992248535156,0.9688133586378018,350.0,243.0,224.2636479881189
L-LSPIN,lspin_tf,linear,0.25,0.5,0.021,0.05,1830124,1,0.696020563594821,0.776824034334764,110,137.9304962158203,0.957612411885588,317.0,202.0,189.48969558117795
L-LSPIN,lspin_tf,linear,0.25,0.5,0.021,0.05,1830125,2,0.6923076923076923,0.7868383404864091,85,203.8648681640625,0.9652048226440798,447.0,269.0,258.9232135298341
L-LSPIN,lspin_tf,linear,0.25,0.5,0.021,0.05,1830126,3,0.7491431835491241,0.7782546494992847,50,198.64865112304688,0.9657133901309444,417.0,296.0,270.62998662205433
L-LSPIN,lspin_tf,linear,0.25,0.5,0.021,0.05,1830127,4,0.664032749428789,0.7668097281831188,69,189.59458923339844,0.9598314932421556,374.0,253.0,240.16561382754367
L-LSPIN,lspin_tf,linear,0.25,0.5,0.028,0.05,1840123,0,0.716012947448591,0.7668097281831188,80,141.39768981933594,0.9431864977167944,316.0,183.0,174.98441929378853
L-LSPIN,lspin_tf,linear,0.25,0.5,0.028,0.05,1840124,1,0.700019040365575,0.8118741058655222,90,142.36679077148438,0.9503770527777196,368.0,191.0,183.6753121444856
L-LSPIN,lspin_tf,linear,0.25,0.5,0.028,0.05,1840125,2,0.7385757806549885,0.7753934191702432,68,154.09266662597656,0.9393869667646256,310.0,196.0,188.18920783485723
L-LSPIN,lspin_tf,linear,0.25,0.5,0.028,0.05,1840126,3,0.6954493526275705,0.7804005722460658,118,115.5791473388672,0.9314538884744288,246.0,147.0,140.2404926117344
L-LSPIN,lspin_tf,linear,0.25,0.5,0.028,0.05,1840127,4,0.7139185072353389,0.7746781115879828,70,122.51351165771484,0.9581047135118048,263.0,172.0,160.67925079556102
L-LSPIN,lspin_tf,linear,0.25,0.5,0.0035,0.1,1850123,0,0.7198210205635949,0.7832618025751072,8,2064.03466796875,0.9992947682387248,3893.0,3765.0,3293.5386409255734
L-LSPIN,lspin_tf,linear,0.25,0.5,0.0035,0.1,1850124,1,0.7351485148514851,0.778969957081545,6,1996.37060546875,0.999347706004418,3875.0,3807.0,3248.992245904553
L-LSPIN,lspin_tf,linear,0.25,0.5,0.0035,0.1,1850125,2,0.738956587966489,0.776824034334764,2,2106.432373046875,0.9993292951491872,4287.0,3954.0,3461.261112779118
L-LSPIN,lspin_tf,linear,0.25,0.5,0.0035,0.1,1850126,3,0.7174409748667174,0.7832618025751072,3,2074.061767578125,0.9993599690278364,4104.0,3901.0,3391.3860512892106
L-LSPIN,lspin_tf,linear,0.25,0.5,0.0035,0.1,1850127,4,0.7203922315308454,0.8004291845493562,3,2077.21240234375,0.9992413176463651,4156.0,3862.0,3395.9938738419883
L-LSPIN,lspin_tf,linear,0.25,0.5,0.00525,0.1,1860123,0,0.736005331302361,0.7868383404864091,13,1841.687255859375,0.999267561287264,3648.0,3608.0,3056.511677086507
L-LSPIN,lspin_tf,linear,0.25,0.5,0.00525,0.1,1860124,1,0.7468583396801218,0.7832618025751072,8,1657.729736328125,0.998980733512492,3247.0,3220.0,2785.960067234292
L-LSPIN,lspin_tf,linear,0.25,0.5,0.00525,0.1,1860125,2,0.7345773038842346,0.7832618025751072,5,1781.7760009765625,0.9991010078002034,3562.0,3442.0,3006.229564245485
L-LSPIN,lspin_tf,linear,0.25,0.5,0.00525,0.1,1860126,3,0.7342916984006093,0.7739628040057225,4,1748.9073486328125,0.999047525796024,3508.0,3396.0,2943.321268610845
L-LSPIN,lspin_tf,linear,0.25,0.5,0.00525,0.1,1860127,4,0.7457159177456207,0.7925608011444921,3,1822.0501708984373,0.9991889753738592,3736.0,3515.0,3076.4873828844143
L-LSPIN,lspin_tf,linear,0.25,0.5,0.007,0.1,1870123,0,0.7214394516374715,0.7739628040057225,19,1490.7645263671875,0.9985747589180256,2767.0,2682.0,2393.938916442132
L-LSPIN,lspin_tf,linear,0.25,0.5,0.007,0.1,1870124,1,0.7327684691546078,0.804005722460658,6,1610.2470703125,0.998875803845462,3117.0,3054.0,2653.605230647106
L-LSPIN,lspin_tf,linear,0.25,0.5,0.007,0.1,1870125,2,0.7338156892612339,0.7746781115879828,7,1570.521240234375,0.9987264794087448,2842.0,2786.0,2512.8293898786364
L-LSPIN,lspin_tf,linear,0.25,0.5,0.007,0.1,1870126,3,0.7354341203351105,0.7589413447782547,7,1610.8070068359375,0.9987280668169368,3236.0,3140.0,2720.4533002604817
L-LSPIN,lspin_tf,linear,0.25,0.5,0.007,0.1,1870127,4,0.7406702208682406,0.7796852646638054,4,1654.1390380859375,0.998684519338874,3343.0,3172.0,2808.426417874296
L-LSPIN,lspin_tf,linear,0.25,0.5,0.00875,0.1,1880123,0,0.7365765422696116,0.7689556509298998,24,1129.5830078125,0.9975821395118968,2067.0,2039.0,1807.9065063224868
L-LSPIN,lspin_tf,linear,0.25,0.5,0.00875,0.1,1880124,1,0.7161081492764662,0.7875536480686696,17,1231.87255859375,0.9978283324184354,2427.0,2404.0,2083.00965598907
L-LSPIN,lspin_tf,linear,0.25,0.5,0.00875,0.1,1880125,2,0.7154417364813405,0.7804005722460658,22,1200.478759765625,0.9978526392297375,2220.0,2171.0,1927.2449743080283
L-LSPIN,lspin_tf,linear,0.25,0.5,0.00875,0.1,1880126,3,0.731054836252856,0.7825464949928469,13,1233.87255859375,0.9978049584982608,2290.0,2239.0,1988.4390151392124
L-LSPIN,lspin_tf,linear,0.25,0.5,0.00875,0.1,1880127,4,0.7253427265803504,0.7739628040057225,14,1326.7490234375,0.9982588502800752,2419.0,2379.0,2135.354052906709
L-LSPIN,lspin_tf,linear,0.25,0.5,0.0105,0.1,1890123,0,0.7413366336633663,0.7896995708154506,18,1012.9536743164062,0.9966394423852114,1790.0,1760.0,1613.1056514455145
L-LSPIN,lspin_tf,linear,0.25,0.5,0.0105,0.1,1890124,1,0.7399086062452399,0.7496423462088698,13,922.2007446289062,0.9972279583402054,1781.0,1727.0,1515.1469827617118
L-LSPIN,lspin_tf,linear,0.25,0.5,0.0105,0.1,1890125,2,0.7348629093678599,0.7839771101573677,13,1071.2432861328125,0.9973115474205428,1978.0,1929.0,1753.150741091112
L-LSPIN,lspin_tf,linear,0.25,0.5,0.0105,0.1,1890126,3,0.7365765422696116,0.7675250357653791,12,979.4246826171876,0.9972179403689786,1835.0,1810.0,1610.7007084719514
L-LSPIN,lspin_tf,linear,0.25,0.5,0.0105,0.1,1890127,4,0.7295316070068545,0.7911301859799714,19,995.9498291015624,0.9964676253529196,1818.0,1780.0,1607.4999131273937
L-LSPIN,lspin_tf,linear,0.25,0.5,0.014,0.1,1900123,0,0.729912414318355,0.7861230329041488,41,601.0926513671875,0.9933409784890654,1102.0,1055.0,945.6093280749724
L-LSPIN,lspin_tf,linear,0.25,0.5,0.014,0.1,1900124,1,0.7212490479817213,0.7918454935622318,38,621.4478759765625,0.994039739831902,1084.0,1054.0,966.1042214791256
L-LSPIN,lspin_tf,linear,0.25,0.5,0.014,0.1,1900125,2,0.7106816450875857,0.7975679542203148,29,710.3243408203125,0.9952181481879998,1292.0,1218.0,1121.137918615099
L-LSPIN,lspin_tf,linear,0.25,0.5,0.014,0.1,1900126,3,0.7292460015232293,0.7739628040057225,32,593.6525268554688,0.9938372085688156,1077.0,984.0,917.704479177466
L-LSPIN,lspin_tf,linear,0.25,0.5,0.014,0.1,1900127,4,0.6911652703731912,0.7761087267525035,44,513.95751953125,0.993406888273038,969.0,886.0,820.8799152536387
L-LSPIN,lspin_tf,linear,0.25,0.5,0.021,0.1,1910123,0,0.7207730388423458,0.7739628040057225,56,293.1312866210937,0.9844035919709196,565.0,433.0,406.21465456912966
L-LSPIN,lspin_tf,linear,0.25,0.5,0.021,0.1,1910124,1,0.7095392231530845,0.7782546494992847,106,218.3667907714844,0.9745339832659192,452.0,339.0,308.04265278596506
L-LSPIN,lspin_tf,linear,0.25,0.5,0.021,0.1,1910125,2,0.6903084539223153,0.8204577968526466,85,286.4092712402344,0.9843903429305528,510.0,411.0,383.8102613984472
L-LSPIN,lspin_tf,linear,0.25,0.5,0.021,0.1,1910126,3,0.6902132520944402,0.7796852646638054,46,316.104248046875,0.9886600855338792,602.0,508.0,460.4549838249649
L-LSPIN,lspin_tf,linear,0.25,0.5,0.021,0.1,1910127,4,0.6831683168316832,0.7696709585121603,70,263.7528991699219,0.9788808859826196,529.0,404.0,375.1502999524269
L-LSPIN,lspin_tf,linear,0.25,0.5,0.028,0.1,1920123,0,0.7281987814166032,0.778969957081545,51,214.49034118652344,0.9752424414128,445.0,307.0,287.54978366050136
L-LSPIN,lspin_tf,linear,0.25,0.5,0.028,0.1,1920124,1,0.6851675552170602,0.7896995708154506,65,221.4826202392578,0.9774070561449464,413.0,312.0,293.42871611057416
L-LSPIN,lspin_tf,linear,0.25,0.5,0.028,0.1,1920125,2,0.7072543792840823,0.7804005722460658,41,213.12741088867188,0.9760954730442496,424.0,332.0,299.8489180443513
L-LSPIN,lspin_tf,linear,0.25,0.5,0.028,0.1,1920126,3,0.6847867479055598,0.7761087267525035,52,183.1312713623047,0.9686321990670272,382.0,268.0,246.049259010514
L-LSPIN,lspin_tf,linear,0.25,0.5,0.028,0.1,1920127,4,0.7088728103579589,0.7825464949928469,65,184.44015502929688,0.961691806300044,417.0,263.0,249.0415534374421
L-Concrete,concrete,linear,0.15,0.2,0.00075,0.0,1930123,0,0.7265803503427266,0.7932761087267525,6,1729.0501708984375,0.9995870191455386,5592.0,4496.0,3850.5071095085295
L-Concrete,concrete,linear,0.15,0.2,0.00075,0.0,1930124,1,0.7242955064737243,0.7725321888412017,8,1456.37841796875,0.9994083517517028,5357.0,4045.0,3489.6059131675065
L-Concrete,concrete,linear,0.15,0.2,0.00075,0.0,1930125,2,0.7208682406702208,0.7911301859799714,3,2275.9921875,0.99984171169342,5866.0,5308.0,4547.145687657107
L-Concrete,concrete,linear,0.15,0.2,0.00075,0.0,1930126,3,0.7363861386138614,0.8133047210300429,4,2101.031005859375,0.9997664468406612,5753.0,5038.0,4294.466779377885
L-Concrete,concrete,linear,0.15,0.2,0.00075,0.0,1930127,4,0.7192498095963442,0.7918454935622318,9,1377.0733642578125,0.999095203785096,5173.0,3900.0,3339.1802985645472
L-Concrete,concrete,linear,0.15,0.2,0.001,0.0,1940123,0,0.7201066260472201,0.7818311874105865,13,821.7838134765625,0.998076843407369,4232.0,2628.0,2343.523924394694
L-Concrete,concrete,linear,0.15,0.2,0.001,0.0,1940124,1,0.7376237623762376,0.796137339055794,5,1660.104248046875,0.999522299189556,5539.0,4362.0,3747.480127096939
L-Concrete,concrete,linear,0.15,0.2,0.001,0.0,1940125,2,0.7230578827113481,0.7918454935622318,8,1195.5985107421875,0.9990933231011766,5033.0,3461.0,3006.5099903873925
L-Concrete,concrete,linear,0.15,0.2,0.001,0.0,1940126,3,0.7067783701447068,0.7975679542203148,9,1072.517333984375,0.99855767102717,4663.0,3087.0,2702.8977242470587
L-Concrete,concrete,linear,0.15,0.2,0.001,0.0,1940127,4,0.7285795887281036,0.8082975679542204,6,1487.725830078125,0.9994097541191526,5387.0,4121.0,3516.788525094334
L-Concrete,concrete,linear,0.15,0.2,0.0015,0.0,1950123,0,0.7054455445544554,0.7882689556509299,9,719.6370849609375,0.9971278918195696,4178.0,2205.0,2035.399912788118
L-Concrete,concrete,linear,0.15,0.2,0.0015,0.0,1950124,1,0.7283891850723534,0.7868383404864091,10,652.3629150390625,0.9968480654556784,3569.0,1940.0,1797.625249379722
L-Concrete,concrete,linear,0.15,0.2,0.0015,0.0,1950125,2,0.728008377760853,0.8104434907010014,10,652.0849609375,0.9966818768932608,3728.0,1990.0,1859.008818717088
L-Concrete,concrete,linear,0.15,0.2,0.0015,0.0,1950126,3,0.7224866717440975,0.7739628040057225,11,623.521240234375,0.9970402571024152,3552.0,1937.0,1813.9153011956291
L-Concrete,concrete,linear,0.15,0.2,0.0015,0.0,1950127,4,0.7166793602437167,0.8068669527896996,13,539.2780151367188,0.9959922294531144,3374.0,1700.0,1608.398426037531
L-Concrete,concrete,linear,0.15,0.2,0.002,0.0,1960123,0,0.7319116527037319,0.7947067238912733,10,462.0038757324219,0.995385507451792,2969.0,1399.0,1367.491839246298
L-Concrete,concrete,linear,0.15,0.2,0.002,0.0,1960124,1,0.7210586443259711,0.8097281831187411,18,337.9343566894531,0.990963271588181,2347.0,1092.0,1042.781976917846
L-Concrete,concrete,linear,0.15,0.2,0.002,0.0,1960125,2,0.7138233054074639,0.7968526466380543,10,447.9961242675781,0.9952545893958248,2982.0,1426.0,1368.1273207268864
L-Concrete,concrete,linear,0.15,0.2,0.002,0.0,1960126,3,0.7272467631378522,0.8061516452074392,13,373.71429443359375,0.992835982047058,2720.0,1241.0,1211.1498569788675
L-Concrete,concrete,linear,0.15,0.2,0.002,0.0,1960127,4,0.7146801218583397,0.7911301859799714,12,422.50579833984375,0.9925781404935716,2849.0,1319.0,1284.4787567408105
L-Concrete,concrete,linear,0.15,0.2,0.0025,0.0,1970123,0,0.7156321401370906,0.8097281831187411,13,302.5521240234375,0.990583780688734,2138.0,933.0,915.0822785108855
L-Concrete,concrete,linear,0.15,0.2,0.0025,0.0,1970124,1,0.7202970297029703,0.7932761087267525,12,301.9266357421875,0.984770850219342,2333.0,956.0,960.042647838642
L-Concrete,concrete,linear,0.15,0.2,0.0025,0.0,1970125,2,0.7253427265803504,0.7989985693848355,17,233.687255859375,0.9844588729234908,1962.0,785.0,796.9013033014428
L-Concrete,concrete,linear,0.15,0.2,0.0025,0.0,1970126,3,0.7235338918507236,0.7832618025751072,12,302.5135192871094,0.9900998412299592,2154.0,862.0,881.3683951501074
L-Concrete,concrete,linear,0.15,0.2,0.0025,0.0,1970127,4,0.710967250571211,0.7889842632331903,12,286.7799377441406,0.9876482693974415,2153.0,948.0,937.5032089495922
L-Concrete,concrete,linear,0.15,0.2,0.003,0.0,1980123,0,0.7225818735719726,0.7997138769670958,15,211.05792236328125,0.9771455668307544,1683.0,619.0,636.396885831289
L-Concrete,concrete,linear,0.15,0.2,0.003,0.0,1980124,1,0.7281035795887281,0.7875536480686696,12,239.2007751464844,0.9830712971653568,1833.0,733.0,742.8647133544924
L-Concrete,concrete,linear,0.15,0.2,0.003,0.0,1980125,2,0.7123952779893374,0.8032904148783977,21,165.77606201171875,0.980858065184844,1574.0,554.0,598.5907605186973
L-Concrete,concrete,linear,0.15,0.2,0.003,0.0,1980126,3,0.7023038842345773,0.7761087267525035,19,179.8378448486328,0.9798435360126566,1435.0,606.0,597.3199954819063
L-Concrete,concrete,linear,0.15,0.2,0.003,0.0,1980127,4,0.7126808834729627,0.7947067238912733,18,170.8996124267578,0.9804172952452336,1641.0,602.0,639.470640490059
L-Concrete,concrete,linear,0.15,0.2,0.004,0.0,1990123,0,0.7233434881949733,0.7975679542203148,8,248.67181396484372,0.9843352200999012,2337.0,823.0,891.0871723630574
L-Concrete,concrete,linear,0.15,0.2,0.004,0.0,1990124,1,0.7126808834729627,0.7818311874105865,21,121.7104263305664,0.9517016274472576,1234.0,383.0,418.8816144720271
L-Concrete,concrete,linear,0.15,0.2,0.004,0.0,1990125,2,0.7237242955064738,0.7761087267525035,14,140.9304962158203,0.9770804925305502,1325.0,513.0,524.1934982836021
L-Concrete,concrete,linear,0.15,0.2,0.004,0.0,1990126,3,0.725057121096725,0.7739628040057225,20,122.35520935058594,0.9686670297254488,1237.0,407.0,441.5643696936584
L-Concrete,concrete,linear,0.15,0.2,0.004,0.0,1990127,4,0.7142041127189642,0.7947067238912733,12,150.2393798828125,0.9774203778684024,1503.0,512.0,546.7100524188112
L-Concrete,concrete,linear,0.15,0.2,0.006,0.0,2000123,0,0.7075399847677075,0.7832618025751072,28,63.6447868347168,0.9379574287021036,783.0,233.0,259.46575515623783
L-Concrete,concrete,linear,0.15,0.2,0.006,0.0,2000124,1,0.7230578827113481,0.7882689556509299,20,69.00772094726562,0.9371410655892456,835.0,231.0,267.9406405159314
L-Concrete,concrete,linear,0.15,0.2,0.006,0.0,2000125,2,0.7341012947448591,0.7875536480686696,22,65.61003875732422,0.9264053463403134,775.0,223.0,256.1876099441784
L-Concrete,concrete,linear,0.15,0.2,0.006,0.0,2000126,3,0.7316260472201066,0.7753934191702432,23,69.42471313476562,0.9542834372055086,807.0,239.0,258.0450500857611
L-Concrete,concrete,linear,0.15,0.2,0.006,0.0,2000127,4,0.7174409748667174,0.776824034334764,14,77.11196899414062,0.9468157613774878,914.0,262.0,304.3895876899482
L-Concrete,concrete,linear,0.15,0.2,0.00075,0.025,2010123,0,0.7353389185072353,0.7989985693848355,8,1381.057861328125,0.998766823811511,4204.0,3153.0,2725.766613013925
L-Concrete,concrete,linear,0.15,0.2,0.00075,0.025,2010124,1,0.7290555978674791,0.796137339055794,10,1147.8262939453125,0.998501924497266,3457.0,2755.0,2324.4187606096534
L-Concrete,concrete,linear,0.15,0.2,0.00075,0.025,2010125,2,0.7287699923838538,0.7782546494992847,14,900.8919067382812,0.996939464883162,2934.0,2074.0,1800.1255203962262
L-Concrete,concrete,linear,0.15,0.2,0.00075,0.025,2010126,3,0.7377189642041128,0.7918454935622318,9,1182.691162109375,0.997903569707133,3493.0,2553.0,2234.232035374123
L-Concrete,concrete,linear,0.15,0.2,0.00075,0.025,2010127,4,0.7384805788271135,0.7939914163090128,9,1204.270263671875,0.9984020779482334,3689.0,2874.0,2395.1394542620387
L-Concrete,concrete,linear,0.15,0.2,0.001,0.025,2020123,0,0.7440974866717441,0.7975679542203148,9,975.4903564453124,0.9978342510432868,3184.0,2358.0,1982.79996433514
L-Concrete,concrete,linear,0.15,0.2,0.001,0.025,2020124,1,0.7327684691546078,0.7918454935622318,8,1001.0656127929688,0.9980585052175932,3629.0,2315.0,2051.935641832625
L-Concrete,concrete,linear,0.15,0.2,0.001,0.025,2020125,2,0.72496191926885,0.7753934191702432,13,718.8416748046875,0.9959289400968374,2408.0,1785.0,1500.1951967649168
L-Concrete,concrete,linear,0.15,0.2,0.001,0.025,2020126,3,0.7327684691546078,0.7889842632331903,12,719.0964965820312,0.9965016542891912,2576.0,1922.0,1586.2087882344542
L-Concrete,concrete,linear,0.15,0.2,0.001,0.025,2020127,4,0.7388613861386139,0.796137339055794,6,1250.6756591796875,0.9987853518132254,4044.0,2877.0,2498.438998828699
L-Concrete,concrete,linear,0.15,0.2,0.0015,0.025,2030123,0,0.7285795887281036,0.7947067238912733,13,425.83782958984375,0.9918024997199348,1548.0,1073.0,943.0290686592836
L-Concrete,concrete,linear,0.15,0.2,0.0015,0.025,2030124,1,0.732006854531607,0.7660944206008584,12,428.0849304199219,0.9925944280358542,1642.0,1141.0,975.8334460239696
L-Concrete,concrete,linear,0.15,0.2,0.0015,0.025,2030125,2,0.7106816450875857,0.7982832618025751,15,393.1235656738281,0.9886977020857428,1562.0,982.0,871.6799621164325
L-Concrete,concrete,linear,0.15,0.2,0.0015,0.025,2030126,3,0.7345773038842346,0.8133047210300429,12,480.7799377441406,0.9933523594289267,1826.0,1219.0,1053.8894505959734
L-Concrete,concrete,linear,0.15,0.2,0.0015,0.025,2030127,4,0.7263899466869764,0.801859799713877,12,468.4749145507813,0.992688398427032,1817.0,1284.0,1083.6541242428364
L-Concrete,concrete,linear,0.15,0.2,0.002,0.025,2040123,0,0.7353389185072353,0.7868383404864091,14,297.3475036621094,0.9840476764103115,1204.0,709.0,665.1539281880376
L-Concrete,concrete,linear,0.15,0.2,0.002,0.025,2040124,1,0.722010662604722,0.7875536480686696,17,266.68341064453125,0.9827312613343204,1108.0,703.0,610.5920701411931
L-Concrete,concrete,linear,0.15,0.2,0.002,0.025,2040125,2,0.7321020563594821,0.7868383404864091,16,269.4401550292969,0.9841841585182928,1162.0,672.0,613.6070850620266
L-Concrete,concrete,linear,0.15,0.2,0.002,0.025,2040126,3,0.7263899466869764,0.7889842632331903,10,359.76446533203125,0.9905756424802488,1496.0,960.0,835.677975619423
L-Concrete,concrete,linear,0.15,0.2,0.002,0.025,2040127,4,0.7257235338918507,0.7932761087267525,14,294.3204650878906,0.9829960196435944,1130.0,745.0,652.1891496225028
L-Concrete,concrete,linear,0.15,0.2,0.0025,0.025,2050123,0,0.7208682406702208,0.796137339055794,13,224.3706512451172,0.9846900671892818,946.0,590.0,521.7766243247959
L-Concrete,concrete,linear,0.15,0.2,0.0025,0.025,2050124,1,0.7135376999238385,0.7875536480686696,10,265.6988525390625,0.9866234120324868,1221.0,743.0,648.5704787165396
L-Concrete,concrete,linear,0.15,0.2,0.0025,0.025,2050125,2,0.7266755521706016,0.7832618025751072,23,170.7953643798828,0.963984745235677,841.0,489.0,434.383275361683
L-Concrete,concrete,linear,0.15,0.2,0.0025,0.025,2050126,3,0.7222010662604722,0.8025751072961373,18,195.85714721679688,0.9772271168018432,908.0,544.0,482.8758851898029
L-Concrete,concrete,linear,0.15,0.2,0.0025,0.025,2050127,4,0.7446686976389947,0.7889842632331903,19,182.4247131347656,0.9587863967922672,913.0,467.0,429.1743351258886
L-Concrete,concrete,linear,0.15,0.2,0.003,0.025,2060123,0,0.7147753236862148,0.8082975679542204,9,243.97683715820312,0.9836117857524628,1064.0,650.0,571.5223910364925
L-Concrete,concrete,linear,0.15,0.2,0.003,0.025,2060124,1,0.7201066260472201,0.7725321888412017,11,216.47103881835935,0.9831409388789556,1029.0,636.0,548.2750237374057
L-Concrete,concrete,linear,0.15,0.2,0.003,0.025,2060125,2,0.7296268088347296,0.7939914163090128,22,142.15057373046875,0.9542071762646548,805.0,377.0,355.09952384419574
L-Concrete,concrete,linear,0.15,0.2,0.003,0.025,2060126,3,0.7363861386138614,0.8047210300429185,12,187.1814727783203,0.9729655507425288,914.0,546.0,476.7428524530876
L-Concrete,concrete,linear,0.15,0.2,0.003,0.025,2060127,4,0.7284843869002284,0.7939914163090128,11,192.7644805908203,0.972695843381184,881.0,495.0,457.0751649879878
L-Concrete,concrete,linear,0.15,0.2,0.004,0.025,2070123,0,0.7073495811119573,0.7918454935622318,22,102.16988372802734,0.9413707724776332,772.0,303.0,283.2405140079363
L-Concrete,concrete,linear,0.15,0.2,0.004,0.025,2070124,1,0.726009139375476,0.8118741058655222,15,128.25482177734375,0.9608415534543252,610.0,347.0,315.2950047979122
L-Concrete,concrete,linear,0.15,0.2,0.004,0.025,2070125,2,0.7241051028179741,0.7861230329041488,17,107.76834106445312,0.945237446182592,687.0,303.0,289.23387111236065
L-Concrete,concrete,linear,0.15,0.2,0.004,0.025,2070126,3,0.7224866717440975,0.7861230329041488,15,116.06177520751952,0.9456409548804344,703.0,308.0,295.4842005346898
L-Concrete,concrete,linear,0.15,0.2,0.004,0.025,2070127,4,0.7133472962680883,0.7982832618025751,24,103.72586822509766,0.9408504909641328,647.0,298.0,279.7964715166564
L-Concrete,concrete,linear,0.15,0.2,0.006,0.025,2080123,0,0.7246763137852247,0.7854077253218884,14,74.24324035644531,0.9128009274904606,493.0,209.0,199.202352853089
L-Concrete,concrete,linear,0.15,0.2,0.006,0.025,2080124,1,0.7141089108910891,0.8025751072961373,30,53.52123641967773,0.904004115365049,552.0,163.0,164.6608182541459
L-Concrete,concrete,linear,0.15,0.2,0.006,0.025,2080125,2,0.6947829398324448,0.7832618025751072,31,52.37451553344727,0.9054757479459892,500.0,155.0,162.6249504698317
L-Concrete,concrete,linear,0.15,0.2,0.006,0.025,2080126,3,0.7117288651942117,0.7761087267525035,11,80.62548065185547,0.9430675507761972,475.0,199.0,198.067269566531
L-Concrete,concrete,linear,0.15,0.2,0.006,0.025,2080127,4,0.6926884996191927,0.7911301859799714,40,54.501930236816406,0.9012784928338552,485.0,171.0,170.73731402710297
L-Concrete,concrete,linear,0.15,0.2,0.00075,0.05,2090123,0,0.7346725057121096,0.7861230329041488,13,992.4517211914062,0.9967221500958596,2762.0,2280.0,1889.2617769220333
L-Concrete,concrete,linear,0.15,0.2,0.00075,0.05,2090124,1,0.7482863670982483,0.778969957081545,4,2151.776123046875,0.9995669663092556,5316.0,4478.0,3835.17790624886
L-Concrete,concrete,linear,0.15,0.2,0.00075,0.05,2090125,2,0.7440974866717441,0.7868383404864091,2,2465.9921875,0.9997472231335802,5622.0,4894.0,4237.8643520340665
L-Concrete,concrete,linear,0.15,0.2,0.00075,0.05,2090126,3,0.7255331302361006,0.8068669527896996,12,976.6409301757812,0.9964507055700048,2801.0,2143.0,1801.368699352783
L-Concrete,concrete,linear,0.15,0.2,0.00075,0.05,2090127,4,0.7208682406702208,0.7875536480686696,13,917.0038452148438,0.9961809396570992,2627.0,1991.0,1699.0606075010562
L-Concrete,concrete,linear,0.15,0.2,0.001,0.05,2100123,0,0.7282939832444782,0.7818311874105865,19,562.4208374023438,0.9873278697658974,1679.0,1310.0,1098.1072825951649
L-Concrete,concrete,linear,0.15,0.2,0.001,0.05,2100124,1,0.7281035795887281,0.7875536480686696,9,941.1505737304688,0.9974522878544432,2938.0,2256.0,1871.4409742621056
L-Concrete,concrete,linear,0.15,0.2,0.001,0.05,2100125,2,0.7308644325971059,0.790414878397711,18,561.7181396484375,0.9929399043490688,1768.0,1359.0,1125.1813708612833
L-Concrete,concrete,linear,0.15,0.2,0.001,0.05,2100126,3,0.7421934501142422,0.7975679542203148,12,713.1351318359375,0.9954633200592424,2205.0,1626.0,1393.8978307551042
L-Concrete,concrete,linear,0.15,0.2,0.001,0.05,2100127,4,0.7346725057121096,0.7939914163090128,11,801.4440307617188,0.9968303423059836,2541.0,1989.0,1624.9512796757667
L-Concrete,concrete,linear,0.15,0.2,0.0015,0.05,2110123,0,0.7242955064737243,0.8032904148783977,10,507.3204650878906,0.9932007480627826,2019.0,1203.0,1073.9244525081897
L-Concrete,concrete,linear,0.15,0.2,0.0015,0.05,2110124,1,0.7222010662604722,0.7732474964234621,14,388.4903564453125,0.9874943497744604,1354.0,911.0,790.5563018983884
L-Concrete,concrete,linear,0.15,0.2,0.0015,0.05,2110125,2,0.7112528560548362,0.7939914163090128,24,301.5289611816406,0.9801854438598812,1143.0,699.0,616.5369583378136
L-Concrete,concrete,linear,0.15,0.2,0.0015,0.05,2110126,3,0.7327684691546078,0.7875536480686696,15,372.5830078125,0.9854854322812816,1190.0,887.0,754.7923917711294
L-Concrete,concrete,linear,0.15,0.2,0.0015,0.05,2110127,4,0.7378141660319878,0.7889842632331903,15,367.8841552734375,0.9865288373832068,1294.0,925.0,788.5265935829335
L-Concrete,concrete,linear,0.15,0.2,0.002,0.05,2120123,0,0.7331492764661082,0.7811158798283262,18,246.53668212890625,0.9858246992851428,962.0,687.0,569.0510620392648
L-Concrete,concrete,linear,0.15,0.2,0.002,0.05,2120124,1,0.7197258187357197,0.7947067238912733,20,242.6833953857422,0.9833253259525688,898.0,662.0,555.0217928245618
L-Concrete,concrete,linear,0.15,0.2,0.002,0.05,2120125,2,0.7328636709824828,0.778969957081545,9,366.436279296875,0.9886773532311272,1444.0,928.0,799.7609561685076
L-Concrete,concrete,linear,0.15,0.2,0.002,0.05,2120126,3,0.7316260472201066,0.7761087267525035,11,319.43243408203125,0.9853114529277294,1241.0,889.0,739.8686699272192
L-Concrete,concrete,linear,0.15,0.2,0.002,0.05,2120127,4,0.7263899466869764,0.7839771101573677,20,224.4054107666016,0.9779044519433048,861.0,547.0,491.0538354672818
L-Concrete,concrete,linear,0.15,0.2,0.0025,0.05,2130123,0,0.7214394516374715,0.7854077253218884,14,203.84942626953125,0.9817981341889506,810.0,578.0,486.6701459349581
L-Concrete,concrete,linear,0.15,0.2,0.0025,0.05,2130124,1,0.7512376237623762,0.7975679542203148,9,265.3629455566406,0.9844596992723218,1131.0,742.0,639.0631809621743
L-Concrete,concrete,linear,0.15,0.2,0.0025,0.05,2130125,2,0.7203922315308454,0.7632331902718169,22,160.6833953857422,0.956206070651552,630.0,412.0,365.3859871374536
L-Concrete,concrete,linear,0.15,0.2,0.0025,0.05,2130126,3,0.7162985529322163,0.7761087267525035,16,196.2355194091797,0.9733926022160518,879.0,570.0,481.013198447046
L-Concrete,concrete,linear,0.15,0.2,0.0025,0.05,2130127,4,0.7194402132520944,0.8061516452074392,15,191.1003875732422,0.9742883288085428,760.0,481.0,435.995380628177
L-Concrete,concrete,linear,0.15,0.2,0.003,0.05,2140123,0,0.7202970297029703,0.8090128755364807,19,149.30502319335938,0.9467241749247792,601.0,380.0,345.9925681673415
L-Concrete,concrete,linear,0.15,0.2,0.003,0.05,2140124,1,0.7095392231530845,0.790414878397711,19,140.64093017578125,0.9494619003571216,622.0,369.0,332.3140061391367
L-Concrete,concrete,linear,0.15,0.2,0.003,0.05,2140125,2,0.7204874333587205,0.7911301859799714,21,131.42471313476562,0.9680986796804114,614.0,365.0,318.7305862006282
L-Concrete,concrete,linear,0.15,0.2,0.003,0.05,2140126,3,0.7208682406702208,0.8168812589413448,15,148.5521240234375,0.9526484511745636,656.0,399.0,353.84271523238783
L-Concrete,concrete,linear,0.15,0.2,0.003,0.05,2140127,4,0.7480959634424981,0.7896995708154506,27,119.53282165527344,0.9420819287443573,572.0,336.0,298.5111062417748
L-Concrete,concrete,linear,0.15,0.2,0.004,0.05,2150123,0,0.7234386900228484,0.8104434907010014,18,101.22779846191406,0.9343070466527787,496.0,260.0,242.8067384088598
L-Concrete,concrete,linear,0.15,0.2,0.004,0.05,2150124,1,0.7256283320639756,0.801859799713877,19,82.03861236572266,0.927713382116932,601.0,241.0,229.49502717571144
L-Concrete,concrete,linear,0.15,0.2,0.004,0.05,2150125,2,0.7193450114242194,0.7818311874105865,20,91.47103881835938,0.933200556904742,481.0,282.0,247.97846317259305
L-Concrete,concrete,linear,0.15,0.2,0.004,0.05,2150126,3,0.7342916984006093,0.7675250357653791,30,74.10038757324219,0.8989527370498392,492.0,217.0,203.04145118042385
L-Concrete,concrete,linear,0.15,0.2,0.004,0.05,2150127,4,0.7348629093678599,0.7846924177396281,23,90.16602325439452,0.9424497046449868,489.0,263.0,235.3137463993737
L-Concrete,concrete,linear,0.15,0.2,0.006,0.05,2160123,0,0.698971820258949,0.7861230329041488,25,49.02702713012695,0.8780265225323263,421.0,159.0,154.46196174306948
L-Concrete,concrete,linear,0.15,0.2,0.006,0.05,2160124,1,0.727056359482102,0.8154506437768241,25,53.02316665649414,0.904767068876873,368.0,168.0,152.9160458507069
L-Concrete,concrete,linear,0.15,0.2,0.006,0.05,2160125,2,0.7225818735719726,0.7911301859799714,12,70.3938217163086,0.9378310748357552,350.0,206.0,182.86537752507456
L-Concrete,concrete,linear,0.15,0.2,0.006,0.05,2160126,3,0.7098248286367098,0.8204577968526466,33,48.51737594604492,0.9122308041795024,448.0,150.0,149.65944367063864
L-Concrete,concrete,linear,0.15,0.2,0.006,0.05,2160127,4,0.7138233054074639,0.776824034334764,20,50.85714340209961,0.8989526379514005,368.0,196.0,170.277959405339
L-Concrete,concrete,linear,0.15,0.2,0.00075,0.1,2170123,0,0.7351485148514851,0.7761087267525035,11,1121.942138671875,0.9976750309785972,3311.0,2403.0,2023.486088171812
L-Concrete,concrete,linear,0.15,0.2,0.00075,0.1,2170124,1,0.7276275704493527,0.7947067238912733,16,776.2818603515625,0.9952279390999288,2126.0,1587.0,1348.8753355085137
L-Concrete,concrete,linear,0.15,0.2,0.00075,0.1,2170125,2,0.7293412033511043,0.7753934191702432,12,1007.0115966796876,0.996878725340561,2819.0,2136.0,1769.7977027302793
L-Concrete,concrete,linear,0.15,0.2,0.00075,0.1,2170126,3,0.7242003046458492,0.790414878397711,13,1065.980712890625,0.9969741398539208,3079.0,2276.0,1931.356168446542
L-Concrete,concrete,linear,0.15,0.2,0.00075,0.1,2170127,4,0.7253427265803504,0.7875536480686696,9,1414.308837890625,0.9984883465380996,3717.0,3157.0,2615.6600662495302
L-Concrete,concrete,linear,0.15,0.2,0.001,0.1,2180123,0,0.7376237623762376,0.7889842632331903,8,1041.1119384765625,0.997191854943348,3146.0,2264.0,1928.5473081598848
L-Concrete,concrete,linear,0.15,0.2,0.001,0.1,2180124,1,0.7287699923838538,0.7839771101573677,11,756.45947265625,0.9949167075060636,2407.0,1763.0,1443.2503220023889
L-Concrete,concrete,linear,0.15,0.2,0.001,0.1,2180125,2,0.726009139375476,0.7682403433476395,15,604.2509765625,0.9926525174206584,1759.0,1383.0,1141.0535118435214
L-Concrete,concrete,linear,0.15,0.2,0.001,0.1,2180126,3,0.7286747905559787,0.7882689556509299,21,502.3706665039063,0.9870898611630754,1319.0,1052.0,894.837555301107
L-Concrete,concrete,linear,0.15,0.2,0.001,0.1,2180127,4,0.7459063214013709,0.7868383404864091,16,612.71044921875,0.9918723283794773,1765.0,1332.0,1114.346521747951
L-Concrete,concrete,linear,0.15,0.2,0.0015,0.1,2190123,0,0.7437166793602438,0.7839771101573677,10,480.8648681640625,0.993414396931855,1763.0,1318.0,1054.892476339485
L-Concrete,concrete,linear,0.15,0.2,0.0015,0.1,2190124,1,0.7414318354912415,0.7875536480686696,17,354.49420166015625,0.981404403792682,1040.0,849.0,698.0081734650145
L-Concrete,concrete,linear,0.15,0.2,0.0015,0.1,2190125,2,0.7278179741051028,0.796137339055794,25,289.9961242675781,0.9700285176710842,867.0,642.0,543.2485250316197
L-Concrete,concrete,linear,0.15,0.2,0.0015,0.1,2190126,3,0.7322924600152323,0.7718168812589413,12,411.2393798828125,0.987061405623122,1328.0,925.0,790.3174514711711
L-Concrete,concrete,linear,0.15,0.2,0.0015,0.1,2190127,4,0.7359101294744859,0.7968526466380543,20,329.35906982421875,0.981266742247814,946.0,703.0,607.8262087310866
L-Concrete,concrete,linear,0.15,0.2,0.002,0.1,2200123,0,0.740955826351866,0.7818311874105865,23,201.4748992919922,0.9584293563438768,682.0,493.0,417.9102812011362
L-Concrete,concrete,linear,0.15,0.2,0.002,0.1,2200124,1,0.7199162223914699,0.7846924177396281,14,246.0,0.9776483081799788,900.0,626.0,528.5008082699117
L-Concrete,concrete,linear,0.15,0.2,0.002,0.1,2200125,2,0.7147753236862148,0.7896995708154506,19,218.4054107666016,0.972916091436608,783.0,556.0,456.553376303699
L-Concrete,concrete,linear,0.15,0.2,0.002,0.1,2200126,3,0.7170601675552171,0.8118741058655222,16,234.729736328125,0.9776600551885504,883.0,604.0,495.8879167520296
L-Concrete,concrete,linear,0.15,0.2,0.002,0.1,2200127,4,0.716012947448591,0.7954220314735336,25,187.7258758544922,0.9572095095101166,677.0,449.0,390.5667068969203
L-Concrete,concrete,linear,0.15,0.2,0.0025,0.1,2210123,0,0.7385757806549885,0.7646638054363376,15,183.0193023681641,0.9636953212716916,671.0,487.0,404.1399363125026
L-Concrete,concrete,linear,0.15,0.2,0.0025,0.1,2210124,1,0.7255331302361006,0.7889842632331903,12,201.98455810546875,0.970697832298406,918.0,527.0,450.5269552789524
L-Concrete,concrete,linear,0.15,0.2,0.0025,0.1,2210125,2,0.7319116527037319,0.7746781115879828,24,146.166015625,0.9456945753884326,533.0,400.0,329.706027625227
L-Concrete,concrete,linear,0.15,0.2,0.0025,0.1,2210126,3,0.7395277989337395,0.7811158798283262,21,142.4748992919922,0.9585292914149228,503.0,362.0,308.6904711692943
L-Concrete,concrete,linear,0.15,0.2,0.0025,0.1,2210127,4,0.738004569687738,0.771101573676681,14,172.04246520996094,0.9767074323796742,695.0,503.0,410.64791513941793
L-Concrete,concrete,linear,0.15,0.2,0.003,0.1,2220123,0,0.7170601675552171,0.7954220314735336,22,116.52509307861328,0.931741938889357,525.0,297.0,261.0771155019339
L-Concrete,concrete,linear,0.15,0.2,0.003,0.1,2220124,1,0.7272467631378522,0.7761087267525035,15,136.93821716308594,0.9562574723785658,585.0,382.0,318.064012335185
L-Concrete,concrete,linear,0.15,0.2,0.003,0.1,2220125,2,0.7377189642041128,0.8011444921316166,22,118.58687591552734,0.9440601890999298,485.0,306.0,262.3164128884816
L-Concrete,concrete,linear,0.15,0.2,0.003,0.1,2220126,3,0.7226770753998477,0.7503576537911302,24,109.02702331542967,0.9387763193280092,459.0,300.0,249.6546935386829
L-Concrete,concrete,linear,0.15,0.2,0.003,0.1,2220127,4,0.7254379284082254,0.7982832618025751,30,96.47876739501952,0.932139616882532,423.0,256.0,223.86642702808743
L-Concrete,concrete,linear,0.15,0.2,0.004,0.1,2230123,0,0.7218202589489718,0.7811158798283262,27,69.13899993896484,0.9020672494594516,361.0,194.0,168.25100321576102
L-Concrete,concrete,linear,0.15,0.2,0.004,0.1,2230124,1,0.7334348819497334,0.7911301859799714,16,90.66795349121094,0.9290864068109104,377.0,244.0,208.69922672269468
L-Concrete,concrete,linear,0.15,0.2,0.004,0.1,2230125,2,0.7281035795887281,0.7575107296137339,12,114.27799224853516,0.9529952642248044,515.0,328.0,274.61251220350306
L-Concrete,concrete,linear,0.15,0.2,0.004,0.1,2230126,3,0.7296268088347296,0.7689556509298998,12,112.9189224243164,0.941996877063325,524.0,353.0,295.2709840993557
L-Concrete,concrete,linear,0.15,0.2,0.004,0.1,2230127,4,0.7060167555217061,0.7811158798283262,9,152.6833953857422,0.974456880734359,672.0,405.0,358.8326577143507
L-Concrete,concrete,linear,0.15,0.2,0.006,0.1,2240123,0,0.7147753236862148,0.7982832618025751,47,43.2895736694336,0.8646686847037074,315.0,115.0,112.6286131201362
L-Concrete,concrete,linear,0.15,0.2,0.006,0.1,2240124,1,0.7236290936785986,0.7846924177396281,12,72.88031005859375,0.9390497153014912,327.0,215.0,184.91560715111683
L-Concrete,concrete,linear,0.15,0.2,0.006,0.1,2240125,2,0.7048743335872049,0.790414878397711,43,39.84169769287109,0.8721268040555332,250.0,121.0,107.82876639704006
L-Concrete,concrete,linear,0.15,0.2,0.006,0.1,2240126,3,0.7267707539984768,0.7918454935622318,29,47.57529067993164,0.8563892031559378,280.0,139.0,125.1367917949134
L-Concrete,concrete,linear,0.15,0.2,0.006,0.1,2240127,4,0.7152513328255903,0.7804005722460658,18,65.11196899414062,0.9360876618317504,373.0,206.0,173.77531385383145
L-Concrete,concrete,linear,0.15,0.5,0.00075,0.0,2250123,0,0.7114432597105864,0.790414878397711,5,1509.2857666015625,0.9993493980966623,5352.0,4077.0,3521.812640421715
L-Concrete,concrete,linear,0.15,0.5,0.00075,0.0,2250124,1,0.7210586443259711,0.7932761087267525,7,1258.7760009765625,0.9990326763936828,5215.0,3676.0,3178.2854431716264
L-Concrete,concrete,linear,0.15,0.5,0.00075,0.0,2250125,2,0.7231530845392231,0.7925608011444921,5,1556.274169921875,0.9994699247410976,5482.0,4226.0,3629.623374460432
L-Concrete,concrete,linear,0.15,0.5,0.00075,0.0,2250126,3,0.7175361766945926,0.8075822603719599,3,2013.04638671875,0.9997650147161584,5773.0,4976.0,4253.680094353702
L-Concrete,concrete,linear,0.15,0.5,0.00075,0.0,2250127,4,0.7287699923838538,0.7889842632331903,4,1748.28955078125,0.9995307510611766,5573.0,4593.0,3905.758484539529
L-Concrete,concrete,linear,0.15,0.5,0.001,0.0,2260123,0,0.7393373952779894,0.7818311874105865,6,1127.857177734375,0.9990060367240298,4984.0,3370.0,2915.5242757650167
L-Concrete,concrete,linear,0.15,0.5,0.001,0.0,2260124,1,0.724009900990099,0.7796852646638054,9,818.5366821289062,0.9978575851455564,4151.0,2414.0,2189.082104813321
L-Concrete,concrete,linear,0.15,0.5,0.001,0.0,2260125,2,0.7339108910891089,0.8082975679542204,4,1499.733642578125,0.9994342932176123,5441.0,4107.0,3546.333681362128
L-Concrete,concrete,linear,0.15,0.5,0.001,0.0,2260126,3,0.7222010662604722,0.8061516452074392,7,972.4903564453124,0.998914725193804,4941.0,3142.0,2779.206364338925
L-Concrete,concrete,linear,0.15,0.5,0.001,0.0,2260127,4,0.7276275704493527,0.7939914163090128,8,840.397705078125,0.9982983438946856,4477.0,2487.0,2284.2183550855266
L-Concrete,concrete,linear,0.15,0.5,0.0015,0.0,2270123,0,0.7071591774562072,0.7775393419170243,9,522.7644653320312,0.9960887795118556,3508.0,1677.0,1615.2689701132929
L-Concrete,concrete,linear,0.15,0.5,0.0015,0.0,2270124,1,0.7262947448591013,0.8082975679542204,7,649.814697265625,0.9971697928029952,3776.0,1930.0,1820.7800044849653
L-Concrete,concrete,linear,0.15,0.5,0.0015,0.0,2270125,2,0.7116336633663366,0.8061516452074392,12,415.20849609375,0.9935719152177456,2691.0,1322.0,1254.0403572587463
L-Concrete,concrete,linear,0.15,0.5,0.0015,0.0,2270126,3,0.7139185072353389,0.7889842632331903,12,413.1390075683594,0.9936886797280984,2955.0,1374.0,1327.4721531253674
L-Concrete,concrete,linear,0.15,0.5,0.0015,0.0,2270127,4,0.7128712871287128,0.790414878397711,10,487.9073486328125,0.9955261660118272,3027.0,1484.0,1417.07972970608
L-Concrete,concrete,linear,0.15,0.5,0.002,0.0,2280123,0,0.7369573495811119,0.7839771101573677,6,561.7606201171875,0.9950027538371944,3621.0,1655.0,1643.8271138015516
L-Concrete,concrete,linear,0.15,0.5,0.002,0.0,2280124,1,0.7268659558263518,0.7868383404864091,9,365.8301086425781,0.9912174630317704,2386.0,1073.0,1038.48356546127
L-Concrete,concrete,linear,0.15,0.5,0.002,0.0,2280125,2,0.7161081492764662,0.7846924177396281,9,354.0502014160156,0.992435021152398,2525.0,1103.0,1090.671666580918
L-Concrete,concrete,linear,0.15,0.5,0.002,0.0,2280126,3,0.7271515613099772,0.7854077253218884,10,313.4131164550781,0.992659986302453,2621.0,1090.0,1085.6841398008926
L-Concrete,concrete,linear,0.15,0.5,0.002,0.0,2280127,4,0.7222962680883473,0.7868383404864091,11,319.2432556152344,0.988709577992478,2239.0,1066.0,1023.7382833441184
L-Concrete,concrete,linear,0.15,0.5,0.0025,0.0,2290123,0,0.7170601675552171,0.7911301859799714,11,242.729736328125,0.985996931028322,1955.0,780.0,774.8073796575367
L-Concrete,concrete,linear,0.15,0.5,0.0025,0.0,2290124,1,0.7337204874333587,0.7861230329041488,9,280.270263671875,0.9861876700560284,2221.0,829.0,861.7989667997746
L-Concrete,concrete,linear,0.15,0.5,0.0025,0.0,2290125,2,0.7175361766945926,0.7982832618025751,13,208.3667907714844,0.983037723287559,1679.0,708.0,703.8256309673216
L-Concrete,concrete,linear,0.15,0.5,0.0025,0.0,2290126,3,0.7204874333587205,0.8004291845493562,12,218.1582946777344,0.9772372793816784,1605.0,673.0,678.4462070424692
L-Concrete,concrete,linear,0.15,0.5,0.0025,0.0,2290127,4,0.7106340441736482,0.7825464949928469,12,227.0733642578125,0.9839252356014884,1697.0,707.0,710.233003601365
L-Concrete,concrete,linear,0.15,0.5,0.003,0.0,2300123,0,0.7324828636709825,0.7947067238912733,12,162.85714721679688,0.9814759678126084,1525.0,588.0,603.807159103796
L-Concrete,concrete,linear,0.15,0.5,0.003,0.0,2300124,1,0.7186785986290937,0.7804005722460658,14,160.26254272460938,0.9802474791504986,1519.0,566.0,587.258345379834
L-Concrete,concrete,linear,0.15,0.5,0.003,0.0,2300125,2,0.7196306169078446,0.7975679542203148,13,176.3474884033203,0.9824278635575836,1462.0,590.0,593.0576709788805
L-Concrete,concrete,linear,0.15,0.5,0.003,0.0,2300126,3,0.7164889565879665,0.7989985693848355,16,139.20077514648438,0.9813986040557772,1579.0,510.0,569.3759548239649
L-Concrete,concrete,linear,0.15,0.5,0.003,0.0,2300127,4,0.7150609291698401,0.7832618025751072,8,249.87258911132807,0.9821147713856913,2028.0,773.0,803.1177117581619
L-Concrete,concrete,linear,0.15,0.5,0.004,0.0,2310123,0,0.7132520944402132,0.7932761087267525,12,114.38224029541016,0.9599419427415304,1137.0,386.0,414.1878293320135
L-Concrete,concrete,linear,0.15,0.5,0.004,0.0,2310124,1,0.7107768469154607,0.804005722460658,15,95.47490692138672,0.961285285720631,871.0,348.0,353.27051353309264
L-Concrete,concrete,linear,0.15,0.5,0.004,0.0,2310125,2,0.7198210205635949,0.7954220314735336,11,138.9691162109375,0.9630626030055628,1277.0,441.0,473.5064717368598
L-Concrete,concrete,linear,0.15,0.5,0.004,0.0,2310126,3,0.7201066260472201,0.7868383404864091,13,110.03089141845705,0.9496582371974154,1085.0,385.0,403.1231219522812
L-Concrete,concrete,linear,0.15,0.5,0.004,0.0,2310127,4,0.7183929931454683,0.7997138769670958,17,92.87644958496094,0.94184483674191,916.0,330.0,347.1846023429754
L-Concrete,concrete,linear,0.15,0.5,0.006,0.0,2320123,0,0.713061690784463,0.7753934191702432,22,54.606178283691406,0.9316524298911748,740.0,205.0,230.40127574351064
L-Concrete,concrete,linear,0.15,0.5,0.006,0.0,2320124,1,0.7137281035795887,0.7911301859799714,26,48.05405426025391,0.9176337638960342,747.0,211.0,268.7812758973327
L-Concrete,concrete,linear,0.15,0.5,0.006,0.0,2320125,2,0.7233434881949733,0.8097281831187411,13,69.30501556396484,0.9379019039838884,668.0,248.0,256.140223602262
L-Concrete,concrete,linear,0.15,0.5,0.006,0.0,2320126,3,0.7226770753998477,0.7682403433476395,21,48.3436279296875,0.9134234029504292,659.0,196.0,228.3423716035388
L-Concrete,concrete,linear,0.15,0.5,0.006,0.0,2320127,4,0.7141089108910891,0.7825464949928469,26,48.135135650634766,0.9287465885566416,692.0,204.0,233.60621955692056
L-Concrete,concrete,linear,0.15,0.5,0.00075,0.025,2330123,0,0.7385757806549885,0.801859799713877,7,1169.1351318359375,0.9985030791962362,3733.0,2739.0,2320.0668312255607
L-Concrete,concrete,linear,0.15,0.5,0.00075,0.025,2330124,1,0.7265803503427266,0.8004291845493562,9,842.7528686523438,0.9972718448933576,2830.0,2196.0,1789.0920104605907
L-Concrete,concrete,linear,0.15,0.5,0.00075,0.025,2330125,2,0.7218202589489718,0.801859799713877,8,1004.7181396484376,0.9977126755216535,3239.0,2358.0,2019.9756649395715
L-Concrete,concrete,linear,0.15,0.5,0.00075,0.025,2330126,3,0.736100533130236,0.7825464949928469,7,1066.1737060546875,0.9978791784383132,3509.0,2660.0,2214.885941863531
L-Concrete,concrete,linear,0.15,0.5,0.00075,0.025,2330127,4,0.7218202589489718,0.7896995708154506,7,1063.2625732421875,0.9982822881192775,3625.0,2551.0,2192.028608289157
L-Concrete,concrete,linear,0.15,0.5,0.001,0.025,2340123,0,0.7164889565879665,0.7968526466380543,12,528.8185424804688,0.9937772814564256,2000.0,1494.0,1217.3410567803946
L-Concrete,concrete,linear,0.15,0.5,0.001,0.025,2340124,1,0.734958111195735,0.7846924177396281,6,919.8919067382812,0.9978968587428072,3379.0,2292.0,1973.8268500506624
L-Concrete,concrete,linear,0.15,0.5,0.001,0.025,2340125,2,0.7312452399086062,0.7989985693848355,10,572.9845581054688,0.9948225935110596,2063.0,1394.0,1213.5449285526288
L-Concrete,concrete,linear,0.15,0.5,0.001,0.025,2340126,3,0.7373381568926123,0.7854077253218884,7,806.7451782226562,0.997511008879511,2913.0,2082.0,1745.6167580428482
L-Concrete,concrete,linear,0.15,0.5,0.001,0.025,2340127,4,0.7288651942117289,0.7861230329041488,9,614.0077514648438,0.994401439872396,2106.0,1417.0,1240.2292117475408
L-Concrete,concrete,linear,0.15,0.5,0.0015,0.025,2350123,0,0.7253427265803504,0.7911301859799714,16,286.5057983398437,0.9828310736204212,1185.0,765.0,659.5307469505705
L-Concrete,concrete,linear,0.15,0.5,0.0015,0.025,2350124,1,0.7264851485148515,0.7918454935622318,13,317.7799377441406,0.9871860923444832,1276.0,911.0,760.3809518033249
L-Concrete,concrete,linear,0.15,0.5,0.0015,0.025,2350125,2,0.7230578827113481,0.7811158798283262,12,319.2316589355469,0.983105827641694,1229.0,771.0,684.9456320539889
L-Concrete,concrete,linear,0.15,0.5,0.0015,0.025,2350126,3,0.7277227722772277,0.7804005722460658,9,391.0502014160156,0.993203786018943,1710.0,1181.0,969.7363625313442
L-Concrete,concrete,linear,0.15,0.5,0.0015,0.025,2350127,4,0.7354341203351105,0.7947067238912733,8,438.5019226074219,0.9921273676747808,1652.0,1145.0,982.1477258072656
L-Concrete,concrete,linear,0.15,0.5,0.002,0.025,2360123,0,0.7238194973343488,0.8154506437768241,19,194.0733642578125,0.9688757436019246,918.0,507.0,459.4868306264456
L-Concrete,concrete,linear,0.15,0.5,0.002,0.025,2360124,1,0.7452399086062452,0.776824034334764,12,226.85714721679688,0.9781232954835202,1038.0,661.0,573.1987551431843
L-Concrete,concrete,linear,0.15,0.5,0.002,0.025,2360125,2,0.7427646610814927,0.8054363376251789,13,204.56370544433597,0.9692173955121728,896.0,549.0,491.3265457432437
L-Concrete,concrete,linear,0.15,0.5,0.002,0.025,2360126,3,0.7219154607768469,0.796137339055794,11,243.37451171875,0.980967349976832,1025.0,673.0,571.205851388631
L-Concrete,concrete,linear,0.15,0.5,0.002,0.025,2360127,4,0.7309596344249809,0.7782546494992847,10,251.56756591796875,0.977782667292596,1083.0,674.0,592.0412059005025
L-Concrete,concrete,linear,0.15,0.5,0.0025,0.025,2370123,0,0.7305788271134805,0.7832618025751072,8,251.77606201171875,0.9838070161575504,1093.0,745.0,612.1810171242668
L-Concrete,concrete,linear,0.15,0.5,0.0025,0.025,2370124,1,0.727056359482102,0.7811158798283262,12,178.91505432128906,0.9645317973834412,847.0,502.0,447.6588764774425
L-Concrete,concrete,linear,0.15,0.5,0.0025,0.025,2370125,2,0.7367669459253617,0.7868383404864091,14,156.49420166015625,0.960390979241104,763.0,456.0,408.0488538927317
L-Concrete,concrete,linear,0.15,0.5,0.0025,0.025,2370126,3,0.7370525514089871,0.8068669527896996,7,273.8841552734375,0.9839179236271622,1278.0,794.0,686.701172597417
L-Concrete,concrete,linear,0.15,0.5,0.0025,0.025,2370127,4,0.743907083015994,0.7918454935622318,15,153.6100311279297,0.9571981757638904,710.0,431.0,382.0022372513852
L-Concrete,concrete,linear,0.15,0.5,0.003,0.025,2380123,0,0.708015993907083,0.7725321888412017,13,140.36679077148438,0.9575476138830614,757.0,388.0,358.5797995827112
L-Concrete,concrete,linear,0.15,0.5,0.003,0.025,2380124,1,0.7347677075399848,0.7918454935622318,14,123.53668212890624,0.9471696644499364,619.0,352.0,319.22380769521686
L-Concrete,concrete,linear,0.15,0.5,0.003,0.025,2380125,2,0.7327684691546078,0.7761087267525035,12,142.40541076660156,0.9533738111114076,760.0,437.0,376.7204364100053
L-Concrete,concrete,linear,0.15,0.5,0.003,0.025,2380126,3,0.7338156892612339,0.7782546494992847,10,151.11582946777344,0.9619042496978872,675.0,405.0,369.49049382479177
L-Concrete,concrete,linear,0.15,0.5,0.003,0.025,2380127,4,0.7105864432597105,0.7818311874105865,9,174.97683715820312,0.9712376929424104,813.0,447.0,411.42407572061575
L-Concrete,concrete,linear,0.15,0.5,0.004,0.025,2390123,0,0.7288651942117289,0.7861230329041488,19,78.3436279296875,0.9125575510918812,607.0,238.0,234.493038482236
L-Concrete,concrete,linear,0.15,0.5,0.004,0.025,2390124,1,0.7286747905559787,0.7875536480686696,14,94.5521240234375,0.944734021253424,597.0,278.0,254.79970591831096
L-Concrete,concrete,linear,0.15,0.5,0.004,0.025,2390125,2,0.6983054074638233,0.7732474964234621,22,80.27413177490234,0.9024479938328008,642.0,232.0,228.6414767876419
L-Concrete,concrete,linear,0.15,0.5,0.004,0.025,2390126,3,0.7119192688499619,0.7732474964234621,29,69.20463562011719,0.9275749475927209,595.0,216.0,214.98134982629065
L-Concrete,concrete,linear,0.15,0.5,0.004,0.025,2390127,4,0.7267707539984768,0.7818311874105865,9,112.97683715820312,0.9504490510243198,601.0,311.0,293.1979534800257
L-Concrete,concrete,linear,0.15,0.5,0.006,0.025,2400123,0,0.7261043412033511,0.748211731044349,12,65.96524810791016,0.8912721465152668,419.0,192.0,180.87707173241444
L-Concrete,concrete,linear,0.15,0.5,0.006,0.025,2400124,1,0.7128712871287128,0.8054363376251789,16,57.26254653930664,0.9089593385765952,432.0,177.0,171.82772872932995
L-Concrete,concrete,linear,0.15,0.5,0.006,0.025,2400125,2,0.7214394516374715,0.7911301859799714,26,44.27027130126953,0.8531625258428256,352.0,141.0,135.11156218276085
L-Concrete,concrete,linear,0.15,0.5,0.006,0.025,2400126,3,0.7089680121858339,0.7932761087267525,11,69.82239532470703,0.9145101710191664,466.0,186.0,182.399892118543
L-Concrete,concrete,linear,0.15,0.5,0.006,0.025,2400127,4,0.7161081492764662,0.8047210300429185,21,50.5405387878418,0.8767283347610738,398.0,168.0,158.81468682708905
L-Concrete,concrete,linear,0.15,0.5,0.00075,0.05,2410123,0,0.7350533130236101,0.7832618025751072,14,634.8455810546875,0.993897214221542,1991.0,1539.0,1243.7427353162825
L-Concrete,concrete,linear,0.15,0.5,0.00075,0.05,2410124,1,0.7237242955064738,0.7889842632331903,11,684.8494262695312,0.9924408421372786,2230.0,1572.0,1320.9763736910882
L-Concrete,concrete,linear,0.15,0.5,0.00075,0.05,2410125,2,0.7170601675552171,0.7939914163090128,12,671.6293334960938,0.9906610763359012,2051.0,1546.0,1284.3098375937593
L-Concrete,concrete,linear,0.15,0.5,0.00075,0.05,2410126,3,0.7328636709824828,0.7911301859799714,11,752.0926513671875,0.9957396645883102,2436.0,1679.0,1442.6885689152384
L-Concrete,concrete,linear,0.15,0.5,0.00075,0.05,2410127,4,0.7254379284082254,0.7868383404864091,12,644.1389770507812,0.994655523357622,2214.0,1444.0,1266.2768329938842
L-Concrete,concrete,linear,0.15,0.5,0.001,0.05,2420123,0,0.7222962680883473,0.7846924177396281,10,558.4478759765625,0.9902429398027448,2187.0,1428.0,1204.9386703438272
L-Concrete,concrete,linear,0.15,0.5,0.001,0.05,2420124,1,0.7309596344249809,0.7939914163090128,10,548.4053955078125,0.991009259076649,1831.0,1291.0,1108.256496038846
L-Concrete,concrete,linear,0.15,0.5,0.001,0.05,2420125,2,0.731054836252856,0.790414878397711,14,464.2664184570313,0.9846588838293676,1486.0,1023.0,885.9235544964533
L-Concrete,concrete,linear,0.15,0.5,0.001,0.05,2420126,3,0.7261995430312262,0.7889842632331903,9,598.5984497070312,0.9938883625113,1994.0,1464.0,1218.2398680090594
L-Concrete,concrete,linear,0.15,0.5,0.001,0.05,2420127,4,0.7339108910891089,0.7925608011444921,8,765.9922485351562,0.9960135463855884,2464.0,1826.0,1499.3327490998051
L-Concrete,concrete,linear,0.15,0.5,0.0015,0.05,2430123,0,0.727056359482102,0.7932761087267525,12,313.7104187011719,0.9813798901273136,1133.0,799.0,683.8573370243315
L-Concrete,concrete,linear,0.15,0.5,0.0015,0.05,2430124,1,0.7356245239908606,0.7854077253218884,11,312.32818603515625,0.9838140127122283,1257.0,770.0,691.1070815662802
L-Concrete,concrete,linear,0.15,0.5,0.0015,0.05,2430125,2,0.7301980198019802,0.7982832618025751,11,310.9961242675781,0.9855428622070048,1227.0,834.0,697.2520410329153
L-Concrete,concrete,linear,0.15,0.5,0.0015,0.05,2430126,3,0.7281987814166032,0.7882689556509299,10,341.40155029296875,0.9858281177618384,1222.0,814.0,699.1210642477632
L-Concrete,concrete,linear,0.15,0.5,0.0015,0.05,2430127,4,0.7275323686214775,0.7968526466380543,13,279.7413024902344,0.9783171905249924,1089.0,769.0,633.5910755168882
L-Concrete,concrete,linear,0.15,0.5,0.002,0.05,2440123,0,0.719059405940594,0.8140200286123033,12,207.84942626953125,0.9740978605673596,788.0,552.0,463.967502257364
L-Concrete,concrete,linear,0.15,0.5,0.002,0.05,2440124,1,0.7345773038842346,0.7968526466380543,10,233.25868225097656,0.9716221804035252,947.0,580.0,523.3967033290475
L-Concrete,concrete,linear,0.15,0.5,0.002,0.05,2440125,2,0.722010662604722,0.7832618025751072,12,193.91891479492188,0.9669248245395524,777.0,488.0,433.5749324421051
L-Concrete,concrete,linear,0.15,0.5,0.002,0.05,2440126,3,0.7230578827113481,0.7839771101573677,12,206.91505432128903,0.9672978241892324,882.0,553.0,466.2008396971255
L-Concrete,concrete,linear,0.15,0.5,0.002,0.05,2440127,4,0.7056359482102056,0.7882689556509299,16,185.7220001220703,0.9705390398129664,806.0,536.0,449.30421825671885
L-Concrete,concrete,linear,0.15,0.5,0.0025,0.05,2450123,0,0.729912414318355,0.790414878397711,9,195.91119384765625,0.974719322532109,824.0,488.0,440.9082563702017
L-Concrete,concrete,linear,0.15,0.5,0.0025,0.05,2450124,1,0.7224866717440975,0.7832618025751072,11,163.04246520996094,0.9500521947129876,716.0,485.0,411.9245394109996
L-Concrete,concrete,linear,0.15,0.5,0.0025,0.05,2450125,2,0.7254379284082254,0.7968526466380543,17,120.79922485351562,0.9457174279882918,591.0,328.0,301.6518708833346
L-Concrete,concrete,linear,0.15,0.5,0.0025,0.05,2450126,3,0.7297220106626047,0.7818311874105865,18,135.83010864257812,0.9493559563651994,594.0,395.0,335.07876918721365
L-Concrete,concrete,linear,0.15,0.5,0.0025,0.05,2450127,4,0.7246763137852247,0.7725321888412017,15,150.1351318359375,0.960054816423926,635.0,408.0,354.2259384778874
L-Concrete,concrete,linear,0.15,0.5,0.003,0.05,2460123,0,0.712014470677837,0.7932761087267525,8,169.33590698242188,0.9772402036810574,765.0,440.0,385.7472815498298
L-Concrete,concrete,linear,0.15,0.5,0.003,0.05,2460124,1,0.7262947448591013,0.7925608011444921,9,152.46717834472656,0.9623851658061984,621.0,384.0,334.0180194144134
L-Concrete,concrete,linear,0.15,0.5,0.003,0.05,2460125,2,0.7184881949733435,0.8104434907010014,12,132.9652557373047,0.9445996836508772,612.0,383.0,329.05071780048746
L-Concrete,concrete,linear,0.15,0.5,0.003,0.05,2460126,3,0.7184881949733435,0.790414878397711,15,112.85327911376952,0.9277926663803586,462.0,276.0,252.22983869875708
L-Concrete,concrete,linear,0.15,0.5,0.003,0.05,2460127,4,0.7231530845392231,0.7925608011444921,14,119.83011627197266,0.9423289588303146,564.0,332.0,293.38528069668484
L-Concrete,concrete,linear,0.15,0.5,0.004,0.05,2470123,0,0.7231530845392231,0.790414878397711,15,83.20463562011719,0.930486377888378,445.0,224.0,210.15258044510568
L-Concrete,concrete,linear,0.15,0.5,0.004,0.05,2470124,1,0.7347677075399848,0.7675250357653791,9,94.12741088867188,0.94332707178935,444.0,251.0,231.06579730730783
L-Concrete,concrete,linear,0.15,0.5,0.004,0.05,2470125,2,0.7401942117288652,0.7932761087267525,19,71.66409301757812,0.9200391781152384,400.0,198.0,182.37591346310637
L-Concrete,concrete,linear,0.15,0.5,0.004,0.05,2470126,3,0.723914699162224,0.7918454935622318,11,89.66023254394531,0.9378641375254968,484.0,261.0,231.23983303491
L-Concrete,concrete,linear,0.15,0.5,0.004,0.05,2470127,4,0.7212490479817213,0.8118741058655222,14,85.01158142089844,0.8913973162888094,422.0,211.0,199.24523026927335
L-Concrete,concrete,linear,0.15,0.5,0.006,0.05,2480123,0,0.7216298552932217,0.7804005722460658,14,55.48648834228516,0.8836141518618935,312.0,167.0,148.30964748092512
L-Concrete,concrete,linear,0.15,0.5,0.006,0.05,2480124,1,0.7198210205635949,0.7818311874105865,21,46.73358917236328,0.8439959898052821,263.0,136.0,123.9963201084324
L-Concrete,concrete,linear,0.15,0.5,0.006,0.05,2480125,2,0.7177265803503428,0.765379113018598,18,48.81853103637695,0.8971964493301919,276.0,150.0,131.9588039401631
L-Concrete,concrete,linear,0.15,0.5,0.006,0.05,2480126,3,0.720011424219345,0.7875536480686696,10,62.90347671508789,0.9029227759810148,294.0,181.0,158.22048549876428
L-Concrete,concrete,linear,0.15,0.5,0.006,0.05,2480127,4,0.7198210205635949,0.7875536480686696,16,53.397682189941406,0.9081558951453718,317.0,166.0,147.8596879185376
L-Concrete,concrete,linear,0.15,0.5,0.00075,0.1,2490123,0,0.7344821020563594,0.7868383404864091,18,494.9305114746094,0.9817127661105164,1320.0,992.0,840.9245154999104
L-Concrete,concrete,linear,0.15,0.5,0.00075,0.1,2490124,1,0.72496191926885,0.7846924177396281,16,598.9536743164062,0.9890388339612204,1556.0,1281.0,1048.4580510978851
L-Concrete,concrete,linear,0.15,0.5,0.00075,0.1,2490125,2,0.7348629093678599,0.7997138769670958,13,619.5289306640625,0.9909803118093956,1759.0,1309.0,1094.3428718815017
L-Concrete,concrete,linear,0.15,0.5,0.00075,0.1,2490126,3,0.7164889565879665,0.7660944206008584,20,495.8301086425781,0.9799831661929812,1275.0,1009.0,839.1413162266623
L-Concrete,concrete,linear,0.15,0.5,0.00075,0.1,2490127,4,0.7343869002284844,0.7811158798283262,12,727.6756591796875,0.9928808121510954,2130.0,1646.0,1332.0585278666074
L-Concrete,concrete,linear,0.15,0.5,0.001,0.1,2500123,0,0.7266755521706016,0.8025751072961373,15,415.1390075683594,0.98382341487852,1159.0,869.0,735.6020636045114
L-Concrete,concrete,linear,0.15,0.5,0.001,0.1,2500124,1,0.7230578827113481,0.7818311874105865,16,402.9652404785156,0.9754101437662942,1170.0,857.0,723.5797174327831
L-Concrete,concrete,linear,0.15,0.5,0.001,0.1,2500125,2,0.740003808073115,0.7939914163090128,13,420.2895812988281,0.985023004634895,1298.0,946.0,778.4506209324584
L-Concrete,concrete,linear,0.15,0.5,0.001,0.1,2500126,3,0.72496191926885,0.7918454935622318,14,451.6332092285156,0.9867469205768752,1311.0,951.0,815.2202749684923
L-Concrete,concrete,linear,0.15,0.5,0.001,0.1,2500127,4,0.7353389185072353,0.7796852646638054,16,408.4903564453125,0.9735800222149188,1168.0,904.0,735.7961205156674
L-Concrete,concrete,linear,0.15,0.5,0.0015,0.1,2510123,0,0.7479055597867479,0.7832618025751072,13,268.5521240234375,0.9663608835333471,960.0,644.0,540.4744358161342
L-Concrete,concrete,linear,0.15,0.5,0.0015,0.1,2510124,1,0.7274371667936025,0.7804005722460658,8,400.5598449707031,0.991257671984004,1403.0,989.0,811.1097625273662
L-Concrete,concrete,linear,0.15,0.5,0.0015,0.1,2510125,2,0.7295316070068545,0.7796852646638054,10,322.98455810546875,0.9760593961759128,1140.0,699.0,620.5722068690906
L-Concrete,concrete,linear,0.15,0.5,0.0015,0.1,2510126,3,0.7379093678598629,0.796137339055794,9,363.1737365722656,0.9914535832413524,1361.0,1008.0,807.6916958345591
L-Concrete,concrete,linear,0.15,0.5,0.0015,0.1,2510127,4,0.7427646610814927,0.8004291845493562,9,357.7606201171875,0.988821756005732,1312.0,932.0,751.3053886546713
L-Concrete,concrete,linear,0.15,0.5,0.002,0.1,2520123,0,0.7288651942117289,0.7997138769670958,13,197.4247131347656,0.9552709631029028,729.0,478.0,403.473956557162
L-Concrete,concrete,linear,0.15,0.5,0.002,0.1,2520124,1,0.725057121096725,0.7939914163090128,12,198.3397674560547,0.952339445464847,703.0,481.0,404.1545091275446
L-Concrete,concrete,linear,0.15,0.5,0.002,0.1,2520125,2,0.7324828636709825,0.8054363376251789,12,184.6216278076172,0.9538839253894644,760.0,438.0,393.35633911246026
L-Concrete,concrete,linear,0.15,0.5,0.002,0.1,2520126,3,0.7327684691546078,0.8032904148783977,17,150.01930236816406,0.9332978660005647,584.0,393.0,335.11541427439874
L-Concrete,concrete,linear,0.15,0.5,0.002,0.1,2520127,4,0.7311500380807312,0.7868383404864091,12,208.56370544433597,0.9678393504469236,894.0,519.0,457.5966855395621
L-Concrete,concrete,linear,0.15,0.5,0.0025,0.1,2530123,0,0.7234386900228484,0.7804005722460658,16,119.25096893310548,0.9415543689598288,503.0,322.0,268.841040370157
L-Concrete,concrete,linear,0.15,0.5,0.0025,0.1,2530124,1,0.7245811119573495,0.8075822603719599,9,171.22007751464844,0.9763940373281316,843.0,488.0,430.65207815577753
L-Concrete,concrete,linear,0.15,0.5,0.0025,0.1,2530125,2,0.7356245239908606,0.7696709585121603,10,166.66409301757812,0.949056095211094,771.0,382.0,361.2344236652127
L-Concrete,concrete,linear,0.15,0.5,0.0025,0.1,2530126,3,0.7350533130236101,0.7818311874105865,6,342.8146667480469,0.9924840480110452,1490.0,997.0,826.5945911558299
L-Concrete,concrete,linear,0.15,0.5,0.0025,0.1,2530127,4,0.7368621477532369,0.7811158798283262,9,176.60231018066406,0.9667871262367624,1102.0,480.0,456.3293390536557
L-Concrete,concrete,linear,0.15,0.5,0.003,0.1,2540123,0,0.734958111195735,0.7882689556509299,12,112.17760467529295,0.9200362954786506,458.0,292.0,253.77012543539743
L-Concrete,concrete,linear,0.15,0.5,0.003,0.1,2540124,1,0.7208682406702208,0.7739628040057225,20,80.40926361083984,0.8894681837808813,423.0,242.0,210.59544836489107
L-Concrete,concrete,linear,0.15,0.5,0.003,0.1,2540125,2,0.7351485148514851,0.7968526466380543,10,134.39768981933594,0.9270188868533674,454.0,314.0,281.8940598338532
L-Concrete,concrete,linear,0.15,0.5,0.003,0.1,2540126,3,0.7321972581873571,0.7746781115879828,9,147.88031005859375,0.966507125587449,694.0,428.0,376.2223682614192
L-Concrete,concrete,linear,0.15,0.5,0.003,0.1,2540127,4,0.7423838537699924,0.7818311874105865,12,110.80308532714844,0.9403235976123884,491.0,347.0,279.23277847680134
L-Concrete,concrete,linear,0.15,0.5,0.004,0.1,2550123,0,0.7381949733434882,0.7746781115879828,26,60.31274032592773,0.8995418421603006,359.0,187.0,164.6099363565991
L-Concrete,concrete,linear,0.15,0.5,0.004,0.1,2550124,1,0.7264851485148515,0.7832618025751072,26,60.71428680419922,0.8560936468388741,327.0,171.0,151.09180320236186
L-Concrete,concrete,linear,0.15,0.5,0.004,0.1,2550125,2,0.7178217821782178,0.7732474964234621,26,54.45173645019531,0.8901899067152099,320.0,170.0,152.8121713180945
L-Concrete,concrete,linear,0.15,0.5,0.004,0.1,2550126,3,0.7182025894897182,0.7746781115879828,12,85.85327911376953,0.9291568879972264,419.0,278.0,232.6175135255899
L-Concrete,concrete,linear,0.15,0.5,0.004,0.1,2550127,4,0.7404798172124905,0.7782546494992847,16,60.59073257446289,0.9148414041750206,326.0,175.0,160.0276680016512
L-Concrete,concrete,linear,0.15,0.5,0.006,0.1,2560123,0,0.7054455445544554,0.7875536480686696,10,65.54826354980469,0.8963012105348581,290.0,187.0,162.84813972448035
L-Concrete,concrete,linear,0.15,0.5,0.006,0.1,2560124,1,0.7275323686214775,0.7725321888412017,11,65.10810852050781,0.93514274805663,311.0,224.0,181.0578331972586
L-Concrete,concrete,linear,0.15,0.5,0.006,0.1,2560125,2,0.7248667174409749,0.7968526466380543,29,38.48648834228516,0.8490310419300771,288.0,117.0,109.95829792641452
L-Concrete,concrete,linear,0.15,0.5,0.006,0.1,2560126,3,0.7255331302361006,0.7703862660944206,15,42.602317810058594,0.879426444447,241.0,125.0,111.56689361027556
L-Concrete,concrete,linear,0.15,0.5,0.006,0.1,2560127,4,0.7035415079969536,0.7832618025751072,26,43.77606201171875,0.8785880316633355,232.0,141.0,121.74150050676518
