model_family,gate_type,predictor,lambda_sparse,lambda_sample_smooth,run_i,run_j,affinity_corr
LSPIN,lspin_tf,mlp,0.0035,0.0,0,1,0.976459451264418
LSPIN,lspin_tf,mlp,0.0035,0.0,0,2,0.9668530422580642
LSPIN,lspin_tf,mlp,0.0035,0.0,0,3,0.9842454575658774
LSPIN,lspin_tf,mlp,0.0035,0.0,0,4,0.9887751438260064
LSPIN,lspin_tf,mlp,0.0035,0.0,1,2,0.995338548947488
LSPIN,lspin_tf,mlp,0.0035,0.0,1,3,0.9938682817448724
LSPIN,lspin_tf,mlp,0.0035,0.0,1,4,0.988856395628076
LSPIN,lspin_tf,mlp,0.0035,0.0,2,3,0.9893344811111818
LSPIN,lspin_tf,mlp,0.0035,0.0,2,4,0.982553814400396
LSPIN,lspin_tf,mlp,0.0035,0.0,3,4,0.9872559580720148
LSPIN,lspin_tf,mlp,0.00525,0.0,0,1,0.9939381679361188
LSPIN,lspin_tf,mlp,0.00525,0.0,0,2,0.9928038890319378
LSPIN,lspin_tf,mlp,0.00525,0.0,0,3,0.9979022650767274
LSPIN,lspin_tf,mlp,0.00525,0.0,0,4,0.995462087578923
LSPIN,lspin_tf,mlp,0.00525,0.0,1,2,0.9933398844813508
LSPIN,lspin_tf,mlp,0.00525,0.0,1,3,0.9964784094607332
LSPIN,lspin_tf,mlp,0.00525,0.0,1,4,0.9973437501467683
LSPIN,lspin_tf,mlp,0.00525,0.0,2,3,0.9940164217343096
LSPIN,lspin_tf,mlp,0.00525,0.0,2,4,0.9896648258233413
LSPIN,lspin_tf,mlp,0.00525,0.0,3,4,0.9969640924115492
LSPIN,lspin_tf,mlp,0.007,0.0,0,1,0.9916297356279226
LSPIN,lspin_tf,mlp,0.007,0.0,0,2,0.9927377178924622
LSPIN,lspin_tf,mlp,0.007,0.0,0,3,0.994046440659496
LSPIN,lspin_tf,mlp,0.007,0.0,0,4,0.996310908828147
LSPIN,lspin_tf,mlp,0.007,0.0,1,2,0.9966681754084352
LSPIN,lspin_tf,mlp,0.007,0.0,1,3,0.9961023151835744
LSPIN,lspin_tf,mlp,0.007,0.0,1,4,0.9962939520320008
LSPIN,lspin_tf,mlp,0.007,0.0,2,3,0.9970905091228648
LSPIN,lspin_tf,mlp,0.007,0.0,2,4,0.9968055460471096
LSPIN,lspin_tf,mlp,0.007,0.0,3,4,0.9976260768131732
LSPIN,lspin_tf,mlp,0.00875,0.0,0,1,0.9944923423501264
LSPIN,lspin_tf,mlp,0.00875,0.0,0,2,0.9928032359368926
LSPIN,lspin_tf,mlp,0.00875,0.0,0,3,0.997075048013661
LSPIN,lspin_tf,mlp,0.00875,0.0,0,4,0.9899713745113774
LSPIN,lspin_tf,mlp,0.00875,0.0,1,2,0.9959998392493746
LSPIN,lspin_tf,mlp,0.00875,0.0,1,3,0.9945058094670248
LSPIN,lspin_tf,mlp,0.00875,0.0,1,4,0.9944934366594635
LSPIN,lspin_tf,mlp,0.00875,0.0,2,3,0.993955281824942
LSPIN,lspin_tf,mlp,0.00875,0.0,2,4,0.995624755203803
LSPIN,lspin_tf,mlp,0.00875,0.0,3,4,0.9916713593756936
LSPIN,lspin_tf,mlp,0.0105,0.0,0,1,0.9966679819956452
LSPIN,lspin_tf,mlp,0.0105,0.0,0,2,0.9929981995089866
LSPIN,lspin_tf,mlp,0.0105,0.0,0,3,0.996187006644093
LSPIN,lspin_tf,mlp,0.0105,0.0,0,4,0.9904254825255092
LSPIN,lspin_tf,mlp,0.0105,0.0,1,2,0.9927223550491592
LSPIN,lspin_tf,mlp,0.0105,0.0,1,3,0.9951636543974376
LSPIN,lspin_tf,mlp,0.0105,0.0,1,4,0.9860694799326946
LSPIN,lspin_tf,mlp,0.0105,0.0,2,3,0.995396225491464
LSPIN,lspin_tf,mlp,0.0105,0.0,2,4,0.9903687864968432
LSPIN,lspin_tf,mlp,0.0105,0.0,3,4,0.9947966993317312
LSPIN,lspin_tf,mlp,0.014,0.0,0,1,0.9971147616319316
LSPIN,lspin_tf,mlp,0.014,0.0,0,2,0.996482898569428
LSPIN,lspin_tf,mlp,0.014,0.0,0,3,0.9965125142142132
LSPIN,lspin_tf,mlp,0.014,0.0,0,4,0.99366518536915
LSPIN,lspin_tf,mlp,0.014,0.0,1,2,0.9942070397369324
LSPIN,lspin_tf,mlp,0.014,0.0,1,3,0.9955103029096384
LSPIN,lspin_tf,mlp,0.014,0.0,1,4,0.9931397430773616
LSPIN,lspin_tf,mlp,0.014,0.0,2,3,0.9961070041727892
LSPIN,lspin_tf,mlp,0.014,0.0,2,4,0.9933899021762934
LSPIN,lspin_tf,mlp,0.014,0.0,3,4,0.9949246468550478
LSPIN,lspin_tf,mlp,0.021,0.0,0,1,0.9953768755738168
LSPIN,lspin_tf,mlp,0.021,0.0,0,2,0.9936899568850976
LSPIN,lspin_tf,mlp,0.021,0.0,0,3,0.989245358037404
LSPIN,lspin_tf,mlp,0.021,0.0,0,4,0.9950757088102552
LSPIN,lspin_tf,mlp,0.021,0.0,1,2,0.987999525690852
LSPIN,lspin_tf,mlp,0.021,0.0,1,3,0.9860414191048124
LSPIN,lspin_tf,mlp,0.021,0.0,1,4,0.9910190704440488
LSPIN,lspin_tf,mlp,0.021,0.0,2,3,0.9907138639888428
LSPIN,lspin_tf,mlp,0.021,0.0,2,4,0.9936554867946026
LSPIN,lspin_tf,mlp,0.021,0.0,3,4,0.9922931885421238
LSPIN,lspin_tf,mlp,0.028,0.0,0,1,0.9904682153307872
LSPIN,lspin_tf,mlp,0.028,0.0,0,2,0.9889606416789172
LSPIN,lspin_tf,mlp,0.028,0.0,0,3,0.9780499118536038
LSPIN,lspin_tf,mlp,0.028,0.0,0,4,0.9920166128319816
LSPIN,lspin_tf,mlp,0.028,0.0,1,2,0.986807676940413
LSPIN,lspin_tf,mlp,0.028,0.0,1,3,0.9811570399675332
LSPIN,lspin_tf,mlp,0.028,0.0,1,4,0.9912950482639324
LSPIN,lspin_tf,mlp,0.028,0.0,2,3,0.9861150465328888
LSPIN,lspin_tf,mlp,0.028,0.0,2,4,0.9949680034174954
LSPIN,lspin_tf,mlp,0.028,0.0,3,4,0.9820705011818632
LSPIN,lspin_tf,mlp,0.0035,0.025,0,1,0.9971325179153278
LSPIN,lspin_tf,mlp,0.0035,0.025,0,2,0.985601932134849
LSPIN,lspin_tf,mlp,0.0035,0.025,0,3,0.9940974450906128
LSPIN,lspin_tf,mlp,0.0035,0.025,0,4,0.9981216647299757
LSPIN,lspin_tf,mlp,0.0035,0.025,1,2,0.9928488180147932
LSPIN,lspin_tf,mlp,0.0035,0.025,1,3,0.998141518990427
LSPIN,lspin_tf,mlp,0.0035,0.025,1,4,0.9977579197107408
LSPIN,lspin_tf,mlp,0.0035,0.025,2,3,0.9946064706297764
LSPIN,lspin_tf,mlp,0.0035,0.025,2,4,0.9866585281946286
LSPIN,lspin_tf,mlp,0.0035,0.025,3,4,0.9966124435571064
LSPIN,lspin_tf,mlp,0.00525,0.025,0,1,0.997745427811228
LSPIN,lspin_tf,mlp,0.00525,0.025,0,2,0.9966458562290336
LSPIN,lspin_tf,mlp,0.00525,0.025,0,3,0.9987158753370394
LSPIN,lspin_tf,mlp,0.00525,0.025,0,4,0.9934208551953032
LSPIN,lspin_tf,mlp,0.00525,0.025,1,2,0.9915173813320756
LSPIN,lspin_tf,mlp,0.00525,0.025,1,3,0.9966548115074092
LSPIN,lspin_tf,mlp,0.00525,0.025,1,4,0.9859147529904468
LSPIN,lspin_tf,mlp,0.00525,0.025,2,3,0.9978724643818062
LSPIN,lspin_tf,mlp,0.00525,0.025,2,4,0.9984125931264566
LSPIN,lspin_tf,mlp,0.00525,0.025,3,4,0.994497401291372
LSPIN,lspin_tf,mlp,0.007,0.025,0,1,0.993829575387026
LSPIN,lspin_tf,mlp,0.007,0.025,0,2,0.9945209970894708
LSPIN,lspin_tf,mlp,0.007,0.025,0,3,0.9957361345417328
LSPIN,lspin_tf,mlp,0.007,0.025,0,4,0.9979952580590756
LSPIN,lspin_tf,mlp,0.007,0.025,1,2,0.9954387294344864
LSPIN,lspin_tf,mlp,0.007,0.025,1,3,0.9902959268562328
LSPIN,lspin_tf,mlp,0.007,0.025,1,4,0.9979774226055316
LSPIN,lspin_tf,mlp,0.007,0.025,2,3,0.9945655871548956
LSPIN,lspin_tf,mlp,0.007,0.025,2,4,0.996889757186875
LSPIN,lspin_tf,mlp,0.007,0.025,3,4,0.995418246570722
LSPIN,lspin_tf,mlp,0.00875,0.025,0,1,0.9975660667963168
LSPIN,lspin_tf,mlp,0.00875,0.025,0,2,0.9926422194487164
LSPIN,lspin_tf,mlp,0.00875,0.025,0,3,0.9981860648041668
LSPIN,lspin_tf,mlp,0.00875,0.025,0,4,0.99732381329412
LSPIN,lspin_tf,mlp,0.00875,0.025,1,2,0.9948262303686816
LSPIN,lspin_tf,mlp,0.00875,0.025,1,3,0.995294673705071
LSPIN,lspin_tf,mlp,0.00875,0.025,1,4,0.9976572836905258
LSPIN,lspin_tf,mlp,0.00875,0.025,2,3,0.9911874982913996
LSPIN,lspin_tf,mlp,0.00875,0.025,2,4,0.9980349554025923
LSPIN,lspin_tf,mlp,0.00875,0.025,3,4,0.9962189885429432
LSPIN,lspin_tf,mlp,0.0105,0.025,0,1,0.9945816779891417
LSPIN,lspin_tf,mlp,0.0105,0.025,0,2,0.9982957026437346
LSPIN,lspin_tf,mlp,0.0105,0.025,0,3,0.9977780472572896
LSPIN,lspin_tf,mlp,0.0105,0.025,0,4,0.998831648149086
LSPIN,lspin_tf,mlp,0.0105,0.025,1,2,0.9921556029880074
LSPIN,lspin_tf,mlp,0.0105,0.025,1,3,0.987028864584943
LSPIN,lspin_tf,mlp,0.0105,0.025,1,4,0.9973769846968968
LSPIN,lspin_tf,mlp,0.0105,0.025,2,3,0.9972413332574048
LSPIN,lspin_tf,mlp,0.0105,0.025,2,4,0.99675132681686
LSPIN,lspin_tf,mlp,0.0105,0.025,3,4,0.9948085276069244
LSPIN,lspin_tf,mlp,0.014,0.025,0,1,0.99463968154099
LSPIN,lspin_tf,mlp,0.014,0.025,0,2,0.9979182954151246
LSPIN,lspin_tf,mlp,0.014,0.025,0,3,0.9973997479094412
LSPIN,lspin_tf,mlp,0.014,0.025,0,4,0.9967541154472044
LSPIN,lspin_tf,mlp,0.014,0.025,1,2,0.9961862651204936
LSPIN,lspin_tf,mlp,0.014,0.025,1,3,0.997533097536082
LSPIN,lspin_tf,mlp,0.014,0.025,1,4,0.998498175832592
LSPIN,lspin_tf,mlp,0.014,0.025,2,3,0.9975215863276212
LSPIN,lspin_tf,mlp,0.014,0.025,2,4,0.997659726168704
LSPIN,lspin_tf,mlp,0.014,0.025,3,4,0.998886375579931
LSPIN,lspin_tf,mlp,0.021,0.025,0,1,0.9949893730633512
LSPIN,lspin_tf,mlp,0.021,0.025,0,2,0.9831441827345404
LSPIN,lspin_tf,mlp,0.021,0.025,0,3,0.9976586962618768
LSPIN,lspin_tf,mlp,0.021,0.025,0,4,0.9926484699404596
LSPIN,lspin_tf,mlp,0.021,0.025,1,2,0.9932630616509848
LSPIN,lspin_tf,mlp,0.021,0.025,1,3,0.9958228841335128
LSPIN,lspin_tf,mlp,0.021,0.025,1,4,0.9973057443624326
LSPIN,lspin_tf,mlp,0.021,0.025,2,3,0.985939136573035
LSPIN,lspin_tf,mlp,0.021,0.025,2,4,0.9946158553004116
LSPIN,lspin_tf,mlp,0.021,0.025,3,4,0.9936577589045356
LSPIN,lspin_tf,mlp,0.028,0.025,0,1,0.9964240457554414
LSPIN,lspin_tf,mlp,0.028,0.025,0,2,0.9932687599668788
LSPIN,lspin_tf,mlp,0.028,0.025,0,3,0.9969486754048904
LSPIN,lspin_tf,mlp,0.028,0.025,0,4,0.9939575275697028
LSPIN,lspin_tf,mlp,0.028,0.025,1,2,0.996660064877126
LSPIN,lspin_tf,mlp,0.028,0.025,1,3,0.9966201006048174
LSPIN,lspin_tf,mlp,0.028,0.025,1,4,0.996143180480526
LSPIN,lspin_tf,mlp,0.028,0.025,2,3,0.9914492344021404
LSPIN,lspin_tf,mlp,0.028,0.025,2,4,0.9976611585839752
LSPIN,lspin_tf,mlp,0.028,0.025,3,4,0.9911833062259916
LSPIN,lspin_tf,mlp,0.0035,0.05,0,1,0.996718675075618
LSPIN,lspin_tf,mlp,0.0035,0.05,0,2,0.9959438957986294
LSPIN,lspin_tf,mlp,0.0035,0.05,0,3,0.9921209034381804
LSPIN,lspin_tf,mlp,0.0035,0.05,0,4,0.9870710406012304
LSPIN,lspin_tf,mlp,0.0035,0.05,1,2,0.9913300063615632
LSPIN,lspin_tf,mlp,0.0035,0.05,1,3,0.9891003267435132
LSPIN,lspin_tf,mlp,0.0035,0.05,1,4,0.9809658624295002
LSPIN,lspin_tf,mlp,0.0035,0.05,2,3,0.9928039710580664
LSPIN,lspin_tf,mlp,0.0035,0.05,2,4,0.9938793181805632
LSPIN,lspin_tf,mlp,0.0035,0.05,3,4,0.990037872120514
LSPIN,lspin_tf,mlp,0.00525,0.05,0,1,0.995309337225722
LSPIN,lspin_tf,mlp,0.00525,0.05,0,2,0.9970255251476626
LSPIN,lspin_tf,mlp,0.00525,0.05,0,3,0.994509949752628
LSPIN,lspin_tf,mlp,0.00525,0.05,0,4,0.9934528051433836
LSPIN,lspin_tf,mlp,0.00525,0.05,1,2,0.9880255912176524
LSPIN,lspin_tf,mlp,0.00525,0.05,1,3,0.9989629373819834
LSPIN,lspin_tf,mlp,0.00525,0.05,1,4,0.9864470870568336
LSPIN,lspin_tf,mlp,0.00525,0.05,2,3,0.9873787041195456
LSPIN,lspin_tf,mlp,0.00525,0.05,2,4,0.997512726731947
LSPIN,lspin_tf,mlp,0.00525,0.05,3,4,0.9873203531661636
LSPIN,lspin_tf,mlp,0.007,0.05,0,1,0.9992820073162888
LSPIN,lspin_tf,mlp,0.007,0.05,0,2,0.995356797736553
LSPIN,lspin_tf,mlp,0.007,0.05,0,3,0.9939340968298862
LSPIN,lspin_tf,mlp,0.007,0.05,0,4,0.9928823429450564
LSPIN,lspin_tf,mlp,0.007,0.05,1,2,0.996023798818956
LSPIN,lspin_tf,mlp,0.007,0.05,1,3,0.9954179096307478
LSPIN,lspin_tf,mlp,0.007,0.05,1,4,0.9943366664980758
LSPIN,lspin_tf,mlp,0.007,0.05,2,3,0.998189362052917
LSPIN,lspin_tf,mlp,0.007,0.05,2,4,0.9984372845809084
LSPIN,lspin_tf,mlp,0.007,0.05,3,4,0.9988402054000632
LSPIN,lspin_tf,mlp,0.00875,0.05,0,1,0.9926448730301624
LSPIN,lspin_tf,mlp,0.00875,0.05,0,2,0.9940930256429944
LSPIN,lspin_tf,mlp,0.00875,0.05,0,3,0.99086112428326
LSPIN,lspin_tf,mlp,0.00875,0.05,0,4,0.9921826782635071
LSPIN,lspin_tf,mlp,0.00875,0.05,1,2,0.9824268133045084
LSPIN,lspin_tf,mlp,0.00875,0.05,1,3,0.9946927087501226
LSPIN,lspin_tf,mlp,0.00875,0.05,1,4,0.99894894890394
LSPIN,lspin_tf,mlp,0.00875,0.05,2,3,0.9910366473291802
LSPIN,lspin_tf,mlp,0.00875,0.05,2,4,0.9801770634679756
LSPIN,lspin_tf,mlp,0.00875,0.05,3,4,0.9922776287661642
LSPIN,lspin_tf,mlp,0.0105,0.05,0,1,0.9927580063280728
LSPIN,lspin_tf,mlp,0.0105,0.05,0,2,0.9936491610209784
LSPIN,lspin_tf,mlp,0.0105,0.05,0,3,0.998916555522355
LSPIN,lspin_tf,mlp,0.0105,0.05,0,4,0.9963617236456974
LSPIN,lspin_tf,mlp,0.0105,0.05,1,2,0.9844152252525692
LSPIN,lspin_tf,mlp,0.0105,0.05,1,3,0.9936701454224044
LSPIN,lspin_tf,mlp,0.0105,0.05,1,4,0.9922025589514364
LSPIN,lspin_tf,mlp,0.0105,0.05,2,3,0.9932694460935066
LSPIN,lspin_tf,mlp,0.0105,0.05,2,4,0.9977197905452692
LSPIN,lspin_tf,mlp,0.0105,0.05,3,4,0.9962797918849392
LSPIN,lspin_tf,mlp,0.014,0.05,0,1,0.9959352635704196
LSPIN,lspin_tf,mlp,0.014,0.05,0,2,0.9898350569952048
LSPIN,lspin_tf,mlp,0.014,0.05,0,3,0.9928434587304128
LSPIN,lspin_tf,mlp,0.014,0.05,0,4,0.9941232105576536
LSPIN,lspin_tf,mlp,0.014,0.05,1,2,0.9948246858702366
LSPIN,lspin_tf,mlp,0.014,0.05,1,3,0.9978120660656726
LSPIN,lspin_tf,mlp,0.014,0.05,1,4,0.9973961497589492
LSPIN,lspin_tf,mlp,0.014,0.05,2,3,0.9983855465452156
LSPIN,lspin_tf,mlp,0.014,0.05,2,4,0.998163685485403
LSPIN,lspin_tf,mlp,0.014,0.05,3,4,0.9986381255715768
LSPIN,lspin_tf,mlp,0.021,0.05,0,1,0.9979328349707568
LSPIN,lspin_tf,mlp,0.021,0.05,0,2,0.9921357469640172
LSPIN,lspin_tf,mlp,0.021,0.05,0,3,0.9972332553890512
LSPIN,lspin_tf,mlp,0.021,0.05,0,4,0.997662758325854
LSPIN,lspin_tf,mlp,0.021,0.05,1,2,0.9902204184401336
LSPIN,lspin_tf,mlp,0.021,0.05,1,3,0.994677625220487
LSPIN,lspin_tf,mlp,0.021,0.05,1,4,0.9984049047267024
LSPIN,lspin_tf,mlp,0.021,0.05,2,3,0.9922677452885116
LSPIN,lspin_tf,mlp,0.021,0.05,2,4,0.9925217907295264
LSPIN,lspin_tf,mlp,0.021,0.05,3,4,0.9955846962249452
LSPIN,lspin_tf,mlp,0.028,0.05,0,1,0.9909927339277796
LSPIN,lspin_tf,mlp,0.028,0.05,0,2,0.9914208456520388
LSPIN,lspin_tf,mlp,0.028,0.05,0,3,0.9906702618048
LSPIN,lspin_tf,mlp,0.028,0.05,0,4,0.9837623202529772
LSPIN,lspin_tf,mlp,0.028,0.05,1,2,0.9982113136759224
LSPIN,lspin_tf,mlp,0.028,0.05,1,3,0.9978531003311534
LSPIN,lspin_tf,mlp,0.028,0.05,1,4,0.9973738624849796
LSPIN,lspin_tf,mlp,0.028,0.05,2,3,0.9964115150308376
LSPIN,lspin_tf,mlp,0.028,0.05,2,4,0.9969359768369104
LSPIN,lspin_tf,mlp,0.028,0.05,3,4,0.9951330218927446
LSPIN,lspin_tf,mlp,0.0035,0.1,0,1,0.9922344090848452
LSPIN,lspin_tf,mlp,0.0035,0.1,0,2,0.9980201089050836
LSPIN,lspin_tf,mlp,0.0035,0.1,0,3,0.9840895016415836
LSPIN,lspin_tf,mlp,0.0035,0.1,0,4,0.9971340907486008
LSPIN,lspin_tf,mlp,0.0035,0.1,1,2,0.9927903374134532
LSPIN,lspin_tf,mlp,0.0035,0.1,1,3,0.9958592555874238
LSPIN,lspin_tf,mlp,0.0035,0.1,1,4,0.9936279833548888
LSPIN,lspin_tf,mlp,0.0035,0.1,2,3,0.9886672364332404
LSPIN,lspin_tf,mlp,0.0035,0.1,2,4,0.9992533277293336
LSPIN,lspin_tf,mlp,0.0035,0.1,3,4,0.9902205668934824
LSPIN,lspin_tf,mlp,0.00525,0.1,0,1,0.9872011951130316
LSPIN,lspin_tf,mlp,0.00525,0.1,0,2,0.9898473558853697
LSPIN,lspin_tf,mlp,0.00525,0.1,0,3,0.9981786157723648
LSPIN,lspin_tf,mlp,0.00525,0.1,0,4,0.988099369418533
LSPIN,lspin_tf,mlp,0.00525,0.1,1,2,0.9984457151686912
LSPIN,lspin_tf,mlp,0.00525,0.1,1,3,0.9868908871492515
LSPIN,lspin_tf,mlp,0.00525,0.1,1,4,0.9990339493901096
LSPIN,lspin_tf,mlp,0.00525,0.1,2,3,0.9915774024935616
LSPIN,lspin_tf,mlp,0.00525,0.1,2,4,0.9990370463783842
LSPIN,lspin_tf,mlp,0.00525,0.1,3,4,0.9882293464745704
LSPIN,lspin_tf,mlp,0.007,0.1,0,1,0.9885972674621069
LSPIN,lspin_tf,mlp,0.007,0.1,0,2,0.9942319916527812
LSPIN,lspin_tf,mlp,0.007,0.1,0,3,0.9969570544195496
LSPIN,lspin_tf,mlp,0.007,0.1,0,4,0.998769580834106
LSPIN,lspin_tf,mlp,0.007,0.1,1,2,0.9985694134760184
LSPIN,lspin_tf,mlp,0.007,0.1,1,3,0.9848950689052476
LSPIN,lspin_tf,mlp,0.007,0.1,1,4,0.9902157660080682
LSPIN,lspin_tf,mlp,0.007,0.1,2,3,0.9917729666868038
LSPIN,lspin_tf,mlp,0.007,0.1,2,4,0.9950283957861122
LSPIN,lspin_tf,mlp,0.007,0.1,3,4,0.9961685788572364
LSPIN,lspin_tf,mlp,0.00875,0.1,0,1,0.9927843184424984
LSPIN,lspin_tf,mlp,0.00875,0.1,0,2,0.9830014856351388
LSPIN,lspin_tf,mlp,0.00875,0.1,0,3,0.9917426867048676
LSPIN,lspin_tf,mlp,0.00875,0.1,0,4,0.9904910830624608
LSPIN,lspin_tf,mlp,0.00875,0.1,1,2,0.9967848072540156
LSPIN,lspin_tf,mlp,0.00875,0.1,1,3,0.9952624754017058
LSPIN,lspin_tf,mlp,0.00875,0.1,1,4,0.9990680792829966
LSPIN,lspin_tf,mlp,0.00875,0.1,2,3,0.994332825890296
LSPIN,lspin_tf,mlp,0.00875,0.1,2,4,0.9983459141762472
LSPIN,lspin_tf,mlp,0.00875,0.1,3,4,0.9956792669053016
LSPIN,lspin_tf,mlp,0.0105,0.1,0,1,0.9919351274485886
LSPIN,lspin_tf,mlp,0.0105,0.1,0,2,0.9925351668436084
LSPIN,lspin_tf,mlp,0.0105,0.1,0,3,0.9905210970947406
LSPIN,lspin_tf,mlp,0.0105,0.1,0,4,0.9978652351504352
LSPIN,lspin_tf,mlp,0.0105,0.1,1,2,0.9990613940806424
LSPIN,lspin_tf,mlp,0.0105,0.1,1,3,0.9990292814732394
LSPIN,lspin_tf,mlp,0.0105,0.1,1,4,0.9968854040166708
LSPIN,lspin_tf,mlp,0.0105,0.1,2,3,0.9990830001467564
LSPIN,lspin_tf,mlp,0.0105,0.1,2,4,0.9971305553020234
LSPIN,lspin_tf,mlp,0.0105,0.1,3,4,0.9958072075526864
LSPIN,lspin_tf,mlp,0.014,0.1,0,1,0.9976038525727604
LSPIN,lspin_tf,mlp,0.014,0.1,0,2,0.9951187906119696
LSPIN,lspin_tf,mlp,0.014,0.1,0,3,0.9991048891560846
LSPIN,lspin_tf,mlp,0.014,0.1,0,4,0.9906313748810328
LSPIN,lspin_tf,mlp,0.014,0.1,1,2,0.9974574638716234
LSPIN,lspin_tf,mlp,0.014,0.1,1,3,0.998314951792984
LSPIN,lspin_tf,mlp,0.014,0.1,1,4,0.9939601285888854
LSPIN,lspin_tf,mlp,0.014,0.1,2,3,0.9978005035914876
LSPIN,lspin_tf,mlp,0.014,0.1,2,4,0.9985827764304293
LSPIN,lspin_tf,mlp,0.014,0.1,3,4,0.9943676186016164
LSPIN,lspin_tf,mlp,0.021,0.1,0,1,0.9919799145290366
LSPIN,lspin_tf,mlp,0.021,0.1,0,2,0.9906828794324648
LSPIN,lspin_tf,mlp,0.021,0.1,0,3,0.9948157134404126
LSPIN,lspin_tf,mlp,0.021,0.1,0,4,0.9914478561883469
LSPIN,lspin_tf,mlp,0.021,0.1,1,2,0.9969813445423202
LSPIN,lspin_tf,mlp,0.021,0.1,1,3,0.9989570385276968
LSPIN,lspin_tf,mlp,0.021,0.1,1,4,0.9986997958077736
LSPIN,lspin_tf,mlp,0.021,0.1,2,3,0.99675625619836
LSPIN,lspin_tf,mlp,0.021,0.1,2,4,0.998518494005509
LSPIN,lspin_tf,mlp,0.021,0.1,3,4,0.998310658781286
LSPIN,lspin_tf,mlp,0.028,0.1,0,1,0.9965226814145424
LSPIN,lspin_tf,mlp,0.028,0.1,0,2,0.991996142526734
LSPIN,lspin_tf,mlp,0.028,0.1,0,3,0.9967957656091568
LSPIN,lspin_tf,mlp,0.028,0.1,0,4,0.9949236463726964
LSPIN,lspin_tf,mlp,0.028,0.1,1,2,0.9943620963393088
LSPIN,lspin_tf,mlp,0.028,0.1,1,3,0.9970053007790493
LSPIN,lspin_tf,mlp,0.028,0.1,1,4,0.9964108775093468
LSPIN,lspin_tf,mlp,0.028,0.1,2,3,0.9975576333169688
LSPIN,lspin_tf,mlp,0.028,0.1,2,4,0.9975672553032404
LSPIN,lspin_tf,mlp,0.028,0.1,3,4,0.9980078764079984
LSPIN,lspin_tf,mlp,0.0035,0.0,0,1,0.995008087150888
LSPIN,lspin_tf,mlp,0.0035,0.0,0,2,0.994145834109072
LSPIN,lspin_tf,mlp,0.0035,0.0,0,3,0.9970038022580464
LSPIN,lspin_tf,mlp,0.0035,0.0,0,4,0.9970147755454049
LSPIN,lspin_tf,mlp,0.0035,0.0,1,2,0.9907204261935384
LSPIN,lspin_tf,mlp,0.0035,0.0,1,3,0.9954131703012836
LSPIN,lspin_tf,mlp,0.0035,0.0,1,4,0.9939657292797328
LSPIN,lspin_tf,mlp,0.0035,0.0,2,3,0.994306983123624
LSPIN,lspin_tf,mlp,0.0035,0.0,2,4,0.9934266715573018
LSPIN,lspin_tf,mlp,0.0035,0.0,3,4,0.9960961356625684
LSPIN,lspin_tf,mlp,0.00525,0.0,0,1,0.9955355030929716
LSPIN,lspin_tf,mlp,0.00525,0.0,0,2,0.9962866570592744
LSPIN,lspin_tf,mlp,0.00525,0.0,0,3,0.9964497644149528
LSPIN,lspin_tf,mlp,0.00525,0.0,0,4,0.993639139666554
LSPIN,lspin_tf,mlp,0.00525,0.0,1,2,0.9952522376101404
LSPIN,lspin_tf,mlp,0.00525,0.0,1,3,0.9976134606400509
LSPIN,lspin_tf,mlp,0.00525,0.0,1,4,0.9956741851944276
LSPIN,lspin_tf,mlp,0.00525,0.0,2,3,0.9949328868947352
LSPIN,lspin_tf,mlp,0.00525,0.0,2,4,0.994221576070548
LSPIN,lspin_tf,mlp,0.00525,0.0,3,4,0.996540430193854
LSPIN,lspin_tf,mlp,0.007,0.0,0,1,0.9920839179978478
LSPIN,lspin_tf,mlp,0.007,0.0,0,2,0.9940098652101196
LSPIN,lspin_tf,mlp,0.007,0.0,0,3,0.9941662330480904
LSPIN,lspin_tf,mlp,0.007,0.0,0,4,0.991966168934164
LSPIN,lspin_tf,mlp,0.007,0.0,1,2,0.9961988532633522
LSPIN,lspin_tf,mlp,0.007,0.0,1,3,0.9973464748335488
LSPIN,lspin_tf,mlp,0.007,0.0,1,4,0.9949370226148608
LSPIN,lspin_tf,mlp,0.007,0.0,2,3,0.9973668805427244
LSPIN,lspin_tf,mlp,0.007,0.0,2,4,0.9962223784851552
LSPIN,lspin_tf,mlp,0.007,0.0,3,4,0.9965184476309554
LSPIN,lspin_tf,mlp,0.00875,0.0,0,1,0.990996451444074
LSPIN,lspin_tf,mlp,0.00875,0.0,0,2,0.9949078849646592
LSPIN,lspin_tf,mlp,0.00875,0.0,0,3,0.9948903315149
LSPIN,lspin_tf,mlp,0.00875,0.0,0,4,0.9928458877198584
LSPIN,lspin_tf,mlp,0.00875,0.0,1,2,0.9910109462131994
LSPIN,lspin_tf,mlp,0.00875,0.0,1,3,0.990639131275854
LSPIN,lspin_tf,mlp,0.00875,0.0,1,4,0.9802522852932974
LSPIN,lspin_tf,mlp,0.00875,0.0,2,3,0.996898641339067
LSPIN,lspin_tf,mlp,0.00875,0.0,2,4,0.9932426724504309
LSPIN,lspin_tf,mlp,0.00875,0.0,3,4,0.9931395301569498
LSPIN,lspin_tf,mlp,0.0105,0.0,0,1,0.9808601655682015
LSPIN,lspin_tf,mlp,0.0105,0.0,0,2,0.9915337915005196
LSPIN,lspin_tf,mlp,0.0105,0.0,0,3,0.9912117962817392
LSPIN,lspin_tf,mlp,0.0105,0.0,0,4,0.9854195664845268
LSPIN,lspin_tf,mlp,0.0105,0.0,1,2,0.9765317572354064
LSPIN,lspin_tf,mlp,0.0105,0.0,1,3,0.9909578897881532
LSPIN,lspin_tf,mlp,0.0105,0.0,1,4,0.9922339655865156
LSPIN,lspin_tf,mlp,0.0105,0.0,2,3,0.9872244718570647
LSPIN,lspin_tf,mlp,0.0105,0.0,2,4,0.9848649501279614
LSPIN,lspin_tf,mlp,0.0105,0.0,3,4,0.9936054358165372
LSPIN,lspin_tf,mlp,0.014,0.0,0,1,0.9939827452937108
LSPIN,lspin_tf,mlp,0.014,0.0,0,2,0.9900809331765414
LSPIN,lspin_tf,mlp,0.014,0.0,0,3,0.9919350889213394
LSPIN,lspin_tf,mlp,0.014,0.0,0,4,0.9927231125297667
LSPIN,lspin_tf,mlp,0.014,0.0,1,2,0.987299651591485
LSPIN,lspin_tf,mlp,0.014,0.0,1,3,0.9955145727725444
LSPIN,lspin_tf,mlp,0.014,0.0,1,4,0.9916594732379912
LSPIN,lspin_tf,mlp,0.014,0.0,2,3,0.985798812928416
LSPIN,lspin_tf,mlp,0.014,0.0,2,4,0.989855241769083
LSPIN,lspin_tf,mlp,0.014,0.0,3,4,0.9940290442005836
LSPIN,lspin_tf,mlp,0.021,0.0,0,1,0.9951618729596312
LSPIN,lspin_tf,mlp,0.021,0.0,0,2,0.9942030971932097
LSPIN,lspin_tf,mlp,0.021,0.0,0,3,0.9942437901463758
LSPIN,lspin_tf,mlp,0.021,0.0,0,4,0.9926898068438595
LSPIN,lspin_tf,mlp,0.021,0.0,1,2,0.9921769584949356
LSPIN,lspin_tf,mlp,0.021,0.0,1,3,0.9924096630175572
LSPIN,lspin_tf,mlp,0.021,0.0,1,4,0.9945797615791596
LSPIN,lspin_tf,mlp,0.021,0.0,2,3,0.9880676434363826
LSPIN,lspin_tf,mlp,0.021,0.0,2,4,0.9956006650998812
LSPIN,lspin_tf,mlp,0.021,0.0,3,4,0.9857374534108768
LSPIN,lspin_tf,mlp,0.028,0.0,0,1,0.9949393806555644
LSPIN,lspin_tf,mlp,0.028,0.0,0,2,0.9893782355612964
LSPIN,lspin_tf,mlp,0.028,0.0,0,3,0.9952615092710454
LSPIN,lspin_tf,mlp,0.028,0.0,0,4,0.9957900969080716
LSPIN,lspin_tf,mlp,0.028,0.0,1,2,0.9795368439523658
LSPIN,lspin_tf,mlp,0.028,0.0,1,3,0.9910139267017316
LSPIN,lspin_tf,mlp,0.028,0.0,1,4,0.994340552700638
LSPIN,lspin_tf,mlp,0.028,0.0,2,3,0.9923043590399866
LSPIN,lspin_tf,mlp,0.028,0.0,2,4,0.9883902354249112
LSPIN,lspin_tf,mlp,0.028,0.0,3,4,0.9950919565928508
LSPIN,lspin_tf,mlp,0.0035,0.025,0,1,0.9935091497741078
LSPIN,lspin_tf,mlp,0.0035,0.025,0,2,0.9980626690952084
LSPIN,lspin_tf,mlp,0.0035,0.025,0,3,0.997890823855855
LSPIN,lspin_tf,mlp,0.0035,0.025,0,4,0.9978965206199532
LSPIN,lspin_tf,mlp,0.0035,0.025,1,2,0.9969563204307256
LSPIN,lspin_tf,mlp,0.0035,0.025,1,3,0.987250761256725
LSPIN,lspin_tf,mlp,0.0035,0.025,1,4,0.9956464328993276
LSPIN,lspin_tf,mlp,0.0035,0.025,2,3,0.9956177860656688
LSPIN,lspin_tf,mlp,0.0035,0.025,2,4,0.99878219904808
LSPIN,lspin_tf,mlp,0.0035,0.025,3,4,0.9959924881142526
LSPIN,lspin_tf,mlp,0.00525,0.025,0,1,0.99263451990061
LSPIN,lspin_tf,mlp,0.00525,0.025,0,2,0.9946114258174558
LSPIN,lspin_tf,mlp,0.00525,0.025,0,3,0.9768415442542828
LSPIN,lspin_tf,mlp,0.00525,0.025,0,4,0.9946541363510546
LSPIN,lspin_tf,mlp,0.00525,0.025,1,2,0.995077356403302
LSPIN,lspin_tf,mlp,0.00525,0.025,1,3,0.9926560544040516
LSPIN,lspin_tf,mlp,0.00525,0.025,1,4,0.9974522783503954
LSPIN,lspin_tf,mlp,0.00525,0.025,2,3,0.9856246414318576
LSPIN,lspin_tf,mlp,0.00525,0.025,2,4,0.9974266091736622
LSPIN,lspin_tf,mlp,0.00525,0.025,3,4,0.9915402017866984
LSPIN,lspin_tf,mlp,0.007,0.025,0,1,0.9951853233770548
LSPIN,lspin_tf,mlp,0.007,0.025,0,2,0.9788691915626856
LSPIN,lspin_tf,mlp,0.007,0.025,0,3,0.9846890162242226
LSPIN,lspin_tf,mlp,0.007,0.025,0,4,0.989528134953409
LSPIN,lspin_tf,mlp,0.007,0.025,1,2,0.9904497534738596
LSPIN,lspin_tf,mlp,0.007,0.025,1,3,0.9950228156341124
LSPIN,lspin_tf,mlp,0.007,0.025,1,4,0.9979628028873944
LSPIN,lspin_tf,mlp,0.007,0.025,2,3,0.9953145034585784
LSPIN,lspin_tf,mlp,0.007,0.025,2,4,0.9941716904902632
LSPIN,lspin_tf,mlp,0.007,0.025,3,4,0.9988060666100178
LSPIN,lspin_tf,mlp,0.00875,0.025,0,1,0.9982323843016738
LSPIN,lspin_tf,mlp,0.00875,0.025,0,2,0.997406665052552
LSPIN,lspin_tf,mlp,0.00875,0.025,0,3,0.9929538545854588
LSPIN,lspin_tf,mlp,0.00875,0.025,0,4,0.9959546350891082
LSPIN,lspin_tf,mlp,0.00875,0.025,1,2,0.9989045548783138
LSPIN,lspin_tf,mlp,0.00875,0.025,1,3,0.9924285932721943
LSPIN,lspin_tf,mlp,0.00875,0.025,1,4,0.997097537598701
LSPIN,lspin_tf,mlp,0.00875,0.025,2,3,0.9951325528276924
LSPIN,lspin_tf,mlp,0.00875,0.025,2,4,0.9982663766011663
LSPIN,lspin_tf,mlp,0.00875,0.025,3,4,0.9958495574137938
LSPIN,lspin_tf,mlp,0.0105,0.025,0,1,0.998568438555629
LSPIN,lspin_tf,mlp,0.0105,0.025,0,2,0.997504031367511
LSPIN,lspin_tf,mlp,0.0105,0.025,0,3,0.9958084934474296
LSPIN,lspin_tf,mlp,0.0105,0.025,0,4,0.9951238403303508
LSPIN,lspin_tf,mlp,0.0105,0.025,1,2,0.9983099285889352
LSPIN,lspin_tf,mlp,0.0105,0.025,1,3,0.9953595113966958
LSPIN,lspin_tf,mlp,0.0105,0.025,1,4,0.996291670523384
LSPIN,lspin_tf,mlp,0.0105,0.025,2,3,0.9964423229298492
LSPIN,lspin_tf,mlp,0.0105,0.025,2,4,0.9973593553846504
LSPIN,lspin_tf,mlp,0.0105,0.025,3,4,0.9982763558274984
LSPIN,lspin_tf,mlp,0.014,0.025,0,1,0.997554055766172
LSPIN,lspin_tf,mlp,0.014,0.025,0,2,0.9977908202495404
LSPIN,lspin_tf,mlp,0.014,0.025,0,3,0.9976002145507488
LSPIN,lspin_tf,mlp,0.014,0.025,0,4,0.9981083903443216
LSPIN,lspin_tf,mlp,0.014,0.025,1,2,0.997561641391356
LSPIN,lspin_tf,mlp,0.014,0.025,1,3,0.996441441942382
LSPIN,lspin_tf,mlp,0.014,0.025,1,4,0.9980777135201788
LSPIN,lspin_tf,mlp,0.014,0.025,2,3,0.9985414993300812
LSPIN,lspin_tf,mlp,0.014,0.025,2,4,0.9982609944541434
LSPIN,lspin_tf,mlp,0.014,0.025,3,4,0.9984608314600182
LSPIN,lspin_tf,mlp,0.021,0.025,0,1,0.997478906076902
LSPIN,lspin_tf,mlp,0.021,0.025,0,2,0.9908241913382247
LSPIN,lspin_tf,mlp,0.021,0.025,0,3,0.997105401299882
LSPIN,lspin_tf,mlp,0.021,0.025,0,4,0.9960578713425446
LSPIN,lspin_tf,mlp,0.021,0.025,1,2,0.9940413579302958
LSPIN,lspin_tf,mlp,0.021,0.025,1,3,0.997295738125663
LSPIN,lspin_tf,mlp,0.021,0.025,1,4,0.9964750946399912
LSPIN,lspin_tf,mlp,0.021,0.025,2,3,0.9882700014811056
LSPIN,lspin_tf,mlp,0.021,0.025,2,4,0.9935903712432758
LSPIN,lspin_tf,mlp,0.021,0.025,3,4,0.9945659826095684
LSPIN,lspin_tf,mlp,0.028,0.025,0,1,0.991740220104664
LSPIN,lspin_tf,mlp,0.028,0.025,0,2,0.995153736147864
LSPIN,lspin_tf,mlp,0.028,0.025,0,3,0.9949976281603266
LSPIN,lspin_tf,mlp,0.028,0.025,0,4,0.9879607739545816
LSPIN,lspin_tf,mlp,0.028,0.025,1,2,0.997729078407502
LSPIN,lspin_tf,mlp,0.028,0.025,1,3,0.996869646269694
LSPIN,lspin_tf,mlp,0.028,0.025,1,4,0.9965917259076276
LSPIN,lspin_tf,mlp,0.028,0.025,2,3,0.9974182309223364
LSPIN,lspin_tf,mlp,0.028,0.025,2,4,0.995950740413752
LSPIN,lspin_tf,mlp,0.028,0.025,3,4,0.993617443514903
LSPIN,lspin_tf,mlp,0.0035,0.05,0,1,0.9965497787681408
LSPIN,lspin_tf,mlp,0.0035,0.05,0,2,0.9977484786485132
LSPIN,lspin_tf,mlp,0.0035,0.05,0,3,0.9969353457654896
LSPIN,lspin_tf,mlp,0.0035,0.05,0,4,0.9939496256875208
LSPIN,lspin_tf,mlp,0.0035,0.05,1,2,0.9918528089408336
LSPIN,lspin_tf,mlp,0.0035,0.05,1,3,0.9993216539599578
LSPIN,lspin_tf,mlp,0.0035,0.05,1,4,0.9973874510094538
LSPIN,lspin_tf,mlp,0.0035,0.05,2,3,0.9916863176315406
LSPIN,lspin_tf,mlp,0.0035,0.05,2,4,0.9892499661795174
LSPIN,lspin_tf,mlp,0.0035,0.05,3,4,0.9974696664779998
LSPIN,lspin_tf,mlp,0.00525,0.05,0,1,0.997206092535226
LSPIN,lspin_tf,mlp,0.00525,0.05,0,2,0.9859164988394424
LSPIN,lspin_tf,mlp,0.00525,0.05,0,3,0.9979984515755024
LSPIN,lspin_tf,mlp,0.00525,0.05,0,4,0.9900402074974088
LSPIN,lspin_tf,mlp,0.00525,0.05,1,2,0.9942416885834384
LSPIN,lspin_tf,mlp,0.00525,0.05,1,3,0.9985380061956582
LSPIN,lspin_tf,mlp,0.00525,0.05,1,4,0.9960356406812224
LSPIN,lspin_tf,mlp,0.00525,0.05,2,3,0.9910870676404782
LSPIN,lspin_tf,mlp,0.00525,0.05,2,4,0.997795089043771
LSPIN,lspin_tf,mlp,0.00525,0.05,3,4,0.995773117067371
LSPIN,lspin_tf,mlp,0.007,0.05,0,1,0.9957979033342436
LSPIN,lspin_tf,mlp,0.007,0.05,0,2,0.99775247681114
LSPIN,lspin_tf,mlp,0.007,0.05,0,3,0.9863019201789078
LSPIN,lspin_tf,mlp,0.007,0.05,0,4,0.9948197383242776
LSPIN,lspin_tf,mlp,0.007,0.05,1,2,0.997410448319575
LSPIN,lspin_tf,mlp,0.007,0.05,1,3,0.9967555097254563
LSPIN,lspin_tf,mlp,0.007,0.05,1,4,0.995850065130825
LSPIN,lspin_tf,mlp,0.007,0.05,2,3,0.9905679908350474
LSPIN,lspin_tf,mlp,0.007,0.05,2,4,0.998667425046702
LSPIN,lspin_tf,mlp,0.007,0.05,3,4,0.9910543500497236
LSPIN,lspin_tf,mlp,0.00875,0.05,0,1,0.9986537680136962
LSPIN,lspin_tf,mlp,0.00875,0.05,0,2,0.9945703345789734
LSPIN,lspin_tf,mlp,0.00875,0.05,0,3,0.9969081740296284
LSPIN,lspin_tf,mlp,0.00875,0.05,0,4,0.9910321774756184
LSPIN,lspin_tf,mlp,0.00875,0.05,1,2,0.9928759649406372
LSPIN,lspin_tf,mlp,0.00875,0.05,1,3,0.9975896329286256
LSPIN,lspin_tf,mlp,0.00875,0.05,1,4,0.9880915774971653
LSPIN,lspin_tf,mlp,0.00875,0.05,2,3,0.99101105029079
LSPIN,lspin_tf,mlp,0.00875,0.05,2,4,0.9967416309399492
LSPIN,lspin_tf,mlp,0.00875,0.05,3,4,0.9889303203866524
LSPIN,lspin_tf,mlp,0.0105,0.05,0,1,0.9884730751589924
LSPIN,lspin_tf,mlp,0.0105,0.05,0,2,0.9965516483513456
LSPIN,lspin_tf,mlp,0.0105,0.05,0,3,0.9927333110665596
LSPIN,lspin_tf,mlp,0.0105,0.05,0,4,0.9985171208962156
LSPIN,lspin_tf,mlp,0.0105,0.05,1,2,0.99544245387704
LSPIN,lspin_tf,mlp,0.0105,0.05,1,3,0.9978685875574712
LSPIN,lspin_tf,mlp,0.0105,0.05,1,4,0.9882355723884984
LSPIN,lspin_tf,mlp,0.0105,0.05,2,3,0.998353367268888
LSPIN,lspin_tf,mlp,0.0105,0.05,2,4,0.9954191754495538
LSPIN,lspin_tf,mlp,0.0105,0.05,3,4,0.9925663546834804
LSPIN,lspin_tf,mlp,0.014,0.05,0,1,0.9946513380270476
LSPIN,lspin_tf,mlp,0.014,0.05,0,2,0.9980450014562536
LSPIN,lspin_tf,mlp,0.014,0.05,0,3,0.9923496008923438
LSPIN,lspin_tf,mlp,0.014,0.05,0,4,0.9922803124000128
LSPIN,lspin_tf,mlp,0.014,0.05,1,2,0.9946354979361752
LSPIN,lspin_tf,mlp,0.014,0.05,1,3,0.998849241167952
LSPIN,lspin_tf,mlp,0.014,0.05,1,4,0.9983578596609918
LSPIN,lspin_tf,mlp,0.014,0.05,2,3,0.9937100546586974
LSPIN,lspin_tf,mlp,0.014,0.05,2,4,0.9907688159729368
LSPIN,lspin_tf,mlp,0.014,0.05,3,4,0.9974825721122468
LSPIN,lspin_tf,mlp,0.021,0.05,0,1,0.988412051670172
LSPIN,lspin_tf,mlp,0.021,0.05,0,2,0.9896511673328946
LSPIN,lspin_tf,mlp,0.021,0.05,0,3,0.985805828768852
LSPIN,lspin_tf,mlp,0.021,0.05,0,4,0.9891730712584582
LSPIN,lspin_tf,mlp,0.021,0.05,1,2,0.998862138011406
LSPIN,lspin_tf,mlp,0.021,0.05,1,3,0.9978567735750128
LSPIN,lspin_tf,mlp,0.021,0.05,1,4,0.9970018487156832
LSPIN,lspin_tf,mlp,0.021,0.05,2,3,0.9980538706918016
LSPIN,lspin_tf,mlp,0.021,0.05,2,4,0.9973552312917672
LSPIN,lspin_tf,mlp,0.021,0.05,3,4,0.9984486974939496
LSPIN,lspin_tf,mlp,0.028,0.05,0,1,0.9972272334072684
LSPIN,lspin_tf,mlp,0.028,0.05,0,2,0.9935616811369165
LSPIN,lspin_tf,mlp,0.028,0.05,0,3,0.996697945616318
LSPIN,lspin_tf,mlp,0.028,0.05,0,4,0.9956413447127652
LSPIN,lspin_tf,mlp,0.028,0.05,1,2,0.9929783664907044
LSPIN,lspin_tf,mlp,0.028,0.05,1,3,0.9975675869242808
LSPIN,lspin_tf,mlp,0.028,0.05,1,4,0.9981534010237044
LSPIN,lspin_tf,mlp,0.028,0.05,2,3,0.9969172118578694
LSPIN,lspin_tf,mlp,0.028,0.05,2,4,0.9943026108318304
LSPIN,lspin_tf,mlp,0.028,0.05,3,4,0.9974461512458874
LSPIN,lspin_tf,mlp,0.0035,0.1,0,1,0.9907009929075472
LSPIN,lspin_tf,mlp,0.0035,0.1,0,2,0.9925641421232873
LSPIN,lspin_tf,mlp,0.0035,0.1,0,3,0.9901427904403064
LSPIN,lspin_tf,mlp,0.0035,0.1,0,4,0.9932334297932354
LSPIN,lspin_tf,mlp,0.0035,0.1,1,2,0.9731200821671724
LSPIN,lspin_tf,mlp,0.0035,0.1,1,3,0.995767812564903
LSPIN,lspin_tf,mlp,0.0035,0.1,1,4,0.999113537281023
LSPIN,lspin_tf,mlp,0.0035,0.1,2,3,0.9775082407040973
LSPIN,lspin_tf,mlp,0.0035,0.1,2,4,0.9770523693017836
LSPIN,lspin_tf,mlp,0.0035,0.1,3,4,0.9970212948718036
LSPIN,lspin_tf,mlp,0.00525,0.1,0,1,0.9914496505619856
LSPIN,lspin_tf,mlp,0.00525,0.1,0,2,0.9992808683281924
LSPIN,lspin_tf,mlp,0.00525,0.1,0,3,0.9839728218126144
LSPIN,lspin_tf,mlp,0.00525,0.1,0,4,0.9979150132536792
LSPIN,lspin_tf,mlp,0.00525,0.1,1,2,0.9886160777167964
LSPIN,lspin_tf,mlp,0.00525,0.1,1,3,0.993560737951274
LSPIN,lspin_tf,mlp,0.00525,0.1,1,4,0.9929755539168628
LSPIN,lspin_tf,mlp,0.00525,0.1,2,3,0.9813086055687514
LSPIN,lspin_tf,mlp,0.00525,0.1,2,4,0.9967958967187376
LSPIN,lspin_tf,mlp,0.00525,0.1,3,4,0.990066075850752
LSPIN,lspin_tf,mlp,0.007,0.1,0,1,0.9943218019209524
LSPIN,lspin_tf,mlp,0.007,0.1,0,2,0.9978455821752154
LSPIN,lspin_tf,mlp,0.007,0.1,0,3,0.9915497548358012
LSPIN,lspin_tf,mlp,0.007,0.1,0,4,0.9887264882375556
LSPIN,lspin_tf,mlp,0.007,0.1,1,2,0.9962000794084358
LSPIN,lspin_tf,mlp,0.007,0.1,1,3,0.9985722408158968
LSPIN,lspin_tf,mlp,0.007,0.1,1,4,0.9983085346730244
LSPIN,lspin_tf,mlp,0.007,0.1,2,3,0.993619967491567
LSPIN,lspin_tf,mlp,0.007,0.1,2,4,0.9912399195091912
LSPIN,lspin_tf,mlp,0.007,0.1,3,4,0.9971639348845004
LSPIN,lspin_tf,mlp,0.00875,0.1,0,1,0.9967036137851156
LSPIN,lspin_tf,mlp,0.00875,0.1,0,2,0.9943066353889762
LSPIN,lspin_tf,mlp,0.00875,0.1,0,3,0.9947400959002104
LSPIN,lspin_tf,mlp,0.00875,0.1,0,4,0.9953229854340404
LSPIN,lspin_tf,mlp,0.00875,0.1,1,2,0.9984384662053052
LSPIN,lspin_tf,mlp,0.00875,0.1,1,3,0.9985561237970692
LSPIN,lspin_tf,mlp,0.00875,0.1,1,4,0.998685992910038
LSPIN,lspin_tf,mlp,0.00875,0.1,2,3,0.997564926361701
LSPIN,lspin_tf,mlp,0.00875,0.1,2,4,0.9992323945597656
LSPIN,lspin_tf,mlp,0.00875,0.1,3,4,0.997288855438648
LSPIN,lspin_tf,mlp,0.0105,0.1,0,1,0.9972930157115026
LSPIN,lspin_tf,mlp,0.0105,0.1,0,2,0.9976083244816754
LSPIN,lspin_tf,mlp,0.0105,0.1,0,3,0.9982039552184396
LSPIN,lspin_tf,mlp,0.0105,0.1,0,4,0.9961810338662178
LSPIN,lspin_tf,mlp,0.0105,0.1,1,2,0.9954365400931074
LSPIN,lspin_tf,mlp,0.0105,0.1,1,3,0.9964642609965916
LSPIN,lspin_tf,mlp,0.0105,0.1,1,4,0.997541781539814
LSPIN,lspin_tf,mlp,0.0105,0.1,2,3,0.9982102076811268
LSPIN,lspin_tf,mlp,0.0105,0.1,2,4,0.9947778235793966
LSPIN,lspin_tf,mlp,0.0105,0.1,3,4,0.9977330542807802
LSPIN,lspin_tf,mlp,0.014,0.1,0,1,0.9794139721458054
LSPIN,lspin_tf,mlp,0.014,0.1,0,2,0.9990277736417104
LSPIN,lspin_tf,mlp,0.014,0.1,0,3,0.9925438342092026
LSPIN,lspin_tf,mlp,0.014,0.1,0,4,0.9958600175787844
LSPIN,lspin_tf,mlp,0.014,0.1,1,2,0.982685650608758
LSPIN,lspin_tf,mlp,0.014,0.1,1,3,0.9927720187149136
LSPIN,lspin_tf,mlp,0.014,0.1,1,4,0.9876827813874268
LSPIN,lspin_tf,mlp,0.014,0.1,2,3,0.9957843386185704
LSPIN,lspin_tf,mlp,0.014,0.1,2,4,0.995748085714473
LSPIN,lspin_tf,mlp,0.014,0.1,3,4,0.993358377226763
LSPIN,lspin_tf,mlp,0.021,0.1,0,1,0.9985160446114508
LSPIN,lspin_tf,mlp,0.021,0.1,0,2,0.9973493847630313
LSPIN,lspin_tf,mlp,0.021,0.1,0,3,0.997701902024462
LSPIN,lspin_tf,mlp,0.021,0.1,0,4,0.9955716146156776
LSPIN,lspin_tf,mlp,0.021,0.1,1,2,0.9990601782719376
LSPIN,lspin_tf,mlp,0.021,0.1,1,3,0.996344761502451
LSPIN,lspin_tf,mlp,0.021,0.1,1,4,0.9931599578479172
LSPIN,lspin_tf,mlp,0.021,0.1,2,3,0.994298950478546
LSPIN,lspin_tf,mlp,0.021,0.1,2,4,0.9901319879649128
LSPIN,lspin_tf,mlp,0.021,0.1,3,4,0.9984908643416044
LSPIN,lspin_tf,mlp,0.028,0.1,0,1,0.9983009548415176
LSPIN,lspin_tf,mlp,0.028,0.1,0,2,0.9970464514741868
LSPIN,lspin_tf,mlp,0.028,0.1,0,3,0.9945396521946585
LSPIN,lspin_tf,mlp,0.028,0.1,0,4,0.998641187594678
LSPIN,lspin_tf,mlp,0.028,0.1,1,2,0.9957202742304654
LSPIN,lspin_tf,mlp,0.028,0.1,1,3,0.9982051857700124
LSPIN,lspin_tf,mlp,0.028,0.1,1,4,0.9980804777518462
LSPIN,lspin_tf,mlp,0.028,0.1,2,3,0.9926577881455538
LSPIN,lspin_tf,mlp,0.028,0.1,2,4,0.996317896328478
LSPIN,lspin_tf,mlp,0.028,0.1,3,4,0.9949064538353654
Concrete,concrete,mlp,0.00075,0.0,0,1,0.994770088457767
Concrete,concrete,mlp,0.00075,0.0,0,2,0.9917422483042768
Concrete,concrete,mlp,0.00075,0.0,0,3,0.9897384463945104
Concrete,concrete,mlp,0.00075,0.0,0,4,0.9869514244980152
Concrete,concrete,mlp,0.00075,0.0,1,2,0.9902681908818696
Concrete,concrete,mlp,0.00075,0.0,1,3,0.9907839688260596
Concrete,concrete,mlp,0.00075,0.0,1,4,0.9850809972324466
Concrete,concrete,mlp,0.00075,0.0,2,3,0.9882922819009772
Concrete,concrete,mlp,0.00075,0.0,2,4,0.9900181638494502
Concrete,concrete,mlp,0.00075,0.0,3,4,0.9883901101882552
Concrete,concrete,mlp,0.001,0.0,0,1,0.991434521475623
Concrete,concrete,mlp,0.001,0.0,0,2,0.9919113972463915
Concrete,concrete,mlp,0.001,0.0,0,3,0.9873850321318371
Concrete,concrete,mlp,0.001,0.0,0,4,0.986029938000243
Concrete,concrete,mlp,0.001,0.0,1,2,0.9924440891192368
Concrete,concrete,mlp,0.001,0.0,1,3,0.990427760875785
Concrete,concrete,mlp,0.001,0.0,1,4,0.991439684148696
Concrete,concrete,mlp,0.001,0.0,2,3,0.984757230204799
Concrete,concrete,mlp,0.001,0.0,2,4,0.9879679763563288
Concrete,concrete,mlp,0.001,0.0,3,4,0.9923085114113134
Concrete,concrete,mlp,0.0015,0.0,0,1,0.9883425302018732
Concrete,concrete,mlp,0.0015,0.0,0,2,0.992464851159594
Concrete,concrete,mlp,0.0015,0.0,0,3,0.9935974278060272
Concrete,concrete,mlp,0.0015,0.0,0,4,0.9604442519539992
Concrete,concrete,mlp,0.0015,0.0,1,2,0.9887058167614065
Concrete,concrete,mlp,0.0015,0.0,1,3,0.9854810650750924
Concrete,concrete,mlp,0.0015,0.0,1,4,0.9763026583385196
Concrete,concrete,mlp,0.0015,0.0,2,3,0.9894665272694536
Concrete,concrete,mlp,0.0015,0.0,2,4,0.9707762359370908
Concrete,concrete,mlp,0.0015,0.0,3,4,0.9536413771037232
Concrete,concrete,mlp,0.002,0.0,0,1,0.993268810981114
Concrete,concrete,mlp,0.002,0.0,0,2,0.987099182588828
Concrete,concrete,mlp,0.002,0.0,0,3,0.993185729660626
Concrete,concrete,mlp,0.002,0.0,0,4,0.993331296164826
Concrete,concrete,mlp,0.002,0.0,1,2,0.9810225272955478
Concrete,concrete,mlp,0.002,0.0,1,3,0.9928371322981724
Concrete,concrete,mlp,0.002,0.0,1,4,0.9931308434551736
Concrete,concrete,mlp,0.002,0.0,2,3,0.982363506393247
Concrete,concrete,mlp,0.002,0.0,2,4,0.989593867856288
Concrete,concrete,mlp,0.002,0.0,3,4,0.993567410002063
Concrete,concrete,mlp,0.0025,0.0,0,1,0.9812534768342264
Concrete,concrete,mlp,0.0025,0.0,0,2,0.9934592652983324
Concrete,concrete,mlp,0.0025,0.0,0,3,0.9778801691701068
Concrete,concrete,mlp,0.0025,0.0,0,4,0.9931189921509476
Concrete,concrete,mlp,0.0025,0.0,1,2,0.9846784703912654
Concrete,concrete,mlp,0.0025,0.0,1,3,0.9876938028678812
Concrete,concrete,mlp,0.0025,0.0,1,4,0.9875514974191792
Concrete,concrete,mlp,0.0025,0.0,2,3,0.9766731619875278
Concrete,concrete,mlp,0.0025,0.0,2,4,0.9935686475373854
Concrete,concrete,mlp,0.0025,0.0,3,4,0.981911081768532
Concrete,concrete,mlp,0.003,0.0,0,1,0.9878948201972516
Concrete,concrete,mlp,0.003,0.0,0,2,0.9934817387120092
Concrete,concrete,mlp,0.003,0.0,0,3,0.9879463100124268
Concrete,concrete,mlp,0.003,0.0,0,4,0.9895964531543786
Concrete,concrete,mlp,0.003,0.0,1,2,0.990127215428594
Concrete,concrete,mlp,0.003,0.0,1,3,0.9875500138415394
Concrete,concrete,mlp,0.003,0.0,1,4,0.9940694406997914
Concrete,concrete,mlp,0.003,0.0,2,3,0.991401912186932
Concrete,concrete,mlp,0.003,0.0,2,4,0.989136550364212
Concrete,concrete,mlp,0.003,0.0,3,4,0.9824216783369132
Concrete,concrete,mlp,0.004,0.0,0,1,0.989912378890056
Concrete,concrete,mlp,0.004,0.0,0,2,0.98873593058635
Concrete,concrete,mlp,0.004,0.0,0,3,0.9885040496303864
Concrete,concrete,mlp,0.004,0.0,0,4,0.9823071139390882
Concrete,concrete,mlp,0.004,0.0,1,2,0.9908347730778856
Concrete,concrete,mlp,0.004,0.0,1,3,0.9913701242520744
Concrete,concrete,mlp,0.004,0.0,1,4,0.9862418455162264
Concrete,concrete,mlp,0.004,0.0,2,3,0.9870246129230426
Concrete,concrete,mlp,0.004,0.0,2,4,0.9866064753141752
Concrete,concrete,mlp,0.004,0.0,3,4,0.9813509411362588
Concrete,concrete,mlp,0.006,0.0,0,1,0.98887972715586
Concrete,concrete,mlp,0.006,0.0,0,2,0.9910459794149472
Concrete,concrete,mlp,0.006,0.0,0,3,0.9917480144056262
Concrete,concrete,mlp,0.006,0.0,0,4,0.9897831293263206
Concrete,concrete,mlp,0.006,0.0,1,2,0.9883887588741944
Concrete,concrete,mlp,0.006,0.0,1,3,0.9923084976197546
Concrete,concrete,mlp,0.006,0.0,1,4,0.9889884097897113
Concrete,concrete,mlp,0.006,0.0,2,3,0.9938490777232636
Concrete,concrete,mlp,0.006,0.0,2,4,0.9928744516231072
Concrete,concrete,mlp,0.006,0.0,3,4,0.9910922750311992
Concrete,concrete,mlp,0.00075,0.025,0,1,0.9974325855274744
Concrete,concrete,mlp,0.00075,0.025,0,2,0.9968253888649834
Concrete,concrete,mlp,0.00075,0.025,0,3,0.997855188632298
Concrete,concrete,mlp,0.00075,0.025,0,4,0.9966726729965676
Concrete,concrete,mlp,0.00075,0.025,1,2,0.9948262835214506
Concrete,concrete,mlp,0.00075,0.025,1,3,0.9968895925634824
Concrete,concrete,mlp,0.00075,0.025,1,4,0.9980281471180598
Concrete,concrete,mlp,0.00075,0.025,2,3,0.997995391237225
Concrete,concrete,mlp,0.00075,0.025,2,4,0.995627063998806
Concrete,concrete,mlp,0.00075,0.025,3,4,0.9968271317881334
Concrete,concrete,mlp,0.001,0.025,0,1,0.9981535604170432
Concrete,concrete,mlp,0.001,0.025,0,2,0.9921363435990636
Concrete,concrete,mlp,0.001,0.025,0,3,0.9915654106721224
Concrete,concrete,mlp,0.001,0.025,0,4,0.9952225035385928
Concrete,concrete,mlp,0.001,0.025,1,2,0.9936286416037644
Concrete,concrete,mlp,0.001,0.025,1,3,0.9926991867040528
Concrete,concrete,mlp,0.001,0.025,1,4,0.9973789304002734
Concrete,concrete,mlp,0.001,0.025,2,3,0.9969815331146832
Concrete,concrete,mlp,0.001,0.025,2,4,0.9902273962161716
Concrete,concrete,mlp,0.001,0.025,3,4,0.9890897015157754
Concrete,concrete,mlp,0.0015,0.025,0,1,0.9970509117580072
Concrete,concrete,mlp,0.0015,0.025,0,2,0.9910038137010004
Concrete,concrete,mlp,0.0015,0.025,0,3,0.984780659673663
Concrete,concrete,mlp,0.0015,0.025,0,4,0.9953531006213108
Concrete,concrete,mlp,0.0015,0.025,1,2,0.9936632315648044
Concrete,concrete,mlp,0.0015,0.025,1,3,0.9903229833904018
Concrete,concrete,mlp,0.0015,0.025,1,4,0.9979986373590636
Concrete,concrete,mlp,0.0015,0.025,2,3,0.9960429351019846
Concrete,concrete,mlp,0.0015,0.025,2,4,0.9927396952444026
Concrete,concrete,mlp,0.0015,0.025,3,4,0.99166753803244
Concrete,concrete,mlp,0.002,0.025,0,1,0.9936422972304302
Concrete,concrete,mlp,0.002,0.025,0,2,0.9959071887708064
Concrete,concrete,mlp,0.002,0.025,0,3,0.9930617304896698
Concrete,concrete,mlp,0.002,0.025,0,4,0.9946707749488874
Concrete,concrete,mlp,0.002,0.025,1,2,0.9966788164046604
Concrete,concrete,mlp,0.002,0.025,1,3,0.9964341597301822
Concrete,concrete,mlp,0.002,0.025,1,4,0.9979689176504176
Concrete,concrete,mlp,0.002,0.025,2,3,0.9950601700403088
Concrete,concrete,mlp,0.002,0.025,2,4,0.995714600614731
Concrete,concrete,mlp,0.002,0.025,3,4,0.9974293552455624
Concrete,concrete,mlp,0.0025,0.025,0,1,0.9953661630383058
Concrete,concrete,mlp,0.0025,0.025,0,2,0.9972718183745918
Concrete,concrete,mlp,0.0025,0.025,0,3,0.9926752416854068
Concrete,concrete,mlp,0.0025,0.025,0,4,0.993119856019088
Concrete,concrete,mlp,0.0025,0.025,1,2,0.9938802913075778
Concrete,concrete,mlp,0.0025,0.025,1,3,0.985123746579806
Concrete,concrete,mlp,0.0025,0.025,1,4,0.9857030675034923
Concrete,concrete,mlp,0.0025,0.025,2,3,0.9918215781468084
Concrete,concrete,mlp,0.0025,0.025,2,4,0.9920040462605686
Concrete,concrete,mlp,0.0025,0.025,3,4,0.9973309961034084
Concrete,concrete,mlp,0.003,0.025,0,1,0.9921771905895702
Concrete,concrete,mlp,0.003,0.025,0,2,0.9966306256407446
Concrete,concrete,mlp,0.003,0.025,0,3,0.9954372734258689
Concrete,concrete,mlp,0.003,0.025,0,4,0.998201073012336
Concrete,concrete,mlp,0.003,0.025,1,2,0.9949489071905766
Concrete,concrete,mlp,0.003,0.025,1,3,0.99035787482327
Concrete,concrete,mlp,0.003,0.025,1,4,0.991619441775176
Concrete,concrete,mlp,0.003,0.025,2,3,0.9950874534383772
Concrete,concrete,mlp,0.003,0.025,2,4,0.9962253158164328
Concrete,concrete,mlp,0.003,0.025,3,4,0.9956148564848905
Concrete,concrete,mlp,0.004,0.025,0,1,0.9976517528654546
Concrete,concrete,mlp,0.004,0.025,0,2,0.9943462635069538
Concrete,concrete,mlp,0.004,0.025,0,3,0.992276500406112
Concrete,concrete,mlp,0.004,0.025,0,4,0.9971016927675284
Concrete,concrete,mlp,0.004,0.025,1,2,0.9960935444460176
Concrete,concrete,mlp,0.004,0.025,1,3,0.9950039173368148
Concrete,concrete,mlp,0.004,0.025,1,4,0.9965687409149556
Concrete,concrete,mlp,0.004,0.025,2,3,0.9970967316519338
Concrete,concrete,mlp,0.004,0.025,2,4,0.9964899249639616
Concrete,concrete,mlp,0.004,0.025,3,4,0.9934665557638706
Concrete,concrete,mlp,0.006,0.025,0,1,0.9864696744921078
Concrete,concrete,mlp,0.006,0.025,0,2,0.992183296468866
Concrete,concrete,mlp,0.006,0.025,0,3,0.9973117607635964
Concrete,concrete,mlp,0.006,0.025,0,4,0.9843429469078234
Concrete,concrete,mlp,0.006,0.025,1,2,0.9943606241584309
Concrete,concrete,mlp,0.006,0.025,1,3,0.9884385252506288
Concrete,concrete,mlp,0.006,0.025,1,4,0.9947614234766858
Concrete,concrete,mlp,0.006,0.025,2,3,0.9943174031956242
Concrete,concrete,mlp,0.006,0.025,2,4,0.993998701205367
Concrete,concrete,mlp,0.006,0.025,3,4,0.986784122908604
Concrete,concrete,mlp,0.00075,0.05,0,1,0.9964233781799672
Concrete,concrete,mlp,0.00075,0.05,0,2,0.9972227316250524
Concrete,concrete,mlp,0.00075,0.05,0,3,0.9982479887851674
Concrete,concrete,mlp,0.00075,0.05,0,4,0.9979514816070189
Concrete,concrete,mlp,0.00075,0.05,1,2,0.996720180970833
Concrete,concrete,mlp,0.00075,0.05,1,3,0.9955833651148944
Concrete,concrete,mlp,0.00075,0.05,1,4,0.9967570525166648
Concrete,concrete,mlp,0.00075,0.05,2,3,0.997767393217855
Concrete,concrete,mlp,0.00075,0.05,2,4,0.9964272500018254
Concrete,concrete,mlp,0.00075,0.05,3,4,0.9962913407190632
Concrete,concrete,mlp,0.001,0.05,0,1,0.9968301354631935
Concrete,concrete,mlp,0.001,0.05,0,2,0.9841796147225044
Concrete,concrete,mlp,0.001,0.05,0,3,0.9966428648676536
Concrete,concrete,mlp,0.001,0.05,0,4,0.9785400966336594
Concrete,concrete,mlp,0.001,0.05,1,2,0.9890295895357504
Concrete,concrete,mlp,0.001,0.05,1,3,0.9974566388951216
Concrete,concrete,mlp,0.001,0.05,1,4,0.9822502528560024
Concrete,concrete,mlp,0.001,0.05,2,3,0.9926069444894496
Concrete,concrete,mlp,0.001,0.05,2,4,0.9963662475297638
Concrete,concrete,mlp,0.001,0.05,3,4,0.9876411655847251
Concrete,concrete,mlp,0.0015,0.05,0,1,0.9847718696795136
Concrete,concrete,mlp,0.0015,0.05,0,2,0.9962194301355112
Concrete,concrete,mlp,0.0015,0.05,0,3,0.9876130865145148
Concrete,concrete,mlp,0.0015,0.05,0,4,0.9934864925971184
Concrete,concrete,mlp,0.0015,0.05,1,2,0.9877372747762556
Concrete,concrete,mlp,0.0015,0.05,1,3,0.9965665606921852
Concrete,concrete,mlp,0.0015,0.05,1,4,0.9940620045723148
Concrete,concrete,mlp,0.0015,0.05,2,3,0.990274140832997
Concrete,concrete,mlp,0.0015,0.05,2,4,0.9930654691393648
Concrete,concrete,mlp,0.0015,0.05,3,4,0.9950322117595032
Concrete,concrete,mlp,0.002,0.05,0,1,0.985790191803736
Concrete,concrete,mlp,0.002,0.05,0,2,0.987568836152409
Concrete,concrete,mlp,0.002,0.05,0,3,0.9930010316076876
Concrete,concrete,mlp,0.002,0.05,0,4,0.9958767914801328
Concrete,concrete,mlp,0.002,0.05,1,2,0.997299632114773
Concrete,concrete,mlp,0.002,0.05,1,3,0.9962444397407728
Concrete,concrete,mlp,0.002,0.05,1,4,0.9915343855040604
Concrete,concrete,mlp,0.002,0.05,2,3,0.9953811605012136
Concrete,concrete,mlp,0.002,0.05,2,4,0.9932217520296828
Concrete,concrete,mlp,0.002,0.05,3,4,0.994246468890256
Concrete,concrete,mlp,0.0025,0.05,0,1,0.9917280500141578
Concrete,concrete,mlp,0.0025,0.05,0,2,0.983685670157842
Concrete,concrete,mlp,0.0025,0.05,0,3,0.9914751812253678
Concrete,concrete,mlp,0.0025,0.05,0,4,0.9889765129425672
Concrete,concrete,mlp,0.0025,0.05,1,2,0.9941809533782744
Concrete,concrete,mlp,0.0025,0.05,1,3,0.9977083832375626
Concrete,concrete,mlp,0.0025,0.05,1,4,0.9962550414518828
Concrete,concrete,mlp,0.0025,0.05,2,3,0.9946123954801446
Concrete,concrete,mlp,0.0025,0.05,2,4,0.9972397635068548
Concrete,concrete,mlp,0.0025,0.05,3,4,0.9968877347948808
Concrete,concrete,mlp,0.003,0.05,0,1,0.9883160138548752
Concrete,concrete,mlp,0.003,0.05,0,2,0.9950949353013124
Concrete,concrete,mlp,0.003,0.05,0,3,0.9964900872865332
Concrete,concrete,mlp,0.003,0.05,0,4,0.9968266790436128
Concrete,concrete,mlp,0.003,0.05,1,2,0.9932688684919848
Concrete,concrete,mlp,0.003,0.05,1,3,0.9907447015987484
Concrete,concrete,mlp,0.003,0.05,1,4,0.9905506588574928
Concrete,concrete,mlp,0.003,0.05,2,3,0.9980297755542826
Concrete,concrete,mlp,0.003,0.05,2,4,0.9965423694516744
Concrete,concrete,mlp,0.003,0.05,3,4,0.996701068571492
Concrete,concrete,mlp,0.004,0.05,0,1,0.9853349005436238
Concrete,concrete,mlp,0.004,0.05,0,2,0.990744190468878
Concrete,concrete,mlp,0.004,0.05,0,3,0.9956413528249868
Concrete,concrete,mlp,0.004,0.05,0,4,0.9930700244156092
Concrete,concrete,mlp,0.004,0.05,1,2,0.9952627126015278
Concrete,concrete,mlp,0.004,0.05,1,3,0.9843441325747352
Concrete,concrete,mlp,0.004,0.05,1,4,0.9939941840413924
Concrete,concrete,mlp,0.004,0.05,2,3,0.9920589871990018
Concrete,concrete,mlp,0.004,0.05,2,4,0.997453169577709
Concrete,concrete,mlp,0.004,0.05,3,4,0.9939129906208632
Concrete,concrete,mlp,0.006,0.05,0,1,0.9932247870487656
Concrete,concrete,mlp,0.006,0.05,0,2,0.9884157930258706
Concrete,concrete,mlp,0.006,0.05,0,3,0.9969067800980348
Concrete,concrete,mlp,0.006,0.05,0,4,0.9924855784075922
Concrete,concrete,mlp,0.006,0.05,1,2,0.9977974420155896
Concrete,concrete,mlp,0.006,0.05,1,3,0.991660751389371
Concrete,concrete,mlp,0.006,0.05,1,4,0.998271175835334
Concrete,concrete,mlp,0.006,0.05,2,3,0.988199024530576
Concrete,concrete,mlp,0.006,0.05,2,4,0.9978737789013804
Concrete,concrete,mlp,0.006,0.05,3,4,0.9922476059455492
Concrete,concrete,mlp,0.00075,0.1,0,1,0.9817374427418428
Concrete,concrete,mlp,0.00075,0.1,0,2,0.9796757485434616
Concrete,concrete,mlp,0.00075,0.1,0,3,0.9899119252850256
Concrete,concrete,mlp,0.00075,0.1,0,4,0.9974119300872256
Concrete,concrete,mlp,0.00075,0.1,1,2,0.9962625919595988
Concrete,concrete,mlp,0.00075,0.1,1,3,0.9962231136526302
Concrete,concrete,mlp,0.00075,0.1,1,4,0.9852875924114552
Concrete,concrete,mlp,0.00075,0.1,2,3,0.9941584037247624
Concrete,concrete,mlp,0.00075,0.1,2,4,0.9846452420988304
Concrete,concrete,mlp,0.00075,0.1,3,4,0.9924260207301426
Concrete,concrete,mlp,0.001,0.1,0,1,0.9947222855120054
Concrete,concrete,mlp,0.001,0.1,0,2,0.9924907556579088
Concrete,concrete,mlp,0.001,0.1,0,3,0.9964712171015044
Concrete,concrete,mlp,0.001,0.1,0,4,0.9951949914103406
Concrete,concrete,mlp,0.001,0.1,1,2,0.9884626046590294
Concrete,concrete,mlp,0.001,0.1,1,3,0.9917128950407522
Concrete,concrete,mlp,0.001,0.1,1,4,0.99142250091371
Concrete,concrete,mlp,0.001,0.1,2,3,0.9956719834053438
Concrete,concrete,mlp,0.001,0.1,2,4,0.9970243915784072
Concrete,concrete,mlp,0.001,0.1,3,4,0.9964933019558724
Concrete,concrete,mlp,0.0015,0.1,0,1,0.9978908272422132
Concrete,concrete,mlp,0.0015,0.1,0,2,0.9949851443098046
Concrete,concrete,mlp,0.0015,0.1,0,3,0.9958527518418684
Concrete,concrete,mlp,0.0015,0.1,0,4,0.9945002533557576
Concrete,concrete,mlp,0.0015,0.1,1,2,0.9970192270399952
Concrete,concrete,mlp,0.0015,0.1,1,3,0.9935473556366624
Concrete,concrete,mlp,0.0015,0.1,1,4,0.991437073253108
Concrete,concrete,mlp,0.0015,0.1,2,3,0.986751915140462
Concrete,concrete,mlp,0.0015,0.1,2,4,0.9847351798946888
Concrete,concrete,mlp,0.0015,0.1,3,4,0.9980958736375156
Concrete,concrete,mlp,0.002,0.1,0,1,0.9965610934761764
Concrete,concrete,mlp,0.002,0.1,0,2,0.997699038186668
Concrete,concrete,mlp,0.002,0.1,0,3,0.9956896171246048
Concrete,concrete,mlp,0.002,0.1,0,4,0.995248502898962
Concrete,concrete,mlp,0.002,0.1,1,2,0.997908243978024
Concrete,concrete,mlp,0.002,0.1,1,3,0.991665000986144
Concrete,concrete,mlp,0.002,0.1,1,4,0.996555345210175
Concrete,concrete,mlp,0.002,0.1,2,3,0.9935844649006824
Concrete,concrete,mlp,0.002,0.1,2,4,0.996922147070456
Concrete,concrete,mlp,0.002,0.1,3,4,0.9902569086829788
Concrete,concrete,mlp,0.0025,0.1,0,1,0.997190967562722
Concrete,concrete,mlp,0.0025,0.1,0,2,0.996120656858349
Concrete,concrete,mlp,0.0025,0.1,0,3,0.9948487032424208
Concrete,concrete,mlp,0.0025,0.1,0,4,0.9962322281313426
Concrete,concrete,mlp,0.0025,0.1,1,2,0.9966909926597566
Concrete,concrete,mlp,0.0025,0.1,1,3,0.9945572619331786
Concrete,concrete,mlp,0.0025,0.1,1,4,0.9950238510827912
Concrete,concrete,mlp,0.0025,0.1,2,3,0.99253282676444
Concrete,concrete,mlp,0.0025,0.1,2,4,0.994159707756026
Concrete,concrete,mlp,0.0025,0.1,3,4,0.9927498420065288
Concrete,concrete,mlp,0.003,0.1,0,1,0.9934537841552002
Concrete,concrete,mlp,0.003,0.1,0,2,0.9971270620776757
Concrete,concrete,mlp,0.003,0.1,0,3,0.9775424697553192
Concrete,concrete,mlp,0.003,0.1,0,4,0.9739394405985182
Concrete,concrete,mlp,0.003,0.1,1,2,0.9955110817010704
Concrete,concrete,mlp,0.003,0.1,1,3,0.9923667074938236
Concrete,concrete,mlp,0.003,0.1,1,4,0.991795703312811
Concrete,concrete,mlp,0.003,0.1,2,3,0.9831457668369066
Concrete,concrete,mlp,0.003,0.1,2,4,0.980998008976483
Concrete,concrete,mlp,0.003,0.1,3,4,0.9960481454801368
Concrete,concrete,mlp,0.004,0.1,0,1,0.9846258864539966
Concrete,concrete,mlp,0.004,0.1,0,2,0.9877194986142024
Concrete,concrete,mlp,0.004,0.1,0,3,0.987625019765376
Concrete,concrete,mlp,0.004,0.1,0,4,0.9910203630565716
Concrete,concrete,mlp,0.004,0.1,1,2,0.9975743102011098
Concrete,concrete,mlp,0.004,0.1,1,3,0.9971833358316222
Concrete,concrete,mlp,0.004,0.1,1,4,0.9953124347075304
Concrete,concrete,mlp,0.004,0.1,2,3,0.9976426673587372
Concrete,concrete,mlp,0.004,0.1,2,4,0.9974438405233708
Concrete,concrete,mlp,0.004,0.1,3,4,0.997144140238864
Concrete,concrete,mlp,0.006,0.1,0,1,0.9958767478853278
Concrete,concrete,mlp,0.006,0.1,0,2,0.9970443706941198
Concrete,concrete,mlp,0.006,0.1,0,3,0.9947429293441524
Concrete,concrete,mlp,0.006,0.1,0,4,0.9934700844868424
Concrete,concrete,mlp,0.006,0.1,1,2,0.9951003310851954
Concrete,concrete,mlp,0.006,0.1,1,3,0.991168914422878
Concrete,concrete,mlp,0.006,0.1,1,4,0.9898653037458788
Concrete,concrete,mlp,0.006,0.1,2,3,0.9935326078093862
Concrete,concrete,mlp,0.006,0.1,2,4,0.992347195693842
Concrete,concrete,mlp,0.006,0.1,3,4,0.998363067594174
Concrete,concrete,mlp,0.00075,0.0,0,1,0.9913907608028352
Concrete,concrete,mlp,0.00075,0.0,0,2,0.9917749779230476
Concrete,concrete,mlp,0.00075,0.0,0,3,0.9918196088401876
Concrete,concrete,mlp,0.00075,0.0,0,4,0.9853489855277144
Concrete,concrete,mlp,0.00075,0.0,1,2,0.9954054251052256
Concrete,concrete,mlp,0.00075,0.0,1,3,0.9926707358226118
Concrete,concrete,mlp,0.00075,0.0,1,4,0.9838799195671828
Concrete,concrete,mlp,0.00075,0.0,2,3,0.9934862706183214
Concrete,concrete,mlp,0.00075,0.0,2,4,0.9851820448464442
Concrete,concrete,mlp,0.00075,0.0,3,4,0.9789342936435984
Concrete,concrete,mlp,0.001,0.0,0,1,0.9865841487872726
Concrete,concrete,mlp,0.001,0.0,0,2,0.9837795559766398
Concrete,concrete,mlp,0.001,0.0,0,3,0.9849183986079152
Concrete,concrete,mlp,0.001,0.0,0,4,0.989133206840897
Concrete,concrete,mlp,0.001,0.0,1,2,0.9873351782030476
Concrete,concrete,mlp,0.001,0.0,1,3,0.9885768948135096
Concrete,concrete,mlp,0.001,0.0,1,4,0.9843418112669194
Concrete,concrete,mlp,0.001,0.0,2,3,0.977516960717502
Concrete,concrete,mlp,0.001,0.0,2,4,0.9897235881619324
Concrete,concrete,mlp,0.001,0.0,3,4,0.9775244279894012
Concrete,concrete,mlp,0.0015,0.0,0,1,0.9893109476153888
Concrete,concrete,mlp,0.0015,0.0,0,2,0.98846736405542
Concrete,concrete,mlp,0.0015,0.0,0,3,0.980820666096226
Concrete,concrete,mlp,0.0015,0.0,0,4,0.9880214336233384
Concrete,concrete,mlp,0.0015,0.0,1,2,0.992237768797148
Concrete,concrete,mlp,0.0015,0.0,1,3,0.9859779056729489
Concrete,concrete,mlp,0.0015,0.0,1,4,0.99390260557088
Concrete,concrete,mlp,0.0015,0.0,2,3,0.9885432232092058
Concrete,concrete,mlp,0.0015,0.0,2,4,0.9930472047680974
Concrete,concrete,mlp,0.0015,0.0,3,4,0.9855257524778934
Concrete,concrete,mlp,0.002,0.0,0,1,0.9919043326499932
Concrete,concrete,mlp,0.002,0.0,0,2,0.994365189352941
Concrete,concrete,mlp,0.002,0.0,0,3,0.9922618028368811
Concrete,concrete,mlp,0.002,0.0,0,4,0.9896115747020178
Concrete,concrete,mlp,0.002,0.0,1,2,0.9946020238552248
Concrete,concrete,mlp,0.002,0.0,1,3,0.9923464311525332
Concrete,concrete,mlp,0.002,0.0,1,4,0.9880807003451244
Concrete,concrete,mlp,0.002,0.0,2,3,0.99413374580666
Concrete,concrete,mlp,0.002,0.0,2,4,0.9894959611185068
Concrete,concrete,mlp,0.002,0.0,3,4,0.990121388782937
Concrete,concrete,mlp,0.0025,0.0,0,1,0.9833963344719396
Concrete,concrete,mlp,0.0025,0.0,0,2,0.9904373857677088
Concrete,concrete,mlp,0.0025,0.0,0,3,0.9909904692981278
Concrete,concrete,mlp,0.0025,0.0,0,4,0.9842726727996453
Concrete,concrete,mlp,0.0025,0.0,1,2,0.9740376452563796
Concrete,concrete,mlp,0.0025,0.0,1,3,0.977940656606162
Concrete,concrete,mlp,0.0025,0.0,1,4,0.9866054934186697
Concrete,concrete,mlp,0.0025,0.0,2,3,0.9945864920073568
Concrete,concrete,mlp,0.0025,0.0,2,4,0.9826005591021596
Concrete,concrete,mlp,0.0025,0.0,3,4,0.9893371350694902
Concrete,concrete,mlp,0.003,0.0,0,1,0.987462138861425
Concrete,concrete,mlp,0.003,0.0,0,2,0.9921202155782328
Concrete,concrete,mlp,0.003,0.0,0,3,0.9870187453984252
Concrete,concrete,mlp,0.003,0.0,0,4,0.98926494995337
Concrete,concrete,mlp,0.003,0.0,1,2,0.9856010546687192
Concrete,concrete,mlp,0.003,0.0,1,3,0.9921955096205888
Concrete,concrete,mlp,0.003,0.0,1,4,0.9932395309688408
Concrete,concrete,mlp,0.003,0.0,2,3,0.9885375667342778
Concrete,concrete,mlp,0.003,0.0,2,4,0.9897863304919484
Concrete,concrete,mlp,0.003,0.0,3,4,0.9932008799984712
Concrete,concrete,mlp,0.004,0.0,0,1,0.987823898979531
Concrete,concrete,mlp,0.004,0.0,0,2,0.9930069821147312
Concrete,concrete,mlp,0.004,0.0,0,3,0.9921774229659776
Concrete,concrete,mlp,0.004,0.0,0,4,0.993142170284881
Concrete,concrete,mlp,0.004,0.0,1,2,0.992231376676338
Concrete,concrete,mlp,0.004,0.0,1,3,0.9919818644390858
Concrete,concrete,mlp,0.004,0.0,1,4,0.9908758183966824
Concrete,concrete,mlp,0.004,0.0,2,3,0.9919822315075414
Concrete,concrete,mlp,0.004,0.0,2,4,0.9927551720035672
Concrete,concrete,mlp,0.004,0.0,3,4,0.9928920496009142
Concrete,concrete,mlp,0.006,0.0,0,1,0.9856054053894456
Concrete,concrete,mlp,0.006,0.0,0,2,0.9839118352872516
Concrete,concrete,mlp,0.006,0.0,0,3,0.9884863417734846
Concrete,concrete,mlp,0.006,0.0,0,4,0.9907550630832532
Concrete,concrete,mlp,0.006,0.0,1,2,0.9873917216381056
Concrete,concrete,mlp,0.006,0.0,1,3,0.9773791443354658
Concrete,concrete,mlp,0.006,0.0,1,4,0.9793683784809808
Concrete,concrete,mlp,0.006,0.0,2,3,0.9698194345655136
Concrete,concrete,mlp,0.006,0.0,2,4,0.9778256960421962
Concrete,concrete,mlp,0.006,0.0,3,4,0.9917902475856406
Concrete,concrete,mlp,0.00075,0.025,0,1,0.9973473000513716
Concrete,concrete,mlp,0.00075,0.025,0,2,0.9834744517793416
Concrete,concrete,mlp,0.00075,0.025,0,3,0.9950129531507204
Concrete,concrete,mlp,0.00075,0.025,0,4,0.9936189482611558
Concrete,concrete,mlp,0.00075,0.025,1,2,0.9889294563279942
Concrete,concrete,mlp,0.00075,0.025,1,3,0.9970267989138109
Concrete,concrete,mlp,0.00075,0.025,1,4,0.9902254812475704
Concrete,concrete,mlp,0.00075,0.025,2,3,0.9931995552810554
Concrete,concrete,mlp,0.00075,0.025,2,4,0.96663079647377
Concrete,concrete,mlp,0.00075,0.025,3,4,0.9861300535225624
Concrete,concrete,mlp,0.001,0.025,0,1,0.9959749046491472
Concrete,concrete,mlp,0.001,0.025,0,2,0.996610776978848
Concrete,concrete,mlp,0.001,0.025,0,3,0.9961201394529244
Concrete,concrete,mlp,0.001,0.025,0,4,0.9948611147994848
Concrete,concrete,mlp,0.001,0.025,1,2,0.9947024051192244
Concrete,concrete,mlp,0.001,0.025,1,3,0.9959433023025172
Concrete,concrete,mlp,0.001,0.025,1,4,0.9959698083337246
Concrete,concrete,mlp,0.001,0.025,2,3,0.9967003127535964
Concrete,concrete,mlp,0.001,0.025,2,4,0.994972766380922
Concrete,concrete,mlp,0.001,0.025,3,4,0.9951173567042634
Concrete,concrete,mlp,0.0015,0.025,0,1,0.9978837236768564
Concrete,concrete,mlp,0.0015,0.025,0,2,0.9965899041378904
Concrete,concrete,mlp,0.0015,0.025,0,3,0.9939296136242762
Concrete,concrete,mlp,0.0015,0.025,0,4,0.9950536430577
Concrete,concrete,mlp,0.0015,0.025,1,2,0.996948252912196
Concrete,concrete,mlp,0.0015,0.025,1,3,0.9923772733681016
Concrete,concrete,mlp,0.0015,0.025,1,4,0.9960777151170987
Concrete,concrete,mlp,0.0015,0.025,2,3,0.9970126197442808
Concrete,concrete,mlp,0.0015,0.025,2,4,0.9927666155907848
Concrete,concrete,mlp,0.0015,0.025,3,4,0.985901205405561
Concrete,concrete,mlp,0.002,0.025,0,1,0.9959942081450665
Concrete,concrete,mlp,0.002,0.025,0,2,0.9928755404417684
Concrete,concrete,mlp,0.002,0.025,0,3,0.993098408395161
Concrete,concrete,mlp,0.002,0.025,0,4,0.9935646288848587
Concrete,concrete,mlp,0.002,0.025,1,2,0.9968322207429052
Concrete,concrete,mlp,0.002,0.025,1,3,0.9965439029633344
Concrete,concrete,mlp,0.002,0.025,1,4,0.9963277391870664
Concrete,concrete,mlp,0.002,0.025,2,3,0.9953494534400013
Concrete,concrete,mlp,0.002,0.025,2,4,0.9952093264091012
Concrete,concrete,mlp,0.002,0.025,3,4,0.9949115263151536
Concrete,concrete,mlp,0.0025,0.025,0,1,0.9934181023067704
Concrete,concrete,mlp,0.0025,0.025,0,2,0.9897660680049858
Concrete,concrete,mlp,0.0025,0.025,0,3,0.9964592932856072
Concrete,concrete,mlp,0.0025,0.025,0,4,0.9893999185175664
Concrete,concrete,mlp,0.0025,0.025,1,2,0.9945946314151805
Concrete,concrete,mlp,0.0025,0.025,1,3,0.9977956194729112
Concrete,concrete,mlp,0.0025,0.025,1,4,0.9969995939315008
Concrete,concrete,mlp,0.0025,0.025,2,3,0.9941085653643804
Concrete,concrete,mlp,0.0025,0.025,2,4,0.9964402180666134
Concrete,concrete,mlp,0.0025,0.025,3,4,0.9951743946256562
Concrete,concrete,mlp,0.003,0.025,0,1,0.9981264833768568
Concrete,concrete,mlp,0.003,0.025,0,2,0.9978559568933288
Concrete,concrete,mlp,0.003,0.025,0,3,0.9956860904596132
Concrete,concrete,mlp,0.003,0.025,0,4,0.9963018348254704
Concrete,concrete,mlp,0.003,0.025,1,2,0.9975857692950078
Concrete,concrete,mlp,0.003,0.025,1,3,0.9968263450623702
Concrete,concrete,mlp,0.003,0.025,1,4,0.9959589182878026
Concrete,concrete,mlp,0.003,0.025,2,3,0.9937900156947316
Concrete,concrete,mlp,0.003,0.025,2,4,0.9957994797416236
Concrete,concrete,mlp,0.003,0.025,3,4,0.9940968711393676
Concrete,concrete,mlp,0.004,0.025,0,1,0.9817550957765796
Concrete,concrete,mlp,0.004,0.025,0,2,0.9942172010428328
Concrete,concrete,mlp,0.004,0.025,0,3,0.9932140118040866
Concrete,concrete,mlp,0.004,0.025,0,4,0.995128647563136
Concrete,concrete,mlp,0.004,0.025,1,2,0.990445524018828
Concrete,concrete,mlp,0.004,0.025,1,3,0.990541834385664
Concrete,concrete,mlp,0.004,0.025,1,4,0.987332240095076
Concrete,concrete,mlp,0.004,0.025,2,3,0.996393291078818
Concrete,concrete,mlp,0.004,0.025,2,4,0.9961224093251956
Concrete,concrete,mlp,0.004,0.025,3,4,0.997514008652894
Concrete,concrete,mlp,0.006,0.025,0,1,0.9921565584434988
Concrete,concrete,mlp,0.006,0.025,0,2,0.996453405744603
Concrete,concrete,mlp,0.006,0.025,0,3,0.9960145117693144
Concrete,concrete,mlp,0.006,0.025,0,4,0.9901345372381388
Concrete,concrete,mlp,0.006,0.025,1,2,0.9963608368811286
Concrete,concrete,mlp,0.006,0.025,1,3,0.9876779951795304
Concrete,concrete,mlp,0.006,0.025,1,4,0.9851370316746556
Concrete,concrete,mlp,0.006,0.025,2,3,0.9939585902383884
Concrete,concrete,mlp,0.006,0.025,2,4,0.9892524221125828
Concrete,concrete,mlp,0.006,0.025,3,4,0.9892176657734372
Concrete,concrete,mlp,0.00075,0.05,0,1,0.9969224317894272
Concrete,concrete,mlp,0.00075,0.05,0,2,0.9966283777300388
Concrete,concrete,mlp,0.00075,0.05,0,3,0.9908657960324218
Concrete,concrete,mlp,0.00075,0.05,0,4,0.9888940655416952
Concrete,concrete,mlp,0.00075,0.05,1,2,0.9940321862080672
Concrete,concrete,mlp,0.00075,0.05,1,3,0.992268504412952
Concrete,concrete,mlp,0.00075,0.05,1,4,0.992167650445101
Concrete,concrete,mlp,0.00075,0.05,2,3,0.9922809578153292
Concrete,concrete,mlp,0.00075,0.05,2,4,0.9903144100220356
Concrete,concrete,mlp,0.00075,0.05,3,4,0.996862957564278
Concrete,concrete,mlp,0.001,0.05,0,1,0.9958725756212712
Concrete,concrete,mlp,0.001,0.05,0,2,0.9927661227728752
Concrete,concrete,mlp,0.001,0.05,0,3,0.9888323975683846
Concrete,concrete,mlp,0.001,0.05,0,4,0.9949717414900768
Concrete,concrete,mlp,0.001,0.05,1,2,0.9968349307794124
Concrete,concrete,mlp,0.001,0.05,1,3,0.9957092590027422
Concrete,concrete,mlp,0.001,0.05,1,4,0.9951522176161456
Concrete,concrete,mlp,0.001,0.05,2,3,0.9973827701769082
Concrete,concrete,mlp,0.001,0.05,2,4,0.9944725860292346
Concrete,concrete,mlp,0.001,0.05,3,4,0.9912379845553916
Concrete,concrete,mlp,0.0015,0.05,0,1,0.9944952806126512
Concrete,concrete,mlp,0.0015,0.05,0,2,0.9975185082045164
Concrete,concrete,mlp,0.0015,0.05,0,3,0.9976567169096064
Concrete,concrete,mlp,0.0015,0.05,0,4,0.9974452307208956
Concrete,concrete,mlp,0.0015,0.05,1,2,0.9912354118970218
Concrete,concrete,mlp,0.0015,0.05,1,3,0.9941928754331096
Concrete,concrete,mlp,0.0015,0.05,1,4,0.9959532632232648
Concrete,concrete,mlp,0.0015,0.05,2,3,0.9975716525933538
Concrete,concrete,mlp,0.0015,0.05,2,4,0.9972614997132186
Concrete,concrete,mlp,0.0015,0.05,3,4,0.9980104446673884
Concrete,concrete,mlp,0.002,0.05,0,1,0.9891876674151402
Concrete,concrete,mlp,0.002,0.05,0,2,0.9949761118212676
Concrete,concrete,mlp,0.002,0.05,0,3,0.9957767891010844
Concrete,concrete,mlp,0.002,0.05,0,4,0.9943968733551608
Concrete,concrete,mlp,0.002,0.05,1,2,0.9902137024663196
Concrete,concrete,mlp,0.002,0.05,1,3,0.988073433014086
Concrete,concrete,mlp,0.002,0.05,1,4,0.9790499171998894
Concrete,concrete,mlp,0.002,0.05,2,3,0.9962557364907054
Concrete,concrete,mlp,0.002,0.05,2,4,0.9943192938948392
Concrete,concrete,mlp,0.002,0.05,3,4,0.996285920644682
Concrete,concrete,mlp,0.0025,0.05,0,1,0.9916044514508474
Concrete,concrete,mlp,0.0025,0.05,0,2,0.9944041143697432
Concrete,concrete,mlp,0.0025,0.05,0,3,0.9911920176680326
Concrete,concrete,mlp,0.0025,0.05,0,4,0.9942823289448832
Concrete,concrete,mlp,0.0025,0.05,1,2,0.9978533993074018
Concrete,concrete,mlp,0.0025,0.05,1,3,0.998067061070766
Concrete,concrete,mlp,0.0025,0.05,1,4,0.997319514468531
Concrete,concrete,mlp,0.0025,0.05,2,3,0.997260150849402
Concrete,concrete,mlp,0.0025,0.05,2,4,0.9972120647005376
Concrete,concrete,mlp,0.0025,0.05,3,4,0.9968579625641388
Concrete,concrete,mlp,0.003,0.05,0,1,0.9940793753251448
Concrete,concrete,mlp,0.003,0.05,0,2,0.9955290110863791
Concrete,concrete,mlp,0.003,0.05,0,3,0.99643065994235
Concrete,concrete,mlp,0.003,0.05,0,4,0.9932470902515056
Concrete,concrete,mlp,0.003,0.05,1,2,0.997447841880121
Concrete,concrete,mlp,0.003,0.05,1,3,0.9974621363844504
Concrete,concrete,mlp,0.003,0.05,1,4,0.981878511492876
Concrete,concrete,mlp,0.003,0.05,2,3,0.9967111866634586
Concrete,concrete,mlp,0.003,0.05,2,4,0.9849813987931496
Concrete,concrete,mlp,0.003,0.05,3,4,0.986281344144343
Concrete,concrete,mlp,0.004,0.05,0,1,0.9975640305936296
Concrete,concrete,mlp,0.004,0.05,0,2,0.995294855053666
Concrete,concrete,mlp,0.004,0.05,0,3,0.997440517324736
Concrete,concrete,mlp,0.004,0.05,0,4,0.991083892226284
Concrete,concrete,mlp,0.004,0.05,1,2,0.993385468789834
Concrete,concrete,mlp,0.004,0.05,1,3,0.9967967011627918
Concrete,concrete,mlp,0.004,0.05,1,4,0.9953351771954267
Concrete,concrete,mlp,0.004,0.05,2,3,0.997714602182356
Concrete,concrete,mlp,0.004,0.05,2,4,0.9870906123191482
Concrete,concrete,mlp,0.004,0.05,3,4,0.9910093529104924
Concrete,concrete,mlp,0.006,0.05,0,1,0.990796227369572
Concrete,concrete,mlp,0.006,0.05,0,2,0.986030428667033
Concrete,concrete,mlp,0.006,0.05,0,3,0.9955454043500604
Concrete,concrete,mlp,0.006,0.05,0,4,0.990361459974407
Concrete,concrete,mlp,0.006,0.05,1,2,0.997511353408193
Concrete,concrete,mlp,0.006,0.05,1,3,0.9888549731078372
Concrete,concrete,mlp,0.006,0.05,1,4,0.995443576582604
Concrete,concrete,mlp,0.006,0.05,2,3,0.9843157172606508
Concrete,concrete,mlp,0.006,0.05,2,4,0.9964109543141796
Concrete,concrete,mlp,0.006,0.05,3,4,0.9899771196637484
Concrete,concrete,mlp,0.00075,0.1,0,1,0.9931219713513632
Concrete,concrete,mlp,0.00075,0.1,0,2,0.9865038984331314
Concrete,concrete,mlp,0.00075,0.1,0,3,0.9761636465196376
Concrete,concrete,mlp,0.00075,0.1,0,4,0.9974734023994808
Concrete,concrete,mlp,0.00075,0.1,1,2,0.9964605492289268
Concrete,concrete,mlp,0.00075,0.1,1,3,0.9910998815569037
Concrete,concrete,mlp,0.00075,0.1,1,4,0.996502840687006
Concrete,concrete,mlp,0.00075,0.1,2,3,0.996738703823136
Concrete,concrete,mlp,0.00075,0.1,2,4,0.9915372675565388
Concrete,concrete,mlp,0.00075,0.1,3,4,0.984095783699359
Concrete,concrete,mlp,0.001,0.1,0,1,0.9961465562185524
Concrete,concrete,mlp,0.001,0.1,0,2,0.9934861175921224
Concrete,concrete,mlp,0.001,0.1,0,3,0.9837943346450284
Concrete,concrete,mlp,0.001,0.1,0,4,0.9976681363604748
Concrete,concrete,mlp,0.001,0.1,1,2,0.9926154621913578
Concrete,concrete,mlp,0.001,0.1,1,3,0.9810231561924376
Concrete,concrete,mlp,0.001,0.1,1,4,0.9959158741014243
Concrete,concrete,mlp,0.001,0.1,2,3,0.992814964878636
Concrete,concrete,mlp,0.001,0.1,2,4,0.9948239800647104
Concrete,concrete,mlp,0.001,0.1,3,4,0.9879086575468592
Concrete,concrete,mlp,0.0015,0.1,0,1,0.9931111835930072
Concrete,concrete,mlp,0.0015,0.1,0,2,0.9927333445541692
Concrete,concrete,mlp,0.0015,0.1,0,3,0.9966935873259856
Concrete,concrete,mlp,0.0015,0.1,0,4,0.9945319101038904
Concrete,concrete,mlp,0.0015,0.1,1,2,0.9967663211328724
Concrete,concrete,mlp,0.0015,0.1,1,3,0.9909507592308324
Concrete,concrete,mlp,0.0015,0.1,1,4,0.9944528790857649
Concrete,concrete,mlp,0.0015,0.1,2,3,0.9908241868167796
Concrete,concrete,mlp,0.0015,0.1,2,4,0.9936298385657008
Concrete,concrete,mlp,0.0015,0.1,3,4,0.9930442127754904
Concrete,concrete,mlp,0.002,0.1,0,1,0.9818825513258146
Concrete,concrete,mlp,0.002,0.1,0,2,0.9958666450395348
Concrete,concrete,mlp,0.002,0.1,0,3,0.991801243821054
Concrete,concrete,mlp,0.002,0.1,0,4,0.9929162500717594
Concrete,concrete,mlp,0.002,0.1,1,2,0.9866814568606352
Concrete,concrete,mlp,0.002,0.1,1,3,0.9922867347536056
Concrete,concrete,mlp,0.002,0.1,1,4,0.969295011634276
Concrete,concrete,mlp,0.002,0.1,2,3,0.9935895411691276
Concrete,concrete,mlp,0.002,0.1,2,4,0.9904204805075276
Concrete,concrete,mlp,0.002,0.1,3,4,0.977411828623458
Concrete,concrete,mlp,0.0025,0.1,0,1,0.9957595005490724
Concrete,concrete,mlp,0.0025,0.1,0,2,0.9920538327429208
Concrete,concrete,mlp,0.0025,0.1,0,3,0.9855502281359396
Concrete,concrete,mlp,0.0025,0.1,0,4,0.9931973354003676
Concrete,concrete,mlp,0.0025,0.1,1,2,0.9951758107797009
Concrete,concrete,mlp,0.0025,0.1,1,3,0.991182526179918
Concrete,concrete,mlp,0.0025,0.1,1,4,0.9968770648194388
Concrete,concrete,mlp,0.0025,0.1,2,3,0.9934275143754188
Concrete,concrete,mlp,0.0025,0.1,2,4,0.9965362568747996
Concrete,concrete,mlp,0.0025,0.1,3,4,0.9965404690893898
Concrete,concrete,mlp,0.003,0.1,0,1,0.989372546859691
Concrete,concrete,mlp,0.003,0.1,0,2,0.9976137881624488
Concrete,concrete,mlp,0.003,0.1,0,3,0.9728261075698638
Concrete,concrete,mlp,0.003,0.1,0,4,0.9954685426321482
Concrete,concrete,mlp,0.003,0.1,1,2,0.9885647063119518
Concrete,concrete,mlp,0.003,0.1,1,3,0.9920314202717472
Concrete,concrete,mlp,0.003,0.1,1,4,0.9952754071195146
Concrete,concrete,mlp,0.003,0.1,2,3,0.9700735648789288
Concrete,concrete,mlp,0.003,0.1,2,4,0.9958618871453024
Concrete,concrete,mlp,0.003,0.1,3,4,0.983475869556032
Concrete,concrete,mlp,0.004,0.1,0,1,0.9953170807600272
Concrete,concrete,mlp,0.004,0.1,0,2,0.99535206852899
Concrete,concrete,mlp,0.004,0.1,0,3,0.996549674788307
Concrete,concrete,mlp,0.004,0.1,0,4,0.9973800129798353
Concrete,concrete,mlp,0.004,0.1,1,2,0.9909190737461284
Concrete,concrete,mlp,0.004,0.1,1,3,0.9925454447791536
Concrete,concrete,mlp,0.004,0.1,1,4,0.9942623892142364
Concrete,concrete,mlp,0.004,0.1,2,3,0.9964485713452466
Concrete,concrete,mlp,0.004,0.1,2,4,0.99628847577829
Concrete,concrete,mlp,0.004,0.1,3,4,0.9965394353048476
Concrete,concrete,mlp,0.006,0.1,0,1,0.9971898820900976
Concrete,concrete,mlp,0.006,0.1,0,2,0.9944852121272236
Concrete,concrete,mlp,0.006,0.1,0,3,0.9903599863117338
Concrete,concrete,mlp,0.006,0.1,0,4,0.9971092692554498
Concrete,concrete,mlp,0.006,0.1,1,2,0.9954669897391196
Concrete,concrete,mlp,0.006,0.1,1,3,0.9906392940629348
Concrete,concrete,mlp,0.006,0.1,1,4,0.9979330751337608
Concrete,concrete,mlp,0.006,0.1,2,3,0.989107783142497
Concrete,concrete,mlp,0.006,0.1,2,4,0.9975112119684932
Concrete,concrete,mlp,0.006,0.1,3,4,0.9902962904965
L-LSPIN,lspin_tf,linear,0.0035,0.0,0,1,0.9879208192434888
L-LSPIN,lspin_tf,linear,0.0035,0.0,0,2,0.9908756614781684
L-LSPIN,lspin_tf,linear,0.0035,0.0,0,3,0.9896702751390816
L-LSPIN,lspin_tf,linear,0.0035,0.0,0,4,0.9948139078457056
L-LSPIN,lspin_tf,linear,0.0035,0.0,1,2,0.9813742082468088
L-LSPIN,lspin_tf,linear,0.0035,0.0,1,3,0.9836505442740556
L-LSPIN,lspin_tf,linear,0.0035,0.0,1,4,0.984842401220308
L-LSPIN,lspin_tf,linear,0.0035,0.0,2,3,0.9864606916369714
L-LSPIN,lspin_tf,linear,0.0035,0.0,2,4,0.9901556122628185
L-LSPIN,lspin_tf,linear,0.0035,0.0,3,4,0.9863770627116424
L-LSPIN,lspin_tf,linear,0.00525,0.0,0,1,0.9882726033419372
L-LSPIN,lspin_tf,linear,0.00525,0.0,0,2,0.9918816710265672
L-LSPIN,lspin_tf,linear,0.00525,0.0,0,3,0.988182950344104
L-LSPIN,lspin_tf,linear,0.00525,0.0,0,4,0.98782980846863
L-LSPIN,lspin_tf,linear,0.00525,0.0,1,2,0.9909374265218792
L-LSPIN,lspin_tf,linear,0.00525,0.0,1,3,0.9881758688468876
L-LSPIN,lspin_tf,linear,0.00525,0.0,1,4,0.986112849005148
L-LSPIN,lspin_tf,linear,0.00525,0.0,2,3,0.9867069559078596
L-LSPIN,lspin_tf,linear,0.00525,0.0,2,4,0.9838675426466298
L-LSPIN,lspin_tf,linear,0.00525,0.0,3,4,0.9899113572234052
L-LSPIN,lspin_tf,linear,0.007,0.0,0,1,0.9903149181563616
L-LSPIN,lspin_tf,linear,0.007,0.0,0,2,0.9897544912936512
L-LSPIN,lspin_tf,linear,0.007,0.0,0,3,0.9870805109679848
L-LSPIN,lspin_tf,linear,0.007,0.0,0,4,0.9856383607847706
L-LSPIN,lspin_tf,linear,0.007,0.0,1,2,0.9941436691021794
L-LSPIN,lspin_tf,linear,0.007,0.0,1,3,0.9928968864245832
L-LSPIN,lspin_tf,linear,0.007,0.0,1,4,0.9911227749468854
L-LSPIN,lspin_tf,linear,0.007,0.0,2,3,0.993842822180084
L-LSPIN,lspin_tf,linear,0.007,0.0,2,4,0.9926734040873528
L-LSPIN,lspin_tf,linear,0.007,0.0,3,4,0.9963597565927138
L-LSPIN,lspin_tf,linear,0.00875,0.0,0,1,0.9743605862134196
L-LSPIN,lspin_tf,linear,0.00875,0.0,0,2,0.9828896922169036
L-LSPIN,lspin_tf,linear,0.00875,0.0,0,3,0.9721810313603936
L-LSPIN,lspin_tf,linear,0.00875,0.0,0,4,0.978470684737736
L-LSPIN,lspin_tf,linear,0.00875,0.0,1,2,0.9831333210918134
L-LSPIN,lspin_tf,linear,0.00875,0.0,1,3,0.9897808969161992
L-LSPIN,lspin_tf,linear,0.00875,0.0,1,4,0.9891681612378485
L-LSPIN,lspin_tf,linear,0.00875,0.0,2,3,0.9781601336667683
L-LSPIN,lspin_tf,linear,0.00875,0.0,2,4,0.9763263833848056
L-LSPIN,lspin_tf,linear,0.00875,0.0,3,4,0.9894409258160948
L-LSPIN,lspin_tf,linear,0.0105,0.0,0,1,0.9647345298989062
L-LSPIN,lspin_tf,linear,0.0105,0.0,0,2,0.9789461737523404
L-LSPIN,lspin_tf,linear,0.0105,0.0,0,3,0.9816614229693728
L-LSPIN,lspin_tf,linear,0.0105,0.0,0,4,0.9946673619242932
L-LSPIN,lspin_tf,linear,0.0105,0.0,1,2,0.9842132923839488
L-LSPIN,lspin_tf,linear,0.0105,0.0,1,3,0.9803193754935992
L-LSPIN,lspin_tf,linear,0.0105,0.0,1,4,0.9679008185153508
L-LSPIN,lspin_tf,linear,0.0105,0.0,2,3,0.9919165268287043
L-LSPIN,lspin_tf,linear,0.0105,0.0,2,4,0.9819121756812056
L-LSPIN,lspin_tf,linear,0.0105,0.0,3,4,0.9831711768527516
L-LSPIN,lspin_tf,linear,0.014,0.0,0,1,0.9839463604128652
L-LSPIN,lspin_tf,linear,0.014,0.0,0,2,0.991835774248624
L-LSPIN,lspin_tf,linear,0.014,0.0,0,3,0.9800297012573252
L-LSPIN,lspin_tf,linear,0.014,0.0,0,4,0.9884345325633112
L-LSPIN,lspin_tf,linear,0.014,0.0,1,2,0.9858049385957676
L-LSPIN,lspin_tf,linear,0.014,0.0,1,3,0.9871643497775436
L-LSPIN,lspin_tf,linear,0.014,0.0,1,4,0.9697663890273712
L-LSPIN,lspin_tf,linear,0.014,0.0,2,3,0.9843690363929216
L-LSPIN,lspin_tf,linear,0.014,0.0,2,4,0.9823068931978572
L-LSPIN,lspin_tf,linear,0.014,0.0,3,4,0.969238214394454
L-LSPIN,lspin_tf,linear,0.021,0.0,0,1,0.9610362864244514
L-LSPIN,lspin_tf,linear,0.021,0.0,0,2,0.9446837106497344
L-LSPIN,lspin_tf,linear,0.021,0.0,0,3,0.96718020536062
L-LSPIN,lspin_tf,linear,0.021,0.0,0,4,0.9662166569436764
L-LSPIN,lspin_tf,linear,0.021,0.0,1,2,0.9763261395452292
L-LSPIN,lspin_tf,linear,0.021,0.0,1,3,0.9822716019226124
L-LSPIN,lspin_tf,linear,0.021,0.0,1,4,0.9806318204302542
L-LSPIN,lspin_tf,linear,0.021,0.0,2,3,0.9870552802918254
L-LSPIN,lspin_tf,linear,0.021,0.0,2,4,0.9818610526395232
L-LSPIN,lspin_tf,linear,0.021,0.0,3,4,0.9900375055736262
L-LSPIN,lspin_tf,linear,0.028,0.0,0,1,0.967462977190502
L-LSPIN,lspin_tf,linear,0.028,0.0,0,2,0.9575874256471096
L-LSPIN,lspin_tf,linear,0.028,0.0,0,3,0.9657208599774132
L-LSPIN,lspin_tf,linear,0.028,0.0,0,4,0.9700908331704672
L-LSPIN,lspin_tf,linear,0.028,0.0,1,2,0.9568997063939896
L-LSPIN,lspin_tf,linear,0.028,0.0,1,3,0.971894399812236
L-LSPIN,lspin_tf,linear,0.028,0.0,1,4,0.9742726439587014
L-LSPIN,lspin_tf,linear,0.028,0.0,2,3,0.9662620749418708
L-LSPIN,lspin_tf,linear,0.028,0.0,2,4,0.9572905634809168
L-LSPIN,lspin_tf,linear,0.028,0.0,3,4,0.9890273152269276
L-LSPIN,lspin_tf,linear,0.0035,0.025,0,1,0.9877565162129676
L-LSPIN,lspin_tf,linear,0.0035,0.025,0,2,0.9782691093565786
L-LSPIN,lspin_tf,linear,0.0035,0.025,0,3,0.9937334394040304
L-LSPIN,lspin_tf,linear,0.0035,0.025,0,4,0.990757639860284
L-LSPIN,lspin_tf,linear,0.0035,0.025,1,2,0.9814043900793163
L-LSPIN,lspin_tf,linear,0.0035,0.025,1,3,0.995942455490898
L-LSPIN,lspin_tf,linear,0.0035,0.025,1,4,0.9974834548311602
L-LSPIN,lspin_tf,linear,0.0035,0.025,2,3,0.9851399820188352
L-LSPIN,lspin_tf,linear,0.0035,0.025,2,4,0.9910831238939942
L-LSPIN,lspin_tf,linear,0.0035,0.025,3,4,0.9969206831116452
L-LSPIN,lspin_tf,linear,0.00525,0.025,0,1,0.9964624829992212
L-LSPIN,lspin_tf,linear,0.00525,0.025,0,2,0.9963287685818016
L-LSPIN,lspin_tf,linear,0.00525,0.025,0,3,0.9841897703615026
L-LSPIN,lspin_tf,linear,0.00525,0.025,0,4,0.9949385921589784
L-LSPIN,lspin_tf,linear,0.00525,0.025,1,2,0.9981019153753866
L-LSPIN,lspin_tf,linear,0.00525,0.025,1,3,0.9800735412145586
L-LSPIN,lspin_tf,linear,0.00525,0.025,1,4,0.9965744278194768
L-LSPIN,lspin_tf,linear,0.00525,0.025,2,3,0.9755685661372596
L-LSPIN,lspin_tf,linear,0.00525,0.025,2,4,0.9979008583672015
L-LSPIN,lspin_tf,linear,0.00525,0.025,3,4,0.9771252712276596
L-LSPIN,lspin_tf,linear,0.007,0.025,0,1,0.9940524310172222
L-LSPIN,lspin_tf,linear,0.007,0.025,0,2,0.9984757942533028
L-LSPIN,lspin_tf,linear,0.007,0.025,0,3,0.9919975214873588
L-LSPIN,lspin_tf,linear,0.007,0.025,0,4,0.9881988718997
L-LSPIN,lspin_tf,linear,0.007,0.025,1,2,0.992658317845117
L-LSPIN,lspin_tf,linear,0.007,0.025,1,3,0.9971125705193394
L-LSPIN,lspin_tf,linear,0.007,0.025,1,4,0.9897617994739768
L-LSPIN,lspin_tf,linear,0.007,0.025,2,3,0.9902443118588594
L-LSPIN,lspin_tf,linear,0.007,0.025,2,4,0.9832586115088724
L-LSPIN,lspin_tf,linear,0.007,0.025,3,4,0.9927834581300776
L-LSPIN,lspin_tf,linear,0.00875,0.025,0,1,0.9933563423866372
L-LSPIN,lspin_tf,linear,0.00875,0.025,0,2,0.9922632169834325
L-LSPIN,lspin_tf,linear,0.00875,0.025,0,3,0.9910794885591656
L-LSPIN,lspin_tf,linear,0.00875,0.025,0,4,0.9904760742984496
L-LSPIN,lspin_tf,linear,0.00875,0.025,1,2,0.9899531189005992
L-LSPIN,lspin_tf,linear,0.00875,0.025,1,3,0.9931356362579536
L-LSPIN,lspin_tf,linear,0.00875,0.025,1,4,0.9928253078790044
L-LSPIN,lspin_tf,linear,0.00875,0.025,2,3,0.991528125824158
L-LSPIN,lspin_tf,linear,0.00875,0.025,2,4,0.9887771035393864
L-LSPIN,lspin_tf,linear,0.00875,0.025,3,4,0.9970737462472196
L-LSPIN,lspin_tf,linear,0.0105,0.025,0,1,0.9891273774965952
L-LSPIN,lspin_tf,linear,0.0105,0.025,0,2,0.994155501865273
L-LSPIN,lspin_tf,linear,0.0105,0.025,0,3,0.9943930960967036
L-LSPIN,lspin_tf,linear,0.0105,0.025,0,4,0.9953027936073514
L-LSPIN,lspin_tf,linear,0.0105,0.025,1,2,0.9926516791854002
L-LSPIN,lspin_tf,linear,0.0105,0.025,1,3,0.9926711522009676
L-LSPIN,lspin_tf,linear,0.0105,0.025,1,4,0.9834604513942554
L-LSPIN,lspin_tf,linear,0.0105,0.025,2,3,0.99755167072803
L-LSPIN,lspin_tf,linear,0.0105,0.025,2,4,0.9911053242982508
L-LSPIN,lspin_tf,linear,0.0105,0.025,3,4,0.9913466198597504
L-LSPIN,lspin_tf,linear,0.014,0.025,0,1,0.9947558352892693
L-LSPIN,lspin_tf,linear,0.014,0.025,0,2,0.995675648893908
L-LSPIN,lspin_tf,linear,0.014,0.025,0,3,0.9961573144091804
L-LSPIN,lspin_tf,linear,0.014,0.025,0,4,0.994325757097399
L-LSPIN,lspin_tf,linear,0.014,0.025,1,2,0.9916937499580436
L-LSPIN,lspin_tf,linear,0.014,0.025,1,3,0.9930912261492968
L-LSPIN,lspin_tf,linear,0.014,0.025,1,4,0.9938737481114572
L-LSPIN,lspin_tf,linear,0.014,0.025,2,3,0.9963941807119316
L-LSPIN,lspin_tf,linear,0.014,0.025,2,4,0.9922427749421264
L-LSPIN,lspin_tf,linear,0.014,0.025,3,4,0.9897810157622208
L-LSPIN,lspin_tf,linear,0.021,0.025,0,1,0.9606744455026288
L-LSPIN,lspin_tf,linear,0.021,0.025,0,2,0.9783089038156196
L-LSPIN,lspin_tf,linear,0.021,0.025,0,3,0.9728516266517444
L-LSPIN,lspin_tf,linear,0.021,0.025,0,4,0.9701783195056288
L-LSPIN,lspin_tf,linear,0.021,0.025,1,2,0.9910917564888752
L-LSPIN,lspin_tf,linear,0.021,0.025,1,3,0.986584090340096
L-LSPIN,lspin_tf,linear,0.021,0.025,1,4,0.9874891377833168
L-LSPIN,lspin_tf,linear,0.021,0.025,2,3,0.992900823950188
L-LSPIN,lspin_tf,linear,0.021,0.025,2,4,0.9877637451992513
L-LSPIN,lspin_tf,linear,0.021,0.025,3,4,0.989550800980562
L-LSPIN,lspin_tf,linear,0.028,0.025,0,1,0.9459169547454755
L-LSPIN,lspin_tf,linear,0.028,0.025,0,2,0.9385641453477244
L-LSPIN,lspin_tf,linear,0.028,0.025,0,3,0.9253718882807896
L-LSPIN,lspin_tf,linear,0.028,0.025,0,4,0.9518006403698988
L-LSPIN,lspin_tf,linear,0.028,0.025,1,2,0.9902745889859288
L-LSPIN,lspin_tf,linear,0.028,0.025,1,3,0.9464855069726354
L-LSPIN,lspin_tf,linear,0.028,0.025,1,4,0.9904390357206058
L-LSPIN,lspin_tf,linear,0.028,0.025,2,3,0.9402525617154232
L-LSPIN,lspin_tf,linear,0.028,0.025,2,4,0.9875908083193572
L-LSPIN,lspin_tf,linear,0.028,0.025,3,4,0.9373103239699077
L-LSPIN,lspin_tf,linear,0.0035,0.05,0,1,0.9881485677818392
L-LSPIN,lspin_tf,linear,0.0035,0.05,0,2,0.995664303710608
L-LSPIN,lspin_tf,linear,0.0035,0.05,0,3,0.9954325725221568
L-LSPIN,lspin_tf,linear,0.0035,0.05,0,4,0.9924836482930232
L-LSPIN,lspin_tf,linear,0.0035,0.05,1,2,0.9933759866210832
L-LSPIN,lspin_tf,linear,0.0035,0.05,1,3,0.9874455332263252
L-LSPIN,lspin_tf,linear,0.0035,0.05,1,4,0.9965022548133036
L-LSPIN,lspin_tf,linear,0.0035,0.05,2,3,0.998140283983244
L-LSPIN,lspin_tf,linear,0.0035,0.05,2,4,0.9928697422335288
L-LSPIN,lspin_tf,linear,0.0035,0.05,3,4,0.9881028652887854
L-LSPIN,lspin_tf,linear,0.00525,0.05,0,1,0.9964509425869388
L-LSPIN,lspin_tf,linear,0.00525,0.05,0,2,0.995376280589948
L-LSPIN,lspin_tf,linear,0.00525,0.05,0,3,0.9878899667532988
L-LSPIN,lspin_tf,linear,0.00525,0.05,0,4,0.9977703145725518
L-LSPIN,lspin_tf,linear,0.00525,0.05,1,2,0.9887731453641224
L-LSPIN,lspin_tf,linear,0.00525,0.05,1,3,0.9885702798963306
L-LSPIN,lspin_tf,linear,0.00525,0.05,1,4,0.9987707125885948
L-LSPIN,lspin_tf,linear,0.00525,0.05,2,3,0.9817855412630104
L-LSPIN,lspin_tf,linear,0.00525,0.05,2,4,0.9916198100244248
L-LSPIN,lspin_tf,linear,0.00525,0.05,3,4,0.9860084468560932
L-LSPIN,lspin_tf,linear,0.007,0.05,0,1,0.9972919689768652
L-LSPIN,lspin_tf,linear,0.007,0.05,0,2,0.99549510047344
L-LSPIN,lspin_tf,linear,0.007,0.05,0,3,0.9973796138425618
L-LSPIN,lspin_tf,linear,0.007,0.05,0,4,0.9942318585127096
L-LSPIN,lspin_tf,linear,0.007,0.05,1,2,0.9972165602538776
L-LSPIN,lspin_tf,linear,0.007,0.05,1,3,0.9956313433865912
L-LSPIN,lspin_tf,linear,0.007,0.05,1,4,0.9974290375844148
L-LSPIN,lspin_tf,linear,0.007,0.05,2,3,0.9981277432515084
L-LSPIN,lspin_tf,linear,0.007,0.05,2,4,0.9986463760567998
L-LSPIN,lspin_tf,linear,0.007,0.05,3,4,0.99650908421872
L-LSPIN,lspin_tf,linear,0.00875,0.05,0,1,0.9943175927014032
L-LSPIN,lspin_tf,linear,0.00875,0.05,0,2,0.9908553212165964
L-LSPIN,lspin_tf,linear,0.00875,0.05,0,3,0.9878755481598732
L-LSPIN,lspin_tf,linear,0.00875,0.05,0,4,0.995517673666954
L-LSPIN,lspin_tf,linear,0.00875,0.05,1,2,0.9917898485194442
L-LSPIN,lspin_tf,linear,0.00875,0.05,1,3,0.9927737174795728
L-LSPIN,lspin_tf,linear,0.00875,0.05,1,4,0.9953276973616664
L-LSPIN,lspin_tf,linear,0.00875,0.05,2,3,0.9979009249818194
L-LSPIN,lspin_tf,linear,0.00875,0.05,2,4,0.9927086511305656
L-LSPIN,lspin_tf,linear,0.00875,0.05,3,4,0.9931334644054756
L-LSPIN,lspin_tf,linear,0.0105,0.05,0,1,0.9980094110109644
L-LSPIN,lspin_tf,linear,0.0105,0.05,0,2,0.9898908869482403
L-LSPIN,lspin_tf,linear,0.0105,0.05,0,3,0.9958684209037818
L-LSPIN,lspin_tf,linear,0.0105,0.05,0,4,0.9967485024379572
L-LSPIN,lspin_tf,linear,0.0105,0.05,1,2,0.9886391076709868
L-LSPIN,lspin_tf,linear,0.0105,0.05,1,3,0.9953894351667658
L-LSPIN,lspin_tf,linear,0.0105,0.05,1,4,0.9963364287796932
L-LSPIN,lspin_tf,linear,0.0105,0.05,2,3,0.9909446035080096
L-LSPIN,lspin_tf,linear,0.0105,0.05,2,4,0.9933205113249266
L-LSPIN,lspin_tf,linear,0.0105,0.05,3,4,0.9938842561014865
L-LSPIN,lspin_tf,linear,0.014,0.05,0,1,0.9907408732811702
L-LSPIN,lspin_tf,linear,0.014,0.05,0,2,0.9908623182466372
L-LSPIN,lspin_tf,linear,0.014,0.05,0,3,0.9950598701612524
L-LSPIN,lspin_tf,linear,0.014,0.05,0,4,0.9945781436814998
L-LSPIN,lspin_tf,linear,0.014,0.05,1,2,0.9961779056540738
L-LSPIN,lspin_tf,linear,0.014,0.05,1,3,0.9939738416635534
L-LSPIN,lspin_tf,linear,0.014,0.05,1,4,0.9972503994650466
L-LSPIN,lspin_tf,linear,0.014,0.05,2,3,0.9937036287617388
L-LSPIN,lspin_tf,linear,0.014,0.05,2,4,0.9976020899525088
L-LSPIN,lspin_tf,linear,0.014,0.05,3,4,0.9953532140300771
L-LSPIN,lspin_tf,linear,0.021,0.05,0,1,0.9871212469042094
L-LSPIN,lspin_tf,linear,0.021,0.05,0,2,0.9934165550958712
L-LSPIN,lspin_tf,linear,0.021,0.05,0,3,0.9886907487625384
L-LSPIN,lspin_tf,linear,0.021,0.05,0,4,0.9922931736144924
L-LSPIN,lspin_tf,linear,0.021,0.05,1,2,0.9918156595519714
L-LSPIN,lspin_tf,linear,0.021,0.05,1,3,0.9930662207980968
L-LSPIN,lspin_tf,linear,0.021,0.05,1,4,0.9894076990662056
L-LSPIN,lspin_tf,linear,0.021,0.05,2,3,0.9932213333237478
L-LSPIN,lspin_tf,linear,0.021,0.05,2,4,0.9922289675599336
L-LSPIN,lspin_tf,linear,0.021,0.05,3,4,0.9909400649761944
L-LSPIN,lspin_tf,linear,0.028,0.05,0,1,0.9873835993104176
L-LSPIN,lspin_tf,linear,0.028,0.05,0,2,0.991618637962404
L-LSPIN,lspin_tf,linear,0.028,0.05,0,3,0.9896826849090338
L-LSPIN,lspin_tf,linear,0.028,0.05,0,4,0.99526402227196
L-LSPIN,lspin_tf,linear,0.028,0.05,1,2,0.9864577706742866
L-LSPIN,lspin_tf,linear,0.028,0.05,1,3,0.985854082697785
L-LSPIN,lspin_tf,linear,0.028,0.05,1,4,0.9875678147879132
L-LSPIN,lspin_tf,linear,0.028,0.05,2,3,0.9902984140363272
L-LSPIN,lspin_tf,linear,0.028,0.05,2,4,0.9886038134434126
L-LSPIN,lspin_tf,linear,0.028,0.05,3,4,0.9882451569724852
L-LSPIN,lspin_tf,linear,0.0035,0.1,0,1,0.984434033453751
L-LSPIN,lspin_tf,linear,0.0035,0.1,0,2,0.9809493986236928
L-LSPIN,lspin_tf,linear,0.0035,0.1,0,3,0.988060791994832
L-LSPIN,lspin_tf,linear,0.0035,0.1,0,4,0.9934855138989274
L-LSPIN,lspin_tf,linear,0.0035,0.1,1,2,0.9860430500727162
L-LSPIN,lspin_tf,linear,0.0035,0.1,1,3,0.9897792785183492
L-LSPIN,lspin_tf,linear,0.0035,0.1,1,4,0.9930671479706186
L-LSPIN,lspin_tf,linear,0.0035,0.1,2,3,0.9937242241705064
L-LSPIN,lspin_tf,linear,0.0035,0.1,2,4,0.9917037662767656
L-LSPIN,lspin_tf,linear,0.0035,0.1,3,4,0.9983584626572832
L-LSPIN,lspin_tf,linear,0.00525,0.1,0,1,0.9922176045506182
L-LSPIN,lspin_tf,linear,0.00525,0.1,0,2,0.9951754568401908
L-LSPIN,lspin_tf,linear,0.00525,0.1,0,3,0.9978884604088768
L-LSPIN,lspin_tf,linear,0.00525,0.1,0,4,0.9936078870991476
L-LSPIN,lspin_tf,linear,0.00525,0.1,1,2,0.99834429554832
L-LSPIN,lspin_tf,linear,0.00525,0.1,1,3,0.9883411709715334
L-LSPIN,lspin_tf,linear,0.00525,0.1,1,4,0.9984684208662762
L-LSPIN,lspin_tf,linear,0.00525,0.1,2,3,0.9904956126365254
L-LSPIN,lspin_tf,linear,0.00525,0.1,2,4,0.9967843626993144
L-LSPIN,lspin_tf,linear,0.00525,0.1,3,4,0.992423449007474
L-LSPIN,lspin_tf,linear,0.007,0.1,0,1,0.9771007542423442
L-LSPIN,lspin_tf,linear,0.007,0.1,0,2,0.9891955766006534
L-LSPIN,lspin_tf,linear,0.007,0.1,0,3,0.989649494073848
L-LSPIN,lspin_tf,linear,0.007,0.1,0,4,0.9980755724101952
L-LSPIN,lspin_tf,linear,0.007,0.1,1,2,0.9907979385410616
L-LSPIN,lspin_tf,linear,0.007,0.1,1,3,0.986913983507773
L-LSPIN,lspin_tf,linear,0.007,0.1,1,4,0.9673048602894962
L-LSPIN,lspin_tf,linear,0.007,0.1,2,3,0.9971984601703264
L-LSPIN,lspin_tf,linear,0.007,0.1,2,4,0.9855201426572984
L-LSPIN,lspin_tf,linear,0.007,0.1,3,4,0.9885231599548056
L-LSPIN,lspin_tf,linear,0.00875,0.1,0,1,0.998630700952752
L-LSPIN,lspin_tf,linear,0.00875,0.1,0,2,0.9976665704784394
L-LSPIN,lspin_tf,linear,0.00875,0.1,0,3,0.9966769785253964
L-LSPIN,lspin_tf,linear,0.00875,0.1,0,4,0.99076798905368
L-LSPIN,lspin_tf,linear,0.00875,0.1,1,2,0.9991696461872446
L-LSPIN,lspin_tf,linear,0.00875,0.1,1,3,0.9946353183802544
L-LSPIN,lspin_tf,linear,0.00875,0.1,1,4,0.9921103594716082
L-LSPIN,lspin_tf,linear,0.00875,0.1,2,3,0.9920205197621448
L-LSPIN,lspin_tf,linear,0.00875,0.1,2,4,0.9909116771256452
L-LSPIN,lspin_tf,linear,0.00875,0.1,3,4,0.9942874473336376
L-LSPIN,lspin_tf,linear,0.0105,0.1,0,1,0.995160529491784
L-LSPIN,lspin_tf,linear,0.0105,0.1,0,2,0.9955559140069205
L-LSPIN,lspin_tf,linear,0.0105,0.1,0,3,0.9925303047210632
L-LSPIN,lspin_tf,linear,0.0105,0.1,0,4,0.9947511791677696
L-LSPIN,lspin_tf,linear,0.0105,0.1,1,2,0.9896997633482598
L-LSPIN,lspin_tf,linear,0.0105,0.1,1,3,0.9968381968258184
L-LSPIN,lspin_tf,linear,0.0105,0.1,1,4,0.9885997993466242
L-LSPIN,lspin_tf,linear,0.0105,0.1,2,3,0.9876484383665708
L-LSPIN,lspin_tf,linear,0.0105,0.1,2,4,0.9901742925780216
L-LSPIN,lspin_tf,linear,0.0105,0.1,3,4,0.9809146588100506
L-LSPIN,lspin_tf,linear,0.014,0.1,0,1,0.990981317429086
L-LSPIN,lspin_tf,linear,0.014,0.1,0,2,0.9922365650357944
L-LSPIN,lspin_tf,linear,0.014,0.1,0,3,0.9926514836423193
L-LSPIN,lspin_tf,linear,0.014,0.1,0,4,0.996344892753814
L-LSPIN,lspin_tf,linear,0.014,0.1,1,2,0.9963478208128383
L-LSPIN,lspin_tf,linear,0.014,0.1,1,3,0.998630699570655
L-LSPIN,lspin_tf,linear,0.014,0.1,1,4,0.9897173910271744
L-LSPIN,lspin_tf,linear,0.014,0.1,2,3,0.9982864457344676
L-LSPIN,lspin_tf,linear,0.014,0.1,2,4,0.9949364399288988
L-LSPIN,lspin_tf,linear,0.014,0.1,3,4,0.9942628896944176
L-LSPIN,lspin_tf,linear,0.021,0.1,0,1,0.995071055522454
L-LSPIN,lspin_tf,linear,0.021,0.1,0,2,0.9959461767329314
L-LSPIN,lspin_tf,linear,0.021,0.1,0,3,0.9970296306632616
L-LSPIN,lspin_tf,linear,0.021,0.1,0,4,0.9965897442692546
L-LSPIN,lspin_tf,linear,0.021,0.1,1,2,0.9911421446533638
L-LSPIN,lspin_tf,linear,0.021,0.1,1,3,0.9944832266592456
L-LSPIN,lspin_tf,linear,0.021,0.1,1,4,0.994918290663006
L-LSPIN,lspin_tf,linear,0.021,0.1,2,3,0.9927544886461848
L-LSPIN,lspin_tf,linear,0.021,0.1,2,4,0.9937689023773222
L-LSPIN,lspin_tf,linear,0.021,0.1,3,4,0.9967225585313364
L-LSPIN,lspin_tf,linear,0.028,0.1,0,1,0.9961740677239496
L-LSPIN,lspin_tf,linear,0.028,0.1,0,2,0.994589504894117
L-LSPIN,lspin_tf,linear,0.028,0.1,0,3,0.9954740278470438
L-LSPIN,lspin_tf,linear,0.028,0.1,0,4,0.9938258807743304
L-LSPIN,lspin_tf,linear,0.028,0.1,1,2,0.9954824013901036
L-LSPIN,lspin_tf,linear,0.028,0.1,1,3,0.9975977201492398
L-LSPIN,lspin_tf,linear,0.028,0.1,1,4,0.9973787169597724
L-LSPIN,lspin_tf,linear,0.028,0.1,2,3,0.9915622214552308
L-LSPIN,lspin_tf,linear,0.028,0.1,2,4,0.9912651769848744
L-LSPIN,lspin_tf,linear,0.028,0.1,3,4,0.9974501880540028
L-LSPIN,lspin_tf,linear,0.0035,0.0,0,1,0.9863634357597604
L-LSPIN,lspin_tf,linear,0.0035,0.0,0,2,0.9916170449474342
L-LSPIN,lspin_tf,linear,0.0035,0.0,0,3,0.9924073134153508
L-LSPIN,lspin_tf,linear,0.0035,0.0,0,4,0.9851036114766571
L-LSPIN,lspin_tf,linear,0.0035,0.0,1,2,0.9934221465294136
L-LSPIN,lspin_tf,linear,0.0035,0.0,1,3,0.9905918850127045
L-LSPIN,lspin_tf,linear,0.0035,0.0,1,4,0.9958763729844698
L-LSPIN,lspin_tf,linear,0.0035,0.0,2,3,0.9953433061267488
L-LSPIN,lspin_tf,linear,0.0035,0.0,2,4,0.9935183810505313
L-LSPIN,lspin_tf,linear,0.0035,0.0,3,4,0.99135558153865
L-LSPIN,lspin_tf,linear,0.00525,0.0,0,1,0.9898909887376826
L-LSPIN,lspin_tf,linear,0.00525,0.0,0,2,0.9934802352414912
L-LSPIN,lspin_tf,linear,0.00525,0.0,0,3,0.9926442155795578
L-LSPIN,lspin_tf,linear,0.00525,0.0,0,4,0.9928026403420565
L-LSPIN,lspin_tf,linear,0.00525,0.0,1,2,0.9920998719568916
L-LSPIN,lspin_tf,linear,0.00525,0.0,1,3,0.9885507891861436
L-LSPIN,lspin_tf,linear,0.00525,0.0,1,4,0.9854125272023933
L-LSPIN,lspin_tf,linear,0.00525,0.0,2,3,0.9942981136578912
L-LSPIN,lspin_tf,linear,0.00525,0.0,2,4,0.991928383736482
L-LSPIN,lspin_tf,linear,0.00525,0.0,3,4,0.9907698335137846
L-LSPIN,lspin_tf,linear,0.007,0.0,0,1,0.9917457068430564
L-LSPIN,lspin_tf,linear,0.007,0.0,0,2,0.9924788176875594
L-LSPIN,lspin_tf,linear,0.007,0.0,0,3,0.9919230413555112
L-LSPIN,lspin_tf,linear,0.007,0.0,0,4,0.9955749316932682
L-LSPIN,lspin_tf,linear,0.007,0.0,1,2,0.9946437424959628
L-LSPIN,lspin_tf,linear,0.007,0.0,1,3,0.993056095867334
L-LSPIN,lspin_tf,linear,0.007,0.0,1,4,0.9909363727848888
L-LSPIN,lspin_tf,linear,0.007,0.0,2,3,0.9921229041536485
L-LSPIN,lspin_tf,linear,0.007,0.0,2,4,0.9906255236322866
L-LSPIN,lspin_tf,linear,0.007,0.0,3,4,0.9904434139797962
L-LSPIN,lspin_tf,linear,0.00875,0.0,0,1,0.9900538807741563
L-LSPIN,lspin_tf,linear,0.00875,0.0,0,2,0.9866058607559438
L-LSPIN,lspin_tf,linear,0.00875,0.0,0,3,0.9866912887841603
L-LSPIN,lspin_tf,linear,0.00875,0.0,0,4,0.9801222897391034
L-LSPIN,lspin_tf,linear,0.00875,0.0,1,2,0.9874169128123944
L-LSPIN,lspin_tf,linear,0.00875,0.0,1,3,0.9910831632796422
L-LSPIN,lspin_tf,linear,0.00875,0.0,1,4,0.9836225734224396
L-LSPIN,lspin_tf,linear,0.00875,0.0,2,3,0.9874609359681058
L-LSPIN,lspin_tf,linear,0.00875,0.0,2,4,0.990161832538736
L-LSPIN,lspin_tf,linear,0.00875,0.0,3,4,0.9892559427049386
L-LSPIN,lspin_tf,linear,0.0105,0.0,0,1,0.9886567336845664
L-LSPIN,lspin_tf,linear,0.0105,0.0,0,2,0.9884969875582073
L-LSPIN,lspin_tf,linear,0.0105,0.0,0,3,0.984914160155024
L-LSPIN,lspin_tf,linear,0.0105,0.0,0,4,0.9741885002230452
L-LSPIN,lspin_tf,linear,0.0105,0.0,1,2,0.9892485272612024
L-LSPIN,lspin_tf,linear,0.0105,0.0,1,3,0.9815212071438152
L-LSPIN,lspin_tf,linear,0.0105,0.0,1,4,0.981490419534122
L-LSPIN,lspin_tf,linear,0.0105,0.0,2,3,0.9882778189380448
L-LSPIN,lspin_tf,linear,0.0105,0.0,2,4,0.9776020895851972
L-LSPIN,lspin_tf,linear,0.0105,0.0,3,4,0.9704625390692244
L-LSPIN,lspin_tf,linear,0.014,0.0,0,1,0.9910081496257448
L-LSPIN,lspin_tf,linear,0.014,0.0,0,2,0.9918682369849514
L-LSPIN,lspin_tf,linear,0.014,0.0,0,3,0.992804263304161
L-LSPIN,lspin_tf,linear,0.014,0.0,0,4,0.9867887132751648
L-LSPIN,lspin_tf,linear,0.014,0.0,1,2,0.9875217112172524
L-LSPIN,lspin_tf,linear,0.014,0.0,1,3,0.9882509906079782
L-LSPIN,lspin_tf,linear,0.014,0.0,1,4,0.9846320366149928
L-LSPIN,lspin_tf,linear,0.014,0.0,2,3,0.987595534147931
L-LSPIN,lspin_tf,linear,0.014,0.0,2,4,0.9947016700555829
L-LSPIN,lspin_tf,linear,0.014,0.0,3,4,0.9798615801850926
L-LSPIN,lspin_tf,linear,0.021,0.0,0,1,0.9791857894889328
L-LSPIN,lspin_tf,linear,0.021,0.0,0,2,0.9612381613644196
L-LSPIN,lspin_tf,linear,0.021,0.0,0,3,0.982880655047722
L-LSPIN,lspin_tf,linear,0.021,0.0,0,4,0.9816785412248852
L-LSPIN,lspin_tf,linear,0.021,0.0,1,2,0.9821969382080492
L-LSPIN,lspin_tf,linear,0.021,0.0,1,3,0.9805538027393984
L-LSPIN,lspin_tf,linear,0.021,0.0,1,4,0.9726554639875274
L-LSPIN,lspin_tf,linear,0.021,0.0,2,3,0.9545953773181712
L-LSPIN,lspin_tf,linear,0.021,0.0,2,4,0.9452294948604504
L-LSPIN,lspin_tf,linear,0.021,0.0,3,4,0.9884777505630666
L-LSPIN,lspin_tf,linear,0.028,0.0,0,1,0.9611038785074948
L-LSPIN,lspin_tf,linear,0.028,0.0,0,2,0.9375254884445604
L-LSPIN,lspin_tf,linear,0.028,0.0,0,3,0.9007858114335888
L-LSPIN,lspin_tf,linear,0.028,0.0,0,4,0.9207237632112102
L-LSPIN,lspin_tf,linear,0.028,0.0,1,2,0.9615782386834494
L-LSPIN,lspin_tf,linear,0.028,0.0,1,3,0.9399339998851564
L-LSPIN,lspin_tf,linear,0.028,0.0,1,4,0.9617938457830176
L-LSPIN,lspin_tf,linear,0.028,0.0,2,3,0.9745412114017922
L-LSPIN,lspin_tf,linear,0.028,0.0,2,4,0.9803010190694236
L-LSPIN,lspin_tf,linear,0.028,0.0,3,4,0.9823868477617071
L-LSPIN,lspin_tf,linear,0.0035,0.025,0,1,0.9808865070564368
L-LSPIN,lspin_tf,linear,0.0035,0.025,0,2,0.9889342420101104
L-LSPIN,lspin_tf,linear,0.0035,0.025,0,3,0.9927771823920684
L-LSPIN,lspin_tf,linear,0.0035,0.025,0,4,0.9983862832515
L-LSPIN,lspin_tf,linear,0.0035,0.025,1,2,0.9814888845348952
L-LSPIN,lspin_tf,linear,0.0035,0.025,1,3,0.9938553832474304
L-LSPIN,lspin_tf,linear,0.0035,0.025,1,4,0.9817692707023248
L-LSPIN,lspin_tf,linear,0.0035,0.025,2,3,0.9828123390443506
L-LSPIN,lspin_tf,linear,0.0035,0.025,2,4,0.9917963061610596
L-LSPIN,lspin_tf,linear,0.0035,0.025,3,4,0.9920658264453204
L-LSPIN,lspin_tf,linear,0.00525,0.025,0,1,0.9959312396689366
L-LSPIN,lspin_tf,linear,0.00525,0.025,0,2,0.992739973324115
L-LSPIN,lspin_tf,linear,0.00525,0.025,0,3,0.9960499958736128
L-LSPIN,lspin_tf,linear,0.00525,0.025,0,4,0.9895722711669868
L-LSPIN,lspin_tf,linear,0.00525,0.025,1,2,0.9907490344415816
L-LSPIN,lspin_tf,linear,0.00525,0.025,1,3,0.9955463227456728
L-LSPIN,lspin_tf,linear,0.00525,0.025,1,4,0.9904080666142016
L-LSPIN,lspin_tf,linear,0.00525,0.025,2,3,0.9902721086691672
L-LSPIN,lspin_tf,linear,0.00525,0.025,2,4,0.9745267100876434
L-LSPIN,lspin_tf,linear,0.00525,0.025,3,4,0.9919136048673608
L-LSPIN,lspin_tf,linear,0.007,0.025,0,1,0.9955242697035774
L-LSPIN,lspin_tf,linear,0.007,0.025,0,2,0.9879991497520536
L-LSPIN,lspin_tf,linear,0.007,0.025,0,3,0.9953737558215864
L-LSPIN,lspin_tf,linear,0.007,0.025,0,4,0.9943673652822024
L-LSPIN,lspin_tf,linear,0.007,0.025,1,2,0.9930302255754024
L-LSPIN,lspin_tf,linear,0.007,0.025,1,3,0.9962840653828032
L-LSPIN,lspin_tf,linear,0.007,0.025,1,4,0.9975416769890436
L-LSPIN,lspin_tf,linear,0.007,0.025,2,3,0.9904835863457856
L-LSPIN,lspin_tf,linear,0.007,0.025,2,4,0.9934218423434208
L-LSPIN,lspin_tf,linear,0.007,0.025,3,4,0.9977647223076246
L-LSPIN,lspin_tf,linear,0.00875,0.025,0,1,0.9912235746648124
L-LSPIN,lspin_tf,linear,0.00875,0.025,0,2,0.9987355495725396
L-LSPIN,lspin_tf,linear,0.00875,0.025,0,3,0.9942867820711776
L-LSPIN,lspin_tf,linear,0.00875,0.025,0,4,0.9942386560086296
L-LSPIN,lspin_tf,linear,0.00875,0.025,1,2,0.9904830056683638
L-LSPIN,lspin_tf,linear,0.00875,0.025,1,3,0.9928942826453032
L-LSPIN,lspin_tf,linear,0.00875,0.025,1,4,0.9950453634382403
L-LSPIN,lspin_tf,linear,0.00875,0.025,2,3,0.9952329729382408
L-LSPIN,lspin_tf,linear,0.00875,0.025,2,4,0.995243148371373
L-LSPIN,lspin_tf,linear,0.00875,0.025,3,4,0.9967907630944628
L-LSPIN,lspin_tf,linear,0.0105,0.025,0,1,0.9930046281590716
L-LSPIN,lspin_tf,linear,0.0105,0.025,0,2,0.9908785288825928
L-LSPIN,lspin_tf,linear,0.0105,0.025,0,3,0.9964588187002944
L-LSPIN,lspin_tf,linear,0.0105,0.025,0,4,0.9853096022826996
L-LSPIN,lspin_tf,linear,0.0105,0.025,1,2,0.9909609125914254
L-LSPIN,lspin_tf,linear,0.0105,0.025,1,3,0.9941889702159342
L-LSPIN,lspin_tf,linear,0.0105,0.025,1,4,0.994861981726286
L-LSPIN,lspin_tf,linear,0.0105,0.025,2,3,0.9934099946981452
L-LSPIN,lspin_tf,linear,0.0105,0.025,2,4,0.9918651673764568
L-LSPIN,lspin_tf,linear,0.0105,0.025,3,4,0.9913332314952416
L-LSPIN,lspin_tf,linear,0.014,0.025,0,1,0.9907646303656464
L-LSPIN,lspin_tf,linear,0.014,0.025,0,2,0.9914497595470728
L-LSPIN,lspin_tf,linear,0.014,0.025,0,3,0.9958539404382976
L-LSPIN,lspin_tf,linear,0.014,0.025,0,4,0.9920762367706032
L-LSPIN,lspin_tf,linear,0.014,0.025,1,2,0.9942985012361996
L-LSPIN,lspin_tf,linear,0.014,0.025,1,3,0.9944634864486862
L-LSPIN,lspin_tf,linear,0.014,0.025,1,4,0.993689789885652
L-LSPIN,lspin_tf,linear,0.014,0.025,2,3,0.9912936172272282
L-LSPIN,lspin_tf,linear,0.014,0.025,2,4,0.9886370049034392
L-LSPIN,lspin_tf,linear,0.014,0.025,3,4,0.992372503112939
L-LSPIN,lspin_tf,linear,0.021,0.025,0,1,0.9956188918128428
L-LSPIN,lspin_tf,linear,0.021,0.025,0,2,0.99040455995062
L-LSPIN,lspin_tf,linear,0.021,0.025,0,3,0.9960172223183742
L-LSPIN,lspin_tf,linear,0.021,0.025,0,4,0.9917036433414904
L-LSPIN,lspin_tf,linear,0.021,0.025,1,2,0.994312381378034
L-LSPIN,lspin_tf,linear,0.021,0.025,1,3,0.996079751101666
L-LSPIN,lspin_tf,linear,0.021,0.025,1,4,0.9922345477224188
L-LSPIN,lspin_tf,linear,0.021,0.025,2,3,0.993133192069997
L-LSPIN,lspin_tf,linear,0.021,0.025,2,4,0.9882170801709462
L-LSPIN,lspin_tf,linear,0.021,0.025,3,4,0.9883295266136424
L-LSPIN,lspin_tf,linear,0.028,0.025,0,1,0.9907365730746436
L-LSPIN,lspin_tf,linear,0.028,0.025,0,2,0.9730187330351496
L-LSPIN,lspin_tf,linear,0.028,0.025,0,3,0.9875178806255116
L-LSPIN,lspin_tf,linear,0.028,0.025,0,4,0.9924639027875932
L-LSPIN,lspin_tf,linear,0.028,0.025,1,2,0.97916953278797
L-LSPIN,lspin_tf,linear,0.028,0.025,1,3,0.990944834566371
L-LSPIN,lspin_tf,linear,0.028,0.025,1,4,0.992377559185984
L-LSPIN,lspin_tf,linear,0.028,0.025,2,3,0.9729764731368457
L-LSPIN,lspin_tf,linear,0.028,0.025,2,4,0.9695710377747776
L-LSPIN,lspin_tf,linear,0.028,0.025,3,4,0.990402577290156
L-LSPIN,lspin_tf,linear,0.0035,0.05,0,1,0.991873818202988
L-LSPIN,lspin_tf,linear,0.0035,0.05,0,2,0.9874037100076608
L-LSPIN,lspin_tf,linear,0.0035,0.05,0,3,0.9891075766775542
L-LSPIN,lspin_tf,linear,0.0035,0.05,0,4,0.9977687218612386
L-LSPIN,lspin_tf,linear,0.0035,0.05,1,2,0.9983177225798032
L-LSPIN,lspin_tf,linear,0.0035,0.05,1,3,0.9980694059713622
L-LSPIN,lspin_tf,linear,0.0035,0.05,1,4,0.99548783633441
L-LSPIN,lspin_tf,linear,0.0035,0.05,2,3,0.997321134571839
L-LSPIN,lspin_tf,linear,0.0035,0.05,2,4,0.9932068746460214
L-LSPIN,lspin_tf,linear,0.0035,0.05,3,4,0.993998588745749
L-LSPIN,lspin_tf,linear,0.00525,0.05,0,1,0.9978763822608608
L-LSPIN,lspin_tf,linear,0.00525,0.05,0,2,0.994340743352893
L-LSPIN,lspin_tf,linear,0.00525,0.05,0,3,0.9897318674470664
L-LSPIN,lspin_tf,linear,0.00525,0.05,0,4,0.9979191120919902
L-LSPIN,lspin_tf,linear,0.00525,0.05,1,2,0.996962158783914
L-LSPIN,lspin_tf,linear,0.00525,0.05,1,3,0.9918361354257552
L-LSPIN,lspin_tf,linear,0.00525,0.05,1,4,0.9966999339826036
L-LSPIN,lspin_tf,linear,0.00525,0.05,2,3,0.9966760969084346
L-LSPIN,lspin_tf,linear,0.00525,0.05,2,4,0.991662520543036
L-LSPIN,lspin_tf,linear,0.00525,0.05,3,4,0.984918350043469
L-LSPIN,lspin_tf,linear,0.007,0.05,0,1,0.9950522975402236
L-LSPIN,lspin_tf,linear,0.007,0.05,0,2,0.9977818003991608
L-LSPIN,lspin_tf,linear,0.007,0.05,0,3,0.9855401943854888
L-LSPIN,lspin_tf,linear,0.007,0.05,0,4,0.9909050793052068
L-LSPIN,lspin_tf,linear,0.007,0.05,1,2,0.9955012340260804
L-LSPIN,lspin_tf,linear,0.007,0.05,1,3,0.9898072909336084
L-LSPIN,lspin_tf,linear,0.007,0.05,1,4,0.9900945462181612
L-LSPIN,lspin_tf,linear,0.007,0.05,2,3,0.9820354930761788
L-LSPIN,lspin_tf,linear,0.007,0.05,2,4,0.9845585724703352
L-LSPIN,lspin_tf,linear,0.007,0.05,3,4,0.9970371088562502
L-LSPIN,lspin_tf,linear,0.00875,0.05,0,1,0.9898892310903066
L-LSPIN,lspin_tf,linear,0.00875,0.05,0,2,0.9933774099786964
L-LSPIN,lspin_tf,linear,0.00875,0.05,0,3,0.9880068562066002
L-LSPIN,lspin_tf,linear,0.00875,0.05,0,4,0.9922650738782824
L-LSPIN,lspin_tf,linear,0.00875,0.05,1,2,0.9845297739027096
L-LSPIN,lspin_tf,linear,0.00875,0.05,1,3,0.9977676238564008
L-LSPIN,lspin_tf,linear,0.00875,0.05,1,4,0.9933876960469402
L-LSPIN,lspin_tf,linear,0.00875,0.05,2,3,0.9789224830293493
L-LSPIN,lspin_tf,linear,0.00875,0.05,2,4,0.9924522017061126
L-LSPIN,lspin_tf,linear,0.00875,0.05,3,4,0.9900618041198525
L-LSPIN,lspin_tf,linear,0.0105,0.05,0,1,0.9913404437472344
L-LSPIN,lspin_tf,linear,0.0105,0.05,0,2,0.9884295315332324
L-LSPIN,lspin_tf,linear,0.0105,0.05,0,3,0.9897005833932874
L-LSPIN,lspin_tf,linear,0.0105,0.05,0,4,0.9915813648698494
L-LSPIN,lspin_tf,linear,0.0105,0.05,1,2,0.9956104509209622
L-LSPIN,lspin_tf,linear,0.0105,0.05,1,3,0.9961645857397792
L-LSPIN,lspin_tf,linear,0.0105,0.05,1,4,0.9924592229217478
L-LSPIN,lspin_tf,linear,0.0105,0.05,2,3,0.9913210617270422
L-LSPIN,lspin_tf,linear,0.0105,0.05,2,4,0.994661241917697
L-LSPIN,lspin_tf,linear,0.0105,0.05,3,4,0.984151925112352
L-LSPIN,lspin_tf,linear,0.014,0.05,0,1,0.9946219113485564
L-LSPIN,lspin_tf,linear,0.014,0.05,0,2,0.9916140244173212
L-LSPIN,lspin_tf,linear,0.014,0.05,0,3,0.9951774261156474
L-LSPIN,lspin_tf,linear,0.014,0.05,0,4,0.9871079501571528
L-LSPIN,lspin_tf,linear,0.014,0.05,1,2,0.9961166621809312
L-LSPIN,lspin_tf,linear,0.014,0.05,1,3,0.9932010075145896
L-LSPIN,lspin_tf,linear,0.014,0.05,1,4,0.992819181582834
L-LSPIN,lspin_tf,linear,0.014,0.05,2,3,0.9896984536326354
L-LSPIN,lspin_tf,linear,0.014,0.05,2,4,0.9969255634076108
L-LSPIN,lspin_tf,linear,0.014,0.05,3,4,0.9881288671783324
L-LSPIN,lspin_tf,linear,0.021,0.05,0,1,0.980412888057646
L-LSPIN,lspin_tf,linear,0.021,0.05,0,2,0.9930819240023134
L-LSPIN,lspin_tf,linear,0.021,0.05,0,3,0.9928361425448424
L-LSPIN,lspin_tf,linear,0.021,0.05,0,4,0.993105037549662
L-LSPIN,lspin_tf,linear,0.021,0.05,1,2,0.987005912305622
L-LSPIN,lspin_tf,linear,0.021,0.05,1,3,0.9890106114634688
L-LSPIN,lspin_tf,linear,0.021,0.05,1,4,0.98690102808991
L-LSPIN,lspin_tf,linear,0.021,0.05,2,3,0.9907288286819804
L-LSPIN,lspin_tf,linear,0.021,0.05,2,4,0.9937575558502728
L-LSPIN,lspin_tf,linear,0.021,0.05,3,4,0.9929468217335088
L-LSPIN,lspin_tf,linear,0.028,0.05,0,1,0.9763835996589302
L-LSPIN,lspin_tf,linear,0.028,0.05,0,2,0.9842907012662712
L-LSPIN,lspin_tf,linear,0.028,0.05,0,3,0.9755906840984414
L-LSPIN,lspin_tf,linear,0.028,0.05,0,4,0.9877848678227836
L-LSPIN,lspin_tf,linear,0.028,0.05,1,2,0.9795717429451832
L-LSPIN,lspin_tf,linear,0.028,0.05,1,3,0.959285691625675
L-LSPIN,lspin_tf,linear,0.028,0.05,1,4,0.9812059727159989
L-LSPIN,lspin_tf,linear,0.028,0.05,2,3,0.9713197434106736
L-LSPIN,lspin_tf,linear,0.028,0.05,2,4,0.9942975662682808
L-LSPIN,lspin_tf,linear,0.028,0.05,3,4,0.9781422848839656
L-LSPIN,lspin_tf,linear,0.0035,0.1,0,1,0.9946558541514408
L-LSPIN,lspin_tf,linear,0.0035,0.1,0,2,0.984799055029303
L-LSPIN,lspin_tf,linear,0.0035,0.1,0,3,0.993590935273978
L-LSPIN,lspin_tf,linear,0.0035,0.1,0,4,0.993924678717818
L-LSPIN,lspin_tf,linear,0.0035,0.1,1,2,0.969676174712973
L-LSPIN,lspin_tf,linear,0.0035,0.1,1,3,0.9819962134294778
L-LSPIN,lspin_tf,linear,0.0035,0.1,1,4,0.982531091000209
L-LSPIN,lspin_tf,linear,0.0035,0.1,2,3,0.9947535157869858
L-LSPIN,lspin_tf,linear,0.0035,0.1,2,4,0.9953643045491916
L-LSPIN,lspin_tf,linear,0.0035,0.1,3,4,0.9975392763833588
L-LSPIN,lspin_tf,linear,0.00525,0.1,0,1,0.995391079154683
L-LSPIN,lspin_tf,linear,0.00525,0.1,0,2,0.9871766493583864
L-LSPIN,lspin_tf,linear,0.00525,0.1,0,3,0.985487853503466
L-LSPIN,lspin_tf,linear,0.00525,0.1,0,4,0.9764532790740328
L-LSPIN,lspin_tf,linear,0.00525,0.1,1,2,0.9936520728880326
L-LSPIN,lspin_tf,linear,0.00525,0.1,1,3,0.9911163348714094
L-LSPIN,lspin_tf,linear,0.00525,0.1,1,4,0.9856057499111912
L-LSPIN,lspin_tf,linear,0.00525,0.1,2,3,0.9986457079540356
L-LSPIN,lspin_tf,linear,0.00525,0.1,2,4,0.997062939895103
L-LSPIN,lspin_tf,linear,0.00525,0.1,3,4,0.9970574483216188
L-LSPIN,lspin_tf,linear,0.007,0.1,0,1,0.9964631813500034
L-LSPIN,lspin_tf,linear,0.007,0.1,0,2,0.9879196898261374
L-LSPIN,lspin_tf,linear,0.007,0.1,0,3,0.997296553496696
L-LSPIN,lspin_tf,linear,0.007,0.1,0,4,0.9926824343168974
L-LSPIN,lspin_tf,linear,0.007,0.1,1,2,0.9906132614051084
L-LSPIN,lspin_tf,linear,0.007,0.1,1,3,0.9986944930744494
L-LSPIN,lspin_tf,linear,0.007,0.1,1,4,0.99206529929434
L-LSPIN,lspin_tf,linear,0.007,0.1,2,3,0.9857224923640726
L-LSPIN,lspin_tf,linear,0.007,0.1,2,4,0.9827038075107226
L-LSPIN,lspin_tf,linear,0.007,0.1,3,4,0.9938804757753816
L-LSPIN,lspin_tf,linear,0.00875,0.1,0,1,0.994112953598606
L-LSPIN,lspin_tf,linear,0.00875,0.1,0,2,0.998299458829292
L-LSPIN,lspin_tf,linear,0.00875,0.1,0,3,0.9973455475030014
L-LSPIN,lspin_tf,linear,0.00875,0.1,0,4,0.99798370155198
L-LSPIN,lspin_tf,linear,0.00875,0.1,1,2,0.9893861260533524
L-LSPIN,lspin_tf,linear,0.00875,0.1,1,3,0.9943782829978672
L-LSPIN,lspin_tf,linear,0.00875,0.1,1,4,0.9938872805473704
L-LSPIN,lspin_tf,linear,0.00875,0.1,2,3,0.9972858388086228
L-LSPIN,lspin_tf,linear,0.00875,0.1,2,4,0.9974828035575014
L-LSPIN,lspin_tf,linear,0.00875,0.1,3,4,0.9971866378242452
L-LSPIN,lspin_tf,linear,0.0105,0.1,0,1,0.99259233558435
L-LSPIN,lspin_tf,linear,0.0105,0.1,0,2,0.9974250897679168
L-LSPIN,lspin_tf,linear,0.0105,0.1,0,3,0.9926969085669788
L-LSPIN,lspin_tf,linear,0.0105,0.1,0,4,0.9971449547965102
L-LSPIN,lspin_tf,linear,0.0105,0.1,1,2,0.991954045570958
L-LSPIN,lspin_tf,linear,0.0105,0.1,1,3,0.9978358066934866
L-LSPIN,lspin_tf,linear,0.0105,0.1,1,4,0.9973127980658424
L-LSPIN,lspin_tf,linear,0.0105,0.1,2,3,0.9879443910242006
L-LSPIN,lspin_tf,linear,0.0105,0.1,2,4,0.9980561581543548
L-LSPIN,lspin_tf,linear,0.0105,0.1,3,4,0.9941871263425393
L-LSPIN,lspin_tf,linear,0.014,0.1,0,1,0.9945689675329874
L-LSPIN,lspin_tf,linear,0.014,0.1,0,2,0.9940235095938664
L-LSPIN,lspin_tf,linear,0.014,0.1,0,3,0.9908855748593398
L-LSPIN,lspin_tf,linear,0.014,0.1,0,4,0.9894180539095924
L-LSPIN,lspin_tf,linear,0.014,0.1,1,2,0.9878591366276824
L-LSPIN,lspin_tf,linear,0.014,0.1,1,3,0.9935726688397014
L-LSPIN,lspin_tf,linear,0.014,0.1,1,4,0.9810406930729676
L-LSPIN,lspin_tf,linear,0.014,0.1,2,3,0.9944160028640756
L-LSPIN,lspin_tf,linear,0.014,0.1,2,4,0.9984512781964222
L-LSPIN,lspin_tf,linear,0.014,0.1,3,4,0.9922101015180134
L-LSPIN,lspin_tf,linear,0.021,0.1,0,1,0.9942675689504156
L-LSPIN,lspin_tf,linear,0.021,0.1,0,2,0.997452016768562
L-LSPIN,lspin_tf,linear,0.021,0.1,0,3,0.9941321361570788
L-LSPIN,lspin_tf,linear,0.021,0.1,0,4,0.9965959134099476
L-LSPIN,lspin_tf,linear,0.021,0.1,1,2,0.9956118363885624
L-LSPIN,lspin_tf,linear,0.021,0.1,1,3,0.9945468875181898
L-LSPIN,lspin_tf,linear,0.021,0.1,1,4,0.9968199181191056
L-LSPIN,lspin_tf,linear,0.021,0.1,2,3,0.9920322571125776
L-LSPIN,lspin_tf,linear,0.021,0.1,2,4,0.9984483390902656
L-LSPIN,lspin_tf,linear,0.021,0.1,3,4,0.9934907934127668
L-LSPIN,lspin_tf,linear,0.028,0.1,0,1,0.995409186696786
L-LSPIN,lspin_tf,linear,0.028,0.1,0,2,0.9899837252293584
L-LSPIN,lspin_tf,linear,0.028,0.1,0,3,0.9894565727814906
L-LSPIN,lspin_tf,linear,0.028,0.1,0,4,0.9918086055307171
L-LSPIN,lspin_tf,linear,0.028,0.1,1,2,0.9900257774985404
L-LSPIN,lspin_tf,linear,0.028,0.1,1,3,0.9921902074991328
L-LSPIN,lspin_tf,linear,0.028,0.1,1,4,0.9930629814243978
L-LSPIN,lspin_tf,linear,0.028,0.1,2,3,0.9849186898231324
L-LSPIN,lspin_tf,linear,0.028,0.1,2,4,0.9934026192252464
L-LSPIN,lspin_tf,linear,0.028,0.1,3,4,0.982944213654428
L-Concrete,concrete,linear,0.00075,0.0,0,1,0.9795490061225748
L-Concrete,concrete,linear,0.00075,0.0,0,2,0.9770877507732216
L-Concrete,concrete,linear,0.00075,0.0,0,3,0.9777435912185124
L-Concrete,concrete,linear,0.00075,0.0,0,4,0.9801125446106744
L-Concrete,concrete,linear,0.00075,0.0,1,2,0.971448998275422
L-Concrete,concrete,linear,0.00075,0.0,1,3,0.9734151783639056
L-Concrete,concrete,linear,0.00075,0.0,1,4,0.9761537035431505
L-Concrete,concrete,linear,0.00075,0.0,2,3,0.9655958039621648
L-Concrete,concrete,linear,0.00075,0.0,2,4,0.97222461099314
L-Concrete,concrete,linear,0.00075,0.0,3,4,0.9745567782365055
L-Concrete,concrete,linear,0.001,0.0,0,1,0.9528069510378052
L-Concrete,concrete,linear,0.001,0.0,0,2,0.961349151614115
L-Concrete,concrete,linear,0.001,0.0,0,3,0.9554155479067512
L-Concrete,concrete,linear,0.001,0.0,0,4,0.9559766753076212
L-Concrete,concrete,linear,0.001,0.0,1,2,0.9833475092607152
L-Concrete,concrete,linear,0.001,0.0,1,3,0.9792361868647396
L-Concrete,concrete,linear,0.001,0.0,1,4,0.9817278954653798
L-Concrete,concrete,linear,0.001,0.0,2,3,0.9796059026398216
L-Concrete,concrete,linear,0.001,0.0,2,4,0.9822502231320972
L-Concrete,concrete,linear,0.001,0.0,3,4,0.9810496712141888
L-Concrete,concrete,linear,0.0015,0.0,0,1,0.9864454020776104
L-Concrete,concrete,linear,0.0015,0.0,0,2,0.975115802802136
L-Concrete,concrete,linear,0.0015,0.0,0,3,0.9833894730691808
L-Concrete,concrete,linear,0.0015,0.0,0,4,0.988436872046738
L-Concrete,concrete,linear,0.0015,0.0,1,2,0.9793270962438244
L-Concrete,concrete,linear,0.0015,0.0,1,3,0.9847989174549214
L-Concrete,concrete,linear,0.0015,0.0,1,4,0.984212219388117
L-Concrete,concrete,linear,0.0015,0.0,2,3,0.9806539601280658
L-Concrete,concrete,linear,0.0015,0.0,2,4,0.9758981245302224
L-Concrete,concrete,linear,0.0015,0.0,3,4,0.9826221420118932
L-Concrete,concrete,linear,0.002,0.0,0,1,0.9906685832006078
L-Concrete,concrete,linear,0.002,0.0,0,2,0.99056786179955
L-Concrete,concrete,linear,0.002,0.0,0,3,0.9839032281558516
L-Concrete,concrete,linear,0.002,0.0,0,4,0.98732554158666
L-Concrete,concrete,linear,0.002,0.0,1,2,0.9867836634926206
L-Concrete,concrete,linear,0.002,0.0,1,3,0.9831139814881182
L-Concrete,concrete,linear,0.002,0.0,1,4,0.987549433459988
L-Concrete,concrete,linear,0.002,0.0,2,3,0.9832004403789084
L-Concrete,concrete,linear,0.002,0.0,2,4,0.9853784359584872
L-Concrete,concrete,linear,0.002,0.0,3,4,0.9870951562400198
L-Concrete,concrete,linear,0.0025,0.0,0,1,0.9843349794701622
L-Concrete,concrete,linear,0.0025,0.0,0,2,0.977810503160638
L-Concrete,concrete,linear,0.0025,0.0,0,3,0.9901047788190306
L-Concrete,concrete,linear,0.0025,0.0,0,4,0.9866743347365986
L-Concrete,concrete,linear,0.0025,0.0,1,2,0.9722495939962936
L-Concrete,concrete,linear,0.0025,0.0,1,3,0.9861314765627108
L-Concrete,concrete,linear,0.0025,0.0,1,4,0.986648619284864
L-Concrete,concrete,linear,0.0025,0.0,2,3,0.9705862017221352
L-Concrete,concrete,linear,0.0025,0.0,2,4,0.9829427076150584
L-Concrete,concrete,linear,0.0025,0.0,3,4,0.9843898138295312
L-Concrete,concrete,linear,0.003,0.0,0,1,0.9906284822341686
L-Concrete,concrete,linear,0.003,0.0,0,2,0.9754672664014764
L-Concrete,concrete,linear,0.003,0.0,0,3,0.9795569762276294
L-Concrete,concrete,linear,0.003,0.0,0,4,0.9840117137200624
L-Concrete,concrete,linear,0.003,0.0,1,2,0.9833509032867894
L-Concrete,concrete,linear,0.003,0.0,1,3,0.9807087436176148
L-Concrete,concrete,linear,0.003,0.0,1,4,0.9776261269993064
L-Concrete,concrete,linear,0.003,0.0,2,3,0.9796625090138008
L-Concrete,concrete,linear,0.003,0.0,2,4,0.9724179874325732
L-Concrete,concrete,linear,0.003,0.0,3,4,0.9823372442069788
L-Concrete,concrete,linear,0.004,0.0,0,1,0.9808247013405432
L-Concrete,concrete,linear,0.004,0.0,0,2,0.9824055708268586
L-Concrete,concrete,linear,0.004,0.0,0,3,0.9750863218591544
L-Concrete,concrete,linear,0.004,0.0,0,4,0.9876059830224336
L-Concrete,concrete,linear,0.004,0.0,1,2,0.955307879660366
L-Concrete,concrete,linear,0.004,0.0,1,3,0.979803835147938
L-Concrete,concrete,linear,0.004,0.0,1,4,0.9779666175791756
L-Concrete,concrete,linear,0.004,0.0,2,3,0.9493902998682054
L-Concrete,concrete,linear,0.004,0.0,2,4,0.9781678131590594
L-Concrete,concrete,linear,0.004,0.0,3,4,0.9709840094066264
L-Concrete,concrete,linear,0.006,0.0,0,1,0.9759575822475728
L-Concrete,concrete,linear,0.006,0.0,0,2,0.9812543476289012
L-Concrete,concrete,linear,0.006,0.0,0,3,0.9806967719331044
L-Concrete,concrete,linear,0.006,0.0,0,4,0.9863357805695796
L-Concrete,concrete,linear,0.006,0.0,1,2,0.977828847325707
L-Concrete,concrete,linear,0.006,0.0,1,3,0.9809631283104618
L-Concrete,concrete,linear,0.006,0.0,1,4,0.9793491539528691
L-Concrete,concrete,linear,0.006,0.0,2,3,0.9803572213579044
L-Concrete,concrete,linear,0.006,0.0,2,4,0.9801670252261429
L-Concrete,concrete,linear,0.006,0.0,3,4,0.9871301578291244
L-Concrete,concrete,linear,0.00075,0.025,0,1,0.9962491168068202
L-Concrete,concrete,linear,0.00075,0.025,0,2,0.9943110343744432
L-Concrete,concrete,linear,0.00075,0.025,0,3,0.9931853746386956
L-Concrete,concrete,linear,0.00075,0.025,0,4,0.9930374761670134
L-Concrete,concrete,linear,0.00075,0.025,1,2,0.9920592899586612
L-Concrete,concrete,linear,0.00075,0.025,1,3,0.9882768504688578
L-Concrete,concrete,linear,0.00075,0.025,1,4,0.9964141117225506
L-Concrete,concrete,linear,0.00075,0.025,2,3,0.995967649352193
L-Concrete,concrete,linear,0.00075,0.025,2,4,0.9896386038953162
L-Concrete,concrete,linear,0.00075,0.025,3,4,0.9834176221642692
L-Concrete,concrete,linear,0.001,0.025,0,1,0.9907760640523956
L-Concrete,concrete,linear,0.001,0.025,0,2,0.9967391295819688
L-Concrete,concrete,linear,0.001,0.025,0,3,0.9967737990433642
L-Concrete,concrete,linear,0.001,0.025,0,4,0.9950913719029896
L-Concrete,concrete,linear,0.001,0.025,1,2,0.9897891476679892
L-Concrete,concrete,linear,0.001,0.025,1,3,0.9845358571967296
L-Concrete,concrete,linear,0.001,0.025,1,4,0.995649323205505
L-Concrete,concrete,linear,0.001,0.025,2,3,0.9957251434458784
L-Concrete,concrete,linear,0.001,0.025,2,4,0.9939546856526882
L-Concrete,concrete,linear,0.001,0.025,3,4,0.99165680322788
L-Concrete,concrete,linear,0.0015,0.025,0,1,0.9929812119917892
L-Concrete,concrete,linear,0.0015,0.025,0,2,0.9968180722442934
L-Concrete,concrete,linear,0.0015,0.025,0,3,0.9886835976649276
L-Concrete,concrete,linear,0.0015,0.025,0,4,0.9841218399432086
L-Concrete,concrete,linear,0.0015,0.025,1,2,0.9944262179033004
L-Concrete,concrete,linear,0.0015,0.025,1,3,0.99705803621193
L-Concrete,concrete,linear,0.0015,0.025,1,4,0.994068620649279
L-Concrete,concrete,linear,0.0015,0.025,2,3,0.9910013810944944
L-Concrete,concrete,linear,0.0015,0.025,2,4,0.984438477554958
L-Concrete,concrete,linear,0.0015,0.025,3,4,0.996440617496944
L-Concrete,concrete,linear,0.002,0.025,0,1,0.98963869525591
L-Concrete,concrete,linear,0.002,0.025,0,2,0.9956147646022012
L-Concrete,concrete,linear,0.002,0.025,0,3,0.9828485229344024
L-Concrete,concrete,linear,0.002,0.025,0,4,0.9876134166701828
L-Concrete,concrete,linear,0.002,0.025,1,2,0.9941512372766512
L-Concrete,concrete,linear,0.002,0.025,1,3,0.9889925078860728
L-Concrete,concrete,linear,0.002,0.025,1,4,0.990959312125687
L-Concrete,concrete,linear,0.002,0.025,2,3,0.9872709185713416
L-Concrete,concrete,linear,0.002,0.025,2,4,0.9898964761462818
L-Concrete,concrete,linear,0.002,0.025,3,4,0.994362544397456
L-Concrete,concrete,linear,0.0025,0.025,0,1,0.9934367206375172
L-Concrete,concrete,linear,0.0025,0.025,0,2,0.9825933330896548
L-Concrete,concrete,linear,0.0025,0.025,0,3,0.9958635637209056
L-Concrete,concrete,linear,0.0025,0.025,0,4,0.995969818813821
L-Concrete,concrete,linear,0.0025,0.025,1,2,0.9923782983175018
L-Concrete,concrete,linear,0.0025,0.025,1,3,0.9953212525709296
L-Concrete,concrete,linear,0.0025,0.025,1,4,0.9961675525882048
L-Concrete,concrete,linear,0.0025,0.025,2,3,0.986933414449786
L-Concrete,concrete,linear,0.0025,0.025,2,4,0.9872106674259872
L-Concrete,concrete,linear,0.0025,0.025,3,4,0.9963188612773984
L-Concrete,concrete,linear,0.003,0.025,0,1,0.9905788949596708
L-Concrete,concrete,linear,0.003,0.025,0,2,0.9929450003217968
L-Concrete,concrete,linear,0.003,0.025,0,3,0.9938554665732878
L-Concrete,concrete,linear,0.003,0.025,0,4,0.995958281677535
L-Concrete,concrete,linear,0.003,0.025,1,2,0.9851422254310233
L-Concrete,concrete,linear,0.003,0.025,1,3,0.9947755824946144
L-Concrete,concrete,linear,0.003,0.025,1,4,0.9893135652426436
L-Concrete,concrete,linear,0.003,0.025,2,3,0.9864372765806824
L-Concrete,concrete,linear,0.003,0.025,2,4,0.9948899767240644
L-Concrete,concrete,linear,0.003,0.025,3,4,0.992226159055564
L-Concrete,concrete,linear,0.004,0.025,0,1,0.9924262948845328
L-Concrete,concrete,linear,0.004,0.025,0,2,0.9888088244881728
L-Concrete,concrete,linear,0.004,0.025,0,3,0.9877060488452222
L-Concrete,concrete,linear,0.004,0.025,0,4,0.992791945761945
L-Concrete,concrete,linear,0.004,0.025,1,2,0.99169119375356
L-Concrete,concrete,linear,0.004,0.025,1,3,0.992881295397614
L-Concrete,concrete,linear,0.004,0.025,1,4,0.9953157352959028
L-Concrete,concrete,linear,0.004,0.025,2,3,0.9947470495279844
L-Concrete,concrete,linear,0.004,0.025,2,4,0.9927697053889468
L-Concrete,concrete,linear,0.004,0.025,3,4,0.994701936629735
L-Concrete,concrete,linear,0.006,0.025,0,1,0.99154020567875
L-Concrete,concrete,linear,0.006,0.025,0,2,0.9882005708711248
L-Concrete,concrete,linear,0.006,0.025,0,3,0.989847686200894
L-Concrete,concrete,linear,0.006,0.025,0,4,0.9765891932538844
L-Concrete,concrete,linear,0.006,0.025,1,2,0.9876764167150782
L-Concrete,concrete,linear,0.006,0.025,1,3,0.9858743311884592
L-Concrete,concrete,linear,0.006,0.025,1,4,0.978905707336052
L-Concrete,concrete,linear,0.006,0.025,2,3,0.9834236126218956
L-Concrete,concrete,linear,0.006,0.025,2,4,0.9688791159546556
L-Concrete,concrete,linear,0.006,0.025,3,4,0.9732854250678004
L-Concrete,concrete,linear,0.00075,0.05,0,1,0.9960677809384684
L-Concrete,concrete,linear,0.00075,0.05,0,2,0.9905244644168494
L-Concrete,concrete,linear,0.00075,0.05,0,3,0.995681182236202
L-Concrete,concrete,linear,0.00075,0.05,0,4,0.9858756679166836
L-Concrete,concrete,linear,0.00075,0.05,1,2,0.9939707910924584
L-Concrete,concrete,linear,0.00075,0.05,1,3,0.9937411601190757
L-Concrete,concrete,linear,0.00075,0.05,1,4,0.9842141274809052
L-Concrete,concrete,linear,0.00075,0.05,2,3,0.9893477507514088
L-Concrete,concrete,linear,0.00075,0.05,2,4,0.978577952330304
L-Concrete,concrete,linear,0.00075,0.05,3,4,0.9934557139833922
L-Concrete,concrete,linear,0.001,0.05,0,1,0.9948224212439166
L-Concrete,concrete,linear,0.001,0.05,0,2,0.9941283768157656
L-Concrete,concrete,linear,0.001,0.05,0,3,0.9962447325462483
L-Concrete,concrete,linear,0.001,0.05,0,4,0.9957632272915108
L-Concrete,concrete,linear,0.001,0.05,1,2,0.995352748527126
L-Concrete,concrete,linear,0.001,0.05,1,3,0.9921198636922212
L-Concrete,concrete,linear,0.001,0.05,1,4,0.997626891131214
L-Concrete,concrete,linear,0.001,0.05,2,3,0.9896318687967974
L-Concrete,concrete,linear,0.001,0.05,2,4,0.9968368786981276
L-Concrete,concrete,linear,0.001,0.05,3,4,0.9933145883813996
L-Concrete,concrete,linear,0.0015,0.05,0,1,0.9966307388085072
L-Concrete,concrete,linear,0.0015,0.05,0,2,0.9868473981047252
L-Concrete,concrete,linear,0.0015,0.05,0,3,0.9929698722748552
L-Concrete,concrete,linear,0.0015,0.05,0,4,0.9937558755564792
L-Concrete,concrete,linear,0.0015,0.05,1,2,0.9857190780951846
L-Concrete,concrete,linear,0.0015,0.05,1,3,0.994750974957376
L-Concrete,concrete,linear,0.0015,0.05,1,4,0.9968830717803564
L-Concrete,concrete,linear,0.0015,0.05,2,3,0.9915468859268678
L-Concrete,concrete,linear,0.0015,0.05,2,4,0.9879229073918856
L-Concrete,concrete,linear,0.0015,0.05,3,4,0.9956652619685028
L-Concrete,concrete,linear,0.002,0.05,0,1,0.9949857787887024
L-Concrete,concrete,linear,0.002,0.05,0,2,0.9939537116205488
L-Concrete,concrete,linear,0.002,0.05,0,3,0.991519331171005
L-Concrete,concrete,linear,0.002,0.05,0,4,0.9909638443137018
L-Concrete,concrete,linear,0.002,0.05,1,2,0.990704195363984
L-Concrete,concrete,linear,0.002,0.05,1,3,0.993681990535516
L-Concrete,concrete,linear,0.002,0.05,1,4,0.985278795222023
L-Concrete,concrete,linear,0.002,0.05,2,3,0.9880639157048324
L-Concrete,concrete,linear,0.002,0.05,2,4,0.9951556207000278
L-Concrete,concrete,linear,0.002,0.05,3,4,0.97858429950219
L-Concrete,concrete,linear,0.0025,0.05,0,1,0.9933727582598124
L-Concrete,concrete,linear,0.0025,0.05,0,2,0.98210457381035
L-Concrete,concrete,linear,0.0025,0.05,0,3,0.99412769985232
L-Concrete,concrete,linear,0.0025,0.05,0,4,0.9707832372397152
L-Concrete,concrete,linear,0.0025,0.05,1,2,0.9920880561150054
L-Concrete,concrete,linear,0.0025,0.05,1,3,0.9871265471800844
L-Concrete,concrete,linear,0.0025,0.05,1,4,0.9875340846665032
L-Concrete,concrete,linear,0.0025,0.05,2,3,0.9796538197338256
L-Concrete,concrete,linear,0.0025,0.05,2,4,0.9938876214790056
L-Concrete,concrete,linear,0.0025,0.05,3,4,0.9644816343459844
L-Concrete,concrete,linear,0.003,0.05,0,1,0.99516747345583
L-Concrete,concrete,linear,0.003,0.05,0,2,0.99174457088547
L-Concrete,concrete,linear,0.003,0.05,0,3,0.995456854405504
L-Concrete,concrete,linear,0.003,0.05,0,4,0.9800533004873856
L-Concrete,concrete,linear,0.003,0.05,1,2,0.9914458611287782
L-Concrete,concrete,linear,0.003,0.05,1,3,0.9946267475873524
L-Concrete,concrete,linear,0.003,0.05,1,4,0.9845050508492575
L-Concrete,concrete,linear,0.003,0.05,2,3,0.9939929952615806
L-Concrete,concrete,linear,0.003,0.05,2,4,0.9884991678785006
L-Concrete,concrete,linear,0.003,0.05,3,4,0.9864421772185844
L-Concrete,concrete,linear,0.004,0.05,0,1,0.992340802337184
L-Concrete,concrete,linear,0.004,0.05,0,2,0.9920500907368898
L-Concrete,concrete,linear,0.004,0.05,0,3,0.9872682810421164
L-Concrete,concrete,linear,0.004,0.05,0,4,0.9927957411434662
L-Concrete,concrete,linear,0.004,0.05,1,2,0.9947417830921582
L-Concrete,concrete,linear,0.004,0.05,1,3,0.9863349672027576
L-Concrete,concrete,linear,0.004,0.05,1,4,0.994420347830816
L-Concrete,concrete,linear,0.004,0.05,2,3,0.9885981988532266
L-Concrete,concrete,linear,0.004,0.05,2,4,0.994418526634417
L-Concrete,concrete,linear,0.004,0.05,3,4,0.987164356024278
L-Concrete,concrete,linear,0.006,0.05,0,1,0.9842239712273992
L-Concrete,concrete,linear,0.006,0.05,0,2,0.988507557808019
L-Concrete,concrete,linear,0.006,0.05,0,3,0.9873198411208828
L-Concrete,concrete,linear,0.006,0.05,0,4,0.9661749899932184
L-Concrete,concrete,linear,0.006,0.05,1,2,0.9920815781833916
L-Concrete,concrete,linear,0.006,0.05,1,3,0.9844020835788138
L-Concrete,concrete,linear,0.006,0.05,1,4,0.9752173846602812
L-Concrete,concrete,linear,0.006,0.05,2,3,0.985636231703865
L-Concrete,concrete,linear,0.006,0.05,2,4,0.9694463578999016
L-Concrete,concrete,linear,0.006,0.05,3,4,0.9573465770012228
L-Concrete,concrete,linear,0.00075,0.1,0,1,0.9949107826229427
L-Concrete,concrete,linear,0.00075,0.1,0,2,0.9966866335189792
L-Concrete,concrete,linear,0.00075,0.1,0,3,0.9972747754924328
L-Concrete,concrete,linear,0.00075,0.1,0,4,0.9960325521873428
L-Concrete,concrete,linear,0.00075,0.1,1,2,0.9945209527152952
L-Concrete,concrete,linear,0.00075,0.1,1,3,0.9941716064854602
L-Concrete,concrete,linear,0.00075,0.1,1,4,0.991320489603752
L-Concrete,concrete,linear,0.00075,0.1,2,3,0.996080796331448
L-Concrete,concrete,linear,0.00075,0.1,2,4,0.994856307241197
L-Concrete,concrete,linear,0.00075,0.1,3,4,0.9955186296798088
L-Concrete,concrete,linear,0.001,0.1,0,1,0.9964532206497894
L-Concrete,concrete,linear,0.001,0.1,0,2,0.9963011763471086
L-Concrete,concrete,linear,0.001,0.1,0,3,0.9937473871200944
L-Concrete,concrete,linear,0.001,0.1,0,4,0.9969214601854888
L-Concrete,concrete,linear,0.001,0.1,1,2,0.9957324835758764
L-Concrete,concrete,linear,0.001,0.1,1,3,0.991475711407387
L-Concrete,concrete,linear,0.001,0.1,1,4,0.9974130482597556
L-Concrete,concrete,linear,0.001,0.1,2,3,0.9896989115853784
L-Concrete,concrete,linear,0.001,0.1,2,4,0.9963204946417404
L-Concrete,concrete,linear,0.001,0.1,3,4,0.9944531026790576
L-Concrete,concrete,linear,0.0015,0.1,0,1,0.995662794009883
L-Concrete,concrete,linear,0.0015,0.1,0,2,0.9968947053678928
L-Concrete,concrete,linear,0.0015,0.1,0,3,0.9916323219280292
L-Concrete,concrete,linear,0.0015,0.1,0,4,0.9915809844051644
L-Concrete,concrete,linear,0.0015,0.1,1,2,0.995320771381918
L-Concrete,concrete,linear,0.0015,0.1,1,3,0.991074029676704
L-Concrete,concrete,linear,0.0015,0.1,1,4,0.9906096127432784
L-Concrete,concrete,linear,0.0015,0.1,2,3,0.9928485525030089
L-Concrete,concrete,linear,0.0015,0.1,2,4,0.9923869766862436
L-Concrete,concrete,linear,0.0015,0.1,3,4,0.998006001884813
L-Concrete,concrete,linear,0.002,0.1,0,1,0.993002899973584
L-Concrete,concrete,linear,0.002,0.1,0,2,0.995414075941126
L-Concrete,concrete,linear,0.002,0.1,0,3,0.9914098456384548
L-Concrete,concrete,linear,0.002,0.1,0,4,0.9945257291256432
L-Concrete,concrete,linear,0.002,0.1,1,2,0.9931489630943638
L-Concrete,concrete,linear,0.002,0.1,1,3,0.995833859793919
L-Concrete,concrete,linear,0.002,0.1,1,4,0.9949681403078862
L-Concrete,concrete,linear,0.002,0.1,2,3,0.9939020951924048
L-Concrete,concrete,linear,0.002,0.1,2,4,0.9935066190871475
L-Concrete,concrete,linear,0.002,0.1,3,4,0.991235768170905
L-Concrete,concrete,linear,0.0025,0.1,0,1,0.9960521021902308
L-Concrete,concrete,linear,0.0025,0.1,0,2,0.9952881719639918
L-Concrete,concrete,linear,0.0025,0.1,0,3,0.9814447189660572
L-Concrete,concrete,linear,0.0025,0.1,0,4,0.9972855785964904
L-Concrete,concrete,linear,0.0025,0.1,1,2,0.9943526437531356
L-Concrete,concrete,linear,0.0025,0.1,1,3,0.9779458265138726
L-Concrete,concrete,linear,0.0025,0.1,1,4,0.9960600502804428
L-Concrete,concrete,linear,0.0025,0.1,2,3,0.9878641583784832
L-Concrete,concrete,linear,0.0025,0.1,2,4,0.9964710746398376
L-Concrete,concrete,linear,0.0025,0.1,3,4,0.9854432574122596
L-Concrete,concrete,linear,0.003,0.1,0,1,0.9923632209845504
L-Concrete,concrete,linear,0.003,0.1,0,2,0.9942912041306846
L-Concrete,concrete,linear,0.003,0.1,0,3,0.982232917577286
L-Concrete,concrete,linear,0.003,0.1,0,4,0.9871300344424906
L-Concrete,concrete,linear,0.003,0.1,1,2,0.99312054561633
L-Concrete,concrete,linear,0.003,0.1,1,3,0.991286419671535
L-Concrete,concrete,linear,0.003,0.1,1,4,0.9842269516869636
L-Concrete,concrete,linear,0.003,0.1,2,3,0.982146367635464
L-Concrete,concrete,linear,0.003,0.1,2,4,0.9893963820696776
L-Concrete,concrete,linear,0.003,0.1,3,4,0.973993001020292
L-Concrete,concrete,linear,0.004,0.1,0,1,0.9929867429718764
L-Concrete,concrete,linear,0.004,0.1,0,2,0.9848519865275848
L-Concrete,concrete,linear,0.004,0.1,0,3,0.9805869010909783
L-Concrete,concrete,linear,0.004,0.1,0,4,0.9898398690020416
L-Concrete,concrete,linear,0.004,0.1,1,2,0.9871627359573348
L-Concrete,concrete,linear,0.004,0.1,1,3,0.9822890163181194
L-Concrete,concrete,linear,0.004,0.1,1,4,0.994849945270317
L-Concrete,concrete,linear,0.004,0.1,2,3,0.9955956980097856
L-Concrete,concrete,linear,0.004,0.1,2,4,0.993278528936363
L-Concrete,concrete,linear,0.004,0.1,3,4,0.9912593336487872
L-Concrete,concrete,linear,0.006,0.1,0,1,0.9843387964878976
L-Concrete,concrete,linear,0.006,0.1,0,2,0.9780362928696792
L-Concrete,concrete,linear,0.006,0.1,0,3,0.9879006153427152
L-Concrete,concrete,linear,0.006,0.1,0,4,0.9852215174584008
L-Concrete,concrete,linear,0.006,0.1,1,2,0.97978835855006
L-Concrete,concrete,linear,0.006,0.1,1,3,0.9899403241334108
L-Concrete,concrete,linear,0.006,0.1,1,4,0.993192287736372
L-Concrete,concrete,linear,0.006,0.1,2,3,0.9831428917959
L-Concrete,concrete,linear,0.006,0.1,2,4,0.9756774554529108
L-Concrete,concrete,linear,0.006,0.1,3,4,0.9885851549775078
L-Concrete,concrete,linear,0.00075,0.0,0,1,0.9836021950843882
L-Concrete,concrete,linear,0.00075,0.0,0,2,0.9864802461281924
L-Concrete,concrete,linear,0.00075,0.0,0,3,0.9695812891452886
L-Concrete,concrete,linear,0.00075,0.0,0,4,0.9773384373304091
L-Concrete,concrete,linear,0.00075,0.0,1,2,0.9833411337892712
L-Concrete,concrete,linear,0.00075,0.0,1,3,0.971852122930592
L-Concrete,concrete,linear,0.00075,0.0,1,4,0.9831527091372678
L-Concrete,concrete,linear,0.00075,0.0,2,3,0.9627868449968532
L-Concrete,concrete,linear,0.00075,0.0,2,4,0.9766952892925252
L-Concrete,concrete,linear,0.00075,0.0,3,4,0.968210021675628
L-Concrete,concrete,linear,0.001,0.0,0,1,0.9737612414055582
L-Concrete,concrete,linear,0.001,0.0,0,2,0.9769963382971212
L-Concrete,concrete,linear,0.001,0.0,0,3,0.9646243060563932
L-Concrete,concrete,linear,0.001,0.0,0,4,0.9837647295906818
L-Concrete,concrete,linear,0.001,0.0,1,2,0.9780301098333382
L-Concrete,concrete,linear,0.001,0.0,1,3,0.9462478927421634
L-Concrete,concrete,linear,0.001,0.0,1,4,0.9864533867399334
L-Concrete,concrete,linear,0.001,0.0,2,3,0.9629530491690846
L-Concrete,concrete,linear,0.001,0.0,2,4,0.9844248160585524
L-Concrete,concrete,linear,0.001,0.0,3,4,0.9583392787500662
L-Concrete,concrete,linear,0.0015,0.0,0,1,0.9837685372961336
L-Concrete,concrete,linear,0.0015,0.0,0,2,0.9826702497302184
L-Concrete,concrete,linear,0.0015,0.0,0,3,0.9819053898385282
L-Concrete,concrete,linear,0.0015,0.0,0,4,0.9843904415653794
L-Concrete,concrete,linear,0.0015,0.0,1,2,0.984205625466736
L-Concrete,concrete,linear,0.0015,0.0,1,3,0.9729407090035592
L-Concrete,concrete,linear,0.0015,0.0,1,4,0.9884204348459376
L-Concrete,concrete,linear,0.0015,0.0,2,3,0.9790822273680954
L-Concrete,concrete,linear,0.0015,0.0,2,4,0.9874760043696588
L-Concrete,concrete,linear,0.0015,0.0,3,4,0.979760539683225
L-Concrete,concrete,linear,0.002,0.0,0,1,0.9848736076734578
L-Concrete,concrete,linear,0.002,0.0,0,2,0.9890735783290237
L-Concrete,concrete,linear,0.002,0.0,0,3,0.9816422442804642
L-Concrete,concrete,linear,0.002,0.0,0,4,0.981747026543091
L-Concrete,concrete,linear,0.002,0.0,1,2,0.989193207246156
L-Concrete,concrete,linear,0.002,0.0,1,3,0.9772928327207884
L-Concrete,concrete,linear,0.002,0.0,1,4,0.9857391584516532
L-Concrete,concrete,linear,0.002,0.0,2,3,0.9786462570043172
L-Concrete,concrete,linear,0.002,0.0,2,4,0.9833856863176832
L-Concrete,concrete,linear,0.002,0.0,3,4,0.9794525855022024
L-Concrete,concrete,linear,0.0025,0.0,0,1,0.9899255501424036
L-Concrete,concrete,linear,0.0025,0.0,0,2,0.9839949569688988
L-Concrete,concrete,linear,0.0025,0.0,0,3,0.9814405703464874
L-Concrete,concrete,linear,0.0025,0.0,0,4,0.9811725724358868
L-Concrete,concrete,linear,0.0025,0.0,1,2,0.9798735503182806
L-Concrete,concrete,linear,0.0025,0.0,1,3,0.9824277523839108
L-Concrete,concrete,linear,0.0025,0.0,1,4,0.984292959558854
L-Concrete,concrete,linear,0.0025,0.0,2,3,0.9790078333728603
L-Concrete,concrete,linear,0.0025,0.0,2,4,0.9808607799232651
L-Concrete,concrete,linear,0.0025,0.0,3,4,0.9877392243613934
L-Concrete,concrete,linear,0.003,0.0,0,1,0.9844609179450964
L-Concrete,concrete,linear,0.003,0.0,0,2,0.9827423518886352
L-Concrete,concrete,linear,0.003,0.0,0,3,0.966649184978319
L-Concrete,concrete,linear,0.003,0.0,0,4,0.9686955902610228
L-Concrete,concrete,linear,0.003,0.0,1,2,0.988329891065418
L-Concrete,concrete,linear,0.003,0.0,1,3,0.9729966535950696
L-Concrete,concrete,linear,0.003,0.0,1,4,0.9740926088220032
L-Concrete,concrete,linear,0.003,0.0,2,3,0.9718519619469976
L-Concrete,concrete,linear,0.003,0.0,2,4,0.969315794622857
L-Concrete,concrete,linear,0.003,0.0,3,4,0.9778522406084792
L-Concrete,concrete,linear,0.004,0.0,0,1,0.9790428672653512
L-Concrete,concrete,linear,0.004,0.0,0,2,0.9773393108444056
L-Concrete,concrete,linear,0.004,0.0,0,3,0.9802329148868952
L-Concrete,concrete,linear,0.004,0.0,0,4,0.970276068126248
L-Concrete,concrete,linear,0.004,0.0,1,2,0.97551281893107
L-Concrete,concrete,linear,0.004,0.0,1,3,0.9821153298782488
L-Concrete,concrete,linear,0.004,0.0,1,4,0.980032912127514
L-Concrete,concrete,linear,0.004,0.0,2,3,0.98365625833945
L-Concrete,concrete,linear,0.004,0.0,2,4,0.9761709098970784
L-Concrete,concrete,linear,0.004,0.0,3,4,0.9758706071147858
L-Concrete,concrete,linear,0.006,0.0,0,1,0.9639072626242
L-Concrete,concrete,linear,0.006,0.0,0,2,0.974953440324831
L-Concrete,concrete,linear,0.006,0.0,0,3,0.9682305340874612
L-Concrete,concrete,linear,0.006,0.0,0,4,0.9739995376820634
L-Concrete,concrete,linear,0.006,0.0,1,2,0.949037825026566
L-Concrete,concrete,linear,0.006,0.0,1,3,0.9653508217391076
L-Concrete,concrete,linear,0.006,0.0,1,4,0.9648281192630522
L-Concrete,concrete,linear,0.006,0.0,2,3,0.9736152954192906
L-Concrete,concrete,linear,0.006,0.0,2,4,0.9715509926471848
L-Concrete,concrete,linear,0.006,0.0,3,4,0.9783698108718772
L-Concrete,concrete,linear,0.00075,0.025,0,1,0.996092143437567
L-Concrete,concrete,linear,0.00075,0.025,0,2,0.9958130433083596
L-Concrete,concrete,linear,0.00075,0.025,0,3,0.997163143656932
L-Concrete,concrete,linear,0.00075,0.025,0,4,0.9964219237128616
L-Concrete,concrete,linear,0.00075,0.025,1,2,0.9913147358858004
L-Concrete,concrete,linear,0.00075,0.025,1,3,0.9962620988059512
L-Concrete,concrete,linear,0.00075,0.025,1,4,0.9929170112267988
L-Concrete,concrete,linear,0.00075,0.025,2,3,0.9968331995388192
L-Concrete,concrete,linear,0.00075,0.025,2,4,0.9966153246320936
L-Concrete,concrete,linear,0.00075,0.025,3,4,0.996705177589097
L-Concrete,concrete,linear,0.001,0.025,0,1,0.991202618537678
L-Concrete,concrete,linear,0.001,0.025,0,2,0.9920654288650478
L-Concrete,concrete,linear,0.001,0.025,0,3,0.9953176432208002
L-Concrete,concrete,linear,0.001,0.025,0,4,0.9799786848889396
L-Concrete,concrete,linear,0.001,0.025,1,2,0.9962448198741888
L-Concrete,concrete,linear,0.001,0.025,1,3,0.99546118107193
L-Concrete,concrete,linear,0.001,0.025,1,4,0.9928709183696008
L-Concrete,concrete,linear,0.001,0.025,2,3,0.994387051653255
L-Concrete,concrete,linear,0.001,0.025,2,4,0.992590080241202
L-Concrete,concrete,linear,0.001,0.025,3,4,0.987667637165496
L-Concrete,concrete,linear,0.0015,0.025,0,1,0.9872297978977732
L-Concrete,concrete,linear,0.0015,0.025,0,2,0.991899672026734
L-Concrete,concrete,linear,0.0015,0.025,0,3,0.9812564382098674
L-Concrete,concrete,linear,0.0015,0.025,0,4,0.9905347875034958
L-Concrete,concrete,linear,0.0015,0.025,1,2,0.9873502320094544
L-Concrete,concrete,linear,0.0015,0.025,1,3,0.9953399283771942
L-Concrete,concrete,linear,0.0015,0.025,1,4,0.9938957512626276
L-Concrete,concrete,linear,0.0015,0.025,2,3,0.9810888328522178
L-Concrete,concrete,linear,0.0015,0.025,2,4,0.995613872712075
L-Concrete,concrete,linear,0.0015,0.025,3,4,0.9906560974864708
L-Concrete,concrete,linear,0.002,0.025,0,1,0.9862390152168472
L-Concrete,concrete,linear,0.002,0.025,0,2,0.9948011806190244
L-Concrete,concrete,linear,0.002,0.025,0,3,0.9775861455386632
L-Concrete,concrete,linear,0.002,0.025,0,4,0.9819052219821052
L-Concrete,concrete,linear,0.002,0.025,1,2,0.9901099717469622
L-Concrete,concrete,linear,0.002,0.025,1,3,0.9939833126624024
L-Concrete,concrete,linear,0.002,0.025,1,4,0.995855517874904
L-Concrete,concrete,linear,0.002,0.025,2,3,0.9829474898364264
L-Concrete,concrete,linear,0.002,0.025,2,4,0.9856258446403212
L-Concrete,concrete,linear,0.002,0.025,3,4,0.996738786962157
L-Concrete,concrete,linear,0.0025,0.025,0,1,0.9926255656565004
L-Concrete,concrete,linear,0.0025,0.025,0,2,0.9864364343463382
L-Concrete,concrete,linear,0.0025,0.025,0,3,0.997273137943908
L-Concrete,concrete,linear,0.0025,0.025,0,4,0.9809207705820698
L-Concrete,concrete,linear,0.0025,0.025,1,2,0.994360257895122
L-Concrete,concrete,linear,0.0025,0.025,1,3,0.9898944432720582
L-Concrete,concrete,linear,0.0025,0.025,1,4,0.9912320096890104
L-Concrete,concrete,linear,0.0025,0.025,2,3,0.9822712002922632
L-Concrete,concrete,linear,0.0025,0.025,2,4,0.9930601323768564
L-Concrete,concrete,linear,0.0025,0.025,3,4,0.9771387284955249
L-Concrete,concrete,linear,0.003,0.025,0,1,0.992718972062142
L-Concrete,concrete,linear,0.003,0.025,0,2,0.9836734850066462
L-Concrete,concrete,linear,0.003,0.025,0,3,0.9940708871337351
L-Concrete,concrete,linear,0.003,0.025,0,4,0.9919274155051933
L-Concrete,concrete,linear,0.003,0.025,1,2,0.9886985344159804
L-Concrete,concrete,linear,0.003,0.025,1,3,0.9934554825503408
L-Concrete,concrete,linear,0.003,0.025,1,4,0.9946648590335244
L-Concrete,concrete,linear,0.003,0.025,2,3,0.98906466433179
L-Concrete,concrete,linear,0.003,0.025,2,4,0.9929216284911172
L-Concrete,concrete,linear,0.003,0.025,3,4,0.9961877009485096
L-Concrete,concrete,linear,0.004,0.025,0,1,0.9848335980722304
L-Concrete,concrete,linear,0.004,0.025,0,2,0.9893774079312978
L-Concrete,concrete,linear,0.004,0.025,0,3,0.9882705893494896
L-Concrete,concrete,linear,0.004,0.025,0,4,0.9863486789754335
L-Concrete,concrete,linear,0.004,0.025,1,2,0.9790439136250064
L-Concrete,concrete,linear,0.004,0.025,1,3,0.9873929948397449
L-Concrete,concrete,linear,0.004,0.025,1,4,0.9915155507861512
L-Concrete,concrete,linear,0.004,0.025,2,3,0.9846505952032528
L-Concrete,concrete,linear,0.004,0.025,2,4,0.9857723943406737
L-Concrete,concrete,linear,0.004,0.025,3,4,0.9853227036789872
L-Concrete,concrete,linear,0.006,0.025,0,1,0.9927602411272736
L-Concrete,concrete,linear,0.006,0.025,0,2,0.9814932398946904
L-Concrete,concrete,linear,0.006,0.025,0,3,0.9923055551732238
L-Concrete,concrete,linear,0.006,0.025,0,4,0.9718137249748696
L-Concrete,concrete,linear,0.006,0.025,1,2,0.983153078495522
L-Concrete,concrete,linear,0.006,0.025,1,3,0.9905517510482776
L-Concrete,concrete,linear,0.006,0.025,1,4,0.9721482318654204
L-Concrete,concrete,linear,0.006,0.025,2,3,0.9835226478654624
L-Concrete,concrete,linear,0.006,0.025,2,4,0.981392113579498
L-Concrete,concrete,linear,0.006,0.025,3,4,0.9804741860921002
L-Concrete,concrete,linear,0.00075,0.05,0,1,0.9916553244816266
L-Concrete,concrete,linear,0.00075,0.05,0,2,0.993787069885715
L-Concrete,concrete,linear,0.00075,0.05,0,3,0.9911785706576982
L-Concrete,concrete,linear,0.00075,0.05,0,4,0.9807626848198728
L-Concrete,concrete,linear,0.00075,0.05,1,2,0.996189221917263
L-Concrete,concrete,linear,0.00075,0.05,1,3,0.9972402390398027
L-Concrete,concrete,linear,0.00075,0.05,1,4,0.99480046721451
L-Concrete,concrete,linear,0.00075,0.05,2,3,0.9968623872340234
L-Concrete,concrete,linear,0.00075,0.05,2,4,0.9908492949216644
L-Concrete,concrete,linear,0.00075,0.05,3,4,0.9943663935894538
L-Concrete,concrete,linear,0.001,0.05,0,1,0.9967239554160872
L-Concrete,concrete,linear,0.001,0.05,0,2,0.992561797365976
L-Concrete,concrete,linear,0.001,0.05,0,3,0.9942195250811452
L-Concrete,concrete,linear,0.001,0.05,0,4,0.9940908888829222
L-Concrete,concrete,linear,0.001,0.05,1,2,0.9955571951314643
L-Concrete,concrete,linear,0.001,0.05,1,3,0.9952561793641156
L-Concrete,concrete,linear,0.001,0.05,1,4,0.9925100381995886
L-Concrete,concrete,linear,0.001,0.05,2,3,0.996803433923514
L-Concrete,concrete,linear,0.001,0.05,2,4,0.9898371335577716
L-Concrete,concrete,linear,0.001,0.05,3,4,0.9940707836029904
L-Concrete,concrete,linear,0.0015,0.05,0,1,0.9962683249349654
L-Concrete,concrete,linear,0.0015,0.05,0,2,0.9933332447048266
L-Concrete,concrete,linear,0.0015,0.05,0,3,0.9967089782664263
L-Concrete,concrete,linear,0.0015,0.05,0,4,0.9938580828560646
L-Concrete,concrete,linear,0.0015,0.05,1,2,0.9869778510256242
L-Concrete,concrete,linear,0.0015,0.05,1,3,0.9965355900274986
L-Concrete,concrete,linear,0.0015,0.05,1,4,0.9894190838419524
L-Concrete,concrete,linear,0.0015,0.05,2,3,0.9886691349775172
L-Concrete,concrete,linear,0.0015,0.05,2,4,0.9954768832502802
L-Concrete,concrete,linear,0.0015,0.05,3,4,0.9886916398793688
L-Concrete,concrete,linear,0.002,0.05,0,1,0.9833364947238212
L-Concrete,concrete,linear,0.002,0.05,0,2,0.9910732713263232
L-Concrete,concrete,linear,0.002,0.05,0,3,0.9951477409192256
L-Concrete,concrete,linear,0.002,0.05,0,4,0.9931374752841856
L-Concrete,concrete,linear,0.002,0.05,1,2,0.9946450521773804
L-Concrete,concrete,linear,0.002,0.05,1,3,0.9853606568722256
L-Concrete,concrete,linear,0.002,0.05,1,4,0.9829616257568494
L-Concrete,concrete,linear,0.002,0.05,2,3,0.991546825728114
L-Concrete,concrete,linear,0.002,0.05,2,4,0.9923691687141848
L-Concrete,concrete,linear,0.002,0.05,3,4,0.9925079447584084
L-Concrete,concrete,linear,0.0025,0.05,0,1,0.9857011138623346
L-Concrete,concrete,linear,0.0025,0.05,0,2,0.993602063470176
L-Concrete,concrete,linear,0.0025,0.05,0,3,0.9883021642352348
L-Concrete,concrete,linear,0.0025,0.05,0,4,0.9925947003737928
L-Concrete,concrete,linear,0.0025,0.05,1,2,0.9864948086009838
L-Concrete,concrete,linear,0.0025,0.05,1,3,0.990185738307257
L-Concrete,concrete,linear,0.0025,0.05,1,4,0.992873645124549
L-Concrete,concrete,linear,0.0025,0.05,2,3,0.9901070159693084
L-Concrete,concrete,linear,0.0025,0.05,2,4,0.99048151924536
L-Concrete,concrete,linear,0.0025,0.05,3,4,0.9906991566757712
L-Concrete,concrete,linear,0.003,0.05,0,1,0.9965356965129758
L-Concrete,concrete,linear,0.003,0.05,0,2,0.9959622521468334
L-Concrete,concrete,linear,0.003,0.05,0,3,0.9815277513111657
L-Concrete,concrete,linear,0.003,0.05,0,4,0.9945828001374232
L-Concrete,concrete,linear,0.003,0.05,1,2,0.9948674930496968
L-Concrete,concrete,linear,0.003,0.05,1,3,0.9880222983943374
L-Concrete,concrete,linear,0.003,0.05,1,4,0.9956805384660092
L-Concrete,concrete,linear,0.003,0.05,2,3,0.9794051241110302
L-Concrete,concrete,linear,0.003,0.05,2,4,0.9952884463583772
L-Concrete,concrete,linear,0.003,0.05,3,4,0.9863148810215188
L-Concrete,concrete,linear,0.004,0.05,0,1,0.9915046540743409
L-Concrete,concrete,linear,0.004,0.05,0,2,0.9928355692854156
L-Concrete,concrete,linear,0.004,0.05,0,3,0.9929096955857488
L-Concrete,concrete,linear,0.004,0.05,0,4,0.9929943394154734
L-Concrete,concrete,linear,0.004,0.05,1,2,0.9925326908460216
L-Concrete,concrete,linear,0.004,0.05,1,3,0.9856104053830338
L-Concrete,concrete,linear,0.004,0.05,1,4,0.9946315477580222
L-Concrete,concrete,linear,0.004,0.05,2,3,0.9882834888019384
L-Concrete,concrete,linear,0.004,0.05,2,4,0.9937305703200092
L-Concrete,concrete,linear,0.004,0.05,3,4,0.9866280579995812
L-Concrete,concrete,linear,0.006,0.05,0,1,0.9903953210160203
L-Concrete,concrete,linear,0.006,0.05,0,2,0.9923721586235188
L-Concrete,concrete,linear,0.006,0.05,0,3,0.9941577217348248
L-Concrete,concrete,linear,0.006,0.05,0,4,0.984443357799884
L-Concrete,concrete,linear,0.006,0.05,1,2,0.9925794926240888
L-Concrete,concrete,linear,0.006,0.05,1,3,0.9923774473977972
L-Concrete,concrete,linear,0.006,0.05,1,4,0.9808588258906816
L-Concrete,concrete,linear,0.006,0.05,2,3,0.9920290164672936
L-Concrete,concrete,linear,0.006,0.05,2,4,0.9850600778545696
L-Concrete,concrete,linear,0.006,0.05,3,4,0.9820909402392528
L-Concrete,concrete,linear,0.00075,0.1,0,1,0.9937376400774262
L-Concrete,concrete,linear,0.00075,0.1,0,2,0.997153331567019
L-Concrete,concrete,linear,0.00075,0.1,0,3,0.9957235060227074
L-Concrete,concrete,linear,0.00075,0.1,0,4,0.9915247581778788
L-Concrete,concrete,linear,0.00075,0.1,1,2,0.9942168293896162
L-Concrete,concrete,linear,0.00075,0.1,1,3,0.9937211947078016
L-Concrete,concrete,linear,0.00075,0.1,1,4,0.997693930803368
L-Concrete,concrete,linear,0.00075,0.1,2,3,0.9953746276811732
L-Concrete,concrete,linear,0.00075,0.1,2,4,0.9937609355733577
L-Concrete,concrete,linear,0.00075,0.1,3,4,0.991701911786039
L-Concrete,concrete,linear,0.001,0.1,0,1,0.994561067252682
L-Concrete,concrete,linear,0.001,0.1,0,2,0.9887352968725414
L-Concrete,concrete,linear,0.001,0.1,0,3,0.995490484566972
L-Concrete,concrete,linear,0.001,0.1,0,4,0.986269771764986
L-Concrete,concrete,linear,0.001,0.1,1,2,0.996705506046614
L-Concrete,concrete,linear,0.001,0.1,1,3,0.996492381873152
L-Concrete,concrete,linear,0.001,0.1,1,4,0.990375785740252
L-Concrete,concrete,linear,0.001,0.1,2,3,0.99366771897572
L-Concrete,concrete,linear,0.001,0.1,2,4,0.9893013396145496
L-Concrete,concrete,linear,0.001,0.1,3,4,0.988651341602566
L-Concrete,concrete,linear,0.0015,0.1,0,1,0.9955382862253724
L-Concrete,concrete,linear,0.0015,0.1,0,2,0.9902482001084648
L-Concrete,concrete,linear,0.0015,0.1,0,3,0.9948094624550454
L-Concrete,concrete,linear,0.0015,0.1,0,4,0.9958078047348954
L-Concrete,concrete,linear,0.0015,0.1,1,2,0.9923367680633924
L-Concrete,concrete,linear,0.0015,0.1,1,3,0.9963251606104296
L-Concrete,concrete,linear,0.0015,0.1,1,4,0.9968637874766224
L-Concrete,concrete,linear,0.0015,0.1,2,3,0.9843144799305452
L-Concrete,concrete,linear,0.0015,0.1,2,4,0.9859960629202276
L-Concrete,concrete,linear,0.0015,0.1,3,4,0.9974648971363842
L-Concrete,concrete,linear,0.002,0.1,0,1,0.9953354710881948
L-Concrete,concrete,linear,0.002,0.1,0,2,0.9915277233056052
L-Concrete,concrete,linear,0.002,0.1,0,3,0.9903086521707894
L-Concrete,concrete,linear,0.002,0.1,0,4,0.9958464070188094
L-Concrete,concrete,linear,0.002,0.1,1,2,0.9937311554891908
L-Concrete,concrete,linear,0.002,0.1,1,3,0.9919250542701776
L-Concrete,concrete,linear,0.002,0.1,1,4,0.98990072676033
L-Concrete,concrete,linear,0.002,0.1,2,3,0.9952045296944068
L-Concrete,concrete,linear,0.002,0.1,2,4,0.9894605942459744
L-Concrete,concrete,linear,0.002,0.1,3,4,0.987119480153038
L-Concrete,concrete,linear,0.0025,0.1,0,1,0.9875972783258806
L-Concrete,concrete,linear,0.0025,0.1,0,2,0.9774588326620406
L-Concrete,concrete,linear,0.0025,0.1,0,3,0.9920029967384985
L-Concrete,concrete,linear,0.0025,0.1,0,4,0.9910077489031488
L-Concrete,concrete,linear,0.0025,0.1,1,2,0.9780826443074172
L-Concrete,concrete,linear,0.0025,0.1,1,3,0.9942076668933972
L-Concrete,concrete,linear,0.0025,0.1,1,4,0.9935105904007628
L-Concrete,concrete,linear,0.0025,0.1,2,3,0.976021825017796
L-Concrete,concrete,linear,0.0025,0.1,2,4,0.989440457416176
L-Concrete,concrete,linear,0.0025,0.1,3,4,0.9919959747491728
L-Concrete,concrete,linear,0.003,0.1,0,1,0.988732885234751
L-Concrete,concrete,linear,0.003,0.1,0,2,0.9850670879007009
L-Concrete,concrete,linear,0.003,0.1,0,3,0.9911600614068116
L-Concrete,concrete,linear,0.003,0.1,0,4,0.9886094227221914
L-Concrete,concrete,linear,0.003,0.1,1,2,0.9759505999296182
L-Concrete,concrete,linear,0.003,0.1,1,3,0.98742509728841
L-Concrete,concrete,linear,0.003,0.1,1,4,0.982205987360712
L-Concrete,concrete,linear,0.003,0.1,2,3,0.973295007627582
L-Concrete,concrete,linear,0.003,0.1,2,4,0.9566766339442296
L-Concrete,concrete,linear,0.003,0.1,3,4,0.988785589853297
L-Concrete,concrete,linear,0.004,0.1,0,1,0.98904468730705
L-Concrete,concrete,linear,0.004,0.1,0,2,0.983215971695053
L-Concrete,concrete,linear,0.004,0.1,0,3,0.9572686034855472
L-Concrete,concrete,linear,0.004,0.1,0,4,0.9872619221336676
L-Concrete,concrete,linear,0.004,0.1,1,2,0.9830187802262974
L-Concrete,concrete,linear,0.004,0.1,1,3,0.96722461345736
L-Concrete,concrete,linear,0.004,0.1,1,4,0.989633666858074
L-Concrete,concrete,linear,0.004,0.1,2,3,0.9708017181125658
L-Concrete,concrete,linear,0.004,0.1,2,4,0.984545003687407
L-Concrete,concrete,linear,0.004,0.1,3,4,0.966126459456048
L-Concrete,concrete,linear,0.006,0.1,0,1,0.9942315848322468
L-Concrete,concrete,linear,0.006,0.1,0,2,0.9823820003586444
L-Concrete,concrete,linear,0.006,0.1,0,3,0.9882908153091218
L-Concrete,concrete,linear,0.006,0.1,0,4,0.9914037926616
L-Concrete,concrete,linear,0.006,0.1,1,2,0.975154203411936
L-Concrete,concrete,linear,0.006,0.1,1,3,0.978999473166642
L-Concrete,concrete,linear,0.006,0.1,1,4,0.9879678405058148
L-Concrete,concrete,linear,0.006,0.1,2,3,0.9838908768499572
L-Concrete,concrete,linear,0.006,0.1,2,4,0.983757740324859
L-Concrete,concrete,linear,0.006,0.1,3,4,0.9864652624403272
