model_family,gate_type,predictor,lambda_sparse,lambda_sample_smooth,run_i,run_j,risk_corr,top_risk_overlap_ratio,top_risk_jaccard,bottom_risk_overlap_ratio,bottom_risk_jaccard
LSPIN,lspin_tf,mlp,0.0035,0.0,0,1,0.9074395013571248,3.5440088757396446,0.5522388059701493,3.735576923076923,0.6
LSPIN,lspin_tf,mlp,0.0035,0.0,0,2,0.9214355706163458,4.02292899408284,0.6774193548387096,3.5440088757396446,0.5522388059701493
LSPIN,lspin_tf,mlp,0.0035,0.0,0,3,0.9040628531109356,3.927144970414201,0.6507936507936508,3.639792899408284,0.5757575757575758
LSPIN,lspin_tf,mlp,0.0035,0.0,0,4,0.920904537470072,3.831360946745562,0.625,3.5440088757396446,0.5522388059701493
LSPIN,lspin_tf,mlp,0.0035,0.0,1,2,0.9213710965480448,4.02292899408284,0.6774193548387096,3.639792899408284,0.5757575757575758
LSPIN,lspin_tf,mlp,0.0035,0.0,1,3,0.9163970632349736,4.02292899408284,0.6774193548387096,4.118713017751479,0.7049180327868853
LSPIN,lspin_tf,mlp,0.0035,0.0,1,4,0.9320383259671544,4.02292899408284,0.6774193548387096,3.927144970414201,0.6507936507936508
LSPIN,lspin_tf,mlp,0.0035,0.0,2,3,0.9179223866151306,4.310281065088757,0.7627118644067796,3.831360946745562,0.625
LSPIN,lspin_tf,mlp,0.0035,0.0,2,4,0.925827095591962,4.214497041420118,0.7333333333333333,3.927144970414201,0.6507936507936508
LSPIN,lspin_tf,mlp,0.0035,0.0,3,4,0.9365559593565692,4.118713017751479,0.7049180327868853,4.406065088757396,0.7931034482758621
LSPIN,lspin_tf,mlp,0.00525,0.0,0,1,0.9187577342982398,4.214497041420118,0.7333333333333333,3.639792899408284,0.5757575757575758
LSPIN,lspin_tf,mlp,0.00525,0.0,0,2,0.9267364796625784,3.735576923076923,0.6,3.831360946745562,0.625
LSPIN,lspin_tf,mlp,0.00525,0.0,0,3,0.9344494020921904,4.118713017751479,0.7049180327868853,3.927144970414201,0.6507936507936508
LSPIN,lspin_tf,mlp,0.00525,0.0,0,4,0.9468103937036512,4.406065088757396,0.7931034482758621,3.927144970414201,0.6507936507936508
LSPIN,lspin_tf,mlp,0.00525,0.0,1,2,0.8835343190520906,3.639792899408284,0.5757575757575758,3.352440828402367,0.5072463768115942
LSPIN,lspin_tf,mlp,0.00525,0.0,1,3,0.9239416288199866,4.02292899408284,0.6774193548387096,3.735576923076923,0.6
LSPIN,lspin_tf,mlp,0.00525,0.0,1,4,0.9164124549492058,4.310281065088757,0.7627118644067796,3.735576923076923,0.6
LSPIN,lspin_tf,mlp,0.00525,0.0,2,3,0.9182830030537608,3.927144970414201,0.6507936507936508,3.5440088757396446,0.5522388059701493
LSPIN,lspin_tf,mlp,0.00525,0.0,2,4,0.92339082779286,3.927144970414201,0.6507936507936508,3.639792899408284,0.5757575757575758
LSPIN,lspin_tf,mlp,0.00525,0.0,3,4,0.936689856377546,4.118713017751479,0.7049180327868853,3.639792899408284,0.5757575757575758
LSPIN,lspin_tf,mlp,0.007,0.0,0,1,0.8578897956550102,3.5440088757396446,0.5522388059701493,3.256656804733728,0.4857142857142857
LSPIN,lspin_tf,mlp,0.007,0.0,0,2,0.8378105763323227,3.639792899408284,0.5757575757575758,3.0650887573964494,0.4444444444444444
LSPIN,lspin_tf,mlp,0.007,0.0,0,3,0.8782723665183696,4.02292899408284,0.6774193548387096,3.256656804733728,0.4857142857142857
LSPIN,lspin_tf,mlp,0.007,0.0,0,4,0.8786773920278648,3.735576923076923,0.6,3.448224852071006,0.5294117647058824
LSPIN,lspin_tf,mlp,0.007,0.0,1,2,0.8919915846381874,3.5440088757396446,0.5522388059701493,3.831360946745562,0.625
LSPIN,lspin_tf,mlp,0.007,0.0,1,3,0.8856807444044057,3.639792899408284,0.5757575757575758,3.1608727810650885,0.4647887323943662
LSPIN,lspin_tf,mlp,0.007,0.0,1,4,0.8913880025625656,3.5440088757396446,0.5522388059701493,3.735576923076923,0.6
LSPIN,lspin_tf,mlp,0.007,0.0,2,3,0.8979913316702863,4.02292899408284,0.6774193548387096,3.1608727810650885,0.4647887323943662
LSPIN,lspin_tf,mlp,0.007,0.0,2,4,0.9104195928281248,3.735576923076923,0.6,3.5440088757396446,0.5522388059701493
LSPIN,lspin_tf,mlp,0.007,0.0,3,4,0.9180050706502424,3.831360946745562,0.625,3.448224852071006,0.5294117647058824
LSPIN,lspin_tf,mlp,0.00875,0.0,0,1,0.8866993442687782,3.735576923076923,0.6,3.448224852071006,0.5294117647058824
LSPIN,lspin_tf,mlp,0.00875,0.0,0,2,0.8243385041523325,3.5440088757396446,0.5522388059701493,3.1608727810650885,0.4647887323943662
LSPIN,lspin_tf,mlp,0.00875,0.0,0,3,0.8730819693695023,3.639792899408284,0.5757575757575758,3.448224852071006,0.5294117647058824
LSPIN,lspin_tf,mlp,0.00875,0.0,0,4,0.7844987965609891,3.1608727810650885,0.4647887323943662,2.586168639053254,0.3506493506493506
LSPIN,lspin_tf,mlp,0.00875,0.0,1,2,0.8614699175120147,3.735576923076923,0.6,3.448224852071006,0.5294117647058824
LSPIN,lspin_tf,mlp,0.00875,0.0,1,3,0.8740844677249626,3.639792899408284,0.5757575757575758,3.1608727810650885,0.4647887323943662
LSPIN,lspin_tf,mlp,0.00875,0.0,1,4,0.8317160256757304,3.448224852071006,0.5294117647058824,3.256656804733728,0.4857142857142857
LSPIN,lspin_tf,mlp,0.00875,0.0,2,3,0.8342003991094012,3.5440088757396446,0.5522388059701493,3.352440828402367,0.5072463768115942
LSPIN,lspin_tf,mlp,0.00875,0.0,2,4,0.8547607205569367,3.5440088757396446,0.5522388059701493,3.352440828402367,0.5072463768115942
LSPIN,lspin_tf,mlp,0.00875,0.0,3,4,0.8331884373546083,3.448224852071006,0.5294117647058824,3.0650887573964494,0.4444444444444444
LSPIN,lspin_tf,mlp,0.0105,0.0,0,1,0.8812796814956836,3.5440088757396446,0.5522388059701493,3.5440088757396446,0.5522388059701493
LSPIN,lspin_tf,mlp,0.0105,0.0,0,2,0.828361399594499,3.256656804733728,0.4857142857142857,2.8735207100591715,0.4054054054054054
LSPIN,lspin_tf,mlp,0.0105,0.0,0,3,0.8517375871907021,3.639792899408284,0.5757575757575758,3.256656804733728,0.4857142857142857
LSPIN,lspin_tf,mlp,0.0105,0.0,0,4,0.8638511866942101,3.639792899408284,0.5757575757575758,3.256656804733728,0.4857142857142857
LSPIN,lspin_tf,mlp,0.0105,0.0,1,2,0.840907727232415,3.256656804733728,0.4857142857142857,3.448224852071006,0.5294117647058824
LSPIN,lspin_tf,mlp,0.0105,0.0,1,3,0.8659133711997457,3.448224852071006,0.5294117647058824,3.5440088757396446,0.5522388059701493
LSPIN,lspin_tf,mlp,0.0105,0.0,1,4,0.870909714571019,3.448224852071006,0.5294117647058824,3.735576923076923,0.6
LSPIN,lspin_tf,mlp,0.0105,0.0,2,3,0.8307474121530976,3.256656804733728,0.4857142857142857,3.1608727810650885,0.4647887323943662
LSPIN,lspin_tf,mlp,0.0105,0.0,2,4,0.8265509584493459,3.256656804733728,0.4857142857142857,3.5440088757396446,0.5522388059701493
LSPIN,lspin_tf,mlp,0.0105,0.0,3,4,0.861997575059134,3.639792899408284,0.5757575757575758,3.1608727810650885,0.4647887323943662
LSPIN,lspin_tf,mlp,0.014,0.0,0,1,0.8728589254579526,3.831360946745562,0.625,3.352440828402367,0.5072463768115942
LSPIN,lspin_tf,mlp,0.014,0.0,0,2,0.898024003468454,3.639792899408284,0.5757575757575758,3.639792899408284,0.5757575757575758
LSPIN,lspin_tf,mlp,0.014,0.0,0,3,0.881901440743666,3.5440088757396446,0.5522388059701493,3.5440088757396446,0.5522388059701493
LSPIN,lspin_tf,mlp,0.014,0.0,0,4,0.8185760131306474,3.5440088757396446,0.5522388059701493,3.0650887573964494,0.4444444444444444
LSPIN,lspin_tf,mlp,0.014,0.0,1,2,0.8714090598205493,3.639792899408284,0.5757575757575758,3.927144970414201,0.6507936507936508
LSPIN,lspin_tf,mlp,0.014,0.0,1,3,0.8465603203003372,3.639792899408284,0.5757575757575758,3.5440088757396446,0.5522388059701493
LSPIN,lspin_tf,mlp,0.014,0.0,1,4,0.8382784146935963,3.639792899408284,0.5757575757575758,3.639792899408284,0.5757575757575758
LSPIN,lspin_tf,mlp,0.014,0.0,2,3,0.8603688460848207,3.352440828402367,0.5072463768115942,3.5440088757396446,0.5522388059701493
LSPIN,lspin_tf,mlp,0.014,0.0,2,4,0.799796630648973,3.1608727810650885,0.4647887323943662,3.448224852071006,0.5294117647058824
LSPIN,lspin_tf,mlp,0.014,0.0,3,4,0.791821626310308,2.9693047337278107,0.4246575342465753,3.0650887573964494,0.4444444444444444
LSPIN,lspin_tf,mlp,0.021,0.0,0,1,0.7925904602943359,3.639792899408284,0.5757575757575758,3.0650887573964494,0.4444444444444444
LSPIN,lspin_tf,mlp,0.021,0.0,0,2,0.8618645958937833,3.448224852071006,0.5294117647058824,3.1608727810650885,0.4647887323943662
LSPIN,lspin_tf,mlp,0.021,0.0,0,3,0.8217502951522768,3.1608727810650885,0.4647887323943662,3.352440828402367,0.5072463768115942
LSPIN,lspin_tf,mlp,0.021,0.0,0,4,0.7936205148177519,3.1608727810650885,0.4647887323943662,3.256656804733728,0.4857142857142857
LSPIN,lspin_tf,mlp,0.021,0.0,1,2,0.8039684535700559,3.1608727810650885,0.4647887323943662,3.352440828402367,0.5072463768115942
LSPIN,lspin_tf,mlp,0.021,0.0,1,3,0.7766555107536082,2.8735207100591715,0.4054054054054054,3.352440828402367,0.5072463768115942
LSPIN,lspin_tf,mlp,0.021,0.0,1,4,0.7511018809844124,3.1608727810650885,0.4647887323943662,2.7777366863905324,0.3866666666666666
LSPIN,lspin_tf,mlp,0.021,0.0,2,3,0.8356211301131464,3.1608727810650885,0.4647887323943662,3.1608727810650885,0.4647887323943662
LSPIN,lspin_tf,mlp,0.021,0.0,2,4,0.8112908781284922,3.5440088757396446,0.5522388059701493,3.256656804733728,0.4857142857142857
LSPIN,lspin_tf,mlp,0.021,0.0,3,4,0.7628696907431463,3.256656804733728,0.4857142857142857,2.9693047337278107,0.4246575342465753
LSPIN,lspin_tf,mlp,0.028,0.0,0,1,0.7827255518433748,2.8735207100591715,0.4054054054054054,3.1608727810650885,0.4647887323943662
LSPIN,lspin_tf,mlp,0.028,0.0,0,2,0.7540054726592377,2.8735207100591715,0.4054054054054054,2.8735207100591715,0.4054054054054054
LSPIN,lspin_tf,mlp,0.028,0.0,0,3,0.7779182424718035,3.448224852071006,0.5294117647058824,2.9693047337278107,0.4246575342465753
LSPIN,lspin_tf,mlp,0.028,0.0,0,4,0.8096240083131448,3.639792899408284,0.5757575757575758,3.1608727810650885,0.4647887323943662
LSPIN,lspin_tf,mlp,0.028,0.0,1,2,0.7515803673923633,3.0650887573964494,0.4444444444444444,3.0650887573964494,0.4444444444444444
LSPIN,lspin_tf,mlp,0.028,0.0,1,3,0.8242078011754044,3.1608727810650885,0.4647887323943662,3.1608727810650885,0.4647887323943662
LSPIN,lspin_tf,mlp,0.028,0.0,1,4,0.8137622530405962,3.352440828402367,0.5072463768115942,3.1608727810650885,0.4647887323943662
LSPIN,lspin_tf,mlp,0.028,0.0,2,3,0.7860171544830752,3.1608727810650885,0.4647887323943662,3.0650887573964494,0.4444444444444444
LSPIN,lspin_tf,mlp,0.028,0.0,2,4,0.7959555933606451,3.0650887573964494,0.4444444444444444,3.1608727810650885,0.4647887323943662
LSPIN,lspin_tf,mlp,0.028,0.0,3,4,0.8118852570011231,3.5440088757396446,0.5522388059701493,3.448224852071006,0.5294117647058824
LSPIN,lspin_tf,mlp,0.0035,0.025,0,1,0.8949180594446006,3.735576923076923,0.6,4.02292899408284,0.6774193548387096
LSPIN,lspin_tf,mlp,0.0035,0.025,0,2,0.9152534120013488,4.02292899408284,0.6774193548387096,4.02292899408284,0.6774193548387096
LSPIN,lspin_tf,mlp,0.0035,0.025,0,3,0.9167210009121088,4.118713017751479,0.7049180327868853,3.5440088757396446,0.5522388059701493
LSPIN,lspin_tf,mlp,0.0035,0.025,0,4,0.9045498518470656,3.735576923076923,0.6,4.02292899408284,0.6774193548387096
LSPIN,lspin_tf,mlp,0.0035,0.025,1,2,0.941376651085925,4.214497041420118,0.7333333333333333,4.118713017751479,0.7049180327868853
LSPIN,lspin_tf,mlp,0.0035,0.025,1,3,0.921740955805422,3.831360946745562,0.625,4.118713017751479,0.7049180327868853
LSPIN,lspin_tf,mlp,0.0035,0.025,1,4,0.9439061973784014,4.597633136094674,0.8571428571428571,4.118713017751479,0.7049180327868853
LSPIN,lspin_tf,mlp,0.0035,0.025,2,3,0.9237561825164567,4.02292899408284,0.6774193548387096,3.831360946745562,0.625
LSPIN,lspin_tf,mlp,0.0035,0.025,2,4,0.9026386749987554,4.118713017751479,0.7049180327868853,3.639792899408284,0.5757575757575758
LSPIN,lspin_tf,mlp,0.0035,0.025,3,4,0.9270604395927972,3.735576923076923,0.6,3.927144970414201,0.6507936507936508
LSPIN,lspin_tf,mlp,0.00525,0.025,0,1,0.9108430005711016,3.831360946745562,0.625,3.831360946745562,0.625
LSPIN,lspin_tf,mlp,0.00525,0.025,0,2,0.931102334855954,3.639792899408284,0.5757575757575758,3.639792899408284,0.5757575757575758
LSPIN,lspin_tf,mlp,0.00525,0.025,0,3,0.903479804563735,3.5440088757396446,0.5522388059701493,3.831360946745562,0.625
LSPIN,lspin_tf,mlp,0.00525,0.025,0,4,0.8457360020598694,3.735576923076923,0.6,3.1608727810650885,0.4647887323943662
LSPIN,lspin_tf,mlp,0.00525,0.025,1,2,0.9299143094298988,3.831360946745562,0.625,3.639792899408284,0.5757575757575758
LSPIN,lspin_tf,mlp,0.00525,0.025,1,3,0.938000334159544,3.639792899408284,0.5757575757575758,4.118713017751479,0.7049180327868853
LSPIN,lspin_tf,mlp,0.00525,0.025,1,4,0.9180779654232166,3.639792899408284,0.5757575757575758,3.831360946745562,0.625
LSPIN,lspin_tf,mlp,0.00525,0.025,2,3,0.917363602742668,3.927144970414201,0.6507936507936508,3.639792899408284,0.5757575757575758
LSPIN,lspin_tf,mlp,0.00525,0.025,2,4,0.8911227142042262,3.831360946745562,0.625,3.256656804733728,0.4857142857142857
LSPIN,lspin_tf,mlp,0.00525,0.025,3,4,0.910153044229626,3.448224852071006,0.5294117647058824,3.831360946745562,0.625
LSPIN,lspin_tf,mlp,0.007,0.025,0,1,0.8970375644301317,3.5440088757396446,0.5522388059701493,3.831360946745562,0.625
LSPIN,lspin_tf,mlp,0.007,0.025,0,2,0.9189759458264776,3.927144970414201,0.6507936507936508,3.639792899408284,0.5757575757575758
LSPIN,lspin_tf,mlp,0.007,0.025,0,3,0.9057225483883794,3.448224852071006,0.5294117647058824,3.639792899408284,0.5757575757575758
LSPIN,lspin_tf,mlp,0.007,0.025,0,4,0.9350008132218922,3.927144970414201,0.6507936507936508,4.214497041420118,0.7333333333333333
LSPIN,lspin_tf,mlp,0.007,0.025,1,2,0.909002753601632,3.831360946745562,0.625,3.448224852071006,0.5294117647058824
LSPIN,lspin_tf,mlp,0.007,0.025,1,3,0.8967612390773224,3.639792899408284,0.5757575757575758,3.352440828402367,0.5072463768115942
LSPIN,lspin_tf,mlp,0.007,0.025,1,4,0.9166151529223376,3.831360946745562,0.625,3.735576923076923,0.6
LSPIN,lspin_tf,mlp,0.007,0.025,2,3,0.9340583315299726,3.927144970414201,0.6507936507936508,4.118713017751479,0.7049180327868853
LSPIN,lspin_tf,mlp,0.007,0.025,2,4,0.9458610475286084,4.214497041420118,0.7333333333333333,4.02292899408284,0.6774193548387096
LSPIN,lspin_tf,mlp,0.007,0.025,3,4,0.9262248452771225,4.02292899408284,0.6774193548387096,3.831360946745562,0.625
LSPIN,lspin_tf,mlp,0.00875,0.025,0,1,0.8988709767367852,3.639792899408284,0.5757575757575758,3.735576923076923,0.6
LSPIN,lspin_tf,mlp,0.00875,0.025,0,2,0.8961722182006466,3.448224852071006,0.5294117647058824,3.831360946745562,0.625
LSPIN,lspin_tf,mlp,0.00875,0.025,0,3,0.8741348561783375,3.352440828402367,0.5072463768115942,3.831360946745562,0.625
LSPIN,lspin_tf,mlp,0.00875,0.025,0,4,0.8676830901265988,3.5440088757396446,0.5522388059701493,3.735576923076923,0.6
LSPIN,lspin_tf,mlp,0.00875,0.025,1,2,0.9352841625286572,4.118713017751479,0.7049180327868853,3.831360946745562,0.625
LSPIN,lspin_tf,mlp,0.00875,0.025,1,3,0.902867818380423,3.831360946745562,0.625,3.735576923076923,0.6
LSPIN,lspin_tf,mlp,0.00875,0.025,1,4,0.9017001573074364,3.735576923076923,0.6,3.448224852071006,0.5294117647058824
LSPIN,lspin_tf,mlp,0.00875,0.025,2,3,0.911356359545534,3.5440088757396446,0.5522388059701493,3.927144970414201,0.6507936507936508
LSPIN,lspin_tf,mlp,0.00875,0.025,2,4,0.8864338078242654,3.735576923076923,0.6,3.448224852071006,0.5294117647058824
LSPIN,lspin_tf,mlp,0.00875,0.025,3,4,0.8889301647275581,3.448224852071006,0.5294117647058824,3.831360946745562,0.625
LSPIN,lspin_tf,mlp,0.0105,0.025,0,1,0.859422026911666,3.735576923076923,0.6,3.448224852071006,0.5294117647058824
LSPIN,lspin_tf,mlp,0.0105,0.025,0,2,0.8689304977432033,3.735576923076923,0.6,3.352440828402367,0.5072463768115942
LSPIN,lspin_tf,mlp,0.0105,0.025,0,3,0.8806411361866793,3.735576923076923,0.6,3.448224852071006,0.5294117647058824
LSPIN,lspin_tf,mlp,0.0105,0.025,0,4,0.8866033263539312,3.831360946745562,0.625,3.5440088757396446,0.5522388059701493
LSPIN,lspin_tf,mlp,0.0105,0.025,1,2,0.8639065403801368,3.5440088757396446,0.5522388059701493,3.735576923076923,0.6
LSPIN,lspin_tf,mlp,0.0105,0.025,1,3,0.7944946196750015,3.448224852071006,0.5294117647058824,2.7777366863905324,0.3866666666666666
LSPIN,lspin_tf,mlp,0.0105,0.025,1,4,0.8658399741051299,3.639792899408284,0.5757575757575758,3.352440828402367,0.5072463768115942
LSPIN,lspin_tf,mlp,0.0105,0.025,2,3,0.7854957439834291,3.448224852071006,0.5294117647058824,2.586168639053254,0.3506493506493506
LSPIN,lspin_tf,mlp,0.0105,0.025,2,4,0.8248672536111017,3.1608727810650885,0.4647887323943662,3.448224852071006,0.5294117647058824
LSPIN,lspin_tf,mlp,0.0105,0.025,3,4,0.8522311476267682,3.639792899408284,0.5757575757575758,3.0650887573964494,0.4444444444444444
LSPIN,lspin_tf,mlp,0.014,0.025,0,1,0.8235491368530815,3.0650887573964494,0.4444444444444444,3.0650887573964494,0.4444444444444444
LSPIN,lspin_tf,mlp,0.014,0.025,0,2,0.8862250089024378,3.5440088757396446,0.5522388059701493,3.5440088757396446,0.5522388059701493
LSPIN,lspin_tf,mlp,0.014,0.025,0,3,0.8676327501145373,3.5440088757396446,0.5522388059701493,3.1608727810650885,0.4647887323943662
LSPIN,lspin_tf,mlp,0.014,0.025,0,4,0.8362783161982732,3.448224852071006,0.5294117647058824,3.1608727810650885,0.4647887323943662
LSPIN,lspin_tf,mlp,0.014,0.025,1,2,0.8134409908358621,3.735576923076923,0.6,2.8735207100591715,0.4054054054054054
LSPIN,lspin_tf,mlp,0.014,0.025,1,3,0.8318178711923075,3.5440088757396446,0.5522388059701493,3.256656804733728,0.4857142857142857
LSPIN,lspin_tf,mlp,0.014,0.025,1,4,0.8084672415840763,3.352440828402367,0.5072463768115942,2.8735207100591715,0.4054054054054054
LSPIN,lspin_tf,mlp,0.014,0.025,2,3,0.8830863536176741,3.5440088757396446,0.5522388059701493,3.448224852071006,0.5294117647058824
LSPIN,lspin_tf,mlp,0.014,0.025,2,4,0.8512417621948847,3.831360946745562,0.625,3.352440828402367,0.5072463768115942
LSPIN,lspin_tf,mlp,0.014,0.025,3,4,0.8527016590354188,3.352440828402367,0.5072463768115942,3.1608727810650885,0.4647887323943662
LSPIN,lspin_tf,mlp,0.021,0.025,0,1,0.8308222086245585,3.352440828402367,0.5072463768115942,2.9693047337278107,0.4246575342465753
LSPIN,lspin_tf,mlp,0.021,0.025,0,2,0.825578133756989,3.352440828402367,0.5072463768115942,3.256656804733728,0.4857142857142857
LSPIN,lspin_tf,mlp,0.021,0.025,0,3,0.7772075574229792,2.8735207100591715,0.4054054054054054,3.256656804733728,0.4857142857142857
LSPIN,lspin_tf,mlp,0.021,0.025,0,4,0.8336041446357718,3.5440088757396446,0.5522388059701493,3.0650887573964494,0.4444444444444444
LSPIN,lspin_tf,mlp,0.021,0.025,1,2,0.7926307043594717,3.1608727810650885,0.4647887323943662,3.256656804733728,0.4857142857142857
LSPIN,lspin_tf,mlp,0.021,0.025,1,3,0.7625720811119145,2.8735207100591715,0.4054054054054054,3.0650887573964494,0.4444444444444444
LSPIN,lspin_tf,mlp,0.021,0.025,1,4,0.8294399525344905,3.256656804733728,0.4857142857142857,3.1608727810650885,0.4647887323943662
LSPIN,lspin_tf,mlp,0.021,0.025,2,3,0.7696677661986498,3.0650887573964494,0.4444444444444444,3.1608727810650885,0.4647887323943662
LSPIN,lspin_tf,mlp,0.021,0.025,2,4,0.7916163971721389,3.256656804733728,0.4857142857142857,2.6819526627218933,0.3684210526315789
LSPIN,lspin_tf,mlp,0.021,0.025,3,4,0.7564628482377577,2.9693047337278107,0.4246575342465753,3.352440828402367,0.5072463768115942
LSPIN,lspin_tf,mlp,0.028,0.025,0,1,0.7735780936689127,3.352440828402367,0.5072463768115942,2.8735207100591715,0.4054054054054054
LSPIN,lspin_tf,mlp,0.028,0.025,0,2,0.7392011626710535,3.0650887573964494,0.4444444444444444,2.8735207100591715,0.4054054054054054
LSPIN,lspin_tf,mlp,0.028,0.025,0,3,0.7291595774304144,3.0650887573964494,0.4444444444444444,2.9693047337278107,0.4246575342465753
LSPIN,lspin_tf,mlp,0.028,0.025,0,4,0.7332232177529082,3.0650887573964494,0.4444444444444444,2.8735207100591715,0.4054054054054054
LSPIN,lspin_tf,mlp,0.028,0.025,1,2,0.8007873693401468,3.256656804733728,0.4857142857142857,3.1608727810650885,0.4647887323943662
LSPIN,lspin_tf,mlp,0.028,0.025,1,3,0.7941476420563206,3.0650887573964494,0.4444444444444444,3.256656804733728,0.4857142857142857
LSPIN,lspin_tf,mlp,0.028,0.025,1,4,0.7803912345655366,3.0650887573964494,0.4444444444444444,2.8735207100591715,0.4054054054054054
LSPIN,lspin_tf,mlp,0.028,0.025,2,3,0.7424838436542476,3.256656804733728,0.4857142857142857,2.9693047337278107,0.4246575342465753
LSPIN,lspin_tf,mlp,0.028,0.025,2,4,0.795901930372343,3.1608727810650885,0.4647887323943662,2.6819526627218933,0.3684210526315789
LSPIN,lspin_tf,mlp,0.028,0.025,3,4,0.7960234118297395,3.256656804733728,0.4857142857142857,3.256656804733728,0.4857142857142857
LSPIN,lspin_tf,mlp,0.0035,0.05,0,1,0.950529131234656,4.310281065088757,0.7627118644067796,4.118713017751479,0.7049180327868853
LSPIN,lspin_tf,mlp,0.0035,0.05,0,2,0.9432328676513688,3.831360946745562,0.625,3.735576923076923,0.6
LSPIN,lspin_tf,mlp,0.0035,0.05,0,3,0.9370484893819314,4.214497041420118,0.7333333333333333,3.735576923076923,0.6
LSPIN,lspin_tf,mlp,0.0035,0.05,0,4,0.879567936605627,3.352440828402367,0.5072463768115942,3.5440088757396446,0.5522388059701493
LSPIN,lspin_tf,mlp,0.0035,0.05,1,2,0.9253505306227284,4.118713017751479,0.7049180327868853,3.5440088757396446,0.5522388059701493
LSPIN,lspin_tf,mlp,0.0035,0.05,1,3,0.9558670824538812,4.406065088757396,0.7931034482758621,3.927144970414201,0.6507936507936508
LSPIN,lspin_tf,mlp,0.0035,0.05,1,4,0.867145720583466,3.448224852071006,0.5294117647058824,3.5440088757396446,0.5522388059701493
LSPIN,lspin_tf,mlp,0.0035,0.05,2,3,0.9355477476013784,4.118713017751479,0.7049180327868853,4.118713017751479,0.7049180327868853
LSPIN,lspin_tf,mlp,0.0035,0.05,2,4,0.888341817780235,3.448224852071006,0.5294117647058824,3.927144970414201,0.6507936507936508
LSPIN,lspin_tf,mlp,0.0035,0.05,3,4,0.9133179897366352,3.5440088757396446,0.5522388059701493,3.927144970414201,0.6507936507936508
LSPIN,lspin_tf,mlp,0.00525,0.05,0,1,0.9035164737284612,4.118713017751479,0.7049180327868853,3.448224852071006,0.5294117647058824
LSPIN,lspin_tf,mlp,0.00525,0.05,0,2,0.927684959060325,4.310281065088757,0.7627118644067796,4.02292899408284,0.6774193548387096
LSPIN,lspin_tf,mlp,0.00525,0.05,0,3,0.9526184998925104,4.214497041420118,0.7333333333333333,3.927144970414201,0.6507936507936508
LSPIN,lspin_tf,mlp,0.00525,0.05,0,4,0.9669590617588916,4.310281065088757,0.7627118644067796,4.310281065088757,0.7627118644067796
LSPIN,lspin_tf,mlp,0.00525,0.05,1,2,0.94058315794161,4.214497041420118,0.7333333333333333,4.02292899408284,0.6774193548387096
LSPIN,lspin_tf,mlp,0.00525,0.05,1,3,0.9007495546052978,3.831360946745562,0.625,3.735576923076923,0.6
LSPIN,lspin_tf,mlp,0.00525,0.05,1,4,0.9159038254897868,4.310281065088757,0.7627118644067796,3.831360946745562,0.625
LSPIN,lspin_tf,mlp,0.00525,0.05,2,3,0.9232932012279076,3.927144970414201,0.6507936507936508,3.735576923076923,0.6
LSPIN,lspin_tf,mlp,0.00525,0.05,2,4,0.917953901854406,4.214497041420118,0.7333333333333333,4.02292899408284,0.6774193548387096
LSPIN,lspin_tf,mlp,0.00525,0.05,3,4,0.9535606388651068,4.118713017751479,0.7049180327868853,4.118713017751479,0.7049180327868853
LSPIN,lspin_tf,mlp,0.007,0.05,0,1,0.9420815974640748,3.927144970414201,0.6507936507936508,3.927144970414201,0.6507936507936508
LSPIN,lspin_tf,mlp,0.007,0.05,0,2,0.9630435376164704,4.406065088757396,0.7931034482758621,4.310281065088757,0.7627118644067796
LSPIN,lspin_tf,mlp,0.007,0.05,0,3,0.9338625061232692,4.214497041420118,0.7333333333333333,3.831360946745562,0.625
LSPIN,lspin_tf,mlp,0.007,0.05,0,4,0.9358141401513936,3.831360946745562,0.625,4.118713017751479,0.7049180327868853
LSPIN,lspin_tf,mlp,0.007,0.05,1,2,0.9346263230023826,3.831360946745562,0.625,3.5440088757396446,0.5522388059701493
LSPIN,lspin_tf,mlp,0.007,0.05,1,3,0.9129208176033896,3.831360946745562,0.625,3.5440088757396446,0.5522388059701493
LSPIN,lspin_tf,mlp,0.007,0.05,1,4,0.9094669632560852,3.735576923076923,0.6,3.639792899408284,0.5757575757575758
LSPIN,lspin_tf,mlp,0.007,0.05,2,3,0.9536999606394848,4.406065088757396,0.7931034482758621,4.02292899408284,0.6774193548387096
LSPIN,lspin_tf,mlp,0.007,0.05,2,4,0.9236999868142964,3.735576923076923,0.6,3.831360946745562,0.625
LSPIN,lspin_tf,mlp,0.007,0.05,3,4,0.9094951127576992,3.831360946745562,0.625,3.831360946745562,0.625
LSPIN,lspin_tf,mlp,0.00875,0.05,0,1,0.8999666892092836,3.831360946745562,0.625,4.118713017751479,0.7049180327868853
LSPIN,lspin_tf,mlp,0.00875,0.05,0,2,0.9113683877199698,4.02292899408284,0.6774193548387096,3.831360946745562,0.625
LSPIN,lspin_tf,mlp,0.00875,0.05,0,3,0.9115521711400356,4.02292899408284,0.6774193548387096,3.735576923076923,0.6
LSPIN,lspin_tf,mlp,0.00875,0.05,0,4,0.8885680628684574,3.831360946745562,0.625,4.02292899408284,0.6774193548387096
LSPIN,lspin_tf,mlp,0.00875,0.05,1,2,0.9029300422796044,4.118713017751479,0.7049180327868853,3.927144970414201,0.6507936507936508
LSPIN,lspin_tf,mlp,0.00875,0.05,1,3,0.9363154111539282,4.214497041420118,0.7333333333333333,4.02292899408284,0.6774193548387096
LSPIN,lspin_tf,mlp,0.00875,0.05,1,4,0.9402288494371372,4.02292899408284,0.6774193548387096,4.118713017751479,0.7049180327868853
LSPIN,lspin_tf,mlp,0.00875,0.05,2,3,0.9094275596694156,4.118713017751479,0.7049180327868853,3.5440088757396446,0.5522388059701493
LSPIN,lspin_tf,mlp,0.00875,0.05,2,4,0.8866277373270485,4.214497041420118,0.7333333333333333,3.831360946745562,0.625
LSPIN,lspin_tf,mlp,0.00875,0.05,3,4,0.9349125170240716,3.831360946745562,0.625,3.927144970414201,0.6507936507936508
LSPIN,lspin_tf,mlp,0.0105,0.05,0,1,0.914030413679894,3.639792899408284,0.5757575757575758,3.639792899408284,0.5757575757575758
LSPIN,lspin_tf,mlp,0.0105,0.05,0,2,0.8675163891399809,3.639792899408284,0.5757575757575758,3.352440828402367,0.5072463768115942
LSPIN,lspin_tf,mlp,0.0105,0.05,0,3,0.9005061840671976,3.256656804733728,0.4857142857142857,3.5440088757396446,0.5522388059701493
LSPIN,lspin_tf,mlp,0.0105,0.05,0,4,0.9025714535155795,3.639792899408284,0.5757575757575758,3.5440088757396446,0.5522388059701493
LSPIN,lspin_tf,mlp,0.0105,0.05,1,2,0.8883219454998339,3.5440088757396446,0.5522388059701493,3.448224852071006,0.5294117647058824
LSPIN,lspin_tf,mlp,0.0105,0.05,1,3,0.9148509536829768,3.448224852071006,0.5294117647058824,3.639792899408284,0.5757575757575758
LSPIN,lspin_tf,mlp,0.0105,0.05,1,4,0.8935821359383581,3.735576923076923,0.6,3.927144970414201,0.6507936507936508
LSPIN,lspin_tf,mlp,0.0105,0.05,2,3,0.8700113678086154,3.352440828402367,0.5072463768115942,3.5440088757396446,0.5522388059701493
LSPIN,lspin_tf,mlp,0.0105,0.05,2,4,0.8745291980275789,3.5440088757396446,0.5522388059701493,3.352440828402367,0.5072463768115942
LSPIN,lspin_tf,mlp,0.0105,0.05,3,4,0.9101022106999872,3.639792899408284,0.5757575757575758,3.5440088757396446,0.5522388059701493
LSPIN,lspin_tf,mlp,0.014,0.05,0,1,0.8675799067998013,3.639792899408284,0.5757575757575758,3.352440828402367,0.5072463768115942
LSPIN,lspin_tf,mlp,0.014,0.05,0,2,0.876200631549233,3.639792899408284,0.5757575757575758,3.639792899408284,0.5757575757575758
LSPIN,lspin_tf,mlp,0.014,0.05,0,3,0.8629785923259452,3.831360946745562,0.625,3.352440828402367,0.5072463768115942
LSPIN,lspin_tf,mlp,0.014,0.05,0,4,0.8841562764338807,3.0650887573964494,0.4444444444444444,3.639792899408284,0.5757575757575758
LSPIN,lspin_tf,mlp,0.014,0.05,1,2,0.8685122729646042,3.735576923076923,0.6,3.256656804733728,0.4857142857142857
LSPIN,lspin_tf,mlp,0.014,0.05,1,3,0.8552818249432819,3.5440088757396446,0.5522388059701493,3.256656804733728,0.4857142857142857
LSPIN,lspin_tf,mlp,0.014,0.05,1,4,0.851903506009767,3.639792899408284,0.5757575757575758,3.256656804733728,0.4857142857142857
LSPIN,lspin_tf,mlp,0.014,0.05,2,3,0.872658067800499,3.831360946745562,0.625,3.5440088757396446,0.5522388059701493
LSPIN,lspin_tf,mlp,0.014,0.05,2,4,0.8803684470521207,3.5440088757396446,0.5522388059701493,3.735576923076923,0.6
LSPIN,lspin_tf,mlp,0.014,0.05,3,4,0.8604449914035553,3.1608727810650885,0.4647887323943662,3.831360946745562,0.625
LSPIN,lspin_tf,mlp,0.021,0.05,0,1,0.8031201965656285,2.9693047337278107,0.4246575342465753,3.352440828402367,0.5072463768115942
LSPIN,lspin_tf,mlp,0.021,0.05,0,2,0.7464233412596051,2.8735207100591715,0.4054054054054054,2.9693047337278107,0.4246575342465753
LSPIN,lspin_tf,mlp,0.021,0.05,0,3,0.8244869467853857,3.256656804733728,0.4857142857142857,3.1608727810650885,0.4647887323943662
LSPIN,lspin_tf,mlp,0.021,0.05,0,4,0.7872377039071633,3.352440828402367,0.5072463768115942,2.9693047337278107,0.4246575342465753
LSPIN,lspin_tf,mlp,0.021,0.05,1,2,0.8121912695494188,3.0650887573964494,0.4444444444444444,3.352440828402367,0.5072463768115942
LSPIN,lspin_tf,mlp,0.021,0.05,1,3,0.8135154009153946,2.4903846153846154,0.3333333333333333,3.5440088757396446,0.5522388059701493
LSPIN,lspin_tf,mlp,0.021,0.05,1,4,0.8365600423148583,3.1608727810650885,0.4647887323943662,3.5440088757396446,0.5522388059701493
LSPIN,lspin_tf,mlp,0.021,0.05,2,3,0.7724475285120412,2.586168639053254,0.3506493506493506,3.1608727810650885,0.4647887323943662
LSPIN,lspin_tf,mlp,0.021,0.05,2,4,0.7651319941945762,2.3946005917159763,0.3164556962025316,3.256656804733728,0.4857142857142857
LSPIN,lspin_tf,mlp,0.021,0.05,3,4,0.8081475651535678,2.586168639053254,0.3506493506493506,3.5440088757396446,0.5522388059701493
LSPIN,lspin_tf,mlp,0.028,0.05,0,1,0.7706647867079314,2.7777366863905324,0.3866666666666666,3.5440088757396446,0.5522388059701493
LSPIN,lspin_tf,mlp,0.028,0.05,0,2,0.7559785552531891,2.7777366863905324,0.3866666666666666,2.9693047337278107,0.4246575342465753
LSPIN,lspin_tf,mlp,0.028,0.05,0,3,0.7273976910922094,2.298816568047337,0.3,2.6819526627218933,0.3684210526315789
LSPIN,lspin_tf,mlp,0.028,0.05,0,4,0.7782058035830652,2.9693047337278107,0.4246575342465753,3.1608727810650885,0.4647887323943662
LSPIN,lspin_tf,mlp,0.028,0.05,1,2,0.7868210263621311,2.6819526627218933,0.3684210526315789,3.448224852071006,0.5294117647058824
LSPIN,lspin_tf,mlp,0.028,0.05,1,3,0.7480794948072244,2.6819526627218933,0.3684210526315789,3.256656804733728,0.4857142857142857
LSPIN,lspin_tf,mlp,0.028,0.05,1,4,0.789584239767057,2.9693047337278107,0.4246575342465753,3.0650887573964494,0.4444444444444444
LSPIN,lspin_tf,mlp,0.028,0.05,2,3,0.6909190351550472,2.3946005917159763,0.3164556962025316,3.0650887573964494,0.4444444444444444
LSPIN,lspin_tf,mlp,0.028,0.05,2,4,0.7676207536428135,3.1608727810650885,0.4647887323943662,2.9693047337278107,0.4246575342465753
LSPIN,lspin_tf,mlp,0.028,0.05,3,4,0.7525311658867561,3.0650887573964494,0.4444444444444444,3.256656804733728,0.4857142857142857
LSPIN,lspin_tf,mlp,0.0035,0.1,0,1,0.957433135988105,4.501849112426036,0.8245614035087719,4.118713017751479,0.7049180327868853
LSPIN,lspin_tf,mlp,0.0035,0.1,0,2,0.914925421096046,4.406065088757396,0.7931034482758621,3.5440088757396446,0.5522388059701493
LSPIN,lspin_tf,mlp,0.0035,0.1,0,3,0.9409684196126326,4.406065088757396,0.7931034482758621,3.735576923076923,0.6
LSPIN,lspin_tf,mlp,0.0035,0.1,0,4,0.928090415047118,4.501849112426036,0.8245614035087719,3.448224852071006,0.5294117647058824
LSPIN,lspin_tf,mlp,0.0035,0.1,1,2,0.9133991569128496,4.02292899408284,0.6774193548387096,3.352440828402367,0.5072463768115942
LSPIN,lspin_tf,mlp,0.0035,0.1,1,3,0.9573802701900114,4.214497041420118,0.7333333333333333,3.927144970414201,0.6507936507936508
LSPIN,lspin_tf,mlp,0.0035,0.1,1,4,0.9209567178134078,4.406065088757396,0.7931034482758621,3.5440088757396446,0.5522388059701493
LSPIN,lspin_tf,mlp,0.0035,0.1,2,3,0.9218887373710392,4.214497041420118,0.7333333333333333,3.831360946745562,0.625
LSPIN,lspin_tf,mlp,0.0035,0.1,2,4,0.8840945830739562,4.02292899408284,0.6774193548387096,2.9693047337278107,0.4246575342465753
LSPIN,lspin_tf,mlp,0.0035,0.1,3,4,0.8863306779454785,4.118713017751479,0.7049180327868853,3.1608727810650885,0.4647887323943662
LSPIN,lspin_tf,mlp,0.00525,0.1,0,1,0.9087095144313976,4.02292899408284,0.6774193548387096,4.118713017751479,0.7049180327868853
LSPIN,lspin_tf,mlp,0.00525,0.1,0,2,0.9412852064927232,4.214497041420118,0.7333333333333333,4.214497041420118,0.7333333333333333
LSPIN,lspin_tf,mlp,0.00525,0.1,0,3,0.9062466130183288,3.927144970414201,0.6507936507936508,4.118713017751479,0.7049180327868853
LSPIN,lspin_tf,mlp,0.00525,0.1,0,4,0.9484765487423829,4.02292899408284,0.6774193548387096,4.214497041420118,0.7333333333333333
LSPIN,lspin_tf,mlp,0.00525,0.1,1,2,0.9379095104792782,4.501849112426036,0.8245614035087719,4.02292899408284,0.6774193548387096
LSPIN,lspin_tf,mlp,0.00525,0.1,1,3,0.921831007782874,4.118713017751479,0.7049180327868853,3.639792899408284,0.5757575757575758
LSPIN,lspin_tf,mlp,0.00525,0.1,1,4,0.923787497412222,4.118713017751479,0.7049180327868853,3.927144970414201,0.6507936507936508
LSPIN,lspin_tf,mlp,0.00525,0.1,2,3,0.9208942303367724,4.310281065088757,0.7627118644067796,3.831360946745562,0.625
LSPIN,lspin_tf,mlp,0.00525,0.1,2,4,0.9583799631993608,4.406065088757396,0.7931034482758621,4.118713017751479,0.7049180327868853
LSPIN,lspin_tf,mlp,0.00525,0.1,3,4,0.8975677352327022,4.214497041420118,0.7333333333333333,3.5440088757396446,0.5522388059701493
LSPIN,lspin_tf,mlp,0.007,0.1,0,1,0.943270126517504,4.214497041420118,0.7333333333333333,3.927144970414201,0.6507936507936508
LSPIN,lspin_tf,mlp,0.007,0.1,0,2,0.9482241091157932,4.310281065088757,0.7627118644067796,4.118713017751479,0.7049180327868853
LSPIN,lspin_tf,mlp,0.007,0.1,0,3,0.9541715992070504,4.310281065088757,0.7627118644067796,4.310281065088757,0.7627118644067796
LSPIN,lspin_tf,mlp,0.007,0.1,0,4,0.9275717076876848,4.214497041420118,0.7333333333333333,3.735576923076923,0.6
LSPIN,lspin_tf,mlp,0.007,0.1,1,2,0.9488365795917072,4.406065088757396,0.7931034482758621,4.214497041420118,0.7333333333333333
LSPIN,lspin_tf,mlp,0.007,0.1,1,3,0.9416766574832168,4.118713017751479,0.7049180327868853,4.02292899408284,0.6774193548387096
LSPIN,lspin_tf,mlp,0.007,0.1,1,4,0.9490666131898746,4.02292899408284,0.6774193548387096,3.639792899408284,0.5757575757575758
LSPIN,lspin_tf,mlp,0.007,0.1,2,3,0.9560935343089054,4.310281065088757,0.7627118644067796,4.118713017751479,0.7049180327868853
LSPIN,lspin_tf,mlp,0.007,0.1,2,4,0.932899734697043,4.214497041420118,0.7333333333333333,3.448224852071006,0.5294117647058824
LSPIN,lspin_tf,mlp,0.007,0.1,3,4,0.9314353991164376,4.406065088757396,0.7931034482758621,3.735576923076923,0.6
LSPIN,lspin_tf,mlp,0.00875,0.1,0,1,0.9363011089285124,4.214497041420118,0.7333333333333333,3.831360946745562,0.625
LSPIN,lspin_tf,mlp,0.00875,0.1,0,2,0.9170929380093288,4.02292899408284,0.6774193548387096,3.639792899408284,0.5757575757575758
LSPIN,lspin_tf,mlp,0.00875,0.1,0,3,0.950298135392969,4.310281065088757,0.7627118644067796,3.927144970414201,0.6507936507936508
LSPIN,lspin_tf,mlp,0.00875,0.1,0,4,0.9192359718956624,3.927144970414201,0.6507936507936508,3.5440088757396446,0.5522388059701493
LSPIN,lspin_tf,mlp,0.00875,0.1,1,2,0.9192315796615614,4.310281065088757,0.7627118644067796,3.448224852071006,0.5294117647058824
LSPIN,lspin_tf,mlp,0.00875,0.1,1,3,0.9289352982398318,4.02292899408284,0.6774193548387096,3.735576923076923,0.6
LSPIN,lspin_tf,mlp,0.00875,0.1,1,4,0.904413482998758,4.02292899408284,0.6774193548387096,3.639792899408284,0.5757575757575758
LSPIN,lspin_tf,mlp,0.00875,0.1,2,3,0.9357916203344327,4.02292899408284,0.6774193548387096,3.639792899408284,0.5757575757575758
LSPIN,lspin_tf,mlp,0.00875,0.1,2,4,0.915139559162734,4.02292899408284,0.6774193548387096,3.735576923076923,0.6
LSPIN,lspin_tf,mlp,0.00875,0.1,3,4,0.9180198358821056,3.639792899408284,0.5757575757575758,3.639792899408284,0.5757575757575758
LSPIN,lspin_tf,mlp,0.0105,0.1,0,1,0.8816297783306029,3.735576923076923,0.6,3.1608727810650885,0.4647887323943662
LSPIN,lspin_tf,mlp,0.0105,0.1,0,2,0.8916940069470196,3.639792899408284,0.5757575757575758,3.639792899408284,0.5757575757575758
LSPIN,lspin_tf,mlp,0.0105,0.1,0,3,0.8842551154966569,3.831360946745562,0.625,3.352440828402367,0.5072463768115942
LSPIN,lspin_tf,mlp,0.0105,0.1,0,4,0.85819654647931,3.735576923076923,0.6,2.9693047337278107,0.4246575342465753
LSPIN,lspin_tf,mlp,0.0105,0.1,1,2,0.9067083834972488,3.735576923076923,0.6,3.5440088757396446,0.5522388059701493
LSPIN,lspin_tf,mlp,0.0105,0.1,1,3,0.9234807861162928,3.5440088757396446,0.5522388059701493,3.831360946745562,0.625
LSPIN,lspin_tf,mlp,0.0105,0.1,1,4,0.905893991385388,3.735576923076923,0.6,3.735576923076923,0.6
LSPIN,lspin_tf,mlp,0.0105,0.1,2,3,0.9351666479530442,3.831360946745562,0.625,3.735576923076923,0.6
LSPIN,lspin_tf,mlp,0.0105,0.1,2,4,0.9137916600414728,3.831360946745562,0.625,3.5440088757396446,0.5522388059701493
LSPIN,lspin_tf,mlp,0.0105,0.1,3,4,0.9285756804283364,3.927144970414201,0.6507936507936508,4.02292899408284,0.6774193548387096
LSPIN,lspin_tf,mlp,0.014,0.1,0,1,0.902753557524275,3.927144970414201,0.6507936507936508,3.639792899408284,0.5757575757575758
LSPIN,lspin_tf,mlp,0.014,0.1,0,2,0.8935772334401804,3.639792899408284,0.5757575757575758,3.352440828402367,0.5072463768115942
LSPIN,lspin_tf,mlp,0.014,0.1,0,3,0.8944042290800958,3.5440088757396446,0.5522388059701493,3.735576923076923,0.6
LSPIN,lspin_tf,mlp,0.014,0.1,0,4,0.8787562059059093,3.256656804733728,0.4857142857142857,3.735576923076923,0.6
LSPIN,lspin_tf,mlp,0.014,0.1,1,2,0.9018034866697638,3.639792899408284,0.5757575757575758,3.5440088757396446,0.5522388059701493
LSPIN,lspin_tf,mlp,0.014,0.1,1,3,0.9061678962248172,3.927144970414201,0.6507936507936508,4.02292899408284,0.6774193548387096
LSPIN,lspin_tf,mlp,0.014,0.1,1,4,0.8875215405039413,3.352440828402367,0.5072463768115942,3.735576923076923,0.6
LSPIN,lspin_tf,mlp,0.014,0.1,2,3,0.9059496169571604,3.256656804733728,0.4857142857142857,3.5440088757396446,0.5522388059701493
LSPIN,lspin_tf,mlp,0.014,0.1,2,4,0.8860822322787907,3.639792899408284,0.5757575757575758,3.639792899408284,0.5757575757575758
LSPIN,lspin_tf,mlp,0.014,0.1,3,4,0.8672254622741586,3.1608727810650885,0.4647887323943662,3.639792899408284,0.5757575757575758
LSPIN,lspin_tf,mlp,0.021,0.1,0,1,0.8161977136305272,3.256656804733728,0.4857142857142857,3.1608727810650885,0.4647887323943662
LSPIN,lspin_tf,mlp,0.021,0.1,0,2,0.8344225872172427,3.256656804733728,0.4857142857142857,3.5440088757396446,0.5522388059701493
LSPIN,lspin_tf,mlp,0.021,0.1,0,3,0.7647401810601595,2.7777366863905324,0.3866666666666666,2.8735207100591715,0.4054054054054054
LSPIN,lspin_tf,mlp,0.021,0.1,0,4,0.8139946979641303,3.1608727810650885,0.4647887323943662,2.9693047337278107,0.4246575342465753
LSPIN,lspin_tf,mlp,0.021,0.1,1,2,0.8533987713256456,3.448224852071006,0.5294117647058824,3.639792899408284,0.5757575757575758
LSPIN,lspin_tf,mlp,0.021,0.1,1,3,0.8284766733820771,3.256656804733728,0.4857142857142857,3.352440828402367,0.5072463768115942
LSPIN,lspin_tf,mlp,0.021,0.1,1,4,0.8296477930521956,3.352440828402367,0.5072463768115942,3.256656804733728,0.4857142857142857
LSPIN,lspin_tf,mlp,0.021,0.1,2,3,0.8716614904665624,3.639792899408284,0.5757575757575758,3.256656804733728,0.4857142857142857
LSPIN,lspin_tf,mlp,0.021,0.1,2,4,0.8423625476265234,3.256656804733728,0.4857142857142857,3.1608727810650885,0.4647887323943662
LSPIN,lspin_tf,mlp,0.021,0.1,3,4,0.8173349924312467,3.352440828402367,0.5072463768115942,2.7777366863905324,0.3866666666666666
LSPIN,lspin_tf,mlp,0.028,0.1,0,1,0.8879396182723328,3.5440088757396446,0.5522388059701493,3.639792899408284,0.5757575757575758
LSPIN,lspin_tf,mlp,0.028,0.1,0,2,0.8431607873371391,2.9693047337278107,0.4246575342465753,3.448224852071006,0.5294117647058824
LSPIN,lspin_tf,mlp,0.028,0.1,0,3,0.8172675669192201,3.1608727810650885,0.4647887323943662,2.9693047337278107,0.4246575342465753
LSPIN,lspin_tf,mlp,0.028,0.1,0,4,0.8279165173847496,3.448224852071006,0.5294117647058824,3.0650887573964494,0.4444444444444444
LSPIN,lspin_tf,mlp,0.028,0.1,1,2,0.8245593301817467,3.256656804733728,0.4857142857142857,3.448224852071006,0.5294117647058824
LSPIN,lspin_tf,mlp,0.028,0.1,1,3,0.8201725294815688,3.448224852071006,0.5294117647058824,3.1608727810650885,0.4647887323943662
LSPIN,lspin_tf,mlp,0.028,0.1,1,4,0.8390805369640557,3.5440088757396446,0.5522388059701493,3.256656804733728,0.4857142857142857
LSPIN,lspin_tf,mlp,0.028,0.1,2,3,0.7681622935092276,2.7777366863905324,0.3866666666666666,2.9693047337278107,0.4246575342465753
LSPIN,lspin_tf,mlp,0.028,0.1,2,4,0.7264024831107313,2.6819526627218933,0.3684210526315789,2.4903846153846154,0.3333333333333333
LSPIN,lspin_tf,mlp,0.028,0.1,3,4,0.744921057161904,2.7777366863905324,0.3866666666666666,2.8735207100591715,0.4054054054054054
LSPIN,lspin_tf,mlp,0.0035,0.0,0,1,0.927817811464216,4.214497041420118,0.7333333333333333,3.5440088757396446,0.5522388059701493
LSPIN,lspin_tf,mlp,0.0035,0.0,0,2,0.9242562528330738,4.118713017751479,0.7049180327868853,3.448224852071006,0.5294117647058824
LSPIN,lspin_tf,mlp,0.0035,0.0,0,3,0.9280707634828842,3.927144970414201,0.6507936507936508,3.639792899408284,0.5757575757575758
LSPIN,lspin_tf,mlp,0.0035,0.0,0,4,0.9104065583862968,4.02292899408284,0.6774193548387096,3.256656804733728,0.4857142857142857
LSPIN,lspin_tf,mlp,0.0035,0.0,1,2,0.936939496671594,4.118713017751479,0.7049180327868853,3.256656804733728,0.4857142857142857
LSPIN,lspin_tf,mlp,0.0035,0.0,1,3,0.9347585414332504,3.831360946745562,0.625,3.639792899408284,0.5757575757575758
LSPIN,lspin_tf,mlp,0.0035,0.0,1,4,0.9204515049328474,4.406065088757396,0.7931034482758621,2.6819526627218933,0.3684210526315789
LSPIN,lspin_tf,mlp,0.0035,0.0,2,3,0.9432472491565932,3.927144970414201,0.6507936507936508,3.639792899408284,0.5757575757575758
LSPIN,lspin_tf,mlp,0.0035,0.0,2,4,0.9327266772091196,3.927144970414201,0.6507936507936508,3.639792899408284,0.5757575757575758
LSPIN,lspin_tf,mlp,0.0035,0.0,3,4,0.9228990311895184,3.927144970414201,0.6507936507936508,3.0650887573964494,0.4444444444444444
LSPIN,lspin_tf,mlp,0.00525,0.0,0,1,0.8679650136390804,3.5440088757396446,0.5522388059701493,3.1608727810650885,0.4647887323943662
LSPIN,lspin_tf,mlp,0.00525,0.0,0,2,0.8847514092981134,3.831360946745562,0.625,3.448224852071006,0.5294117647058824
LSPIN,lspin_tf,mlp,0.00525,0.0,0,3,0.837807007793289,4.118713017751479,0.7049180327868853,3.1608727810650885,0.4647887323943662
LSPIN,lspin_tf,mlp,0.00525,0.0,0,4,0.8945178529628459,3.448224852071006,0.5294117647058824,3.448224852071006,0.5294117647058824
LSPIN,lspin_tf,mlp,0.00525,0.0,1,2,0.9122489476382132,3.831360946745562,0.625,3.735576923076923,0.6
LSPIN,lspin_tf,mlp,0.00525,0.0,1,3,0.909154483240735,4.02292899408284,0.6774193548387096,3.639792899408284,0.5757575757575758
LSPIN,lspin_tf,mlp,0.00525,0.0,1,4,0.9117184256240338,3.927144970414201,0.6507936507936508,3.5440088757396446,0.5522388059701493
LSPIN,lspin_tf,mlp,0.00525,0.0,2,3,0.9130172224318086,3.927144970414201,0.6507936507936508,3.5440088757396446,0.5522388059701493
LSPIN,lspin_tf,mlp,0.00525,0.0,2,4,0.9249326439343928,3.831360946745562,0.625,3.831360946745562,0.625
LSPIN,lspin_tf,mlp,0.00525,0.0,3,4,0.8966909025791863,3.927144970414201,0.6507936507936508,2.9693047337278107,0.4246575342465753
LSPIN,lspin_tf,mlp,0.007,0.0,0,1,0.8796883627929956,3.831360946745562,0.625,3.448224852071006,0.5294117647058824
LSPIN,lspin_tf,mlp,0.007,0.0,0,2,0.8610845306357314,3.352440828402367,0.5072463768115942,3.735576923076923,0.6
LSPIN,lspin_tf,mlp,0.007,0.0,0,3,0.8594459488560926,3.927144970414201,0.6507936507936508,3.256656804733728,0.4857142857142857
LSPIN,lspin_tf,mlp,0.007,0.0,0,4,0.8626350047830886,3.735576923076923,0.6,3.5440088757396446,0.5522388059701493
LSPIN,lspin_tf,mlp,0.007,0.0,1,2,0.876711826278819,3.735576923076923,0.6,3.256656804733728,0.4857142857142857
LSPIN,lspin_tf,mlp,0.007,0.0,1,3,0.9090065732280276,3.5440088757396446,0.5522388059701493,3.256656804733728,0.4857142857142857
LSPIN,lspin_tf,mlp,0.007,0.0,1,4,0.8869154119716837,3.639792899408284,0.5757575757575758,3.1608727810650885,0.4647887323943662
LSPIN,lspin_tf,mlp,0.007,0.0,2,3,0.862064418035435,3.5440088757396446,0.5522388059701493,3.5440088757396446,0.5522388059701493
LSPIN,lspin_tf,mlp,0.007,0.0,2,4,0.8601765569863054,3.5440088757396446,0.5522388059701493,3.5440088757396446,0.5522388059701493
LSPIN,lspin_tf,mlp,0.007,0.0,3,4,0.9050819717031252,3.927144970414201,0.6507936507936508,3.831360946745562,0.625
LSPIN,lspin_tf,mlp,0.00875,0.0,0,1,0.8561122066809467,3.735576923076923,0.6,2.9693047337278107,0.4246575342465753
LSPIN,lspin_tf,mlp,0.00875,0.0,0,2,0.8297174594769697,3.735576923076923,0.6,2.586168639053254,0.3506493506493506
LSPIN,lspin_tf,mlp,0.00875,0.0,0,3,0.853166760202891,3.735576923076923,0.6,2.9693047337278107,0.4246575342465753
LSPIN,lspin_tf,mlp,0.00875,0.0,0,4,0.8497269481363747,3.735576923076923,0.6,2.6819526627218933,0.3684210526315789
LSPIN,lspin_tf,mlp,0.00875,0.0,1,2,0.8810503969539051,3.639792899408284,0.5757575757575758,3.448224852071006,0.5294117647058824
LSPIN,lspin_tf,mlp,0.00875,0.0,1,3,0.8557868196354377,3.735576923076923,0.6,3.448224852071006,0.5294117647058824
LSPIN,lspin_tf,mlp,0.00875,0.0,1,4,0.8681437618153157,3.735576923076923,0.6,3.1608727810650885,0.4647887323943662
LSPIN,lspin_tf,mlp,0.00875,0.0,2,3,0.9032619484665212,3.831360946745562,0.625,3.639792899408284,0.5757575757575758
LSPIN,lspin_tf,mlp,0.00875,0.0,2,4,0.8905006004974007,3.5440088757396446,0.5522388059701493,3.0650887573964494,0.4444444444444444
LSPIN,lspin_tf,mlp,0.00875,0.0,3,4,0.9095544388575132,3.735576923076923,0.6,3.352440828402367,0.5072463768115942
LSPIN,lspin_tf,mlp,0.0105,0.0,0,1,0.8520935662336194,3.831360946745562,0.625,3.352440828402367,0.5072463768115942
LSPIN,lspin_tf,mlp,0.0105,0.0,0,2,0.8715095042898844,3.831360946745562,0.625,3.256656804733728,0.4857142857142857
LSPIN,lspin_tf,mlp,0.0105,0.0,0,3,0.8553027413912446,3.735576923076923,0.6,2.6819526627218933,0.3684210526315789
LSPIN,lspin_tf,mlp,0.0105,0.0,0,4,0.8452574453775513,3.448224852071006,0.5294117647058824,3.0650887573964494,0.4444444444444444
LSPIN,lspin_tf,mlp,0.0105,0.0,1,2,0.8685742201397628,3.735576923076923,0.6,3.831360946745562,0.625
LSPIN,lspin_tf,mlp,0.0105,0.0,1,3,0.8590941382548585,3.639792899408284,0.5757575757575758,2.8735207100591715,0.4054054054054054
LSPIN,lspin_tf,mlp,0.0105,0.0,1,4,0.8168033490610402,3.735576923076923,0.6,2.9693047337278107,0.4246575342465753
LSPIN,lspin_tf,mlp,0.0105,0.0,2,3,0.8622904254903002,3.639792899408284,0.5757575757575758,3.1608727810650885,0.4647887323943662
LSPIN,lspin_tf,mlp,0.0105,0.0,2,4,0.827608644903065,3.639792899408284,0.5757575757575758,2.9693047337278107,0.4246575342465753
LSPIN,lspin_tf,mlp,0.0105,0.0,3,4,0.808528048367728,3.448224852071006,0.5294117647058824,2.3946005917159763,0.3164556962025316
LSPIN,lspin_tf,mlp,0.014,0.0,0,1,0.8063668920522163,3.256656804733728,0.4857142857142857,2.9693047337278107,0.4246575342465753
LSPIN,lspin_tf,mlp,0.014,0.0,0,2,0.8955774538164252,3.927144970414201,0.6507936507936508,3.1608727810650885,0.4647887323943662
LSPIN,lspin_tf,mlp,0.014,0.0,0,3,0.8201934899514257,3.352440828402367,0.5072463768115942,2.8735207100591715,0.4054054054054054
LSPIN,lspin_tf,mlp,0.014,0.0,0,4,0.9202319218473356,4.118713017751479,0.7049180327868853,3.352440828402367,0.5072463768115942
LSPIN,lspin_tf,mlp,0.014,0.0,1,2,0.8174863543094298,3.639792899408284,0.5757575757575758,2.7777366863905324,0.3866666666666666
LSPIN,lspin_tf,mlp,0.014,0.0,1,3,0.7614879138654033,3.0650887573964494,0.4444444444444444,3.0650887573964494,0.4444444444444444
LSPIN,lspin_tf,mlp,0.014,0.0,1,4,0.817901456833785,3.448224852071006,0.5294117647058824,2.8735207100591715,0.4054054054054054
LSPIN,lspin_tf,mlp,0.014,0.0,2,3,0.8148202161395264,3.1608727810650885,0.4647887323943662,3.448224852071006,0.5294117647058824
LSPIN,lspin_tf,mlp,0.014,0.0,2,4,0.8896599534852347,3.927144970414201,0.6507936507936508,3.256656804733728,0.4857142857142857
LSPIN,lspin_tf,mlp,0.014,0.0,3,4,0.8315494784024184,3.5440088757396446,0.5522388059701493,3.352440828402367,0.5072463768115942
LSPIN,lspin_tf,mlp,0.021,0.0,0,1,0.8093033934529514,3.352440828402367,0.5072463768115942,3.1608727810650885,0.4647887323943662
LSPIN,lspin_tf,mlp,0.021,0.0,0,2,0.8026325100447335,3.0650887573964494,0.4444444444444444,2.9693047337278107,0.4246575342465753
LSPIN,lspin_tf,mlp,0.021,0.0,0,3,0.7781458759603537,2.9693047337278107,0.4246575342465753,2.8735207100591715,0.4054054054054054
LSPIN,lspin_tf,mlp,0.021,0.0,0,4,0.8014063348423035,3.352440828402367,0.5072463768115942,2.6819526627218933,0.3684210526315789
LSPIN,lspin_tf,mlp,0.021,0.0,1,2,0.7968644707955914,2.9693047337278107,0.4246575342465753,3.352440828402367,0.5072463768115942
LSPIN,lspin_tf,mlp,0.021,0.0,1,3,0.7363828602826892,2.8735207100591715,0.4054054054054054,3.0650887573964494,0.4444444444444444
LSPIN,lspin_tf,mlp,0.021,0.0,1,4,0.8124443895122747,3.448224852071006,0.5294117647058824,3.0650887573964494,0.4444444444444444
LSPIN,lspin_tf,mlp,0.021,0.0,2,3,0.7627095448608022,3.0650887573964494,0.4444444444444444,2.8735207100591715,0.4054054054054054
LSPIN,lspin_tf,mlp,0.021,0.0,2,4,0.7673735837414359,2.9693047337278107,0.4246575342465753,3.256656804733728,0.4857142857142857
LSPIN,lspin_tf,mlp,0.021,0.0,3,4,0.7476908191024242,3.1608727810650885,0.4647887323943662,2.4903846153846154,0.3333333333333333
LSPIN,lspin_tf,mlp,0.028,0.0,0,1,0.7258478376171377,2.586168639053254,0.3506493506493506,2.6819526627218933,0.3684210526315789
LSPIN,lspin_tf,mlp,0.028,0.0,0,2,0.7517607007772213,3.448224852071006,0.5294117647058824,2.586168639053254,0.3506493506493506
LSPIN,lspin_tf,mlp,0.028,0.0,0,3,0.6620896466150428,3.0650887573964494,0.4444444444444444,2.3946005917159763,0.3164556962025316
LSPIN,lspin_tf,mlp,0.028,0.0,0,4,0.7349343968980795,3.0650887573964494,0.4444444444444444,2.6819526627218933,0.3684210526315789
LSPIN,lspin_tf,mlp,0.028,0.0,1,2,0.8099829275024709,3.448224852071006,0.5294117647058824,2.9693047337278107,0.4246575342465753
LSPIN,lspin_tf,mlp,0.028,0.0,1,3,0.6200425730532595,2.586168639053254,0.3506493506493506,2.8735207100591715,0.4054054054054054
LSPIN,lspin_tf,mlp,0.028,0.0,1,4,0.7566953325077599,3.256656804733728,0.4857142857142857,2.203032544378698,0.2839506172839506
LSPIN,lspin_tf,mlp,0.028,0.0,2,3,0.6711124363394813,2.9693047337278107,0.4246575342465753,2.8735207100591715,0.4054054054054054
LSPIN,lspin_tf,mlp,0.028,0.0,2,4,0.7869658847756246,3.256656804733728,0.4857142857142857,2.8735207100591715,0.4054054054054054
LSPIN,lspin_tf,mlp,0.028,0.0,3,4,0.6271990652351269,2.6819526627218933,0.3684210526315789,2.586168639053254,0.3506493506493506
LSPIN,lspin_tf,mlp,0.0035,0.025,0,1,0.8962269140978416,4.214497041420118,0.7333333333333333,3.831360946745562,0.625
LSPIN,lspin_tf,mlp,0.0035,0.025,0,2,0.9343394431972682,4.214497041420118,0.7333333333333333,4.02292899408284,0.6774193548387096
LSPIN,lspin_tf,mlp,0.0035,0.025,0,3,0.9558281803117372,4.214497041420118,0.7333333333333333,4.310281065088757,0.7627118644067796
LSPIN,lspin_tf,mlp,0.0035,0.025,0,4,0.9320724874589822,4.214497041420118,0.7333333333333333,4.118713017751479,0.7049180327868853
LSPIN,lspin_tf,mlp,0.0035,0.025,1,2,0.9292891451005398,4.214497041420118,0.7333333333333333,4.02292899408284,0.6774193548387096
LSPIN,lspin_tf,mlp,0.0035,0.025,1,3,0.9001013247104687,4.118713017751479,0.7049180327868853,3.927144970414201,0.6507936507936508
LSPIN,lspin_tf,mlp,0.0035,0.025,1,4,0.9351209251189936,4.118713017751479,0.7049180327868853,3.927144970414201,0.6507936507936508
LSPIN,lspin_tf,mlp,0.0035,0.025,2,3,0.9458375271950864,4.214497041420118,0.7333333333333333,3.639792899408284,0.5757575757575758
LSPIN,lspin_tf,mlp,0.0035,0.025,2,4,0.9504459339140394,4.310281065088757,0.7627118644067796,4.02292899408284,0.6774193548387096
LSPIN,lspin_tf,mlp,0.0035,0.025,3,4,0.9295477587817896,4.310281065088757,0.7627118644067796,4.02292899408284,0.6774193548387096
LSPIN,lspin_tf,mlp,0.00525,0.025,0,1,0.9172705263661388,4.118713017751479,0.7049180327868853,3.735576923076923,0.6
LSPIN,lspin_tf,mlp,0.00525,0.025,0,2,0.9227649847784238,4.02292899408284,0.6774193548387096,3.927144970414201,0.6507936507936508
LSPIN,lspin_tf,mlp,0.00525,0.025,0,3,0.9102383704267126,4.118713017751479,0.7049180327868853,3.735576923076923,0.6
LSPIN,lspin_tf,mlp,0.00525,0.025,0,4,0.912879032156085,4.118713017751479,0.7049180327868853,3.735576923076923,0.6
LSPIN,lspin_tf,mlp,0.00525,0.025,1,2,0.8979568501205809,3.831360946745562,0.625,4.02292899408284,0.6774193548387096
LSPIN,lspin_tf,mlp,0.00525,0.025,1,3,0.9189509253320206,3.927144970414201,0.6507936507936508,3.927144970414201,0.6507936507936508
LSPIN,lspin_tf,mlp,0.00525,0.025,1,4,0.8819218423073565,4.118713017751479,0.7049180327868853,3.831360946745562,0.625
LSPIN,lspin_tf,mlp,0.00525,0.025,2,3,0.908580698428393,3.927144970414201,0.6507936507936508,3.927144970414201,0.6507936507936508
LSPIN,lspin_tf,mlp,0.00525,0.025,2,4,0.9072047949136416,4.118713017751479,0.7049180327868853,3.735576923076923,0.6
LSPIN,lspin_tf,mlp,0.00525,0.025,3,4,0.921035714484482,4.214497041420118,0.7333333333333333,3.831360946745562,0.625
LSPIN,lspin_tf,mlp,0.007,0.025,0,1,0.9374013055298932,4.214497041420118,0.7333333333333333,4.02292899408284,0.6774193548387096
LSPIN,lspin_tf,mlp,0.007,0.025,0,2,0.8997592946663802,3.927144970414201,0.6507936507936508,3.448224852071006,0.5294117647058824
LSPIN,lspin_tf,mlp,0.007,0.025,0,3,0.8922178938545599,4.02292899408284,0.6774193548387096,3.256656804733728,0.4857142857142857
LSPIN,lspin_tf,mlp,0.007,0.025,0,4,0.946728732432155,4.118713017751479,0.7049180327868853,3.927144970414201,0.6507936507936508
LSPIN,lspin_tf,mlp,0.007,0.025,1,2,0.909731750962955,4.310281065088757,0.7627118644067796,3.352440828402367,0.5072463768115942
LSPIN,lspin_tf,mlp,0.007,0.025,1,3,0.88864185761686,4.118713017751479,0.7049180327868853,3.352440828402367,0.5072463768115942
LSPIN,lspin_tf,mlp,0.007,0.025,1,4,0.9477623852081418,4.118713017751479,0.7049180327868853,3.831360946745562,0.625
LSPIN,lspin_tf,mlp,0.007,0.025,2,3,0.9131243475000436,4.118713017751479,0.7049180327868853,3.927144970414201,0.6507936507936508
LSPIN,lspin_tf,mlp,0.007,0.025,2,4,0.9287369275268886,4.310281065088757,0.7627118644067796,3.639792899408284,0.5757575757575758
LSPIN,lspin_tf,mlp,0.007,0.025,3,4,0.9034726210248268,3.831360946745562,0.625,3.5440088757396446,0.5522388059701493
LSPIN,lspin_tf,mlp,0.00875,0.025,0,1,0.9133206632631912,3.0650887573964494,0.4444444444444444,3.735576923076923,0.6
LSPIN,lspin_tf,mlp,0.00875,0.025,0,2,0.8696297146129389,3.448224852071006,0.5294117647058824,3.448224852071006,0.5294117647058824
LSPIN,lspin_tf,mlp,0.00875,0.025,0,3,0.9011114494318548,3.256656804733728,0.4857142857142857,3.5440088757396446,0.5522388059701493
LSPIN,lspin_tf,mlp,0.00875,0.025,0,4,0.905433138208384,3.639792899408284,0.5757575757575758,3.448224852071006,0.5294117647058824
LSPIN,lspin_tf,mlp,0.00875,0.025,1,2,0.836690026012148,3.352440828402367,0.5072463768115942,3.352440828402367,0.5072463768115942
LSPIN,lspin_tf,mlp,0.00875,0.025,1,3,0.8496318648932113,3.0650887573964494,0.4444444444444444,3.5440088757396446,0.5522388059701493
LSPIN,lspin_tf,mlp,0.00875,0.025,1,4,0.8883133588653617,3.256656804733728,0.4857142857142857,3.735576923076923,0.6
LSPIN,lspin_tf,mlp,0.00875,0.025,2,3,0.8741962304917509,3.735576923076923,0.6,3.1608727810650885,0.4647887323943662
LSPIN,lspin_tf,mlp,0.00875,0.025,2,4,0.8639157014903683,3.735576923076923,0.6,3.448224852071006,0.5294117647058824
LSPIN,lspin_tf,mlp,0.00875,0.025,3,4,0.8591176319141846,3.5440088757396446,0.5522388059701493,3.5440088757396446,0.5522388059701493
LSPIN,lspin_tf,mlp,0.0105,0.025,0,1,0.853016253142747,3.352440828402367,0.5072463768115942,3.1608727810650885,0.4647887323943662
LSPIN,lspin_tf,mlp,0.0105,0.025,0,2,0.8415422016402219,3.639792899408284,0.5757575757575758,3.256656804733728,0.4857142857142857
LSPIN,lspin_tf,mlp,0.0105,0.025,0,3,0.8596462282823015,3.639792899408284,0.5757575757575758,3.5440088757396446,0.5522388059701493
LSPIN,lspin_tf,mlp,0.0105,0.025,0,4,0.8715525032330209,3.639792899408284,0.5757575757575758,3.352440828402367,0.5072463768115942
LSPIN,lspin_tf,mlp,0.0105,0.025,1,2,0.8782996391343187,3.448224852071006,0.5294117647058824,3.639792899408284,0.5757575757575758
LSPIN,lspin_tf,mlp,0.0105,0.025,1,3,0.8895201621227813,3.448224852071006,0.5294117647058824,3.448224852071006,0.5294117647058824
LSPIN,lspin_tf,mlp,0.0105,0.025,1,4,0.8802217004139571,3.639792899408284,0.5757575757575758,3.5440088757396446,0.5522388059701493
LSPIN,lspin_tf,mlp,0.0105,0.025,2,3,0.8728254937572665,3.735576923076923,0.6,3.256656804733728,0.4857142857142857
LSPIN,lspin_tf,mlp,0.0105,0.025,2,4,0.896102906690887,3.639792899408284,0.5757575757575758,3.352440828402367,0.5072463768115942
LSPIN,lspin_tf,mlp,0.0105,0.025,3,4,0.865108938538759,3.735576923076923,0.6,3.256656804733728,0.4857142857142857
LSPIN,lspin_tf,mlp,0.014,0.025,0,1,0.8307489163914294,3.1608727810650885,0.4647887323943662,3.256656804733728,0.4857142857142857
LSPIN,lspin_tf,mlp,0.014,0.025,0,2,0.8268892747828521,3.0650887573964494,0.4444444444444444,3.1608727810650885,0.4647887323943662
LSPIN,lspin_tf,mlp,0.014,0.025,0,3,0.878680096651376,3.448224852071006,0.5294117647058824,3.1608727810650885,0.4647887323943662
LSPIN,lspin_tf,mlp,0.014,0.025,0,4,0.7831045043628921,2.4903846153846154,0.3333333333333333,3.256656804733728,0.4857142857142857
LSPIN,lspin_tf,mlp,0.014,0.025,1,2,0.8397291929217507,3.256656804733728,0.4857142857142857,3.256656804733728,0.4857142857142857
LSPIN,lspin_tf,mlp,0.014,0.025,1,3,0.8593704466686162,3.5440088757396446,0.5522388059701493,3.256656804733728,0.4857142857142857
LSPIN,lspin_tf,mlp,0.014,0.025,1,4,0.7700768960143591,2.6819526627218933,0.3684210526315789,2.8735207100591715,0.4054054054054054
LSPIN,lspin_tf,mlp,0.014,0.025,2,3,0.8713438747361049,3.448224852071006,0.5294117647058824,3.352440828402367,0.5072463768115942
LSPIN,lspin_tf,mlp,0.014,0.025,2,4,0.8251790566590289,2.9693047337278107,0.4246575342465753,3.256656804733728,0.4857142857142857
LSPIN,lspin_tf,mlp,0.014,0.025,3,4,0.8129699756219579,2.7777366863905324,0.3866666666666666,3.352440828402367,0.5072463768115942
LSPIN,lspin_tf,mlp,0.021,0.025,0,1,0.7661610103099824,2.7777366863905324,0.3866666666666666,2.7777366863905324,0.3866666666666666
LSPIN,lspin_tf,mlp,0.021,0.025,0,2,0.7225152937958794,2.8735207100591715,0.4054054054054054,2.7777366863905324,0.3866666666666666
LSPIN,lspin_tf,mlp,0.021,0.025,0,3,0.7459795260576397,2.4903846153846154,0.3333333333333333,3.0650887573964494,0.4444444444444444
LSPIN,lspin_tf,mlp,0.021,0.025,0,4,0.7292161643548744,2.4903846153846154,0.3333333333333333,2.8735207100591715,0.4054054054054054
LSPIN,lspin_tf,mlp,0.021,0.025,1,2,0.7188532738891478,2.9693047337278107,0.4246575342465753,2.7777366863905324,0.3866666666666666
LSPIN,lspin_tf,mlp,0.021,0.025,1,3,0.7815557424535079,3.5440088757396446,0.5522388059701493,2.9693047337278107,0.4246575342465753
LSPIN,lspin_tf,mlp,0.021,0.025,1,4,0.7762779044337418,2.9693047337278107,0.4246575342465753,2.8735207100591715,0.4054054054054054
LSPIN,lspin_tf,mlp,0.021,0.025,2,3,0.7786035236988335,2.8735207100591715,0.4054054054054054,3.448224852071006,0.5294117647058824
LSPIN,lspin_tf,mlp,0.021,0.025,2,4,0.7356341675157594,3.1608727810650885,0.4647887323943662,2.4903846153846154,0.3333333333333333
LSPIN,lspin_tf,mlp,0.021,0.025,3,4,0.7886504744021964,3.0650887573964494,0.4444444444444444,3.0650887573964494,0.4444444444444444
LSPIN,lspin_tf,mlp,0.028,0.025,0,1,0.8013376714906784,3.0650887573964494,0.4444444444444444,2.8735207100591715,0.4054054054054054
LSPIN,lspin_tf,mlp,0.028,0.025,0,2,0.8019120964473363,3.256656804733728,0.4857142857142857,2.6819526627218933,0.3684210526315789
LSPIN,lspin_tf,mlp,0.028,0.025,0,3,0.7409693469487312,3.0650887573964494,0.4444444444444444,2.586168639053254,0.3506493506493506
LSPIN,lspin_tf,mlp,0.028,0.025,0,4,0.7813271937409267,2.7777366863905324,0.3866666666666666,3.1608727810650885,0.4647887323943662
LSPIN,lspin_tf,mlp,0.028,0.025,1,2,0.7608609345977762,3.352440828402367,0.5072463768115942,2.6819526627218933,0.3684210526315789
LSPIN,lspin_tf,mlp,0.028,0.025,1,3,0.7585918744874809,3.448224852071006,0.5294117647058824,2.9693047337278107,0.4246575342465753
LSPIN,lspin_tf,mlp,0.028,0.025,1,4,0.7696021086008336,3.448224852071006,0.5294117647058824,2.6819526627218933,0.3684210526315789
LSPIN,lspin_tf,mlp,0.028,0.025,2,3,0.737750324562541,3.352440828402367,0.5072463768115942,2.4903846153846154,0.3333333333333333
LSPIN,lspin_tf,mlp,0.028,0.025,2,4,0.7321319542149649,2.9693047337278107,0.4246575342465753,2.7777366863905324,0.3866666666666666
LSPIN,lspin_tf,mlp,0.028,0.025,3,4,0.7333377953802839,3.1608727810650885,0.4647887323943662,2.8735207100591715,0.4054054054054054
LSPIN,lspin_tf,mlp,0.0035,0.05,0,1,0.9578720037156302,4.02292899408284,0.6774193548387096,4.02292899408284,0.6774193548387096
LSPIN,lspin_tf,mlp,0.0035,0.05,0,2,0.9600087017117108,4.406065088757396,0.7931034482758621,3.831360946745562,0.625
LSPIN,lspin_tf,mlp,0.0035,0.05,0,3,0.9336398796384016,4.02292899408284,0.6774193548387096,3.5440088757396446,0.5522388059701493
LSPIN,lspin_tf,mlp,0.0035,0.05,0,4,0.959541334704032,4.406065088757396,0.7931034482758621,3.927144970414201,0.6507936507936508
LSPIN,lspin_tf,mlp,0.0035,0.05,1,2,0.9457143812569268,3.927144970414201,0.6507936507936508,4.02292899408284,0.6774193548387096
LSPIN,lspin_tf,mlp,0.0035,0.05,1,3,0.9462000863027084,4.118713017751479,0.7049180327868853,3.831360946745562,0.625
LSPIN,lspin_tf,mlp,0.0035,0.05,1,4,0.9592567782415063,4.214497041420118,0.7333333333333333,4.02292899408284,0.6774193548387096
LSPIN,lspin_tf,mlp,0.0035,0.05,2,3,0.95859032565087,4.310281065088757,0.7627118644067796,4.214497041420118,0.7333333333333333
LSPIN,lspin_tf,mlp,0.0035,0.05,2,4,0.9614325767069716,4.310281065088757,0.7627118644067796,4.118713017751479,0.7049180327868853
LSPIN,lspin_tf,mlp,0.0035,0.05,3,4,0.949630383977014,4.310281065088757,0.7627118644067796,3.735576923076923,0.6
LSPIN,lspin_tf,mlp,0.00525,0.05,0,1,0.9416233751505227,4.310281065088757,0.7627118644067796,3.448224852071006,0.5294117647058824
LSPIN,lspin_tf,mlp,0.00525,0.05,0,2,0.931243929924518,4.214497041420118,0.7333333333333333,3.352440828402367,0.5072463768115942
LSPIN,lspin_tf,mlp,0.00525,0.05,0,3,0.9467587694463308,4.501849112426036,0.8245614035087719,3.352440828402367,0.5072463768115942
LSPIN,lspin_tf,mlp,0.00525,0.05,0,4,0.9116721836492324,4.214497041420118,0.7333333333333333,3.256656804733728,0.4857142857142857
LSPIN,lspin_tf,mlp,0.00525,0.05,1,2,0.941461133184856,4.118713017751479,0.7049180327868853,4.118713017751479,0.7049180327868853
LSPIN,lspin_tf,mlp,0.00525,0.05,1,3,0.9459262798446838,4.118713017751479,0.7049180327868853,3.735576923076923,0.6
LSPIN,lspin_tf,mlp,0.00525,0.05,1,4,0.932389454960572,4.118713017751479,0.7049180327868853,3.831360946745562,0.625
LSPIN,lspin_tf,mlp,0.00525,0.05,2,3,0.9430124922916692,4.310281065088757,0.7627118644067796,4.02292899408284,0.6774193548387096
LSPIN,lspin_tf,mlp,0.00525,0.05,2,4,0.9527290931819686,4.02292899408284,0.6774193548387096,4.501849112426036,0.8245614035087719
LSPIN,lspin_tf,mlp,0.00525,0.05,3,4,0.9340247497379428,4.310281065088757,0.7627118644067796,3.927144970414201,0.6507936507936508
LSPIN,lspin_tf,mlp,0.007,0.05,0,1,0.9497112905291212,4.214497041420118,0.7333333333333333,4.02292899408284,0.6774193548387096
LSPIN,lspin_tf,mlp,0.007,0.05,0,2,0.936861954383574,4.118713017751479,0.7049180327868853,3.735576923076923,0.6
LSPIN,lspin_tf,mlp,0.007,0.05,0,3,0.9480495383387608,4.02292899408284,0.6774193548387096,3.639792899408284,0.5757575757575758
LSPIN,lspin_tf,mlp,0.007,0.05,0,4,0.9296656965243032,3.735576923076923,0.6,3.639792899408284,0.5757575757575758
LSPIN,lspin_tf,mlp,0.007,0.05,1,2,0.9378484221325404,4.118713017751479,0.7049180327868853,3.831360946745562,0.625
LSPIN,lspin_tf,mlp,0.007,0.05,1,3,0.9414459983455856,4.406065088757396,0.7931034482758621,3.735576923076923,0.6
LSPIN,lspin_tf,mlp,0.007,0.05,1,4,0.9375517634260851,3.927144970414201,0.6507936507936508,3.927144970414201,0.6507936507936508
LSPIN,lspin_tf,mlp,0.007,0.05,2,3,0.9438931291961308,4.214497041420118,0.7333333333333333,3.831360946745562,0.625
LSPIN,lspin_tf,mlp,0.007,0.05,2,4,0.9257002385128102,3.927144970414201,0.6507936507936508,3.5440088757396446,0.5522388059701493
LSPIN,lspin_tf,mlp,0.007,0.05,3,4,0.9345540730314272,4.02292899408284,0.6774193548387096,3.639792899408284,0.5757575757575758
LSPIN,lspin_tf,mlp,0.00875,0.05,0,1,0.9017476492511276,3.5440088757396446,0.5522388059701493,3.831360946745562,0.625
LSPIN,lspin_tf,mlp,0.00875,0.05,0,2,0.9276813359861656,3.448224852071006,0.5294117647058824,3.831360946745562,0.625
LSPIN,lspin_tf,mlp,0.00875,0.05,0,3,0.927993343171296,4.118713017751479,0.7049180327868853,3.927144970414201,0.6507936507936508
LSPIN,lspin_tf,mlp,0.00875,0.05,0,4,0.9017758428582476,3.5440088757396446,0.5522388059701493,3.831360946745562,0.625
LSPIN,lspin_tf,mlp,0.00875,0.05,1,2,0.9071427436763908,3.448224852071006,0.5294117647058824,3.639792899408284,0.5757575757575758
LSPIN,lspin_tf,mlp,0.00875,0.05,1,3,0.8841607211470448,3.639792899408284,0.5757575757575758,3.735576923076923,0.6
LSPIN,lspin_tf,mlp,0.00875,0.05,1,4,0.8834522636488819,3.639792899408284,0.5757575757575758,3.448224852071006,0.5294117647058824
LSPIN,lspin_tf,mlp,0.00875,0.05,2,3,0.9051166087374838,3.256656804733728,0.4857142857142857,3.639792899408284,0.5757575757575758
LSPIN,lspin_tf,mlp,0.00875,0.05,2,4,0.8923031183509893,3.639792899408284,0.5757575757575758,3.639792899408284,0.5757575757575758
LSPIN,lspin_tf,mlp,0.00875,0.05,3,4,0.8923484965803933,3.256656804733728,0.4857142857142857,4.02292899408284,0.6774193548387096
LSPIN,lspin_tf,mlp,0.0105,0.05,0,1,0.9133260741574476,4.02292899408284,0.6774193548387096,3.639792899408284,0.5757575757575758
LSPIN,lspin_tf,mlp,0.0105,0.05,0,2,0.937509330169674,3.735576923076923,0.6,4.02292899408284,0.6774193548387096
LSPIN,lspin_tf,mlp,0.0105,0.05,0,3,0.9125919093499194,3.927144970414201,0.6507936507936508,3.831360946745562,0.625
LSPIN,lspin_tf,mlp,0.0105,0.05,0,4,0.9197096596206272,3.927144970414201,0.6507936507936508,3.735576923076923,0.6
LSPIN,lspin_tf,mlp,0.0105,0.05,1,2,0.910699871377318,3.5440088757396446,0.5522388059701493,3.927144970414201,0.6507936507936508
LSPIN,lspin_tf,mlp,0.0105,0.05,1,3,0.8950762544959902,4.02292899408284,0.6774193548387096,3.639792899408284,0.5757575757575758
LSPIN,lspin_tf,mlp,0.0105,0.05,1,4,0.8757684449710615,3.831360946745562,0.625,3.639792899408284,0.5757575757575758
LSPIN,lspin_tf,mlp,0.0105,0.05,2,3,0.9054038032676808,3.831360946745562,0.625,3.639792899408284,0.5757575757575758
LSPIN,lspin_tf,mlp,0.0105,0.05,2,4,0.9108832150462708,3.831360946745562,0.625,3.831360946745562,0.625
LSPIN,lspin_tf,mlp,0.0105,0.05,3,4,0.896546565222422,3.831360946745562,0.625,3.448224852071006,0.5294117647058824
LSPIN,lspin_tf,mlp,0.014,0.05,0,1,0.8451851529992752,3.735576923076923,0.6,3.352440828402367,0.5072463768115942
LSPIN,lspin_tf,mlp,0.014,0.05,0,2,0.8554338324500953,3.448224852071006,0.5294117647058824,3.735576923076923,0.6
LSPIN,lspin_tf,mlp,0.014,0.05,0,3,0.8423396420966219,3.5440088757396446,0.5522388059701493,3.256656804733728,0.4857142857142857
LSPIN,lspin_tf,mlp,0.014,0.05,0,4,0.8462847283643817,3.448224852071006,0.5294117647058824,3.256656804733728,0.4857142857142857
LSPIN,lspin_tf,mlp,0.014,0.05,1,2,0.9053916772521592,3.831360946745562,0.625,3.639792899408284,0.5757575757575758
LSPIN,lspin_tf,mlp,0.014,0.05,1,3,0.8501326183496273,3.256656804733728,0.4857142857142857,3.735576923076923,0.6
LSPIN,lspin_tf,mlp,0.014,0.05,1,4,0.8973813609951765,3.639792899408284,0.5757575757575758,3.639792899408284,0.5757575757575758
LSPIN,lspin_tf,mlp,0.014,0.05,2,3,0.8489016798551047,3.448224852071006,0.5294117647058824,3.448224852071006,0.5294117647058824
LSPIN,lspin_tf,mlp,0.014,0.05,2,4,0.8965355458761707,3.5440088757396446,0.5522388059701493,3.927144970414201,0.6507936507936508
LSPIN,lspin_tf,mlp,0.014,0.05,3,4,0.8533062695230705,3.352440828402367,0.5072463768115942,3.639792899408284,0.5757575757575758
LSPIN,lspin_tf,mlp,0.021,0.05,0,1,0.7926758080782533,3.1608727810650885,0.4647887323943662,2.9693047337278107,0.4246575342465753
LSPIN,lspin_tf,mlp,0.021,0.05,0,2,0.8014572880276846,3.352440828402367,0.5072463768115942,3.256656804733728,0.4857142857142857
LSPIN,lspin_tf,mlp,0.021,0.05,0,3,0.7486824064061418,3.0650887573964494,0.4444444444444444,2.9693047337278107,0.4246575342465753
LSPIN,lspin_tf,mlp,0.021,0.05,0,4,0.7861900879436107,2.8735207100591715,0.4054054054054054,3.448224852071006,0.5294117647058824
LSPIN,lspin_tf,mlp,0.021,0.05,1,2,0.7750892834124463,2.7777366863905324,0.3866666666666666,2.8735207100591715,0.4054054054054054
LSPIN,lspin_tf,mlp,0.021,0.05,1,3,0.812169550351843,3.1608727810650885,0.4647887323943662,3.1608727810650885,0.4647887323943662
LSPIN,lspin_tf,mlp,0.021,0.05,1,4,0.8156401686861161,3.352440828402367,0.5072463768115942,3.1608727810650885,0.4647887323943662
LSPIN,lspin_tf,mlp,0.021,0.05,2,3,0.7722222255304938,3.352440828402367,0.5072463768115942,3.352440828402367,0.5072463768115942
LSPIN,lspin_tf,mlp,0.021,0.05,2,4,0.7939253330878173,2.9693047337278107,0.4246575342465753,3.352440828402367,0.5072463768115942
LSPIN,lspin_tf,mlp,0.021,0.05,3,4,0.789607816003009,3.352440828402367,0.5072463768115942,2.9693047337278107,0.4246575342465753
LSPIN,lspin_tf,mlp,0.028,0.05,0,1,0.7925224455093494,2.9693047337278107,0.4246575342465753,3.256656804733728,0.4857142857142857
LSPIN,lspin_tf,mlp,0.028,0.05,0,2,0.7235610000680286,2.7777366863905324,0.3866666666666666,3.0650887573964494,0.4444444444444444
LSPIN,lspin_tf,mlp,0.028,0.05,0,3,0.7016975477972982,2.7777366863905324,0.3866666666666666,3.256656804733728,0.4857142857142857
LSPIN,lspin_tf,mlp,0.028,0.05,0,4,0.694497310892686,2.9693047337278107,0.4246575342465753,3.0650887573964494,0.4444444444444444
LSPIN,lspin_tf,mlp,0.028,0.05,1,2,0.7857372078418636,3.5440088757396446,0.5522388059701493,3.0650887573964494,0.4444444444444444
LSPIN,lspin_tf,mlp,0.028,0.05,1,3,0.7799622200728763,3.448224852071006,0.5294117647058824,2.9693047337278107,0.4246575342465753
LSPIN,lspin_tf,mlp,0.028,0.05,1,4,0.7330246509157481,3.1608727810650885,0.4647887323943662,2.6819526627218933,0.3684210526315789
LSPIN,lspin_tf,mlp,0.028,0.05,2,3,0.7232419361047245,3.0650887573964494,0.4444444444444444,2.8735207100591715,0.4054054054054054
LSPIN,lspin_tf,mlp,0.028,0.05,2,4,0.7124833024854486,3.352440828402367,0.5072463768115942,2.6819526627218933,0.3684210526315789
LSPIN,lspin_tf,mlp,0.028,0.05,3,4,0.7264272790700171,2.7777366863905324,0.3866666666666666,2.6819526627218933,0.3684210526315789
LSPIN,lspin_tf,mlp,0.0035,0.1,0,1,0.9590256571929596,4.406065088757396,0.7931034482758621,3.927144970414201,0.6507936507936508
LSPIN,lspin_tf,mlp,0.0035,0.1,0,2,0.9431713194246488,4.118713017751479,0.7049180327868853,3.639792899408284,0.5757575757575758
LSPIN,lspin_tf,mlp,0.0035,0.1,0,3,0.9392327094300515,4.310281065088757,0.7627118644067796,3.5440088757396446,0.5522388059701493
LSPIN,lspin_tf,mlp,0.0035,0.1,0,4,0.9549465938225056,4.597633136094674,0.8571428571428571,3.735576923076923,0.6
LSPIN,lspin_tf,mlp,0.0035,0.1,1,2,0.9493850731941248,4.02292899408284,0.6774193548387096,3.927144970414201,0.6507936507936508
LSPIN,lspin_tf,mlp,0.0035,0.1,1,3,0.923719156707163,4.214497041420118,0.7333333333333333,4.02292899408284,0.6774193548387096
LSPIN,lspin_tf,mlp,0.0035,0.1,1,4,0.9554986318682926,4.310281065088757,0.7627118644067796,4.214497041420118,0.7333333333333333
LSPIN,lspin_tf,mlp,0.0035,0.1,2,3,0.9039675774047404,4.02292899408284,0.6774193548387096,4.118713017751479,0.7049180327868853
LSPIN,lspin_tf,mlp,0.0035,0.1,2,4,0.9441193130259158,4.310281065088757,0.7627118644067796,4.118713017751479,0.7049180327868853
LSPIN,lspin_tf,mlp,0.0035,0.1,3,4,0.9428206970601228,4.406065088757396,0.7931034482758621,4.406065088757396,0.7931034482758621
LSPIN,lspin_tf,mlp,0.00525,0.1,0,1,0.8938774316727807,4.02292899408284,0.6774193548387096,3.639792899408284,0.5757575757575758
LSPIN,lspin_tf,mlp,0.00525,0.1,0,2,0.9427203786191886,4.214497041420118,0.7333333333333333,3.735576923076923,0.6
LSPIN,lspin_tf,mlp,0.00525,0.1,0,3,0.8979194347279335,3.831360946745562,0.625,3.448224852071006,0.5294117647058824
LSPIN,lspin_tf,mlp,0.00525,0.1,0,4,0.9338666545017188,4.02292899408284,0.6774193548387096,3.735576923076923,0.6
LSPIN,lspin_tf,mlp,0.00525,0.1,1,2,0.9077913566555594,3.735576923076923,0.6,3.735576923076923,0.6
LSPIN,lspin_tf,mlp,0.00525,0.1,1,3,0.9305858119465896,3.927144970414201,0.6507936507936508,3.831360946745562,0.625
LSPIN,lspin_tf,mlp,0.00525,0.1,1,4,0.9205337991166764,4.02292899408284,0.6774193548387096,3.831360946745562,0.625
LSPIN,lspin_tf,mlp,0.00525,0.1,2,3,0.9134125984743258,3.735576923076923,0.6,3.5440088757396446,0.5522388059701493
LSPIN,lspin_tf,mlp,0.00525,0.1,2,4,0.9369976945480724,3.735576923076923,0.6,3.831360946745562,0.625
LSPIN,lspin_tf,mlp,0.00525,0.1,3,4,0.9253137543999164,3.831360946745562,0.625,4.118713017751479,0.7049180327868853
LSPIN,lspin_tf,mlp,0.007,0.1,0,1,0.931290359039164,4.214497041420118,0.7333333333333333,3.831360946745562,0.625
LSPIN,lspin_tf,mlp,0.007,0.1,0,2,0.9252153412920936,3.639792899408284,0.5757575757575758,4.02292899408284,0.6774193548387096
LSPIN,lspin_tf,mlp,0.007,0.1,0,3,0.893069832596529,3.735576923076923,0.6,3.735576923076923,0.6
LSPIN,lspin_tf,mlp,0.007,0.1,0,4,0.9239743379321486,3.831360946745562,0.625,4.02292899408284,0.6774193548387096
LSPIN,lspin_tf,mlp,0.007,0.1,1,2,0.9278485173395784,4.02292899408284,0.6774193548387096,3.927144970414201,0.6507936507936508
LSPIN,lspin_tf,mlp,0.007,0.1,1,3,0.9066877714297612,3.831360946745562,0.625,3.448224852071006,0.5294117647058824
LSPIN,lspin_tf,mlp,0.007,0.1,1,4,0.9426794083279276,4.118713017751479,0.7049180327868853,4.214497041420118,0.7333333333333333
LSPIN,lspin_tf,mlp,0.007,0.1,2,3,0.9238388398137236,3.639792899408284,0.5757575757575758,3.735576923076923,0.6
LSPIN,lspin_tf,mlp,0.007,0.1,2,4,0.9232411600052453,3.735576923076923,0.6,4.118713017751479,0.7049180327868853
LSPIN,lspin_tf,mlp,0.007,0.1,3,4,0.9069542582103576,3.639792899408284,0.5757575757575758,3.735576923076923,0.6
LSPIN,lspin_tf,mlp,0.00875,0.1,0,1,0.8924445179325169,3.5440088757396446,0.5522388059701493,4.02292899408284,0.6774193548387096
LSPIN,lspin_tf,mlp,0.00875,0.1,0,2,0.8891101479021785,3.639792899408284,0.5757575757575758,4.214497041420118,0.7333333333333333
LSPIN,lspin_tf,mlp,0.00875,0.1,0,3,0.8853172720026316,3.735576923076923,0.6,3.735576923076923,0.6
LSPIN,lspin_tf,mlp,0.00875,0.1,0,4,0.9132742260626447,3.927144970414201,0.6507936507936508,3.639792899408284,0.5757575757575758
LSPIN,lspin_tf,mlp,0.00875,0.1,1,2,0.9412520112951,4.02292899408284,0.6774193548387096,4.118713017751479,0.7049180327868853
LSPIN,lspin_tf,mlp,0.00875,0.1,1,3,0.8995549442517518,3.639792899408284,0.5757575757575758,3.735576923076923,0.6
LSPIN,lspin_tf,mlp,0.00875,0.1,1,4,0.9374240486852704,4.02292899408284,0.6774193548387096,3.735576923076923,0.6
LSPIN,lspin_tf,mlp,0.00875,0.1,2,3,0.8975610502221295,3.735576923076923,0.6,3.735576923076923,0.6
LSPIN,lspin_tf,mlp,0.00875,0.1,2,4,0.9370880904376232,3.831360946745562,0.625,3.639792899408284,0.5757575757575758
LSPIN,lspin_tf,mlp,0.00875,0.1,3,4,0.9142854703290806,3.639792899408284,0.5757575757575758,3.5440088757396446,0.5522388059701493
LSPIN,lspin_tf,mlp,0.0105,0.1,0,1,0.9367664565943546,3.927144970414201,0.6507936507936508,3.831360946745562,0.625
LSPIN,lspin_tf,mlp,0.0105,0.1,0,2,0.9025186150708708,3.735576923076923,0.6,3.448224852071006,0.5294117647058824
LSPIN,lspin_tf,mlp,0.0105,0.1,0,3,0.8744670794772755,3.927144970414201,0.6507936507936508,3.0650887573964494,0.4444444444444444
LSPIN,lspin_tf,mlp,0.0105,0.1,0,4,0.9078714753872996,3.831360946745562,0.625,3.448224852071006,0.5294117647058824
LSPIN,lspin_tf,mlp,0.0105,0.1,1,2,0.9189734782724734,3.927144970414201,0.6507936507936508,3.831360946745562,0.625
LSPIN,lspin_tf,mlp,0.0105,0.1,1,3,0.8840149487937453,3.639792899408284,0.5757575757575758,3.352440828402367,0.5072463768115942
LSPIN,lspin_tf,mlp,0.0105,0.1,1,4,0.8970491556541291,3.5440088757396446,0.5522388059701493,3.831360946745562,0.625
LSPIN,lspin_tf,mlp,0.0105,0.1,2,3,0.9071989807850686,3.927144970414201,0.6507936507936508,3.831360946745562,0.625
LSPIN,lspin_tf,mlp,0.0105,0.1,2,4,0.8924146275056944,3.5440088757396446,0.5522388059701493,3.352440828402367,0.5072463768115942
LSPIN,lspin_tf,mlp,0.0105,0.1,3,4,0.8581812190764522,3.735576923076923,0.6,3.448224852071006,0.5294117647058824
LSPIN,lspin_tf,mlp,0.014,0.1,0,1,0.851353555180329,3.448224852071006,0.5294117647058824,2.8735207100591715,0.4054054054054054
LSPIN,lspin_tf,mlp,0.014,0.1,0,2,0.7945018873576065,3.639792899408284,0.5757575757575758,3.0650887573964494,0.4444444444444444
LSPIN,lspin_tf,mlp,0.014,0.1,0,3,0.8589557987368729,3.5440088757396446,0.5522388059701493,3.256656804733728,0.4857142857142857
LSPIN,lspin_tf,mlp,0.014,0.1,0,4,0.8618622782564304,3.352440828402367,0.5072463768115942,3.352440828402367,0.5072463768115942
LSPIN,lspin_tf,mlp,0.014,0.1,1,2,0.8016072109348703,3.352440828402367,0.5072463768115942,2.9693047337278107,0.4246575342465753
LSPIN,lspin_tf,mlp,0.014,0.1,1,3,0.8817181348789855,3.5440088757396446,0.5522388059701493,3.256656804733728,0.4857142857142857
LSPIN,lspin_tf,mlp,0.014,0.1,1,4,0.8934897239947512,3.639792899408284,0.5757575757575758,3.5440088757396446,0.5522388059701493
LSPIN,lspin_tf,mlp,0.014,0.1,2,3,0.8496128628055705,3.735576923076923,0.6,3.831360946745562,0.625
LSPIN,lspin_tf,mlp,0.014,0.1,2,4,0.8253816581794524,3.831360946745562,0.625,3.352440828402367,0.5072463768115942
LSPIN,lspin_tf,mlp,0.014,0.1,3,4,0.912479130023817,4.02292899408284,0.6774193548387096,3.448224852071006,0.5294117647058824
LSPIN,lspin_tf,mlp,0.021,0.1,0,1,0.8418318140380385,3.352440828402367,0.5072463768115942,3.0650887573964494,0.4444444444444444
LSPIN,lspin_tf,mlp,0.021,0.1,0,2,0.830653757493185,3.0650887573964494,0.4444444444444444,3.256656804733728,0.4857142857142857
LSPIN,lspin_tf,mlp,0.021,0.1,0,3,0.8397420534361066,3.352440828402367,0.5072463768115942,3.0650887573964494,0.4444444444444444
LSPIN,lspin_tf,mlp,0.021,0.1,0,4,0.8232074707039446,3.256656804733728,0.4857142857142857,3.0650887573964494,0.4444444444444444
LSPIN,lspin_tf,mlp,0.021,0.1,1,2,0.8575833150877132,3.448224852071006,0.5294117647058824,3.5440088757396446,0.5522388059701493
LSPIN,lspin_tf,mlp,0.021,0.1,1,3,0.8732096138058971,3.5440088757396446,0.5522388059701493,3.448224852071006,0.5294117647058824
LSPIN,lspin_tf,mlp,0.021,0.1,1,4,0.838655489449732,3.5440088757396446,0.5522388059701493,3.352440828402367,0.5072463768115942
LSPIN,lspin_tf,mlp,0.021,0.1,2,3,0.8670866947540388,3.352440828402367,0.5072463768115942,3.448224852071006,0.5294117647058824
LSPIN,lspin_tf,mlp,0.021,0.1,2,4,0.8431543627210991,3.256656804733728,0.4857142857142857,3.1608727810650885,0.4647887323943662
LSPIN,lspin_tf,mlp,0.021,0.1,3,4,0.8207062579396657,3.448224852071006,0.5294117647058824,3.1608727810650885,0.4647887323943662
LSPIN,lspin_tf,mlp,0.028,0.1,0,1,0.8057629237530741,3.1608727810650885,0.4647887323943662,2.9693047337278107,0.4246575342465753
LSPIN,lspin_tf,mlp,0.028,0.1,0,2,0.7609849418532159,3.1608727810650885,0.4647887323943662,2.6819526627218933,0.3684210526315789
LSPIN,lspin_tf,mlp,0.028,0.1,0,3,0.7514369192032155,2.7777366863905324,0.3866666666666666,2.9693047337278107,0.4246575342465753
LSPIN,lspin_tf,mlp,0.028,0.1,0,4,0.7763909250004132,2.8735207100591715,0.4054054054054054,3.0650887573964494,0.4444444444444444
LSPIN,lspin_tf,mlp,0.028,0.1,1,2,0.7397884136051538,2.6819526627218933,0.3684210526315789,3.1608727810650885,0.4647887323943662
LSPIN,lspin_tf,mlp,0.028,0.1,1,3,0.7507527222221415,2.586168639053254,0.3506493506493506,3.1608727810650885,0.4647887323943662
LSPIN,lspin_tf,mlp,0.028,0.1,1,4,0.7744429415737625,3.352440828402367,0.5072463768115942,3.256656804733728,0.4857142857142857
LSPIN,lspin_tf,mlp,0.028,0.1,2,3,0.7605779268695192,2.7777366863905324,0.3866666666666666,3.0650887573964494,0.4444444444444444
LSPIN,lspin_tf,mlp,0.028,0.1,2,4,0.7540265016575444,3.0650887573964494,0.4444444444444444,3.0650887573964494,0.4444444444444444
LSPIN,lspin_tf,mlp,0.028,0.1,3,4,0.7436057590128338,3.0650887573964494,0.4444444444444444,2.586168639053254,0.3506493506493506
Concrete,concrete,mlp,0.00075,0.0,0,1,0.9616792662145552,4.118713017751479,0.7049180327868853,4.118713017751479,0.7049180327868853
Concrete,concrete,mlp,0.00075,0.0,0,2,0.963815208119102,4.501849112426036,0.8245614035087719,3.639792899408284,0.5757575757575758
Concrete,concrete,mlp,0.00075,0.0,0,3,0.9408692017385372,4.214497041420118,0.7333333333333333,3.927144970414201,0.6507936507936508
Concrete,concrete,mlp,0.00075,0.0,0,4,0.9536157980367176,4.406065088757396,0.7931034482758621,4.310281065088757,0.7627118644067796
Concrete,concrete,mlp,0.00075,0.0,1,2,0.965444521486755,4.310281065088757,0.7627118644067796,3.831360946745562,0.625
Concrete,concrete,mlp,0.00075,0.0,1,3,0.947087941918606,4.501849112426036,0.8245614035087719,3.735576923076923,0.6
Concrete,concrete,mlp,0.00075,0.0,1,4,0.9708991831159056,4.310281065088757,0.7627118644067796,4.118713017751479,0.7049180327868853
Concrete,concrete,mlp,0.00075,0.0,2,3,0.927784508635032,4.406065088757396,0.7931034482758621,3.1608727810650885,0.4647887323943662
Concrete,concrete,mlp,0.00075,0.0,2,4,0.971456319334452,4.310281065088757,0.7627118644067796,4.118713017751479,0.7049180327868853
Concrete,concrete,mlp,0.00075,0.0,3,4,0.944681138827744,4.214497041420118,0.7333333333333333,3.927144970414201,0.6507936507936508
Concrete,concrete,mlp,0.001,0.0,0,1,0.9303942895112112,4.310281065088757,0.7627118644067796,3.5440088757396446,0.5522388059701493
Concrete,concrete,mlp,0.001,0.0,0,2,0.9594681984945808,4.310281065088757,0.7627118644067796,3.735576923076923,0.6
Concrete,concrete,mlp,0.001,0.0,0,3,0.9504018087359604,4.310281065088757,0.7627118644067796,4.02292899408284,0.6774193548387096
Concrete,concrete,mlp,0.001,0.0,0,4,0.9267222957587308,4.214497041420118,0.7333333333333333,3.927144970414201,0.6507936507936508
Concrete,concrete,mlp,0.001,0.0,1,2,0.9643093509129196,4.501849112426036,0.8245614035087719,4.02292899408284,0.6774193548387096
Concrete,concrete,mlp,0.001,0.0,1,3,0.9506639329530564,4.597633136094674,0.8571428571428571,3.352440828402367,0.5072463768115942
Concrete,concrete,mlp,0.001,0.0,1,4,0.948753914717296,4.501849112426036,0.8245614035087719,3.352440828402367,0.5072463768115942
Concrete,concrete,mlp,0.001,0.0,2,3,0.9655144209002964,4.597633136094674,0.8571428571428571,3.831360946745562,0.625
Concrete,concrete,mlp,0.001,0.0,2,4,0.9568945057615094,4.597633136094674,0.8571428571428571,3.831360946745562,0.625
Concrete,concrete,mlp,0.001,0.0,3,4,0.9600860644032218,4.597633136094674,0.8571428571428571,3.927144970414201,0.6507936507936508
Concrete,concrete,mlp,0.0015,0.0,0,1,0.9231208046965632,4.02292899408284,0.6774193548387096,3.735576923076923,0.6
Concrete,concrete,mlp,0.0015,0.0,0,2,0.940878423345312,4.118713017751479,0.7049180327868853,3.927144970414201,0.6507936507936508
Concrete,concrete,mlp,0.0015,0.0,0,3,0.9295469412404694,3.831360946745562,0.625,3.5440088757396446,0.5522388059701493
Concrete,concrete,mlp,0.0015,0.0,0,4,0.9103952393530482,4.02292899408284,0.6774193548387096,3.735576923076923,0.6
Concrete,concrete,mlp,0.0015,0.0,1,2,0.9500260293360188,4.214497041420118,0.7333333333333333,4.02292899408284,0.6774193548387096
Concrete,concrete,mlp,0.0015,0.0,1,3,0.9480570378823644,4.118713017751479,0.7049180327868853,4.406065088757396,0.7931034482758621
Concrete,concrete,mlp,0.0015,0.0,1,4,0.9500662168633872,4.118713017751479,0.7049180327868853,3.927144970414201,0.6507936507936508
Concrete,concrete,mlp,0.0015,0.0,2,3,0.944524083189872,4.310281065088757,0.7627118644067796,3.927144970414201,0.6507936507936508
Concrete,concrete,mlp,0.0015,0.0,2,4,0.9449299699955632,4.310281065088757,0.7627118644067796,4.214497041420118,0.7333333333333333
Concrete,concrete,mlp,0.0015,0.0,3,4,0.928487767948736,4.406065088757396,0.7931034482758621,3.831360946745562,0.625
Concrete,concrete,mlp,0.002,0.0,0,1,0.9550354681992472,4.406065088757396,0.7931034482758621,3.831360946745562,0.625
Concrete,concrete,mlp,0.002,0.0,0,2,0.9060525215411026,4.406065088757396,0.7931034482758621,3.0650887573964494,0.4444444444444444
Concrete,concrete,mlp,0.002,0.0,0,3,0.946313879601764,4.310281065088757,0.7627118644067796,3.831360946745562,0.625
Concrete,concrete,mlp,0.002,0.0,0,4,0.9226596269762156,4.118713017751479,0.7049180327868853,3.927144970414201,0.6507936507936508
Concrete,concrete,mlp,0.002,0.0,1,2,0.9174137395131682,4.501849112426036,0.8245614035087719,3.448224852071006,0.5294117647058824
Concrete,concrete,mlp,0.002,0.0,1,3,0.947884869541551,4.501849112426036,0.8245614035087719,3.831360946745562,0.625
Concrete,concrete,mlp,0.002,0.0,1,4,0.9171627876480326,4.118713017751479,0.7049180327868853,3.735576923076923,0.6
Concrete,concrete,mlp,0.002,0.0,2,3,0.93027264744737,4.501849112426036,0.8245614035087719,3.352440828402367,0.5072463768115942
Concrete,concrete,mlp,0.002,0.0,2,4,0.953184083688184,4.406065088757396,0.7931034482758621,3.448224852071006,0.5294117647058824
Concrete,concrete,mlp,0.002,0.0,3,4,0.93526230630618,4.214497041420118,0.7333333333333333,3.448224852071006,0.5294117647058824
Concrete,concrete,mlp,0.0025,0.0,0,1,0.93321596746115,3.831360946745562,0.625,3.448224852071006,0.5294117647058824
Concrete,concrete,mlp,0.0025,0.0,0,2,0.9390051334489254,4.02292899408284,0.6774193548387096,3.831360946745562,0.625
Concrete,concrete,mlp,0.0025,0.0,0,3,0.9301181497595132,4.118713017751479,0.7049180327868853,4.02292899408284,0.6774193548387096
Concrete,concrete,mlp,0.0025,0.0,0,4,0.92780476525901,4.118713017751479,0.7049180327868853,3.5440088757396446,0.5522388059701493
Concrete,concrete,mlp,0.0025,0.0,1,2,0.8958501467259588,3.831360946745562,0.625,3.352440828402367,0.5072463768115942
Concrete,concrete,mlp,0.0025,0.0,1,3,0.933861580390264,4.118713017751479,0.7049180327868853,3.831360946745562,0.625
Concrete,concrete,mlp,0.0025,0.0,1,4,0.9070535693106718,4.118713017751479,0.7049180327868853,3.927144970414201,0.6507936507936508
Concrete,concrete,mlp,0.0025,0.0,2,3,0.8830497206493689,4.214497041420118,0.7333333333333333,3.639792899408284,0.5757575757575758
Concrete,concrete,mlp,0.0025,0.0,2,4,0.9469371704064476,4.310281065088757,0.7627118644067796,3.448224852071006,0.5294117647058824
Concrete,concrete,mlp,0.0025,0.0,3,4,0.8925827307314617,4.310281065088757,0.7627118644067796,3.831360946745562,0.625
Concrete,concrete,mlp,0.003,0.0,0,1,0.9218094187191,4.02292899408284,0.6774193548387096,2.9693047337278107,0.4246575342465753
Concrete,concrete,mlp,0.003,0.0,0,2,0.9164109509567036,4.214497041420118,0.7333333333333333,3.5440088757396446,0.5522388059701493
Concrete,concrete,mlp,0.003,0.0,0,3,0.9053283351849184,4.02292899408284,0.6774193548387096,3.448224852071006,0.5294117647058824
Concrete,concrete,mlp,0.003,0.0,0,4,0.9357547798604832,4.310281065088757,0.7627118644067796,3.448224852071006,0.5294117647058824
Concrete,concrete,mlp,0.003,0.0,1,2,0.9458579396056754,4.406065088757396,0.7931034482758621,3.1608727810650885,0.4647887323943662
Concrete,concrete,mlp,0.003,0.0,1,3,0.93174540635246,4.501849112426036,0.8245614035087719,3.735576923076923,0.6
Concrete,concrete,mlp,0.003,0.0,1,4,0.9437195444797868,4.310281065088757,0.7627118644067796,3.5440088757396446,0.5522388059701493
Concrete,concrete,mlp,0.003,0.0,2,3,0.9489715457450626,4.214497041420118,0.7333333333333333,3.735576923076923,0.6
Concrete,concrete,mlp,0.003,0.0,2,4,0.9363429998801172,4.406065088757396,0.7931034482758621,3.735576923076923,0.6
Concrete,concrete,mlp,0.003,0.0,3,4,0.9133754077921656,4.214497041420118,0.7333333333333333,3.831360946745562,0.625
Concrete,concrete,mlp,0.004,0.0,0,1,0.9281055779100792,4.118713017751479,0.7049180327868853,3.1608727810650885,0.4647887323943662
Concrete,concrete,mlp,0.004,0.0,0,2,0.9405953064988304,4.02292899408284,0.6774193548387096,3.831360946745562,0.625
Concrete,concrete,mlp,0.004,0.0,0,3,0.945693344231583,4.501849112426036,0.8245614035087719,3.735576923076923,0.6
Concrete,concrete,mlp,0.004,0.0,0,4,0.8802185660411476,3.735576923076923,0.6,3.448224852071006,0.5294117647058824
Concrete,concrete,mlp,0.004,0.0,1,2,0.9178409317212312,3.831360946745562,0.625,3.256656804733728,0.4857142857142857
Concrete,concrete,mlp,0.004,0.0,1,3,0.9376505926228228,4.118713017751479,0.7049180327868853,3.5440088757396446,0.5522388059701493
Concrete,concrete,mlp,0.004,0.0,1,4,0.8924121452668071,3.831360946745562,0.625,3.352440828402367,0.5072463768115942
Concrete,concrete,mlp,0.004,0.0,2,3,0.9374306950170704,4.02292899408284,0.6774193548387096,3.5440088757396446,0.5522388059701493
Concrete,concrete,mlp,0.004,0.0,2,4,0.8947569381348607,3.5440088757396446,0.5522388059701493,3.639792899408284,0.5757575757575758
Concrete,concrete,mlp,0.004,0.0,3,4,0.8952308493736857,3.735576923076923,0.6,3.5440088757396446,0.5522388059701493
Concrete,concrete,mlp,0.006,0.0,0,1,0.8897143951200589,4.02292899408284,0.6774193548387096,3.5440088757396446,0.5522388059701493
Concrete,concrete,mlp,0.006,0.0,0,2,0.8294002186639696,3.831360946745562,0.625,3.1608727810650885,0.4647887323943662
Concrete,concrete,mlp,0.006,0.0,0,3,0.8271835688626009,4.118713017751479,0.7049180327868853,3.256656804733728,0.4857142857142857
Concrete,concrete,mlp,0.006,0.0,0,4,0.9151509863321222,4.310281065088757,0.7627118644067796,3.5440088757396446,0.5522388059701493
Concrete,concrete,mlp,0.006,0.0,1,2,0.8983020853045887,3.735576923076923,0.6,3.448224852071006,0.5294117647058824
Concrete,concrete,mlp,0.006,0.0,1,3,0.9015560241448748,3.735576923076923,0.6,3.639792899408284,0.5757575757575758
Concrete,concrete,mlp,0.006,0.0,1,4,0.924108874551762,3.831360946745562,0.625,3.352440828402367,0.5072463768115942
Concrete,concrete,mlp,0.006,0.0,2,3,0.901717948451962,4.02292899408284,0.6774193548387096,3.639792899408284,0.5757575757575758
Concrete,concrete,mlp,0.006,0.0,2,4,0.8900479061157966,3.831360946745562,0.625,3.639792899408284,0.5757575757575758
Concrete,concrete,mlp,0.006,0.0,3,4,0.8859719096079121,4.214497041420118,0.7333333333333333,3.5440088757396446,0.5522388059701493
Concrete,concrete,mlp,0.00075,0.025,0,1,0.9228871633295044,4.214497041420118,0.7333333333333333,3.5440088757396446,0.5522388059701493
Concrete,concrete,mlp,0.00075,0.025,0,2,0.9408996796462956,4.214497041420118,0.7333333333333333,4.02292899408284,0.6774193548387096
Concrete,concrete,mlp,0.00075,0.025,0,3,0.9477458294649008,4.310281065088757,0.7627118644067796,3.831360946745562,0.625
Concrete,concrete,mlp,0.00075,0.025,0,4,0.9571854333716244,4.501849112426036,0.8245614035087719,4.02292899408284,0.6774193548387096
Concrete,concrete,mlp,0.00075,0.025,1,2,0.9305487069621392,4.214497041420118,0.7333333333333333,3.0650887573964494,0.4444444444444444
Concrete,concrete,mlp,0.00075,0.025,1,3,0.9487431205983436,4.501849112426036,0.8245614035087719,3.735576923076923,0.6
Concrete,concrete,mlp,0.00075,0.025,1,4,0.9356310594376668,4.501849112426036,0.8245614035087719,3.927144970414201,0.6507936507936508
Concrete,concrete,mlp,0.00075,0.025,2,3,0.9312721830340216,4.118713017751479,0.7049180327868853,3.639792899408284,0.5757575757575758
Concrete,concrete,mlp,0.00075,0.025,2,4,0.9334465049412785,4.310281065088757,0.7627118644067796,3.5440088757396446,0.5522388059701493
Concrete,concrete,mlp,0.00075,0.025,3,4,0.9756812959124742,4.406065088757396,0.7931034482758621,4.214497041420118,0.7333333333333333
Concrete,concrete,mlp,0.001,0.025,0,1,0.9754379089652722,4.501849112426036,0.8245614035087719,4.02292899408284,0.6774193548387096
Concrete,concrete,mlp,0.001,0.025,0,2,0.9307938456088426,4.310281065088757,0.7627118644067796,3.735576923076923,0.6
Concrete,concrete,mlp,0.001,0.025,0,3,0.9263479762848033,4.02292899408284,0.6774193548387096,4.02292899408284,0.6774193548387096
Concrete,concrete,mlp,0.001,0.025,0,4,0.9376723626489424,4.118713017751479,0.7049180327868853,3.831360946745562,0.625
Concrete,concrete,mlp,0.001,0.025,1,2,0.9555044278968032,4.406065088757396,0.7931034482758621,3.927144970414201,0.6507936507936508
Concrete,concrete,mlp,0.001,0.025,1,3,0.9297682886742694,4.118713017751479,0.7049180327868853,3.735576923076923,0.6
Concrete,concrete,mlp,0.001,0.025,1,4,0.9415306580005444,4.310281065088757,0.7627118644067796,3.735576923076923,0.6
Concrete,concrete,mlp,0.001,0.025,2,3,0.943075590205548,4.118713017751479,0.7049180327868853,3.5440088757396446,0.5522388059701493
Concrete,concrete,mlp,0.001,0.025,2,4,0.922118873387783,4.406065088757396,0.7931034482758621,3.1608727810650885,0.4647887323943662
Concrete,concrete,mlp,0.001,0.025,3,4,0.9271423639989536,4.118713017751479,0.7049180327868853,3.831360946745562,0.625
Concrete,concrete,mlp,0.0015,0.025,0,1,0.9495466286620644,4.310281065088757,0.7627118644067796,3.831360946745562,0.625
Concrete,concrete,mlp,0.0015,0.025,0,2,0.948964609238212,4.310281065088757,0.7627118644067796,3.5440088757396446,0.5522388059701493
Concrete,concrete,mlp,0.0015,0.025,0,3,0.8971211776998521,4.310281065088757,0.7627118644067796,2.4903846153846154,0.3333333333333333
Concrete,concrete,mlp,0.0015,0.025,0,4,0.9402812439474588,4.310281065088757,0.7627118644067796,3.352440828402367,0.5072463768115942
Concrete,concrete,mlp,0.0015,0.025,1,2,0.931245029451502,4.406065088757396,0.7931034482758621,3.831360946745562,0.625
Concrete,concrete,mlp,0.0015,0.025,1,3,0.8887650570325362,4.406065088757396,0.7931034482758621,2.7777366863905324,0.3866666666666666
Concrete,concrete,mlp,0.0015,0.025,1,4,0.9307473948020591,4.310281065088757,0.7627118644067796,3.0650887573964494,0.4444444444444444
Concrete,concrete,mlp,0.0015,0.025,2,3,0.9369198230421972,4.310281065088757,0.7627118644067796,3.352440828402367,0.5072463768115942
Concrete,concrete,mlp,0.0015,0.025,2,4,0.9152426224087284,4.214497041420118,0.7333333333333333,3.831360946745562,0.625
Concrete,concrete,mlp,0.0015,0.025,3,4,0.89045603896025,4.02292899408284,0.6774193548387096,3.448224852071006,0.5294117647058824
Concrete,concrete,mlp,0.002,0.025,0,1,0.9189119511492578,3.927144970414201,0.6507936507936508,3.352440828402367,0.5072463768115942
Concrete,concrete,mlp,0.002,0.025,0,2,0.9005412373864194,4.118713017751479,0.7049180327868853,3.352440828402367,0.5072463768115942
Concrete,concrete,mlp,0.002,0.025,0,3,0.9002372790642436,3.831360946745562,0.625,3.448224852071006,0.5294117647058824
Concrete,concrete,mlp,0.002,0.025,0,4,0.914048901887302,3.831360946745562,0.625,3.639792899408284,0.5757575757575758
Concrete,concrete,mlp,0.002,0.025,1,2,0.9478588915235302,4.310281065088757,0.7627118644067796,3.5440088757396446,0.5522388059701493
Concrete,concrete,mlp,0.002,0.025,1,3,0.942104716268324,4.214497041420118,0.7333333333333333,3.927144970414201,0.6507936507936508
Concrete,concrete,mlp,0.002,0.025,1,4,0.9543096152539338,4.118713017751479,0.7049180327868853,3.831360946745562,0.625
Concrete,concrete,mlp,0.002,0.025,2,3,0.9637911733909192,4.214497041420118,0.7333333333333333,3.448224852071006,0.5294117647058824
Concrete,concrete,mlp,0.002,0.025,2,4,0.9548813147130903,4.214497041420118,0.7333333333333333,3.927144970414201,0.6507936507936508
Concrete,concrete,mlp,0.002,0.025,3,4,0.9440643602952876,4.118713017751479,0.7049180327868853,3.352440828402367,0.5072463768115942
Concrete,concrete,mlp,0.0025,0.025,0,1,0.8955843096904899,3.5440088757396446,0.5522388059701493,3.256656804733728,0.4857142857142857
Concrete,concrete,mlp,0.0025,0.025,0,2,0.940685175584094,3.927144970414201,0.6507936507936508,3.735576923076923,0.6
Concrete,concrete,mlp,0.0025,0.025,0,3,0.9433585763239204,4.118713017751479,0.7049180327868853,3.639792899408284,0.5757575757575758
Concrete,concrete,mlp,0.0025,0.025,0,4,0.9426934157287372,4.214497041420118,0.7333333333333333,3.639792899408284,0.5757575757575758
Concrete,concrete,mlp,0.0025,0.025,1,2,0.8940503368033252,3.735576923076923,0.6,3.448224852071006,0.5294117647058824
Concrete,concrete,mlp,0.0025,0.025,1,3,0.8692407811595282,3.5440088757396446,0.5522388059701493,3.1608727810650885,0.4647887323943662
Concrete,concrete,mlp,0.0025,0.025,1,4,0.91655227878858,4.02292899408284,0.6774193548387096,3.448224852071006,0.5294117647058824
Concrete,concrete,mlp,0.0025,0.025,2,3,0.9246869536066592,3.735576923076923,0.6,3.448224852071006,0.5294117647058824
Concrete,concrete,mlp,0.0025,0.025,2,4,0.9341485566091112,3.831360946745562,0.625,3.735576923076923,0.6
Concrete,concrete,mlp,0.0025,0.025,3,4,0.9260129403279086,4.02292899408284,0.6774193548387096,3.831360946745562,0.625
Concrete,concrete,mlp,0.003,0.025,0,1,0.9325244999154582,4.02292899408284,0.6774193548387096,3.735576923076923,0.6
Concrete,concrete,mlp,0.003,0.025,0,2,0.9527518382257208,4.118713017751479,0.7049180327868853,3.448224852071006,0.5294117647058824
Concrete,concrete,mlp,0.003,0.025,0,3,0.9175548492202537,3.927144970414201,0.6507936507936508,3.352440828402367,0.5072463768115942
Concrete,concrete,mlp,0.003,0.025,0,4,0.9182576806659412,4.118713017751479,0.7049180327868853,3.735576923076923,0.6
Concrete,concrete,mlp,0.003,0.025,1,2,0.9546292100174713,4.406065088757396,0.7931034482758621,3.352440828402367,0.5072463768115942
Concrete,concrete,mlp,0.003,0.025,1,3,0.9236846162422327,4.214497041420118,0.7333333333333333,3.639792899408284,0.5757575757575758
Concrete,concrete,mlp,0.003,0.025,1,4,0.9377947269088168,4.406065088757396,0.7931034482758621,3.735576923076923,0.6
Concrete,concrete,mlp,0.003,0.025,2,3,0.9236173622829468,4.118713017751479,0.7049180327868853,3.0650887573964494,0.4444444444444444
Concrete,concrete,mlp,0.003,0.025,2,4,0.945438909373373,4.406065088757396,0.7931034482758621,3.639792899408284,0.5757575757575758
Concrete,concrete,mlp,0.003,0.025,3,4,0.916565837471202,3.831360946745562,0.625,3.639792899408284,0.5757575757575758
Concrete,concrete,mlp,0.004,0.025,0,1,0.9352488900921948,4.02292899408284,0.6774193548387096,3.1608727810650885,0.4647887323943662
Concrete,concrete,mlp,0.004,0.025,0,2,0.9428439950931612,4.02292899408284,0.6774193548387096,3.639792899408284,0.5757575757575758
Concrete,concrete,mlp,0.004,0.025,0,3,0.9240455224403508,3.927144970414201,0.6507936507936508,3.352440828402367,0.5072463768115942
Concrete,concrete,mlp,0.004,0.025,0,4,0.9509662252287564,4.406065088757396,0.7931034482758621,3.831360946745562,0.625
Concrete,concrete,mlp,0.004,0.025,1,2,0.9209980890876488,4.214497041420118,0.7333333333333333,2.9693047337278107,0.4246575342465753
Concrete,concrete,mlp,0.004,0.025,1,3,0.9056065033734328,3.735576923076923,0.6,3.639792899408284,0.5757575757575758
Concrete,concrete,mlp,0.004,0.025,1,4,0.9319543513477332,4.02292899408284,0.6774193548387096,3.352440828402367,0.5072463768115942
Concrete,concrete,mlp,0.004,0.025,2,3,0.9279887843038966,3.927144970414201,0.6507936507936508,3.735576923076923,0.6
Concrete,concrete,mlp,0.004,0.025,2,4,0.9290777885348882,4.02292899408284,0.6774193548387096,3.256656804733728,0.4857142857142857
Concrete,concrete,mlp,0.004,0.025,3,4,0.9172554099981236,3.927144970414201,0.6507936507936508,3.5440088757396446,0.5522388059701493
Concrete,concrete,mlp,0.006,0.025,0,1,0.8418445518255894,4.02292899408284,0.6774193548387096,2.586168639053254,0.3506493506493506
Concrete,concrete,mlp,0.006,0.025,0,2,0.8143398681160595,3.5440088757396446,0.5522388059701493,3.5440088757396446,0.5522388059701493
Concrete,concrete,mlp,0.006,0.025,0,3,0.8744565629961433,4.02292899408284,0.6774193548387096,2.9693047337278107,0.4246575342465753
Concrete,concrete,mlp,0.006,0.025,0,4,0.8570916653276581,3.927144970414201,0.6507936507936508,3.639792899408284,0.5757575757575758
Concrete,concrete,mlp,0.006,0.025,1,2,0.8782179752672555,3.735576923076923,0.6,2.6819526627218933,0.3684210526315789
Concrete,concrete,mlp,0.006,0.025,1,3,0.8823549735486477,3.927144970414201,0.6507936507936508,2.8735207100591715,0.4054054054054054
Concrete,concrete,mlp,0.006,0.025,1,4,0.8925525363918659,3.5440088757396446,0.5522388059701493,3.256656804733728,0.4857142857142857
Concrete,concrete,mlp,0.006,0.025,2,3,0.8552638818824354,3.352440828402367,0.5072463768115942,2.6819526627218933,0.3684210526315789
Concrete,concrete,mlp,0.006,0.025,2,4,0.9052189070186426,3.5440088757396446,0.5522388059701493,3.448224852071006,0.5294117647058824
Concrete,concrete,mlp,0.006,0.025,3,4,0.8791233192669394,4.02292899408284,0.6774193548387096,3.0650887573964494,0.4444444444444444
Concrete,concrete,mlp,0.00075,0.05,0,1,0.9459216256502192,4.214497041420118,0.7333333333333333,4.02292899408284,0.6774193548387096
Concrete,concrete,mlp,0.00075,0.05,0,2,0.942083740432684,4.501849112426036,0.8245614035087719,2.6819526627218933,0.3684210526315789
Concrete,concrete,mlp,0.00075,0.05,0,3,0.9538727265382376,4.406065088757396,0.7931034482758621,3.735576923076923,0.6
Concrete,concrete,mlp,0.00075,0.05,0,4,0.9366237154280206,4.214497041420118,0.7333333333333333,3.352440828402367,0.5072463768115942
Concrete,concrete,mlp,0.00075,0.05,1,2,0.9495222684807026,4.214497041420118,0.7333333333333333,3.352440828402367,0.5072463768115942
Concrete,concrete,mlp,0.00075,0.05,1,3,0.9523022910756798,4.310281065088757,0.7627118644067796,3.927144970414201,0.6507936507936508
Concrete,concrete,mlp,0.00075,0.05,1,4,0.9522848308656808,4.310281065088757,0.7627118644067796,3.735576923076923,0.6
Concrete,concrete,mlp,0.00075,0.05,2,3,0.9615003810999796,4.214497041420118,0.7333333333333333,3.639792899408284,0.5757575757575758
Concrete,concrete,mlp,0.00075,0.05,2,4,0.9345523682363552,4.310281065088757,0.7627118644067796,3.831360946745562,0.625
Concrete,concrete,mlp,0.00075,0.05,3,4,0.9435690840305576,4.310281065088757,0.7627118644067796,3.927144970414201,0.6507936507936508
Concrete,concrete,mlp,0.001,0.05,0,1,0.9368129828041338,4.310281065088757,0.7627118644067796,4.214497041420118,0.7333333333333333
Concrete,concrete,mlp,0.001,0.05,0,2,0.953717018564091,3.735576923076923,0.6,4.214497041420118,0.7333333333333333
Concrete,concrete,mlp,0.001,0.05,0,3,0.9649107371702064,4.501849112426036,0.8245614035087719,3.352440828402367,0.5072463768115942
Concrete,concrete,mlp,0.001,0.05,0,4,0.9426648155644576,4.406065088757396,0.7931034482758621,4.118713017751479,0.7049180327868853
Concrete,concrete,mlp,0.001,0.05,1,2,0.9423676838232656,4.214497041420118,0.7333333333333333,3.927144970414201,0.6507936507936508
Concrete,concrete,mlp,0.001,0.05,1,3,0.9424487233242236,4.310281065088757,0.7627118644067796,3.5440088757396446,0.5522388059701493
Concrete,concrete,mlp,0.001,0.05,1,4,0.9459041150946486,4.501849112426036,0.8245614035087719,3.831360946745562,0.625
Concrete,concrete,mlp,0.001,0.05,2,3,0.9207919885843292,3.927144970414201,0.6507936507936508,3.0650887573964494,0.4444444444444444
Concrete,concrete,mlp,0.001,0.05,2,4,0.9490150029664544,3.927144970414201,0.6507936507936508,4.310281065088757,0.7627118644067796
Concrete,concrete,mlp,0.001,0.05,3,4,0.9252545393657156,4.406065088757396,0.7931034482758621,2.7777366863905324,0.3866666666666666
Concrete,concrete,mlp,0.0015,0.05,0,1,0.9424775490513896,4.02292899408284,0.6774193548387096,3.5440088757396446,0.5522388059701493
Concrete,concrete,mlp,0.0015,0.05,0,2,0.9417504830392204,4.02292899408284,0.6774193548387096,4.02292899408284,0.6774193548387096
Concrete,concrete,mlp,0.0015,0.05,0,3,0.9379195290711708,3.927144970414201,0.6507936507936508,3.735576923076923,0.6
Concrete,concrete,mlp,0.0015,0.05,0,4,0.93101910001364,4.02292899408284,0.6774193548387096,3.5440088757396446,0.5522388059701493
Concrete,concrete,mlp,0.0015,0.05,1,2,0.9225210494841968,4.310281065088757,0.7627118644067796,3.448224852071006,0.5294117647058824
Concrete,concrete,mlp,0.0015,0.05,1,3,0.9344505963679652,4.02292899408284,0.6774193548387096,3.352440828402367,0.5072463768115942
Concrete,concrete,mlp,0.0015,0.05,1,4,0.9220360728205688,4.02292899408284,0.6774193548387096,3.256656804733728,0.4857142857142857
Concrete,concrete,mlp,0.0015,0.05,2,3,0.9220484266925442,4.118713017751479,0.7049180327868853,4.118713017751479,0.7049180327868853
Concrete,concrete,mlp,0.0015,0.05,2,4,0.9454719298507196,4.02292899408284,0.6774193548387096,3.927144970414201,0.6507936507936508
Concrete,concrete,mlp,0.0015,0.05,3,4,0.9244793942637995,4.02292899408284,0.6774193548387096,3.448224852071006,0.5294117647058824
Concrete,concrete,mlp,0.002,0.05,0,1,0.926952495544931,3.831360946745562,0.625,3.448224852071006,0.5294117647058824
Concrete,concrete,mlp,0.002,0.05,0,2,0.9476898583845856,4.214497041420118,0.7333333333333333,3.5440088757396446,0.5522388059701493
Concrete,concrete,mlp,0.002,0.05,0,3,0.9367925305159824,4.310281065088757,0.7627118644067796,3.448224852071006,0.5294117647058824
Concrete,concrete,mlp,0.002,0.05,0,4,0.9231636317751638,3.735576923076923,0.6,3.831360946745562,0.625
Concrete,concrete,mlp,0.002,0.05,1,2,0.9462156687279686,4.02292899408284,0.6774193548387096,4.02292899408284,0.6774193548387096
Concrete,concrete,mlp,0.002,0.05,1,3,0.9511480031870684,4.214497041420118,0.7333333333333333,3.735576923076923,0.6
Concrete,concrete,mlp,0.002,0.05,1,4,0.9284015475905992,4.02292899408284,0.6774193548387096,3.927144970414201,0.6507936507936508
Concrete,concrete,mlp,0.002,0.05,2,3,0.958118724399258,4.310281065088757,0.7627118644067796,4.02292899408284,0.6774193548387096
Concrete,concrete,mlp,0.002,0.05,2,4,0.9117516842541054,3.735576923076923,0.6,3.831360946745562,0.625
Concrete,concrete,mlp,0.002,0.05,3,4,0.925953497643082,4.214497041420118,0.7333333333333333,3.639792899408284,0.5757575757575758
Concrete,concrete,mlp,0.0025,0.05,0,1,0.9245579540966536,4.02292899408284,0.6774193548387096,3.5440088757396446,0.5522388059701493
Concrete,concrete,mlp,0.0025,0.05,0,2,0.879284017347249,3.831360946745562,0.625,3.448224852071006,0.5294117647058824
Concrete,concrete,mlp,0.0025,0.05,0,3,0.9265255287717514,4.406065088757396,0.7931034482758621,3.927144970414201,0.6507936507936508
Concrete,concrete,mlp,0.0025,0.05,0,4,0.9199462892974208,4.02292899408284,0.6774193548387096,3.448224852071006,0.5294117647058824
Concrete,concrete,mlp,0.0025,0.05,1,2,0.9125521925753164,3.927144970414201,0.6507936507936508,3.352440828402367,0.5072463768115942
Concrete,concrete,mlp,0.0025,0.05,1,3,0.9439104003780456,4.214497041420118,0.7333333333333333,3.831360946745562,0.625
Concrete,concrete,mlp,0.0025,0.05,1,4,0.9507298749666202,4.406065088757396,0.7931034482758621,3.831360946745562,0.625
Concrete,concrete,mlp,0.0025,0.05,2,3,0.9269435272313836,4.214497041420118,0.7333333333333333,3.639792899408284,0.5757575757575758
Concrete,concrete,mlp,0.0025,0.05,2,4,0.9171686724906573,4.118713017751479,0.7049180327868853,3.639792899408284,0.5757575757575758
Concrete,concrete,mlp,0.0025,0.05,3,4,0.942573974034858,4.406065088757396,0.7931034482758621,3.831360946745562,0.625
Concrete,concrete,mlp,0.003,0.05,0,1,0.9154420970145428,4.02292899408284,0.6774193548387096,3.256656804733728,0.4857142857142857
Concrete,concrete,mlp,0.003,0.05,0,2,0.9077847639258856,4.214497041420118,0.7333333333333333,2.8735207100591715,0.4054054054054054
Concrete,concrete,mlp,0.003,0.05,0,3,0.9221773328922752,4.118713017751479,0.7049180327868853,2.9693047337278107,0.4246575342465753
Concrete,concrete,mlp,0.003,0.05,0,4,0.899805204186141,4.118713017751479,0.7049180327868853,3.639792899408284,0.5757575757575758
Concrete,concrete,mlp,0.003,0.05,1,2,0.9221153325316472,4.214497041420118,0.7333333333333333,3.735576923076923,0.6
Concrete,concrete,mlp,0.003,0.05,1,3,0.9467719173362756,4.118713017751479,0.7049180327868853,3.448224852071006,0.5294117647058824
Concrete,concrete,mlp,0.003,0.05,1,4,0.9135323741099852,4.02292899408284,0.6774193548387096,3.352440828402367,0.5072463768115942
Concrete,concrete,mlp,0.003,0.05,2,3,0.944512072638817,4.118713017751479,0.7049180327868853,4.02292899408284,0.6774193548387096
Concrete,concrete,mlp,0.003,0.05,2,4,0.876222638818675,3.831360946745562,0.625,2.9693047337278107,0.4246575342465753
Concrete,concrete,mlp,0.003,0.05,3,4,0.9084575010291028,3.735576923076923,0.6,3.352440828402367,0.5072463768115942
Concrete,concrete,mlp,0.004,0.05,0,1,0.9297541763249632,4.02292899408284,0.6774193548387096,3.831360946745562,0.625
Concrete,concrete,mlp,0.004,0.05,0,2,0.9373972787010204,3.927144970414201,0.6507936507936508,3.5440088757396446,0.5522388059701493
Concrete,concrete,mlp,0.004,0.05,0,3,0.9355689685492596,4.118713017751479,0.7049180327868853,2.9693047337278107,0.4246575342465753
Concrete,concrete,mlp,0.004,0.05,0,4,0.9242065693095264,3.927144970414201,0.6507936507936508,3.352440828402367,0.5072463768115942
Concrete,concrete,mlp,0.004,0.05,1,2,0.9333662039478638,4.214497041420118,0.7333333333333333,3.5440088757396446,0.5522388059701493
Concrete,concrete,mlp,0.004,0.05,1,3,0.9093491814248126,4.118713017751479,0.7049180327868853,2.9693047337278107,0.4246575342465753
Concrete,concrete,mlp,0.004,0.05,1,4,0.8910498991582658,3.831360946745562,0.625,3.1608727810650885,0.4647887323943662
Concrete,concrete,mlp,0.004,0.05,2,3,0.927702348762139,4.214497041420118,0.7333333333333333,2.9693047337278107,0.4246575342465753
Concrete,concrete,mlp,0.004,0.05,2,4,0.9048612218972356,3.831360946745562,0.625,3.0650887573964494,0.4444444444444444
Concrete,concrete,mlp,0.004,0.05,3,4,0.9158312605164188,4.02292899408284,0.6774193548387096,3.1608727810650885,0.4647887323943662
Concrete,concrete,mlp,0.006,0.05,0,1,0.9076135266546784,4.214497041420118,0.7333333333333333,3.448224852071006,0.5294117647058824
Concrete,concrete,mlp,0.006,0.05,0,2,0.9195620653205956,3.927144970414201,0.6507936507936508,3.256656804733728,0.4857142857142857
Concrete,concrete,mlp,0.006,0.05,0,3,0.8657420270997096,3.735576923076923,0.6,3.1608727810650885,0.4647887323943662
Concrete,concrete,mlp,0.006,0.05,0,4,0.913029231591343,4.310281065088757,0.7627118644067796,3.352440828402367,0.5072463768115942
Concrete,concrete,mlp,0.006,0.05,1,2,0.9269293054554256,4.214497041420118,0.7333333333333333,4.02292899408284,0.6774193548387096
Concrete,concrete,mlp,0.006,0.05,1,3,0.8657172485513592,3.5440088757396446,0.5522388059701493,2.6819526627218933,0.3684210526315789
Concrete,concrete,mlp,0.006,0.05,1,4,0.9320799688674246,4.214497041420118,0.7333333333333333,3.927144970414201,0.6507936507936508
Concrete,concrete,mlp,0.006,0.05,2,3,0.8773601399082259,3.735576923076923,0.6,2.9693047337278107,0.4246575342465753
Concrete,concrete,mlp,0.006,0.05,2,4,0.9508494976548624,4.118713017751479,0.7049180327868853,4.118713017751479,0.7049180327868853
Concrete,concrete,mlp,0.006,0.05,3,4,0.8728557850865265,3.735576923076923,0.6,2.7777366863905324,0.3866666666666666
Concrete,concrete,mlp,0.00075,0.1,0,1,0.9635853475076124,4.310281065088757,0.7627118644067796,3.735576923076923,0.6
Concrete,concrete,mlp,0.00075,0.1,0,2,0.9576000571211836,4.310281065088757,0.7627118644067796,4.02292899408284,0.6774193548387096
Concrete,concrete,mlp,0.00075,0.1,0,3,0.959772796565119,4.118713017751479,0.7049180327868853,4.02292899408284,0.6774193548387096
Concrete,concrete,mlp,0.00075,0.1,0,4,0.9430350423957404,4.118713017751479,0.7049180327868853,3.927144970414201,0.6507936507936508
Concrete,concrete,mlp,0.00075,0.1,1,2,0.9587559581233864,4.501849112426036,0.8245614035087719,3.639792899408284,0.5757575757575758
Concrete,concrete,mlp,0.00075,0.1,1,3,0.9611266852692546,4.501849112426036,0.8245614035087719,3.448224852071006,0.5294117647058824
Concrete,concrete,mlp,0.00075,0.1,1,4,0.925155699455121,4.310281065088757,0.7627118644067796,2.9693047337278107,0.4246575342465753
Concrete,concrete,mlp,0.00075,0.1,2,3,0.9446581043747,4.406065088757396,0.7931034482758621,3.735576923076923,0.6
Concrete,concrete,mlp,0.00075,0.1,2,4,0.9377872175314682,4.406065088757396,0.7931034482758621,3.5440088757396446,0.5522388059701493
Concrete,concrete,mlp,0.00075,0.1,3,4,0.9449544440022788,4.310281065088757,0.7627118644067796,3.927144970414201,0.6507936507936508
Concrete,concrete,mlp,0.001,0.1,0,1,0.9621355339967712,4.118713017751479,0.7049180327868853,4.02292899408284,0.6774193548387096
Concrete,concrete,mlp,0.001,0.1,0,2,0.9517362791017122,4.214497041420118,0.7333333333333333,3.831360946745562,0.625
Concrete,concrete,mlp,0.001,0.1,0,3,0.9208434651689644,4.310281065088757,0.7627118644067796,4.02292899408284,0.6774193548387096
Concrete,concrete,mlp,0.001,0.1,0,4,0.9532257490674776,4.214497041420118,0.7333333333333333,4.501849112426036,0.8245614035087719
Concrete,concrete,mlp,0.001,0.1,1,2,0.934645480382484,3.927144970414201,0.6507936507936508,3.927144970414201,0.6507936507936508
Concrete,concrete,mlp,0.001,0.1,1,3,0.8933657438957007,4.214497041420118,0.7333333333333333,3.5440088757396446,0.5522388059701493
Concrete,concrete,mlp,0.001,0.1,1,4,0.9401447417514132,4.214497041420118,0.7333333333333333,4.214497041420118,0.7333333333333333
Concrete,concrete,mlp,0.001,0.1,2,3,0.948785279816662,4.02292899408284,0.6774193548387096,3.735576923076923,0.6
Concrete,concrete,mlp,0.001,0.1,2,4,0.9584532177773348,3.927144970414201,0.6507936507936508,3.927144970414201,0.6507936507936508
Concrete,concrete,mlp,0.001,0.1,3,4,0.956087450455848,4.310281065088757,0.7627118644067796,4.118713017751479,0.7049180327868853
Concrete,concrete,mlp,0.0015,0.1,0,1,0.9551929416898556,4.118713017751479,0.7049180327868853,3.927144970414201,0.6507936507936508
Concrete,concrete,mlp,0.0015,0.1,0,2,0.94620786819907,4.310281065088757,0.7627118644067796,4.02292899408284,0.6774193548387096
Concrete,concrete,mlp,0.0015,0.1,0,3,0.9413508094164866,4.118713017751479,0.7049180327868853,3.831360946745562,0.625
Concrete,concrete,mlp,0.0015,0.1,0,4,0.956133565858027,4.118713017751479,0.7049180327868853,3.831360946745562,0.625
Concrete,concrete,mlp,0.0015,0.1,1,2,0.9554348212166174,4.214497041420118,0.7333333333333333,4.02292899408284,0.6774193548387096
Concrete,concrete,mlp,0.0015,0.1,1,3,0.9451134881940314,3.735576923076923,0.6,4.02292899408284,0.6774193548387096
Concrete,concrete,mlp,0.0015,0.1,1,4,0.959392835014881,4.02292899408284,0.6774193548387096,4.02292899408284,0.6774193548387096
Concrete,concrete,mlp,0.0015,0.1,2,3,0.9406775041378638,4.310281065088757,0.7627118644067796,4.118713017751479,0.7049180327868853
Concrete,concrete,mlp,0.0015,0.1,2,4,0.9559594837508598,4.02292899408284,0.6774193548387096,4.214497041420118,0.7333333333333333
Concrete,concrete,mlp,0.0015,0.1,3,4,0.9552303109580728,4.118713017751479,0.7049180327868853,4.02292899408284,0.6774193548387096
Concrete,concrete,mlp,0.002,0.1,0,1,0.9053319400939176,3.927144970414201,0.6507936507936508,3.639792899408284,0.5757575757575758
Concrete,concrete,mlp,0.002,0.1,0,2,0.9131015600035892,3.735576923076923,0.6,3.256656804733728,0.4857142857142857
Concrete,concrete,mlp,0.002,0.1,0,3,0.9131196597464728,3.927144970414201,0.6507936507936508,3.448224852071006,0.5294117647058824
Concrete,concrete,mlp,0.002,0.1,0,4,0.9075840892661432,3.448224852071006,0.5294117647058824,3.256656804733728,0.4857142857142857
Concrete,concrete,mlp,0.002,0.1,1,2,0.9341782033658578,4.214497041420118,0.7333333333333333,3.735576923076923,0.6
Concrete,concrete,mlp,0.002,0.1,1,3,0.952654864797582,4.406065088757396,0.7931034482758621,3.831360946745562,0.625
Concrete,concrete,mlp,0.002,0.1,1,4,0.9225840276506602,3.639792899408284,0.5757575757575758,3.448224852071006,0.5294117647058824
Concrete,concrete,mlp,0.002,0.1,2,3,0.9201351658992072,4.02292899408284,0.6774193548387096,3.735576923076923,0.6
Concrete,concrete,mlp,0.002,0.1,2,4,0.918422252856678,3.735576923076923,0.6,3.1608727810650885,0.4647887323943662
Concrete,concrete,mlp,0.002,0.1,3,4,0.9268339099051088,3.5440088757396446,0.5522388059701493,3.352440828402367,0.5072463768115942
Concrete,concrete,mlp,0.0025,0.1,0,1,0.9089377266165424,3.927144970414201,0.6507936507936508,3.5440088757396446,0.5522388059701493
Concrete,concrete,mlp,0.0025,0.1,0,2,0.8982143055528717,3.831360946745562,0.625,3.352440828402367,0.5072463768115942
Concrete,concrete,mlp,0.0025,0.1,0,3,0.935364297644806,4.02292899408284,0.6774193548387096,3.5440088757396446,0.5522388059701493
Concrete,concrete,mlp,0.0025,0.1,0,4,0.9259554371028568,4.214497041420118,0.7333333333333333,3.256656804733728,0.4857142857142857
Concrete,concrete,mlp,0.0025,0.1,1,2,0.917234798573748,3.927144970414201,0.6507936507936508,3.639792899408284,0.5757575757575758
Concrete,concrete,mlp,0.0025,0.1,1,3,0.9359412961056004,4.02292899408284,0.6774193548387096,3.639792899408284,0.5757575757575758
Concrete,concrete,mlp,0.0025,0.1,1,4,0.8953743454987654,3.831360946745562,0.625,3.448224852071006,0.5294117647058824
Concrete,concrete,mlp,0.0025,0.1,2,3,0.9023758826517164,4.02292899408284,0.6774193548387096,3.639792899408284,0.5757575757575758
Concrete,concrete,mlp,0.0025,0.1,2,4,0.8817073443064192,3.927144970414201,0.6507936507936508,3.5440088757396446,0.5522388059701493
Concrete,concrete,mlp,0.0025,0.1,3,4,0.9335933185934376,4.118713017751479,0.7049180327868853,3.927144970414201,0.6507936507936508
Concrete,concrete,mlp,0.003,0.1,0,1,0.937605884959603,4.214497041420118,0.7333333333333333,3.5440088757396446,0.5522388059701493
Concrete,concrete,mlp,0.003,0.1,0,2,0.9400462968621688,4.310281065088757,0.7627118644067796,3.256656804733728,0.4857142857142857
Concrete,concrete,mlp,0.003,0.1,0,3,0.8732651835744183,4.02292899408284,0.6774193548387096,2.7777366863905324,0.3866666666666666
Concrete,concrete,mlp,0.003,0.1,0,4,0.9165798313570636,4.406065088757396,0.7931034482758621,4.02292899408284,0.6774193548387096
Concrete,concrete,mlp,0.003,0.1,1,2,0.94672609729231,4.214497041420118,0.7333333333333333,3.831360946745562,0.625
Concrete,concrete,mlp,0.003,0.1,1,3,0.9135117905484252,3.927144970414201,0.6507936507936508,3.352440828402367,0.5072463768115942
Concrete,concrete,mlp,0.003,0.1,1,4,0.9573995645441672,4.406065088757396,0.7931034482758621,3.735576923076923,0.6
Concrete,concrete,mlp,0.003,0.1,2,3,0.8823699174844221,4.118713017751479,0.7049180327868853,3.0650887573964494,0.4444444444444444
Concrete,concrete,mlp,0.003,0.1,2,4,0.9043317141205784,4.118713017751479,0.7049180327868853,3.352440828402367,0.5072463768115942
Concrete,concrete,mlp,0.003,0.1,3,4,0.913811482893664,4.118713017751479,0.7049180327868853,3.1608727810650885,0.4647887323943662
Concrete,concrete,mlp,0.004,0.1,0,1,0.9313956457951588,4.310281065088757,0.7627118644067796,3.5440088757396446,0.5522388059701493
Concrete,concrete,mlp,0.004,0.1,0,2,0.917584559867216,4.118713017751479,0.7049180327868853,3.256656804733728,0.4857142857142857
Concrete,concrete,mlp,0.004,0.1,0,3,0.9072278191540244,4.118713017751479,0.7049180327868853,3.1608727810650885,0.4647887323943662
Concrete,concrete,mlp,0.004,0.1,0,4,0.9491399686163444,4.501849112426036,0.8245614035087719,3.927144970414201,0.6507936507936508
Concrete,concrete,mlp,0.004,0.1,1,2,0.9216643788160236,4.118713017751479,0.7049180327868853,3.352440828402367,0.5072463768115942
Concrete,concrete,mlp,0.004,0.1,1,3,0.9188431456679206,4.118713017751479,0.7049180327868853,3.352440828402367,0.5072463768115942
Concrete,concrete,mlp,0.004,0.1,1,4,0.9382603278203416,4.214497041420118,0.7333333333333333,3.256656804733728,0.4857142857142857
Concrete,concrete,mlp,0.004,0.1,2,3,0.8899686831212175,3.927144970414201,0.6507936507936508,3.1608727810650885,0.4647887323943662
Concrete,concrete,mlp,0.004,0.1,2,4,0.9191530988129212,4.214497041420118,0.7333333333333333,2.9693047337278107,0.4246575342465753
Concrete,concrete,mlp,0.004,0.1,3,4,0.927676194203562,4.214497041420118,0.7333333333333333,2.9693047337278107,0.4246575342465753
Concrete,concrete,mlp,0.006,0.1,0,1,0.8867009117858771,4.02292899408284,0.6774193548387096,2.7777366863905324,0.3866666666666666
Concrete,concrete,mlp,0.006,0.1,0,2,0.8595052551888975,3.735576923076923,0.6,2.7777366863905324,0.3866666666666666
Concrete,concrete,mlp,0.006,0.1,0,3,0.8922690368758098,4.118713017751479,0.7049180327868853,2.7777366863905324,0.3866666666666666
Concrete,concrete,mlp,0.006,0.1,0,4,0.8918734764753287,4.02292899408284,0.6774193548387096,3.0650887573964494,0.4444444444444444
Concrete,concrete,mlp,0.006,0.1,1,2,0.8439141467816245,3.735576923076923,0.6,2.9693047337278107,0.4246575342465753
Concrete,concrete,mlp,0.006,0.1,1,3,0.8781423514374886,3.927144970414201,0.6507936507936508,2.4903846153846154,0.3333333333333333
Concrete,concrete,mlp,0.006,0.1,1,4,0.8874602313204709,4.118713017751479,0.7049180327868853,2.6819526627218933,0.3684210526315789
Concrete,concrete,mlp,0.006,0.1,2,3,0.8230251483102092,3.448224852071006,0.5294117647058824,2.586168639053254,0.3506493506493506
Concrete,concrete,mlp,0.006,0.1,2,4,0.8682245351699056,3.639792899408284,0.5757575757575758,2.3946005917159763,0.3164556962025316
Concrete,concrete,mlp,0.006,0.1,3,4,0.9069840341456984,4.118713017751479,0.7049180327868853,3.735576923076923,0.6
Concrete,concrete,mlp,0.00075,0.0,0,1,0.9280743087827672,4.310281065088757,0.7627118644067796,4.118713017751479,0.7049180327868853
Concrete,concrete,mlp,0.00075,0.0,0,2,0.942986227695872,4.214497041420118,0.7333333333333333,3.735576923076923,0.6
Concrete,concrete,mlp,0.00075,0.0,0,3,0.9665205432911774,4.597633136094674,0.8571428571428571,3.831360946745562,0.625
Concrete,concrete,mlp,0.00075,0.0,0,4,0.9496709731572872,4.310281065088757,0.7627118644067796,3.639792899408284,0.5757575757575758
Concrete,concrete,mlp,0.00075,0.0,1,2,0.968012382687529,4.597633136094674,0.8571428571428571,4.214497041420118,0.7333333333333333
Concrete,concrete,mlp,0.00075,0.0,1,3,0.921208205648613,4.310281065088757,0.7627118644067796,4.310281065088757,0.7627118644067796
Concrete,concrete,mlp,0.00075,0.0,1,4,0.9564056505868326,4.501849112426036,0.8245614035087719,3.927144970414201,0.6507936507936508
Concrete,concrete,mlp,0.00075,0.0,2,3,0.9372823802397372,4.214497041420118,0.7333333333333333,4.597633136094674,0.8571428571428571
Concrete,concrete,mlp,0.00075,0.0,2,4,0.9642909346679024,4.501849112426036,0.8245614035087719,4.118713017751479,0.7049180327868853
Concrete,concrete,mlp,0.00075,0.0,3,4,0.9536411839227248,4.310281065088757,0.7627118644067796,4.02292899408284,0.6774193548387096
Concrete,concrete,mlp,0.001,0.0,0,1,0.9134808328629412,4.310281065088757,0.7627118644067796,2.6819526627218933,0.3684210526315789
Concrete,concrete,mlp,0.001,0.0,0,2,0.9312767559879715,4.118713017751479,0.7049180327868853,3.1608727810650885,0.4647887323943662
Concrete,concrete,mlp,0.001,0.0,0,3,0.9302352423542452,4.214497041420118,0.7333333333333333,2.8735207100591715,0.4054054054054054
Concrete,concrete,mlp,0.001,0.0,0,4,0.9302939529770228,4.406065088757396,0.7931034482758621,2.586168639053254,0.3506493506493506
Concrete,concrete,mlp,0.001,0.0,1,2,0.9587183692076412,4.501849112426036,0.8245614035087719,3.927144970414201,0.6507936507936508
Concrete,concrete,mlp,0.001,0.0,1,3,0.9634666623425836,4.406065088757396,0.7931034482758621,4.310281065088757,0.7627118644067796
Concrete,concrete,mlp,0.001,0.0,1,4,0.9550532649140792,4.310281065088757,0.7627118644067796,4.118713017751479,0.7049180327868853
Concrete,concrete,mlp,0.001,0.0,2,3,0.9633697997285852,4.310281065088757,0.7627118644067796,4.02292899408284,0.6774193548387096
Concrete,concrete,mlp,0.001,0.0,2,4,0.955494577635108,4.406065088757396,0.7931034482758621,3.5440088757396446,0.5522388059701493
Concrete,concrete,mlp,0.001,0.0,3,4,0.967683080287666,4.501849112426036,0.8245614035087719,4.118713017751479,0.7049180327868853
Concrete,concrete,mlp,0.0015,0.0,0,1,0.956479258158167,4.597633136094674,0.8571428571428571,3.639792899408284,0.5757575757575758
Concrete,concrete,mlp,0.0015,0.0,0,2,0.9542131795756288,4.310281065088757,0.7627118644067796,3.831360946745562,0.625
Concrete,concrete,mlp,0.0015,0.0,0,3,0.92940943208824,4.406065088757396,0.7931034482758621,4.214497041420118,0.7333333333333333
Concrete,concrete,mlp,0.0015,0.0,0,4,0.9256548604061788,4.310281065088757,0.7627118644067796,3.5440088757396446,0.5522388059701493
Concrete,concrete,mlp,0.0015,0.0,1,2,0.9533933250931262,4.501849112426036,0.8245614035087719,3.5440088757396446,0.5522388059701493
Concrete,concrete,mlp,0.0015,0.0,1,3,0.9297380867409394,4.310281065088757,0.7627118644067796,3.735576923076923,0.6
Concrete,concrete,mlp,0.0015,0.0,1,4,0.9430649869410564,4.501849112426036,0.8245614035087719,4.118713017751479,0.7049180327868853
Concrete,concrete,mlp,0.0015,0.0,2,3,0.9381973670238288,4.406065088757396,0.7931034482758621,3.927144970414201,0.6507936507936508
Concrete,concrete,mlp,0.0015,0.0,2,4,0.9526858787960596,4.406065088757396,0.7931034482758621,3.5440088757396446,0.5522388059701493
Concrete,concrete,mlp,0.0015,0.0,3,4,0.9471252426053516,4.310281065088757,0.7627118644067796,3.735576923076923,0.6
Concrete,concrete,mlp,0.002,0.0,0,1,0.9572769503483736,4.310281065088757,0.7627118644067796,4.214497041420118,0.7333333333333333
Concrete,concrete,mlp,0.002,0.0,0,2,0.9456157670590678,4.118713017751479,0.7049180327868853,4.406065088757396,0.7931034482758621
Concrete,concrete,mlp,0.002,0.0,0,3,0.9156775780446248,4.310281065088757,0.7627118644067796,3.735576923076923,0.6
Concrete,concrete,mlp,0.002,0.0,0,4,0.9562869442775374,4.406065088757396,0.7931034482758621,3.927144970414201,0.6507936507936508
Concrete,concrete,mlp,0.002,0.0,1,2,0.9564164098157132,4.310281065088757,0.7627118644067796,4.118713017751479,0.7049180327868853
Concrete,concrete,mlp,0.002,0.0,1,3,0.9121505167693998,4.406065088757396,0.7931034482758621,3.639792899408284,0.5757575757575758
Concrete,concrete,mlp,0.002,0.0,1,4,0.9491846226982912,4.406065088757396,0.7931034482758621,3.735576923076923,0.6
Concrete,concrete,mlp,0.002,0.0,2,3,0.8938541188556794,4.118713017751479,0.7049180327868853,4.02292899408284,0.6774193548387096
Concrete,concrete,mlp,0.002,0.0,2,4,0.9444066535593268,4.214497041420118,0.7333333333333333,3.927144970414201,0.6507936507936508
Concrete,concrete,mlp,0.002,0.0,3,4,0.9340326222329512,4.406065088757396,0.7931034482758621,3.735576923076923,0.6
Concrete,concrete,mlp,0.0025,0.0,0,1,0.9333949264300444,3.927144970414201,0.6507936507936508,3.639792899408284,0.5757575757575758
Concrete,concrete,mlp,0.0025,0.0,0,2,0.932536752867544,4.214497041420118,0.7333333333333333,3.448224852071006,0.5294117647058824
Concrete,concrete,mlp,0.0025,0.0,0,3,0.9434459115692312,3.735576923076923,0.6,3.927144970414201,0.6507936507936508
Concrete,concrete,mlp,0.0025,0.0,0,4,0.9584804158590736,4.118713017751479,0.7049180327868853,3.831360946745562,0.625
Concrete,concrete,mlp,0.0025,0.0,1,2,0.9272607611152104,4.214497041420118,0.7333333333333333,3.735576923076923,0.6
Concrete,concrete,mlp,0.0025,0.0,1,3,0.9255099833469332,4.214497041420118,0.7333333333333333,3.639792899408284,0.5757575757575758
Concrete,concrete,mlp,0.0025,0.0,1,4,0.9270464629384784,3.927144970414201,0.6507936507936508,3.831360946745562,0.625
Concrete,concrete,mlp,0.0025,0.0,2,3,0.931343679612584,4.02292899408284,0.6774193548387096,3.639792899408284,0.5757575757575758
Concrete,concrete,mlp,0.0025,0.0,2,4,0.9434736712672732,4.02292899408284,0.6774193548387096,3.639792899408284,0.5757575757575758
Concrete,concrete,mlp,0.0025,0.0,3,4,0.9519750739731224,3.735576923076923,0.6,3.735576923076923,0.6
Concrete,concrete,mlp,0.003,0.0,0,1,0.9490580594120354,4.214497041420118,0.7333333333333333,3.927144970414201,0.6507936507936508
Concrete,concrete,mlp,0.003,0.0,0,2,0.8944079666155699,3.831360946745562,0.625,3.0650887573964494,0.4444444444444444
Concrete,concrete,mlp,0.003,0.0,0,3,0.9382980840617732,4.02292899408284,0.6774193548387096,4.214497041420118,0.7333333333333333
Concrete,concrete,mlp,0.003,0.0,0,4,0.9500895721399824,4.02292899408284,0.6774193548387096,3.831360946745562,0.625
Concrete,concrete,mlp,0.003,0.0,1,2,0.8646886130647881,3.831360946745562,0.625,2.8735207100591715,0.4054054054054054
Concrete,concrete,mlp,0.003,0.0,1,3,0.9556531014633304,4.406065088757396,0.7931034482758621,4.02292899408284,0.6774193548387096
Concrete,concrete,mlp,0.003,0.0,1,4,0.9354825540191104,4.118713017751479,0.7049180327868853,3.639792899408284,0.5757575757575758
Concrete,concrete,mlp,0.003,0.0,2,3,0.8385402034451258,3.5440088757396446,0.5522388059701493,2.7777366863905324,0.3866666666666666
Concrete,concrete,mlp,0.003,0.0,2,4,0.9043353086689738,3.639792899408284,0.5757575757575758,3.5440088757396446,0.5522388059701493
Concrete,concrete,mlp,0.003,0.0,3,4,0.9236656234958104,3.927144970414201,0.6507936507936508,3.639792899408284,0.5757575757575758
Concrete,concrete,mlp,0.004,0.0,0,1,0.9072072367409996,3.927144970414201,0.6507936507936508,3.256656804733728,0.4857142857142857
Concrete,concrete,mlp,0.004,0.0,0,2,0.8981948266408597,3.735576923076923,0.6,3.256656804733728,0.4857142857142857
Concrete,concrete,mlp,0.004,0.0,0,3,0.8813035110618207,3.831360946745562,0.625,3.0650887573964494,0.4444444444444444
Concrete,concrete,mlp,0.004,0.0,0,4,0.9138360904583988,3.927144970414201,0.6507936507936508,3.5440088757396446,0.5522388059701493
Concrete,concrete,mlp,0.004,0.0,1,2,0.9310227861830024,4.02292899408284,0.6774193548387096,3.831360946745562,0.625
Concrete,concrete,mlp,0.004,0.0,1,3,0.9272243132365612,4.118713017751479,0.7049180327868853,3.927144970414201,0.6507936507936508
Concrete,concrete,mlp,0.004,0.0,1,4,0.9488818644136344,4.406065088757396,0.7931034482758621,4.02292899408284,0.6774193548387096
Concrete,concrete,mlp,0.004,0.0,2,3,0.9394743928340552,4.310281065088757,0.7627118644067796,3.927144970414201,0.6507936507936508
Concrete,concrete,mlp,0.004,0.0,2,4,0.9374537418758556,4.214497041420118,0.7333333333333333,3.831360946745562,0.625
Concrete,concrete,mlp,0.004,0.0,3,4,0.927226151073854,3.927144970414201,0.6507936507936508,3.927144970414201,0.6507936507936508
Concrete,concrete,mlp,0.006,0.0,0,1,0.9276971231441544,4.214497041420118,0.7333333333333333,3.5440088757396446,0.5522388059701493
Concrete,concrete,mlp,0.006,0.0,0,2,0.9087269035350448,4.310281065088757,0.7627118644067796,3.1608727810650885,0.4647887323943662
Concrete,concrete,mlp,0.006,0.0,0,3,0.8895238239767768,4.118713017751479,0.7049180327868853,3.831360946745562,0.625
Concrete,concrete,mlp,0.006,0.0,0,4,0.9241018870852046,4.214497041420118,0.7333333333333333,3.352440828402367,0.5072463768115942
Concrete,concrete,mlp,0.006,0.0,1,2,0.9348305950858936,4.118713017751479,0.7049180327868853,3.256656804733728,0.4857142857142857
Concrete,concrete,mlp,0.006,0.0,1,3,0.9147319343070144,4.02292899408284,0.6774193548387096,3.5440088757396446,0.5522388059701493
Concrete,concrete,mlp,0.006,0.0,1,4,0.9364608557654605,4.310281065088757,0.7627118644067796,3.448224852071006,0.5294117647058824
Concrete,concrete,mlp,0.006,0.0,2,3,0.9177908623420716,3.927144970414201,0.6507936507936508,3.5440088757396446,0.5522388059701493
Concrete,concrete,mlp,0.006,0.0,2,4,0.9005261937148702,4.02292899408284,0.6774193548387096,3.256656804733728,0.4857142857142857
Concrete,concrete,mlp,0.006,0.0,3,4,0.892090309353628,4.02292899408284,0.6774193548387096,3.448224852071006,0.5294117647058824
Concrete,concrete,mlp,0.00075,0.025,0,1,0.9631567742322767,3.831360946745562,0.625,3.927144970414201,0.6507936507936508
Concrete,concrete,mlp,0.00075,0.025,0,2,0.9721915641124198,4.310281065088757,0.7627118644067796,4.02292899408284,0.6774193548387096
Concrete,concrete,mlp,0.00075,0.025,0,3,0.962693827016048,4.310281065088757,0.7627118644067796,4.214497041420118,0.7333333333333333
Concrete,concrete,mlp,0.00075,0.025,0,4,0.9629004510055486,4.310281065088757,0.7627118644067796,4.310281065088757,0.7627118644067796
Concrete,concrete,mlp,0.00075,0.025,1,2,0.9513589474650372,3.831360946745562,0.625,3.256656804733728,0.4857142857142857
Concrete,concrete,mlp,0.00075,0.025,1,3,0.969691431450581,4.02292899408284,0.6774193548387096,4.02292899408284,0.6774193548387096
Concrete,concrete,mlp,0.00075,0.025,1,4,0.9625336494272104,3.831360946745562,0.625,3.831360946745562,0.625
Concrete,concrete,mlp,0.00075,0.025,2,3,0.9596746264822724,4.501849112426036,0.8245614035087719,4.02292899408284,0.6774193548387096
Concrete,concrete,mlp,0.00075,0.025,2,4,0.9686838859258382,4.693417159763313,0.8909090909090909,3.831360946745562,0.625
Concrete,concrete,mlp,0.00075,0.025,3,4,0.9659245889777648,4.597633136094674,0.8571428571428571,4.02292899408284,0.6774193548387096
Concrete,concrete,mlp,0.001,0.025,0,1,0.9462265043748808,4.118713017751479,0.7049180327868853,3.639792899408284,0.5757575757575758
Concrete,concrete,mlp,0.001,0.025,0,2,0.9527286248665136,4.310281065088757,0.7627118644067796,3.639792899408284,0.5757575757575758
Concrete,concrete,mlp,0.001,0.025,0,3,0.9640097175148776,4.310281065088757,0.7627118644067796,4.310281065088757,0.7627118644067796
Concrete,concrete,mlp,0.001,0.025,0,4,0.9456895092944774,4.406065088757396,0.7931034482758621,3.448224852071006,0.5294117647058824
Concrete,concrete,mlp,0.001,0.025,1,2,0.9460052002164934,4.310281065088757,0.7627118644067796,3.831360946745562,0.625
Concrete,concrete,mlp,0.001,0.025,1,3,0.9446615932126634,4.406065088757396,0.7931034482758621,3.352440828402367,0.5072463768115942
Concrete,concrete,mlp,0.001,0.025,1,4,0.9361006801490728,4.406065088757396,0.7931034482758621,3.927144970414201,0.6507936507936508
Concrete,concrete,mlp,0.001,0.025,2,3,0.9636340637063114,4.214497041420118,0.7333333333333333,3.735576923076923,0.6
Concrete,concrete,mlp,0.001,0.025,2,4,0.9333629296415904,4.406065088757396,0.7931034482758621,3.5440088757396446,0.5522388059701493
Concrete,concrete,mlp,0.001,0.025,3,4,0.9312989170765684,4.310281065088757,0.7627118644067796,3.1608727810650885,0.4647887323943662
Concrete,concrete,mlp,0.0015,0.025,0,1,0.9529071366183892,4.02292899408284,0.6774193548387096,3.1608727810650885,0.4647887323943662
Concrete,concrete,mlp,0.0015,0.025,0,2,0.9526112928047964,3.927144970414201,0.6507936507936508,3.352440828402367,0.5072463768115942
Concrete,concrete,mlp,0.0015,0.025,0,3,0.9405692251571868,4.310281065088757,0.7627118644067796,3.256656804733728,0.4857142857142857
Concrete,concrete,mlp,0.0015,0.025,0,4,0.9479026108208268,4.310281065088757,0.7627118644067796,3.735576923076923,0.6
Concrete,concrete,mlp,0.0015,0.025,1,2,0.9499770795244018,4.02292899408284,0.6774193548387096,3.735576923076923,0.6
Concrete,concrete,mlp,0.0015,0.025,1,3,0.9479594072513362,4.02292899408284,0.6774193548387096,3.927144970414201,0.6507936507936508
Concrete,concrete,mlp,0.0015,0.025,1,4,0.9399179441471404,4.310281065088757,0.7627118644067796,3.5440088757396446,0.5522388059701493
Concrete,concrete,mlp,0.0015,0.025,2,3,0.9679170599667104,4.406065088757396,0.7931034482758621,3.639792899408284,0.5757575757575758
Concrete,concrete,mlp,0.0015,0.025,2,4,0.948648610981621,4.02292899408284,0.6774193548387096,3.639792899408284,0.5757575757575758
Concrete,concrete,mlp,0.0015,0.025,3,4,0.9363387160619286,4.214497041420118,0.7333333333333333,3.256656804733728,0.4857142857142857
Concrete,concrete,mlp,0.002,0.025,0,1,0.9425276918227046,3.639792899408284,0.5757575757575758,4.02292899408284,0.6774193548387096
Concrete,concrete,mlp,0.002,0.025,0,2,0.9240374458708576,4.310281065088757,0.7627118644067796,3.0650887573964494,0.4444444444444444
Concrete,concrete,mlp,0.002,0.025,0,3,0.930381856434005,3.927144970414201,0.6507936507936508,3.927144970414201,0.6507936507936508
Concrete,concrete,mlp,0.002,0.025,0,4,0.9381279328622184,4.118713017751479,0.7049180327868853,3.448224852071006,0.5294117647058824
Concrete,concrete,mlp,0.002,0.025,1,2,0.93085392464419,3.831360946745562,0.625,3.1608727810650885,0.4647887323943662
Concrete,concrete,mlp,0.002,0.025,1,3,0.9158219929447252,3.735576923076923,0.6,4.02292899408284,0.6774193548387096
Concrete,concrete,mlp,0.002,0.025,1,4,0.9351591071582972,3.831360946745562,0.625,3.1608727810650885,0.4647887323943662
Concrete,concrete,mlp,0.002,0.025,2,3,0.8883984990532042,3.831360946745562,0.625,2.6819526627218933,0.3684210526315789
Concrete,concrete,mlp,0.002,0.025,2,4,0.9473008006599288,3.927144970414201,0.6507936507936508,3.831360946745562,0.625
Concrete,concrete,mlp,0.002,0.025,3,4,0.9105145327396404,3.831360946745562,0.625,2.9693047337278107,0.4246575342465753
Concrete,concrete,mlp,0.0025,0.025,0,1,0.9395939893305224,4.214497041420118,0.7333333333333333,4.118713017751479,0.7049180327868853
Concrete,concrete,mlp,0.0025,0.025,0,2,0.939030826048711,4.310281065088757,0.7627118644067796,2.8735207100591715,0.4054054054054054
Concrete,concrete,mlp,0.0025,0.025,0,3,0.9398870668409204,4.118713017751479,0.7049180327868853,3.448224852071006,0.5294117647058824
Concrete,concrete,mlp,0.0025,0.025,0,4,0.940904223805428,4.118713017751479,0.7049180327868853,3.352440828402367,0.5072463768115942
Concrete,concrete,mlp,0.0025,0.025,1,2,0.9462986080459918,4.214497041420118,0.7333333333333333,3.1608727810650885,0.4647887323943662
Concrete,concrete,mlp,0.0025,0.025,1,3,0.914598187676248,4.118713017751479,0.7049180327868853,3.5440088757396446,0.5522388059701493
Concrete,concrete,mlp,0.0025,0.025,1,4,0.9223951124836798,4.118713017751479,0.7049180327868853,3.448224852071006,0.5294117647058824
Concrete,concrete,mlp,0.0025,0.025,2,3,0.9377081051432714,4.118713017751479,0.7049180327868853,3.256656804733728,0.4857142857142857
Concrete,concrete,mlp,0.0025,0.025,2,4,0.9436501260168916,4.310281065088757,0.7627118644067796,3.256656804733728,0.4857142857142857
Concrete,concrete,mlp,0.0025,0.025,3,4,0.9346381634701332,3.927144970414201,0.6507936507936508,3.639792899408284,0.5757575757575758
Concrete,concrete,mlp,0.003,0.025,0,1,0.9371401548624174,3.831360946745562,0.625,3.639792899408284,0.5757575757575758
Concrete,concrete,mlp,0.003,0.025,0,2,0.9419828150150305,4.02292899408284,0.6774193548387096,3.352440828402367,0.5072463768115942
Concrete,concrete,mlp,0.003,0.025,0,3,0.9532663596390626,4.214497041420118,0.7333333333333333,3.927144970414201,0.6507936507936508
Concrete,concrete,mlp,0.003,0.025,0,4,0.9006567972848062,3.5440088757396446,0.5522388059701493,3.448224852071006,0.5294117647058824
Concrete,concrete,mlp,0.003,0.025,1,2,0.9143534368573462,4.02292899408284,0.6774193548387096,3.831360946745562,0.625
Concrete,concrete,mlp,0.003,0.025,1,3,0.9244953278383105,4.02292899408284,0.6774193548387096,3.1608727810650885,0.4647887323943662
Concrete,concrete,mlp,0.003,0.025,1,4,0.9147788176982824,3.639792899408284,0.5757575757575758,3.639792899408284,0.5757575757575758
Concrete,concrete,mlp,0.003,0.025,2,3,0.9087138658276064,3.735576923076923,0.6,2.586168639053254,0.3506493506493506
Concrete,concrete,mlp,0.003,0.025,2,4,0.8869419759942586,3.5440088757396446,0.5522388059701493,3.1608727810650885,0.4647887323943662
Concrete,concrete,mlp,0.003,0.025,3,4,0.8837127660211537,3.5440088757396446,0.5522388059701493,3.0650887573964494,0.4444444444444444
Concrete,concrete,mlp,0.004,0.025,0,1,0.8858444842174766,3.735576923076923,0.6,3.256656804733728,0.4857142857142857
Concrete,concrete,mlp,0.004,0.025,0,2,0.8888659330054242,3.735576923076923,0.6,3.352440828402367,0.5072463768115942
Concrete,concrete,mlp,0.004,0.025,0,3,0.8675938864392043,3.5440088757396446,0.5522388059701493,2.8735207100591715,0.4054054054054054
Concrete,concrete,mlp,0.004,0.025,0,4,0.8490332500487346,3.927144970414201,0.6507936507936508,2.586168639053254,0.3506493506493506
Concrete,concrete,mlp,0.004,0.025,1,2,0.9334673195828964,4.310281065088757,0.7627118644067796,3.831360946745562,0.625
Concrete,concrete,mlp,0.004,0.025,1,3,0.921445947487072,4.214497041420118,0.7333333333333333,3.735576923076923,0.6
Concrete,concrete,mlp,0.004,0.025,1,4,0.9062809940354648,4.501849112426036,0.8245614035087719,2.8735207100591715,0.4054054054054054
Concrete,concrete,mlp,0.004,0.025,2,3,0.9126763511799688,4.02292899408284,0.6774193548387096,3.256656804733728,0.4857142857142857
Concrete,concrete,mlp,0.004,0.025,2,4,0.8871819411055473,4.310281065088757,0.7627118644067796,2.6819526627218933,0.3684210526315789
Concrete,concrete,mlp,0.004,0.025,3,4,0.913161738331642,4.02292899408284,0.6774193548387096,3.831360946745562,0.625
Concrete,concrete,mlp,0.006,0.025,0,1,0.90724703601808,3.831360946745562,0.625,3.1608727810650885,0.4647887323943662
Concrete,concrete,mlp,0.006,0.025,0,2,0.8929232483755416,3.735576923076923,0.6,2.6819526627218933,0.3684210526315789
Concrete,concrete,mlp,0.006,0.025,0,3,0.9081882838476596,3.639792899408284,0.5757575757575758,3.256656804733728,0.4857142857142857
Concrete,concrete,mlp,0.006,0.025,0,4,0.8555666960563383,3.448224852071006,0.5294117647058824,2.8735207100591715,0.4054054054054054
Concrete,concrete,mlp,0.006,0.025,1,2,0.9278626827494404,4.310281065088757,0.7627118644067796,3.1608727810650885,0.4647887323943662
Concrete,concrete,mlp,0.006,0.025,1,3,0.9321905228587358,4.214497041420118,0.7333333333333333,3.5440088757396446,0.5522388059701493
Concrete,concrete,mlp,0.006,0.025,1,4,0.8741955069002544,3.5440088757396446,0.5522388059701493,2.8735207100591715,0.4054054054054054
Concrete,concrete,mlp,0.006,0.025,2,3,0.9196217794311948,4.214497041420118,0.7333333333333333,3.639792899408284,0.5757575757575758
Concrete,concrete,mlp,0.006,0.025,2,4,0.8666287997702407,3.352440828402367,0.5072463768115942,2.4903846153846154,0.3333333333333333
Concrete,concrete,mlp,0.006,0.025,3,4,0.8640927205610445,3.639792899408284,0.5757575757575758,2.8735207100591715,0.4054054054054054
Concrete,concrete,mlp,0.00075,0.05,0,1,0.9530217812933094,4.310281065088757,0.7627118644067796,3.927144970414201,0.6507936507936508
Concrete,concrete,mlp,0.00075,0.05,0,2,0.9352975232994224,4.118713017751479,0.7049180327868853,3.5440088757396446,0.5522388059701493
Concrete,concrete,mlp,0.00075,0.05,0,3,0.9628701984638504,4.501849112426036,0.8245614035087719,3.927144970414201,0.6507936507936508
Concrete,concrete,mlp,0.00075,0.05,0,4,0.9765454706132236,4.501849112426036,0.8245614035087719,3.927144970414201,0.6507936507936508
Concrete,concrete,mlp,0.00075,0.05,1,2,0.9329494535963776,4.118713017751479,0.7049180327868853,3.639792899408284,0.5757575757575758
Concrete,concrete,mlp,0.00075,0.05,1,3,0.941019211433586,4.310281065088757,0.7627118644067796,3.448224852071006,0.5294117647058824
Concrete,concrete,mlp,0.00075,0.05,1,4,0.9469019523395248,4.406065088757396,0.7931034482758621,3.639792899408284,0.5757575757575758
Concrete,concrete,mlp,0.00075,0.05,2,3,0.9061287488246388,4.118713017751479,0.7049180327868853,2.6819526627218933,0.3684210526315789
Concrete,concrete,mlp,0.00075,0.05,2,4,0.9301544459182054,4.214497041420118,0.7333333333333333,2.8735207100591715,0.4054054054054054
Concrete,concrete,mlp,0.00075,0.05,3,4,0.9679150541366298,4.501849112426036,0.8245614035087719,4.406065088757396,0.7931034482758621
Concrete,concrete,mlp,0.001,0.05,0,1,0.978041878225252,4.310281065088757,0.7627118644067796,4.02292899408284,0.6774193548387096
Concrete,concrete,mlp,0.001,0.05,0,2,0.957864654892684,4.406065088757396,0.7931034482758621,3.5440088757396446,0.5522388059701493
Concrete,concrete,mlp,0.001,0.05,0,3,0.9453315144650082,4.501849112426036,0.8245614035087719,3.352440828402367,0.5072463768115942
Concrete,concrete,mlp,0.001,0.05,0,4,0.9688068483151804,4.693417159763313,0.8909090909090909,4.501849112426036,0.8245614035087719
Concrete,concrete,mlp,0.001,0.05,1,2,0.954800190235866,4.310281065088757,0.7627118644067796,3.831360946745562,0.625
Concrete,concrete,mlp,0.001,0.05,1,3,0.9486399347654364,4.214497041420118,0.7333333333333333,3.448224852071006,0.5294117647058824
Concrete,concrete,mlp,0.001,0.05,1,4,0.965518691454538,4.214497041420118,0.7333333333333333,4.501849112426036,0.8245614035087719
Concrete,concrete,mlp,0.001,0.05,2,3,0.9644830089382878,4.406065088757396,0.7931034482758621,3.927144970414201,0.6507936507936508
Concrete,concrete,mlp,0.001,0.05,2,4,0.961584326447486,4.597633136094674,0.8571428571428571,3.639792899408284,0.5757575757575758
Concrete,concrete,mlp,0.001,0.05,3,4,0.9569346540177388,4.597633136094674,0.8571428571428571,3.352440828402367,0.5072463768115942
Concrete,concrete,mlp,0.0015,0.05,0,1,0.9463849706388784,4.214497041420118,0.7333333333333333,4.02292899408284,0.6774193548387096
Concrete,concrete,mlp,0.0015,0.05,0,2,0.9488984220142777,4.406065088757396,0.7931034482758621,3.352440828402367,0.5072463768115942
Concrete,concrete,mlp,0.0015,0.05,0,3,0.9465384264759724,4.214497041420118,0.7333333333333333,3.639792899408284,0.5757575757575758
Concrete,concrete,mlp,0.0015,0.05,0,4,0.9234763492429732,4.214497041420118,0.7333333333333333,3.831360946745562,0.625
Concrete,concrete,mlp,0.0015,0.05,1,2,0.942059043436744,4.214497041420118,0.7333333333333333,3.927144970414201,0.6507936507936508
Concrete,concrete,mlp,0.0015,0.05,1,3,0.946445630327334,4.214497041420118,0.7333333333333333,4.02292899408284,0.6774193548387096
Concrete,concrete,mlp,0.0015,0.05,1,4,0.9409221535892988,4.118713017751479,0.7049180327868853,3.927144970414201,0.6507936507936508
Concrete,concrete,mlp,0.0015,0.05,2,3,0.9590170206279072,4.118713017751479,0.7049180327868853,3.927144970414201,0.6507936507936508
Concrete,concrete,mlp,0.0015,0.05,2,4,0.9340703835418896,4.310281065088757,0.7627118644067796,3.352440828402367,0.5072463768115942
Concrete,concrete,mlp,0.0015,0.05,3,4,0.933433456794579,4.02292899408284,0.6774193548387096,3.831360946745562,0.625
Concrete,concrete,mlp,0.002,0.05,0,1,0.951370288042851,4.214497041420118,0.7333333333333333,3.639792899408284,0.5757575757575758
Concrete,concrete,mlp,0.002,0.05,0,2,0.9450305896601991,4.310281065088757,0.7627118644067796,3.927144970414201,0.6507936507936508
Concrete,concrete,mlp,0.002,0.05,0,3,0.908320340537802,3.927144970414201,0.6507936507936508,3.448224852071006,0.5294117647058824
Concrete,concrete,mlp,0.002,0.05,0,4,0.9218275667093856,4.02292899408284,0.6774193548387096,3.639792899408284,0.5757575757575758
Concrete,concrete,mlp,0.002,0.05,1,2,0.9352356557268796,4.118713017751479,0.7049180327868853,3.831360946745562,0.625
Concrete,concrete,mlp,0.002,0.05,1,3,0.8976684310114881,4.02292899408284,0.6774193548387096,2.7777366863905324,0.3866666666666666
Concrete,concrete,mlp,0.002,0.05,1,4,0.9207998946130368,4.118713017751479,0.7049180327868853,3.352440828402367,0.5072463768115942
Concrete,concrete,mlp,0.002,0.05,2,3,0.9045281992594132,4.02292899408284,0.6774193548387096,3.448224852071006,0.5294117647058824
Concrete,concrete,mlp,0.002,0.05,2,4,0.9215697303865068,4.02292899408284,0.6774193548387096,3.735576923076923,0.6
Concrete,concrete,mlp,0.002,0.05,3,4,0.9072055826443692,3.831360946745562,0.625,3.5440088757396446,0.5522388059701493
Concrete,concrete,mlp,0.0025,0.05,0,1,0.8979040577502819,4.02292899408284,0.6774193548387096,3.1608727810650885,0.4647887323943662
Concrete,concrete,mlp,0.0025,0.05,0,2,0.8845090190060333,3.831360946745562,0.625,3.5440088757396446,0.5522388059701493
Concrete,concrete,mlp,0.0025,0.05,0,3,0.8928288568384661,4.214497041420118,0.7333333333333333,3.639792899408284,0.5757575757575758
Concrete,concrete,mlp,0.0025,0.05,0,4,0.8868208364946588,3.831360946745562,0.625,3.256656804733728,0.4857142857142857
Concrete,concrete,mlp,0.0025,0.05,1,2,0.9212645444028392,4.118713017751479,0.7049180327868853,3.256656804733728,0.4857142857142857
Concrete,concrete,mlp,0.0025,0.05,1,3,0.9288866411736804,4.214497041420118,0.7333333333333333,3.448224852071006,0.5294117647058824
Concrete,concrete,mlp,0.0025,0.05,1,4,0.9634940672470054,4.310281065088757,0.7627118644067796,3.5440088757396446,0.5522388059701493
Concrete,concrete,mlp,0.0025,0.05,2,3,0.9476867296664568,4.118713017751479,0.7049180327868853,3.831360946745562,0.625
Concrete,concrete,mlp,0.0025,0.05,2,4,0.9221939442036874,4.118713017751479,0.7049180327868853,3.352440828402367,0.5072463768115942
Concrete,concrete,mlp,0.0025,0.05,3,4,0.9308128395924236,4.310281065088757,0.7627118644067796,3.352440828402367,0.5072463768115942
Concrete,concrete,mlp,0.003,0.05,0,1,0.9201706516295936,3.831360946745562,0.625,3.735576923076923,0.6
Concrete,concrete,mlp,0.003,0.05,0,2,0.9276920241910408,4.118713017751479,0.7049180327868853,3.352440828402367,0.5072463768115942
Concrete,concrete,mlp,0.003,0.05,0,3,0.9165659543868276,4.02292899408284,0.6774193548387096,3.448224852071006,0.5294117647058824
Concrete,concrete,mlp,0.003,0.05,0,4,0.9142040943911572,4.02292899408284,0.6774193548387096,3.0650887573964494,0.4444444444444444
Concrete,concrete,mlp,0.003,0.05,1,2,0.9186424562219312,4.118713017751479,0.7049180327868853,2.8735207100591715,0.4054054054054054
Concrete,concrete,mlp,0.003,0.05,1,3,0.9432294288714635,4.118713017751479,0.7049180327868853,3.735576923076923,0.6
Concrete,concrete,mlp,0.003,0.05,1,4,0.8867074232427458,3.5440088757396446,0.5522388059701493,2.9693047337278107,0.4246575342465753
Concrete,concrete,mlp,0.003,0.05,2,3,0.934031464165068,4.406065088757396,0.7931034482758621,3.256656804733728,0.4857142857142857
Concrete,concrete,mlp,0.003,0.05,2,4,0.9214499894907424,3.735576923076923,0.6,3.448224852071006,0.5294117647058824
Concrete,concrete,mlp,0.003,0.05,3,4,0.8985581958392365,3.639792899408284,0.5757575757575758,3.1608727810650885,0.4647887323943662
Concrete,concrete,mlp,0.004,0.05,0,1,0.92595445718397,4.310281065088757,0.7627118644067796,3.5440088757396446,0.5522388059701493
Concrete,concrete,mlp,0.004,0.05,0,2,0.9267658120981284,4.02292899408284,0.6774193548387096,3.448224852071006,0.5294117647058824
Concrete,concrete,mlp,0.004,0.05,0,3,0.9169155738426912,4.214497041420118,0.7333333333333333,3.831360946745562,0.625
Concrete,concrete,mlp,0.004,0.05,0,4,0.9162571816142128,4.118713017751479,0.7049180327868853,4.118713017751479,0.7049180327868853
Concrete,concrete,mlp,0.004,0.05,1,2,0.9367821022246364,4.214497041420118,0.7333333333333333,3.448224852071006,0.5294117647058824
Concrete,concrete,mlp,0.004,0.05,1,3,0.951406564376685,4.406065088757396,0.7931034482758621,3.735576923076923,0.6
Concrete,concrete,mlp,0.004,0.05,1,4,0.952605513159688,4.214497041420118,0.7333333333333333,3.639792899408284,0.5757575757575758
Concrete,concrete,mlp,0.004,0.05,2,3,0.935526985008065,4.214497041420118,0.7333333333333333,3.639792899408284,0.5757575757575758
Concrete,concrete,mlp,0.004,0.05,2,4,0.9289241615774588,3.927144970414201,0.6507936507936508,3.639792899408284,0.5757575757575758
Concrete,concrete,mlp,0.004,0.05,3,4,0.945432289797903,4.406065088757396,0.7931034482758621,3.831360946745562,0.625
Concrete,concrete,mlp,0.006,0.05,0,1,0.9439001195439471,4.02292899408284,0.6774193548387096,3.1608727810650885,0.4647887323943662
Concrete,concrete,mlp,0.006,0.05,0,2,0.9294030852191296,4.118713017751479,0.7049180327868853,3.352440828402367,0.5072463768115942
Concrete,concrete,mlp,0.006,0.05,0,3,0.8822253451251864,3.639792899408284,0.5757575757575758,3.256656804733728,0.4857142857142857
Concrete,concrete,mlp,0.006,0.05,0,4,0.9294028022360064,4.406065088757396,0.7931034482758621,2.9693047337278107,0.4246575342465753
Concrete,concrete,mlp,0.006,0.05,1,2,0.913977472397373,3.927144970414201,0.6507936507936508,2.8735207100591715,0.4054054054054054
Concrete,concrete,mlp,0.006,0.05,1,3,0.8830562048170951,3.5440088757396446,0.5522388059701493,3.5440088757396446,0.5522388059701493
Concrete,concrete,mlp,0.006,0.05,1,4,0.9329749000781612,4.214497041420118,0.7333333333333333,2.9693047337278107,0.4246575342465753
Concrete,concrete,mlp,0.006,0.05,2,3,0.8636050549253397,3.639792899408284,0.5757575757575758,3.256656804733728,0.4857142857142857
Concrete,concrete,mlp,0.006,0.05,2,4,0.9144434716196762,4.310281065088757,0.7627118644067796,3.256656804733728,0.4857142857142857
Concrete,concrete,mlp,0.006,0.05,3,4,0.8676219732761554,3.735576923076923,0.6,3.256656804733728,0.4857142857142857
Concrete,concrete,mlp,0.00075,0.1,0,1,0.9340335584056416,4.118713017751479,0.7049180327868853,4.02292899408284,0.6774193548387096
Concrete,concrete,mlp,0.00075,0.1,0,2,0.9285130867904828,4.214497041420118,0.7333333333333333,2.586168639053254,0.3506493506493506
Concrete,concrete,mlp,0.00075,0.1,0,3,0.9481658394497424,4.118713017751479,0.7049180327868853,4.02292899408284,0.6774193548387096
Concrete,concrete,mlp,0.00075,0.1,0,4,0.9545070064658662,4.02292899408284,0.6774193548387096,3.735576923076923,0.6
Concrete,concrete,mlp,0.00075,0.1,1,2,0.945833246711936,4.406065088757396,0.7931034482758621,2.9693047337278107,0.4246575342465753
Concrete,concrete,mlp,0.00075,0.1,1,3,0.9542870095685662,4.406065088757396,0.7931034482758621,4.02292899408284,0.6774193548387096
Concrete,concrete,mlp,0.00075,0.1,1,4,0.9634541311477046,4.118713017751479,0.7049180327868853,4.118713017751479,0.7049180327868853
Concrete,concrete,mlp,0.00075,0.1,2,3,0.9620646659326512,4.406065088757396,0.7931034482758621,3.256656804733728,0.4857142857142857
Concrete,concrete,mlp,0.00075,0.1,2,4,0.9484872293308284,4.406065088757396,0.7931034482758621,3.1608727810650885,0.4647887323943662
Concrete,concrete,mlp,0.00075,0.1,3,4,0.9605779799384578,4.406065088757396,0.7931034482758621,4.310281065088757,0.7627118644067796
Concrete,concrete,mlp,0.001,0.1,0,1,0.9137616224702976,4.02292899408284,0.6774193548387096,3.639792899408284,0.5757575757575758
Concrete,concrete,mlp,0.001,0.1,0,2,0.9178144453391364,4.02292899408284,0.6774193548387096,3.448224852071006,0.5294117647058824
Concrete,concrete,mlp,0.001,0.1,0,3,0.9290127491458208,3.831360946745562,0.625,3.639792899408284,0.5757575757575758
Concrete,concrete,mlp,0.001,0.1,0,4,0.9289506074620598,4.214497041420118,0.7333333333333333,4.02292899408284,0.6774193548387096
Concrete,concrete,mlp,0.001,0.1,1,2,0.9638461326880766,4.693417159763313,0.8909090909090909,4.02292899408284,0.6774193548387096
Concrete,concrete,mlp,0.001,0.1,1,3,0.9688567155326806,4.597633136094674,0.8571428571428571,4.118713017751479,0.7049180327868853
Concrete,concrete,mlp,0.001,0.1,1,4,0.9656021016506398,4.597633136094674,0.8571428571428571,3.927144970414201,0.6507936507936508
Concrete,concrete,mlp,0.001,0.1,2,3,0.971377163109754,4.693417159763313,0.8909090909090909,3.927144970414201,0.6507936507936508
Concrete,concrete,mlp,0.001,0.1,2,4,0.9434077196675762,4.501849112426036,0.8245614035087719,3.639792899408284,0.5757575757575758
Concrete,concrete,mlp,0.001,0.1,3,4,0.9576816626466266,4.406065088757396,0.7931034482758621,3.927144970414201,0.6507936507936508
Concrete,concrete,mlp,0.0015,0.1,0,1,0.8938779684866826,4.118713017751479,0.7049180327868853,3.0650887573964494,0.4444444444444444
Concrete,concrete,mlp,0.0015,0.1,0,2,0.9326990578556308,4.406065088757396,0.7931034482758621,3.0650887573964494,0.4444444444444444
Concrete,concrete,mlp,0.0015,0.1,0,3,0.924344379966083,4.310281065088757,0.7627118644067796,3.831360946745562,0.625
Concrete,concrete,mlp,0.0015,0.1,0,4,0.9140410611872428,4.02292899408284,0.6774193548387096,3.639792899408284,0.5757575757575758
Concrete,concrete,mlp,0.0015,0.1,1,2,0.9358204611039204,4.02292899408284,0.6774193548387096,3.639792899408284,0.5757575757575758
Concrete,concrete,mlp,0.0015,0.1,1,3,0.9366972457259286,4.118713017751479,0.7049180327868853,3.448224852071006,0.5294117647058824
Concrete,concrete,mlp,0.0015,0.1,1,4,0.9415906976919818,3.735576923076923,0.6,3.735576923076923,0.6
Concrete,concrete,mlp,0.0015,0.1,2,3,0.9577565724015896,4.118713017751479,0.7049180327868853,3.448224852071006,0.5294117647058824
Concrete,concrete,mlp,0.0015,0.1,2,4,0.9428065365366513,3.927144970414201,0.6507936507936508,3.5440088757396446,0.5522388059701493
Concrete,concrete,mlp,0.0015,0.1,3,4,0.9424601255224572,4.118713017751479,0.7049180327868853,3.735576923076923,0.6
Concrete,concrete,mlp,0.002,0.1,0,1,0.906734125681109,3.639792899408284,0.5757575757575758,3.256656804733728,0.4857142857142857
Concrete,concrete,mlp,0.002,0.1,0,2,0.93179732238279,4.118713017751479,0.7049180327868853,3.639792899408284,0.5757575757575758
Concrete,concrete,mlp,0.002,0.1,0,3,0.9464426709465484,4.406065088757396,0.7931034482758621,3.352440828402367,0.5072463768115942
Concrete,concrete,mlp,0.002,0.1,0,4,0.9219724454286234,3.831360946745562,0.625,3.639792899408284,0.5757575757575758
Concrete,concrete,mlp,0.002,0.1,1,2,0.9273482415201868,4.02292899408284,0.6774193548387096,3.735576923076923,0.6
Concrete,concrete,mlp,0.002,0.1,1,3,0.9251369114411137,3.735576923076923,0.6,3.735576923076923,0.6
Concrete,concrete,mlp,0.002,0.1,1,4,0.9119059531561916,3.639792899408284,0.5757575757575758,3.352440828402367,0.5072463768115942
Concrete,concrete,mlp,0.002,0.1,2,3,0.9456054345130852,4.310281065088757,0.7627118644067796,3.831360946745562,0.625
Concrete,concrete,mlp,0.002,0.1,2,4,0.928857923063698,4.118713017751479,0.7049180327868853,3.735576923076923,0.6
Concrete,concrete,mlp,0.002,0.1,3,4,0.9284504429113484,4.214497041420118,0.7333333333333333,3.5440088757396446,0.5522388059701493
Concrete,concrete,mlp,0.0025,0.1,0,1,0.949216609838363,4.214497041420118,0.7333333333333333,3.448224852071006,0.5294117647058824
Concrete,concrete,mlp,0.0025,0.1,0,2,0.9267221185921842,3.927144970414201,0.6507936507936508,3.0650887573964494,0.4444444444444444
Concrete,concrete,mlp,0.0025,0.1,0,3,0.9466952942341796,4.118713017751479,0.7049180327868853,3.5440088757396446,0.5522388059701493
Concrete,concrete,mlp,0.0025,0.1,0,4,0.9308685790521466,4.310281065088757,0.7627118644067796,2.8735207100591715,0.4054054054054054
Concrete,concrete,mlp,0.0025,0.1,1,2,0.9044124996174402,3.831360946745562,0.625,3.256656804733728,0.4857142857142857
Concrete,concrete,mlp,0.0025,0.1,1,3,0.9512599308820444,4.118713017751479,0.7049180327868853,3.5440088757396446,0.5522388059701493
Concrete,concrete,mlp,0.0025,0.1,1,4,0.9428603128789051,4.310281065088757,0.7627118644067796,3.256656804733728,0.4857142857142857
Concrete,concrete,mlp,0.0025,0.1,2,3,0.9003520705451021,3.735576923076923,0.6,3.1608727810650885,0.4647887323943662
Concrete,concrete,mlp,0.0025,0.1,2,4,0.9024438426511212,3.735576923076923,0.6,3.448224852071006,0.5294117647058824
Concrete,concrete,mlp,0.0025,0.1,3,4,0.9432476874428628,4.310281065088757,0.7627118644067796,3.256656804733728,0.4857142857142857
Concrete,concrete,mlp,0.003,0.1,0,1,0.9213998324989184,4.118713017751479,0.7049180327868853,3.256656804733728,0.4857142857142857
Concrete,concrete,mlp,0.003,0.1,0,2,0.9320570471763164,4.02292899408284,0.6774193548387096,3.1608727810650885,0.4647887323943662
Concrete,concrete,mlp,0.003,0.1,0,3,0.947597709602524,4.02292899408284,0.6774193548387096,3.5440088757396446,0.5522388059701493
Concrete,concrete,mlp,0.003,0.1,0,4,0.9357379078525884,4.214497041420118,0.7333333333333333,3.5440088757396446,0.5522388059701493
Concrete,concrete,mlp,0.003,0.1,1,2,0.9281906522582704,4.118713017751479,0.7049180327868853,3.639792899408284,0.5757575757575758
Concrete,concrete,mlp,0.003,0.1,1,3,0.934168844976767,4.118713017751479,0.7049180327868853,3.5440088757396446,0.5522388059701493
Concrete,concrete,mlp,0.003,0.1,1,4,0.9428354016626748,4.214497041420118,0.7333333333333333,3.448224852071006,0.5294117647058824
Concrete,concrete,mlp,0.003,0.1,2,3,0.92891438232616,4.118713017751479,0.7049180327868853,3.352440828402367,0.5072463768115942
Concrete,concrete,mlp,0.003,0.1,2,4,0.93251183109505,4.214497041420118,0.7333333333333333,3.1608727810650885,0.4647887323943662
Concrete,concrete,mlp,0.003,0.1,3,4,0.9412654128832252,4.118713017751479,0.7049180327868853,3.448224852071006,0.5294117647058824
Concrete,concrete,mlp,0.004,0.1,0,1,0.9226487588694638,3.735576923076923,0.6,3.256656804733728,0.4857142857142857
Concrete,concrete,mlp,0.004,0.1,0,2,0.8921934462237057,3.448224852071006,0.5294117647058824,3.831360946745562,0.625
Concrete,concrete,mlp,0.004,0.1,0,3,0.9238434560671293,3.831360946745562,0.625,3.352440828402367,0.5072463768115942
Concrete,concrete,mlp,0.004,0.1,0,4,0.9246096479978804,4.02292899408284,0.6774193548387096,2.9693047337278107,0.4246575342465753
Concrete,concrete,mlp,0.004,0.1,1,2,0.8767657898907304,3.448224852071006,0.5294117647058824,2.7777366863905324,0.3866666666666666
Concrete,concrete,mlp,0.004,0.1,1,3,0.913536282303278,3.735576923076923,0.6,3.448224852071006,0.5294117647058824
Concrete,concrete,mlp,0.004,0.1,1,4,0.9192205491728622,3.927144970414201,0.6507936507936508,3.256656804733728,0.4857142857142857
Concrete,concrete,mlp,0.004,0.1,2,3,0.8891091561447585,3.639792899408284,0.5757575757575758,3.256656804733728,0.4857142857142857
Concrete,concrete,mlp,0.004,0.1,2,4,0.8870897980673336,3.639792899408284,0.5757575757575758,2.8735207100591715,0.4054054054054054
Concrete,concrete,mlp,0.004,0.1,3,4,0.9205446590961032,4.214497041420118,0.7333333333333333,3.448224852071006,0.5294117647058824
Concrete,concrete,mlp,0.006,0.1,0,1,0.9335571644058176,4.310281065088757,0.7627118644067796,3.639792899408284,0.5757575757575758
Concrete,concrete,mlp,0.006,0.1,0,2,0.8444109178977085,3.352440828402367,0.5072463768115942,2.107248520710059,0.2682926829268293
Concrete,concrete,mlp,0.006,0.1,0,3,0.861219308983537,3.735576923076923,0.6,2.8735207100591715,0.4054054054054054
Concrete,concrete,mlp,0.006,0.1,0,4,0.9064746096584004,4.118713017751479,0.7049180327868853,3.927144970414201,0.6507936507936508
Concrete,concrete,mlp,0.006,0.1,1,2,0.8659020417867679,3.639792899408284,0.5757575757575758,2.298816568047337,0.3
Concrete,concrete,mlp,0.006,0.1,1,3,0.878089933691437,3.927144970414201,0.6507936507936508,3.0650887573964494,0.4444444444444444
Concrete,concrete,mlp,0.006,0.1,1,4,0.9146759906423828,4.310281065088757,0.7627118644067796,3.448224852071006,0.5294117647058824
Concrete,concrete,mlp,0.006,0.1,2,3,0.8454787807220688,3.735576923076923,0.6,3.1608727810650885,0.4647887323943662
Concrete,concrete,mlp,0.006,0.1,2,4,0.8747888117322998,4.118713017751479,0.7049180327868853,2.298816568047337,0.3
Concrete,concrete,mlp,0.006,0.1,3,4,0.853851143936703,3.735576923076923,0.6,3.0650887573964494,0.4444444444444444
L-LSPIN,lspin_tf,linear,0.0035,0.0,0,1,0.892474181343566,4.118713017751479,0.7049180327868853,3.256656804733728,0.4857142857142857
L-LSPIN,lspin_tf,linear,0.0035,0.0,0,2,0.8932220992482758,3.831360946745562,0.625,3.5440088757396446,0.5522388059701493
L-LSPIN,lspin_tf,linear,0.0035,0.0,0,3,0.8734029526587254,3.735576923076923,0.6,3.352440828402367,0.5072463768115942
L-LSPIN,lspin_tf,linear,0.0035,0.0,0,4,0.9004807484707853,3.927144970414201,0.6507936507936508,3.639792899408284,0.5757575757575758
L-LSPIN,lspin_tf,linear,0.0035,0.0,1,2,0.8849795299018582,3.831360946745562,0.625,3.0650887573964494,0.4444444444444444
L-LSPIN,lspin_tf,linear,0.0035,0.0,1,3,0.8623951127440804,3.639792899408284,0.5757575757575758,3.5440088757396446,0.5522388059701493
L-LSPIN,lspin_tf,linear,0.0035,0.0,1,4,0.898366536050295,4.02292899408284,0.6774193548387096,3.5440088757396446,0.5522388059701493
L-LSPIN,lspin_tf,linear,0.0035,0.0,2,3,0.8691393034796168,3.831360946745562,0.625,3.256656804733728,0.4857142857142857
L-LSPIN,lspin_tf,linear,0.0035,0.0,2,4,0.8721996897899996,3.927144970414201,0.6507936507936508,3.352440828402367,0.5072463768115942
L-LSPIN,lspin_tf,linear,0.0035,0.0,3,4,0.8422642636264396,3.448224852071006,0.5294117647058824,3.1608727810650885,0.4647887323943662
L-LSPIN,lspin_tf,linear,0.00525,0.0,0,1,0.895110760861587,3.5440088757396446,0.5522388059701493,3.639792899408284,0.5757575757575758
L-LSPIN,lspin_tf,linear,0.00525,0.0,0,2,0.8754514296878225,3.5440088757396446,0.5522388059701493,3.448224852071006,0.5294117647058824
L-LSPIN,lspin_tf,linear,0.00525,0.0,0,3,0.8799472546571256,3.256656804733728,0.4857142857142857,3.448224852071006,0.5294117647058824
L-LSPIN,lspin_tf,linear,0.00525,0.0,0,4,0.8631943506835935,3.5440088757396446,0.5522388059701493,3.448224852071006,0.5294117647058824
L-LSPIN,lspin_tf,linear,0.00525,0.0,1,2,0.8461627885747108,3.831360946745562,0.625,3.448224852071006,0.5294117647058824
L-LSPIN,lspin_tf,linear,0.00525,0.0,1,3,0.8718194530289161,3.5440088757396446,0.5522388059701493,3.352440828402367,0.5072463768115942
L-LSPIN,lspin_tf,linear,0.00525,0.0,1,4,0.8435999163383591,3.639792899408284,0.5757575757575758,3.1608727810650885,0.4647887323943662
L-LSPIN,lspin_tf,linear,0.00525,0.0,2,3,0.8355448210341552,3.448224852071006,0.5294117647058824,3.256656804733728,0.4857142857142857
L-LSPIN,lspin_tf,linear,0.00525,0.0,2,4,0.8101543211362728,3.352440828402367,0.5072463768115942,3.1608727810650885,0.4647887323943662
L-LSPIN,lspin_tf,linear,0.00525,0.0,3,4,0.8646165761573211,3.735576923076923,0.6,3.448224852071006,0.5294117647058824
L-LSPIN,lspin_tf,linear,0.007,0.0,0,1,0.8495779763541085,3.735576923076923,0.6,2.8735207100591715,0.4054054054054054
L-LSPIN,lspin_tf,linear,0.007,0.0,0,2,0.8409139288434366,3.352440828402367,0.5072463768115942,2.8735207100591715,0.4054054054054054
L-LSPIN,lspin_tf,linear,0.007,0.0,0,3,0.8418474533213768,3.352440828402367,0.5072463768115942,3.256656804733728,0.4857142857142857
L-LSPIN,lspin_tf,linear,0.007,0.0,0,4,0.8877462827014785,3.735576923076923,0.6,3.5440088757396446,0.5522388059701493
L-LSPIN,lspin_tf,linear,0.007,0.0,1,2,0.8317224312792567,3.256656804733728,0.4857142857142857,3.0650887573964494,0.4444444444444444
L-LSPIN,lspin_tf,linear,0.007,0.0,1,3,0.8603877273540139,3.831360946745562,0.625,2.8735207100591715,0.4054054054054054
L-LSPIN,lspin_tf,linear,0.007,0.0,1,4,0.8820245635612479,3.831360946745562,0.625,2.9693047337278107,0.4246575342465753
L-LSPIN,lspin_tf,linear,0.007,0.0,2,3,0.8334845759827948,3.448224852071006,0.5294117647058824,3.448224852071006,0.5294117647058824
L-LSPIN,lspin_tf,linear,0.007,0.0,2,4,0.864171033378465,3.639792899408284,0.5757575757575758,3.639792899408284,0.5757575757575758
L-LSPIN,lspin_tf,linear,0.007,0.0,3,4,0.9082968897336242,4.118713017751479,0.7049180327868853,3.448224852071006,0.5294117647058824
L-LSPIN,lspin_tf,linear,0.00875,0.0,0,1,0.8013227496718409,3.256656804733728,0.4857142857142857,3.256656804733728,0.4857142857142857
L-LSPIN,lspin_tf,linear,0.00875,0.0,0,2,0.8617055225085429,3.639792899408284,0.5757575757575758,3.352440828402367,0.5072463768115942
L-LSPIN,lspin_tf,linear,0.00875,0.0,0,3,0.8092595327103566,3.639792899408284,0.5757575757575758,3.256656804733728,0.4857142857142857
L-LSPIN,lspin_tf,linear,0.00875,0.0,0,4,0.8063652429832784,3.5440088757396446,0.5522388059701493,3.0650887573964494,0.4444444444444444
L-LSPIN,lspin_tf,linear,0.00875,0.0,1,2,0.8373941331309748,3.1608727810650885,0.4647887323943662,2.9693047337278107,0.4246575342465753
L-LSPIN,lspin_tf,linear,0.00875,0.0,1,3,0.8118874084340167,3.0650887573964494,0.4444444444444444,3.256656804733728,0.4857142857142857
L-LSPIN,lspin_tf,linear,0.00875,0.0,1,4,0.7987591205580848,3.256656804733728,0.4857142857142857,2.9693047337278107,0.4246575342465753
L-LSPIN,lspin_tf,linear,0.00875,0.0,2,3,0.8374127701985176,3.639792899408284,0.5757575757575758,2.8735207100591715,0.4054054054054054
L-LSPIN,lspin_tf,linear,0.00875,0.0,2,4,0.8530474731666885,3.5440088757396446,0.5522388059701493,2.7777366863905324,0.3866666666666666
L-LSPIN,lspin_tf,linear,0.00875,0.0,3,4,0.8201649408966676,3.5440088757396446,0.5522388059701493,3.1608727810650885,0.4647887323943662
L-LSPIN,lspin_tf,linear,0.0105,0.0,0,1,0.8308270055017146,3.735576923076923,0.6,2.8735207100591715,0.4054054054054054
L-LSPIN,lspin_tf,linear,0.0105,0.0,0,2,0.8327908936393628,4.02292899408284,0.6774193548387096,2.8735207100591715,0.4054054054054054
L-LSPIN,lspin_tf,linear,0.0105,0.0,0,3,0.751926518909268,2.9693047337278107,0.4246575342465753,3.1608727810650885,0.4647887323943662
L-LSPIN,lspin_tf,linear,0.0105,0.0,0,4,0.8422516123521513,3.735576923076923,0.6,2.9693047337278107,0.4246575342465753
L-LSPIN,lspin_tf,linear,0.0105,0.0,1,2,0.8109375113246037,3.927144970414201,0.6507936507936508,3.1608727810650885,0.4647887323943662
L-LSPIN,lspin_tf,linear,0.0105,0.0,1,3,0.7211295021319917,3.0650887573964494,0.4444444444444444,2.6819526627218933,0.3684210526315789
L-LSPIN,lspin_tf,linear,0.0105,0.0,1,4,0.7882902767334432,3.5440088757396446,0.5522388059701493,2.8735207100591715,0.4054054054054054
L-LSPIN,lspin_tf,linear,0.0105,0.0,2,3,0.7692618509840785,3.352440828402367,0.5072463768115942,2.9693047337278107,0.4246575342465753
L-LSPIN,lspin_tf,linear,0.0105,0.0,2,4,0.8436470264781969,3.735576923076923,0.6,3.448224852071006,0.5294117647058824
L-LSPIN,lspin_tf,linear,0.0105,0.0,3,4,0.7643283595799027,3.1608727810650885,0.4647887323943662,3.1608727810650885,0.4647887323943662
L-LSPIN,lspin_tf,linear,0.014,0.0,0,1,0.7750011851850175,3.0650887573964494,0.4444444444444444,2.8735207100591715,0.4054054054054054
L-LSPIN,lspin_tf,linear,0.014,0.0,0,2,0.8037117014574373,3.256656804733728,0.4857142857142857,2.8735207100591715,0.4054054054054054
L-LSPIN,lspin_tf,linear,0.014,0.0,0,3,0.7142718758549822,2.4903846153846154,0.3333333333333333,2.3946005917159763,0.3164556962025316
L-LSPIN,lspin_tf,linear,0.014,0.0,0,4,0.6883649764174201,2.3946005917159763,0.3164556962025316,2.8735207100591715,0.4054054054054054
L-LSPIN,lspin_tf,linear,0.014,0.0,1,2,0.8020442417292487,3.831360946745562,0.625,2.9693047337278107,0.4246575342465753
L-LSPIN,lspin_tf,linear,0.014,0.0,1,3,0.7340386781699623,3.1608727810650885,0.4647887323943662,2.7777366863905324,0.3866666666666666
L-LSPIN,lspin_tf,linear,0.014,0.0,1,4,0.7476355214259307,2.9693047337278107,0.4246575342465753,2.7777366863905324,0.3866666666666666
L-LSPIN,lspin_tf,linear,0.014,0.0,2,3,0.7085442315584638,2.9693047337278107,0.4246575342465753,2.586168639053254,0.3506493506493506
L-LSPIN,lspin_tf,linear,0.014,0.0,2,4,0.6825447931481216,2.6819526627218933,0.3684210526315789,2.586168639053254,0.3506493506493506
L-LSPIN,lspin_tf,linear,0.014,0.0,3,4,0.6904467277238652,2.586168639053254,0.3506493506493506,2.8735207100591715,0.4054054054054054
L-LSPIN,lspin_tf,linear,0.021,0.0,0,1,0.701700969714126,3.0650887573964494,0.4444444444444444,2.3946005917159763,0.3164556962025316
L-LSPIN,lspin_tf,linear,0.021,0.0,0,2,0.7541097738180261,3.5440088757396446,0.5522388059701493,2.9693047337278107,0.4246575342465753
L-LSPIN,lspin_tf,linear,0.021,0.0,0,3,0.6931817304039245,3.352440828402367,0.5072463768115942,2.4903846153846154,0.3333333333333333
L-LSPIN,lspin_tf,linear,0.021,0.0,0,4,0.702351207515781,3.256656804733728,0.4857142857142857,2.4903846153846154,0.3333333333333333
L-LSPIN,lspin_tf,linear,0.021,0.0,1,2,0.7612536691919379,3.448224852071006,0.5294117647058824,2.9693047337278107,0.4246575342465753
L-LSPIN,lspin_tf,linear,0.021,0.0,1,3,0.6980056302481583,3.352440828402367,0.5072463768115942,2.6819526627218933,0.3684210526315789
L-LSPIN,lspin_tf,linear,0.021,0.0,1,4,0.7550857248132159,3.352440828402367,0.5072463768115942,2.203032544378698,0.2839506172839506
L-LSPIN,lspin_tf,linear,0.021,0.0,2,3,0.7671309925313267,3.352440828402367,0.5072463768115942,2.8735207100591715,0.4054054054054054
L-LSPIN,lspin_tf,linear,0.021,0.0,2,4,0.7799479404205766,3.448224852071006,0.5294117647058824,2.8735207100591715,0.4054054054054054
L-LSPIN,lspin_tf,linear,0.021,0.0,3,4,0.7836598142545353,3.5440088757396446,0.5522388059701493,2.9693047337278107,0.4246575342465753
L-LSPIN,lspin_tf,linear,0.028,0.0,0,1,0.730291093195191,3.448224852071006,0.5294117647058824,2.6819526627218933,0.3684210526315789
L-LSPIN,lspin_tf,linear,0.028,0.0,0,2,0.7439177849955232,2.8735207100591715,0.4054054054054054,2.8735207100591715,0.4054054054054054
L-LSPIN,lspin_tf,linear,0.028,0.0,0,3,0.6832070370466308,2.9693047337278107,0.4246575342465753,2.298816568047337,0.3
L-LSPIN,lspin_tf,linear,0.028,0.0,0,4,0.7526211880639014,3.1608727810650885,0.4647887323943662,2.586168639053254,0.3506493506493506
L-LSPIN,lspin_tf,linear,0.028,0.0,1,2,0.7546851603628696,3.256656804733728,0.4857142857142857,2.8735207100591715,0.4054054054054054
L-LSPIN,lspin_tf,linear,0.028,0.0,1,3,0.6970784314137012,2.586168639053254,0.3506493506493506,2.586168639053254,0.3506493506493506
L-LSPIN,lspin_tf,linear,0.028,0.0,1,4,0.7407665810968671,3.352440828402367,0.5072463768115942,2.6819526627218933,0.3684210526315789
L-LSPIN,lspin_tf,linear,0.028,0.0,2,3,0.702662329625868,2.4903846153846154,0.3333333333333333,2.6819526627218933,0.3684210526315789
L-LSPIN,lspin_tf,linear,0.028,0.0,2,4,0.7088621390996109,3.1608727810650885,0.4647887323943662,2.6819526627218933,0.3684210526315789
L-LSPIN,lspin_tf,linear,0.028,0.0,3,4,0.7338930816066246,3.256656804733728,0.4857142857142857,2.8735207100591715,0.4054054054054054
L-LSPIN,lspin_tf,linear,0.0035,0.025,0,1,0.8712762704576763,3.831360946745562,0.625,3.639792899408284,0.5757575757575758
L-LSPIN,lspin_tf,linear,0.0035,0.025,0,2,0.8829743340187418,3.735576923076923,0.6,3.352440828402367,0.5072463768115942
L-LSPIN,lspin_tf,linear,0.0035,0.025,0,3,0.9487410819535016,4.02292899408284,0.6774193548387096,4.02292899408284,0.6774193548387096
L-LSPIN,lspin_tf,linear,0.0035,0.025,0,4,0.8853488482778618,3.5440088757396446,0.5522388059701493,3.448224852071006,0.5294117647058824
L-LSPIN,lspin_tf,linear,0.0035,0.025,1,2,0.9457962281620932,4.118713017751479,0.7049180327868853,3.927144970414201,0.6507936507936508
L-LSPIN,lspin_tf,linear,0.0035,0.025,1,3,0.907312388173272,4.02292899408284,0.6774193548387096,3.831360946745562,0.625
L-LSPIN,lspin_tf,linear,0.0035,0.025,1,4,0.9369349088491244,4.214497041420118,0.7333333333333333,3.831360946745562,0.625
L-LSPIN,lspin_tf,linear,0.0035,0.025,2,3,0.92806841890019,3.639792899408284,0.5757575757575758,3.735576923076923,0.6
L-LSPIN,lspin_tf,linear,0.0035,0.025,2,4,0.9454369019664712,4.310281065088757,0.7627118644067796,4.02292899408284,0.6774193548387096
L-LSPIN,lspin_tf,linear,0.0035,0.025,3,4,0.9232185964037976,3.735576923076923,0.6,3.927144970414201,0.6507936507936508
L-LSPIN,lspin_tf,linear,0.00525,0.025,0,1,0.9013060965344852,4.214497041420118,0.7333333333333333,3.927144970414201,0.6507936507936508
L-LSPIN,lspin_tf,linear,0.00525,0.025,0,2,0.8898401161170866,4.118713017751479,0.7049180327868853,3.448224852071006,0.5294117647058824
L-LSPIN,lspin_tf,linear,0.00525,0.025,0,3,0.8852093412168762,3.735576923076923,0.6,3.5440088757396446,0.5522388059701493
L-LSPIN,lspin_tf,linear,0.00525,0.025,0,4,0.8832298587099333,4.214497041420118,0.7333333333333333,3.639792899408284,0.5757575757575758
L-LSPIN,lspin_tf,linear,0.00525,0.025,1,2,0.904604076559138,3.831360946745562,0.625,3.927144970414201,0.6507936507936508
L-LSPIN,lspin_tf,linear,0.00525,0.025,1,3,0.8903338664977138,3.831360946745562,0.625,3.831360946745562,0.625
L-LSPIN,lspin_tf,linear,0.00525,0.025,1,4,0.8964906137317195,4.118713017751479,0.7049180327868853,3.5440088757396446,0.5522388059701493
L-LSPIN,lspin_tf,linear,0.00525,0.025,2,3,0.8941892932452515,3.735576923076923,0.6,3.735576923076923,0.6
L-LSPIN,lspin_tf,linear,0.00525,0.025,2,4,0.9044890841027377,4.214497041420118,0.7333333333333333,3.448224852071006,0.5294117647058824
L-LSPIN,lspin_tf,linear,0.00525,0.025,3,4,0.8846693690924613,3.831360946745562,0.625,3.448224852071006,0.5294117647058824
L-LSPIN,lspin_tf,linear,0.007,0.025,0,1,0.8151767121742127,3.448224852071006,0.5294117647058824,2.8735207100591715,0.4054054054054054
L-LSPIN,lspin_tf,linear,0.007,0.025,0,2,0.8514220982146062,3.639792899408284,0.5757575757575758,3.448224852071006,0.5294117647058824
L-LSPIN,lspin_tf,linear,0.007,0.025,0,3,0.8465876276621923,3.448224852071006,0.5294117647058824,3.352440828402367,0.5072463768115942
L-LSPIN,lspin_tf,linear,0.007,0.025,0,4,0.8783683637351712,3.735576923076923,0.6,3.352440828402367,0.5072463768115942
L-LSPIN,lspin_tf,linear,0.007,0.025,1,2,0.8094609609946068,3.448224852071006,0.5294117647058824,3.0650887573964494,0.4444444444444444
L-LSPIN,lspin_tf,linear,0.007,0.025,1,3,0.8579096776460593,3.639792899408284,0.5757575757575758,3.256656804733728,0.4857142857142857
L-LSPIN,lspin_tf,linear,0.007,0.025,1,4,0.8360436296947341,3.5440088757396446,0.5522388059701493,3.1608727810650885,0.4647887323943662
L-LSPIN,lspin_tf,linear,0.007,0.025,2,3,0.8176283072078464,3.639792899408284,0.5757575757575758,3.448224852071006,0.5294117647058824
L-LSPIN,lspin_tf,linear,0.007,0.025,2,4,0.860235222262579,3.639792899408284,0.5757575757575758,3.5440088757396446,0.5522388059701493
L-LSPIN,lspin_tf,linear,0.007,0.025,3,4,0.854169994113124,3.639792899408284,0.5757575757575758,3.448224852071006,0.5294117647058824
L-LSPIN,lspin_tf,linear,0.00875,0.025,0,1,0.7779221305305928,3.352440828402367,0.5072463768115942,2.4903846153846154,0.3333333333333333
L-LSPIN,lspin_tf,linear,0.00875,0.025,0,2,0.8636006358402922,3.735576923076923,0.6,3.1608727810650885,0.4647887323943662
L-LSPIN,lspin_tf,linear,0.00875,0.025,0,3,0.8648680668519326,3.639792899408284,0.5757575757575758,3.352440828402367,0.5072463768115942
L-LSPIN,lspin_tf,linear,0.00875,0.025,0,4,0.8362926246060932,3.5440088757396446,0.5522388059701493,3.0650887573964494,0.4444444444444444
L-LSPIN,lspin_tf,linear,0.00875,0.025,1,2,0.7703670466022687,3.0650887573964494,0.4444444444444444,2.8735207100591715,0.4054054054054054
L-LSPIN,lspin_tf,linear,0.00875,0.025,1,3,0.7918724537468005,3.1608727810650885,0.4647887323943662,2.8735207100591715,0.4054054054054054
L-LSPIN,lspin_tf,linear,0.00875,0.025,1,4,0.8078163858302055,2.9693047337278107,0.4246575342465753,2.7777366863905324,0.3866666666666666
L-LSPIN,lspin_tf,linear,0.00875,0.025,2,3,0.8432663943840631,3.735576923076923,0.6,3.352440828402367,0.5072463768115942
L-LSPIN,lspin_tf,linear,0.00875,0.025,2,4,0.8510728967211211,4.02292899408284,0.6774193548387096,3.448224852071006,0.5294117647058824
L-LSPIN,lspin_tf,linear,0.00875,0.025,3,4,0.8365783922073948,3.5440088757396446,0.5522388059701493,3.5440088757396446,0.5522388059701493
L-LSPIN,lspin_tf,linear,0.0105,0.025,0,1,0.8193810452378144,3.448224852071006,0.5294117647058824,3.0650887573964494,0.4444444444444444
L-LSPIN,lspin_tf,linear,0.0105,0.025,0,2,0.8006375775482715,3.352440828402367,0.5072463768115942,2.9693047337278107,0.4246575342465753
L-LSPIN,lspin_tf,linear,0.0105,0.025,0,3,0.8002071562298702,3.1608727810650885,0.4647887323943662,3.352440828402367,0.5072463768115942
L-LSPIN,lspin_tf,linear,0.0105,0.025,0,4,0.7912045963552558,3.256656804733728,0.4857142857142857,3.448224852071006,0.5294117647058824
L-LSPIN,lspin_tf,linear,0.0105,0.025,1,2,0.8051849628881658,3.5440088757396446,0.5522388059701493,2.8735207100591715,0.4054054054054054
L-LSPIN,lspin_tf,linear,0.0105,0.025,1,3,0.7924597709013448,3.352440828402367,0.5072463768115942,3.1608727810650885,0.4647887323943662
L-LSPIN,lspin_tf,linear,0.0105,0.025,1,4,0.7974895319618288,3.0650887573964494,0.4444444444444444,2.4903846153846154,0.3333333333333333
L-LSPIN,lspin_tf,linear,0.0105,0.025,2,3,0.8157402501234036,3.448224852071006,0.5294117647058824,3.0650887573964494,0.4444444444444444
L-LSPIN,lspin_tf,linear,0.0105,0.025,2,4,0.7866347357207013,3.448224852071006,0.5294117647058824,2.6819526627218933,0.3684210526315789
L-LSPIN,lspin_tf,linear,0.0105,0.025,3,4,0.793964815365753,3.0650887573964494,0.4444444444444444,2.7777366863905324,0.3866666666666666
L-LSPIN,lspin_tf,linear,0.014,0.025,0,1,0.8059739702124603,3.352440828402367,0.5072463768115942,3.256656804733728,0.4857142857142857
L-LSPIN,lspin_tf,linear,0.014,0.025,0,2,0.8021088182560504,3.639792899408284,0.5757575757575758,3.1608727810650885,0.4647887323943662
L-LSPIN,lspin_tf,linear,0.014,0.025,0,3,0.7459394699042373,3.448224852071006,0.5294117647058824,2.9693047337278107,0.4246575342465753
L-LSPIN,lspin_tf,linear,0.014,0.025,0,4,0.7507460488594948,3.256656804733728,0.4857142857142857,3.0650887573964494,0.4444444444444444
L-LSPIN,lspin_tf,linear,0.014,0.025,1,2,0.7835541041761972,3.448224852071006,0.5294117647058824,2.7777366863905324,0.3866666666666666
L-LSPIN,lspin_tf,linear,0.014,0.025,1,3,0.7627076985178727,3.1608727810650885,0.4647887323943662,3.0650887573964494,0.4444444444444444
L-LSPIN,lspin_tf,linear,0.014,0.025,1,4,0.742074099321913,2.9693047337278107,0.4246575342465753,2.586168639053254,0.3506493506493506
L-LSPIN,lspin_tf,linear,0.014,0.025,2,3,0.7496959419784632,3.5440088757396446,0.5522388059701493,2.9693047337278107,0.4246575342465753
L-LSPIN,lspin_tf,linear,0.014,0.025,2,4,0.7729328375385771,3.448224852071006,0.5294117647058824,2.3946005917159763,0.3164556962025316
L-LSPIN,lspin_tf,linear,0.014,0.025,3,4,0.718174001766842,3.5440088757396446,0.5522388059701493,2.7777366863905324,0.3866666666666666
L-LSPIN,lspin_tf,linear,0.021,0.025,0,1,0.7700333667128567,3.1608727810650885,0.4647887323943662,2.586168639053254,0.3506493506493506
L-LSPIN,lspin_tf,linear,0.021,0.025,0,2,0.6894171229571521,2.9693047337278107,0.4246575342465753,2.586168639053254,0.3506493506493506
L-LSPIN,lspin_tf,linear,0.021,0.025,0,3,0.7102304736166803,3.1608727810650885,0.4647887323943662,2.586168639053254,0.3506493506493506
L-LSPIN,lspin_tf,linear,0.021,0.025,0,4,0.6234059758405821,2.7777366863905324,0.3866666666666666,2.298816568047337,0.3
L-LSPIN,lspin_tf,linear,0.021,0.025,1,2,0.7796725895540955,3.256656804733728,0.4857142857142857,2.586168639053254,0.3506493506493506
L-LSPIN,lspin_tf,linear,0.021,0.025,1,3,0.7426284862995004,3.352440828402367,0.5072463768115942,2.7777366863905324,0.3866666666666666
L-LSPIN,lspin_tf,linear,0.021,0.025,1,4,0.7347950883869371,3.256656804733728,0.4857142857142857,2.4903846153846154,0.3333333333333333
L-LSPIN,lspin_tf,linear,0.021,0.025,2,3,0.704619325439676,3.256656804733728,0.4857142857142857,2.586168639053254,0.3506493506493506
L-LSPIN,lspin_tf,linear,0.021,0.025,2,4,0.6718250637493651,2.9693047337278107,0.4246575342465753,2.6819526627218933,0.3684210526315789
L-LSPIN,lspin_tf,linear,0.021,0.025,3,4,0.6325702035425264,2.9693047337278107,0.4246575342465753,2.4903846153846154,0.3333333333333333
L-LSPIN,lspin_tf,linear,0.028,0.025,0,1,0.6820204297109337,2.8735207100591715,0.4054054054054054,2.586168639053254,0.3506493506493506
L-LSPIN,lspin_tf,linear,0.028,0.025,0,2,0.6712436177012755,2.6819526627218933,0.3684210526315789,2.3946005917159763,0.3164556962025316
L-LSPIN,lspin_tf,linear,0.028,0.025,0,3,0.7062573467231487,2.6819526627218933,0.3684210526315789,2.9693047337278107,0.4246575342465753
L-LSPIN,lspin_tf,linear,0.028,0.025,0,4,0.6870828534856674,2.8735207100591715,0.4054054054054054,2.6819526627218933,0.3684210526315789
L-LSPIN,lspin_tf,linear,0.028,0.025,1,2,0.7246224279841472,3.352440828402367,0.5072463768115942,2.7777366863905324,0.3866666666666666
L-LSPIN,lspin_tf,linear,0.028,0.025,1,3,0.7437110370725792,3.256656804733728,0.4857142857142857,2.9693047337278107,0.4246575342465753
L-LSPIN,lspin_tf,linear,0.028,0.025,1,4,0.762470350043834,3.0650887573964494,0.4444444444444444,3.256656804733728,0.4857142857142857
L-LSPIN,lspin_tf,linear,0.028,0.025,2,3,0.6669813652209298,2.9693047337278107,0.4246575342465753,2.298816568047337,0.3
L-LSPIN,lspin_tf,linear,0.028,0.025,2,4,0.7624133092249091,3.448224852071006,0.5294117647058824,2.7777366863905324,0.3866666666666666
L-LSPIN,lspin_tf,linear,0.028,0.025,3,4,0.7534044510010378,2.9693047337278107,0.4246575342465753,3.0650887573964494,0.4444444444444444
L-LSPIN,lspin_tf,linear,0.0035,0.05,0,1,0.8845592842430757,3.735576923076923,0.6,2.7777366863905324,0.3866666666666666
L-LSPIN,lspin_tf,linear,0.0035,0.05,0,2,0.937266616312562,4.02292899408284,0.6774193548387096,3.5440088757396446,0.5522388059701493
L-LSPIN,lspin_tf,linear,0.0035,0.05,0,3,0.8825673825784479,4.310281065088757,0.7627118644067796,3.1608727810650885,0.4647887323943662
L-LSPIN,lspin_tf,linear,0.0035,0.05,0,4,0.9378834332241984,4.214497041420118,0.7333333333333333,3.639792899408284,0.5757575757575758
L-LSPIN,lspin_tf,linear,0.0035,0.05,1,2,0.9316140989966312,3.927144970414201,0.6507936507936508,3.831360946745562,0.625
L-LSPIN,lspin_tf,linear,0.0035,0.05,1,3,0.8598981645332012,4.02292899408284,0.6774193548387096,3.1608727810650885,0.4647887323943662
L-LSPIN,lspin_tf,linear,0.0035,0.05,1,4,0.9268465602282896,3.927144970414201,0.6507936507936508,3.256656804733728,0.4857142857142857
L-LSPIN,lspin_tf,linear,0.0035,0.05,2,3,0.905057160694144,4.02292899408284,0.6774193548387096,3.831360946745562,0.625
L-LSPIN,lspin_tf,linear,0.0035,0.05,2,4,0.9394918263846518,4.118713017751479,0.7049180327868853,3.927144970414201,0.6507936507936508
L-LSPIN,lspin_tf,linear,0.0035,0.05,3,4,0.8897460940162276,4.406065088757396,0.7931034482758621,3.448224852071006,0.5294117647058824
L-LSPIN,lspin_tf,linear,0.00525,0.05,0,1,0.9141798137459572,3.735576923076923,0.6,3.927144970414201,0.6507936507936508
L-LSPIN,lspin_tf,linear,0.00525,0.05,0,2,0.9253022688682984,3.831360946745562,0.625,3.927144970414201,0.6507936507936508
L-LSPIN,lspin_tf,linear,0.00525,0.05,0,3,0.9025939334158082,3.735576923076923,0.6,3.639792899408284,0.5757575757575758
L-LSPIN,lspin_tf,linear,0.00525,0.05,0,4,0.9286393835920792,4.214497041420118,0.7333333333333333,3.831360946745562,0.625
L-LSPIN,lspin_tf,linear,0.00525,0.05,1,2,0.9058308334617295,3.927144970414201,0.6507936507936508,3.735576923076923,0.6
L-LSPIN,lspin_tf,linear,0.00525,0.05,1,3,0.9161868872967966,3.927144970414201,0.6507936507936508,3.735576923076923,0.6
L-LSPIN,lspin_tf,linear,0.00525,0.05,1,4,0.914003505710676,3.735576923076923,0.6,3.735576923076923,0.6
L-LSPIN,lspin_tf,linear,0.00525,0.05,2,3,0.89449066342968,4.02292899408284,0.6774193548387096,3.448224852071006,0.5294117647058824
L-LSPIN,lspin_tf,linear,0.00525,0.05,2,4,0.9279431860254472,3.927144970414201,0.6507936507936508,3.639792899408284,0.5757575757575758
L-LSPIN,lspin_tf,linear,0.00525,0.05,3,4,0.911769699073874,4.02292899408284,0.6774193548387096,3.352440828402367,0.5072463768115942
L-LSPIN,lspin_tf,linear,0.007,0.05,0,1,0.8858590904281266,3.639792899408284,0.5757575757575758,3.1608727810650885,0.4647887323943662
L-LSPIN,lspin_tf,linear,0.007,0.05,0,2,0.9382670512960856,4.118713017751479,0.7049180327868853,3.927144970414201,0.6507936507936508
L-LSPIN,lspin_tf,linear,0.007,0.05,0,3,0.918854853822598,4.406065088757396,0.7931034482758621,3.639792899408284,0.5757575757575758
L-LSPIN,lspin_tf,linear,0.007,0.05,0,4,0.9323368737930314,3.927144970414201,0.6507936507936508,3.927144970414201,0.6507936507936508
L-LSPIN,lspin_tf,linear,0.007,0.05,1,2,0.8977063923416384,3.735576923076923,0.6,3.448224852071006,0.5294117647058824
L-LSPIN,lspin_tf,linear,0.007,0.05,1,3,0.8725781881013767,3.5440088757396446,0.5522388059701493,3.639792899408284,0.5757575757575758
L-LSPIN,lspin_tf,linear,0.007,0.05,1,4,0.8829712041646386,3.639792899408284,0.5757575757575758,3.448224852071006,0.5294117647058824
L-LSPIN,lspin_tf,linear,0.007,0.05,2,3,0.922466797341382,4.118713017751479,0.7049180327868853,3.831360946745562,0.625
L-LSPIN,lspin_tf,linear,0.007,0.05,2,4,0.933118883877474,4.02292899408284,0.6774193548387096,4.118713017751479,0.7049180327868853
L-LSPIN,lspin_tf,linear,0.007,0.05,3,4,0.9172104453247916,4.02292899408284,0.6774193548387096,3.735576923076923,0.6
L-LSPIN,lspin_tf,linear,0.00875,0.05,0,1,0.9100646035044008,3.831360946745562,0.625,3.831360946745562,0.625
L-LSPIN,lspin_tf,linear,0.00875,0.05,0,2,0.8611367655174861,3.5440088757396446,0.5522388059701493,3.448224852071006,0.5294117647058824
L-LSPIN,lspin_tf,linear,0.00875,0.05,0,3,0.8754786297825791,3.735576923076923,0.6,3.448224852071006,0.5294117647058824
L-LSPIN,lspin_tf,linear,0.00875,0.05,0,4,0.8914606892024598,3.639792899408284,0.5757575757575758,3.352440828402367,0.5072463768115942
L-LSPIN,lspin_tf,linear,0.00875,0.05,1,2,0.8846937848306605,3.639792899408284,0.5757575757575758,3.5440088757396446,0.5522388059701493
L-LSPIN,lspin_tf,linear,0.00875,0.05,1,3,0.8840041217070113,3.639792899408284,0.5757575757575758,3.448224852071006,0.5294117647058824
L-LSPIN,lspin_tf,linear,0.00875,0.05,1,4,0.9125081939993048,3.927144970414201,0.6507936507936508,3.639792899408284,0.5757575757575758
L-LSPIN,lspin_tf,linear,0.00875,0.05,2,3,0.8680403501303069,3.448224852071006,0.5294117647058824,3.5440088757396446,0.5522388059701493
L-LSPIN,lspin_tf,linear,0.00875,0.05,2,4,0.8610280556554213,3.735576923076923,0.6,3.1608727810650885,0.4647887323943662
L-LSPIN,lspin_tf,linear,0.00875,0.05,3,4,0.8921347532254945,3.735576923076923,0.6,3.1608727810650885,0.4647887323943662
L-LSPIN,lspin_tf,linear,0.0105,0.05,0,1,0.8374448431126079,3.448224852071006,0.5294117647058824,2.8735207100591715,0.4054054054054054
L-LSPIN,lspin_tf,linear,0.0105,0.05,0,2,0.8284041451429104,3.448224852071006,0.5294117647058824,3.352440828402367,0.5072463768115942
L-LSPIN,lspin_tf,linear,0.0105,0.05,0,3,0.8200873396839167,3.1608727810650885,0.4647887323943662,3.256656804733728,0.4857142857142857
L-LSPIN,lspin_tf,linear,0.0105,0.05,0,4,0.826635029792656,3.5440088757396446,0.5522388059701493,3.5440088757396446,0.5522388059701493
L-LSPIN,lspin_tf,linear,0.0105,0.05,1,2,0.8241929617420712,3.831360946745562,0.625,3.352440828402367,0.5072463768115942
L-LSPIN,lspin_tf,linear,0.0105,0.05,1,3,0.8194425351617334,3.448224852071006,0.5294117647058824,3.1608727810650885,0.4647887323943662
L-LSPIN,lspin_tf,linear,0.0105,0.05,1,4,0.8332673016890197,3.735576923076923,0.6,3.352440828402367,0.5072463768115942
L-LSPIN,lspin_tf,linear,0.0105,0.05,2,3,0.8311347479384033,3.448224852071006,0.5294117647058824,2.9693047337278107,0.4246575342465753
L-LSPIN,lspin_tf,linear,0.0105,0.05,2,4,0.84485079624869,3.5440088757396446,0.5522388059701493,3.5440088757396446,0.5522388059701493
L-LSPIN,lspin_tf,linear,0.0105,0.05,3,4,0.8170018345124045,3.5440088757396446,0.5522388059701493,3.0650887573964494,0.4444444444444444
L-LSPIN,lspin_tf,linear,0.014,0.05,0,1,0.6881107799484726,2.9693047337278107,0.4246575342465753,2.586168639053254,0.3506493506493506
L-LSPIN,lspin_tf,linear,0.014,0.05,0,2,0.78350194372255,2.7777366863905324,0.3866666666666666,2.8735207100591715,0.4054054054054054
L-LSPIN,lspin_tf,linear,0.014,0.05,0,3,0.786885540383086,3.256656804733728,0.4857142857142857,3.256656804733728,0.4857142857142857
L-LSPIN,lspin_tf,linear,0.014,0.05,0,4,0.7821932420911816,2.8735207100591715,0.4054054054054054,3.1608727810650885,0.4647887323943662
L-LSPIN,lspin_tf,linear,0.014,0.05,1,2,0.7513164128192605,3.256656804733728,0.4857142857142857,2.6819526627218933,0.3684210526315789
L-LSPIN,lspin_tf,linear,0.014,0.05,1,3,0.741219972789289,2.7777366863905324,0.3866666666666666,2.586168639053254,0.3506493506493506
L-LSPIN,lspin_tf,linear,0.014,0.05,1,4,0.711014645812576,2.8735207100591715,0.4054054054054054,2.6819526627218933,0.3684210526315789
L-LSPIN,lspin_tf,linear,0.014,0.05,2,3,0.7724105257199954,2.8735207100591715,0.4054054054054054,2.8735207100591715,0.4054054054054054
L-LSPIN,lspin_tf,linear,0.014,0.05,2,4,0.7866933701754548,3.448224852071006,0.5294117647058824,2.6819526627218933,0.3684210526315789
L-LSPIN,lspin_tf,linear,0.014,0.05,3,4,0.7647019594381514,3.352440828402367,0.5072463768115942,2.9693047337278107,0.4246575342465753
L-LSPIN,lspin_tf,linear,0.021,0.05,0,1,0.6744594742878931,2.9693047337278107,0.4246575342465753,2.6819526627218933,0.3684210526315789
L-LSPIN,lspin_tf,linear,0.021,0.05,0,2,0.7635700744018654,3.1608727810650885,0.4647887323943662,2.8735207100591715,0.4054054054054054
L-LSPIN,lspin_tf,linear,0.021,0.05,0,3,0.664752715240549,2.6819526627218933,0.3684210526315789,2.298816568047337,0.3
L-LSPIN,lspin_tf,linear,0.021,0.05,0,4,0.7529157938035571,3.0650887573964494,0.4444444444444444,3.0650887573964494,0.4444444444444444
L-LSPIN,lspin_tf,linear,0.021,0.05,1,2,0.7129708582506906,2.9693047337278107,0.4246575342465753,2.8735207100591715,0.4054054054054054
L-LSPIN,lspin_tf,linear,0.021,0.05,1,3,0.6665122681419148,2.6819526627218933,0.3684210526315789,2.6819526627218933,0.3684210526315789
L-LSPIN,lspin_tf,linear,0.021,0.05,1,4,0.6577200641155456,2.6819526627218933,0.3684210526315789,2.6819526627218933,0.3684210526315789
L-LSPIN,lspin_tf,linear,0.021,0.05,2,3,0.7091609643477426,2.9693047337278107,0.4246575342465753,2.7777366863905324,0.3866666666666666
L-LSPIN,lspin_tf,linear,0.021,0.05,2,4,0.7749668276446154,3.352440828402367,0.5072463768115942,3.0650887573964494,0.4444444444444444
L-LSPIN,lspin_tf,linear,0.021,0.05,3,4,0.7299391014132529,2.9693047337278107,0.4246575342465753,2.8735207100591715,0.4054054054054054
L-LSPIN,lspin_tf,linear,0.028,0.05,0,1,0.6901287619709343,2.8735207100591715,0.4054054054054054,2.6819526627218933,0.3684210526315789
L-LSPIN,lspin_tf,linear,0.028,0.05,0,2,0.7294807303575301,3.256656804733728,0.4857142857142857,2.9693047337278107,0.4246575342465753
L-LSPIN,lspin_tf,linear,0.028,0.05,0,3,0.6934716180822019,2.7777366863905324,0.3866666666666666,2.6819526627218933,0.3684210526315789
L-LSPIN,lspin_tf,linear,0.028,0.05,0,4,0.6837856596625267,2.6819526627218933,0.3684210526315789,3.1608727810650885,0.4647887323943662
L-LSPIN,lspin_tf,linear,0.028,0.05,1,2,0.6841785520402769,2.7777366863905324,0.3866666666666666,2.298816568047337,0.3
L-LSPIN,lspin_tf,linear,0.028,0.05,1,3,0.6438633248374148,2.8735207100591715,0.4054054054054054,2.3946005917159763,0.3164556962025316
L-LSPIN,lspin_tf,linear,0.028,0.05,1,4,0.6916171487011264,2.8735207100591715,0.4054054054054054,2.8735207100591715,0.4054054054054054
L-LSPIN,lspin_tf,linear,0.028,0.05,2,3,0.708633892999698,2.7777366863905324,0.3866666666666666,3.0650887573964494,0.4444444444444444
L-LSPIN,lspin_tf,linear,0.028,0.05,2,4,0.736590167187434,2.7777366863905324,0.3866666666666666,3.0650887573964494,0.4444444444444444
L-LSPIN,lspin_tf,linear,0.028,0.05,3,4,0.7399801528306882,2.9693047337278107,0.4246575342465753,2.9693047337278107,0.4246575342465753
L-LSPIN,lspin_tf,linear,0.0035,0.1,0,1,0.895595885555401,4.02292899408284,0.6774193548387096,2.8735207100591715,0.4054054054054054
L-LSPIN,lspin_tf,linear,0.0035,0.1,0,2,0.89073601758236,3.831360946745562,0.625,2.6819526627218933,0.3684210526315789
L-LSPIN,lspin_tf,linear,0.0035,0.1,0,3,0.8082339242212243,4.118713017751479,0.7049180327868853,2.3946005917159763,0.3164556962025316
L-LSPIN,lspin_tf,linear,0.0035,0.1,0,4,0.9548166815823556,4.118713017751479,0.7049180327868853,3.639792899408284,0.5757575757575758
L-LSPIN,lspin_tf,linear,0.0035,0.1,1,2,0.9423213716558042,4.02292899408284,0.6774193548387096,4.118713017751479,0.7049180327868853
L-LSPIN,lspin_tf,linear,0.0035,0.1,1,3,0.930872639716045,4.214497041420118,0.7333333333333333,3.927144970414201,0.6507936507936508
L-LSPIN,lspin_tf,linear,0.0035,0.1,1,4,0.9022650131857616,4.214497041420118,0.7333333333333333,3.0650887573964494,0.4444444444444444
L-LSPIN,lspin_tf,linear,0.0035,0.1,2,3,0.924927556593398,4.02292899408284,0.6774193548387096,4.02292899408284,0.6774193548387096
L-LSPIN,lspin_tf,linear,0.0035,0.1,2,4,0.8770029159386148,3.5440088757396446,0.5522388059701493,2.9693047337278107,0.4246575342465753
L-LSPIN,lspin_tf,linear,0.0035,0.1,3,4,0.8068892250664306,3.927144970414201,0.6507936507936508,2.586168639053254,0.3506493506493506
L-LSPIN,lspin_tf,linear,0.00525,0.1,0,1,0.92689566084863,3.735576923076923,0.6,3.735576923076923,0.6
L-LSPIN,lspin_tf,linear,0.00525,0.1,0,2,0.9372014915023962,4.118713017751479,0.7049180327868853,3.448224852071006,0.5294117647058824
L-LSPIN,lspin_tf,linear,0.00525,0.1,0,3,0.9316714679194013,3.927144970414201,0.6507936507936508,3.927144970414201,0.6507936507936508
L-LSPIN,lspin_tf,linear,0.00525,0.1,0,4,0.9417783761554692,3.927144970414201,0.6507936507936508,3.831360946745562,0.625
L-LSPIN,lspin_tf,linear,0.00525,0.1,1,2,0.9288414394181008,3.927144970414201,0.6507936507936508,3.735576923076923,0.6
L-LSPIN,lspin_tf,linear,0.00525,0.1,1,3,0.9333127345234882,4.118713017751479,0.7049180327868853,3.352440828402367,0.5072463768115942
L-LSPIN,lspin_tf,linear,0.00525,0.1,1,4,0.9235086658494692,3.927144970414201,0.6507936507936508,3.831360946745562,0.625
L-LSPIN,lspin_tf,linear,0.00525,0.1,2,3,0.9285122860623392,3.927144970414201,0.6507936507936508,3.639792899408284,0.5757575757575758
L-LSPIN,lspin_tf,linear,0.00525,0.1,2,4,0.9400705623841604,3.927144970414201,0.6507936507936508,4.02292899408284,0.6774193548387096
L-LSPIN,lspin_tf,linear,0.00525,0.1,3,4,0.9325417931843538,4.214497041420118,0.7333333333333333,3.735576923076923,0.6
L-LSPIN,lspin_tf,linear,0.007,0.1,0,1,0.9258939855667412,4.118713017751479,0.7049180327868853,3.831360946745562,0.625
L-LSPIN,lspin_tf,linear,0.007,0.1,0,2,0.919128849114556,3.927144970414201,0.6507936507936508,3.927144970414201,0.6507936507936508
L-LSPIN,lspin_tf,linear,0.007,0.1,0,3,0.913839100950644,4.118713017751479,0.7049180327868853,3.448224852071006,0.5294117647058824
L-LSPIN,lspin_tf,linear,0.007,0.1,0,4,0.9438793801212494,3.927144970414201,0.6507936507936508,4.02292899408284,0.6774193548387096
L-LSPIN,lspin_tf,linear,0.007,0.1,1,2,0.9332497184402732,3.927144970414201,0.6507936507936508,3.639792899408284,0.5757575757575758
L-LSPIN,lspin_tf,linear,0.007,0.1,1,3,0.903147405032823,3.927144970414201,0.6507936507936508,3.639792899408284,0.5757575757575758
L-LSPIN,lspin_tf,linear,0.007,0.1,1,4,0.9352906451864796,4.118713017751479,0.7049180327868853,3.735576923076923,0.6
L-LSPIN,lspin_tf,linear,0.007,0.1,2,3,0.921440252347883,3.927144970414201,0.6507936507936508,3.448224852071006,0.5294117647058824
L-LSPIN,lspin_tf,linear,0.007,0.1,2,4,0.9306556784627854,3.927144970414201,0.6507936507936508,3.735576923076923,0.6
L-LSPIN,lspin_tf,linear,0.007,0.1,3,4,0.8989503319903094,3.639792899408284,0.5757575757575758,3.352440828402367,0.5072463768115942
L-LSPIN,lspin_tf,linear,0.00875,0.1,0,1,0.8926384004926746,4.02292899408284,0.6774193548387096,3.831360946745562,0.625
L-LSPIN,lspin_tf,linear,0.00875,0.1,0,2,0.8951501293202735,3.927144970414201,0.6507936507936508,3.831360946745562,0.625
L-LSPIN,lspin_tf,linear,0.00875,0.1,0,3,0.8668905765229488,3.735576923076923,0.6,3.927144970414201,0.6507936507936508
L-LSPIN,lspin_tf,linear,0.00875,0.1,0,4,0.8925187254839267,3.735576923076923,0.6,3.448224852071006,0.5294117647058824
L-LSPIN,lspin_tf,linear,0.00875,0.1,1,2,0.9019046810320112,4.02292899408284,0.6774193548387096,3.448224852071006,0.5294117647058824
L-LSPIN,lspin_tf,linear,0.00875,0.1,1,3,0.9115864742888088,3.927144970414201,0.6507936507936508,4.02292899408284,0.6774193548387096
L-LSPIN,lspin_tf,linear,0.00875,0.1,1,4,0.9008581783149908,3.639792899408284,0.5757575757575758,3.448224852071006,0.5294117647058824
L-LSPIN,lspin_tf,linear,0.00875,0.1,2,3,0.8914566646947928,3.639792899408284,0.5757575757575758,3.639792899408284,0.5757575757575758
L-LSPIN,lspin_tf,linear,0.00875,0.1,2,4,0.8855528270516615,3.352440828402367,0.5072463768115942,3.352440828402367,0.5072463768115942
L-LSPIN,lspin_tf,linear,0.00875,0.1,3,4,0.8864784668290562,3.639792899408284,0.5757575757575758,3.735576923076923,0.6
L-LSPIN,lspin_tf,linear,0.0105,0.1,0,1,0.8942760634476788,3.831360946745562,0.625,3.639792899408284,0.5757575757575758
L-LSPIN,lspin_tf,linear,0.0105,0.1,0,2,0.8700886873626992,3.639792899408284,0.5757575757575758,3.448224852071006,0.5294117647058824
L-LSPIN,lspin_tf,linear,0.0105,0.1,0,3,0.8891731011769441,3.831360946745562,0.625,3.5440088757396446,0.5522388059701493
L-LSPIN,lspin_tf,linear,0.0105,0.1,0,4,0.9062199192831456,3.927144970414201,0.6507936507936508,3.448224852071006,0.5294117647058824
L-LSPIN,lspin_tf,linear,0.0105,0.1,1,2,0.8685045933048037,3.735576923076923,0.6,3.448224852071006,0.5294117647058824
L-LSPIN,lspin_tf,linear,0.0105,0.1,1,3,0.8776786792761049,3.448224852071006,0.5294117647058824,3.0650887573964494,0.4444444444444444
L-LSPIN,lspin_tf,linear,0.0105,0.1,1,4,0.8897455392307407,3.927144970414201,0.6507936507936508,3.5440088757396446,0.5522388059701493
L-LSPIN,lspin_tf,linear,0.0105,0.1,2,3,0.8450348155733529,3.5440088757396446,0.5522388059701493,3.1608727810650885,0.4647887323943662
L-LSPIN,lspin_tf,linear,0.0105,0.1,2,4,0.8571664188020955,3.448224852071006,0.5294117647058824,3.639792899408284,0.5757575757575758
L-LSPIN,lspin_tf,linear,0.0105,0.1,3,4,0.8706115159058053,3.735576923076923,0.6,3.1608727810650885,0.4647887323943662
L-LSPIN,lspin_tf,linear,0.014,0.1,0,1,0.8239585488560516,3.5440088757396446,0.5522388059701493,2.7777366863905324,0.3866666666666666
L-LSPIN,lspin_tf,linear,0.014,0.1,0,2,0.8151672192142541,3.352440828402367,0.5072463768115942,3.0650887573964494,0.4444444444444444
L-LSPIN,lspin_tf,linear,0.014,0.1,0,3,0.8778914502063937,3.735576923076923,0.6,3.256656804733728,0.4857142857142857
L-LSPIN,lspin_tf,linear,0.014,0.1,0,4,0.8336984058152295,3.448224852071006,0.5294117647058824,2.9693047337278107,0.4246575342465753
L-LSPIN,lspin_tf,linear,0.014,0.1,1,2,0.805071353041716,3.448224852071006,0.5294117647058824,2.9693047337278107,0.4246575342465753
L-LSPIN,lspin_tf,linear,0.014,0.1,1,3,0.8306359336586425,3.735576923076923,0.6,2.586168639053254,0.3506493506493506
L-LSPIN,lspin_tf,linear,0.014,0.1,1,4,0.796983145171261,3.448224852071006,0.5294117647058824,2.8735207100591715,0.4054054054054054
L-LSPIN,lspin_tf,linear,0.014,0.1,2,3,0.8357458726147642,3.256656804733728,0.4857142857142857,3.1608727810650885,0.4647887323943662
L-LSPIN,lspin_tf,linear,0.014,0.1,2,4,0.8324215109509475,3.5440088757396446,0.5522388059701493,3.5440088757396446,0.5522388059701493
L-LSPIN,lspin_tf,linear,0.014,0.1,3,4,0.8626080171425847,3.352440828402367,0.5072463768115942,2.9693047337278107,0.4246575342465753
L-LSPIN,lspin_tf,linear,0.021,0.1,0,1,0.7146180964731975,3.0650887573964494,0.4444444444444444,2.3946005917159763,0.3164556962025316
L-LSPIN,lspin_tf,linear,0.021,0.1,0,2,0.6430917103995744,2.586168639053254,0.3506493506493506,2.3946005917159763,0.3164556962025316
L-LSPIN,lspin_tf,linear,0.021,0.1,0,3,0.7426279005075054,3.256656804733728,0.4857142857142857,3.0650887573964494,0.4444444444444444
L-LSPIN,lspin_tf,linear,0.021,0.1,0,4,0.7465185051713309,3.1608727810650885,0.4647887323943662,2.586168639053254,0.3506493506493506
L-LSPIN,lspin_tf,linear,0.021,0.1,1,2,0.7153919572305113,2.7777366863905324,0.3866666666666666,2.7777366863905324,0.3866666666666666
L-LSPIN,lspin_tf,linear,0.021,0.1,1,3,0.6773466412511046,2.8735207100591715,0.4054054054054054,2.6819526627218933,0.3684210526315789
L-LSPIN,lspin_tf,linear,0.021,0.1,1,4,0.749603336030707,3.0650887573964494,0.4444444444444444,3.256656804733728,0.4857142857142857
L-LSPIN,lspin_tf,linear,0.021,0.1,2,3,0.6483647541384419,2.7777366863905324,0.3866666666666666,2.3946005917159763,0.3164556962025316
L-LSPIN,lspin_tf,linear,0.021,0.1,2,4,0.6208883352129753,2.6819526627218933,0.3684210526315789,2.586168639053254,0.3506493506493506
L-LSPIN,lspin_tf,linear,0.021,0.1,3,4,0.7159625433587361,3.0650887573964494,0.4444444444444444,2.6819526627218933,0.3684210526315789
L-LSPIN,lspin_tf,linear,0.028,0.1,0,1,0.7293422359791337,3.448224852071006,0.5294117647058824,2.4903846153846154,0.3333333333333333
L-LSPIN,lspin_tf,linear,0.028,0.1,0,2,0.6498764320241545,2.298816568047337,0.3,2.8735207100591715,0.4054054054054054
L-LSPIN,lspin_tf,linear,0.028,0.1,0,3,0.7048098760313483,3.448224852071006,0.5294117647058824,2.8735207100591715,0.4054054054054054
L-LSPIN,lspin_tf,linear,0.028,0.1,0,4,0.7316763649848995,2.8735207100591715,0.4054054054054054,2.7777366863905324,0.3866666666666666
L-LSPIN,lspin_tf,linear,0.028,0.1,1,2,0.6946319790512537,2.4903846153846154,0.3333333333333333,2.7777366863905324,0.3866666666666666
L-LSPIN,lspin_tf,linear,0.028,0.1,1,3,0.76295790377588,3.448224852071006,0.5294117647058824,2.8735207100591715,0.4054054054054054
L-LSPIN,lspin_tf,linear,0.028,0.1,1,4,0.8126982283767261,3.256656804733728,0.4857142857142857,3.639792899408284,0.5757575757575758
L-LSPIN,lspin_tf,linear,0.028,0.1,2,3,0.7089512288196593,2.8735207100591715,0.4054054054054054,2.7777366863905324,0.3866666666666666
L-LSPIN,lspin_tf,linear,0.028,0.1,2,4,0.7288189455864499,2.7777366863905324,0.3866666666666666,2.8735207100591715,0.4054054054054054
L-LSPIN,lspin_tf,linear,0.028,0.1,3,4,0.7531130707783662,3.1608727810650885,0.4647887323943662,2.8735207100591715,0.4054054054054054
L-LSPIN,lspin_tf,linear,0.0035,0.0,0,1,0.906302073826202,4.118713017751479,0.7049180327868853,3.5440088757396446,0.5522388059701493
L-LSPIN,lspin_tf,linear,0.0035,0.0,0,2,0.8786504846190575,3.927144970414201,0.6507936507936508,3.352440828402367,0.5072463768115942
L-LSPIN,lspin_tf,linear,0.0035,0.0,0,3,0.8805607173028345,4.02292899408284,0.6774193548387096,3.5440088757396446,0.5522388059701493
L-LSPIN,lspin_tf,linear,0.0035,0.0,0,4,0.8859201698953918,3.927144970414201,0.6507936507936508,3.448224852071006,0.5294117647058824
L-LSPIN,lspin_tf,linear,0.0035,0.0,1,2,0.9207841329833576,4.02292899408284,0.6774193548387096,3.256656804733728,0.4857142857142857
L-LSPIN,lspin_tf,linear,0.0035,0.0,1,3,0.8896179513090287,3.927144970414201,0.6507936507936508,3.1608727810650885,0.4647887323943662
L-LSPIN,lspin_tf,linear,0.0035,0.0,1,4,0.9087657277665876,3.927144970414201,0.6507936507936508,3.5440088757396446,0.5522388059701493
L-LSPIN,lspin_tf,linear,0.0035,0.0,2,3,0.8898549095084499,3.927144970414201,0.6507936507936508,3.256656804733728,0.4857142857142857
L-LSPIN,lspin_tf,linear,0.0035,0.0,2,4,0.8983185592322237,3.639792899408284,0.5757575757575758,3.256656804733728,0.4857142857142857
L-LSPIN,lspin_tf,linear,0.0035,0.0,3,4,0.8882661369942196,3.639792899408284,0.5757575757575758,3.735576923076923,0.6
L-LSPIN,lspin_tf,linear,0.00525,0.0,0,1,0.8641515844371339,3.735576923076923,0.6,3.0650887573964494,0.4444444444444444
L-LSPIN,lspin_tf,linear,0.00525,0.0,0,2,0.8481146194112117,3.639792899408284,0.5757575757575758,3.448224852071006,0.5294117647058824
L-LSPIN,lspin_tf,linear,0.00525,0.0,0,3,0.8679310769765327,3.639792899408284,0.5757575757575758,3.0650887573964494,0.4444444444444444
L-LSPIN,lspin_tf,linear,0.00525,0.0,0,4,0.8246798667471529,3.639792899408284,0.5757575757575758,3.256656804733728,0.4857142857142857
L-LSPIN,lspin_tf,linear,0.00525,0.0,1,2,0.8499502076480985,3.735576923076923,0.6,3.5440088757396446,0.5522388059701493
L-LSPIN,lspin_tf,linear,0.00525,0.0,1,3,0.8706691443956514,3.831360946745562,0.625,3.256656804733728,0.4857142857142857
L-LSPIN,lspin_tf,linear,0.00525,0.0,1,4,0.8390205662713263,3.448224852071006,0.5294117647058824,3.256656804733728,0.4857142857142857
L-LSPIN,lspin_tf,linear,0.00525,0.0,2,3,0.8582639376451977,3.927144970414201,0.6507936507936508,3.1608727810650885,0.4647887323943662
L-LSPIN,lspin_tf,linear,0.00525,0.0,2,4,0.8313441264029503,3.735576923076923,0.6,3.5440088757396446,0.5522388059701493
L-LSPIN,lspin_tf,linear,0.00525,0.0,3,4,0.8331559433377665,3.448224852071006,0.5294117647058824,3.448224852071006,0.5294117647058824
L-LSPIN,lspin_tf,linear,0.007,0.0,0,1,0.8262650933278791,3.5440088757396446,0.5522388059701493,3.1608727810650885,0.4647887323943662
L-LSPIN,lspin_tf,linear,0.007,0.0,0,2,0.8555679385431426,3.5440088757396446,0.5522388059701493,3.5440088757396446,0.5522388059701493
L-LSPIN,lspin_tf,linear,0.007,0.0,0,3,0.8330866271131709,3.5440088757396446,0.5522388059701493,3.448224852071006,0.5294117647058824
L-LSPIN,lspin_tf,linear,0.007,0.0,0,4,0.8614201175006849,3.352440828402367,0.5072463768115942,3.256656804733728,0.4857142857142857
L-LSPIN,lspin_tf,linear,0.007,0.0,1,2,0.8363956992598364,3.639792899408284,0.5757575757575758,3.5440088757396446,0.5522388059701493
L-LSPIN,lspin_tf,linear,0.007,0.0,1,3,0.8264794705773877,3.352440828402367,0.5072463768115942,3.256656804733728,0.4857142857142857
L-LSPIN,lspin_tf,linear,0.007,0.0,1,4,0.8222813662637802,3.352440828402367,0.5072463768115942,3.256656804733728,0.4857142857142857
L-LSPIN,lspin_tf,linear,0.007,0.0,2,3,0.8249957943358549,3.448224852071006,0.5294117647058824,3.352440828402367,0.5072463768115942
L-LSPIN,lspin_tf,linear,0.007,0.0,2,4,0.8366307873079406,3.352440828402367,0.5072463768115942,3.1608727810650885,0.4647887323943662
L-LSPIN,lspin_tf,linear,0.007,0.0,3,4,0.8570432305331412,3.448224852071006,0.5294117647058824,3.352440828402367,0.5072463768115942
L-LSPIN,lspin_tf,linear,0.00875,0.0,0,1,0.8784256009224224,4.02292899408284,0.6774193548387096,3.448224852071006,0.5294117647058824
L-LSPIN,lspin_tf,linear,0.00875,0.0,0,2,0.8376291417936537,3.352440828402367,0.5072463768115942,3.0650887573964494,0.4444444444444444
L-LSPIN,lspin_tf,linear,0.00875,0.0,0,3,0.8575308380138157,3.5440088757396446,0.5522388059701493,3.0650887573964494,0.4444444444444444
L-LSPIN,lspin_tf,linear,0.00875,0.0,0,4,0.8145939865080098,3.352440828402367,0.5072463768115942,2.9693047337278107,0.4246575342465753
L-LSPIN,lspin_tf,linear,0.00875,0.0,1,2,0.839622576400682,3.735576923076923,0.6,3.448224852071006,0.5294117647058824
L-LSPIN,lspin_tf,linear,0.00875,0.0,1,3,0.8820157456160612,3.5440088757396446,0.5522388059701493,3.0650887573964494,0.4444444444444444
L-LSPIN,lspin_tf,linear,0.00875,0.0,1,4,0.8470800903237542,3.735576923076923,0.6,2.8735207100591715,0.4054054054054054
L-LSPIN,lspin_tf,linear,0.00875,0.0,2,3,0.8718070109353417,3.927144970414201,0.6507936507936508,3.448224852071006,0.5294117647058824
L-LSPIN,lspin_tf,linear,0.00875,0.0,2,4,0.8452582465401287,3.831360946745562,0.625,3.256656804733728,0.4857142857142857
L-LSPIN,lspin_tf,linear,0.00875,0.0,3,4,0.8602609572664964,4.02292899408284,0.6774193548387096,3.735576923076923,0.6
L-LSPIN,lspin_tf,linear,0.0105,0.0,0,1,0.8478420637367257,4.118713017751479,0.7049180327868853,2.9693047337278107,0.4246575342465753
L-LSPIN,lspin_tf,linear,0.0105,0.0,0,2,0.8794769035356599,4.02292899408284,0.6774193548387096,3.1608727810650885,0.4647887323943662
L-LSPIN,lspin_tf,linear,0.0105,0.0,0,3,0.8088053404521229,3.352440828402367,0.5072463768115942,3.352440828402367,0.5072463768115942
L-LSPIN,lspin_tf,linear,0.0105,0.0,0,4,0.8449824176219299,3.639792899408284,0.5757575757575758,2.7777366863905324,0.3866666666666666
L-LSPIN,lspin_tf,linear,0.0105,0.0,1,2,0.8878701434848476,4.118713017751479,0.7049180327868853,3.256656804733728,0.4857142857142857
L-LSPIN,lspin_tf,linear,0.0105,0.0,1,3,0.8256464559658879,3.256656804733728,0.4857142857142857,3.5440088757396446,0.5522388059701493
L-LSPIN,lspin_tf,linear,0.0105,0.0,1,4,0.8520511290081523,3.5440088757396446,0.5522388059701493,3.352440828402367,0.5072463768115942
L-LSPIN,lspin_tf,linear,0.0105,0.0,2,3,0.8251481636998877,3.5440088757396446,0.5522388059701493,3.0650887573964494,0.4444444444444444
L-LSPIN,lspin_tf,linear,0.0105,0.0,2,4,0.8560709984961541,3.735576923076923,0.6,2.7777366863905324,0.3866666666666666
L-LSPIN,lspin_tf,linear,0.0105,0.0,3,4,0.7941048917456399,3.1608727810650885,0.4647887323943662,2.9693047337278107,0.4246575342465753
L-LSPIN,lspin_tf,linear,0.014,0.0,0,1,0.8227559235438195,3.0650887573964494,0.4444444444444444,2.8735207100591715,0.4054054054054054
L-LSPIN,lspin_tf,linear,0.014,0.0,0,2,0.8007451448974303,3.352440828402367,0.5072463768115942,2.298816568047337,0.3
L-LSPIN,lspin_tf,linear,0.014,0.0,0,3,0.8096127083440452,3.352440828402367,0.5072463768115942,2.6819526627218933,0.3684210526315789
L-LSPIN,lspin_tf,linear,0.014,0.0,0,4,0.8070177705164974,3.5440088757396446,0.5522388059701493,2.7777366863905324,0.3866666666666666
L-LSPIN,lspin_tf,linear,0.014,0.0,1,2,0.868766538390984,3.735576923076923,0.6,2.9693047337278107,0.4246575342465753
L-LSPIN,lspin_tf,linear,0.014,0.0,1,3,0.8551858065176705,3.639792899408284,0.5757575757575758,3.1608727810650885,0.4647887323943662
L-LSPIN,lspin_tf,linear,0.014,0.0,1,4,0.843143262151153,3.5440088757396446,0.5522388059701493,3.0650887573964494,0.4444444444444444
L-LSPIN,lspin_tf,linear,0.014,0.0,2,3,0.9087430358859084,3.927144970414201,0.6507936507936508,3.639792899408284,0.5757575757575758
L-LSPIN,lspin_tf,linear,0.014,0.0,2,4,0.8538174546876816,3.927144970414201,0.6507936507936508,2.9693047337278107,0.4246575342465753
L-LSPIN,lspin_tf,linear,0.014,0.0,3,4,0.8628950795664377,4.118713017751479,0.7049180327868853,3.448224852071006,0.5294117647058824
L-LSPIN,lspin_tf,linear,0.021,0.0,0,1,0.7042596833506687,3.1608727810650885,0.4647887323943662,2.298816568047337,0.3
L-LSPIN,lspin_tf,linear,0.021,0.0,0,2,0.7648016301274543,2.9693047337278107,0.4246575342465753,2.586168639053254,0.3506493506493506
L-LSPIN,lspin_tf,linear,0.021,0.0,0,3,0.8321386680905796,3.735576923076923,0.6,2.7777366863905324,0.3866666666666666
L-LSPIN,lspin_tf,linear,0.021,0.0,0,4,0.8041950493927496,3.352440828402367,0.5072463768115942,2.8735207100591715,0.4054054054054054
L-LSPIN,lspin_tf,linear,0.021,0.0,1,2,0.7511358673566142,3.352440828402367,0.5072463768115942,1.915680473372781,0.238095238095238
L-LSPIN,lspin_tf,linear,0.021,0.0,1,3,0.7664248220218222,3.352440828402367,0.5072463768115942,2.298816568047337,0.3
L-LSPIN,lspin_tf,linear,0.021,0.0,1,4,0.7521249163819222,3.352440828402367,0.5072463768115942,2.6819526627218933,0.3684210526315789
L-LSPIN,lspin_tf,linear,0.021,0.0,2,3,0.7862605217240467,3.448224852071006,0.5294117647058824,2.3946005917159763,0.3164556962025316
L-LSPIN,lspin_tf,linear,0.021,0.0,2,4,0.7528585897579645,3.735576923076923,0.6,2.3946005917159763,0.3164556962025316
L-LSPIN,lspin_tf,linear,0.021,0.0,3,4,0.8103794929030215,3.831360946745562,0.625,2.3946005917159763,0.3164556962025316
L-LSPIN,lspin_tf,linear,0.028,0.0,0,1,0.7142922721558272,3.1608727810650885,0.4647887323943662,2.4903846153846154,0.3333333333333333
L-LSPIN,lspin_tf,linear,0.028,0.0,0,2,0.7531309169963676,3.448224852071006,0.5294117647058824,2.3946005917159763,0.3164556962025316
L-LSPIN,lspin_tf,linear,0.028,0.0,0,3,0.7152500981411861,3.352440828402367,0.5072463768115942,2.586168639053254,0.3506493506493506
L-LSPIN,lspin_tf,linear,0.028,0.0,0,4,0.7765873891341252,3.1608727810650885,0.4647887323943662,2.9693047337278107,0.4246575342465753
L-LSPIN,lspin_tf,linear,0.028,0.0,1,2,0.7291572827224653,3.1608727810650885,0.4647887323943662,2.8735207100591715,0.4054054054054054
L-LSPIN,lspin_tf,linear,0.028,0.0,1,3,0.7316856806276381,3.256656804733728,0.4857142857142857,2.6819526627218933,0.3684210526315789
L-LSPIN,lspin_tf,linear,0.028,0.0,1,4,0.7679738683603057,3.1608727810650885,0.4647887323943662,3.352440828402367,0.5072463768115942
L-LSPIN,lspin_tf,linear,0.028,0.0,2,3,0.7378081955655768,3.448224852071006,0.5294117647058824,2.9693047337278107,0.4246575342465753
L-LSPIN,lspin_tf,linear,0.028,0.0,2,4,0.7579583897530866,3.0650887573964494,0.4444444444444444,2.7777366863905324,0.3866666666666666
L-LSPIN,lspin_tf,linear,0.028,0.0,3,4,0.7585173326235043,3.0650887573964494,0.4444444444444444,2.7777366863905324,0.3866666666666666
L-LSPIN,lspin_tf,linear,0.0035,0.025,0,1,0.9060755553189638,3.735576923076923,0.6,3.5440088757396446,0.5522388059701493
L-LSPIN,lspin_tf,linear,0.0035,0.025,0,2,0.9300661123246652,3.735576923076923,0.6,3.927144970414201,0.6507936507936508
L-LSPIN,lspin_tf,linear,0.0035,0.025,0,3,0.9337882458374904,4.118713017751479,0.7049180327868853,3.5440088757396446,0.5522388059701493
L-LSPIN,lspin_tf,linear,0.0035,0.025,0,4,0.9046291475305716,3.639792899408284,0.5757575757575758,3.639792899408284,0.5757575757575758
L-LSPIN,lspin_tf,linear,0.0035,0.025,1,2,0.903143232620318,3.448224852071006,0.5294117647058824,3.735576923076923,0.6
L-LSPIN,lspin_tf,linear,0.0035,0.025,1,3,0.9452634131980876,3.927144970414201,0.6507936507936508,3.639792899408284,0.5757575757575758
L-LSPIN,lspin_tf,linear,0.0035,0.025,1,4,0.8668898396743514,3.735576923076923,0.6,3.352440828402367,0.5072463768115942
L-LSPIN,lspin_tf,linear,0.0035,0.025,2,3,0.9225923548604807,3.831360946745562,0.625,3.5440088757396446,0.5522388059701493
L-LSPIN,lspin_tf,linear,0.0035,0.025,2,4,0.9093625614987172,3.831360946745562,0.625,3.927144970414201,0.6507936507936508
L-LSPIN,lspin_tf,linear,0.0035,0.025,3,4,0.8839897281382273,3.639792899408284,0.5757575757575758,3.256656804733728,0.4857142857142857
L-LSPIN,lspin_tf,linear,0.00525,0.025,0,1,0.8435986809839314,3.735576923076923,0.6,3.735576923076923,0.6
L-LSPIN,lspin_tf,linear,0.00525,0.025,0,2,0.8281597708297445,3.448224852071006,0.5294117647058824,3.256656804733728,0.4857142857142857
L-LSPIN,lspin_tf,linear,0.00525,0.025,0,3,0.8459990816195945,3.735576923076923,0.6,3.448224852071006,0.5294117647058824
L-LSPIN,lspin_tf,linear,0.00525,0.025,0,4,0.8135525731947474,3.448224852071006,0.5294117647058824,3.352440828402367,0.5072463768115942
L-LSPIN,lspin_tf,linear,0.00525,0.025,1,2,0.8491565489038375,3.448224852071006,0.5294117647058824,3.448224852071006,0.5294117647058824
L-LSPIN,lspin_tf,linear,0.00525,0.025,1,3,0.8244165021179441,3.0650887573964494,0.4444444444444444,3.448224852071006,0.5294117647058824
L-LSPIN,lspin_tf,linear,0.00525,0.025,1,4,0.8591413233665884,3.5440088757396446,0.5522388059701493,3.352440828402367,0.5072463768115942
L-LSPIN,lspin_tf,linear,0.00525,0.025,2,3,0.8696406560019798,3.639792899408284,0.5757575757575758,3.256656804733728,0.4857142857142857
L-LSPIN,lspin_tf,linear,0.00525,0.025,2,4,0.8442309783133741,3.5440088757396446,0.5522388059701493,3.1608727810650885,0.4647887323943662
L-LSPIN,lspin_tf,linear,0.00525,0.025,3,4,0.8440064177343845,3.448224852071006,0.5294117647058824,3.448224852071006,0.5294117647058824
L-LSPIN,lspin_tf,linear,0.007,0.025,0,1,0.7579507275642017,3.0650887573964494,0.4444444444444444,3.1608727810650885,0.4647887323943662
L-LSPIN,lspin_tf,linear,0.007,0.025,0,2,0.7953208127444552,3.352440828402367,0.5072463768115942,3.448224852071006,0.5294117647058824
L-LSPIN,lspin_tf,linear,0.007,0.025,0,3,0.8262256294468515,3.1608727810650885,0.4647887323943662,3.256656804733728,0.4857142857142857
L-LSPIN,lspin_tf,linear,0.007,0.025,0,4,0.8160762505433251,3.448224852071006,0.5294117647058824,3.256656804733728,0.4857142857142857
L-LSPIN,lspin_tf,linear,0.007,0.025,1,2,0.747707467249051,2.7777366863905324,0.3866666666666666,3.1608727810650885,0.4647887323943662
L-LSPIN,lspin_tf,linear,0.007,0.025,1,3,0.8181327248771868,3.256656804733728,0.4857142857142857,3.352440828402367,0.5072463768115942
L-LSPIN,lspin_tf,linear,0.007,0.025,1,4,0.7985823331207832,2.8735207100591715,0.4054054054054054,2.9693047337278107,0.4246575342465753
L-LSPIN,lspin_tf,linear,0.007,0.025,2,3,0.7968080755627337,3.1608727810650885,0.4647887323943662,3.1608727810650885,0.4647887323943662
L-LSPIN,lspin_tf,linear,0.007,0.025,2,4,0.7847171338176233,3.352440828402367,0.5072463768115942,3.0650887573964494,0.4444444444444444
L-LSPIN,lspin_tf,linear,0.007,0.025,3,4,0.8412452141558635,3.1608727810650885,0.4647887323943662,3.256656804733728,0.4857142857142857
L-LSPIN,lspin_tf,linear,0.00875,0.025,0,1,0.7154064616490489,3.352440828402367,0.5072463768115942,2.7777366863905324,0.3866666666666666
L-LSPIN,lspin_tf,linear,0.00875,0.025,0,2,0.7033449600939902,2.8735207100591715,0.4054054054054054,2.298816568047337,0.3
L-LSPIN,lspin_tf,linear,0.00875,0.025,0,3,0.719917374389663,3.1608727810650885,0.4647887323943662,2.7777366863905324,0.3866666666666666
L-LSPIN,lspin_tf,linear,0.00875,0.025,0,4,0.7634491490681826,3.0650887573964494,0.4444444444444444,2.7777366863905324,0.3866666666666666
L-LSPIN,lspin_tf,linear,0.00875,0.025,1,2,0.8200868443102498,3.448224852071006,0.5294117647058824,3.256656804733728,0.4857142857142857
L-LSPIN,lspin_tf,linear,0.00875,0.025,1,3,0.7776642385032962,2.9693047337278107,0.4246575342465753,3.5440088757396446,0.5522388059701493
L-LSPIN,lspin_tf,linear,0.00875,0.025,1,4,0.8328916347958696,3.5440088757396446,0.5522388059701493,3.5440088757396446,0.5522388059701493
L-LSPIN,lspin_tf,linear,0.00875,0.025,2,3,0.7937328757624331,2.9693047337278107,0.4246575342465753,3.256656804733728,0.4857142857142857
L-LSPIN,lspin_tf,linear,0.00875,0.025,2,4,0.800639830892338,3.448224852071006,0.5294117647058824,3.256656804733728,0.4857142857142857
L-LSPIN,lspin_tf,linear,0.00875,0.025,3,4,0.8007832802225632,3.0650887573964494,0.4444444444444444,3.639792899408284,0.5757575757575758
L-LSPIN,lspin_tf,linear,0.0105,0.025,0,1,0.766723302682794,3.1608727810650885,0.4647887323943662,3.0650887573964494,0.4444444444444444
L-LSPIN,lspin_tf,linear,0.0105,0.025,0,2,0.8077190024860594,3.1608727810650885,0.4647887323943662,3.256656804733728,0.4857142857142857
L-LSPIN,lspin_tf,linear,0.0105,0.025,0,3,0.7921871523955213,3.448224852071006,0.5294117647058824,2.8735207100591715,0.4054054054054054
L-LSPIN,lspin_tf,linear,0.0105,0.025,0,4,0.794157439510706,3.352440828402367,0.5072463768115942,3.352440828402367,0.5072463768115942
L-LSPIN,lspin_tf,linear,0.0105,0.025,1,2,0.7609969424913123,3.256656804733728,0.4857142857142857,3.0650887573964494,0.4444444444444444
L-LSPIN,lspin_tf,linear,0.0105,0.025,1,3,0.7983457195198889,3.448224852071006,0.5294117647058824,3.352440828402367,0.5072463768115942
L-LSPIN,lspin_tf,linear,0.0105,0.025,1,4,0.800916822495879,3.448224852071006,0.5294117647058824,3.448224852071006,0.5294117647058824
L-LSPIN,lspin_tf,linear,0.0105,0.025,2,3,0.805493931539916,3.448224852071006,0.5294117647058824,2.6819526627218933,0.3684210526315789
L-LSPIN,lspin_tf,linear,0.0105,0.025,2,4,0.7970859662287455,3.352440828402367,0.5072463768115942,2.7777366863905324,0.3866666666666666
L-LSPIN,lspin_tf,linear,0.0105,0.025,3,4,0.8066112115116781,3.448224852071006,0.5294117647058824,3.256656804733728,0.4857142857142857
L-LSPIN,lspin_tf,linear,0.014,0.025,0,1,0.7448684561191352,3.448224852071006,0.5294117647058824,2.6819526627218933,0.3684210526315789
L-LSPIN,lspin_tf,linear,0.014,0.025,0,2,0.6966269066296241,2.6819526627218933,0.3684210526315789,2.586168639053254,0.3506493506493506
L-LSPIN,lspin_tf,linear,0.014,0.025,0,3,0.7243605605034297,3.256656804733728,0.4857142857142857,2.8735207100591715,0.4054054054054054
L-LSPIN,lspin_tf,linear,0.014,0.025,0,4,0.6665857154260175,2.6819526627218933,0.3684210526315789,2.7777366863905324,0.3866666666666666
L-LSPIN,lspin_tf,linear,0.014,0.025,1,2,0.7628191911121505,2.7777366863905324,0.3866666666666666,2.6819526627218933,0.3684210526315789
L-LSPIN,lspin_tf,linear,0.014,0.025,1,3,0.8323956932360496,3.448224852071006,0.5294117647058824,2.9693047337278107,0.4246575342465753
L-LSPIN,lspin_tf,linear,0.014,0.025,1,4,0.8012094766230875,3.1608727810650885,0.4647887323943662,3.0650887573964494,0.4444444444444444
L-LSPIN,lspin_tf,linear,0.014,0.025,2,3,0.7859220458013343,3.352440828402367,0.5072463768115942,2.9693047337278107,0.4246575342465753
L-LSPIN,lspin_tf,linear,0.014,0.025,2,4,0.7315039396943032,3.352440828402367,0.5072463768115942,2.3946005917159763,0.3164556962025316
L-LSPIN,lspin_tf,linear,0.014,0.025,3,4,0.770581054767049,3.1608727810650885,0.4647887323943662,2.6819526627218933,0.3684210526315789
L-LSPIN,lspin_tf,linear,0.021,0.025,0,1,0.7978003354592319,3.256656804733728,0.4857142857142857,2.4903846153846154,0.3333333333333333
L-LSPIN,lspin_tf,linear,0.021,0.025,0,2,0.7906640929329571,3.1608727810650885,0.4647887323943662,2.9693047337278107,0.4246575342465753
L-LSPIN,lspin_tf,linear,0.021,0.025,0,3,0.833928761146656,3.639792899408284,0.5757575757575758,2.6819526627218933,0.3684210526315789
L-LSPIN,lspin_tf,linear,0.021,0.025,0,4,0.7302101732207171,2.9693047337278107,0.4246575342465753,2.4903846153846154,0.3333333333333333
L-LSPIN,lspin_tf,linear,0.021,0.025,1,2,0.7376779450305215,3.5440088757396446,0.5522388059701493,2.7777366863905324,0.3866666666666666
L-LSPIN,lspin_tf,linear,0.021,0.025,1,3,0.8022715542986771,3.735576923076923,0.6,2.3946005917159763,0.3164556962025316
L-LSPIN,lspin_tf,linear,0.021,0.025,1,4,0.6707340399871831,3.1608727810650885,0.4647887323943662,2.203032544378698,0.2839506172839506
L-LSPIN,lspin_tf,linear,0.021,0.025,2,3,0.7566613315879317,3.5440088757396446,0.5522388059701493,2.9693047337278107,0.4246575342465753
L-LSPIN,lspin_tf,linear,0.021,0.025,2,4,0.713629596757981,2.7777366863905324,0.3866666666666666,2.6819526627218933,0.3684210526315789
L-LSPIN,lspin_tf,linear,0.021,0.025,3,4,0.734852869064229,3.1608727810650885,0.4647887323943662,2.4903846153846154,0.3333333333333333
L-LSPIN,lspin_tf,linear,0.028,0.025,0,1,0.8108257208666573,3.1608727810650885,0.4647887323943662,2.9693047337278107,0.4246575342465753
L-LSPIN,lspin_tf,linear,0.028,0.025,0,2,0.7837517795278439,3.256656804733728,0.4857142857142857,2.8735207100591715,0.4054054054054054
L-LSPIN,lspin_tf,linear,0.028,0.025,0,3,0.7367161677446928,2.7777366863905324,0.3866666666666666,2.586168639053254,0.3506493506493506
L-LSPIN,lspin_tf,linear,0.028,0.025,0,4,0.8102341943551423,3.256656804733728,0.4857142857142857,2.7777366863905324,0.3866666666666666
L-LSPIN,lspin_tf,linear,0.028,0.025,1,2,0.7470293256113139,3.352440828402367,0.5072463768115942,2.7777366863905324,0.3866666666666666
L-LSPIN,lspin_tf,linear,0.028,0.025,1,3,0.7202659871294984,3.639792899408284,0.5757575757575758,2.203032544378698,0.2839506172839506
L-LSPIN,lspin_tf,linear,0.028,0.025,1,4,0.7804971957494244,3.448224852071006,0.5294117647058824,2.8735207100591715,0.4054054054054054
L-LSPIN,lspin_tf,linear,0.028,0.025,2,3,0.7079357570876861,2.586168639053254,0.3506493506493506,2.586168639053254,0.3506493506493506
L-LSPIN,lspin_tf,linear,0.028,0.025,2,4,0.7540466697763609,3.0650887573964494,0.4444444444444444,2.8735207100591715,0.4054054054054054
L-LSPIN,lspin_tf,linear,0.028,0.025,3,4,0.7111486710066917,3.1608727810650885,0.4647887323943662,2.01146449704142,0.253012048192771
L-LSPIN,lspin_tf,linear,0.0035,0.05,0,1,0.9480588636167582,4.310281065088757,0.7627118644067796,3.735576923076923,0.6
L-LSPIN,lspin_tf,linear,0.0035,0.05,0,2,0.9447624913432192,3.927144970414201,0.6507936507936508,4.118713017751479,0.7049180327868853
L-LSPIN,lspin_tf,linear,0.0035,0.05,0,3,0.9530654530075308,4.214497041420118,0.7333333333333333,4.214497041420118,0.7333333333333333
L-LSPIN,lspin_tf,linear,0.0035,0.05,0,4,0.9486084470892964,4.02292899408284,0.6774193548387096,3.735576923076923,0.6
L-LSPIN,lspin_tf,linear,0.0035,0.05,1,2,0.9464233537299662,4.02292899408284,0.6774193548387096,3.831360946745562,0.625
L-LSPIN,lspin_tf,linear,0.0035,0.05,1,3,0.9276453909269824,4.118713017751479,0.7049180327868853,3.352440828402367,0.5072463768115942
L-LSPIN,lspin_tf,linear,0.0035,0.05,1,4,0.9218806395360964,4.02292899408284,0.6774193548387096,3.831360946745562,0.625
L-LSPIN,lspin_tf,linear,0.0035,0.05,2,3,0.9344506488872896,4.214497041420118,0.7333333333333333,3.927144970414201,0.6507936507936508
L-LSPIN,lspin_tf,linear,0.0035,0.05,2,4,0.9209063599938272,3.831360946745562,0.625,3.639792899408284,0.5757575757575758
L-LSPIN,lspin_tf,linear,0.0035,0.05,3,4,0.9167601951755272,3.927144970414201,0.6507936507936508,3.5440088757396446,0.5522388059701493
L-LSPIN,lspin_tf,linear,0.00525,0.05,0,1,0.9177871828443556,4.214497041420118,0.7333333333333333,3.352440828402367,0.5072463768115942
L-LSPIN,lspin_tf,linear,0.00525,0.05,0,2,0.924162194062066,3.831360946745562,0.625,3.639792899408284,0.5757575757575758
L-LSPIN,lspin_tf,linear,0.00525,0.05,0,3,0.9097193941654392,3.927144970414201,0.6507936507936508,3.639792899408284,0.5757575757575758
L-LSPIN,lspin_tf,linear,0.00525,0.05,0,4,0.9342458552098672,4.118713017751479,0.7049180327868853,3.735576923076923,0.6
L-LSPIN,lspin_tf,linear,0.00525,0.05,1,2,0.9546131684676376,4.406065088757396,0.7931034482758621,3.831360946745562,0.625
L-LSPIN,lspin_tf,linear,0.00525,0.05,1,3,0.8969375150075651,4.118713017751479,0.7049180327868853,3.5440088757396446,0.5522388059701493
L-LSPIN,lspin_tf,linear,0.00525,0.05,1,4,0.9143554347988456,4.310281065088757,0.7627118644067796,3.927144970414201,0.6507936507936508
L-LSPIN,lspin_tf,linear,0.00525,0.05,2,3,0.8929171403610299,4.214497041420118,0.7333333333333333,3.448224852071006,0.5294117647058824
L-LSPIN,lspin_tf,linear,0.00525,0.05,2,4,0.9206902292906166,4.214497041420118,0.7333333333333333,3.735576923076923,0.6
L-LSPIN,lspin_tf,linear,0.00525,0.05,3,4,0.9153782200540876,4.118713017751479,0.7049180327868853,3.735576923076923,0.6
L-LSPIN,lspin_tf,linear,0.007,0.05,0,1,0.9401398801713972,3.735576923076923,0.6,3.5440088757396446,0.5522388059701493
L-LSPIN,lspin_tf,linear,0.007,0.05,0,2,0.9250888618417812,3.831360946745562,0.625,3.735576923076923,0.6
L-LSPIN,lspin_tf,linear,0.007,0.05,0,3,0.9206742312307375,3.735576923076923,0.6,3.256656804733728,0.4857142857142857
L-LSPIN,lspin_tf,linear,0.007,0.05,0,4,0.9111614742226116,4.02292899408284,0.6774193548387096,3.352440828402367,0.5072463768115942
L-LSPIN,lspin_tf,linear,0.007,0.05,1,2,0.923764452291002,3.831360946745562,0.625,3.735576923076923,0.6
L-LSPIN,lspin_tf,linear,0.007,0.05,1,3,0.916303448852382,4.02292899408284,0.6774193548387096,3.831360946745562,0.625
L-LSPIN,lspin_tf,linear,0.007,0.05,1,4,0.907295776223794,3.639792899408284,0.5757575757575758,3.927144970414201,0.6507936507936508
L-LSPIN,lspin_tf,linear,0.007,0.05,2,3,0.9013458043506616,3.639792899408284,0.5757575757575758,3.735576923076923,0.6
L-LSPIN,lspin_tf,linear,0.007,0.05,2,4,0.9030850735715336,3.735576923076923,0.6,3.639792899408284,0.5757575757575758
L-LSPIN,lspin_tf,linear,0.007,0.05,3,4,0.9072942409033607,3.831360946745562,0.625,3.831360946745562,0.625
L-LSPIN,lspin_tf,linear,0.00875,0.05,0,1,0.8496012629893515,3.831360946745562,0.625,3.448224852071006,0.5294117647058824
L-LSPIN,lspin_tf,linear,0.00875,0.05,0,2,0.8483438714148045,3.639792899408284,0.5757575757575758,3.256656804733728,0.4857142857142857
L-LSPIN,lspin_tf,linear,0.00875,0.05,0,3,0.8560635329687035,4.02292899408284,0.6774193548387096,3.639792899408284,0.5757575757575758
L-LSPIN,lspin_tf,linear,0.00875,0.05,0,4,0.8408500544352789,3.5440088757396446,0.5522388059701493,3.352440828402367,0.5072463768115942
L-LSPIN,lspin_tf,linear,0.00875,0.05,1,2,0.8418958869297178,3.735576923076923,0.6,3.352440828402367,0.5072463768115942
L-LSPIN,lspin_tf,linear,0.00875,0.05,1,3,0.8618082357347399,3.639792899408284,0.5757575757575758,3.448224852071006,0.5294117647058824
L-LSPIN,lspin_tf,linear,0.00875,0.05,1,4,0.8572616088734764,3.639792899408284,0.5757575757575758,3.0650887573964494,0.4444444444444444
L-LSPIN,lspin_tf,linear,0.00875,0.05,2,3,0.8521935646336434,3.735576923076923,0.6,3.448224852071006,0.5294117647058824
L-LSPIN,lspin_tf,linear,0.00875,0.05,2,4,0.8387055434022636,3.639792899408284,0.5757575757575758,3.256656804733728,0.4857142857142857
L-LSPIN,lspin_tf,linear,0.00875,0.05,3,4,0.8540862843240679,3.639792899408284,0.5757575757575758,3.256656804733728,0.4857142857142857
L-LSPIN,lspin_tf,linear,0.0105,0.05,0,1,0.7820685027953812,3.448224852071006,0.5294117647058824,3.0650887573964494,0.4444444444444444
L-LSPIN,lspin_tf,linear,0.0105,0.05,0,2,0.7758157257586445,2.7777366863905324,0.3866666666666666,2.9693047337278107,0.4246575342465753
L-LSPIN,lspin_tf,linear,0.0105,0.05,0,3,0.8103155498699759,3.448224852071006,0.5294117647058824,2.7777366863905324,0.3866666666666666
L-LSPIN,lspin_tf,linear,0.0105,0.05,0,4,0.8102815529171735,3.352440828402367,0.5072463768115942,2.9693047337278107,0.4246575342465753
L-LSPIN,lspin_tf,linear,0.0105,0.05,1,2,0.7887643039050114,2.8735207100591715,0.4054054054054054,3.256656804733728,0.4857142857142857
L-LSPIN,lspin_tf,linear,0.0105,0.05,1,3,0.8453617639737595,3.927144970414201,0.6507936507936508,3.448224852071006,0.5294117647058824
L-LSPIN,lspin_tf,linear,0.0105,0.05,1,4,0.8429423353475926,3.639792899408284,0.5757575757575758,3.1608727810650885,0.4647887323943662
L-LSPIN,lspin_tf,linear,0.0105,0.05,2,3,0.7899272917849686,3.1608727810650885,0.4647887323943662,3.0650887573964494,0.4444444444444444
L-LSPIN,lspin_tf,linear,0.0105,0.05,2,4,0.7613318947377627,2.9693047337278107,0.4246575342465753,3.1608727810650885,0.4647887323943662
L-LSPIN,lspin_tf,linear,0.0105,0.05,3,4,0.8159804681713667,3.352440828402367,0.5072463768115942,3.1608727810650885,0.4647887323943662
L-LSPIN,lspin_tf,linear,0.014,0.05,0,1,0.7634298861334587,2.7777366863905324,0.3866666666666666,3.0650887573964494,0.4444444444444444
L-LSPIN,lspin_tf,linear,0.014,0.05,0,2,0.7938229804240758,3.5440088757396446,0.5522388059701493,3.1608727810650885,0.4647887323943662
L-LSPIN,lspin_tf,linear,0.014,0.05,0,3,0.7301779455074809,2.9693047337278107,0.4246575342465753,2.9693047337278107,0.4246575342465753
L-LSPIN,lspin_tf,linear,0.014,0.05,0,4,0.764350229706149,2.9693047337278107,0.4246575342465753,3.256656804733728,0.4857142857142857
L-LSPIN,lspin_tf,linear,0.014,0.05,1,2,0.7925057463609225,3.0650887573964494,0.4444444444444444,2.8735207100591715,0.4054054054054054
L-LSPIN,lspin_tf,linear,0.014,0.05,1,3,0.7557231115879105,2.7777366863905324,0.3866666666666666,2.8735207100591715,0.4054054054054054
L-LSPIN,lspin_tf,linear,0.014,0.05,1,4,0.7411418069357666,2.6819526627218933,0.3684210526315789,2.9693047337278107,0.4246575342465753
L-LSPIN,lspin_tf,linear,0.014,0.05,2,3,0.7481204097487167,3.0650887573964494,0.4444444444444444,2.9693047337278107,0.4246575342465753
L-LSPIN,lspin_tf,linear,0.014,0.05,2,4,0.7799174387494006,3.5440088757396446,0.5522388059701493,3.0650887573964494,0.4444444444444444
L-LSPIN,lspin_tf,linear,0.014,0.05,3,4,0.7259656733983768,3.1608727810650885,0.4647887323943662,2.586168639053254,0.3506493506493506
L-LSPIN,lspin_tf,linear,0.021,0.05,0,1,0.6610464110044896,3.256656804733728,0.4857142857142857,2.4903846153846154,0.3333333333333333
L-LSPIN,lspin_tf,linear,0.021,0.05,0,2,0.6429510456594209,2.586168639053254,0.3506493506493506,2.6819526627218933,0.3684210526315789
L-LSPIN,lspin_tf,linear,0.021,0.05,0,3,0.7612761249650785,3.1608727810650885,0.4647887323943662,2.6819526627218933,0.3684210526315789
L-LSPIN,lspin_tf,linear,0.021,0.05,0,4,0.7464923652573735,3.1608727810650885,0.4647887323943662,2.9693047337278107,0.4246575342465753
L-LSPIN,lspin_tf,linear,0.021,0.05,1,2,0.6582394586989158,2.6819526627218933,0.3684210526315789,2.3946005917159763,0.3164556962025316
L-LSPIN,lspin_tf,linear,0.021,0.05,1,3,0.7112975476831385,2.9693047337278107,0.4246575342465753,2.7777366863905324,0.3866666666666666
L-LSPIN,lspin_tf,linear,0.021,0.05,1,4,0.7143188502627358,2.9693047337278107,0.4246575342465753,2.8735207100591715,0.4054054054054054
L-LSPIN,lspin_tf,linear,0.021,0.05,2,3,0.6631650169440133,2.586168639053254,0.3506493506493506,2.6819526627218933,0.3684210526315789
L-LSPIN,lspin_tf,linear,0.021,0.05,2,4,0.687592378367656,2.6819526627218933,0.3684210526315789,2.7777366863905324,0.3866666666666666
L-LSPIN,lspin_tf,linear,0.021,0.05,3,4,0.7943998779381793,3.1608727810650885,0.4647887323943662,3.0650887573964494,0.4444444444444444
L-LSPIN,lspin_tf,linear,0.028,0.05,0,1,0.6545194069953147,2.7777366863905324,0.3866666666666666,2.298816568047337,0.3
L-LSPIN,lspin_tf,linear,0.028,0.05,0,2,0.6635980456137816,2.4903846153846154,0.3333333333333333,2.8735207100591715,0.4054054054054054
L-LSPIN,lspin_tf,linear,0.028,0.05,0,3,0.7075737657006506,2.8735207100591715,0.4054054054054054,2.7777366863905324,0.3866666666666666
L-LSPIN,lspin_tf,linear,0.028,0.05,0,4,0.6917811477751533,2.3946005917159763,0.3164556962025316,2.4903846153846154,0.3333333333333333
L-LSPIN,lspin_tf,linear,0.028,0.05,1,2,0.709419049801119,3.352440828402367,0.5072463768115942,2.4903846153846154,0.3333333333333333
L-LSPIN,lspin_tf,linear,0.028,0.05,1,3,0.7225416125697196,2.7777366863905324,0.3866666666666666,2.8735207100591715,0.4054054054054054
L-LSPIN,lspin_tf,linear,0.028,0.05,1,4,0.7686537619280154,3.639792899408284,0.5757575757575758,2.9693047337278107,0.4246575342465753
L-LSPIN,lspin_tf,linear,0.028,0.05,2,3,0.6737613891422489,2.9693047337278107,0.4246575342465753,2.3946005917159763,0.3164556962025316
L-LSPIN,lspin_tf,linear,0.028,0.05,2,4,0.7176080485293822,3.256656804733728,0.4857142857142857,2.8735207100591715,0.4054054054054054
L-LSPIN,lspin_tf,linear,0.028,0.05,3,4,0.7267375345564916,3.352440828402367,0.5072463768115942,2.7777366863905324,0.3866666666666666
L-LSPIN,lspin_tf,linear,0.0035,0.1,0,1,0.943676874447562,4.214497041420118,0.7333333333333333,3.927144970414201,0.6507936507936508
L-LSPIN,lspin_tf,linear,0.0035,0.1,0,2,0.9182897420466232,4.214497041420118,0.7333333333333333,3.448224852071006,0.5294117647058824
L-LSPIN,lspin_tf,linear,0.0035,0.1,0,3,0.928761136885511,3.735576923076923,0.6,3.639792899408284,0.5757575757575758
L-LSPIN,lspin_tf,linear,0.0035,0.1,0,4,0.9168619407375264,4.214497041420118,0.7333333333333333,3.5440088757396446,0.5522388059701493
L-LSPIN,lspin_tf,linear,0.0035,0.1,1,2,0.9321660711726072,4.310281065088757,0.7627118644067796,3.448224852071006,0.5294117647058824
L-LSPIN,lspin_tf,linear,0.0035,0.1,1,3,0.9340974020153814,4.02292899408284,0.6774193548387096,3.735576923076923,0.6
L-LSPIN,lspin_tf,linear,0.0035,0.1,1,4,0.8973267907012178,4.214497041420118,0.7333333333333333,2.9693047337278107,0.4246575342465753
L-LSPIN,lspin_tf,linear,0.0035,0.1,2,3,0.9469893294321798,3.927144970414201,0.6507936507936508,4.214497041420118,0.7333333333333333
L-LSPIN,lspin_tf,linear,0.0035,0.1,2,4,0.8637685229095832,4.02292899408284,0.6774193548387096,3.0650887573964494,0.4444444444444444
L-LSPIN,lspin_tf,linear,0.0035,0.1,3,4,0.9120787628850384,4.02292899408284,0.6774193548387096,3.352440828402367,0.5072463768115942
L-LSPIN,lspin_tf,linear,0.00525,0.1,0,1,0.946270892975667,3.927144970414201,0.6507936507936508,4.118713017751479,0.7049180327868853
L-LSPIN,lspin_tf,linear,0.00525,0.1,0,2,0.9132080485354314,3.831360946745562,0.625,3.639792899408284,0.5757575757575758
L-LSPIN,lspin_tf,linear,0.00525,0.1,0,3,0.8933895151223743,3.639792899408284,0.5757575757575758,3.735576923076923,0.6
L-LSPIN,lspin_tf,linear,0.00525,0.1,0,4,0.906202420916942,3.639792899408284,0.5757575757575758,3.735576923076923,0.6
L-LSPIN,lspin_tf,linear,0.00525,0.1,1,2,0.9307951106720226,4.310281065088757,0.7627118644067796,3.639792899408284,0.5757575757575758
L-LSPIN,lspin_tf,linear,0.00525,0.1,1,3,0.9028821185455252,4.02292899408284,0.6774193548387096,3.256656804733728,0.4857142857142857
L-LSPIN,lspin_tf,linear,0.00525,0.1,1,4,0.918940849032178,4.02292899408284,0.6774193548387096,3.448224852071006,0.5294117647058824
L-LSPIN,lspin_tf,linear,0.00525,0.1,2,3,0.8887858682928202,3.927144970414201,0.6507936507936508,2.7777366863905324,0.3866666666666666
L-LSPIN,lspin_tf,linear,0.00525,0.1,2,4,0.923929645718612,4.02292899408284,0.6774193548387096,3.448224852071006,0.5294117647058824
L-LSPIN,lspin_tf,linear,0.00525,0.1,3,4,0.914009810344318,3.639792899408284,0.5757575757575758,3.256656804733728,0.4857142857142857
L-LSPIN,lspin_tf,linear,0.007,0.1,0,1,0.906605195075836,3.639792899408284,0.5757575757575758,3.831360946745562,0.625
L-LSPIN,lspin_tf,linear,0.007,0.1,0,2,0.9282639115330646,3.831360946745562,0.625,3.831360946745562,0.625
L-LSPIN,lspin_tf,linear,0.007,0.1,0,3,0.92608668048529,3.735576923076923,0.6,3.927144970414201,0.6507936507936508
L-LSPIN,lspin_tf,linear,0.007,0.1,0,4,0.8892626543488147,3.448224852071006,0.5294117647058824,3.1608727810650885,0.4647887323943662
L-LSPIN,lspin_tf,linear,0.007,0.1,1,2,0.9460115660935472,4.214497041420118,0.7333333333333333,4.118713017751479,0.7049180327868853
L-LSPIN,lspin_tf,linear,0.007,0.1,1,3,0.9488539957713616,4.214497041420118,0.7333333333333333,3.831360946745562,0.625
L-LSPIN,lspin_tf,linear,0.007,0.1,1,4,0.9133176596329612,4.214497041420118,0.7333333333333333,3.0650887573964494,0.4444444444444444
L-LSPIN,lspin_tf,linear,0.007,0.1,2,3,0.9503362010634528,4.406065088757396,0.7931034482758621,4.118713017751479,0.7049180327868853
L-LSPIN,lspin_tf,linear,0.007,0.1,2,4,0.9263158612535064,4.214497041420118,0.7333333333333333,3.1608727810650885,0.4647887323943662
L-LSPIN,lspin_tf,linear,0.007,0.1,3,4,0.9252453197864644,4.02292899408284,0.6774193548387096,3.5440088757396446,0.5522388059701493
L-LSPIN,lspin_tf,linear,0.00875,0.1,0,1,0.9062629981694862,3.735576923076923,0.6,3.735576923076923,0.6
L-LSPIN,lspin_tf,linear,0.00875,0.1,0,2,0.8770736511140791,3.831360946745562,0.625,3.831360946745562,0.625
L-LSPIN,lspin_tf,linear,0.00875,0.1,0,3,0.912547598709684,4.118713017751479,0.7049180327868853,3.831360946745562,0.625
L-LSPIN,lspin_tf,linear,0.00875,0.1,0,4,0.913749366040404,3.927144970414201,0.6507936507936508,3.5440088757396446,0.5522388059701493
L-LSPIN,lspin_tf,linear,0.00875,0.1,1,2,0.9116274594020916,3.735576923076923,0.6,3.735576923076923,0.6
L-LSPIN,lspin_tf,linear,0.00875,0.1,1,3,0.9295478075633392,4.118713017751479,0.7049180327868853,3.735576923076923,0.6
L-LSPIN,lspin_tf,linear,0.00875,0.1,1,4,0.9342975023069884,3.927144970414201,0.6507936507936508,3.927144970414201,0.6507936507936508
L-LSPIN,lspin_tf,linear,0.00875,0.1,2,3,0.8853230197240777,3.927144970414201,0.6507936507936508,3.639792899408284,0.5757575757575758
L-LSPIN,lspin_tf,linear,0.00875,0.1,2,4,0.919496491506696,3.735576923076923,0.6,3.735576923076923,0.6
L-LSPIN,lspin_tf,linear,0.00875,0.1,3,4,0.9286438546223854,4.118713017751479,0.7049180327868853,3.735576923076923,0.6
L-LSPIN,lspin_tf,linear,0.0105,0.1,0,1,0.9072279564116864,4.02292899408284,0.6774193548387096,3.256656804733728,0.4857142857142857
L-LSPIN,lspin_tf,linear,0.0105,0.1,0,2,0.8997941287695328,3.831360946745562,0.625,2.8735207100591715,0.4054054054054054
L-LSPIN,lspin_tf,linear,0.0105,0.1,0,3,0.8925291583052071,4.02292899408284,0.6774193548387096,3.1608727810650885,0.4647887323943662
L-LSPIN,lspin_tf,linear,0.0105,0.1,0,4,0.904085169300587,4.02292899408284,0.6774193548387096,3.639792899408284,0.5757575757575758
L-LSPIN,lspin_tf,linear,0.0105,0.1,1,2,0.9255369640031148,4.02292899408284,0.6774193548387096,3.5440088757396446,0.5522388059701493
L-LSPIN,lspin_tf,linear,0.0105,0.1,1,3,0.9220538148160484,4.406065088757396,0.7931034482758621,3.639792899408284,0.5757575757575758
L-LSPIN,lspin_tf,linear,0.0105,0.1,1,4,0.903161973280678,3.831360946745562,0.625,3.352440828402367,0.5072463768115942
L-LSPIN,lspin_tf,linear,0.0105,0.1,2,3,0.9223429590080888,4.118713017751479,0.7049180327868853,3.639792899408284,0.5757575757575758
L-LSPIN,lspin_tf,linear,0.0105,0.1,2,4,0.9142641665760723,3.831360946745562,0.625,3.448224852071006,0.5294117647058824
L-LSPIN,lspin_tf,linear,0.0105,0.1,3,4,0.91473485516986,3.831360946745562,0.625,3.831360946745562,0.625
L-LSPIN,lspin_tf,linear,0.014,0.1,0,1,0.8302246779183574,3.448224852071006,0.5294117647058824,3.448224852071006,0.5294117647058824
L-LSPIN,lspin_tf,linear,0.014,0.1,0,2,0.8243331492909528,3.5440088757396446,0.5522388059701493,2.8735207100591715,0.4054054054054054
L-LSPIN,lspin_tf,linear,0.014,0.1,0,3,0.838756280904865,3.639792899408284,0.5757575757575758,3.448224852071006,0.5294117647058824
L-LSPIN,lspin_tf,linear,0.014,0.1,0,4,0.796171976960428,3.5440088757396446,0.5522388059701493,3.352440828402367,0.5072463768115942
L-LSPIN,lspin_tf,linear,0.014,0.1,1,2,0.8808048516716874,3.352440828402367,0.5072463768115942,3.256656804733728,0.4857142857142857
L-LSPIN,lspin_tf,linear,0.014,0.1,1,3,0.8631477861223439,3.735576923076923,0.6,3.352440828402367,0.5072463768115942
L-LSPIN,lspin_tf,linear,0.014,0.1,1,4,0.8505392322691095,3.0650887573964494,0.4444444444444444,3.352440828402367,0.5072463768115942
L-LSPIN,lspin_tf,linear,0.014,0.1,2,3,0.856618493792472,3.448224852071006,0.5294117647058824,3.352440828402367,0.5072463768115942
L-LSPIN,lspin_tf,linear,0.014,0.1,2,4,0.8533018650365283,3.5440088757396446,0.5522388059701493,3.352440828402367,0.5072463768115942
L-LSPIN,lspin_tf,linear,0.014,0.1,3,4,0.8524004349405074,3.735576923076923,0.6,3.352440828402367,0.5072463768115942
L-LSPIN,lspin_tf,linear,0.021,0.1,0,1,0.7314210607224401,2.9693047337278107,0.4246575342465753,2.6819526627218933,0.3684210526315789
L-LSPIN,lspin_tf,linear,0.021,0.1,0,2,0.6888211198705837,2.9693047337278107,0.4246575342465753,2.3946005917159763,0.3164556962025316
L-LSPIN,lspin_tf,linear,0.021,0.1,0,3,0.7336526341213914,3.0650887573964494,0.4444444444444444,3.0650887573964494,0.4444444444444444
L-LSPIN,lspin_tf,linear,0.021,0.1,0,4,0.7217280859236201,2.6819526627218933,0.3684210526315789,2.7777366863905324,0.3866666666666666
L-LSPIN,lspin_tf,linear,0.021,0.1,1,2,0.6567355299028295,3.352440828402367,0.5072463768115942,2.3946005917159763,0.3164556962025316
L-LSPIN,lspin_tf,linear,0.021,0.1,1,3,0.7413804629250014,3.1608727810650885,0.4647887323943662,3.256656804733728,0.4857142857142857
L-LSPIN,lspin_tf,linear,0.021,0.1,1,4,0.6896406085340862,3.1608727810650885,0.4647887323943662,2.7777366863905324,0.3866666666666666
L-LSPIN,lspin_tf,linear,0.021,0.1,2,3,0.7083334649705901,3.256656804733728,0.4857142857142857,2.7777366863905324,0.3866666666666666
L-LSPIN,lspin_tf,linear,0.021,0.1,2,4,0.6670509528379126,3.1608727810650885,0.4647887323943662,2.586168639053254,0.3506493506493506
L-LSPIN,lspin_tf,linear,0.021,0.1,3,4,0.7533510317373295,3.0650887573964494,0.4444444444444444,2.9693047337278107,0.4246575342465753
L-LSPIN,lspin_tf,linear,0.028,0.1,0,1,0.757165218797219,2.8735207100591715,0.4054054054054054,2.6819526627218933,0.3684210526315789
L-LSPIN,lspin_tf,linear,0.028,0.1,0,2,0.7854614523721218,3.1608727810650885,0.4647887323943662,2.586168639053254,0.3506493506493506
L-LSPIN,lspin_tf,linear,0.028,0.1,0,3,0.766388592959506,3.352440828402367,0.5072463768115942,2.8735207100591715,0.4054054054054054
L-LSPIN,lspin_tf,linear,0.028,0.1,0,4,0.7774449750294792,3.448224852071006,0.5294117647058824,2.6819526627218933,0.3684210526315789
L-LSPIN,lspin_tf,linear,0.028,0.1,1,2,0.7874162271854079,2.9693047337278107,0.4246575342465753,2.8735207100591715,0.4054054054054054
L-LSPIN,lspin_tf,linear,0.028,0.1,1,3,0.7870022148132775,3.256656804733728,0.4857142857142857,2.8735207100591715,0.4054054054054054
L-LSPIN,lspin_tf,linear,0.028,0.1,1,4,0.7666202828873052,3.1608727810650885,0.4647887323943662,2.4903846153846154,0.3333333333333333
L-LSPIN,lspin_tf,linear,0.028,0.1,2,3,0.7607275599819912,2.8735207100591715,0.4054054054054054,3.0650887573964494,0.4444444444444444
L-LSPIN,lspin_tf,linear,0.028,0.1,2,4,0.765939184961297,2.9693047337278107,0.4246575342465753,2.8735207100591715,0.4054054054054054
L-LSPIN,lspin_tf,linear,0.028,0.1,3,4,0.7328865792077044,3.352440828402367,0.5072463768115942,2.6819526627218933,0.3684210526315789
L-Concrete,concrete,linear,0.00075,0.0,0,1,0.9370397247976046,4.02292899408284,0.6774193548387096,3.735576923076923,0.6
L-Concrete,concrete,linear,0.00075,0.0,0,2,0.9135797662799552,3.735576923076923,0.6,3.448224852071006,0.5294117647058824
L-Concrete,concrete,linear,0.00075,0.0,0,3,0.9382269046912878,4.214497041420118,0.7333333333333333,3.735576923076923,0.6
L-Concrete,concrete,linear,0.00075,0.0,0,4,0.9318885050571012,4.02292899408284,0.6774193548387096,3.735576923076923,0.6
L-Concrete,concrete,linear,0.00075,0.0,1,2,0.9064199689335952,3.5440088757396446,0.5522388059701493,4.118713017751479,0.7049180327868853
L-Concrete,concrete,linear,0.00075,0.0,1,3,0.9323917752564947,4.118713017751479,0.7049180327868853,3.639792899408284,0.5757575757575758
L-Concrete,concrete,linear,0.00075,0.0,1,4,0.9432041151610652,3.927144970414201,0.6507936507936508,4.02292899408284,0.6774193548387096
L-Concrete,concrete,linear,0.00075,0.0,2,3,0.9017336380764894,3.735576923076923,0.6,3.5440088757396446,0.5522388059701493
L-Concrete,concrete,linear,0.00075,0.0,2,4,0.9071510282201566,3.5440088757396446,0.5522388059701493,3.735576923076923,0.6
L-Concrete,concrete,linear,0.00075,0.0,3,4,0.925845145344839,4.118713017751479,0.7049180327868853,3.352440828402367,0.5072463768115942
L-Concrete,concrete,linear,0.001,0.0,0,1,0.9139749245338508,3.831360946745562,0.625,3.5440088757396446,0.5522388059701493
L-Concrete,concrete,linear,0.001,0.0,0,2,0.9411400648780838,4.02292899408284,0.6774193548387096,3.735576923076923,0.6
L-Concrete,concrete,linear,0.001,0.0,0,3,0.9326565697957844,4.214497041420118,0.7333333333333333,3.639792899408284,0.5757575757575758
L-Concrete,concrete,linear,0.001,0.0,0,4,0.9489707176033764,4.02292899408284,0.6774193548387096,3.735576923076923,0.6
L-Concrete,concrete,linear,0.001,0.0,1,2,0.9273333357047532,4.118713017751479,0.7049180327868853,3.639792899408284,0.5757575757575758
L-Concrete,concrete,linear,0.001,0.0,1,3,0.9345839147522668,4.02292899408284,0.6774193548387096,3.927144970414201,0.6507936507936508
L-Concrete,concrete,linear,0.001,0.0,1,4,0.9326959718141004,4.02292899408284,0.6774193548387096,3.831360946745562,0.625
L-Concrete,concrete,linear,0.001,0.0,2,3,0.9522134056202748,4.214497041420118,0.7333333333333333,4.118713017751479,0.7049180327868853
L-Concrete,concrete,linear,0.001,0.0,2,4,0.9573361995294104,4.501849112426036,0.8245614035087719,4.310281065088757,0.7627118644067796
L-Concrete,concrete,linear,0.001,0.0,3,4,0.9492915866450934,4.406065088757396,0.7931034482758621,3.927144970414201,0.6507936507936508
L-Concrete,concrete,linear,0.0015,0.0,0,1,0.9299076179292952,4.406065088757396,0.7931034482758621,3.735576923076923,0.6
L-Concrete,concrete,linear,0.0015,0.0,0,2,0.9276159569476012,4.02292899408284,0.6774193548387096,3.831360946745562,0.625
L-Concrete,concrete,linear,0.0015,0.0,0,3,0.9344869442302816,4.214497041420118,0.7333333333333333,3.735576923076923,0.6
L-Concrete,concrete,linear,0.0015,0.0,0,4,0.9382001093387012,4.214497041420118,0.7333333333333333,3.831360946745562,0.625
L-Concrete,concrete,linear,0.0015,0.0,1,2,0.9419953601646892,4.214497041420118,0.7333333333333333,3.927144970414201,0.6507936507936508
L-Concrete,concrete,linear,0.0015,0.0,1,3,0.9156751513056882,4.118713017751479,0.7049180327868853,3.5440088757396446,0.5522388059701493
L-Concrete,concrete,linear,0.0015,0.0,1,4,0.9328766029878118,4.310281065088757,0.7627118644067796,3.831360946745562,0.625
L-Concrete,concrete,linear,0.0015,0.0,2,3,0.9261722708731184,3.831360946745562,0.625,3.735576923076923,0.6
L-Concrete,concrete,linear,0.0015,0.0,2,4,0.9425114981922555,4.118713017751479,0.7049180327868853,3.831360946745562,0.625
L-Concrete,concrete,linear,0.0015,0.0,3,4,0.9382424611873972,4.214497041420118,0.7333333333333333,3.831360946745562,0.625
L-Concrete,concrete,linear,0.002,0.0,0,1,0.929615557761833,3.831360946745562,0.625,4.02292899408284,0.6774193548387096
L-Concrete,concrete,linear,0.002,0.0,0,2,0.9504330506511496,4.406065088757396,0.7931034482758621,4.118713017751479,0.7049180327868853
L-Concrete,concrete,linear,0.002,0.0,0,3,0.9363656276217684,4.02292899408284,0.6774193548387096,3.927144970414201,0.6507936507936508
L-Concrete,concrete,linear,0.002,0.0,0,4,0.9408849365249058,4.214497041420118,0.7333333333333333,3.927144970414201,0.6507936507936508
L-Concrete,concrete,linear,0.002,0.0,1,2,0.9160522100713132,4.02292899408284,0.6774193548387096,3.639792899408284,0.5757575757575758
L-Concrete,concrete,linear,0.002,0.0,1,3,0.937835685515106,3.927144970414201,0.6507936507936508,3.927144970414201,0.6507936507936508
L-Concrete,concrete,linear,0.002,0.0,1,4,0.9314398525775296,3.927144970414201,0.6507936507936508,3.639792899408284,0.5757575757575758
L-Concrete,concrete,linear,0.002,0.0,2,3,0.9382236951999569,4.310281065088757,0.7627118644067796,4.118713017751479,0.7049180327868853
L-Concrete,concrete,linear,0.002,0.0,2,4,0.9432535983425558,4.310281065088757,0.7627118644067796,4.118713017751479,0.7049180327868853
L-Concrete,concrete,linear,0.002,0.0,3,4,0.9491928101911912,4.406065088757396,0.7931034482758621,4.02292899408284,0.6774193548387096
L-Concrete,concrete,linear,0.0025,0.0,0,1,0.9272177795287778,3.831360946745562,0.625,3.831360946745562,0.625
L-Concrete,concrete,linear,0.0025,0.0,0,2,0.9377773509892776,4.310281065088757,0.7627118644067796,3.831360946745562,0.625
L-Concrete,concrete,linear,0.0025,0.0,0,3,0.946069405506811,4.310281065088757,0.7627118644067796,4.118713017751479,0.7049180327868853
L-Concrete,concrete,linear,0.0025,0.0,0,4,0.9191750238308104,4.214497041420118,0.7333333333333333,4.02292899408284,0.6774193548387096
L-Concrete,concrete,linear,0.0025,0.0,1,2,0.9373104368537388,4.02292899408284,0.6774193548387096,3.831360946745562,0.625
L-Concrete,concrete,linear,0.0025,0.0,1,3,0.9430012706034496,4.02292899408284,0.6774193548387096,3.639792899408284,0.5757575757575758
L-Concrete,concrete,linear,0.0025,0.0,1,4,0.933933766978184,3.927144970414201,0.6507936507936508,3.735576923076923,0.6
L-Concrete,concrete,linear,0.0025,0.0,2,3,0.9413893053394036,4.310281065088757,0.7627118644067796,3.639792899408284,0.5757575757575758
L-Concrete,concrete,linear,0.0025,0.0,2,4,0.9347671533071384,4.310281065088757,0.7627118644067796,3.735576923076923,0.6
L-Concrete,concrete,linear,0.0025,0.0,3,4,0.9396490884245582,4.501849112426036,0.8245614035087719,3.831360946745562,0.625
L-Concrete,concrete,linear,0.003,0.0,0,1,0.9434677652369846,4.118713017751479,0.7049180327868853,3.448224852071006,0.5294117647058824
L-Concrete,concrete,linear,0.003,0.0,0,2,0.9366038768323296,4.02292899408284,0.6774193548387096,3.639792899408284,0.5757575757575758
L-Concrete,concrete,linear,0.003,0.0,0,3,0.9268387942579802,3.927144970414201,0.6507936507936508,3.352440828402367,0.5072463768115942
L-Concrete,concrete,linear,0.003,0.0,0,4,0.9330434584168324,4.02292899408284,0.6774193548387096,3.639792899408284,0.5757575757575758
L-Concrete,concrete,linear,0.003,0.0,1,2,0.9330768846187107,4.310281065088757,0.7627118644067796,4.02292899408284,0.6774193548387096
L-Concrete,concrete,linear,0.003,0.0,1,3,0.9443599947747328,4.406065088757396,0.7931034482758621,3.735576923076923,0.6
L-Concrete,concrete,linear,0.003,0.0,1,4,0.9259245525350546,4.118713017751479,0.7049180327868853,3.831360946745562,0.625
L-Concrete,concrete,linear,0.003,0.0,2,3,0.9426924745755392,4.310281065088757,0.7627118644067796,3.927144970414201,0.6507936507936508
L-Concrete,concrete,linear,0.003,0.0,2,4,0.9417184169071598,4.118713017751479,0.7049180327868853,3.927144970414201,0.6507936507936508
L-Concrete,concrete,linear,0.003,0.0,3,4,0.9379886268659876,4.118713017751479,0.7049180327868853,4.02292899408284,0.6774193548387096
L-Concrete,concrete,linear,0.004,0.0,0,1,0.933534920969162,4.310281065088757,0.7627118644067796,3.5440088757396446,0.5522388059701493
L-Concrete,concrete,linear,0.004,0.0,0,2,0.949727888623666,4.02292899408284,0.6774193548387096,3.735576923076923,0.6
L-Concrete,concrete,linear,0.004,0.0,0,3,0.9339967779274608,4.02292899408284,0.6774193548387096,3.639792899408284,0.5757575757575758
L-Concrete,concrete,linear,0.004,0.0,0,4,0.956498079733955,4.118713017751479,0.7049180327868853,3.927144970414201,0.6507936507936508
L-Concrete,concrete,linear,0.004,0.0,1,2,0.9470305067168912,4.501849112426036,0.8245614035087719,4.214497041420118,0.7333333333333333
L-Concrete,concrete,linear,0.004,0.0,1,3,0.9377538779345616,4.118713017751479,0.7049180327868853,3.735576923076923,0.6
L-Concrete,concrete,linear,0.004,0.0,1,4,0.9364209708456064,4.310281065088757,0.7627118644067796,4.02292899408284,0.6774193548387096
L-Concrete,concrete,linear,0.004,0.0,2,3,0.9350784818833624,4.406065088757396,0.7931034482758621,3.735576923076923,0.6
L-Concrete,concrete,linear,0.004,0.0,2,4,0.9460809720133824,4.310281065088757,0.7627118644067796,4.118713017751479,0.7049180327868853
L-Concrete,concrete,linear,0.004,0.0,3,4,0.9248182156253169,4.214497041420118,0.7333333333333333,3.639792899408284,0.5757575757575758
L-Concrete,concrete,linear,0.006,0.0,0,1,0.9274556797159073,4.214497041420118,0.7333333333333333,3.639792899408284,0.5757575757575758
L-Concrete,concrete,linear,0.006,0.0,0,2,0.9241842419799944,3.927144970414201,0.6507936507936508,3.5440088757396446,0.5522388059701493
L-Concrete,concrete,linear,0.006,0.0,0,3,0.9146421217692162,4.406065088757396,0.7931034482758621,4.02292899408284,0.6774193548387096
L-Concrete,concrete,linear,0.006,0.0,0,4,0.9163381604172156,4.214497041420118,0.7333333333333333,2.9693047337278107,0.4246575342465753
L-Concrete,concrete,linear,0.006,0.0,1,2,0.9400336105989344,4.214497041420118,0.7333333333333333,3.639792899408284,0.5757575757575758
L-Concrete,concrete,linear,0.006,0.0,1,3,0.9293538556215768,4.118713017751479,0.7049180327868853,3.735576923076923,0.6
L-Concrete,concrete,linear,0.006,0.0,1,4,0.937051332761754,4.501849112426036,0.8245614035087719,3.256656804733728,0.4857142857142857
L-Concrete,concrete,linear,0.006,0.0,2,3,0.916725210403253,3.735576923076923,0.6,3.831360946745562,0.625
L-Concrete,concrete,linear,0.006,0.0,2,4,0.9258820891684022,4.214497041420118,0.7333333333333333,2.9693047337278107,0.4246575342465753
L-Concrete,concrete,linear,0.006,0.0,3,4,0.9324544391815176,4.214497041420118,0.7333333333333333,3.1608727810650885,0.4647887323943662
L-Concrete,concrete,linear,0.00075,0.025,0,1,0.9473639788400996,4.118713017751479,0.7049180327868853,3.927144970414201,0.6507936507936508
L-Concrete,concrete,linear,0.00075,0.025,0,2,0.9440631493471962,4.406065088757396,0.7931034482758621,4.02292899408284,0.6774193548387096
L-Concrete,concrete,linear,0.00075,0.025,0,3,0.941726684914654,4.310281065088757,0.7627118644067796,4.02292899408284,0.6774193548387096
L-Concrete,concrete,linear,0.00075,0.025,0,4,0.9443543711691796,4.310281065088757,0.7627118644067796,3.735576923076923,0.6
L-Concrete,concrete,linear,0.00075,0.025,1,2,0.9533379107861932,4.118713017751479,0.7049180327868853,3.639792899408284,0.5757575757575758
L-Concrete,concrete,linear,0.00075,0.025,1,3,0.9359171819281864,4.118713017751479,0.7049180327868853,3.448224852071006,0.5294117647058824
L-Concrete,concrete,linear,0.00075,0.025,1,4,0.951754643467134,4.118713017751479,0.7049180327868853,3.639792899408284,0.5757575757575758
L-Concrete,concrete,linear,0.00075,0.025,2,3,0.9320337313212256,4.214497041420118,0.7333333333333333,3.639792899408284,0.5757575757575758
L-Concrete,concrete,linear,0.00075,0.025,2,4,0.9471186755554016,4.118713017751479,0.7049180327868853,3.831360946745562,0.625
L-Concrete,concrete,linear,0.00075,0.025,3,4,0.9408878438917084,4.118713017751479,0.7049180327868853,3.5440088757396446,0.5522388059701493
L-Concrete,concrete,linear,0.001,0.025,0,1,0.9527485735675404,4.214497041420118,0.7333333333333333,3.927144970414201,0.6507936507936508
L-Concrete,concrete,linear,0.001,0.025,0,2,0.9414063341540546,4.214497041420118,0.7333333333333333,3.735576923076923,0.6
L-Concrete,concrete,linear,0.001,0.025,0,3,0.949105168023612,4.406065088757396,0.7931034482758621,3.639792899408284,0.5757575757575758
L-Concrete,concrete,linear,0.001,0.025,0,4,0.9597067204490158,4.501849112426036,0.8245614035087719,3.735576923076923,0.6
L-Concrete,concrete,linear,0.001,0.025,1,2,0.9443264557620288,3.927144970414201,0.6507936507936508,3.927144970414201,0.6507936507936508
L-Concrete,concrete,linear,0.001,0.025,1,3,0.9492442711226424,4.118713017751479,0.7049180327868853,3.5440088757396446,0.5522388059701493
L-Concrete,concrete,linear,0.001,0.025,1,4,0.951352750670966,4.501849112426036,0.8245614035087719,3.735576923076923,0.6
L-Concrete,concrete,linear,0.001,0.025,2,3,0.944940135310978,4.310281065088757,0.7627118644067796,3.831360946745562,0.625
L-Concrete,concrete,linear,0.001,0.025,2,4,0.9395066772183222,4.214497041420118,0.7333333333333333,3.639792899408284,0.5757575757575758
L-Concrete,concrete,linear,0.001,0.025,3,4,0.9508742516056852,4.501849112426036,0.8245614035087719,3.927144970414201,0.6507936507936508
L-Concrete,concrete,linear,0.0015,0.025,0,1,0.9428834196250456,4.214497041420118,0.7333333333333333,3.831360946745562,0.625
L-Concrete,concrete,linear,0.0015,0.025,0,2,0.9451215424655152,4.118713017751479,0.7049180327868853,3.639792899408284,0.5757575757575758
L-Concrete,concrete,linear,0.0015,0.025,0,3,0.9313976028097112,4.118713017751479,0.7049180327868853,3.5440088757396446,0.5522388059701493
L-Concrete,concrete,linear,0.0015,0.025,0,4,0.9411117201128106,4.118713017751479,0.7049180327868853,3.831360946745562,0.625
L-Concrete,concrete,linear,0.0015,0.025,1,2,0.9441008976342956,4.118713017751479,0.7049180327868853,3.927144970414201,0.6507936507936508
L-Concrete,concrete,linear,0.0015,0.025,1,3,0.9502808848729694,4.214497041420118,0.7333333333333333,4.02292899408284,0.6774193548387096
L-Concrete,concrete,linear,0.0015,0.025,1,4,0.9439023331196078,4.406065088757396,0.7931034482758621,4.02292899408284,0.6774193548387096
L-Concrete,concrete,linear,0.0015,0.025,2,3,0.9417234676850362,4.118713017751479,0.7049180327868853,3.927144970414201,0.6507936507936508
L-Concrete,concrete,linear,0.0015,0.025,2,4,0.9483528887672784,4.118713017751479,0.7049180327868853,3.831360946745562,0.625
L-Concrete,concrete,linear,0.0015,0.025,3,4,0.9415774482322442,4.118713017751479,0.7049180327868853,3.927144970414201,0.6507936507936508
L-Concrete,concrete,linear,0.002,0.025,0,1,0.9431146372680153,4.118713017751479,0.7049180327868853,3.639792899408284,0.5757575757575758
L-Concrete,concrete,linear,0.002,0.025,0,2,0.9416592200580802,4.118713017751479,0.7049180327868853,3.927144970414201,0.6507936507936508
L-Concrete,concrete,linear,0.002,0.025,0,3,0.9360408933937636,4.02292899408284,0.6774193548387096,3.352440828402367,0.5072463768115942
L-Concrete,concrete,linear,0.002,0.025,0,4,0.9349994808462112,3.927144970414201,0.6507936507936508,3.735576923076923,0.6
L-Concrete,concrete,linear,0.002,0.025,1,2,0.9437418554839638,4.118713017751479,0.7049180327868853,3.831360946745562,0.625
L-Concrete,concrete,linear,0.002,0.025,1,3,0.945726599690828,4.02292899408284,0.6774193548387096,3.831360946745562,0.625
L-Concrete,concrete,linear,0.002,0.025,1,4,0.9428482814470512,4.02292899408284,0.6774193548387096,3.927144970414201,0.6507936507936508
L-Concrete,concrete,linear,0.002,0.025,2,3,0.9452799321907628,4.118713017751479,0.7049180327868853,3.639792899408284,0.5757575757575758
L-Concrete,concrete,linear,0.002,0.025,2,4,0.9382933887072722,4.118713017751479,0.7049180327868853,4.02292899408284,0.6774193548387096
L-Concrete,concrete,linear,0.002,0.025,3,4,0.9481329204197168,4.118713017751479,0.7049180327868853,3.5440088757396446,0.5522388059701493
L-Concrete,concrete,linear,0.0025,0.025,0,1,0.9332236463180836,3.735576923076923,0.6,3.735576923076923,0.6
L-Concrete,concrete,linear,0.0025,0.025,0,2,0.9131112855870208,3.639792899408284,0.5757575757575758,3.256656804733728,0.4857142857142857
L-Concrete,concrete,linear,0.0025,0.025,0,3,0.932284279566429,4.118713017751479,0.7049180327868853,3.448224852071006,0.5294117647058824
L-Concrete,concrete,linear,0.0025,0.025,0,4,0.9255233325078532,3.927144970414201,0.6507936507936508,3.639792899408284,0.5757575757575758
L-Concrete,concrete,linear,0.0025,0.025,1,2,0.9320560615566196,4.214497041420118,0.7333333333333333,3.831360946745562,0.625
L-Concrete,concrete,linear,0.0025,0.025,1,3,0.9444613641028532,4.310281065088757,0.7627118644067796,3.639792899408284,0.5757575757575758
L-Concrete,concrete,linear,0.0025,0.025,1,4,0.9345272623133016,4.118713017751479,0.7049180327868853,3.831360946745562,0.625
L-Concrete,concrete,linear,0.0025,0.025,2,3,0.9422574383010724,4.118713017751479,0.7049180327868853,4.02292899408284,0.6774193548387096
L-Concrete,concrete,linear,0.0025,0.025,2,4,0.9288084905559482,3.831360946745562,0.625,3.639792899408284,0.5757575757575758
L-Concrete,concrete,linear,0.0025,0.025,3,4,0.9331870539100314,4.02292899408284,0.6774193548387096,3.831360946745562,0.625
L-Concrete,concrete,linear,0.003,0.025,0,1,0.952870405669716,4.406065088757396,0.7931034482758621,3.831360946745562,0.625
L-Concrete,concrete,linear,0.003,0.025,0,2,0.9290025132673176,4.214497041420118,0.7333333333333333,3.5440088757396446,0.5522388059701493
L-Concrete,concrete,linear,0.003,0.025,0,3,0.9490570441406078,4.310281065088757,0.7627118644067796,3.5440088757396446,0.5522388059701493
L-Concrete,concrete,linear,0.003,0.025,0,4,0.954990417673682,4.501849112426036,0.8245614035087719,3.639792899408284,0.5757575757575758
L-Concrete,concrete,linear,0.003,0.025,1,2,0.9387523243204624,4.118713017751479,0.7049180327868853,3.639792899408284,0.5757575757575758
L-Concrete,concrete,linear,0.003,0.025,1,3,0.9447948837945512,4.406065088757396,0.7931034482758621,3.448224852071006,0.5294117647058824
L-Concrete,concrete,linear,0.003,0.025,1,4,0.9450980159817972,4.597633136094674,0.8571428571428571,3.735576923076923,0.6
L-Concrete,concrete,linear,0.003,0.025,2,3,0.9329525256895962,4.02292899408284,0.6774193548387096,3.1608727810650885,0.4647887323943662
L-Concrete,concrete,linear,0.003,0.025,2,4,0.9294908517566182,4.214497041420118,0.7333333333333333,3.5440088757396446,0.5522388059701493
L-Concrete,concrete,linear,0.003,0.025,3,4,0.9461202166129544,4.406065088757396,0.7931034482758621,3.5440088757396446,0.5522388059701493
L-Concrete,concrete,linear,0.004,0.025,0,1,0.9462456133380236,3.927144970414201,0.6507936507936508,3.831360946745562,0.625
L-Concrete,concrete,linear,0.004,0.025,0,2,0.9325437632188684,3.927144970414201,0.6507936507936508,3.735576923076923,0.6
L-Concrete,concrete,linear,0.004,0.025,0,3,0.9250939733023708,3.927144970414201,0.6507936507936508,3.735576923076923,0.6
L-Concrete,concrete,linear,0.004,0.025,0,4,0.9233879664755072,3.927144970414201,0.6507936507936508,3.448224852071006,0.5294117647058824
L-Concrete,concrete,linear,0.004,0.025,1,2,0.944882569577502,4.02292899408284,0.6774193548387096,3.735576923076923,0.6
L-Concrete,concrete,linear,0.004,0.025,1,3,0.9390853666725892,4.406065088757396,0.7931034482758621,4.02292899408284,0.6774193548387096
L-Concrete,concrete,linear,0.004,0.025,1,4,0.944116357635104,4.02292899408284,0.6774193548387096,3.735576923076923,0.6
L-Concrete,concrete,linear,0.004,0.025,2,3,0.929808262678124,4.118713017751479,0.7049180327868853,3.1608727810650885,0.4647887323943662
L-Concrete,concrete,linear,0.004,0.025,2,4,0.9220005493869904,3.927144970414201,0.6507936507936508,3.352440828402367,0.5072463768115942
L-Concrete,concrete,linear,0.004,0.025,3,4,0.9352287528010832,4.118713017751479,0.7049180327868853,3.735576923076923,0.6
L-Concrete,concrete,linear,0.006,0.025,0,1,0.9204110106765748,3.927144970414201,0.6507936507936508,2.9693047337278107,0.4246575342465753
L-Concrete,concrete,linear,0.006,0.025,0,2,0.9222088639599332,3.831360946745562,0.625,3.352440828402367,0.5072463768115942
L-Concrete,concrete,linear,0.006,0.025,0,3,0.934847392991738,4.406065088757396,0.7931034482758621,3.1608727810650885,0.4647887323943662
L-Concrete,concrete,linear,0.006,0.025,0,4,0.891899984195455,3.5440088757396446,0.5522388059701493,2.8735207100591715,0.4054054054054054
L-Concrete,concrete,linear,0.006,0.025,1,2,0.9103269139095136,3.735576923076923,0.6,3.1608727810650885,0.4647887323943662
L-Concrete,concrete,linear,0.006,0.025,1,3,0.8964792559871726,4.02292899408284,0.6774193548387096,3.1608727810650885,0.4647887323943662
L-Concrete,concrete,linear,0.006,0.025,1,4,0.9089570514049417,3.831360946745562,0.625,3.5440088757396446,0.5522388059701493
L-Concrete,concrete,linear,0.006,0.025,2,3,0.9047437635935328,3.831360946745562,0.625,3.735576923076923,0.6
L-Concrete,concrete,linear,0.006,0.025,2,4,0.912618285323842,3.831360946745562,0.625,3.831360946745562,0.625
L-Concrete,concrete,linear,0.006,0.025,3,4,0.8803423510671402,3.735576923076923,0.6,3.1608727810650885,0.4647887323943662
L-Concrete,concrete,linear,0.00075,0.05,0,1,0.921697872459959,4.214497041420118,0.7333333333333333,3.5440088757396446,0.5522388059701493
L-Concrete,concrete,linear,0.00075,0.05,0,2,0.8750575066636762,3.831360946745562,0.625,3.0650887573964494,0.4444444444444444
L-Concrete,concrete,linear,0.00075,0.05,0,3,0.945251730726254,4.501849112426036,0.8245614035087719,3.831360946745562,0.625
L-Concrete,concrete,linear,0.00075,0.05,0,4,0.9407318661837222,4.02292899408284,0.6774193548387096,3.639792899408284,0.5757575757575758
L-Concrete,concrete,linear,0.00075,0.05,1,2,0.9238778575131896,4.310281065088757,0.7627118644067796,3.256656804733728,0.4857142857142857
L-Concrete,concrete,linear,0.00075,0.05,1,3,0.9169602031343322,4.02292899408284,0.6774193548387096,3.639792899408284,0.5757575757575758
L-Concrete,concrete,linear,0.00075,0.05,1,4,0.9137621694623612,3.831360946745562,0.625,3.448224852071006,0.5294117647058824
L-Concrete,concrete,linear,0.00075,0.05,2,3,0.8703593315052479,3.735576923076923,0.6,3.352440828402367,0.5072463768115942
L-Concrete,concrete,linear,0.00075,0.05,2,4,0.8614165219426911,3.735576923076923,0.6,2.9693047337278107,0.4246575342465753
L-Concrete,concrete,linear,0.00075,0.05,3,4,0.9379439224351568,4.02292899408284,0.6774193548387096,3.639792899408284,0.5757575757575758
L-Concrete,concrete,linear,0.001,0.05,0,1,0.9285053280090786,3.927144970414201,0.6507936507936508,4.118713017751479,0.7049180327868853
L-Concrete,concrete,linear,0.001,0.05,0,2,0.9357230014094804,4.406065088757396,0.7931034482758621,3.735576923076923,0.6
L-Concrete,concrete,linear,0.001,0.05,0,3,0.94773914825085,4.02292899408284,0.6774193548387096,3.927144970414201,0.6507936507936508
L-Concrete,concrete,linear,0.001,0.05,0,4,0.939900942616601,4.118713017751479,0.7049180327868853,4.02292899408284,0.6774193548387096
L-Concrete,concrete,linear,0.001,0.05,1,2,0.9003969416914811,4.02292899408284,0.6774193548387096,3.735576923076923,0.6
L-Concrete,concrete,linear,0.001,0.05,1,3,0.9325781433793006,4.02292899408284,0.6774193548387096,4.02292899408284,0.6774193548387096
L-Concrete,concrete,linear,0.001,0.05,1,4,0.9435522825784368,4.214497041420118,0.7333333333333333,3.831360946745562,0.625
L-Concrete,concrete,linear,0.001,0.05,2,3,0.933285620192463,4.02292899408284,0.6774193548387096,3.831360946745562,0.625
L-Concrete,concrete,linear,0.001,0.05,2,4,0.9272721752882972,3.831360946745562,0.625,3.927144970414201,0.6507936507936508
L-Concrete,concrete,linear,0.001,0.05,3,4,0.9553831195334084,3.831360946745562,0.625,4.118713017751479,0.7049180327868853
L-Concrete,concrete,linear,0.0015,0.05,0,1,0.9508825554631394,4.310281065088757,0.7627118644067796,3.639792899408284,0.5757575757575758
L-Concrete,concrete,linear,0.0015,0.05,0,2,0.9310255098550256,4.02292899408284,0.6774193548387096,3.639792899408284,0.5757575757575758
L-Concrete,concrete,linear,0.0015,0.05,0,3,0.9477580393128088,3.927144970414201,0.6507936507936508,3.735576923076923,0.6
L-Concrete,concrete,linear,0.0015,0.05,0,4,0.9542028435106942,4.214497041420118,0.7333333333333333,3.831360946745562,0.625
L-Concrete,concrete,linear,0.0015,0.05,1,2,0.9284141358694772,3.927144970414201,0.6507936507936508,3.5440088757396446,0.5522388059701493
L-Concrete,concrete,linear,0.0015,0.05,1,3,0.942851058712755,4.118713017751479,0.7049180327868853,3.831360946745562,0.625
L-Concrete,concrete,linear,0.0015,0.05,1,4,0.9540333774596929,4.310281065088757,0.7627118644067796,3.735576923076923,0.6
L-Concrete,concrete,linear,0.0015,0.05,2,3,0.9295280288100166,3.927144970414201,0.6507936507936508,3.639792899408284,0.5757575757575758
L-Concrete,concrete,linear,0.0015,0.05,2,4,0.9375338573352868,3.927144970414201,0.6507936507936508,3.639792899408284,0.5757575757575758
L-Concrete,concrete,linear,0.0015,0.05,3,4,0.9498006269140632,4.118713017751479,0.7049180327868853,3.831360946745562,0.625
L-Concrete,concrete,linear,0.002,0.05,0,1,0.924260102346048,3.927144970414201,0.6507936507936508,3.735576923076923,0.6
L-Concrete,concrete,linear,0.002,0.05,0,2,0.9300416631112016,4.214497041420118,0.7333333333333333,3.831360946745562,0.625
L-Concrete,concrete,linear,0.002,0.05,0,3,0.9329282571395944,4.214497041420118,0.7333333333333333,3.735576923076923,0.6
L-Concrete,concrete,linear,0.002,0.05,0,4,0.9343808049418996,4.310281065088757,0.7627118644067796,3.831360946745562,0.625
L-Concrete,concrete,linear,0.002,0.05,1,2,0.9122270018993832,4.02292899408284,0.6774193548387096,3.5440088757396446,0.5522388059701493
L-Concrete,concrete,linear,0.002,0.05,1,3,0.915931139508725,4.02292899408284,0.6774193548387096,3.639792899408284,0.5757575757575758
L-Concrete,concrete,linear,0.002,0.05,1,4,0.9279091175384182,4.118713017751479,0.7049180327868853,4.02292899408284,0.6774193548387096
L-Concrete,concrete,linear,0.002,0.05,2,3,0.9298998643877212,4.406065088757396,0.7931034482758621,3.927144970414201,0.6507936507936508
L-Concrete,concrete,linear,0.002,0.05,2,4,0.9183829778102012,4.214497041420118,0.7333333333333333,3.639792899408284,0.5757575757575758
L-Concrete,concrete,linear,0.002,0.05,3,4,0.9204297637273012,4.118713017751479,0.7049180327868853,3.927144970414201,0.6507936507936508
L-Concrete,concrete,linear,0.0025,0.05,0,1,0.9472716584398632,4.214497041420118,0.7333333333333333,3.639792899408284,0.5757575757575758
L-Concrete,concrete,linear,0.0025,0.05,0,2,0.9342842380144868,4.02292899408284,0.6774193548387096,3.352440828402367,0.5072463768115942
L-Concrete,concrete,linear,0.0025,0.05,0,3,0.9359443917496192,4.310281065088757,0.7627118644067796,3.352440828402367,0.5072463768115942
L-Concrete,concrete,linear,0.0025,0.05,0,4,0.9540253421993912,4.118713017751479,0.7049180327868853,3.5440088757396446,0.5522388059701493
L-Concrete,concrete,linear,0.0025,0.05,1,2,0.9381719145912668,4.214497041420118,0.7333333333333333,3.735576923076923,0.6
L-Concrete,concrete,linear,0.0025,0.05,1,3,0.9406055558983816,4.118713017751479,0.7049180327868853,3.735576923076923,0.6
L-Concrete,concrete,linear,0.0025,0.05,1,4,0.9470108404783156,3.927144970414201,0.6507936507936508,3.352440828402367,0.5072463768115942
L-Concrete,concrete,linear,0.0025,0.05,2,3,0.9256245080519376,4.02292899408284,0.6774193548387096,3.639792899408284,0.5757575757575758
L-Concrete,concrete,linear,0.0025,0.05,2,4,0.934193245734695,4.02292899408284,0.6774193548387096,3.352440828402367,0.5072463768115942
L-Concrete,concrete,linear,0.0025,0.05,3,4,0.9398452515296803,4.02292899408284,0.6774193548387096,3.448224852071006,0.5294117647058824
L-Concrete,concrete,linear,0.003,0.05,0,1,0.9368284804677448,4.118713017751479,0.7049180327868853,3.831360946745562,0.625
L-Concrete,concrete,linear,0.003,0.05,0,2,0.9308314396234044,4.118713017751479,0.7049180327868853,3.639792899408284,0.5757575757575758
L-Concrete,concrete,linear,0.003,0.05,0,3,0.9405116409531946,4.214497041420118,0.7333333333333333,3.735576923076923,0.6
L-Concrete,concrete,linear,0.003,0.05,0,4,0.9317987272378114,4.214497041420118,0.7333333333333333,3.927144970414201,0.6507936507936508
L-Concrete,concrete,linear,0.003,0.05,1,2,0.9367145008459056,4.118713017751479,0.7049180327868853,3.831360946745562,0.625
L-Concrete,concrete,linear,0.003,0.05,1,3,0.9286015199017784,4.214497041420118,0.7333333333333333,3.639792899408284,0.5757575757575758
L-Concrete,concrete,linear,0.003,0.05,1,4,0.9266192767326012,3.927144970414201,0.6507936507936508,3.831360946745562,0.625
L-Concrete,concrete,linear,0.003,0.05,2,3,0.9373786034511742,4.02292899408284,0.6774193548387096,3.352440828402367,0.5072463768115942
L-Concrete,concrete,linear,0.003,0.05,2,4,0.9367768268183658,3.927144970414201,0.6507936507936508,3.639792899408284,0.5757575757575758
L-Concrete,concrete,linear,0.003,0.05,3,4,0.9146484703690172,3.927144970414201,0.6507936507936508,3.352440828402367,0.5072463768115942
L-Concrete,concrete,linear,0.004,0.05,0,1,0.9368739676878712,4.310281065088757,0.7627118644067796,3.256656804733728,0.4857142857142857
L-Concrete,concrete,linear,0.004,0.05,0,2,0.930024178405008,4.118713017751479,0.7049180327868853,3.448224852071006,0.5294117647058824
L-Concrete,concrete,linear,0.004,0.05,0,3,0.9297684796223172,4.310281065088757,0.7627118644067796,3.256656804733728,0.4857142857142857
L-Concrete,concrete,linear,0.004,0.05,0,4,0.9499968947567738,4.501849112426036,0.8245614035087719,3.5440088757396446,0.5522388059701493
L-Concrete,concrete,linear,0.004,0.05,1,2,0.9208118978871588,4.02292899408284,0.6774193548387096,3.5440088757396446,0.5522388059701493
L-Concrete,concrete,linear,0.004,0.05,1,3,0.9252338572716072,4.214497041420118,0.7333333333333333,3.352440828402367,0.5072463768115942
L-Concrete,concrete,linear,0.004,0.05,1,4,0.9451785196498138,4.310281065088757,0.7627118644067796,3.448224852071006,0.5294117647058824
L-Concrete,concrete,linear,0.004,0.05,2,3,0.9188656916076732,4.118713017751479,0.7049180327868853,3.639792899408284,0.5757575757575758
L-Concrete,concrete,linear,0.004,0.05,2,4,0.934052323550132,4.310281065088757,0.7627118644067796,3.735576923076923,0.6
L-Concrete,concrete,linear,0.004,0.05,3,4,0.9290216890619104,4.214497041420118,0.7333333333333333,3.256656804733728,0.4857142857142857
L-Concrete,concrete,linear,0.006,0.05,0,1,0.918747318643954,4.310281065088757,0.7627118644067796,3.735576923076923,0.6
L-Concrete,concrete,linear,0.006,0.05,0,2,0.9202524465831142,4.501849112426036,0.8245614035087719,3.256656804733728,0.4857142857142857
L-Concrete,concrete,linear,0.006,0.05,0,3,0.9069608154251374,4.310281065088757,0.7627118644067796,3.1608727810650885,0.4647887323943662
L-Concrete,concrete,linear,0.006,0.05,0,4,0.921671000979796,4.310281065088757,0.7627118644067796,3.5440088757396446,0.5522388059701493
L-Concrete,concrete,linear,0.006,0.05,1,2,0.9107882458916212,3.927144970414201,0.6507936507936508,3.1608727810650885,0.4647887323943662
L-Concrete,concrete,linear,0.006,0.05,1,3,0.922092092543135,4.310281065088757,0.7627118644067796,3.1608727810650885,0.4647887323943662
L-Concrete,concrete,linear,0.006,0.05,1,4,0.9249665177204944,4.118713017751479,0.7049180327868853,3.448224852071006,0.5294117647058824
L-Concrete,concrete,linear,0.006,0.05,2,3,0.8795296406566663,4.118713017751479,0.7049180327868853,2.6819526627218933,0.3684210526315789
L-Concrete,concrete,linear,0.006,0.05,2,4,0.9242620401484845,4.214497041420118,0.7333333333333333,3.5440088757396446,0.5522388059701493
L-Concrete,concrete,linear,0.006,0.05,3,4,0.9068551723550584,4.118713017751479,0.7049180327868853,3.256656804733728,0.4857142857142857
L-Concrete,concrete,linear,0.00075,0.1,0,1,0.9223189636207432,4.310281065088757,0.7627118644067796,3.927144970414201,0.6507936507936508
L-Concrete,concrete,linear,0.00075,0.1,0,2,0.927554315217667,4.310281065088757,0.7627118644067796,3.831360946745562,0.625
L-Concrete,concrete,linear,0.00075,0.1,0,3,0.9165255555030356,4.214497041420118,0.7333333333333333,3.927144970414201,0.6507936507936508
L-Concrete,concrete,linear,0.00075,0.1,0,4,0.9316597639349908,4.214497041420118,0.7333333333333333,4.118713017751479,0.7049180327868853
L-Concrete,concrete,linear,0.00075,0.1,1,2,0.9355741451057996,4.214497041420118,0.7333333333333333,3.735576923076923,0.6
L-Concrete,concrete,linear,0.00075,0.1,1,3,0.919426319907368,4.118713017751479,0.7049180327868853,3.927144970414201,0.6507936507936508
L-Concrete,concrete,linear,0.00075,0.1,1,4,0.9286636877803952,4.118713017751479,0.7049180327868853,3.831360946745562,0.625
L-Concrete,concrete,linear,0.00075,0.1,2,3,0.940348286041841,4.214497041420118,0.7333333333333333,4.118713017751479,0.7049180327868853
L-Concrete,concrete,linear,0.00075,0.1,2,4,0.9398025169622778,4.02292899408284,0.6774193548387096,4.310281065088757,0.7627118644067796
L-Concrete,concrete,linear,0.00075,0.1,3,4,0.9408477982266932,4.118713017751479,0.7049180327868853,4.02292899408284,0.6774193548387096
L-Concrete,concrete,linear,0.001,0.1,0,1,0.9180996823438932,4.118713017751479,0.7049180327868853,3.5440088757396446,0.5522388059701493
L-Concrete,concrete,linear,0.001,0.1,0,2,0.918478040799334,4.310281065088757,0.7627118644067796,3.639792899408284,0.5757575757575758
L-Concrete,concrete,linear,0.001,0.1,0,3,0.9026482913360868,4.118713017751479,0.7049180327868853,3.639792899408284,0.5757575757575758
L-Concrete,concrete,linear,0.001,0.1,0,4,0.9184662667969368,4.02292899408284,0.6774193548387096,3.735576923076923,0.6
L-Concrete,concrete,linear,0.001,0.1,1,2,0.9404929673865464,4.214497041420118,0.7333333333333333,3.352440828402367,0.5072463768115942
L-Concrete,concrete,linear,0.001,0.1,1,3,0.9319911566278558,3.927144970414201,0.6507936507936508,3.927144970414201,0.6507936507936508
L-Concrete,concrete,linear,0.001,0.1,1,4,0.9296837959725468,4.214497041420118,0.7333333333333333,3.735576923076923,0.6
L-Concrete,concrete,linear,0.001,0.1,2,3,0.9412009342810904,4.310281065088757,0.7627118644067796,3.927144970414201,0.6507936507936508
L-Concrete,concrete,linear,0.001,0.1,2,4,0.929030009279825,4.214497041420118,0.7333333333333333,3.927144970414201,0.6507936507936508
L-Concrete,concrete,linear,0.001,0.1,3,4,0.910487038763204,3.735576923076923,0.6,3.831360946745562,0.625
L-Concrete,concrete,linear,0.0015,0.1,0,1,0.9264684248150732,4.310281065088757,0.7627118644067796,3.735576923076923,0.6
L-Concrete,concrete,linear,0.0015,0.1,0,2,0.9226507895841312,4.118713017751479,0.7049180327868853,3.927144970414201,0.6507936507936508
L-Concrete,concrete,linear,0.0015,0.1,0,3,0.9302496154452432,4.118713017751479,0.7049180327868853,3.352440828402367,0.5072463768115942
L-Concrete,concrete,linear,0.0015,0.1,0,4,0.9452682597617458,4.501849112426036,0.8245614035087719,3.831360946745562,0.625
L-Concrete,concrete,linear,0.0015,0.1,1,2,0.9155788806961256,4.02292899408284,0.6774193548387096,3.735576923076923,0.6
L-Concrete,concrete,linear,0.0015,0.1,1,3,0.9223664160013384,3.927144970414201,0.6507936507936508,3.448224852071006,0.5294117647058824
L-Concrete,concrete,linear,0.0015,0.1,1,4,0.936338331414625,4.214497041420118,0.7333333333333333,3.448224852071006,0.5294117647058824
L-Concrete,concrete,linear,0.0015,0.1,2,3,0.9211545909206166,4.406065088757396,0.7931034482758621,3.831360946745562,0.625
L-Concrete,concrete,linear,0.0015,0.1,2,4,0.9285517313521392,4.02292899408284,0.6774193548387096,3.927144970414201,0.6507936507936508
L-Concrete,concrete,linear,0.0015,0.1,3,4,0.9299609804068169,4.214497041420118,0.7333333333333333,3.5440088757396446,0.5522388059701493
L-Concrete,concrete,linear,0.002,0.1,0,1,0.9097064289361484,3.831360946745562,0.625,3.927144970414201,0.6507936507936508
L-Concrete,concrete,linear,0.002,0.1,0,2,0.8887942879680972,3.831360946745562,0.625,3.448224852071006,0.5294117647058824
L-Concrete,concrete,linear,0.002,0.1,0,3,0.922330025188486,3.927144970414201,0.6507936507936508,3.5440088757396446,0.5522388059701493
L-Concrete,concrete,linear,0.002,0.1,0,4,0.921975551282612,3.735576923076923,0.6,3.639792899408284,0.5757575757575758
L-Concrete,concrete,linear,0.002,0.1,1,2,0.942340081578322,3.831360946745562,0.625,3.735576923076923,0.6
L-Concrete,concrete,linear,0.002,0.1,1,3,0.9342379952366724,4.118713017751479,0.7049180327868853,3.927144970414201,0.6507936507936508
L-Concrete,concrete,linear,0.002,0.1,1,4,0.9282591123085177,4.02292899408284,0.6774193548387096,3.5440088757396446,0.5522388059701493
L-Concrete,concrete,linear,0.002,0.1,2,3,0.9303408001608529,4.118713017751479,0.7049180327868853,4.02292899408284,0.6774193548387096
L-Concrete,concrete,linear,0.002,0.1,2,4,0.9283899230071836,4.02292899408284,0.6774193548387096,3.735576923076923,0.6
L-Concrete,concrete,linear,0.002,0.1,3,4,0.9314538110549948,4.118713017751479,0.7049180327868853,3.256656804733728,0.4857142857142857
L-Concrete,concrete,linear,0.0025,0.1,0,1,0.9327320208574192,4.310281065088757,0.7627118644067796,3.639792899408284,0.5757575757575758
L-Concrete,concrete,linear,0.0025,0.1,0,2,0.92742564065473,4.214497041420118,0.7333333333333333,3.448224852071006,0.5294117647058824
L-Concrete,concrete,linear,0.0025,0.1,0,3,0.9381589774365536,4.118713017751479,0.7049180327868853,3.448224852071006,0.5294117647058824
L-Concrete,concrete,linear,0.0025,0.1,0,4,0.9443979518549238,4.214497041420118,0.7333333333333333,3.735576923076923,0.6
L-Concrete,concrete,linear,0.0025,0.1,1,2,0.9217856509342826,4.214497041420118,0.7333333333333333,3.352440828402367,0.5072463768115942
L-Concrete,concrete,linear,0.0025,0.1,1,3,0.9244431920337745,4.118713017751479,0.7049180327868853,3.639792899408284,0.5757575757575758
L-Concrete,concrete,linear,0.0025,0.1,1,4,0.93632014616703,4.118713017751479,0.7049180327868853,3.639792899408284,0.5757575757575758
L-Concrete,concrete,linear,0.0025,0.1,2,3,0.9391389061801416,4.118713017751479,0.7049180327868853,3.735576923076923,0.6
L-Concrete,concrete,linear,0.0025,0.1,2,4,0.9205447879016104,4.02292899408284,0.6774193548387096,3.5440088757396446,0.5522388059701493
L-Concrete,concrete,linear,0.0025,0.1,3,4,0.928989332332715,4.118713017751479,0.7049180327868853,3.1608727810650885,0.4647887323943662
L-Concrete,concrete,linear,0.003,0.1,0,1,0.9394091529933402,4.118713017751479,0.7049180327868853,3.831360946745562,0.625
L-Concrete,concrete,linear,0.003,0.1,0,2,0.9341896432369614,3.927144970414201,0.6507936507936508,3.831360946745562,0.625
L-Concrete,concrete,linear,0.003,0.1,0,3,0.9261123541251396,3.927144970414201,0.6507936507936508,3.735576923076923,0.6
L-Concrete,concrete,linear,0.003,0.1,0,4,0.9136892618206937,3.831360946745562,0.625,3.639792899408284,0.5757575757575758
L-Concrete,concrete,linear,0.003,0.1,1,2,0.9326396109089647,4.118713017751479,0.7049180327868853,3.735576923076923,0.6
L-Concrete,concrete,linear,0.003,0.1,1,3,0.9311730050061838,4.214497041420118,0.7333333333333333,3.5440088757396446,0.5522388059701493
L-Concrete,concrete,linear,0.003,0.1,1,4,0.9187575948293336,4.214497041420118,0.7333333333333333,3.831360946745562,0.625
L-Concrete,concrete,linear,0.003,0.1,2,3,0.9256033702190468,4.118713017751479,0.7049180327868853,3.831360946745562,0.625
L-Concrete,concrete,linear,0.003,0.1,2,4,0.9082800755980724,4.118713017751479,0.7049180327868853,3.735576923076923,0.6
L-Concrete,concrete,linear,0.003,0.1,3,4,0.913727489344662,3.927144970414201,0.6507936507936508,3.5440088757396446,0.5522388059701493
L-Concrete,concrete,linear,0.004,0.1,0,1,0.9269356458197868,4.02292899408284,0.6774193548387096,3.5440088757396446,0.5522388059701493
L-Concrete,concrete,linear,0.004,0.1,0,2,0.9258938217958304,4.214497041420118,0.7333333333333333,3.735576923076923,0.6
L-Concrete,concrete,linear,0.004,0.1,0,3,0.9294453953338284,3.831360946745562,0.625,4.02292899408284,0.6774193548387096
L-Concrete,concrete,linear,0.004,0.1,0,4,0.9090581641269426,3.831360946745562,0.625,3.1608727810650885,0.4647887323943662
L-Concrete,concrete,linear,0.004,0.1,1,2,0.9382362356338568,4.406065088757396,0.7931034482758621,3.5440088757396446,0.5522388059701493
L-Concrete,concrete,linear,0.004,0.1,1,3,0.946554963745764,4.214497041420118,0.7333333333333333,3.831360946745562,0.625
L-Concrete,concrete,linear,0.004,0.1,1,4,0.9288859632579404,4.310281065088757,0.7627118644067796,3.256656804733728,0.4857142857142857
L-Concrete,concrete,linear,0.004,0.1,2,3,0.9463208585026494,4.118713017751479,0.7049180327868853,3.735576923076923,0.6
L-Concrete,concrete,linear,0.004,0.1,2,4,0.9437074379208764,4.118713017751479,0.7049180327868853,3.448224852071006,0.5294117647058824
L-Concrete,concrete,linear,0.004,0.1,3,4,0.9446392968340644,4.501849112426036,0.8245614035087719,3.5440088757396446,0.5522388059701493
L-Concrete,concrete,linear,0.006,0.1,0,1,0.9120625034985018,4.118713017751479,0.7049180327868853,3.1608727810650885,0.4647887323943662
L-Concrete,concrete,linear,0.006,0.1,0,2,0.9005890457051619,3.831360946745562,0.625,3.1608727810650885,0.4647887323943662
L-Concrete,concrete,linear,0.006,0.1,0,3,0.9108906456749464,4.118713017751479,0.7049180327868853,3.352440828402367,0.5072463768115942
L-Concrete,concrete,linear,0.006,0.1,0,4,0.9086585560410512,4.02292899408284,0.6774193548387096,3.256656804733728,0.4857142857142857
L-Concrete,concrete,linear,0.006,0.1,1,2,0.8822767391122265,3.735576923076923,0.6,3.1608727810650885,0.4647887323943662
L-Concrete,concrete,linear,0.006,0.1,1,3,0.9390118555707864,4.02292899408284,0.6774193548387096,3.639792899408284,0.5757575757575758
L-Concrete,concrete,linear,0.006,0.1,1,4,0.935083080003058,4.406065088757396,0.7931034482758621,3.448224852071006,0.5294117647058824
L-Concrete,concrete,linear,0.006,0.1,2,3,0.8962271248549847,4.118713017751479,0.7049180327868853,2.7777366863905324,0.3866666666666666
L-Concrete,concrete,linear,0.006,0.1,2,4,0.9070126077905288,4.02292899408284,0.6774193548387096,2.9693047337278107,0.4246575342465753
L-Concrete,concrete,linear,0.006,0.1,3,4,0.9172376111071012,4.118713017751479,0.7049180327868853,3.1608727810650885,0.4647887323943662
L-Concrete,concrete,linear,0.00075,0.0,0,1,0.9621236016836434,4.501849112426036,0.8245614035087719,4.02292899408284,0.6774193548387096
L-Concrete,concrete,linear,0.00075,0.0,0,2,0.9529410677879592,4.214497041420118,0.7333333333333333,4.02292899408284,0.6774193548387096
L-Concrete,concrete,linear,0.00075,0.0,0,3,0.9353864255701811,4.214497041420118,0.7333333333333333,3.927144970414201,0.6507936507936508
L-Concrete,concrete,linear,0.00075,0.0,0,4,0.9382546371090073,4.118713017751479,0.7049180327868853,4.02292899408284,0.6774193548387096
L-Concrete,concrete,linear,0.00075,0.0,1,2,0.9509868373550816,4.310281065088757,0.7627118644067796,4.118713017751479,0.7049180327868853
L-Concrete,concrete,linear,0.00075,0.0,1,3,0.9364663743891198,4.214497041420118,0.7333333333333333,4.02292899408284,0.6774193548387096
L-Concrete,concrete,linear,0.00075,0.0,1,4,0.9317874640968332,4.118713017751479,0.7049180327868853,4.118713017751479,0.7049180327868853
L-Concrete,concrete,linear,0.00075,0.0,2,3,0.9164902815224552,4.02292899408284,0.6774193548387096,3.831360946745562,0.625
L-Concrete,concrete,linear,0.00075,0.0,2,4,0.9517758834422028,4.02292899408284,0.6774193548387096,4.02292899408284,0.6774193548387096
L-Concrete,concrete,linear,0.00075,0.0,3,4,0.904997409424028,3.927144970414201,0.6507936507936508,3.639792899408284,0.5757575757575758
L-Concrete,concrete,linear,0.001,0.0,0,1,0.9178245211907252,4.406065088757396,0.7931034482758621,3.448224852071006,0.5294117647058824
L-Concrete,concrete,linear,0.001,0.0,0,2,0.9471850286315562,4.310281065088757,0.7627118644067796,3.831360946745562,0.625
L-Concrete,concrete,linear,0.001,0.0,0,3,0.9412051206982396,4.406065088757396,0.7931034482758621,4.118713017751479,0.7049180327868853
L-Concrete,concrete,linear,0.001,0.0,0,4,0.946388733411648,4.310281065088757,0.7627118644067796,3.831360946745562,0.625
L-Concrete,concrete,linear,0.001,0.0,1,2,0.926222236860888,4.310281065088757,0.7627118644067796,3.735576923076923,0.6
L-Concrete,concrete,linear,0.001,0.0,1,3,0.9477747314494734,4.406065088757396,0.7931034482758621,4.118713017751479,0.7049180327868853
L-Concrete,concrete,linear,0.001,0.0,1,4,0.946674139608424,4.501849112426036,0.8245614035087719,3.927144970414201,0.6507936507936508
L-Concrete,concrete,linear,0.001,0.0,2,3,0.9408730822414572,4.118713017751479,0.7049180327868853,3.639792899408284,0.5757575757575758
L-Concrete,concrete,linear,0.001,0.0,2,4,0.9503446630260256,4.310281065088757,0.7627118644067796,3.831360946745562,0.625
L-Concrete,concrete,linear,0.001,0.0,3,4,0.9498406608569095,4.406065088757396,0.7931034482758621,3.831360946745562,0.625
L-Concrete,concrete,linear,0.0015,0.0,0,1,0.9427937296786248,4.214497041420118,0.7333333333333333,3.831360946745562,0.625
L-Concrete,concrete,linear,0.0015,0.0,0,2,0.9484373556624964,4.310281065088757,0.7627118644067796,3.927144970414201,0.6507936507936508
L-Concrete,concrete,linear,0.0015,0.0,0,3,0.9500223285951556,4.310281065088757,0.7627118644067796,4.214497041420118,0.7333333333333333
L-Concrete,concrete,linear,0.0015,0.0,0,4,0.948956013878882,4.310281065088757,0.7627118644067796,4.118713017751479,0.7049180327868853
L-Concrete,concrete,linear,0.0015,0.0,1,2,0.9423381137674732,4.310281065088757,0.7627118644067796,3.639792899408284,0.5757575757575758
L-Concrete,concrete,linear,0.0015,0.0,1,3,0.9463741202625556,4.406065088757396,0.7931034482758621,3.735576923076923,0.6
L-Concrete,concrete,linear,0.0015,0.0,1,4,0.9505163537175768,4.501849112426036,0.8245614035087719,3.735576923076923,0.6
L-Concrete,concrete,linear,0.0015,0.0,2,3,0.9606917231898762,4.597633136094674,0.8571428571428571,4.02292899408284,0.6774193548387096
L-Concrete,concrete,linear,0.0015,0.0,2,4,0.9513265569565232,4.310281065088757,0.7627118644067796,3.927144970414201,0.6507936507936508
L-Concrete,concrete,linear,0.0015,0.0,3,4,0.9555277559552918,4.501849112426036,0.8245614035087719,4.118713017751479,0.7049180327868853
L-Concrete,concrete,linear,0.002,0.0,0,1,0.9466063340886448,4.501849112426036,0.8245614035087719,3.831360946745562,0.625
L-Concrete,concrete,linear,0.002,0.0,0,2,0.9539974646748344,4.214497041420118,0.7333333333333333,3.927144970414201,0.6507936507936508
L-Concrete,concrete,linear,0.002,0.0,0,3,0.9524905109805556,3.927144970414201,0.6507936507936508,3.831360946745562,0.625
L-Concrete,concrete,linear,0.002,0.0,0,4,0.9394400811424232,4.214497041420118,0.7333333333333333,3.735576923076923,0.6
L-Concrete,concrete,linear,0.002,0.0,1,2,0.95975564930228,4.214497041420118,0.7333333333333333,3.927144970414201,0.6507936507936508
L-Concrete,concrete,linear,0.002,0.0,1,3,0.9526789839207128,4.214497041420118,0.7333333333333333,4.02292899408284,0.6774193548387096
L-Concrete,concrete,linear,0.002,0.0,1,4,0.9594960690425212,4.310281065088757,0.7627118644067796,3.735576923076923,0.6
L-Concrete,concrete,linear,0.002,0.0,2,3,0.9540774971055108,4.02292899408284,0.6774193548387096,3.927144970414201,0.6507936507936508
L-Concrete,concrete,linear,0.002,0.0,2,4,0.9567997507574364,4.02292899408284,0.6774193548387096,3.5440088757396446,0.5522388059701493
L-Concrete,concrete,linear,0.002,0.0,3,4,0.9532061822565598,4.214497041420118,0.7333333333333333,3.927144970414201,0.6507936507936508
L-Concrete,concrete,linear,0.0025,0.0,0,1,0.953114864611882,4.406065088757396,0.7931034482758621,4.118713017751479,0.7049180327868853
L-Concrete,concrete,linear,0.0025,0.0,0,2,0.9512633222693712,4.118713017751479,0.7049180327868853,4.118713017751479,0.7049180327868853
L-Concrete,concrete,linear,0.0025,0.0,0,3,0.9605655901886612,4.310281065088757,0.7627118644067796,4.310281065088757,0.7627118644067796
L-Concrete,concrete,linear,0.0025,0.0,0,4,0.9509903933522512,4.118713017751479,0.7049180327868853,3.927144970414201,0.6507936507936508
L-Concrete,concrete,linear,0.0025,0.0,1,2,0.943857375763942,4.118713017751479,0.7049180327868853,3.927144970414201,0.6507936507936508
L-Concrete,concrete,linear,0.0025,0.0,1,3,0.9583645077511836,4.501849112426036,0.8245614035087719,3.831360946745562,0.625
L-Concrete,concrete,linear,0.0025,0.0,1,4,0.948751229070786,4.406065088757396,0.7931034482758621,3.735576923076923,0.6
L-Concrete,concrete,linear,0.0025,0.0,2,3,0.9515468236067534,4.310281065088757,0.7627118644067796,4.02292899408284,0.6774193548387096
L-Concrete,concrete,linear,0.0025,0.0,2,4,0.9469218248782434,4.118713017751479,0.7049180327868853,3.831360946745562,0.625
L-Concrete,concrete,linear,0.0025,0.0,3,4,0.9533471726169026,4.310281065088757,0.7627118644067796,4.02292899408284,0.6774193548387096
L-Concrete,concrete,linear,0.003,0.0,0,1,0.9504931890526976,4.214497041420118,0.7333333333333333,3.927144970414201,0.6507936507936508
L-Concrete,concrete,linear,0.003,0.0,0,2,0.9481703583465418,4.02292899408284,0.6774193548387096,3.927144970414201,0.6507936507936508
L-Concrete,concrete,linear,0.003,0.0,0,3,0.9483139161055576,4.310281065088757,0.7627118644067796,3.639792899408284,0.5757575757575758
L-Concrete,concrete,linear,0.003,0.0,0,4,0.9378974318634904,4.310281065088757,0.7627118644067796,3.927144970414201,0.6507936507936508
L-Concrete,concrete,linear,0.003,0.0,1,2,0.9494064511853862,4.310281065088757,0.7627118644067796,4.214497041420118,0.7333333333333333
L-Concrete,concrete,linear,0.003,0.0,1,3,0.946322467830143,4.118713017751479,0.7049180327868853,4.02292899408284,0.6774193548387096
L-Concrete,concrete,linear,0.003,0.0,1,4,0.941152588295986,4.310281065088757,0.7627118644067796,4.02292899408284,0.6774193548387096
L-Concrete,concrete,linear,0.003,0.0,2,3,0.9446320532958322,4.406065088757396,0.7931034482758621,3.831360946745562,0.625
L-Concrete,concrete,linear,0.003,0.0,2,4,0.940467565706091,4.310281065088757,0.7627118644067796,3.831360946745562,0.625
L-Concrete,concrete,linear,0.003,0.0,3,4,0.9370617560396726,4.406065088757396,0.7931034482758621,3.639792899408284,0.5757575757575758
L-Concrete,concrete,linear,0.004,0.0,0,1,0.9430487437353062,4.214497041420118,0.7333333333333333,3.5440088757396446,0.5522388059701493
L-Concrete,concrete,linear,0.004,0.0,0,2,0.9422370370688457,4.118713017751479,0.7049180327868853,3.5440088757396446,0.5522388059701493
L-Concrete,concrete,linear,0.004,0.0,0,3,0.9425940623619828,4.118713017751479,0.7049180327868853,3.639792899408284,0.5757575757575758
L-Concrete,concrete,linear,0.004,0.0,0,4,0.9328642300602508,4.118713017751479,0.7049180327868853,3.256656804733728,0.4857142857142857
L-Concrete,concrete,linear,0.004,0.0,1,2,0.9446613943336324,4.118713017751479,0.7049180327868853,3.927144970414201,0.6507936507936508
L-Concrete,concrete,linear,0.004,0.0,1,3,0.9564977696605976,4.406065088757396,0.7931034482758621,3.639792899408284,0.5757575757575758
L-Concrete,concrete,linear,0.004,0.0,1,4,0.9434662376033592,4.02292899408284,0.6774193548387096,3.735576923076923,0.6
L-Concrete,concrete,linear,0.004,0.0,2,3,0.9481486565753732,4.501849112426036,0.8245614035087719,4.02292899408284,0.6774193548387096
L-Concrete,concrete,linear,0.004,0.0,2,4,0.9308555302564356,4.214497041420118,0.7333333333333333,3.639792899408284,0.5757575757575758
L-Concrete,concrete,linear,0.004,0.0,3,4,0.924331368806169,4.214497041420118,0.7333333333333333,3.735576923076923,0.6
L-Concrete,concrete,linear,0.006,0.0,0,1,0.9321648399826435,4.118713017751479,0.7049180327868853,3.927144970414201,0.6507936507936508
L-Concrete,concrete,linear,0.006,0.0,0,2,0.932991121706458,4.02292899408284,0.6774193548387096,3.831360946745562,0.625
L-Concrete,concrete,linear,0.006,0.0,0,3,0.9273958926330292,4.118713017751479,0.7049180327868853,3.448224852071006,0.5294117647058824
L-Concrete,concrete,linear,0.006,0.0,0,4,0.9168197992722614,4.02292899408284,0.6774193548387096,3.735576923076923,0.6
L-Concrete,concrete,linear,0.006,0.0,1,2,0.9441322306291092,4.118713017751479,0.7049180327868853,3.735576923076923,0.6
L-Concrete,concrete,linear,0.006,0.0,1,3,0.930300600649626,4.02292899408284,0.6774193548387096,3.735576923076923,0.6
L-Concrete,concrete,linear,0.006,0.0,1,4,0.9189090132780332,4.214497041420118,0.7333333333333333,3.352440828402367,0.5072463768115942
L-Concrete,concrete,linear,0.006,0.0,2,3,0.9396667084751504,4.310281065088757,0.7627118644067796,3.352440828402367,0.5072463768115942
L-Concrete,concrete,linear,0.006,0.0,2,4,0.9062264979049208,3.927144970414201,0.6507936507936508,3.448224852071006,0.5294117647058824
L-Concrete,concrete,linear,0.006,0.0,3,4,0.9075380145414884,4.214497041420118,0.7333333333333333,3.0650887573964494,0.4444444444444444
L-Concrete,concrete,linear,0.00075,0.025,0,1,0.9411931587494629,4.02292899408284,0.6774193548387096,3.5440088757396446,0.5522388059701493
L-Concrete,concrete,linear,0.00075,0.025,0,2,0.9509054788836954,3.927144970414201,0.6507936507936508,3.735576923076923,0.6
L-Concrete,concrete,linear,0.00075,0.025,0,3,0.9453262584308306,4.118713017751479,0.7049180327868853,4.02292899408284,0.6774193548387096
L-Concrete,concrete,linear,0.00075,0.025,0,4,0.9469553812609156,4.118713017751479,0.7049180327868853,3.639792899408284,0.5757575757575758
L-Concrete,concrete,linear,0.00075,0.025,1,2,0.9596054334697024,4.406065088757396,0.7931034482758621,4.02292899408284,0.6774193548387096
L-Concrete,concrete,linear,0.00075,0.025,1,3,0.9345226385958962,4.214497041420118,0.7333333333333333,3.639792899408284,0.5757575757575758
L-Concrete,concrete,linear,0.00075,0.025,1,4,0.9278086188901854,4.214497041420118,0.7333333333333333,3.448224852071006,0.5294117647058824
L-Concrete,concrete,linear,0.00075,0.025,2,3,0.9408469624408656,4.214497041420118,0.7333333333333333,4.02292899408284,0.6774193548387096
L-Concrete,concrete,linear,0.00075,0.025,2,4,0.952297955270836,4.214497041420118,0.7333333333333333,3.639792899408284,0.5757575757575758
L-Concrete,concrete,linear,0.00075,0.025,3,4,0.9382807867526884,4.118713017751479,0.7049180327868853,3.735576923076923,0.6
L-Concrete,concrete,linear,0.001,0.025,0,1,0.942979626117895,4.214497041420118,0.7333333333333333,3.927144970414201,0.6507936507936508
L-Concrete,concrete,linear,0.001,0.025,0,2,0.9400512892246058,4.310281065088757,0.7627118644067796,4.02292899408284,0.6774193548387096
L-Concrete,concrete,linear,0.001,0.025,0,3,0.9441178555741904,4.310281065088757,0.7627118644067796,3.927144970414201,0.6507936507936508
L-Concrete,concrete,linear,0.001,0.025,0,4,0.9382399797528574,4.214497041420118,0.7333333333333333,3.639792899408284,0.5757575757575758
L-Concrete,concrete,linear,0.001,0.025,1,2,0.9504283557089788,4.214497041420118,0.7333333333333333,4.118713017751479,0.7049180327868853
L-Concrete,concrete,linear,0.001,0.025,1,3,0.9469913443161614,4.310281065088757,0.7627118644067796,3.927144970414201,0.6507936507936508
L-Concrete,concrete,linear,0.001,0.025,1,4,0.9436970424405874,4.02292899408284,0.6774193548387096,3.831360946745562,0.625
L-Concrete,concrete,linear,0.001,0.025,2,3,0.9479258955728784,4.310281065088757,0.7627118644067796,3.927144970414201,0.6507936507936508
L-Concrete,concrete,linear,0.001,0.025,2,4,0.9498855264992068,4.118713017751479,0.7049180327868853,3.639792899408284,0.5757575757575758
L-Concrete,concrete,linear,0.001,0.025,3,4,0.9535601114677106,4.310281065088757,0.7627118644067796,3.639792899408284,0.5757575757575758
L-Concrete,concrete,linear,0.0015,0.025,0,1,0.9427929588259868,4.118713017751479,0.7049180327868853,3.831360946745562,0.625
L-Concrete,concrete,linear,0.0015,0.025,0,2,0.9587408913439984,4.214497041420118,0.7333333333333333,3.831360946745562,0.625
L-Concrete,concrete,linear,0.0015,0.025,0,3,0.9494119144187284,4.214497041420118,0.7333333333333333,3.831360946745562,0.625
L-Concrete,concrete,linear,0.0015,0.025,0,4,0.950651242169518,4.118713017751479,0.7049180327868853,4.118713017751479,0.7049180327868853
L-Concrete,concrete,linear,0.0015,0.025,1,2,0.9447268975659612,4.310281065088757,0.7627118644067796,4.02292899408284,0.6774193548387096
L-Concrete,concrete,linear,0.0015,0.025,1,3,0.9530346326217516,4.501849112426036,0.8245614035087719,3.735576923076923,0.6
L-Concrete,concrete,linear,0.0015,0.025,1,4,0.9428406429762268,4.310281065088757,0.7627118644067796,4.02292899408284,0.6774193548387096
L-Concrete,concrete,linear,0.0015,0.025,2,3,0.9494250749228934,4.501849112426036,0.8245614035087719,3.831360946745562,0.625
L-Concrete,concrete,linear,0.0015,0.025,2,4,0.9447690145267548,4.214497041420118,0.7333333333333333,3.831360946745562,0.625
L-Concrete,concrete,linear,0.0015,0.025,3,4,0.9464837149061848,4.406065088757396,0.7931034482758621,3.927144970414201,0.6507936507936508
L-Concrete,concrete,linear,0.002,0.025,0,1,0.9342326059540644,4.406065088757396,0.7931034482758621,3.735576923076923,0.6
L-Concrete,concrete,linear,0.002,0.025,0,2,0.9438634695177868,4.118713017751479,0.7049180327868853,4.02292899408284,0.6774193548387096
L-Concrete,concrete,linear,0.002,0.025,0,3,0.9519940111582398,4.310281065088757,0.7627118644067796,3.5440088757396446,0.5522388059701493
L-Concrete,concrete,linear,0.002,0.025,0,4,0.9345940145580032,3.831360946745562,0.625,3.831360946745562,0.625
L-Concrete,concrete,linear,0.002,0.025,1,2,0.9499294719449316,4.214497041420118,0.7333333333333333,4.02292899408284,0.6774193548387096
L-Concrete,concrete,linear,0.002,0.025,1,3,0.9539268886651951,4.597633136094674,0.8571428571428571,3.927144970414201,0.6507936507936508
L-Concrete,concrete,linear,0.002,0.025,1,4,0.9499169610046908,4.406065088757396,0.7931034482758621,3.927144970414201,0.6507936507936508
L-Concrete,concrete,linear,0.002,0.025,2,3,0.9533542920912872,4.214497041420118,0.7333333333333333,4.214497041420118,0.7333333333333333
L-Concrete,concrete,linear,0.002,0.025,2,4,0.9482152724093932,4.02292899408284,0.6774193548387096,3.831360946745562,0.625
L-Concrete,concrete,linear,0.002,0.025,3,4,0.944794663616738,4.118713017751479,0.7049180327868853,3.735576923076923,0.6
L-Concrete,concrete,linear,0.0025,0.025,0,1,0.9486038920542786,4.406065088757396,0.7931034482758621,3.639792899408284,0.5757575757575758
L-Concrete,concrete,linear,0.0025,0.025,0,2,0.9383385391763382,4.02292899408284,0.6774193548387096,3.639792899408284,0.5757575757575758
L-Concrete,concrete,linear,0.0025,0.025,0,3,0.94734982972249,4.501849112426036,0.8245614035087719,3.735576923076923,0.6
L-Concrete,concrete,linear,0.0025,0.025,0,4,0.9125351411123344,4.02292899408284,0.6774193548387096,3.448224852071006,0.5294117647058824
L-Concrete,concrete,linear,0.0025,0.025,1,2,0.9263310950333602,4.02292899408284,0.6774193548387096,3.735576923076923,0.6
L-Concrete,concrete,linear,0.0025,0.025,1,3,0.934121143083029,4.214497041420118,0.7333333333333333,3.448224852071006,0.5294117647058824
L-Concrete,concrete,linear,0.0025,0.025,1,4,0.9154394105127456,4.118713017751479,0.7049180327868853,3.5440088757396446,0.5522388059701493
L-Concrete,concrete,linear,0.0025,0.025,2,3,0.9344858436586808,4.02292899408284,0.6774193548387096,3.5440088757396446,0.5522388059701493
L-Concrete,concrete,linear,0.0025,0.025,2,4,0.9251456531419956,4.214497041420118,0.7333333333333333,3.831360946745562,0.625
L-Concrete,concrete,linear,0.0025,0.025,3,4,0.9212119450886492,4.02292899408284,0.6774193548387096,3.639792899408284,0.5757575757575758
L-Concrete,concrete,linear,0.003,0.025,0,1,0.9408155308297268,4.310281065088757,0.7627118644067796,3.831360946745562,0.625
L-Concrete,concrete,linear,0.003,0.025,0,2,0.9498899514791194,4.118713017751479,0.7049180327868853,3.639792899408284,0.5757575757575758
L-Concrete,concrete,linear,0.003,0.025,0,3,0.9432778156366148,4.118713017751479,0.7049180327868853,3.735576923076923,0.6
L-Concrete,concrete,linear,0.003,0.025,0,4,0.952879810583619,4.214497041420118,0.7333333333333333,4.02292899408284,0.6774193548387096
L-Concrete,concrete,linear,0.003,0.025,1,2,0.9400637776206132,4.214497041420118,0.7333333333333333,3.927144970414201,0.6507936507936508
L-Concrete,concrete,linear,0.003,0.025,1,3,0.9485927032114512,4.214497041420118,0.7333333333333333,3.927144970414201,0.6507936507936508
L-Concrete,concrete,linear,0.003,0.025,1,4,0.9415780349246048,4.214497041420118,0.7333333333333333,4.02292899408284,0.6774193548387096
L-Concrete,concrete,linear,0.003,0.025,2,3,0.953752185277238,3.927144970414201,0.6507936507936508,3.735576923076923,0.6
L-Concrete,concrete,linear,0.003,0.025,2,4,0.9610364554965054,4.501849112426036,0.8245614035087719,4.02292899408284,0.6774193548387096
L-Concrete,concrete,linear,0.003,0.025,3,4,0.951807982930266,4.310281065088757,0.7627118644067796,4.02292899408284,0.6774193548387096
L-Concrete,concrete,linear,0.004,0.025,0,1,0.946600015295188,4.406065088757396,0.7931034482758621,3.735576923076923,0.6
L-Concrete,concrete,linear,0.004,0.025,0,2,0.934035890378918,4.214497041420118,0.7333333333333333,3.448224852071006,0.5294117647058824
L-Concrete,concrete,linear,0.004,0.025,0,3,0.926932714003063,4.118713017751479,0.7049180327868853,3.831360946745562,0.625
L-Concrete,concrete,linear,0.004,0.025,0,4,0.9359266522907688,4.501849112426036,0.8245614035087719,4.02292899408284,0.6774193548387096
L-Concrete,concrete,linear,0.004,0.025,1,2,0.9378343760720484,4.214497041420118,0.7333333333333333,3.448224852071006,0.5294117647058824
L-Concrete,concrete,linear,0.004,0.025,1,3,0.9234259403703924,4.214497041420118,0.7333333333333333,3.735576923076923,0.6
L-Concrete,concrete,linear,0.004,0.025,1,4,0.9423465245499656,4.310281065088757,0.7627118644067796,3.352440828402367,0.5072463768115942
L-Concrete,concrete,linear,0.004,0.025,2,3,0.9335871341326276,4.406065088757396,0.7931034482758621,3.256656804733728,0.4857142857142857
L-Concrete,concrete,linear,0.004,0.025,2,4,0.93786116169004,4.310281065088757,0.7627118644067796,3.352440828402367,0.5072463768115942
L-Concrete,concrete,linear,0.004,0.025,3,4,0.9215347589083184,4.118713017751479,0.7049180327868853,3.5440088757396446,0.5522388059701493
L-Concrete,concrete,linear,0.006,0.025,0,1,0.9447639212082392,4.310281065088757,0.7627118644067796,3.735576923076923,0.6
L-Concrete,concrete,linear,0.006,0.025,0,2,0.9330550743344966,4.02292899408284,0.6774193548387096,3.5440088757396446,0.5522388059701493
L-Concrete,concrete,linear,0.006,0.025,0,3,0.9477122715186372,4.501849112426036,0.8245614035087719,3.735576923076923,0.6
L-Concrete,concrete,linear,0.006,0.025,0,4,0.9487384617272429,4.310281065088757,0.7627118644067796,3.5440088757396446,0.5522388059701493
L-Concrete,concrete,linear,0.006,0.025,1,2,0.92683001635518,3.831360946745562,0.625,3.352440828402367,0.5072463768115942
L-Concrete,concrete,linear,0.006,0.025,1,3,0.9476192557774018,4.214497041420118,0.7333333333333333,3.831360946745562,0.625
L-Concrete,concrete,linear,0.006,0.025,1,4,0.9398420624118462,4.02292899408284,0.6774193548387096,3.831360946745562,0.625
L-Concrete,concrete,linear,0.006,0.025,2,3,0.934685286025358,4.02292899408284,0.6774193548387096,3.831360946745562,0.625
L-Concrete,concrete,linear,0.006,0.025,2,4,0.9378309144798116,3.831360946745562,0.625,3.831360946745562,0.625
L-Concrete,concrete,linear,0.006,0.025,3,4,0.9446092332550008,4.118713017751479,0.7049180327868853,3.831360946745562,0.625
L-Concrete,concrete,linear,0.00075,0.05,0,1,0.9509977962713962,4.118713017751479,0.7049180327868853,3.927144970414201,0.6507936507936508
L-Concrete,concrete,linear,0.00075,0.05,0,2,0.9533870955603856,4.118713017751479,0.7049180327868853,3.831360946745562,0.625
L-Concrete,concrete,linear,0.00075,0.05,0,3,0.9537874015018646,4.406065088757396,0.7931034482758621,4.02292899408284,0.6774193548387096
L-Concrete,concrete,linear,0.00075,0.05,0,4,0.9501156609885716,4.02292899408284,0.6774193548387096,4.214497041420118,0.7333333333333333
L-Concrete,concrete,linear,0.00075,0.05,1,2,0.9491423809672632,4.214497041420118,0.7333333333333333,3.831360946745562,0.625
L-Concrete,concrete,linear,0.00075,0.05,1,3,0.9331139182119332,4.118713017751479,0.7049180327868853,3.831360946745562,0.625
L-Concrete,concrete,linear,0.00075,0.05,1,4,0.9359212430358034,3.735576923076923,0.6,3.927144970414201,0.6507936507936508
L-Concrete,concrete,linear,0.00075,0.05,2,3,0.9502399116781328,4.501849112426036,0.8245614035087719,3.831360946745562,0.625
L-Concrete,concrete,linear,0.00075,0.05,2,4,0.9506868646920266,4.214497041420118,0.7333333333333333,4.118713017751479,0.7049180327868853
L-Concrete,concrete,linear,0.00075,0.05,3,4,0.9366792883790448,4.310281065088757,0.7627118644067796,4.214497041420118,0.7333333333333333
L-Concrete,concrete,linear,0.001,0.05,0,1,0.9451369856591558,4.406065088757396,0.7931034482758621,4.02292899408284,0.6774193548387096
L-Concrete,concrete,linear,0.001,0.05,0,2,0.9490151245463692,4.406065088757396,0.7931034482758621,3.831360946745562,0.625
L-Concrete,concrete,linear,0.001,0.05,0,3,0.9613851820430234,4.310281065088757,0.7627118644067796,3.735576923076923,0.6
L-Concrete,concrete,linear,0.001,0.05,0,4,0.943763592795244,4.406065088757396,0.7931034482758621,3.5440088757396446,0.5522388059701493
L-Concrete,concrete,linear,0.001,0.05,1,2,0.9453827284804092,4.214497041420118,0.7333333333333333,3.735576923076923,0.6
L-Concrete,concrete,linear,0.001,0.05,1,3,0.9503009617344867,4.214497041420118,0.7333333333333333,3.927144970414201,0.6507936507936508
L-Concrete,concrete,linear,0.001,0.05,1,4,0.9408669339673826,4.406065088757396,0.7931034482758621,3.639792899408284,0.5757575757575758
L-Concrete,concrete,linear,0.001,0.05,2,3,0.9480786147140864,4.310281065088757,0.7627118644067796,3.735576923076923,0.6
L-Concrete,concrete,linear,0.001,0.05,2,4,0.9318779299090492,4.214497041420118,0.7333333333333333,3.5440088757396446,0.5522388059701493
L-Concrete,concrete,linear,0.001,0.05,3,4,0.9482649305203176,4.310281065088757,0.7627118644067796,3.831360946745562,0.625
L-Concrete,concrete,linear,0.0015,0.05,0,1,0.9423358870783752,4.310281065088757,0.7627118644067796,3.448224852071006,0.5294117647058824
L-Concrete,concrete,linear,0.0015,0.05,0,2,0.9565999654344292,4.406065088757396,0.7931034482758621,3.831360946745562,0.625
L-Concrete,concrete,linear,0.0015,0.05,0,3,0.9494127935595312,4.406065088757396,0.7931034482758621,3.927144970414201,0.6507936507936508
L-Concrete,concrete,linear,0.0015,0.05,0,4,0.9523863836585276,4.310281065088757,0.7627118644067796,3.735576923076923,0.6
L-Concrete,concrete,linear,0.0015,0.05,1,2,0.9473995001140052,4.02292899408284,0.6774193548387096,3.831360946745562,0.625
L-Concrete,concrete,linear,0.0015,0.05,1,3,0.9472231648069882,4.214497041420118,0.7333333333333333,4.02292899408284,0.6774193548387096
L-Concrete,concrete,linear,0.0015,0.05,1,4,0.951760052837523,4.214497041420118,0.7333333333333333,3.639792899408284,0.5757575757575758
L-Concrete,concrete,linear,0.0015,0.05,2,3,0.9535294474024382,4.501849112426036,0.8245614035087719,4.118713017751479,0.7049180327868853
L-Concrete,concrete,linear,0.0015,0.05,2,4,0.9522714455021486,4.118713017751479,0.7049180327868853,4.02292899408284,0.6774193548387096
L-Concrete,concrete,linear,0.0015,0.05,3,4,0.949661525884126,4.214497041420118,0.7333333333333333,3.735576923076923,0.6
L-Concrete,concrete,linear,0.002,0.05,0,1,0.9475067903098552,4.214497041420118,0.7333333333333333,3.448224852071006,0.5294117647058824
L-Concrete,concrete,linear,0.002,0.05,0,2,0.9522346952128788,4.406065088757396,0.7931034482758621,3.927144970414201,0.6507936507936508
L-Concrete,concrete,linear,0.002,0.05,0,3,0.9501958435988126,4.118713017751479,0.7049180327868853,3.927144970414201,0.6507936507936508
L-Concrete,concrete,linear,0.002,0.05,0,4,0.9461837293422122,4.310281065088757,0.7627118644067796,4.02292899408284,0.6774193548387096
L-Concrete,concrete,linear,0.002,0.05,1,2,0.9477255880452332,4.118713017751479,0.7049180327868853,3.639792899408284,0.5757575757575758
L-Concrete,concrete,linear,0.002,0.05,1,3,0.9483266017538936,3.831360946745562,0.625,3.927144970414201,0.6507936507936508
L-Concrete,concrete,linear,0.002,0.05,1,4,0.9434143894044104,4.118713017751479,0.7049180327868853,3.735576923076923,0.6
L-Concrete,concrete,linear,0.002,0.05,2,3,0.9562510950542876,4.310281065088757,0.7627118644067796,3.735576923076923,0.6
L-Concrete,concrete,linear,0.002,0.05,2,4,0.9393026882136334,4.214497041420118,0.7333333333333333,3.735576923076923,0.6
L-Concrete,concrete,linear,0.002,0.05,3,4,0.9416368460754604,4.02292899408284,0.6774193548387096,3.927144970414201,0.6507936507936508
L-Concrete,concrete,linear,0.0025,0.05,0,1,0.9487602211324544,4.214497041420118,0.7333333333333333,3.639792899408284,0.5757575757575758
L-Concrete,concrete,linear,0.0025,0.05,0,2,0.9355051295448892,4.02292899408284,0.6774193548387096,3.352440828402367,0.5072463768115942
L-Concrete,concrete,linear,0.0025,0.05,0,3,0.9359244586348158,4.118713017751479,0.7049180327868853,3.639792899408284,0.5757575757575758
L-Concrete,concrete,linear,0.0025,0.05,0,4,0.9353974847140863,4.118713017751479,0.7049180327868853,3.639792899408284,0.5757575757575758
L-Concrete,concrete,linear,0.0025,0.05,1,2,0.9396485176244604,4.02292899408284,0.6774193548387096,3.639792899408284,0.5757575757575758
L-Concrete,concrete,linear,0.0025,0.05,1,3,0.939558761967512,4.02292899408284,0.6774193548387096,3.448224852071006,0.5294117647058824
L-Concrete,concrete,linear,0.0025,0.05,1,4,0.9502935971499752,4.406065088757396,0.7931034482758621,3.735576923076923,0.6
L-Concrete,concrete,linear,0.0025,0.05,2,3,0.9464920141103124,4.02292899408284,0.6774193548387096,3.639792899408284,0.5757575757575758
L-Concrete,concrete,linear,0.0025,0.05,2,4,0.936862825115528,4.214497041420118,0.7333333333333333,3.5440088757396446,0.5522388059701493
L-Concrete,concrete,linear,0.0025,0.05,3,4,0.9392642965578156,4.118713017751479,0.7049180327868853,3.831360946745562,0.625
L-Concrete,concrete,linear,0.003,0.05,0,1,0.9547164004350384,4.406065088757396,0.7931034482758621,4.02292899408284,0.6774193548387096
L-Concrete,concrete,linear,0.003,0.05,0,2,0.9507598680424107,4.310281065088757,0.7627118644067796,3.927144970414201,0.6507936507936508
L-Concrete,concrete,linear,0.003,0.05,0,3,0.939924690827114,4.406065088757396,0.7931034482758621,3.639792899408284,0.5757575757575758
L-Concrete,concrete,linear,0.003,0.05,0,4,0.9511252388550856,4.310281065088757,0.7627118644067796,3.927144970414201,0.6507936507936508
L-Concrete,concrete,linear,0.003,0.05,1,2,0.9382312612113736,4.406065088757396,0.7931034482758621,3.831360946745562,0.625
L-Concrete,concrete,linear,0.003,0.05,1,3,0.9350392760610776,4.310281065088757,0.7627118644067796,3.352440828402367,0.5072463768115942
L-Concrete,concrete,linear,0.003,0.05,1,4,0.9423214454898216,4.02292899408284,0.6774193548387096,3.735576923076923,0.6
L-Concrete,concrete,linear,0.003,0.05,2,3,0.9313087190324214,4.118713017751479,0.7049180327868853,3.5440088757396446,0.5522388059701493
L-Concrete,concrete,linear,0.003,0.05,2,4,0.9424476205881174,4.214497041420118,0.7333333333333333,3.831360946745562,0.625
L-Concrete,concrete,linear,0.003,0.05,3,4,0.9346570393394912,4.310281065088757,0.7627118644067796,3.831360946745562,0.625
L-Concrete,concrete,linear,0.004,0.05,0,1,0.9447542278501884,4.406065088757396,0.7931034482758621,3.448224852071006,0.5294117647058824
L-Concrete,concrete,linear,0.004,0.05,0,2,0.9404952786192472,4.310281065088757,0.7627118644067796,3.831360946745562,0.625
L-Concrete,concrete,linear,0.004,0.05,0,3,0.9503288820492934,4.406065088757396,0.7931034482758621,3.735576923076923,0.6
L-Concrete,concrete,linear,0.004,0.05,0,4,0.9408051431924546,4.406065088757396,0.7931034482758621,3.639792899408284,0.5757575757575758
L-Concrete,concrete,linear,0.004,0.05,1,2,0.9443763460225428,4.02292899408284,0.6774193548387096,3.927144970414201,0.6507936507936508
L-Concrete,concrete,linear,0.004,0.05,1,3,0.9453602870429376,4.118713017751479,0.7049180327868853,3.5440088757396446,0.5522388059701493
L-Concrete,concrete,linear,0.004,0.05,1,4,0.9441486234308704,4.118713017751479,0.7049180327868853,3.735576923076923,0.6
L-Concrete,concrete,linear,0.004,0.05,2,3,0.920351977700314,3.927144970414201,0.6507936507936508,3.639792899408284,0.5757575757575758
L-Concrete,concrete,linear,0.004,0.05,2,4,0.929463384860234,3.831360946745562,0.625,3.448224852071006,0.5294117647058824
L-Concrete,concrete,linear,0.004,0.05,3,4,0.9324242034998088,4.118713017751479,0.7049180327868853,3.448224852071006,0.5294117647058824
L-Concrete,concrete,linear,0.006,0.05,0,1,0.9427496964720216,4.310281065088757,0.7627118644067796,3.639792899408284,0.5757575757575758
L-Concrete,concrete,linear,0.006,0.05,0,2,0.9409909072732188,4.406065088757396,0.7931034482758621,3.5440088757396446,0.5522388059701493
L-Concrete,concrete,linear,0.006,0.05,0,3,0.9410452775485388,4.214497041420118,0.7333333333333333,3.448224852071006,0.5294117647058824
L-Concrete,concrete,linear,0.006,0.05,0,4,0.9476109864225593,4.214497041420118,0.7333333333333333,3.831360946745562,0.625
L-Concrete,concrete,linear,0.006,0.05,1,2,0.935862964503122,4.310281065088757,0.7627118644067796,3.831360946745562,0.625
L-Concrete,concrete,linear,0.006,0.05,1,3,0.9338740840099904,4.310281065088757,0.7627118644067796,3.352440828402367,0.5072463768115942
L-Concrete,concrete,linear,0.006,0.05,1,4,0.9387687641005464,4.310281065088757,0.7627118644067796,3.831360946745562,0.625
L-Concrete,concrete,linear,0.006,0.05,2,3,0.9409516494731592,4.406065088757396,0.7931034482758621,3.1608727810650885,0.4647887323943662
L-Concrete,concrete,linear,0.006,0.05,2,4,0.9436286794102906,4.214497041420118,0.7333333333333333,3.639792899408284,0.5757575757575758
L-Concrete,concrete,linear,0.006,0.05,3,4,0.9432114278625372,4.310281065088757,0.7627118644067796,3.5440088757396446,0.5522388059701493
L-Concrete,concrete,linear,0.00075,0.1,0,1,0.9319089557282414,4.118713017751479,0.7049180327868853,3.5440088757396446,0.5522388059701493
L-Concrete,concrete,linear,0.00075,0.1,0,2,0.9431492627050768,4.02292899408284,0.6774193548387096,3.831360946745562,0.625
L-Concrete,concrete,linear,0.00075,0.1,0,3,0.9322791524927672,4.02292899408284,0.6774193548387096,3.639792899408284,0.5757575757575758
L-Concrete,concrete,linear,0.00075,0.1,0,4,0.9437618342398209,4.214497041420118,0.7333333333333333,3.831360946745562,0.625
L-Concrete,concrete,linear,0.00075,0.1,1,2,0.9428763928678296,4.406065088757396,0.7931034482758621,3.831360946745562,0.625
L-Concrete,concrete,linear,0.00075,0.1,1,3,0.9458819327926882,4.310281065088757,0.7627118644067796,3.831360946745562,0.625
L-Concrete,concrete,linear,0.00075,0.1,1,4,0.9403970909982714,4.406065088757396,0.7931034482758621,3.831360946745562,0.625
L-Concrete,concrete,linear,0.00075,0.1,2,3,0.9468103611740732,4.118713017751479,0.7049180327868853,4.118713017751479,0.7049180327868853
L-Concrete,concrete,linear,0.00075,0.1,2,4,0.9501371919562228,4.406065088757396,0.7931034482758621,4.02292899408284,0.6774193548387096
L-Concrete,concrete,linear,0.00075,0.1,3,4,0.9341081986229152,4.310281065088757,0.7627118644067796,3.735576923076923,0.6
L-Concrete,concrete,linear,0.001,0.1,0,1,0.9326110099496188,4.214497041420118,0.7333333333333333,3.831360946745562,0.625
L-Concrete,concrete,linear,0.001,0.1,0,2,0.9341205508940243,4.214497041420118,0.7333333333333333,3.735576923076923,0.6
L-Concrete,concrete,linear,0.001,0.1,0,3,0.9454319740956032,4.214497041420118,0.7333333333333333,3.831360946745562,0.625
L-Concrete,concrete,linear,0.001,0.1,0,4,0.9514888489485044,4.214497041420118,0.7333333333333333,3.831360946745562,0.625
L-Concrete,concrete,linear,0.001,0.1,1,2,0.9319507795129413,4.118713017751479,0.7049180327868853,3.735576923076923,0.6
L-Concrete,concrete,linear,0.001,0.1,1,3,0.930349128277356,4.310281065088757,0.7627118644067796,3.927144970414201,0.6507936507936508
L-Concrete,concrete,linear,0.001,0.1,1,4,0.9428388476547502,4.214497041420118,0.7333333333333333,3.927144970414201,0.6507936507936508
L-Concrete,concrete,linear,0.001,0.1,2,3,0.924780192004471,4.02292899408284,0.6774193548387096,4.02292899408284,0.6774193548387096
L-Concrete,concrete,linear,0.001,0.1,2,4,0.9382594782258706,4.118713017751479,0.7049180327868853,3.639792899408284,0.5757575757575758
L-Concrete,concrete,linear,0.001,0.1,3,4,0.947323671829028,4.406065088757396,0.7931034482758621,3.927144970414201,0.6507936507936508
L-Concrete,concrete,linear,0.0015,0.1,0,1,0.9514947096897862,4.214497041420118,0.7333333333333333,4.118713017751479,0.7049180327868853
L-Concrete,concrete,linear,0.0015,0.1,0,2,0.9498236210274356,4.310281065088757,0.7627118644067796,3.639792899408284,0.5757575757575758
L-Concrete,concrete,linear,0.0015,0.1,0,3,0.9448177139548298,4.214497041420118,0.7333333333333333,4.02292899408284,0.6774193548387096
L-Concrete,concrete,linear,0.0015,0.1,0,4,0.9418876404108992,4.214497041420118,0.7333333333333333,3.831360946745562,0.625
L-Concrete,concrete,linear,0.0015,0.1,1,2,0.9419593053227984,4.310281065088757,0.7627118644067796,3.639792899408284,0.5757575757575758
L-Concrete,concrete,linear,0.0015,0.1,1,3,0.9446668233545724,4.501849112426036,0.8245614035087719,3.927144970414201,0.6507936507936508
L-Concrete,concrete,linear,0.0015,0.1,1,4,0.9514093756306892,4.214497041420118,0.7333333333333333,4.02292899408284,0.6774193548387096
L-Concrete,concrete,linear,0.0015,0.1,2,3,0.9386221991856804,4.310281065088757,0.7627118644067796,3.639792899408284,0.5757575757575758
L-Concrete,concrete,linear,0.0015,0.1,2,4,0.9319162425202938,4.310281065088757,0.7627118644067796,3.639792899408284,0.5757575757575758
L-Concrete,concrete,linear,0.0015,0.1,3,4,0.9359295155204828,4.214497041420118,0.7333333333333333,3.735576923076923,0.6
L-Concrete,concrete,linear,0.002,0.1,0,1,0.9472572746291696,4.118713017751479,0.7049180327868853,3.927144970414201,0.6507936507936508
L-Concrete,concrete,linear,0.002,0.1,0,2,0.950701957425758,4.214497041420118,0.7333333333333333,3.735576923076923,0.6
L-Concrete,concrete,linear,0.002,0.1,0,3,0.94501985100304,4.214497041420118,0.7333333333333333,4.02292899408284,0.6774193548387096
L-Concrete,concrete,linear,0.002,0.1,0,4,0.9490188580288096,4.214497041420118,0.7333333333333333,4.02292899408284,0.6774193548387096
L-Concrete,concrete,linear,0.002,0.1,1,2,0.956550333136209,4.02292899408284,0.6774193548387096,3.831360946745562,0.625
L-Concrete,concrete,linear,0.002,0.1,1,3,0.9442012725324456,4.118713017751479,0.7049180327868853,3.831360946745562,0.625
L-Concrete,concrete,linear,0.002,0.1,1,4,0.9362248201645046,3.927144970414201,0.6507936507936508,3.831360946745562,0.625
L-Concrete,concrete,linear,0.002,0.1,2,3,0.948778158838314,4.02292899408284,0.6774193548387096,3.927144970414201,0.6507936507936508
L-Concrete,concrete,linear,0.002,0.1,2,4,0.9447024765838022,4.214497041420118,0.7333333333333333,3.735576923076923,0.6
L-Concrete,concrete,linear,0.002,0.1,3,4,0.9300889357210872,3.735576923076923,0.6,4.02292899408284,0.6774193548387096
L-Concrete,concrete,linear,0.0025,0.1,0,1,0.9366729112635626,4.214497041420118,0.7333333333333333,3.639792899408284,0.5757575757575758
L-Concrete,concrete,linear,0.0025,0.1,0,2,0.9463925813153996,4.501849112426036,0.8245614035087719,3.927144970414201,0.6507936507936508
L-Concrete,concrete,linear,0.0025,0.1,0,3,0.93638840662769,4.310281065088757,0.7627118644067796,3.831360946745562,0.625
L-Concrete,concrete,linear,0.0025,0.1,0,4,0.9405044383897022,4.310281065088757,0.7627118644067796,3.927144970414201,0.6507936507936508
L-Concrete,concrete,linear,0.0025,0.1,1,2,0.9488072586643652,4.118713017751479,0.7049180327868853,3.735576923076923,0.6
L-Concrete,concrete,linear,0.0025,0.1,1,3,0.9329985428543752,4.310281065088757,0.7627118644067796,3.448224852071006,0.5294117647058824
L-Concrete,concrete,linear,0.0025,0.1,1,4,0.9354952349708816,4.214497041420118,0.7333333333333333,4.02292899408284,0.6774193548387096
L-Concrete,concrete,linear,0.0025,0.1,2,3,0.9286569344040404,4.597633136094674,0.8571428571428571,3.256656804733728,0.4857142857142857
L-Concrete,concrete,linear,0.0025,0.1,2,4,0.9491834414821724,4.406065088757396,0.7931034482758621,3.735576923076923,0.6
L-Concrete,concrete,linear,0.0025,0.1,3,4,0.9187163143023852,4.310281065088757,0.7627118644067796,3.5440088757396446,0.5522388059701493
L-Concrete,concrete,linear,0.003,0.1,0,1,0.9293795115942038,4.118713017751479,0.7049180327868853,3.639792899408284,0.5757575757575758
L-Concrete,concrete,linear,0.003,0.1,0,2,0.9400770292397642,4.118713017751479,0.7049180327868853,3.831360946745562,0.625
L-Concrete,concrete,linear,0.003,0.1,0,3,0.9466077275521004,4.214497041420118,0.7333333333333333,3.735576923076923,0.6
L-Concrete,concrete,linear,0.003,0.1,0,4,0.9445752726998812,4.118713017751479,0.7049180327868853,3.5440088757396446,0.5522388059701493
L-Concrete,concrete,linear,0.003,0.1,1,2,0.9297974991949972,3.831360946745562,0.625,3.927144970414201,0.6507936507936508
L-Concrete,concrete,linear,0.003,0.1,1,3,0.9138823954550278,3.735576923076923,0.6,3.735576923076923,0.6
L-Concrete,concrete,linear,0.003,0.1,1,4,0.9266518012360624,3.927144970414201,0.6507936507936508,3.639792899408284,0.5757575757575758
L-Concrete,concrete,linear,0.003,0.1,2,3,0.9453598620925322,4.214497041420118,0.7333333333333333,3.639792899408284,0.5757575757575758
L-Concrete,concrete,linear,0.003,0.1,2,4,0.9511096231272502,4.406065088757396,0.7931034482758621,3.448224852071006,0.5294117647058824
L-Concrete,concrete,linear,0.003,0.1,3,4,0.941417271944784,4.214497041420118,0.7333333333333333,3.831360946745562,0.625
L-Concrete,concrete,linear,0.004,0.1,0,1,0.9295612054666024,4.02292899408284,0.6774193548387096,3.448224852071006,0.5294117647058824
L-Concrete,concrete,linear,0.004,0.1,0,2,0.9239113843752936,4.118713017751479,0.7049180327868853,3.5440088757396446,0.5522388059701493
L-Concrete,concrete,linear,0.004,0.1,0,3,0.9285794832840532,4.214497041420118,0.7333333333333333,3.352440828402367,0.5072463768115942
L-Concrete,concrete,linear,0.004,0.1,0,4,0.9123728025875412,3.927144970414201,0.6507936507936508,3.256656804733728,0.4857142857142857
L-Concrete,concrete,linear,0.004,0.1,1,2,0.9214222862467052,3.927144970414201,0.6507936507936508,3.448224852071006,0.5294117647058824
L-Concrete,concrete,linear,0.004,0.1,1,3,0.9303130432423654,4.02292899408284,0.6774193548387096,3.256656804733728,0.4857142857142857
L-Concrete,concrete,linear,0.004,0.1,1,4,0.919938484188392,3.927144970414201,0.6507936507936508,3.448224852071006,0.5294117647058824
L-Concrete,concrete,linear,0.004,0.1,2,3,0.9300145474421628,4.118713017751479,0.7049180327868853,3.831360946745562,0.625
L-Concrete,concrete,linear,0.004,0.1,2,4,0.9214529435555572,4.118713017751479,0.7049180327868853,3.352440828402367,0.5072463768115942
L-Concrete,concrete,linear,0.004,0.1,3,4,0.943985654283638,4.406065088757396,0.7931034482758621,3.5440088757396446,0.5522388059701493
L-Concrete,concrete,linear,0.006,0.1,0,1,0.9436736954496502,4.118713017751479,0.7049180327868853,3.927144970414201,0.6507936507936508
L-Concrete,concrete,linear,0.006,0.1,0,2,0.9065334667288484,3.927144970414201,0.6507936507936508,3.639792899408284,0.5757575757575758
L-Concrete,concrete,linear,0.006,0.1,0,3,0.9301726074860333,4.214497041420118,0.7333333333333333,3.639792899408284,0.5757575757575758
L-Concrete,concrete,linear,0.006,0.1,0,4,0.933785950965348,3.927144970414201,0.6507936507936508,3.639792899408284,0.5757575757575758
L-Concrete,concrete,linear,0.006,0.1,1,2,0.915342454827689,4.118713017751479,0.7049180327868853,3.5440088757396446,0.5522388059701493
L-Concrete,concrete,linear,0.006,0.1,1,3,0.9184445279305214,4.02292899408284,0.6774193548387096,3.352440828402367,0.5072463768115942
L-Concrete,concrete,linear,0.006,0.1,1,4,0.9211280171693368,3.927144970414201,0.6507936507936508,3.639792899408284,0.5757575757575758
L-Concrete,concrete,linear,0.006,0.1,2,3,0.9183248724029468,4.02292899408284,0.6774193548387096,3.927144970414201,0.6507936507936508
L-Concrete,concrete,linear,0.006,0.1,2,4,0.918920070819574,4.02292899408284,0.6774193548387096,3.639792899408284,0.5757575757575758
L-Concrete,concrete,linear,0.006,0.1,3,4,0.9344199501523937,3.831360946745562,0.625,3.831360946745562,0.625
