histology,n_test,cindex,model_family,gate_sigma,lambda_sparse,lambda_sample_smooth,seed
kidneychromophobe,19,0.6901408450704225,LSPIN,0.22,0.014,0.0,123
kidneyclearcellrenalcarcinoma,156,0.6807915680791569,LSPIN,0.22,0.014,0.0,123
kidneypapillaryrenalcellcarcinoma,84,0.7357910906298003,LSPIN,0.22,0.014,0.0,123
kidneychromophobe,19,0.647887323943662,LSPIN,0.22,0.014,0.0,124
kidneyclearcellrenalcarcinoma,156,0.6650892665089266,LSPIN,0.22,0.014,0.0,124
kidneypapillaryrenalcellcarcinoma,84,0.7542242703533026,LSPIN,0.22,0.014,0.0,124
kidneychromophobe,19,0.8169014084507042,LSPIN,0.22,0.014,0.0,125
kidneyclearcellrenalcarcinoma,156,0.6642288664228866,LSPIN,0.22,0.014,0.0,125
kidneypapillaryrenalcellcarcinoma,84,0.7603686635944701,LSPIN,0.22,0.014,0.0,125
kidneychromophobe,19,0.7464788732394366,LSPIN,0.22,0.0105,0.0,40123
kidneyclearcellrenalcarcinoma,156,0.699505269950527,LSPIN,0.22,0.0105,0.0,40123
kidneypapillaryrenalcellcarcinoma,84,0.8387096774193549,LSPIN,0.22,0.0105,0.0,40123
kidneychromophobe,19,0.7464788732394366,LSPIN,0.22,0.0105,0.0,40124
kidneyclearcellrenalcarcinoma,156,0.6732630673263067,LSPIN,0.22,0.0105,0.0,40124
kidneypapillaryrenalcellcarcinoma,84,0.7711213517665131,LSPIN,0.22,0.0105,0.0,40124
kidneychromophobe,19,0.7605633802816901,LSPIN,0.22,0.0105,0.0,40125
kidneyclearcellrenalcarcinoma,156,0.6588513658851366,LSPIN,0.22,0.0105,0.0,40125
kidneypapillaryrenalcellcarcinoma,84,0.7956989247311828,LSPIN,0.22,0.0105,0.0,40125
kidneychromophobe,19,0.6901408450704225,LSPIN,0.22,0.00875,0.0,80123
kidneyclearcellrenalcarcinoma,156,0.6603570660357067,LSPIN,0.22,0.00875,0.0,80123
kidneypapillaryrenalcellcarcinoma,84,0.7972350230414746,LSPIN,0.22,0.00875,0.0,80123
kidneychromophobe,19,0.676056338028169,LSPIN,0.22,0.00875,0.0,80124
kidneyclearcellrenalcarcinoma,156,0.6648741664874166,LSPIN,0.22,0.00875,0.0,80124
kidneypapillaryrenalcellcarcinoma,84,0.7634408602150538,LSPIN,0.22,0.00875,0.0,80124
kidneychromophobe,19,0.5915492957746479,LSPIN,0.22,0.00875,0.0,80125
kidneyclearcellrenalcarcinoma,156,0.6708969670896967,LSPIN,0.22,0.00875,0.0,80125
kidneypapillaryrenalcellcarcinoma,84,0.8018433179723502,LSPIN,0.22,0.00875,0.0,80125
kidneychromophobe,19,0.676056338028169,LSPIN,0.22,0.007,0.0,120123
kidneyclearcellrenalcarcinoma,156,0.6577758657775866,LSPIN,0.22,0.007,0.0,120123
kidneypapillaryrenalcellcarcinoma,84,0.7726574500768049,LSPIN,0.22,0.007,0.0,120123
kidneychromophobe,19,0.647887323943662,LSPIN,0.22,0.007,0.0,120124
kidneyclearcellrenalcarcinoma,156,0.6743385674338568,LSPIN,0.22,0.007,0.0,120124
kidneypapillaryrenalcellcarcinoma,84,0.7772657450076805,LSPIN,0.22,0.007,0.0,120124
kidneychromophobe,19,0.7183098591549296,LSPIN,0.22,0.007,0.0,120125
kidneyclearcellrenalcarcinoma,156,0.6425037642503765,LSPIN,0.22,0.007,0.0,120125
kidneypapillaryrenalcellcarcinoma,84,0.7803379416282642,LSPIN,0.22,0.007,0.0,120125
kidneychromophobe,19,0.6901408450704225,LSPIN,0.22,0.00525,0.0,160123
kidneyclearcellrenalcarcinoma,156,0.6698214669821467,LSPIN,0.22,0.00525,0.0,160123
kidneypapillaryrenalcellcarcinoma,84,0.7588325652841782,LSPIN,0.22,0.00525,0.0,160123
kidneychromophobe,19,0.676056338028169,LSPIN,0.22,0.00525,0.0,160124
kidneyclearcellrenalcarcinoma,156,0.7266078726607873,LSPIN,0.22,0.00525,0.0,160124
kidneypapillaryrenalcellcarcinoma,84,0.7910906298003072,LSPIN,0.22,0.00525,0.0,160124
kidneychromophobe,19,0.6901408450704225,LSPIN,0.22,0.00525,0.0,160125
kidneyclearcellrenalcarcinoma,156,0.6530436653043665,LSPIN,0.22,0.00525,0.0,160125
kidneypapillaryrenalcellcarcinoma,84,0.7588325652841782,LSPIN,0.22,0.00525,0.0,160125
kidneychromophobe,19,0.8028169014084507,LSPIN,0.2,0.014,0.0,200123
kidneyclearcellrenalcarcinoma,156,0.6573456657345665,LSPIN,0.2,0.014,0.0,200123
kidneypapillaryrenalcellcarcinoma,84,0.7342549923195084,LSPIN,0.2,0.014,0.0,200123
kidneychromophobe,19,0.647887323943662,LSPIN,0.2,0.014,0.0,200124
kidneyclearcellrenalcarcinoma,156,0.6616476661647667,LSPIN,0.2,0.014,0.0,200124
kidneypapillaryrenalcellcarcinoma,84,0.7926267281105991,LSPIN,0.2,0.014,0.0,200124
kidneychromophobe,19,0.6619718309859155,LSPIN,0.2,0.014,0.0,200125
kidneyclearcellrenalcarcinoma,156,0.6715422671542267,LSPIN,0.2,0.014,0.0,200125
kidneypapillaryrenalcellcarcinoma,84,0.7649769585253456,LSPIN,0.2,0.014,0.0,200125
kidneychromophobe,19,0.676056338028169,LSPIN,0.2,0.0105,0.0,240123
kidneyclearcellrenalcarcinoma,156,0.6582060658206066,LSPIN,0.2,0.0105,0.0,240123
kidneypapillaryrenalcellcarcinoma,84,0.7726574500768049,LSPIN,0.2,0.0105,0.0,240123
kidneychromophobe,19,0.6197183098591549,LSPIN,0.2,0.0105,0.0,240124
kidneyclearcellrenalcarcinoma,156,0.7268229726822972,LSPIN,0.2,0.0105,0.0,240124
kidneypapillaryrenalcellcarcinoma,84,0.8018433179723502,LSPIN,0.2,0.0105,0.0,240124
kidneychromophobe,19,0.7183098591549296,LSPIN,0.2,0.0105,0.0,240125
kidneyclearcellrenalcarcinoma,156,0.6820821682082168,LSPIN,0.2,0.0105,0.0,240125
kidneypapillaryrenalcellcarcinoma,84,0.7588325652841782,LSPIN,0.2,0.0105,0.0,240125
kidneychromophobe,19,0.6338028169014085,LSPIN,0.2,0.00875,0.0,280123
kidneyclearcellrenalcarcinoma,156,0.6883200688320069,LSPIN,0.2,0.00875,0.0,280123
kidneypapillaryrenalcellcarcinoma,84,0.7588325652841782,LSPIN,0.2,0.00875,0.0,280123
kidneychromophobe,19,0.6619718309859155,LSPIN,0.2,0.00875,0.0,280124
kidneyclearcellrenalcarcinoma,156,0.6663798666379867,LSPIN,0.2,0.00875,0.0,280124
kidneypapillaryrenalcellcarcinoma,84,0.7311827956989247,LSPIN,0.2,0.00875,0.0,280124
kidneychromophobe,19,0.6338028169014085,LSPIN,0.2,0.00875,0.0,280125
kidneyclearcellrenalcarcinoma,156,0.702086470208647,LSPIN,0.2,0.00875,0.0,280125
kidneypapillaryrenalcellcarcinoma,84,0.7588325652841782,LSPIN,0.2,0.00875,0.0,280125
kidneychromophobe,19,0.6197183098591549,LSPIN,0.2,0.007,0.0,320123
kidneyclearcellrenalcarcinoma,156,0.6788556678855668,LSPIN,0.2,0.007,0.0,320123
kidneypapillaryrenalcellcarcinoma,84,0.7127496159754224,LSPIN,0.2,0.007,0.0,320123
kidneychromophobe,19,0.704225352112676,LSPIN,0.2,0.007,0.0,320124
kidneyclearcellrenalcarcinoma,156,0.6674553667455366,LSPIN,0.2,0.007,0.0,320124
kidneypapillaryrenalcellcarcinoma,84,0.8125960061443932,LSPIN,0.2,0.007,0.0,320124
kidneychromophobe,19,0.676056338028169,LSPIN,0.2,0.007,0.0,320125
kidneyclearcellrenalcarcinoma,156,0.6711120671112067,LSPIN,0.2,0.007,0.0,320125
kidneypapillaryrenalcellcarcinoma,84,0.7987711213517665,LSPIN,0.2,0.007,0.0,320125
kidneychromophobe,19,0.6901408450704225,LSPIN,0.2,0.00525,0.0,360123
kidneyclearcellrenalcarcinoma,156,0.6859539685953968,LSPIN,0.2,0.00525,0.0,360123
kidneypapillaryrenalcellcarcinoma,84,0.8003072196620584,LSPIN,0.2,0.00525,0.0,360123
kidneychromophobe,19,0.676056338028169,LSPIN,0.2,0.00525,0.0,360124
kidneyclearcellrenalcarcinoma,156,0.705312970531297,LSPIN,0.2,0.00525,0.0,360124
kidneypapillaryrenalcellcarcinoma,84,0.7526881720430108,LSPIN,0.2,0.00525,0.0,360124
kidneychromophobe,19,0.676056338028169,LSPIN,0.2,0.00525,0.0,360125
kidneyclearcellrenalcarcinoma,156,0.6911163691116369,LSPIN,0.2,0.00525,0.0,360125
kidneypapillaryrenalcellcarcinoma,84,0.7680491551459293,LSPIN,0.2,0.00525,0.0,360125
kidneychromophobe,19,0.7746478873239436,L-LSPIN,0.22,0.021,0.0,400123
kidneyclearcellrenalcarcinoma,156,0.6545493654549366,L-LSPIN,0.22,0.021,0.0,400123
kidneypapillaryrenalcellcarcinoma,84,0.8003072196620584,L-LSPIN,0.22,0.021,0.0,400123
kidneychromophobe,19,0.6901408450704225,L-LSPIN,0.22,0.021,0.0,400124
kidneyclearcellrenalcarcinoma,156,0.6932673693267369,L-LSPIN,0.22,0.021,0.0,400124
kidneypapillaryrenalcellcarcinoma,84,0.6835637480798771,L-LSPIN,0.22,0.021,0.0,400124
kidneychromophobe,19,0.676056338028169,L-LSPIN,0.22,0.021,0.0,400125
kidneyclearcellrenalcarcinoma,156,0.7227360722736073,L-LSPIN,0.22,0.021,0.0,400125
kidneypapillaryrenalcellcarcinoma,84,0.7373271889400922,L-LSPIN,0.22,0.021,0.0,400125
kidneychromophobe,19,0.8169014084507042,L-LSPIN,0.22,0.014,0.0,440123
kidneyclearcellrenalcarcinoma,156,0.6504624650462465,L-LSPIN,0.22,0.014,0.0,440123
kidneypapillaryrenalcellcarcinoma,84,0.7788018433179723,L-LSPIN,0.22,0.014,0.0,440123
kidneychromophobe,19,0.7323943661971831,L-LSPIN,0.22,0.014,0.0,440124
kidneyclearcellrenalcarcinoma,156,0.6425037642503765,L-LSPIN,0.22,0.014,0.0,440124
kidneypapillaryrenalcellcarcinoma,84,0.7926267281105991,L-LSPIN,0.22,0.014,0.0,440124
kidneychromophobe,19,0.6619718309859155,L-LSPIN,0.22,0.014,0.0,440125
kidneyclearcellrenalcarcinoma,156,0.6547644654764465,L-LSPIN,0.22,0.014,0.0,440125
kidneypapillaryrenalcellcarcinoma,84,0.847926267281106,L-LSPIN,0.22,0.014,0.0,440125
kidneychromophobe,19,0.7464788732394366,L-LSPIN,0.22,0.0105,0.0,480123
kidneyclearcellrenalcarcinoma,156,0.6405678640567865,L-LSPIN,0.22,0.0105,0.0,480123
kidneypapillaryrenalcellcarcinoma,84,0.7511520737327189,L-LSPIN,0.22,0.0105,0.0,480123
kidneychromophobe,19,0.6901408450704225,L-LSPIN,0.22,0.0105,0.0,480124
kidneyclearcellrenalcarcinoma,156,0.6476661647666164,L-LSPIN,0.22,0.0105,0.0,480124
kidneypapillaryrenalcellcarcinoma,84,0.8079877112135176,L-LSPIN,0.22,0.0105,0.0,480124
kidneychromophobe,19,0.7887323943661971,L-LSPIN,0.22,0.0105,0.0,480125
kidneyclearcellrenalcarcinoma,156,0.6708969670896967,L-LSPIN,0.22,0.0105,0.0,480125
kidneypapillaryrenalcellcarcinoma,84,0.8110599078341014,L-LSPIN,0.22,0.0105,0.0,480125
kidneychromophobe,19,0.7887323943661971,L-LSPIN,0.22,0.00875,0.0,520123
kidneyclearcellrenalcarcinoma,156,0.6209937620993762,L-LSPIN,0.22,0.00875,0.0,520123
kidneypapillaryrenalcellcarcinoma,84,0.8064516129032258,L-LSPIN,0.22,0.00875,0.0,520123
kidneychromophobe,19,0.7746478873239436,L-LSPIN,0.22,0.00875,0.0,520124
kidneyclearcellrenalcarcinoma,156,0.6366960636696064,L-LSPIN,0.22,0.00875,0.0,520124
kidneypapillaryrenalcellcarcinoma,84,0.7480798771121352,L-LSPIN,0.22,0.00875,0.0,520124
kidneychromophobe,19,0.7464788732394366,L-LSPIN,0.22,0.00875,0.0,520125
kidneyclearcellrenalcarcinoma,156,0.6594966659496666,L-LSPIN,0.22,0.00875,0.0,520125
kidneypapillaryrenalcellcarcinoma,84,0.7142857142857143,L-LSPIN,0.22,0.00875,0.0,520125
kidneychromophobe,19,0.704225352112676,L-LSPIN,0.22,0.007,0.0,560123
kidneyclearcellrenalcarcinoma,156,0.6956334695633469,L-LSPIN,0.22,0.007,0.0,560123
kidneypapillaryrenalcellcarcinoma,84,0.7619047619047619,L-LSPIN,0.22,0.007,0.0,560123
kidneychromophobe,19,0.7464788732394366,L-LSPIN,0.22,0.007,0.0,560124
kidneyclearcellrenalcarcinoma,156,0.6536889653688965,L-LSPIN,0.22,0.007,0.0,560124
kidneypapillaryrenalcellcarcinoma,84,0.815668202764977,L-LSPIN,0.22,0.007,0.0,560124
kidneychromophobe,19,0.7323943661971831,L-LSPIN,0.22,0.007,0.0,560125
kidneyclearcellrenalcarcinoma,156,0.6777801677780168,L-LSPIN,0.22,0.007,0.0,560125
kidneypapillaryrenalcellcarcinoma,84,0.7987711213517665,L-LSPIN,0.22,0.007,0.0,560125
kidneychromophobe,19,0.7323943661971831,L-LSPIN,0.2,0.021,0.0,600123
kidneyclearcellrenalcarcinoma,156,0.6625080662508066,L-LSPIN,0.2,0.021,0.0,600123
kidneypapillaryrenalcellcarcinoma,84,0.7465437788018433,L-LSPIN,0.2,0.021,0.0,600123
kidneychromophobe,19,0.7464788732394366,L-LSPIN,0.2,0.021,0.0,600124
kidneyclearcellrenalcarcinoma,156,0.6846633684663368,L-LSPIN,0.2,0.021,0.0,600124
kidneypapillaryrenalcellcarcinoma,84,0.7864823348694316,L-LSPIN,0.2,0.021,0.0,600124
kidneychromophobe,19,0.7605633802816901,L-LSPIN,0.2,0.021,0.0,600125
kidneyclearcellrenalcarcinoma,156,0.6169068616906862,L-LSPIN,0.2,0.021,0.0,600125
kidneypapillaryrenalcellcarcinoma,84,0.7972350230414746,L-LSPIN,0.2,0.021,0.0,600125
kidneychromophobe,19,0.7887323943661971,L-LSPIN,0.2,0.014,0.0,640123
kidneyclearcellrenalcarcinoma,156,0.6420735642073564,L-LSPIN,0.2,0.014,0.0,640123
kidneypapillaryrenalcellcarcinoma,84,0.8095238095238095,L-LSPIN,0.2,0.014,0.0,640123
kidneychromophobe,19,0.8169014084507042,L-LSPIN,0.2,0.014,0.0,640124
kidneyclearcellrenalcarcinoma,156,0.600559260055926,L-LSPIN,0.2,0.014,0.0,640124
kidneypapillaryrenalcellcarcinoma,84,0.7511520737327189,L-LSPIN,0.2,0.014,0.0,640124
kidneychromophobe,19,0.6056338028169014,L-LSPIN,0.2,0.014,0.0,640125
kidneyclearcellrenalcarcinoma,156,0.6489567648956764,L-LSPIN,0.2,0.014,0.0,640125
kidneypapillaryrenalcellcarcinoma,84,0.717357910906298,L-LSPIN,0.2,0.014,0.0,640125
kidneychromophobe,19,0.8309859154929577,L-LSPIN,0.2,0.0105,0.0,680123
kidneyclearcellrenalcarcinoma,156,0.6521832652183265,L-LSPIN,0.2,0.0105,0.0,680123
kidneypapillaryrenalcellcarcinoma,84,0.8571428571428571,L-LSPIN,0.2,0.0105,0.0,680123
kidneychromophobe,19,0.7887323943661971,L-LSPIN,0.2,0.0105,0.0,680124
kidneyclearcellrenalcarcinoma,156,0.6601419660141966,L-LSPIN,0.2,0.0105,0.0,680124
kidneypapillaryrenalcellcarcinoma,84,0.8433179723502304,L-LSPIN,0.2,0.0105,0.0,680124
kidneychromophobe,19,0.676056338028169,L-LSPIN,0.2,0.0105,0.0,680125
kidneyclearcellrenalcarcinoma,156,0.6474510647451065,L-LSPIN,0.2,0.0105,0.0,680125
kidneypapillaryrenalcellcarcinoma,84,0.7972350230414746,L-LSPIN,0.2,0.0105,0.0,680125
kidneychromophobe,19,0.676056338028169,L-LSPIN,0.2,0.00875,0.0,720123
kidneyclearcellrenalcarcinoma,156,0.6913314691331469,L-LSPIN,0.2,0.00875,0.0,720123
kidneypapillaryrenalcellcarcinoma,84,0.7526881720430108,L-LSPIN,0.2,0.00875,0.0,720123
kidneychromophobe,19,0.7323943661971831,L-LSPIN,0.2,0.00875,0.0,720124
kidneyclearcellrenalcarcinoma,156,0.6528285652828565,L-LSPIN,0.2,0.00875,0.0,720124
kidneypapillaryrenalcellcarcinoma,84,0.8341013824884793,L-LSPIN,0.2,0.00875,0.0,720124
kidneychromophobe,19,0.6901408450704225,L-LSPIN,0.2,0.00875,0.0,720125
kidneyclearcellrenalcarcinoma,156,0.6498171649817165,L-LSPIN,0.2,0.00875,0.0,720125
kidneypapillaryrenalcellcarcinoma,84,0.7987711213517665,L-LSPIN,0.2,0.00875,0.0,720125
kidneychromophobe,19,0.647887323943662,L-LSPIN,0.2,0.007,0.0,760123
kidneyclearcellrenalcarcinoma,156,0.6330393633039363,L-LSPIN,0.2,0.007,0.0,760123
kidneypapillaryrenalcellcarcinoma,84,0.7972350230414746,L-LSPIN,0.2,0.007,0.0,760123
kidneychromophobe,19,0.676056338028169,L-LSPIN,0.2,0.007,0.0,760124
kidneyclearcellrenalcarcinoma,156,0.701871370187137,L-LSPIN,0.2,0.007,0.0,760124
kidneypapillaryrenalcellcarcinoma,84,0.8325652841781874,L-LSPIN,0.2,0.007,0.0,760124
kidneychromophobe,19,0.7464788732394366,L-LSPIN,0.2,0.007,0.0,760125
kidneyclearcellrenalcarcinoma,156,0.6795009679500968,L-LSPIN,0.2,0.007,0.0,760125
kidneypapillaryrenalcellcarcinoma,84,0.7096774193548387,L-LSPIN,0.2,0.007,0.0,760125
kidneychromophobe,19,0.6197183098591549,Concrete,0.15,0.004,0.0,800123
kidneyclearcellrenalcarcinoma,156,0.6676704667670467,Concrete,0.15,0.004,0.0,800123
kidneypapillaryrenalcellcarcinoma,84,0.728110599078341,Concrete,0.15,0.004,0.0,800123
kidneychromophobe,19,0.7183098591549296,Concrete,0.15,0.004,0.0,800124
kidneyclearcellrenalcarcinoma,156,0.6644439664443966,Concrete,0.15,0.004,0.0,800124
kidneypapillaryrenalcellcarcinoma,84,0.8095238095238095,Concrete,0.15,0.004,0.0,800124
kidneychromophobe,19,0.6901408450704225,Concrete,0.15,0.004,0.0,800125
kidneyclearcellrenalcarcinoma,156,0.6861690686169069,Concrete,0.15,0.004,0.0,800125
kidneypapillaryrenalcellcarcinoma,84,0.7588325652841782,Concrete,0.15,0.004,0.0,800125
kidneychromophobe,19,0.7323943661971831,Concrete,0.15,0.003,0.0,840123
kidneyclearcellrenalcarcinoma,156,0.6906861690686169,Concrete,0.15,0.003,0.0,840123
kidneypapillaryrenalcellcarcinoma,84,0.7357910906298003,Concrete,0.15,0.003,0.0,840123
kidneychromophobe,19,0.676056338028169,Concrete,0.15,0.003,0.0,840124
kidneyclearcellrenalcarcinoma,156,0.6726177672617767,Concrete,0.15,0.003,0.0,840124
kidneypapillaryrenalcellcarcinoma,84,0.7265745007680492,Concrete,0.15,0.003,0.0,840124
kidneychromophobe,19,0.676056338028169,Concrete,0.15,0.003,0.0,840125
kidneyclearcellrenalcarcinoma,156,0.6724026672402668,Concrete,0.15,0.003,0.0,840125
kidneypapillaryrenalcellcarcinoma,84,0.7741935483870968,Concrete,0.15,0.003,0.0,840125
kidneychromophobe,19,0.6619718309859155,Concrete,0.15,0.0025,0.0,880123
kidneyclearcellrenalcarcinoma,156,0.6751989675198967,Concrete,0.15,0.0025,0.0,880123
kidneypapillaryrenalcellcarcinoma,84,0.7588325652841782,Concrete,0.15,0.0025,0.0,880123
kidneychromophobe,19,0.6901408450704225,Concrete,0.15,0.0025,0.0,880124
kidneyclearcellrenalcarcinoma,156,0.6663798666379867,Concrete,0.15,0.0025,0.0,880124
kidneypapillaryrenalcellcarcinoma,84,0.7772657450076805,Concrete,0.15,0.0025,0.0,880124
kidneychromophobe,19,0.704225352112676,Concrete,0.15,0.0025,0.0,880125
kidneyclearcellrenalcarcinoma,156,0.6926220692622069,Concrete,0.15,0.0025,0.0,880125
kidneypapillaryrenalcellcarcinoma,84,0.7511520737327189,Concrete,0.15,0.0025,0.0,880125
kidneychromophobe,19,0.647887323943662,Concrete,0.15,0.002,0.0,920123
kidneyclearcellrenalcarcinoma,156,0.6603570660357067,Concrete,0.15,0.002,0.0,920123
kidneypapillaryrenalcellcarcinoma,84,0.7526881720430108,Concrete,0.15,0.002,0.0,920123
kidneychromophobe,19,0.5774647887323944,Concrete,0.15,0.002,0.0,920124
kidneyclearcellrenalcarcinoma,156,0.6769197676919768,Concrete,0.15,0.002,0.0,920124
kidneypapillaryrenalcellcarcinoma,84,0.7434715821812596,Concrete,0.15,0.002,0.0,920124
kidneychromophobe,19,0.6901408450704225,Concrete,0.15,0.002,0.0,920125
kidneyclearcellrenalcarcinoma,156,0.6769197676919768,Concrete,0.15,0.002,0.0,920125
kidneypapillaryrenalcellcarcinoma,84,0.7726574500768049,Concrete,0.15,0.002,0.0,920125
kidneychromophobe,19,0.6901408450704225,Concrete,0.15,0.0015,0.0,960123
kidneyclearcellrenalcarcinoma,156,0.6726177672617767,Concrete,0.15,0.0015,0.0,960123
kidneypapillaryrenalcellcarcinoma,84,0.7496159754224271,Concrete,0.15,0.0015,0.0,960123
kidneychromophobe,19,0.7605633802816901,Concrete,0.15,0.0015,0.0,960124
kidneyclearcellrenalcarcinoma,156,0.6706818670681867,Concrete,0.15,0.0015,0.0,960124
kidneypapillaryrenalcellcarcinoma,84,0.7480798771121352,Concrete,0.15,0.0015,0.0,960124
kidneychromophobe,19,0.6197183098591549,Concrete,0.15,0.0015,0.0,960125
kidneyclearcellrenalcarcinoma,156,0.6627231662723166,Concrete,0.15,0.0015,0.0,960125
kidneypapillaryrenalcellcarcinoma,84,0.7357910906298003,Concrete,0.15,0.0015,0.0,960125
kidneychromophobe,19,0.7323943661971831,Concrete,0.12,0.004,0.0,1000123
kidneyclearcellrenalcarcinoma,156,0.6924069692406969,Concrete,0.12,0.004,0.0,1000123
kidneypapillaryrenalcellcarcinoma,84,0.7112135176651305,Concrete,0.12,0.004,0.0,1000123
kidneychromophobe,19,0.6338028169014085,Concrete,0.12,0.004,0.0,1000124
kidneyclearcellrenalcarcinoma,156,0.6711120671112067,Concrete,0.12,0.004,0.0,1000124
kidneypapillaryrenalcellcarcinoma,84,0.7588325652841782,Concrete,0.12,0.004,0.0,1000124
kidneychromophobe,19,0.6619718309859155,Concrete,0.12,0.004,0.0,1000125
kidneyclearcellrenalcarcinoma,156,0.6825123682512368,Concrete,0.12,0.004,0.0,1000125
kidneypapillaryrenalcellcarcinoma,84,0.7403993855606759,Concrete,0.12,0.004,0.0,1000125
kidneychromophobe,19,0.6338028169014085,Concrete,0.12,0.003,0.0,1040123
kidneyclearcellrenalcarcinoma,156,0.6820821682082168,Concrete,0.12,0.003,0.0,1040123
kidneypapillaryrenalcellcarcinoma,84,0.7741935483870968,Concrete,0.12,0.003,0.0,1040123
kidneychromophobe,19,0.6619718309859155,Concrete,0.12,0.003,0.0,1040124
kidneyclearcellrenalcarcinoma,156,0.6956334695633469,Concrete,0.12,0.003,0.0,1040124
kidneypapillaryrenalcellcarcinoma,84,0.7480798771121352,Concrete,0.12,0.003,0.0,1040124
kidneychromophobe,19,0.676056338028169,Concrete,0.12,0.003,0.0,1040125
kidneyclearcellrenalcarcinoma,156,0.6616476661647667,Concrete,0.12,0.003,0.0,1040125
kidneypapillaryrenalcellcarcinoma,84,0.7373271889400922,Concrete,0.12,0.003,0.0,1040125
kidneychromophobe,19,0.676056338028169,Concrete,0.12,0.0025,0.0,1080123
kidneyclearcellrenalcarcinoma,156,0.6818670681867068,Concrete,0.12,0.0025,0.0,1080123
kidneypapillaryrenalcellcarcinoma,84,0.7572964669738863,Concrete,0.12,0.0025,0.0,1080123
kidneychromophobe,19,0.6901408450704225,Concrete,0.12,0.0025,0.0,1080124
kidneyclearcellrenalcarcinoma,156,0.696708969670897,Concrete,0.12,0.0025,0.0,1080124
kidneypapillaryrenalcellcarcinoma,84,0.7695852534562212,Concrete,0.12,0.0025,0.0,1080124
kidneychromophobe,19,0.6901408450704225,Concrete,0.12,0.0025,0.0,1080125
kidneyclearcellrenalcarcinoma,156,0.6865992686599268,Concrete,0.12,0.0025,0.0,1080125
kidneypapillaryrenalcellcarcinoma,84,0.7542242703533026,Concrete,0.12,0.0025,0.0,1080125
kidneychromophobe,19,0.6901408450704225,Concrete,0.12,0.002,0.0,1120123
kidneyclearcellrenalcarcinoma,156,0.6795009679500968,Concrete,0.12,0.002,0.0,1120123
kidneypapillaryrenalcellcarcinoma,84,0.7511520737327189,Concrete,0.12,0.002,0.0,1120123
kidneychromophobe,19,0.6619718309859155,Concrete,0.12,0.002,0.0,1120124
kidneyclearcellrenalcarcinoma,156,0.6711120671112067,Concrete,0.12,0.002,0.0,1120124
kidneypapillaryrenalcellcarcinoma,84,0.7434715821812596,Concrete,0.12,0.002,0.0,1120124
kidneychromophobe,19,0.6901408450704225,Concrete,0.12,0.002,0.0,1120125
kidneyclearcellrenalcarcinoma,156,0.6840180684018068,Concrete,0.12,0.002,0.0,1120125
kidneypapillaryrenalcellcarcinoma,84,0.7327188940092166,Concrete,0.12,0.002,0.0,1120125
kidneychromophobe,19,0.6619718309859155,Concrete,0.12,0.0015,0.0,1160123
kidneyclearcellrenalcarcinoma,156,0.6650892665089266,Concrete,0.12,0.0015,0.0,1160123
kidneypapillaryrenalcellcarcinoma,84,0.7373271889400922,Concrete,0.12,0.0015,0.0,1160123
kidneychromophobe,19,0.6901408450704225,Concrete,0.12,0.0015,0.0,1160124
kidneyclearcellrenalcarcinoma,156,0.7113357711335772,Concrete,0.12,0.0015,0.0,1160124
kidneypapillaryrenalcellcarcinoma,84,0.7434715821812596,Concrete,0.12,0.0015,0.0,1160124
kidneychromophobe,19,0.6338028169014085,Concrete,0.12,0.0015,0.0,1160125
kidneyclearcellrenalcarcinoma,156,0.6816519681651968,Concrete,0.12,0.0015,0.0,1160125
kidneypapillaryrenalcellcarcinoma,84,0.7634408602150538,Concrete,0.12,0.0015,0.0,1160125
kidneychromophobe,19,0.7323943661971831,L-Concrete,0.15,0.004,0.0,1200123
kidneyclearcellrenalcarcinoma,156,0.6721875672187567,L-Concrete,0.15,0.004,0.0,1200123
kidneypapillaryrenalcellcarcinoma,84,0.7311827956989247,L-Concrete,0.15,0.004,0.0,1200123
kidneychromophobe,19,0.7323943661971831,L-Concrete,0.15,0.004,0.0,1200124
kidneyclearcellrenalcarcinoma,156,0.6670251667025167,L-Concrete,0.15,0.004,0.0,1200124
kidneypapillaryrenalcellcarcinoma,84,0.7849462365591398,L-Concrete,0.15,0.004,0.0,1200124
kidneychromophobe,19,0.8169014084507042,L-Concrete,0.15,0.004,0.0,1200125
kidneyclearcellrenalcarcinoma,156,0.6330393633039363,L-Concrete,0.15,0.004,0.0,1200125
kidneypapillaryrenalcellcarcinoma,84,0.8187403993855606,L-Concrete,0.15,0.004,0.0,1200125
kidneychromophobe,19,0.6901408450704225,L-Concrete,0.15,0.003,0.0,1240123
kidneyclearcellrenalcarcinoma,156,0.6048612604861261,L-Concrete,0.15,0.003,0.0,1240123
kidneypapillaryrenalcellcarcinoma,84,0.7987711213517665,L-Concrete,0.15,0.003,0.0,1240123
kidneychromophobe,19,0.7605633802816901,L-Concrete,0.15,0.003,0.0,1240124
kidneyclearcellrenalcarcinoma,156,0.6569154656915466,L-Concrete,0.15,0.003,0.0,1240124
kidneypapillaryrenalcellcarcinoma,84,0.7158218125960062,L-Concrete,0.15,0.003,0.0,1240124
kidneychromophobe,19,0.6619718309859155,L-Concrete,0.15,0.003,0.0,1240125
kidneyclearcellrenalcarcinoma,156,0.6592815659281566,L-Concrete,0.15,0.003,0.0,1240125
kidneypapillaryrenalcellcarcinoma,84,0.7465437788018433,L-Concrete,0.15,0.003,0.0,1240125
kidneychromophobe,19,0.8169014084507042,L-Concrete,0.15,0.0025,0.0,1280123
kidneyclearcellrenalcarcinoma,156,0.6616476661647667,L-Concrete,0.15,0.0025,0.0,1280123
kidneypapillaryrenalcellcarcinoma,84,0.6589861751152074,L-Concrete,0.15,0.0025,0.0,1280123
kidneychromophobe,19,0.6197183098591549,L-Concrete,0.15,0.0025,0.0,1280124
kidneyclearcellrenalcarcinoma,156,0.6657345665734566,L-Concrete,0.15,0.0025,0.0,1280124
kidneypapillaryrenalcellcarcinoma,84,0.6651305683563749,L-Concrete,0.15,0.0025,0.0,1280124
kidneychromophobe,19,0.8028169014084507,L-Concrete,0.15,0.0025,0.0,1280125
kidneyclearcellrenalcarcinoma,156,0.6317487631748763,L-Concrete,0.15,0.0025,0.0,1280125
kidneypapillaryrenalcellcarcinoma,84,0.7926267281105991,L-Concrete,0.15,0.0025,0.0,1280125
kidneychromophobe,19,0.704225352112676,L-Concrete,0.15,0.002,0.0,1320123
kidneyclearcellrenalcarcinoma,156,0.697354269735427,L-Concrete,0.15,0.002,0.0,1320123
kidneypapillaryrenalcellcarcinoma,84,0.6989247311827957,L-Concrete,0.15,0.002,0.0,1320123
kidneychromophobe,19,0.7605633802816901,L-Concrete,0.15,0.002,0.0,1320124
kidneyclearcellrenalcarcinoma,156,0.5812002581200258,L-Concrete,0.15,0.002,0.0,1320124
kidneypapillaryrenalcellcarcinoma,84,0.706605222734255,L-Concrete,0.15,0.002,0.0,1320124
kidneychromophobe,19,0.6619718309859155,L-Concrete,0.15,0.002,0.0,1320125
kidneyclearcellrenalcarcinoma,156,0.6681006668100666,L-Concrete,0.15,0.002,0.0,1320125
kidneypapillaryrenalcellcarcinoma,84,0.7956989247311828,L-Concrete,0.15,0.002,0.0,1320125
kidneychromophobe,19,0.8309859154929577,L-Concrete,0.15,0.0015,0.0,1360123
kidneyclearcellrenalcarcinoma,156,0.6448698644869865,L-Concrete,0.15,0.0015,0.0,1360123
kidneypapillaryrenalcellcarcinoma,84,0.7480798771121352,L-Concrete,0.15,0.0015,0.0,1360123
kidneychromophobe,19,0.7183098591549296,L-Concrete,0.15,0.0015,0.0,1360124
kidneyclearcellrenalcarcinoma,156,0.6560550656055065,L-Concrete,0.15,0.0015,0.0,1360124
kidneypapillaryrenalcellcarcinoma,84,0.7419354838709677,L-Concrete,0.15,0.0015,0.0,1360124
kidneychromophobe,19,0.704225352112676,L-Concrete,0.15,0.0015,0.0,1360125
kidneyclearcellrenalcarcinoma,156,0.6287373628737363,L-Concrete,0.15,0.0015,0.0,1360125
kidneypapillaryrenalcellcarcinoma,84,0.7081413210445469,L-Concrete,0.15,0.0015,0.0,1360125
kidneychromophobe,19,0.676056338028169,L-Concrete,0.12,0.004,0.0,1400123
kidneyclearcellrenalcarcinoma,156,0.6392772639277264,L-Concrete,0.12,0.004,0.0,1400123
kidneypapillaryrenalcellcarcinoma,84,0.8202764976958525,L-Concrete,0.12,0.004,0.0,1400123
kidneychromophobe,19,0.8309859154929577,L-Concrete,0.12,0.004,0.0,1400124
kidneyclearcellrenalcarcinoma,156,0.6496020649602064,L-Concrete,0.12,0.004,0.0,1400124
kidneypapillaryrenalcellcarcinoma,84,0.6328725038402457,L-Concrete,0.12,0.004,0.0,1400124
kidneychromophobe,19,0.8028169014084507,L-Concrete,0.12,0.004,0.0,1400125
kidneyclearcellrenalcarcinoma,156,0.6612174661217466,L-Concrete,0.12,0.004,0.0,1400125
kidneypapillaryrenalcellcarcinoma,84,0.620583717357911,L-Concrete,0.12,0.004,0.0,1400125
kidneychromophobe,19,0.7746478873239436,L-Concrete,0.12,0.003,0.0,1440123
kidneyclearcellrenalcarcinoma,156,0.6685308668530867,L-Concrete,0.12,0.003,0.0,1440123
kidneypapillaryrenalcellcarcinoma,84,0.7588325652841782,L-Concrete,0.12,0.003,0.0,1440123
kidneychromophobe,19,0.6619718309859155,L-Concrete,0.12,0.003,0.0,1440124
kidneyclearcellrenalcarcinoma,156,0.6648741664874166,L-Concrete,0.12,0.003,0.0,1440124
kidneypapillaryrenalcellcarcinoma,84,0.8033794162826421,L-Concrete,0.12,0.003,0.0,1440124
kidneychromophobe,19,0.6901408450704225,L-Concrete,0.12,0.003,0.0,1440125
kidneyclearcellrenalcarcinoma,156,0.6487416648741665,L-Concrete,0.12,0.003,0.0,1440125
kidneypapillaryrenalcellcarcinoma,84,0.8218125960061444,L-Concrete,0.12,0.003,0.0,1440125
kidneychromophobe,19,0.7605633802816901,L-Concrete,0.12,0.0025,0.0,1480123
kidneyclearcellrenalcarcinoma,156,0.6388470638847064,L-Concrete,0.12,0.0025,0.0,1480123
kidneypapillaryrenalcellcarcinoma,84,0.7665130568356375,L-Concrete,0.12,0.0025,0.0,1480123
kidneychromophobe,19,0.5915492957746479,L-Concrete,0.12,0.0025,0.0,1480124
kidneyclearcellrenalcarcinoma,156,0.6685308668530867,L-Concrete,0.12,0.0025,0.0,1480124
kidneypapillaryrenalcellcarcinoma,84,0.8325652841781874,L-Concrete,0.12,0.0025,0.0,1480124
kidneychromophobe,19,0.7323943661971831,L-Concrete,0.12,0.0025,0.0,1480125
kidneyclearcellrenalcarcinoma,156,0.6726177672617767,L-Concrete,0.12,0.0025,0.0,1480125
kidneypapillaryrenalcellcarcinoma,84,0.738863287250384,L-Concrete,0.12,0.0025,0.0,1480125
kidneychromophobe,19,0.7323943661971831,L-Concrete,0.12,0.002,0.0,1520123
kidneyclearcellrenalcarcinoma,156,0.6588513658851366,L-Concrete,0.12,0.002,0.0,1520123
kidneypapillaryrenalcellcarcinoma,84,0.7711213517665131,L-Concrete,0.12,0.002,0.0,1520123
kidneychromophobe,19,0.7183098591549296,L-Concrete,0.12,0.002,0.0,1520124
kidneyclearcellrenalcarcinoma,156,0.6371262637126264,L-Concrete,0.12,0.002,0.0,1520124
kidneypapillaryrenalcellcarcinoma,84,0.7373271889400922,L-Concrete,0.12,0.002,0.0,1520124
kidneychromophobe,19,0.943661971830986,L-Concrete,0.12,0.002,0.0,1520125
kidneyclearcellrenalcarcinoma,156,0.6541191654119165,L-Concrete,0.12,0.002,0.0,1520125
kidneypapillaryrenalcellcarcinoma,84,0.685099846390169,L-Concrete,0.12,0.002,0.0,1520125
kidneychromophobe,19,0.7746478873239436,L-Concrete,0.12,0.0015,0.0,1560123
kidneyclearcellrenalcarcinoma,156,0.6605721660572166,L-Concrete,0.12,0.0015,0.0,1560123
kidneypapillaryrenalcellcarcinoma,84,0.717357910906298,L-Concrete,0.12,0.0015,0.0,1560123
kidneychromophobe,19,0.8450704225352113,L-Concrete,0.12,0.0015,0.0,1560124
kidneyclearcellrenalcarcinoma,156,0.6513228651322865,L-Concrete,0.12,0.0015,0.0,1560124
kidneypapillaryrenalcellcarcinoma,84,0.7741935483870968,L-Concrete,0.12,0.0015,0.0,1560124
kidneychromophobe,19,0.7746478873239436,L-Concrete,0.12,0.0015,0.0,1560125
kidneyclearcellrenalcarcinoma,156,0.6145407614540761,L-Concrete,0.12,0.0015,0.0,1560125
kidneypapillaryrenalcellcarcinoma,84,0.6912442396313364,L-Concrete,0.12,0.0015,0.0,1560125
kidneychromophobe,19,0.7605633802816901,LSPIN,0.22,0.014,0.1,30123
kidneyclearcellrenalcarcinoma,156,0.6900408690040869,LSPIN,0.22,0.014,0.1,30123
kidneypapillaryrenalcellcarcinoma,84,0.7772657450076805,LSPIN,0.22,0.014,0.1,30123
kidneychromophobe,19,0.7464788732394366,LSPIN,0.22,0.014,0.1,30124
kidneyclearcellrenalcarcinoma,156,0.699290169929017,LSPIN,0.22,0.014,0.1,30124
kidneypapillaryrenalcellcarcinoma,84,0.7357910906298003,LSPIN,0.22,0.014,0.1,30124
kidneychromophobe,19,0.6901408450704225,LSPIN,0.22,0.014,0.1,30125
kidneyclearcellrenalcarcinoma,156,0.6865992686599268,LSPIN,0.22,0.014,0.1,30125
kidneypapillaryrenalcellcarcinoma,84,0.7204301075268817,LSPIN,0.22,0.014,0.1,30125
kidneychromophobe,19,0.647887323943662,LSPIN,0.22,0.0105,0.1,70123
kidneyclearcellrenalcarcinoma,156,0.6848784684878468,LSPIN,0.22,0.0105,0.1,70123
kidneypapillaryrenalcellcarcinoma,84,0.815668202764977,LSPIN,0.22,0.0105,0.1,70123
kidneychromophobe,19,0.6197183098591549,LSPIN,0.22,0.0105,0.1,70124
kidneyclearcellrenalcarcinoma,156,0.6917616691761669,LSPIN,0.22,0.0105,0.1,70124
kidneypapillaryrenalcellcarcinoma,84,0.7342549923195084,LSPIN,0.22,0.0105,0.1,70124
kidneychromophobe,19,0.6901408450704225,LSPIN,0.22,0.0105,0.1,70125
kidneyclearcellrenalcarcinoma,156,0.694773069477307,LSPIN,0.22,0.0105,0.1,70125
kidneypapillaryrenalcellcarcinoma,84,0.7972350230414746,LSPIN,0.22,0.0105,0.1,70125
kidneychromophobe,19,0.6619718309859155,LSPIN,0.22,0.00875,0.1,110123
kidneyclearcellrenalcarcinoma,156,0.6874596687459669,LSPIN,0.22,0.00875,0.1,110123
kidneypapillaryrenalcellcarcinoma,84,0.7910906298003072,LSPIN,0.22,0.00875,0.1,110123
kidneychromophobe,19,0.676056338028169,LSPIN,0.22,0.00875,0.1,110124
kidneyclearcellrenalcarcinoma,156,0.6661647666164766,LSPIN,0.22,0.00875,0.1,110124
kidneypapillaryrenalcellcarcinoma,84,0.7342549923195084,LSPIN,0.22,0.00875,0.1,110124
kidneychromophobe,19,0.6901408450704225,LSPIN,0.22,0.00875,0.1,110125
kidneyclearcellrenalcarcinoma,156,0.6586362658636266,LSPIN,0.22,0.00875,0.1,110125
kidneypapillaryrenalcellcarcinoma,84,0.7849462365591398,LSPIN,0.22,0.00875,0.1,110125
kidneychromophobe,19,0.704225352112676,LSPIN,0.22,0.007,0.1,150123
kidneyclearcellrenalcarcinoma,156,0.6760593676059368,LSPIN,0.22,0.007,0.1,150123
kidneypapillaryrenalcellcarcinoma,84,0.7557603686635944,LSPIN,0.22,0.007,0.1,150123
kidneychromophobe,19,0.6901408450704225,LSPIN,0.22,0.007,0.1,150124
kidneyclearcellrenalcarcinoma,156,0.6696063669606367,LSPIN,0.22,0.007,0.1,150124
kidneypapillaryrenalcellcarcinoma,84,0.7772657450076805,LSPIN,0.22,0.007,0.1,150124
kidneychromophobe,19,0.6901408450704225,LSPIN,0.22,0.007,0.1,150125
kidneyclearcellrenalcarcinoma,156,0.6762744676274468,LSPIN,0.22,0.007,0.1,150125
kidneypapillaryrenalcellcarcinoma,84,0.7987711213517665,LSPIN,0.22,0.007,0.1,150125
kidneychromophobe,19,0.7464788732394366,LSPIN,0.22,0.00525,0.1,190123
kidneyclearcellrenalcarcinoma,156,0.6863841686384169,LSPIN,0.22,0.00525,0.1,190123
kidneypapillaryrenalcellcarcinoma,84,0.7788018433179723,LSPIN,0.22,0.00525,0.1,190123
kidneychromophobe,19,0.6901408450704225,LSPIN,0.22,0.00525,0.1,190124
kidneyclearcellrenalcarcinoma,156,0.6846633684663368,LSPIN,0.22,0.00525,0.1,190124
kidneypapillaryrenalcellcarcinoma,84,0.7542242703533026,LSPIN,0.22,0.00525,0.1,190124
kidneychromophobe,19,0.6901408450704225,LSPIN,0.22,0.00525,0.1,190125
kidneyclearcellrenalcarcinoma,156,0.6825123682512368,LSPIN,0.22,0.00525,0.1,190125
kidneypapillaryrenalcellcarcinoma,84,0.7357910906298003,LSPIN,0.22,0.00525,0.1,190125
kidneychromophobe,19,0.676056338028169,LSPIN,0.2,0.014,0.1,230123
kidneyclearcellrenalcarcinoma,156,0.6902559690255969,LSPIN,0.2,0.014,0.1,230123
kidneypapillaryrenalcellcarcinoma,84,0.7665130568356375,LSPIN,0.2,0.014,0.1,230123
kidneychromophobe,19,0.6619718309859155,LSPIN,0.2,0.014,0.1,230124
kidneyclearcellrenalcarcinoma,156,0.6691761669176167,LSPIN,0.2,0.014,0.1,230124
kidneypapillaryrenalcellcarcinoma,84,0.7788018433179723,LSPIN,0.2,0.014,0.1,230124
kidneychromophobe,19,0.647887323943662,LSPIN,0.2,0.014,0.1,230125
kidneyclearcellrenalcarcinoma,156,0.696493869649387,LSPIN,0.2,0.014,0.1,230125
kidneypapillaryrenalcellcarcinoma,84,0.7235023041474654,LSPIN,0.2,0.014,0.1,230125
kidneychromophobe,19,0.6619718309859155,LSPIN,0.2,0.0105,0.1,270123
kidneyclearcellrenalcarcinoma,156,0.696708969670897,LSPIN,0.2,0.0105,0.1,270123
kidneypapillaryrenalcellcarcinoma,84,0.7864823348694316,LSPIN,0.2,0.0105,0.1,270123
kidneychromophobe,19,0.676056338028169,LSPIN,0.2,0.0105,0.1,270124
kidneyclearcellrenalcarcinoma,156,0.6844482684448269,LSPIN,0.2,0.0105,0.1,270124
kidneypapillaryrenalcellcarcinoma,84,0.8125960061443932,LSPIN,0.2,0.0105,0.1,270124
kidneychromophobe,19,0.6197183098591549,LSPIN,0.2,0.0105,0.1,270125
kidneyclearcellrenalcarcinoma,156,0.6810066681006668,LSPIN,0.2,0.0105,0.1,270125
kidneypapillaryrenalcellcarcinoma,84,0.7895545314900153,LSPIN,0.2,0.0105,0.1,270125
kidneychromophobe,19,0.676056338028169,LSPIN,0.2,0.00875,0.1,310123
kidneyclearcellrenalcarcinoma,156,0.6769197676919768,LSPIN,0.2,0.00875,0.1,310123
kidneypapillaryrenalcellcarcinoma,84,0.7956989247311828,LSPIN,0.2,0.00875,0.1,310123
kidneychromophobe,19,0.6901408450704225,LSPIN,0.2,0.00875,0.1,310124
kidneyclearcellrenalcarcinoma,156,0.6724026672402668,LSPIN,0.2,0.00875,0.1,310124
kidneypapillaryrenalcellcarcinoma,84,0.7465437788018433,LSPIN,0.2,0.00875,0.1,310124
kidneychromophobe,19,0.7464788732394366,LSPIN,0.2,0.00875,0.1,310125
kidneyclearcellrenalcarcinoma,156,0.6683157668315767,LSPIN,0.2,0.00875,0.1,310125
kidneypapillaryrenalcellcarcinoma,84,0.8141321044546851,LSPIN,0.2,0.00875,0.1,310125
kidneychromophobe,19,0.6901408450704225,LSPIN,0.2,0.007,0.1,350123
kidneyclearcellrenalcarcinoma,156,0.6810066681006668,LSPIN,0.2,0.007,0.1,350123
kidneypapillaryrenalcellcarcinoma,84,0.8172043010752689,LSPIN,0.2,0.007,0.1,350123
kidneychromophobe,19,0.676056338028169,LSPIN,0.2,0.007,0.1,350124
kidneyclearcellrenalcarcinoma,156,0.6816519681651968,LSPIN,0.2,0.007,0.1,350124
kidneypapillaryrenalcellcarcinoma,84,0.7680491551459293,LSPIN,0.2,0.007,0.1,350124
kidneychromophobe,19,0.647887323943662,LSPIN,0.2,0.007,0.1,350125
kidneyclearcellrenalcarcinoma,156,0.7048827704882771,LSPIN,0.2,0.007,0.1,350125
kidneypapillaryrenalcellcarcinoma,84,0.7434715821812596,LSPIN,0.2,0.007,0.1,350125
kidneychromophobe,19,0.6619718309859155,LSPIN,0.2,0.00525,0.1,390123
kidneyclearcellrenalcarcinoma,156,0.6878898687889868,LSPIN,0.2,0.00525,0.1,390123
kidneypapillaryrenalcellcarcinoma,84,0.7910906298003072,LSPIN,0.2,0.00525,0.1,390123
kidneychromophobe,19,0.704225352112676,LSPIN,0.2,0.00525,0.1,390124
kidneyclearcellrenalcarcinoma,156,0.6706818670681867,LSPIN,0.2,0.00525,0.1,390124
kidneypapillaryrenalcellcarcinoma,84,0.8125960061443932,LSPIN,0.2,0.00525,0.1,390124
kidneychromophobe,19,0.6338028169014085,LSPIN,0.2,0.00525,0.1,390125
kidneyclearcellrenalcarcinoma,156,0.6827274682727468,LSPIN,0.2,0.00525,0.1,390125
kidneypapillaryrenalcellcarcinoma,84,0.7419354838709677,LSPIN,0.2,0.00525,0.1,390125
kidneychromophobe,19,0.7464788732394366,L-LSPIN,0.22,0.021,0.1,430123
kidneyclearcellrenalcarcinoma,156,0.6143256614325662,L-LSPIN,0.22,0.021,0.1,430123
kidneypapillaryrenalcellcarcinoma,84,0.6943164362519201,L-LSPIN,0.22,0.021,0.1,430123
kidneychromophobe,19,0.704225352112676,L-LSPIN,0.22,0.021,0.1,430124
kidneyclearcellrenalcarcinoma,156,0.6149709614970962,L-LSPIN,0.22,0.021,0.1,430124
kidneypapillaryrenalcellcarcinoma,84,0.7849462365591398,L-LSPIN,0.22,0.021,0.1,430124
kidneychromophobe,19,0.676056338028169,L-LSPIN,0.22,0.021,0.1,430125
kidneyclearcellrenalcarcinoma,156,0.6588513658851366,L-LSPIN,0.22,0.021,0.1,430125
kidneypapillaryrenalcellcarcinoma,84,0.7895545314900153,L-LSPIN,0.22,0.021,0.1,430125
kidneychromophobe,19,0.7605633802816901,L-LSPIN,0.22,0.014,0.1,470123
kidneyclearcellrenalcarcinoma,156,0.6663798666379867,L-LSPIN,0.22,0.014,0.1,470123
kidneypapillaryrenalcellcarcinoma,84,0.7880184331797235,L-LSPIN,0.22,0.014,0.1,470123
kidneychromophobe,19,0.7183098591549296,L-LSPIN,0.22,0.014,0.1,470124
kidneyclearcellrenalcarcinoma,156,0.6569154656915466,L-LSPIN,0.22,0.014,0.1,470124
kidneypapillaryrenalcellcarcinoma,84,0.8279569892473119,L-LSPIN,0.22,0.014,0.1,470124
kidneychromophobe,19,0.6619718309859155,L-LSPIN,0.22,0.014,0.1,470125
kidneyclearcellrenalcarcinoma,156,0.6123897612389761,L-LSPIN,0.22,0.014,0.1,470125
kidneypapillaryrenalcellcarcinoma,84,0.8033794162826421,L-LSPIN,0.22,0.014,0.1,470125
kidneychromophobe,19,0.704225352112676,L-LSPIN,0.22,0.0105,0.1,510123
kidneyclearcellrenalcarcinoma,156,0.6347601634760164,L-LSPIN,0.22,0.0105,0.1,510123
kidneypapillaryrenalcellcarcinoma,84,0.7619047619047619,L-LSPIN,0.22,0.0105,0.1,510123
kidneychromophobe,19,0.647887323943662,L-LSPIN,0.22,0.0105,0.1,510124
kidneyclearcellrenalcarcinoma,156,0.6220692622069263,L-LSPIN,0.22,0.0105,0.1,510124
kidneypapillaryrenalcellcarcinoma,84,0.7603686635944701,L-LSPIN,0.22,0.0105,0.1,510124
kidneychromophobe,19,0.676056338028169,L-LSPIN,0.22,0.0105,0.1,510125
kidneyclearcellrenalcarcinoma,156,0.705097870509787,L-LSPIN,0.22,0.0105,0.1,510125
kidneypapillaryrenalcellcarcinoma,84,0.7465437788018433,L-LSPIN,0.22,0.0105,0.1,510125
kidneychromophobe,19,0.6901408450704225,L-LSPIN,0.22,0.00875,0.1,550123
kidneyclearcellrenalcarcinoma,156,0.6582060658206066,L-LSPIN,0.22,0.00875,0.1,550123
kidneypapillaryrenalcellcarcinoma,84,0.8233486943164362,L-LSPIN,0.22,0.00875,0.1,550123
kidneychromophobe,19,0.7887323943661971,L-LSPIN,0.22,0.00875,0.1,550124
kidneyclearcellrenalcarcinoma,156,0.6893955689395569,L-LSPIN,0.22,0.00875,0.1,550124
kidneypapillaryrenalcellcarcinoma,84,0.7956989247311828,L-LSPIN,0.22,0.00875,0.1,550124
kidneychromophobe,19,0.7183098591549296,L-LSPIN,0.22,0.00875,0.1,550125
kidneyclearcellrenalcarcinoma,156,0.6863841686384169,L-LSPIN,0.22,0.00875,0.1,550125
kidneypapillaryrenalcellcarcinoma,84,0.7711213517665131,L-LSPIN,0.22,0.00875,0.1,550125
kidneychromophobe,19,0.6619718309859155,L-LSPIN,0.22,0.007,0.1,590123
kidneyclearcellrenalcarcinoma,156,0.6579909657990965,L-LSPIN,0.22,0.007,0.1,590123
kidneypapillaryrenalcellcarcinoma,84,0.6820276497695853,L-LSPIN,0.22,0.007,0.1,590123
kidneychromophobe,19,0.6267605633802817,L-LSPIN,0.22,0.007,0.1,590124
kidneyclearcellrenalcarcinoma,156,0.6446547644654764,L-LSPIN,0.22,0.007,0.1,590124
kidneypapillaryrenalcellcarcinoma,84,0.6758832565284179,L-LSPIN,0.22,0.007,0.1,590124
kidneychromophobe,19,0.6901408450704225,L-LSPIN,0.22,0.007,0.1,590125
kidneyclearcellrenalcarcinoma,156,0.7182189718218972,L-LSPIN,0.22,0.007,0.1,590125
kidneypapillaryrenalcellcarcinoma,84,0.7803379416282642,L-LSPIN,0.22,0.007,0.1,590125
kidneychromophobe,19,0.6901408450704225,L-LSPIN,0.2,0.021,0.1,630123
kidneyclearcellrenalcarcinoma,156,0.6969240696924069,L-LSPIN,0.2,0.021,0.1,630123
kidneypapillaryrenalcellcarcinoma,84,0.8033794162826421,L-LSPIN,0.2,0.021,0.1,630123
kidneychromophobe,19,0.7183098591549296,L-LSPIN,0.2,0.021,0.1,630124
kidneyclearcellrenalcarcinoma,156,0.6321789632178964,L-LSPIN,0.2,0.021,0.1,630124
kidneypapillaryrenalcellcarcinoma,84,0.7480798771121352,L-LSPIN,0.2,0.021,0.1,630124
kidneychromophobe,19,0.676056338028169,L-LSPIN,0.2,0.021,0.1,630125
kidneyclearcellrenalcarcinoma,156,0.6338997633899763,L-LSPIN,0.2,0.021,0.1,630125
kidneypapillaryrenalcellcarcinoma,84,0.8433179723502304,L-LSPIN,0.2,0.021,0.1,630125
kidneychromophobe,19,0.6338028169014085,L-LSPIN,0.2,0.014,0.1,670123
kidneyclearcellrenalcarcinoma,156,0.6448698644869865,L-LSPIN,0.2,0.014,0.1,670123
kidneypapillaryrenalcellcarcinoma,84,0.8018433179723502,L-LSPIN,0.2,0.014,0.1,670123
kidneychromophobe,19,0.8028169014084507,L-LSPIN,0.2,0.014,0.1,670124
kidneyclearcellrenalcarcinoma,156,0.6375564637556463,L-LSPIN,0.2,0.014,0.1,670124
kidneypapillaryrenalcellcarcinoma,84,0.7250384024577573,L-LSPIN,0.2,0.014,0.1,670124
kidneychromophobe,19,0.6056338028169014,L-LSPIN,0.2,0.014,0.1,670125
kidneyclearcellrenalcarcinoma,156,0.6855237685523768,L-LSPIN,0.2,0.014,0.1,670125
kidneypapillaryrenalcellcarcinoma,84,0.8003072196620584,L-LSPIN,0.2,0.014,0.1,670125
kidneychromophobe,19,0.8169014084507042,L-LSPIN,0.2,0.0105,0.1,710123
kidneyclearcellrenalcarcinoma,156,0.6655194665519466,L-LSPIN,0.2,0.0105,0.1,710123
kidneypapillaryrenalcellcarcinoma,84,0.7910906298003072,L-LSPIN,0.2,0.0105,0.1,710123
kidneychromophobe,19,0.704225352112676,L-LSPIN,0.2,0.0105,0.1,710124
kidneyclearcellrenalcarcinoma,156,0.700795870079587,L-LSPIN,0.2,0.0105,0.1,710124
kidneypapillaryrenalcellcarcinoma,84,0.8064516129032258,L-LSPIN,0.2,0.0105,0.1,710124
kidneychromophobe,19,0.7887323943661971,L-LSPIN,0.2,0.0105,0.1,710125
kidneyclearcellrenalcarcinoma,156,0.6382017638201763,L-LSPIN,0.2,0.0105,0.1,710125
kidneypapillaryrenalcellcarcinoma,84,0.8141321044546851,L-LSPIN,0.2,0.0105,0.1,710125
kidneychromophobe,19,0.6901408450704225,L-LSPIN,0.2,0.00875,0.1,750123
kidneyclearcellrenalcarcinoma,156,0.6532587653258766,L-LSPIN,0.2,0.00875,0.1,750123
kidneypapillaryrenalcellcarcinoma,84,0.8310291858678955,L-LSPIN,0.2,0.00875,0.1,750123
kidneychromophobe,19,0.7887323943661971,L-LSPIN,0.2,0.00875,0.1,750124
kidneyclearcellrenalcarcinoma,156,0.6571305657130566,L-LSPIN,0.2,0.00875,0.1,750124
kidneypapillaryrenalcellcarcinoma,84,0.7265745007680492,L-LSPIN,0.2,0.00875,0.1,750124
kidneychromophobe,19,0.6901408450704225,L-LSPIN,0.2,0.00875,0.1,750125
kidneyclearcellrenalcarcinoma,156,0.6330393633039363,L-LSPIN,0.2,0.00875,0.1,750125
kidneypapillaryrenalcellcarcinoma,84,0.783410138248848,L-LSPIN,0.2,0.00875,0.1,750125
kidneychromophobe,19,0.7605633802816901,L-LSPIN,0.2,0.007,0.1,790123
kidneyclearcellrenalcarcinoma,156,0.6334695633469564,L-LSPIN,0.2,0.007,0.1,790123
kidneypapillaryrenalcellcarcinoma,84,0.7419354838709677,L-LSPIN,0.2,0.007,0.1,790123
kidneychromophobe,19,0.6619718309859155,L-LSPIN,0.2,0.007,0.1,790124
kidneyclearcellrenalcarcinoma,156,0.6691761669176167,L-LSPIN,0.2,0.007,0.1,790124
kidneypapillaryrenalcellcarcinoma,84,0.8095238095238095,L-LSPIN,0.2,0.007,0.1,790124
kidneychromophobe,19,0.7605633802816901,L-LSPIN,0.2,0.007,0.1,790125
kidneyclearcellrenalcarcinoma,156,0.6588513658851366,L-LSPIN,0.2,0.007,0.1,790125
kidneypapillaryrenalcellcarcinoma,84,0.7542242703533026,L-LSPIN,0.2,0.007,0.1,790125
kidneychromophobe,19,0.7183098591549296,Concrete,0.15,0.004,0.1,830123
kidneyclearcellrenalcarcinoma,156,0.6472359647235965,Concrete,0.15,0.004,0.1,830123
kidneypapillaryrenalcellcarcinoma,84,0.7296466973886329,Concrete,0.15,0.004,0.1,830123
kidneychromophobe,19,0.704225352112676,Concrete,0.15,0.004,0.1,830124
kidneyclearcellrenalcarcinoma,156,0.692191869219187,Concrete,0.15,0.004,0.1,830124
kidneypapillaryrenalcellcarcinoma,84,0.6943164362519201,Concrete,0.15,0.004,0.1,830124
kidneychromophobe,19,0.6619718309859155,Concrete,0.15,0.004,0.1,830125
kidneyclearcellrenalcarcinoma,156,0.6659496665949667,Concrete,0.15,0.004,0.1,830125
kidneypapillaryrenalcellcarcinoma,84,0.7204301075268817,Concrete,0.15,0.004,0.1,830125
kidneychromophobe,19,0.6619718309859155,Concrete,0.15,0.003,0.1,870123
kidneyclearcellrenalcarcinoma,156,0.6773499677349968,Concrete,0.15,0.003,0.1,870123
kidneypapillaryrenalcellcarcinoma,84,0.7250384024577573,Concrete,0.15,0.003,0.1,870123
kidneychromophobe,19,0.676056338028169,Concrete,0.15,0.003,0.1,870124
kidneyclearcellrenalcarcinoma,156,0.6665949666594967,Concrete,0.15,0.003,0.1,870124
kidneypapillaryrenalcellcarcinoma,84,0.7680491551459293,Concrete,0.15,0.003,0.1,870124
kidneychromophobe,19,0.6619718309859155,Concrete,0.15,0.003,0.1,870125
kidneyclearcellrenalcarcinoma,156,0.6440094644009464,Concrete,0.15,0.003,0.1,870125
kidneypapillaryrenalcellcarcinoma,84,0.7849462365591398,Concrete,0.15,0.003,0.1,870125
kidneychromophobe,19,0.647887323943662,Concrete,0.15,0.0025,0.1,910123
kidneyclearcellrenalcarcinoma,156,0.6659496665949667,Concrete,0.15,0.0025,0.1,910123
kidneypapillaryrenalcellcarcinoma,84,0.7204301075268817,Concrete,0.15,0.0025,0.1,910123
kidneychromophobe,19,0.6619718309859155,Concrete,0.15,0.0025,0.1,910124
kidneyclearcellrenalcarcinoma,156,0.6721875672187567,Concrete,0.15,0.0025,0.1,910124
kidneypapillaryrenalcellcarcinoma,84,0.7680491551459293,Concrete,0.15,0.0025,0.1,910124
kidneychromophobe,19,0.5211267605633803,Concrete,0.15,0.0025,0.1,910125
kidneyclearcellrenalcarcinoma,156,0.6616476661647667,Concrete,0.15,0.0025,0.1,910125
kidneypapillaryrenalcellcarcinoma,84,0.7480798771121352,Concrete,0.15,0.0025,0.1,910125
kidneychromophobe,19,0.704225352112676,Concrete,0.15,0.002,0.1,950123
kidneyclearcellrenalcarcinoma,156,0.6803613680361368,Concrete,0.15,0.002,0.1,950123
kidneypapillaryrenalcellcarcinoma,84,0.7311827956989247,Concrete,0.15,0.002,0.1,950123
kidneychromophobe,19,0.6056338028169014,Concrete,0.15,0.002,0.1,950124
kidneyclearcellrenalcarcinoma,156,0.6478812647881265,Concrete,0.15,0.002,0.1,950124
kidneypapillaryrenalcellcarcinoma,84,0.7496159754224271,Concrete,0.15,0.002,0.1,950124
kidneychromophobe,19,0.704225352112676,Concrete,0.15,0.002,0.1,950125
kidneyclearcellrenalcarcinoma,156,0.6685308668530867,Concrete,0.15,0.002,0.1,950125
kidneypapillaryrenalcellcarcinoma,84,0.7496159754224271,Concrete,0.15,0.002,0.1,950125
kidneychromophobe,19,0.5915492957746479,Concrete,0.15,0.0015,0.1,990123
kidneyclearcellrenalcarcinoma,156,0.6650892665089266,Concrete,0.15,0.0015,0.1,990123
kidneypapillaryrenalcellcarcinoma,84,0.7741935483870968,Concrete,0.15,0.0015,0.1,990123
kidneychromophobe,19,0.5633802816901409,Concrete,0.15,0.0015,0.1,990124
kidneyclearcellrenalcarcinoma,156,0.6547644654764465,Concrete,0.15,0.0015,0.1,990124
kidneypapillaryrenalcellcarcinoma,84,0.7465437788018433,Concrete,0.15,0.0015,0.1,990124
kidneychromophobe,19,0.704225352112676,Concrete,0.15,0.0015,0.1,990125
kidneyclearcellrenalcarcinoma,156,0.705958270595827,Concrete,0.15,0.0015,0.1,990125
kidneypapillaryrenalcellcarcinoma,84,0.7450076804915514,Concrete,0.15,0.0015,0.1,990125
kidneychromophobe,19,0.647887323943662,Concrete,0.12,0.004,0.1,1030123
kidneyclearcellrenalcarcinoma,156,0.6889653688965369,Concrete,0.12,0.004,0.1,1030123
kidneypapillaryrenalcellcarcinoma,84,0.7864823348694316,Concrete,0.12,0.004,0.1,1030123
kidneychromophobe,19,0.6338028169014085,Concrete,0.12,0.004,0.1,1030124
kidneyclearcellrenalcarcinoma,156,0.6949881694988169,Concrete,0.12,0.004,0.1,1030124
kidneypapillaryrenalcellcarcinoma,84,0.7450076804915514,Concrete,0.12,0.004,0.1,1030124
kidneychromophobe,19,0.704225352112676,Concrete,0.12,0.004,0.1,1030125
kidneyclearcellrenalcarcinoma,156,0.6840180684018068,Concrete,0.12,0.004,0.1,1030125
kidneypapillaryrenalcellcarcinoma,84,0.7772657450076805,Concrete,0.12,0.004,0.1,1030125
kidneychromophobe,19,0.676056338028169,Concrete,0.12,0.003,0.1,1070123
kidneyclearcellrenalcarcinoma,156,0.6453000645300064,Concrete,0.12,0.003,0.1,1070123
kidneypapillaryrenalcellcarcinoma,84,0.7327188940092166,Concrete,0.12,0.003,0.1,1070123
kidneychromophobe,19,0.6619718309859155,Concrete,0.12,0.003,0.1,1070124
kidneyclearcellrenalcarcinoma,156,0.6799311679931168,Concrete,0.12,0.003,0.1,1070124
kidneypapillaryrenalcellcarcinoma,84,0.7880184331797235,Concrete,0.12,0.003,0.1,1070124
kidneychromophobe,19,0.704225352112676,Concrete,0.12,0.003,0.1,1070125
kidneyclearcellrenalcarcinoma,156,0.6741234674123467,Concrete,0.12,0.003,0.1,1070125
kidneypapillaryrenalcellcarcinoma,84,0.7956989247311828,Concrete,0.12,0.003,0.1,1070125
kidneychromophobe,19,0.6619718309859155,Concrete,0.12,0.0025,0.1,1110123
kidneyclearcellrenalcarcinoma,156,0.6659496665949667,Concrete,0.12,0.0025,0.1,1110123
kidneypapillaryrenalcellcarcinoma,84,0.7788018433179723,Concrete,0.12,0.0025,0.1,1110123
kidneychromophobe,19,0.6338028169014085,Concrete,0.12,0.0025,0.1,1110124
kidneyclearcellrenalcarcinoma,156,0.6956334695633469,Concrete,0.12,0.0025,0.1,1110124
kidneypapillaryrenalcellcarcinoma,84,0.7265745007680492,Concrete,0.12,0.0025,0.1,1110124
kidneychromophobe,19,0.7464788732394366,Concrete,0.12,0.0025,0.1,1110125
kidneyclearcellrenalcarcinoma,156,0.6646590664659067,Concrete,0.12,0.0025,0.1,1110125
kidneypapillaryrenalcellcarcinoma,84,0.8095238095238095,Concrete,0.12,0.0025,0.1,1110125
kidneychromophobe,19,0.6197183098591549,Concrete,0.12,0.002,0.1,1150123
kidneyclearcellrenalcarcinoma,156,0.6532587653258766,Concrete,0.12,0.002,0.1,1150123
kidneypapillaryrenalcellcarcinoma,84,0.7357910906298003,Concrete,0.12,0.002,0.1,1150123
kidneychromophobe,19,0.6619718309859155,Concrete,0.12,0.002,0.1,1150124
kidneyclearcellrenalcarcinoma,156,0.6829425682942568,Concrete,0.12,0.002,0.1,1150124
kidneypapillaryrenalcellcarcinoma,84,0.7219662058371735,Concrete,0.12,0.002,0.1,1150124
kidneychromophobe,19,0.6197183098591549,Concrete,0.12,0.002,0.1,1150125
kidneyclearcellrenalcarcinoma,156,0.6708969670896967,Concrete,0.12,0.002,0.1,1150125
kidneypapillaryrenalcellcarcinoma,84,0.7465437788018433,Concrete,0.12,0.002,0.1,1150125
kidneychromophobe,19,0.647887323943662,Concrete,0.12,0.0015,0.1,1190123
kidneyclearcellrenalcarcinoma,156,0.6708969670896967,Concrete,0.12,0.0015,0.1,1190123
kidneypapillaryrenalcellcarcinoma,84,0.7327188940092166,Concrete,0.12,0.0015,0.1,1190123
kidneychromophobe,19,0.6338028169014085,Concrete,0.12,0.0015,0.1,1190124
kidneyclearcellrenalcarcinoma,156,0.6625080662508066,Concrete,0.12,0.0015,0.1,1190124
kidneypapillaryrenalcellcarcinoma,84,0.7465437788018433,Concrete,0.12,0.0015,0.1,1190124
kidneychromophobe,19,0.704225352112676,Concrete,0.12,0.0015,0.1,1190125
kidneyclearcellrenalcarcinoma,156,0.6883200688320069,Concrete,0.12,0.0015,0.1,1190125
kidneypapillaryrenalcellcarcinoma,84,0.7342549923195084,Concrete,0.12,0.0015,0.1,1190125
kidneychromophobe,19,0.7183098591549296,L-Concrete,0.15,0.004,0.1,1230123
kidneyclearcellrenalcarcinoma,156,0.6676704667670467,L-Concrete,0.15,0.004,0.1,1230123
kidneypapillaryrenalcellcarcinoma,84,0.7434715821812596,L-Concrete,0.15,0.004,0.1,1230123
kidneychromophobe,19,0.6901408450704225,L-Concrete,0.15,0.004,0.1,1230124
kidneyclearcellrenalcarcinoma,156,0.7145622714562272,L-Concrete,0.15,0.004,0.1,1230124
kidneypapillaryrenalcellcarcinoma,84,0.6927803379416283,L-Concrete,0.15,0.004,0.1,1230124
kidneychromophobe,19,0.7887323943661971,L-Concrete,0.15,0.004,0.1,1230125
kidneyclearcellrenalcarcinoma,156,0.7081092708109271,L-Concrete,0.15,0.004,0.1,1230125
kidneypapillaryrenalcellcarcinoma,84,0.7803379416282642,L-Concrete,0.15,0.004,0.1,1230125
kidneychromophobe,19,0.6619718309859155,L-Concrete,0.15,0.003,0.1,1270123
kidneyclearcellrenalcarcinoma,156,0.6412131641213165,L-Concrete,0.15,0.003,0.1,1270123
kidneypapillaryrenalcellcarcinoma,84,0.7557603686635944,L-Concrete,0.15,0.003,0.1,1270123
kidneychromophobe,19,0.5492957746478874,L-Concrete,0.15,0.003,0.1,1270124
kidneyclearcellrenalcarcinoma,156,0.5334480533448054,L-Concrete,0.15,0.003,0.1,1270124
kidneypapillaryrenalcellcarcinoma,84,0.7572964669738863,L-Concrete,0.15,0.003,0.1,1270124
kidneychromophobe,19,0.704225352112676,L-Concrete,0.15,0.003,0.1,1270125
kidneyclearcellrenalcarcinoma,156,0.595611959561196,L-Concrete,0.15,0.003,0.1,1270125
kidneypapillaryrenalcellcarcinoma,84,0.7818740399385561,L-Concrete,0.15,0.003,0.1,1270125
kidneychromophobe,19,0.5774647887323944,L-Concrete,0.15,0.0025,0.1,1310123
kidneyclearcellrenalcarcinoma,156,0.6102387610238761,L-Concrete,0.15,0.0025,0.1,1310123
kidneypapillaryrenalcellcarcinoma,84,0.6927803379416283,L-Concrete,0.15,0.0025,0.1,1310123
kidneychromophobe,19,0.7605633802816901,L-Concrete,0.15,0.0025,0.1,1310124
kidneyclearcellrenalcarcinoma,156,0.6805764680576468,L-Concrete,0.15,0.0025,0.1,1310124
kidneypapillaryrenalcellcarcinoma,84,0.7680491551459293,L-Concrete,0.15,0.0025,0.1,1310124
kidneychromophobe,19,0.704225352112676,L-Concrete,0.15,0.0025,0.1,1310125
kidneyclearcellrenalcarcinoma,156,0.6171219617121961,L-Concrete,0.15,0.0025,0.1,1310125
kidneypapillaryrenalcellcarcinoma,84,0.7373271889400922,L-Concrete,0.15,0.0025,0.1,1310125
kidneychromophobe,19,0.7183098591549296,L-Concrete,0.15,0.002,0.1,1350123
kidneyclearcellrenalcarcinoma,156,0.610023661002366,L-Concrete,0.15,0.002,0.1,1350123
kidneypapillaryrenalcellcarcinoma,84,0.7880184331797235,L-Concrete,0.15,0.002,0.1,1350123
kidneychromophobe,19,0.647887323943662,L-Concrete,0.15,0.002,0.1,1350124
kidneyclearcellrenalcarcinoma,156,0.6483114648311464,L-Concrete,0.15,0.002,0.1,1350124
kidneypapillaryrenalcellcarcinoma,84,0.7880184331797235,L-Concrete,0.15,0.002,0.1,1350124
kidneychromophobe,19,0.7464788732394366,L-Concrete,0.15,0.002,0.1,1350125
kidneyclearcellrenalcarcinoma,156,0.5523768552376855,L-Concrete,0.15,0.002,0.1,1350125
kidneypapillaryrenalcellcarcinoma,84,0.6359447004608295,L-Concrete,0.15,0.002,0.1,1350125
kidneychromophobe,19,0.8309859154929577,L-Concrete,0.15,0.0015,0.1,1390123
kidneyclearcellrenalcarcinoma,156,0.6154011615401161,L-Concrete,0.15,0.0015,0.1,1390123
kidneypapillaryrenalcellcarcinoma,84,0.8018433179723502,L-Concrete,0.15,0.0015,0.1,1390123
kidneychromophobe,19,0.7605633802816901,L-Concrete,0.15,0.0015,0.1,1390124
kidneyclearcellrenalcarcinoma,156,0.6233598623359863,L-Concrete,0.15,0.0015,0.1,1390124
kidneypapillaryrenalcellcarcinoma,84,0.7496159754224271,L-Concrete,0.15,0.0015,0.1,1390124
kidneychromophobe,19,0.7183098591549296,L-Concrete,0.15,0.0015,0.1,1390125
kidneyclearcellrenalcarcinoma,156,0.6420735642073564,L-Concrete,0.15,0.0015,0.1,1390125
kidneypapillaryrenalcellcarcinoma,84,0.7619047619047619,L-Concrete,0.15,0.0015,0.1,1390125
kidneychromophobe,19,0.676056338028169,L-Concrete,0.12,0.004,0.1,1430123
kidneyclearcellrenalcarcinoma,156,0.7055280705528071,L-Concrete,0.12,0.004,0.1,1430123
kidneypapillaryrenalcellcarcinoma,84,0.8079877112135176,L-Concrete,0.12,0.004,0.1,1430123
kidneychromophobe,19,0.7887323943661971,L-Concrete,0.12,0.004,0.1,1430124
kidneyclearcellrenalcarcinoma,156,0.6536889653688965,L-Concrete,0.12,0.004,0.1,1430124
kidneypapillaryrenalcellcarcinoma,84,0.7127496159754224,L-Concrete,0.12,0.004,0.1,1430124
kidneychromophobe,19,0.676056338028169,L-Concrete,0.12,0.004,0.1,1430125
kidneyclearcellrenalcarcinoma,156,0.6906861690686169,L-Concrete,0.12,0.004,0.1,1430125
kidneypapillaryrenalcellcarcinoma,84,0.7465437788018433,L-Concrete,0.12,0.004,0.1,1430125
kidneychromophobe,19,0.7605633802816901,L-Concrete,0.12,0.003,0.1,1470123
kidneyclearcellrenalcarcinoma,156,0.695203269520327,L-Concrete,0.12,0.003,0.1,1470123
kidneypapillaryrenalcellcarcinoma,84,0.7619047619047619,L-Concrete,0.12,0.003,0.1,1470123
kidneychromophobe,19,0.8169014084507042,L-Concrete,0.12,0.003,0.1,1470124
kidneyclearcellrenalcarcinoma,156,0.6551946655194666,L-Concrete,0.12,0.003,0.1,1470124
kidneypapillaryrenalcellcarcinoma,84,0.7311827956989247,L-Concrete,0.12,0.003,0.1,1470124
kidneychromophobe,19,0.647887323943662,L-Concrete,0.12,0.003,0.1,1470125
kidneyclearcellrenalcarcinoma,156,0.6833727683372768,L-Concrete,0.12,0.003,0.1,1470125
kidneypapillaryrenalcellcarcinoma,84,0.8279569892473119,L-Concrete,0.12,0.003,0.1,1470125
kidneychromophobe,19,0.5915492957746479,L-Concrete,0.12,0.0025,0.1,1510123
kidneyclearcellrenalcarcinoma,156,0.6480963648096365,L-Concrete,0.12,0.0025,0.1,1510123
kidneypapillaryrenalcellcarcinoma,84,0.7419354838709677,L-Concrete,0.12,0.0025,0.1,1510123
kidneychromophobe,19,0.647887323943662,L-Concrete,0.12,0.0025,0.1,1510124
kidneyclearcellrenalcarcinoma,156,0.6784254678425468,L-Concrete,0.12,0.0025,0.1,1510124
kidneypapillaryrenalcellcarcinoma,84,0.6620583717357911,L-Concrete,0.12,0.0025,0.1,1510124
kidneychromophobe,19,0.8028169014084507,L-Concrete,0.12,0.0025,0.1,1510125
kidneyclearcellrenalcarcinoma,156,0.6904710690471069,L-Concrete,0.12,0.0025,0.1,1510125
kidneypapillaryrenalcellcarcinoma,84,0.7772657450076805,L-Concrete,0.12,0.0025,0.1,1510125
kidneychromophobe,19,0.7183098591549296,L-Concrete,0.12,0.002,0.1,1550123
kidneyclearcellrenalcarcinoma,156,0.6371262637126264,L-Concrete,0.12,0.002,0.1,1550123
kidneypapillaryrenalcellcarcinoma,84,0.7956989247311828,L-Concrete,0.12,0.002,0.1,1550123
kidneychromophobe,19,0.7605633802816901,L-Concrete,0.12,0.002,0.1,1550124
kidneyclearcellrenalcarcinoma,156,0.6751989675198967,L-Concrete,0.12,0.002,0.1,1550124
kidneypapillaryrenalcellcarcinoma,84,0.7757296466973886,L-Concrete,0.12,0.002,0.1,1550124
kidneychromophobe,19,0.7605633802816901,L-Concrete,0.12,0.002,0.1,1550125
kidneyclearcellrenalcarcinoma,156,0.6792858679285868,L-Concrete,0.12,0.002,0.1,1550125
kidneypapillaryrenalcellcarcinoma,84,0.7972350230414746,L-Concrete,0.12,0.002,0.1,1550125
kidneychromophobe,19,0.676056338028169,L-Concrete,0.12,0.0015,0.1,1590123
kidneyclearcellrenalcarcinoma,156,0.6523983652398365,L-Concrete,0.12,0.0015,0.1,1590123
kidneypapillaryrenalcellcarcinoma,84,0.8003072196620584,L-Concrete,0.12,0.0015,0.1,1590123
kidneychromophobe,19,0.6056338028169014,L-Concrete,0.12,0.0015,0.1,1590124
kidneyclearcellrenalcarcinoma,156,0.5758227575822757,L-Concrete,0.12,0.0015,0.1,1590124
kidneypapillaryrenalcellcarcinoma,84,0.6820276497695853,L-Concrete,0.12,0.0015,0.1,1590124
kidneychromophobe,19,0.8873239436619719,L-Concrete,0.12,0.0015,0.1,1590125
kidneyclearcellrenalcarcinoma,156,0.6719724671972467,L-Concrete,0.12,0.0015,0.1,1590125
kidneypapillaryrenalcellcarcinoma,84,0.7127496159754224,L-Concrete,0.12,0.0015,0.1,1590125
kidneychromophobe,19,0.6901408450704225,LSPIN,0.22,0.014,0.05,20123
kidneyclearcellrenalcarcinoma,156,0.6493869649386965,LSPIN,0.22,0.014,0.05,20123
kidneypapillaryrenalcellcarcinoma,84,0.8463901689708141,LSPIN,0.22,0.014,0.05,20123
kidneychromophobe,19,0.7887323943661971,LSPIN,0.22,0.014,0.05,20124
kidneyclearcellrenalcarcinoma,156,0.6655194665519466,LSPIN,0.22,0.014,0.05,20124
kidneypapillaryrenalcellcarcinoma,84,0.7788018433179723,LSPIN,0.22,0.014,0.05,20124
kidneychromophobe,19,0.7183098591549296,LSPIN,0.22,0.014,0.05,20125
kidneyclearcellrenalcarcinoma,156,0.6969240696924069,LSPIN,0.22,0.014,0.05,20125
kidneypapillaryrenalcellcarcinoma,84,0.7926267281105991,LSPIN,0.22,0.014,0.05,20125
kidneychromophobe,19,0.6338028169014085,LSPIN,0.22,0.0105,0.05,60123
kidneyclearcellrenalcarcinoma,156,0.6719724671972467,LSPIN,0.22,0.0105,0.05,60123
kidneypapillaryrenalcellcarcinoma,84,0.7588325652841782,LSPIN,0.22,0.0105,0.05,60123
kidneychromophobe,19,0.6619718309859155,LSPIN,0.22,0.0105,0.05,60124
kidneyclearcellrenalcarcinoma,156,0.6732630673263067,LSPIN,0.22,0.0105,0.05,60124
kidneypapillaryrenalcellcarcinoma,84,0.7465437788018433,LSPIN,0.22,0.0105,0.05,60124
kidneychromophobe,19,0.676056338028169,LSPIN,0.22,0.0105,0.05,60125
kidneyclearcellrenalcarcinoma,156,0.6719724671972467,LSPIN,0.22,0.0105,0.05,60125
kidneypapillaryrenalcellcarcinoma,84,0.8110599078341014,LSPIN,0.22,0.0105,0.05,60125
kidneychromophobe,19,0.676056338028169,LSPIN,0.22,0.00875,0.05,100123
kidneyclearcellrenalcarcinoma,156,0.6644439664443966,LSPIN,0.22,0.00875,0.05,100123
kidneypapillaryrenalcellcarcinoma,84,0.7619047619047619,LSPIN,0.22,0.00875,0.05,100123
kidneychromophobe,19,0.5352112676056338,LSPIN,0.22,0.00875,0.05,100124
kidneyclearcellrenalcarcinoma,156,0.6698214669821467,LSPIN,0.22,0.00875,0.05,100124
kidneypapillaryrenalcellcarcinoma,84,0.738863287250384,LSPIN,0.22,0.00875,0.05,100124
kidneychromophobe,19,0.647887323943662,LSPIN,0.22,0.00875,0.05,100125
kidneyclearcellrenalcarcinoma,156,0.6825123682512368,LSPIN,0.22,0.00875,0.05,100125
kidneypapillaryrenalcellcarcinoma,84,0.7096774193548387,LSPIN,0.22,0.00875,0.05,100125
kidneychromophobe,19,0.704225352112676,LSPIN,0.22,0.007,0.05,140123
kidneyclearcellrenalcarcinoma,156,0.6655194665519466,LSPIN,0.22,0.007,0.05,140123
kidneypapillaryrenalcellcarcinoma,84,0.7357910906298003,LSPIN,0.22,0.007,0.05,140123
kidneychromophobe,19,0.6901408450704225,LSPIN,0.22,0.007,0.05,140124
kidneyclearcellrenalcarcinoma,156,0.6790707679070768,LSPIN,0.22,0.007,0.05,140124
kidneypapillaryrenalcellcarcinoma,84,0.7895545314900153,LSPIN,0.22,0.007,0.05,140124
kidneychromophobe,19,0.6619718309859155,LSPIN,0.22,0.007,0.05,140125
kidneyclearcellrenalcarcinoma,156,0.6743385674338568,LSPIN,0.22,0.007,0.05,140125
kidneypapillaryrenalcellcarcinoma,84,0.8079877112135176,LSPIN,0.22,0.007,0.05,140125
kidneychromophobe,19,0.676056338028169,LSPIN,0.22,0.00525,0.05,180123
kidneyclearcellrenalcarcinoma,156,0.6594966659496666,LSPIN,0.22,0.00525,0.05,180123
kidneypapillaryrenalcellcarcinoma,84,0.8033794162826421,LSPIN,0.22,0.00525,0.05,180123
kidneychromophobe,19,0.6197183098591549,LSPIN,0.22,0.00525,0.05,180124
kidneyclearcellrenalcarcinoma,156,0.6876747687674769,LSPIN,0.22,0.00525,0.05,180124
kidneypapillaryrenalcellcarcinoma,84,0.728110599078341,LSPIN,0.22,0.00525,0.05,180124
kidneychromophobe,19,0.6619718309859155,LSPIN,0.22,0.00525,0.05,180125
kidneyclearcellrenalcarcinoma,156,0.6663798666379867,LSPIN,0.22,0.00525,0.05,180125
kidneypapillaryrenalcellcarcinoma,84,0.7419354838709677,LSPIN,0.22,0.00525,0.05,180125
kidneychromophobe,19,0.704225352112676,LSPIN,0.2,0.014,0.05,220123
kidneyclearcellrenalcarcinoma,156,0.700795870079587,LSPIN,0.2,0.014,0.05,220123
kidneypapillaryrenalcellcarcinoma,84,0.7665130568356375,LSPIN,0.2,0.014,0.05,220123
kidneychromophobe,19,0.647887323943662,LSPIN,0.2,0.014,0.05,220124
kidneyclearcellrenalcarcinoma,156,0.6702516670251667,LSPIN,0.2,0.014,0.05,220124
kidneypapillaryrenalcellcarcinoma,84,0.7450076804915514,LSPIN,0.2,0.014,0.05,220124
kidneychromophobe,19,0.5774647887323944,LSPIN,0.2,0.014,0.05,220125
kidneyclearcellrenalcarcinoma,156,0.6758442675844267,LSPIN,0.2,0.014,0.05,220125
kidneypapillaryrenalcellcarcinoma,84,0.7096774193548387,LSPIN,0.2,0.014,0.05,220125
kidneychromophobe,19,0.7464788732394366,LSPIN,0.2,0.0105,0.05,260123
kidneyclearcellrenalcarcinoma,156,0.700150570015057,LSPIN,0.2,0.0105,0.05,260123
kidneypapillaryrenalcellcarcinoma,84,0.804915514592934,LSPIN,0.2,0.0105,0.05,260123
kidneychromophobe,19,0.5211267605633803,LSPIN,0.2,0.0105,0.05,260124
kidneyclearcellrenalcarcinoma,156,0.6878898687889868,LSPIN,0.2,0.0105,0.05,260124
kidneypapillaryrenalcellcarcinoma,84,0.7864823348694316,LSPIN,0.2,0.0105,0.05,260124
kidneychromophobe,19,0.647887323943662,LSPIN,0.2,0.0105,0.05,260125
kidneyclearcellrenalcarcinoma,156,0.6640137664013767,LSPIN,0.2,0.0105,0.05,260125
kidneypapillaryrenalcellcarcinoma,84,0.7818740399385561,LSPIN,0.2,0.0105,0.05,260125
kidneychromophobe,19,0.647887323943662,LSPIN,0.2,0.00875,0.05,300123
kidneyclearcellrenalcarcinoma,156,0.693912669391267,LSPIN,0.2,0.00875,0.05,300123
kidneypapillaryrenalcellcarcinoma,84,0.7419354838709677,LSPIN,0.2,0.00875,0.05,300123
kidneychromophobe,19,0.7183098591549296,LSPIN,0.2,0.00875,0.05,300124
kidneyclearcellrenalcarcinoma,156,0.6622929662292967,LSPIN,0.2,0.00875,0.05,300124
kidneypapillaryrenalcellcarcinoma,84,0.7680491551459293,LSPIN,0.2,0.00875,0.05,300124
kidneychromophobe,19,0.6901408450704225,LSPIN,0.2,0.00875,0.05,300125
kidneyclearcellrenalcarcinoma,156,0.6898257689825769,LSPIN,0.2,0.00875,0.05,300125
kidneypapillaryrenalcellcarcinoma,84,0.7311827956989247,LSPIN,0.2,0.00875,0.05,300125
kidneychromophobe,19,0.6619718309859155,LSPIN,0.2,0.007,0.05,340123
kidneyclearcellrenalcarcinoma,156,0.697139169713917,LSPIN,0.2,0.007,0.05,340123
kidneypapillaryrenalcellcarcinoma,84,0.7572964669738863,LSPIN,0.2,0.007,0.05,340123
kidneychromophobe,19,0.6056338028169014,LSPIN,0.2,0.007,0.05,340124
kidneyclearcellrenalcarcinoma,156,0.6784254678425468,LSPIN,0.2,0.007,0.05,340124
kidneypapillaryrenalcellcarcinoma,84,0.7726574500768049,LSPIN,0.2,0.007,0.05,340124
kidneychromophobe,19,0.6338028169014085,LSPIN,0.2,0.007,0.05,340125
kidneyclearcellrenalcarcinoma,156,0.702516670251667,LSPIN,0.2,0.007,0.05,340125
kidneypapillaryrenalcellcarcinoma,84,0.8018433179723502,LSPIN,0.2,0.007,0.05,340125
kidneychromophobe,19,0.6619718309859155,LSPIN,0.2,0.00525,0.05,380123
kidneyclearcellrenalcarcinoma,156,0.6496020649602064,LSPIN,0.2,0.00525,0.05,380123
kidneypapillaryrenalcellcarcinoma,84,0.8095238095238095,LSPIN,0.2,0.00525,0.05,380123
kidneychromophobe,19,0.676056338028169,LSPIN,0.2,0.00525,0.05,380124
kidneyclearcellrenalcarcinoma,156,0.6558399655839966,LSPIN,0.2,0.00525,0.05,380124
kidneypapillaryrenalcellcarcinoma,84,0.7572964669738863,LSPIN,0.2,0.00525,0.05,380124
kidneychromophobe,19,0.6619718309859155,LSPIN,0.2,0.00525,0.05,380125
kidneyclearcellrenalcarcinoma,156,0.698644869864487,LSPIN,0.2,0.00525,0.05,380125
kidneypapillaryrenalcellcarcinoma,84,0.7757296466973886,LSPIN,0.2,0.00525,0.05,380125
kidneychromophobe,19,0.5774647887323944,L-LSPIN,0.22,0.021,0.05,420123
kidneyclearcellrenalcarcinoma,156,0.6896106689610669,L-LSPIN,0.22,0.021,0.05,420123
kidneypapillaryrenalcellcarcinoma,84,0.7895545314900153,L-LSPIN,0.22,0.021,0.05,420123
kidneychromophobe,19,0.704225352112676,L-LSPIN,0.22,0.021,0.05,420124
kidneyclearcellrenalcarcinoma,156,0.6558399655839966,L-LSPIN,0.22,0.021,0.05,420124
kidneypapillaryrenalcellcarcinoma,84,0.7373271889400922,L-LSPIN,0.22,0.021,0.05,420124
kidneychromophobe,19,0.647887323943662,L-LSPIN,0.22,0.021,0.05,420125
kidneyclearcellrenalcarcinoma,156,0.7149924714992472,L-LSPIN,0.22,0.021,0.05,420125
kidneypapillaryrenalcellcarcinoma,84,0.7757296466973886,L-LSPIN,0.22,0.021,0.05,420125
kidneychromophobe,19,0.676056338028169,L-LSPIN,0.22,0.014,0.05,460123
kidneyclearcellrenalcarcinoma,156,0.6313185631318563,L-LSPIN,0.22,0.014,0.05,460123
kidneypapillaryrenalcellcarcinoma,84,0.7204301075268817,L-LSPIN,0.22,0.014,0.05,460123
kidneychromophobe,19,0.7183098591549296,L-LSPIN,0.22,0.014,0.05,460124
kidneyclearcellrenalcarcinoma,156,0.6779952677995268,L-LSPIN,0.22,0.014,0.05,460124
kidneypapillaryrenalcellcarcinoma,84,0.7726574500768049,L-LSPIN,0.22,0.014,0.05,460124
kidneychromophobe,19,0.7464788732394366,L-LSPIN,0.22,0.014,0.05,460125
kidneyclearcellrenalcarcinoma,156,0.6366960636696064,L-LSPIN,0.22,0.014,0.05,460125
kidneypapillaryrenalcellcarcinoma,84,0.7219662058371735,L-LSPIN,0.22,0.014,0.05,460125
kidneychromophobe,19,0.7464788732394366,L-LSPIN,0.22,0.0105,0.05,500123
kidneyclearcellrenalcarcinoma,156,0.6784254678425468,L-LSPIN,0.22,0.0105,0.05,500123
kidneypapillaryrenalcellcarcinoma,84,0.7572964669738863,L-LSPIN,0.22,0.0105,0.05,500123
kidneychromophobe,19,0.6619718309859155,L-LSPIN,0.22,0.0105,0.05,500124
kidneyclearcellrenalcarcinoma,156,0.6246504624650463,L-LSPIN,0.22,0.0105,0.05,500124
kidneypapillaryrenalcellcarcinoma,84,0.7910906298003072,L-LSPIN,0.22,0.0105,0.05,500124
kidneychromophobe,19,0.7887323943661971,L-LSPIN,0.22,0.0105,0.05,500125
kidneyclearcellrenalcarcinoma,156,0.6349752634975263,L-LSPIN,0.22,0.0105,0.05,500125
kidneypapillaryrenalcellcarcinoma,84,0.783410138248848,L-LSPIN,0.22,0.0105,0.05,500125
kidneychromophobe,19,0.7464788732394366,L-LSPIN,0.22,0.00875,0.05,540123
kidneyclearcellrenalcarcinoma,156,0.697354269735427,L-LSPIN,0.22,0.00875,0.05,540123
kidneypapillaryrenalcellcarcinoma,84,0.8018433179723502,L-LSPIN,0.22,0.00875,0.05,540123
kidneychromophobe,19,0.704225352112676,L-LSPIN,0.22,0.00875,0.05,540124
kidneyclearcellrenalcarcinoma,156,0.6932673693267369,L-LSPIN,0.22,0.00875,0.05,540124
kidneypapillaryrenalcellcarcinoma,84,0.728110599078341,L-LSPIN,0.22,0.00875,0.05,540124
kidneychromophobe,19,0.676056338028169,L-LSPIN,0.22,0.00875,0.05,540125
kidneyclearcellrenalcarcinoma,156,0.7184340718434071,L-LSPIN,0.22,0.00875,0.05,540125
kidneypapillaryrenalcellcarcinoma,84,0.8141321044546851,L-LSPIN,0.22,0.00875,0.05,540125
kidneychromophobe,19,0.676056338028169,L-LSPIN,0.22,0.007,0.05,580123
kidneyclearcellrenalcarcinoma,156,0.6532587653258766,L-LSPIN,0.22,0.007,0.05,580123
kidneypapillaryrenalcellcarcinoma,84,0.6728110599078341,L-LSPIN,0.22,0.007,0.05,580123
kidneychromophobe,19,0.5633802816901409,L-LSPIN,0.22,0.007,0.05,580124
kidneyclearcellrenalcarcinoma,156,0.5545278554527856,L-LSPIN,0.22,0.007,0.05,580124
kidneypapillaryrenalcellcarcinoma,84,0.7219662058371735,L-LSPIN,0.22,0.007,0.05,580124
kidneychromophobe,19,0.6197183098591549,L-LSPIN,0.22,0.007,0.05,580125
kidneyclearcellrenalcarcinoma,156,0.6541191654119165,L-LSPIN,0.22,0.007,0.05,580125
kidneypapillaryrenalcellcarcinoma,84,0.6574500768049155,L-LSPIN,0.22,0.007,0.05,580125
kidneychromophobe,19,0.647887323943662,L-LSPIN,0.2,0.021,0.05,620123
kidneyclearcellrenalcarcinoma,156,0.6186276618627662,L-LSPIN,0.2,0.021,0.05,620123
kidneypapillaryrenalcellcarcinoma,84,0.738863287250384,L-LSPIN,0.2,0.021,0.05,620123
kidneychromophobe,19,0.8169014084507042,L-LSPIN,0.2,0.021,0.05,620124
kidneyclearcellrenalcarcinoma,156,0.6392772639277264,L-LSPIN,0.2,0.021,0.05,620124
kidneypapillaryrenalcellcarcinoma,84,0.7772657450076805,L-LSPIN,0.2,0.021,0.05,620124
kidneychromophobe,19,0.7183098591549296,L-LSPIN,0.2,0.021,0.05,620125
kidneyclearcellrenalcarcinoma,156,0.6924069692406969,L-LSPIN,0.2,0.021,0.05,620125
kidneypapillaryrenalcellcarcinoma,84,0.7665130568356375,L-LSPIN,0.2,0.021,0.05,620125
kidneychromophobe,19,0.8591549295774648,L-LSPIN,0.2,0.014,0.05,660123
kidneyclearcellrenalcarcinoma,156,0.6754140675414068,L-LSPIN,0.2,0.014,0.05,660123
kidneypapillaryrenalcellcarcinoma,84,0.8248847926267281,L-LSPIN,0.2,0.014,0.05,660123
kidneychromophobe,19,0.5492957746478874,L-LSPIN,0.2,0.014,0.05,660124
kidneyclearcellrenalcarcinoma,156,0.6308883630888363,L-LSPIN,0.2,0.014,0.05,660124
kidneypapillaryrenalcellcarcinoma,84,0.6328725038402457,L-LSPIN,0.2,0.014,0.05,660124
kidneychromophobe,19,0.9014084507042254,L-LSPIN,0.2,0.014,0.05,660125
kidneyclearcellrenalcarcinoma,156,0.6502473650247365,L-LSPIN,0.2,0.014,0.05,660125
kidneypapillaryrenalcellcarcinoma,84,0.7572964669738863,L-LSPIN,0.2,0.014,0.05,660125
kidneychromophobe,19,0.704225352112676,L-LSPIN,0.2,0.0105,0.05,700123
kidneyclearcellrenalcarcinoma,156,0.6291675629167562,L-LSPIN,0.2,0.0105,0.05,700123
kidneypapillaryrenalcellcarcinoma,84,0.7634408602150538,L-LSPIN,0.2,0.0105,0.05,700123
kidneychromophobe,19,0.7183098591549296,L-LSPIN,0.2,0.0105,0.05,700124
kidneyclearcellrenalcarcinoma,156,0.6478812647881265,L-LSPIN,0.2,0.0105,0.05,700124
kidneypapillaryrenalcellcarcinoma,84,0.7649769585253456,L-LSPIN,0.2,0.0105,0.05,700124
kidneychromophobe,19,0.6901408450704225,L-LSPIN,0.2,0.0105,0.05,700125
kidneyclearcellrenalcarcinoma,156,0.6668100666810066,L-LSPIN,0.2,0.0105,0.05,700125
kidneypapillaryrenalcellcarcinoma,84,0.8064516129032258,L-LSPIN,0.2,0.0105,0.05,700125
kidneychromophobe,19,0.6338028169014085,L-LSPIN,0.2,0.00875,0.05,740123
kidneyclearcellrenalcarcinoma,156,0.6844482684448269,L-LSPIN,0.2,0.00875,0.05,740123
kidneypapillaryrenalcellcarcinoma,84,0.7818740399385561,L-LSPIN,0.2,0.00875,0.05,740123
kidneychromophobe,19,0.704225352112676,L-LSPIN,0.2,0.00875,0.05,740124
kidneyclearcellrenalcarcinoma,156,0.702301570230157,L-LSPIN,0.2,0.00875,0.05,740124
kidneypapillaryrenalcellcarcinoma,84,0.8463901689708141,L-LSPIN,0.2,0.00875,0.05,740124
kidneychromophobe,19,0.7605633802816901,L-LSPIN,0.2,0.00875,0.05,740125
kidneyclearcellrenalcarcinoma,156,0.6668100666810066,L-LSPIN,0.2,0.00875,0.05,740125
kidneypapillaryrenalcellcarcinoma,84,0.7926267281105991,L-LSPIN,0.2,0.00875,0.05,740125
kidneychromophobe,19,0.6338028169014085,L-LSPIN,0.2,0.007,0.05,780123
kidneyclearcellrenalcarcinoma,156,0.6261561626156162,L-LSPIN,0.2,0.007,0.05,780123
kidneypapillaryrenalcellcarcinoma,84,0.7987711213517665,L-LSPIN,0.2,0.007,0.05,780123
kidneychromophobe,19,0.8028169014084507,L-LSPIN,0.2,0.007,0.05,780124
kidneyclearcellrenalcarcinoma,156,0.6429339642933964,L-LSPIN,0.2,0.007,0.05,780124
kidneypapillaryrenalcellcarcinoma,84,0.804915514592934,L-LSPIN,0.2,0.007,0.05,780124
kidneychromophobe,19,0.8732394366197183,L-LSPIN,0.2,0.007,0.05,780125
kidneyclearcellrenalcarcinoma,156,0.6590664659066466,L-LSPIN,0.2,0.007,0.05,780125
kidneypapillaryrenalcellcarcinoma,84,0.6789554531490015,L-LSPIN,0.2,0.007,0.05,780125
kidneychromophobe,19,0.6901408450704225,Concrete,0.15,0.004,0.05,820123
kidneyclearcellrenalcarcinoma,156,0.6571305657130566,Concrete,0.15,0.004,0.05,820123
kidneypapillaryrenalcellcarcinoma,84,0.7357910906298003,Concrete,0.15,0.004,0.05,820123
kidneychromophobe,19,0.7464788732394366,Concrete,0.15,0.004,0.05,820124
kidneyclearcellrenalcarcinoma,156,0.6629382662938267,Concrete,0.15,0.004,0.05,820124
kidneypapillaryrenalcellcarcinoma,84,0.7296466973886329,Concrete,0.15,0.004,0.05,820124
kidneychromophobe,19,0.6338028169014085,Concrete,0.15,0.004,0.05,820125
kidneyclearcellrenalcarcinoma,156,0.6827274682727468,Concrete,0.15,0.004,0.05,820125
kidneypapillaryrenalcellcarcinoma,84,0.7757296466973886,Concrete,0.15,0.004,0.05,820125
kidneychromophobe,19,0.7323943661971831,Concrete,0.15,0.003,0.05,860123
kidneyclearcellrenalcarcinoma,156,0.6657345665734566,Concrete,0.15,0.003,0.05,860123
kidneypapillaryrenalcellcarcinoma,84,0.7665130568356375,Concrete,0.15,0.003,0.05,860123
kidneychromophobe,19,0.5774647887323944,Concrete,0.15,0.003,0.05,860124
kidneyclearcellrenalcarcinoma,156,0.6539040653904066,Concrete,0.15,0.003,0.05,860124
kidneypapillaryrenalcellcarcinoma,84,0.728110599078341,Concrete,0.15,0.003,0.05,860124
kidneychromophobe,19,0.6619718309859155,Concrete,0.15,0.003,0.05,860125
kidneyclearcellrenalcarcinoma,156,0.6625080662508066,Concrete,0.15,0.003,0.05,860125
kidneypapillaryrenalcellcarcinoma,84,0.7480798771121352,Concrete,0.15,0.003,0.05,860125
kidneychromophobe,19,0.6056338028169014,Concrete,0.15,0.0025,0.05,900123
kidneyclearcellrenalcarcinoma,156,0.6801462680146269,Concrete,0.15,0.0025,0.05,900123
kidneypapillaryrenalcellcarcinoma,84,0.738863287250384,Concrete,0.15,0.0025,0.05,900123
kidneychromophobe,19,0.6197183098591549,Concrete,0.15,0.0025,0.05,900124
kidneyclearcellrenalcarcinoma,156,0.699935469993547,Concrete,0.15,0.0025,0.05,900124
kidneypapillaryrenalcellcarcinoma,84,0.7665130568356375,Concrete,0.15,0.0025,0.05,900124
kidneychromophobe,19,0.6338028169014085,Concrete,0.15,0.0025,0.05,900125
kidneyclearcellrenalcarcinoma,156,0.6893955689395569,Concrete,0.15,0.0025,0.05,900125
kidneypapillaryrenalcellcarcinoma,84,0.728110599078341,Concrete,0.15,0.0025,0.05,900125
kidneychromophobe,19,0.647887323943662,Concrete,0.15,0.002,0.05,940123
kidneyclearcellrenalcarcinoma,156,0.6747687674768768,Concrete,0.15,0.002,0.05,940123
kidneypapillaryrenalcellcarcinoma,84,0.7542242703533026,Concrete,0.15,0.002,0.05,940123
kidneychromophobe,19,0.5774647887323944,Concrete,0.15,0.002,0.05,940124
kidneyclearcellrenalcarcinoma,156,0.6872445687244568,Concrete,0.15,0.002,0.05,940124
kidneypapillaryrenalcellcarcinoma,84,0.7880184331797235,Concrete,0.15,0.002,0.05,940124
kidneychromophobe,19,0.6197183098591549,Concrete,0.15,0.002,0.05,940125
kidneyclearcellrenalcarcinoma,156,0.6777801677780168,Concrete,0.15,0.002,0.05,940125
kidneypapillaryrenalcellcarcinoma,84,0.7188940092165899,Concrete,0.15,0.002,0.05,940125
kidneychromophobe,19,0.6338028169014085,Concrete,0.15,0.0015,0.05,980123
kidneyclearcellrenalcarcinoma,156,0.6549795654979566,Concrete,0.15,0.0015,0.05,980123
kidneypapillaryrenalcellcarcinoma,84,0.7450076804915514,Concrete,0.15,0.0015,0.05,980123
kidneychromophobe,19,0.6901408450704225,Concrete,0.15,0.0015,0.05,980124
kidneyclearcellrenalcarcinoma,156,0.6870294687029469,Concrete,0.15,0.0015,0.05,980124
kidneypapillaryrenalcellcarcinoma,84,0.6912442396313364,Concrete,0.15,0.0015,0.05,980124
kidneychromophobe,19,0.6619718309859155,Concrete,0.15,0.0015,0.05,980125
kidneyclearcellrenalcarcinoma,156,0.702731770273177,Concrete,0.15,0.0015,0.05,980125
kidneypapillaryrenalcellcarcinoma,84,0.7419354838709677,Concrete,0.15,0.0015,0.05,980125
kidneychromophobe,19,0.676056338028169,Concrete,0.12,0.004,0.05,1020123
kidneyclearcellrenalcarcinoma,156,0.6751989675198967,Concrete,0.12,0.004,0.05,1020123
kidneypapillaryrenalcellcarcinoma,84,0.7788018433179723,Concrete,0.12,0.004,0.05,1020123
kidneychromophobe,19,0.6619718309859155,Concrete,0.12,0.004,0.05,1020124
kidneyclearcellrenalcarcinoma,156,0.6629382662938267,Concrete,0.12,0.004,0.05,1020124
kidneypapillaryrenalcellcarcinoma,84,0.7726574500768049,Concrete,0.12,0.004,0.05,1020124
kidneychromophobe,19,0.6056338028169014,Concrete,0.12,0.004,0.05,1020125
kidneyclearcellrenalcarcinoma,156,0.6889653688965369,Concrete,0.12,0.004,0.05,1020125
kidneypapillaryrenalcellcarcinoma,84,0.7557603686635944,Concrete,0.12,0.004,0.05,1020125
kidneychromophobe,19,0.6197183098591549,Concrete,0.12,0.003,0.05,1060123
kidneyclearcellrenalcarcinoma,156,0.6930522693052269,Concrete,0.12,0.003,0.05,1060123
kidneypapillaryrenalcellcarcinoma,84,0.7450076804915514,Concrete,0.12,0.003,0.05,1060123
kidneychromophobe,19,0.676056338028169,Concrete,0.12,0.003,0.05,1060124
kidneyclearcellrenalcarcinoma,156,0.6693912669391267,Concrete,0.12,0.003,0.05,1060124
kidneypapillaryrenalcellcarcinoma,84,0.7327188940092166,Concrete,0.12,0.003,0.05,1060124
kidneychromophobe,19,0.647887323943662,Concrete,0.12,0.003,0.05,1060125
kidneyclearcellrenalcarcinoma,156,0.6835878683587868,Concrete,0.12,0.003,0.05,1060125
kidneypapillaryrenalcellcarcinoma,84,0.7880184331797235,Concrete,0.12,0.003,0.05,1060125
kidneychromophobe,19,0.7183098591549296,Concrete,0.12,0.0025,0.05,1100123
kidneyclearcellrenalcarcinoma,156,0.6728328672832867,Concrete,0.12,0.0025,0.05,1100123
kidneypapillaryrenalcellcarcinoma,84,0.7465437788018433,Concrete,0.12,0.0025,0.05,1100123
kidneychromophobe,19,0.7183098591549296,Concrete,0.12,0.0025,0.05,1100124
kidneyclearcellrenalcarcinoma,156,0.6650892665089266,Concrete,0.12,0.0025,0.05,1100124
kidneypapillaryrenalcellcarcinoma,84,0.7895545314900153,Concrete,0.12,0.0025,0.05,1100124
kidneychromophobe,19,0.6338028169014085,Concrete,0.12,0.0025,0.05,1100125
kidneyclearcellrenalcarcinoma,156,0.6700365670036567,Concrete,0.12,0.0025,0.05,1100125
kidneypapillaryrenalcellcarcinoma,84,0.7680491551459293,Concrete,0.12,0.0025,0.05,1100125
kidneychromophobe,19,0.6619718309859155,Concrete,0.12,0.002,0.05,1140123
kidneyclearcellrenalcarcinoma,156,0.6743385674338568,Concrete,0.12,0.002,0.05,1140123
kidneypapillaryrenalcellcarcinoma,84,0.7680491551459293,Concrete,0.12,0.002,0.05,1140123
kidneychromophobe,19,0.704225352112676,Concrete,0.12,0.002,0.05,1140124
kidneyclearcellrenalcarcinoma,156,0.6878898687889868,Concrete,0.12,0.002,0.05,1140124
kidneypapillaryrenalcellcarcinoma,84,0.738863287250384,Concrete,0.12,0.002,0.05,1140124
kidneychromophobe,19,0.6619718309859155,Concrete,0.12,0.002,0.05,1140125
kidneyclearcellrenalcarcinoma,156,0.6936975693697569,Concrete,0.12,0.002,0.05,1140125
kidneypapillaryrenalcellcarcinoma,84,0.7450076804915514,Concrete,0.12,0.002,0.05,1140125
kidneychromophobe,19,0.647887323943662,Concrete,0.12,0.0015,0.05,1180123
kidneyclearcellrenalcarcinoma,156,0.696708969670897,Concrete,0.12,0.0015,0.05,1180123
kidneypapillaryrenalcellcarcinoma,84,0.7757296466973886,Concrete,0.12,0.0015,0.05,1180123
kidneychromophobe,19,0.5915492957746479,Concrete,0.12,0.0015,0.05,1180124
kidneyclearcellrenalcarcinoma,156,0.6648741664874166,Concrete,0.12,0.0015,0.05,1180124
kidneypapillaryrenalcellcarcinoma,84,0.7373271889400922,Concrete,0.12,0.0015,0.05,1180124
kidneychromophobe,19,0.6197183098591549,Concrete,0.12,0.0015,0.05,1180125
kidneyclearcellrenalcarcinoma,156,0.6754140675414068,Concrete,0.12,0.0015,0.05,1180125
kidneypapillaryrenalcellcarcinoma,84,0.7864823348694316,Concrete,0.12,0.0015,0.05,1180125
kidneychromophobe,19,0.676056338028169,L-Concrete,0.15,0.004,0.05,1220123
kidneyclearcellrenalcarcinoma,156,0.6868143686814369,L-Concrete,0.15,0.004,0.05,1220123
kidneypapillaryrenalcellcarcinoma,84,0.7634408602150538,L-Concrete,0.15,0.004,0.05,1220123
kidneychromophobe,19,0.7323943661971831,L-Concrete,0.15,0.004,0.05,1220124
kidneyclearcellrenalcarcinoma,156,0.6530436653043665,L-Concrete,0.15,0.004,0.05,1220124
kidneypapillaryrenalcellcarcinoma,84,0.7557603686635944,L-Concrete,0.15,0.004,0.05,1220124
kidneychromophobe,19,0.6197183098591549,L-Concrete,0.15,0.004,0.05,1220125
kidneyclearcellrenalcarcinoma,156,0.6399225639922564,L-Concrete,0.15,0.004,0.05,1220125
kidneypapillaryrenalcellcarcinoma,84,0.7265745007680492,L-Concrete,0.15,0.004,0.05,1220125
kidneychromophobe,19,0.7183098591549296,L-Concrete,0.15,0.003,0.05,1260123
kidneyclearcellrenalcarcinoma,156,0.6255108625510862,L-Concrete,0.15,0.003,0.05,1260123
kidneypapillaryrenalcellcarcinoma,84,0.804915514592934,L-Concrete,0.15,0.003,0.05,1260123
kidneychromophobe,19,0.704225352112676,L-Concrete,0.15,0.003,0.05,1260124
kidneyclearcellrenalcarcinoma,156,0.6184125618412561,L-Concrete,0.15,0.003,0.05,1260124
kidneypapillaryrenalcellcarcinoma,84,0.65284178187404,L-Concrete,0.15,0.003,0.05,1260124
kidneychromophobe,19,0.676056338028169,L-Concrete,0.15,0.003,0.05,1260125
kidneyclearcellrenalcarcinoma,156,0.6338997633899763,L-Concrete,0.15,0.003,0.05,1260125
kidneypapillaryrenalcellcarcinoma,84,0.695852534562212,L-Concrete,0.15,0.003,0.05,1260125
kidneychromophobe,19,0.6901408450704225,L-Concrete,0.15,0.0025,0.05,1300123
kidneyclearcellrenalcarcinoma,156,0.6433641643364164,L-Concrete,0.15,0.0025,0.05,1300123
kidneypapillaryrenalcellcarcinoma,84,0.7265745007680492,L-Concrete,0.15,0.0025,0.05,1300123
kidneychromophobe,19,0.647887323943662,L-Concrete,0.15,0.0025,0.05,1300124
kidneyclearcellrenalcarcinoma,156,0.6616476661647667,L-Concrete,0.15,0.0025,0.05,1300124
kidneypapillaryrenalcellcarcinoma,84,0.7296466973886329,L-Concrete,0.15,0.0025,0.05,1300124
kidneychromophobe,19,0.7323943661971831,L-Concrete,0.15,0.0025,0.05,1300125
kidneyclearcellrenalcarcinoma,156,0.6590664659066466,L-Concrete,0.15,0.0025,0.05,1300125
kidneypapillaryrenalcellcarcinoma,84,0.8064516129032258,L-Concrete,0.15,0.0025,0.05,1300125
kidneychromophobe,19,0.7464788732394366,L-Concrete,0.15,0.002,0.05,1340123
kidneyclearcellrenalcarcinoma,156,0.6835878683587868,L-Concrete,0.15,0.002,0.05,1340123
kidneypapillaryrenalcellcarcinoma,84,0.8003072196620584,L-Concrete,0.15,0.002,0.05,1340123
kidneychromophobe,19,0.6901408450704225,L-Concrete,0.15,0.002,0.05,1340124
kidneyclearcellrenalcarcinoma,156,0.6375564637556463,L-Concrete,0.15,0.002,0.05,1340124
kidneypapillaryrenalcellcarcinoma,84,0.6989247311827957,L-Concrete,0.15,0.002,0.05,1340124
kidneychromophobe,19,0.5774647887323944,L-Concrete,0.15,0.002,0.05,1340125
kidneyclearcellrenalcarcinoma,156,0.609378360937836,L-Concrete,0.15,0.002,0.05,1340125
kidneypapillaryrenalcellcarcinoma,84,0.6728110599078341,L-Concrete,0.15,0.002,0.05,1340125
kidneychromophobe,19,0.6619718309859155,L-Concrete,0.15,0.0015,0.05,1380123
kidneyclearcellrenalcarcinoma,156,0.6184125618412561,L-Concrete,0.15,0.0015,0.05,1380123
kidneypapillaryrenalcellcarcinoma,84,0.6574500768049155,L-Concrete,0.15,0.0015,0.05,1380123
kidneychromophobe,19,0.647887323943662,L-Concrete,0.15,0.0015,0.05,1380124
kidneyclearcellrenalcarcinoma,156,0.6350828135082813,L-Concrete,0.15,0.0015,0.05,1380124
kidneypapillaryrenalcellcarcinoma,84,0.5929339477726574,L-Concrete,0.15,0.0015,0.05,1380124
kidneychromophobe,19,0.7323943661971831,L-Concrete,0.15,0.0015,0.05,1380125
kidneyclearcellrenalcarcinoma,156,0.6384168638416864,L-Concrete,0.15,0.0015,0.05,1380125
kidneypapillaryrenalcellcarcinoma,84,0.8233486943164362,L-Concrete,0.15,0.0015,0.05,1380125
kidneychromophobe,19,0.8169014084507042,L-Concrete,0.12,0.004,0.05,1420123
kidneyclearcellrenalcarcinoma,156,0.6749838674983868,L-Concrete,0.12,0.004,0.05,1420123
kidneypapillaryrenalcellcarcinoma,84,0.783410138248848,L-Concrete,0.12,0.004,0.05,1420123
kidneychromophobe,19,0.6901408450704225,L-Concrete,0.12,0.004,0.05,1420124
kidneyclearcellrenalcarcinoma,156,0.6773499677349968,L-Concrete,0.12,0.004,0.05,1420124
kidneypapillaryrenalcellcarcinoma,84,0.7526881720430108,L-Concrete,0.12,0.004,0.05,1420124
kidneychromophobe,19,0.676056338028169,L-Concrete,0.12,0.004,0.05,1420125
kidneyclearcellrenalcarcinoma,156,0.6480963648096365,L-Concrete,0.12,0.004,0.05,1420125
kidneypapillaryrenalcellcarcinoma,84,0.7450076804915514,L-Concrete,0.12,0.004,0.05,1420125
kidneychromophobe,19,0.7323943661971831,L-Concrete,0.12,0.003,0.05,1460123
kidneyclearcellrenalcarcinoma,156,0.6627231662723166,L-Concrete,0.12,0.003,0.05,1460123
kidneypapillaryrenalcellcarcinoma,84,0.7926267281105991,L-Concrete,0.12,0.003,0.05,1460123
kidneychromophobe,19,0.7605633802816901,L-Concrete,0.12,0.003,0.05,1460124
kidneyclearcellrenalcarcinoma,156,0.6504624650462465,L-Concrete,0.12,0.003,0.05,1460124
kidneypapillaryrenalcellcarcinoma,84,0.728110599078341,L-Concrete,0.12,0.003,0.05,1460124
kidneychromophobe,19,0.6901408450704225,L-Concrete,0.12,0.003,0.05,1460125
kidneyclearcellrenalcarcinoma,156,0.6480963648096365,L-Concrete,0.12,0.003,0.05,1460125
kidneypapillaryrenalcellcarcinoma,84,0.8248847926267281,L-Concrete,0.12,0.003,0.05,1460125
kidneychromophobe,19,0.8028169014084507,L-Concrete,0.12,0.0025,0.05,1500123
kidneyclearcellrenalcarcinoma,156,0.6551946655194666,L-Concrete,0.12,0.0025,0.05,1500123
kidneypapillaryrenalcellcarcinoma,84,0.6728110599078341,L-Concrete,0.12,0.0025,0.05,1500123
kidneychromophobe,19,0.8450704225352113,L-Concrete,0.12,0.0025,0.05,1500124
kidneyclearcellrenalcarcinoma,156,0.6403527640352764,L-Concrete,0.12,0.0025,0.05,1500124
kidneypapillaryrenalcellcarcinoma,84,0.738863287250384,L-Concrete,0.12,0.0025,0.05,1500124
kidneychromophobe,19,0.7183098591549296,L-Concrete,0.12,0.0025,0.05,1500125
kidneyclearcellrenalcarcinoma,156,0.6724026672402668,L-Concrete,0.12,0.0025,0.05,1500125
kidneypapillaryrenalcellcarcinoma,84,0.7526881720430108,L-Concrete,0.12,0.0025,0.05,1500125
kidneychromophobe,19,0.7183098591549296,L-Concrete,0.12,0.002,0.05,1540123
kidneyclearcellrenalcarcinoma,156,0.6558399655839966,L-Concrete,0.12,0.002,0.05,1540123
kidneypapillaryrenalcellcarcinoma,84,0.7265745007680492,L-Concrete,0.12,0.002,0.05,1540123
kidneychromophobe,19,0.8028169014084507,L-Concrete,0.12,0.002,0.05,1540124
kidneyclearcellrenalcarcinoma,156,0.5657130565713057,L-Concrete,0.12,0.002,0.05,1540124
kidneypapillaryrenalcellcarcinoma,84,0.7542242703533026,L-Concrete,0.12,0.002,0.05,1540124
kidneychromophobe,19,0.7464788732394366,L-Concrete,0.12,0.002,0.05,1540125
kidneyclearcellrenalcarcinoma,156,0.5878683587868359,L-Concrete,0.12,0.002,0.05,1540125
kidneypapillaryrenalcellcarcinoma,84,0.7296466973886329,L-Concrete,0.12,0.002,0.05,1540125
kidneychromophobe,19,0.7887323943661971,L-Concrete,0.12,0.0015,0.05,1580123
kidneyclearcellrenalcarcinoma,156,0.6235749623574962,L-Concrete,0.12,0.0015,0.05,1580123
kidneypapillaryrenalcellcarcinoma,84,0.7818740399385561,L-Concrete,0.12,0.0015,0.05,1580123
kidneychromophobe,19,0.8028169014084507,L-Concrete,0.12,0.0015,0.05,1580124
kidneyclearcellrenalcarcinoma,156,0.6377715637771564,L-Concrete,0.12,0.0015,0.05,1580124
kidneypapillaryrenalcellcarcinoma,84,0.7634408602150538,L-Concrete,0.12,0.0015,0.05,1580124
kidneychromophobe,19,0.6338028169014085,L-Concrete,0.12,0.0015,0.05,1580125
kidneyclearcellrenalcarcinoma,156,0.5949666594966659,L-Concrete,0.12,0.0015,0.05,1580125
kidneypapillaryrenalcellcarcinoma,84,0.6789554531490015,L-Concrete,0.12,0.0015,0.05,1580125
kidneychromophobe,19,0.6619718309859155,LSPIN,0.22,0.014,0.025,10123
kidneyclearcellrenalcarcinoma,156,0.6859539685953968,LSPIN,0.22,0.014,0.025,10123
kidneypapillaryrenalcellcarcinoma,84,0.783410138248848,LSPIN,0.22,0.014,0.025,10123
kidneychromophobe,19,0.704225352112676,LSPIN,0.22,0.014,0.025,10124
kidneyclearcellrenalcarcinoma,156,0.6767046676704668,LSPIN,0.22,0.014,0.025,10124
kidneypapillaryrenalcellcarcinoma,84,0.7588325652841782,LSPIN,0.22,0.014,0.025,10124
kidneychromophobe,19,0.704225352112676,LSPIN,0.22,0.014,0.025,10125
kidneyclearcellrenalcarcinoma,156,0.6769197676919768,LSPIN,0.22,0.014,0.025,10125
kidneypapillaryrenalcellcarcinoma,84,0.7987711213517665,LSPIN,0.22,0.014,0.025,10125
kidneychromophobe,19,0.647887323943662,LSPIN,0.22,0.0105,0.025,50123
kidneyclearcellrenalcarcinoma,156,0.6844482684448269,LSPIN,0.22,0.0105,0.025,50123
kidneypapillaryrenalcellcarcinoma,84,0.7311827956989247,LSPIN,0.22,0.0105,0.025,50123
kidneychromophobe,19,0.7183098591549296,LSPIN,0.22,0.0105,0.025,50124
kidneyclearcellrenalcarcinoma,156,0.6674553667455366,LSPIN,0.22,0.0105,0.025,50124
kidneypapillaryrenalcellcarcinoma,84,0.8125960061443932,LSPIN,0.22,0.0105,0.025,50124
kidneychromophobe,19,0.6901408450704225,LSPIN,0.22,0.0105,0.025,50125
kidneyclearcellrenalcarcinoma,156,0.6764895676489567,LSPIN,0.22,0.0105,0.025,50125
kidneypapillaryrenalcellcarcinoma,84,0.794162826420891,LSPIN,0.22,0.0105,0.025,50125
kidneychromophobe,19,0.6056338028169014,LSPIN,0.22,0.00875,0.025,90123
kidneyclearcellrenalcarcinoma,156,0.6902559690255969,LSPIN,0.22,0.00875,0.025,90123
kidneypapillaryrenalcellcarcinoma,84,0.7987711213517665,LSPIN,0.22,0.00875,0.025,90123
kidneychromophobe,19,0.6619718309859155,LSPIN,0.22,0.00875,0.025,90124
kidneyclearcellrenalcarcinoma,156,0.6833727683372768,LSPIN,0.22,0.00875,0.025,90124
kidneypapillaryrenalcellcarcinoma,84,0.695852534562212,LSPIN,0.22,0.00875,0.025,90124
kidneychromophobe,19,0.676056338028169,LSPIN,0.22,0.00875,0.025,90125
kidneyclearcellrenalcarcinoma,156,0.6807915680791569,LSPIN,0.22,0.00875,0.025,90125
kidneypapillaryrenalcellcarcinoma,84,0.7603686635944701,LSPIN,0.22,0.00875,0.025,90125
kidneychromophobe,19,0.704225352112676,LSPIN,0.22,0.007,0.025,130123
kidneyclearcellrenalcarcinoma,156,0.6741234674123467,LSPIN,0.22,0.007,0.025,130123
kidneypapillaryrenalcellcarcinoma,84,0.7142857142857143,LSPIN,0.22,0.007,0.025,130123
kidneychromophobe,19,0.4788732394366197,LSPIN,0.22,0.007,0.025,130124
kidneyclearcellrenalcarcinoma,156,0.6807915680791569,LSPIN,0.22,0.007,0.025,130124
kidneypapillaryrenalcellcarcinoma,84,0.7357910906298003,LSPIN,0.22,0.007,0.025,130124
kidneychromophobe,19,0.5633802816901409,LSPIN,0.22,0.007,0.025,130125
kidneyclearcellrenalcarcinoma,156,0.6859539685953968,LSPIN,0.22,0.007,0.025,130125
kidneypapillaryrenalcellcarcinoma,84,0.7373271889400922,LSPIN,0.22,0.007,0.025,130125
kidneychromophobe,19,0.6901408450704225,LSPIN,0.22,0.00525,0.025,170123
kidneyclearcellrenalcarcinoma,156,0.696708969670897,LSPIN,0.22,0.00525,0.025,170123
kidneypapillaryrenalcellcarcinoma,84,0.7250384024577573,LSPIN,0.22,0.00525,0.025,170123
kidneychromophobe,19,0.7183098591549296,LSPIN,0.22,0.00525,0.025,170124
kidneyclearcellrenalcarcinoma,156,0.6857388685738869,LSPIN,0.22,0.00525,0.025,170124
kidneypapillaryrenalcellcarcinoma,84,0.8294930875576036,LSPIN,0.22,0.00525,0.025,170124
kidneychromophobe,19,0.676056338028169,LSPIN,0.22,0.00525,0.025,170125
kidneyclearcellrenalcarcinoma,156,0.697569369756937,LSPIN,0.22,0.00525,0.025,170125
kidneypapillaryrenalcellcarcinoma,84,0.7803379416282642,LSPIN,0.22,0.00525,0.025,170125
kidneychromophobe,19,0.6901408450704225,LSPIN,0.2,0.014,0.025,210123
kidneyclearcellrenalcarcinoma,156,0.6891804689180469,LSPIN,0.2,0.014,0.025,210123
kidneypapillaryrenalcellcarcinoma,84,0.7665130568356375,LSPIN,0.2,0.014,0.025,210123
kidneychromophobe,19,0.704225352112676,LSPIN,0.2,0.014,0.025,210124
kidneyclearcellrenalcarcinoma,156,0.7149924714992472,LSPIN,0.2,0.014,0.025,210124
kidneypapillaryrenalcellcarcinoma,84,0.8110599078341014,LSPIN,0.2,0.014,0.025,210124
kidneychromophobe,19,0.6619718309859155,LSPIN,0.2,0.014,0.025,210125
kidneyclearcellrenalcarcinoma,156,0.6661647666164766,LSPIN,0.2,0.014,0.025,210125
kidneypapillaryrenalcellcarcinoma,84,0.7465437788018433,LSPIN,0.2,0.014,0.025,210125
kidneychromophobe,19,0.5915492957746479,LSPIN,0.2,0.0105,0.025,250123
kidneyclearcellrenalcarcinoma,156,0.6741234674123467,LSPIN,0.2,0.0105,0.025,250123
kidneypapillaryrenalcellcarcinoma,84,0.7741935483870968,LSPIN,0.2,0.0105,0.025,250123
kidneychromophobe,19,0.704225352112676,LSPIN,0.2,0.0105,0.025,250124
kidneyclearcellrenalcarcinoma,156,0.6795009679500968,LSPIN,0.2,0.0105,0.025,250124
kidneypapillaryrenalcellcarcinoma,84,0.8294930875576036,LSPIN,0.2,0.0105,0.025,250124
kidneychromophobe,19,0.6901408450704225,LSPIN,0.2,0.0105,0.025,250125
kidneyclearcellrenalcarcinoma,156,0.696493869649387,LSPIN,0.2,0.0105,0.025,250125
kidneypapillaryrenalcellcarcinoma,84,0.7665130568356375,LSPIN,0.2,0.0105,0.025,250125
kidneychromophobe,19,0.6338028169014085,LSPIN,0.2,0.00875,0.025,290123
kidneyclearcellrenalcarcinoma,156,0.7066035706603571,LSPIN,0.2,0.00875,0.025,290123
kidneypapillaryrenalcellcarcinoma,84,0.815668202764977,LSPIN,0.2,0.00875,0.025,290123
kidneychromophobe,19,0.6901408450704225,LSPIN,0.2,0.00875,0.025,290124
kidneyclearcellrenalcarcinoma,156,0.6825123682512368,LSPIN,0.2,0.00875,0.025,290124
kidneypapillaryrenalcellcarcinoma,84,0.7265745007680492,LSPIN,0.2,0.00875,0.025,290124
kidneychromophobe,19,0.676056338028169,LSPIN,0.2,0.00875,0.025,290125
kidneyclearcellrenalcarcinoma,156,0.6485265648526565,LSPIN,0.2,0.00875,0.025,290125
kidneypapillaryrenalcellcarcinoma,84,0.7496159754224271,LSPIN,0.2,0.00875,0.025,290125
kidneychromophobe,19,0.6619718309859155,LSPIN,0.2,0.007,0.025,330123
kidneyclearcellrenalcarcinoma,156,0.6672402667240267,LSPIN,0.2,0.007,0.025,330123
kidneypapillaryrenalcellcarcinoma,84,0.7557603686635944,LSPIN,0.2,0.007,0.025,330123
kidneychromophobe,19,0.6901408450704225,LSPIN,0.2,0.007,0.025,330124
kidneyclearcellrenalcarcinoma,156,0.6321789632178964,LSPIN,0.2,0.007,0.025,330124
kidneypapillaryrenalcellcarcinoma,84,0.738863287250384,LSPIN,0.2,0.007,0.025,330124
kidneychromophobe,19,0.676056338028169,LSPIN,0.2,0.007,0.025,330125
kidneyclearcellrenalcarcinoma,156,0.6779952677995268,LSPIN,0.2,0.007,0.025,330125
kidneypapillaryrenalcellcarcinoma,84,0.7772657450076805,LSPIN,0.2,0.007,0.025,330125
kidneychromophobe,19,0.6901408450704225,LSPIN,0.2,0.00525,0.025,370123
kidneyclearcellrenalcarcinoma,156,0.6838029683802969,LSPIN,0.2,0.00525,0.025,370123
kidneypapillaryrenalcellcarcinoma,84,0.7864823348694316,LSPIN,0.2,0.00525,0.025,370123
kidneychromophobe,19,0.6901408450704225,LSPIN,0.2,0.00525,0.025,370124
kidneyclearcellrenalcarcinoma,156,0.6764895676489567,LSPIN,0.2,0.00525,0.025,370124
kidneypapillaryrenalcellcarcinoma,84,0.7880184331797235,LSPIN,0.2,0.00525,0.025,370124
kidneychromophobe,19,0.7323943661971831,LSPIN,0.2,0.00525,0.025,370125
kidneyclearcellrenalcarcinoma,156,0.6773499677349968,LSPIN,0.2,0.00525,0.025,370125
kidneypapillaryrenalcellcarcinoma,84,0.7956989247311828,LSPIN,0.2,0.00525,0.025,370125
kidneychromophobe,19,0.5070422535211268,L-LSPIN,0.22,0.021,0.025,410123
kidneyclearcellrenalcarcinoma,156,0.6347601634760164,L-LSPIN,0.22,0.021,0.025,410123
kidneypapillaryrenalcellcarcinoma,84,0.783410138248848,L-LSPIN,0.22,0.021,0.025,410123
kidneychromophobe,19,0.5915492957746479,L-LSPIN,0.22,0.021,0.025,410124
kidneyclearcellrenalcarcinoma,156,0.5618412561841256,L-LSPIN,0.22,0.021,0.025,410124
kidneypapillaryrenalcellcarcinoma,84,0.7235023041474654,L-LSPIN,0.22,0.021,0.025,410124
kidneychromophobe,19,0.676056338028169,L-LSPIN,0.22,0.021,0.025,410125
kidneyclearcellrenalcarcinoma,156,0.6564852656485266,L-LSPIN,0.22,0.021,0.025,410125
kidneypapillaryrenalcellcarcinoma,84,0.7695852534562212,L-LSPIN,0.22,0.021,0.025,410125
kidneychromophobe,19,0.7183098591549296,L-LSPIN,0.22,0.014,0.025,450123
kidneyclearcellrenalcarcinoma,156,0.6468057646805765,L-LSPIN,0.22,0.014,0.025,450123
kidneypapillaryrenalcellcarcinoma,84,0.7634408602150538,L-LSPIN,0.22,0.014,0.025,450123
kidneychromophobe,19,0.647887323943662,L-LSPIN,0.22,0.014,0.025,450124
kidneyclearcellrenalcarcinoma,156,0.6126048612604861,L-LSPIN,0.22,0.014,0.025,450124
kidneypapillaryrenalcellcarcinoma,84,0.6390168970814132,L-LSPIN,0.22,0.014,0.025,450124
kidneychromophobe,19,0.7183098591549296,L-LSPIN,0.22,0.014,0.025,450125
kidneyclearcellrenalcarcinoma,156,0.6463755646375564,L-LSPIN,0.22,0.014,0.025,450125
kidneypapillaryrenalcellcarcinoma,84,0.7603686635944701,L-LSPIN,0.22,0.014,0.025,450125
kidneychromophobe,19,0.8028169014084507,L-LSPIN,0.22,0.0105,0.025,490123
kidneyclearcellrenalcarcinoma,156,0.6655194665519466,L-LSPIN,0.22,0.0105,0.025,490123
kidneypapillaryrenalcellcarcinoma,84,0.7465437788018433,L-LSPIN,0.22,0.0105,0.025,490123
kidneychromophobe,19,0.7323943661971831,L-LSPIN,0.22,0.0105,0.025,490124
kidneyclearcellrenalcarcinoma,156,0.6732630673263067,L-LSPIN,0.22,0.0105,0.025,490124
kidneypapillaryrenalcellcarcinoma,84,0.7434715821812596,L-LSPIN,0.22,0.0105,0.025,490124
kidneychromophobe,19,0.6619718309859155,L-LSPIN,0.22,0.0105,0.025,490125
kidneyclearcellrenalcarcinoma,156,0.6250806625080663,L-LSPIN,0.22,0.0105,0.025,490125
kidneypapillaryrenalcellcarcinoma,84,0.7465437788018433,L-LSPIN,0.22,0.0105,0.025,490125
kidneychromophobe,19,0.7323943661971831,L-LSPIN,0.22,0.00875,0.025,530123
kidneyclearcellrenalcarcinoma,156,0.698644869864487,L-LSPIN,0.22,0.00875,0.025,530123
kidneypapillaryrenalcellcarcinoma,84,0.7695852534562212,L-LSPIN,0.22,0.00875,0.025,530123
kidneychromophobe,19,0.8028169014084507,L-LSPIN,0.22,0.00875,0.025,530124
kidneyclearcellrenalcarcinoma,156,0.6326091632609163,L-LSPIN,0.22,0.00875,0.025,530124
kidneypapillaryrenalcellcarcinoma,84,0.6912442396313364,L-LSPIN,0.22,0.00875,0.025,530124
kidneychromophobe,19,0.6338028169014085,L-LSPIN,0.22,0.00875,0.025,530125
kidneyclearcellrenalcarcinoma,156,0.6719724671972467,L-LSPIN,0.22,0.00875,0.025,530125
kidneypapillaryrenalcellcarcinoma,84,0.8033794162826421,L-LSPIN,0.22,0.00875,0.025,530125
kidneychromophobe,19,0.6901408450704225,L-LSPIN,0.22,0.007,0.025,570123
kidneyclearcellrenalcarcinoma,156,0.6668100666810066,L-LSPIN,0.22,0.007,0.025,570123
kidneypapillaryrenalcellcarcinoma,84,0.7895545314900153,L-LSPIN,0.22,0.007,0.025,570123
kidneychromophobe,19,0.7746478873239436,L-LSPIN,0.22,0.007,0.025,570124
kidneyclearcellrenalcarcinoma,156,0.6835878683587868,L-LSPIN,0.22,0.007,0.025,570124
kidneypapillaryrenalcellcarcinoma,84,0.6175115207373272,L-LSPIN,0.22,0.007,0.025,570124
kidneychromophobe,19,0.704225352112676,L-LSPIN,0.22,0.007,0.025,570125
kidneyclearcellrenalcarcinoma,156,0.6902559690255969,L-LSPIN,0.22,0.007,0.025,570125
kidneypapillaryrenalcellcarcinoma,84,0.7403993855606759,L-LSPIN,0.22,0.007,0.025,570125
kidneychromophobe,19,0.7746478873239436,L-LSPIN,0.2,0.021,0.025,610123
kidneyclearcellrenalcarcinoma,156,0.6169068616906862,L-LSPIN,0.2,0.021,0.025,610123
kidneypapillaryrenalcellcarcinoma,84,0.7465437788018433,L-LSPIN,0.2,0.021,0.025,610123
kidneychromophobe,19,0.6901408450704225,L-LSPIN,0.2,0.021,0.025,610124
kidneyclearcellrenalcarcinoma,156,0.6532587653258766,L-LSPIN,0.2,0.021,0.025,610124
kidneypapillaryrenalcellcarcinoma,84,0.7849462365591398,L-LSPIN,0.2,0.021,0.025,610124
kidneychromophobe,19,0.6197183098591549,L-LSPIN,0.2,0.021,0.025,610125
kidneyclearcellrenalcarcinoma,156,0.6715422671542267,L-LSPIN,0.2,0.021,0.025,610125
kidneypapillaryrenalcellcarcinoma,84,0.6482334869431644,L-LSPIN,0.2,0.021,0.025,610125
kidneychromophobe,19,0.7183098591549296,L-LSPIN,0.2,0.014,0.025,650123
kidneyclearcellrenalcarcinoma,156,0.6420735642073564,L-LSPIN,0.2,0.014,0.025,650123
kidneypapillaryrenalcellcarcinoma,84,0.7204301075268817,L-LSPIN,0.2,0.014,0.025,650123
kidneychromophobe,19,0.7464788732394366,L-LSPIN,0.2,0.014,0.025,650124
kidneyclearcellrenalcarcinoma,156,0.6704667670466767,L-LSPIN,0.2,0.014,0.025,650124
kidneypapillaryrenalcellcarcinoma,84,0.7772657450076805,L-LSPIN,0.2,0.014,0.025,650124
kidneychromophobe,19,0.6619718309859155,L-LSPIN,0.2,0.014,0.025,650125
kidneyclearcellrenalcarcinoma,156,0.6708969670896967,L-LSPIN,0.2,0.014,0.025,650125
kidneypapillaryrenalcellcarcinoma,84,0.7711213517665131,L-LSPIN,0.2,0.014,0.025,650125
kidneychromophobe,19,0.7323943661971831,L-LSPIN,0.2,0.0105,0.025,690123
kidneyclearcellrenalcarcinoma,156,0.6519681651968166,L-LSPIN,0.2,0.0105,0.025,690123
kidneypapillaryrenalcellcarcinoma,84,0.8463901689708141,L-LSPIN,0.2,0.0105,0.025,690123
kidneychromophobe,19,0.7746478873239436,L-LSPIN,0.2,0.0105,0.025,690124
kidneyclearcellrenalcarcinoma,156,0.6265863626586363,L-LSPIN,0.2,0.0105,0.025,690124
kidneypapillaryrenalcellcarcinoma,84,0.7588325652841782,L-LSPIN,0.2,0.0105,0.025,690124
kidneychromophobe,19,0.704225352112676,L-LSPIN,0.2,0.0105,0.025,690125
kidneyclearcellrenalcarcinoma,156,0.6461604646160465,L-LSPIN,0.2,0.0105,0.025,690125
kidneypapillaryrenalcellcarcinoma,84,0.8771121351766513,L-LSPIN,0.2,0.0105,0.025,690125
kidneychromophobe,19,0.7323943661971831,L-LSPIN,0.2,0.00875,0.025,730123
kidneyclearcellrenalcarcinoma,156,0.6549795654979566,L-LSPIN,0.2,0.00875,0.025,730123
kidneypapillaryrenalcellcarcinoma,84,0.7972350230414746,L-LSPIN,0.2,0.00875,0.025,730123
kidneychromophobe,19,0.704225352112676,L-LSPIN,0.2,0.00875,0.025,730124
kidneyclearcellrenalcarcinoma,156,0.6835878683587868,L-LSPIN,0.2,0.00875,0.025,730124
kidneypapillaryrenalcellcarcinoma,84,0.7926267281105991,L-LSPIN,0.2,0.00875,0.025,730124
kidneychromophobe,19,0.7183098591549296,L-LSPIN,0.2,0.00875,0.025,730125
kidneyclearcellrenalcarcinoma,156,0.6629382662938267,L-LSPIN,0.2,0.00875,0.025,730125
kidneypapillaryrenalcellcarcinoma,84,0.804915514592934,L-LSPIN,0.2,0.00875,0.025,730125
kidneychromophobe,19,0.8028169014084507,L-LSPIN,0.2,0.007,0.025,770123
kidneyclearcellrenalcarcinoma,156,0.6104538610453861,L-LSPIN,0.2,0.007,0.025,770123
kidneypapillaryrenalcellcarcinoma,84,0.7526881720430108,L-LSPIN,0.2,0.007,0.025,770123
kidneychromophobe,19,0.7605633802816901,L-LSPIN,0.2,0.007,0.025,770124
kidneyclearcellrenalcarcinoma,156,0.7042374704237471,L-LSPIN,0.2,0.007,0.025,770124
kidneypapillaryrenalcellcarcinoma,84,0.8018433179723502,L-LSPIN,0.2,0.007,0.025,770124
kidneychromophobe,19,0.704225352112676,L-LSPIN,0.2,0.007,0.025,770125
kidneyclearcellrenalcarcinoma,156,0.6631533663153366,L-LSPIN,0.2,0.007,0.025,770125
kidneypapillaryrenalcellcarcinoma,84,0.7972350230414746,L-LSPIN,0.2,0.007,0.025,770125
kidneychromophobe,19,0.6619718309859155,Concrete,0.15,0.004,0.025,810123
kidneyclearcellrenalcarcinoma,156,0.6762744676274468,Concrete,0.15,0.004,0.025,810123
kidneypapillaryrenalcellcarcinoma,84,0.7711213517665131,Concrete,0.15,0.004,0.025,810123
kidneychromophobe,19,0.676056338028169,Concrete,0.15,0.004,0.025,810124
kidneyclearcellrenalcarcinoma,156,0.6713271671327167,Concrete,0.15,0.004,0.025,810124
kidneypapillaryrenalcellcarcinoma,84,0.7619047619047619,Concrete,0.15,0.004,0.025,810124
kidneychromophobe,19,0.6338028169014085,Concrete,0.15,0.004,0.025,810125
kidneyclearcellrenalcarcinoma,156,0.6431490643149065,Concrete,0.15,0.004,0.025,810125
kidneypapillaryrenalcellcarcinoma,84,0.7496159754224271,Concrete,0.15,0.004,0.025,810125
kidneychromophobe,19,0.6056338028169014,Concrete,0.15,0.003,0.025,850123
kidneyclearcellrenalcarcinoma,156,0.6448698644869865,Concrete,0.15,0.003,0.025,850123
kidneypapillaryrenalcellcarcinoma,84,0.7665130568356375,Concrete,0.15,0.003,0.025,850123
kidneychromophobe,19,0.6338028169014085,Concrete,0.15,0.003,0.025,850124
kidneyclearcellrenalcarcinoma,156,0.701010970101097,Concrete,0.15,0.003,0.025,850124
kidneypapillaryrenalcellcarcinoma,84,0.6943164362519201,Concrete,0.15,0.003,0.025,850124
kidneychromophobe,19,0.5915492957746479,Concrete,0.15,0.003,0.025,850125
kidneyclearcellrenalcarcinoma,156,0.6633684663368467,Concrete,0.15,0.003,0.025,850125
kidneypapillaryrenalcellcarcinoma,84,0.7603686635944701,Concrete,0.15,0.003,0.025,850125
kidneychromophobe,19,0.6619718309859155,Concrete,0.15,0.0025,0.025,890123
kidneyclearcellrenalcarcinoma,156,0.6812217681221768,Concrete,0.15,0.0025,0.025,890123
kidneypapillaryrenalcellcarcinoma,84,0.7296466973886329,Concrete,0.15,0.0025,0.025,890123
kidneychromophobe,19,0.6197183098591549,Concrete,0.15,0.0025,0.025,890124
kidneyclearcellrenalcarcinoma,156,0.6708969670896967,Concrete,0.15,0.0025,0.025,890124
kidneypapillaryrenalcellcarcinoma,84,0.7219662058371735,Concrete,0.15,0.0025,0.025,890124
kidneychromophobe,19,0.704225352112676,Concrete,0.15,0.0025,0.025,890125
kidneyclearcellrenalcarcinoma,156,0.7218756721875672,Concrete,0.15,0.0025,0.025,890125
kidneypapillaryrenalcellcarcinoma,84,0.8003072196620584,Concrete,0.15,0.0025,0.025,890125
kidneychromophobe,19,0.6901408450704225,Concrete,0.15,0.002,0.025,930123
kidneyclearcellrenalcarcinoma,156,0.6659496665949667,Concrete,0.15,0.002,0.025,930123
kidneypapillaryrenalcellcarcinoma,84,0.7511520737327189,Concrete,0.15,0.002,0.025,930123
kidneychromophobe,19,0.6338028169014085,Concrete,0.15,0.002,0.025,930124
kidneyclearcellrenalcarcinoma,156,0.6539040653904066,Concrete,0.15,0.002,0.025,930124
kidneypapillaryrenalcellcarcinoma,84,0.6912442396313364,Concrete,0.15,0.002,0.025,930124
kidneychromophobe,19,0.6901408450704225,Concrete,0.15,0.002,0.025,930125
kidneyclearcellrenalcarcinoma,156,0.6917616691761669,Concrete,0.15,0.002,0.025,930125
kidneypapillaryrenalcellcarcinoma,84,0.7465437788018433,Concrete,0.15,0.002,0.025,930125
kidneychromophobe,19,0.647887323943662,Concrete,0.15,0.0015,0.025,970123
kidneyclearcellrenalcarcinoma,156,0.6827274682727468,Concrete,0.15,0.0015,0.025,970123
kidneypapillaryrenalcellcarcinoma,84,0.7511520737327189,Concrete,0.15,0.0015,0.025,970123
kidneychromophobe,19,0.5774647887323944,Concrete,0.15,0.0015,0.025,970124
kidneyclearcellrenalcarcinoma,156,0.6805764680576468,Concrete,0.15,0.0015,0.025,970124
kidneypapillaryrenalcellcarcinoma,84,0.7188940092165899,Concrete,0.15,0.0015,0.025,970124
kidneychromophobe,19,0.6901408450704225,Concrete,0.15,0.0015,0.025,970125
kidneyclearcellrenalcarcinoma,156,0.6681006668100666,Concrete,0.15,0.0015,0.025,970125
kidneypapillaryrenalcellcarcinoma,84,0.7864823348694316,Concrete,0.15,0.0015,0.025,970125
kidneychromophobe,19,0.6901408450704225,Concrete,0.12,0.004,0.025,1010123
kidneyclearcellrenalcarcinoma,156,0.6676704667670467,Concrete,0.12,0.004,0.025,1010123
kidneypapillaryrenalcellcarcinoma,84,0.8003072196620584,Concrete,0.12,0.004,0.025,1010123
kidneychromophobe,19,0.704225352112676,Concrete,0.12,0.004,0.025,1010124
kidneyclearcellrenalcarcinoma,156,0.6715422671542267,Concrete,0.12,0.004,0.025,1010124
kidneypapillaryrenalcellcarcinoma,84,0.7588325652841782,Concrete,0.12,0.004,0.025,1010124
kidneychromophobe,19,0.6901408450704225,Concrete,0.12,0.004,0.025,1010125
kidneyclearcellrenalcarcinoma,156,0.7117659711765971,Concrete,0.12,0.004,0.025,1010125
kidneypapillaryrenalcellcarcinoma,84,0.7711213517665131,Concrete,0.12,0.004,0.025,1010125
kidneychromophobe,19,0.676056338028169,Concrete,0.12,0.003,0.025,1050123
kidneyclearcellrenalcarcinoma,156,0.6734781673478167,Concrete,0.12,0.003,0.025,1050123
kidneypapillaryrenalcellcarcinoma,84,0.7204301075268817,Concrete,0.12,0.003,0.025,1050123
kidneychromophobe,19,0.6197183098591549,Concrete,0.12,0.003,0.025,1050124
kidneyclearcellrenalcarcinoma,156,0.6790707679070768,Concrete,0.12,0.003,0.025,1050124
kidneypapillaryrenalcellcarcinoma,84,0.738863287250384,Concrete,0.12,0.003,0.025,1050124
kidneychromophobe,19,0.6901408450704225,Concrete,0.12,0.003,0.025,1050125
kidneyclearcellrenalcarcinoma,156,0.6663798666379867,Concrete,0.12,0.003,0.025,1050125
kidneypapillaryrenalcellcarcinoma,84,0.7219662058371735,Concrete,0.12,0.003,0.025,1050125
kidneychromophobe,19,0.7464788732394366,Concrete,0.12,0.0025,0.025,1090123
kidneyclearcellrenalcarcinoma,156,0.6685308668530867,Concrete,0.12,0.0025,0.025,1090123
kidneypapillaryrenalcellcarcinoma,84,0.7557603686635944,Concrete,0.12,0.0025,0.025,1090123
kidneychromophobe,19,0.676056338028169,Concrete,0.12,0.0025,0.025,1090124
kidneyclearcellrenalcarcinoma,156,0.6790707679070768,Concrete,0.12,0.0025,0.025,1090124
kidneypapillaryrenalcellcarcinoma,84,0.804915514592934,Concrete,0.12,0.0025,0.025,1090124
kidneychromophobe,19,0.6197183098591549,Concrete,0.12,0.0025,0.025,1090125
kidneyclearcellrenalcarcinoma,156,0.705743170574317,Concrete,0.12,0.0025,0.025,1090125
kidneypapillaryrenalcellcarcinoma,84,0.7465437788018433,Concrete,0.12,0.0025,0.025,1090125
kidneychromophobe,19,0.6901408450704225,Concrete,0.12,0.002,0.025,1130123
kidneyclearcellrenalcarcinoma,156,0.6887502688750269,Concrete,0.12,0.002,0.025,1130123
kidneypapillaryrenalcellcarcinoma,84,0.7880184331797235,Concrete,0.12,0.002,0.025,1130123
kidneychromophobe,19,0.6338028169014085,Concrete,0.12,0.002,0.025,1130124
kidneyclearcellrenalcarcinoma,156,0.6820821682082168,Concrete,0.12,0.002,0.025,1130124
kidneypapillaryrenalcellcarcinoma,84,0.738863287250384,Concrete,0.12,0.002,0.025,1130124
kidneychromophobe,19,0.704225352112676,Concrete,0.12,0.002,0.025,1130125
kidneyclearcellrenalcarcinoma,156,0.6433641643364164,Concrete,0.12,0.002,0.025,1130125
kidneypapillaryrenalcellcarcinoma,84,0.7235023041474654,Concrete,0.12,0.002,0.025,1130125
kidneychromophobe,19,0.647887323943662,Concrete,0.12,0.0015,0.025,1170123
kidneyclearcellrenalcarcinoma,156,0.6734781673478167,Concrete,0.12,0.0015,0.025,1170123
kidneypapillaryrenalcellcarcinoma,84,0.7849462365591398,Concrete,0.12,0.0015,0.025,1170123
kidneychromophobe,19,0.6056338028169014,Concrete,0.12,0.0015,0.025,1170124
kidneyclearcellrenalcarcinoma,156,0.6184125618412561,Concrete,0.12,0.0015,0.025,1170124
kidneypapillaryrenalcellcarcinoma,84,0.7050691244239631,Concrete,0.12,0.0015,0.025,1170124
kidneychromophobe,19,0.6338028169014085,Concrete,0.12,0.0015,0.025,1170125
kidneyclearcellrenalcarcinoma,156,0.6799311679931168,Concrete,0.12,0.0015,0.025,1170125
kidneypapillaryrenalcellcarcinoma,84,0.7680491551459293,Concrete,0.12,0.0015,0.025,1170125
kidneychromophobe,19,0.676056338028169,L-Concrete,0.15,0.004,0.025,1210123
kidneyclearcellrenalcarcinoma,156,0.6700365670036567,L-Concrete,0.15,0.004,0.025,1210123
kidneypapillaryrenalcellcarcinoma,84,0.8110599078341014,L-Concrete,0.15,0.004,0.025,1210123
kidneychromophobe,19,0.6056338028169014,L-Concrete,0.15,0.004,0.025,1210124
kidneyclearcellrenalcarcinoma,156,0.5848569584856959,L-Concrete,0.15,0.004,0.025,1210124
kidneypapillaryrenalcellcarcinoma,84,0.6866359447004609,L-Concrete,0.15,0.004,0.025,1210124
kidneychromophobe,19,0.704225352112676,L-Concrete,0.15,0.004,0.025,1210125
kidneyclearcellrenalcarcinoma,156,0.6420735642073564,L-Concrete,0.15,0.004,0.025,1210125
kidneypapillaryrenalcellcarcinoma,84,0.7158218125960062,L-Concrete,0.15,0.004,0.025,1210125
kidneychromophobe,19,0.676056338028169,L-Concrete,0.15,0.003,0.025,1250123
kidneyclearcellrenalcarcinoma,156,0.6508926650892665,L-Concrete,0.15,0.003,0.025,1250123
kidneypapillaryrenalcellcarcinoma,84,0.8402457757296466,L-Concrete,0.15,0.003,0.025,1250123
kidneychromophobe,19,0.7605633802816901,L-Concrete,0.15,0.003,0.025,1250124
kidneyclearcellrenalcarcinoma,156,0.6672402667240267,L-Concrete,0.15,0.003,0.025,1250124
kidneypapillaryrenalcellcarcinoma,84,0.7158218125960062,L-Concrete,0.15,0.003,0.025,1250124
kidneychromophobe,19,0.704225352112676,L-Concrete,0.15,0.003,0.025,1250125
kidneyclearcellrenalcarcinoma,156,0.6605721660572166,L-Concrete,0.15,0.003,0.025,1250125
kidneypapillaryrenalcellcarcinoma,84,0.695852534562212,L-Concrete,0.15,0.003,0.025,1250125
kidneychromophobe,19,0.5704225352112676,L-Concrete,0.15,0.0025,0.025,1290123
kidneyclearcellrenalcarcinoma,156,0.6218541621854162,L-Concrete,0.15,0.0025,0.025,1290123
kidneypapillaryrenalcellcarcinoma,84,0.7619047619047619,L-Concrete,0.15,0.0025,0.025,1290123
kidneychromophobe,19,0.7464788732394366,L-Concrete,0.15,0.0025,0.025,1290124
kidneyclearcellrenalcarcinoma,156,0.6779952677995268,L-Concrete,0.15,0.0025,0.025,1290124
kidneypapillaryrenalcellcarcinoma,84,0.6728110599078341,L-Concrete,0.15,0.0025,0.025,1290124
kidneychromophobe,19,0.7183098591549296,L-Concrete,0.15,0.0025,0.025,1290125
kidneyclearcellrenalcarcinoma,156,0.6627231662723166,L-Concrete,0.15,0.0025,0.025,1290125
kidneypapillaryrenalcellcarcinoma,84,0.8079877112135176,L-Concrete,0.15,0.0025,0.025,1290125
kidneychromophobe,19,0.5422535211267606,L-Concrete,0.15,0.002,0.025,1330123
kidneyclearcellrenalcarcinoma,156,0.6478812647881265,L-Concrete,0.15,0.002,0.025,1330123
kidneypapillaryrenalcellcarcinoma,84,0.8003072196620584,L-Concrete,0.15,0.002,0.025,1330123
kidneychromophobe,19,0.7746478873239436,L-Concrete,0.15,0.002,0.025,1330124
kidneyclearcellrenalcarcinoma,156,0.6252957625295763,L-Concrete,0.15,0.002,0.025,1330124
kidneypapillaryrenalcellcarcinoma,84,0.7004608294930875,L-Concrete,0.15,0.002,0.025,1330124
kidneychromophobe,19,0.7323943661971831,L-Concrete,0.15,0.002,0.025,1330125
kidneyclearcellrenalcarcinoma,156,0.5205420520542052,L-Concrete,0.15,0.002,0.025,1330125
kidneypapillaryrenalcellcarcinoma,84,0.6728110599078341,L-Concrete,0.15,0.002,0.025,1330125
kidneychromophobe,19,0.7464788732394366,L-Concrete,0.15,0.0015,0.025,1370123
kidneyclearcellrenalcarcinoma,156,0.6508926650892665,L-Concrete,0.15,0.0015,0.025,1370123
kidneypapillaryrenalcellcarcinoma,84,0.804915514592934,L-Concrete,0.15,0.0015,0.025,1370123
kidneychromophobe,19,0.8169014084507042,L-Concrete,0.15,0.0015,0.025,1370124
kidneyclearcellrenalcarcinoma,156,0.6846633684663368,L-Concrete,0.15,0.0015,0.025,1370124
kidneypapillaryrenalcellcarcinoma,84,0.7926267281105991,L-Concrete,0.15,0.0015,0.025,1370124
kidneychromophobe,19,0.8309859154929577,L-Concrete,0.15,0.0015,0.025,1370125
kidneyclearcellrenalcarcinoma,156,0.6108840610884061,L-Concrete,0.15,0.0015,0.025,1370125
kidneypapillaryrenalcellcarcinoma,84,0.7849462365591398,L-Concrete,0.15,0.0015,0.025,1370125
kidneychromophobe,19,0.7464788732394366,L-Concrete,0.12,0.004,0.025,1410123
kidneyclearcellrenalcarcinoma,156,0.701656270165627,L-Concrete,0.12,0.004,0.025,1410123
kidneypapillaryrenalcellcarcinoma,84,0.8079877112135176,L-Concrete,0.12,0.004,0.025,1410123
kidneychromophobe,19,0.6056338028169014,L-Concrete,0.12,0.004,0.025,1410124
kidneyclearcellrenalcarcinoma,156,0.6625080662508066,L-Concrete,0.12,0.004,0.025,1410124
kidneypapillaryrenalcellcarcinoma,84,0.7788018433179723,L-Concrete,0.12,0.004,0.025,1410124
kidneychromophobe,19,0.7183098591549296,L-Concrete,0.12,0.004,0.025,1410125
kidneyclearcellrenalcarcinoma,156,0.7175736717573672,L-Concrete,0.12,0.004,0.025,1410125
kidneypapillaryrenalcellcarcinoma,84,0.8402457757296466,L-Concrete,0.12,0.004,0.025,1410125
kidneychromophobe,19,0.6338028169014085,L-Concrete,0.12,0.003,0.025,1450123
kidneyclearcellrenalcarcinoma,156,0.6491718649171865,L-Concrete,0.12,0.003,0.025,1450123
kidneypapillaryrenalcellcarcinoma,84,0.7557603686635944,L-Concrete,0.12,0.003,0.025,1450123
kidneychromophobe,19,0.7464788732394366,L-Concrete,0.12,0.003,0.025,1450124
kidneyclearcellrenalcarcinoma,156,0.6549795654979566,L-Concrete,0.12,0.003,0.025,1450124
kidneypapillaryrenalcellcarcinoma,84,0.8079877112135176,L-Concrete,0.12,0.003,0.025,1450124
kidneychromophobe,19,0.5915492957746479,L-Concrete,0.12,0.003,0.025,1450125
kidneyclearcellrenalcarcinoma,156,0.6644439664443966,L-Concrete,0.12,0.003,0.025,1450125
kidneypapillaryrenalcellcarcinoma,84,0.6866359447004609,L-Concrete,0.12,0.003,0.025,1450125
kidneychromophobe,19,0.7887323943661971,L-Concrete,0.12,0.0025,0.025,1490123
kidneyclearcellrenalcarcinoma,156,0.6478812647881265,L-Concrete,0.12,0.0025,0.025,1490123
kidneypapillaryrenalcellcarcinoma,84,0.8202764976958525,L-Concrete,0.12,0.0025,0.025,1490123
kidneychromophobe,19,0.7183098591549296,L-Concrete,0.12,0.0025,0.025,1490124
kidneyclearcellrenalcarcinoma,156,0.6539040653904066,L-Concrete,0.12,0.0025,0.025,1490124
kidneypapillaryrenalcellcarcinoma,84,0.5944700460829493,L-Concrete,0.12,0.0025,0.025,1490124
kidneychromophobe,19,0.6901408450704225,L-Concrete,0.12,0.0025,0.025,1490125
kidneyclearcellrenalcarcinoma,156,0.6218541621854162,L-Concrete,0.12,0.0025,0.025,1490125
kidneypapillaryrenalcellcarcinoma,84,0.7880184331797235,L-Concrete,0.12,0.0025,0.025,1490125
kidneychromophobe,19,0.7323943661971831,L-Concrete,0.12,0.002,0.025,1530123
kidneyclearcellrenalcarcinoma,156,0.6414282641428264,L-Concrete,0.12,0.002,0.025,1530123
kidneypapillaryrenalcellcarcinoma,84,0.7880184331797235,L-Concrete,0.12,0.002,0.025,1530123
kidneychromophobe,19,0.7323943661971831,L-Concrete,0.12,0.002,0.025,1530124
kidneyclearcellrenalcarcinoma,156,0.6659496665949667,L-Concrete,0.12,0.002,0.025,1530124
kidneypapillaryrenalcellcarcinoma,84,0.7127496159754224,L-Concrete,0.12,0.002,0.025,1530124
kidneychromophobe,19,0.7323943661971831,L-Concrete,0.12,0.002,0.025,1530125
kidneyclearcellrenalcarcinoma,156,0.692191869219187,L-Concrete,0.12,0.002,0.025,1530125
kidneypapillaryrenalcellcarcinoma,84,0.7711213517665131,L-Concrete,0.12,0.002,0.025,1530125
kidneychromophobe,19,0.7464788732394366,L-Concrete,0.12,0.0015,0.025,1570123
kidneyclearcellrenalcarcinoma,156,0.6280920628092063,L-Concrete,0.12,0.0015,0.025,1570123
kidneypapillaryrenalcellcarcinoma,84,0.815668202764977,L-Concrete,0.12,0.0015,0.025,1570123
kidneychromophobe,19,0.7464788732394366,L-Concrete,0.12,0.0015,0.025,1570124
kidneyclearcellrenalcarcinoma,156,0.592600559260056,L-Concrete,0.12,0.0015,0.025,1570124
kidneypapillaryrenalcellcarcinoma,84,0.7250384024577573,L-Concrete,0.12,0.0015,0.025,1570124
kidneychromophobe,19,0.8169014084507042,L-Concrete,0.12,0.0015,0.025,1570125
kidneyclearcellrenalcarcinoma,156,0.6399225639922564,L-Concrete,0.12,0.0015,0.025,1570125
kidneypapillaryrenalcellcarcinoma,84,0.674347158218126,L-Concrete,0.12,0.0015,0.025,1570125
kidneychromophobe,19,0.6901408450704225,LSPIN,0.2,0.00525,0.0,360126
kidneyclearcellrenalcarcinoma,156,0.6676704667670467,LSPIN,0.2,0.00525,0.0,360126
kidneypapillaryrenalcellcarcinoma,84,0.7987711213517665,LSPIN,0.2,0.00525,0.0,360126
kidneychromophobe,19,0.7323943661971831,LSPIN,0.2,0.00525,0.0,360127
kidneyclearcellrenalcarcinoma,156,0.691546569154657,LSPIN,0.2,0.00525,0.0,360127
kidneypapillaryrenalcellcarcinoma,84,0.7803379416282642,LSPIN,0.2,0.00525,0.0,360127
kidneychromophobe,19,0.6901408450704225,LSPIN,0.2,0.00525,0.0,360128
kidneyclearcellrenalcarcinoma,156,0.6616476661647667,LSPIN,0.2,0.00525,0.0,360128
kidneypapillaryrenalcellcarcinoma,84,0.7772657450076805,LSPIN,0.2,0.00525,0.0,360128
kidneychromophobe,19,0.647887323943662,LSPIN,0.2,0.00525,0.0,360129
kidneyclearcellrenalcarcinoma,156,0.691546569154657,LSPIN,0.2,0.00525,0.0,360129
kidneypapillaryrenalcellcarcinoma,84,0.7296466973886329,LSPIN,0.2,0.00525,0.0,360129
kidneychromophobe,19,0.704225352112676,LSPIN,0.2,0.00525,0.0,360130
kidneyclearcellrenalcarcinoma,156,0.6756291675629168,LSPIN,0.2,0.00525,0.0,360130
kidneypapillaryrenalcellcarcinoma,84,0.7926267281105991,LSPIN,0.2,0.00525,0.0,360130
kidneychromophobe,19,0.676056338028169,LSPIN,0.2,0.00525,0.0,360131
kidneyclearcellrenalcarcinoma,156,0.6659496665949667,LSPIN,0.2,0.00525,0.0,360131
kidneypapillaryrenalcellcarcinoma,84,0.7803379416282642,LSPIN,0.2,0.00525,0.0,360131
kidneychromophobe,19,0.6901408450704225,LSPIN,0.2,0.00525,0.0,360132
kidneyclearcellrenalcarcinoma,156,0.6747687674768768,LSPIN,0.2,0.00525,0.0,360132
kidneypapillaryrenalcellcarcinoma,84,0.7956989247311828,LSPIN,0.2,0.00525,0.0,360132
kidneychromophobe,19,0.6901408450704225,LSPIN,0.2,0.00525,0.0,360133
kidneyclearcellrenalcarcinoma,156,0.693482469348247,LSPIN,0.2,0.00525,0.0,360133
kidneypapillaryrenalcellcarcinoma,84,0.804915514592934,LSPIN,0.2,0.00525,0.0,360133
kidneychromophobe,19,0.647887323943662,LSPIN,0.2,0.00525,0.0,360134
kidneyclearcellrenalcarcinoma,156,0.697139169713917,LSPIN,0.2,0.00525,0.0,360134
kidneypapillaryrenalcellcarcinoma,84,0.7849462365591398,LSPIN,0.2,0.00525,0.0,360134
kidneychromophobe,19,0.6056338028169014,Concrete,0.12,0.0015,0.05,1180126
kidneyclearcellrenalcarcinoma,156,0.6732630673263067,Concrete,0.12,0.0015,0.05,1180126
kidneypapillaryrenalcellcarcinoma,84,0.7803379416282642,Concrete,0.12,0.0015,0.05,1180126
kidneychromophobe,19,0.6901408450704225,Concrete,0.12,0.0015,0.05,1180127
kidneyclearcellrenalcarcinoma,156,0.6678855667885567,Concrete,0.12,0.0015,0.05,1180127
kidneypapillaryrenalcellcarcinoma,84,0.7572964669738863,Concrete,0.12,0.0015,0.05,1180127
kidneychromophobe,19,0.6056338028169014,Concrete,0.12,0.0015,0.05,1180128
kidneyclearcellrenalcarcinoma,156,0.6810066681006668,Concrete,0.12,0.0015,0.05,1180128
kidneypapillaryrenalcellcarcinoma,84,0.7480798771121352,Concrete,0.12,0.0015,0.05,1180128
kidneychromophobe,19,0.6619718309859155,Concrete,0.12,0.0015,0.05,1180129
kidneyclearcellrenalcarcinoma,156,0.6805764680576468,Concrete,0.12,0.0015,0.05,1180129
kidneypapillaryrenalcellcarcinoma,84,0.7342549923195084,Concrete,0.12,0.0015,0.05,1180129
kidneychromophobe,19,0.647887323943662,Concrete,0.12,0.0015,0.05,1180130
kidneyclearcellrenalcarcinoma,156,0.6788556678855668,Concrete,0.12,0.0015,0.05,1180130
kidneypapillaryrenalcellcarcinoma,84,0.7511520737327189,Concrete,0.12,0.0015,0.05,1180130
kidneychromophobe,19,0.7323943661971831,Concrete,0.12,0.0015,0.05,1180131
kidneyclearcellrenalcarcinoma,156,0.6575607657560766,Concrete,0.12,0.0015,0.05,1180131
kidneypapillaryrenalcellcarcinoma,84,0.7450076804915514,Concrete,0.12,0.0015,0.05,1180131
kidneychromophobe,19,0.6338028169014085,Concrete,0.12,0.0015,0.05,1180132
kidneyclearcellrenalcarcinoma,156,0.6620778662077866,Concrete,0.12,0.0015,0.05,1180132
kidneypapillaryrenalcellcarcinoma,84,0.7695852534562212,Concrete,0.12,0.0015,0.05,1180132
kidneychromophobe,19,0.647887323943662,Concrete,0.12,0.0015,0.05,1180133
kidneyclearcellrenalcarcinoma,156,0.6782103678210368,Concrete,0.12,0.0015,0.05,1180133
kidneypapillaryrenalcellcarcinoma,84,0.7450076804915514,Concrete,0.12,0.0015,0.05,1180133
kidneychromophobe,19,0.6619718309859155,Concrete,0.12,0.0015,0.05,1180134
kidneyclearcellrenalcarcinoma,156,0.6754140675414068,Concrete,0.12,0.0015,0.05,1180134
kidneypapillaryrenalcellcarcinoma,84,0.7619047619047619,Concrete,0.12,0.0015,0.05,1180134
kidneychromophobe,19,0.6901408450704225,LSPIN,0.2,0.007,0.1,350126
kidneyclearcellrenalcarcinoma,156,0.6932673693267369,LSPIN,0.2,0.007,0.1,350126
kidneypapillaryrenalcellcarcinoma,84,0.8279569892473119,LSPIN,0.2,0.007,0.1,350126
kidneychromophobe,19,0.6338028169014085,LSPIN,0.2,0.007,0.1,350127
kidneyclearcellrenalcarcinoma,156,0.6799311679931168,LSPIN,0.2,0.007,0.1,350127
kidneypapillaryrenalcellcarcinoma,84,0.7235023041474654,LSPIN,0.2,0.007,0.1,350127
kidneychromophobe,19,0.6619718309859155,LSPIN,0.2,0.007,0.1,350128
kidneyclearcellrenalcarcinoma,156,0.696493869649387,LSPIN,0.2,0.007,0.1,350128
kidneypapillaryrenalcellcarcinoma,84,0.7588325652841782,LSPIN,0.2,0.007,0.1,350128
kidneychromophobe,19,0.7323943661971831,LSPIN,0.2,0.007,0.1,350129
kidneyclearcellrenalcarcinoma,156,0.6769197676919768,LSPIN,0.2,0.007,0.1,350129
kidneypapillaryrenalcellcarcinoma,84,0.804915514592934,LSPIN,0.2,0.007,0.1,350129
kidneychromophobe,19,0.7323943661971831,LSPIN,0.2,0.007,0.1,350130
kidneyclearcellrenalcarcinoma,156,0.6891804689180469,LSPIN,0.2,0.007,0.1,350130
kidneypapillaryrenalcellcarcinoma,84,0.82642089093702,LSPIN,0.2,0.007,0.1,350130
kidneychromophobe,19,0.6338028169014085,LSPIN,0.2,0.007,0.1,350131
kidneyclearcellrenalcarcinoma,156,0.6625080662508066,LSPIN,0.2,0.007,0.1,350131
kidneypapillaryrenalcellcarcinoma,84,0.7557603686635944,LSPIN,0.2,0.007,0.1,350131
kidneychromophobe,19,0.7323943661971831,LSPIN,0.2,0.007,0.1,350132
kidneyclearcellrenalcarcinoma,156,0.6969240696924069,LSPIN,0.2,0.007,0.1,350132
kidneypapillaryrenalcellcarcinoma,84,0.8172043010752689,LSPIN,0.2,0.007,0.1,350132
kidneychromophobe,19,0.6338028169014085,LSPIN,0.2,0.007,0.1,350133
kidneyclearcellrenalcarcinoma,156,0.6691761669176167,LSPIN,0.2,0.007,0.1,350133
kidneypapillaryrenalcellcarcinoma,84,0.8218125960061444,LSPIN,0.2,0.007,0.1,350133
kidneychromophobe,19,0.6901408450704225,LSPIN,0.2,0.007,0.1,350134
kidneyclearcellrenalcarcinoma,156,0.6498171649817165,LSPIN,0.2,0.007,0.1,350134
kidneypapillaryrenalcellcarcinoma,84,0.8095238095238095,LSPIN,0.2,0.007,0.1,350134
kidneychromophobe,19,0.6901408450704225,Concrete,0.12,0.0015,0.0,1160126
kidneyclearcellrenalcarcinoma,156,0.6911163691116369,Concrete,0.12,0.0015,0.0,1160126
kidneypapillaryrenalcellcarcinoma,84,0.7665130568356375,Concrete,0.12,0.0015,0.0,1160126
kidneychromophobe,19,0.676056338028169,Concrete,0.12,0.0015,0.0,1160127
kidneyclearcellrenalcarcinoma,156,0.6790707679070768,Concrete,0.12,0.0015,0.0,1160127
kidneypapillaryrenalcellcarcinoma,84,0.7788018433179723,Concrete,0.12,0.0015,0.0,1160127
kidneychromophobe,19,0.6901408450704225,Concrete,0.12,0.0015,0.0,1160128
kidneyclearcellrenalcarcinoma,156,0.6715422671542267,Concrete,0.12,0.0015,0.0,1160128
kidneypapillaryrenalcellcarcinoma,84,0.7265745007680492,Concrete,0.12,0.0015,0.0,1160128
kidneychromophobe,19,0.6619718309859155,Concrete,0.12,0.0015,0.0,1160129
kidneyclearcellrenalcarcinoma,156,0.7042374704237471,Concrete,0.12,0.0015,0.0,1160129
kidneypapillaryrenalcellcarcinoma,84,0.7572964669738863,Concrete,0.12,0.0015,0.0,1160129
kidneychromophobe,19,0.6056338028169014,Concrete,0.12,0.0015,0.0,1160130
kidneyclearcellrenalcarcinoma,156,0.6732630673263067,Concrete,0.12,0.0015,0.0,1160130
kidneypapillaryrenalcellcarcinoma,84,0.7511520737327189,Concrete,0.12,0.0015,0.0,1160130
kidneychromophobe,19,0.6901408450704225,Concrete,0.12,0.0015,0.0,1160131
kidneyclearcellrenalcarcinoma,156,0.6835878683587868,Concrete,0.12,0.0015,0.0,1160131
kidneypapillaryrenalcellcarcinoma,84,0.7864823348694316,Concrete,0.12,0.0015,0.0,1160131
kidneychromophobe,19,0.704225352112676,Concrete,0.12,0.0015,0.0,1160132
kidneyclearcellrenalcarcinoma,156,0.701871370187137,Concrete,0.12,0.0015,0.0,1160132
kidneypapillaryrenalcellcarcinoma,84,0.8095238095238095,Concrete,0.12,0.0015,0.0,1160132
kidneychromophobe,19,0.6619718309859155,Concrete,0.12,0.0015,0.0,1160133
kidneyclearcellrenalcarcinoma,156,0.6745536674553667,Concrete,0.12,0.0015,0.0,1160133
kidneypapillaryrenalcellcarcinoma,84,0.7572964669738863,Concrete,0.12,0.0015,0.0,1160133
kidneychromophobe,19,0.676056338028169,Concrete,0.12,0.0015,0.0,1160134
kidneyclearcellrenalcarcinoma,156,0.6833727683372768,Concrete,0.12,0.0015,0.0,1160134
kidneypapillaryrenalcellcarcinoma,84,0.7265745007680492,Concrete,0.12,0.0015,0.0,1160134
kidneychromophobe,19,0.647887323943662,L-LSPIN,0.22,0.014,0.1,470126
kidneyclearcellrenalcarcinoma,156,0.6758442675844267,L-LSPIN,0.22,0.014,0.1,470126
kidneypapillaryrenalcellcarcinoma,84,0.8141321044546851,L-LSPIN,0.22,0.014,0.1,470126
kidneychromophobe,19,0.6619718309859155,L-LSPIN,0.22,0.014,0.1,470127
kidneyclearcellrenalcarcinoma,156,0.6956334695633469,L-LSPIN,0.22,0.014,0.1,470127
kidneypapillaryrenalcellcarcinoma,84,0.7956989247311828,L-LSPIN,0.22,0.014,0.1,470127
kidneychromophobe,19,0.6197183098591549,L-LSPIN,0.22,0.014,0.1,470128
kidneyclearcellrenalcarcinoma,156,0.6515379651537965,L-LSPIN,0.22,0.014,0.1,470128
kidneypapillaryrenalcellcarcinoma,84,0.7342549923195084,L-LSPIN,0.22,0.014,0.1,470128
kidneychromophobe,19,0.7464788732394366,L-LSPIN,0.22,0.014,0.1,470129
kidneyclearcellrenalcarcinoma,156,0.6586362658636266,L-LSPIN,0.22,0.014,0.1,470129
kidneypapillaryrenalcellcarcinoma,84,0.7818740399385561,L-LSPIN,0.22,0.014,0.1,470129
kidneychromophobe,19,0.7323943661971831,L-LSPIN,0.22,0.014,0.1,470130
kidneyclearcellrenalcarcinoma,156,0.6519681651968166,L-LSPIN,0.22,0.014,0.1,470130
kidneypapillaryrenalcellcarcinoma,84,0.8125960061443932,L-LSPIN,0.22,0.014,0.1,470130
kidneychromophobe,19,0.6619718309859155,L-LSPIN,0.22,0.014,0.1,470131
kidneyclearcellrenalcarcinoma,156,0.6739083673908367,L-LSPIN,0.22,0.014,0.1,470131
kidneypapillaryrenalcellcarcinoma,84,0.7557603686635944,L-LSPIN,0.22,0.014,0.1,470131
kidneychromophobe,19,0.7746478873239436,L-LSPIN,0.22,0.014,0.1,470132
kidneyclearcellrenalcarcinoma,156,0.6870294687029469,L-LSPIN,0.22,0.014,0.1,470132
kidneypapillaryrenalcellcarcinoma,84,0.7895545314900153,L-LSPIN,0.22,0.014,0.1,470132
kidneychromophobe,19,0.6901408450704225,L-LSPIN,0.22,0.014,0.1,470133
kidneyclearcellrenalcarcinoma,156,0.6668100666810066,L-LSPIN,0.22,0.014,0.1,470133
kidneypapillaryrenalcellcarcinoma,84,0.8341013824884793,L-LSPIN,0.22,0.014,0.1,470133
kidneychromophobe,19,0.7323943661971831,L-LSPIN,0.22,0.014,0.1,470134
kidneyclearcellrenalcarcinoma,156,0.6676704667670467,L-LSPIN,0.22,0.014,0.1,470134
kidneypapillaryrenalcellcarcinoma,84,0.7849462365591398,L-LSPIN,0.22,0.014,0.1,470134
kidneychromophobe,19,0.7887323943661971,L-Concrete,0.15,0.004,0.025,1210126
kidneyclearcellrenalcarcinoma,156,0.6838029683802969,L-Concrete,0.15,0.004,0.025,1210126
kidneypapillaryrenalcellcarcinoma,84,0.82642089093702,L-Concrete,0.15,0.004,0.025,1210126
kidneychromophobe,19,0.7746478873239436,L-Concrete,0.15,0.004,0.025,1210127
kidneyclearcellrenalcarcinoma,156,0.6425037642503765,L-Concrete,0.15,0.004,0.025,1210127
kidneypapillaryrenalcellcarcinoma,84,0.7588325652841782,L-Concrete,0.15,0.004,0.025,1210127
kidneychromophobe,19,0.6901408450704225,L-Concrete,0.15,0.004,0.025,1210128
kidneyclearcellrenalcarcinoma,156,0.6674553667455366,L-Concrete,0.15,0.004,0.025,1210128
kidneypapillaryrenalcellcarcinoma,84,0.7665130568356375,L-Concrete,0.15,0.004,0.025,1210128
kidneychromophobe,19,0.7323943661971831,L-Concrete,0.15,0.004,0.025,1210129
kidneyclearcellrenalcarcinoma,156,0.6437943643794365,L-Concrete,0.15,0.004,0.025,1210129
kidneypapillaryrenalcellcarcinoma,84,0.6620583717357911,L-Concrete,0.15,0.004,0.025,1210129
kidneychromophobe,19,0.7323943661971831,L-Concrete,0.15,0.004,0.025,1210130
kidneyclearcellrenalcarcinoma,156,0.6803613680361368,L-Concrete,0.15,0.004,0.025,1210130
kidneypapillaryrenalcellcarcinoma,84,0.7757296466973886,L-Concrete,0.15,0.004,0.025,1210130
kidneychromophobe,19,0.7605633802816901,L-Concrete,0.15,0.004,0.025,1210131
kidneyclearcellrenalcarcinoma,156,0.6865992686599268,L-Concrete,0.15,0.004,0.025,1210131
kidneypapillaryrenalcellcarcinoma,84,0.8233486943164362,L-Concrete,0.15,0.004,0.025,1210131
kidneychromophobe,19,0.8591549295774648,L-Concrete,0.15,0.004,0.025,1210132
kidneyclearcellrenalcarcinoma,156,0.6610023661002367,L-Concrete,0.15,0.004,0.025,1210132
kidneypapillaryrenalcellcarcinoma,84,0.7265745007680492,L-Concrete,0.15,0.004,0.025,1210132
kidneychromophobe,19,0.704225352112676,L-Concrete,0.15,0.004,0.025,1210133
kidneyclearcellrenalcarcinoma,156,0.6347601634760164,L-Concrete,0.15,0.004,0.025,1210133
kidneypapillaryrenalcellcarcinoma,84,0.8202764976958525,L-Concrete,0.15,0.004,0.025,1210133
kidneychromophobe,19,0.7183098591549296,L-Concrete,0.15,0.004,0.025,1210134
kidneyclearcellrenalcarcinoma,156,0.6775650677565068,L-Concrete,0.15,0.004,0.025,1210134
kidneypapillaryrenalcellcarcinoma,84,0.7818740399385561,L-Concrete,0.15,0.004,0.025,1210134
kidneychromophobe,19,0.8591549295774648,L-LSPIN,0.2,0.007,0.0,760126
kidneyclearcellrenalcarcinoma,156,0.6749838674983868,L-LSPIN,0.2,0.007,0.0,760126
kidneypapillaryrenalcellcarcinoma,84,0.7219662058371735,L-LSPIN,0.2,0.007,0.0,760126
kidneychromophobe,19,0.5915492957746479,L-LSPIN,0.2,0.007,0.0,760127
kidneyclearcellrenalcarcinoma,156,0.6732630673263067,L-LSPIN,0.2,0.007,0.0,760127
kidneypapillaryrenalcellcarcinoma,84,0.8709677419354839,L-LSPIN,0.2,0.007,0.0,760127
kidneychromophobe,19,0.7323943661971831,L-LSPIN,0.2,0.007,0.0,760128
kidneyclearcellrenalcarcinoma,156,0.6450849645084965,L-LSPIN,0.2,0.007,0.0,760128
kidneypapillaryrenalcellcarcinoma,84,0.7880184331797235,L-LSPIN,0.2,0.007,0.0,760128
kidneychromophobe,19,0.6901408450704225,L-LSPIN,0.2,0.007,0.0,760129
kidneyclearcellrenalcarcinoma,156,0.5960421596042159,L-LSPIN,0.2,0.007,0.0,760129
kidneypapillaryrenalcellcarcinoma,84,0.7450076804915514,L-LSPIN,0.2,0.007,0.0,760129
kidneychromophobe,19,0.7183098591549296,L-LSPIN,0.2,0.007,0.0,760130
kidneyclearcellrenalcarcinoma,156,0.6274467627446763,L-LSPIN,0.2,0.007,0.0,760130
kidneypapillaryrenalcellcarcinoma,84,0.7450076804915514,L-LSPIN,0.2,0.007,0.0,760130
kidneychromophobe,19,0.7746478873239436,L-LSPIN,0.2,0.007,0.0,760131
kidneyclearcellrenalcarcinoma,156,0.6635835663583567,L-LSPIN,0.2,0.007,0.0,760131
kidneypapillaryrenalcellcarcinoma,84,0.7895545314900153,L-LSPIN,0.2,0.007,0.0,760131
kidneychromophobe,19,0.7323943661971831,L-LSPIN,0.2,0.007,0.0,760132
kidneyclearcellrenalcarcinoma,156,0.6829425682942568,L-LSPIN,0.2,0.007,0.0,760132
kidneypapillaryrenalcellcarcinoma,84,0.7803379416282642,L-LSPIN,0.2,0.007,0.0,760132
kidneychromophobe,19,0.6338028169014085,L-LSPIN,0.2,0.007,0.0,760133
kidneyclearcellrenalcarcinoma,156,0.6278769627876962,L-LSPIN,0.2,0.007,0.0,760133
kidneypapillaryrenalcellcarcinoma,84,0.7235023041474654,L-LSPIN,0.2,0.007,0.0,760133
kidneychromophobe,19,0.7323943661971831,L-LSPIN,0.2,0.007,0.0,760134
kidneyclearcellrenalcarcinoma,156,0.6493869649386965,L-LSPIN,0.2,0.007,0.0,760134
kidneypapillaryrenalcellcarcinoma,84,0.7695852534562212,L-LSPIN,0.2,0.007,0.0,760134
kidneychromophobe,19,0.7887323943661971,L-Concrete,0.12,0.003,0.0,1440126
kidneyclearcellrenalcarcinoma,156,0.6820821682082168,L-Concrete,0.12,0.003,0.0,1440126
kidneypapillaryrenalcellcarcinoma,84,0.6989247311827957,L-Concrete,0.12,0.003,0.0,1440126
kidneychromophobe,19,0.7183098591549296,L-Concrete,0.12,0.003,0.0,1440127
kidneyclearcellrenalcarcinoma,156,0.6756291675629168,L-Concrete,0.12,0.003,0.0,1440127
kidneypapillaryrenalcellcarcinoma,84,0.7849462365591398,L-Concrete,0.12,0.003,0.0,1440127
kidneychromophobe,19,0.7183098591549296,L-Concrete,0.12,0.003,0.0,1440128
kidneyclearcellrenalcarcinoma,156,0.6311034631103463,L-Concrete,0.12,0.003,0.0,1440128
kidneypapillaryrenalcellcarcinoma,84,0.794162826420891,L-Concrete,0.12,0.003,0.0,1440128
kidneychromophobe,19,0.7746478873239436,L-Concrete,0.12,0.003,0.0,1440129
kidneyclearcellrenalcarcinoma,156,0.6450849645084965,L-Concrete,0.12,0.003,0.0,1440129
kidneypapillaryrenalcellcarcinoma,84,0.7419354838709677,L-Concrete,0.12,0.003,0.0,1440129
kidneychromophobe,19,0.7746478873239436,L-Concrete,0.12,0.003,0.0,1440130
kidneyclearcellrenalcarcinoma,156,0.6418584641858465,L-Concrete,0.12,0.003,0.0,1440130
kidneypapillaryrenalcellcarcinoma,84,0.7311827956989247,L-Concrete,0.12,0.003,0.0,1440130
kidneychromophobe,19,0.7746478873239436,L-Concrete,0.12,0.003,0.0,1440131
kidneyclearcellrenalcarcinoma,156,0.6788556678855668,L-Concrete,0.12,0.003,0.0,1440131
kidneypapillaryrenalcellcarcinoma,84,0.8248847926267281,L-Concrete,0.12,0.003,0.0,1440131
kidneychromophobe,19,0.8309859154929577,L-Concrete,0.12,0.003,0.0,1440132
kidneyclearcellrenalcarcinoma,156,0.6401376640137664,L-Concrete,0.12,0.003,0.0,1440132
kidneypapillaryrenalcellcarcinoma,84,0.8079877112135176,L-Concrete,0.12,0.003,0.0,1440132
kidneychromophobe,19,0.676056338028169,L-Concrete,0.12,0.003,0.0,1440133
kidneyclearcellrenalcarcinoma,156,0.6375564637556463,L-Concrete,0.12,0.003,0.0,1440133
kidneypapillaryrenalcellcarcinoma,84,0.7649769585253456,L-Concrete,0.12,0.003,0.0,1440133
kidneychromophobe,19,0.7605633802816901,L-Concrete,0.12,0.003,0.0,1440134
kidneyclearcellrenalcarcinoma,156,0.6470208647020864,L-Concrete,0.12,0.003,0.0,1440134
kidneypapillaryrenalcellcarcinoma,84,0.7081413210445469,L-Concrete,0.12,0.003,0.0,1440134
