model_family,gate_type,predictor,gate_sigma,lambda_sparse,lambda_sample_smooth,temperature,patience,gating_hidden_dim,gate_hidden_dropout_p,risk_hidden_dims,risk_dropout_p,lspin_init_bias,gate_weight_decay,seed,rep_id,global_cfg_idx,phase,test_cindex,best_val_cindex,best_epoch,mean_Ksoft,mean_Khard,manifold_alignment,gene_union_count,gene_freq_ge_threshold_count,effective_gene_count
LSPIN,lspin_tf,mlp,0.22,0.014,0.0,0.5,12,64,0.0,"(64, 32)",0.1,0.0,0.0,123,0,0,1,0.7144897182025894,0.7424892703862661,1,79.29979705810547,79.30115509033203,0.9600029838349964,334.0,193.0,176.29086749001493
LSPIN,lspin_tf,mlp,0.22,0.014,0.0,0.5,12,64,0.0,"(64, 32)",0.1,0.0,0.0,124,1,0,1,0.6988766184310738,0.7525035765379113,4,40.513160705566406,40.51351165771485,0.9310930942955982,116.0,94.0,79.24410236961889
LSPIN,lspin_tf,mlp,0.22,0.014,0.0,0.5,12,64,0.0,"(64, 32)",0.1,0.0,0.0,125,2,0,1,0.7076351865955827,0.7753934191702432,4,45.7830810546875,45.76448059082031,0.9334539981762414,144.0,107.0,93.44361949162194
LSPIN,lspin_tf,mlp,0.22,0.0105,0.0,0.5,12,64,0.0,"(64, 32)",0.1,0.0,0.0,40123,0,4,1,0.7517136329017517,0.7918454935622318,3,67.86531829833984,67.8648681640625,0.9195949078246268,206.0,150.0,135.78370663115135
LSPIN,lspin_tf,mlp,0.22,0.0105,0.0,0.5,12,64,0.0,"(64, 32)",0.1,0.0,0.0,40124,1,4,1,0.7167745620715917,0.7975679542203148,4,60.87171173095703,60.87644958496094,0.9327723004388913,182.0,143.0,127.2048872475504
LSPIN,lspin_tf,mlp,0.22,0.0105,0.0,0.5,12,64,0.0,"(64, 32)",0.1,0.0,0.0,40125,2,4,1,0.7172505712109672,0.7589413447782547,3,70.1937255859375,70.18146514892578,0.934159426743996,200.0,162.0,144.81272557106126
LSPIN,lspin_tf,mlp,0.22,0.00875,0.0,0.5,12,64,0.0,"(64, 32)",0.1,0.0,0.0,80123,0,8,1,0.7112528560548362,0.778969957081545,4,105.22127532958984,105.2123565673828,0.9604691560030476,288.0,207.0,191.5023322228867
LSPIN,lspin_tf,mlp,0.22,0.00875,0.0,0.5,12,64,0.0,"(64, 32)",0.1,0.0,0.0,80124,1,8,1,0.7077303884234577,0.751788268955651,3,102.77506256103516,102.79922485351562,0.9652453013825544,326.0,254.0,218.626369561048
LSPIN,lspin_tf,mlp,0.22,0.00875,0.0,0.5,12,64,0.0,"(64, 32)",0.1,0.0,0.0,80125,2,8,1,0.7025894897182026,0.771101573676681,3,98.11388397216795,98.11196899414062,0.961838048188104,281.0,206.0,188.810381456348
LSPIN,lspin_tf,mlp,0.22,0.007,0.0,0.5,12,64,0.0,"(64, 32)",0.1,0.0,0.0,120123,0,12,1,0.6958301599390708,0.7868383404864091,3,129.51535034179688,129.49806213378906,0.9496814146850294,352.0,270.0,241.40879397552783
LSPIN,lspin_tf,mlp,0.22,0.007,0.0,0.5,12,64,0.0,"(64, 32)",0.1,0.0,0.0,120124,1,12,1,0.7121096725057121,0.7939914163090128,2,123.9009780883789,123.90347290039062,0.9750082334369964,432.0,289.0,263.56682972206744
LSPIN,lspin_tf,mlp,0.22,0.007,0.0,0.5,12,64,0.0,"(64, 32)",0.1,0.0,0.0,120125,2,12,1,0.68497715156131,0.7982832618025751,4,131.69293212890625,131.70655822753906,0.9634819029314192,368.0,298.0,254.71227092768223
LSPIN,lspin_tf,mlp,0.22,0.00525,0.0,0.5,12,64,0.0,"(64, 32)",0.1,0.0,0.0,160123,0,16,1,0.7092536176694593,0.7739628040057225,4,176.5291748046875,176.5251007080078,0.9732334771811576,505.0,375.0,330.1589042377768
LSPIN,lspin_tf,mlp,0.22,0.00525,0.0,0.5,12,64,0.0,"(64, 32)",0.1,0.0,0.0,160124,1,16,1,0.7444782939832445,0.7589413447782547,3,167.48434448242188,167.4748992919922,0.9758524526883194,533.0,363.0,323.24164149560903
LSPIN,lspin_tf,mlp,0.22,0.00525,0.0,0.5,12,64,0.0,"(64, 32)",0.1,0.0,0.0,160125,2,16,1,0.7067783701447068,0.7846924177396281,2,248.2319793701172,248.18533325195312,0.9832247712710048,802.0,619.0,522.6135695749136
LSPIN,lspin_tf,mlp,0.2,0.014,0.0,0.5,12,64,0.0,"(64, 32)",0.1,0.0,0.0,200123,0,20,1,0.6971629855293222,0.7739628040057225,7,53.80434036254883,53.79536819458008,0.9325165396198786,126.0,106.0,91.40984335909512
LSPIN,lspin_tf,mlp,0.2,0.014,0.0,0.5,12,64,0.0,"(64, 32)",0.1,0.0,0.0,200124,1,20,1,0.7111576542269612,0.7796852646638054,3,64.39225006103516,64.38224029541016,0.9479882952449424,204.0,138.0,121.19116248968054
LSPIN,lspin_tf,mlp,0.2,0.014,0.0,0.5,12,64,0.0,"(64, 32)",0.1,0.0,0.0,200125,2,20,1,0.7081111957349581,0.7796852646638054,3,91.55760192871094,91.56370544433594,0.9522082093454608,247.0,187.0,169.88457830159626
LSPIN,lspin_tf,mlp,0.2,0.0105,0.0,0.5,12,64,0.0,"(64, 32)",0.1,0.0,0.0,240123,0,24,1,0.7012566641279513,0.7567954220314735,4,67.73006439208984,67.73358917236328,0.9395580132052654,222.0,166.0,139.41923871510144
LSPIN,lspin_tf,mlp,0.2,0.0105,0.0,0.5,12,64,0.0,"(64, 32)",0.1,0.0,0.0,240124,1,24,1,0.7511424219345011,0.7675250357653791,3,120.15066528320312,120.15058135986328,0.9486926863210596,333.0,239.0,217.42807349542883
LSPIN,lspin_tf,mlp,0.2,0.0105,0.0,0.5,12,64,0.0,"(64, 32)",0.1,0.0,0.0,240125,2,24,1,0.7203922315308454,0.7832618025751072,2,142.20603942871094,142.20077514648438,0.9736505352824202,438.0,334.0,296.5703537342731
LSPIN,lspin_tf,mlp,0.2,0.00875,0.0,0.5,12,64,0.0,"(64, 32)",0.1,0.0,0.0,280123,0,28,1,0.716012947448591,0.7675250357653791,1,174.05279541015625,174.01158142089844,0.9701014357756208,577.0,367.0,332.4674704549289
LSPIN,lspin_tf,mlp,0.2,0.00875,0.0,0.5,12,64,0.0,"(64, 32)",0.1,0.0,0.0,280124,1,28,1,0.7021134805788272,0.7839771101573677,2,138.0120086669922,138.01158142089844,0.9744683090916972,369.0,279.0,244.2373526186152
LSPIN,lspin_tf,mlp,0.2,0.00875,0.0,0.5,12,64,0.0,"(64, 32)",0.1,0.0,0.0,280125,2,28,1,0.7295316070068545,0.7124463519313304,2,149.0718536376953,149.1003875732422,0.9671512330929396,440.0,325.0,285.58382267360383
LSPIN,lspin_tf,mlp,0.2,0.007,0.0,0.5,12,64,0.0,"(64, 32)",0.1,0.0,0.0,320123,0,32,1,0.7032559025133283,0.7489270386266095,1,236.8798370361328,236.8378448486328,0.9847336580169316,752.0,596.0,499.856639875332
LSPIN,lspin_tf,mlp,0.2,0.007,0.0,0.5,12,64,0.0,"(64, 32)",0.1,0.0,0.0,320124,1,32,1,0.7172505712109672,0.8254649499284692,6,162.922119140625,162.91119384765625,0.9547311163753304,341.0,309.0,274.50046587536906
LSPIN,lspin_tf,mlp,0.2,0.007,0.0,0.5,12,64,0.0,"(64, 32)",0.1,0.0,0.0,320125,2,32,1,0.7122048743335873,0.7775393419170243,3,187.8334808349609,187.8262481689453,0.9777943138191484,461.0,389.0,350.8218906125073
LSPIN,lspin_tf,mlp,0.2,0.00525,0.0,0.5,12,64,0.0,"(64, 32)",0.1,0.0,0.0,360123,0,36,1,0.7332444782939832,0.7868383404864091,2,254.0072326660156,254.0270233154297,0.9774697290395026,733.0,566.0,486.09349255314265
LSPIN,lspin_tf,mlp,0.2,0.00525,0.0,0.5,12,64,0.0,"(64, 32)",0.1,0.0,0.0,360124,1,36,1,0.7357197258187357,0.8004291845493562,1,259.2659606933594,259.2625427246094,0.98720459420191,1089.0,640.0,565.2169152537426
LSPIN,lspin_tf,mlp,0.2,0.00525,0.0,0.5,12,64,0.0,"(64, 32)",0.1,0.0,0.0,360125,2,36,1,0.7232482863670983,0.7689556509298998,1,310.55078125,310.53668212890625,0.989947117612077,1022.0,746.0,639.7453449052563
L-LSPIN,lspin_tf,linear,0.22,0.021,0.0,0.5,20,64,0.0,(),0.0,0.0,0.0,400123,0,40,1,0.7025894897182026,0.7925608011444921,37,92.5373077392578,92.54054260253906,0.9417460670103218,155.0,131.0,121.33761394430697
L-LSPIN,lspin_tf,linear,0.22,0.021,0.0,0.5,20,64,0.0,(),0.0,0.0,0.0,400124,1,40,1,0.7068735719725818,0.7882689556509299,30,81.25279998779297,81.2625503540039,0.9285219858699056,143.0,131.0,116.75569822614943
L-LSPIN,lspin_tf,linear,0.22,0.021,0.0,0.5,20,64,0.0,(),0.0,0.0,0.0,400125,2,40,1,0.7380997715156131,0.7310443490701002,42,123.12932586669922,123.12741088867188,0.9491155352096096,173.0,162.0,147.82948599245287
L-LSPIN,lspin_tf,linear,0.22,0.014,0.0,0.5,20,64,0.0,(),0.0,0.0,0.0,440123,0,44,1,0.6884044173648134,0.8247496423462088,38,162.97471618652344,162.97683715820312,0.9700357852793628,278.0,251.0,220.96420098069552
L-LSPIN,lspin_tf,linear,0.22,0.014,0.0,0.5,20,64,0.0,(),0.0,0.0,0.0,440124,1,44,1,0.6876428027418127,0.8233190271816881,8,197.6292724609375,197.6293487548828,0.9747616639585814,445.0,368.0,320.4203131550184
L-LSPIN,lspin_tf,linear,0.22,0.014,0.0,0.5,20,64,0.0,(),0.0,0.0,0.0,440125,2,44,1,0.7051599390708302,0.765379113018598,57,93.20256805419922,93.19691467285156,0.944060038823366,184.0,159.0,135.4161729902871
L-LSPIN,lspin_tf,linear,0.22,0.0105,0.0,0.5,20,64,0.0,(),0.0,0.0,0.0,480123,0,48,1,0.690974866717441,0.7632331902718169,29,171.12887573242188,171.12741088867188,0.9726235426603044,287.0,266.0,242.82556388284877
L-LSPIN,lspin_tf,linear,0.22,0.0105,0.0,0.5,20,64,0.0,(),0.0,0.0,0.0,480124,1,48,1,0.7101104341203351,0.7896995708154506,10,227.84051513671875,227.83010864257807,0.979975918380906,513.0,440.0,369.8239365298588
L-LSPIN,lspin_tf,linear,0.22,0.0105,0.0,0.5,20,64,0.0,(),0.0,0.0,0.0,480125,2,48,1,0.7276275704493527,0.7947067238912733,16,223.00640869140625,223.0077209472656,0.9827508755482198,468.0,407.0,350.0267607312961
L-LSPIN,lspin_tf,linear,0.22,0.00875,0.0,0.5,20,64,0.0,(),0.0,0.0,0.0,520123,0,52,1,0.6860243716679361,0.8168812589413448,14,363.1750793457031,363.1814575195313,0.9858918263578592,662.0,611.0,531.0016647966838
L-LSPIN,lspin_tf,linear,0.22,0.00875,0.0,0.5,20,64,0.0,(),0.0,0.0,0.0,520124,1,52,1,0.6888804265041889,0.7882689556509299,28,261.9547119140625,261.9691162109375,0.9819694965497614,490.0,448.0,389.8123728069908
L-LSPIN,lspin_tf,linear,0.22,0.00875,0.0,0.5,20,64,0.0,(),0.0,0.0,0.0,520125,2,52,1,0.6936405178979437,0.796137339055794,2,540.8228759765625,540.810791015625,0.994457821557944,1388.0,1168.0,991.7958144278834
L-LSPIN,lspin_tf,linear,0.22,0.007,0.0,0.5,20,64,0.0,(),0.0,0.0,0.0,560123,0,56,1,0.7335300837776085,0.7696709585121603,11,405.48876953125,405.5173645019531,0.9907661341278796,810.0,729.0,646.6500328762326
L-LSPIN,lspin_tf,linear,0.22,0.007,0.0,0.5,20,64,0.0,(),0.0,0.0,0.0,560124,1,56,1,0.7134424980959635,0.8011444921316166,9,483.3644104003906,483.3475036621094,0.9907544327696428,929.0,845.0,759.4056383364982
L-LSPIN,lspin_tf,linear,0.22,0.007,0.0,0.5,20,64,0.0,(),0.0,0.0,0.0,560125,2,56,1,0.7262947448591013,0.7532188841201717,5,437.4506530761719,437.478759765625,0.9918855913709222,1059.0,872.0,764.3848043955146
L-LSPIN,lspin_tf,linear,0.2,0.021,0.0,0.5,20,64,0.0,(),0.0,0.0,0.0,600123,0,60,1,0.718012185833968,0.7775393419170243,28,88.74232482910156,88.7374496459961,0.9279546060700306,149.0,127.0,116.19487680440844
L-LSPIN,lspin_tf,linear,0.2,0.021,0.0,0.5,20,64,0.0,(),0.0,0.0,0.0,600124,1,60,1,0.7286747905559787,0.771101573676681,23,122.76423645019533,122.76834106445312,0.9549221028067884,205.0,189.0,168.40735912123284
L-LSPIN,lspin_tf,linear,0.2,0.021,0.0,0.5,20,64,0.0,(),0.0,0.0,0.0,600125,2,60,1,0.671077684691546,0.7854077253218884,46,109.09720611572266,109.1003875732422,0.9161010021839366,156.0,148.0,134.19009925001822
L-LSPIN,lspin_tf,linear,0.2,0.014,0.0,0.5,20,64,0.0,(),0.0,0.0,0.0,640123,0,64,1,0.7005902513328256,0.7804005722460658,21,141.9244384765625,141.93435668945312,0.9551600077901726,270.0,240.0,202.55502673688403
L-LSPIN,lspin_tf,linear,0.2,0.014,0.0,0.5,20,64,0.0,(),0.0,0.0,0.0,640124,1,64,1,0.654988575780655,0.7868383404864091,41,200.8787841796875,200.88417053222656,0.9747303838503428,317.0,299.0,265.3946959393819
L-LSPIN,lspin_tf,linear,0.2,0.014,0.0,0.5,20,64,0.0,(),0.0,0.0,0.0,640125,2,64,1,0.6746001523229246,0.8097281831187411,55,156.3505096435547,156.3474884033203,0.9629743402043536,237.0,220.0,198.33528906022124
L-LSPIN,lspin_tf,linear,0.2,0.0105,0.0,0.5,20,64,0.0,(),0.0,0.0,0.0,680123,0,68,1,0.719059405940594,0.7968526466380543,14,250.9776763916016,250.9729766845703,0.9796183436089702,567.0,456.0,401.4892194167084
L-LSPIN,lspin_tf,linear,0.2,0.0105,0.0,0.5,20,64,0.0,(),0.0,0.0,0.0,680124,1,68,1,0.7196306169078446,0.7660944206008584,31,234.43582153320312,234.43243408203125,0.9765890025095602,415.0,379.0,325.01379450874134
L-LSPIN,lspin_tf,linear,0.2,0.0105,0.0,0.5,20,64,0.0,(),0.0,0.0,0.0,680125,2,68,1,0.7090632140137091,0.8075822603719599,22,251.85438537597656,251.84942626953125,0.9727081563130978,453.0,404.0,347.0624200130848
L-LSPIN,lspin_tf,linear,0.2,0.00875,0.0,0.5,20,64,0.0,(),0.0,0.0,0.0,720123,0,72,1,0.7187738004569688,0.7846924177396281,7,471.0505065917969,471.061767578125,0.9914880971544108,967.0,857.0,751.2934953213568
L-LSPIN,lspin_tf,linear,0.2,0.00875,0.0,0.5,20,64,0.0,(),0.0,0.0,0.0,720124,1,72,1,0.7063975628332064,0.804005722460658,18,292.0540466308594,292.0463256835937,0.9863426109641824,546.0,494.0,430.0275454110067
L-LSPIN,lspin_tf,linear,0.2,0.00875,0.0,0.5,20,64,0.0,(),0.0,0.0,0.0,720125,2,72,1,0.7028750952018279,0.8054363376251789,6,429.876953125,429.8725891113281,0.9905711324026404,913.0,804.0,691.8101558605688
L-LSPIN,lspin_tf,linear,0.2,0.007,0.0,0.5,20,64,0.0,(),0.0,0.0,0.0,760123,0,76,1,0.6927837014470678,0.7589413447782547,23,361.5604553222656,361.5521240234375,0.988554220008312,635.0,571.0,513.0990407761196
L-LSPIN,lspin_tf,linear,0.2,0.007,0.0,0.5,20,64,0.0,(),0.0,0.0,0.0,760124,1,76,1,0.7316260472201066,0.748211731044349,3,638.575927734375,638.5791625976562,0.9946692702110236,1591.0,1305.0,1150.4778896232565
L-LSPIN,lspin_tf,linear,0.2,0.007,0.0,0.5,20,64,0.0,(),0.0,0.0,0.0,760125,2,76,1,0.696020563594821,0.7453505007153076,25,365.0185241699219,365.0038757324219,0.989951099337552,700.0,623.0,555.6188081686132
Concrete,concrete,mlp,0.15,0.004,0.0,0.3,20,64,0.0,"(64, 32)",0.1,0.0,0.0,800123,0,80,1,0.7014470677837015,0.7968526466380543,2,57.99875259399414,57.82239532470703,0.9454974259988496,338.0,179.0,165.87140337647295
Concrete,concrete,mlp,0.15,0.004,0.0,0.3,20,64,0.0,"(64, 32)",0.1,0.0,0.0,800124,1,80,1,0.7266755521706016,0.7567954220314735,2,48.75690841674805,48.679534912109375,0.9156040355350672,334.0,170.0,164.6678531214042
Concrete,concrete,mlp,0.15,0.004,0.0,0.3,20,64,0.0,"(64, 32)",0.1,0.0,0.0,800125,2,80,1,0.7316260472201066,0.7668097281831188,4,45.59987258911133,45.52895736694336,0.9006155810270842,238.0,135.0,122.6517110715973
Concrete,concrete,mlp,0.15,0.003,0.0,0.3,20,64,0.0,"(64, 32)",0.1,0.0,0.0,840123,0,84,1,0.7201066260472201,0.7954220314735336,5,108.25211334228516,108.22007751464844,0.9456771803729856,399.0,267.0,241.05336448499045
Concrete,concrete,mlp,0.15,0.003,0.0,0.3,20,64,0.0,"(64, 32)",0.1,0.0,0.0,840124,1,84,1,0.706968773800457,0.7610872675250357,0,155.5987548828125,151.39768981933594,0.9792747910975768,1614.0,541.0,617.8209676269032
Concrete,concrete,mlp,0.15,0.003,0.0,0.3,20,64,0.0,"(64, 32)",0.1,0.0,0.0,840125,2,84,1,0.7119192688499619,0.7410586552217453,1,102.68717956542967,102.33204650878906,0.940717604955684,692.0,332.0,318.01913637440697
Concrete,concrete,mlp,0.15,0.0025,0.0,0.3,20,64,0.0,"(64, 32)",0.1,0.0,0.0,880123,0,88,1,0.7094440213252095,0.8097281831187411,0,209.2658843994141,204.46717834472656,0.9871968039963832,2045.0,801.0,864.3891559675018
Concrete,concrete,mlp,0.15,0.0025,0.0,0.3,20,64,0.0,"(64, 32)",0.1,0.0,0.0,880124,1,88,1,0.7156321401370906,0.765379113018598,1,148.11993408203125,147.64093017578125,0.9558054454638087,879.0,478.0,445.26999293805216
Concrete,concrete,mlp,0.15,0.0025,0.0,0.3,20,64,0.0,"(64, 32)",0.1,0.0,0.0,880125,2,88,1,0.7224866717440975,0.7832618025751072,3,114.35293579101562,114.27413177490234,0.9313289495502964,440.0,299.0,273.7151555946448
Concrete,concrete,mlp,0.15,0.002,0.0,0.3,20,64,0.0,"(64, 32)",0.1,0.0,0.0,920123,0,92,1,0.7112528560548362,0.7567954220314735,0,243.0820770263672,237.9884185791016,0.9868599941714988,2150.0,924.0,964.9481254072698
Concrete,concrete,mlp,0.15,0.002,0.0,0.3,20,64,0.0,"(64, 32)",0.1,0.0,0.0,920124,1,92,1,0.7094440213252095,0.778969957081545,0,246.7232208251953,239.84556579589844,0.9885666701699968,2393.0,953.0,1017.625603158221
Concrete,concrete,mlp,0.15,0.002,0.0,0.3,20,64,0.0,"(64, 32)",0.1,0.0,0.0,920125,2,92,1,0.7187738004569688,0.7782546494992847,2,153.87481689453125,153.63706970214844,0.9594982988459284,827.0,503.0,454.8773767408978
Concrete,concrete,mlp,0.15,0.0015,0.0,0.3,20,64,0.0,"(64, 32)",0.1,0.0,0.0,960123,0,96,1,0.7177265803503428,0.7675250357653791,1,233.06944274902344,232.0733642578125,0.9780812894638032,1321.0,763.0,703.3283815771595
Concrete,concrete,mlp,0.15,0.0015,0.0,0.3,20,64,0.0,"(64, 32)",0.1,0.0,0.0,960124,1,96,1,0.6984006092916984,0.8140200286123033,1,194.8977203369141,194.04632568359372,0.9697783491465912,1446.0,638.0,612.737644747638
Concrete,concrete,mlp,0.15,0.0015,0.0,0.3,20,64,0.0,"(64, 32)",0.1,0.0,0.0,960125,2,96,1,0.6933549124143183,0.7954220314735336,0,276.6148376464844,270.33203125,0.9814775888644006,2328.0,1075.0,1088.383256676855
Concrete,concrete,mlp,0.12,0.004,0.0,0.3,20,64,0.0,"(64, 32)",0.1,0.0,0.0,1000123,0,100,1,0.7127760853008378,0.8125894134477826,0,83.72401428222656,80.98069763183594,0.9648961205218248,1184.0,313.0,400.71141271852247
Concrete,concrete,mlp,0.12,0.004,0.0,0.3,20,64,0.0,"(64, 32)",0.1,0.0,0.0,1000124,1,100,1,0.7146801218583397,0.7503576537911302,1,73.27813720703125,73.01158142089844,0.948107308866754,523.0,248.0,246.1988447899205
Concrete,concrete,mlp,0.12,0.004,0.0,0.3,20,64,0.0,"(64, 32)",0.1,0.0,0.0,1000125,2,100,1,0.7256283320639756,0.7725321888412017,2,60.436073303222656,60.37065505981445,0.9077465347387456,298.0,179.0,171.00817502392562
Concrete,concrete,mlp,0.12,0.003,0.0,0.3,20,64,0.0,"(64, 32)",0.1,0.0,0.0,1040123,0,104,1,0.7065879664889566,0.7825464949928469,0,148.4005584716797,144.2741241455078,0.9836312675814392,1587.0,615.0,689.5062497560648
Concrete,concrete,mlp,0.12,0.003,0.0,0.3,20,64,0.0,"(64, 32)",0.1,0.0,0.0,1040124,1,104,1,0.7266755521706016,0.7804005722460658,2,105.5354995727539,105.50579071044922,0.955324145432152,486.0,297.0,274.08424834821056
Concrete,concrete,mlp,0.12,0.003,0.0,0.3,20,64,0.0,"(64, 32)",0.1,0.0,0.0,1040125,2,104,1,0.7018278750952018,0.7775393419170243,2,76.21214294433594,76.10810852050781,0.9212970376822572,449.0,251.0,230.69007439148933
Concrete,concrete,mlp,0.12,0.0025,0.0,0.3,20,64,0.0,"(64, 32)",0.1,0.0,0.0,1080123,0,108,1,0.7166793602437167,0.8025751072961373,3,107.85096740722656,107.76448059082033,0.9519321983588054,584.0,343.0,312.4919478108571
Concrete,concrete,mlp,0.12,0.0025,0.0,0.3,20,64,0.0,"(64, 32)",0.1,0.0,0.0,1080124,1,108,1,0.7404798172124905,0.7560801144492132,2,92.42504119873048,92.2934341430664,0.9383856397717164,560.0,294.0,284.6491368113035
Concrete,concrete,mlp,0.12,0.0025,0.0,0.3,20,64,0.0,"(64, 32)",0.1,0.0,0.0,1080125,2,108,1,0.7204874333587205,0.7675250357653791,2,105.53771209716795,105.37837982177734,0.9338278279225856,576.0,324.0,301.4807165913917
Concrete,concrete,mlp,0.12,0.002,0.0,0.3,20,64,0.0,"(64, 32)",0.1,0.0,0.0,1120123,0,112,1,0.7184881949733435,0.8004291845493562,1,181.965087890625,181.35520935058597,0.9545896488797572,930.0,521.0,490.1662135054414
Concrete,concrete,mlp,0.12,0.002,0.0,0.3,20,64,0.0,"(64, 32)",0.1,0.0,0.0,1120124,1,112,1,0.7038271134805788,0.7575107296137339,0,322.16534423828125,316.11968994140625,0.987306116141842,2564.0,1223.0,1206.0456175807692
Concrete,concrete,mlp,0.12,0.002,0.0,0.3,20,64,0.0,"(64, 32)",0.1,0.0,0.0,1120125,2,112,1,0.7153465346534653,0.771101573676681,1,166.42127990722656,165.8918914794922,0.95927810508392,1102.0,530.0,504.2607324169067
Concrete,concrete,mlp,0.12,0.0015,0.0,0.3,20,64,0.0,"(64, 32)",0.1,0.0,0.0,1160123,0,116,1,0.7058263518659559,0.801859799713877,0,339.31890869140625,332.84942626953125,0.9871786494293124,2660.0,1155.0,1156.364793433685
Concrete,concrete,mlp,0.12,0.0015,0.0,0.3,20,64,0.0,"(64, 32)",0.1,0.0,0.0,1160124,1,116,1,0.7364813404417365,0.765379113018598,2,180.4282989501953,180.0308837890625,0.9695086546555216,942.0,583.0,518.0898849882211
Concrete,concrete,mlp,0.12,0.0015,0.0,0.3,20,64,0.0,"(64, 32)",0.1,0.0,0.0,1160125,2,116,1,0.7215346534653465,0.7632331902718169,2,204.23309326171875,204.1544342041016,0.9696742914317724,938.0,572.0,530.8653953841755
L-Concrete,concrete,linear,0.15,0.004,0.0,0.3,20,64,0.0,(),0.0,0.0,0.0,1200123,0,120,1,0.6998286367098249,0.790414878397711,1,390.0161743164063,388.853271484375,0.9929234235203498,1684.0,1079.0,962.1949395635844
L-Concrete,concrete,linear,0.15,0.004,0.0,0.3,20,64,0.0,(),0.0,0.0,0.0,1200124,1,120,1,0.7142993145468393,0.8190271816881259,17,194.87701416015625,194.8532867431641,0.9664516691671474,499.0,402.0,351.22992220207016
L-Concrete,concrete,linear,0.15,0.004,0.0,0.3,20,64,0.0,(),0.0,0.0,0.0,1200125,2,120,1,0.706968773800457,0.790414878397711,7,238.52655029296875,238.5559844970703,0.9857655342879448,804.0,610.0,528.6144034609944
L-Concrete,concrete,linear,0.15,0.003,0.0,0.3,20,64,0.0,(),0.0,0.0,0.0,1240123,0,124,1,0.6715536938309216,0.7811158798283262,1,754.4786987304688,753.0501708984375,0.9970664878189336,2696.0,1963.0,1716.1693369064944
L-Concrete,concrete,linear,0.15,0.003,0.0,0.3,20,64,0.0,(),0.0,0.0,0.0,1240124,1,124,1,0.6825019040365575,0.7875536480686696,2,602.0735473632812,601.644775390625,0.995179024471636,1987.0,1486.0,1275.723790822122
L-Concrete,concrete,linear,0.15,0.003,0.0,0.3,20,64,0.0,(),0.0,0.0,0.0,1240125,2,124,1,0.7023990860624524,0.8254649499284692,4,528.9207153320312,528.9459228515625,0.9927606903270184,1565.0,1261.0,1080.630342117902
L-Concrete,concrete,linear,0.15,0.0025,0.0,0.3,20,64,0.0,(),0.0,0.0,0.0,1280123,0,128,1,0.6834539223153084,0.8068669527896996,1,822.9124755859375,821.3822631835938,0.9966325547370736,2696.0,2072.0,1795.1509215921444
L-Concrete,concrete,linear,0.15,0.0025,0.0,0.3,20,64,0.0,(),0.0,0.0,0.0,1280124,1,128,1,0.6806454683929931,0.796137339055794,1,880.11669921875,878.2007446289062,0.9970285535695071,2848.0,2132.0,1820.272407022263
L-Concrete,concrete,linear,0.15,0.0025,0.0,0.3,20,64,0.0,(),0.0,0.0,0.0,1280125,2,128,1,0.6807882711348058,0.7689556509298998,2,701.6429443359375,701.1505737304688,0.9933204998946488,2024.0,1564.0,1352.1614989694813
L-Concrete,concrete,linear,0.15,0.002,0.0,0.3,20,64,0.0,(),0.0,0.0,0.0,1320123,0,132,1,0.7115384615384616,0.7875536480686696,1,998.1234130859376,996.5753173828124,0.99729342447378,3105.0,2374.0,2046.6725376407792
L-Concrete,concrete,linear,0.15,0.002,0.0,0.3,20,64,0.0,(),0.0,0.0,0.0,1320124,1,132,1,0.6251904036557502,0.7603719599427754,1,1005.9130249023438,1004.7258911132812,0.996709150326766,3038.0,2360.0,2061.1940452468057
L-Concrete,concrete,linear,0.15,0.002,0.0,0.3,20,64,0.0,(),0.0,0.0,0.0,1320125,2,132,1,0.7123952779893374,0.7582260371959942,6,771.8605346679688,771.7528686523438,0.9953397747533804,1892.0,1642.0,1403.3278802508123
L-Concrete,concrete,linear,0.15,0.0015,0.0,0.3,20,64,0.0,(),0.0,0.0,0.0,1360123,0,136,1,0.6817402894135567,0.8433476394849786,10,814.1517944335938,814.0463256835938,0.9942193178755454,1959.0,1628.0,1379.065218855072
L-Concrete,concrete,linear,0.15,0.0015,0.0,0.3,20,64,0.0,(),0.0,0.0,0.0,1360124,1,136,1,0.6778370144706778,0.7467811158798283,3,1192.8162841796875,1192.45556640625,0.99677244112166,3086.0,2478.0,2113.1038543092945
L-Concrete,concrete,linear,0.15,0.0015,0.0,0.3,20,64,0.0,(),0.0,0.0,0.0,1360125,2,136,1,0.6659367859862909,0.7753934191702432,9,1017.1940307617188,1017.185302734375,0.9956461687786904,2205.0,1969.0,1694.70309801453
L-Concrete,concrete,linear,0.12,0.004,0.0,0.3,20,64,0.0,(),0.0,0.0,0.0,1400123,0,140,1,0.6998286367098249,0.7918454935622318,23,199.9785003662109,199.94595336914065,0.9804846222656504,518.0,429.0,362.3705041285551
L-Concrete,concrete,linear,0.12,0.004,0.0,0.3,20,64,0.0,(),0.0,0.0,0.0,1400124,1,140,1,0.6751713632901751,0.7660944206008584,2,409.9867248535156,409.54052734375,0.9902005391575704,1532.0,1096.0,930.2964369649262
L-Concrete,concrete,linear,0.12,0.004,0.0,0.3,20,64,0.0,(),0.0,0.0,0.0,1400125,2,140,1,0.6635567402894136,0.7739628040057225,2,366.5388793945313,366.1390075683594,0.992269074300753,1436.0,1025.0,893.5064530095818
L-Concrete,concrete,linear,0.12,0.003,0.0,0.3,20,64,0.0,(),0.0,0.0,0.0,1440123,0,144,1,0.7090632140137091,0.8218884120171673,6,476.8256530761719,476.729736328125,0.991945147504987,1329.0,1090.0,907.391207291548
L-Concrete,concrete,linear,0.12,0.003,0.0,0.3,20,64,0.0,(),0.0,0.0,0.0,1440124,1,144,1,0.6972581873571972,0.7911301859799714,2,505.7499694824219,505.4131164550781,0.9916628191990003,1717.0,1290.0,1115.5191165827878
L-Concrete,concrete,linear,0.12,0.003,0.0,0.3,20,64,0.0,(),0.0,0.0,0.0,1440125,2,144,1,0.7043983244478293,0.7939914163090128,7,433.17041015625,433.2239379882813,0.986900231931088,1200.0,975.0,845.9437908611164
L-Concrete,concrete,linear,0.12,0.0025,0.0,0.3,20,64,0.0,(),0.0,0.0,0.0,1480123,0,148,1,0.6844059405940595,0.790414878397711,9,549.7017211914062,549.7992553710938,0.9926356179175686,1389.0,1202.0,1037.7280875796791
L-Concrete,concrete,linear,0.12,0.0025,0.0,0.3,20,64,0.0,(),0.0,0.0,0.0,1480124,1,148,1,0.7112528560548362,0.7610872675250357,5,626.095947265625,625.9035034179688,0.9934459904127256,1642.0,1306.0,1148.3053765468196
L-Concrete,concrete,linear,0.12,0.0025,0.0,0.3,20,64,0.0,(),0.0,0.0,0.0,1480125,2,148,1,0.7012566641279513,0.7811158798283262,4,591.1956787109375,591.061767578125,0.9949539719599144,1839.0,1428.0,1221.8751771080674
L-Concrete,concrete,linear,0.12,0.002,0.0,0.3,20,64,0.0,(),0.0,0.0,0.0,1520123,0,152,1,0.7019230769230769,0.8175965665236051,8,731.5562133789062,731.393798828125,0.9934571662754592,1723.0,1471.0,1247.645396902151
L-Concrete,concrete,linear,0.12,0.002,0.0,0.3,20,64,0.0,(),0.0,0.0,0.0,1520124,1,152,1,0.685072353389185,0.7911301859799714,3,851.6375732421875,851.5868530273438,0.9940184760503964,2461.0,1900.0,1623.098341776066
L-Concrete,concrete,linear,0.12,0.002,0.0,0.3,20,64,0.0,(),0.0,0.0,0.0,1520125,2,152,1,0.6903084539223153,0.7718168812589413,5,946.3051147460938,946.2973022460938,0.9954983200976572,2195.0,1889.0,1664.717212315633
L-Concrete,concrete,linear,0.12,0.0015,0.0,0.3,20,64,0.0,(),0.0,0.0,0.0,1560123,0,156,1,0.6858339680121859,0.7989985693848355,1,1234.4541015625,1232.5096435546875,0.9978584316845514,3761.0,2950.0,2487.8184638685825
L-Concrete,concrete,linear,0.12,0.0015,0.0,0.3,20,64,0.0,(),0.0,0.0,0.0,1560124,1,156,1,0.6916412795125666,0.7761087267525035,1,1277.5321044921875,1275.108154296875,0.9977597187682512,3769.0,2943.0,2502.1161261776365
L-Concrete,concrete,linear,0.12,0.0015,0.0,0.3,20,64,0.0,(),0.0,0.0,0.0,1560125,2,156,1,0.660986290936786,0.8090128755364807,3,1071.1722412109375,1070.8802490234375,0.9950011268509537,2724.0,2319.0,1985.8583403335751
LSPIN,lspin_tf,mlp,0.22,0.014,0.1,0.5,12,64,0.0,"(64, 32)",0.1,0.0,0.0,30123,0,3,1,0.7315308453922316,0.7639484978540773,4,98.49158477783205,98.5019302368164,0.9627099298559612,235.0,222.0,195.92301539704656
LSPIN,lspin_tf,mlp,0.22,0.014,0.1,0.5,12,64,0.0,"(64, 32)",0.1,0.0,0.0,30124,1,3,1,0.7305788271134805,0.7610872675250357,5,107.33576965332033,107.33590698242188,0.9715788538350444,235.0,219.0,203.23918293708732
LSPIN,lspin_tf,mlp,0.22,0.014,0.1,0.5,12,64,0.0,"(64, 32)",0.1,0.0,0.0,30125,2,3,1,0.7095392231530845,0.7854077253218884,4,117.78331756591795,117.77992248535156,0.9561579560517268,259.0,241.0,211.56804481928188
LSPIN,lspin_tf,mlp,0.22,0.0105,0.1,0.5,12,64,0.0,"(64, 32)",0.1,0.0,0.0,70123,0,7,1,0.7327684691546078,0.7532188841201717,3,170.7250518798828,170.7220001220703,0.9771739714499996,348.0,328.0,304.2611749661811
LSPIN,lspin_tf,mlp,0.22,0.0105,0.1,0.5,12,64,0.0,"(64, 32)",0.1,0.0,0.0,70124,1,7,1,0.7114432597105864,0.7818311874105865,2,201.4969482421875,201.49806213378903,0.977876951225431,435.0,411.0,376.4154208678463
LSPIN,lspin_tf,mlp,0.22,0.0105,0.1,0.5,12,64,0.0,"(64, 32)",0.1,0.0,0.0,70125,2,7,1,0.7379093678598629,0.7646638054363376,3,165.45501708984375,165.45559692382812,0.9742506112496188,350.0,332.0,302.0916416616143
LSPIN,lspin_tf,mlp,0.22,0.00875,0.1,0.5,12,64,0.0,"(64, 32)",0.1,0.0,0.0,110123,0,11,1,0.7319116527037319,0.7417739628040058,3,159.3727569580078,159.38223266601562,0.9819902540906504,377.0,358.0,309.77257514346206
LSPIN,lspin_tf,mlp,0.22,0.00875,0.1,0.5,12,64,0.0,"(64, 32)",0.1,0.0,0.0,110124,1,11,1,0.7014470677837015,0.7932761087267525,1,208.759765625,208.75289916992188,0.9814787777535772,533.0,442.0,401.37849674006605
LSPIN,lspin_tf,mlp,0.22,0.00875,0.1,0.5,12,64,0.0,"(64, 32)",0.1,0.0,0.0,110125,2,11,1,0.7108720487433359,0.7753934191702432,2,222.8587951660156,222.85714721679688,0.9847886559769656,478.0,450.0,409.4508182754313
LSPIN,lspin_tf,mlp,0.22,0.007,0.1,0.5,12,64,0.0,"(64, 32)",0.1,0.0,0.0,150123,0,15,1,0.7215346534653465,0.7689556509298998,2,248.3119201660156,248.30116271972656,0.9867419017284328,602.0,554.0,492.6361879894327
LSPIN,lspin_tf,mlp,0.22,0.007,0.1,0.5,12,64,0.0,"(64, 32)",0.1,0.0,0.0,150124,1,15,1,0.711062452399086,0.771101573676681,2,223.4003753662109,223.4131317138672,0.9835635158148824,535.0,491.0,421.8018575685954
LSPIN,lspin_tf,mlp,0.22,0.007,0.1,0.5,12,64,0.0,"(64, 32)",0.1,0.0,0.0,150125,2,15,1,0.7225818735719726,0.7875536480686696,2,231.20111083984372,231.18919372558597,0.9833345044146734,469.0,447.0,413.1427707352139
LSPIN,lspin_tf,mlp,0.22,0.00525,0.1,0.5,12,64,0.0,"(64, 32)",0.1,0.0,0.0,190123,0,19,1,0.722010662604722,0.7589413447782547,2,369.5866394042969,369.6061706542969,0.9852325014571376,776.0,725.0,641.3009366180249
LSPIN,lspin_tf,mlp,0.22,0.00525,0.1,0.5,12,64,0.0,"(64, 32)",0.1,0.0,0.0,190124,1,19,1,0.7164889565879665,0.778969957081545,2,334.8521728515625,334.86871337890625,0.989778732545928,765.0,704.0,618.4839260048235
LSPIN,lspin_tf,mlp,0.22,0.00525,0.1,0.5,12,64,0.0,"(64, 32)",0.1,0.0,0.0,190125,2,19,1,0.7133472962680883,0.7618025751072961,1,355.57244873046875,355.6370544433594,0.9893645125554992,906.0,809.0,678.9032518682233
LSPIN,lspin_tf,mlp,0.2,0.014,0.1,0.5,12,64,0.0,"(64, 32)",0.1,0.0,0.0,230123,0,23,1,0.723914699162224,0.8011444921316166,2,133.9713134765625,133.9652557373047,0.9703449598610192,330.0,314.0,267.68532391272646
LSPIN,lspin_tf,mlp,0.2,0.014,0.1,0.5,12,64,0.0,"(64, 32)",0.1,0.0,0.0,230124,1,23,1,0.7097296268088348,0.7889842632331903,3,176.22122192382812,176.2432403564453,0.9745506624896162,361.0,335.0,309.43709473106514
LSPIN,lspin_tf,mlp,0.2,0.014,0.1,0.5,12,64,0.0,"(64, 32)",0.1,0.0,0.0,230125,2,23,1,0.7121096725057121,0.7896995708154506,1,230.0768585205078,230.05792236328125,0.9811228781985172,510.0,470.0,418.4566732209174
LSPIN,lspin_tf,mlp,0.2,0.0105,0.1,0.5,12,64,0.0,"(64, 32)",0.1,0.0,0.0,270123,0,27,1,0.7265803503427266,0.7703862660944206,2,201.418701171875,201.4054107666016,0.9853387150488117,468.0,442.0,387.42754639657215
LSPIN,lspin_tf,mlp,0.2,0.0105,0.1,0.5,12,64,0.0,"(64, 32)",0.1,0.0,0.0,270124,1,27,1,0.7306740289413557,0.7367668097281831,3,177.6871795654297,177.67181396484375,0.9746494798805836,360.0,346.0,306.29651351983364
LSPIN,lspin_tf,mlp,0.2,0.0105,0.1,0.5,12,64,0.0,"(64, 32)",0.1,0.0,0.0,270125,2,27,1,0.7202970297029703,0.7732474964234621,2,187.9596710205078,187.94981384277344,0.9799973258990604,397.0,375.0,335.20883034910906
LSPIN,lspin_tf,mlp,0.2,0.00875,0.1,0.5,12,64,0.0,"(64, 32)",0.1,0.0,0.0,310123,0,31,1,0.7272467631378522,0.8004291845493562,2,243.7364196777344,243.7258758544922,0.982997398923444,507.0,463.0,418.4921807678401
LSPIN,lspin_tf,mlp,0.2,0.00875,0.1,0.5,12,64,0.0,"(64, 32)",0.1,0.0,0.0,310124,1,31,1,0.7131568926123382,0.7589413447782547,2,242.6995086669922,242.67953491210935,0.9826652553773788,549.0,506.0,456.9555764946935
LSPIN,lspin_tf,mlp,0.2,0.00875,0.1,0.5,12,64,0.0,"(64, 32)",0.1,0.0,0.0,310125,2,31,1,0.7137281035795887,0.7739628040057225,3,246.8715057373047,246.8648681640625,0.9860668744781086,541.0,520.0,450.8689328784425
LSPIN,lspin_tf,mlp,0.2,0.007,0.1,0.5,12,64,0.0,"(64, 32)",0.1,0.0,0.0,350123,0,35,1,0.7276275704493527,0.776824034334764,3,300.01617431640625,300.01544189453125,0.9879902700670048,691.0,660.0,555.2576636683626
LSPIN,lspin_tf,mlp,0.2,0.007,0.1,0.5,12,64,0.0,"(64, 32)",0.1,0.0,0.0,350124,1,35,1,0.7133472962680883,0.771101573676681,2,274.1664733886719,274.1698913574219,0.9881785983553748,677.0,599.0,516.850805615605
LSPIN,lspin_tf,mlp,0.2,0.007,0.1,0.5,12,64,0.0,"(64, 32)",0.1,0.0,0.0,350125,2,35,1,0.7246763137852247,0.751788268955651,2,284.4088439941406,284.3976745605469,0.9868141304806708,592.0,559.0,498.4141421361208
LSPIN,lspin_tf,mlp,0.2,0.00525,0.1,0.5,12,64,0.0,"(64, 32)",0.1,0.0,0.0,390123,0,39,1,0.7246763137852247,0.7610872675250357,2,401.3720397949219,401.37451171875,0.9894738654077098,863.0,791.0,703.4275015857115
LSPIN,lspin_tf,mlp,0.2,0.00525,0.1,0.5,12,64,0.0,"(64, 32)",0.1,0.0,0.0,390124,1,39,1,0.7254379284082254,0.7925608011444921,3,376.8678894042969,376.8687133789063,0.987939925882818,779.0,749.0,659.9451864759852
LSPIN,lspin_tf,mlp,0.2,0.00525,0.1,0.5,12,64,0.0,"(64, 32)",0.1,0.0,0.0,390125,2,39,1,0.7181073876618431,0.7861230329041488,2,368.7373352050781,368.7220153808594,0.9856227376999254,862.0,797.0,682.4755627283869
L-LSPIN,lspin_tf,linear,0.22,0.021,0.1,0.5,20,64,0.0,(),0.0,0.0,0.0,430123,0,43,1,0.6615575019040365,0.7489270386266095,47,182.89930725097656,182.90347290039065,0.9753317083882572,302.0,294.0,265.91528843444405
L-LSPIN,lspin_tf,linear,0.22,0.021,0.1,0.5,20,64,0.0,(),0.0,0.0,0.0,430124,1,43,1,0.6766945925361767,0.7589413447782547,31,235.56692504882807,235.56370544433597,0.9824265446485896,410.0,409.0,356.9691333297415
L-LSPIN,lspin_tf,linear,0.22,0.021,0.1,0.5,20,64,0.0,(),0.0,0.0,0.0,430125,2,43,1,0.7168697638994669,0.7331902718168812,17,287.1070861816406,287.1119689941406,0.9833858557574432,496.0,485.0,442.8426565005952
L-LSPIN,lspin_tf,linear,0.22,0.014,0.1,0.5,20,64,0.0,(),0.0,0.0,0.0,470123,0,47,1,0.7106816450875857,0.7718168812589413,5,500.0426635742188,500.0656433105469,0.9924320028858572,977.0,952.0,829.1626218565185
L-LSPIN,lspin_tf,linear,0.22,0.014,0.1,0.5,20,64,0.0,(),0.0,0.0,0.0,470124,1,47,1,0.698019801980198,0.7832618025751072,2,497.2750854492188,497.2625427246094,0.9921333196204636,968.0,892.0,805.1549785823405
L-LSPIN,lspin_tf,linear,0.22,0.014,0.1,0.5,20,64,0.0,(),0.0,0.0,0.0,470125,2,47,1,0.6816450875856817,0.7947067238912733,39,379.4949951171875,379.5019226074219,0.9864023264803892,634.0,628.0,560.3882896106323
L-LSPIN,lspin_tf,linear,0.22,0.0105,0.1,0.5,20,64,0.0,(),0.0,0.0,0.0,510123,0,51,1,0.7006854531607006,0.8261802575107297,12,573.8788452148438,573.8648681640625,0.9932889342636616,983.0,968.0,881.0097227411396
L-LSPIN,lspin_tf,linear,0.22,0.0105,0.1,0.5,20,64,0.0,(),0.0,0.0,0.0,510124,1,51,1,0.6725057121096725,0.7868383404864091,29,533.4740600585938,533.4749145507812,0.9921662990861732,909.0,899.0,791.5550262170788
L-LSPIN,lspin_tf,linear,0.22,0.0105,0.1,0.5,20,64,0.0,(),0.0,0.0,0.0,510125,2,51,1,0.7203922315308454,0.7575107296137339,6,617.5275268554688,617.521240234375,0.994643214380324,1160.0,1141.0,1017.1498374667289
L-LSPIN,lspin_tf,linear,0.22,0.00875,0.1,0.5,20,64,0.0,(),0.0,0.0,0.0,550123,0,55,1,0.7029702970297029,0.7925608011444921,5,625.5521850585938,625.5521240234375,0.9941412640790857,1196.0,1173.0,1029.6034384799298
L-LSPIN,lspin_tf,linear,0.22,0.00875,0.1,0.5,20,64,0.0,(),0.0,0.0,0.0,550124,1,55,1,0.7278179741051028,0.7682403433476395,8,823.0463256835938,823.0579223632812,0.995286283616196,1424.0,1413.0,1245.294401783756
L-LSPIN,lspin_tf,linear,0.22,0.00875,0.1,0.5,20,64,0.0,(),0.0,0.0,0.0,550125,2,55,1,0.72496191926885,0.7689556509298998,6,722.9429931640625,722.938232421875,0.9955764221574368,1360.0,1329.0,1158.7111858705364
L-LSPIN,lspin_tf,linear,0.22,0.007,0.1,0.5,20,64,0.0,(),0.0,0.0,0.0,590123,0,59,1,0.676980198019802,0.7861230329041488,1,828.6746215820312,828.6525268554688,0.996413923654935,1906.0,1719.0,1464.505703746344
L-LSPIN,lspin_tf,linear,0.22,0.007,0.1,0.5,20,64,0.0,(),0.0,0.0,0.0,590124,1,59,1,0.6651751713632902,0.8111587982832618,1,1029.5135498046875,1029.4710693359375,0.9968831814101052,2057.0,1879.0,1693.7264778278495
L-LSPIN,lspin_tf,linear,0.22,0.007,0.1,0.5,20,64,0.0,(),0.0,0.0,0.0,590125,2,59,1,0.7245811119573495,0.7589413447782547,2,916.2979125976562,916.29345703125,0.9973804251863352,1868.0,1777.0,1519.2360953691536
L-LSPIN,lspin_tf,linear,0.2,0.021,0.1,0.5,20,64,0.0,(),0.0,0.0,0.0,630123,0,63,1,0.7201066260472201,0.8161659513590844,21,237.3242034912109,237.3166046142578,0.9814326201764212,435.0,423.0,367.87455161503095
L-LSPIN,lspin_tf,linear,0.2,0.021,0.1,0.5,20,64,0.0,(),0.0,0.0,0.0,630124,1,63,1,0.6834539223153084,0.7689556509298998,23,263.39215087890625,263.3861083984375,0.9809709485165138,427.0,421.0,387.6170097672829
L-LSPIN,lspin_tf,linear,0.2,0.021,0.1,0.5,20,64,0.0,(),0.0,0.0,0.0,630125,2,63,1,0.6905940594059405,0.7610872675250357,38,261.8568115234375,261.853271484375,0.983442832610288,426.0,415.0,381.89666253566
L-LSPIN,lspin_tf,linear,0.2,0.014,0.1,0.5,20,64,0.0,(),0.0,0.0,0.0,670123,0,67,1,0.6944973343488196,0.8047210300429185,12,586.3870849609375,586.3899536132812,0.9934484781599778,1032.0,1016.0,908.3826888191468
L-LSPIN,lspin_tf,linear,0.2,0.014,0.1,0.5,20,64,0.0,(),0.0,0.0,0.0,670124,1,67,1,0.6903084539223153,0.7675250357653791,5,443.7406921386719,443.7374572753906,0.9915425529911092,866.0,833.0,734.6909451764345
L-LSPIN,lspin_tf,linear,0.2,0.014,0.1,0.5,20,64,0.0,(),0.0,0.0,0.0,670125,2,67,1,0.7122048743335873,0.8147353361945636,2,528.801025390625,528.7876586914062,0.9939035190100866,1125.0,1047.0,905.4694818543396
L-LSPIN,lspin_tf,linear,0.2,0.0105,0.1,0.5,20,64,0.0,(),0.0,0.0,0.0,710123,0,71,1,0.7098248286367098,0.7725321888412017,5,600.716796875,600.7181396484375,0.9941826505797396,1126.0,1077.0,980.3876431384954
L-LSPIN,lspin_tf,linear,0.2,0.0105,0.1,0.5,20,64,0.0,(),0.0,0.0,0.0,710124,1,71,1,0.7403846153846154,0.7632331902718169,6,649.5568237304688,649.5598754882812,0.9945226886568084,1139.0,1114.0,1012.3502873302853
L-LSPIN,lspin_tf,linear,0.2,0.0105,0.1,0.5,20,64,0.0,(),0.0,0.0,0.0,710125,2,71,1,0.6964013709063214,0.7846924177396281,9,732.800537109375,732.8069458007812,0.9958005435021132,1307.0,1292.0,1155.8736514588709
L-LSPIN,lspin_tf,linear,0.2,0.00875,0.1,0.5,20,64,0.0,(),0.0,0.0,0.0,750123,0,75,1,0.719059405940594,0.8025751072961373,3,738.9505615234375,738.9536743164062,0.9948612347273078,1406.0,1338.0,1204.5998979541116
L-LSPIN,lspin_tf,linear,0.2,0.00875,0.1,0.5,20,64,0.0,(),0.0,0.0,0.0,750124,1,75,1,0.6875476009139375,0.7668097281831188,7,824.1273803710938,824.146728515625,0.9951136497004172,1496.0,1463.0,1303.6558134697823
L-LSPIN,lspin_tf,linear,0.2,0.00875,0.1,0.5,20,64,0.0,(),0.0,0.0,0.0,750125,2,75,1,0.6986862147753237,0.7954220314735336,1,858.1996459960938,858.1544189453125,0.9966099425395666,1758.0,1629.0,1418.9719552278148
L-LSPIN,lspin_tf,linear,0.2,0.007,0.1,0.5,20,64,0.0,(),0.0,0.0,0.0,790123,0,79,1,0.6843107387661843,0.7975679542203148,3,1013.6719360351562,1013.6950073242188,0.9964310810858256,1846.0,1763.0,1559.0340807868968
L-LSPIN,lspin_tf,linear,0.2,0.007,0.1,0.5,20,64,0.0,(),0.0,0.0,0.0,790124,1,79,1,0.7234386900228484,0.7839771101573677,10,895.595947265625,895.5714111328125,0.9957826938333711,1519.0,1479.0,1349.6491603339582
L-LSPIN,lspin_tf,linear,0.2,0.007,0.1,0.5,20,64,0.0,(),0.0,0.0,0.0,790125,2,79,1,0.715917745620716,0.7782546494992847,3,984.8314208984376,984.8687133789062,0.9969494998466796,1749.0,1714.0,1537.609584620554
Concrete,concrete,mlp,0.15,0.004,0.1,0.3,20,64,0.0,"(64, 32)",0.1,0.0,0.0,830123,0,83,1,0.6927837014470678,0.7689556509298998,4,46.92228317260742,46.93822479248047,0.8939252588246351,126.0,109.0,101.62012112654588
Concrete,concrete,mlp,0.15,0.004,0.1,0.3,20,64,0.0,"(64, 32)",0.1,0.0,0.0,830124,1,83,1,0.7102056359482102,0.8047210300429185,0,79.45918273925781,78.59073638916016,0.956906470182075,486.0,214.0,211.2081409913233
Concrete,concrete,mlp,0.15,0.004,0.1,0.3,20,64,0.0,"(64, 32)",0.1,0.0,0.0,830125,2,83,1,0.7089680121858339,0.7610872675250357,1,48.89185333251953,48.85714340209961,0.948187404590632,168.0,138.0,118.7673869337188
Concrete,concrete,mlp,0.15,0.003,0.1,0.3,20,64,0.0,"(64, 32)",0.1,0.0,0.0,870123,0,87,1,0.7082063975628332,0.7668097281831188,3,143.7039337158203,143.6602325439453,0.9507739400591316,364.0,355.0,298.83960215370104
Concrete,concrete,mlp,0.15,0.003,0.1,0.3,20,64,0.0,"(64, 32)",0.1,0.0,0.0,870124,1,87,1,0.7062071591774562,0.7761087267525035,1,99.41864776611328,99.3667984008789,0.9359767262480726,241.0,215.0,198.1283985353701
Concrete,concrete,mlp,0.15,0.003,0.1,0.3,20,64,0.0,"(64, 32)",0.1,0.0,0.0,870125,2,87,1,0.7014470677837015,0.7818311874105865,0,111.14781951904295,109.72586822509766,0.9705213497717604,925.0,366.0,367.9512558347747
Concrete,concrete,mlp,0.15,0.0025,0.1,0.3,20,64,0.0,"(64, 32)",0.1,0.0,0.0,910123,0,91,1,0.7003046458492003,0.7567954220314735,1,86.28756713867188,86.33204650878906,0.9631745043969212,249.0,231.0,197.63729136395915
Concrete,concrete,mlp,0.15,0.0025,0.1,0.3,20,64,0.0,"(64, 32)",0.1,0.0,0.0,910124,1,91,1,0.7097296268088348,0.7560801144492132,0,155.21847534179688,154.1389923095703,0.9670404381450112,864.0,438.0,415.4207179309465
Concrete,concrete,mlp,0.15,0.0025,0.1,0.3,20,64,0.0,"(64, 32)",0.1,0.0,0.0,910125,2,91,1,0.7013518659558263,0.7453505007153076,0,80.46007537841797,79.40540313720703,0.9714059442351632,606.0,274.0,263.8210264472034
Concrete,concrete,mlp,0.15,0.002,0.1,0.3,20,64,0.0,"(64, 32)",0.1,0.0,0.0,950123,0,95,1,0.7148705255140899,0.778969957081545,0,173.73434448242188,172.6216278076172,0.9683861203442068,960.0,447.0,449.42383772953895
Concrete,concrete,mlp,0.15,0.002,0.1,0.3,20,64,0.0,"(64, 32)",0.1,0.0,0.0,950124,1,95,1,0.700971058644326,0.7718168812589413,1,110.80857849121094,110.76448059082033,0.9691308875849608,331.0,295.0,255.8924303169356
Concrete,concrete,mlp,0.15,0.002,0.1,0.3,20,64,0.0,"(64, 32)",0.1,0.0,0.0,950125,2,95,1,0.7215346534653465,0.7753934191702432,0,275.14361572265625,272.3513488769531,0.981428146785245,1720.0,689.0,703.5297897666944
Concrete,concrete,mlp,0.15,0.0015,0.1,0.3,20,64,0.0,"(64, 32)",0.1,0.0,0.0,990123,0,99,1,0.6987814166031988,0.7932761087267525,0,178.1962127685547,177.03860473632812,0.9681727668513936,1104.0,545.0,506.6814625442866
Concrete,concrete,mlp,0.15,0.0015,0.1,0.3,20,64,0.0,"(64, 32)",0.1,0.0,0.0,990124,1,99,1,0.6964965727341965,0.7811158798283262,0,265.8522644042969,263.312744140625,0.9889457599833856,1710.0,848.0,792.7114546880725
Concrete,concrete,mlp,0.15,0.0015,0.1,0.3,20,64,0.0,"(64, 32)",0.1,0.0,0.0,990125,2,99,1,0.7255331302361006,0.7918454935622318,0,238.77410888671875,236.42857360839844,0.9796266339382034,1399.0,729.0,695.5359519838977
Concrete,concrete,mlp,0.12,0.004,0.1,0.3,20,64,0.0,"(64, 32)",0.1,0.0,0.0,1030123,0,103,1,0.732958872810358,0.778969957081545,3,59.486663818359375,59.49420928955078,0.9298635902504694,168.0,156.0,131.16287172136356
Concrete,concrete,mlp,0.12,0.004,0.1,0.3,20,64,0.0,"(64, 32)",0.1,0.0,0.0,1030124,1,103,1,0.7313404417364814,0.7618025751072961,1,46.043338775634766,46.007720947265625,0.9409374852745438,167.0,149.0,126.4505072490189
Concrete,concrete,mlp,0.12,0.004,0.1,0.3,20,64,0.0,"(64, 32)",0.1,0.0,0.0,1030125,2,103,1,0.7344821020563594,0.8125894134477826,3,66.324951171875,66.32046508789062,0.9131451813046574,190.0,181.0,152.0504381486286
Concrete,concrete,mlp,0.12,0.003,0.1,0.3,20,64,0.0,"(64, 32)",0.1,0.0,0.0,1070123,0,107,1,0.6932597105864433,0.7725321888412017,1,86.6075210571289,86.6061782836914,0.9323202011867316,232.0,205.0,180.715735439676
Concrete,concrete,mlp,0.12,0.003,0.1,0.3,20,64,0.0,"(64, 32)",0.1,0.0,0.0,1070124,1,107,1,0.7155369383092155,0.8183118741058655,0,104.04586791992188,103.07721710205078,0.9547539410139227,717.0,320.0,305.58660193296527
Concrete,concrete,mlp,0.12,0.003,0.1,0.3,20,64,0.0,"(64, 32)",0.1,0.0,0.0,1070125,2,107,1,0.7148705255140899,0.7668097281831188,3,92.21802520751952,92.17760467529295,0.9434561504543204,228.0,219.0,198.0899927719812
Concrete,concrete,mlp,0.12,0.0025,0.1,0.3,20,64,0.0,"(64, 32)",0.1,0.0,0.0,1110123,0,111,1,0.6967821782178217,0.7489270386266095,0,158.351806640625,156.93435668945312,0.9581670803036718,944.0,419.0,419.68148455310114
Concrete,concrete,mlp,0.12,0.0025,0.1,0.3,20,64,0.0,"(64, 32)",0.1,0.0,0.0,1110124,1,111,1,0.7191546077684692,0.7668097281831188,0,139.47171020507812,138.71041870117188,0.9719378435269032,840.0,412.0,388.0758109294798
Concrete,concrete,mlp,0.12,0.0025,0.1,0.3,20,64,0.0,"(64, 32)",0.1,0.0,0.0,1110125,2,111,1,0.7171553693830921,0.7954220314735336,4,107.54743194580078,107.54826354980467,0.9257446921809712,238.0,229.0,218.8710486127594
Concrete,concrete,mlp,0.12,0.002,0.1,0.3,20,64,0.0,"(64, 32)",0.1,0.0,0.0,1150123,0,115,1,0.6807882711348058,0.759656652360515,0,237.46337890625,235.11582946777344,0.9843871365289988,1509.0,737.0,693.062688172718
Concrete,concrete,mlp,0.12,0.002,0.1,0.3,20,64,0.0,"(64, 32)",0.1,0.0,0.0,1150124,1,115,1,0.7093488194973343,0.7804005722460658,0,172.51010131835938,171.32432556152344,0.9756922208595352,1158.0,554.0,516.5392101992859
Concrete,concrete,mlp,0.12,0.002,0.1,0.3,20,64,0.0,"(64, 32)",0.1,0.0,0.0,1150125,2,115,1,0.7036367098248286,0.778969957081545,1,120.35971069335938,120.28571319580078,0.947965376603613,362.0,306.0,255.76797197760223
Concrete,concrete,mlp,0.12,0.0015,0.1,0.3,20,64,0.0,"(64, 32)",0.1,0.0,0.0,1190123,0,119,1,0.7094440213252095,0.796137339055794,0,277.24041748046875,275.0849304199219,0.9672095507813736,1545.0,799.0,739.850066149373
Concrete,concrete,mlp,0.12,0.0015,0.1,0.3,20,64,0.0,"(64, 32)",0.1,0.0,0.0,1190124,1,119,1,0.7038271134805788,0.7567954220314735,0,284.5413818359375,281.6138916015625,0.9867762591354836,1612.0,812.0,765.249161049038
Concrete,concrete,mlp,0.12,0.0015,0.1,0.3,20,64,0.0,"(64, 32)",0.1,0.0,0.0,1190125,2,119,1,0.7218202589489718,0.7775393419170243,1,226.3823089599609,226.3088836669922,0.9789189521966998,626.0,517.0,464.6638966660301
L-Concrete,concrete,linear,0.15,0.004,0.1,0.3,20,64,0.0,(),0.0,0.0,0.0,1230123,0,123,1,0.7123000761614623,0.7732474964234621,2,550.6434326171875,550.6563720703125,0.991781065850484,1076.0,1022.0,941.7959648210128
L-Concrete,concrete,linear,0.15,0.004,0.1,0.3,20,64,0.0,(),0.0,0.0,0.0,1230124,1,123,1,0.7193450114242194,0.7796852646638054,1,657.1354370117188,656.814697265625,0.9946887610576663,1543.0,1359.0,1179.6868349008498
L-Concrete,concrete,linear,0.15,0.004,0.1,0.3,20,64,0.0,(),0.0,0.0,0.0,1230125,2,123,1,0.7268659558263518,0.7811158798283262,3,576.4301147460938,576.4710693359375,0.993564469851094,1071.0,1048.0,968.3505367368688
L-Concrete,concrete,linear,0.15,0.003,0.1,0.3,20,64,0.0,(),0.0,0.0,0.0,1270123,0,127,1,0.6970201827875095,0.7811158798283262,1,897.364501953125,897.3281860351562,0.9943582051845836,1736.0,1621.0,1419.177643072529
L-Concrete,concrete,linear,0.15,0.003,0.1,0.3,20,64,0.0,(),0.0,0.0,0.0,1270124,1,127,1,0.6454683929931455,0.7639484978540773,0,799.7576904296875,795.3822631835938,0.9952615982239156,2869.0,1815.0,1628.0708466684864
L-Concrete,concrete,linear,0.15,0.003,0.1,0.3,20,64,0.0,(),0.0,0.0,0.0,1270125,2,127,1,0.6568926123381569,0.7646638054363376,4,960.343505859375,960.3513793945312,0.9960758221048284,1677.0,1668.0,1521.7827015507453
L-Concrete,concrete,linear,0.15,0.0025,0.1,0.3,20,64,0.0,(),0.0,0.0,0.0,1310123,0,131,1,0.658463442498096,0.7682403433476395,1,969.9149169921876,969.7644653320312,0.9936302227082896,1882.0,1723.0,1527.7251738956977
L-Concrete,concrete,linear,0.15,0.0025,0.1,0.3,20,64,0.0,(),0.0,0.0,0.0,1310124,1,131,1,0.7146801218583397,0.8004291845493562,2,854.7241821289062,854.6138916015625,0.9956292212681676,1653.0,1607.0,1434.2903486641364
L-Concrete,concrete,linear,0.15,0.0025,0.1,0.3,20,64,0.0,(),0.0,0.0,0.0,1310125,2,131,1,0.6557501904036558,0.7896995708154506,1,1014.7581787109376,1014.6138916015624,0.9971855657808212,2072.0,1924.0,1682.389076082687
L-Concrete,concrete,linear,0.15,0.002,0.1,0.3,20,64,0.0,(),0.0,0.0,0.0,1350123,0,135,1,0.6904988575780655,0.7832618025751072,3,1128.5128173828125,1128.501953125,0.9973227868381518,1957.0,1936.0,1740.878488675483
L-Concrete,concrete,linear,0.15,0.002,0.1,0.3,20,64,0.0,(),0.0,0.0,0.0,1350124,1,135,1,0.7023990860624524,0.7896995708154506,3,1101.5333251953125,1101.521240234375,0.996435642108157,1987.0,1956.0,1729.9553669863585
L-Concrete,concrete,linear,0.15,0.002,0.1,0.3,20,64,0.0,(),0.0,0.0,0.0,1350125,2,135,1,0.6157654226961158,0.7939914163090128,1,1227.1719970703125,1226.8455810546875,0.9967962301108814,2318.0,2202.0,1982.6743569695932
L-Concrete,concrete,linear,0.15,0.0015,0.1,0.3,20,64,0.0,(),0.0,0.0,0.0,1390123,0,139,1,0.6814546839299315,0.7675250357653791,4,1392.0289306640625,1391.9844970703125,0.9974550636655316,2376.0,2364.0,2069.017610511201
L-Concrete,concrete,linear,0.15,0.0015,0.1,0.3,20,64,0.0,(),0.0,0.0,0.0,1390124,1,139,1,0.6717440974866717,0.7825464949928469,4,1415.3033447265625,1415.33203125,0.9978801253118684,2376.0,2355.0,2096.426079269621
L-Concrete,concrete,linear,0.15,0.0015,0.1,0.3,20,64,0.0,(),0.0,0.0,0.0,1390125,2,139,1,0.6999238385376999,0.8175965665236051,1,1321.6124267578125,1321.54443359375,0.9968340095089157,2481.0,2351.0,2069.880474953713
L-Concrete,concrete,linear,0.12,0.004,0.1,0.3,20,64,0.0,(),0.0,0.0,0.0,1430123,0,143,1,0.7422886519421172,0.7553648068669528,1,570.8758544921875,570.7760620117188,0.9945255557916256,1197.0,1102.0,996.9688625349552
L-Concrete,concrete,linear,0.12,0.004,0.1,0.3,20,64,0.0,(),0.0,0.0,0.0,1430124,1,143,1,0.6966869763899467,0.821173104434907,1,592.2792358398438,592.1196899414062,0.9942704509898266,1356.0,1191.0,1064.6505266519755
L-Concrete,concrete,linear,0.12,0.004,0.1,0.3,20,64,0.0,(),0.0,0.0,0.0,1430125,2,143,1,0.7259139375476009,0.7818311874105865,2,566.944091796875,566.8455810546875,0.9932185256976126,1123.0,1065.0,944.3143475195528
L-Concrete,concrete,linear,0.12,0.003,0.1,0.3,20,64,0.0,(),0.0,0.0,0.0,1470123,0,147,1,0.7193450114242194,0.778969957081545,1,755.5108642578125,755.3359375,0.9959271116659256,1740.0,1594.0,1383.507830183917
L-Concrete,concrete,linear,0.12,0.003,0.1,0.3,20,64,0.0,(),0.0,0.0,0.0,1470124,1,147,1,0.696972581873572,0.7746781115879828,2,903.4093627929688,903.312744140625,0.9965250100443104,1744.0,1706.0,1468.4777042287817
L-Concrete,concrete,linear,0.12,0.003,0.1,0.3,20,64,0.0,(),0.0,0.0,0.0,1470125,2,147,1,0.7182025894897182,0.7782546494992847,2,761.6488647460938,761.6293334960938,0.9955120255190332,1417.0,1364.0,1205.2717400758977
L-Concrete,concrete,linear,0.12,0.0025,0.1,0.3,20,64,0.0,(),0.0,0.0,0.0,1510123,0,151,1,0.6867859862909368,0.776824034334764,1,1012.4814453125,1012.2857055664062,0.9956448789246348,1984.0,1804.0,1630.2502521293625
L-Concrete,concrete,linear,0.12,0.0025,0.1,0.3,20,64,0.0,(),0.0,0.0,0.0,1510124,1,151,1,0.6884044173648134,0.7732474964234621,1,787.463623046875,787.3359375,0.9957310639088888,1881.0,1697.0,1418.4322805997786
L-Concrete,concrete,linear,0.12,0.0025,0.1,0.3,20,64,0.0,(),0.0,0.0,0.0,1510125,2,151,1,0.7191546077684692,0.7782546494992847,2,991.771240234375,991.7258911132812,0.9963921999549004,1780.0,1743.0,1558.645548146129
L-Concrete,concrete,linear,0.12,0.002,0.1,0.3,20,64,0.0,(),0.0,0.0,0.0,1550123,0,155,1,0.6879284082254379,0.8082975679542204,1,1171.37060546875,1171.316650390625,0.9962223495803452,2257.0,2105.0,1895.85528853304
L-Concrete,concrete,linear,0.12,0.002,0.1,0.3,20,64,0.0,(),0.0,0.0,0.0,1550124,1,155,1,0.7186785986290937,0.7639484978540773,5,1216.3629150390625,1216.4053955078125,0.996954371123681,2068.0,2062.0,1833.9651537455995
L-Concrete,concrete,linear,0.12,0.002,0.1,0.3,20,64,0.0,(),0.0,0.0,0.0,1550125,2,155,1,0.7054455445544554,0.8118741058655222,1,1129.16455078125,1129.03857421875,0.9952137440371972,2221.0,2085.0,1835.7728483316068
L-Concrete,concrete,linear,0.12,0.0015,0.1,0.3,20,64,0.0,(),0.0,0.0,0.0,1590123,0,159,1,0.6884044173648134,0.8068669527896996,3,1408.4210205078125,1408.3243408203125,0.9975011196134984,2504.0,2470.0,2148.07331144813
L-Concrete,concrete,linear,0.12,0.0015,0.1,0.3,20,64,0.0,(),0.0,0.0,0.0,1590124,1,159,1,0.6186690784463061,0.7811158798283262,0,1607.9854736328125,1603.9844970703125,0.9989337646851584,4009.0,3258.0,2839.48057791416
L-Concrete,concrete,linear,0.12,0.0015,0.1,0.3,20,64,0.0,(),0.0,0.0,0.0,1590125,2,159,1,0.7004950495049505,0.7682403433476395,2,1282.970947265625,1283.0269775390625,0.9968334438418326,2176.0,2109.0,1926.3008137205493
LSPIN,lspin_tf,mlp,0.22,0.014,0.05,0.5,12,64,0.0,"(64, 32)",0.1,0.0,0.0,20123,0,2,1,0.7062071591774562,0.7567954220314735,4,127.27188110351562,127.25482940673828,0.9668626433564592,317.0,294.0,250.26947988550745
LSPIN,lspin_tf,mlp,0.22,0.014,0.05,0.5,12,64,0.0,"(64, 32)",0.1,0.0,0.0,20124,1,2,1,0.7089680121858339,0.753934191702432,4,106.47594451904295,106.48262786865234,0.966140653800588,263.0,235.0,212.37224662092603
LSPIN,lspin_tf,mlp,0.22,0.014,0.05,0.5,12,64,0.0,"(64, 32)",0.1,0.0,0.0,20125,2,2,1,0.740003808073115,0.7560801144492132,3,123.62623596191406,123.62548065185548,0.9696468393016956,280.0,256.0,233.150843667296
LSPIN,lspin_tf,mlp,0.22,0.0105,0.05,0.5,12,64,0.0,"(64, 32)",0.1,0.0,0.0,60123,0,6,1,0.7170601675552171,0.7689556509298998,1,159.5694122314453,159.57528686523438,0.980371075477764,421.0,355.0,325.8216254547498
LSPIN,lspin_tf,mlp,0.22,0.0105,0.05,0.5,12,64,0.0,"(64, 32)",0.1,0.0,0.0,60124,1,6,1,0.7148705255140899,0.7782546494992847,3,142.8378143310547,142.84556579589844,0.9742570901687494,319.0,296.0,266.7842963439541
LSPIN,lspin_tf,mlp,0.22,0.0105,0.05,0.5,12,64,0.0,"(64, 32)",0.1,0.0,0.0,60125,2,6,1,0.7105864432597105,0.776824034334764,2,147.92311096191406,147.895751953125,0.9775880308280864,373.0,338.0,291.12396042470374
LSPIN,lspin_tf,mlp,0.22,0.00875,0.05,0.5,12,64,0.0,"(64, 32)",0.1,0.0,0.0,100123,0,10,1,0.710967250571211,0.7861230329041488,2,187.79075622558597,187.7953643798828,0.980506626896486,413.0,392.0,350.51971591878095
LSPIN,lspin_tf,mlp,0.22,0.00875,0.05,0.5,12,64,0.0,"(64, 32)",0.1,0.0,0.0,100124,1,10,1,0.7005902513328256,0.7854077253218884,1,152.52096557617188,152.5173797607422,0.9724417919383612,375.0,330.0,285.621053179655
LSPIN,lspin_tf,mlp,0.22,0.00875,0.05,0.5,12,64,0.0,"(64, 32)",0.1,0.0,0.0,100125,2,10,1,0.6982102056359482,0.7553648068669528,1,174.8075714111328,174.80694580078125,0.981501027599659,463.0,402.0,359.8112027649816
LSPIN,lspin_tf,mlp,0.22,0.007,0.05,0.5,12,64,0.0,"(64, 32)",0.1,0.0,0.0,140123,0,14,1,0.7082063975628332,0.7610872675250357,2,222.7731170654297,222.77220153808597,0.9803296923500486,545.0,491.0,430.8416098430137
LSPIN,lspin_tf,mlp,0.22,0.007,0.05,0.5,12,64,0.0,"(64, 32)",0.1,0.0,0.0,140124,1,14,1,0.7212490479817213,0.7875536480686696,3,235.9916839599609,235.98455810546875,0.9783850385533204,540.0,509.0,451.09805310911753
LSPIN,lspin_tf,mlp,0.22,0.007,0.05,0.5,12,64,0.0,"(64, 32)",0.1,0.0,0.0,140125,2,14,1,0.7147753236862148,0.7610872675250357,1,273.6235046386719,273.6370544433594,0.9853917270856096,740.0,634.0,543.7108358739736
LSPIN,lspin_tf,mlp,0.22,0.00525,0.05,0.5,12,64,0.0,"(64, 32)",0.1,0.0,0.0,180123,0,18,1,0.708015993907083,0.7839771101573677,1,358.6600646972656,358.61004638671875,0.9894311237195238,877.0,764.0,666.1349558528269
LSPIN,lspin_tf,mlp,0.22,0.00525,0.05,0.5,12,64,0.0,"(64, 32)",0.1,0.0,0.0,180124,1,18,1,0.7125856816450876,0.7761087267525035,1,319.3846740722656,319.38995361328125,0.9894766303433644,829.0,741.0,624.9326128806887
LSPIN,lspin_tf,mlp,0.22,0.00525,0.05,0.5,12,64,0.0,"(64, 32)",0.1,0.0,0.0,180125,2,18,1,0.7093488194973343,0.7818311874105865,2,325.8942565917969,325.9073486328125,0.9853290899440176,678.0,627.0,575.5833416566702
LSPIN,lspin_tf,mlp,0.2,0.014,0.05,0.5,12,64,0.0,"(64, 32)",0.1,0.0,0.0,220123,0,22,1,0.7393373952779894,0.7725321888412017,3,127.37454986572266,127.3667984008789,0.9694072409700788,267.0,255.0,224.8102556001962
LSPIN,lspin_tf,mlp,0.2,0.014,0.05,0.5,12,64,0.0,"(64, 32)",0.1,0.0,0.0,220124,1,22,1,0.7042079207920792,0.771101573676681,3,175.69052124023438,175.6911163330078,0.9774261823458064,367.0,347.0,311.69381595433305
LSPIN,lspin_tf,mlp,0.2,0.014,0.05,0.5,12,64,0.0,"(64, 32)",0.1,0.0,0.0,220125,2,22,1,0.6997334348819497,0.7839771101573677,3,153.8639678955078,153.8648681640625,0.9770322814533766,341.0,313.0,283.8816974976822
LSPIN,lspin_tf,mlp,0.2,0.0105,0.05,0.5,12,64,0.0,"(64, 32)",0.1,0.0,0.0,260123,0,26,1,0.7347677075399848,0.776824034334764,3,176.32643127441406,176.312744140625,0.9806393193581006,387.0,360.0,319.9211810840238
LSPIN,lspin_tf,mlp,0.2,0.0105,0.05,0.5,12,64,0.0,"(64, 32)",0.1,0.0,0.0,260124,1,26,1,0.7128712871287128,0.7510729613733905,1,220.1490936279297,220.1776123046875,0.982852070638718,507.0,442.0,401.2373423760521
LSPIN,lspin_tf,mlp,0.2,0.0105,0.05,0.5,12,64,0.0,"(64, 32)",0.1,0.0,0.0,260125,2,26,1,0.7096344249809596,0.7331902718168812,2,234.046630859375,234.0424652099609,0.980841370708071,494.0,464.0,413.6933217665048
LSPIN,lspin_tf,mlp,0.2,0.00875,0.05,0.5,12,64,0.0,"(64, 32)",0.1,0.0,0.0,300123,0,30,1,0.7145849200304646,0.7660944206008584,3,187.81753540039065,187.8108062744141,0.970291982410482,397.0,371.0,332.15757613210627
LSPIN,lspin_tf,mlp,0.2,0.00875,0.05,0.5,12,64,0.0,"(64, 32)",0.1,0.0,0.0,300124,1,30,1,0.7101104341203351,0.7746781115879828,2,246.94281005859372,246.95753479003903,0.985340052501702,566.0,528.0,464.67297687283553
LSPIN,lspin_tf,mlp,0.2,0.00875,0.05,0.5,12,64,0.0,"(64, 32)",0.1,0.0,0.0,300125,2,30,1,0.7263899466869764,0.753934191702432,2,210.4048614501953,210.39382934570312,0.9809058163399578,452.0,433.0,372.609062337737
LSPIN,lspin_tf,mlp,0.2,0.007,0.05,0.5,12,64,0.0,"(64, 32)",0.1,0.0,0.0,340123,0,34,1,0.7188690022848438,0.7668097281831188,1,320.5709533691406,320.5559997558594,0.989544246928938,712.0,626.0,568.1470506603002
LSPIN,lspin_tf,mlp,0.2,0.007,0.05,0.5,12,64,0.0,"(64, 32)",0.1,0.0,0.0,340124,1,34,1,0.714013709063214,0.7646638054363376,1,391.2541198730469,391.2471008300781,0.990962423826132,910.0,793.0,711.4605068381362
LSPIN,lspin_tf,mlp,0.2,0.007,0.05,0.5,12,64,0.0,"(64, 32)",0.1,0.0,0.0,340125,2,34,1,0.7379093678598629,0.8075822603719599,3,331.971923828125,331.95367431640625,0.98725642186299,728.0,691.0,597.8866920602147
LSPIN,lspin_tf,mlp,0.2,0.00525,0.05,0.5,12,64,0.0,"(64, 32)",0.1,0.0,0.0,380123,0,38,1,0.7014470677837015,0.7467811158798283,3,341.9412536621094,341.9459533691406,0.989258195550062,746.0,674.0,595.7612755817747
LSPIN,lspin_tf,mlp,0.2,0.00525,0.05,0.5,12,64,0.0,"(64, 32)",0.1,0.0,0.0,380124,1,38,1,0.7060167555217061,0.7739628040057225,3,402.5447082519531,402.5675659179688,0.9866502289470936,883.0,826.0,735.0729690130426
LSPIN,lspin_tf,mlp,0.2,0.00525,0.05,0.5,12,64,0.0,"(64, 32)",0.1,0.0,0.0,380125,2,38,1,0.7281035795887281,0.7339055793991416,2,396.11517333984375,396.0926513671875,0.9860785358746748,852.0,793.0,685.4825860116329
L-LSPIN,lspin_tf,linear,0.22,0.021,0.05,0.5,20,64,0.0,(),0.0,0.0,0.0,420123,0,42,1,0.7117288651942117,0.7753934191702432,11,200.8814849853516,200.88803100585935,0.9788333594987256,386.0,368.0,324.865840900197
L-LSPIN,lspin_tf,linear,0.22,0.021,0.05,0.5,20,64,0.0,(),0.0,0.0,0.0,420124,1,42,1,0.6924980959634425,0.7989985693848355,29,275.0540466308594,275.0502014160156,0.9823426544633608,449.0,441.0,403.0522078533217
L-LSPIN,lspin_tf,linear,0.22,0.021,0.05,0.5,20,64,0.0,(),0.0,0.0,0.0,420125,2,42,1,0.7372429550647372,0.7796852646638054,27,170.3025665283203,170.3088836669922,0.9742062676582216,290.0,283.0,251.01710164402527
L-LSPIN,lspin_tf,linear,0.22,0.014,0.05,0.5,20,64,0.0,(),0.0,0.0,0.0,460123,0,46,1,0.67003046458492,0.7875536480686696,38,335.0030212402344,335.0038757324219,0.987145682263322,533.0,525.0,460.40073218881287
L-LSPIN,lspin_tf,linear,0.22,0.014,0.05,0.5,20,64,0.0,(),0.0,0.0,0.0,460124,1,46,1,0.7072543792840823,0.7632331902718169,12,406.834716796875,406.83782958984375,0.9919721662933292,766.0,747.0,666.9875222829463
L-LSPIN,lspin_tf,linear,0.22,0.014,0.05,0.5,20,64,0.0,(),0.0,0.0,0.0,460125,2,46,1,0.6755521706016756,0.7503576537911302,46,289.6640930175781,289.6640930175781,0.9854687814190984,477.0,463.0,413.9550461118887
L-LSPIN,lspin_tf,linear,0.22,0.0105,0.05,0.5,20,64,0.0,(),0.0,0.0,0.0,500123,0,50,1,0.7242003046458492,0.7553648068669528,5,616.1314086914062,616.1428833007812,0.9920518904938364,1168.0,1135.0,995.7195397921598
L-LSPIN,lspin_tf,linear,0.22,0.0105,0.05,0.5,20,64,0.0,(),0.0,0.0,0.0,500124,1,50,1,0.6742193450114242,0.7825464949928469,2,699.7838745117188,699.8069458007812,0.99560741009997,1385.0,1307.0,1150.2602008033757
L-LSPIN,lspin_tf,linear,0.22,0.0105,0.05,0.5,20,64,0.0,(),0.0,0.0,0.0,500125,2,50,1,0.686976389946687,0.7804005722460658,1,662.6986694335938,662.6602172851562,0.994130585879424,1396.0,1267.0,1117.5746109826453
L-LSPIN,lspin_tf,linear,0.22,0.00875,0.05,0.5,20,64,0.0,(),0.0,0.0,0.0,540123,0,54,1,0.7455255140898706,0.7610872675250357,5,711.1718139648438,711.1776123046875,0.9955560387207396,1400.0,1367.0,1183.5219335374804
L-LSPIN,lspin_tf,linear,0.22,0.00875,0.05,0.5,20,64,0.0,(),0.0,0.0,0.0,540124,1,54,1,0.714013709063214,0.8175965665236051,3,746.0740966796875,746.0656127929688,0.9943993947584012,1479.0,1380.0,1214.8727969866084
L-LSPIN,lspin_tf,linear,0.22,0.00875,0.05,0.5,20,64,0.0,(),0.0,0.0,0.0,540125,2,54,1,0.7534272658035034,0.7725321888412017,16,655.4180908203125,655.397705078125,0.994692871241057,1213.0,1201.0,1026.552263629567
L-LSPIN,lspin_tf,linear,0.22,0.007,0.05,0.5,20,64,0.0,(),0.0,0.0,0.0,580123,0,58,1,0.6748857578065499,0.7725321888412017,2,884.5062866210938,884.5096435546875,0.9962665841525165,1816.0,1693.0,1471.9656381395569
L-LSPIN,lspin_tf,linear,0.22,0.007,0.05,0.5,20,64,0.0,(),0.0,0.0,0.0,580124,1,58,1,0.6225247524752475,0.801859799713877,1,943.7487182617188,943.7413330078124,0.9966362097115667,1961.0,1798.0,1589.439105887216
L-LSPIN,lspin_tf,linear,0.22,0.007,0.05,0.5,20,64,0.0,(),0.0,0.0,0.0,580125,2,58,1,0.683929931454684,0.7553648068669528,2,874.0874633789062,874.1389770507812,0.9960598810096752,1680.0,1586.0,1416.5999761089397
L-LSPIN,lspin_tf,linear,0.2,0.021,0.05,0.5,20,64,0.0,(),0.0,0.0,0.0,620123,0,62,1,0.6670792079207921,0.7782546494992847,33,251.5420379638672,251.54054260253903,0.983864237159366,409.0,401.0,360.8665828418475
L-LSPIN,lspin_tf,linear,0.2,0.021,0.05,0.5,20,64,0.0,(),0.0,0.0,0.0,620124,1,62,1,0.6954493526275705,0.7875536480686696,70,161.45347595214844,161.4517364501953,0.956575400867858,252.0,246.0,220.87754211889592
L-LSPIN,lspin_tf,linear,0.2,0.021,0.05,0.5,20,64,0.0,(),0.0,0.0,0.0,620125,2,62,1,0.7225818735719726,0.7861230329041488,52,216.3448944091797,216.3436279296875,0.979564099337074,351.0,337.0,302.7185790077036
L-LSPIN,lspin_tf,linear,0.2,0.014,0.05,0.5,20,64,0.0,(),0.0,0.0,0.0,660123,0,66,1,0.7373381568926123,0.7496423462088698,4,551.2061767578125,551.2123413085938,0.9936191491949652,1033.0,978.0,882.3185055600312
L-LSPIN,lspin_tf,linear,0.2,0.014,0.05,0.5,20,64,0.0,(),0.0,0.0,0.0,660124,1,66,1,0.6527989337395278,0.7746781115879828,26,304.1751708984375,304.1968994140625,0.9845829656861236,501.0,489.0,442.5396091326217
L-LSPIN,lspin_tf,linear,0.2,0.014,0.05,0.5,20,64,0.0,(),0.0,0.0,0.0,660125,2,66,1,0.7032559025133283,0.7882689556509299,17,453.843994140625,453.853271484375,0.9900944384447352,776.0,761.0,682.7174587694067
L-LSPIN,lspin_tf,linear,0.2,0.0105,0.05,0.5,20,64,0.0,(),0.0,0.0,0.0,700123,0,70,1,0.6765993907083016,0.804005722460658,33,560.685791015625,560.6795654296875,0.9922138982107278,980.0,967.0,826.7929523931805
L-LSPIN,lspin_tf,linear,0.2,0.0105,0.05,0.5,20,64,0.0,(),0.0,0.0,0.0,700124,1,70,1,0.7052551408987052,0.7532188841201717,3,662.9842529296875,663.0,0.9950018308281434,1320.0,1263.0,1118.1842480058765
L-LSPIN,lspin_tf,linear,0.2,0.0105,0.05,0.5,20,64,0.0,(),0.0,0.0,0.0,700125,2,70,1,0.7031607006854531,0.753934191702432,2,737.0791625976562,737.0849609375,0.9945957404638672,1413.0,1328.0,1178.39937821289
L-LSPIN,lspin_tf,linear,0.2,0.00875,0.05,0.5,20,64,0.0,(),0.0,0.0,0.0,740123,0,74,1,0.7173457730388424,0.7725321888412017,1,854.1743774414062,854.1583251953125,0.9967948653216696,1790.0,1612.0,1432.880828223531
L-LSPIN,lspin_tf,linear,0.2,0.00875,0.05,0.5,20,64,0.0,(),0.0,0.0,0.0,740124,1,74,1,0.7248667174409749,0.7725321888412017,3,851.6223754882812,851.6293334960938,0.996472881459064,1586.0,1546.0,1368.6605243400709
L-LSPIN,lspin_tf,linear,0.2,0.00875,0.05,0.5,20,64,0.0,(),0.0,0.0,0.0,740125,2,74,1,0.7286747905559787,0.7660944206008584,3,753.8115234375,753.8262329101562,0.9958711250455002,1516.0,1463.0,1249.5857303497785
L-LSPIN,lspin_tf,linear,0.2,0.007,0.05,0.5,20,64,0.0,(),0.0,0.0,0.0,780123,0,78,1,0.6812642802741813,0.7811158798283262,6,1015.5755004882812,1015.5830078125,0.996961057171389,1852.0,1803.0,1574.3152361749292
L-LSPIN,lspin_tf,linear,0.2,0.007,0.05,0.5,20,64,0.0,(),0.0,0.0,0.0,780124,1,78,1,0.6970677837014471,0.7947067238912733,2,976.884521484375,976.8995971679688,0.9961512872913676,1849.0,1713.0,1546.0992550717622
L-LSPIN,lspin_tf,linear,0.2,0.007,0.05,0.5,20,64,0.0,(),0.0,0.0,0.0,780125,2,78,1,0.7003998476770754,0.7796852646638054,2,968.3868408203124,968.3590698242188,0.9970486301379524,1921.0,1789.0,1585.2018648638884
Concrete,concrete,mlp,0.15,0.004,0.05,0.3,20,64,0.0,"(64, 32)",0.1,0.0,0.0,820123,0,82,1,0.6985910129474486,0.751788268955651,0,63.15374755859375,62.36293411254883,0.9406331720942464,527.0,195.0,207.99869444024975
Concrete,concrete,mlp,0.15,0.004,0.05,0.3,20,64,0.0,"(64, 32)",0.1,0.0,0.0,820124,1,82,1,0.7139185072353389,0.7317596566523605,0,88.02983093261719,87.0810775756836,0.9578225884102676,724.0,269.0,288.5628700843956
Concrete,concrete,mlp,0.15,0.004,0.05,0.3,20,64,0.0,"(64, 32)",0.1,0.0,0.0,820125,2,82,1,0.7274371667936025,0.7417739628040058,3,66.40374755859375,66.4169921875,0.903229577652642,193.0,152.0,139.2799565799748
Concrete,concrete,mlp,0.15,0.003,0.05,0.3,20,64,0.0,"(64, 32)",0.1,0.0,0.0,860123,0,86,1,0.6970677837014471,0.7739628040057225,0,162.610107421875,161.1776123046875,0.9708181432950508,1050.0,457.0,445.6148185391109
Concrete,concrete,mlp,0.15,0.003,0.05,0.3,20,64,0.0,"(64, 32)",0.1,0.0,0.0,860124,1,86,1,0.7133472962680883,0.7796852646638054,0,108.8821258544922,107.8648681640625,0.9714162023454166,977.0,349.0,381.5731913235901
Concrete,concrete,mlp,0.15,0.003,0.05,0.3,20,64,0.0,"(64, 32)",0.1,0.0,0.0,860125,2,86,1,0.7106816450875857,0.759656652360515,1,67.592529296875,67.57914733886719,0.9009078319515772,249.0,185.0,169.9340241626856
Concrete,concrete,mlp,0.15,0.0025,0.05,0.3,20,64,0.0,"(64, 32)",0.1,0.0,0.0,900123,0,90,1,0.6975437928408226,0.7696709585121603,0,128.87815856933594,127.73358917236328,0.9618580055389224,855.0,335.0,351.0557572209025
Concrete,concrete,mlp,0.15,0.0025,0.05,0.3,20,64,0.0,"(64, 32)",0.1,0.0,0.0,900124,1,90,1,0.7298172124904798,0.7567954220314735,1,158.813720703125,158.67567443847656,0.957036816230984,427.0,353.0,327.88998087928434
Concrete,concrete,mlp,0.15,0.0025,0.05,0.3,20,64,0.0,"(64, 32)",0.1,0.0,0.0,900125,2,90,1,0.7079207920792079,0.7782546494992847,0,104.1003875732422,103.45559692382812,0.9710672426407856,749.0,365.0,340.6686423255943
Concrete,concrete,mlp,0.15,0.002,0.05,0.3,20,64,0.0,"(64, 32)",0.1,0.0,0.0,940123,0,94,1,0.7186785986290937,0.7703862660944206,2,137.61849975585938,137.55984497070312,0.960662349921836,359.0,325.0,292.46265274713346
Concrete,concrete,mlp,0.15,0.002,0.05,0.3,20,64,0.0,"(64, 32)",0.1,0.0,0.0,940124,1,94,1,0.6945925361766946,0.7703862660944206,0,164.86668395996094,163.32046508789062,0.9625630261592552,1165.0,499.0,484.0004554464626
Concrete,concrete,mlp,0.15,0.002,0.05,0.3,20,64,0.0,"(64, 32)",0.1,0.0,0.0,940125,2,94,1,0.7017326732673267,0.7474964234620887,2,120.4677734375,120.45173645019533,0.9421151742314744,273.0,237.0,229.6800864331266
Concrete,concrete,mlp,0.15,0.0015,0.05,0.3,20,64,0.0,"(64, 32)",0.1,0.0,0.0,980123,0,98,1,0.698971820258949,0.771101573676681,0,358.15106201171875,355.78765869140625,0.9878190949232316,1927.0,972.0,916.265829175619
Concrete,concrete,mlp,0.15,0.0015,0.05,0.3,20,64,0.0,"(64, 32)",0.1,0.0,0.0,980124,1,98,1,0.6858339680121859,0.7532188841201717,0,179.69174194335938,178.4517364501953,0.9582416093141628,1088.0,547.0,514.9589595765789
Concrete,concrete,mlp,0.15,0.0015,0.05,0.3,20,64,0.0,"(64, 32)",0.1,0.0,0.0,980125,2,98,1,0.7294364051789795,0.7875536480686696,1,276.6891174316406,276.5521240234375,0.9796635581336038,730.0,602.0,558.9684346716745
Concrete,concrete,mlp,0.12,0.004,0.05,0.3,20,64,0.0,"(64, 32)",0.1,0.0,0.0,1020123,0,102,1,0.7234386900228484,0.778969957081545,3,55.80409240722656,55.79536819458008,0.8789587470660595,150.0,135.0,124.67967220028792
Concrete,concrete,mlp,0.12,0.004,0.05,0.3,20,64,0.0,"(64, 32)",0.1,0.0,0.0,1020124,1,102,1,0.7095392231530845,0.7618025751072961,1,44.05348205566406,44.02316665649414,0.9118919808761962,153.0,126.0,114.91864489488388
Concrete,concrete,mlp,0.12,0.004,0.05,0.3,20,64,0.0,"(64, 32)",0.1,0.0,0.0,1020125,2,102,1,0.7139185072353389,0.7682403433476395,0,64.77825927734375,63.91505813598633,0.9500923955440044,588.0,209.0,225.54886456139607
Concrete,concrete,mlp,0.12,0.003,0.05,0.3,20,64,0.0,"(64, 32)",0.1,0.0,0.0,1060123,0,106,1,0.7233434881949733,0.753934191702432,0,98.88150787353516,98.16216278076172,0.9495107379120968,804.0,326.0,324.15483388508216
Concrete,concrete,mlp,0.12,0.003,0.05,0.3,20,64,0.0,"(64, 32)",0.1,0.0,0.0,1060124,1,106,1,0.711062452399086,0.7675250357653791,2,113.5805206298828,113.52123260498048,0.9425480718195668,292.0,245.0,230.4098689669851
Concrete,concrete,mlp,0.12,0.003,0.05,0.3,20,64,0.0,"(64, 32)",0.1,0.0,0.0,1060125,2,106,1,0.7134424980959635,0.7811158798283262,1,80.80521392822266,80.76448059082031,0.9399926591517208,248.0,198.0,181.51375950719785
Concrete,concrete,mlp,0.12,0.0025,0.05,0.3,20,64,0.0,"(64, 32)",0.1,0.0,0.0,1100123,0,110,1,0.7104912414318355,0.7668097281831188,1,95.91453552246094,95.8648681640625,0.949021924789134,306.0,244.0,222.55969118709072
Concrete,concrete,mlp,0.12,0.0025,0.05,0.3,20,64,0.0,"(64, 32)",0.1,0.0,0.0,1100124,1,110,1,0.7138233054074639,0.778969957081545,3,161.98129272460938,161.97683715820312,0.96754248886374,430.0,387.0,344.0602457769339
Concrete,concrete,mlp,0.12,0.0025,0.05,0.3,20,64,0.0,"(64, 32)",0.1,0.0,0.0,1100125,2,110,1,0.6870715917745621,0.8111587982832618,0,183.66433715820312,181.9304962158203,0.9664620008145988,1000.0,440.0,438.0795573348757
Concrete,concrete,mlp,0.12,0.002,0.05,0.3,20,64,0.0,"(64, 32)",0.1,0.0,0.0,1140123,0,114,1,0.709920030464585,0.7775393419170243,1,136.5369110107422,136.5173797607422,0.941927870190416,465.0,366.0,321.12899684220764
Concrete,concrete,mlp,0.12,0.002,0.05,0.3,20,64,0.0,"(64, 32)",0.1,0.0,0.0,1140124,1,114,1,0.7287699923838538,0.7718168812589413,0,199.987060546875,198.47103881835935,0.9701953262887434,1012.0,536.0,515.0705035422053
Concrete,concrete,mlp,0.12,0.002,0.05,0.3,20,64,0.0,"(64, 32)",0.1,0.0,0.0,1140125,2,114,1,0.7156321401370906,0.7818311874105865,1,101.7621841430664,101.7104263305664,0.9551871900842476,353.0,282.0,243.47893002633168
Concrete,concrete,mlp,0.12,0.0015,0.05,0.3,20,64,0.0,"(64, 32)",0.1,0.0,0.0,1180123,0,118,1,0.7398134044173648,0.7796852646638054,0,293.6330871582031,291.20849609375,0.9861523923853344,1624.0,924.0,826.9922650076714
Concrete,concrete,mlp,0.12,0.0015,0.05,0.3,20,64,0.0,"(64, 32)",0.1,0.0,0.0,1180124,1,118,1,0.6942117288651942,0.7832618025751072,0,207.7945556640625,206.2934417724609,0.9740951799311074,1367.0,603.0,598.6131230702154
Concrete,concrete,mlp,0.12,0.0015,0.05,0.3,20,64,0.0,"(64, 32)",0.1,0.0,0.0,1180125,2,118,1,0.7121096725057121,0.7968526466380543,0,229.82537841796875,228.166015625,0.9805571880193612,1378.0,697.0,663.602605683977
L-Concrete,concrete,linear,0.15,0.004,0.05,0.3,20,64,0.0,(),0.0,0.0,0.0,1220123,0,122,1,0.696020563594821,0.7725321888412017,2,717.5930786132812,717.5868530273438,0.9933297642806092,1383.0,1301.0,1160.3564493829483
L-Concrete,concrete,linear,0.15,0.004,0.05,0.3,20,64,0.0,(),0.0,0.0,0.0,1220124,1,122,1,0.6978293983244478,0.7618025751072961,1,540.4436645507812,540.3513793945312,0.990184474466348,1156.0,1023.0,940.8800132500976
L-Concrete,concrete,linear,0.15,0.004,0.05,0.3,20,64,0.0,(),0.0,0.0,0.0,1220125,2,122,1,0.6708872810357959,0.8054363376251789,1,586.2103881835938,586.0656127929688,0.9927834117559996,1271.0,1099.0,1031.6944776886085
L-Concrete,concrete,linear,0.15,0.003,0.05,0.3,20,64,0.0,(),0.0,0.0,0.0,1260123,0,126,1,0.693069306930693,0.7625178826895566,3,719.1422729492188,719.0501708984375,0.9948925923960694,1398.0,1298.0,1194.4843311750255
L-Concrete,concrete,linear,0.15,0.003,0.05,0.3,20,64,0.0,(),0.0,0.0,0.0,1260124,1,126,1,0.6636519421172886,0.7753934191702432,1,850.7548217773438,850.6563720703125,0.9959755880900826,1759.0,1634.0,1413.8437505983663
L-Concrete,concrete,linear,0.15,0.003,0.05,0.3,20,64,0.0,(),0.0,0.0,0.0,1260125,2,126,1,0.6732673267326733,0.804005722460658,1,826.4356689453125,826.3783569335938,0.9923530422078412,1723.0,1568.0,1400.5864374780056
L-Concrete,concrete,linear,0.15,0.0025,0.05,0.3,20,64,0.0,(),0.0,0.0,0.0,1300123,0,130,1,0.674028941355674,0.7682403433476395,1,814.9703369140625,814.6216430664062,0.9954534208436138,1845.0,1636.0,1418.3474185429395
L-Concrete,concrete,linear,0.15,0.0025,0.05,0.3,20,64,0.0,(),0.0,0.0,0.0,1300124,1,130,1,0.7008758568164509,0.8104434907010014,2,997.5346069335938,997.5598754882812,0.9965573779057924,1843.0,1745.0,1598.0672507982122
L-Concrete,concrete,linear,0.15,0.0025,0.05,0.3,20,64,0.0,(),0.0,0.0,0.0,1300125,2,130,1,0.7081111957349581,0.804005722460658,4,986.98681640625,986.9189453125,0.9948682045528224,1725.0,1696.0,1520.0543824288095
L-Concrete,concrete,linear,0.15,0.002,0.05,0.3,20,64,0.0,(),0.0,0.0,0.0,1340123,0,134,1,0.7199162223914699,0.7818311874105865,6,1187.7120361328125,1187.729736328125,0.9964180021612148,2069.0,2051.0,1838.2946560049304
L-Concrete,concrete,linear,0.15,0.002,0.05,0.3,20,64,0.0,(),0.0,0.0,0.0,1340124,1,134,1,0.6548933739527799,0.7804005722460658,3,1025.3846435546875,1025.4093017578125,0.9959622507157267,1935.0,1866.0,1645.5671773700587
L-Concrete,concrete,linear,0.15,0.002,0.05,0.3,20,64,0.0,(),0.0,0.0,0.0,1340125,2,134,1,0.6391374714394517,0.776824034334764,1,1143.5115966796875,1143.166015625,0.9969274619332223,2329.0,2060.0,1834.511393505536
L-Concrete,concrete,linear,0.15,0.0015,0.05,0.3,20,64,0.0,(),0.0,0.0,0.0,1380123,0,138,1,0.6402322924600152,0.7753934191702432,2,1262.4105224609375,1262.351318359375,0.9977626675088646,2385.0,2300.0,2002.5565977601225
L-Concrete,concrete,linear,0.15,0.0015,0.05,0.3,20,64,0.0,(),0.0,0.0,0.0,1380124,1,138,1,0.628998476770754,0.7753934191702432,2,1559.5655517578125,1559.521240234375,0.9977694900928264,2645.0,2564.0,2327.190978645768
L-Concrete,concrete,linear,0.15,0.0015,0.05,0.3,20,64,0.0,(),0.0,0.0,0.0,1380125,2,138,1,0.6971629855293222,0.8168812589413448,5,1405.4140625,1405.355224609375,0.9979247407488318,2458.0,2428.0,2174.559672825109
L-Concrete,concrete,linear,0.12,0.004,0.05,0.3,20,64,0.0,(),0.0,0.0,0.0,1420123,0,142,1,0.7243907083015994,0.7703862660944206,6,605.5765380859375,605.54052734375,0.994221527018912,1148.0,1126.0,997.6683278783828
L-Concrete,concrete,linear,0.12,0.004,0.05,0.3,20,64,0.0,(),0.0,0.0,0.0,1420124,1,142,1,0.6970677837014471,0.7968526466380543,1,645.7426147460938,645.4401245117188,0.9912596809174722,1469.0,1304.0,1147.4300654603223
L-Concrete,concrete,linear,0.12,0.004,0.05,0.3,20,64,0.0,(),0.0,0.0,0.0,1420125,2,142,1,0.6907844630616908,0.7668097281831188,1,516.9299926757812,516.8416748046875,0.9937574178239952,1207.0,1020.0,925.8862435688784
L-Concrete,concrete,linear,0.12,0.003,0.05,0.3,20,64,0.0,(),0.0,0.0,0.0,1460123,0,146,1,0.7105864432597105,0.8061516452074392,2,806.279541015625,806.185302734375,0.9950807017749964,1498.0,1393.0,1258.627272307364
L-Concrete,concrete,linear,0.12,0.003,0.05,0.3,20,64,0.0,(),0.0,0.0,0.0,1460124,1,146,1,0.7005902513328256,0.8168812589413448,2,789.33984375,789.2355346679688,0.9953937425599368,1459.0,1402.0,1293.5025552399752
L-Concrete,concrete,linear,0.12,0.003,0.05,0.3,20,64,0.0,(),0.0,0.0,0.0,1460125,2,146,1,0.7115384615384616,0.7882689556509299,5,848.13916015625,848.0772094726562,0.996339383157914,1630.0,1598.0,1414.1521110000845
L-Concrete,concrete,linear,0.12,0.0025,0.05,0.3,20,64,0.0,(),0.0,0.0,0.0,1500123,0,150,1,0.6851675552170602,0.7997138769670958,1,910.5263671875,910.1737670898438,0.996919015784521,2035.0,1780.0,1548.1083927570814
L-Concrete,concrete,linear,0.12,0.0025,0.05,0.3,20,64,0.0,(),0.0,0.0,0.0,1500124,1,150,1,0.7072543792840823,0.7846924177396281,5,1036.4110107421875,1036.4093017578125,0.9962910067872978,1751.0,1722.0,1582.334891924236
L-Concrete,concrete,linear,0.12,0.0025,0.05,0.3,20,64,0.0,(),0.0,0.0,0.0,1500125,2,150,1,0.7146801218583397,0.7825464949928469,3,1033.6488037109375,1033.6602783203125,0.9957084070293992,1806.0,1782.0,1597.4455309759478
L-Concrete,concrete,linear,0.12,0.002,0.05,0.3,20,64,0.0,(),0.0,0.0,0.0,1540123,0,154,1,0.7018278750952018,0.7811158798283262,1,1092.9815673828125,1092.7991943359375,0.9970380061262654,2234.0,2032.0,1795.2700804493409
L-Concrete,concrete,linear,0.12,0.002,0.05,0.3,20,64,0.0,(),0.0,0.0,0.0,1540124,1,154,1,0.6566070068545317,0.7746781115879828,3,1213.0367431640625,1212.9923095703125,0.9968929088156872,2034.0,1985.0,1809.4412104518933
L-Concrete,concrete,linear,0.12,0.002,0.05,0.3,20,64,0.0,(),0.0,0.0,0.0,1540125,2,154,1,0.646991622239147,0.7889842632331903,2,1135.7774658203125,1135.7142333984375,0.9969351451244948,2116.0,2029.0,1796.4111772465055
L-Concrete,concrete,linear,0.12,0.0015,0.05,0.3,20,64,0.0,(),0.0,0.0,0.0,1580123,0,158,1,0.6741241431835491,0.8025751072961373,4,1444.412109375,1444.4130859375,0.9982182749502556,2504.0,2484.0,2184.2278146834096
L-Concrete,concrete,linear,0.12,0.0015,0.05,0.3,20,64,0.0,(),0.0,0.0,0.0,1580124,1,158,1,0.6906892612338157,0.7846924177396281,5,1534.788330078125,1534.79541015625,0.997776172888044,2628.0,2598.0,2278.860111710258
L-Concrete,concrete,linear,0.12,0.0015,0.05,0.3,20,64,0.0,(),0.0,0.0,0.0,1580125,2,158,1,0.6379474485910129,0.778969957081545,1,1572.2755126953125,1572.162109375,0.998041876816452,2764.0,2644.0,2362.4995313242057
LSPIN,lspin_tf,mlp,0.22,0.014,0.025,0.5,12,64,0.0,"(64, 32)",0.1,0.0,0.0,10123,0,1,1,0.720011424219345,0.7610872675250357,3,70.64297485351562,70.6332015991211,0.9624695126681404,191.0,166.0,138.3271352306521
LSPIN,lspin_tf,mlp,0.22,0.014,0.025,0.5,12,64,0.0,"(64, 32)",0.1,0.0,0.0,10124,1,1,1,0.7123000761614623,0.7696709585121603,3,107.86801147460938,107.85713958740234,0.96294763374653,262.0,228.0,205.6818863413617
LSPIN,lspin_tf,mlp,0.22,0.014,0.025,0.5,12,64,0.0,"(64, 32)",0.1,0.0,0.0,10125,2,1,1,0.713061690784463,0.7825464949928469,3,105.30084228515624,105.2934341430664,0.973509290152377,231.0,211.0,194.5549286618352
LSPIN,lspin_tf,mlp,0.22,0.0105,0.025,0.5,12,64,0.0,"(64, 32)",0.1,0.0,0.0,50123,0,5,1,0.7105864432597105,0.7553648068669528,3,147.92066955566406,147.91119384765625,0.9715795295601872,352.0,322.0,284.7861305193804
LSPIN,lspin_tf,mlp,0.22,0.0105,0.025,0.5,12,64,0.0,"(64, 32)",0.1,0.0,0.0,50124,1,5,1,0.7242955064737243,0.7618025751072961,4,102.98849487304688,102.98069763183594,0.9607554769029528,264.0,237.0,204.2543388799729
LSPIN,lspin_tf,mlp,0.22,0.0105,0.025,0.5,12,64,0.0,"(64, 32)",0.1,0.0,0.0,50125,2,5,1,0.7114432597105864,0.7589413447782547,3,144.9804229736328,144.9729766845703,0.9766806978473744,359.0,322.0,273.97944193214863
LSPIN,lspin_tf,mlp,0.22,0.00875,0.025,0.5,12,64,0.0,"(64, 32)",0.1,0.0,0.0,90123,0,9,1,0.7231530845392231,0.753934191702432,2,163.2832794189453,163.29730224609375,0.977745856584246,396.0,345.0,305.6936689608499
LSPIN,lspin_tf,mlp,0.22,0.00875,0.025,0.5,12,64,0.0,"(64, 32)",0.1,0.0,0.0,90124,1,9,1,0.70496953541508,0.759656652360515,1,186.54644775390625,186.53282165527344,0.9779154796223204,514.0,429.0,363.5424051481832
LSPIN,lspin_tf,mlp,0.22,0.00875,0.025,0.5,12,64,0.0,"(64, 32)",0.1,0.0,0.0,90125,2,9,1,0.7171553693830921,0.7582260371959942,2,200.08238220214844,200.05018615722656,0.9788854970018976,469.0,420.0,379.2708924735817
LSPIN,lspin_tf,mlp,0.22,0.007,0.025,0.5,12,64,0.0,"(64, 32)",0.1,0.0,0.0,130123,0,13,1,0.7089680121858339,0.7660944206008584,1,258.3093566894531,258.3359069824219,0.987109909249098,647.0,564.0,499.85457216801257
LSPIN,lspin_tf,mlp,0.22,0.007,0.025,0.5,12,64,0.0,"(64, 32)",0.1,0.0,0.0,130124,1,13,1,0.7106816450875857,0.7668097281831188,1,220.3188323974609,220.3166046142578,0.9833165607908352,587.0,490.0,435.9857271597683
LSPIN,lspin_tf,mlp,0.22,0.007,0.025,0.5,12,64,0.0,"(64, 32)",0.1,0.0,0.0,130125,2,13,1,0.7139185072353389,0.7639484978540773,1,208.68035888671875,208.71041870117188,0.9819927761263528,538.0,465.0,404.7679187073836
LSPIN,lspin_tf,mlp,0.22,0.00525,0.025,0.5,12,64,0.0,"(64, 32)",0.1,0.0,0.0,170123,0,17,1,0.7139185072353389,0.7703862660944206,1,300.9930114746094,300.97296142578125,0.9891782054555028,725.0,645.0,568.9978022463772
LSPIN,lspin_tf,mlp,0.22,0.00525,0.025,0.5,12,64,0.0,"(64, 32)",0.1,0.0,0.0,170124,1,17,1,0.7317212490479817,0.796137339055794,2,327.41143798828125,327.40155029296875,0.9917700026794338,814.0,726.0,630.8635700127378
LSPIN,lspin_tf,mlp,0.22,0.00525,0.025,0.5,12,64,0.0,"(64, 32)",0.1,0.0,0.0,170125,2,17,1,0.7366717440974867,0.7925608011444921,2,290.832275390625,290.833984375,0.9884225746123718,771.0,694.0,577.129814574183
LSPIN,lspin_tf,mlp,0.2,0.014,0.025,0.5,12,64,0.0,"(64, 32)",0.1,0.0,0.0,210123,0,21,1,0.7264851485148515,0.7582260371959942,3,112.93709564208984,112.92278289794922,0.9602344403077891,226.0,217.0,197.4163275386852
LSPIN,lspin_tf,mlp,0.2,0.014,0.025,0.5,12,64,0.0,"(64, 32)",0.1,0.0,0.0,210124,1,21,1,0.7536176694592536,0.7703862660944206,4,133.0546875,133.06178283691406,0.9733155494074456,316.0,279.0,240.5807005270999
LSPIN,lspin_tf,mlp,0.2,0.014,0.025,0.5,12,64,0.0,"(64, 32)",0.1,0.0,0.0,210125,2,21,1,0.7078255902513328,0.8140200286123033,5,118.62652587890624,118.62162017822266,0.9667511711169804,236.0,218.0,201.7694810298632
LSPIN,lspin_tf,mlp,0.2,0.0105,0.025,0.5,12,64,0.0,"(64, 32)",0.1,0.0,0.0,250123,0,25,1,0.7162033511043412,0.7525035765379113,1,184.56497192382807,184.5521240234375,0.9838062694948344,447.0,393.0,356.91573464165805
LSPIN,lspin_tf,mlp,0.2,0.0105,0.025,0.5,12,64,0.0,"(64, 32)",0.1,0.0,0.0,250124,1,25,1,0.7357197258187357,0.7875536480686696,3,200.7254180908203,200.7181396484375,0.9779480418147596,449.0,426.0,367.02497877194577
LSPIN,lspin_tf,mlp,0.2,0.0105,0.025,0.5,12,64,0.0,"(64, 32)",0.1,0.0,0.0,250125,2,25,1,0.7306740289413557,0.7525035765379113,2,188.4482879638672,188.4440155029297,0.9813850854794596,428.0,401.0,355.6452548230361
LSPIN,lspin_tf,mlp,0.2,0.00875,0.025,0.5,12,64,0.0,"(64, 32)",0.1,0.0,0.0,290123,0,29,1,0.7397182025894897,0.8075822603719599,2,199.99383544921875,199.9884185791016,0.9843904487984632,483.0,418.0,377.0921351683932
LSPIN,lspin_tf,mlp,0.2,0.00875,0.025,0.5,12,64,0.0,"(64, 32)",0.1,0.0,0.0,290124,1,29,1,0.7051599390708302,0.753934191702432,2,229.9253692626953,229.91119384765625,0.983255433578802,573.0,508.0,452.948836432412
LSPIN,lspin_tf,mlp,0.2,0.00875,0.025,0.5,12,64,0.0,"(64, 32)",0.1,0.0,0.0,290125,2,29,1,0.6970677837014471,0.7610872675250357,2,198.65869140625,198.6563720703125,0.9816762337820965,475.0,408.0,366.56721806430977
LSPIN,lspin_tf,mlp,0.2,0.007,0.025,0.5,12,64,0.0,"(64, 32)",0.1,0.0,0.0,330123,0,33,1,0.7045887281035796,0.7854077253218884,2,297.79071044921875,297.8031005859375,0.9875231182472538,675.0,613.0,539.6203967618808
LSPIN,lspin_tf,mlp,0.2,0.007,0.025,0.5,12,64,0.0,"(64, 32)",0.1,0.0,0.0,330124,1,33,1,0.6964013709063214,0.7932761087267525,5,225.0200042724609,225.01158142089844,0.9791124874377806,451.0,424.0,394.9372765685968
LSPIN,lspin_tf,mlp,0.2,0.007,0.025,0.5,12,64,0.0,"(64, 32)",0.1,0.0,0.0,330125,2,33,1,0.7228674790555979,0.7804005722460658,3,227.2868194580078,227.29730224609372,0.9828435398838988,483.0,440.0,402.0876748659747
LSPIN,lspin_tf,mlp,0.2,0.00525,0.025,0.5,12,64,0.0,"(64, 32)",0.1,0.0,0.0,370123,0,37,1,0.7262947448591013,0.7882689556509299,2,349.693359375,349.7065734863281,0.9892092852440356,850.0,745.0,653.296738295115
LSPIN,lspin_tf,mlp,0.2,0.00525,0.025,0.5,12,64,0.0,"(64, 32)",0.1,0.0,0.0,370124,1,37,1,0.70496953541508,0.7675250357653791,2,355.244873046875,355.2509765625,0.986334326655488,801.0,740.0,660.331893579439
LSPIN,lspin_tf,mlp,0.2,0.00525,0.025,0.5,12,64,0.0,"(64, 32)",0.1,0.0,0.0,370125,2,37,1,0.7225818735719726,0.8183118741058655,3,307.09454345703125,307.07720947265625,0.9884596223128403,674.0,617.0,551.4223063332349
L-LSPIN,lspin_tf,linear,0.22,0.021,0.025,0.5,20,64,0.0,(),0.0,0.0,0.0,410123,0,41,1,0.6765041888804265,0.7703862660944206,57,125.2066879272461,125.20849609375,0.9465068652970062,184.0,179.0,160.71709194670728
L-LSPIN,lspin_tf,linear,0.22,0.021,0.025,0.5,20,64,0.0,(),0.0,0.0,0.0,410124,1,41,1,0.6345201827875095,0.790414878397711,57,119.71544647216795,119.71814727783205,0.9605384433179543,185.0,180.0,161.15249130420924
L-LSPIN,lspin_tf,linear,0.22,0.021,0.025,0.5,20,64,0.0,(),0.0,0.0,0.0,410125,2,41,1,0.7088728103579589,0.7911301859799714,30,149.04066467285156,149.04246520996094,0.9659438162873448,237.0,228.0,202.63116490828472
L-LSPIN,lspin_tf,linear,0.22,0.014,0.025,0.5,20,64,0.0,(),0.0,0.0,0.0,450123,0,45,1,0.7010662604722011,0.7811158798283262,21,272.62017822265625,272.62548828125,0.9831525315995095,464.0,452.0,403.7779277864473
L-LSPIN,lspin_tf,linear,0.22,0.014,0.025,0.5,20,64,0.0,(),0.0,0.0,0.0,450124,1,45,1,0.6338537699923839,0.7660944206008584,64,247.14634704589844,247.1389923095703,0.9783350153413816,361.0,351.0,320.0946519777847
L-LSPIN,lspin_tf,linear,0.22,0.014,0.025,0.5,20,64,0.0,(),0.0,0.0,0.0,450125,2,45,1,0.6953541507996953,0.7725321888412017,30,255.41038513183597,255.4092712402344,0.9814329272383032,394.0,385.0,349.68716619955615
L-LSPIN,lspin_tf,linear,0.22,0.0105,0.025,0.5,20,64,0.0,(),0.0,0.0,0.0,490123,0,49,1,0.7042079207920792,0.7839771101573677,47,356.73443603515625,356.74517822265625,0.9845828080552144,526.0,514.0,474.5144949586164
L-LSPIN,lspin_tf,linear,0.22,0.0105,0.025,0.5,20,64,0.0,(),0.0,0.0,0.0,490124,1,49,1,0.71001523229246,0.7367668097281831,17,402.9717712402344,402.95751953125,0.9865660624276416,716.0,692.0,630.1493780473887
L-LSPIN,lspin_tf,linear,0.22,0.0105,0.025,0.5,20,64,0.0,(),0.0,0.0,0.0,490125,2,49,1,0.6785986290936786,0.8419170243204578,35,366.4617614746094,366.4440002441406,0.9878550678430568,623.0,596.0,517.7238145166305
L-LSPIN,lspin_tf,linear,0.22,0.00875,0.025,0.5,20,64,0.0,(),0.0,0.0,0.0,530123,0,53,1,0.7351485148514851,0.728898426323319,10,586.083740234375,586.1119995117188,0.9945850083866228,1134.0,1115.0,958.4384671954996
L-LSPIN,lspin_tf,linear,0.22,0.00875,0.025,0.5,20,64,0.0,(),0.0,0.0,0.0,530124,1,53,1,0.6735529322162985,0.7896995708154506,17,532.8063354492188,532.7953491210938,0.9923159802562412,969.0,953.0,837.6027899229322
L-LSPIN,lspin_tf,linear,0.22,0.00875,0.025,0.5,20,64,0.0,(),0.0,0.0,0.0,530125,2,53,1,0.7053503427265804,0.7939914163090128,20,498.0784912109375,498.08880615234375,0.9898791718947626,807.0,789.0,727.8012198626938
L-LSPIN,lspin_tf,linear,0.22,0.007,0.025,0.5,20,64,0.0,(),0.0,0.0,0.0,570123,0,57,1,0.7081111957349581,0.7775393419170243,23,731.15869140625,731.146728515625,0.9926676443685076,1218.0,1199.0,1052.773028020254
L-LSPIN,lspin_tf,linear,0.22,0.007,0.025,0.5,20,64,0.0,(),0.0,0.0,0.0,570124,1,57,1,0.6939261233815689,0.7846924177396281,2,886.574951171875,886.5521240234375,0.9961295071268026,1672.0,1546.0,1392.314087637172
L-LSPIN,lspin_tf,linear,0.22,0.007,0.025,0.5,20,64,0.0,(),0.0,0.0,0.0,570125,2,57,1,0.7136329017517137,0.7882689556509299,2,874.902587890625,874.9266357421875,0.9963627349353824,1847.0,1730.0,1475.6797997123192
L-LSPIN,lspin_tf,linear,0.2,0.021,0.025,0.5,20,64,0.0,(),0.0,0.0,0.0,610123,0,61,1,0.6738385376999239,0.7868383404864091,51,193.91856384277344,193.91891479492188,0.972059455146299,264.0,261.0,236.0669111896301
L-LSPIN,lspin_tf,linear,0.2,0.021,0.025,0.5,20,64,0.0,(),0.0,0.0,0.0,610124,1,61,1,0.7042079207920792,0.7610872675250357,6,203.7322998046875,203.74903869628903,0.9722788482936944,415.0,392.0,334.8771469794252
L-LSPIN,lspin_tf,linear,0.2,0.021,0.025,0.5,20,64,0.0,(),0.0,0.0,0.0,610125,2,61,1,0.674980959634425,0.7703862660944206,50,219.2691192626953,219.2741241455078,0.9617011129565166,277.0,272.0,255.59045961785029
L-LSPIN,lspin_tf,linear,0.2,0.014,0.025,0.5,20,64,0.0,(),0.0,0.0,0.0,650123,0,65,1,0.6791698400609292,0.7982832618025751,24,277.8659362792969,277.86871337890625,0.9847103253942836,480.0,468.0,414.1517503763425
L-LSPIN,lspin_tf,linear,0.2,0.014,0.025,0.5,20,64,0.0,(),0.0,0.0,0.0,650124,1,65,1,0.7216298552932217,0.7689556509298998,5,462.4418640136719,462.42083740234375,0.9902752772064,881.0,849.0,765.8994547519982
L-LSPIN,lspin_tf,linear,0.2,0.014,0.025,0.5,20,64,0.0,(),0.0,0.0,0.0,650125,2,65,1,0.6957349581111958,0.7989985693848355,27,287.1535949707031,287.1582946777344,0.9766573151645624,451.0,436.0,400.7316618248244
L-LSPIN,lspin_tf,linear,0.2,0.0105,0.025,0.5,20,64,0.0,(),0.0,0.0,0.0,690123,0,69,1,0.7233434881949733,0.8025751072961373,32,452.8971252441406,452.9034729003906,0.9879270718500084,726.0,698.0,627.175316013092
L-LSPIN,lspin_tf,linear,0.2,0.0105,0.025,0.5,20,64,0.0,(),0.0,0.0,0.0,690124,1,69,1,0.6648895658796649,0.7532188841201717,32,451.6555480957031,451.6409301757813,0.992295375718741,778.0,764.0,670.2992002059136
L-LSPIN,lspin_tf,linear,0.2,0.0105,0.025,0.5,20,64,0.0,(),0.0,0.0,0.0,690125,2,69,1,0.7123952779893374,0.7997138769670958,21,561.8130493164062,561.8185424804688,0.9923793212017274,958.0,941.0,842.1909842579562
L-LSPIN,lspin_tf,linear,0.2,0.00875,0.025,0.5,20,64,0.0,(),0.0,0.0,0.0,730123,0,73,1,0.6997334348819497,0.7732474964234621,22,569.462158203125,569.4633178710938,0.9940105726494058,1019.0,1005.0,858.7070189251953
L-LSPIN,lspin_tf,linear,0.2,0.00875,0.025,0.5,20,64,0.0,(),0.0,0.0,0.0,730124,1,73,1,0.7162985529322163,0.7739628040057225,6,704.5823974609375,704.6177368164062,0.9951754999515374,1285.0,1240.0,1101.4559400699577
L-LSPIN,lspin_tf,linear,0.2,0.00875,0.025,0.5,20,64,0.0,(),0.0,0.0,0.0,730125,2,73,1,0.71001523229246,0.7861230329041488,7,751.957275390625,751.9498291015625,0.9948135973172936,1368.0,1330.0,1182.336843185833
L-LSPIN,lspin_tf,linear,0.2,0.007,0.025,0.5,20,64,0.0,(),0.0,0.0,0.0,770123,0,77,1,0.6634615384615384,0.8061516452074392,2,957.5933837890624,957.6138916015624,0.9957745759469668,1869.0,1754.0,1549.6904557377366
L-LSPIN,lspin_tf,linear,0.2,0.007,0.025,0.5,20,64,0.0,(),0.0,0.0,0.0,770124,1,77,1,0.7498095963442498,0.7675250357653791,4,808.2976684570312,808.2509765625,0.995874994600141,1518.0,1473.0,1315.2924967515169
L-LSPIN,lspin_tf,linear,0.2,0.007,0.025,0.5,20,64,0.0,(),0.0,0.0,0.0,770125,2,77,1,0.700971058644326,0.7718168812589413,2,931.807861328125,931.8069458007812,0.9968487065038892,1806.0,1679.0,1495.0445996013243
Concrete,concrete,mlp,0.15,0.004,0.025,0.3,20,64,0.0,"(64, 32)",0.1,0.0,0.0,810123,0,81,1,0.7082063975628332,0.7939914163090128,3,62.44386291503906,62.41312789916992,0.8942493945717523,216.0,164.0,145.97076102006136
Concrete,concrete,mlp,0.15,0.004,0.025,0.3,20,64,0.0,"(64, 32)",0.1,0.0,0.0,810124,1,81,1,0.7202970297029703,0.753934191702432,3,66.7416763305664,66.72586822509766,0.9419599137949192,213.0,160.0,146.3700475563903
Concrete,concrete,mlp,0.15,0.004,0.025,0.3,20,64,0.0,"(64, 32)",0.1,0.0,0.0,810125,2,81,1,0.6941165270373191,0.8140200286123033,0,56.25798416137695,55.16216278076172,0.9520358999880184,669.0,195.0,225.99645748714792
Concrete,concrete,mlp,0.15,0.003,0.025,0.3,20,64,0.0,"(64, 32)",0.1,0.0,0.0,850123,0,85,1,0.698019801980198,0.7657367668097281,1,80.30303192138672,80.20463562011719,0.9365888507316428,347.0,210.0,193.1606881731604
Concrete,concrete,mlp,0.15,0.003,0.025,0.3,20,64,0.0,"(64, 32)",0.1,0.0,0.0,850124,1,85,1,0.7163937547600914,0.7854077253218884,0,136.45729064941406,135.1389923095703,0.9804621287900916,993.0,385.0,389.5693812556015
Concrete,concrete,mlp,0.15,0.003,0.025,0.3,20,64,0.0,"(64, 32)",0.1,0.0,0.0,850125,2,85,1,0.7025894897182026,0.7861230329041488,0,136.32896423339844,135.11196899414062,0.9649465426274882,1055.0,464.0,453.0472633635637
Concrete,concrete,mlp,0.15,0.0025,0.025,0.3,20,64,0.0,"(64, 32)",0.1,0.0,0.0,890123,0,89,1,0.7106816450875857,0.8025751072961373,1,139.9251251220703,139.77220153808594,0.9604269208678418,467.0,355.0,315.3937651232156
Concrete,concrete,mlp,0.15,0.0025,0.025,0.3,20,64,0.0,"(64, 32)",0.1,0.0,0.0,890124,1,89,1,0.6973533891850724,0.7861230329041488,0,125.55613708496094,124.25096893310548,0.9549943148065294,990.0,398.0,397.7336067674664
Concrete,concrete,mlp,0.15,0.0025,0.025,0.3,20,64,0.0,"(64, 32)",0.1,0.0,0.0,890125,2,89,1,0.7483815689261234,0.7982832618025751,3,101.22089385986328,101.22007751464844,0.9341940471735456,254.0,205.0,196.4024703375781
Concrete,concrete,mlp,0.15,0.002,0.025,0.3,20,64,0.0,"(64, 32)",0.1,0.0,0.0,930123,0,93,1,0.7123000761614623,0.7982832618025751,1,215.49966430664065,215.30116271972656,0.9729330024529964,633.0,480.0,447.6606733439476
Concrete,concrete,mlp,0.15,0.002,0.025,0.3,20,64,0.0,"(64, 32)",0.1,0.0,0.0,930124,1,93,1,0.6893564356435643,0.8154506437768241,0,155.64385986328125,154.25096130371094,0.9737892253370986,1202.0,452.0,461.9724349042107
Concrete,concrete,mlp,0.15,0.002,0.025,0.3,20,64,0.0,"(64, 32)",0.1,0.0,0.0,930125,2,93,1,0.7261043412033511,0.7546494992846924,0,171.0349884033203,169.7258758544922,0.9783728287415944,1174.0,518.0,511.77254298705833
Concrete,concrete,mlp,0.15,0.0015,0.025,0.3,20,64,0.0,"(64, 32)",0.1,0.0,0.0,970123,0,97,1,0.7031607006854531,0.776824034334764,0,269.96197509765625,267.3436279296875,0.9803040565712156,1753.0,835.0,784.9783266809485
Concrete,concrete,mlp,0.15,0.0015,0.025,0.3,20,64,0.0,"(64, 32)",0.1,0.0,0.0,970124,1,97,1,0.710967250571211,0.7553648068669528,0,221.33547973632807,219.53668212890625,0.9832057650853484,1359.0,657.0,645.5402231439075
Concrete,concrete,mlp,0.15,0.0015,0.025,0.3,20,64,0.0,"(64, 32)",0.1,0.0,0.0,970125,2,97,1,0.7116336633663366,0.7882689556509299,2,249.940185546875,249.90347290039065,0.9749929319191202,639.0,564.0,503.99052821946987
Concrete,concrete,mlp,0.12,0.004,0.025,0.3,20,64,0.0,"(64, 32)",0.1,0.0,0.0,1010123,0,101,1,0.7104912414318355,0.7467811158798283,0,62.40297317504883,61.393821716308594,0.923982759437732,589.0,180.0,191.49532102980996
Concrete,concrete,mlp,0.12,0.004,0.025,0.3,20,64,0.0,"(64, 32)",0.1,0.0,0.0,1010124,1,101,1,0.7163937547600914,0.753934191702432,3,45.19675064086914,45.18918991088867,0.9155611067572622,148.0,118.0,105.38149578240554
Concrete,concrete,mlp,0.12,0.004,0.025,0.3,20,64,0.0,"(64, 32)",0.1,0.0,0.0,1010125,2,101,1,0.74495430312262,0.7532188841201717,3,60.16728210449219,60.18146896362305,0.8936704045415939,175.0,150.0,131.00870831155046
Concrete,concrete,mlp,0.12,0.003,0.025,0.3,20,64,0.0,"(64, 32)",0.1,0.0,0.0,1050123,0,105,1,0.706968773800457,0.7703862660944206,0,141.43882751464844,139.8610076904297,0.9625055377991576,1044.0,439.0,438.48406361477225
Concrete,concrete,mlp,0.12,0.003,0.025,0.3,20,64,0.0,"(64, 32)",0.1,0.0,0.0,1050124,1,105,1,0.7089680121858339,0.7975679542203148,0,101.89974212646484,101.07721710205078,0.9459543213111872,718.0,315.0,312.37951425838304
Concrete,concrete,mlp,0.12,0.003,0.025,0.3,20,64,0.0,"(64, 32)",0.1,0.0,0.0,1050125,2,105,1,0.7062071591774562,0.7496423462088698,2,78.8689193725586,78.85327911376953,0.9515072674754173,235.0,181.0,169.91874706247168
Concrete,concrete,mlp,0.12,0.0025,0.025,0.3,20,64,0.0,"(64, 32)",0.1,0.0,0.0,1090123,0,109,1,0.7184881949733435,0.7703862660944206,2,110.1989974975586,110.1891860961914,0.9502276924689912,360.0,288.0,259.5929973883626
Concrete,concrete,mlp,0.12,0.0025,0.025,0.3,20,64,0.0,"(64, 32)",0.1,0.0,0.0,1090124,1,109,1,0.7201066260472201,0.7575107296137339,2,105.67823791503906,105.5830078125,0.945695475458564,337.0,260.0,233.994756498377
Concrete,concrete,mlp,0.12,0.0025,0.025,0.3,20,64,0.0,"(64, 32)",0.1,0.0,0.0,1090125,2,109,1,0.7286747905559787,0.7603719599427754,0,131.35585021972656,129.95367431640625,0.9757643691973448,1157.0,487.0,495.3714835553417
Concrete,concrete,mlp,0.12,0.002,0.025,0.3,20,64,0.0,"(64, 32)",0.1,0.0,0.0,1130123,0,113,1,0.7225818735719726,0.7753934191702432,2,130.61697387695312,130.60617065429688,0.9629951997042312,380.0,318.0,288.66330106877774
Concrete,concrete,mlp,0.12,0.002,0.025,0.3,20,64,0.0,"(64, 32)",0.1,0.0,0.0,1130124,1,113,1,0.7128712871287128,0.7739628040057225,0,214.810302734375,213.47103881835935,0.9814843951318653,1278.0,699.0,653.8078759097366
Concrete,concrete,mlp,0.12,0.002,0.025,0.3,20,64,0.0,"(64, 32)",0.1,0.0,0.0,1130125,2,113,1,0.6870715917745621,0.7746781115879828,0,180.1835784912109,178.11582946777344,0.9783772016870264,1300.0,560.0,536.906316181406
Concrete,concrete,mlp,0.12,0.0015,0.025,0.3,20,64,0.0,"(64, 32)",0.1,0.0,0.0,1170123,0,117,1,0.7102056359482102,0.7982832618025751,2,253.2188720703125,253.22393798828125,0.9715954149456404,593.0,508.0,481.84872659962497
Concrete,concrete,mlp,0.12,0.0015,0.025,0.3,20,64,0.0,"(64, 32)",0.1,0.0,0.0,1170124,1,117,1,0.652989337395278,0.746065808297568,0,301.4866638183594,298.95367431640625,0.9851197970693336,1730.0,950.0,861.2558645342314
Concrete,concrete,mlp,0.12,0.0015,0.025,0.3,20,64,0.0,"(64, 32)",0.1,0.0,0.0,1170125,2,117,1,0.7052551408987052,0.7703862660944206,0,303.1531066894531,300.7837829589844,0.9777025544785723,1874.0,888.0,858.5399773720394
L-Concrete,concrete,linear,0.15,0.004,0.025,0.3,20,64,0.0,(),0.0,0.0,0.0,1210123,0,121,1,0.7322924600152323,0.778969957081545,3,438.125,438.1390075683594,0.9906285799403696,885.0,807.0,720.035292064466
L-Concrete,concrete,linear,0.15,0.004,0.025,0.3,20,64,0.0,(),0.0,0.0,0.0,1210124,1,121,1,0.6244287890327495,0.7889842632331903,1,631.1787109375,631.2393798828125,0.9952240265016818,1498.0,1272.0,1116.9732149788588
L-Concrete,concrete,linear,0.15,0.004,0.025,0.3,20,64,0.0,(),0.0,0.0,0.0,1210125,2,121,1,0.6747905559786748,0.7718168812589413,2,465.9051513671875,465.8764343261719,0.9864121527327072,1049.0,921.0,824.8380610720455
L-Concrete,concrete,linear,0.15,0.003,0.025,0.3,20,64,0.0,(),0.0,0.0,0.0,1250123,0,125,1,0.7059215536938309,0.759656652360515,1,740.6321411132812,740.5946044921875,0.992341397259929,1647.0,1428.0,1277.6758545807236
L-Concrete,concrete,linear,0.15,0.003,0.025,0.3,20,64,0.0,(),0.0,0.0,0.0,1250124,1,125,1,0.7015422696115765,0.7432045779685265,3,720.5950317382812,720.6486206054688,0.992238690219241,1488.0,1418.0,1239.4295755980845
L-Concrete,concrete,linear,0.15,0.003,0.025,0.3,20,64,0.0,(),0.0,0.0,0.0,1250125,2,125,1,0.6972581873571972,0.7696709585121603,2,673.0245971679688,673.0386352539062,0.9959107964092342,1410.0,1309.0,1172.0831432531645
L-Concrete,concrete,linear,0.15,0.0025,0.025,0.3,20,64,0.0,(),0.0,0.0,0.0,1290123,0,129,1,0.6587014470677837,0.7703862660944206,1,1059.904541015625,1059.725830078125,0.9971222675007804,2064.0,1854.0,1699.268885625292
L-Concrete,concrete,linear,0.15,0.0025,0.025,0.3,20,64,0.0,(),0.0,0.0,0.0,1290124,1,129,1,0.6962109672505712,0.7975679542203148,2,953.7760009765624,953.6525268554688,0.9939685441518704,1830.0,1664.0,1527.733152111222
L-Concrete,concrete,linear,0.15,0.0025,0.025,0.3,20,64,0.0,(),0.0,0.0,0.0,1290125,2,129,1,0.7059215536938309,0.7796852646638054,1,1002.0158081054688,1001.7528686523438,0.9963012182232986,1994.0,1780.0,1603.3363887578453
L-Concrete,concrete,linear,0.15,0.002,0.025,0.3,20,64,0.0,(),0.0,0.0,0.0,1330123,0,133,1,0.6910224676313785,0.8133047210300429,1,1221.8927001953125,1221.62939453125,0.9966280912731847,2424.0,2219.0,1965.1160507081236
L-Concrete,concrete,linear,0.15,0.002,0.025,0.3,20,64,0.0,(),0.0,0.0,0.0,1330124,1,133,1,0.6715536938309216,0.7675250357653791,1,1203.029541015625,1202.517333984375,0.9974427480220818,2432.0,2177.0,1909.3378313253893
L-Concrete,concrete,linear,0.15,0.002,0.025,0.3,20,64,0.0,(),0.0,0.0,0.0,1330125,2,133,1,0.6107197258187357,0.7811158798283262,0,1163.1015625,1159.1390380859375,0.9969220362533432,3427.0,2490.0,2233.1893227696337
L-Concrete,concrete,linear,0.15,0.0015,0.025,0.3,20,64,0.0,(),0.0,0.0,0.0,1370123,0,137,1,0.7105864432597105,0.771101573676681,9,1417.087158203125,1417.108154296875,0.9978277288197293,2399.0,2383.0,2112.8946512308557
L-Concrete,concrete,linear,0.15,0.0015,0.025,0.3,20,64,0.0,(),0.0,0.0,0.0,1370124,1,137,1,0.731054836252856,0.759656652360515,5,1283.7484130859375,1283.8223876953125,0.9974890309307368,2343.0,2274.0,1990.175951842616
L-Concrete,concrete,linear,0.15,0.0015,0.025,0.3,20,64,0.0,(),0.0,0.0,0.0,1370125,2,137,1,0.6938309215536939,0.8047210300429185,4,1334.2969970703125,1334.3243408203125,0.99586038247488,2268.0,2228.0,2006.3027747390736
L-Concrete,concrete,linear,0.12,0.004,0.025,0.3,20,64,0.0,(),0.0,0.0,0.0,1410123,0,141,1,0.7341012947448591,0.7882689556509299,2,462.9482727050781,462.8841552734375,0.9916561644748816,1019.0,931.0,830.7123532189612
L-Concrete,concrete,linear,0.12,0.004,0.025,0.3,20,64,0.0,(),0.0,0.0,0.0,1410124,1,141,1,0.6925932977913176,0.8154506437768241,1,643.538818359375,643.29345703125,0.9941310199021628,1470.0,1236.0,1130.3997152762445
L-Concrete,concrete,linear,0.12,0.004,0.025,0.3,20,64,0.0,(),0.0,0.0,0.0,1410125,2,141,1,0.7539032749428789,0.8276108726752504,1,606.2464599609375,605.9613647460938,0.9926298134771644,1421.0,1177.0,1066.86499515429
L-Concrete,concrete,linear,0.12,0.003,0.025,0.3,20,64,0.0,(),0.0,0.0,0.0,1450123,0,145,1,0.6892612338156893,0.7846924177396281,2,1013.5670776367188,1013.6409301757812,0.9965820896991224,1859.0,1765.0,1587.1396627653455
L-Concrete,concrete,linear,0.12,0.003,0.025,0.3,20,64,0.0,(),0.0,0.0,0.0,1450124,1,145,1,0.7247715156130998,0.7989985693848355,3,759.4749755859375,759.4633178710938,0.9954655917034684,1610.0,1481.0,1305.0882016553148
L-Concrete,concrete,linear,0.12,0.003,0.025,0.3,20,64,0.0,(),0.0,0.0,0.0,1450125,2,145,1,0.6927837014470678,0.7732474964234621,2,752.0196533203125,752.0115966796875,0.9931651005633106,1569.0,1452.0,1285.7152356325275
L-Concrete,concrete,linear,0.12,0.0025,0.025,0.3,20,64,0.0,(),0.0,0.0,0.0,1490123,0,149,1,0.7053503427265804,0.8090128755364807,14,860.4892578125,860.5173950195312,0.9960419149255968,1462.0,1436.0,1306.7919743167558
L-Concrete,concrete,linear,0.12,0.0025,0.025,0.3,20,64,0.0,(),0.0,0.0,0.0,1490124,1,149,1,0.6651751713632902,0.7696709585121603,2,1012.185546875,1012.2200927734376,0.996999596937516,2054.0,1918.0,1657.2006114596563
L-Concrete,concrete,linear,0.12,0.0025,0.025,0.3,20,64,0.0,(),0.0,0.0,0.0,1490125,2,149,1,0.6873571972581873,0.7875536480686696,4,1078.151611328125,1078.142822265625,0.9966298390668884,1858.0,1772.0,1619.7026476221693
L-Concrete,concrete,linear,0.12,0.002,0.025,0.3,20,64,0.0,(),0.0,0.0,0.0,1530123,0,153,1,0.700019040365575,0.7896995708154506,5,1033.3995361328125,1033.4053955078125,0.9963515155291746,1833.0,1802.0,1606.312805176383
L-Concrete,concrete,linear,0.12,0.002,0.025,0.3,20,64,0.0,(),0.0,0.0,0.0,1530124,1,153,1,0.6931645087585682,0.765379113018598,2,1074.3150634765625,1074.1815185546875,0.9961757279376022,2090.0,1937.0,1751.753840974338
L-Concrete,concrete,linear,0.12,0.002,0.025,0.3,20,64,0.0,(),0.0,0.0,0.0,1530125,2,153,1,0.7251523229246002,0.778969957081545,3,1160.1300048828125,1160.0501708984375,0.9968083033805608,2175.0,2089.0,1837.5855506391624
L-Concrete,concrete,linear,0.12,0.0015,0.025,0.3,20,64,0.0,(),0.0,0.0,0.0,1570123,0,157,1,0.6904988575780655,0.8240343347639485,3,1423.5711669921875,1423.4864501953125,0.9975148411186168,2462.0,2403.0,2139.9646530758664
L-Concrete,concrete,linear,0.12,0.0015,0.025,0.3,20,64,0.0,(),0.0,0.0,0.0,1570124,1,157,1,0.649942878903275,0.7675250357653791,3,1287.7476806640625,1287.7645263671875,0.9972133751638056,2276.0,2198.0,2000.878134936561
L-Concrete,concrete,linear,0.12,0.0015,0.025,0.3,20,64,0.0,(),0.0,0.0,0.0,1570125,2,157,1,0.6844059405940595,0.776824034334764,2,1344.847412109375,1344.9150390625,0.9967577516749064,2603.0,2464.0,2186.0909924556545
LSPIN,lspin_tf,mlp,0.2,0.00525,0.0,0.5,12,64,0.0,"(64, 32)",0.1,0.0,0.0,360126,3,36,2,0.7107768469154607,0.7746781115879828,3,258.0800476074219,258.061767578125,0.9788315186194232,644.0,506.0,455.54593317475593
LSPIN,lspin_tf,mlp,0.2,0.00525,0.0,0.5,12,64,0.0,"(64, 32)",0.1,0.0,0.0,360127,4,36,2,0.7253427265803504,0.7603719599427754,2,256.2916259765625,256.2818603515625,0.9877698107323968,656.0,559.0,488.62711164654326
LSPIN,lspin_tf,mlp,0.2,0.00525,0.0,0.5,12,64,0.0,"(64, 32)",0.1,0.0,0.0,360128,5,36,2,0.7021134805788272,0.7525035765379113,3,235.2483673095703,235.25868225097656,0.9784471439022648,595.0,477.0,432.54778185442615
LSPIN,lspin_tf,mlp,0.2,0.00525,0.0,0.5,12,64,0.0,"(64, 32)",0.1,0.0,0.0,360129,6,36,2,0.7143945163747144,0.7796852646638054,1,369.6396789550781,369.6486511230469,0.9897683627088344,1362.0,860.0,758.8619657514315
LSPIN,lspin_tf,mlp,0.2,0.00525,0.0,0.5,12,64,0.0,"(64, 32)",0.1,0.0,0.0,360130,7,36,2,0.7153465346534653,0.771101573676681,3,271.9272155761719,271.9613952636719,0.982523963403606,784.0,604.0,517.2441219900768
LSPIN,lspin_tf,mlp,0.2,0.00525,0.0,0.5,12,64,0.0,"(64, 32)",0.1,0.0,0.0,360131,8,36,2,0.7145849200304646,0.7968526466380543,3,251.962158203125,251.93821716308597,0.9687292819472926,663.0,510.0,461.9539415402372
LSPIN,lspin_tf,mlp,0.2,0.00525,0.0,0.5,12,64,0.0,"(64, 32)",0.1,0.0,0.0,360132,9,36,2,0.7218202589489718,0.765379113018598,3,187.02967834472656,187.0077209472656,0.9786317725870384,512.0,400.0,352.1279350891001
LSPIN,lspin_tf,mlp,0.2,0.00525,0.0,0.5,12,64,0.0,"(64, 32)",0.1,0.0,0.0,360133,10,36,2,0.718012185833968,0.7525035765379113,3,188.98748779296875,188.98455810546875,0.9839142021779018,600.0,446.0,387.8018735743237
LSPIN,lspin_tf,mlp,0.2,0.00525,0.0,0.5,12,64,0.0,"(64, 32)",0.1,0.0,0.0,360134,11,36,2,0.7296268088347296,0.7639484978540773,3,193.4667205810547,193.44015502929688,0.979419707855276,516.0,394.0,351.16676823118496
Concrete,concrete,mlp,0.12,0.0015,0.05,0.3,20,64,0.0,"(64, 32)",0.1,0.0,0.0,1180126,3,118,2,0.691070068545316,0.7746781115879828,0,313.7064819335937,312.1544494628906,0.9831324210278024,1698.0,903.0,830.749712388439
Concrete,concrete,mlp,0.12,0.0015,0.05,0.3,20,64,0.0,"(64, 32)",0.1,0.0,0.0,1180127,4,118,2,0.7091584158415841,0.8097281831187411,2,227.2200469970703,227.2277984619141,0.965609453160698,567.0,533.0,447.8846610908705
Concrete,concrete,mlp,0.12,0.0015,0.05,0.3,20,64,0.0,"(64, 32)",0.1,0.0,0.0,1180128,5,118,2,0.7187738004569688,0.7954220314735336,0,263.6359558105469,262.11968994140625,0.9808205516405554,1205.0,672.0,637.4963094029945
Concrete,concrete,mlp,0.12,0.0015,0.05,0.3,20,64,0.0,"(64, 32)",0.1,0.0,0.0,1180129,6,118,2,0.7135376999238385,0.7696709585121603,1,350.4467163085937,350.3088684082031,0.9860671898624438,937.0,783.0,692.3677858353133
Concrete,concrete,mlp,0.12,0.0015,0.05,0.3,20,64,0.0,"(64, 32)",0.1,0.0,0.0,1180130,7,118,2,0.7137281035795887,0.7739628040057225,1,353.2906799316406,353.18145751953125,0.9747075441958356,933.0,822.0,727.9029689462004
Concrete,concrete,mlp,0.12,0.0015,0.05,0.3,20,64,0.0,"(64, 32)",0.1,0.0,0.0,1180131,8,118,2,0.7028750952018279,0.7989985693848355,2,231.03428649902344,231.0038604736328,0.9687559994537006,549.0,499.0,452.7838410850033
Concrete,concrete,mlp,0.12,0.0015,0.05,0.3,20,64,0.0,"(64, 32)",0.1,0.0,0.0,1180132,9,118,2,0.7127760853008378,0.765379113018598,0,230.83929443359372,228.43243408203125,0.9827186216958788,1564.0,701.0,692.5212153256169
Concrete,concrete,mlp,0.12,0.0015,0.05,0.3,20,64,0.0,"(64, 32)",0.1,0.0,0.0,1180133,10,118,2,0.7144897182025894,0.7839771101573677,0,289.091064453125,287.2046203613281,0.9843990082673342,1464.0,765.0,714.4267600723252
Concrete,concrete,mlp,0.12,0.0015,0.05,0.3,20,64,0.0,"(64, 32)",0.1,0.0,0.0,1180134,11,118,2,0.7098248286367098,0.7618025751072961,0,274.3701171875,272.4208374023437,0.9821928085039228,1605.0,863.0,788.357070607678
LSPIN,lspin_tf,mlp,0.2,0.007,0.1,0.5,12,64,0.0,"(64, 32)",0.1,0.0,0.0,350126,3,35,2,0.7275323686214775,0.7954220314735336,3,272.0089416503906,272.0231628417969,0.981957185223494,597.0,581.0,504.1918678378864
LSPIN,lspin_tf,mlp,0.2,0.007,0.1,0.5,12,64,0.0,"(64, 32)",0.1,0.0,0.0,350127,4,35,2,0.705064737242955,0.7510729613733905,1,298.9596252441406,298.98455810546875,0.9877624007857952,703.0,642.0,570.5346534748023
LSPIN,lspin_tf,mlp,0.2,0.007,0.1,0.5,12,64,0.0,"(64, 32)",0.1,0.0,0.0,350128,5,35,2,0.7223914699162224,0.7925608011444921,1,274.99493408203125,274.9922790527344,0.9855637519729616,664.0,551.0,501.7181523792145
LSPIN,lspin_tf,mlp,0.2,0.007,0.1,0.5,12,64,0.0,"(64, 32)",0.1,0.0,0.0,350129,6,35,2,0.7215346534653465,0.765379113018598,2,290.1219177246094,290.16217041015625,0.9847975632570216,669.0,608.0,530.1615577151516
LSPIN,lspin_tf,mlp,0.2,0.007,0.1,0.5,12,64,0.0,"(64, 32)",0.1,0.0,0.0,350130,7,35,2,0.7348629093678599,0.7818311874105865,3,246.25250244140625,246.2509613037109,0.9863579195131712,548.0,530.0,459.0607711608045
LSPIN,lspin_tf,mlp,0.2,0.007,0.1,0.5,12,64,0.0,"(64, 32)",0.1,0.0,0.0,350131,8,35,2,0.700971058644326,0.8140200286123033,2,289.4545593261719,289.4285583496094,0.985702534095014,613.0,564.0,514.2705268972471
LSPIN,lspin_tf,mlp,0.2,0.007,0.1,0.5,12,64,0.0,"(64, 32)",0.1,0.0,0.0,350132,9,35,2,0.7338156892612339,0.776824034334764,3,316.7842712402344,316.7721862792969,0.987861735219077,628.0,590.0,536.1009877824102
LSPIN,lspin_tf,mlp,0.2,0.007,0.1,0.5,12,64,0.0,"(64, 32)",0.1,0.0,0.0,350133,10,35,2,0.7162985529322163,0.8004291845493562,3,337.8993835449219,337.9073486328125,0.983479834981255,674.0,648.0,592.2317000164408
LSPIN,lspin_tf,mlp,0.2,0.007,0.1,0.5,12,64,0.0,"(64, 32)",0.1,0.0,0.0,350134,11,35,2,0.7145849200304646,0.7818311874105865,3,287.4080810546875,287.37066650390625,0.9879564715726132,673.0,630.0,542.4833717197782
Concrete,concrete,mlp,0.12,0.0015,0.0,0.3,20,64,0.0,"(64, 32)",0.1,0.0,0.0,1160126,3,116,2,0.7259139375476009,0.7675250357653791,2,187.79934692382807,187.67567443847656,0.9615981557288756,909.0,503.0,482.4216276422187
Concrete,concrete,mlp,0.12,0.0015,0.0,0.3,20,64,0.0,"(64, 32)",0.1,0.0,0.0,1160127,4,116,2,0.7228674790555979,0.7854077253218884,2,211.50701904296875,211.2857208251953,0.9654164767070968,1204.0,629.0,593.3734885664715
Concrete,concrete,mlp,0.12,0.0015,0.0,0.3,20,64,0.0,"(64, 32)",0.1,0.0,0.0,1160128,5,116,2,0.709920030464585,0.7639484978540773,1,257.3723449707031,256.15057373046875,0.9662435907259384,1499.0,727.0,706.0783005125026
Concrete,concrete,mlp,0.12,0.0015,0.0,0.3,20,64,0.0,"(64, 32)",0.1,0.0,0.0,1160129,6,116,2,0.732006854531607,0.7811158798283262,1,234.64796447753903,233.51351928710935,0.9813551966525196,1322.0,754.0,698.5911628589603
Concrete,concrete,mlp,0.12,0.0015,0.0,0.3,20,64,0.0,"(64, 32)",0.1,0.0,0.0,1160130,7,116,2,0.7108720487433359,0.7575107296137339,0,272.4242858886719,267.2046203613281,0.9906612811484016,2371.0,1051.0,1064.2873527640677
Concrete,concrete,mlp,0.12,0.0015,0.0,0.3,20,64,0.0,"(64, 32)",0.1,0.0,0.0,1160131,8,116,2,0.7268659558263518,0.7668097281831188,2,238.8199462890625,238.62548828125,0.9777510948710264,1060.0,663.0,594.9979360031357
Concrete,concrete,mlp,0.12,0.0015,0.0,0.3,20,64,0.0,"(64, 32)",0.1,0.0,0.0,1160132,9,116,2,0.7388613861386139,0.7918454935622318,2,226.5380859375,226.2818603515625,0.9754442037258768,1109.0,700.0,627.5457393472477
Concrete,concrete,mlp,0.12,0.0015,0.0,0.3,20,64,0.0,"(64, 32)",0.1,0.0,0.0,1160133,10,116,2,0.7186785986290937,0.8204577968526466,1,215.3104553222656,214.270263671875,0.9685454051119738,1335.0,683.0,649.452024625088
Concrete,concrete,mlp,0.12,0.0015,0.0,0.3,20,64,0.0,"(64, 32)",0.1,0.0,0.0,1160134,11,116,2,0.7151561309977151,0.7746781115879828,0,300.4917297363281,293.9768371582031,0.9871567225088954,2625.0,1142.0,1170.8218527400277
L-LSPIN,lspin_tf,linear,0.22,0.014,0.1,0.5,20,64,0.0,(),0.0,0.0,0.0,470126,3,47,2,0.7169649657273419,0.7925608011444921,4,550.0841064453125,550.0926513671875,0.9938558960964592,1115.0,1082.0,921.0357899422864
L-LSPIN,lspin_tf,linear,0.22,0.014,0.1,0.5,20,64,0.0,(),0.0,0.0,0.0,470127,4,47,2,0.7301980198019802,0.7896995708154506,3,423.9100036621094,423.9305114746094,0.9922828728422254,838.0,806.0,721.1778447559409
L-LSPIN,lspin_tf,linear,0.22,0.014,0.1,0.5,20,64,0.0,(),0.0,0.0,0.0,470128,5,47,2,0.6855483625285606,0.7796852646638054,7,387.5460205078125,387.563720703125,0.990522925040343,723.0,707.0,626.6433591173351
L-LSPIN,lspin_tf,linear,0.22,0.014,0.1,0.5,20,64,0.0,(),0.0,0.0,0.0,470129,6,47,2,0.7030654988575781,0.8047210300429185,8,517.4480590820312,517.4478759765625,0.9923313900862364,914.0,893.0,804.6987298861554
L-LSPIN,lspin_tf,linear,0.22,0.014,0.1,0.5,20,64,0.0,(),0.0,0.0,0.0,470130,7,47,2,0.7085872048743336,0.7682403433476395,12,400.5437316894531,400.5328063964844,0.9887834504638816,713.0,705.0,627.6949221951497
L-LSPIN,lspin_tf,linear,0.22,0.014,0.1,0.5,20,64,0.0,(),0.0,0.0,0.0,470131,8,47,2,0.7108720487433359,0.778969957081545,5,474.8138122558594,474.8185424804688,0.991466736120276,917.0,894.0,785.4287972076703
L-LSPIN,lspin_tf,linear,0.22,0.014,0.1,0.5,20,64,0.0,(),0.0,0.0,0.0,470132,9,47,2,0.7392421934501142,0.7732474964234621,1,461.8486328125,461.88031005859375,0.9920939852101264,1025.0,940.0,832.5598966624723
L-LSPIN,lspin_tf,linear,0.22,0.014,0.1,0.5,20,64,0.0,(),0.0,0.0,0.0,470133,10,47,2,0.726961157654227,0.7882689556509299,3,412.88623046875,412.88031005859375,0.9921821044948672,819.0,781.0,690.9892074270609
L-LSPIN,lspin_tf,linear,0.22,0.014,0.1,0.5,20,64,0.0,(),0.0,0.0,0.0,470134,11,47,2,0.704017517136329,0.7553648068669528,6,553.604248046875,553.5907592773438,0.99273850439225,989.0,976.0,867.0189597101142
L-Concrete,concrete,linear,0.15,0.004,0.025,0.3,20,64,0.0,(),0.0,0.0,0.0,1210126,3,121,2,0.7315308453922316,0.7775393419170243,2,472.6059265136719,472.6061706542969,0.9879931561432568,1026.0,903.0,820.2033666156565
L-Concrete,concrete,linear,0.15,0.004,0.025,0.3,20,64,0.0,(),0.0,0.0,0.0,1210127,4,121,2,0.6942117288651942,0.7396280400572246,1,537.322998046875,537.1196899414062,0.991701995050384,1294.0,1082.0,957.2822367391276
L-Concrete,concrete,linear,0.15,0.004,0.025,0.3,20,64,0.0,(),0.0,0.0,0.0,1210128,5,121,2,0.6981150038080731,0.8025751072961373,1,529.9993896484375,529.772216796875,0.9943339694098696,1416.0,1106.0,997.398939839117
L-Concrete,concrete,linear,0.15,0.004,0.025,0.3,20,64,0.0,(),0.0,0.0,0.0,1210129,6,121,2,0.6595582635186595,0.7918454935622318,1,554.8060302734375,554.3474731445312,0.9946627585882531,1373.0,1149.0,1023.4889740098014
L-Concrete,concrete,linear,0.15,0.004,0.025,0.3,20,64,0.0,(),0.0,0.0,0.0,1210130,7,121,2,0.7010662604722011,0.7746781115879828,1,534.91748046875,534.5289306640625,0.9931476296882642,1430.0,1141.0,1009.1936209575985
L-Concrete,concrete,linear,0.15,0.004,0.025,0.3,20,64,0.0,(),0.0,0.0,0.0,1210131,8,121,2,0.7307692307692307,0.7925608011444921,1,550.6885986328125,550.478759765625,0.9939650600168258,1317.0,1109.0,976.8419581056112
L-Concrete,concrete,linear,0.15,0.004,0.025,0.3,20,64,0.0,(),0.0,0.0,0.0,1210132,9,121,2,0.7083015993907082,0.7432045779685265,1,566.0657958984375,565.8262329101562,0.993431488362043,1308.0,1159.0,1008.6433565601388
L-Concrete,concrete,linear,0.15,0.004,0.025,0.3,20,64,0.0,(),0.0,0.0,0.0,1210133,10,121,2,0.6945925361766946,0.7567954220314735,3,524.7560424804688,524.8571166992188,0.991932445535318,1116.0,980.0,880.8235287688454
L-Concrete,concrete,linear,0.15,0.004,0.025,0.3,20,64,0.0,(),0.0,0.0,0.0,1210134,11,121,2,0.7123000761614623,0.7832618025751072,1,521.5443725585938,521.2586669921875,0.9913156967653638,1369.0,1130.0,991.5979874761384
L-LSPIN,lspin_tf,linear,0.2,0.007,0.0,0.5,20,64,0.0,(),0.0,0.0,0.0,760126,3,76,2,0.7032559025133283,0.7932761087267525,40,320.4803161621094,320.49420166015625,0.9822779935781212,553.0,502.0,442.54305050870863
L-LSPIN,lspin_tf,linear,0.2,0.007,0.0,0.5,20,64,0.0,(),0.0,0.0,0.0,760127,4,76,2,0.7309596344249809,0.7875536480686696,31,313.04071044921875,313.0502014160156,0.9815586610555896,545.0,492.0,441.6352495429305
L-LSPIN,lspin_tf,linear,0.2,0.007,0.0,0.5,20,64,0.0,(),0.0,0.0,0.0,760128,5,76,2,0.7017326732673267,0.7575107296137339,6,605.646240234375,605.6602172851562,0.9898684351536404,1247.0,1097.0,974.7554246234318
L-LSPIN,lspin_tf,linear,0.2,0.007,0.0,0.5,20,64,0.0,(),0.0,0.0,0.0,760129,6,76,2,0.6551789794364051,0.776824034334764,12,407.91796875,407.9073486328125,0.9887723518950092,899.0,794.0,679.7213230478179
L-LSPIN,lspin_tf,linear,0.2,0.007,0.0,0.5,20,64,0.0,(),0.0,0.0,0.0,760130,7,76,2,0.6825019040365575,0.7939914163090128,20,394.4414367675781,394.4247131347656,0.9855567061019308,742.0,686.0,598.5652544820871
L-LSPIN,lspin_tf,linear,0.2,0.007,0.0,0.5,20,64,0.0,(),0.0,0.0,0.0,760131,8,76,2,0.6987814166031988,0.7875536480686696,2,625.1520385742188,625.189208984375,0.9959238135872068,1585.0,1258.0,1118.0225099148931
L-LSPIN,lspin_tf,linear,0.2,0.007,0.0,0.5,20,64,0.0,(),0.0,0.0,0.0,760132,9,76,2,0.7184881949733435,0.7854077253218884,7,466.3995056152344,466.436279296875,0.9922204816397554,1171.0,991.0,836.3776387526788
L-LSPIN,lspin_tf,linear,0.2,0.007,0.0,0.5,20,64,0.0,(),0.0,0.0,0.0,760133,10,76,2,0.6596534653465347,0.7825464949928469,24,332.71954345703125,332.729736328125,0.9838593369310078,618.0,562.0,479.4293303882984
L-LSPIN,lspin_tf,linear,0.2,0.007,0.0,0.5,20,64,0.0,(),0.0,0.0,0.0,760134,11,76,2,0.6877380045696877,0.7646638054363376,28,323.0776672363281,323.0540466308594,0.986460748578107,606.0,567.0,478.5283901191282
L-Concrete,concrete,linear,0.12,0.003,0.0,0.3,20,64,0.0,(),0.0,0.0,0.0,1440126,3,144,2,0.7053503427265804,0.7804005722460658,11,378.83929443359375,378.7799377441406,0.988129674441752,1052.0,803.0,707.9430638376302
L-Concrete,concrete,linear,0.12,0.003,0.0,0.3,20,64,0.0,(),0.0,0.0,0.0,1440127,4,144,2,0.7198210205635949,0.7317596566523605,5,515.7371826171875,515.6950073242188,0.9944426572249356,1542.0,1260.0,1077.0967590359226
L-Concrete,concrete,linear,0.12,0.003,0.0,0.3,20,64,0.0,(),0.0,0.0,0.0,1440128,5,144,2,0.6861195734958111,0.7868383404864091,18,281.0679016113281,281.0502014160156,0.9858836415397358,878.0,647.0,544.1197903462037
L-Concrete,concrete,linear,0.12,0.003,0.0,0.3,20,64,0.0,(),0.0,0.0,0.0,1440129,6,144,2,0.6906892612338157,0.821173104434907,16,330.2853698730469,330.1968994140625,0.9838940580385456,919.0,773.0,649.4669639832944
L-Concrete,concrete,linear,0.12,0.003,0.0,0.3,20,64,0.0,(),0.0,0.0,0.0,1440130,7,144,2,0.6872619954303123,0.821173104434907,8,351.8928527832031,351.8764343261719,0.98209026736447,933.0,759.0,650.3537419091399
L-Concrete,concrete,linear,0.12,0.003,0.0,0.3,20,64,0.0,(),0.0,0.0,0.0,1440131,8,144,2,0.7007806549885758,0.8154506437768241,2,577.1387329101562,576.5482788085938,0.993300195184541,1928.0,1438.0,1234.698547438371
L-Concrete,concrete,linear,0.12,0.003,0.0,0.3,20,64,0.0,(),0.0,0.0,0.0,1440132,9,144,2,0.6964013709063214,0.7839771101573677,3,571.66845703125,571.4401245117188,0.9949074172686636,1916.0,1412.0,1232.4714127201971
L-Concrete,concrete,linear,0.12,0.003,0.0,0.3,20,64,0.0,(),0.0,0.0,0.0,1440133,10,144,2,0.6803122619954303,0.7718168812589413,2,538.859375,538.3359375,0.9944858311016584,1917.0,1419.0,1225.1910447030782
L-Concrete,concrete,linear,0.12,0.003,0.0,0.3,20,64,0.0,(),0.0,0.0,0.0,1440134,11,144,2,0.6912604722010662,0.7846924177396281,12,346.9821472167969,346.98455810546875,0.9891901880718296,1035.0,787.0,665.3693961569061
